update,global_step,wall_s,sps,rollout_s,learn_s,level,c,window_n,window_success,episodes,n_success,n_crash_ground,n_crash_platform,n_tilt,n_drift,n_timeout,strict_success,impact_vz_mean,ep_len_mean,reward_mean,r_active_mean,r_active_frac,pg,v,ent,est,kl,clipfrac,grad_norm,kl_first,explained_var,lr,log_std_mean,est_err_blind_0_0,n_blind_0_0,est_err_blind_1_15,n_blind_1_15,est_err_blind_16_60,n_blind_16_60,est_err_blind_61_120,n_blind_61_120,est_err_blind_121_inf,n_blind_121_inf
1,4096,68.6,59.7,35.38,33.19,10,0.125,151,0.033112582781456956,151,5,142,2,2,0,0,3,-3.735466197023981,25.794701986754966,-1.3062355518341064,-0.0963134765625,1.0,-0.0025471147964708507,168.66453313827515,3.67374792098999,4.522784599661827,0.007324773166328668,0.096484375,49.49890842437744,0.0,0.00039970874786376953,0.0003,-0.5009405612945557,5.359714984893799,2204,4.630281925201416,1848,5.914706707000732,44,nan,0,nan,0
2,8192,138.2,58.9,35.64,33.89,10,0.125,322,0.062111801242236024,171,15,147,9,0,0,0,11,-3.6267199700476467,24.093567251461987,-1.3010218143463135,-0.0926390290260315,1.0,-0.003655507555231452,125.14951181411743,3.6697577476501464,3.2272292360663415,0.006060396882821806,0.07646484375,72.92049350738526,0.0,0.0342259407043457,0.0002996929375639713,-0.5021526217460632,2.57362699508667,2244,4.835972785949707,1810,6.124747276306152,42,nan,0,nan,0
3,12288,208.5,58.5,35.71,34.25,10,0.125,498,0.07630522088353414,176,18,149,6,3,0,0,9,-3.7689053110752053,23.301136363636363,-1.2542675733566284,-0.08846333622932434,1.0,-0.0021537463180720806,80.9397798538208,3.6642311334609987,2.2049585953354836,0.0045394083979772406,0.046142578125,80.4175048828125,0.0,0.04678487777709961,0.00029938587512794265,-0.503693699836731,2.557518720626831,2272,4.024794101715088,1809,5.905690670013428,15,nan,0,nan,0
4,16384,279.4,58.2,36.12,34.31,10,0.125,150,0.12666666666666668,164,19,134,10,1,0,0,10,-3.2804653954426555,24.46951219512195,-1.2198948860168457,-0.0859617292881012,1.0,-0.002256920898798853,59.38798105716705,3.656827652454376,2.121704417467117,0.00860628935333807,0.108056640625,73.79313812255859,0.0,0.06456369161605835,0.00029907881269191397,-0.5061038136482239,2.5052506923675537,2284,3.722956657409668,1793,6.842299461364746,19,nan,0,nan,0
5,20480,351.6,57.1,37.46,34.33,10,0.125,320,0.1125,170,17,146,6,1,0,0,9,-3.201132814203842,24.476470588235294,-1.2340736389160156,-0.0885591208934784,1.0,-0.0009363621007651091,40.35470373630524,3.6494606733322144,1.9078798726201058,0.007761307110195048,0.103515625,42.59109637737274,0.0,0.11883574724197388,0.00029877175025588533,-0.5064383149147034,2.4285218715667725,2239,3.9434385299682617,1819,5.327064037322998,38,nan,0,nan,0
6,24576,423.5,57.3,37.1,34.43,10,0.125,490,0.11632653061224489,170,21,141,5,3,0,0,15,-3.477931303377456,24.029411764705884,-1.1978180408477783,-0.08533065021038055,1.0,0.002569624688476324,44.202310502529144,3.650809943675995,1.906160305440426,0.012755242464481852,0.182177734375,20.94836368560791,-5.820766091346741e-11,0.15514051914215088,0.00029846468781985665,-0.5057535171508789,2.622669219970703,2272,3.418534517288208,1738,5.901458740234375,86,nan,0,nan,0
7,28672,496.3,56.8,37.66,34.44,10,0.125,146,0.08904109589041095,168,16,143,7,2,0,0,6,-3.2942596294904978,24.5,-1.2361066341400146,-0.08134429156780243,1.0,0.003220208385027945,33.30126407146454,3.649948751926422,1.6547714948654175,0.012209490974782966,0.1646484375,17.399287986755372,0.0,0.3382670283317566,0.000298157625383828,-0.507794976234436,2.6665701866149902,2235,3.0972557067871094,1808,3.8102831840515137,53,nan,0,nan,0
8,32768,568.1,57.5,36.77,34.52,10,0.125,323,0.12074303405572756,177,26,141,8,2,0,0,13,-3.4040280934540323,23.316384180790962,-1.1634726524353027,-0.0774291455745697,1.0,4.159733653068543e-05,38.23921579122543,3.639959526062012,1.530528536438942,0.011463061155518517,0.163916015625,17.546384835243224,0.0,0.392544150352478,0.00029785056294779933,-0.5104588270187378,2.3486037254333496,2327,3.0540237426757812,1720,5.227250099182129,49,nan,0,nan,0
9,36864,640.4,57.0,37.4,34.5,10,0.125,488,0.125,165,22,135,7,1,0,0,10,-3.2273256383129647,24.393939393939394,-1.1692311763763428,-0.0793883204460144,1.0,0.003720314078964293,32.26662113666534,3.6312401056289674,1.5500682502985001,0.01867681266157888,0.23974609375,15.897329771518708,0.0,0.4354897141456604,0.0002975435005117707,-0.5114860534667969,2.377086639404297,2254,3.0859129428863525,1764,3.9707274436950684,78,nan,0,nan,0
10,40960,712.4,57.3,37.06,34.47,10,0.125,146,0.14383561643835616,170,22,135,10,3,0,0,13,-3.691213522033752,23.876470588235293,-1.1768012046813965,-0.07797732949256897,1.0,-0.0025768456049263476,32.94835943579674,3.6260341882705687,1.3696048609912395,0.010650000188616105,0.14658203125,11.535525012016297,0.0,0.4271475076675415,0.000297236438075742,-0.5137643814086914,2.394371271133423,2207,2.8916015625,1818,3.9306228160858154,71,nan,0,nan,0
11,45056,784.8,56.9,37.46,34.52,10,0.125,319,0.1536050156739812,173,28,137,7,1,0,0,13,-3.391166241769633,23.971098265895954,-1.1243376731872559,-0.0775427520275116,1.0,-0.001834207633510232,35.01645342111588,3.6148026466369627,1.3108427487313747,0.007681702362606302,0.0953125,13.794035875797272,0.0,0.4311731457710266,0.0002969293756397134,-0.5169514417648315,2.2232401371002197,2311,3.0503172874450684,1745,4.271991729736328,40,nan,0,nan,0
12,49152,857.0,57.1,37.28,34.47,10,0.125,490,0.1469387755102041,171,23,139,8,1,0,0,13,-3.651958976345731,24.099415204678362,-1.1382672786712646,-0.07666541635990143,1.0,-0.0034728461410850286,31.230199080705642,3.6043935656547545,1.3217204809188843,0.008921795286005363,0.123876953125,9.118676078319549,0.0,0.43422770500183105,0.0002966223132036847,-0.518799901008606,2.226515293121338,2304,3.1349730491638184,1764,4.858079433441162,28,nan,0,nan,0
13,53248,929.4,56.9,37.48,34.48,10,0.125,155,0.14838709677419354,177,27,135,10,5,0,0,18,-3.63752411005631,23.293785310734464,-1.1394202709197998,-0.07821749150753021,1.0,-0.0027623664354905486,33.84010293483734,3.5997586488723754,1.322904507815838,0.008467970718629658,0.117578125,8.829913544654847,0.0,0.4424123764038086,0.00029631525076765606,-0.5187792778015137,2.25274658203125,2352,3.205691337585449,1717,4.185684680938721,27,nan,0,nan,0
14,57344,1001.7,57.1,37.33,34.42,10,0.125,335,0.14626865671641792,180,26,146,4,4,0,0,18,-3.819354347709608,22.477777777777778,-1.138364553451538,-0.07336302846670151,1.0,-0.0013350739609450102,34.044524770975116,3.598519194126129,1.2330081090331078,0.01203688456735108,0.162890625,11.576347303390502,0.0,0.40495729446411133,0.00029600818833162737,-0.5201537013053894,2.2040607929229736,2271,2.7742152214050293,1798,4.06002950668335,27,nan,0,nan,0
15,61440,1074.5,56.6,37.94,34.46,10,0.125,6,0.3333333333333333,183,33,130,15,5,0,0,21,-3.848203334204133,22.46448087431694,-1.0969719886779785,-0.07392876595258713,1.0,-0.0006722397869452834,38.256348729133606,3.592279052734375,1.2033703200519086,0.005857321980874986,0.073486328125,16.102000212669374,0.0,0.37321656942367554,0.00029570112589559874,-0.521521806716919,2.2710354328155518,2434,2.7268288135528564,1635,3.2052786350250244,27,nan,0,nan,0
16,65536,1147.5,56.5,38.03,34.45,10,0.125,186,0.16129032258064516,180,28,137,11,4,0,0,13,-3.573241135914863,22.9,-1.097470760345459,-0.07252763956785202,1.0,-0.0031820850213989615,33.347399461269376,3.5894466638565063,1.1418018504977225,0.00659649075823836,0.08466796875,11.757593679428101,0.0,0.3815021514892578,0.00029539406345957005,-0.5217251777648926,2.219041109085083,2389,2.665407180786133,1681,3.3082046508789062,26,nan,0,nan,0
17,69632,1219.9,56.9,37.54,34.46,10,0.125,373,0.18230563002680966,187,38,139,8,2,0,0,24,-3.8905164920059283,21.754010695187166,-1.056403398513794,-0.06931567192077637,1.0,-0.001540672406554222,39.32589731216431,3.587322771549225,1.1487570621073246,0.00782906571694184,0.10390625,12.192185032367707,0.0,0.3364766240119934,0.0002950870010235414,-0.5227227210998535,2.1085190773010254,2422,2.715994358062744,1655,3.0410633087158203,19,nan,0,nan,0
18,73728,1292.5,56.8,37.72,34.46,10,0.125,40,0.2,179,30,132,14,3,0,0,22,-3.9648386836677627,22.564245810055866,-1.0608758926391602,-0.07018083333969116,1.0,-0.00043800007551908493,35.78837217092514,3.581043016910553,1.0916057966649533,0.00946903984877281,0.129248046875,11.88392424583435,0.0,0.3245087265968323,0.00029477993858751273,-0.5248724818229675,2.0809433460235596,2441,2.69138240814209,1625,2.6487624645233154,30,nan,0,nan,0
19,77824,1365.5,56.5,37.99,34.47,10,0.125,233,0.1888412017167382,193,36,148,5,4,0,0,15,-4.092923328081286,21.507772020725387,-1.070574402809143,-0.07014141231775284,0.9997437596321106,0.001090804091654718,35.10508880019188,3.574596130847931,1.0534058526158332,0.01156060871144291,0.15390625,8.610400676727295,0.0,0.34611082077026367,0.0002944728761514841,-0.5254092216491699,1.9623782634735107,2415,2.837376832962036,1668,2.9407618045806885,13,nan,0,nan,0
20,81920,1438.2,56.6,37.83,34.48,10,0.125,427,0.1920374707259953,194,38,145,5,6,0,0,20,-4.044044842189573,21.515463917525775,-1.0576618909835815,-0.06766757369041443,1.0,0.0008974150754511356,39.39245907068253,3.572825586795807,1.0619176782667636,0.01282154088257812,0.16142578125,9.336652207374573,0.0,0.29147952795028687,0.00029416581371545546,-0.5265187621116638,2.087000846862793,2450,2.6248667240142822,1635,5.656793117523193,11,nan,0,nan,0
21,86016,1510.9,56.7,37.81,34.49,10,0.125,101,0.18811881188118812,186,40,131,9,6,0,0,27,-3.99013057316441,21.473118279569892,-1.0331780910491943,-0.06781244277954102,0.9997442364692688,0.0014848344377242028,38.459361827373506,3.5668418169021607,1.031346359848976,0.009681870063650422,0.121484375,10.632523846626281,0.0,0.3196282982826233,0.0002938587512794268,-0.5278384685516357,2.046541929244995,2547,2.6188793182373047,1534,3.2613017559051514,15,nan,0,nan,0
22,90112,1583.7,56.6,37.92,34.45,10,0.125,295,0.1864406779661017,194,36,140,10,8,0,0,21,-3.940150073033644,21.432989690721648,-1.0595115423202515,-0.07180548459291458,1.0,0.0009064220590516925,35.23153795003891,3.565488815307617,1.0543204605579377,0.010263839058461599,0.13310546875,12.410718512535095,-5.820766091346741e-11,0.30588316917419434,0.00029355168884339814,-0.5269415378570557,2.047718048095703,2389,2.926335096359253,1688,3.2175333499908447,19,nan,0,nan,0
23,94208,1656.4,56.7,37.81,34.49,10,0.125,494,0.17813765182186234,199,33,145,9,12,0,0,16,-4.0335748449273,20.733668341708544,-1.0900423526763916,-0.06428924947977066,1.0,0.0013315099291503429,32.84414290785789,3.5675357818603515,0.9568826578557491,0.010333067027386279,0.131591796875,10.431473207473754,0.0,0.3300010561943054,0.0002932446264073695,-0.5274672508239746,1.9508087635040283,2411,2.5036728382110596,1671,2.384611129760742,14,nan,0,nan,0
24,98304,1729.0,56.8,37.65,34.48,10,0.125,166,0.18674698795180722,184,33,134,10,7,0,0,19,-4.227464876542957,21.695652173913043,-1.021681785583496,-0.06265535205602646,1.0,-0.0004006622126325965,33.57526800632477,3.5626134634017945,0.8813056088984013,0.009929773648036645,0.12890625,11.112232899665832,-5.820766091346741e-11,0.3348262310028076,0.0002929375639713408,-0.5295386910438538,2.0217204093933105,2496,2.1778135299682617,1587,3.0318706035614014,13,nan,0,nan,0
25,102400,1801.7,56.7,37.82,34.45,10,0.125,356,0.1853932584269663,190,35,135,12,8,0,0,22,-3.802751724299167,21.894736842105264,-1.036923885345459,-0.05943490192294121,1.0,-0.0030374965979717674,34.24964715242386,3.5530004024505617,0.8370032131671905,0.010822562454268336,0.144091796875,10.546657383441925,0.0,0.3230094313621521,0.0002926305015353122,-0.5318946838378906,1.839094638824463,2464,2.277331590652466,1610,4.229901313781738,22,nan,0,nan,0
26,106496,1874.1,56.9,37.5,34.45,10,0.125,36,0.1111111111111111,192,34,142,6,10,0,0,17,-4.35228552563148,21.442708333333332,-1.0402281284332275,-0.05700980871915817,1.0,0.0013935670023784042,34.998813009262086,3.544690465927124,0.7824867401272059,0.010413904351298697,0.13095703125,15.988929677009583,0.0,0.29280608892440796,0.0002923234390992835,-0.5336813926696777,1.6345022916793823,2329,2.4199318885803223,1751,4.987679481506348,16,nan,0,nan,0
27,110592,1947.2,56.4,38.09,34.51,10,0.125,234,0.2094017094017094,198,45,130,10,13,0,0,23,-4.306626724250091,20.681818181818183,-0.9677137732505798,-0.04811682179570198,1.0,0.0003043317003175616,42.01116777658463,3.5392083644866945,0.6030959147959948,0.00920668051985558,0.116650390625,15.604074394702911,0.0,0.26877129077911377,0.00029201637666325487,-0.5344870686531067,1.5159533023834229,2529,1.8992252349853516,1550,3.6957716941833496,17,nan,0,nan,0
28,114688,2019.5,56.9,37.42,34.51,10,0.125,433,0.21709006928406466,199,45,127,10,17,0,0,29,-3.900768343248493,20.582914572864322,-0.9801429510116577,-0.046552613377571106,0.9997434020042419,0.00285152371507138,40.20676140785217,3.5357149839401245,0.5437994264066219,0.013752922241110355,0.169287109375,11.929168939590454,0.0,0.2389507293701172,0.0002917093142272262,-0.5357649326324463,1.5184047222137451,2470,1.8403269052505493,1606,2.8662221431732178,20,nan,0,nan,0
29,118784,2092.5,56.5,38.09,34.44,10,0.125,118,0.211864406779661,197,50,116,12,19,0,0,36,-4.207178834379703,20.771573604060915,-0.9543490409851074,-0.04052279144525528,0.9997435212135315,0.0019205300020985305,43.34441509246826,3.528460991382599,0.5429089985787868,0.01652141578379087,0.197998046875,14.413818645477296,0.0,0.25228452682495117,0.00029140225179119755,-0.53791743516922,1.273173451423645,2501,1.8334633111953735,1569,2.272915840148926,26,nan,0,nan,0
30,122880,2165.4,56.6,37.85,34.51,10,0.125,311,0.21864951768488747,193,43,122,13,15,0,0,28,-4.330541327563622,21.036269430051814,-0.9653613567352295,-0.038482632488012314,0.9997437596321106,-0.0037854958325624468,40.46723643541336,3.521629476547241,0.45075068026781084,0.009869022684870287,0.130224609375,12.860327792167663,0.0,0.220586359500885,0.00029109518935516886,-0.5392853021621704,1.2170531749725342,2366,1.6267884969711304,1705,2.847897529602051,25,nan,0,nan,0
31,126976,2238.7,56.2,38.37,34.48,10,0.125,9,0.1111111111111111,210,45,131,13,21,0,0,28,-3.923949230552905,19.79047619047619,-0.9851225018501282,-0.037344299256801605,1.0,-0.0016895693726837635,39.610725784301756,3.5152501344680784,0.4356801796704531,0.010389855253743007,0.138134765625,10.4218031167984,-5.820766091346741e-11,0.2245422601699829,0.00029078812691914023,-0.5411236882209778,1.1504340171813965,2345,1.6859376430511475,1746,1.5517159700393677,5,nan,0,nan,0
32,131072,2311.1,56.9,37.48,34.47,10,0.125,205,0.24878048780487805,196,50,119,15,12,0,0,25,-3.91636662912767,20.775510204081634,-0.9447454810142517,-0.030843283981084824,0.9997435808181763,0.004556168150156736,43.3659052491188,3.508609938621521,0.39208701699972154,0.023159647182910702,0.2662109375,13.301365697383881,-5.820766091346741e-11,0.21138864755630493,0.00029048106448311154,-0.542263925075531,1.058910846710205,2344,1.406785011291504,1733,1.6350945234298706,19,nan,0,nan,0
33,135168,2383.6,56.8,37.56,34.52,10,0.125,395,0.23291139240506328,190,41,123,11,15,0,0,19,-4.088969712491571,21.66842105263158,-0.9699416160583496,-0.03765147179365158,0.9994879961013794,0.00314103199634701,38.560229134559634,3.504793679714203,0.44356103874742986,0.019591074596974067,0.226123046875,14.540293455123901,0.0,0.233525812625885,0.0002901740020470829,-0.5435085296630859,1.2166478633880615,2305,1.6308075189590454,1778,2.6684279441833496,13,nan,0,nan,0
34,139264,2455.8,57.1,37.32,34.47,10,0.125,77,0.2857142857142857,194,53,109,18,14,0,0,33,-3.9339563278506318,21.067010309278352,-0.8964630365371704,-0.031245345249772072,1.0,-0.00446631358936429,44.694598007202146,3.4988159060478212,0.3645670680329204,0.010713527508778497,0.14130859375,14.394585490226746,0.0,0.23594993352890015,0.0002898669396110542,-0.544998288154602,1.015010118484497,2288,1.4857581853866577,1789,2.266305923461914,19,nan,0,nan,0
35,143360,2528.6,56.7,37.79,34.48,10,0.125,272,0.27941176470588236,195,54,109,18,14,0,0,31,-3.9225991551675503,20.74871794871795,-0.8881642818450928,-0.02889460138976574,0.99871826171875,0.00343328220769763,42.041684532165526,3.4923998594284056,0.3592745799571276,0.018433995154919103,0.219970703125,11.080337250232697,0.0,0.21294867992401123,0.0002895598771750256,-0.5468404293060303,0.9231247901916504,2327,1.5101388692855835,1761,2.643495798110962,8,nan,0,nan,0
36,147456,2601.4,56.6,37.88,34.51,10,0.125,476,0.25840336134453784,204,47,123,13,21,0,0,28,-4.219515071291351,20.41176470588235,-0.9515159130096436,-0.029638007283210754,0.9994861483573914,0.0010190857283305377,41.449919855594636,3.4859827041625975,0.3372798800468445,0.011520714571815915,0.140869140625,10.997151112556457,0.0,0.17598652839660645,0.0002892528147389969,-0.5479297637939453,0.9564641714096069,2278,1.4584381580352783,1798,2.6250813007354736,20,nan,0,nan,0
37,151552,2674.0,56.8,37.63,34.53,10,0.125,169,0.22485207100591717,205,46,115,17,27,0,0,29,-4.1777931490627545,19.878048780487806,-0.9462542533874512,-0.032188475131988525,0.9992290139198303,0.002968470496125519,39.245691287517545,3.4814406752586367,0.3624055178835988,0.019302886340301483,0.22353515625,12.040856051445008,-5.820766091346741e-11,0.2039194107055664,0.00028894575230296827,-0.5494719743728638,0.9445891380310059,2240,1.5681283473968506,1825,3.1509780883789062,31,nan,0,nan,0
38,155648,2746.5,56.8,37.65,34.47,10,0.125,364,0.26373626373626374,195,58,117,11,9,0,0,33,-4.12770378616024,20.784615384615385,-0.8742547035217285,-0.029420282691717148,0.99871826171875,0.004086279671173543,48.29679708480835,3.473147177696228,0.3371480042114854,0.0186041815119097,0.213232421875,12.012721753120422,0.0,0.17714738845825195,0.0002886386898669396,-0.5519869327545166,0.8831437826156616,2260,1.5015429258346558,1821,1.800208568572998,15,nan,0,nan,0
39,159744,2819.4,56.5,37.96,34.5,10,0.125,48,0.2708333333333333,196,52,119,10,15,0,0,33,-4.383980710212949,20.821428571428573,-0.9071733355522156,-0.02822704426944256,0.9982051253318787,-0.00308247955981642,46.58992781639099,3.4634918093681337,0.32588423788547516,0.014576917875092476,0.18603515625,13.417316341400147,0.0,0.1656697392463684,0.00028833162743091095,-0.5541797876358032,0.8902904391288757,2287,1.4355878829956055,1790,2.6066734790802,19,nan,0,nan,0
40,163840,2892.4,56.5,38.01,34.52,10,0.125,251,0.2749003984063745,203,56,113,13,21,0,0,34,-4.177992940895187,20.236453201970445,-0.8845142126083374,-0.026161840185523033,0.9979450106620789,-0.004974868008866906,44.23833930492401,3.453904163837433,0.300097419321537,0.010586248384788633,0.132470703125,9.622815012931824,0.0,0.2077338695526123,0.00028802456499488227,-0.5570405721664429,0.8661881685256958,2367,1.407929539680481,1718,2.6304705142974854,11,nan,0,nan,0
41,167936,2965.3,56.5,38.01,34.45,10,0.125,454,0.2907488986784141,203,63,114,13,13,0,0,34,-4.328385145718538,20.216748768472907,-0.839034914970398,-0.024424714967608452,0.9971744418144226,0.005481621343642473,49.217773246765134,3.442812669277191,0.28008485604077576,0.01780845216708258,0.215625,13.770003521442414,0.0,0.15289407968521118,0.00028771750255885363,-0.55893874168396,0.79707932472229,2318,1.283058524131775,1769,2.309781551361084,9,nan,0,nan,0
42,172032,3038.2,56.5,37.92,34.52,10,0.125,142,0.2605633802816901,200,48,121,15,16,0,0,28,-4.115021177273236,20.62,-0.9303849935531616,-0.023864973336458206,0.9974332451820374,0.00013423983473330735,41.352162504196166,3.4371885657310486,0.2826519053429365,0.014968599786516278,0.179052734375,10.679387927055359,-1.1641532182693481e-10,0.1648629903793335,0.00028741044012282495,-0.5608791708946228,0.7582066059112549,2300,1.3205347061157227,1785,2.498159408569336,11,nan,0,nan,0
43,176128,3111.6,56.2,38.46,34.48,10,0.125,340,0.27941176470588236,198,58,107,19,14,0,0,36,-4.317653745032923,20.494949494949495,-0.8508585095405579,-0.020098868757486343,0.9989738464355469,-0.0017689005238935352,45.16765146255493,3.428253102302551,0.20798039399087428,0.01556698391214013,0.18759765625,12.603546953201294,0.0,0.16958022117614746,0.0002871033776867963,-0.5626776218414307,0.7391460537910461,2481,1.1184444427490234,1605,2.02009916305542,10,nan,0,nan,0
44,180224,3184.7,56.3,38.21,34.49,10,0.125,30,0.16666666666666666,202,50,119,22,11,0,0,30,-4.388610764647679,20.39108910891089,-0.8810369372367859,-0.021022144705057144,0.9964047074317932,-0.0012188625987619162,41.15133283138275,3.4228757500648497,0.2237737724557519,0.014774788808426819,0.1810546875,10.35127239227295,0.0,0.15534889698028564,0.0002867963152507676,-0.5638343095779419,0.7439538240432739,2462,1.195853352546692,1625,2.10007905960083,9,nan,0,nan,0
45,184320,3257.8,56.3,38.2,34.51,10,0.125,239,0.22594142259414227,209,49,120,23,17,0,0,28,-4.241873474322472,19.617224880382775,-0.9198538064956665,-0.021223479881882668,0.9971700310707092,-0.004760301322676241,38.535922980308534,3.4177587389945985,0.23713174983859062,0.012690669830772095,0.15693359375,8.019169652462006,0.0,0.17217683792114258,0.000286489252814739,-0.5653680562973022,0.6906485557556152,2450,1.2168666124343872,1618,2.6608312129974365,28,nan,0,nan,0
46,188416,3331.2,56.2,38.43,34.49,10,0.125,447,0.2080536912751678,208,39,123,21,25,0,0,25,-4.300329819870473,19.735576923076923,-0.9790295362472534,-0.021895363926887512,0.9958847761154175,-0.0005399008048698306,35.34210395812988,3.413186240196228,0.24831415563821793,0.016900649506715125,0.21064453125,12.856733131408692,0.0,0.184955894947052,0.0002861821903787103,-0.5659088492393494,0.7451784014701843,2384,1.2278141975402832,1702,1.4097827672958374,10,nan,0,nan,0
47,192512,3404.0,56.6,37.83,34.49,10,0.125,135,0.32592592592592595,200,63,103,9,25,0,0,44,-4.104847837836731,20.375,-0.8208965063095093,-0.019933290779590607,0.9935831427574158,-0.00026116135995835066,48.258350467681886,3.411056196689606,0.20591316148638725,0.012713821112993174,0.16396484375,15.894637179374694,0.0,0.18614566326141357,0.0002858751279426817,-0.5664682388305664,0.7338648438453674,2478,1.1501120328903198,1607,1.7024478912353516,11,nan,0,nan,0
48,196608,3477.0,56.5,38.07,34.48,10,0.125,345,0.30434782608695654,210,61,108,14,27,0,0,37,-4.333058220063538,19.514285714285716,-0.8476072549819946,-0.021622737869620323,0.9961400032043457,0.00019146855920553206,44.38844168186188,3.4065843343734743,0.23537527695298194,0.014539657122804783,0.187548828125,7.803790509700775,-5.820766091346741e-11,0.16657966375350952,0.000285568065506653,-0.568753719329834,0.7167511582374573,2372,1.2053356170654297,1708,2.0911636352539062,16,nan,0,nan,0
49,200704,3550.6,56.0,38.64,34.5,10,0.125,37,0.35135135135135137,204,66,109,12,17,0,0,38,-4.392017332532944,20.112745098039216,-0.811096727848053,-0.023910267278552055,0.997687578201294,0.0005761838983744383,45.99633870124817,3.397617423534393,0.23389885779470204,0.017911037401063368,0.2185546875,9.493540239334106,-5.820766091346741e-11,0.1726779341697693,0.00028526100307062435,-0.5700247883796692,0.767278254032135,2481,1.3364564180374146,1612,2.9218952655792236,3,nan,0,nan,0
50,204800,3623.7,56.4,38.18,34.5,10,0.125,242,0.2603305785123967,205,50,121,16,18,0,0,27,-4.361889075137025,20.258536585365853,-0.8921871781349182,-0.020775865763425827,0.996658980846405,-0.004333237884566188,40.776424980163576,3.3941641569137575,0.21602750159800052,0.0168829606147483,0.20654296875,10.751897406578063,-5.820766091346741e-11,0.15769106149673462,0.00028495394063459567,-0.5711856484413147,0.7233107686042786,2386,1.191024661064148,1697,1.6838862895965576,13,nan,0,nan,0
51,208896,3697.1,56.2,38.3,34.52,10,0.125,451,0.2860310421286031,209,66,109,12,22,0,0,48,-4.1060287592562705,19.39712918660287,-0.8230079412460327,-0.017550388351082802,0.9958837032318115,0.006020887661725283,46.945492243766786,3.3862518668174744,0.21107517834752798,0.024514478171477096,0.265576171875,8.404315519332886,-1.1641532182693481e-10,0.16676920652389526,0.00028464687819856703,-0.5737133026123047,0.6209350228309631,2418,1.0608839988708496,1670,1.6755099296569824,8,nan,0,nan,0
52,212992,3770.2,56.4,38.17,34.51,10,0.125,145,0.3103448275862069,206,56,112,17,21,0,0,37,-4.295759345255067,19.78640776699029,-0.8782299160957336,-0.019932813942432404,0.9953727722167969,-0.0013353266287595034,45.545691919326785,3.376998686790466,0.21531017133966088,0.019492098869523033,0.22333984375,10.96540983915329,0.0,0.1356831192970276,0.00028433981576253835,-0.5756841897964478,0.6616078615188599,2412,1.1684491634368896,1671,3.081817388534546,13,nan,0,nan,0
53,217088,3843.6,56.2,38.43,34.47,10,0.125,350,0.3028571428571429,205,61,105,19,20,0,0,41,-4.266444268491377,19.87317073170732,-0.8084497451782227,-0.018732737749814987,0.9940889477729797,0.0027107771020382643,44.13831830024719,3.368764328956604,0.20883531225845217,0.01766901573864743,0.2224609375,8.416850459575652,0.0,0.1487615704536438,0.0002840327533265097,-0.5781323313713074,0.6561115384101868,2491,1.1781669855117798,1601,3.0236968994140625,4,nan,0,nan,0
54,221184,3916.8,56.3,38.31,34.48,10,0.125,44,0.36363636363636365,206,61,106,21,18,0,0,35,-4.402419361099206,19.781553398058254,-0.8029323220252991,-0.016221484169363976,0.990745484828949,-0.005130937020294368,44.27105679512024,3.3571248054504395,0.16206393195316196,0.012352962678414769,0.16083984375,7.397736692428589,0.0,0.12805432081222534,0.000283725690890481,-0.5817795991897583,0.612338125705719,2460,0.9867476224899292,1633,2.4534823894500732,3,nan,0,nan,0
55,225280,3990.1,56.2,38.35,34.48,10,0.125,268,0.30970149253731344,224,67,104,27,26,0,0,42,-4.22866631939938,18.633928571428573,-0.82232266664505,-0.01650328002870083,0.9935433864593506,-0.008475678437389434,47.17405741214752,3.3401567101478578,0.18136819247156383,0.010798243712633849,0.139111328125,9.789779996871948,-5.820766091346741e-11,0.14488017559051514,0.0002834186284544524,-0.5860073566436768,0.5910588502883911,2385,1.0546717643737793,1707,3.446181535720825,4,nan,0,nan,0
56,229376,4063.1,56.4,38.11,34.52,10,0.125,477,0.31236897274633124,209,66,99,18,26,0,0,49,-4.373088774698657,19.42105263157895,-0.792161762714386,-0.01626313291490078,0.9938255548477173,-0.0032600189326331018,47.090767455101016,3.3259658813476562,0.17835027873516082,0.013815904842340387,0.17353515625,10.52807937860489,0.0,0.14085286855697632,0.0002831115660184237,-0.5889925956726074,0.5997729301452637,2465,1.0129783153533936,1620,3.193566083908081,11,nan,0,nan,0
57,233472,4136.8,56.0,38.72,34.47,10,0.125,181,0.3314917127071823,216,69,98,25,24,0,0,45,-3.991787208247022,19.087962962962962,-0.8138484954833984,-0.016497861593961716,0.9914948344230652,-0.006947875511832536,45.04669353961945,3.3164674401283265,0.18199270041659474,0.01375007804890629,0.1865234375,9.42007248401642,-5.820766091346741e-11,0.15420407056808472,0.0002828045035823951,-0.5906854867935181,0.5606603026390076,2436,1.0437583923339844,1659,1.2880433797836304,1,nan,0,nan,0
58,237568,4210.1,56.2,38.3,34.53,10,0.125,392,0.33418367346938777,211,71,99,25,16,0,0,41,-4.373570878268025,19.355450236966824,-0.7515295743942261,-0.014583712443709373,0.9915058016777039,-0.0008286961587145924,46.15341696739197,3.308733594417572,0.15249768542125822,0.016255073627689853,0.194189453125,9.253653156757355,-5.820766091346741e-11,0.12996506690979004,0.0002824974411463664,-0.5934726595878601,0.542489767074585,2349,0.9600139856338501,1747,nan,0,nan,0,nan,0
59,241664,4283.6,56.1,38.56,34.49,10,0.125,98,0.2857142857142857,218,62,101,17,38,0,0,41,-4.292368136586719,18.96788990825688,-0.820834755897522,-0.015203764662146568,0.9902011156082153,-0.005192382243694738,42.73865003585816,3.2980783104896547,0.16288880147039891,0.016753424660419115,0.206298828125,7.971213829517365,-1.1641532182693481e-10,0.14690494537353516,0.00028219037871033775,-0.5950213670730591,0.5709612369537354,2333,0.9516974687576294,1760,1.7353435754776,3,nan,0,nan,0
60,245760,4357.1,56.1,38.5,34.54,10,0.125,304,0.33223684210526316,206,73,91,26,16,0,0,48,-4.220028868301634,19.74757281553398,-0.7221431732177734,-0.01648198999464512,0.9946015477180481,-0.0019812660524621607,47.0822815656662,3.2922351360321045,0.18273737104609608,0.01927792923816014,0.217529296875,9.706840193271637,-1.1641532182693481e-10,0.16555052995681763,0.00028188331627430907,-0.5970818400382996,0.61925208568573,2420,1.0068787336349487,1670,2.7065627574920654,6,nan,0,nan,0
61,249856,4430.1,56.5,37.95,34.53,10,0.125,510,0.3509803921568627,206,78,96,14,18,0,0,52,-4.288836897407284,19.74757281553398,-0.7122970819473267,-0.014674993231892586,0.9946015477180481,-0.0043295701965689656,48.24073348045349,3.284638154506683,0.14882364626973868,0.014905840755091049,0.188525390625,7.552093076705932,0.0,0.1660436987876892,0.00028157625383828043,-0.5983439087867737,0.5541980266571045,2504,0.9425016641616821,1588,1.900527834892273,4,nan,0,nan,0
62,253952,4502.6,56.8,37.58,34.49,10,0.125,202,0.3465346534653465,204,71,100,9,24,0,0,47,-4.285297781443542,19.931372549019606,-0.7418270707130432,-0.015807559713721275,0.9938334822654724,-0.002839373075403273,45.1209034204483,3.2796529650688173,0.1634709387086332,0.01619973483902868,0.18779296875,6.440456688404083,-1.1641532182693481e-10,0.169256329536438,0.0002812691914022518,-0.5999917387962341,0.541038990020752,2367,0.9830543994903564,1724,1.1868042945861816,5,nan,0,nan,0
63,258048,4576.3,55.9,38.78,34.51,10,0.125,413,0.3389830508474576,211,70,100,16,25,0,0,47,-4.0697292078001475,19.597156398104264,-0.754257082939148,-0.016399458050727844,0.991763174533844,0.0023983816150575875,45.65793936252594,3.2738744020462036,0.18085587909445167,0.022801315036485904,0.256201171875,9.385989308357239,-5.820766091346741e-11,0.16072124242782593,0.0002809621289662231,-0.6008155345916748,0.5755828022956848,2381,1.0181519985198975,1711,2.5750110149383545,4,nan,0,nan,0
64,262144,4649.9,56.0,38.64,34.5,10,0.125,103,0.36893203883495146,202,74,103,10,15,0,0,48,-4.345277392752193,20.019801980198018,-0.7185074687004089,-0.014646909199655056,0.9928094744682312,-0.00040360309649258854,48.265916514396665,3.2651049852371217,0.14859403762966394,0.021085868708905765,0.24716796875,6.873029804229736,-1.7462298274040222e-10,0.15870064496994019,0.0002806550665301945,-0.6051993370056152,0.5086542963981628,2322,0.9189108610153198,1771,1.1660270690917969,3,nan,0,nan,0
65,266240,4722.9,56.4,38.09,34.51,10,0.125,319,0.335423197492163,216,69,102,12,33,0,0,48,-4.315299515275227,19.12962962962963,-0.7730560302734375,-0.015552060678601265,0.9943298697471619,-0.0017714894376695157,48.527536392211914,3.247004759311676,0.16825493685901166,0.018173141343868337,0.219921875,7.893035793304444,-2.9103830456733704e-10,0.14417392015457153,0.0002803480040941658,-0.6091165542602539,0.5216368436813354,2343,1.003623366355896,1739,2.0816245079040527,14,nan,0,nan,0
66,270336,4796.4,56.1,38.48,34.57,10,0.125,25,0.36,218,71,109,10,28,0,0,44,-4.128432394344084,19.009174311926607,-0.7732920050621033,-0.014788657426834106,0.9930376410484314,-0.007132345996797085,48.01776263713837,3.2344188332557677,0.16226075356826186,0.012830241705523803,0.1689453125,9.260676503181458,0.0,0.15389549732208252,0.00028004094165813716,-0.6116464734077454,0.5311200618743896,2227,0.9697784781455994,1867,1.393303632736206,2,nan,0,nan,0
67,274432,4869.7,56.2,38.34,34.56,10,0.125,236,0.3855932203389831,211,82,90,18,21,0,0,55,-4.333605776668474,19.308056872037916,-0.6942467093467712,-0.016826625913381577,0.9961389899253845,-0.0023988896980881693,50.41007297039032,3.225023019313812,0.17435843823477626,0.018845388042973355,0.2275390625,11.93196405172348,0.0,0.18118906021118164,0.0002797338792221085,-0.6137251853942871,0.63401198387146,2344,1.0228829383850098,1739,1.367213487625122,13,nan,0,nan,0
68,278528,4943.1,56.2,38.43,34.48,10,0.125,445,0.3775280898876405,209,77,101,13,18,0,0,47,-4.069588263464455,19.411483253588518,-0.6979318857192993,-0.014103010296821594,0.9886802434921265,-0.005062770773656666,49.95459589958191,3.2164686799049376,0.14589089015498757,0.014800647593801841,0.188916015625,9.596624267101287,-1.1641532182693481e-10,0.1515110731124878,0.00027942681678607984,-0.6160602569580078,0.5318058729171753,2260,0.8837793469429016,1832,1.7341506481170654,4,nan,0,nan,0
69,282624,5016.2,56.4,38.04,34.55,10,0.125,146,0.3219178082191781,213,72,102,12,27,0,0,49,-4.1859008174221675,19.333333333333332,-0.7229180932044983,-0.014176223427057266,0.9842904806137085,-0.009095121920108796,45.79195971488953,3.2066611289978026,0.14840181805193425,0.01590601997449994,0.196923828125,6.919923615455628,-1.7462298274040222e-10,0.16126424074172974,0.00027911975435005116,-0.6184409856796265,0.5212628841400146,2351,0.9021567702293396,1740,4.92636775970459,5,nan,0,nan,0
70,286720,5089.8,56.0,38.63,34.5,10,0.125,363,0.3746556473829201,217,89,92,8,28,0,0,62,-4.2061686928286415,18.912442396313363,-0.6352158784866333,-0.013425074517726898,0.9917504787445068,-0.004043921513948589,50.105640506744386,3.198726201057434,0.14041658891364933,0.01764768901921343,0.218115234375,11.023883175849914,-1.1641532182693481e-10,0.17537295818328857,0.0002788126919140225,-0.6200346946716309,0.4755661189556122,2373,0.8955194354057312,1722,2.650527000427246,1,nan,0,nan,0
71,290816,5163.1,56.2,38.35,34.49,10,0.125,62,0.2903225806451613,211,81,85,20,25,0,0,54,-4.325505596148347,19.355450236966824,-0.6556249856948853,-0.012772982940077782,0.993565022945404,-0.009579039772506803,46.285674118995665,3.1926663875579835,0.12951148888096214,0.013682690871064551,0.1701171875,9.676972472667694,0.0,0.1740315556526184,0.00027850562947799384,-0.6217104196548462,0.49015894532203674,2476,0.8526750206947327,1614,3.116173028945923,6,nan,0,nan,0
72,294912,5237.0,55.8,38.91,34.5,10,0.125,272,0.3860294117647059,210,87,85,18,20,0,0,61,-4.57189058300879,19.62857142857143,-0.6366130709648132,-0.013445265591144562,0.9904786348342896,-0.0029951620963402092,51.0413254737854,3.186224663257599,0.14672555914148688,0.01963546103797853,0.22392578125,10.144780266284943,-1.1641532182693481e-10,0.1865127682685852,0.0002781985670419652,-0.622864305973053,0.4772833585739136,2376,0.9308993816375732,1712,1.769392728805542,8,nan,0,nan,0
73,299008,5310.5,56.0,38.55,34.54,10,0.125,489,0.3660531697341513,217,74,91,18,34,0,0,46,-4.231355085085972,18.94009216589862,-0.7226359844207764,-0.015088483691215515,0.9956174492835999,-0.004937027394771576,47.75064027309418,3.182246148586273,0.16067612739279866,0.017908578069182113,0.218896484375,10.585348320007324,-5.820766091346741e-11,0.15778344869613647,0.0002778915046059365,-0.6240626573562622,0.5171203017234802,2431,0.9428120255470276,1662,2.705148935317993,3,nan,0,nan,0
74,303104,5383.9,56.2,38.42,34.49,10,0.125,188,0.46808510638297873,211,99,75,21,16,0,0,65,-4.083549582843116,19.33175355450237,-0.549338161945343,-0.01167643815279007,0.9907335638999939,-0.005412444612011314,51.496099185943606,3.178747284412384,0.12690994143486023,0.016406982339685783,0.20244140625,12.484278798103333,-5.820766091346741e-11,0.17772281169891357,0.0002775844421699079,-0.6242480278015137,0.46240609884262085,2598,0.8498304486274719,1496,0.8182486295700073,2,nan,0,nan,0
75,307200,5457.8,55.7,39.04,34.47,10,0.125,411,0.44525547445255476,223,95,72,24,32,0,0,57,-4.283963526346736,18.47982062780269,-0.5975643396377563,-0.010956188663840294,0.9744384288787842,-0.0005044006276875735,48.286949920654294,3.176880955696106,0.12004259470850229,0.028027616295730695,0.282373046875,7.959018087387085,-1.1641532182693481e-10,0.1567632555961609,0.0002772773797338792,-0.6253782510757446,0.4380434453487396,2549,0.838148295879364,1541,1.8220993280410767,6,nan,0,nan,0
76,311296,5531.6,55.9,38.84,34.48,10,0.125,125,0.392,226,83,93,19,31,0,0,56,-4.079446237992829,17.986725663716815,-0.6764050722122192,-0.012837309390306473,0.9956072568893433,-0.005224957410246134,48.342754983901976,3.170568919181824,0.13255172511562704,0.018167503806762398,0.216015625,10.566410088539124,0.0,0.15356141328811646,0.00027697031729785056,-0.6275651454925537,0.4894469678401947,2466,0.8770539164543152,1629,1.792546033859253,1,nan,0,nan,0
77,315392,5605.8,55.5,39.26,34.54,10,0.125,337,0.39762611275964393,212,85,91,18,18,0,0,60,-4.340983896836442,19.358490566037737,-0.6268787384033203,-0.012849502265453339,0.9922760128974915,-0.005719389207661152,48.87098054885864,3.1600258708000184,0.1348494863137603,0.01913832232239656,0.2015625,8.18515557050705,-5.820766091346741e-11,0.14900219440460205,0.0002766632548618219,-0.6302910447120667,0.5055346488952637,2520,0.8683130145072937,1572,1.5493673086166382,4,nan,0,nan,0
78,319488,5679.8,55.7,38.99,34.52,10,0.125,42,0.5476190476190477,217,88,82,24,23,0,0,62,-4.453607229979121,18.963133640552996,-0.6150273680686951,-0.01127723790705204,0.9894302487373352,-0.007082398969214409,48.98428053855896,3.1502206802368162,0.12726761987432839,0.018981900191283783,0.2162109375,10.62032084465027,0.0,0.14319270849227905,0.00027635619242579324,-0.6325567364692688,0.454448938369751,2619,0.835002064704895,1475,4.6087470054626465,2,nan,0,nan,0
79,323584,5753.3,56.0,38.6,34.52,10,0.125,265,0.4075471698113208,223,85,82,28,28,0,0,57,-4.168125456774036,18.327354260089685,-0.6481256484985352,-0.013708554208278656,0.9940614700317383,-0.011510131089016796,49.49308080673218,3.1409131407737734,0.1450649025849998,0.014163818510132842,0.169384765625,8.760597562789917,-1.1641532182693481e-10,0.13647276163101196,0.00027604912998976456,-0.6351272463798523,0.47709178924560547,2488,0.9417486190795898,1604,1.715268850326538,4,nan,0,nan,0
80,327680,5827.2,55.8,38.93,34.53,10,0.125,477,0.42138364779874216,212,93,82,20,17,0,0,65,-4.402991838897912,19.117924528301888,-0.5745067000389099,-0.012341732159256935,0.9876416325569153,-0.00642386544495821,49.16418890953064,3.12937753200531,0.12608207799494267,0.015680007651099004,0.185107421875,9.711643528938293,-2.3283064365386963e-10,0.1399173140525818,0.0002757420675537359,-0.6384031772613525,0.48011890053749084,2573,0.8926081657409668,1521,0.7451481819152832,2,nan,0,nan,0
81,331776,5901.0,55.9,38.79,34.5,10,0.125,185,0.4486486486486487,220,98,67,30,25,0,0,69,-4.355184209904147,18.581818181818182,-0.5622775554656982,-0.010929327458143234,0.9863260984420776,-0.010441227839328349,48.97307062149048,3.116210925579071,0.10926313395611942,0.015953177126357333,0.187548828125,10.428318560123444,-1.1641532182693481e-10,0.1571751832962036,0.00027543500511770724,-0.6412788033485413,0.4397723972797394,2463,0.7675402760505676,1630,2.565516710281372,3,nan,0,nan,0
82,335872,5975.2,55.6,39.2,34.48,10,0.125,407,0.457002457002457,222,103,77,22,20,0,0,80,-4.206461160477827,18.626126126126128,-0.5271293520927429,-0.011431349441409111,0.9749612808227539,-0.004449245356954634,48.89508938789368,3.1058942556381224,0.12853732332587242,0.02418592857720796,0.236279296875,8.81312038898468,-1.1641532182693481e-10,0.1576175093650818,0.0002751279426816786,-0.6435974836349487,0.429313987493515,2508,0.8226677179336548,1586,1.4686808586120605,2,nan,0,nan,0
83,339968,6049.1,55.8,38.89,34.51,10,0.125,112,0.48214285714285715,217,108,68,19,22,0,0,75,-4.256842256244631,18.755760368663594,-0.5151629447937012,-0.010522119700908661,0.9858210682868958,0.0024793792283162473,49.79914288520813,3.096938705444336,0.12809542063623666,0.02845350699208211,0.2919921875,10.366581058502197,-5.820766091346741e-11,0.182681143283844,0.0002748208802456499,-0.6459120512008667,0.44363754987716675,2665,0.7930925488471985,1429,2.3648040294647217,2,nan,0,nan,0
84,344064,6123.4,55.5,39.27,34.51,10,0.125,330,0.4303030303030303,218,88,83,29,18,0,0,56,-4.28698109330402,18.81651376146789,-0.6033375263214111,-0.01122400350868702,0.9863331317901611,-0.0042204703349852934,48.091355609893796,3.088115465641022,0.11924974536523222,0.018629669610527345,0.213671875,12.02108416557312,-1.1641532182693481e-10,0.1172301173210144,0.0002745138178096213,-0.6479114294052124,0.4833003282546997,2615,0.7934410572052002,1481,nan,0,nan,0,nan,0
85,348160,6197.5,55.5,39.24,34.53,10,0.125,28,0.39285714285714285,210,106,67,22,15,0,0,72,-4.543125237118041,19.67142857142857,-0.4849679172039032,-0.009500119835138321,0.9819866418838501,-0.008924999367445707,50.46012148857117,3.0806706666946413,0.10010533318854868,0.013292190519860015,0.171240234375,12.401298713684081,0.0,0.14440935850143433,0.0002742067553735926,-0.6497988700866699,0.40130096673965454,2684,0.765102207660675,1412,nan,0,nan,0,nan,0
86,352256,6271.1,56.1,38.58,34.48,10,0.125,243,0.43209876543209874,215,94,75,24,22,0,0,63,-4.276117104340375,18.995348837209303,-0.5504034757614136,-0.01017511636018753,0.9811904430389404,-0.0036341638362500815,48.6610541343689,3.0735639095306397,0.11386009193956852,0.021335302168154158,0.233935546875,8.970594227313995,-1.1641532182693481e-10,0.13855630159378052,0.00027389969293756396,-0.6513936519622803,0.42180103063583374,2596,0.7847388386726379,1490,1.6593385934829712,10,nan,0,nan,0
87,356352,6344.7,56.0,38.61,34.52,10,0.125,452,0.45353982300884954,209,100,68,23,18,0,0,65,-4.159602038423065,19.502392344497608,-0.5338488221168518,-0.012747254222631454,0.9907383322715759,-0.004061150969937444,49.569337606430054,3.067653679847717,0.10697360737249255,0.01922946758859325,0.223095703125,11.795946288108826,-2.9103830456733704e-10,0.14494460821151733,0.0002735926305015353,-0.6526635885238647,0.547906219959259,2619,0.8321347236633301,1475,2.5763349533081055,2,nan,0,nan,0
88,360448,6418.8,55.6,39.14,34.52,10,0.125,153,0.4444444444444444,213,96,75,20,22,0,0,70,-4.166834358634175,19.258215962441316,-0.5479764938354492,-0.011972874402999878,0.9871233701705933,-0.009002513578161597,50.132640314102176,3.0613001465797423,0.12258046632632613,0.01692422458145302,0.19599609375,10.168453407287597,-2.9103830456733704e-10,0.166159987449646,0.00027328556806550665,-0.654718816280365,0.4571512043476105,2526,0.8360185623168945,1566,0.8347815871238708,4,nan,0,nan,0
89,364544,6492.3,56.0,38.59,34.51,10,0.125,360,0.4527777777777778,207,95,84,17,11,0,0,58,-4.352734194194431,19.7487922705314,-0.5336567759513855,-0.010857723653316498,0.9791720509529114,-0.01305165797821246,50.712352180480956,3.0538531064987184,0.11414407873526215,0.013760431701666676,0.16552734375,12.97372372150421,-1.1641532182693481e-10,0.12923669815063477,0.00027297850562947796,-0.6562944650650024,0.4192209243774414,2444,0.7970088720321655,1648,0.9514147639274597,4,nan,0,nan,0
90,368640,6566.2,55.8,38.86,34.53,10,0.125,61,0.39344262295081966,213,94,82,22,15,0,0,62,-4.11119038236064,19.1924882629108,-0.5669331550598145,-0.011030320078134537,0.981200098991394,-0.004329037689603865,47.63930239677429,3.048100805282593,0.11614494565874338,0.023983104396029374,0.24111328125,11.163988137245179,0.0,0.1793946623802185,0.0002726714431934493,-0.6575835347175598,0.4184702932834625,2430,0.7747780084609985,1662,3.3678812980651855,4,nan,0,nan,0
91,372736,6640.0,55.9,38.76,34.53,10,0.125,269,0.4423791821561338,208,95,83,15,15,0,0,67,-4.06388935212078,19.60096153846154,-0.5267125964164734,-0.011367589235305786,0.9899691343307495,-0.01698079404886812,47.43848009109497,3.041726493835449,0.112728312285617,0.014783922597416677,0.188623046875,8.718740701675415,-5.820766091346741e-11,0.19132262468338013,0.00027236438075742064,-0.6598640084266663,0.3980620801448822,2374,0.7954745888710022,1719,2.3376386165618896,3,nan,0,nan,0
92,376832,6714.2,55.6,39.23,34.5,10,0.125,481,0.48232848232848236,212,113,70,13,16,0,0,74,-4.154486523019007,19.669811320754718,-0.43878522515296936,-0.010412992909550667,0.9822348356246948,-0.010422434960491955,51.4455804347992,3.031100332736969,0.11690303236246109,0.020378188410541044,0.2357421875,13.65000741481781,-1.7462298274040222e-10,0.19030320644378662,0.000272057318321392,-0.662369430065155,0.42040687799453735,2528,0.7603904008865356,1567,1.2756003141403198,1,nan,0,nan,0
93,380928,6787.9,55.9,38.72,34.52,10,0.125,173,0.45664739884393063,204,89,82,18,15,0,0,58,-4.271636775780805,19.779411764705884,-0.5470889806747437,-0.012195024639368057,0.9856114983558655,-0.013613603508565575,46.69364829063416,3.0237544298172,0.12609926452860237,0.012702705460833385,0.163916015625,12.443899440765382,-5.820766091346741e-11,0.1498781442642212,0.0002717502558853633,-0.6635808348655701,0.45955127477645874,2509,0.8883515000343323,1580,1.6458386182785034,7,nan,0,nan,0
94,385024,6861.7,55.8,38.9,34.53,10,0.125,380,0.5,207,111,59,27,10,0,0,78,-4.216091785529826,19.782608695652176,-0.4392065405845642,-0.008826983161270618,0.9773720502853394,-0.016363342222757638,48.72557549476623,3.017148768901825,0.08889167900197208,0.014996135758701712,0.181689453125,10.223779726028443,0.0,0.19132983684539795,0.0002714431934493347,-0.6661368012428284,0.38453102111816406,2627,0.7116616368293762,1469,nan,0,nan,0,nan,0
95,389120,6935.6,55.8,38.85,34.5,10,0.125,75,0.48,207,110,64,17,16,0,0,72,-4.216146274635216,19.734299516908212,-0.4225921034812927,-0.01004701480269432,0.9735150337219238,-0.008842559857293963,47.29644703865051,3.0066439867019654,0.10485993782058359,0.018679654624429533,0.202001953125,10.414892518520356,-1.7462298274040222e-10,0.20757919549942017,0.000271136131013306,-0.6684356927871704,0.3950987160205841,2502,0.7671323418617249,1589,3.704206943511963,5,nan,0,nan,0
96,393216,7009.9,55.5,39.32,34.51,10,0.125,287,0.5331010452961672,212,117,68,17,10,0,0,78,-4.052021790789628,19.495283018867923,-0.4254254698753357,-0.00934554636478424,0.9794026613235474,-0.0164184951223433,48.14560480117798,2.99790905714035,0.09642841042950749,0.019217157125240192,0.222412109375,8.745320582389832,-1.7462298274040222e-10,0.18756258487701416,0.00027082906857727737,-0.6705397367477417,0.4079729914665222,2495,0.7045777440071106,1596,2.4099326133728027,5,nan,0,nan,0
97,397312,7084.6,55.1,39.82,34.47,10,0.125,503,0.5566600397614314,216,127,61,15,13,0,0,83,-4.165914929452815,19.02314814814815,-0.37401527166366577,-0.008829042315483093,0.9752577543258667,-0.011437495867721737,50.25974144935608,2.9884843230247498,0.09153189552016557,0.017662481949082577,0.20107421875,9.237307000160218,-5.820766091346741e-11,0.1745254397392273,0.0002705220061412487,-0.6732355356216431,0.38126909732818604,2480,0.6909482479095459,1613,0.29407721757888794,3,nan,0,nan,0
98,401408,7158.9,55.5,39.33,34.5,10,0.125,200,0.525,209,111,60,25,13,0,0,70,-4.112518905671282,19.69377990430622,-0.4218316972255707,-0.008730866014957428,0.9737586975097656,-0.0130960465176031,47.195825815200806,2.978499722480774,0.09865791406482458,0.01987041534448508,0.237646484375,9.874460649490356,-2.9103830456733704e-10,0.16184020042419434,0.00027021494370522005,-0.6753830909729004,0.37358149886131287,2578,0.6913784146308899,1518,nan,0,nan,0,nan,0
99,405504,7232.9,55.7,39.05,34.52,10,0.125,412,0.5315533980582524,212,114,53,26,19,0,0,78,-4.0707539171008476,19.150943396226417,-0.40386494994163513,-0.008665661327540874,0.9786303043365479,-0.0165892832679674,46.109817028045654,2.9698258519172667,0.09154132134281098,0.017919368104776366,0.21337890625,10.787214517593384,-2.9103830456733704e-10,0.1722314953804016,0.00026990788126919136,-0.677692174911499,0.38990098237991333,2618,0.6846008896827698,1470,1.5356767177581787,8,nan,0,nan,0
100,409600,7307.0,55.6,39.12,34.53,10,0.125,112,0.5089285714285714,212,118,52,29,13,0,0,80,-4.214790001399415,19.367924528301888,-0.39736777544021606,-0.008657322265207767,0.9745107889175415,-0.012691573845222593,45.415723490715024,2.9601109623908997,0.09455069680698217,0.021896138333249836,0.248193359375,9.054776382446288,-1.1641532182693481e-10,0.18634891510009766,0.0002696008188331627,-0.680263340473175,0.3779563307762146,2657,0.7013446092605591,1439,nan,0,nan,0,nan,0
101,413696,7381.4,55.5,39.34,34.48,10,0.125,329,0.48328267477203646,217,102,68,28,19,0,0,79,-4.13028364295683,19.018433179723502,-0.486062616109848,-0.011154413223266602,0.9899458885192871,-0.006575244618579746,46.81662631034851,2.9501583576202393,0.11525635085999966,0.017466726328711955,0.21044921875,10.850865888595582,-1.1641532182693481e-10,0.18330413103103638,0.00026929375639713404,-0.6827084422111511,0.42972028255462646,2487,0.7976309061050415,1606,3.1221914291381836,3,nan,0,nan,0
102,417792,7455.7,55.4,39.43,34.48,10,0.125,31,0.6774193548387096,214,110,57,29,18,0,0,82,-4.1384919147732315,19.05140186915888,-0.4314562678337097,-0.008289924822747707,0.9724369049072266,-0.012174134433735162,49.56407284736633,2.940794837474823,0.0892182386945933,0.01696697521547321,0.19921875,11.101198816299439,0.0,0.1348758339881897,0.0002689866939611054,-0.684933066368103,0.35820403695106506,2592,0.6790068745613098,1503,2.201599359512329,1,nan,0,nan,0
103,421888,7530.2,55.4,39.48,34.5,10,0.125,244,0.6229508196721312,213,131,44,23,15,0,0,94,-4.05170227805317,19.12676056338028,-0.3115377426147461,-0.007988683879375458,0.9750193357467651,0.0030385133810341357,44.76135406494141,2.932878518104553,0.09428626485168934,0.0324449136358453,0.283984375,14.015819001197816,-1.7462298274040222e-10,0.22065722942352295,0.0002686796315250768,-0.6863203048706055,0.36317238211631775,2636,0.6695598363876343,1460,nan,0,nan,0,nan,0
104,425984,7603.8,56.0,38.68,34.5,10,0.125,454,0.5682819383259912,210,106,68,24,12,0,0,77,-4.2397761782862,19.70952380952381,-0.4435829520225525,-0.010436867363750935,0.9801852703094482,-0.007914253906346858,49.780690336227416,2.929042375087738,0.09993168991059065,0.015121247607748956,0.18662109375,15.662835741043091,-1.1641532182693481e-10,0.12422424554824829,0.0002683725690890481,-0.6871141791343689,0.44199830293655396,2542,0.7391448020935059,1550,2.9431281089782715,4,nan,0,nan,0
105,430080,7677.7,55.8,38.97,34.5,10,0.125,153,0.5228758169934641,211,116,53,23,19,0,0,81,-4.237180449839315,19.0521327014218,-0.3833804130554199,-0.00969279557466507,0.9678249955177307,-0.009278693166561425,46.85306353569031,2.9253500938415526,0.10088410894386471,0.019135017215739937,0.222021484375,11.475455045700073,-2.3283064365386963e-10,0.201587975025177,0.00026806550665301945,-0.6881424784660339,0.37290218472480774,2555,0.7363661527633667,1537,2.210038423538208,4,nan,0,nan,0
106,434176,7751.9,55.6,39.12,34.53,10,0.125,358,0.5363128491620112,205,112,64,14,15,0,0,79,-4.106358356460234,20.102439024390243,-0.3889247477054596,-0.008506705984473228,0.9696736335754395,-0.011467501311562956,44.99822163581848,2.921740710735321,0.09433436938561499,0.01718510486825835,0.204833984375,12.47206962108612,-2.9103830456733704e-10,0.22069698572158813,0.00026775844421699077,-0.6889413595199585,0.3618350327014923,2522,0.6976436376571655,1572,1.0872081518173218,2,nan,0,nan,0
107,438272,7825.7,55.8,38.89,34.5,10,0.125,51,0.6078431372549019,205,106,54,34,11,0,0,72,-4.088998974925024,19.848780487804877,-0.41428443789482117,-0.007784741930663586,0.9742996692657471,-0.012401808053255081,46.19737195968628,2.9163421869277952,0.0863406344782561,0.021009788010269405,0.2341796875,11.632074117660522,-2.9103830456733704e-10,0.1502833366394043,0.00026745138178096213,-0.6909098029136658,0.36351141333580017,2496,0.6247895359992981,1598,0.6639875173568726,2,nan,0,nan,0
108,442368,7900.4,55.2,39.75,34.5,10,0.125,266,0.5939849624060151,215,127,51,18,19,0,0,95,-4.154318089945198,19.23720930232558,-0.3387792706489563,-0.00887445081025362,0.9662458300590515,-0.005728341778740287,46.653357529640196,2.9083152413368225,0.09946971694007516,0.019739356290665457,0.24033203125,14.653884959220886,-4.0745362639427185e-10,0.2215862274169922,0.00026714431934493345,-0.692736029624939,0.369392067193985,2622,0.6750878095626831,1466,2.7806124687194824,8,nan,0,nan,0
109,446464,7974.8,55.4,39.45,34.5,10,0.125,478,0.5836820083682008,212,121,56,17,18,0,0,97,-3.9003596371247773,19.33490566037736,-0.3609076738357544,-0.009540305472910404,0.9791452288627625,-0.012593091034796089,44.956580018997194,2.9015194296836855,0.09682499752379954,0.015180154435802251,0.1908203125,11.950997710227966,-1.7462298274040222e-10,0.23594099283218384,0.0002668372569089048,-0.6945029497146606,0.38518479466438293,2493,0.7395525574684143,1596,1.0697946548461914,7,nan,0,nan,0
110,450560,8048.6,55.8,38.83,34.54,10,0.125,175,0.5257142857142857,209,115,60,21,13,0,0,91,-3.9227515765275807,19.330143540669855,-0.37951287627220154,-0.00869644433259964,0.9621816277503967,-0.010034376755356789,46.374259853363036,2.8941848158836363,0.09139313781633973,0.019021866432740352,0.213671875,11.266498804092407,-4.0745362639427185e-10,0.2153262495994568,0.00026653019447287613,-0.6963117122650146,0.3521502912044525,2554,0.7123537659645081,1525,1.1321260929107666,17,nan,0,nan,0
111,454656,8122.9,55.5,39.3,34.5,10,0.125,394,0.5558375634517766,219,127,58,18,16,0,0,102,-4.2113454832107164,19.08219178082192,-0.33350545167922974,-0.01000857725739479,0.9793654680252075,-0.010292270092759282,46.520378255844115,2.887960469722748,0.10587614518590271,0.024941580320592037,0.2560546875,11.99818583726883,-4.0745362639427185e-10,0.1913067102432251,0.0002662231320368475,-0.6976436376571655,0.4019947052001953,2576,0.7639639973640442,1519,0.9964814782142639,1,nan,0,nan,0
112,458752,8197.0,55.6,39.13,34.49,10,0.125,84,0.6666666666666666,202,123,62,9,8,0,0,98,-4.139260355188339,20.143564356435643,-0.3160281777381897,-0.008716810494661331,0.9717513918876648,-0.0063156165648251775,45.40217673778534,2.8818981766700746,0.0915273548103869,0.028767175815301017,0.27841796875,12.210346794128418,-5.238689482212067e-10,0.20752960443496704,0.0002659160696008188,-0.6994239091873169,0.3924567699432373,2605,0.7098278999328613,1484,1.2429310083389282,7,nan,0,nan,0
113,462848,8271.4,55.4,39.47,34.51,10,0.125,297,0.5993265993265994,213,122,61,16,14,0,0,92,-3.8890604203803267,19.093896713615024,-0.35096120834350586,-0.009071442298591137,0.9827452898025513,0.0004909604322165251,45.7407103061676,2.875596511363983,0.10193768786266447,0.02946702128974721,0.301171875,12.817035818099976,-2.3283064365386963e-10,0.18726009130477905,0.0002656090071647902,-0.7006165981292725,0.3927566111087799,2651,0.7222697138786316,1440,1.3548715114593506,5,nan,0,nan,0
114,466944,8344.7,56.2,38.39,34.49,10,0.125,503,0.5685884691848907,206,108,61,24,13,0,0,87,-4.295819317275826,19.99514563106796,-0.40472468733787537,-0.010793394409120083,0.9863753318786621,-0.006555799627676606,46.06627235412598,2.8716765642166138,0.10867651705630124,0.025669442242360674,0.276806640625,11.070175743103027,-4.0745362639427185e-10,0.20154225826263428,0.0002653019447287615,-0.7014399170875549,0.4174649715423584,2538,0.7712213397026062,1551,2.10062837600708,7,nan,0,nan,0
115,471040,8419.0,55.5,39.3,34.52,10,0.125,201,0.5920398009950248,210,124,53,23,10,0,0,99,-4.218862648965395,19.728571428571428,-0.32869309186935425,-0.008364042267203331,0.976325273513794,-0.005770176462829113,44.16485798358917,2.8681562423706053,0.08821666669100522,0.024209213006542996,0.26845703125,14.287265491485595,-3.4924596548080444e-10,0.21800416707992554,0.00026499488229273286,-0.7023242712020874,0.3807792067527771,2592,0.6928834319114685,1503,0.7388582229614258,1,nan,0,nan,0
116,475136,8493.1,55.6,39.08,34.54,10,0.125,412,0.5922330097087378,211,125,62,11,13,0,0,102,-4.10888461609488,19.180094786729857,-0.3352249264717102,-0.010491810739040375,0.9737451672554016,-0.008311522006988526,44.355684471130374,2.8654634833335875,0.10713180145248771,0.019655775613500737,0.23310546875,12.044896626472473,-2.9103830456733704e-10,0.2551265358924866,0.00026468781985670417,-0.7027621269226074,0.38436615467071533,2462,0.7853910326957703,1628,1.0053757429122925,6,nan,0,nan,0
117,479232,8567.3,55.5,39.25,34.51,10,0.125,113,0.5663716814159292,213,117,48,33,15,0,0,87,-4.066090145810813,19.239436619718308,-0.3801060914993286,-0.008595040999352932,0.9786247611045837,-0.012749642657581717,46.097751712799074,2.8632421493530273,0.08475860096514225,0.01738848816603422,0.208154296875,11.541807508468628,5.820766091346741e-11,0.17375189065933228,0.00026438075742067554,-0.7039318680763245,0.38605377078056335,2575,0.6913578510284424,1518,1.5538673400878906,3,nan,0,nan,0
118,483328,8642.0,55.2,39.63,34.51,10,0.125,330,0.6060606060606061,217,136,42,30,9,0,0,98,-3.895550203258992,18.870967741935484,-0.2820841670036316,-0.00840662606060505,0.973446786403656,-0.014044495357666165,44.633481693267825,2.8557924747467043,0.08996349675580859,0.019738326827064157,0.232666015625,11.716368818283081,-2.3283064365386963e-10,0.19228333234786987,0.00026407369498464685,-0.7062391638755798,0.35064613819122314,2517,0.6568575501441956,1576,1.7031198740005493,3,nan,0,nan,0
119,487424,8716.5,55.3,39.59,34.47,10,0.125,31,0.7419354838709677,213,138,34,24,17,0,0,107,-4.017387777405242,19.215962441314552,-0.25554922223091125,-0.008743956685066223,0.9654905796051025,-0.015877070819260552,41.88219742774963,2.8466788053512575,0.09683549725450576,0.022148596809711308,0.23515625,12.19761905670166,-3.4924596548080444e-10,0.20976042747497559,0.0002637666325486182,-0.7083693742752075,0.3395671546459198,2610,0.7245217561721802,1478,1.9319806098937988,8,nan,0,nan,0
120,491520,8791.3,55.1,39.86,34.48,10,0.125,246,0.6178861788617886,215,129,39,35,12,0,0,103,-4.024087965339428,19.032558139534885,-0.2941502332687378,-0.007066687569022179,0.9636691808700562,-0.005802178848534822,43.079198360443115,2.8395996689796448,0.08085758211091161,0.029421918597654438,0.29716796875,14.953805685043335,-4.0745362639427185e-10,0.17644989490509033,0.00026345957011258953,-0.7096019387245178,0.33559346199035645,2729,0.6010580658912659,1361,0.5383889079093933,6,nan,0,nan,0
121,495616,8865.4,55.6,39.17,34.51,10,0.125,456,0.6535087719298246,210,146,39,20,5,0,0,106,-4.226935961513339,19.48095238095238,-0.20735904574394226,-0.009213915094733238,0.98172926902771,-0.017112416587769984,40.42307040691376,2.8353383898735047,0.09547408581711352,0.019850104436045513,0.20654296875,13.464431047439575,-2.9103830456733704e-10,0.22177821397781372,0.0002631525076765609,-0.7106416821479797,0.36833858489990234,2651,0.7396844029426575,1437,1.6392600536346436,8,nan,0,nan,0
122,499712,8940.2,55.1,39.82,34.48,10,0.125,165,0.5878787878787879,221,135,42,28,16,0,0,105,-4.402232237310023,18.619909502262445,-0.27307581901550293,-0.00855478085577488,0.974709689617157,-0.014643793902359903,43.93126764297485,2.8306458950042725,0.08390542264096439,0.021434095851145685,0.234521484375,13.097715258598328,-1.7462298274040222e-10,0.17704731225967407,0.0002628454452405322,-0.7120630145072937,0.3695777952671051,2651,0.7108741998672485,1443,0.2748609185218811,2,nan,0,nan,0
123,503808,9014.8,55.2,39.69,34.52,10,0.125,380,0.6236842105263158,215,140,47,20,8,0,0,111,-4.285785197675844,19.069767441860463,-0.2340896725654602,-0.008287851698696613,0.9618654847145081,-0.016910505283158274,43.26492154598236,2.82427099943161,0.09023324032314121,0.021235032161348498,0.24287109375,10.922375345230103,-1.7462298274040222e-10,0.230868399143219,0.0002625383828045036,-0.7136110067367554,0.32304051518440247,2601,0.7037506103515625,1486,1.0817451477050781,9,nan,0,nan,0
124,507904,9089.5,55.2,39.74,34.52,10,0.125,80,0.5625,212,132,36,30,14,0,0,99,-4.197094669467749,19.25,-0.261469304561615,-0.006572584621608257,0.9634397625923157,-0.013579257484525441,44.40154807567596,2.8193291544914247,0.07801750106737018,0.020498903800034895,0.21748046875,18.40756278038025,-4.656612873077393e-10,0.1418101191520691,0.0002622313203684749,-0.7146980166435242,0.32624876499176025,2696,0.5938833355903625,1400,nan,0,nan,0,nan,0
125,512000,9164.0,55.4,39.49,34.49,10,0.125,292,0.5993150684931506,212,130,37,30,15,0,0,97,-4.127865379505283,19.27358490566038,-0.2767942547798157,-0.007862387225031853,0.9729660153388977,-0.02054956223582849,44.41012034416199,2.814958465099335,0.08685185653157532,0.025963643996510653,0.287255859375,11.439364075660706,-1.7462298274040222e-10,0.15130585432052612,0.00026192425793244626,-0.71579509973526,0.33125603199005127,2578,0.6634774804115295,1505,1.0836803913116455,13,nan,0,nan,0
126,516096,9239.1,54.9,40.15,34.49,10,0.125,0,,220,135,40,28,17,0,0,105,-4.245289725007696,18.772727272727273,-0.26945459842681885,-0.0075138346292078495,0.9623323082923889,-0.0130846640560776,44.02673215866089,2.808993136882782,0.08383046183735132,0.031171227790764533,0.302783203125,10.586022138595581,-5.238689482212067e-10,0.20416629314422607,0.00026161719549641757,-0.717591404914856,0.33764317631721497,2613,0.6472487449645996,1481,0.9779506325721741,2,nan,0,nan,0
127,520192,9313.8,55.2,39.7,34.54,10,0.125,207,0.6376811594202898,207,132,37,23,15,0,0,97,-4.25557482368239,19.7487922705314,-0.2366466373205185,-0.00802958756685257,0.974800705909729,-0.011989586334675551,41.51345903873444,2.80226047039032,0.07947299643419684,0.03427274167188443,0.29140625,10.116132164001465,-5.820766091346741e-11,0.18432515859603882,0.00026131013306038894,-0.7191727757453918,0.36117395758628845,2704,0.6814391613006592,1390,3.7032077312469482,2,nan,0,nan,0
128,524288,9388.5,55.1,39.74,34.54,10,0.125,418,0.6555023923444976,211,142,32,31,6,0,0,115,-4.396194961821113,19.57345971563981,-0.18835577368736267,-0.007877658121287823,0.9750321507453918,-0.01109276011120528,41.770769929885866,2.7959996581077577,0.08187066549435258,0.034642080956837164,0.308740234375,10.991668248176575,-4.656612873077393e-10,0.16523492336273193,0.00026100307062436025,-0.7208155393600464,0.3512174189090729,2743,0.6452701687812805,1350,1.4742398262023926,3,nan,0,nan,0
129,528384,9463.3,55.1,39.85,34.51,10,0.125,119,0.7142857142857143,213,151,38,15,9,0,0,120,-4.264406221289491,18.826291079812208,-0.1517001986503601,-0.007500186562538147,0.9742467403411865,-0.010775197111070157,38.751215195655824,2.7878244400024412,0.07989431577734649,0.036509250025847,0.326806640625,11.29865825176239,-6.402842700481415e-10,0.24697476625442505,0.0002606960081883316,-0.7232710123062134,0.32926884293556213,2726,0.652558445930481,1367,3.091665267944336,3,nan,0,nan,0
130,532480,9538.0,55.2,39.72,34.55,10,0.125,339,0.6666666666666666,220,141,34,36,9,0,0,114,-4.4378107136044616,19.05,-0.22312504053115845,-0.0072444709949195385,0.9731681942939758,-0.01346521065570414,42.627226662635806,2.78000385761261,0.08534229849465191,0.029313110024668278,0.2828125,11.165778875350952,-3.4924596548080444e-10,0.1857476830482483,0.00026038894575230293,-0.7244831919670105,0.32746028900146484,2623,0.6157615184783936,1471,2.7525711059570312,2,nan,0,nan,0
131,536576,9612.4,55.4,39.39,34.51,10,0.125,32,0.5625,205,144,36,15,10,0,0,114,-4.199321978013332,19.765853658536585,-0.16359156370162964,-0.007807452231645584,0.9750706553459167,-0.01799632188049145,37.26894636154175,2.775481903553009,0.07972063370980323,0.029367736511630937,0.26884765625,10.30064013004303,-1.1641532182693481e-10,0.2411063313484192,0.0002600818833162743,-0.7257462739944458,0.37706834077835083,2693,0.6503332853317261,1390,1.0190507173538208,13,nan,0,nan,0
132,540672,9686.6,55.6,39.19,34.51,10,0.125,238,0.6848739495798319,206,145,35,19,7,0,0,126,-4.055698989549816,19.83009708737864,-0.16734035313129425,-0.0067512174136936665,0.9624678492546082,-0.001979253627359867,38.73259682655335,2.770025932788849,0.08278964604251086,0.04055019973602612,0.332275390625,12.64614462852478,-5.820766091346741e-11,0.18690603971481323,0.0002597748208802456,-0.7271028757095337,0.3321036100387573,2616,0.57387775182724,1477,1.776419758796692,3,nan,0,nan,0
133,544768,9761.1,55.3,39.5,34.54,10,0.125,444,0.7004504504504504,206,148,30,17,11,0,0,124,-4.296072492172875,19.83495145631068,-0.13963977992534637,-0.006683678366243839,0.9832904934883118,-0.007920912583358586,36.43311252593994,2.764308679103851,0.07848902400583029,0.029765480509377086,0.29755859375,11.616782164573669,-1.7462298274040222e-10,0.22184664011001587,0.000259467758444217,-0.7288757562637329,0.3739190101623535,2800,0.5861928462982178,1294,0.39097803831100464,2,nan,0,nan,0
134,548864,9835.6,55.3,39.55,34.54,10,0.125,145,0.7379310344827587,213,158,34,17,4,0,0,123,-4.2125992932964245,19.35211267605634,-0.11069247871637344,-0.006141125690191984,0.9582796692848206,-0.008240505284629763,36.98123219013214,2.757002532482147,0.06812359066680074,0.03008944076136686,0.292822265625,10.811371040344238,-6.984919309616089e-10,0.22538858652114868,0.0002591606960081883,-0.7302018404006958,0.3254358470439911,2763,0.5553454160690308,1330,1.749182105064392,3,nan,0,nan,0
135,552960,9910.5,55.0,39.96,34.52,10,0.125,364,0.7362637362637363,219,161,26,23,9,0,0,124,-4.372288953687366,18.82191780821918,-0.11749880015850067,-0.006853879429399967,0.9662109613418579,-0.007507405336946249,38.264431309700015,2.753132367134094,0.08101287516765296,0.02909094197675586,0.300146484375,12.951076459884643,-3.4924596548080444e-10,0.20654815435409546,0.00025885363357215966,-0.7311861515045166,0.29781195521354675,2746,0.6241602301597595,1347,1.6376276016235352,3,nan,0,nan,0
136,557056,9985.3,55.2,39.75,34.52,10,0.125,66,0.6666666666666666,214,145,37,24,8,0,0,109,-4.229156384909449,19.070093457943926,-0.18058860301971436,-0.006800872273743153,0.9719216823577881,-0.014695976232178509,40.87848589420319,2.7472854375839235,0.07770942472852767,0.03594718875538092,0.31640625,11.710657382011414,-5.820766091346741e-10,0.16898012161254883,0.00025854657113613097,-0.7333918809890747,0.341376930475235,2685,0.575955867767334,1409,0.45540910959243774,2,nan,0,nan,0
137,561152,10059.7,55.4,39.4,34.54,10,0.125,276,0.6340579710144928,210,131,41,27,11,0,0,102,-4.203924672548661,19.447619047619046,-0.24951839447021484,-0.0074006845243275166,0.9683479070663452,-0.0030358303571119904,44.607361030578616,2.738526427745819,0.08352751056663692,0.03801454362401273,0.3197265625,13.058941578865051,-4.0745362639427185e-10,0.17631131410598755,0.00025823950870010234,-0.7349517345428467,0.31741002202033997,2686,0.6247587203979492,1403,1.6071860790252686,7,nan,0,nan,0
138,565248,10134.8,54.8,40.19,34.52,10,0.125,488,0.6495901639344263,212,142,38,28,4,0,0,106,-4.2352659686389424,19.349056603773583,-0.18591035902500153,-0.0072762686759233475,0.9626673460006714,-0.008870820654556156,42.566697931289674,2.7347485542297365,0.08365689576603472,0.032479895252618005,0.303759765625,12.876219367980957,-4.656612873077393e-10,0.17922312021255493,0.00025793244626407365,-0.7355319261550903,0.32682716846466064,2783,0.6407907605171204,1304,1.9531402587890625,9,nan,0,nan,0
139,569344,10209.0,55.6,39.2,34.51,10,0.125,191,0.6492146596858639,215,140,41,29,5,0,0,103,-4.252643463856096,18.75813953488372,-0.22127275168895721,-0.008259152062237263,0.9610925316810608,-0.01700883307494223,41.88124439716339,2.732428562641144,0.08457690896466374,0.03034367258369457,0.279736328125,10.101881384849548,-2.9103830456733704e-10,0.20188546180725098,0.000257625383828045,-0.7360519170761108,0.3565070927143097,2568,0.6795175671577454,1520,1.758432149887085,8,nan,0,nan,0
140,573440,10284.2,54.9,40.18,34.49,10,0.125,406,0.6354679802955665,215,134,44,32,5,0,0,105,-4.233340412706277,19.413953488372094,-0.2426912933588028,-0.007860901765525341,0.9636691808700562,-0.01123565947636962,44.4704047203064,2.729329192638397,0.0858348240610212,0.02475067379709799,0.263720703125,12.558466076850891,-4.0745362639427185e-10,0.18482154607772827,0.00025731832139201633,-0.7374372482299805,0.3176143169403076,2586,0.6680645942687988,1500,1.5149548053741455,10,nan,0,nan,0
141,577536,10359.2,54.9,40.05,34.52,10,0.125,105,0.7238095238095238,211,143,29,31,8,0,0,108,-4.355576023611557,19.27962085308057,-0.1671859472990036,-0.006716676987707615,0.9595881700515747,-0.012195463967509567,40.7482269525528,2.723114824295044,0.07628417136147618,0.03141197227523662,0.3048828125,11.043422102928162,-5.820766091346741e-10,0.21780669689178467,0.0002570112589559877,-0.7389168739318848,0.3204247057437897,2753,0.5928061008453369,1342,1.1118230819702148,1,nan,0,nan,0
142,581632,10433.7,55.3,39.55,34.51,10,0.125,315,0.7206349206349206,210,151,33,23,3,0,0,111,-4.067136150156267,19.428571428571427,-0.12692201137542725,-0.006572403945028782,0.9652599096298218,-0.02291573249967769,37.98270401954651,2.7168548464775086,0.06936968849040567,0.018301267697825096,0.217236328125,13.433378553390503,-6.402842700481415e-10,0.2196594476699829,0.000256704196519959,-0.7407271862030029,0.327814519405365,2700,0.597137987613678,1395,0.21139779686927795,1,nan,0,nan,0
143,585728,10508.8,54.9,40.1,34.51,10,0.125,17,0.8235294117647058,214,150,35,25,4,0,0,117,-4.145496562889478,19.210280373831775,-0.1473635733127594,-0.007303769700229168,0.9567233324050903,-0.023939055996015667,38.87256922721863,2.7106497406959535,0.07911494546569883,0.023484023674973285,0.24091796875,12.201051902770995,-9.313225746154785e-10,0.22601056098937988,0.0002563971340839304,-0.7418129444122314,0.3301320970058441,2726,0.6293785572052002,1362,2.287445545196533,8,nan,0,nan,0
144,589824,10583.9,54.9,40.03,34.54,10,0.125,228,0.7105263157894737,211,148,33,25,5,0,0,110,-4.176881580878797,19.597156398104264,-0.15454106032848358,-0.007445929106324911,0.954954981803894,-0.016639096161816268,42.08971946239471,2.707030880451202,0.07820442565716804,0.03118679635808803,0.285107421875,13.594346928596497,-2.3283064365386963e-10,0.19714808464050293,0.00025609007164790175,-0.7423821687698364,0.34277066588401794,2728,0.6363956928253174,1364,3.090273380279541,4,nan,0,nan,0
145,593920,10658.8,54.9,40.02,34.53,10,0.125,436,0.7041284403669725,208,145,33,26,4,0,0,120,-4.228438665421676,19.403846153846153,-0.14641988277435303,-0.006827359553426504,0.965792179107666,-0.012116931448690593,39.00552234649658,2.704447257518768,0.07458270261995495,0.04143739330174867,0.33388671875,12.564463424682618,-1.7462298274040222e-10,0.22915047407150269,0.00025578300921187306,-0.7432857155799866,0.32219865918159485,2741,0.6174850463867188,1351,0.8588666319847107,4,nan,0,nan,0
146,598016,10733.6,55.2,39.72,34.53,10,0.125,134,0.6567164179104478,210,144,33,26,7,0,0,105,-4.317959145948267,19.523809523809526,-0.1733415126800537,-0.008159829303622246,0.9840452671051025,-0.011471124412491918,41.63961706161499,2.700930666923523,0.08118652878329158,0.03487465971847996,0.29990234375,13.151940393447877,-4.0745362639427185e-10,0.18835687637329102,0.0002554759467758444,-0.7442018985748291,0.33671805262565613,2697,0.6741764545440674,1396,0.7069243788719177,3,nan,0,nan,0
147,602112,10808.5,55.0,40.01,34.52,10,0.125,352,0.6988636363636364,218,158,31,25,4,0,0,124,-4.3206957935347265,18.926605504587155,-0.10858798027038574,-0.007255392149090767,0.9682826399803162,0.01707178042270243,39.53306531906128,2.696410930156708,0.09321845802478493,0.07600082537683192,0.464697265625,12.998850619792938,-4.0745362639427185e-10,0.2184048295021057,0.00025516888433981574,-0.7454562187194824,0.35410988330841064,2689,0.6320227384567261,1405,0.4799317717552185,2,nan,0,nan,0
148,606208,10883.3,55.1,39.82,34.49,10,0.125,51,0.5882352941176471,211,123,44,40,4,0,0,89,-4.405834891087757,19.327014218009477,-0.2642918825149536,-0.008929653093218803,0.9879021644592285,-0.004413894633762539,46.30248601436615,2.6919437766075136,0.09119998775422573,0.03091587639937643,0.28984375,18.949678421020508,-6.402842700481415e-10,0.14009547233581543,0.0002548618219037871,-0.7467077970504761,0.3955956995487213,2720,0.7174386382102966,1376,nan,0,nan,0,nan,0
149,610304,10957.9,55.2,39.64,34.5,10,0.125,266,0.6353383458646616,215,139,37,34,5,0,0,95,-4.278327619545919,18.92093023255814,-0.19984856247901917,-0.006825740914791822,0.9595465064048767,-0.018086129031144083,43.25634417533875,2.6856637001037598,0.07457331903278827,0.026379595627076924,0.25,13.087604856491089,-3.4924596548080444e-10,0.1632990837097168,0.0002545547594677584,-0.7484583258628845,0.345201700925827,2690,0.5941458344459534,1404,1.1806811094284058,2,nan,0,nan,0
150,614400,11032.8,55.0,40.02,34.49,10,0.125,482,0.6473029045643154,216,143,46,22,5,0,0,89,-4.446984999259661,19.01851851851852,-0.1800365447998047,-0.008468180894851685,0.9739691019058228,-0.01561549759353511,43.07125988006592,2.6793097257614136,0.08347604619339108,0.031544161419151354,0.268798828125,13.694370579719543,-7.566995918750763e-10,0.18350815773010254,0.0002542476970317298,-0.7497918009757996,0.3969045877456665,2746,0.7007225155830383,1350,nan,0,nan,0,nan,0
151,618496,11107.5,55.2,39.64,34.53,10,0.125,186,0.6559139784946236,216,144,42,22,8,0,0,94,-4.348189660942107,18.958333333333332,-0.17189112305641174,-0.008335249498486519,0.9731958508491516,-0.015933191089425237,42.074566912651065,2.6728979468345644,0.08650167910382152,0.03741297559754457,0.319091796875,9.918727207183839,-5.238689482212067e-10,0.2208881378173828,0.0002539406345957011,-0.7519491910934448,0.33304518461227417,2640,0.7012194395065308,1446,2.099778890609741,10,nan,0,nan,0
152,622592,11181.9,55.3,39.5,34.53,10,0.125,401,0.6184538653366584,215,126,47,33,9,0,0,90,-4.446373238087848,19.093023255813954,-0.25277116894721985,-0.0071065910160541534,0.9662458300590515,-0.01169090997427702,43.964865398406985,2.664174699783325,0.07633646335452796,0.03229974273417611,0.293994140625,14.736880254745483,-8.731149137020111e-10,0.15739428997039795,0.00025363357215967247,-0.7538317441940308,0.3237522542476654,2731,0.6239431500434875,1357,1.29245126247406,8,nan,0,nan,0
153,626688,11256.4,55.4,39.46,34.49,10,0.125,105,0.6,216,130,44,36,6,0,0,96,-4.394057603975699,19.069444444444443,-0.22473052144050598,-0.007058172486722469,0.9765464067459106,-0.0200955243781209,43.14016563892365,2.6577951669692994,0.07359634405001998,0.030536128964740783,0.29921875,12.773570919036866,0.0,0.18055754899978638,0.0002533265097236438,-0.7549563646316528,0.329653799533844,2682,0.6190759539604187,1414,nan,0,nan,0,nan,0
154,630784,11330.5,55.6,39.09,34.56,10,0.125,313,0.6645367412140575,208,145,36,21,6,0,0,112,-4.478347131213122,19.375,-0.14094287157058716,-0.007741434033960104,0.9660493731498718,-0.020147235551849007,40.81329100131988,2.65478675365448,0.08807359891943634,0.025404531709500588,0.2560546875,14.869784712791443,-4.656612873077393e-10,0.23220294713974,0.00025301944728761515,-0.7555263042449951,0.322483628988266,2628,0.6446221470832825,1452,2.549010753631592,16,nan,0,nan,0
155,634880,11404.9,55.4,39.46,34.5,10,0.125,19,0.6842105263157895,218,138,53,21,6,0,0,108,-4.485822112926229,19.08256880733945,-0.1994655430316925,-0.006335213780403137,0.969829797744751,-0.004318860406056046,42.18922138214111,2.6519911766052244,0.0695850501768291,0.049371025708387604,0.342919921875,14.910934901237487,-7.566995918750763e-10,0.19250762462615967,0.00025271238485158646,-0.756306529045105,0.2970503866672516,2599,0.5864561200141907,1490,1.5632792711257935,7,nan,0,nan,0
156,638976,11479.5,55.2,39.6,34.54,10,0.125,236,0.5932203389830508,217,127,56,23,11,0,0,88,-4.419662471205245,19.004608294930875,-0.2586001455783844,-0.008039566688239574,0.973446786403656,-0.013383160764351486,46.602127170562746,2.6488006472587586,0.08797129290178418,0.03396737840084825,0.314990234375,16.0209459066391,-5.238689482212067e-10,0.17895537614822388,0.00025240532241555783,-0.7573360204696655,0.34891706705093384,2529,0.6541031002998352,1563,0.8321526050567627,4,nan,0,nan,0
157,643072,11553.9,55.4,39.42,34.5,10,0.125,445,0.597752808988764,209,126,42,32,9,0,0,99,-4.491542254716234,19.435406698564595,-0.2230183184146881,-0.007492220960557461,0.9696424007415771,-0.010487239528447389,44.73345999717712,2.645723807811737,0.08128513284027576,0.0484262895595748,0.339208984375,13.871715426445007,-3.4924596548080444e-10,0.21128618717193604,0.00025209825997952914,-0.7573911547660828,0.30487802624702454,2661,0.664722204208374,1422,1.4131243228912354,13,nan,0,nan,0
158,647168,11628.4,55.3,39.54,34.52,10,0.125,141,0.75177304964539,208,154,28,18,8,0,0,116,-4.446334754341518,19.802884615384617,-0.07866542786359787,-0.007929900661110878,0.965792179107666,-0.01283514469396323,37.47020862102509,2.6447451233863832,0.07845148360356688,0.028284241090295835,0.27314453125,18.179165506362914,0.0,0.2347201704978943,0.0002517911975435005,-0.7586114406585693,0.37335115671157837,2732,0.6338388919830322,1364,nan,0,nan,0,nan,0
159,651264,11703.0,55.3,39.59,34.5,10,0.125,351,0.7407407407407407,210,154,32,20,4,0,0,120,-4.354281522221642,19.10952380952381,-0.08389101922512054,-0.007689559832215309,0.9734945893287659,-0.017483275599079206,37.604745101928714,2.6377355217933656,0.08431034036912025,0.03880881863005925,0.33857421875,12.098836708068848,-6.402842700481415e-10,0.20492392778396606,0.0002514841351074718,-0.7603142857551575,0.3373683989048004,2618,0.634541928768158,1474,0.7555898427963257,4,nan,0,nan,0
160,655360,11777.9,55.0,39.99,34.49,10,0.125,61,0.6065573770491803,222,149,46,23,4,0,0,115,-4.366284951585945,18.73873873873874,-0.1551293134689331,-0.006889568641781807,0.971347451210022,-0.021348491380922496,42.83296437263489,2.6326624393463134,0.07571224756538868,0.03314549240167253,0.316650390625,12.396937775611878,-3.4924596548080444e-10,0.20976120233535767,0.0002511770726714432,-0.7611731886863708,0.316875696182251,2514,0.6005071401596069,1577,0.6524559259414673,5,nan,0,nan,0
161,659456,11853.3,54.7,40.4,34.5,10,0.125,281,0.6761565836298933,220,153,34,20,13,0,0,129,-4.319845706438888,18.522727272727273,-0.09526953846216202,-0.006894946098327637,0.9711042046546936,-0.015612359991064296,40.83003685474396,2.629527723789215,0.08151417030021549,0.03299137558205985,0.317236328125,13.843861103057861,-9.89530235528946e-10,0.21102160215377808,0.0002508700102354145,-0.7619892954826355,0.3245604336261749,2617,0.6026260256767273,1472,1.8072068691253662,7,nan,0,nan,0
162,663552,11928.0,55.1,39.75,34.54,10,0.125,499,0.6613226452905812,218,140,35,27,16,0,0,99,-4.223969162416909,18.94954128440367,-0.17394092679023743,-0.00687052495777607,0.9724084734916687,-0.016366558824665846,40.18040447235107,2.6254286050796507,0.07322480035945773,0.030827683239476756,0.283740234375,13.603402185440064,-5.820766091346741e-10,0.17105519771575928,0.00025056294779938587,-0.763207197189331,0.35063377022743225,2655,0.6035245060920715,1438,0.5541777014732361,3,nan,0,nan,0
163,667648,12003.4,54.6,40.43,34.54,10,0.125,201,0.6567164179104478,214,143,33,27,11,0,0,106,-4.408134708762997,19.093457943925234,-0.15434347093105316,-0.007790346629917622,0.9639360904693604,-0.014478935580700635,42.825516152381894,2.619763743877411,0.09439188307151199,0.045608205275493675,0.3751953125,12.194514918327332,-1.1059455573558807e-09,0.21451330184936523,0.0002502558853633572,-0.7647920250892639,0.3095563054084778,2730,0.7001683712005615,1358,0.9286617636680603,8,nan,0,nan,0
164,671744,12078.0,55.2,39.64,34.55,10,0.125,412,0.6480582524271845,211,135,36,31,9,0,0,97,-4.439720534990923,19.341232227488153,-0.17656680941581726,-0.007753498386591673,0.9698841571807861,-0.01892058914527297,41.13277521133423,2.6137762308120727,0.07883239816874266,0.033302597294095904,0.305224609375,13.736370635032653,-2.3283064365386963e-10,0.17681998014450073,0.00024994882292732855,-0.7659034729003906,0.3820890188217163,2728,0.6267526745796204,1367,2.3669042587280273,1,nan,0,nan,0
165,675840,12152.7,55.3,39.57,34.55,10,0.125,112,0.5535714285714286,212,127,47,26,12,0,0,92,-4.297536687966129,19.202830188679247,-0.24818918108940125,-0.00791107676923275,0.9714212417602539,-0.017525346169713886,45.260789370536806,2.6088736295700072,0.0847290629055351,0.030358995505957866,0.28623046875,14.313606238365173,-5.238689482212067e-10,0.21790510416030884,0.00024964176049129986,-0.7678841352462769,0.3278941512107849,2523,0.6905829310417175,1566,0.5648336410522461,7,nan,0,nan,0
166,679936,12227.8,54.8,40.2,34.5,10,0.125,332,0.6506024096385542,220,154,27,30,9,0,0,116,-4.245865861479928,18.681818181818183,-0.10190191864967346,-0.007064706180244684,0.9664602875709534,-0.006803787453100086,40.66079485416412,2.60188969373703,0.08667398486286401,0.04150049222516827,0.3400390625,15.645315265655517,-1.7462298274040222e-09,0.18696612119674683,0.00024933469805527123,-0.7685545682907104,0.34501972794532776,2675,0.6424245834350586,1419,4.872368812561035,2,nan,0,nan,0
167,684032,12302.1,55.4,39.39,34.52,10,0.125,33,0.696969696969697,213,140,33,31,9,0,0,100,-4.301575416868994,19.441314553990612,-0.16095423698425293,-0.007389902137219906,0.9698686599731445,-0.02226906467694789,44.08735094070435,2.6009479403495788,0.07602104092948139,0.024259853560943158,0.25263671875,15.365074825286865,-5.820766091346741e-10,0.16792142391204834,0.00024902763561924254,-0.7691105604171753,0.35673224925994873,2630,0.6265014410018921,1458,1.7119406461715698,8,nan,0,nan,0
168,688128,12375.7,55.9,38.69,34.53,10,0.125,246,0.6178861788617886,213,129,43,30,11,0,0,96,-4.165937527074076,18.938967136150236,-0.2253226637840271,-0.006341706495732069,0.9662631750106812,-0.009741867147386073,44.360614728927615,2.5971477031707764,0.0737947985995561,0.04370424871449359,0.3400390625,14.769191908836365,-5.820766091346741e-10,0.16343188285827637,0.0002487205731832139,-0.7700689435005188,0.30887287855148315,2554,0.5827573537826538,1539,1.4587408304214478,3,nan,0,nan,0
169,692224,12450.6,55.0,39.99,34.48,10,0.125,460,0.6478260869565218,214,146,28,28,12,0,0,110,-4.236650868986278,19.182242990654206,-0.12810435891151428,-0.006816467735916376,0.9672849178314209,-0.01930219759233296,39.6071072101593,2.593743419647217,0.07339268890209497,0.03021294085192494,0.2830078125,15.19006404876709,-1.0477378964424133e-09,0.17391741275787354,0.0002484135107471852,-0.7709406018257141,0.34252333641052246,2626,0.6024355292320251,1454,1.1521753072738647,16,nan,0,nan,0
170,696320,12525.8,54.9,40.16,34.52,10,0.125,162,0.7407407407407407,214,157,27,25,5,0,0,135,-4.369873500187219,19.14485981308411,-0.042815301567316055,-0.006989133078604937,0.9621329307556152,-0.017148663359694182,36.07834434509277,2.5897684335708617,0.07850730288773775,0.03161335058975965,0.26748046875,14.810223293304443,-5.820766091346741e-10,0.25074976682662964,0.0002481064483111566,-0.7722741365432739,0.32014089822769165,2688,0.6163641810417175,1402,1.0600169897079468,6,nan,0,nan,0
171,700416,12600.9,54.8,40.17,34.53,10,0.125,382,0.7356020942408377,220,161,27,25,7,0,0,129,-4.140803474863658,18.786363636363635,-0.05743307247757912,-0.007140513509511948,0.964654266834259,-0.016117550793569534,36.16329896450043,2.5838851928710938,0.07280691382475198,0.03621157630987,0.31884765625,15.93604393005371,-9.89530235528946e-10,0.2229871153831482,0.0002477993858751279,-0.7736293077468872,0.37370890378952026,2730,0.5947756767272949,1357,1.6881029605865479,9,nan,0,nan,0
172,704512,12676.1,54.8,40.25,34.49,10,0.125,90,0.7222222222222222,220,158,28,26,8,0,0,122,-4.155914735097652,18.863636363636363,-0.06256763637065887,-0.006675184238702059,0.9620742797851562,-0.009151347470469773,37.50660390853882,2.5790759086608888,0.07288605170324444,0.05817798585339915,0.354736328125,10.691127967834472,-6.984919309616089e-10,0.23424947261810303,0.00024749232343909927,-0.7746068239212036,0.33519479632377625,2725,0.5894014239311218,1367,1.4468655586242676,4,nan,0,nan,0
173,708608,12750.8,55.2,39.73,34.52,10,0.125,299,0.7023411371237458,209,145,33,29,2,0,0,111,-4.022750499356779,19.282296650717704,-0.11757082492113113,-0.006077912636101246,0.9601234793663025,-0.011707555642351508,40.12758436203003,2.574764597415924,0.06817301046103239,0.039812661681207825,0.33876953125,11.204391574859619,-2.9103830456733704e-10,0.1534794569015503,0.0002471852610030706,-0.7760477066040039,0.3034485876560211,2593,0.554835319519043,1497,0.6982316374778748,6,nan,0,nan,0
174,712704,12826.2,54.7,40.43,34.5,10,0.125,0,,213,157,28,21,7,0,0,130,-4.14918709247155,19.11737089201878,-0.05328544229269028,-0.0065675037913024426,0.9652330875396729,-0.02665350406896323,36.76996850967407,2.5677764654159545,0.07216509473510087,0.03229115808208007,0.292578125,10.997251176834107,-4.0745362639427185e-10,0.21774673461914062,0.00024687819856704195,-0.7779372930526733,0.3107498586177826,2691,0.5580042004585266,1392,2.0158886909484863,13,nan,0,nan,0
175,716800,12900.7,55.3,39.53,34.52,10,0.125,208,0.7355769230769231,208,153,26,21,8,0,0,111,-4.141171429062334,19.682692307692307,-0.061272941529750824,-0.008216711692512035,0.9601337313652039,-0.02220474467612803,36.604937362670896,2.5612332224845886,0.0893537858966738,0.03875041536521166,0.290185546875,12.44673581123352,-9.89530235528946e-10,0.25356560945510864,0.00024657113613101326,-0.7792395353317261,0.3524278402328491,2674,0.6887485980987549,1413,3.860274076461792,9,nan,0,nan,0
176,720896,12975.3,55.3,39.61,34.51,10,0.125,422,0.7322274881516587,214,156,26,24,8,0,0,133,-4.0832960164340095,19.14485981308411,-0.044502001255750656,-0.006570636294782162,0.9605873227119446,-0.02408269161824137,35.0214183807373,2.55581248998642,0.07371027800254523,0.032068034081021324,0.295556640625,11.291456389427186,-4.656612873077393e-10,0.2203388214111328,0.00024626407369498463,-0.7808922529220581,0.33045369386672974,2726,0.5815626978874207,1364,1.8806142807006836,6,nan,0,nan,0
177,724992,13049.8,55.3,39.57,34.55,10,0.125,124,0.6935483870967742,214,149,38,20,7,0,0,120,-4.349199096387837,19.172897196261683,-0.1030382290482521,-0.008215694688260555,0.9600721001625061,-0.00839254497550428,37.85511944293976,2.549725878238678,0.08461627452634275,0.05118672516255174,0.351171875,12.095588684082031,-8.731149137020111e-10,0.24660223722457886,0.00024595701125895594,-0.7818670272827148,0.34689363837242126,2674,0.6964578628540039,1415,2.295886516571045,7,nan,0,nan,0
178,729088,13124.8,54.9,40.08,34.49,10,0.125,341,0.6891495601173021,217,149,31,22,15,0,0,114,-4.054259268572411,18.89400921658986,-0.09873241186141968,-0.0068894377909600735,0.9786027073860168,-0.011134428693912924,39.74375927448273,2.546561801433563,0.07606821595691145,0.041559573606355114,0.347802734375,14.963186049461365,-4.656612873077393e-10,0.20137333869934082,0.0002456499488229273,-0.7827132940292358,0.3219529688358307,2641,0.6039896011352539,1440,0.7479657530784607,15,nan,0,nan,0
179,733184,13199.5,55.2,39.71,34.52,10,0.125,40,0.775,211,144,46,18,3,0,0,112,-4.18453628177785,19.51658767772512,-0.11648660898208618,-0.006500540301203728,0.9601029753684998,-0.02384292255155742,40.75978422164917,2.5427273750305175,0.06938146594911813,0.03270333172695246,0.303662109375,12.104746174812316,-9.89530235528946e-10,0.20810484886169434,0.0002453428863868986,-0.7838921546936035,0.30339401960372925,2631,0.5742132663726807,1447,2.142643928527832,18,nan,0,nan,0
180,737280,13274.4,55.0,40.0,34.52,10,0.125,252,0.7222222222222222,212,151,32,23,6,0,0,116,-4.255995889349752,19.410377358490567,-0.08235129714012146,-0.00689068203791976,0.953656017780304,-0.03029088305775076,38.667425107955935,2.5383763194084166,0.07641945532523095,0.025747354805935173,0.262060546875,13.380036306381225,-1.5133991837501526e-09,0.2384355664253235,0.00024503582395087,-0.7848149538040161,0.2928287982940674,2613,0.580578088760376,1465,2.149329900741577,18,nan,0,nan,0
181,741376,13349.1,55.2,39.68,34.55,10,0.125,460,0.717391304347826,208,148,29,21,10,0,0,117,-4.333260992912924,19.490384615384617,-0.07066118717193604,-0.0060614729300141335,0.9501028656959534,-0.027760744269471616,34.935523533821105,2.5335050344467165,0.06836037803441286,0.0341654237563489,0.2986328125,12.660121536254882,-2.9103830456733704e-10,0.22186559438705444,0.0002447287615148413,-0.7862153649330139,0.29166290163993835,2776,0.5567426681518555,1309,1.63017737865448,11,nan,0,nan,0
182,745472,13424.1,55.0,39.97,34.5,10,0.125,159,0.7547169811320755,211,157,28,22,4,0,0,121,-4.254267610685601,19.322274881516588,-0.0374271422624588,-0.006671368144452572,0.9503217339515686,-0.01836824747733772,35.14200177192688,2.5284134984016418,0.07267673672176897,0.03227423145144712,0.28349609375,15.488905787467957,-8.731149137020111e-10,0.21053314208984375,0.00024442169907881267,-0.7875131368637085,0.2904392182826996,2761,0.6259118914604187,1334,0.6084473133087158,1,nan,0,nan,0
183,749568,13499.0,55.0,39.91,34.56,10,0.125,373,0.739946380697051,214,156,38,18,2,0,0,125,-4.199716518047721,19.350467289719628,-0.061011698096990585,-0.007568967994302511,0.9760432839393616,-0.02701216459972784,36.956951427459714,2.521752858161926,0.08020210396498442,0.029982344561722128,0.2888671875,13.213693261146545,-6.402842700481415e-10,0.20618534088134766,0.000244114636642784,-0.789776623249054,0.30682408809661865,2673,0.6539808511734009,1420,1.2157644033432007,3,nan,0,nan,0
184,753664,13574.1,54.8,40.14,34.54,10,0.125,82,0.6829268292682927,221,153,30,28,10,0,0,108,-4.2622152754360005,18.705882352941178,-0.06126272305846214,-0.005514660384505987,0.9530322551727295,-0.01674985159188509,38.337334549427034,2.511939263343811,0.06692510969005525,0.03541094734682702,0.311962890625,12.599634742736816,-5.820766091346741e-10,0.20965731143951416,0.00024380757420675535,-0.7922601699829102,0.2681000232696533,2663,0.527942419052124,1424,1.0282939672470093,9,nan,0,nan,0
185,757760,13649.5,54.6,40.47,34.49,10,0.125,300,0.71,218,157,21,38,2,0,0,122,-4.429356991913176,18.81192660550459,-0.03279438614845276,-0.006068529561161995,0.9708612561225891,-0.013041341723874212,37.85673313140869,2.5026602268218996,0.0682798326946795,0.05051018426020164,0.3625,13.722534918785096,-4.0745362639427185e-10,0.169189453125,0.0002435005117707267,-0.7941027283668518,0.3130471706390381,2775,0.5648170113563538,1317,3.000159502029419,4,nan,0,nan,0
186,761856,13724.1,55.2,39.63,34.52,10,0.125,508,0.6909448818897638,208,138,31,33,6,0,0,108,-4.40628964563298,19.28846153846154,-0.10218453407287598,-0.006510344799607992,0.9735082387924194,-0.02719579222612083,39.977493095397946,2.4965503096580504,0.06731977248564362,0.02944535027490929,0.271728515625,12.138026261329651,-6.984919309616089e-10,0.17509901523590088,0.00024319344933469803,-0.795676052570343,0.3089316785335541,2793,0.6041485667228699,1298,0.965724766254425,5,nan,0,nan,0
187,765952,13798.8,55.1,39.79,34.49,10,0.125,209,0.5980861244019139,213,128,38,45,2,0,0,91,-4.574972170859857,19.267605633802816,-0.18801096081733704,-0.00686107762157917,0.9621426463127136,-0.00764540103264153,44.2614287853241,2.4904683947563173,0.07837322535924614,0.036186035166610966,0.298828125,17.52146601676941,-4.0745362639427185e-10,0.1705561876296997,0.00024288638689866937,-0.7969080209732056,0.29601141810417175,2646,0.6119565367698669,1440,1.3865525722503662,10,nan,0,nan,0
188,770048,13873.3,55.3,39.55,34.53,10,0.125,429,0.6433566433566433,220,151,31,30,8,0,0,117,-4.4086910201166205,18.595454545454544,-0.08116033673286438,-0.0064259059727191925,0.9543343782424927,-0.02787465413566679,40.06338849067688,2.4849213361740112,0.07052798485383391,0.029844050895189867,0.282666015625,13.440818166732788,-3.4924596548080444e-10,0.20624303817749023,0.0002425793244626407,-0.7988300919532776,0.29423800110816956,2701,0.6005160808563232,1379,0.5822462439537048,16,nan,0,nan,0
189,774144,13948.5,54.8,40.25,34.49,10,0.125,138,0.7028985507246377,221,159,28,30,4,0,0,123,-4.524633971005342,18.97737556561086,-0.03449764847755432,-0.006326637230813503,0.9548386931419373,-0.019216736732050776,38.58995921611786,2.4777939438819887,0.07327736569568515,0.03519902576808818,0.305615234375,15.923736262321473,-1.1641532182693481e-10,0.18471258878707886,0.00024227226202661205,-0.7999740839004517,0.31640341877937317,2833,0.5891090631484985,1254,1.6268947124481201,9,nan,0,nan,0
190,778240,14023.6,54.9,40.11,34.55,10,0.125,350,0.7228571428571429,212,156,29,22,5,0,0,126,-4.4060899605197985,19.06132075471698,-0.025446292012929916,-0.0070043765008449554,0.9688465595245361,-0.018985834810882805,34.84704148769379,2.4729783177375793,0.07379341516643763,0.03865149712364655,0.325,16.22981216907501,-9.89530235528946e-10,0.23489898443222046,0.0002419651995905834,-0.8016043901443481,0.3382855951786041,2830,0.620263397693634,1263,0.8387609124183655,3,nan,0,nan,0
191,782336,14099.1,54.6,40.48,34.49,10,0.125,59,0.6949152542372882,221,162,40,15,4,0,0,126,-4.455788984759494,18.56561085972851,-0.017420416697859764,-0.006305363029241562,0.9543225765228271,-0.020409702439792454,38.36515870094299,2.465798258781433,0.07537932582199573,0.03563189184933435,0.316064453125,14.32283411026001,-1.1641532182693481e-10,0.2095947265625,0.00024165813715455473,-0.8032646775245667,0.28800952434539795,2650,0.5846736431121826,1444,1.0714374780654907,2,nan,0,nan,0
192,786432,14174.3,54.7,40.31,34.53,10,0.125,279,0.7060931899641577,220,156,35,21,8,0,0,121,-4.398647567284327,18.504545454545454,-0.038463979959487915,-0.0053384192287921906,0.9517543911933899,-0.020778209972195327,39.0164553642273,2.4586207032203675,0.06110418392345309,0.03183018862328026,0.280078125,15.204663920402528,-9.89530235528946e-10,0.18024736642837524,0.00024135107471852607,-0.8053314685821533,0.3084581792354584,2782,0.4993351697921753,1314,nan,0,nan,0,nan,0
193,790528,14249.7,54.6,40.47,34.52,10,0.125,497,0.7283702213279678,218,165,26,16,11,0,0,124,-4.54721278628033,18.81651376146789,0.02318582683801651,-0.006468611769378185,0.9463641047477722,-0.02462534251390025,33.40327045917511,2.451814019680023,0.07074283473193646,0.02393345620657783,0.259765625,13.447670912742614,-6.984919309616089e-10,0.21544069051742554,0.0002410440122824974,-0.8066546320915222,0.3084042966365814,2801,0.5778912901878357,1295,nan,0,nan,0,nan,0
194,794624,14324.8,55.0,40.03,34.49,10,0.125,194,0.7731958762886598,209,162,36,7,4,0,0,116,-4.505890327872009,19.57894736842105,0.024211525917053223,-0.005608892999589443,0.9495754837989807,-0.013438797695562244,33.29709284305572,2.4469691634178163,0.06662794197909534,0.04040964894811623,0.33369140625,13.486869144439698,-4.0745362639427185e-10,0.2663128972053528,0.00024073694984646875,-0.8075706362724304,0.2793491780757904,2738,0.544356644153595,1345,1.8338961601257324,13,nan,0,nan,0
195,798720,14399.9,54.8,40.17,34.53,10,0.125,412,0.7402912621359223,218,155,43,14,6,0,0,119,-4.389190718029874,18.922018348623855,-0.04338499531149864,-0.006491280160844326,0.9615781307220459,-0.01778099252842367,38.475776243209836,2.443927752971649,0.07623895527794958,0.029344325832789765,0.296240234375,15.902438402175903,-4.656612873077393e-10,0.24801719188690186,0.0002404298874104401,-0.8087093830108643,0.2965623140335083,2612,0.5818192362785339,1466,1.6958208084106445,18,nan,0,nan,0
196,802816,14474.9,55.0,39.97,34.53,10,0.125,115,0.7913043478260869,215,170,27,18,0,0,0,119,-4.335343519031233,19.051162790697674,0.03868982195854187,-0.005953795742243528,0.9569698572158813,-0.02707074166974053,34.02120182514191,2.4372872948646545,0.06623865668661892,0.02878581601253245,0.286767578125,15.422805976867675,-1.7462298274040222e-10,0.2266443967819214,0.00024012282497441143,-0.8105577826499939,0.29820725321769714,2756,0.5614987015724182,1331,0.6415255069732666,9,nan,0,nan,0
197,806912,14549.7,55.1,39.82,34.51,10,0.125,325,0.7476923076923077,210,152,35,17,6,0,0,121,-4.504921017250161,19.409523809523808,-0.03175672888755798,-0.006146612577140331,0.9529078602790833,-0.027565762822632678,34.92111954689026,2.4307905793190003,0.06678808704018593,0.025019374946714378,0.237841796875,12.957304120063782,-1.5133991837501526e-09,0.2510809898376465,0.00023981576253838277,-0.8118786811828613,0.2936560809612274,2749,0.583491325378418,1338,1.6839330196380615,9,nan,0,nan,0
198,811008,14624.6,55.0,39.99,34.52,10,0.125,25,0.68,212,147,46,10,9,0,0,116,-4.381530092242385,19.32547169811321,-0.08162227272987366,-0.006445663515478373,0.9515963196754456,-0.01290298641542904,41.97067461013794,2.426222026348114,0.07362341722473502,0.03717810999660287,0.3404296875,16.672936630249023,-1.8044374883174896e-09,0.2392634153366089,0.0002395087001023541,-0.8127402067184448,0.28075680136680603,2637,0.5652421116828918,1445,2.178241014480591,14,nan,0,nan,0
199,815104,14699.9,54.7,40.34,34.55,10,0.125,240,0.8291666666666667,215,182,24,5,4,0,0,146,-4.207442070496737,19.111627906976743,0.11778043210506439,-0.006673052441328764,0.9618654847145081,-0.011633625160902739,29.110532176494598,2.4245429396629334,0.07904479042626918,0.030165460400166922,0.295947265625,20.542737817764284,-8.731149137020111e-10,0.3213125467300415,0.00023920163766632545,-0.8129231333732605,0.29898378252983093,2594,0.5959226489067078,1491,2.685051918029785,11,nan,0,nan,0
200,819200,14775.1,54.8,40.13,34.56,10,0.125,455,0.778021978021978,215,155,41,16,3,0,0,131,-4.241148314626754,18.832558139534882,-0.044969674199819565,-0.006481839343905449,0.9652151465415955,-0.01720958319492638,39.19600646495819,2.4230878233909605,0.07345977653749287,0.029299509210977702,0.279296875,18.422030925750732,-1.5133991837501526e-09,0.24113166332244873,0.0002388945752302968,-0.8134936094284058,0.2880314290523529,2604,0.5639712810516357,1484,0.4678550958633423,8,nan,0,nan,0
201,823296,14849.9,55.2,39.63,34.55,10,0.125,156,0.7435897435897436,213,160,32,14,7,0,0,122,-4.374826990478922,19.422535211267604,-0.008075729012489319,-0.006432526744902134,0.9572495222091675,-0.013584746245760471,35.55881533622742,2.4202040433883667,0.07557513280771673,0.045841911906609314,0.34658203125,15.625075149536134,-1.1641532182693481e-09,0.24974489212036133,0.00023858751279426813,-0.8144333362579346,0.2988334894180298,2702,0.5779831409454346,1383,2.267584800720215,11,nan,0,nan,0
202,827392,14924.6,55.2,39.72,34.54,10,0.125,364,0.7472527472527473,208,156,41,7,4,0,0,122,-4.285145023274484,19.4375,-0.004390038549900055,-0.008632998913526535,0.9843106865882874,-0.009767341450788081,40.94170838594437,2.4171656370162964,0.09923947229981422,0.04865363772551064,0.369921875,16.148223757743835,-1.1059455573558807e-09,0.3003522753715515,0.00023828045035823947,-0.814780592918396,0.36921340227127075,2582,0.6673807501792908,1491,3.0198912620544434,23,nan,0,nan,0
203,831488,14999.3,55.2,39.7,34.52,10,0.125,65,0.7538461538461538,213,152,46,9,6,0,0,114,-4.244524161398197,19.413145539906104,-0.039502233266830444,-0.010276700370013714,0.9948493242263794,-0.011125424853526055,36.84746196269989,2.4151976823806764,0.08386478493921459,0.045804192463401706,0.34404296875,12.60483477115631,-9.313225746154785e-10,0.24766641855239868,0.0002379733879222108,-0.8156114816665649,0.5317128300666809,2627,0.7819327712059021,1465,1.4442561864852905,4,nan,0,nan,0
204,835584,15073.8,55.3,39.49,34.52,10,0.125,275,0.7672727272727272,210,162,35,6,7,0,0,121,-4.44578780776914,19.19047619047619,0.02743833139538765,-0.0075131552293896675,0.9750385880470276,-0.022232552478089928,36.547564244270326,2.412121367454529,0.07342449952848255,0.036618881256435996,0.3267578125,14.145466709136963,-1.57160684466362e-09,0.265306293964386,0.00023766632548618215,-0.8161359429359436,0.323910653591156,2683,0.6563432216644287,1408,1.4654722213745117,5,nan,0,nan,0
205,839680,15148.6,55.0,39.91,34.54,10,0.125,489,0.7402862985685071,214,151,46,10,7,0,0,118,-4.485898964985803,19.378504672897197,-0.05159727856516838,-0.006202275399118662,0.9719216823577881,-0.02608853904530406,40.88482301235199,2.4104569792747497,0.0674358491320163,0.036302955108112656,0.3158203125,11.820425391197205,-5.238689482212067e-10,0.23739558458328247,0.0002373592630501535,-0.8165972828865051,0.3084907829761505,2690,0.5452247262001038,1402,1.2737312316894531,4,nan,0,nan,0
206,843776,15223.5,55.0,39.9,34.51,10,0.125,189,0.7195767195767195,212,150,40,16,6,0,0,119,-4.510972698587168,19.537735849056602,-0.03428160399198532,-0.006560231558978558,0.9552008509635925,-0.013950936030596495,39.64163165092468,2.4061139106750487,0.0792166693136096,0.055984453539713284,0.373046875,12.960056841373444,-5.238689482212067e-10,0.250058114528656,0.00023705220061412483,-0.818289041519165,0.28668639063835144,2750,0.6213735938072205,1343,1.908975601196289,3,nan,0,nan,0
207,847872,15297.9,55.3,39.5,34.54,10,0.125,394,0.7030456852791879,205,141,49,12,3,0,0,113,-4.461588191629531,19.590243902439024,-0.08120312541723251,-0.009551584720611572,0.9755846858024597,-0.01753393025137484,41.213992071151736,2.400308835506439,0.08573528686538338,0.04820163356489502,0.368310546875,13.136534929275513,-3.4924596548080444e-10,0.23985373973846436,0.00023674513817809617,-0.8192086219787598,0.392345666885376,2631,0.754280149936676,1462,1.7413142919540405,3,nan,0,nan,0
208,851968,15372.4,55.3,39.53,34.52,10,0.125,89,0.6179775280898876,207,137,55,12,3,0,0,104,-4.5387119085355545,20.06280193236715,-0.10297545790672302,-0.00876192469149828,0.9778863191604614,-0.02819643160328269,43.24677426815033,2.3975430846214296,0.0857074468396604,0.04171068097348325,0.34189453125,12.471140742301941,-5.820766091346741e-10,0.27735745906829834,0.0002364380757420675,-0.8201243281364441,0.40391579270362854,2692,0.7021095752716064,1403,2.774327039718628,1,nan,0,nan,0
209,856064,15447.0,55.3,39.6,34.53,10,0.125,302,0.652317880794702,213,142,53,6,12,0,0,120,-4.491691733546947,19.046948356807512,-0.07323454320430756,-0.00662902370095253,0.954674243927002,-0.02324274161364883,43.24546616077423,2.3944546699523928,0.07273016944527626,0.047596640785923225,0.35615234375,14.253935551643371,-1.1641532182693481e-10,0.257279634475708,0.00023613101330603885,-0.8204033374786377,0.3165125250816345,2639,0.5939263701438904,1454,1.289268970489502,3,nan,0,nan,0
210,860160,15521.2,55.6,39.15,34.57,10,0.125,0,,210,142,53,9,6,0,0,110,-4.575230953390113,19.68095238095238,-0.07027661055326462,-0.0076790256425738335,0.9701492786407471,-0.021981880255043506,40.90650579929352,2.3927178025245666,0.07870770581066608,0.03601940084481612,0.31162109375,15.28076367378235,-1.4551915228366852e-09,0.2617477774620056,0.0002358239508700102,-0.8212146162986755,0.3303053379058838,2643,0.6681297421455383,1449,1.0157139301300049,4,nan,0,nan,0
211,864256,15595.7,55.2,39.59,34.58,10,0.125,208,0.6875,208,143,46,10,9,0,0,116,-4.45770814216785,19.634615384615383,-0.06671632826328278,-0.006613579113036394,0.956532895565033,-0.024408089875942098,40.91984481811524,2.388364243507385,0.07224579607136547,0.0379164453712292,0.31884765625,13.083562183380128,-8.149072527885437e-10,0.24916213750839233,0.00023551688843398153,-0.8227288722991943,0.29812824726104736,2715,0.5891872048377991,1372,1.5088781118392944,9,nan,0,nan,0
212,868352,15670.7,55.0,40.03,34.5,10,0.125,420,0.7,212,151,39,13,9,0,0,118,-4.6605904665114695,19.367924528301888,-0.03544442355632782,-0.006658347323536873,0.9582903981208801,-0.020164500689134,37.80559270381927,2.3819805502891542,0.07210026169195771,0.031238601956283675,0.28505859375,17.899569392204285,-5.820766091346741e-10,0.2665439248085022,0.00023520982599795287,-0.8241841197013855,0.30187690258026123,2591,0.6072298288345337,1505,nan,0,nan,0,nan,0
213,872448,15745.5,55.1,39.87,34.51,10,0.125,125,0.712,217,159,39,15,4,0,0,122,-4.512654127041755,18.981566820276498,0.0031528514809906483,-0.005707511678338051,0.9523072838783264,-0.02380122458562255,38.162423968315125,2.3768477916717528,0.06447618128731847,0.040486174999387003,0.31650390625,14.968031644821167,-1.57160684466362e-09,0.23424094915390015,0.00023490276356192427,-0.8252251148223877,0.2923179268836975,2678,0.5348805785179138,1416,0.40445229411125183,2,nan,0,nan,0
214,876544,15820.4,55.1,39.83,34.54,10,0.125,342,0.7076023391812866,217,153,43,13,8,0,0,115,-4.43428215060782,18.691244239631338,-0.024683773517608643,-0.006140882149338722,0.9543696641921997,-0.022897790768183768,38.65773105621338,2.372331953048706,0.06888742716982961,0.0432891902688425,0.340869140625,11.774336457252502,-8.149072527885437e-10,0.2521247863769531,0.00023459570112589555,-0.8266002535820007,0.2954387664794922,2661,0.5733267664909363,1434,1.107048749923706,1,nan,0,nan,0
215,880640,15895.1,55.1,39.74,34.53,10,0.125,46,0.6739130434782609,216,164,32,18,2,0,0,124,-4.398884525315186,19.087962962962962,0.03571006655693054,-0.00586019828915596,0.9597938060760498,-0.020965954777784644,35.90334148406983,2.3664599537849424,0.06404341426678002,0.04428070904396009,0.3392578125,12.826592135429383,-1.8044374883174896e-09,0.24415051937103271,0.00023428863868986695,-0.8282501697540283,0.2772236466407776,2744,0.5491035580635071,1347,0.6038956046104431,5,nan,0,nan,0
216,884736,15969.7,55.3,39.61,34.51,10,0.125,264,0.6287878787878788,218,135,57,13,13,0,0,96,-4.433672685543685,18.68807339449541,-0.13978075981140137,-0.007164445240050554,0.9657039642333984,-0.021643157757353038,45.738572812080385,2.3597543001174928,0.0783578047528863,0.030296436283970253,0.282470703125,20.278958368301392,-6.984919309616089e-10,0.24747729301452637,0.00023398157625383823,-0.8298090696334839,0.3076595664024353,2531,0.5973783135414124,1562,0.32760950922966003,3,nan,0,nan,0
217,888832,16044.6,55.0,39.9,34.54,10,0.125,479,0.6617954070981211,215,151,43,14,7,0,0,117,-4.3663070386006355,19.088372093023256,-0.02655790001153946,-0.005380404647439718,0.9373872876167297,-0.02414708323776722,40.03080368041992,2.3535239815711977,0.061495019542053345,0.050741017889231445,0.34404296875,15.662720489501954,-3.4924596548080444e-10,0.25955575704574585,0.00023367451381780963,-0.8312104344367981,0.2810959815979004,2721,0.5450875759124756,1368,1.4357339143753052,7,nan,0,nan,0
218,892928,16119.1,55.3,39.61,34.51,10,0.125,175,0.7542857142857143,208,158,31,13,6,0,0,126,-4.232667241938632,19.76923076923077,0.032672204077243805,-0.006335554178804159,0.9616769552230835,-0.02043754393234849,35.72278439998627,2.3488948822021483,0.06633811560459435,0.04244500451895874,0.3326171875,14.875666880607605,-1.4551915228366852e-09,0.27249735593795776,0.00023336745138178091,-0.832116425037384,0.32895317673683167,2754,0.5715820789337158,1342,nan,0,nan,0,nan,0
219,897024,16193.3,55.5,39.26,34.52,10,0.125,391,0.710997442455243,216,146,52,11,7,0,0,111,-4.383641359768461,19.087962962962962,-0.06426805257797241,-0.00607206579297781,0.951288640499115,-0.024533323699142785,39.77420995235443,2.3447622418403626,0.06724708452820778,0.03270582397817634,0.3046875,12.96130940914154,-1.0477378964424133e-09,0.2743344306945801,0.0002330603889457523,-0.8337373733520508,0.28779542446136475,2605,0.5886728167533875,1486,1.4034011363983154,5,nan,0,nan,0
220,901120,16268.4,54.9,40.08,34.55,10,0.125,93,0.6881720430107527,214,159,28,22,5,0,0,133,-4.323522540435356,18.990654205607477,0.005682565271854401,-0.006044863723218441,0.9629057049751282,-0.025307825149502604,34.81812893152237,2.337511122226715,0.06544098681770265,0.03983939573518001,0.328515625,11.618921041488647,-1.280568540096283e-09,0.2248837947845459,0.0002327533265097236,-0.8352302312850952,0.2853642702102661,2752,0.5862764716148376,1343,1.6174088716506958,1,nan,0,nan,0
221,905216,16343.2,55.1,39.89,34.5,10,0.125,310,0.7225806451612903,217,160,40,15,2,0,0,133,-4.339992264063147,18.963133640552996,0.006988620385527611,-0.005895600654184818,0.9456045627593994,-0.018036606023088098,36.34178624153137,2.3319581747055054,0.0651863201521337,0.04230516754032578,0.328369140625,16.751641273498535,-1.6880221664905548e-09,0.25644272565841675,0.000232446264073695,-0.8365950584411621,0.2795502543449402,2711,0.5570374131202698,1385,nan,0,nan,0,nan,0
222,909312,16417.9,55.1,39.81,34.5,10,0.125,10,0.8,212,165,26,17,4,0,0,125,-4.354158378319471,19.183962264150942,0.051807940006256104,-0.005272840149700642,0.9402677416801453,-0.03396516093052924,33.00499274730682,2.3273103833198547,0.05922291791066527,0.0351596292864997,0.310693359375,11.568831753730773,-1.7462298274040222e-09,0.2018076777458191,0.00023213920163766633,-0.8376449346542358,0.27823305130004883,2702,0.5163128972053528,1388,1.2207834720611572,6,nan,0,nan,0
223,913408,16493.0,54.8,40.16,34.53,10,0.125,218,0.7660550458715596,208,159,28,18,3,0,0,134,-4.435297395621362,19.629807692307693,0.030943529680371284,-0.005369759164750576,0.9436728358268738,-0.023658632580190898,31.688776063919068,2.323686623573303,0.060811387840658426,0.03249872214510106,0.3048828125,15.267930960655212,-3.4924596548080444e-10,0.2551618218421936,0.00023183213920163767,-0.8383640050888062,0.2967205047607422,2774,0.5386859774589539,1318,0.901864767074585,4,nan,0,nan,0
224,917504,16567.6,55.2,39.64,34.5,10,0.125,432,0.7407407407407407,214,153,39,19,3,0,0,118,-4.227492926044411,19.11214953271028,-0.013382362201809883,-0.0061623938381671906,0.9526017308235168,-0.022834948147647083,37.60270082950592,2.319189524650574,0.06622490133158862,0.041462307004258035,0.33759765625,11.344677305221557,-6.984919309616089e-10,0.2128455638885498,0.000231525076765609,-0.8401355743408203,0.28424695134162903,2584,0.579617977142334,1511,1.294729471206665,1,nan,0,nan,0
225,921600,16642.1,55.2,39.67,34.51,10,0.125,132,0.7878787878787878,212,164,31,14,3,0,0,141,-4.273506032823487,19.50943396226415,0.05368835851550102,-0.005575436167418957,0.9412976503372192,-0.025966179207898676,32.72234718799591,2.3113385796546937,0.061856540478765966,0.055408988238195886,0.3697265625,11.624676704406738,-5.820766091346741e-11,0.25708675384521484,0.00023121801432958035,-0.8420948386192322,0.2872938811779022,2741,0.5157748460769653,1348,1.472858190536499,7,nan,0,nan,0
226,925696,16717.2,54.9,40.09,34.52,10,0.125,346,0.7658959537572254,214,161,26,24,3,0,0,128,-4.302466639846257,19.08411214953271,0.038213372230529785,-0.005684573203325272,0.9667696952819824,-0.0286203351104632,34.59667183160782,2.305193066596985,0.06083314879797399,0.03461855247733183,0.30234375,12.945298314094543,5.820766091346741e-11,0.1735660433769226,0.0002309109518935517,-0.843134880065918,0.2972567677497864,2758,0.531671404838562,1324,1.0061519145965576,14,nan,0,nan,0
227,929792,16791.4,55.5,39.26,34.57,10,0.125,53,0.7358490566037735,219,171,20,22,6,0,0,145,-4.285312463531059,18.570776255707763,0.07593182474374771,-0.004847993608564138,0.944028913974762,-0.02410711576230824,30.519592785835265,2.301607668399811,0.060835130512714386,0.05497525047976524,0.371533203125,11.94902150630951,-1.0477378964424133e-09,0.19163262844085693,0.00023060388945752303,-0.8438532948493958,0.25117358565330505,2809,0.49039536714553833,1280,0.837999165058136,7,nan,0,nan,0
228,933888,16866.6,54.8,40.2,34.5,10,0.125,268,0.7388059701492538,215,159,34,19,3,0,0,134,-4.38083469619498,19.190697674418605,0.02551216632127762,-0.005377223715186119,0.9482092261314392,-0.011678954702802002,36.66330976486206,2.298531985282898,0.0709954948630184,0.054725077096372844,0.404736328125,11.79216902256012,-4.656612873077393e-10,0.19072890281677246,0.00023029682702149437,-0.844886064529419,0.29013586044311523,2751,0.5195444226264954,1342,1.0914806127548218,3,nan,0,nan,0
229,937984,16941.3,55.1,39.77,34.52,10,0.125,489,0.7443762781186094,221,166,33,14,8,0,0,140,-4.259802291899785,18.65158371040724,0.043806273490190506,-0.006301126442849636,0.9465806484222412,-0.001245885668322444,33.60343083143234,2.2922919631004333,0.06987094958312809,0.0963319979608059,0.44248046875,12.19378445148468,-3.4924596548080444e-10,0.2283639907836914,0.0002299897645854657,-0.8466341495513916,0.2962283492088318,2686,0.5827828645706177,1403,0.5787637829780579,7,nan,0,nan,0
230,942080,17016.4,54.9,40.06,34.54,10,0.125,190,0.7315789473684211,213,152,40,17,4,0,0,122,-4.452116842230619,18.981220657276996,-0.013244247063994408,-0.0061782775446772575,0.954674243927002,-0.0018602609401568771,37.82101707458496,2.2871328830718993,0.07420969232916833,0.06455432850052603,0.415869140625,16.88294517993927,-3.4924596548080444e-10,0.20123469829559326,0.00022968270214943705,-0.8476532101631165,0.32077038288116455,2666,0.5610411167144775,1426,1.7769110202789307,4,nan,0,nan,0
231,946176,17091.1,55.2,39.75,34.5,10,0.125,403,0.7245657568238213,213,153,36,20,4,0,0,121,-4.25327279292066,19.187793427230048,0.0063056424260139465,-0.006088568828999996,0.9624001979827881,-0.02358279936015606,37.19296402931214,2.284485363960266,0.06524209142662585,0.044568051415262745,0.34912109375,13.629208612442017,-1.5133991837501526e-09,0.19860702753067017,0.00022937563971340836,-0.8479774594306946,0.3350410759449005,2777,0.5452747941017151,1316,0.9391061663627625,3,nan,0,nan,0
232,950272,17166.5,54.6,40.53,34.51,10,0.125,105,0.7428571428571429,214,163,34,13,4,0,0,129,-4.212311062307696,19.401869158878505,0.03683914244174957,-0.0072805006057024,0.9634209275245667,-0.026607108302414417,34.70184190273285,2.282334733009338,0.07356480211019516,0.03713376031955704,0.325439453125,13.640432238578796,0.0,0.25756144523620605,0.0002290685772773797,-0.8487300276756287,0.31604713201522827,2723,0.5668996572494507,1350,1.583267331123352,23,nan,0,nan,0
233,954368,17241.5,55.0,39.96,34.52,10,0.125,318,0.7169811320754716,213,150,28,24,11,0,0,119,-4.337100737123116,19.272300469483568,-0.004190447740256786,-0.00517819682136178,0.9446304440498352,-0.02297697899630293,37.7894802570343,2.277222549915314,0.059912678226828574,0.0692411950964015,0.391259765625,11.586234045028686,-1.0477378964424133e-09,0.18606340885162354,0.00022876151484135104,-0.8506304025650024,0.27906495332717896,2728,0.5272877812385559,1365,1.3723082542419434,3,nan,0,nan,0
234,958464,17316.3,55.0,39.87,34.53,10,0.125,21,0.8095238095238095,215,155,33,18,9,0,0,125,-4.3742499244341655,18.70232558139535,0.013224657624959946,-0.006139832548797131,0.9623808264732361,-0.027044163428945465,35.6586256980896,2.270796167850494,0.06393538974225521,0.04052071611222345,0.3244140625,11.14792091846466,-6.402842700481415e-10,0.23215097188949585,0.00022845445240532238,-0.8517026901245117,0.318570077419281,2818,0.5835227966308594,1271,1.2900193929672241,7,nan,0,nan,0
235,962560,17391.5,54.9,40.16,34.5,10,0.125,234,0.7264957264957265,213,153,28,30,2,0,0,128,-4.2199601910180835,19.164319248826292,0.013456055894494057,-0.005585915874689817,0.9394797682762146,-0.021899424749426542,35.2679726600647,2.267657256126404,0.06443376303650439,0.03302402249537408,0.286865234375,17.357530117034912,-1.57160684466362e-09,0.18499386310577393,0.00022814738996929372,-0.8523373603820801,0.28800150752067566,2878,0.5325908660888672,1216,1.629197120666504,2,nan,0,nan,0
236,966656,17466.5,54.9,40.14,34.47,10,0.125,451,0.738359201773836,217,163,29,20,5,0,0,124,-4.256703896910247,19.092165898617512,0.04659196734428406,-0.004991760477423668,0.9247228503227234,-0.02576922351727262,34.583322048187256,2.2647393584251403,0.05825044438242912,0.025593272713012993,0.26455078125,14.64698293209076,-2.0954757928848267e-09,0.19285517930984497,0.00022784032753326506,-0.8531513810157776,0.26213744282722473,2787,0.5169448256492615,1309,nan,0,nan,0,nan,0
237,970752,17541.5,55.0,40.02,34.49,10,0.125,154,0.7207792207792207,215,158,30,22,5,0,0,121,-4.239838843993477,19.07906976744186,0.025546930730342865,-0.0056152669712901115,0.953620195388794,-0.028871113050263374,36.687592554092404,2.261066162586212,0.06313496246002614,0.025208638512413017,0.24873046875,15.779462003707886,-8.731149137020111e-10,0.20036989450454712,0.0002275332650972364,-0.8540764451026917,0.28998714685440063,2735,0.5502992868423462,1360,0.2918208837509155,1,nan,0,nan,0
238,974848,17616.3,55.1,39.78,34.5,10,0.125,364,0.7115384615384616,210,148,36,20,6,0,0,116,-4.278219671118557,19.304761904761904,-0.014961399137973785,-0.005274795927107334,0.9539372324943542,-0.03350532887270674,37.12129491567612,2.257268261909485,0.060517487768083814,0.028842712394543925,0.28935546875,17.326843547821046,-8.149072527885437e-10,0.22271782159805298,0.00022722620266120774,-0.8552973866462708,0.26883411407470703,2753,0.5345563292503357,1342,1.5695629119873047,1,nan,0,nan,0
239,978944,17691.4,54.9,40.18,34.49,10,0.125,61,0.6557377049180327,209,153,34,19,3,0,0,124,-4.307435241645628,19.617224880382775,0.02477024495601654,-0.005643695127218962,0.9513763785362244,-0.02602976382477209,35.19421867132187,2.2515681266784666,0.06450354349799454,0.04115745944727678,0.32255859375,13.774761533737182,-8.731149137020111e-10,0.21609562635421753,0.00022691914022517908,-0.8567290306091309,0.29088258743286133,2885,0.5470240116119385,1207,2.3787591457366943,4,nan,0,nan,0
240,983040,17766.6,54.8,40.21,34.52,10,0.125,277,0.7581227436823105,216,170,30,16,0,0,0,138,-4.473798205070675,19.171296296296298,0.08764113485813141,-0.004760046489536762,0.9530927538871765,-0.010049277031794191,32.25709975957871,2.246010434627533,0.05843182778917253,0.06390448308666237,0.385400390625,14.252446246147155,-9.313225746154785e-10,0.21006709337234497,0.00022661207778915042,-0.8581631183624268,0.26806971430778503,2927,0.5052536129951477,1169,nan,0,nan,0,nan,0
241,987136,17841.4,55.1,39.8,34.55,10,0.125,487,0.7453798767967146,210,153,37,20,0,0,0,122,-4.254825018568163,19.571428571428573,0.0003661317750811577,-0.00720056239515543,0.967318594455719,-0.01466812016442418,36.08178751468658,2.240846598148346,0.07108755721710622,0.03970464808226097,0.323974609375,16.800216794013977,5.238689482212067e-10,0.25138479471206665,0.00022630501535312176,-0.8593136072158813,0.3677580654621124,2691,0.5927445292472839,1391,1.0032440423965454,14,nan,0,nan,0
242,991232,17916.6,54.8,40.18,34.55,10,0.125,187,0.7112299465240641,212,151,33,22,6,0,0,114,-4.178350647577508,19.358490566037737,-0.011778345331549644,-0.00615931861102581,0.9706488251686096,-0.0317441816907376,37.47697131633758,2.2367958664894103,0.06734777218662202,0.025462067275657318,0.24609375,15.081161260604858,-1.0477378964424133e-09,0.26901185512542725,0.0002259979529170931,-0.8600369095802307,0.30090776085853577,2813,0.567784309387207,1274,1.7593865394592285,9,nan,0,nan,0
243,995328,17991.2,55.2,39.66,34.52,10,0.125,398,0.7160804020100503,211,152,39,16,4,0,0,108,-4.109965352158609,19.473933649289098,0.0034606540575623512,-0.005595159716904163,0.9518661499023438,-0.02222479049814865,36.78300389051437,2.2354127407073974,0.06117710401304066,0.04610252163547557,0.357763671875,12.68543586730957,2.9103830456733704e-10,0.24842894077301025,0.00022569089048106444,-0.8600685596466064,0.2845625579357147,2716,0.564134955406189,1369,0.9554811120033264,11,nan,0,nan,0
244,999424,18066.3,54.8,40.24,34.49,10,0.125,103,0.6310679611650486,217,144,53,17,3,0,0,102,-4.345779946901685,18.695852534562214,-0.07024786621332169,-0.005372443702071905,0.9463779330253601,-0.028702138969674707,39.81506335735321,2.234085273742676,0.06105854781344533,0.04463412676122971,0.33359375,11.610456132888794,-1.3969838619232178e-09,0.2829381227493286,0.00022538382804503578,-0.860962450504303,0.2541399896144867,2755,0.5485479235649109,1333,1.133482813835144,8,nan,0,nan,0
245,1003520,18141.4,54.9,40.15,34.52,10,0.125,313,0.7092651757188498,210,157,38,14,1,0,0,120,-4.293659730545096,19.357142857142858,0.0312256570905447,-0.0059663173742592335,0.9444158673286438,-0.027662150806281715,36.43881740570068,2.229140245914459,0.06633551707491278,0.034943458918132816,0.297998046875,16.381745386123658,-5.820766091346741e-11,0.23269885778427124,0.00022507676560900712,-0.8624453544616699,0.28476378321647644,2738,0.538307249546051,1349,1.8531131744384766,9,nan,0,nan,0
246,1007616,18216.4,55.0,40.01,34.53,10,0.125,14,0.6428571428571429,213,159,34,17,3,0,0,124,-4.2637373823615015,19.27699530516432,0.04216600954532623,-0.005388947203755379,0.9582796692848206,-0.028487362852320074,35.204842400550845,2.2240572333335877,0.06191613315604627,0.026140587570262143,0.26279296875,15.31306049823761,-4.0745362639427185e-10,0.2944721579551697,0.00022476970317297852,-0.8631073236465454,0.2708876132965088,2804,0.5277104377746582,1287,1.1131198406219482,5,nan,0,nan,0
247,1011712,18292.1,54.4,40.71,34.54,10,0.125,227,0.8061674008810573,213,174,20,16,3,0,0,141,-4.337365626456894,19.112676056338028,0.12007172405719757,-0.005084929056465626,0.9397373199462891,-0.016183978947810828,27.570793628692627,2.221445095539093,0.0597222832031548,0.06915729505126364,0.404833984375,11.901016664505004,-6.402842700481415e-10,0.310385525226593,0.0002244626407369498,-0.8641063570976257,0.26881831884384155,2895,0.48928648233413696,1192,1.081471562385559,9,nan,0,nan,0
248,1015808,18367.1,55.0,40.03,34.5,10,0.125,437,0.7528604118993135,210,146,40,23,1,0,0,105,-4.196999858660016,19.833333333333332,-0.017720431089401245,-0.006287771742790937,0.9588265419006348,-0.020705592376179992,38.73817982673645,2.21763881444931,0.07240316290408373,0.03192971730604768,0.301318359375,20.852405261993407,-6.402842700481415e-10,0.2349073886871338,0.0002241555783009212,-0.8649609088897705,0.2910626232624054,2769,0.5745517611503601,1321,1.538246989250183,6,nan,0,nan,0
249,1019904,18441.6,55.3,39.49,34.54,10,0.125,134,0.7313432835820896,209,147,39,16,7,0,0,121,-4.2659853974440916,19.39712918660287,-0.019837576895952225,-0.005891868378967047,0.9583225846290588,-0.03645576909184456,40.35637121200561,2.2153454184532166,0.06349022327922285,0.031993141424027274,0.28720703125,12.169639182090759,-5.820766091346741e-10,0.21740132570266724,0.00022384851586489249,-0.8652568459510803,0.2756936550140381,2719,0.5643997192382812,1365,1.2310258150100708,12,nan,0,nan,0
250,1024000,18517.1,54.6,40.52,34.54,10,0.125,348,0.7183908045977011,214,152,37,19,6,0,0,116,-4.314739739118612,19.098130841121495,-0.011222807690501213,-0.005194598343223333,0.930963397026062,-0.027963643555995076,39.561714792251585,2.2134214639663696,0.06018917057663202,0.030503499979386107,0.2716796875,15.407207608222961,-9.313225746154785e-10,0.19108057022094727,0.00022354145342886388,-0.8660163283348083,0.254763126373291,2848,0.559626042842865,1236,0.6712791323661804,12,nan,0,nan,0
251,1028096,18592.3,54.8,40.22,34.52,10,0.125,44,0.6590909090909091,208,155,23,28,2,0,0,120,-4.353587677625483,19.798076923076923,0.0483996719121933,-0.0050149038434028625,0.9488168954849243,-0.02133195229107514,34.376517462730405,2.210450804233551,0.06072700335644186,0.04685894719441421,0.35419921875,14.188629102706908,-1.1641532182693481e-09,0.215681254863739,0.00022323439099283517,-0.8665317296981812,0.25683873891830444,2854,0.5001997351646423,1237,1.6847553253173828,5,nan,0,nan,0
252,1032192,18667.5,54.9,40.16,34.5,10,0.125,255,0.7215686274509804,211,155,35,17,4,0,0,123,-4.294703753761347,19.327014218009477,0.032264113426208496,-0.0049934652633965015,0.9546975493431091,-0.0354690853971988,35.58374571800232,2.20734326839447,0.057735499320551754,0.03729619932710193,0.308056640625,12.004949307441711,-1.1641532182693481e-09,0.20793724060058594,0.00022292732855680656,-0.8679348826408386,0.27609920501708984,2869,0.4799067974090576,1226,1.1498740911483765,1,nan,0,nan,0
253,1036288,18742.8,54.7,40.34,34.53,10,0.125,467,0.7537473233404711,212,168,28,14,2,0,0,121,-4.389754709082849,19.34433962264151,0.10079765319824219,-0.004932704847306013,0.9387229681015015,-0.016191670414991678,31.943623483181,2.2016937255859377,0.061807018052786586,0.0637092811288312,0.40458984375,14.818434691429138,1.1641532182693481e-10,0.22368407249450684,0.00022262026612077785,-0.8689189553260803,0.2724859416484833,2811,0.5077073574066162,1282,0.5692756175994873,3,nan,0,nan,0
254,1040384,18817.9,54.9,40.11,34.55,10,0.125,166,0.7891566265060241,211,166,29,13,3,0,0,131,-4.221666085201651,19.308056872037916,0.08463675528764725,-0.005662687122821808,0.9444015622138977,-0.022260487859603016,33.792828392982486,2.198186993598938,0.06756127015687526,0.035572728601982816,0.310888671875,13.745082592964172,-9.313225746154785e-10,0.3032459020614624,0.00022231320368474924,-0.8699359893798828,0.26329973340034485,2834,0.5573147535324097,1258,3.884406089782715,4,nan,0,nan,0
255,1044480,18892.9,55.0,40.0,34.52,10,0.125,381,0.7401574803149606,215,151,43,18,3,0,0,124,-4.212220741027096,19.269767441860466,-0.00491130817681551,-0.005101531744003296,0.938160240650177,-0.023365259263664485,38.33949327468872,2.193604254722595,0.06090937778353691,0.033074439692427404,0.30029296875,19.833707785606386,-3.4924596548080444e-10,0.28392457962036133,0.00022200614124872053,-0.8712035417556763,0.25117820501327515,2833,0.5143219232559204,1249,1.2968387603759766,14,nan,0,nan,0
256,1048576,18968.2,54.7,40.34,34.53,10,0.125,87,0.7126436781609196,218,161,39,11,7,0,0,127,-4.068096330593309,18.692660550458715,0.044125624001026154,-0.005558321252465248,0.9453326463699341,-0.03168144961819053,36.00236032009125,2.1873419284820557,0.06454786849208176,0.04209567045327276,0.324072265625,14.599734377861022,-1.3969838619232178e-09,0.2736983299255371,0.00022169907881269192,-0.8731296062469482,0.2603673040866852,2748,0.5507998466491699,1341,0.9271959066390991,7,nan,0,nan,0
257,1052672,19043.5,54.6,40.42,34.54,10,0.125,307,0.749185667752443,220,168,28,20,4,0,0,136,-4.044114113588479,18.631818181818183,0.06609989702701569,-0.006085652858018875,0.9424664378166199,-0.03206598029355519,34.75939912796021,2.18102148771286,0.07342144842259586,0.03351725858519785,0.295751953125,13.432284665107726,-1.6298145055770874e-09,0.30892181396484375,0.0002213920163766632,-0.8741995096206665,0.27891501784324646,2740,0.5876182317733765,1346,2.8291823863983154,10,nan,0,nan,0
258,1056768,19118.9,54.6,40.49,34.49,10,0.125,18,0.7222222222222222,223,159,33,26,5,0,0,126,-4.3754072034265565,18.51121076233184,0.04346081614494324,-0.005609690677374601,0.9413890838623047,-0.029347621276974677,36.86036658287048,2.175918257236481,0.06871277932077646,0.04269068525754847,0.316162109375,13.576954746246338,-2.153683453798294e-09,0.2117137312889099,0.0002210849539406346,-0.875978946685791,0.2684578001499176,2723,0.5481209754943848,1369,2.158581256866455,4,nan,0,nan,0
259,1060864,19193.1,55.5,39.2,34.54,10,0.125,227,0.7136563876651982,209,149,38,21,1,0,0,104,-4.335789442346908,19.37799043062201,0.0037321867421269417,-0.006300920620560646,0.9588371515274048,-0.013661512709222733,37.04896383285522,2.169438135623932,0.06862002788111568,0.06327298091491684,0.4005859375,15.753756618499756,0.0,0.22738581895828247,0.0002207778915046059,-0.8769292831420898,0.31769421696662903,2740,0.6003777384757996,1346,0.9877174496650696,10,nan,0,nan,0
260,1064960,19268.5,54.7,40.41,34.49,10,0.125,442,0.748868778280543,215,169,21,25,0,0,0,134,-4.254304697361947,18.94418604651163,0.10531620681285858,-0.004919303581118584,0.9577428698539734,-0.02487052435753867,29.192016911506652,2.1654125332832335,0.05626769857481122,0.032649194698024075,0.286181640625,21.487742686271666,-1.8917489796876907e-09,0.2132781744003296,0.00022047082906857728,-0.8785285949707031,0.27709534764289856,2974,0.5165993571281433,1122,nan,0,nan,0,nan,0
261,1069056,19343.4,55.0,39.91,34.51,10,0.125,144,0.75,214,160,24,29,1,0,0,119,-4.245443256232305,19.378504672897197,0.05714661628007889,-0.0050215451046824455,0.950025737285614,-0.011767845693975687,33.85487034320831,2.1586785912513733,0.06476564235053957,0.057861811897601,0.36943359375,14.47674343585968,-9.89530235528946e-10,0.18664181232452393,0.00022016376663254857,-0.8799647092819214,0.2607223391532898,2778,0.50757896900177,1313,0.6079787611961365,5,nan,0,nan,0
262,1073152,19418.7,54.7,40.37,34.56,10,0.125,358,0.7458100558659218,214,159,29,26,0,0,0,127,-4.3494206634693215,19.16822429906542,0.055865511298179626,-0.005723831709474325,0.961875319480896,-0.021543033816851676,35.72206635475159,2.155064916610718,0.06549105010926723,0.05966741164738778,0.401123046875,12.483820080757141,-1.9208528101444244e-09,0.17543375492095947,0.00021985670419651996,-0.8801307678222656,0.3082542419433594,2785,0.5429086089134216,1307,1.109832763671875,4,nan,0,nan,0
263,1077248,19493.8,54.9,40.05,34.51,10,0.125,61,0.819672131147541,215,160,33,21,1,0,0,138,-4.10463514774509,19.10232558139535,0.061978600919246674,-0.006449463311582804,0.9474362134933472,-0.026211376267019658,37.9464231967926,2.153563678264618,0.06960489377379417,0.03272534307325259,0.29072265625,15.565848302841186,-9.313225746154785e-10,0.2114982008934021,0.00021954964176049125,-0.8813362121582031,0.29447340965270996,2800,0.6154711246490479,1290,2.074202537536621,6,nan,0,nan,0
264,1081344,19569.2,54.6,40.44,34.52,10,0.125,276,0.7681159420289855,215,162,23,28,2,0,0,122,-4.237987181172866,18.990697674418605,0.08379261195659637,-0.005411035381257534,0.9458902478218079,-0.021532535599544645,33.16056742668152,2.1467540979385378,0.05897058062255382,0.04470009865326574,0.342431640625,16.89010033607483,-1.8917489796876907e-09,0.18866777420043945,0.00021924257932446264,-0.8829702138900757,0.2860293686389923,2887,0.567496120929718,1201,0.8711448907852173,8,nan,0,nan,0
265,1085440,19644.4,54.9,40.1,34.54,10,0.125,493,0.7565922920892495,217,161,27,22,7,0,0,127,-4.307584630217103,18.930875576036865,0.058835916221141815,-0.0055327024310827255,0.9430265426635742,-0.02729004230350256,34.27451022863388,2.1413318037986757,0.0642835192847997,0.031343989254673944,0.274365234375,18.77900993824005,-6.984919309616089e-10,0.1886342167854309,0.00021893551688843398,-0.8843783736228943,0.2701107859611511,2788,0.5595188736915588,1306,2.7372682094573975,2,nan,0,nan,0
266,1089536,19719.7,54.7,40.33,34.55,10,0.125,195,0.7948717948717948,214,172,12,23,7,0,0,136,-4.309709593490379,18.901869158878505,0.1389518827199936,-0.00446342583745718,0.9497681856155396,-0.02338821047451347,27.41141085624695,2.136424386501312,0.052119397139176724,0.05688741518533789,0.3794921875,14.708073329925536,-5.820766091346741e-10,0.1725383996963501,0.00021862845445240532,-0.8850733637809753,0.2704545557498932,2937,0.474007248878479,1159,nan,0,nan,0,nan,0
267,1093632,19795.1,54.7,40.32,34.54,10,0.125,406,0.7955665024630542,211,168,22,19,2,0,0,136,-4.283731152354552,19.29383886255924,0.12147597223520279,-0.004972300957888365,0.9323037266731262,-0.02582814885536209,28.866470807790755,2.1345256209373473,0.05743985790759325,0.02889222486555809,0.256005859375,17.121774220466612,3.4924596548080444e-10,0.23097771406173706,0.00021832139201637666,-0.8854683637619019,0.2580045461654663,2938,0.5461103916168213,1156,1.258155345916748,2,nan,0,nan,0
268,1097728,19870.5,54.6,40.51,34.51,10,0.125,113,0.7699115044247787,219,170,24,23,2,0,0,137,-4.298174464004342,19.022831050228312,0.11299832165241241,-0.004866895265877247,0.9231364727020264,-0.024314530845731496,30.578615963459015,2.132281792163849,0.057451099064201115,0.037874384794849905,0.31435546875,13.051858973503112,-1.1641532182693481e-09,0.2075023055076599,0.000218014329580348,-0.8863012194633484,0.2615741491317749,2857,0.5079488158226013,1239,nan,0,nan,0,nan,0
269,1101824,19945.8,54.7,40.32,34.51,10,0.125,319,0.7366771159874608,206,148,34,22,2,0,0,115,-4.238199995785439,19.631067961165048,0.027877185493707657,-0.005683940835297108,0.9331619739532471,-0.00710102254524827,36.80541999340058,2.1293312668800355,0.07024245839565993,0.07456408907601145,0.4181640625,20.948984456062316,-1.4551915228366852e-09,0.2202557921409607,0.00021770726714431934,-0.8867346048355103,0.2646610140800476,2833,0.574806272983551,1257,1.275065302848816,6,nan,0,nan,0
270,1105920,20020.7,55.0,39.92,34.54,10,0.125,21,0.7142857142857143,214,174,22,15,3,0,0,128,-4.282512702145004,19.242990654205606,0.15816180408000946,-0.005139940418303013,0.9513137340545654,-0.02676469903672114,28.890669125318528,2.1284663438797,0.05425152606330812,0.03644610813353211,0.312109375,18.160421895980836,-1.3969838619232178e-09,0.20934957265853882,0.00021740020470829068,-0.8869801163673401,0.34222540259361267,2874,0.5103657841682434,1220,2.9573330879211426,2,nan,0,nan,0
271,1110016,20096.1,54.6,40.41,34.54,10,0.125,237,0.7805907172995781,216,170,23,22,1,0,0,134,-4.102139223920067,19.15277777777778,0.10754626989364624,-0.0048459237441420555,0.9456185698509216,-0.026709157042205334,29.772049403190614,2.126749885082245,0.05505080637522042,0.032697151764295995,0.2904296875,17.32625021934509,-6.984919309616089e-10,0.227441668510437,0.00021709314227226202,-0.8875902891159058,0.2661346197128296,2882,0.4766407907009125,1209,1.9088964462280273,5,nan,0,nan,0
272,1114112,20170.6,55.3,39.53,34.52,10,0.125,444,0.7635135135135135,207,154,32,14,7,0,0,119,-4.216836813157171,19.758454106280194,0.05230915546417236,-0.005492790136486292,0.9490871429443359,-0.024710083159152418,34.207873737812044,2.123363363742828,0.06060809097252786,0.06428178450150882,0.385009765625,11.116218113899231,-2.153683453798294e-09,0.2504040002822876,0.00021678607983623336,-0.888533353805542,0.28263571858406067,2826,0.5354851484298706,1263,0.8827205300331116,7,nan,0,nan,0
273,1118208,20245.7,54.8,40.23,34.52,10,0.125,138,0.7608695652173914,206,156,23,26,1,0,0,125,-4.166698748129777,19.75242718446602,0.07918332517147064,-0.005188809707760811,0.9431876540184021,-0.03268713174620643,32.601269602775574,2.119643235206604,0.05926759666763246,0.05247278296737932,0.350048828125,13.873633623123169,-1.5133991837501526e-09,0.17034560441970825,0.0002164790174002047,-0.8895217180252075,0.25852325558662415,2844,0.541241466999054,1247,1.9632879495620728,5,nan,0,nan,0
274,1122304,20320.9,54.8,40.24,34.5,10,0.125,352,0.7414772727272727,214,156,31,24,3,0,0,124,-4.265800839920121,19.214953271028037,0.05938413739204407,-0.00560138002038002,0.9422977566719055,-0.030318266176618636,35.79487140178681,2.1152712225914003,0.06387716168537735,0.04506870161276311,0.363525390625,14.859749937057495,-8.149072527885437e-10,0.24240541458129883,0.00021617195496417604,-0.8906344175338745,0.26734817028045654,2780,0.5328847169876099,1304,1.5503517389297485,12,nan,0,nan,0
275,1126400,20395.9,54.9,40.08,34.57,10,0.125,54,0.7407407407407407,214,159,23,30,2,0,0,122,-4.2214125484666685,19.093457943925234,0.07645589113235474,-0.005599376745522022,0.9441009759902954,-0.021425935870502143,33.612258756160735,2.1116520047187803,0.06342020593583583,0.03960005134576931,0.329541015625,17.930380725860594,-1.0477378964424133e-09,0.14294487237930298,0.00021586489252814738,-0.8912571668624878,0.29163292050361633,2852,0.5267695188522339,1244,nan,0,nan,0,nan,0
276,1130496,20471.3,54.7,40.42,34.49,10,0.125,268,0.7649253731343284,214,165,24,23,2,0,0,118,-4.318225778230009,19.154205607476637,0.10599718242883682,-0.005218529142439365,0.9402369856834412,-0.025544085062574596,31.622862267494202,2.1096829175949097,0.06077712955884636,0.04639400629966985,0.3421875,14.535295057296754,-2.9103830456733704e-10,0.19834697246551514,0.00021555783009211872,-0.8918876051902771,0.2573014497756958,2777,0.5257889032363892,1315,0.7424122095108032,4,nan,0,nan,0
277,1134592,20546.9,54.6,40.55,34.5,10,0.125,476,0.7752100840336135,208,164,23,19,2,0,0,135,-4.279753849674369,19.427884615384617,0.10658114403486252,-0.00468060839921236,0.9549897313117981,-0.021262049721553922,28.67176684141159,2.106998789310455,0.05623360136523843,0.06842074399173725,0.382470703125,12.933537864685059,-9.313225746154785e-10,0.2146938443183899,0.00021525076765609006,-0.8925437331199646,0.2630738914012909,2895,0.4847516715526581,1201,nan,0,nan,0,nan,0
278,1138688,20622.1,54.7,40.27,34.55,10,0.125,187,0.6951871657754011,223,155,27,35,6,0,0,126,-4.222971540355063,18.52017937219731,0.034169189631938934,-0.004837105982005596,0.9375161528587341,-0.019591557868989185,37.692810487747195,2.1037275433540343,0.05661457250826061,0.03281092716206331,0.299169921875,22.178193664550783,-1.1059455573558807e-09,0.16857081651687622,0.0002149437052200614,-0.8934239745140076,0.26869770884513855,2850,0.49646344780921936,1246,nan,0,nan,0,nan,0
279,1142784,20697.3,54.8,40.2,34.51,10,0.125,404,0.7301980198019802,217,165,24,26,2,0,0,124,-4.25386772088558,18.972350230414747,0.08742986619472504,-0.0050782072357833385,0.9404485821723938,-0.030168797867372633,31.7520174741745,2.1001799941062926,0.059083366766572,0.041992393795226235,0.3203125,16.636573553085327,-5.529727786779404e-10,0.22266721725463867,0.00021463664278403274,-0.894505500793457,0.2503872215747833,2851,0.5232939124107361,1244,1.0841126441955566,1,nan,0,nan,0
280,1146880,20772.7,54.7,40.4,34.51,10,0.125,110,0.6818181818181818,218,153,39,23,3,0,0,116,-4.152405899365204,18.711009174311926,0.03655872493982315,-0.00619546789675951,0.9499742388725281,-0.02141488397028297,37.48931238651276,2.094206440448761,0.0722128018271178,0.055227325634041334,0.3294921875,16.566964435577393,-1.1932570487260818e-09,0.22503435611724854,0.00021432958034800408,-0.8963002562522888,0.2909206748008728,2826,0.5956653952598572,1268,4.713160037994385,2,nan,0,nan,0
281,1150976,20848.8,54.2,41.09,34.51,10,0.125,328,0.7164634146341463,218,160,21,34,3,0,0,124,-4.114300079903949,18.738532110091743,0.06752385199069977,-0.005013640504330397,0.9391438961029053,-0.009175989986397326,33.41984660625458,2.0880223393440245,0.059589629108086226,0.06718288369156653,0.41005859375,17.183075952529908,-1.2514647096395493e-09,0.18363022804260254,0.00021402251791197542,-0.8972463011741638,0.2618881165981293,2843,0.5211959481239319,1248,0.6563477516174316,5,nan,0,nan,0
282,1155072,20923.6,55.1,39.83,34.51,10,0.125,27,0.7407407407407407,211,144,40,26,1,0,0,108,-4.256318622454297,19.56872037914692,-0.0037127528339624405,-0.005786614492535591,0.9366795420646667,-0.030542364361463115,40.494609522819516,2.0864208817481993,0.0652535418048501,0.039730215235613285,0.3294921875,17.30065393447876,-4.656612873077393e-10,0.24222606420516968,0.00021371545547594676,-0.8974728584289551,0.2658580243587494,2802,0.5767784714698792,1288,2.4342453479766846,6,nan,0,nan,0
283,1159168,20999.1,54.5,40.59,34.51,10,0.125,242,0.7355371900826446,215,158,29,23,5,0,0,117,-4.2477143510321955,18.930232558139537,0.07380426675081253,-0.0052623450756073,0.9234733581542969,-0.032800389686599374,35.90676305294037,2.084606945514679,0.06125883948989212,0.028463080077199266,0.279248046875,15.92689597606659,-1.3387762010097504e-09,0.1778801679611206,0.0002134083930399181,-0.8982373476028442,0.25599896907806396,2877,0.5501190423965454,1219,nan,0,nan,0,nan,0
284,1163264,21074.3,54.7,40.31,34.51,10,0.125,458,0.7096069868995634,216,147,36,29,4,0,0,118,-4.2514382342431345,19.064814814814813,0.010266941972076893,-0.006155089475214481,0.9618556499481201,-0.029737692791968584,37.444518733024594,2.080607759952545,0.07450243798084558,0.037300016438530294,0.305615234375,17.214861392974854,-1.8917489796876907e-09,0.242994487285614,0.00021310133060388944,-0.8992688655853271,0.266012579202652,2833,0.5810945630073547,1256,3.9379589557647705,7,nan,0,nan,0
285,1167360,21149.8,54.6,40.5,34.5,10,0.125,152,0.7960526315789473,206,158,19,27,2,0,0,128,-4.228152743913748,19.718446601941746,0.10660085082054138,-0.0044722966849803925,0.938560426235199,-0.028982762747909875,30.7426118850708,2.0768314003944397,0.051733157318085435,0.047752593469340354,0.361328125,14.870076978206635,-1.4551915228366852e-09,0.2058156132698059,0.0002127942681678608,-0.900376558303833,0.2605242431163788,2949,0.4900033473968506,1144,0.5302397012710571,3,nan,0,nan,0
286,1171456,21225.0,54.8,40.17,34.54,10,0.125,363,0.7548209366391184,211,153,39,18,1,0,0,115,-4.150386185838062,19.62559241706161,0.041585229337215424,-0.004891430493444204,0.9418275356292725,-0.02976638902910054,37.2277086019516,2.071270763874054,0.05788562763482332,0.03589630333299283,0.288330078125,18.11361789703369,-6.402842700481415e-10,0.2578479051589966,0.00021248720573183212,-0.901918351650238,0.2467229962348938,2850,0.5304625034332275,1245,0.921758770942688,1,nan,0,nan,0
287,1175552,21299.9,55.0,39.9,34.58,10,0.125,64,0.75,213,161,26,20,6,0,0,128,-4.164066695751649,19.145539906103288,0.09383593499660492,-0.0052235741168260574,0.9384496808052063,-0.03167235217988491,32.06080808639526,2.066444456577301,0.059803834790363906,0.03720323869783897,0.30283203125,16.53831627368927,-1.1932570487260818e-09,0.2561724781990051,0.0002121801432958035,-0.9028347730636597,0.26503056287765503,2872,0.5289820432662964,1209,1.0508538484573364,15,nan,0,nan,0
288,1179648,21375.3,54.7,40.39,34.51,10,0.125,272,0.7867647058823529,208,166,18,21,3,0,0,126,-4.292998095889281,19.64423076923077,0.1322997808456421,-0.004379982128739357,0.9413580298423767,-0.012770645885029807,29.01733329296112,2.060798943042755,0.0552242002915591,0.054725885749212465,0.37734375,14.918225860595703,-7.566995918750763e-10,0.2456335425376892,0.0002118730808597748,-0.9047231078147888,0.25356942415237427,2901,0.44812923669815063,1185,1.9158804416656494,10,nan,0,nan,0
289,1183744,21451.0,54.4,40.85,34.49,10,0.125,485,0.7896907216494845,213,169,23,20,1,0,0,132,-4.26980070218384,19.122065727699532,0.13451321423053741,-0.004804537165910006,0.9307236671447754,-0.023527816776186226,30.79406831264496,2.0536049127578737,0.05868269475176931,0.04269878865889041,0.338671875,14.517295455932617,-1.3096723705530167e-09,0.21316730976104736,0.00021156601842374617,-0.9063205718994141,0.23978498578071594,2885,0.5155155658721924,1210,4.523005962371826,1,nan,0,nan,0
290,1187840,21526.0,55.0,40.03,34.5,10,0.125,182,0.7362637362637363,209,157,32,17,3,0,0,122,-4.194636771816134,19.63157894736842,0.07035531103610992,-0.005064215511083603,0.9382557272911072,-0.02847542716190219,34.864338397979736,2.048631012439728,0.07039199299179018,0.03638253167446237,0.29501953125,19.56588864326477,-8.731149137020111e-10,0.25898563861846924,0.00021125895598771748,-0.9071622490882874,0.24530860781669617,2950,0.5462451577186584,1138,4.719195365905762,8,nan,0,nan,0
291,1191936,21600.7,55.1,39.77,34.51,10,0.125,393,0.7404580152671756,211,157,31,21,2,0,0,117,-4.22109027976637,19.526066350710902,0.06956612318754196,-0.005296521354466677,0.9500643610954285,-0.03544749115244485,34.403963434696195,2.045878326892853,0.05947747807949781,0.04296538704511477,0.33515625,12.534242939949035,-7.275957614183426e-10,0.24573194980621338,0.00021095189355168885,-0.9077755808830261,0.24599644541740417,2743,0.542019784450531,1343,1.2585341930389404,10,nan,0,nan,0
292,1196032,21675.7,55.0,39.96,34.51,10,0.125,91,0.7252747252747253,210,154,32,19,5,0,0,124,-4.234557347001911,19.495238095238093,0.06456328928470612,-0.005762387067079544,0.9287184476852417,-0.015005491231568158,40.05820050239563,2.042461907863617,0.0800621896982193,0.11120264610653977,0.4,16.449364328384398,-2.066371962428093e-09,0.2588987946510315,0.00021064483111566014,-0.9091116786003113,0.264752596616745,2769,0.5363034009933472,1299,3.059377431869507,28,nan,0,nan,0
293,1200128,21750.6,55.0,39.87,34.56,10,0.125,302,0.7417218543046358,211,158,23,24,6,0,0,120,-4.263259863705598,19.407582938388625,0.07633834332227707,-0.006485861726105213,0.9557271599769592,-0.022913959226571023,31.136520874500274,2.035499668121338,0.07683768779970705,0.053055530315032226,0.352734375,16.539456033706664,-1.862645149230957e-09,0.3057110905647278,0.00021033776867963153,-0.9108859300613403,0.2727051079273224,2783,0.6074337959289551,1304,2.2995121479034424,9,nan,0,nan,0
294,1204224,21826.3,54.5,40.68,34.53,10,0.125,2,1.0,212,168,26,17,1,0,0,136,-4.209480399762181,19.367924528301888,0.1477101594209671,-0.004942301660776138,0.9392378926277161,-0.025072994036599995,30.845878958702087,2.030321729183197,0.0583709167316556,0.04327866212115623,0.327392578125,17.88561589717865,-2.3283064365386963e-10,0.237870991230011,0.00021003070624360282,-0.9116750359535217,0.27358710765838623,2879,0.4979460537433624,1209,2.0235867500305176,8,nan,0,nan,0
295,1208320,21900.9,55.2,39.73,34.5,10,0.125,216,0.7129629629629629,214,152,22,38,2,0,0,117,-4.253942593512833,19.023364485981308,0.04860898479819298,-0.00556864682585001,0.9531169533729553,-0.026059369021095336,34.61741091012955,2.027697443962097,0.060606132028624415,0.03606774344370933,0.295654296875,19.039397859573363,-1.0186340659856796e-09,0.22422820329666138,0.0002097236438075742,-0.9123656153678894,0.3015069365501404,2796,0.5408863425254822,1291,1.2029649019241333,9,nan,0,nan,0
296,1212416,21975.2,55.5,39.26,34.54,10,0.125,431,0.728538283062645,215,160,22,29,4,0,0,126,-4.3397375987039455,19.21395348837209,0.09165911376476288,-0.0051813675090670586,0.9469208717346191,-0.030916541209444405,34.31907171010971,2.0236721873283385,0.05947412536479533,0.047777008384582584,0.347119140625,16.936573481559755,-1.3387762010097504e-09,0.2552758455276489,0.0002094165813715455,-0.913639485836029,0.2522018253803253,2776,0.5172052979469299,1312,1.123785376548767,8,nan,0,nan,0
297,1216512,22050.3,54.9,40.19,34.48,10,0.125,135,0.725925925925926,216,154,23,35,4,0,0,119,-4.337941101633118,19.15740740740741,0.06657585501670837,-0.005428435280919075,0.9414948225021362,-0.03488298550946638,35.56688771247864,2.020409882068634,0.06379048493690789,0.04983541506808251,0.328515625,15.31361632347107,-8.149072527885437e-10,0.22400760650634766,0.0002091095189355169,-0.9139073491096497,0.24937370419502258,2874,0.5661649107933044,1211,1.534132719039917,11,nan,0,nan,0
298,1220608,22125.3,54.9,40.08,34.48,10,0.125,342,0.7251461988304093,207,150,25,28,4,0,0,119,-4.330961034414084,19.396135265700483,0.07126380503177643,-0.005139268934726715,0.9478014707565308,-0.03476034526247531,32.777765250205995,2.01912682056427,0.05914964848197997,0.04602040123718325,0.327978515625,14.944857239723206,-8.149072527885437e-10,0.2118266224861145,0.00020880245649948818,-0.9143766164779663,0.28010421991348267,2793,0.5333201289176941,1300,1.3460664749145508,3,nan,0,nan,0
299,1224704,22200.0,55.2,39.72,34.51,10,0.125,37,0.7567567567567568,207,160,27,17,3,0,0,134,-4.358473753025225,20.04830917874396,0.10163335502147675,-0.005607964936643839,0.9313448071479797,-0.02625476527027786,33.44647626876831,2.017601120471954,0.07662362400442362,0.04708682481577853,0.3533203125,15.579930019378661,-1.1350493878126144e-09,0.29737532138824463,0.00020849539406345957,-0.9147882461547852,0.26997193694114685,2805,0.525718629360199,1266,3.428511381149292,25,nan,0,nan,0
300,1228800,22274.9,55.0,39.92,34.51,10,0.125,245,0.7836734693877551,208,164,30,12,2,0,0,130,-4.18735407702289,19.408653846153847,0.12518195807933807,-0.005299241282045841,0.9552469253540039,-0.029541087802499533,29.031879436969756,2.014833927154541,0.06195609625428915,0.03516819090000354,0.301953125,16.55926332473755,-1.5133991837501526e-09,0.27438974380493164,0.00020818833162743086,-0.9158006906509399,0.23532992601394653,2778,0.5599469542503357,1312,1.2336671352386475,6,nan,0,nan,0
301,1232896,22350.1,54.9,40.1,34.53,10,0.125,462,0.7922077922077922,217,174,24,17,2,0,0,136,-4.3137116137282465,19.179723502304146,0.162352055311203,-0.004489545710384846,0.9510183334350586,-0.026026866398751736,29.73000759482384,2.0086954951286318,0.05380411990918219,0.07350820308492985,0.414794921875,14.273314881324769,-9.89530235528946e-10,0.2123768925666809,0.00020788126919140225,-0.9177286028862,0.25644806027412415,2825,0.48045650124549866,1265,1.2088290452957153,6,nan,0,nan,0
302,1236992,22424.5,55.4,39.39,34.53,10,0.125,159,0.8050314465408805,209,171,21,13,4,0,0,140,-4.2105331018737635,19.382775119617225,0.1760326325893402,-0.00606375839561224,0.951633632183075,-0.02442206209525466,27.035439825057985,2.0020626068115233,0.07279466153122485,0.05821375225641532,0.367333984375,17.44458019733429,-2.6193447411060333e-10,0.29069775342941284,0.00020757420675537354,-0.9190163612365723,0.26383262872695923,2828,0.594268798828125,1263,2.4946320056915283,5,nan,0,nan,0
303,1241088,22499.4,55.0,39.93,34.54,10,0.125,365,0.8246575342465754,206,173,19,10,4,0,0,144,-4.34776684364934,19.90776699029126,0.19557735323905945,-0.0054506766609847546,0.9460154175758362,-0.02983987929765135,27.374135863780975,1.9981753826141357,0.06426802035421134,0.05169640140957199,0.35859375,13.247412776947021,-8.731149137020111e-10,0.26328855752944946,0.00020726714431934493,-0.919786810874939,0.2600495517253876,2770,0.5493898391723633,1320,2.3184545040130615,6,nan,0,nan,0
304,1245184,22574.0,55.2,39.67,34.5,20,0.25,0,,204,163,28,12,1,0,0,139,-4.263588792847637,20.029411764705884,0.1479674130678177,-0.005212181713432074,0.9180369973182678,-0.029299518931657074,29.48558301925659,1.9949066162109375,0.060449147643521425,0.052394690373330374,0.350146484375,16.82891252040863,-1.7462298274040222e-09,0.2910706400871277,0.00020696008188331627,-0.9206452369689941,0.23665545880794525,2860,0.5414897203445435,1214,1.2704510688781738,22,nan,0,nan,0
305,1249280,22648.3,55.5,39.27,34.55,20,0.25,178,0.6348314606741573,194,127,29,33,5,0,0,86,-4.191891321751191,20.943298969072163,-0.04428510740399361,-0.014531618915498257,0.9715530276298523,-0.01945400452823378,37.97784161567688,1.9918861150741578,0.1438611650839448,0.02455731451045722,0.247412109375,30.305661129951478,-1.7462298274040222e-09,0.2920485734939575,0.0002066530194472876,-0.921204686164856,0.28400248289108276,2663,0.6844092607498169,1421,2.2119691371917725,12,nan,0,nan,0
306,1253376,22722.7,55.4,39.36,34.53,20,0.25,378,0.656084656084656,200,135,32,30,3,0,0,107,-4.232695158024934,20.79,-0.011991165578365326,-0.01285382267087698,0.9871663451194763,-0.026546906679868698,36.36701061725616,1.9894400417804718,0.12837231270968913,0.06213759584061336,0.363330078125,15.083721446990968,-7.566995918750763e-10,0.27184557914733887,0.00020634595701125895,-0.9219666123390198,0.3164241313934326,2654,0.7108306884765625,1439,3.0680267810821533,3,nan,0,nan,0
307,1257472,22797.2,55.3,39.62,34.52,20,0.25,64,0.625,198,126,42,26,4,0,0,99,-4.244707328709833,20.494949494949495,-0.05721736326813698,-0.012808864936232567,0.986659824848175,-0.02856241388944909,38.750948429107666,1.9856378376483916,0.13977632289752365,0.037703841939219274,0.302783203125,20.815828967094422,-1.4551915228366852e-09,0.27756285667419434,0.0002060388945752303,-0.9231585264205933,0.30229651927948,2592,0.6819925904273987,1498,1.4986133575439453,6,nan,0,nan,0
308,1261568,22871.4,55.6,39.16,34.54,20,0.25,262,0.6297709923664122,198,125,43,26,4,0,0,90,-4.27963986813144,20.646464646464647,-0.07155071198940277,-0.011581549420952797,0.9792200922966003,-0.030677586002275346,37.627144241333006,1.9817509651184082,0.12818237757310272,0.04032543213688768,0.3048828125,15.956037855148315,-9.313225746154785e-10,0.2602044343948364,0.00020573183213920163,-0.9238231182098389,0.264053076505661,2587,0.6173750162124634,1498,1.8737945556640625,11,nan,0,nan,0
309,1265664,22946.4,54.9,40.1,34.51,20,0.25,470,0.6404255319148936,208,136,35,36,1,0,0,104,-4.09271682386579,19.759615384615383,-0.02396366000175476,-0.01195198018103838,0.9760802388191223,-0.029231911525130272,37.53686091899872,1.9783238768577576,0.1335055592469871,0.07041479958279524,0.38955078125,18.983484745025635,-8.731149137020111e-10,0.295151948928833,0.00020542476970317297,-0.9248412251472473,0.27684810757637024,2668,0.637391209602356,1423,3.4948458671569824,5,nan,0,nan,0
310,1269760,23021.3,55.0,39.94,34.51,20,0.25,156,0.6602564102564102,198,127,33,37,1,0,0,86,-3.9921578208110073,20.560606060606062,-0.04742271453142166,-0.011481528170406818,0.9789635539054871,-0.03443572819232941,35.94745573997498,1.9745822310447694,0.12576978551223875,0.05202440707216738,0.330224609375,15.937013483047485,-2.6193447411060333e-10,0.300436794757843,0.00020511770726714431,-0.9257922768592834,0.2579498589038849,2594,0.5990386605262756,1487,0.8843772411346436,15,nan,0,nan,0
311,1273856,23096.3,54.9,40.06,34.52,20,0.25,361,0.6925207756232687,205,147,29,27,2,0,0,113,-4.192832803779354,20.068292682926828,0.035747699439525604,-0.01190502755343914,0.9822667837142944,-0.030760769778862596,35.54456369876861,1.96978600025177,0.13549025440588594,0.04942761541897198,0.328955078125,19.98144359588623,2.6193447411060333e-10,0.3188798427581787,0.00020481064483111565,-0.9271346926689148,0.2691178619861603,2695,0.6109100580215454,1378,2.4588961601257324,23,nan,0,nan,0
312,1277952,23171.1,55.2,39.75,34.51,20,0.25,48,0.6666666666666666,199,130,38,26,5,0,0,104,-4.03272519963885,20.824120603015075,-0.052729010581970215,-0.012896010652184486,0.9848601222038269,-0.0109042642172426,36.82231059074402,1.9653372466564178,0.14389044139534235,0.0794068342715036,0.42744140625,21.589738607406616,-4.656612873077393e-10,0.318451464176178,0.000204503582395087,-0.9280034899711609,0.28209030628204346,2595,0.6634352803230286,1494,1.5446321964263916,7,nan,0,nan,0
313,1282048,23245.5,55.3,39.49,34.53,20,0.25,249,0.6345381526104418,201,126,31,44,0,0,0,101,-4.279098728372946,20.243781094527364,-0.07388212531805038,-0.011943923309445381,0.9776636958122253,-0.015434601507149637,35.56812496185303,1.962964016199112,0.1395184519700706,0.07971381058305269,0.421484375,17.038808870315552,-1.8917489796876907e-09,0.3283305764198303,0.00020419651995905833,-0.9282032251358032,0.2821287512779236,2621,0.6493462324142456,1456,1.1243187189102173,19,nan,0,nan,0
314,1286144,23319.6,55.6,39.09,34.56,20,0.25,451,0.6297117516629712,202,126,41,29,6,0,0,93,-4.162610541102956,20.257425742574256,-0.07470594346523285,-0.012745970860123634,0.9874165654182434,-0.019667439511977136,37.585141038894655,1.9610567748546601,0.1422176979482174,0.06547427919867914,0.3609375,19.891325092315675,-7.566995918750763e-10,0.3206632137298584,0.00020388945752302967,-0.9292744398117065,0.3200376629829407,2676,0.6642814874649048,1412,1.3932229280471802,8,nan,0,nan,0
315,1290240,23393.9,55.5,39.24,34.52,20,0.25,136,0.6323529411764706,197,121,41,34,1,0,0,96,-4.113485764646965,20.80710659898477,-0.08101726323366165,-0.01545203197747469,0.9884585738182068,-0.013892616773955525,35.766814827919006,1.9570797026157378,0.16926597952842712,0.08844221917534015,0.388818359375,17.29555916786194,-1.6589183360338211e-09,0.33776891231536865,0.00020358239508700101,-0.9299360513687134,0.3496152460575104,2581,0.8157942891120911,1495,1.4629127979278564,20,nan,0,nan,0
316,1294336,23468.2,55.4,39.38,34.52,20,0.25,337,0.5875370919881305,201,112,50,36,3,0,0,73,-4.199193525328022,20.144278606965173,-0.14012041687965393,-0.013991734012961388,0.9902439117431641,-0.01434177989140153,39.16250298023224,1.9547842383384704,0.1452388832345605,0.05662519354664255,0.38056640625,21.76370234489441,-1.8044374883174896e-09,0.30599337816238403,0.00020327533265097235,-0.9305424690246582,0.3133831024169922,2579,0.7095674276351929,1493,2.0231049060821533,24,nan,0,nan,0
317,1298432,23542.5,55.6,39.11,34.58,20,0.25,27,0.6666666666666666,202,127,45,25,5,0,0,85,-4.262277914177955,20.5,-0.057380612939596176,-0.01251823827624321,0.9858757257461548,-0.03337963186204433,38.57513036727905,1.9512946605682373,0.1311845349147916,0.05316864857304608,0.35048828125,16.26706795692444,-1.1932570487260818e-09,0.28475356101989746,0.0002029682702149437,-0.9317958354949951,0.3109457492828369,2593,0.638711154460907,1493,1.6891695261001587,10,nan,0,nan,0
318,1302528,23617.0,55.3,39.57,34.53,20,0.25,227,0.6431718061674009,200,128,31,39,2,0,0,83,-4.110973981827245,20.515,-0.04319518059492111,-0.012083690613508224,0.9825462102890015,-0.02551501247799024,37.09427669048309,1.946183478832245,0.12998877177014947,0.049754114318056965,0.318115234375,19.630012273788452,-1.1059455573558807e-09,0.2833898663520813,0.00020266120777891503,-0.9330193996429443,0.2961222231388092,2632,0.6256774663925171,1463,0.7034153342247009,1,nan,0,nan,0
319,1306624,23692.2,54.8,40.19,34.51,20,0.25,432,0.6365740740740741,205,129,34,37,5,0,0,101,-4.143191709714509,19.73170731707317,-0.05466291308403015,-0.012352664023637772,0.9802107214927673,-0.03166980375535786,37.06958532333374,1.9409553766250611,0.12745631383731962,0.05452194583049277,0.38193359375,13.995580053329467,-2.5320332497358322e-09,0.29177796840667725,0.00020235414534288637,-0.9343878626823425,0.2614932060241699,2592,0.6515561938285828,1494,1.653493881225586,10,nan,0,nan,0
320,1310720,23766.7,55.3,39.57,34.54,20,0.25,125,0.648,205,133,42,25,5,0,0,98,-4.182815445122858,20.102439024390243,-0.032815106213092804,-0.011668785475194454,0.9866358041763306,-0.030546333407983184,37.74699802398682,1.9355880796909333,0.12331220647320151,0.04130236925993813,0.31865234375,16.619005513191222,-2.0372681319713593e-10,0.2688940167427063,0.00020204708290685772,-0.9357425570487976,0.27498677372932434,2591,0.6397679448127747,1490,1.4711101055145264,15,nan,0,nan,0
321,1314816,23841.0,55.5,39.3,34.49,20,0.25,326,0.6595092024539877,201,134,33,26,8,0,0,98,-4.15082763362148,20.28855721393035,-0.018904034048318863,-0.012781364843249321,0.9820282459259033,-0.030644062883220614,36.961549806594846,1.9304046332836151,0.13709505824372173,0.038180847458716013,0.322607421875,18.643153190612793,-1.076841726899147e-09,0.2955172061920166,0.00020174002047082906,-0.937018096446991,0.3138153553009033,2632,0.6860638856887817,1461,4.328836917877197,3,nan,0,nan,0
322,1318912,23915.4,55.3,39.56,34.48,20,0.25,16,0.5,202,133,37,26,6,0,0,98,-4.446217757310572,20.207920792079207,-0.015719234943389893,-0.011119706556200981,0.9807395935058594,-0.0348460543435067,36.82833878993988,1.9248206436634063,0.11757367895916104,0.0633521997340722,0.364111328125,16.85430579185486,-7.566995918750763e-10,0.3310331106185913,0.0002014329580348004,-0.9384607076644897,0.27248242497444153,2684,0.6167879700660706,1390,1.3256125450134277,22,nan,0,nan,0
323,1323008,23989.6,55.6,39.18,34.54,20,0.25,220,0.6181818181818182,204,128,35,32,9,0,0,86,-4.220188038611626,20.480392156862745,-0.0431075394153595,-0.010459608398377895,0.9779033660888672,-0.024837209517136215,39.83753275871277,1.9200864732265472,0.11554864244535565,0.07112505951081402,0.3826171875,16.0161390542984,-8.149072527885437e-10,0.21154385805130005,0.00020112589559877174,-0.9393947124481201,0.26308533549308777,2624,0.6054271459579468,1462,1.2020347118377686,10,nan,0,nan,0
324,1327104,24063.9,55.5,39.3,34.54,20,0.25,420,0.6095238095238096,200,120,42,30,8,0,0,100,-4.4153142913123045,20.025,-0.08656785637140274,-0.012032857164740562,0.9869096279144287,-0.02337283609667793,39.01203022003174,1.9164685666561128,0.12896341541782022,0.0747139280952979,0.388720703125,17.246908712387086,-1.7462298274040222e-09,0.3097546696662903,0.0002008188331627431,-0.9401987791061401,0.2776111662387848,2564,0.6396529674530029,1517,1.8165802955627441,15,nan,0,nan,0
325,1331200,24138.3,55.4,39.36,34.54,20,0.25,119,0.6050420168067226,211,131,45,31,4,0,0,106,-4.520602098875299,19.843601895734597,-0.04849269986152649,-0.012856890447437763,0.9868726134300232,-0.02053499179892242,41.811614179611205,1.9131161153316498,0.16434978088364005,0.05076326788112055,0.363720703125,18.433637952804567,-2.9103830456733704e-10,0.3402026295661926,0.00020051177072671442,-0.941106915473938,0.2776578366756439,2559,0.7210249900817871,1502,3.8879458904266357,35,nan,0,nan,0
326,1335296,24213.0,55.2,39.72,34.53,20,0.25,323,0.6068111455108359,204,124,36,41,3,0,0,96,-4.353876027177542,19.926470588235293,-0.07324011623859406,-0.013040449470281601,0.979188084602356,-0.015462352894246578,37.15519649982453,1.9097641825675964,0.13546540066599846,0.07466572516132146,0.41298828125,17.201572942733765,-2.2118911147117615e-09,0.33396732807159424,0.00020020470829068578,-0.9417889714241028,0.2831398844718933,2641,0.7265568375587463,1444,2.6508285999298096,11,nan,0,nan,0
327,1339392,24287.7,55.2,39.72,34.51,20,0.25,19,0.7368421052631579,208,128,35,37,8,0,0,98,-4.083857920980741,19.64423076923077,-0.06368689239025116,-0.012317146174609661,0.9804526567459106,-0.027886527485679834,36.877919626235965,1.9082528889179229,0.1353145475499332,0.06030637232470326,0.383544921875,18.123741841316225,-1.0477378964424133e-09,0.3695183992385864,0.0001998976458546571,-0.9419434070587158,0.27902722358703613,2638,0.6541195511817932,1441,2.891268253326416,17,nan,0,nan,0
328,1343488,24362.5,55.1,39.9,34.48,20,0.25,228,0.7149122807017544,209,149,36,21,3,0,0,109,-4.302469758559381,19.72248803827751,0.041532039642333984,-0.011767868883907795,0.981219470500946,-0.01637307519558817,35.067722415924074,1.907798409461975,0.23605599999427795,0.05440455940115498,0.320947265625,20.790122938156127,-4.94765117764473e-10,0.4361669421195984,0.00019959058341862846,-0.9420025944709778,0.2955068349838257,2671,0.6684026718139648,1399,8.825056076049805,26,nan,0,nan,0
329,1347584,24436.7,55.6,39.15,34.55,20,0.25,429,0.675990675990676,201,127,40,26,8,0,0,86,-4.17886058649671,20.27363184079602,-0.05361717939376831,-0.014975335448980331,0.9861360788345337,-0.0234908705111593,36.54557220935821,1.9075042724609375,0.15948017071932555,0.06034888572612544,0.35419921875,19.03606734275818,-8.440110832452774e-10,0.35508131980895996,0.00019928352098259978,-0.9422133564949036,0.3197469413280487,2545,0.7613504528999329,1541,4.856833457946777,10,nan,0,nan,0
330,1351680,24511.0,55.4,39.46,34.49,20,0.25,126,0.6587301587301587,209,139,29,34,7,0,0,104,-4.1551674553291535,19.516746411483254,0.0011230763047933578,-0.011262957006692886,0.9879084229469299,-0.03525933485943824,35.83407530784607,1.905304777622223,0.11607700977474451,0.053172457723121624,0.3380859375,13.66537082195282,-2.4156179279088974e-09,0.2758186459541321,0.00019897645854657114,-0.943187952041626,0.29979655146598816,2583,0.6225372552871704,1510,1.283434271812439,3,nan,0,nan,0
331,1355776,24585.7,55.2,39.63,34.51,20,0.25,328,0.6646341463414634,202,135,39,26,2,0,0,107,-4.305076897213859,20.440594059405942,0.006333190947771072,-0.011774197220802307,0.9799692034721375,-0.03534696772694588,35.75447292327881,1.8995766580104827,0.12849226603284478,0.05239699861849658,0.330078125,15.771196532249451,3.4924596548080444e-10,0.3339257836341858,0.00019866939611054246,-0.9448594450950623,0.2845223546028137,2581,0.6082650423049927,1509,2.1749165058135986,6,nan,0,nan,0
332,1359872,24659.8,55.7,39.1,34.49,20,0.25,12,0.5833333333333334,196,121,33,37,5,0,0,91,-4.132783509751629,20.70408163265306,-0.05099373683333397,-0.011658123694360256,0.9784615635871887,-0.029693834390491246,36.41212582588196,1.8936801612377168,0.12805565660819412,0.05091966475738445,0.33515625,18.006297016143797,-5.529727786779404e-10,0.3015322685241699,0.00019836233367451382,-0.9462146759033203,0.2756917178630829,2637,0.6015141606330872,1455,1.2080388069152832,4,nan,0,nan,0
333,1363968,24734.3,55.3,39.52,34.52,20,0.25,220,0.6272727272727273,208,131,41,31,5,0,0,90,-4.158750056842483,20.115384615384617,-0.045710496604442596,-0.011541024781763554,0.9812242984771729,-0.02888577509438619,39.21941602230072,1.8890721440315246,0.1326330116018653,0.041188913071528076,0.319384765625,19.477149057388306,-2.9103830456733704e-09,0.29633790254592896,0.00019805527123848514,-0.9469848871231079,0.26082152128219604,2544,0.620998740196228,1525,2.916633129119873,27,nan,0,nan,0
334,1368064,24808.5,55.5,39.29,34.48,20,0.25,419,0.649164677804296,199,134,33,25,7,0,0,99,-4.420766892105835,20.14572864321608,0.005522430408746004,-0.011025814339518547,0.9753656387329102,-0.031291382294148205,35.9743807554245,1.886048537492752,0.11872693235054613,0.05076567075302592,0.324853515625,16.530949783325195,-1.4842953532934189e-09,0.30148887634277344,0.0001977482088024565,-0.9480938911437988,0.25738686323165894,2675,0.5844576954841614,1412,3.630425453186035,9,nan,0,nan,0
335,1372160,24883.5,54.9,40.09,34.5,20,0.25,117,0.7435897435897436,210,145,32,30,3,0,0,115,-4.225002769608157,19.714285714285715,0.025249645113945007,-0.011658310890197754,0.9812146425247192,-0.023998676938936113,34.648723340034486,1.881652057170868,0.12980590090155603,0.05808756065525813,0.33994140625,15.376662659645081,-5.529727786779404e-10,0.34917736053466797,0.00019744114636642782,-0.9488270282745361,0.26499348878860474,2604,0.6102278232574463,1472,2.5042903423309326,20,nan,0,nan,0
336,1376256,24957.8,55.5,39.32,34.51,20,0.25,322,0.6739130434782609,205,130,38,31,6,0,0,87,-4.255487758901841,19.946341463414633,-0.051239751279354095,-0.012335808016359806,0.9802107214927673,-0.01087157502770424,37.9569445848465,1.8789316356182098,0.14115687916055322,0.07541140707180602,0.399853515625,18.022012996673585,-3.7834979593753815e-10,0.32235389947891235,0.00019713408393039918,-0.9497416615486145,0.30141982436180115,2556,0.6574822068214417,1530,0.9746260643005371,10,nan,0,nan,0
337,1380352,25031.7,55.8,38.93,34.52,20,0.25,16,0.75,206,129,40,36,1,0,0,99,-4.259501098804102,19.815533980582526,-0.04867883771657944,-0.01135251484811306,0.9766066670417786,-0.022290786978555844,38.10414752960205,1.8744545996189117,0.128015529923141,0.0624542332967394,0.3732421875,18.95046720504761,-6.693881005048752e-10,0.31823664903640747,0.0001968270214943705,-0.9507764577865601,0.25693583488464355,2533,0.6065139174461365,1548,1.9943405389785767,15,nan,0,nan,0
338,1384448,25105.8,55.7,39.0,34.56,20,0.25,227,0.6475770925110133,211,135,37,28,11,0,0,103,-4.249726680114053,19.350710900473935,-0.026597371324896812,-0.010615488514304161,0.976576566696167,-0.030126539524644613,37.97956509590149,1.8709762334823608,0.11910524228587746,0.04540081703598844,0.311083984375,20.030742597579955,-1.076841726899147e-09,0.27691513299942017,0.00019651995905834186,-0.9518110752105713,0.2596089243888855,2710,0.5583065152168274,1383,0.7974188327789307,3,nan,0,nan,0
339,1388544,25180.4,55.3,39.65,34.48,20,0.25,429,0.6410256410256411,202,128,32,36,6,0,0,102,-4.124675259281442,20.099009900990097,-0.037684038281440735,-0.010243531316518784,0.973805844783783,-0.035809116199379785,37.06523847579956,1.867153036594391,0.11124010030180216,0.04249861735152081,0.32490234375,19.26906008720398,-9.313225746154785e-10,0.25878429412841797,0.00019621289662231318,-0.9523027539253235,0.25202587246894836,2546,0.5845017433166504,1537,0.767479658126831,13,nan,0,nan,0
340,1392640,25255.3,55.0,39.95,34.54,20,0.25,124,0.6612903225806451,207,136,38,27,6,0,0,105,-4.255108093379823,19.830917874396135,-0.017955606803297997,-0.01246236264705658,0.9804577231407166,-0.012151557439938187,36.948155117034915,1.8646922647953033,0.14347188090905547,0.07118557245994453,0.4080078125,18.613302326202394,-5.238689482212067e-10,0.3716985583305359,0.00019590583418628454,-0.9535144567489624,0.2719022333621979,2479,0.6883977651596069,1603,2.552302837371826,14,nan,0,nan,0
341,1396736,25329.8,55.3,39.51,34.55,20,0.25,330,0.6363636363636364,206,128,43,30,5,0,0,101,-4.386106283286278,20.12621359223301,-0.05930270627140999,-0.010633436031639576,0.9750642776489258,-0.021054323576390744,36.64775116443634,1.8601788401603698,0.11942046126350761,0.05644452547712717,0.39248046875,17.30078258514404,-1.1059455573558807e-09,0.32416409254074097,0.00019559877175025586,-0.9541139602661133,0.25081947445869446,2610,0.5831478238105774,1481,2.1440508365631104,5,nan,0,nan,0
342,1400832,25404.4,55.3,39.56,34.54,20,0.25,21,0.6190476190476191,203,124,48,28,3,0,0,99,-4.588702534845868,20.133004926108374,-0.05829698592424393,-0.012607567012310028,0.9853583574295044,-0.02297134397085756,36.81050882339478,1.8581676661968232,0.13779218727722764,0.0799189982804819,0.312548828125,21.014784049987792,-6.111804395914078e-10,0.3577057123184204,0.00019529170931422722,-0.9547791481018066,0.2848464846611023,2493,0.6618001461029053,1585,3.5654118061065674,18,nan,0,nan,0
343,1404928,25479.3,55.0,40.0,34.51,20,0.25,225,0.6977777777777778,204,144,26,32,2,0,0,109,-4.156585573856294,20.151960784313726,0.0351179875433445,-0.011599797755479813,0.9773895144462585,-0.029438472620677204,33.344775319099426,1.8558447897434234,0.12684851912781597,0.04398004460090306,0.3181640625,19.583703446388245,2.0372681319713593e-10,0.4144633412361145,0.00019498464687819856,-0.9551639556884766,0.26641055941581726,2624,0.5852764248847961,1437,2.1281380653381348,35,nan,0,nan,0
344,1409024,25554.1,55.1,39.81,34.51,20,0.25,426,0.6619718309859155,201,125,35,39,2,0,0,92,-4.418856222465068,20.308457711442784,-0.057838983833789825,-0.01252512726932764,0.9776636958122253,-0.03234055966604501,37.4693822145462,1.8548997044563293,0.14067036276683212,0.036932545286254025,0.29111328125,18.360311460494994,-2.6775524020195007e-09,0.39108991622924805,0.0001946775844421699,-0.9553067684173584,0.2536294460296631,2608,0.7089390158653259,1451,2.1042838096618652,37,nan,0,nan,0
345,1413120,25629.2,54.9,40.1,34.51,20,0.25,120,0.725,206,149,36,15,6,0,0,113,-4.354257505726366,19.815533980582526,0.052327509969472885,-0.01030629500746727,0.9773778915405273,-0.03499064040370285,34.99058880805969,1.8533851981163025,0.11277313400059938,0.030796306354750412,0.278173828125,19.61690731048584,-2.1245796233415604e-09,0.33818817138671875,0.00019437052200614125,-0.9559802412986755,0.2619694769382477,2665,0.5761587023735046,1415,1.495793104171753,16,nan,0,nan,0
346,1417216,25703.2,55.7,39.02,34.52,20,0.25,324,0.6666666666666666,204,129,44,30,1,0,0,91,-4.228693544346726,20.191176470588236,-0.04848083108663559,-0.011564896441996098,0.9827852249145508,-0.035662873461842534,40.04948542118073,1.850283497571945,0.12431292608380318,0.03196486143569928,0.272607421875,21.890312671661377,-1.7462298274040222e-09,0.3235948085784912,0.00019406345957011259,-0.9568072557449341,0.2630990445613861,2525,0.6014121174812317,1547,1.366524577140808,24,nan,0,nan,0
347,1421312,25777.7,55.4,39.43,34.54,20,0.25,14,0.7142857142857143,202,133,45,24,0,0,0,98,-4.245995757433469,20.346534653465348,-0.01845453307032585,-0.011782947927713394,0.9799692034721375,-0.027206546429079027,38.9398939371109,1.8471824765205382,0.1312259421683848,0.053862188893253914,0.370166015625,19.52780032157898,-2.9103830456733704e-10,0.32132959365844727,0.00019375639713408393,-0.9573736190795898,0.26110273599624634,2602,0.663899302482605,1481,1.228168249130249,13,nan,0,nan,0
348,1425408,25852.2,55.3,39.49,34.52,20,0.25,216,0.6527777777777778,202,131,41,28,2,0,0,103,-4.368008179205418,20.014851485148515,-0.0355195552110672,-0.012213579379022121,0.9745762944221497,-0.016655443562194706,41.83465805053711,1.8442674934864045,0.1516040438786149,0.07317909759876784,0.385791015625,18.244259643554688,-2.3865140974521637e-09,0.33829617500305176,0.00019344933469805527,-0.9584032893180847,0.2590712308883667,2620,0.6666725873947144,1451,3.5742218494415283,25,nan,0,nan,0
349,1429504,25926.8,55.2,39.65,34.55,20,0.25,418,0.6818181818181818,202,144,36,18,4,0,0,107,-4.35007470120182,20.435643564356436,0.036895476281642914,-0.011772049590945244,0.9753466844558716,-0.02640626523643732,33.68315896987915,1.8406501233577728,0.12239826871082186,0.05057101627462544,0.3470703125,16.49553825855255,-1.979060471057892e-09,0.3632223606109619,0.0001931422722620266,-0.9590464234352112,0.25896552205085754,2552,0.6719063520431519,1523,1.631562352180481,21,nan,0,nan,0
350,1433600,26001.8,54.9,40.07,34.5,20,0.25,113,0.6637168141592921,207,144,33,24,6,0,0,110,-4.280150997999337,19.67632850241546,0.033537402749061584,-0.010954732075333595,0.9758292436599731,-0.0253649877384305,36.21812937259674,1.83850958943367,0.12275828747078776,0.07234076710301451,0.390673828125,19.004252195358276,-2.444721758365631e-09,0.33584141731262207,0.00019283520982599795,-0.959585964679718,0.2540081739425659,2636,0.5793824195861816,1451,1.3594954013824463,9,nan,0,nan,0
351,1437696,26076.5,55.2,39.68,34.49,20,0.25,315,0.6888888888888889,202,142,38,19,3,0,0,117,-4.2835908771915845,20.41089108910891,0.04157853126525879,-0.011550191789865494,0.9756035208702087,-0.03729993924498558,35.916437077522275,1.8359963715076446,0.12406817218288779,0.06532404306926765,0.38212890625,16.722949600219728,-1.1641532182693481e-09,0.3591383099555969,0.00019252814738996929,-0.9602195620536804,0.253488153219223,2695,0.6219034194946289,1389,1.3931323289871216,12,nan,0,nan,0
352,1441792,26150.7,55.6,39.13,34.55,20,0.25,5,0.8,202,139,42,13,8,0,0,106,-4.348999596441894,20.366336633663366,0.03209778666496277,-0.010617215186357498,0.9761170744895935,-0.033213541842997074,35.90533676147461,1.8335686385631562,0.11296756947413086,0.04988669574522646,0.350537109375,18.46352300643921,-7.8580342233181e-10,0.32787179946899414,0.00019222108495394063,-0.9608957767486572,0.24949847161769867,2602,0.5903800129890442,1488,1.814287781715393,6,nan,0,nan,0
353,1445888,26225.0,55.4,39.31,34.56,20,0.25,205,0.6341463414634146,200,126,45,25,4,0,0,96,-4.441115755835467,20.21,-0.04380378499627113,-0.012864229269325733,0.9707392454147339,-0.03496168190613389,43.14719202518463,1.8302861511707307,0.1425640070810914,0.05150041132874321,0.321337890625,19.63074779510498,-1.5133991837501526e-09,0.33930522203445435,0.00019191402251791197,-0.9619699120521545,0.2534109055995941,2533,0.6752105355262756,1543,3.6635169982910156,20,nan,0,nan,0
354,1449984,26299.6,55.3,39.58,34.55,20,0.25,401,0.655860349127182,196,133,33,22,8,0,0,98,-4.417407449657614,21.005102040816325,0.00997194554656744,-0.011887097731232643,0.9787179231643677,-0.03138420085888356,37.19726712703705,1.8253515779972076,0.12672978062182666,0.04522510731912917,0.33642578125,19.804933762550355,-4.94765117764473e-10,0.35238319635391235,0.0001916069600818833,-0.9632843136787415,0.26172783970832825,2616,0.6512808203697205,1449,1.8873687982559204,31,nan,0,nan,0
355,1454080,26374.0,55.3,39.52,34.53,20,0.25,90,0.6666666666666666,201,134,41,25,1,0,0,98,-4.379341100888854,20.6318407960199,-0.004815114662051201,-0.011266578920185566,0.972528874874115,-0.030723451310768722,35.49200437068939,1.8208006262779235,0.11848270175978541,0.06250214619794861,0.365625,21.196978902816774,-6.984919309616089e-10,0.33852165937423706,0.00019129989764585465,-0.9640833139419556,0.25708550214767456,2512,0.6126584410667419,1566,0.7563450336456299,18,nan,0,nan,0
356,1458176,26448.0,55.7,39.0,34.56,20,0.25,286,0.6818181818181818,196,135,38,20,3,0,0,105,-4.325751545972536,20.744897959183675,0.013512538745999336,-0.010763335973024368,0.9810256361961365,-0.02953916632104665,34.339554691314696,1.8190405130386353,0.1152138494886458,0.05590203997853678,0.371435546875,19.067260003089906,-2.270098775625229e-09,0.32461273670196533,0.00019099283520982599,-0.9643098711967468,0.26371654868125916,2544,0.5852276682853699,1546,0.9184775352478027,6,nan,0,nan,0
357,1462272,26522.4,55.4,39.46,34.52,20,0.25,487,0.6899383983572895,201,141,27,32,1,0,0,112,-4.506996929212055,20.074626865671643,0.06174486130475998,-0.010136556811630726,0.9745827913284302,-0.028159045311622322,34.69298138618469,1.8169291198253632,0.11490905918180942,0.04684312995814253,0.35693359375,17.309047770500182,-6.402842700481415e-10,0.3056703805923462,0.00019068577277379733,-0.9652544856071472,0.24610406160354614,2634,0.5379143953323364,1451,1.7765164375305176,11,nan,0,nan,0
358,1466368,26597.2,55.1,39.77,34.52,20,0.25,181,0.6795580110497238,206,137,44,23,2,0,0,110,-4.636006535722756,19.985436893203882,0.00934768095612526,-0.011946787126362324,0.9755784273147583,-0.03165163618978113,39.604829859733584,1.8133172512054443,0.1524295943789184,0.05349012792139547,0.3525390625,18.27855341434479,-1.0186340659856796e-09,0.37253081798553467,0.00019037871033776867,-0.965848982334137,0.2631201446056366,2580,0.6630427837371826,1494,5.213590621948242,22,nan,0,nan,0
359,1470464,26671.9,55.2,39.76,34.49,20,0.25,389,0.6555269922879178,208,132,43,24,9,0,0,104,-4.158791498482249,19.745192307692307,-0.015848129987716675,-0.01189188938587904,0.9750514626502991,-0.03524444892536849,37.52877223491669,1.8112751245498657,0.12661508638411761,0.05872765483945841,0.368115234375,20.52451910972595,-2.5320332497358322e-09,0.33425962924957275,0.00019007164790174,-0.9664309024810791,0.25083380937576294,2533,0.6353887915611267,1549,0.9251547455787659,14,nan,0,nan,0
360,1474560,26746.8,55.0,39.91,34.52,20,0.25,89,0.651685393258427,212,142,37,26,7,0,0,101,-4.6216160979501835,19.37735849056604,0.016429323703050613,-0.011373878456652164,0.9801750779151917,-0.032135724811814724,35.83737223148346,1.8082779824733735,0.13281673165038227,0.05517099652497563,0.332177734375,21.065859842300416,-1.5133991837501526e-09,0.33633244037628174,0.00018976458546571135,-0.9673008918762207,0.24719549715518951,2605,0.6020869016647339,1478,3.8417227268218994,13,nan,0,nan,0
361,1478656,26821.0,55.5,39.24,34.53,20,0.25,292,0.6506849315068494,203,132,41,24,6,0,0,108,-4.459448139184024,20.216748768472907,-0.01940789259970188,-0.011575676500797272,0.9797071814537048,-0.02897744788788259,38.0482841014862,1.8047479748725892,0.12488406235352159,0.055255284282611686,0.3646484375,21.378378295898436,-5.820766091346741e-10,0.33260536193847656,0.0001894575230296827,-0.9681681394577026,0.2474479079246521,2591,0.6620568037033081,1497,1.7171955108642578,8,nan,0,nan,0
362,1482752,26895.6,55.3,39.56,34.52,20,0.25,494,0.6659919028340081,202,139,36,21,6,0,0,106,-4.380268851709029,20.237623762376238,0.034420132637023926,-0.010545950382947922,0.9709810018539429,-0.02969848256325349,37.83634021282196,1.8013851761817932,0.11566073279827833,0.09170325977465836,0.4232421875,19.5982675075531,-1.4551915228366852e-10,0.3246306777000427,0.00018915046059365403,-0.9689717292785645,0.26718246936798096,2675,0.5890426635742188,1413,2.216228485107422,8,nan,0,nan,0
363,1486848,26970.5,55.0,39.95,34.58,20,0.25,187,0.7005347593582888,205,144,36,20,5,0,0,109,-4.276675681702049,20.097560975609756,0.04548686742782593,-0.010007851757109165,0.978154718875885,-0.030526734597515315,36.77197690010071,1.7984147787094116,0.10969859948381781,0.059692335895670114,0.371240234375,20.413061141967773,-1.949956640601158e-09,0.3251492381095886,0.0001888433981576254,-0.9696478843688965,0.24728305637836456,2654,0.5437371134757996,1427,0.778100311756134,15,nan,0,nan,0
364,1490944,27044.9,55.4,39.45,34.53,20,0.25,389,0.7146529562982005,202,147,27,23,5,0,0,104,-4.4075073937898415,20.306930693069308,0.07255864143371582,-0.010987535119056702,0.9851052761077881,-0.03533649012679234,31.782067012786865,1.7951413154602052,0.1258162154816091,0.06039488208189141,0.364892578125,14.521607947349548,-2.153683453798294e-09,0.3530728816986084,0.0001885363357215967,-0.970782995223999,0.26275768876075745,2711,0.5931833386421204,1377,3.8437881469726562,8,nan,0,nan,0
365,1495040,27119.9,55.0,39.97,34.51,20,0.25,80,0.7125,203,134,43,23,3,0,0,101,-4.328928979425323,19.950738916256157,0.008793155662715435,-0.010673807933926582,0.9730285406112671,-0.02097764387726784,38.740502166748044,1.7895569682121277,0.11994336228817701,0.07223001249076333,0.397265625,18.32851650714874,-7.566995918750763e-10,0.32180750370025635,0.00018822927328556807,-0.972442090511322,0.25939300656318665,2535,0.6238800287246704,1550,1.128594160079956,11,nan,0,nan,0
366,1499136,27194.0,55.7,38.97,34.58,20,0.25,284,0.721830985915493,204,148,41,12,3,0,0,113,-4.420872410528331,20.083333333333332,0.08096364140510559,-0.00995245948433876,0.9784172773361206,-0.02765170328784734,34.452238297462465,1.7838511347770691,0.1072454641573131,0.05558392564125825,0.3646484375,21.695430088043214,-1.4551915228366852e-09,0.3226974606513977,0.0001879222108495394,-0.9734637141227722,0.26179635524749756,2672,0.5654467940330505,1416,1.0780575275421143,8,nan,0,nan,0
367,1503232,27269.3,54.7,40.29,34.54,20,0.25,490,0.6959183673469388,206,136,44,21,5,0,0,106,-4.374768559897571,19.92233009708738,-0.0005849502049386501,-0.01175544410943985,0.9784061908721924,-0.03798807499697432,43.26762235164642,1.780107992887497,0.14158944627270104,0.03519325667584781,0.28544921875,21.28737864494324,-2.0372681319713593e-09,0.3331320285797119,0.00018761514841351075,-0.9744057655334473,0.25772154331207275,2581,0.6059657335281372,1486,3.246232748031616,29,nan,0,nan,0
368,1507328,27343.3,55.7,39.07,34.54,20,0.25,181,0.6408839779005525,203,128,38,29,8,0,0,95,-4.346529740091205,20.201970443349754,-0.029804905876517296,-0.012273325584828854,0.9750834703445435,-0.022344409103970973,45.92537488937378,1.7760478079319,0.15654996363446116,0.05288363451254554,0.345654296875,22.440128517150878,-1.6880221664905548e-09,0.322798490524292,0.00018730808597748207,-0.975520670413971,0.2528524100780487,2567,0.6431844830513,1473,2.7371716499328613,56,nan,0,nan,0
369,1511424,27417.8,55.3,39.45,34.56,20,0.25,392,0.6479591836734694,211,138,48,18,7,0,0,112,-4.395646132163797,19.672985781990523,0.0061510419473052025,-0.010844046249985695,0.9737451672554016,-0.030555772013030946,45.54673624038696,1.7721794962882995,0.14038979010656477,0.047958111460320654,0.327587890625,20.54055562019348,-2.2118911147117615e-09,0.34514790773391724,0.00018700102354145343,-0.9762113690376282,0.2454296499490738,2640,0.6029924154281616,1432,4.2003912925720215,24,nan,0,nan,0
370,1515520,27492.8,55.0,39.97,34.53,20,0.25,81,0.7037037037037037,201,133,44,20,4,0,0,103,-4.2605031417117605,20.064676616915424,-0.004464356228709221,-0.011177686974406242,0.9689345359802246,-0.037004662887193264,47.48843531608581,1.7695447027683258,0.14040439147502184,0.04062715538457269,0.304736328125,18.32940306663513,-2.9103830456733704e-11,0.3402553200721741,0.00018669396110542475,-0.976920485496521,0.24985451996326447,2677,0.6480391025543213,1390,3.2982351779937744,29,nan,0,nan,0
371,1519616,27566.9,55.6,39.21,34.52,20,0.25,280,0.6678571428571428,199,130,44,22,3,0,0,92,-4.408786603672633,20.748743718592966,-0.020118948072195053,-0.012524140998721123,0.9753656387329102,-0.02922090785577893,44.37617580890655,1.7667800724506377,0.16220281729474664,0.05098502755572554,0.33427734375,23.467047357559203,-1.6880221664905548e-09,0.31893450021743774,0.00018638689866939612,-0.977527379989624,0.24447152018547058,2567,0.7313012480735779,1503,3.903733253479004,26,nan,0,nan,0
372,1523712,27641.4,55.3,39.48,34.56,20,0.25,493,0.6896551724137931,213,153,41,12,7,0,0,111,-4.370270418209865,19.309859154929576,0.07939413189888,-0.012048836797475815,0.9703837037086487,-0.029473573574796318,37.00138318538666,1.7645179450511932,0.13447615439072252,0.06110480537317926,0.361083984375,19.862762641906738,-1.0186340659856796e-09,0.39928001165390015,0.00018607983623336743,-0.9781151413917542,0.2521630823612213,2644,0.7139617800712585,1425,3.7830867767333984,27,nan,0,nan,0
373,1527808,27715.9,55.3,39.51,34.56,20,0.25,178,0.6292134831460674,197,129,42,23,3,0,0,91,-4.364184554057512,20.3502538071066,-0.015715252608060837,-0.012026647105813026,0.9858938455581665,-0.026336129871197045,42.75473275184631,1.761908721923828,0.13562154527753592,0.06572704988211626,0.375927734375,19.340268039703368,-1.367880031466484e-09,0.32070446014404297,0.0001857727737973388,-0.9788103103637695,0.2758757174015045,2570,0.6353219151496887,1495,2.508852481842041,31,nan,0,nan,0
374,1531904,27789.4,56.1,38.39,34.56,20,0.25,374,0.6443850267379679,196,129,50,15,2,0,0,92,-4.535781964946154,21.260204081632654,-0.008746575564146042,-0.01214153878390789,0.9792307615280151,-0.02737886826507747,46.063146877288816,1.758549588918686,0.14883311493322254,0.06671000959613593,0.36494140625,17.508741855621338,-3.1141098588705063e-09,0.31727296113967896,0.0001854657113613101,-0.9798459410667419,0.2825014889240265,2684,0.6931561231613159,1383,3.263782262802124,29,nan,0,nan,0
375,1536000,27863.9,55.3,39.56,34.49,20,0.25,66,0.6818181818181818,204,135,46,17,6,0,0,110,-4.4532334121509605,20.014705882352942,-0.006365586072206497,-0.012289438396692276,0.980215847492218,-0.027094128192402422,47.22658488750458,1.7554574131965637,0.1381420128978789,0.040744883018487596,0.299560546875,26.31236300468445,-1.3096723705530167e-09,0.3573535084724426,0.00018515864892528148,-0.9802075624465942,0.2680997848510742,2554,0.6487653255462646,1489,2.329413414001465,53,nan,0,nan,0
376,1540096,27938.6,55.2,39.75,34.52,20,0.25,269,0.6505576208178439,203,130,49,18,6,0,0,104,-4.30493063191298,20.0935960591133,-0.00471932627260685,-0.010804587975144386,0.9789365530014038,-0.029498108266852795,39.923924684524536,1.7530656456947327,0.11766614718362689,0.08908532630593982,0.39091796875,17.87656421661377,-2.0372681319713593e-09,0.3216054439544678,0.0001848515864892528,-0.9813196659088135,0.24044448137283325,2599,0.5822151899337769,1460,2.7673909664154053,37,nan,0,nan,0
377,1544192,28013.1,55.3,39.56,34.52,20,0.25,478,0.694560669456067,209,157,28,17,7,0,0,117,-4.3856153073620705,19.708133971291865,0.12328337132930756,-0.010233555920422077,0.9724723696708679,-0.024197597871534526,39.515228796005246,1.74877427816391,0.12594277504831553,0.06833576216595247,0.384033203125,20.787429666519166,-2.0954757928848267e-09,0.3073132634162903,0.00018454452405322416,-0.9819836616516113,0.2531929612159729,2637,0.5515885353088379,1429,3.914876699447632,30,nan,0,nan,0
378,1548288,28087.5,55.4,39.31,34.56,20,0.25,161,0.6211180124223602,195,122,52,16,5,0,0,88,-4.5189470462782975,21.035897435897436,-0.026679884642362595,-0.01200148556381464,0.9815431833267212,-0.0268796207732521,42.62655544281006,1.7459785878658294,0.13110640896484255,0.05312324003025424,0.32333984375,22.19351143836975,-8.731149137020111e-10,0.27412641048431396,0.00018423746161719547,-0.9830387234687805,0.2855279743671417,2585,0.6461848020553589,1490,2.087085247039795,21,nan,0,nan,0
379,1552384,28162.0,55.3,39.56,34.53,20,0.25,365,0.6054794520547945,204,121,47,26,9,1,0,96,-4.354895986743862,20.122549019607842,-0.06385724246501923,-0.011847582645714283,0.9766187071800232,-0.02755118552595377,53.089761638641356,1.7421077847480775,0.17046551909297705,0.03309954403230222,0.29951171875,26.356042194366456,-1.0186340659856796e-09,0.29602938890457153,0.00018393039918116684,-0.9837760925292969,0.2579714059829712,2509,0.6451823115348816,1550,4.650473594665527,37,nan,0,nan,0
380,1556480,28236.1,55.6,39.1,34.55,20,0.25,56,0.6428571428571429,203,133,47,17,6,0,0,105,-4.50079566833624,20.2807881773399,0.0175209641456604,-0.011343179270625114,0.9833033680915833,-0.0237956726225093,40.84312469959259,1.7400175631046295,0.12376135447993875,0.07618891586607787,0.3775390625,20.112840795516966,5.820766091346741e-11,0.26204681396484375,0.00018362333674513815,-0.9839907884597778,0.25987568497657776,2563,0.6241872906684875,1514,1.1944681406021118,19,nan,0,nan,0
381,1560576,28310.9,55.1,39.78,34.52,20,0.25,262,0.7061068702290076,206,149,32,20,5,0,0,113,-4.422924765443226,19.601941747572816,0.08535732328891754,-0.010243900120258331,0.9748072028160095,-0.027602661098353565,39.100039505958556,1.739757627248764,0.11092351130209863,0.05872758971963776,0.373974609375,19.042025899887086,-1.6589183360338211e-09,0.3279877305030823,0.00018331627430910952,-0.9839295148849487,0.2534109055995941,2667,0.6256834864616394,1420,1.5103821754455566,9,nan,0,nan,0
382,1564672,28385.5,55.3,39.58,34.5,20,0.25,472,0.6949152542372882,210,143,42,20,5,0,0,96,-4.4637769624575965,19.752380952380953,0.05037768557667732,-0.011351308785378933,0.9835306406021118,-0.023005666979588568,37.66411733627319,1.737686312198639,0.14036743910983204,0.07689119751448743,0.3783203125,18.532267618179322,-9.313225746154785e-10,0.3335281014442444,0.00018300921187308083,-0.9853073954582214,0.2709779143333435,2600,0.6419307589530945,1477,4.503055572509766,19,nan,0,nan,0
383,1568768,28460.0,55.4,39.51,34.49,20,0.25,159,0.7169811320754716,199,141,41,11,6,0,0,110,-4.57373400693906,20.190954773869347,0.0513976514339447,-0.012609610334038734,0.9781883358955383,-0.03292153282091022,37.794382786750795,1.7313481628894807,0.1419732565060258,0.06325573120557237,0.379443359375,16.57652449607849,-1.8044374883174896e-09,0.38135188817977905,0.0001827021494370522,-0.9870718717575073,0.27012020349502563,2524,0.6886899471282959,1523,2.100804328918457,49,nan,0,nan,0
384,1572864,28534.7,55.2,39.65,34.53,20,0.25,372,0.6559139784946236,213,130,59,20,4,0,0,95,-4.457554285387413,19.6056338028169,-0.03434688225388527,-0.011648302897810936,0.9835178852081299,-0.03449963531456888,43.17348833084107,1.7239028751850127,0.12639264464378358,0.059581754181999715,0.351513671875,18.486354112625122,-8.149072527885437e-10,0.32201141119003296,0.00018239508700102354,-0.988876461982727,0.25666236877441406,2438,0.6509671807289124,1625,1.6324890851974487,33,nan,0,nan,0
385,1576960,28608.9,55.6,39.19,34.53,20,0.25,57,0.5789473684210527,197,127,47,20,3,0,0,100,-4.49583686362693,20.406091370558375,-0.011972039937973022,-0.011094855144619942,0.9715311527252197,-0.041971154208295045,42.645000910758974,1.7163677752017974,0.11807677363976836,0.057957012666156514,0.358447265625,15.854787254333496,-6.402842700481415e-10,0.2927742004394531,0.00018208802456499488,-0.9910205602645874,0.25852566957473755,2617,0.6408594846725464,1471,1.7774449586868286,8,nan,0,nan,0
386,1581056,28683.3,55.4,39.45,34.5,20,0.25,264,0.6098484848484849,207,128,50,22,7,0,0,104,-4.441243317660488,20.193236714975846,-0.03329505771398544,-0.013591000810265541,0.9796863198280334,-0.031214657705277205,45.51979055404663,1.7096058011054993,0.15368286846205592,0.11327960089256521,0.385400390625,16.996958637237547,6.984919309616089e-10,0.3198917508125305,0.00018178096212896622,-0.9916859865188599,0.27840811014175415,2452,0.7326120138168335,1611,3.2626760005950928,33,nan,0,nan,0
387,1585152,28757.5,55.5,39.25,34.55,20,0.25,465,0.6602150537634408,201,146,41,9,5,0,0,108,-4.337691191782553,20.134328358208954,0.07516464591026306,-0.011845482513308525,0.9748395085334778,-0.028684973460622133,36.398219680786134,1.7081957757472992,0.12931514978408815,0.06408836037735455,0.3861328125,15.890131497383118,-1.979060471057892e-09,0.394545316696167,0.00018147389969293756,-0.9922581911087036,0.2868783175945282,2583,0.6183735132217407,1482,1.4156882762908936,31,nan,0,nan,0
388,1589248,28831.1,56.0,38.53,34.55,20,0.25,153,0.6535947712418301,200,124,47,26,3,0,0,95,-4.566582551123117,20.135,-0.020620713010430336,-0.011613842099905014,0.9825462102890015,-0.02244022025261074,42.01607758998871,1.7046700239181518,0.1264799744822085,0.0902714030831703,0.35810546875,23.399779510498046,-2.066371962428093e-09,0.22091513872146606,0.0001811668372569089,-0.9931473135948181,0.33752426505088806,2579,0.6376568675041199,1497,1.9455745220184326,20,nan,0,nan,0
389,1593344,28906.2,54.9,40.09,34.52,20,0.25,357,0.6554621848739496,204,134,44,23,3,0,0,103,-4.653093360692547,20.387254901960784,0.026600629091262817,-0.0114658884704113,0.972250759601593,-0.03385524670593441,41.693037557601926,1.702060240507126,0.12876060139387846,0.05669320665037958,0.346728515625,21.09661521911621,-9.604264050722122e-10,0.2983476519584656,0.00018085977482088024,-0.9938170313835144,0.27804115414619446,2700,0.6201568245887756,1375,3.073239326477051,21,nan,0,nan,0
390,1597440,28980.0,55.8,38.8,34.56,20,0.25,41,0.6829268292682927,196,129,44,18,5,0,0,88,-4.403616770619025,20.918367346938776,-0.0013891346752643585,-0.011922305449843407,0.9756410121917725,-0.03243938309024088,38.377887058258054,1.6986567735671998,0.13261646553874015,0.06183735456725117,0.3513671875,17.018631291389465,-1.57160684466362e-09,0.3719802498817444,0.00018055271238485158,-0.9947674870491028,0.260565847158432,2534,0.683408796787262,1542,1.5897839069366455,20,nan,0,nan,0
391,1601536,29054.9,55.0,40.03,34.51,20,0.25,241,0.7551867219917012,200,154,29,14,3,0,0,118,-4.539337885122417,20.28,0.1427079439163208,-0.010514792054891586,0.9766427278518677,-0.015424408693797886,34.826624155044556,1.695707505941391,0.13137848498299717,0.0638940808508778,0.42373046875,22.417369890213013,-1.57160684466362e-09,0.37522971630096436,0.00018024564994882292,-0.9951268434524536,0.2753981351852417,2693,0.6174613237380981,1380,2.8237788677215576,23,nan,0,nan,0
392,1605632,29129.4,55.4,39.47,34.51,20,0.25,449,0.7282850779510023,208,145,43,13,7,0,0,100,-4.486200196264064,19.971153846153847,0.06513635069131851,-0.011690190061926842,0.9765946269035339,-0.032309352955780926,36.319824838638304,1.694279569387436,0.13019761824980378,0.0612927037596819,0.372021484375,17.05171365737915,-1.0186340659856796e-09,0.291138231754303,0.00017993858751279426,-0.9958723187446594,0.2599644958972931,2629,0.6391417384147644,1443,2.1016132831573486,24,nan,0,nan,0
393,1609728,29203.9,55.3,39.58,34.5,20,0.25,142,0.6267605633802817,205,134,49,20,2,0,0,99,-4.4627914044338315,19.990243902439026,0.015688665211200714,-0.010360108688473701,0.9732716679573059,-0.03174871695227921,39.85020468235016,1.6903269052505494,0.11518227877095341,0.06659716643480351,0.364599609375,19.34548056125641,-3.230525180697441e-09,0.3046302795410156,0.0001796315250767656,-0.9966392517089844,0.26050883531570435,2571,0.5745503902435303,1505,1.0885460376739502,20,nan,0,nan,0
394,1613824,29278.5,55.3,39.61,34.51,20,0.25,343,0.6297376093294461,201,127,56,16,2,0,0,99,-4.478798108085944,19.950248756218905,-0.02470400556921959,-0.011726494878530502,0.9807445406913757,-0.03606787039898336,41.66718146800995,1.6874997437000274,0.12245337180793285,0.05476976324134739,0.349755859375,16.566027784347533,-2.8812792152166367e-09,0.3216431140899658,0.00017932446264073694,-0.9975546002388,0.27378809452056885,2413,0.6083483695983887,1658,1.9203397035598755,25,nan,0,nan,0
395,1617920,29353.1,55.3,39.53,34.53,20,0.25,33,0.5454545454545454,202,132,48,20,2,0,0,106,-4.498667812717317,20.376237623762375,0.005914065521210432,-0.011009999550879002,0.9799692034721375,-0.025513283372856677,42.38114776611328,1.6837027072906494,0.12671158136799932,0.0877235403007944,0.4296875,14.641073346138,-2.4156179279088974e-09,0.3269311785697937,0.00017901740020470828,-0.9983323812484741,0.2617238461971283,2587,0.5818540453910828,1485,3.2648608684539795,24,nan,0,nan,0
396,1622016,29427.9,55.1,39.82,34.49,20,0.25,240,0.6583333333333333,207,140,48,17,2,0,0,108,-4.664918346249353,19.966183574879228,0.0450250506401062,-0.010981575585901737,0.9814862608909607,-0.025541546160820872,38.514170145988466,1.6813453793525697,0.11808475023135542,0.0572970292167156,0.380615234375,17.793123507499693,2.0372681319713593e-10,0.31537240743637085,0.00017871033776867962,-0.9988380670547485,0.2736177444458008,2670,0.6069102883338928,1399,1.6564843654632568,27,nan,0,nan,0
397,1626112,29502.2,55.5,39.32,34.51,20,0.25,442,0.6764705882352942,202,141,49,8,4,0,0,104,-4.427817054137801,20.27227722772277,0.05617009103298187,-0.0115479351952672,0.9789419770240784,-0.02485312856733799,36.58450319766998,1.679930603504181,0.12287406334653497,0.07852872189105256,0.422998046875,18.76488380432129,-2.240994945168495e-09,0.3588947653770447,0.00017840327533265096,-0.9989626407623291,0.27460604906082153,2563,0.6322459578514099,1521,1.1308621168136597,12,nan,0,nan,0
398,1630208,29576.1,55.7,38.96,34.52,20,0.25,133,0.6842105263157895,203,139,37,21,6,0,0,103,-4.503497717877735,20.137931034482758,0.047602541744709015,-0.011570379137992859,0.9825327396392822,-0.03996678527910262,36.77329204082489,1.6795074403285981,0.12361270561814308,0.05033570397499716,0.341748046875,19.889683771133424,-2.5902409106492996e-09,0.3244563341140747,0.0001780962128966223,-0.9992726445198059,0.2895771563053131,2627,0.5946154594421387,1451,1.8151493072509766,18,nan,0,nan,0
399,1634304,29650.9,55.1,39.73,34.54,20,0.25,333,0.6756756756756757,200,134,43,17,6,0,0,102,-4.455467756280585,20.575,0.031099986284971237,-0.010606450960040092,0.979722797870636,-0.03730126041918993,34.82243583202362,1.677029198408127,0.11754414653405547,0.05505904718593228,0.342822265625,17.941965413093566,-1.6880221664905548e-09,0.32918089628219604,0.00017778915046059364,-1.0001765489578247,0.2683529555797577,2692,0.608802318572998,1399,1.5689047574996948,5,nan,0,nan,0
400,1638400,29724.8,55.7,38.97,34.52,20,0.25,18,0.5555555555555556,197,124,53,14,6,0,0,93,-4.738385034589631,20.84263959390863,-0.019715066999197006,-0.011790240183472633,0.9815337061882019,-0.03104430452804081,39.17257280349732,1.6728069186210632,0.12791748028248548,0.0538451145082945,0.34267578125,19.79004693031311,-2.0372681319713593e-09,0.29052621126174927,0.00017748208802456498,-1.0012588500976562,0.2514946758747101,2571,0.6434610486030579,1518,1.6569489240646362,7,nan,0,nan,0
401,1642496,29799.2,55.4,39.38,34.51,20,0.25,214,0.6962616822429907,196,139,46,6,4,1,0,113,-4.538720511265299,20.724489795918366,0.05015823617577553,-0.012433421798050404,0.9797435998916626,-0.015389064722694457,43.840463924407956,1.669111281633377,0.19098868565633892,0.07118333939433796,0.38916015625,25.270129489898682,-2.0081643015146255e-09,0.45797890424728394,0.00017717502558853632,-1.0019807815551758,0.26071250438690186,2600,0.6177308559417725,1417,3.8499410152435303,65,8.075490951538086,14,nan,0
402,1646592,29873.8,55.2,39.68,34.48,20,0.25,421,0.6793349168646081,207,137,40,20,10,0,0,98,-4.486687830104863,19.806763285024154,0.037641845643520355,-0.010835519060492516,0.9807148575782776,-0.037940039811655876,37.02322931289673,1.6671895802021026,0.12543093990534543,0.06804538704454899,0.4033203125,16.441450715065002,-1.3969838619232178e-09,0.2873517870903015,0.00017686796315250769,-1.002440094947815,0.26834484934806824,2659,0.6305391192436218,1428,1.3776808977127075,9,nan,0,nan,0
403,1650688,29948.3,55.3,39.59,34.51,20,0.25,115,0.6521739130434783,206,135,45,19,7,0,0,103,-4.472775920251031,20.106796116504853,0.022954147309064865,-0.01132122240960598,0.974293053150177,-0.037739779660478236,37.27965919971466,1.6638626039028168,0.12105302615091204,0.061688846256583926,0.391259765625,21.978779602050782,-2.3283064365386963e-09,0.3343532085418701,0.000176560900716479,-1.0033925771713257,0.2639785408973694,2664,0.6466633677482605,1416,0.9841697216033936,16,nan,0,nan,0
404,1654784,30023.0,55.2,39.7,34.5,20,0.25,321,0.6947040498442367,206,148,27,19,12,0,0,102,-4.503789273065408,19.805825242718445,0.09923822432756424,-0.009454723447561264,0.9794344305992126,-0.04040134805254638,34.89985406398773,1.6608766257762908,0.1058669339865446,0.04767552712000907,0.32568359375,20.353658390045165,-2.6193447411060333e-10,0.28331834077835083,0.00017625383828045037,-1.0040439367294312,0.2653973400592804,2791,0.5804535746574402,1305,nan,0,nan,0,nan,0
405,1658880,30097.0,55.7,38.93,34.55,20,0.25,11,0.7272727272727273,202,131,48,16,7,0,0,95,-4.672550456744085,20.168316831683168,0.026485014706850052,-0.010437579825520515,0.9722650051116943,-0.03765255827456713,37.744886708259585,1.6583451449871063,0.11032260386273265,0.04825725113041699,0.339306640625,18.651441383361817,-1.5133991837501526e-09,0.3116033673286438,0.00017594677584442168,-1.004704236984253,0.2528861463069916,2662,0.6018608808517456,1422,1.360066533088684,12,nan,0,nan,0
406,1662976,30172.1,54.8,40.18,34.49,20,0.25,215,0.7348837209302326,204,150,30,17,7,0,0,116,-4.75495476909592,20.17156862745098,0.11828015744686127,-0.01047738641500473,0.9719938039779663,-0.026483585487585514,33.69890286922455,1.6552645146846772,0.1218234971165657,0.062090899868053384,0.362353515625,21.09149866104126,-2.5029294192790985e-09,0.2996882200241089,0.00017563971340839305,-1.0054057836532593,0.26169830560684204,2748,0.6349321007728577,1331,2.3412678241729736,17,nan,0,nan,0
407,1667072,30246.4,55.5,39.25,34.54,20,0.25,415,0.6867469879518072,200,127,40,28,5,0,0,101,-4.440389810952674,20.025,-0.0005152858793735504,-0.010816036723554134,0.982032835483551,-0.01847599553875625,38.962071251869205,1.6521080315113068,0.11884069554507733,0.07687176227045711,0.38818359375,25.38151533603668,-8.149072527885437e-10,0.28659898042678833,0.00017533265097236436,-1.0065497159957886,0.259878933429718,2624,0.6179307103157043,1468,1.7175261974334717,4,nan,0,nan,0
408,1671168,30321.2,55.1,39.83,34.47,20,0.25,115,0.6782608695652174,212,148,37,18,9,0,0,110,-4.602156858268396,19.721698113207548,0.08605900406837463,-0.011815620586276054,0.9822348356246948,-0.02311498480848968,35.235103726387024,1.6460302650928498,0.13828909527510405,0.09634362017095555,0.420654296875,19.05877721309662,-2.444721758365631e-09,0.3691309094429016,0.00017502558853633573,-1.0082883834838867,0.2770840525627136,2627,0.7052974700927734,1445,1.8947237730026245,24,nan,0,nan,0
409,1675264,30395.7,55.3,39.56,34.51,20,0.25,321,0.6542056074766355,206,132,47,22,5,0,0,92,-4.645825400780704,19.97087378640777,0.017011212185025215,-0.009979208000004292,0.9737789034843445,-0.02902304045855999,39.43221828937531,1.639997136592865,0.11159868715330959,0.08118087017501238,0.402392578125,17.66333599090576,-3.434251993894577e-09,0.3362571597099304,0.00017471852610030704,-1.0094947814941406,0.25785189867019653,2597,0.5642737150192261,1477,1.5658607482910156,22,nan,0,nan,0
410,1679360,30469.8,55.7,39.08,34.52,20,0.25,16,0.625,207,139,42,20,6,0,0,102,-4.722743106417874,19.690821256038646,0.04668702185153961,-0.010809537023305893,0.9735150337219238,-0.03675793984439224,35.21175067424774,1.6361767590045928,0.1212451472878456,0.07868641756504076,0.4056640625,15.346063137054443,-1.4842953532934189e-09,0.34049326181411743,0.0001744114636642784,-1.010241985321045,0.2660275995731354,2636,0.6093367338180542,1454,1.5344552993774414,6,nan,0,nan,0
411,1683456,30544.3,55.3,39.6,34.51,20,0.25,222,0.6396396396396397,206,132,41,26,7,0,0,101,-4.441803886937209,19.771844660194176,0.012317429296672344,-0.010593993589282036,0.966066837310791,-0.03252234217943624,36.75077843666077,1.6337633430957794,0.11565042324364186,0.058253235097799914,0.36474609375,20.344220495224,-2.8812792152166367e-09,0.33230268955230713,0.00017410440122824972,-1.0105994939804077,0.2584022581577301,2678,0.5932515263557434,1418,nan,0,nan,0,nan,0
412,1687552,30618.8,55.4,39.48,34.49,20,0.25,430,0.6465116279069767,208,136,44,21,7,0,0,104,-4.572289143282912,19.85576923076923,0.027439666911959648,-0.01126299612224102,0.9840534925460815,-0.027189342328347264,39.848066973686215,1.6325130760669708,0.11990716084837913,0.07270089789235498,0.4060546875,16.95156064033508,-9.89530235528946e-10,0.28218579292297363,0.0001737973387922211,-1.0109630823135376,0.25134220719337463,2536,0.5660965442657471,1542,1.3639882802963257,18,nan,0,nan,0
413,1691648,30692.9,55.6,39.19,34.54,20,0.25,125,0.632,207,128,46,26,7,0,0,98,-4.502616707474089,19.695652173913043,-0.012177906930446625,-0.010470318607985973,0.9809719920158386,-0.03010521586984396,40.307668042182925,1.6314299404621124,0.11621964210644364,0.07279450640635332,0.411962890625,18.45295379161835,-9.604264050722122e-10,0.2975388765335083,0.0001734902763561924,-1.0112062692642212,0.2562093138694763,2485,0.5561278462409973,1596,0.785809338092804,15,nan,0,nan,0
414,1695744,30766.5,56.0,38.64,34.5,20,0.25,334,0.6497005988023952,209,138,46,17,8,0,0,92,-4.55655467336075,19.583732057416267,0.023487068712711334,-0.01185956597328186,0.9750450253486633,-0.03665613282937556,39.53319692611694,1.6294771075248717,0.13430188223719597,0.06883184005127987,0.36279296875,18.474409294128417,-1.6589183360338211e-09,0.32880979776382446,0.00017318321392016377,-1.0120354890823364,0.253654807806015,2419,0.6565791964530945,1666,3.092547655105591,11,nan,0,nan,0
415,1699840,30840.4,55.8,38.96,34.5,20,0.25,25,0.64,203,130,48,17,8,0,0,96,-4.627311728576324,20.354679802955665,0.014179212972521782,-0.010241381824016571,0.9776521921157837,-0.038832629716489465,38.18143208026886,1.6265661358833312,0.11104435408487916,0.05610207329009427,0.346533203125,17.526112413406373,-7.275957614183426e-10,0.2878229022026062,0.00017287615148413508,-1.0125367641448975,0.2629907727241516,2579,0.556171178817749,1505,2.0017755031585693,12,nan,0,nan,0
416,1703936,30914.6,55.5,39.26,34.49,20,0.25,232,0.6767241379310345,207,141,45,16,5,0,0,104,-4.465768813456983,19.77777777777778,0.06203740835189819,-0.009562769904732704,0.9758292436599731,-0.029646166902966797,34.87529320716858,1.624252039194107,0.10420720055699348,0.06879887189570581,0.40947265625,17.047171688079835,-1.4260876923799515e-09,0.3455812335014343,0.00017256908904810645,-1.013169527053833,0.2613466680049896,2532,0.5484743118286133,1558,1.1698845624923706,6,nan,0,nan,0
417,1708032,30989.4,55.1,39.85,34.47,20,0.25,435,0.671264367816092,203,135,46,15,7,0,0,98,-4.521940693589054,20.24137931034483,0.044043224304914474,-0.01103702001273632,0.9750834703445435,-0.03494659451534972,38.87524929046631,1.6216521263122559,0.1235616721212864,0.07341840356675675,0.392724609375,17.33925437927246,-2.8230715543031693e-09,0.346028208732605,0.00017226202661207776,-1.0139364004135132,0.2609139382839203,2598,0.6206729412078857,1486,1.7295036315917969,12,nan,0,nan,0
418,1712128,31063.7,55.4,39.43,34.49,20,0.25,125,0.616,202,132,45,19,6,0,0,95,-4.433652984608436,19.940594059405942,0.016969777643680573,-0.010756591334939003,0.9768875241279602,-0.01777089573442936,40.007483863830565,1.6182011783123016,0.11733866790309548,0.0972269931808114,0.422216796875,20.98553991317749,-4.656612873077393e-10,0.3252406716346741,0.00017195496417604913,-1.0146498680114746,0.2623105049133301,2535,0.5972927212715149,1539,1.581935167312622,22,nan,0,nan,0
419,1716224,31138.0,55.5,39.3,34.52,20,0.25,332,0.6445783132530121,207,137,46,18,6,0,0,106,-4.439986743329846,19.797101449275363,0.03769585117697716,-0.011529045179486275,0.9742864370346069,-0.03162695171777159,37.49368739128113,1.616044020652771,0.1218167133629322,0.06174641624093056,0.373291015625,18.605354928970335,-8.149072527885437e-10,0.3480794429779053,0.00017164790174002044,-1.01527738571167,0.2695039212703705,2494,0.6091512441635132,1568,1.7125089168548584,34,nan,0,nan,0
420,1720320,31212.6,55.2,39.69,34.49,20,0.25,27,0.8148148148148148,207,142,42,17,6,0,0,107,-4.38034355940307,19.96135265700483,0.06460335105657578,-0.012108540162444115,0.9830290675163269,-0.03139323624782264,35.45916125774384,1.6134676694869996,0.13694073185324668,0.058529328501026615,0.3658203125,18.773079252243043,-1.775333657860756e-09,0.3482617735862732,0.0001713408393039918,-1.016032099723816,0.28254473209381104,2475,0.6469792723655701,1601,2.7957072257995605,20,nan,0,nan,0
421,1724416,31287.5,55.1,39.93,34.47,20,0.25,234,0.717948717948718,207,146,32,20,9,0,0,117,-4.551990006269172,19.835748792270532,0.10026871412992477,-0.010496875271201134,0.9737721681594849,-0.029011305258609354,33.448443150520326,1.610517954826355,0.11411931598559022,0.07996179178880994,0.406591796875,15.350486516952515,-9.89530235528946e-10,0.36447030305862427,0.00017103377686796312,-1.016649603843689,0.25168612599372864,2618,0.5916879177093506,1457,1.7006897926330566,21,nan,0,nan,0
422,1728512,31361.7,55.6,39.2,34.51,20,0.25,438,0.6940639269406392,204,136,42,19,7,0,0,106,-4.66504069544508,20.230392156862745,0.05088961496949196,-0.010383348912000656,0.9799588918685913,-0.038634827150963245,38.23472545146942,1.6067188024520873,0.12216154970228672,0.042864730504516044,0.3244140625,21.427367305755617,-1.949956640601158e-09,0.3139423131942749,0.0001707267144319345,-1.017947793006897,0.25780755281448364,2616,0.5895172357559204,1457,1.3763210773468018,23,nan,0,nan,0
423,1732608,31436.2,55.3,39.53,34.51,20,0.25,130,0.6307692307692307,204,133,40,25,6,0,0,107,-4.685963569592726,19.941176470588236,0.03498396649956703,-0.01012521330267191,0.9686536192893982,-0.04071825915016234,39.34080266952515,1.601570862531662,0.10758177302777767,0.0654774017908494,0.34892578125,16.02866415977478,-9.604264050722122e-10,0.2930874228477478,0.00017041965199590583,-1.0191798210144043,0.25141844153404236,2589,0.5817862749099731,1482,1.8005757331848145,25,nan,0,nan,0
424,1736704,31510.3,55.6,39.16,34.5,20,0.25,329,0.6322188449848024,199,126,52,15,6,0,0,82,-4.556680981504987,20.44221105527638,0.0045645758509635925,-0.011417181231081486,0.9702335000038147,-0.03434077830170281,38.800102305412295,1.5964697003364563,0.11965962992981076,0.06799088572588516,0.37822265625,20.254141521453857,-2.0081643015146255e-09,0.32738590240478516,0.00017011258955987717,-1.0203965902328491,0.2638545632362366,2556,0.6211026310920715,1532,1.9093067646026611,8,nan,0,nan,0
425,1740800,31584.7,55.4,39.37,34.52,20,0.25,19,0.6842105263157895,202,134,31,29,8,0,0,103,-4.604426939245882,20.133663366336634,0.05204465985298157,-0.009539772756397724,0.9673857092857361,-0.030958419013768435,36.679088544845584,1.5923549354076385,0.10631105862557888,0.04922354632872157,0.337646484375,20.9651141166687,-1.979060471057892e-09,0.30362534523010254,0.0001698055271238485,-1.0214228630065918,0.2600504755973816,2692,0.5587098598480225,1394,1.070647120475769,10,nan,0,nan,0
426,1744896,31659.2,55.3,39.58,34.53,20,0.25,227,0.6387665198237885,208,132,37,28,11,0,0,98,-4.4304645528087505,19.91826923076923,0.015973232686519623,-0.00937558338046074,0.9727365970611572,-0.041154760040808466,38.28641130924225,1.587350571155548,0.10313193071633578,0.05722639583691489,0.33837890625,16.535029935836793,-2.270098775625229e-09,0.29687321186065674,0.00016949846468781985,-1.0228251218795776,0.2572007179260254,2648,0.528676450252533,1436,1.567733645439148,12,nan,0,nan,0
427,1748992,31733.6,55.4,39.46,34.48,20,0.25,430,0.6674418604651163,203,142,37,18,6,0,0,105,-4.485996673574281,20.108374384236452,0.08862297236919403,-0.010180442593991756,0.9735422730445862,-0.027914580516517164,35.996356678009036,1.5827380895614624,0.11615158515051008,0.08356631051865407,0.41875,18.467425179481506,-1.5133991837501526e-09,0.27053260803222656,0.0001691914022517912,-1.0235087871551514,0.26680678129196167,2568,0.5453652143478394,1518,1.6011993885040283,10,nan,0,nan,0
428,1753088,31807.7,55.6,39.09,34.56,20,0.25,121,0.628099173553719,203,134,42,23,4,0,0,104,-4.374771912341743,20.113300492610836,0.04818198084831238,-0.010243677534162998,0.980991542339325,-0.032662347541190684,36.037411665916444,1.5795891463756562,0.11184155168011785,0.06925248456391273,0.377880859375,19.508404755592345,-8.440110832452774e-10,0.31923359632492065,0.00016888433981576253,-1.0247126817703247,0.28190985321998596,2549,0.5721331834793091,1542,1.679781198501587,5,nan,0,nan,0
429,1757184,31882.3,55.3,39.57,34.5,20,0.25,323,0.6191950464396285,202,124,44,28,6,0,0,98,-4.6020676048857405,20.252475247524753,0.0028365831822156906,-0.009874794632196426,0.9791987538337708,-0.029747505590785296,39.162433218956,1.574994283914566,0.10654523056000471,0.062153796787606554,0.344091796875,19.696084880828856,-1.979060471057892e-09,0.28402435779571533,0.00016857727737973387,-1.0256855487823486,0.271127313375473,2657,0.5583523511886597,1434,2.0334062576293945,5,nan,0,nan,0
430,1761280,31956.6,55.4,39.43,34.5,20,0.25,13,0.9230769230769231,202,144,41,15,2,0,0,117,-4.393167800701324,20.18811881188119,0.10318423807621002,-0.009116148576140404,0.9671289324760437,-0.039454407431185244,32.31249327659607,1.5704944133758545,0.0989610149525106,0.04378074068808928,0.329638671875,18.635244846343994,-2.6775524020195007e-09,0.3350793719291687,0.0001682702149437052,-1.027047872543335,0.2608911693096161,2625,0.5158963799476624,1467,0.5737340450286865,4,nan,0,nan,0
431,1765376,32031.2,55.3,39.51,34.55,20,0.25,219,0.7077625570776256,206,143,35,22,6,0,0,112,-4.5211879971849935,19.975728155339805,0.09246568381786346,-0.00988019723445177,0.973264753818512,-0.03440473498776555,35.29888799190521,1.565539264678955,0.10742576876655222,0.05541541052953107,0.33818359375,19.098951554298402,-2.764863893389702e-09,0.3079843521118164,0.00016796315250767655,-1.028127670288086,0.2481279969215393,2652,0.5837779641151428,1425,1.0546809434890747,19,nan,0,nan,0
432,1769472,32105.5,55.4,39.4,34.51,20,0.25,422,0.7037914691943128,203,142,37,23,1,0,0,99,-4.519824867537467,20.35960591133005,0.08593649417161942,-0.009666625410318375,0.9730285406112671,-0.01912010560336057,34.21647950410843,1.5620559632778168,0.11677714809775352,0.08512359909946099,0.42802734375,19.541513681411743,-1.6298145055770874e-09,0.29765671491622925,0.0001676560900716479,-1.0286180973052979,0.25182420015335083,2587,0.562023937702179,1499,0.8313053250312805,10,nan,0,nan,0
433,1773568,32179.9,55.3,39.54,34.47,20,0.25,114,0.6578947368421053,204,141,36,21,6,0,0,104,-4.490710064459282,20.073529411764707,0.08645936846733093,-0.009579814970493317,0.9781603217124939,-0.04039161545224488,36.67041985988617,1.5595452666282654,0.09922308204695582,0.06770868136518401,0.3671875,16.612674903869628,-1.4842953532934189e-09,0.26819008588790894,0.00016734902763561923,-1.0295709371566772,0.26185333728790283,2602,0.5436877012252808,1466,1.160094141960144,28,nan,0,nan,0
434,1777664,32254.0,55.6,39.09,34.57,20,0.25,315,0.6761904761904762,201,138,39,19,5,0,0,105,-4.563064198238774,20.223880597014926,0.08045489341020584,-0.010883048176765442,0.973555862903595,-0.033447127277031544,35.876934504508974,1.5561993062496184,0.12123482269234956,0.05026517334626988,0.3443359375,18.30933794975281,-1.6298145055770874e-09,0.3622954487800598,0.00016704196519959057,-1.0300520658493042,0.2537517845630646,2577,0.6047031283378601,1516,1.3800338506698608,3,nan,0,nan,0
435,1781760,32328.4,55.4,39.5,34.48,20,0.25,10,0.8,207,143,36,19,9,0,0,121,-4.4238939032597235,19.806763285024154,0.09157003462314606,-0.00918643455952406,0.9688866138458252,-0.030323417368344964,35.66870746612549,1.5554083824157714,0.10328642996028066,0.058926903453539126,0.383935546875,15.79869523048401,-1.4551915228366852e-09,0.3097096085548401,0.0001667349027635619,-1.0301693677902222,0.2582341730594635,2634,0.5508034825325012,1450,1.7518916130065918,12,nan,0,nan,0
436,1785856,32402.7,55.5,39.34,34.53,20,0.25,214,0.719626168224299,204,146,38,17,3,0,0,99,-4.480436913854735,19.887254901960784,0.11255253106355667,-0.008772353641688824,0.9732785224914551,-0.03592677710112184,37.63449857234955,1.5553675711154937,0.10110123124904931,0.08267538010550197,0.377001953125,20.243525791168214,-5.820766091346741e-11,0.29198187589645386,0.00016642784032753325,-1.0300538539886475,0.2325018346309662,2610,0.49832871556282043,1475,2.490380048751831,11,nan,0,nan,0
437,1789952,32477.0,55.4,39.39,34.55,20,0.25,417,0.7074340527577938,203,141,37,20,5,0,0,105,-4.518220110475245,20.364532019704434,0.08046021312475204,-0.00919264741241932,0.9637811183929443,-0.037838928797282276,34.789089584350585,1.5540650188922882,0.10031353519298136,0.06429380130430218,0.35595703125,14.424454760551452,-2.7939677238464355e-09,0.33966559171676636,0.0001661207778915046,-1.0309621095657349,0.26149749755859375,2564,0.5288863778114319,1523,1.076054573059082,9,nan,0,nan,0
438,1794048,32551.4,55.4,39.47,34.48,20,0.25,109,0.7064220183486238,204,138,36,24,6,0,0,113,-4.5583924132680504,20.04901960784314,0.07425865530967712,-0.009978661313652992,0.9784172773361206,-0.026693792291916908,37.45460383892059,1.5500982224941253,0.11322314608842135,0.05392583018983714,0.352587890625,19.968966364860535,-4.656612873077393e-10,0.3304510712623596,0.00016581371545547593,-1.0317785739898682,0.2517109811306,2615,0.5305993556976318,1464,2.7713053226470947,17,nan,0,nan,0
439,1798144,32626.0,55.2,39.64,34.49,20,0.25,310,0.7290322580645161,201,149,36,12,4,0,0,122,-4.38097367262052,20.398009950248756,0.13179852068424225,-0.009499413892626762,0.9709884524345398,-0.029476482688914986,30.004390597343445,1.546739673614502,0.10326122790575028,0.05791387666249648,0.37958984375,18.490102577209473,-2.0954757928848267e-09,0.4045844078063965,0.00016550665301944727,-1.0328516960144043,0.25962865352630615,2553,0.5425511598587036,1518,1.2928454875946045,25,nan,0,nan,0
440,1802240,32700.3,55.4,39.38,34.5,20,0.25,511,0.7221135029354208,201,143,30,25,3,0,0,100,-4.435567097511045,20.218905472636816,0.11057513952255249,-0.009212815202772617,0.9715019464492798,-0.04182222345843911,32.877717876434325,1.5424518764019013,0.10014783628284932,0.0598613370777457,0.375390625,18.69574730396271,-1.367880031466484e-09,0.2635151743888855,0.0001651995905834186,-1.0337591171264648,0.2743728458881378,2638,0.5098046660423279,1444,1.0582127571105957,14,nan,0,nan,0
441,1806336,32775.1,55.1,39.78,34.49,20,0.25,203,0.7241379310344828,204,148,30,22,4,0,0,113,-4.341800013212062,20.41176470588235,0.12383519113063812,-0.0096806101500988,0.9653134346008301,-0.03889455990865827,31.213749611377715,1.538561886548996,0.10695269070565701,0.06332855701330117,0.363818359375,18.270211362838744,0.0,0.3737272620201111,0.00016489252814738998,-1.0348821878433228,0.26523956656455994,2629,0.5367920994758606,1438,1.5103657245635986,29,nan,0,nan,0
442,1810432,32849.5,55.3,39.57,34.48,20,0.25,406,0.7192118226600985,203,145,42,13,3,0,0,125,-4.448073718128468,19.807881773399014,0.10501112043857574,-0.010194608010351658,0.9660930037498474,-0.0370855622459203,33.78080952167511,1.533490651845932,0.111058028973639,0.06085592137096683,0.3537109375,17.114495372772218,-2.3865140974521637e-09,0.3523675799369812,0.0001645854657113613,-1.036360263824463,0.2593793570995331,2472,0.5683338642120361,1585,1.138680100440979,39,nan,0,nan,0
443,1814528,32923.7,55.5,39.27,34.48,20,0.25,94,0.7446808510638298,200,150,27,21,2,0,0,115,-4.318040339837856,20.705,0.14297673106193542,-0.009404703043401241,0.9771560430526733,-0.01931290221400559,30.536414897441865,1.5287556111812592,0.1061070254072547,0.05549721727729775,0.348291015625,20.122614669799805,-3.4924596548080444e-10,0.3353605270385742,0.00016427840327533266,-1.0369311571121216,0.2607243061065674,2601,0.5261654257774353,1464,1.7997533082962036,31,nan,0,nan,0
444,1818624,32998.0,55.4,39.36,34.52,20,0.25,299,0.7090301003344481,205,142,30,27,6,0,0,107,-4.4997819146563245,20.204878048780486,0.0803883746266365,-0.010408753529191017,0.9830377697944641,-0.02310880885925144,39.4377783536911,1.526337844133377,0.12228325083851814,0.07398012277844827,0.369384765625,21.305123043060302,-1.9208528101444244e-09,0.3437138795852661,0.00016397134083930397,-1.0379581451416016,0.2577216327190399,2571,0.594893753528595,1502,3.857351779937744,23,nan,0,nan,0
445,1822720,33071.8,55.9,38.75,34.54,20,0.25,496,0.7217741935483871,197,146,26,22,3,0,0,125,-4.422241300630207,20.502538071065988,0.13738414645195007,-0.010125748813152313,0.9671710729598999,-0.03368985692504793,30.692851769924165,1.5212491750717163,0.11331849773414433,0.06792934487748425,0.361279296875,17.962639236450194,-2.6775524020195007e-09,0.36269187927246094,0.00016366427840327534,-1.039329171180725,0.2638320028781891,2608,0.5783042311668396,1475,4.331399917602539,13,nan,0,nan,0
446,1826816,33145.7,55.7,39.04,34.48,20,0.25,184,0.7065217391304348,200,143,36,18,3,0,0,107,-4.260778590820866,20.44,0.1008819192647934,-0.010435492731630802,0.9735626578330994,-0.029371530981734395,32.49585683345795,1.5165399134159088,0.12164243040606379,0.07754315374913859,0.39287109375,24.172130727767943,-1.1350493878126144e-09,0.3705347180366516,0.00016335721596724665,-1.0400912761688232,0.2647041380405426,2554,0.5573845505714417,1520,2.691179037094116,22,nan,0,nan,0
447,1830912,33220.1,55.4,39.44,34.5,20,0.25,388,0.7164948453608248,204,148,39,13,4,0,0,107,-4.276918910668909,20.441176470588236,0.11135412752628326,-0.011832521297037601,0.9771325588226318,-0.022883307514712216,38.64528169631958,1.5139983952045442,0.1715174226090312,0.10549909814726562,0.376025390625,19.64826273918152,-1.979060471057892e-09,0.34170693159103394,0.00016305015353121802,-1.0408613681793213,0.2479526549577713,2529,0.656783938407898,1523,4.856125354766846,44,nan,0,nan,0
448,1835008,33294.2,55.6,39.18,34.52,20,0.25,77,0.7662337662337663,201,146,31,18,6,0,0,113,-4.413505812671305,20.437810945273633,0.12433084845542908,-0.01032519992440939,0.9784339070320129,-0.040352987963706254,32.67165277004242,1.5106988787651061,0.11462524989619852,0.07178878020786214,0.370849609375,14.685245513916016,-2.153683453798294e-09,0.35817813873291016,0.00016274309109518933,-1.0416772365570068,0.24756556749343872,2627,0.5594521760940552,1439,1.698272466659546,30,nan,0,nan,0
449,1839104,33368.8,55.3,39.58,34.52,20,0.25,279,0.7311827956989247,202,145,34,19,4,0,0,114,-4.4225702403292715,20.00990099009901,0.117148756980896,-0.009984869509935379,0.9609655737876892,-0.034881272324128076,34.62007076740265,1.5073286890983582,0.11160551197826862,0.06369341807585442,0.383154296875,21.067143058776857,-1.949956640601158e-09,0.340390682220459,0.0001624360286591607,-1.0424702167510986,0.23549090325832367,2647,0.5656217932701111,1432,1.8453996181488037,17,nan,0,nan,0
450,1843200,33442.9,55.5,39.21,34.53,20,0.25,478,0.7050209205020921,199,133,43,18,5,0,0,104,-4.311640503545614,20.65829145728643,0.061964720487594604,-0.011525789275765419,0.9797279834747314,-0.037596188369207084,36.0748423576355,1.5036757051944734,0.12558729220181702,0.049615269254718444,0.33193359375,21.038406753540038,-1.8335413187742233e-09,0.31860703229904175,0.000162128966223132,-1.0436605215072632,0.2704443633556366,2619,0.6165013313293457,1456,0.7332682609558105,21,nan,0,nan,0
451,1847296,33517.5,55.3,39.62,34.5,20,0.25,172,0.7441860465116279,206,154,25,21,6,0,0,115,-4.383914176415118,19.563106796116504,0.16292977333068848,-0.00866612046957016,0.9709511399269104,-0.03654431760078296,32.43028304576874,1.4992415249347686,0.09634027900174261,0.08144449670944595,0.405078125,16.192174625396728,-2.066371962428093e-09,0.3355616331100464,0.00016182190378710338,-1.0446408987045288,0.24008800089359283,2529,0.5064062476158142,1555,2.3129003047943115,12,nan,0,nan,0
452,1851392,33592.0,55.3,39.55,34.53,20,0.25,381,0.7375328083989501,209,153,32,19,5,0,0,119,-4.2846940513229805,19.985645933014354,0.13151392340660095,-0.011051112785935402,0.9747877717018127,-0.025842293328605593,35.23185175657272,1.4949287831783296,0.14404288288205863,0.07956946012272965,0.402294921875,19.633534479141236,-1.57160684466362e-09,0.41305387020111084,0.0001615148413510747,-1.0456504821777344,0.2507348656654358,2526,0.5588816404342651,1530,4.238269329071045,40,nan,0,nan,0
453,1855488,33666.6,55.3,39.63,34.49,20,0.25,72,0.6944444444444444,203,146,30,23,4,0,0,118,-4.231246125000421,20.27093596059113,0.12139283120632172,-0.009806203655898571,0.9732853770256042,-0.03133976557292044,34.78578124046326,1.4917782485485076,0.11079965634271502,0.049783704831497744,0.338916015625,20.855635738372804,-2.7939677238464355e-09,0.3343076705932617,0.00016120777891504606,-1.0464286804199219,0.2405344545841217,2586,0.5322048664093018,1493,2.9014482498168945,17,nan,0,nan,0
454,1859584,33741.3,55.2,39.74,34.52,20,0.25,273,0.7032967032967034,201,142,28,26,5,0,0,106,-4.243553903346095,20.044776119402986,0.09464506059885025,-0.010308535769581795,0.9707317352294922,-0.03361215787008405,35.12567145824433,1.4874683499336243,0.11226926296949387,0.07976673436787678,0.413916015625,14.631024026870728,-1.2514647096395493e-09,0.38262414932250977,0.00016090071647901737,-1.0477677583694458,0.2458341270685196,2566,0.5817846655845642,1497,1.6687867641448975,33,nan,0,nan,0
455,1863680,33815.9,55.2,39.65,34.54,20,0.25,482,0.7074688796680498,209,149,33,22,5,0,0,120,-4.1407835284622365,19.636363636363637,0.11983513832092285,-0.010016285814344883,0.9758168458938599,-0.022631250228732823,32.547926092147826,1.4817594945430757,0.10959415789693594,0.09205006890842923,0.447119140625,17.520344734191895,-2.5320332497358322e-09,0.3565065860748291,0.00016059365404298874,-1.0492923259735107,0.2829825282096863,2593,0.5747731924057007,1483,2.68298077583313,20,nan,0,nan,0
456,1867776,33890.0,55.6,39.21,34.48,20,0.25,169,0.7455621301775148,199,148,30,18,3,0,0,116,-4.494162224937106,20.592964824120603,0.14378222823143005,-0.009739328175783157,0.9743392467498779,-0.019962528767064214,30.101476967334747,1.4758579850196838,0.11380683341994882,0.0971107518504141,0.4318359375,16.689686322212218,-2.6193447411060333e-09,0.37389129400253296,0.00016028659160696005,-1.050553560256958,0.26763948798179626,2668,0.5971342921257019,1413,0.8952037692070007,15,nan,0,nan,0
457,1871872,33964.5,55.3,39.55,34.5,20,0.25,369,0.7425474254742548,200,148,18,31,3,0,0,113,-4.187632046361637,20.43,0.14247839152812958,-0.008682891726493835,0.974075973033905,-0.014481352362781762,29.478025722503663,1.472161191701889,0.09561893017962575,0.09393233599257655,0.438818359375,16.513679099082946,-1.7462298274040222e-09,0.3300415277481079,0.00015997952917093142,-1.0510040521621704,0.24699269235134125,2642,0.5023099184036255,1438,0.9267659187316895,16,nan,0,nan,0
458,1875968,34039.3,55.1,39.87,34.48,20,0.25,68,0.7941176470588235,211,164,22,21,4,0,0,131,-4.412122362816265,19.526066350710902,0.20428477227687836,-0.00869447086006403,0.9657657742500305,-0.02945740825962275,27.73338762521744,1.4708528399467469,0.09735987223684787,0.057223359018098566,0.366259765625,16.755957889556885,-5.820766091346741e-10,0.3071557283401489,0.00015967246673490273,-1.0516064167022705,0.2349952906370163,2734,0.49605751037597656,1352,1.1418766975402832,10,nan,0,nan,0
459,1880064,34114.1,55.1,39.84,34.5,20,0.25,272,0.6911764705882353,204,134,31,32,7,0,0,105,-4.2630289562858925,20.137254901960784,0.06829270720481873,-0.009703005664050579,0.9740493297576904,-0.02361352235893719,34.9652736902237,1.4668089389801025,0.10558740925043822,0.07484159633459057,0.416796875,21.789431142807008,-9.89530235528946e-10,0.33355337381362915,0.0001593654042988741,-1.0529719591140747,0.2767806947231293,2619,0.5327301025390625,1467,1.3579192161560059,10,nan,0,nan,0
460,1884160,34188.3,55.6,39.14,34.52,20,0.25,474,0.6835443037974683,202,136,30,32,4,0,0,113,-4.3143379218520295,19.905940594059405,0.06873374432325363,-0.009799141436815262,0.9704673886299133,-0.027327775477897377,34.44658083915711,1.4615730047225952,0.12551922611892224,0.07522478446335298,0.38369140625,22.82061448097229,-1.6589183360338211e-09,0.40898841619491577,0.0001590583418628454,-1.0539987087249756,0.2444377988576889,2548,0.5606914162635803,1523,4.794741630554199,25,nan,0,nan,0
461,1888256,34263.1,55.1,39.85,34.48,20,0.25,173,0.7052023121387283,211,148,31,25,7,0,0,110,-4.461540791083581,19.66350710900474,0.11336580663919449,-0.010575099848210812,0.9740025997161865,-0.03168947268277407,34.48912255764007,1.4576456129550934,0.12276640832424164,0.051252365151594856,0.343310546875,21.4854736328125,-2.2992026060819626e-09,0.35305219888687134,0.00015875127942681678,-1.0551249980926514,0.2503815293312073,2523,0.5543926954269409,1551,1.6757533550262451,22,nan,0,nan,0
462,1892352,34337.3,55.5,39.32,34.47,20,0.25,379,0.712401055408971,206,148,28,23,7,0,0,109,-4.514894465210401,19.92233009708738,0.13583654165267944,-0.009883354417979717,0.9737789034843445,-0.029225973400752992,33.16887689828873,1.453548437356949,0.10965046640485525,0.07266350154823158,0.383837890625,17.63296957015991,-3.0850060284137726e-09,0.32776695489883423,0.00015844421699078812,-1.055864930152893,0.24819530546665192,2594,0.5827759504318237,1488,1.293357014656067,14,nan,0,nan,0
463,1896448,34411.6,55.4,39.41,34.46,20,0.25,72,0.6527777777777778,205,139,27,28,11,0,0,120,-4.259789503517187,19.70731707317073,0.0762365385890007,-0.01015919353812933,0.9712156057357788,-0.026364394882693886,34.810459566116336,1.451000416278839,0.11246224911883473,0.07174510411423399,0.407958984375,18.757746601104735,-1.3096723705530167e-09,0.34058642387390137,0.00015813715455475946,-1.0566718578338623,0.24782352149486542,2520,0.5440471768379211,1554,1.3244706392288208,22,nan,0,nan,0
464,1900544,34485.9,55.5,39.27,34.51,20,0.25,273,0.7032967032967034,201,145,38,11,7,0,0,104,-4.4384554076560345,20.48258706467662,0.134399875998497,-0.010496740229427814,0.973042368888855,-0.026077658921713008,31.51190149784088,1.4476548492908479,0.11845236266963184,0.08781351763318526,0.4041015625,20.074952411651612,-1.4842953532934189e-09,0.3655368685722351,0.0001578300921187308,-1.0573344230651855,0.2638136148452759,2634,0.5599694848060608,1449,1.3232176303863525,13,nan,0,nan,0
465,1904640,34560.1,55.6,39.22,34.49,20,0.25,478,0.694560669456067,205,140,36,22,7,0,0,112,-4.267876180279765,20.11219512195122,0.08328790962696075,-0.01091989129781723,0.9784117341041565,-0.019305686885491013,35.03993556499481,1.4454267084598542,0.12013075100257993,0.0804133275480126,0.404052734375,21.348051643371583,-1.2514647096395493e-09,0.3709205389022827,0.00015752302968270214,-1.0577197074890137,0.28017792105674744,2565,0.6000138521194458,1521,1.9775454998016357,10,nan,0,nan,0
466,1908736,34634.4,55.4,39.37,34.51,20,0.25,174,0.7298850574712644,208,152,28,24,4,0,0,124,-4.449786176049327,19.572115384615383,0.1410365104675293,-0.009372584521770477,0.9678497910499573,-0.033357357559725645,33.84291882514954,1.4448002099990844,0.11091412082314492,0.051834386667178475,0.32890625,21.13575930595398,-1.1059455573558807e-09,0.388860821723938,0.00015721596724667348,-1.0577354431152344,0.2597297728061676,2577,0.516953706741333,1499,3.296804904937744,20,nan,0,nan,0
467,1912832,34708.3,55.8,38.95,34.51,20,0.25,374,0.7352941176470589,200,148,29,16,7,0,0,115,-4.326382833115352,20.415,0.15300169587135315,-0.00947461649775505,0.9658623933792114,-0.024771822651382537,29.87017015218735,1.4447246551513673,0.10275434111244977,0.07856510639248881,0.4095703125,16.559735226631165,-2.2118911147117615e-09,0.38049525022506714,0.00015690890481064482,-1.0576908588409424,0.2707039415836334,2666,0.5615970492362976,1424,1.2780523300170898,6,nan,0,nan,0
468,1916928,34782.7,55.4,39.45,34.49,20,0.25,66,0.7272727272727273,204,156,21,20,7,0,0,117,-4.306522132203956,20.029411764705884,0.17131869494915009,-0.009025124832987785,0.9673689603805542,-0.030851797526702286,28.920145058631896,1.4447912871837616,0.09874417912214994,0.061170055816182865,0.384521484375,20.801164865493774,-2.6775524020195007e-09,0.3651753067970276,0.00015660184237461616,-1.0579373836517334,0.25894078612327576,2740,0.5439561009407043,1341,1.7792500257492065,15,nan,0,nan,0
469,1921024,34857.5,55.1,39.79,34.49,20,0.25,270,0.7333333333333333,204,150,26,26,2,0,0,121,-4.247094625415377,20.142156862745097,0.13476884365081787,-0.009840092621743679,0.972250759601593,-0.03188868653960526,30.82485077381134,1.4422592163085937,0.11180931851267814,0.05381477915216237,0.34306640625,20.712299871444703,-1.862645149230957e-09,0.3615451455116272,0.0001562947799385875,-1.0588388442993164,0.24498389661312103,2617,0.5398412346839905,1464,2.794290065765381,15,nan,0,nan,0
470,1925120,34932.1,55.2,39.67,34.51,20,0.25,476,0.7394957983193278,206,154,27,22,3,0,0,122,-4.198767473628726,19.902912621359224,0.15986619889736176,-0.009490089491009712,0.9694087505340576,-0.03184936310863122,30.076999020576476,1.4382692575454712,0.1027557267807424,0.06017592965508811,0.367236328125,18.464215898513793,-3.4924596548080444e-10,0.3186671733856201,0.00015598771750255884,-1.0599713325500488,0.2602839767932892,2538,0.5466894507408142,1546,1.4070912599563599,12,nan,0,nan,0
471,1929216,35006.9,55.1,39.85,34.48,20,0.25,175,0.72,211,151,25,33,2,0,0,120,-4.181094787317807,19.649289099526065,0.13103869557380676,-0.009923766367137432,0.9698841571807861,-0.03237639651633799,31.514287197589873,1.4341285288333894,0.11197897205129266,0.0504031011427287,0.34384765625,19.4434317111969,-2.0372681319713593e-09,0.36358338594436646,0.00015568065506653018,-1.0606731176376343,0.2512871026992798,2559,0.5588536858558655,1530,1.324546456336975,7,nan,0,nan,0
472,1933312,35081.4,55.3,39.56,34.48,20,0.25,380,0.6947368421052632,205,138,28,36,3,0,0,99,-4.271957062384014,19.84390243902439,0.09037676453590393,-0.009664931334555149,0.9732716679573059,-0.02663774264510721,32.684036827087404,1.4322848081588746,0.1072786740027368,0.05407859955594176,0.33642578125,25.9223744392395,-1.2223608791828156e-09,0.3357563018798828,0.00015537359263050152,-1.0611125230789185,0.2515033185482025,2635,0.5535976886749268,1445,1.2613556385040283,16,nan,0,nan,0
473,1937408,35155.7,55.5,39.33,34.47,20,0.25,74,0.6351351351351351,206,142,27,32,5,0,0,112,-4.459563069389599,19.961165048543688,0.10596911609172821,-0.008971771225333214,0.9740359783172607,-0.038066938938573006,32.62339427471161,1.4302994668483735,0.10040244292467833,0.0656580358161591,0.363525390625,18.91995539665222,-8.149072527885437e-10,0.32937103509902954,0.00015506653019447286,-1.0615484714508057,0.24021820724010468,2624,0.5240089893341064,1435,1.24282705783844,37,nan,0,nan,0
474,1941504,35230.4,55.1,39.83,34.47,20,0.25,277,0.6931407942238267,203,145,26,28,4,0,0,117,-4.314114383216856,20.02463054187192,0.11643186956644058,-0.01060081273317337,0.9640380144119263,-0.03754732420202345,29.941979432106017,1.4276569128036498,0.11435417756438256,0.06996251857053722,0.35537109375,18.335906672477723,-8.731149137020111e-11,0.3926423192024231,0.0001547594677584442,-1.0626482963562012,0.27203822135925293,2723,0.5939705967903137,1360,1.6857447624206543,13,nan,0,nan,0
475,1945600,35305.1,55.1,39.77,34.51,20,0.25,484,0.7107438016528925,207,152,25,29,1,0,0,116,-4.240613015182408,19.67149758454106,0.16727635264396667,-0.008844759315252304,0.9652867317199707,-0.019958063121885063,31.450913643836977,1.4221584975719452,0.09908652841113508,0.06169815088942414,0.38583984375,24.06578061580658,-2.6193447411060333e-10,0.2987467646598816,0.00015445240532241554,-1.0641802549362183,0.2526129186153412,2622,0.5314880013465881,1460,1.0683900117874146,14,nan,0,nan,0
476,1949696,35379.8,55.2,39.68,34.47,20,0.25,181,0.6850828729281768,209,143,26,35,5,0,0,101,-4.182841523941208,20.124401913875598,0.10050292313098907,-0.010494640097022057,0.9706714749336243,-0.03423538487404585,34.06256775856018,1.416203683614731,0.12234299276024103,0.0599928090479807,0.362353515625,19.553296899795534,-3.346940502524376e-09,0.33298856019973755,0.00015414534288638688,-1.0655934810638428,0.24704629182815552,2551,0.5821916460990906,1531,3.8723747730255127,14,nan,0,nan,0
477,1953792,35454.9,54.9,40.15,34.52,20,0.25,386,0.6813471502590673,205,139,17,47,2,0,0,114,-4.303677261559523,19.62439024390244,0.0974014550447464,-0.00949055701494217,0.9760987162590027,-0.04123817379586399,32.706479811668395,1.4114813148975371,0.10205034855753184,0.05631549839890795,0.335986328125,17.428176403045654,-2.648448571562767e-09,0.3166496157646179,0.00015383828045035822,-1.0666838884353638,0.24827751517295837,2596,0.5208308696746826,1488,1.374889850616455,12,nan,0,nan,0
478,1957888,35529.4,55.3,39.57,34.46,20,0.25,82,0.7317073170731707,208,138,22,42,6,0,0,93,-4.2752093769505395,19.778846153846153,0.0766657367348671,-0.010132161900401115,0.9704217910766602,-0.038624709961004554,32.97232208251953,1.4063793003559113,0.10981873590499162,0.05615273069415707,0.341455078125,14.043439531326294,-7.566995918750763e-10,0.3784189224243164,0.00015353121801432956,-1.0680521726608276,0.25294867157936096,2527,0.5533460974693298,1531,1.8215163946151733,38,nan,0,nan,0
479,1961984,35604.5,54.9,40.15,34.49,20,0.25,295,0.7322033898305085,213,156,21,35,1,0,0,128,-4.280984586000194,19.36150234741784,0.156122624874115,-0.008946902118623257,0.9616276025772095,-0.03040014677681029,30.23415447473526,1.402121353149414,0.10202833754010499,0.08715416132617974,0.401806640625,19.743249082565306,-1.775333657860756e-09,0.35084301233291626,0.0001532241555783009,-1.0686134099960327,0.24971109628677368,2655,0.559208869934082,1429,1.5417331457138062,12,nan,0,nan,0
480,1966080,35679.1,55.2,39.68,34.48,20,0.25,498,0.7530120481927711,203,159,20,21,3,0,0,123,-4.1813720086820965,20.103448275862068,0.20032301545143127,-0.010262951254844666,0.9771384596824646,-0.031187353236600757,28.413676309585572,1.400178176164627,0.11447728937491775,0.04920444650924764,0.309423828125,21.556728506088255,-1.280568540096283e-09,0.3295995593070984,0.00015291709314227227,-1.0693365335464478,0.2629099488258362,2562,0.5755606889724731,1508,2.8617959022521973,26,nan,0,nan,0
481,1970176,35753.9,55.1,39.83,34.48,20,0.25,191,0.7382198952879581,205,153,19,27,6,0,0,130,-4.310079035325517,19.73658536585366,0.1727241426706314,-0.00904846377670765,0.9730146527290344,-0.0354580900631845,27.981972527503967,1.39548761844635,0.10393723314628005,0.05699950973212253,0.345703125,16.3640305519104,-7.566995918750763e-10,0.3527998924255371,0.00015261003070624358,-1.0707881450653076,0.25358566641807556,2710,0.5589688420295715,1385,0.5140079855918884,1,nan,0,nan,0
482,1974272,35828.2,55.5,39.32,34.53,20,0.25,399,0.731829573934837,208,151,21,29,6,1,0,117,-4.186022629848426,19.870192307692307,0.14318081736564636,-0.009490232914686203,0.9629629850387573,-0.026794648775830866,36.50193383693695,1.390556263923645,0.13432330582290888,0.05976241245953133,0.3873046875,22.26901955604553,-3.4051481634378433e-09,0.34922873973846436,0.00015230296827021495,-1.0716074705123901,0.2520501911640167,2552,0.5069827437400818,1511,4.33758544921875,33,nan,0,nan,0
483,1978368,35902.7,55.4,39.49,34.49,20,0.25,94,0.776595744680851,207,157,19,28,3,0,0,133,-4.406626063268227,19.632850241545892,0.19278210401535034,-0.008769160136580467,0.9665724039077759,-0.04296202263794839,28.075095379352568,1.3873080670833589,0.09847489562816918,0.052420666864782105,0.32353515625,15.183180284500121,-2.9103830456733704e-11,0.3522195816040039,0.00015199590583418626,-1.0728535652160645,0.25403091311454773,2671,0.5545439720153809,1417,1.3273011445999146,8,nan,0,nan,0
484,1982464,35977.3,55.2,39.67,34.5,20,0.25,303,0.7458745874587459,209,153,21,29,6,0,0,118,-4.3408846958200495,19.47846889952153,0.163563072681427,-0.009019214659929276,0.9675842523574829,-0.030812360625714064,29.148612570762634,1.382088041305542,0.09968317742459476,0.054820448784448673,0.35166015625,17.273090863227843,-2.1245796233415604e-09,0.3660404682159424,0.00015168884339815763,-1.0739805698394775,0.23357152938842773,2653,0.5631075501441956,1426,0.7543212175369263,17,nan,0,nan,0
485,1986560,36052.3,54.9,40.13,34.46,20,0.25,1,1.0,210,167,20,18,5,0,0,134,-4.348833638070502,19.561904761904763,0.23726814985275269,-0.01013949140906334,0.9716932773590088,-0.025744869350455703,28.255881702899934,1.377586042881012,0.11858281944878399,0.04755865105689736,0.331884765625,27.54822874069214,-2.066371962428093e-09,0.37305521965026855,0.00015138178096212894,-1.0751605033874512,0.25505420565605164,2619,0.5856331586837769,1459,1.9024900197982788,18,nan,0,nan,0
486,1990656,36126.6,55.4,39.4,34.5,20,0.25,206,0.7233009708737864,205,148,27,26,4,0,0,123,-4.287590030030423,20.10731707317073,0.1529919058084488,-0.009176494553685188,0.9678745865821838,-0.03876839866861701,31.314866924285887,1.372681701183319,0.1049255826510489,0.048062181389832405,0.32802734375,21.820964956283568,-1.4842953532934189e-09,0.3216458559036255,0.0001510747185261003,-1.0764007568359375,0.25032320618629456,2563,0.5182591080665588,1523,1.3786859512329102,10,nan,0,nan,0
487,1994752,36201.0,55.4,39.4,34.51,20,0.25,406,0.7413793103448276,200,152,23,21,3,1,0,121,-4.329356246599343,20.56,0.16876333951950073,-0.00933476909995079,0.9638090133666992,-0.031181568786269053,34.0458306312561,1.3685410261154174,0.1361372043378651,0.06575085276854224,0.324169921875,21.65161418914795,-1.1641532182693481e-09,0.39227259159088135,0.00015076765609007162,-1.077148675918579,0.25324976444244385,2568,0.5756287574768066,1494,4.73038387298584,34,nan,0,nan,0
488,1998848,36275.5,55.3,39.56,34.51,20,0.25,96,0.78125,202,147,26,24,5,0,0,114,-4.343408639670482,20.26732673267327,0.1458432674407959,-0.011310664936900139,0.9684129357337952,-0.032196871330961586,33.35066174268722,1.3659630298614502,0.12828806107863783,0.04930763128795661,0.3171875,21.939330053329467,-2.240994945168495e-09,0.4262576699256897,0.000150460593654043,-1.077764630317688,0.2632834017276764,2637,0.6191914081573486,1399,2.792318105697632,60,nan,0,nan,0
489,2002944,36350.0,55.3,39.5,34.51,20,0.25,298,0.7449664429530202,202,147,28,19,8,0,0,125,-4.158924127931981,20.247524752475247,0.14227622747421265,-0.009471915662288666,0.9696969985961914,-0.03749101262073964,31.22413662672043,1.3632891595363616,0.10507463421672583,0.05097681387123885,0.325537109375,22.848107528686523,-1.5133991837501526e-09,0.3319854736328125,0.0001501535312180143,-1.0784504413604736,0.24290348589420319,2644,0.547087550163269,1448,1.3627848625183105,4,nan,0,nan,0
490,2007040,36425.1,54.9,40.15,34.45,20,0.25,501,0.7644710578842315,203,161,18,21,3,0,0,139,-4.359396015992121,20.216748768472907,0.2314489483833313,-0.009287137538194656,0.9691754579544067,-0.03193055798765272,25.463942408561707,1.3607805788516998,0.10382648333907127,0.054973228949529586,0.34033203125,22.852613139152528,-1.7171259969472885e-09,0.366630494594574,0.00014984646878198567,-1.0789821147918701,0.24558185040950775,2683,0.5127686262130737,1399,2.194007158279419,14,nan,0,nan,0
491,2011136,36499.6,55.3,39.56,34.47,20,0.25,192,0.7708333333333334,203,156,21,18,8,0,0,133,-4.241324130072721,20.221674876847292,0.18417280912399292,-0.009507103823125362,0.9720010161399841,-0.04258854715153575,28.620861887931824,1.3588150978088378,0.10960586946457625,0.06795977788133314,0.37529296875,16.4614821434021,-2.35741026699543e-09,0.34380000829696655,0.000149539406345957,-1.0796864032745361,0.23825858533382416,2559,0.524732768535614,1515,2.103142499923706,22,nan,0,nan,0
492,2015232,36574.0,55.4,39.45,34.46,20,0.25,394,0.7969543147208121,202,166,24,6,6,0,0,138,-4.3411525322958715,20.163366336633665,0.24867883324623108,-0.009810009971261024,0.9607087969779968,-0.026228026114404203,27.46061931848526,1.3543993711471558,0.108969518635422,0.07025418655830436,0.400634765625,16.6849928855896,-2.444721758365631e-09,0.4095398783683777,0.00014923234390992835,-1.0810970067977905,0.2350025177001953,2568,0.5620816946029663,1493,2.0542454719543457,35,nan,0,nan,0
493,2019328,36648.0,55.6,39.13,34.5,20,0.25,85,0.788235294117647,203,155,28,14,6,0,0,118,-4.212135339680612,20.15270935960591,0.18997454643249512,-0.009111357852816582,0.9691754579544067,-0.019104512967169286,30.284288108348846,1.3491871356964111,0.10266980640590191,0.0907159782233066,0.416357421875,20.29319362640381,-2.1245796233415604e-09,0.3340544104576111,0.0001489252814738997,-1.082165241241455,0.23239053785800934,2598,0.5185180902481079,1485,1.7247484922409058,13,nan,0,nan,0
494,2023424,36722.3,55.5,39.3,34.46,20,0.25,287,0.7630662020905923,202,152,30,15,5,0,0,127,-4.270285952051978,20.183168316831683,0.1900101900100708,-0.009398000314831734,0.9689265489578247,-0.032629981986247,30.82930096387863,1.3453131139278411,0.10544646391645074,0.05689787826122483,0.34580078125,18.44157428741455,-1.1932570487260818e-09,0.34817177057266235,0.00014861821903787103,-1.0829577445983887,0.24124671518802643,2569,0.5386305451393127,1508,1.8790887594223022,19,nan,0,nan,0
495,2027520,36796.8,55.3,39.58,34.47,20,0.25,485,0.7649484536082474,198,152,30,11,5,0,0,124,-4.355499912315749,20.353535353535353,0.17899064719676971,-0.010645570233464241,0.9676757454872131,-0.03635538091184572,30.99875020980835,1.3426097810268403,0.11442728722468018,0.06747297393594635,0.372998046875,18.162362623214722,-1.775333657860756e-09,0.38458359241485596,0.00014831115660184237,-1.083674669265747,0.24514856934547424,2585,0.6004497408866882,1497,2.0175516605377197,14,nan,0,nan,0
496,2031616,36871.3,55.3,39.65,34.47,20,0.25,183,0.7377049180327869,210,149,33,22,6,0,0,127,-4.147210976393921,19.947619047619046,0.1360400766134262,-0.010447693057358265,0.9686052203178406,-0.038339607114903626,30.58038326501846,1.3400848627090454,0.11605954999104143,0.052817770246474535,0.328076171875,17.31030421257019,-5.529727786779404e-10,0.40013670921325684,0.0001480040941658137,-1.0842604637145996,0.24200434982776642,2499,0.5858350396156311,1586,0.7223997712135315,11,nan,0,nan,0
497,2035712,36944.9,56.1,38.56,34.48,20,0.25,382,0.7408376963350786,199,148,36,13,2,0,0,111,-4.290234930996738,20.57286432160804,0.164119690656662,-0.009250925853848457,0.9674108028411865,-0.03770877512870356,31.79286675453186,1.3367372274398803,0.10367005500011146,0.05893658298300579,0.362548828125,18.999024820327758,0.0,0.3401200771331787,0.00014769703172978505,-1.0852687358856201,0.2470102310180664,2552,0.5530126690864563,1534,2.9616215229034424,10,nan,0,nan,0
498,2039808,37019.3,55.4,39.52,34.49,20,0.25,76,0.7763157894736842,206,151,27,17,11,0,0,124,-4.403751956964606,19.810679611650485,0.1700969785451889,-0.008842905052006245,0.9706940650939941,-0.0358013462042436,29.721248197555543,1.3334355533123017,0.09949434949085116,0.06368344377406174,0.345361328125,21.350464725494383,4.94765117764473e-10,0.38745832443237305,0.0001473899692937564,-1.0859016180038452,0.23152229189872742,2508,0.5050589442253113,1574,1.227228045463562,14,nan,0,nan,0
499,2043904,37094.0,55.1,39.78,34.49,20,0.25,282,0.8085106382978723,206,169,18,16,3,0,0,128,-4.247044440309658,20.07281553398058,0.2614683508872986,-0.009149249643087387,0.9809768795967102,-0.0338331256643869,25.41761165857315,1.331021684408188,0.10021610036492348,0.05851985511253588,0.353271484375,17.155065059661865,-2.0954757928848267e-09,0.338127076625824,0.00014708290685772773,-1.086330771446228,0.26532357931137085,2600,0.5248246788978577,1488,1.8151311874389648,8,nan,0,nan,0
500,2048000,37168.8,55.2,39.68,34.48,20,0.25,486,0.8024691358024691,204,162,23,15,4,0,0,127,-4.35012077644425,19.848039215686274,0.23904505372047424,-0.008330916054546833,0.9642857313156128,-0.038265122729353604,26.774649727344514,1.3293563604354859,0.09313221471384167,0.06885731256770669,0.3931640625,16.557937479019166,3.2014213502407074e-10,0.297324538230896,0.00014677584442169907,-1.0868191719055176,0.24379050731658936,2669,0.4715450406074524,1421,0.765284538269043,6,nan,0,nan,0
501,2052096,37243.1,55.5,39.36,34.5,30,0.375,0,,204,154,36,8,6,0,0,126,-4.22366061302063,20.392156862745097,0.17638471722602844,-0.009670855477452278,0.963001012802124,-0.005589599465020001,29.210467863082886,1.3277024388313294,0.10759400762617588,0.13130921575939283,0.51435546875,12.775569963455201,-1.1641532182693481e-09,0.3966207504272461,0.0001464687819856704,-1.087245225906372,0.26757827401161194,2454,0.5303858518600464,1613,1.3501068353652954,29,nan,0,nan,0
502,2056192,37317.1,55.8,38.96,34.49,30,0.375,176,0.5852272727272727,192,116,50,20,6,0,0,91,-4.222389891950917,21.072916666666668,-0.020748872309923172,-0.020370978862047195,0.9820696711540222,-0.019442083197645843,38.528500413894655,1.3252764284610747,0.23446607841178774,0.05672547924914397,0.34111328125,25.356320428848267,-2.153683453798294e-09,0.42164844274520874,0.00014616171954964175,-1.0879154205322266,0.3054863214492798,2358,0.8267160654067993,1716,3.010730743408203,22,nan,0,nan,0
503,2060288,37390.7,56.0,38.68,34.5,30,0.375,361,0.5706371191135734,185,103,53,23,6,0,0,81,-4.228356899981411,21.924324324324324,-0.08206704258918762,-0.018341269344091415,0.9833801984786987,-0.021114203007891776,44.60639710426331,1.3231180489063263,0.21355787189677358,0.045492546168679836,0.34599609375,28.28828082084656,-2.5320332497358322e-09,0.39716392755508423,0.0001458546571136131,-1.088508129119873,0.2776837646961212,2346,0.7421770095825195,1699,2.018594741821289,51,nan,0,nan,0
504,2064384,37464.2,56.1,38.55,34.52,30,0.375,35,0.6285714285714286,186,116,58,8,4,0,0,96,-4.1354995214903,22.155913978494624,-0.01577404886484146,-0.01884618028998375,0.9882352948188782,-0.03375932173803449,37.37878413200379,1.3201737344264983,0.21655571535229684,0.04375807103788247,0.321337890625,23.632800912857057,-1.6007106751203537e-09,0.4569544196128845,0.00014554759467758443,-1.0893219709396362,0.3010348081588745,2255,0.7431729435920715,1810,2.52868914604187,31,nan,0,nan,0
505,2068480,37537.6,56.2,38.38,34.49,30,0.375,218,0.6146788990825688,183,112,50,13,8,0,0,87,-4.227377215790922,22.240437158469945,-0.008590535260736942,-0.01713726669549942,0.9833887219429016,-0.03826180500909686,37.24042012691498,1.3169208943843842,0.18108215583488346,0.033820936440315565,0.27626953125,26.466006422042845,-1.1932570487260818e-09,0.3898255228996277,0.00014524053224155577,-1.0900828838348389,0.29743051528930664,2297,0.674996018409729,1765,1.3589080572128296,34,nan,0,nan,0
506,2072576,37610.9,56.2,38.4,34.47,30,0.375,410,0.6073170731707317,192,115,59,15,3,0,0,83,-4.361428533974107,21.505208333333332,-0.03364560008049011,-0.019183853641152382,0.9836065769195557,-0.026245824783109127,37.44708073139191,1.3135016441345215,0.21882985532283783,0.08663241194444708,0.358984375,20.135147047042846,-1.1641532182693481e-09,0.4545205235481262,0.0001449334698055271,-1.0911415815353394,0.29155445098876953,2209,0.7546617388725281,1843,1.9626415967941284,44,nan,0,nan,0
507,2076672,37684.6,55.9,38.75,34.49,30,0.375,89,0.7191011235955056,191,121,54,14,2,0,0,90,-4.300886709026557,21.50785340314136,0.017764966934919357,-0.017635881900787354,0.985403299331665,-0.029511297587305307,36.50568010807037,1.309739989042282,0.21521618962287903,0.07007462119072443,0.34921875,19.370306301116944,-1.3096723705530167e-09,0.43780046701431274,0.00014462640736949845,-1.0917091369628906,0.283249169588089,2259,0.7369195818901062,1784,1.6257883310317993,53,nan,0,nan,0
508,2080768,37757.8,56.3,38.3,34.47,30,0.375,277,0.6425992779783394,188,114,47,27,0,0,0,83,-4.1690962477802405,21.97872340425532,-0.016304906457662582,-0.015678418800234795,0.9836233258247375,-0.03135809269733727,42.06930320262909,1.3084303379058837,0.17074816199019552,0.05263472536025802,0.3400390625,23.0137957572937,-1.6007106751203537e-09,0.34921693801879883,0.0001443193449334698,-1.0920240879058838,0.2818376421928406,2345,0.6451730728149414,1714,2.722947835922241,37,nan,0,nan,0
509,2084864,37831.3,56.1,38.58,34.44,30,0.375,463,0.6544276457883369,186,125,42,16,3,0,0,96,-4.1007278425947264,21.946236559139784,0.04597693681716919,-0.017669053748250008,0.9861892461776733,-0.03583456021733582,33.68652598857879,1.3069635808467865,0.21243816204369068,0.0644567070150515,0.364990234375,17.147827243804933,-1.9208528101444244e-09,0.46132463216781616,0.00014401228249744113,-1.092392086982727,0.28767746686935425,2218,0.6628837585449219,1812,2.9701180458068848,66,nan,0,nan,0
510,2088960,37905.2,55.8,38.96,34.43,30,0.375,138,0.6086956521739131,187,116,45,23,3,0,0,88,-4.267113479999275,21.850267379679146,-0.011566182598471642,-0.017631124705076218,0.9877206683158875,-0.016546079353429378,38.02286703586579,1.3051071286201477,0.20599622167646886,0.12292773837252753,0.422314453125,20.195424270629882,-1.367880031466484e-09,0.41926562786102295,0.00014370522006141247,-1.0929235219955444,0.2981720566749573,2295,0.739212691783905,1773,2.6548571586608887,28,nan,0,nan,0
511,2093056,37978.5,56.3,38.36,34.44,30,0.375,330,0.603030303030303,192,115,48,21,8,0,0,90,-4.015991214518901,21.166666666666668,-0.027144230902194977,-0.01835774816572666,0.990522563457489,-0.018572368612512945,42.39789483547211,1.3037075042724608,0.2646863961592317,0.09247179251688067,0.373046875,24.048446464538575,7.566995918750763e-10,0.3752064108848572,0.0001433981576253838,-1.0930428504943848,0.28694960474967957,2149,0.7646089792251587,1892,2.782874584197998,55,nan,0,nan,0
512,2097152,38051.7,56.3,38.34,34.42,30,0.375,2,0.5,184,112,44,25,3,0,0,89,-3.9085669577091124,22.42391304347826,-0.01704716682434082,-0.01673188805580139,0.9874744415283203,-0.014890617190394551,39.57981479167938,1.3025123655796051,0.23532361909747124,0.10325885639031185,0.365625,23.460594367980956,-1.7171259969472885e-09,0.4230457544326782,0.00014309109518935515,-1.093682885169983,0.32610636949539185,2286,0.7476714849472046,1780,2.2911651134490967,30,nan,0,nan,0
513,2101248,38125.4,55.9,38.85,34.41,30,0.375,192,0.6458333333333334,190,123,43,17,6,1,0,100,-4.175073182246762,21.710526315789473,0.02513296715915203,-0.018527917563915253,0.9907833933830261,-0.032371702673844996,40.157692694664,1.2990417718887328,0.21991523895412685,0.05101086424838286,0.301806640625,22.219819688796996,-5.820766091346741e-11,0.4259225130081177,0.0001427840327533265,-1.0947825908660889,0.2849539816379547,2231,0.7202886939048767,1802,2.135075569152832,63,nan,0,nan,0
514,2105344,38199.6,55.6,39.3,34.4,30,0.375,379,0.6279683377308707,187,114,47,23,3,0,0,85,-4.048503202912261,21.83957219251337,-0.02329603023827076,-0.016915258020162582,0.9872090220451355,-0.02860097130178474,38.52870831489563,1.2939276099205017,0.19616434294730425,0.06030915384617401,0.373095703125,19.360373783111573,-3.7834979593753815e-10,0.4204675555229187,0.00014247697031729783,-1.0960876941680908,0.2802756130695343,2178,0.6644083261489868,1863,2.2711193561553955,55,nan,0,nan,0
515,2109440,38273.3,55.9,38.83,34.41,30,0.375,50,0.6,183,110,42,28,3,0,0,88,-4.170783541791281,21.89071038251366,-0.017851002514362335,-0.016059570014476776,0.9849220514297485,-0.03461661874316633,35.979110383987425,1.2894457817077636,0.1728024035692215,0.058529434697993564,0.3599609375,18.553880214691162,-1.8335413187742233e-09,0.41080111265182495,0.00014216990788126917,-1.0970964431762695,0.27883777022361755,2374,0.6709802150726318,1684,1.4173752069473267,38,nan,0,nan,0
516,2113536,38346.8,56.0,38.67,34.41,30,0.375,240,0.5916666666666667,190,112,57,19,2,0,0,88,-3.9875245107230026,21.99473684210526,-0.03488849103450775,-0.016861824318766594,0.9866871237754822,-0.030112083884887397,35.92137384414673,1.2855530202388763,0.18985917922109366,0.04699591829557903,0.328955078125,24.572005128860475,-4.656612873077393e-10,0.40888822078704834,0.0001418628454452405,-1.09794282913208,0.27696019411087036,2165,0.6743999123573303,1862,1.3748466968536377,69,nan,0,nan,0
517,2117632,38420.9,55.6,39.26,34.37,30,0.375,428,0.616822429906542,188,122,44,19,3,0,0,98,-3.9789998836713667,21.69148936170213,0.004768188577145338,-0.015362666919827461,0.9767144322395325,-0.021959802065975965,37.924068570137024,1.2827993988990785,0.18015060890465975,0.05444445700995857,0.378173828125,20.448966598510744,-1.1350493878126144e-09,0.48972856998443604,0.00014155578300921185,-1.0986518859863281,0.24545367062091827,2217,0.6208177804946899,1794,2.1981451511383057,85,nan,0,nan,0
518,2121728,38494.5,56.0,38.72,34.39,30,0.375,106,0.5849056603773585,190,115,41,29,5,0,0,84,-4.068944883595651,21.5,-0.01592276804149151,-0.01647878997027874,0.9833589196205139,-0.031669797585345806,34.555468344688414,1.2795526504516601,0.18945833202451468,0.05374263556295773,0.34990234375,17.494657468795776,-1.076841726899147e-09,0.43886101245880127,0.0001412487205731832,-1.0994620323181152,0.26903846859931946,2192,0.6367970108985901,1866,2.2910897731781006,38,nan,0,nan,0
519,2125824,38568.5,55.7,39.16,34.38,30,0.375,304,0.6282894736842105,198,129,39,29,1,0,0,100,-3.951708256831854,20.666666666666668,0.032778214663267136,-0.016025317832827568,0.982811689376831,-0.023411850421689452,32.77004277706146,1.2758875012397766,0.18299660133197904,0.05854041464917827,0.3556640625,21.683880233764647,-9.313225746154785e-10,0.48837870359420776,0.00014094165813715453,-1.1005499362945557,0.26476800441741943,2231,0.667386531829834,1799,1.2611989974975586,66,nan,0,nan,0
520,2129920,38641.9,56.1,38.63,34.43,30,0.375,493,0.6328600405679513,189,121,41,24,3,0,0,99,-3.8996961688857774,21.82010582010582,0.012962691485881805,-0.017468441277742386,0.9874584078788757,-0.026599242025986312,34.694747138023374,1.2726048111915589,0.1892622604034841,0.09373030572605785,0.373974609375,20.07677080631256,5.820766091346741e-11,0.44442886114120483,0.00014063459570112587,-1.1009209156036377,0.2836185693740845,2170,0.6392252445220947,1860,2.1312100887298584,66,nan,0,nan,0
521,2134016,38715.6,55.9,38.82,34.4,30,0.375,171,0.5847953216374269,190,110,48,30,2,0,0,89,-4.0302939631466685,21.38421052631579,-0.04087229073047638,-0.017557017505168915,0.9810547828674316,-0.028314912086352707,39.91223242282867,1.2716658055782317,0.20324462428689002,0.066729041034705,0.341015625,23.052410745620726,-1.7462298274040222e-10,0.4700409173965454,0.00014032753326509721,-1.1010693311691284,0.2742846608161926,2240,0.6972552537918091,1815,2.5867362022399902,41,nan,0,nan,0
522,2138112,38789.6,55.7,39.21,34.38,30,0.375,365,0.6219178082191781,194,127,32,30,5,0,0,103,-4.037399915505607,21.15979381443299,0.03391566872596741,-0.017503835260868073,0.9892362952232361,-0.021261534094810484,38.078703212738034,1.2697522342205048,0.29401294523850086,0.0573866200458724,0.361669921875,22.00069589614868,-1.280568540096283e-09,0.4884869456291199,0.00014002047082906855,-1.1023259162902832,0.26667317748069763,2400,0.6763508319854736,1624,5.340404033660889,72,nan,0,nan,0
523,2142208,38864.0,55.4,39.52,34.38,30,0.375,53,0.7169811320754716,200,135,41,21,3,0,0,111,-4.09699651206687,20.76,0.07751225680112839,-0.01588437892496586,0.982032835483551,-0.023403571906965227,30.9260573387146,1.2639442682266235,0.17429092628881335,0.07497033902764087,0.408056640625,17.930888628959657,-2.939486876130104e-09,0.5004856586456299,0.0001397134083930399,-1.1034090518951416,0.26144081354141235,2350,0.6865676641464233,1704,1.9572770595550537,42,nan,0,nan,0
524,2146304,38937.6,56.0,38.72,34.37,30,0.375,239,0.6610878661087866,186,120,46,16,4,0,0,95,-4.1274553292996154,21.655913978494624,0.013357136398553848,-0.0193097535520792,0.9887468218803406,-0.02808771706186235,31.730074095726014,1.2601727306842805,0.1997587986290455,0.06668224438326434,0.35458984375,18.036842346191406,-1.1641532182693481e-09,0.514308512210846,0.00013940634595701123,-1.1044950485229492,0.3356219232082367,2244,0.7448210716247559,1785,2.1779861450195312,67,nan,0,nan,0
525,2150400,39011.8,55.6,39.34,34.39,30,0.375,433,0.6766743648960739,194,135,36,21,2,0,0,108,-3.9121462898281925,21.108247422680414,0.0861356258392334,-0.01697942614555359,0.9856483936309814,-0.028992335638031365,32.62415100336075,1.2554367065429688,0.20274747153744102,0.051086984705762006,0.35625,18.902430772781372,-1.57160684466362e-09,0.4772304892539978,0.00013909928352098257,-1.1056325435638428,0.2615988254547119,2234,0.6981337666511536,1799,2.267549753189087,63,nan,0,nan,0
526,2154496,39085.5,56.0,38.79,34.36,30,0.375,111,0.5945945945945946,190,116,43,27,4,0,0,94,-4.24921552550527,21.71578947368421,-0.008650248870253563,-0.018688909709453583,0.9861751198768616,-0.02800475733820349,36.1931312084198,1.2515824735164642,0.23083943799138068,0.0460306940774899,0.3177734375,21.851184701919557,-6.984919309616089e-10,0.4941757917404175,0.00013879222108495391,-1.1065925359725952,0.2986961901187897,2318,0.7527866363525391,1736,3.0328762531280518,42,nan,0,nan,0
527,2158592,39159.1,56.0,38.79,34.39,30,0.375,298,0.6375838926174496,187,124,43,17,3,0,0,98,-4.194412344974107,21.780748663101605,0.03684492036700249,-0.017077483236789703,0.9889997243881226,-0.023040724778547884,45.939656019210815,1.247559404373169,0.2030042801052332,0.048746334183670116,0.323388671875,26.91815319061279,-1.7171259969472885e-09,0.45780593156814575,0.00013848515864892525,-1.1074614524841309,0.25942179560661316,2260,0.6914967894554138,1774,2.3668947219848633,62,nan,0,nan,0
528,2162688,39232.7,56.0,38.81,34.35,30,0.375,481,0.632016632016632,183,114,42,25,2,0,0,89,-4.17848501227557,22.218579234972676,0.003872471861541271,-0.019765982404351234,0.9918221235275269,-0.023516396968625487,36.45223603248596,1.2450358033180238,0.23080753199756146,0.07008509294246323,0.349658203125,20.119830274581908,-1.7462298274040222e-09,0.4709193706512451,0.0001381780962128966,-1.1078054904937744,0.3548796772956848,2253,0.7581539154052734,1742,2.8661677837371826,101,nan,0,nan,0
529,2166784,39306.1,56.2,38.57,34.33,30,0.375,158,0.620253164556962,189,119,52,17,0,1,0,96,-4.067711111326971,22.037037037037038,-0.003746073693037033,-0.018302064388990402,0.9882262349128723,-0.025466960633639246,49.965196537971494,1.2441308319568634,0.3033151052892208,0.044938196950533894,0.302880859375,28.184345531463624,-1.367880031466484e-09,0.38596636056900024,0.00013787103377686796,-1.1079673767089844,0.30303072929382324,2126,0.6699047684669495,1882,4.181697368621826,88,nan,0,nan,0
530,2170880,39379.6,56.0,38.77,34.34,30,0.375,346,0.6358381502890174,188,122,40,22,4,0,0,92,-3.944530126419516,21.47872340425532,0.02789272926747799,-0.01502278447151184,0.9879733920097351,-0.03595709870569408,40.97430210113525,1.2433691143989563,0.1652220156043768,0.0470971773713245,0.301708984375,20.12233648300171,-9.89530235528946e-10,0.39753782749176025,0.0001375639713408393,-1.1082851886749268,0.2542036473751068,2207,0.5803917050361633,1817,1.9808309078216553,72,nan,0,nan,0
531,2174976,39453.5,55.8,39.01,34.4,30,0.375,27,0.6296296296296297,193,129,41,17,5,1,0,100,-4.033499293190672,21.300518134715027,0.044463299214839935,-0.016688842326402664,0.9843710064888,-0.012299186992458999,46.50235645771026,1.241737002134323,0.40985534973442556,0.058319958866923115,0.3728515625,23.171423578262328,1.7462298274040222e-10,0.4439622163772583,0.00013725690890481064,-1.1086598634719849,0.281467080116272,2212,0.7216562628746033,1787,4.246838569641113,97,nan,0,nan,0
532,2179072,39527.2,55.8,39.02,34.35,30,0.375,224,0.65625,197,130,40,20,6,1,0,99,-3.928628457672172,20.85279187817259,0.0403921902179718,-0.017917264252901077,0.985637366771698,-0.024773894553072752,38.76257162094116,1.2402230024337768,0.2218673186376691,0.04560405861993786,0.322802734375,23.14990563392639,-9.89530235528946e-10,0.49825412034988403,0.00013694984646878198,-1.1091558933258057,0.28774768114089966,2289,0.7499508261680603,1746,2.8947718143463135,61,nan,0,nan,0
533,2183168,39601.2,55.8,39.13,34.32,30,0.375,412,0.6529126213592233,188,122,42,17,5,2,0,95,-4.17548536364504,21.909574468085108,0.017555559054017067,-0.017701487988233566,0.9849027395248413,-0.03566344012506306,44.476254153251645,1.2376853764057159,0.22662628274410962,0.056790767738129945,0.327197265625,19.10037269592285,-1.1641532182693481e-09,0.44722938537597656,0.00013664278403275332,-1.109971046447754,0.2684924006462097,2285,0.6993985772132874,1708,2.948697328567505,103,nan,0,nan,0
534,2187264,39674.9,55.9,38.85,34.36,30,0.375,90,0.6,190,119,42,27,2,0,0,86,-4.130495462668842,21.510526315789473,0.013613192364573479,-0.01697130873799324,0.9813107848167419,-0.03324089064262807,37.24881751537323,1.2337653398513795,0.2078505063429475,0.06582188638858497,0.3638671875,22.002359676361085,-1.280568540096283e-09,0.474298357963562,0.00013633572159672466,-1.1110252141952515,0.23642763495445251,2302,0.7516604661941528,1725,2.422302722930908,69,nan,0,nan,0
535,2191360,39748.5,56.0,38.81,34.32,30,0.375,278,0.6438848920863309,188,125,41,17,5,0,0,95,-4.030816367229895,21.74468085106383,0.023336485028266907,-0.018091276288032532,0.9823439121246338,-0.026287469442468136,47.189736700057985,1.2308323383331299,0.2604802236892283,0.05394832013553241,0.329638671875,28.476901483535766,-1.367880031466484e-09,0.4709785580635071,0.000136028659160696,-1.1113436222076416,0.2681145966053009,2279,0.7175700068473816,1757,4.799440383911133,60,nan,0,nan,0
536,2195456,39822.4,55.8,39.07,34.3,30,0.375,467,0.6552462526766595,189,127,36,21,4,1,0,100,-4.228498530140199,21.70899470899471,0.03756057471036911,-0.018523583188652992,0.9777323007583618,-0.020518650580197573,44.359269690513614,1.2301150560379028,0.33981360970065,0.04886781806999352,0.32763671875,22.041756296157835,-1.4551915228366852e-09,0.5014541149139404,0.00013572159672466734,-1.1114616394042969,0.26467254757881165,2264,0.7835583686828613,1727,4.168042182922363,105,nan,0,nan,0
537,2199552,39895.9,56.1,38.65,34.35,30,0.375,146,0.6301369863013698,191,124,39,24,4,0,0,94,-3.9662028914077263,21.49738219895288,0.04232283681631088,-0.016431815922260284,0.9818181991577148,-0.03234508360619657,36.212022352218625,1.228952544927597,0.19364523654803634,0.05743934226193233,0.33740234375,19.059887742996217,-1.076841726899147e-09,0.43338334560394287,0.00013541453428863868,-1.11202073097229,0.2612031400203705,2277,0.7088682651519775,1757,1.9047058820724487,62,nan,0,nan,0
538,2203648,39970.0,55.6,39.32,34.36,30,0.375,334,0.6317365269461078,188,119,39,27,2,1,0,91,-3.9821690120804383,21.579787234042552,0.00806238129734993,-0.015386022627353668,0.9895086884498596,-0.030545809050090612,38.636445140838624,1.2269220530986786,0.19630719367414712,0.06446606210811297,0.36806640625,18.270325756073,-2.1827872842550278e-09,0.4209596514701843,0.00013510747185261002,-1.1122663021087646,0.25876712799072266,2293,0.6056232452392578,1722,2.3933944702148438,81,nan,0,nan,0
539,2207744,40043.9,55.8,39.06,34.31,30,0.375,13,0.6153846153846154,191,122,46,21,1,1,0,100,-4.281828117756308,22.036649214659686,0.016444388777017593,-0.017465248703956604,0.980025589466095,-0.035207497159717605,39.42039818763733,1.2260594129562379,0.2205092279240489,0.05514838652597973,0.331396484375,19.032590436935426,-9.022187441587448e-10,0.5141634941101074,0.00013480040941658136,-1.1126012802124023,0.2609008252620697,2254,0.7011104822158813,1736,2.736671209335327,106,nan,0,nan,0
540,2211840,40117.4,56.1,38.69,34.36,30,0.375,206,0.6407766990291263,193,124,47,16,5,1,0,96,-4.174833760057533,20.803108808290155,0.030505649745464325,-0.0170244500041008,0.980783998966217,-0.029843092965893447,43.395545792579654,1.2241034984588623,0.20954445376992226,0.05563008613971761,0.337646484375,22.872684144973753,-9.604264050722122e-10,0.42582929134368896,0.0001344933469805527,-1.113294243812561,0.24724853038787842,2296,0.6932727098464966,1701,2.3652689456939697,99,nan,0,nan,0
541,2215936,40191.2,55.8,39.04,34.32,30,0.375,394,0.6522842639593909,188,125,43,16,3,1,0,102,-4.249316511157902,21.664893617021278,0.048551857471466064,-0.015617776662111282,0.9869498610496521,-0.030031687836162745,39.340275573730466,1.220965701341629,0.1979917898774147,0.043436803339864126,0.306884765625,25.59400339126587,-2.153683453798294e-09,0.46242988109588623,0.00013418628454452404,-1.1140482425689697,0.24837730824947357,2277,0.6236504316329956,1739,2.773019552230835,80,nan,0,nan,0
542,2220032,40264.7,56.1,38.74,34.33,30,0.375,68,0.6323529411764706,186,115,46,20,3,2,0,90,-3.9492740965034754,21.870967741935484,-0.014875395223498344,-0.019678080454468727,0.9787724018096924,-0.017559326812624933,42.602882981300354,1.2189197659492492,0.28688232880085707,0.07752264407608891,0.3591796875,25.821612977981566,-1.367880031466484e-09,0.46482086181640625,0.00013387922210849538,-1.114354133605957,0.2588578462600708,2154,0.7568706274032593,1840,3.640639305114746,102,nan,0,nan,0
543,2224128,40338.4,55.9,38.84,34.38,30,0.375,260,0.6615384615384615,192,129,36,24,3,0,0,107,-4.176342638961371,21.34375,0.07904074341058731,-0.015070097520947456,0.9823257923126221,-0.02758249102625996,39.725350451469424,1.2171383202075958,0.17945961263030769,0.057114631873264446,0.349365234375,21.97122449874878,-1.949956640601158e-09,0.43440473079681396,0.00013357215967246672,-1.114989995956421,0.26885926723480225,2397,0.6543523669242859,1627,2.755625009536743,72,nan,0,nan,0
544,2228224,40412.3,55.7,39.15,34.36,30,0.375,452,0.6548672566371682,192,124,34,27,5,2,0,99,-4.140212850895486,21.411458333333332,0.02405688166618347,-0.016344014555215836,0.9813012480735779,-0.015495163935702294,45.040168929100034,1.214039808511734,0.3103932777419686,0.08663061864353949,0.357080078125,26.893137216567993,-2.648448571562767e-09,0.5018849968910217,0.00013326509723643806,-1.1158511638641357,0.2796758711338043,2372,0.6775166988372803,1645,5.470075607299805,79,nan,0,nan,0
545,2232320,40485.7,56.1,38.67,34.32,30,0.375,128,0.6875,188,128,37,17,4,2,0,101,-4.173172485036134,21.44148936170213,0.0639280453324318,-0.016309000551700592,0.9851586222648621,-0.031923388782888654,37.23483920097351,1.2110602378845214,0.19454906852915882,0.04009973154752515,0.306396484375,22.407866048812867,-1.6880221664905548e-09,0.45087307691574097,0.0001329580348004094,-1.116499662399292,0.29215008020401,2337,0.6644824743270874,1697,2.7477383613586426,62,nan,0,nan,0
546,2236416,40559.9,55.5,39.39,34.34,30,0.375,320,0.634375,192,115,43,28,5,1,0,92,-4.118979154798108,21.875,-0.02183786779642105,-0.016994506120681763,0.9841188788414001,-0.030847659980645405,38.65281126499176,1.2087706923484802,0.2020134379155934,0.049812943309370895,0.34501953125,21.30809669494629,-1.6007106751203537e-09,0.4456762671470642,0.00013265097236438074,-1.1170322895050049,0.2458643764257431,2252,0.6825228929519653,1783,3.09486722946167,61,nan,0,nan,0
547,2240512,40633.3,56.2,38.51,34.37,30,0.375,503,0.6322067594433399,183,115,38,23,5,2,0,88,-4.005333806997873,22.005464480874316,0.013160456903278828,-0.017833219841122627,0.9864553809165955,-0.031333681609248744,43.38788900375366,1.206067180633545,0.31543324729427696,0.05584388456045417,0.33017578125,19.61746802330017,-2.0372681319713593e-10,0.48244374990463257,0.00013234390992835208,-1.117945909500122,0.28421923518180847,2248,0.7316449880599976,1727,3.324376344680786,121,nan,0,nan,0
548,2244608,40707.1,55.9,38.97,34.35,30,0.375,180,0.6388888888888888,189,120,36,27,4,2,0,82,-4.164014324903178,21.947089947089946,0.01810421794652939,-0.015823088586330414,0.9818274974822998,-0.030434166267514228,39.42433919906616,1.2029513835906982,0.1855168228968978,0.05460803563473746,0.367822265625,22.904988050460815,-1.5133991837501526e-09,0.41903966665267944,0.00013203684749232342,-1.1182811260223389,0.25814294815063477,2305,0.6422100067138672,1719,2.5927324295043945,72,nan,0,nan,0
549,2248704,40780.9,55.9,38.96,34.36,30,0.375,365,0.6657534246575343,185,128,32,20,5,0,0,101,-4.108831930619768,22.032432432432433,0.07228800654411316,-0.016905328258872032,0.9846586585044861,-0.0253308835439384,38.21569085121155,1.2023475289344787,0.20584439849480987,0.04704903751553502,0.34169921875,25.372545862197875,-1.1059455573558807e-09,0.508163571357727,0.00013172978505629476,-1.1184895038604736,0.26257336139678955,2369,0.6983646154403687,1675,2.6923017501831055,52,nan,0,nan,0
550,2252800,40854.6,55.9,38.92,34.34,30,0.375,42,0.6904761904761905,189,121,38,26,0,4,0,99,-4.306310487463748,21.873015873015873,0.005127422511577606,-0.019449830055236816,0.9818274974822998,-0.024490395467728375,42.116006922721866,1.2007019817829132,0.2461384842172265,0.04004880886641331,0.306689453125,24.260909509658813,-1.3387762010097504e-09,0.518733024597168,0.0001314227226202661,-1.1191644668579102,0.27480974793434143,2260,0.7644039392471313,1714,2.4751062393188477,122,nan,0,nan,0
551,2256896,40928.4,55.9,39.0,34.32,30,0.375,228,0.6359649122807017,186,116,46,19,4,1,0,96,-4.1601800908260955,21.967741935483872,0.014660736545920372,-0.01654699817299843,0.9851662516593933,-0.03231461445102468,36.528324890136716,1.1981100499629975,0.19609806472435592,0.05547980590781663,0.3443359375,19.704457235336303,-1.8044374883174896e-09,0.47375762462615967,0.00013111566018423744,-1.1196601390838623,0.25024503469467163,2425,0.7173542380332947,1608,1.8520914316177368,63,nan,0,nan,0
552,2260992,41002.1,56.0,38.83,34.31,30,0.375,419,0.6587112171837709,191,131,42,12,4,2,0,103,-4.195580934368486,21.48167539267016,0.07041329145431519,-0.01644512079656124,0.9841229319572449,-0.029324523499235512,37.27604517936707,1.1961319744586945,0.19759549498558043,0.06165231071645394,0.38134765625,22.207511234283448,-8.149072527885437e-10,0.5171781778335571,0.00013080859774820878,-1.1201692819595337,0.268137127161026,2340,0.70500248670578,1691,2.357585906982422,65,nan,0,nan,0
553,2265088,41075.6,56.0,38.76,34.34,30,0.375,96,0.6875,189,122,41,22,2,2,0,89,-4.031374654901711,21.62962962962963,0.034985508769750595,-0.01620713248848915,0.9831072688102722,-0.03241497525013983,43.04981117248535,1.1934148013591765,0.18859697002917528,0.032372427103109655,0.2701171875,22.279799938201904,-1.3969838619232178e-09,0.3892287015914917,0.00013050153531218012,-1.1210881471633911,0.2697654068470001,2248,0.655687153339386,1789,1.8173843622207642,59,nan,0,nan,0
554,2269184,41149.4,55.8,39.07,34.3,30,0.375,279,0.6989247311827957,183,129,27,25,1,1,0,92,-4.122338467171978,22.016393442622952,0.10044600814580917,-0.016261592507362366,0.9867109656333923,-0.036085439985617994,30.555135679244994,1.1894216358661651,0.18020209176465868,0.04975209733966039,0.32373046875,18.957795810699462,-1.7171259969472885e-09,0.4782349467277527,0.00013019447287615147,-1.1221275329589844,0.2512277662754059,2462,0.6565093994140625,1568,1.8266805410385132,66,nan,0,nan,0
555,2273280,41223.7,55.5,39.52,34.3,30,0.375,473,0.6976744186046512,194,135,34,21,4,0,0,103,-4.423623172347221,21.469072164948454,0.1133379340171814,-0.013723975047469139,0.9784725904464722,-0.023059219552669673,30.743702936172486,1.1851171255111694,0.14736808091402054,0.06381263882503845,0.380078125,19.92548551559448,-1.979060471057892e-09,0.45427417755126953,0.0001298874104401228,-1.1231286525726318,0.2359529286623001,2539,0.5954508781433105,1533,1.585378646850586,24,nan,0,nan,0
556,2277376,41297.6,55.8,39.08,34.34,30,0.375,151,0.6622516556291391,190,126,42,19,2,1,0,99,-4.223844918479366,21.66315789473684,0.061540886759757996,-0.015301195904612541,0.9856630563735962,-0.03449980820296332,32.941452503204346,1.1813494384288787,0.1671590100042522,0.04397303432197077,0.342333984375,20.494947147369384,-2.473825588822365e-09,0.4481731057167053,0.00012958034800409415,-1.124150276184082,0.2593062222003937,2377,0.6464770436286926,1693,2.9372353553771973,26,nan,0,nan,0
557,2281472,41370.5,56.5,38.13,34.33,30,0.375,334,0.6197604790419161,183,107,41,27,4,4,0,76,-4.089900696492073,22.038251366120218,-0.045463986694812775,-0.0185108445584774,0.9821109175682068,-0.02625914909876883,42.46194367408752,1.1773785591125487,0.21844234745949506,0.03461009475722676,0.2767578125,29.374588298797608,-2.0081643015146255e-09,0.4946941137313843,0.00012927328556806549,-1.12502121925354,0.2459748089313507,2320,0.7155515551567078,1662,2.578969955444336,114,nan,0,nan,0
558,2285568,41444.6,55.6,39.33,34.34,30,0.375,17,0.6470588235294118,195,132,40,18,4,1,0,114,-4.138772881753312,21.266666666666666,0.08030270040035248,-0.014462866820394993,0.9794924259185791,-0.03523846287280321,33.27238235473633,1.174258303642273,0.15991386137902736,0.03383453391434159,0.264111328125,27.27224917411804,-1.4842953532934189e-09,0.4570693373680115,0.00012896622313203683,-1.125751256942749,0.24590490758419037,2343,0.5817511081695557,1687,1.8521705865859985,66,nan,0,nan,0
559,2289664,41518.4,55.9,39.0,34.3,30,0.375,202,0.7178217821782178,185,134,28,18,3,2,0,102,-3.9840057517252982,21.843243243243244,0.11646885424852371,-0.015053792856633663,0.9798005819320679,-0.029951908299699424,30.20235253572464,1.1708855211734772,0.17244506971910595,0.0642323088744888,0.3466796875,18.19222354888916,-1.6880221664905548e-09,0.48428982496261597,0.00012865916069600817,-1.1267645359039307,0.2486676424741745,2404,0.5972410440444946,1634,3.3968396186828613,58,nan,0,nan,0
560,2293760,41592.3,55.8,39.1,34.31,30,0.375,389,0.6889460154241646,187,123,39,20,2,3,0,97,-4.07716828603704,22.181818181818183,0.03390722721815109,-0.017968185245990753,0.9831159114837646,-0.025936316698789597,40.804518294334414,1.1661060214042664,0.22226461321115493,0.03949415189563297,0.3060546875,21.969975423812866,-1.862645149230957e-09,0.48817121982574463,0.0001283520982599795,-1.1280717849731445,0.24694283306598663,2302,0.7297295331954956,1723,3.2494585514068604,71,nan,0,nan,0
561,2297856,41665.7,56.2,38.57,34.35,30,0.375,68,0.6764705882352942,191,124,37,24,4,2,0,95,-4.3418259068185705,21.36649214659686,0.043325357139110565,-0.015676923096179962,0.9841229319572449,-0.02583339895354584,37.6236013174057,1.1616605281829835,0.19814240066334604,0.06346740024455358,0.34130859375,22.570631074905396,-2.0954757928848267e-09,0.46236735582351685,0.00012804503582395085,-1.1288700103759766,0.2598596215248108,2393,0.6585210561752319,1623,2.651318311691284,80,nan,0,nan,0
562,2301952,41740.0,55.5,39.56,34.3,30,0.375,265,0.6981132075471698,197,139,33,24,0,1,0,114,-4.1457629649712615,20.715736040609137,0.11412827670574188,-0.014020333997905254,0.9799948930740356,-0.022677370626479388,33.68598475456238,1.158706045150757,0.16229363530874252,0.06679453617398394,0.3880859375,21.32289237976074,-1.775333657860756e-09,0.43770837783813477,0.00012773797338792219,-1.1296064853668213,0.24498581886291504,2414,0.5885096788406372,1630,1.88589608669281,52,nan,0,nan,0
563,2306048,41814.2,55.6,39.45,34.26,30,0.375,457,0.6892778993435449,192,130,27,32,2,1,0,90,-4.019350371144352,21.380208333333332,0.07804228365421295,-0.015623902902007103,0.9871926307678223,-0.027422808145638557,33.361690044403076,1.1562434792518617,0.18302247077226638,0.06611115993437125,0.371923828125,18.454346942901612,-2.0081643015146255e-09,0.46226251125335693,0.00012743091095189353,-1.1302762031555176,0.28403711318969727,2470,0.6902116537094116,1574,2.3705575466156006,52,nan,0,nan,0
564,2310144,41888.1,55.8,39.12,34.31,30,0.375,140,0.6571428571428571,195,122,34,37,2,0,0,92,-4.260948479266482,21.102564102564102,0.026810619980096817,-0.014208914712071419,0.980005145072937,-0.036050616600550714,33.54384841918945,1.1526505589485168,0.1515527071431279,0.06549136753601488,0.379443359375,15.877525329589844,-1.862645149230957e-09,0.42739570140838623,0.00012712384851586487,-1.1313540935516357,0.24773834645748138,2404,0.5863951444625854,1663,1.8375933170318604,29,nan,0,nan,0
565,2314240,41961.9,55.9,39.03,34.29,30,0.375,330,0.6727272727272727,190,130,29,28,3,0,0,93,-4.147470290658333,21.310526315789474,0.08540284633636475,-0.014428742229938507,0.9784946441650391,-0.029849877231754363,33.79560350179672,1.1485429048538207,0.17302017640322448,0.060170630693028214,0.3419921875,19.873622703552247,-2.0081643015146255e-09,0.4368172883987427,0.0001268167860798362,-1.1322258710861206,0.2505682110786438,2479,0.6665178537368774,1607,2.3071694374084473,10,nan,0,nan,0
566,2318336,42036.3,55.4,39.68,34.28,30,0.375,13,0.8461538461538461,195,140,30,21,4,0,0,104,-4.073836499572347,21.256410256410255,0.10539842396974564,-0.015281157568097115,0.9805178046226501,-0.018773631192743778,29.61416099071503,1.1446220934391023,0.16487093064934016,0.07174224821937969,0.386083984375,21.76115961074829,-7.275957614183426e-10,0.5283710956573486,0.00012650972364380755,-1.1334843635559082,0.23965173959732056,2369,0.6485109925270081,1677,1.481046438217163,50,nan,0,nan,0
567,2322432,42110.1,55.8,39.15,34.26,30,0.375,203,0.7142857142857143,190,134,33,22,0,1,0,100,-3.8994863719790698,21.42105263157895,0.10517388582229614,-0.015539619140326977,0.9823348522186279,-0.03361739099491388,31.924066996574403,1.1405194580554963,0.18089216239750386,0.04648894235433545,0.3220703125,19.873883104324342,-4.0745362639427185e-10,0.48320651054382324,0.0001262026612077789,-1.1340665817260742,0.2592926621437073,2376,0.6677569150924683,1685,3.4727399349212646,35,nan,0,nan,0
568,2326528,42183.8,55.9,39.01,34.26,30,0.375,388,0.6829896907216495,185,120,40,22,2,1,0,90,-4.2478529164723575,22.464864864864865,0.036775730550289154,-0.017177585512399673,0.9790334701538086,-0.0257746318471618,38.00544986724854,1.1380316853523254,0.21523929070681333,0.061973104004573544,0.327490234375,23.537435698509217,-1.4551915228366852e-10,0.5048367977142334,0.00012589559877175025,-1.1348508596420288,0.24635879695415497,2336,0.7170424461364746,1688,2.8678743839263916,72,nan,0,nan,0
569,2330624,42257.7,55.8,39.16,34.27,30,0.375,65,0.7384615384615385,189,142,23,22,2,0,0,111,-4.029161918778325,21.555555555555557,0.16399964690208435,-0.013436507433652878,0.9823393821716309,-0.033451779768802224,30.145470929145812,1.135326999425888,0.1523265670053661,0.03741784099402139,0.2990234375,23.589348125457764,-5.529727786779404e-10,0.3520921468734741,0.0001255885363357216,-1.135317087173462,0.26207205653190613,2415,0.54831463098526,1646,2.3971316814422607,35,nan,0,nan,0
570,2334720,42331.8,55.6,39.35,34.31,30,0.375,257,0.7470817120622568,192,144,24,20,4,0,0,101,-4.087754204562413,21.28125,0.15873338282108307,-0.012281408533453941,0.9764344096183777,-0.03176340777426958,28.69933228492737,1.1341511726379394,0.13456570859998465,0.13898001448542346,0.407080078125,15.59932107925415,-1.2223608791828156e-09,0.48026561737060547,0.00012528147389969293,-1.135413408279419,0.23789945244789124,2432,0.5517587065696716,1600,1.9527130126953125,64,nan,0,nan,0
571,2338816,42405.6,55.8,39.08,34.28,30,0.375,443,0.6997742663656885,186,118,37,26,3,2,0,95,-4.267916347089241,21.677419354838708,0.030761899426579475,-0.015364732593297958,0.9874680042266846,-0.027404776075854897,37.7513491153717,1.1331783950328826,0.18132841484621168,0.040143181360326706,0.31689453125,29.351211977005004,-1.3969838619232178e-09,0.4125160574913025,0.00012497441146366427,-1.1360807418823242,0.25582435727119446,2382,0.627629280090332,1661,2.223405361175537,53,nan,0,nan,0
572,2342912,42479.5,55.7,39.15,34.33,30,0.375,126,0.6507936507936508,195,134,40,16,5,0,0,98,-4.216560248877948,21.21025641025641,0.09853678941726685,-0.01442306861281395,0.9802614450454712,-0.034803309966810046,36.16095168590546,1.1296015441417695,0.16583473216742278,0.04980922452086815,0.33134765625,20.33378400802612,-1.7171259969472885e-09,0.44201749563217163,0.00012466734902763561,-1.1369109153747559,0.2371283322572708,2322,0.6055020689964294,1732,2.7001729011535645,42,nan,0,nan,0
573,2347008,42553.4,55.8,39.12,34.3,30,0.375,318,0.6855345911949685,192,136,34,17,4,1,0,97,-4.169799608486533,21.296875,0.11546352505683899,-0.014860812574625015,0.9851434230804443,-0.03279724796302617,34.46244860887528,1.1270212590694428,0.17373559363186358,0.04577746787981596,0.314013671875,24.38760623931885,-1.7462298274040222e-09,0.4171403646469116,0.00012436028659160695,-1.1374993324279785,0.23819026350975037,2331,0.6139416098594666,1716,2.532468318939209,49,nan,0,nan,0
574,2351104,42626.9,56.1,38.72,34.26,30,0.375,507,0.6725838264299803,189,123,43,18,4,1,0,93,-4.0528784576277275,21.571428571428573,0.04893746227025986,-0.015801236033439636,0.9761965870857239,-0.03686133269220591,34.726292276382445,1.1247552275657653,0.2117302088998258,0.049584528898412826,0.3041015625,27.257374715805053,-5.820766091346741e-11,0.45957547426223755,0.0001240532241555783,-1.1379354000091553,0.2514795958995819,2367,0.6610043048858643,1669,3.5669050216674805,60,nan,0,nan,0
575,2355200,42700.2,56.2,38.54,34.33,30,0.375,177,0.655367231638418,182,118,47,14,3,0,0,96,-4.124294412039498,22.483516483516482,0.03091401979327202,-0.015397229231894016,0.9810935258865356,-0.03299241658532992,33.88058816194534,1.1237846195697785,0.18057622769847512,0.051357782397826665,0.30546875,18.971588468551637,-4.3655745685100555e-10,0.42536991834640503,0.00012374616171954963,-1.1380562782287598,0.2484828680753708,2227,0.6223760843276978,1795,2.0950887203216553,74,nan,0,nan,0
576,2359296,42773.5,56.2,38.53,34.34,30,0.375,360,0.6583333333333333,183,121,37,21,2,2,0,99,-4.285300136173817,22.453551912568305,0.05759795010089874,-0.014631075784564018,0.9823664426803589,-0.030764523887773974,35.16875760555267,1.1230670750141143,0.16476254854351283,0.05296113639487885,0.340478515625,20.53727445602417,-1.7462298274040222e-09,0.4530401825904846,0.00012343909928352097,-1.138401746749878,0.2517828047275543,2461,0.5973037481307983,1560,2.0282750129699707,75,nan,0,nan,0
577,2363392,42847.3,55.9,39.02,34.29,30,0.375,42,0.6904761904761905,194,136,34,17,6,1,0,99,-3.9607786935346496,21.175257731958762,0.11050333082675934,-0.01399196870625019,0.9784725904464722,-0.022933437710162253,34.93454644680023,1.1205251455307006,0.1777547995559871,0.061910258927673566,0.349755859375,24.712039089202882,-1.2514647096395493e-09,0.45911502838134766,0.00012313203684749231,-1.1391611099243164,0.2504434585571289,2265,0.6066854000091553,1771,2.9171371459960938,60,nan,0,nan,0
578,2367488,42920.9,56.0,38.83,34.28,30,0.375,228,0.6842105263157895,186,127,37,21,1,0,0,101,-4.1464422392768645,21.93010752688172,0.0849657878279686,-0.014154226519167423,0.9808183908462524,-0.037454065727069975,30.895097374916077,1.117230474948883,0.1502601091749966,0.04636578113859287,0.306884765625,20.085823345184327,-3.230525180697441e-09,0.41909199953079224,0.00012282497441146365,-1.1402106285095215,0.26266008615493774,2391,0.5740281343460083,1681,1.007142186164856,24,nan,0,nan,0
579,2371584,42994.7,55.8,39.14,34.24,30,0.375,417,0.6882494004796164,189,131,33,24,1,0,0,104,-3.902950889375281,21.703703703703702,0.08656804263591766,-0.01510278694331646,0.9833632111549377,-0.02342690818477422,33.55992515087128,1.1129291713237763,0.1818640769459307,0.0647133134669275,0.336474609375,19.553403472900392,-3.2014213502407074e-10,0.4422496557235718,0.000122517911975435,-1.1412051916122437,0.257630318403244,2308,0.6331020593643188,1745,2.910064458847046,43,nan,0,nan,0
580,2375680,43068.7,55.8,39.18,34.25,30,0.375,94,0.7340425531914894,189,137,38,12,1,1,0,110,-4.282480726115243,21.894179894179896,0.11009319126605988,-0.014807960949838161,0.9744049310684204,-0.019771141814999282,43.541448855400084,1.110069704055786,0.22409274987876415,0.04960917626594892,0.3576171875,25.69194359779358,-2.0081643015146255e-09,0.46829771995544434,0.00012221084953940634,-1.1415259838104248,0.25128158926963806,2376,0.6417186260223389,1637,3.674558401107788,83,nan,0,nan,0
581,2379776,43142.4,55.9,39.06,34.24,30,0.375,279,0.6953405017921147,185,125,34,20,5,1,0,106,-4.047044746207023,21.87027027027027,0.08257784694433212,-0.013676858507096767,0.9798005819320679,-0.03467126188334078,31.5422181725502,1.108758157491684,0.15099536823108792,0.041380557138472794,0.30537109375,21.81766457557678,-1.1641532182693481e-10,0.45862263441085815,0.00012190378710337768,-1.1420907974243164,0.24743449687957764,2355,0.5940465331077576,1673,1.6328535079956055,68,nan,0,nan,0
582,2383872,43216.1,55.9,38.93,34.29,30,0.375,464,0.7025862068965517,185,132,32,17,3,1,0,106,-4.097830257795991,22.064864864864866,0.10926800221204758,-0.013471685349941254,0.9780107140541077,-0.030576668970752507,38.772373628616336,1.1057609081268311,0.15096939504146575,0.07946808474662248,0.370849609375,19.137497234344483,-1.979060471057892e-09,0.37401604652404785,0.00012159672466734902,-1.1429160833358765,0.23436404764652252,2409,0.5805069208145142,1652,1.6579939126968384,35,nan,0,nan,0
583,2387968,43290.1,55.7,39.23,34.32,30,0.375,141,0.7801418439716312,189,140,32,13,2,2,0,114,-4.145523503852914,21.6984126984127,0.13460920751094818,-0.017092082649469376,0.9854108095169067,-0.01936694181058556,35.82697070837021,1.1024118185043335,0.227749359421432,0.05998079336859519,0.350146484375,23.087752294540405,-7.8580342233181e-10,0.4375576376914978,0.00012128966223132036,-1.1438076496124268,0.27608931064605713,2344,0.7265951037406921,1677,2.9202632904052734,75,nan,0,nan,0
584,2392064,43362.9,56.6,38.13,34.27,30,0.375,325,0.7169230769230769,184,123,35,22,4,0,0,89,-4.164531937784906,22.11413043478261,0.06790974736213684,-0.01450992189347744,0.981083869934082,-0.02989351174328476,35.97255438566208,1.0992796778678895,0.1596534639596939,0.05734324340010062,0.333154296875,21.86361517906189,-4.307366907596588e-09,0.4145142436027527,0.0001209825997952917,-1.1443815231323242,0.26188334822654724,2312,0.653584897518158,1728,1.3410178422927856,56,nan,0,nan,0
585,2396160,43436.2,56.3,38.47,34.32,30,0.375,3,1.0,190,125,46,17,2,0,0,103,-4.0715797558238,21.83157894736842,0.06287884712219238,-0.01427960954606533,0.9807987809181213,-0.032461190782487395,34.309455847740175,1.0972657024860382,0.15770512130111455,0.04647221203194931,0.31064453125,21.88437271118164,-2.3283064365386963e-10,0.40417009592056274,0.00012067553735926304,-1.1448771953582764,0.24905672669410706,2354,0.5960002541542053,1699,1.497456431388855,43,nan,0,nan,0
586,2400256,43509.7,56.0,38.8,34.3,30,0.375,189,0.7248677248677249,186,134,38,12,1,1,0,112,-4.115258241697331,22.102150537634408,0.10113999992609024,-0.017193054780364037,0.9797953963279724,-0.019726918055675925,33.83059389591217,1.0954059660434723,0.24675173508003354,0.05643267369450768,0.33876953125,23.926669716835022,2.6193447411060333e-10,0.5426413416862488,0.00012036847492323438,-1.1453206539154053,0.26940032839775085,2324,0.6985628008842468,1689,3.7434144020080566,83,nan,0,nan,0
587,2404352,43583.3,56.0,38.77,34.34,30,0.375,378,0.6984126984126984,189,127,38,18,5,1,0,101,-4.217396540399612,21.941798941798943,0.07277293503284454,-0.015831613913178444,0.9838750958442688,-0.030548060056753458,38.793978810310364,1.0938955664634704,0.17467750404030086,0.05124295470304787,0.34091796875,21.597574758529664,-9.313225746154785e-10,0.44565653800964355,0.00012006141248720572,-1.145607352256775,0.26288869976997375,2318,0.6595351696014404,1696,1.674527645111084,82,nan,0,nan,0
588,2408448,43657.0,55.9,38.91,34.3,30,0.375,54,0.5925925925925926,188,132,31,24,1,0,0,106,-4.086717066249022,21.574468085106382,0.10759633034467697,-0.014091907069087029,0.9808086156845093,-0.03517575159203261,32.193943643569945,1.0921280145645142,0.15512176640331746,0.03975687429920072,0.26767578125,19.670255851745605,-2.764863893389702e-09,0.43326860666275024,0.00011975435005117706,-1.1463226079940796,0.24202397465705872,2356,0.6361364722251892,1716,2.376267671585083,24,nan,0,nan,0
589,2412544,43730.6,56.0,38.9,34.29,30,0.375,243,0.6502057613168725,189,126,33,28,1,1,0,98,-4.196334590295118,21.703703703703702,0.06852659583091736,-0.014536803588271141,0.9810596108436584,-0.032436158135533334,34.412768602371216,1.0890220642089843,0.16032729726284742,0.06749636431486579,0.3794921875,20.41097846031189,-2.2992026060819626e-09,0.4608520269393921,0.0001194472876151484,-1.1470389366149902,0.23523378372192383,2329,0.6269785165786743,1706,1.6967686414718628,61,nan,0,nan,0
590,2416640,43804.3,55.9,38.96,34.31,30,0.375,433,0.6535796766743649,190,125,41,23,1,0,0,96,-4.201969289525586,21.57894736842105,0.05570363625884056,-0.015301937237381935,0.9731183052062988,-0.028053691517561673,37.98103830814362,1.0852710902690887,0.25256606433540585,0.053963747927627995,0.335400390625,20.427140998840333,-1.8917489796876907e-09,0.47555047273635864,0.00011914022517911974,-1.1482255458831787,0.23227694630622864,2398,0.6584360599517822,1622,3.920374870300293,76,nan,0,nan,0
591,2420736,43877.6,56.2,38.51,34.32,30,0.375,106,0.6509433962264151,185,121,35,26,3,0,0,98,-4.133006017979431,21.983783783783785,0.055175282061100006,-0.014923414215445518,0.9826131463050842,-0.028497506445273758,34.55615766048432,1.0815268397331237,0.16080803712829947,0.06800506085419329,0.34794921875,18.400463390350343,-1.8335413187742233e-09,0.3908458352088928,0.00011883316274309108,-1.148913860321045,0.2654123604297638,2331,0.6791229248046875,1731,1.27665376663208,34,nan,0,nan,0
592,2424832,43951.0,56.1,38.68,34.28,30,0.375,296,0.6317567567567568,190,118,36,30,6,0,0,98,-4.191877314911464,21.68421052631579,0.0277397558093071,-0.014918755739927292,0.979518711566925,-0.0365300050470978,34.22483665943146,1.0783346712589263,0.15906575787812471,0.05094346781697823,0.335888671875,17.239833116531372,-1.3096723705530167e-09,0.4244369864463806,0.00011852610030706242,-1.1497604846954346,0.2578768730163574,2391,0.6170565485954285,1674,1.6657096147537231,31,nan,0,nan,0
593,2428928,44024.6,56.0,38.84,34.28,30,0.375,480,0.6645833333333333,184,132,33,18,1,0,0,105,-4.058703508295807,22.21195652173913,0.11089198291301727,-0.015454643405973911,0.974693238735199,-0.024884854652918877,31.444517660140992,1.0757907390594483,0.17452995898202062,0.04650773748144275,0.336865234375,19.42035279273987,-6.111804395914078e-10,0.49678099155426025,0.00011821903787103376,-1.1502282619476318,0.24768930673599243,2493,0.6697486639022827,1545,2.820491313934326,58,nan,0,nan,0
594,2433024,44098.1,56.1,38.74,34.28,30,0.375,148,0.6891891891891891,180,121,36,18,4,1,0,103,-4.284748795880332,22.627777777777776,0.06022869423031807,-0.016192980110645294,0.9793156385421753,-0.02708136293804273,38.76315276622772,1.0744517028331757,0.18509996198117734,0.05234063403913751,0.3537109375,23.72839684486389,-1.1641532182693481e-09,0.4478948712348938,0.0001179119754350051,-1.1504321098327637,0.2597403824329376,2365,0.6539065837860107,1652,2.6356658935546875,79,nan,0,nan,0
595,2437120,44171.8,55.9,38.93,34.32,30,0.375,337,0.7091988130563798,189,137,34,13,4,1,0,107,-4.030575670726312,21.58730158730159,0.12267062813043594,-0.014225473627448082,0.9782441854476929,-0.031078502908349036,35.91646646261215,1.0732583940029143,0.16788305286318064,0.03558126361604082,0.300634765625,22.868564987182616,-2.240994945168495e-09,0.44654184579849243,0.00011760491299897644,-1.1508865356445312,0.24820365011692047,2355,0.5554845333099365,1666,2.2665038108825684,75,nan,0,nan,0
596,2441216,44245.6,55.8,39.09,34.27,30,0.375,13,0.6923076923076923,188,123,36,22,7,0,0,99,-4.152866164002895,21.96276595744681,0.04858449846506119,-0.014928268268704414,0.9787614941596985,-0.03453516742447391,39.56421263217926,1.0711102545261384,0.18766715945675969,0.05110802145500202,0.3302734375,22.213694906234743,-8.149072527885437e-10,0.4207572937011719,0.00011729785056294778,-1.1514198780059814,0.24036596715450287,2402,0.6435703635215759,1604,2.4845433235168457,90,nan,0,nan,0
597,2445312,44319.1,56.1,38.79,34.27,30,0.375,199,0.6683417085427136,186,124,38,19,4,1,0,101,-4.154697381421472,22.053763440860216,0.06603125482797623,-0.013599309138953686,0.9808183908462524,-0.031748893391340974,36.78916692733765,1.0688144207000732,0.15303738974034786,0.07548952803044813,0.355126953125,21.89026689529419,6.111804395914078e-10,0.4118301272392273,0.00011699078812691912,-1.152145266532898,0.2354469746351242,2395,0.5587831139564514,1646,1.5452337265014648,55,nan,0,nan,0
598,2449408,44392.5,56.1,38.68,34.28,30,0.375,386,0.6683937823834197,187,125,41,19,2,0,0,89,-4.108884941566618,21.877005347593585,0.07381182163953781,-0.014165004715323448,0.9787669777870178,-0.030627541500143705,36.08967483043671,1.065791666507721,0.16081722397357226,0.03804171912343009,0.288037109375,24.552006864547728,-9.604264050722122e-10,0.40375858545303345,0.00011668372569089046,-1.1528655290603638,0.23717837035655975,2273,0.635610818862915,1771,1.2941021919250488,52,nan,0,nan,0
599,2453504,44466.4,55.8,39.12,34.3,30,0.375,63,0.6666666666666666,189,135,30,20,4,0,0,109,-4.049374064258067,21.61904761904762,0.10931505262851715,-0.014635500498116016,0.9746608734130859,-0.028161484142765404,37.75797479152679,1.0624600052833557,0.19521577153354883,0.05321504444000311,0.29609375,25.950691604614256,-2.4156179279088974e-09,0.4465760588645935,0.0001163766632548618,-1.1538351774215698,0.23409856855869293,2332,0.6156534552574158,1683,3.3362691402435303,81,nan,0,nan,0
600,2457600,44539.5,56.4,38.33,34.33,30,0.375,246,0.6585365853658537,183,120,39,20,4,0,0,99,-4.143958013252264,22.174863387978142,0.05392582714557648,-0.01629187911748886,0.9787886738777161,-0.03312657356727868,35.81814339160919,1.0585661470890044,0.23211345011368395,0.0514222815647372,0.326220703125,21.863130950927733,-1.0186340659856796e-09,0.44497859477996826,0.00011606960081883314,-1.1548442840576172,0.2352544069290161,2301,0.7085548043251038,1697,2.805311441421509,98,nan,0,nan,0
601,2461696,44613.3,55.9,39.01,34.29,30,0.375,438,0.6963470319634704,192,143,31,16,2,0,0,114,-4.115185393521087,21.692708333333332,0.16363221406936646,-0.014274168759584427,0.978227436542511,-0.021663638099562378,31.241582608222963,1.05425323843956,0.17420090921223164,0.0748065922409296,0.38154296875,25.5700243473053,-1.862645149230957e-09,0.44746309518814087,0.00011576253838280448,-1.1558992862701416,0.25020498037338257,2503,0.6160274147987366,1541,2.778827667236328,52,nan,0,nan,0
602,2465792,44686.2,56.5,38.22,34.29,30,0.375,116,0.7068965517241379,190,133,33,20,4,0,0,101,-4.20835039646325,21.742105263157896,0.11503041535615921,-0.014906879514455795,0.9831029176712036,-0.033114667236804965,32.290036249160764,1.0504939258098602,0.16779401591047644,0.05683710121229524,0.358837890625,18.272547578811647,-1.367880031466484e-09,0.44926297664642334,0.00011545547594677582,-1.1567884683609009,0.24545830488204956,2400,0.6274849772453308,1648,2.244818925857544,48,nan,0,nan,0
603,2469888,44760.3,55.7,39.28,34.32,30,0.375,303,0.6963696369636964,187,129,30,21,6,1,0,107,-4.083457389041037,21.433155080213904,0.09754159301519394,-0.01438765600323677,0.97672039270401,-0.030147382989525795,34.18408558368683,1.0465731859207152,0.16514002671465278,0.044749626438715495,0.302099609375,28.44316987991333,-1.0477378964424133e-09,0.3690241575241089,0.00011514841351074716,-1.1578054428100586,0.25405028462409973,2288,0.6267174482345581,1773,2.464311361312866,35,nan,0,nan,0
604,2473984,44834.1,55.8,39.06,34.3,30,0.375,495,0.696969696969697,192,134,30,23,4,1,0,104,-4.0564326523952925,21.770833333333332,0.10167001932859421,-0.013831395655870438,0.9779713153839111,-0.030440272646956146,32.732052373886106,1.0420344710350036,0.1639078078791499,0.05743022401584312,0.34248046875,20.72572603225708,-1.4551915228366852e-09,0.4874904155731201,0.0001148413510747185,-1.1589882373809814,0.24449078738689423,2515,0.6245192885398865,1503,1.813123106956482,78,nan,0,nan,0
605,2478080,44908.2,55.6,39.29,34.34,30,0.375,174,0.7126436781609196,191,136,28,23,2,2,0,109,-4.133995170258362,21.23560209424084,0.11372965574264526,-0.014723623171448708,0.9795134663581848,-0.03163387235254049,37.603910851478574,1.038266009092331,0.17727835141122342,0.05045614835980814,0.294580078125,22.050836515426635,-1.1059455573558807e-09,0.4357813000679016,0.00011453428863868984,-1.1597671508789062,0.23917587101459503,2310,0.6277368068695068,1734,3.01104998588562,52,nan,0,nan,0
606,2482176,44982.1,55.8,39.14,34.32,30,0.375,360,0.7,186,128,37,18,3,0,0,103,-4.2605568375951925,21.9247311827957,0.09919887036085129,-0.015345253050327301,0.9762148261070251,-0.02829785558860749,31.52704623937607,1.0346917390823365,0.1723319912329316,0.0602827702416107,0.34736328125,19.840120840072633,-5.820766091346741e-10,0.475114643573761,0.00011422722620266118,-1.1608657836914062,0.2526666820049286,2395,0.6501487493515015,1626,1.725544810295105,75,nan,0,nan,0
607,2486272,45055.7,56.0,38.9,34.3,30,0.375,33,0.696969696969697,185,126,32,23,4,0,0,105,-4.227908557267312,22.32972972972973,0.08317700773477554,-0.015486607328057289,0.9818460941314697,-0.028595199121627956,34.760470676422116,1.0299077212810517,0.17340384451672436,0.0588220278150402,0.35283203125,17.80943012237549,5.820766091346741e-10,0.4505056142807007,0.00011392016376663256,-1.1620110273361206,0.24902503192424774,2401,0.6607071757316589,1641,2.3303205966949463,54,nan,0,nan,0
608,2490368,45129.6,55.8,39.04,34.34,30,0.375,222,0.7522522522522522,189,144,27,18,0,0,0,120,-4.117717682834268,21.58730158730159,0.17362578213214874,-0.014062905684113503,0.9764525294303894,-0.02111778501421213,28.164485573768616,1.0262613117694854,0.175284172501415,0.07739502894546604,0.352197265625,25.559318256378173,-1.2514647096395493e-09,0.45625972747802734,0.0001136131013306039,-1.1626839637756348,0.2515503466129303,2501,0.6207334399223328,1557,1.8097105026245117,38,nan,0,nan,0
609,2494464,45203.8,55.6,39.39,34.32,30,0.375,417,0.7434052757793765,195,143,35,10,7,0,0,117,-4.237247321461778,20.871794871794872,0.16701245307922363,-0.013357073068618774,0.975134551525116,-0.032044023857451975,31.323577487468718,1.0244796693325042,0.15241450807079673,0.059041249559959395,0.36826171875,22.452496004104614,-1.7462298274040222e-09,0.4150654673576355,0.00011330603889457524,-1.163027286529541,0.22875361144542694,2498,0.5686763525009155,1577,2.9253082275390625,21,nan,0,nan,0
610,2498560,45277.7,55.8,39.11,34.34,30,0.375,94,0.6702127659574468,189,129,38,19,3,0,0,111,-4.425786602134956,21.793650793650794,0.10267333686351776,-0.015965286642313004,0.9808036684989929,-0.03442742240149528,31.015165638923644,1.0228483974933624,0.17991626933217048,0.04700279275421053,0.312548828125,20.089085578918457,-1.3387762010097504e-09,0.46785545349121094,0.00011299897645854658,-1.1634557247161865,0.2501843273639679,2410,0.6519038081169128,1639,1.7305909395217896,47,nan,0,nan,0
611,2502656,45351.2,56.0,38.82,34.32,30,0.375,285,0.6701754385964912,191,128,35,20,8,0,0,110,-4.1429204886340685,21.471204188481675,0.09403691440820694,-0.014155330136418343,0.9797695279121399,-0.03601065529510379,32.10091391801834,1.0206940948963166,0.15221680523827671,0.0562122307062964,0.34365234375,17.127202033996582,-1.8335413187742233e-09,0.4447100758552551,0.00011269191402251792,-1.164189100265503,0.23980283737182617,2387,0.6090865135192871,1677,1.790823221206665,32,nan,0,nan,0
612,2506752,45425.2,55.7,39.19,34.28,30,0.375,479,0.6597077244258872,194,125,41,25,3,0,0,106,-4.257208286336028,21.082474226804123,0.05825769156217575,-0.013604670763015747,0.9756535291671753,-0.03669121353887021,33.79597392082214,1.0168645322322845,0.14966230979189277,0.048058222130930514,0.316552734375,21.639479875564575,-1.1350493878126144e-09,0.47178560495376587,0.00011238485158648926,-1.1651933193206787,0.23450396955013275,2397,0.6082730293273926,1667,1.5187751054763794,32,nan,0,nan,0
613,2510848,45498.6,56.2,38.61,34.3,30,0.375,159,0.6918238993710691,192,133,29,25,5,0,0,104,-4.292308775589834,21.385416666666668,0.10318903625011444,-0.015470009297132492,0.9759221076965332,-0.030053850333206355,36.71500127315521,1.0135703384876251,0.18853595675900578,0.06018414496647893,0.331640625,23.98293294906616,-3.026798367500305e-09,0.44213563203811646,0.0001120777891504606,-1.1658682823181152,0.24505576491355896,2394,0.654084324836731,1655,3.225726842880249,47,nan,0,nan,0
614,2514944,45572.7,55.6,39.37,34.28,30,0.375,350,0.7028571428571428,191,136,27,27,1,0,0,106,-4.271052868771704,21.298429319371728,0.135006383061409,-0.014086607843637466,0.9782330393791199,-0.03041586116887629,30.762753200531005,1.011215728521347,0.1622996657155454,0.05966358424047939,0.34794921875,21.999355506896972,-1.280568540096283e-09,0.4500156044960022,0.00011177072671443194,-1.1665103435516357,0.2486831694841385,2430,0.6306801438331604,1608,1.737506628036499,58,nan,0,nan,0
615,2519040,45646.7,55.7,39.25,34.28,30,0.375,29,0.7241379310344828,191,138,31,22,0,0,0,117,-4.105409871931696,21.172774869109947,0.13549984991550446,-0.01320545095950365,0.980025589466095,-0.03315636890474707,27.8781604886055,1.0087040781974792,0.1442819249816239,0.040809340815758335,0.293408203125,22.307525730133058,-3.4924596548080444e-10,0.4525914788246155,0.00011146366427840328,-1.166954755783081,0.2518259286880493,2311,0.5350313186645508,1746,1.0575823783874512,39,nan,0,nan,0
616,2523136,45720.5,55.8,39.06,34.35,30,0.375,215,0.7162790697674418,186,133,23,26,3,1,0,110,-4.049953878679605,22.0752688172043,0.1281837373971939,-0.013702701777219772,0.9769821166992188,-0.03503540074452758,32.82113040685654,1.0072406947612762,0.1562056414783001,0.0787857514762436,0.4109375,19.170241928100587,-2.939486876130104e-09,0.4237936735153198,0.00011115660184237462,-1.1674020290374756,0.24270454049110413,2426,0.5996439456939697,1614,2.4490768909454346,56,nan,0,nan,0
617,2527232,45794.7,55.5,39.45,34.29,30,0.375,410,0.7414634146341463,195,150,20,18,6,1,0,125,-4.235170663678022,21.415384615384614,0.19649024307727814,-0.012813352979719639,0.9738528728485107,-0.0319352105492726,29.68877308368683,1.0047139406204224,0.15087471706792713,0.05053783585462952,0.3458984375,20.03398175239563,-7.275957614183426e-10,0.3784714341163635,0.00011084953940634596,-1.1681458950042725,0.23622414469718933,2494,0.5939557552337646,1589,3.2341578006744385,13,nan,0,nan,0
618,2531328,45868.4,55.9,39.0,34.32,30,0.375,88,0.75,190,145,27,17,1,0,0,118,-4.249425051988962,21.621052631578948,0.18776744604110718,-0.012640981003642082,0.9733743071556091,-0.02635832382366061,27.53132345676422,1.0010994136333466,0.1431292480789125,0.06448238156444859,0.410986328125,21.218401432037354,-1.4551915228366852e-09,0.41093575954437256,0.0001105424769703173,-1.169189691543579,0.23323799669742584,2532,0.5602600574493408,1518,1.9221781492233276,46,nan,0,nan,0
619,2535424,45942.8,55.4,39.54,34.37,30,0.375,285,0.7473684210526316,197,147,27,17,6,0,0,122,-4.219427829225777,20.411167512690355,0.18048393726348877,-0.012822849676012993,0.9712746739387512,-0.03960973375942558,30.70555375814438,0.9969333529472351,0.14035373069345952,0.03626685451308731,0.31416015625,18.922786903381347,-1.57160684466362e-09,0.3539857268333435,0.00011023541453428864,-1.1702585220336914,0.22400006651878357,2447,0.5938786864280701,1619,1.1346315145492554,30,nan,0,nan,0
620,2539520,46016.4,56.0,38.85,34.32,30,0.375,469,0.7292110874200426,184,129,35,15,5,0,0,103,-4.340020049673918,22.331521739130434,0.10694538056850433,-0.013706868514418602,0.9716257452964783,-0.031890876754187045,35.85891213417053,0.9928940117359162,0.15598676893860103,0.04671086134912912,0.317236328125,19.720832729339598,-1.1641532182693481e-09,0.46966010332107544,0.00010992835209825998,-1.171128749847412,0.2485332041978836,2436,0.6107635498046875,1611,1.9388524293899536,49,nan,0,nan,0
621,2543616,46090.3,55.8,39.06,34.35,30,0.375,149,0.7181208053691275,192,138,30,20,4,0,0,118,-4.207907542359764,21.375,0.1407911777496338,-0.013192695565521717,0.9774590134620667,-0.03783773174509406,31.439038920402528,0.9892524302005767,0.15121120447292924,0.047363180774846116,0.32373046875,18.806156063079833,-1.2223608791828156e-09,0.38177788257598877,0.00010962128966223132,-1.1721186637878418,0.2307511419057846,2390,0.5448270440101624,1650,2.062788963317871,56,nan,0,nan,0
622,2547712,46163.9,56.0,38.84,34.32,30,0.375,346,0.6763005780346821,197,127,40,24,6,0,0,108,-4.199403063713339,20.700507614213198,0.0731363445520401,-0.013804880902171135,0.9746088981628418,-0.029442124778870492,34.81535222530365,0.9859858334064484,0.1695471664890647,0.053977719171962237,0.3228515625,26.452846431732176,-1.1350493878126144e-09,0.41956621408462524,0.00010931422722620266,-1.1727315187454224,0.22510051727294922,2281,0.6261595487594604,1784,1.647092342376709,31,nan,0,nan,0
623,2551808,46237.9,55.7,39.21,34.33,30,0.375,27,0.8148148148148148,193,143,25,23,2,0,0,118,-4.122009195908814,21.264248704663213,0.15607886016368866,-0.011551160365343094,0.9733538031578064,-0.03669824327807873,33.93961367607117,0.983703339099884,0.1396551825106144,0.040899619307310786,0.2861328125,20.51812963485718,-2.1245796233415604e-09,0.37206751108169556,0.000109007164790174,-1.1734163761138916,0.2337762415409088,2412,0.526618242263794,1662,3.1282312870025635,22,nan,0,nan,0
624,2555904,46312.0,55.7,39.29,34.31,30,0.375,217,0.728110599078341,190,136,26,24,4,0,0,112,-4.134556800899438,21.68421052631579,0.1466091275215149,-0.013454176485538483,0.9756784439086914,-0.03217741621192545,29.32117094993591,0.9804849624633789,0.14424487687647342,0.053915973723633215,0.316357421875,23.607185077667236,-2.3283064365386963e-09,0.4215606451034546,0.00010870010235414534,-1.1742677688598633,0.25526392459869385,2404,0.5771390199661255,1677,1.2099642753601074,15,nan,0,nan,0
625,2560000,46385.8,55.8,39.09,34.33,30,0.375,410,0.724390243902439,193,139,32,20,2,0,0,118,-4.120314808522696,21.414507772020727,0.14906089007854462,-0.015090882778167725,0.9815526604652405,-0.027145004272460936,31.797440695762635,0.9775408923625946,0.178204464353621,0.047449694787792394,0.322265625,23.21338438987732,-3.1723175197839737e-09,0.4481174349784851,0.00010839303991811668,-1.1747223138809204,0.2585882544517517,2372,0.630863606929779,1683,2.7455813884735107,41,nan,0,nan,0
626,2564096,46459.8,55.8,39.11,34.35,30,0.375,88,0.7954545454545454,190,146,22,17,5,0,0,124,-4.171846309590323,21.31578947368421,0.19507735967636108,-0.01237521879374981,0.9720942378044128,-0.036217415012652056,27.52240960597992,0.9757238566875458,0.1368658528663218,0.055497696297243236,0.3357421875,19.579328298568726,-1.6298145055770874e-09,0.4420408606529236,0.00010808597748208802,-1.1753867864608765,0.23330798745155334,2548,0.5409048795700073,1507,1.6225390434265137,41,nan,0,nan,0
627,2568192,46533.9,55.6,39.3,34.36,30,0.375,282,0.7304964539007093,194,136,29,26,2,1,0,107,-3.9894510401753642,21.087628865979383,0.1149967685341835,-0.01235665287822485,0.9723218679428101,-0.025281313119921833,33.6510546207428,0.973215514421463,0.1448960199020803,0.056918242711981294,0.350830078125,23.415462970733643,-2.5902409106492996e-09,0.41293466091156006,0.00010777891504605936,-1.175721526145935,0.22788439691066742,2464,0.5338270664215088,1592,1.7036731243133545,40,nan,0,nan,0
628,2572288,46607.9,55.7,39.21,34.3,30,0.375,473,0.7378435517970402,191,143,28,17,3,0,0,119,-4.018832528980703,21.460732984293195,0.16609379649162292,-0.013633312657475471,0.9715749025344849,-0.03710823832079768,29.46031297445297,0.9716639280319214,0.16007531844079495,0.0347925744310487,0.266650390625,21.01134295463562,-1.9208528101444244e-09,0.4738696813583374,0.0001074718526100307,-1.176466703414917,0.2521543800830841,2417,0.5952091813087463,1621,2.194467782974243,58,nan,0,nan,0
629,2576384,46681.8,55.8,39.04,34.37,30,0.375,150,0.6933333333333334,189,134,29,26,0,0,0,111,-4.1501129601906745,21.78306878306878,0.13234129548072815,-0.013682784512639046,0.96902996301651,-0.03624778417870402,31.27715208530426,0.9679781436920166,0.15269691525027157,0.04308313779620221,0.31494140625,23.284047031402586,-7.8580342233181e-10,0.39305466413497925,0.00010716479017400204,-1.1775331497192383,0.24397970736026764,2350,0.6059495806694031,1724,1.031468391418457,22,nan,0,nan,0
630,2580480,46755.5,55.9,38.88,34.33,30,0.375,338,0.7514792899408284,188,150,23,12,3,0,0,117,-3.9967180491511756,21.861702127659573,0.20051175355911255,-0.014159897342324257,0.9718526005744934,-0.019718449551146478,30.568845319747926,0.9641193568706512,0.20763571811839937,0.06651542618055828,0.37021484375,22.51092348098755,-8.731149137020111e-10,0.4584682583808899,0.00010685772773797338,-1.1781868934631348,0.2272278368473053,2363,0.5704867243766785,1636,3.9552316665649414,97,nan,0,nan,0
631,2584576,46829.4,55.7,39.17,34.32,30,0.375,10,0.8,184,142,20,20,2,0,0,118,-4.069931024194261,22.266304347826086,0.18745100498199463,-0.011854777112603188,0.9777607321739197,-0.03783033259678632,27.587137508392335,0.9619040787220001,0.13036655224859714,0.041627435116970445,0.325439453125,19.547997903823852,-2.473825588822365e-09,0.38496828079223633,0.00010655066530194472,-1.1787042617797852,0.25506362318992615,2421,0.5549846291542053,1656,1.3220378160476685,19,nan,0,nan,0
632,2588672,46903.4,55.7,39.22,34.32,30,0.375,196,0.75,186,139,29,17,1,0,0,111,-4.090383860090846,21.763440860215052,0.15747815370559692,-0.01397056132555008,0.9754475951194763,-0.0211975843179971,30.52504894733429,0.9602407455444336,0.16805558083578945,0.05106030339811696,0.338818359375,24.908361434936523,-3.230525180697441e-09,0.4499358534812927,0.00010624360286591606,-1.178985834121704,0.27384576201438904,2425,0.634497344493866,1617,1.4500874280929565,54,nan,0,nan,0
633,2592768,46977.9,55.3,39.77,34.34,30,0.375,385,0.7792207792207793,189,153,17,18,1,0,0,133,-4.249577416933008,21.70899470899471,0.2427072674036026,-0.011304296553134918,0.9708216190338135,-0.021271872031502426,23.876201236248015,0.9592801749706268,0.13998598605394363,0.0570877284539165,0.38037109375,23.591562366485597,-2.0372681319713593e-09,0.3972421884536743,0.0001059365404298874,-1.1793441772460938,0.2282887101173401,2547,0.5338485836982727,1537,1.6941019296646118,12,nan,0,nan,0
634,2596864,47052.1,55.6,39.33,34.36,30,0.375,65,0.7384615384615385,192,136,36,19,1,0,0,116,-4.163256593129807,21.140625,0.11704453825950623,-0.013396376743912697,0.9733606576919556,-0.025247305812081323,33.395499074459075,0.9571909248828888,0.1894653456285596,0.062175380406551996,0.334375,25.351143217086793,-1.280568540096283e-09,0.4883936047554016,0.00010562947799385874,-1.1798958778381348,0.23841321468353271,2382,0.5956168174743652,1662,4.392601013183594,52,nan,0,nan,0
635,2600960,47126.5,55.4,39.62,34.31,30,0.375,260,0.7615384615384615,195,150,23,19,3,0,0,119,-4.1681416689594615,21.03076923076923,0.1995713710784912,-0.012801436707377434,0.9797487854957581,-0.03166435079183429,26.102653992176055,0.9548534393310547,0.1491696353070438,0.04226774907583604,0.290478515625,20.975355434417725,-1.6298145055770874e-09,0.4047504663467407,0.00010532241555783007,-1.1806137561798096,0.245790034532547,2414,0.5935966968536377,1679,0.38436880707740784,3,nan,0,nan,0
636,2605056,47200.1,56.0,38.75,34.33,30,0.375,443,0.7787810383747178,183,147,23,11,2,0,0,126,-4.265435183387775,22.327868852459016,0.20121800899505615,-0.013533074408769608,0.9734219312667847,-0.025220857840031384,36.09014528989792,0.9518000543117523,0.19936945913359522,0.048503618853283116,0.316650390625,20.837710237503053,-1.8044374883174896e-09,0.5352593660354614,0.00010501535312180141,-1.1813445091247559,0.22864241898059845,2484,0.6553499698638916,1537,3.6479456424713135,75,nan,0,nan,0
637,2609152,47274.2,55.6,39.38,34.33,30,0.375,124,0.7983870967741935,193,153,27,12,1,0,0,122,-4.219159112582663,21.761658031088082,0.22383226454257965,-0.01281801238656044,0.976172149181366,-0.02830651032272726,30.67341685295105,0.948635596036911,0.1744578077457845,0.06800072517507942,0.35048828125,21.968187761306762,-4.045432433485985e-09,0.4510299563407898,0.00010470829068577275,-1.1822896003723145,0.2301793396472931,2502,0.58915114402771,1544,4.167946815490723,50,nan,0,nan,0
638,2613248,47348.6,55.4,39.61,34.34,30,0.375,320,0.79375,196,155,23,16,2,0,0,129,-4.264912946717597,20.729591836734695,0.22933262586593628,-0.01273001916706562,0.9787179231643677,-0.03686609492870048,28.24761633872986,0.9447749078273773,0.13917427798733115,0.04693230040575145,0.32275390625,19.80006260871887,-7.275957614183426e-10,0.3525148034095764,0.00010440122824974409,-1.1831934452056885,0.24114890396595,2396,0.5648601651191711,1687,1.4528865814208984,13,nan,0,nan,0
639,2617344,47422.5,55.8,38.95,34.4,30,0.375,4,0.5,196,143,33,14,6,0,0,118,-4.190086502729293,20.867346938775512,0.1596067100763321,-0.013467470183968544,0.9730769395828247,-0.03481879932805896,28.840035140514374,0.9412566900253296,0.15143710831180215,0.03785421558859525,0.28642578125,24.624487733840944,-2.066371962428093e-09,0.4785194396972656,0.00010409416581371543,-1.1840389966964722,0.23015624284744263,2415,0.5772396326065063,1616,1.650526523590088,65,nan,0,nan,0
640,2621440,47496.5,55.7,39.2,34.34,30,0.375,199,0.7336683417085427,195,144,23,25,3,0,0,117,-4.084743332214442,20.94871794871795,0.17361143231391907,-0.013085665181279182,0.9759036302566528,-0.037251805618871,30.042190158367156,0.9381422162055969,0.14858191953971983,0.04544537806214066,0.303857421875,18.409138107299803,-1.0186340659856796e-09,0.3713575601577759,0.00010378710337768677,-1.1848397254943848,0.2448304146528244,2319,0.5779921412467957,1739,2.0849249362945557,38,nan,0,nan,0
641,2625536,47570.6,55.6,39.32,34.35,30,0.375,395,0.7265822784810126,196,141,28,20,7,0,0,109,-4.331098939295059,20.913265306122447,0.15110459923744202,-0.014006642624735832,0.9830769300460815,-0.040098602138459685,32.797760820388795,0.9351828634738922,0.1589790800586343,0.04814502241060836,0.331298828125,21.14621138572693,-2.7066562324762344e-09,0.3754786252975464,0.00010348004094165811,-1.1853437423706055,0.2472490668296814,2339,0.5930774211883545,1708,2.254767656326294,49,nan,0,nan,0
642,2629632,47644.9,55.6,39.36,34.37,30,0.375,75,0.76,192,147,23,17,5,0,0,123,-4.18111286236112,21.135416666666668,0.19267699122428894,-0.013107167556881905,0.9830942749977112,-0.03981176712550223,29.600503087043762,0.9338322937488556,0.14499080693349242,0.04387323412374826,0.296484375,20.71085681915283,-1.0186340659856796e-09,0.44701462984085083,0.00010317297850562945,-1.1856547594070435,0.23003296554088593,2323,0.5784235000610352,1746,1.453624963760376,27,nan,0,nan,0
643,2633728,47718.0,56.3,38.36,34.37,30,0.375,265,0.7056603773584905,190,130,34,21,3,2,0,106,-4.230090528341118,22.01578947368421,0.09720490872859955,-0.01479000598192215,0.9749103784561157,-0.03291927452664822,37.77063093185425,0.9318988382816314,0.19771216120570898,0.040291612155851905,0.283349609375,23.56050100326538,-6.693881005048752e-10,0.46861690282821655,0.00010286591606960079,-1.1863157749176025,0.24531225860118866,2311,0.6150389313697815,1684,2.9035234451293945,101,nan,0,nan,0
644,2637824,47791.4,56.2,38.43,34.4,30,0.375,451,0.7006651884700665,186,129,40,15,2,0,0,116,-4.1728283711612795,21.677419354838708,0.09559512138366699,-0.014472735114395618,0.9749360680580139,-0.029617473692633213,36.754541993141174,0.9294013977050781,0.18364379610866308,0.053322974882030395,0.346435546875,22.450350284576416,-1.949956640601158e-09,0.4821210503578186,0.00010255885363357213,-1.1868096590042114,0.2339356541633606,2276,0.6046364903450012,1724,2.7279319763183594,96,nan,0,nan,0
645,2641920,47865.0,56.0,38.83,34.35,30,0.375,123,0.7317073170731707,184,135,31,14,3,1,0,105,-4.199740630710208,22.35326086956522,0.1439797431230545,-0.015705294907093048,0.977505087852478,-0.02935303954873234,37.97854382991791,0.9279824495315552,0.2664030044339597,0.061241746098676234,0.339453125,21.373324632644653,-1.4551915228366852e-10,0.46871548891067505,0.00010225179119754347,-1.1870412826538086,0.23817333579063416,2368,0.6295817494392395,1622,4.297616958618164,106,nan,0,nan,0
646,2646016,47939.0,55.7,39.15,34.37,30,0.375,309,0.7216828478964401,186,133,31,18,3,1,0,112,-4.113815930378779,21.865591397849464,0.13315364718437195,-0.014884848147630692,0.9813299179077148,-0.03696580338291824,35.07394523620606,0.926741999387741,0.17529265582561493,0.038393315522989725,0.281640625,25.098945951461793,-1.862645149230957e-09,0.37847763299942017,0.00010194472876151485,-1.187533974647522,0.2456410974264145,2345,0.6128634214401245,1701,2.8626885414123535,50,nan,0,nan,0
647,2650112,48013.0,55.7,39.27,34.33,30,0.375,500,0.728,191,141,31,19,0,0,0,115,-4.236524048000222,21.523560209424083,0.16241157054901123,-0.01528206653892994,0.9774647951126099,-0.028719952213577926,34.61657612323761,0.9243616402149201,0.16310992166399957,0.06099614938284503,0.34150390625,20.318857049942018,-1.076841726899147e-09,0.45952558517456055,0.00010163766632548619,-1.1881622076034546,0.24496957659721375,2330,0.6372696757316589,1687,1.769829273223877,79,nan,0,nan,0
648,2654208,48086.8,55.8,39.03,34.37,30,0.375,178,0.7078651685393258,190,134,33,19,2,2,0,106,-4.159851406418711,21.557894736842105,0.12455764412879944,-0.015868019312620163,0.978238582611084,-0.03139613148523494,37.517048835754395,0.921931141614914,0.19273208677768708,0.04064941741526127,0.31494140625,25.07654161453247,-2.7939677238464355e-09,0.46386778354644775,0.00010133060388945753,-1.1887962818145752,0.24258361756801605,2221,0.6559038758277893,1793,2.598543643951416,82,nan,0,nan,0
649,2658304,48161.3,55.4,39.62,34.36,30,0.375,373,0.7292225201072386,195,146,23,24,2,0,0,126,-4.150437570217538,20.902564102564103,0.19311001896858215,-0.01167944073677063,0.977441668510437,-0.03439821738284081,30.175767767429353,0.919796597957611,0.13448465531691908,0.04014983521774411,0.30615234375,23.46575336456299,-2.6193447411060333e-09,0.3764629364013672,0.00010102354145342887,-1.1891223192214966,0.23936927318572998,2452,0.5147345066070557,1605,2.0350325107574463,39,nan,0,nan,0
650,2662400,48235.6,55.5,39.52,34.34,30,0.375,59,0.8135593220338984,198,161,25,9,3,0,0,126,-4.015638964156556,20.81313131313131,0.2503058910369873,-0.01134813018143177,0.9710108041763306,-0.03457085145637393,25.494548684358598,0.9195288360118866,0.12756143789738417,0.04333453016151907,0.3123046875,17.35125951766968,-2.8230715543031693e-09,0.44006288051605225,0.00010071647901740021,-1.1889933347702026,0.2289491444826126,2405,0.5147731304168701,1652,1.5580651760101318,39,nan,0,nan,0
651,2666496,48309.4,55.9,38.95,34.36,30,0.375,247,0.7489878542510121,188,137,28,19,3,1,0,116,-4.162107290718469,21.856382978723403,0.14576423168182373,-0.016066718846559525,0.976202666759491,-0.023085512046236545,34.9971537232399,0.9193451106548309,0.19896704014390706,0.03967231144924881,0.270166015625,30.311748504638672,-1.6007106751203537e-09,0.4872848391532898,0.00010040941658137155,-1.1892569065093994,0.24280591309070587,2346,0.6699020266532898,1655,2.3994109630584717,95,nan,0,nan,0
652,2670592,48383.1,56.0,38.81,34.38,30,0.375,440,0.7431818181818182,193,142,25,23,3,0,0,111,-3.9570472136589507,21.39378238341969,0.15936878323554993,-0.012334022670984268,0.9648988246917725,-0.03154752342961729,29.752031540870668,0.9176292002201081,0.1357574038207531,0.03755824951949762,0.2927734375,20.48064351081848,4.94765117764473e-10,0.4375759959220886,0.00010010235414534289,-1.1899423599243164,0.22510260343551636,2334,0.5748793482780457,1706,1.0658068656921387,56,nan,0,nan,0
653,2674688,48457.2,55.6,39.25,34.35,30,0.375,122,0.7295081967213115,194,145,23,21,4,1,0,112,-4.187264902641559,21.103092783505154,0.19372843205928802,-0.011199824512004852,0.9674525856971741,-0.03576249497709796,31.520728373527525,0.9145484864711761,0.12625752901658416,0.03462088101368863,0.26552734375,22.593621349334718,-2.2992026060819626e-09,0.3968800902366638,9.979529170931423e-05,-1.1906588077545166,0.22496619820594788,2530,0.5285734534263611,1530,1.452612280845642,36,nan,0,nan,0
654,2678784,48531.1,55.7,39.12,34.35,30,0.375,321,0.7538940809968847,199,153,29,16,1,0,0,125,-4.003370667298824,20.55276381909548,0.20506930351257324,-0.01387177873402834,0.9769052863121033,-0.036673365777824075,28.94411109685898,0.9116621851921082,0.15272647552192212,0.05831442272174172,0.33896484375,18.867766284942626,-1.3096723705530167e-09,0.4456966519355774,9.948822927328557e-05,-1.191326379776001,0.2256115823984146,2258,0.5665972828865051,1780,1.2966474294662476,58,nan,0,nan,0
655,2682880,48605.3,55.6,39.38,34.34,30,0.375,7,0.8571428571428571,198,164,18,12,3,1,0,134,-4.057505703694929,20.555555555555557,0.2698372006416321,-0.011518373154103756,0.9674192070960999,-0.02640209407545626,28.01705089211464,0.9094463646411896,0.13039772221818566,0.03960848962015007,0.316796875,23.29936866760254,-1.1059455573558807e-09,0.3593447804450989,9.918116683725691e-05,-1.191902756690979,0.23284350335597992,2412,0.5238147377967834,1623,1.517604112625122,61,nan,0,nan,0
656,2686976,48679.2,55.7,39.12,34.39,30,0.375,201,0.7064676616915423,194,136,21,33,4,0,0,106,-3.990070796242628,20.97422680412371,0.13846227526664734,-0.012889202684164047,0.9728344678878784,-0.032879276492167264,30.960184955596922,0.9065290987491608,0.14108485355973244,0.0389637100888649,0.29638671875,25.16144208908081,-2.0954757928848267e-09,0.38800543546676636,9.887410440122825e-05,-1.19270920753479,0.22908581793308258,2363,0.5301549434661865,1697,1.1932071447372437,36,nan,0,nan,0
657,2691072,48753.2,55.7,39.21,34.35,30,0.375,395,0.7265822784810126,194,145,23,21,4,1,0,119,-4.073516120971322,21.38144329896907,0.17724210023880005,-0.011560939252376556,0.9743720889091492,-0.0329848020337522,30.689592599868774,0.9039984941482544,0.14771467242389918,0.05072050840099109,0.3271484375,17.447651195526124,-1.3096723705530167e-09,0.45267850160598755,9.856704196519959e-05,-1.1931689977645874,0.21988318860530853,2423,0.5050811767578125,1599,2.488306760787964,74,nan,0,nan,0
658,2695168,48827.3,55.7,39.19,34.39,30,0.375,74,0.8378378378378378,191,153,23,12,3,0,0,123,-3.998991394319809,21.30366492146597,0.22688472270965576,-0.012555817142128944,0.9705505967140198,-0.023585892748087645,28.191536009311676,0.9024850308895112,0.14585815984755754,0.036045975401066244,0.29267578125,24.128149795532227,-2.6193447411060333e-09,0.44308918714523315,9.825997952917093e-05,-1.1934242248535156,0.22744421660900116,2352,0.5222779512405396,1665,1.8942643404006958,79,nan,0,nan,0
659,2699264,48901.3,55.7,39.21,34.35,30,0.375,270,0.7851851851851852,196,150,24,18,4,0,0,127,-4.0666698994271835,20.81122448979592,0.20048362016677856,-0.013095555827021599,0.9792307615280151,-0.018955370457842947,34.772745442390445,0.9013401150703431,0.17654139921069145,0.04673861126939301,0.336572265625,25.800788831710815,-2.852175384759903e-09,0.42128491401672363,9.795291709314227e-05,-1.1937742233276367,0.2435719221830368,2351,0.5581300854682922,1673,3.107621669769287,72,nan,0,nan,0
660,2703360,48975.8,55.4,39.62,34.37,30,0.375,463,0.7883369330453563,193,153,23,14,3,0,0,125,-4.095634018885928,21.373056994818654,0.21997961401939392,-0.013364406302571297,0.9736100435256958,-0.013327075354754924,31.225399190187453,0.9001575350761414,0.18416315270587802,0.10992163792689098,0.418603515625,18.727297449111937,-2.240994945168495e-09,0.5080990791320801,9.764585465711361e-05,-1.1940186023712158,0.22724854946136475,2419,0.6292406320571899,1621,3.9653470516204834,56,nan,0,nan,0
661,2707456,49049.8,55.7,39.12,34.36,30,0.375,144,0.6736111111111112,193,133,35,20,4,1,0,108,-3.96653559330942,21.39896373056995,0.09886199235916138,-0.014864746481180191,0.9766846299171448,-0.026765045209322123,36.061509776115415,0.8987224578857422,0.19287414867430924,0.0446086436350015,0.3232421875,26.096754455566405,-2.1827872842550278e-09,0.5104824304580688,9.733879222108495e-05,-1.1945655345916748,0.22736498713493347,2246,0.6346036195755005,1754,2.366481065750122,96,nan,0,nan,0
662,2711552,49123.7,55.8,39.07,34.4,30,0.375,337,0.7329376854599406,193,150,25,14,4,0,0,119,-3.9065475187850613,20.860103626943005,0.20674549043178558,-0.013396400026977062,0.9764283895492554,-0.033731363038532435,31.55719110965729,0.8958942055702209,0.1624612955376506,0.05139966824935982,0.335888671875,21.574144077301025,-2.0081643015146255e-09,0.4143221378326416,9.703172978505629e-05,-1.1953543424606323,0.257793128490448,2303,0.582847535610199,1732,2.0979549884796143,61,nan,0,nan,0
663,2715648,49198.0,55.5,39.48,34.36,30,0.375,30,0.7,205,156,22,23,4,0,0,131,-3.89836330623767,20.317073170731707,0.2078413963317871,-0.012309394776821136,0.9771267175674438,-0.03415555557003245,30.352577912807465,0.8932547092437744,0.1454751443117857,0.04711566301702987,0.31953125,17.834065008163453,-2.735760062932968e-09,0.3572533130645752,9.672466734902763e-05,-1.1959718465805054,0.22573572397232056,2325,0.5418660044670105,1720,1.8415262699127197,51,nan,0,nan,0
664,2719744,49271.1,56.4,38.2,34.36,30,0.375,217,0.695852534562212,187,130,29,24,3,1,0,111,-4.076555189774007,21.67379679144385,0.11562319844961166,-0.013116558082401752,0.9733947515487671,-0.020694449124857784,36.706336975097656,0.8908370912075043,0.15729457112029194,0.047447287187969776,0.340576171875,24.444046449661254,-1.949956640601158e-09,0.41388440132141113,9.641760491299897e-05,-1.1964118480682373,0.21999245882034302,2301,0.5674437284469604,1733,2.4022605419158936,62,nan,0,nan,0
665,2723840,49344.9,55.8,39.06,34.33,30,0.375,411,0.7299270072992701,194,149,25,16,3,1,0,114,-4.1200639383389035,21.190721649484537,0.20175495743751526,-0.013381833210587502,0.9746283888816833,-0.026619812962599097,29.726731622219084,0.890204232931137,0.16308126552030444,0.04543973693362204,0.315576171875,22.939263820648193,-1.076841726899147e-09,0.42769670486450195,9.611054247697031e-05,-1.1962248086929321,0.25805583596229553,2394,0.6004611849784851,1652,2.2151107788085938,50,nan,0,nan,0
666,2727936,49418.8,55.8,39.03,34.38,30,0.375,92,0.6413043478260869,193,133,33,23,3,1,0,109,-4.060646414158369,20.911917098445596,0.1121998205780983,-0.013706488534808159,0.9779656529426575,-0.02523965141735971,34.22396436929703,0.8911983728408813,0.18034306941553951,0.05183984893374145,0.331640625,25.595523357391357,-1.3969838619232178e-09,0.48868387937545776,9.580348004094165e-05,-1.1960784196853638,0.24254842102527618,2332,0.6488574743270874,1726,2.433535099029541,38,nan,0,nan,0
667,2732032,49492.8,55.7,39.17,34.39,30,0.375,284,0.7112676056338029,192,143,28,17,4,0,0,112,-4.038666666141631,21.338541666666668,0.1861254870891571,-0.012551609426736832,0.9674692749977112,-0.038994115235982466,29.828149926662444,0.8911175847053527,0.13900328930467368,0.040514327671553475,0.301025390625,20.434930515289306,-1.4842953532934189e-09,0.35789042711257935,9.549641760491299e-05,-1.1963380575180054,0.23990966379642487,2409,0.5394660830497742,1657,1.3822638988494873,30,nan,0,nan,0
668,2736128,49566.8,55.7,39.14,34.36,30,0.375,480,0.7229166666666667,196,145,19,30,2,0,0,109,-3.9992174984001028,21.025510204081634,0.18608789145946503,-0.012670332565903664,0.9743589758872986,-0.03387845492688939,28.742928171157835,0.8901649534702301,0.1402862448245287,0.0358481543356902,0.274169921875,22.651853036880492,-2.1245796233415604e-09,0.4357355237007141,9.518935516888433e-05,-1.196412205696106,0.22288386523723602,2348,0.563619077205658,1667,1.394158124923706,81,nan,0,nan,0
669,2740224,49640.5,55.9,38.94,34.35,30,0.375,165,0.6484848484848484,197,130,33,31,3,0,0,100,-4.072815777117653,20.97969543147208,0.09463862329721451,-0.014043636620044708,0.9743524193763733,-0.02260201360913925,37.52267115116119,0.889913809299469,0.17209016159176826,0.04347528513026191,0.314892578125,29.53446183204651,-1.949956640601158e-09,0.36262160539627075,9.488229273285567e-05,-1.1964926719665527,0.22462312877178192,2382,0.6055129170417786,1644,2.098385810852051,70,nan,0,nan,0
670,2744320,49714.8,55.5,39.48,34.37,30,0.375,359,0.6908077994428969,194,141,25,23,5,0,0,117,-4.078088361568566,21.0979381443299,0.1582101583480835,-0.01193968951702118,0.9728344678878784,-0.02922636710572988,33.380036854743956,0.8889022946357727,0.13852373277768493,0.0455383080712636,0.31162109375,20.728469705581666,-1.8335413187742233e-09,0.38741225004196167,9.457523029682701e-05,-1.1970584392547607,0.21530531346797943,2324,0.5435202717781067,1717,1.491364598274231,55,nan,0,nan,0
671,2748416,49788.9,55.7,39.17,34.36,30,0.375,47,0.8085106382978723,200,157,27,13,3,0,0,124,-4.015748102944413,20.32,0.2362673282623291,-0.012245776131749153,0.9671458005905151,-0.027738442225381733,25.63028312921524,0.8866472840309143,0.1423441761173308,0.05226835633220617,0.30791015625,19.94015691280365,-6.984919309616089e-10,0.4452695846557617,9.426816786079835e-05,-1.1974570751190186,0.21473513543605804,2385,0.5751739144325256,1679,1.966652274131775,32,nan,0,nan,0
672,2752512,49862.6,55.9,38.93,34.38,30,0.375,241,0.7136929460580913,194,134,31,24,4,1,0,113,-4.4701519201155495,21.376288659793815,0.13111485540866852,-0.01454505417495966,0.9766786098480225,-0.025179601833224298,38.75148339271546,0.8846715748310089,0.18742583580315114,0.03904482126818039,0.289990234375,25.947952270507812,-2.9103830456733704e-11,0.45112746953964233,9.39611054247697e-05,-1.1981409788131714,0.2611256539821625,2458,0.6907414793968201,1586,1.9698834419250488,52,nan,0,nan,0
673,2756608,49937.0,55.4,39.52,34.39,30,0.375,437,0.7254004576659039,196,145,24,25,2,0,0,119,-4.124060178357239,20.43877551020408,0.19000864028930664,-0.011403165757656097,0.974871814250946,-0.03332296255975962,29.118630087375642,0.881477004289627,0.12620558058843018,0.04445630646077916,0.32060546875,18.728909015655518,-2.2118911147117615e-09,0.4166395664215088,9.365404298874103e-05,-1.1991605758666992,0.22027453780174255,2406,0.5229953527450562,1656,1.0987142324447632,34,nan,0,nan,0
674,2760704,50011.0,55.7,39.15,34.36,30,0.375,120,0.725,195,140,31,23,1,0,0,122,-4.127739230081063,21.297435897435896,0.16341151297092438,-0.011988637037575245,0.9733401536941528,-0.035396143421530725,32.270215845108034,0.8775222420692443,0.13598781749606131,0.07159763742092765,0.383935546875,18.783886432647705,-2.5902409106492996e-09,0.43467795848846436,9.334698055271237e-05,-1.1998814344406128,0.2186545580625534,2375,0.5448120832443237,1682,1.4856221675872803,39,nan,0,nan,0
675,2764800,50085.3,55.4,39.46,34.41,30,0.375,318,0.7389937106918238,198,148,25,21,4,0,0,126,-3.990303807506026,20.661616161616163,0.19477400183677673,-0.011939792893826962,0.9687018990516663,-0.0294188967323862,30.013784372806548,0.8747717320919037,0.14290855480358006,0.05185826412489405,0.348779296875,20.39152307510376,-2.0081643015146255e-09,0.42332905530929565,9.303991811668371e-05,-1.20054030418396,0.23652417957782745,2423,0.5256400108337402,1628,2.6246259212493896,45,nan,0,nan,0
676,2768896,50159.4,55.6,39.25,34.38,30,0.375,0,,194,145,26,21,2,0,0,111,-4.02931611673767,21.11855670103093,0.18520405888557434,-0.012033483013510704,0.9720656275749207,-0.03255076662171632,33.40231639146805,0.8729343712329865,0.13639002433046699,0.04956891691836063,0.328076171875,19.700012826919554,-4.0745362639427185e-10,0.37007665634155273,9.273285568065505e-05,-1.200799584388733,0.20720215141773224,2349,0.5356079339981079,1664,1.434035301208496,83,nan,0,nan,0
677,2772992,50233.5,55.6,39.25,34.38,30,0.375,195,0.6974358974358974,195,136,33,24,1,1,0,108,-4.171396728192623,21.0,0.14034707844257355,-0.01275993324816227,0.9700077176094055,-0.029681861959397794,33.28961882591248,0.8716144979000091,0.14279368445277213,0.04380710814875784,0.3138671875,21.937106609344482,-1.8917489796876907e-09,0.4198850393295288,9.24257932446264e-05,-1.201340675354004,0.2122659981250763,2357,0.5607680082321167,1646,1.4440956115722656,93,nan,0,nan,0
678,2777088,50307.6,55.7,39.19,34.39,30,0.375,392,0.6938775510204082,197,136,31,25,5,0,0,109,-4.109039503472728,20.79695431472081,0.13326282799243927,-0.0119263781234622,0.9715311527252197,-0.02902204491547309,33.95737751722336,0.8695225596427918,0.14623190015554427,0.04782353871851228,0.32353515625,19.687927436828613,-2.0954757928848267e-09,0.39852482080459595,9.211873080859773e-05,-1.2017346620559692,0.22937875986099243,2346,0.5450571775436401,1712,2.227933883666992,38,nan,0,nan,0
679,2781184,50381.8,55.5,39.38,34.37,30,0.375,81,0.7160493827160493,201,149,25,25,2,0,0,123,-4.1178292243618015,20.507462686567163,0.19459915161132812,-0.012137065641582012,0.968164324760437,-0.03417252330109477,29.22304884195328,0.8674924850463868,0.14014384103938937,0.047670036989438815,0.337890625,23.2258451461792,-1.8917489796876907e-09,0.4316430687904358,9.181166837256907e-05,-1.202547550201416,0.22819623351097107,2422,0.5494610667228699,1634,1.9110400676727295,40,nan,0,nan,0
680,2785280,50455.6,55.9,38.97,34.36,30,0.375,276,0.7210144927536232,195,141,34,17,2,1,0,118,-4.028586741401278,20.753846153846155,0.14740388095378876,-0.014306263066828251,0.9720584750175476,-0.033808420493733136,40.99738528728485,0.8642879843711853,0.18412466878071426,0.04699732538574608,0.302490234375,25.111369848251343,-3.521563485264778e-09,0.43302738666534424,9.150460593654041e-05,-1.2031407356262207,0.23791764676570892,2292,0.5828001499176025,1725,2.543393135070801,79,nan,0,nan,0
681,2789376,50529.4,55.9,38.97,34.36,30,0.375,469,0.7249466950959488,193,141,25,23,2,2,0,115,-4.182266960474958,21.378238341968913,0.15800665318965912,-0.013117657974362373,0.9774532318115234,-0.03255103554110974,37.499311208724976,0.8629490673542023,0.15202720696106553,0.03865234975819476,0.3130859375,22.209327840805052,-1.1350493878126144e-09,0.4273329973220825,9.119754350051175e-05,-1.2032225131988525,0.23172175884246826,2388,0.546876072883606,1612,2.0120506286621094,96,nan,0,nan,0
682,2793472,50603.5,55.6,39.25,34.37,30,0.375,153,0.7516339869281046,196,149,30,15,2,0,0,109,-3.9464765462607554,21.066326530612244,0.20360919833183289,-0.012951718643307686,0.9705128073692322,-0.03923319168388843,26.419146597385406,0.8627555787563324,0.13881376469507814,0.04487173768284265,0.315625,17.929680585861206,-1.4551915228366852e-09,0.42506492137908936,9.08904810644831e-05,-1.2033472061157227,0.22377507388591766,2398,0.5814096331596375,1664,1.531278371810913,34,nan,0,nan,0
683,2797568,50677.4,55.8,39.03,34.38,30,0.375,345,0.7507246376811594,192,144,17,26,2,3,0,113,-3.9899371955548526,21.265625,0.16567960381507874,-0.013039398938417435,0.9669569730758667,-0.033491887617856264,35.237085056304934,0.8608025848865509,0.17557792915031314,0.03469105930125806,0.27490234375,24.861446714401247,-7.275957614183426e-10,0.467637836933136,9.058341862845444e-05,-1.204195499420166,0.22857710719108582,2340,0.5440451502799988,1665,2.953195810317993,91,nan,0,nan,0
684,2801664,50751.5,55.7,39.23,34.36,30,0.375,25,0.72,192,152,18,20,2,0,0,108,-3.8992288942210243,20.880208333333332,0.22225259244441986,-0.011707788333296776,0.9736167788505554,-0.03573040037881583,26.757627534866334,0.8576316177845001,0.13995300512760878,0.052950285677798095,0.33876953125,18.784233474731444,-2.3283064365386963e-09,0.4157564043998718,9.027635619242578e-05,-1.2048662900924683,0.21679899096488953,2373,0.5424731969833374,1677,1.2584030628204346,46,nan,0,nan,0
685,2805760,50825.6,55.6,39.33,34.35,30,0.375,219,0.7488584474885844,194,146,27,17,1,3,0,114,-4.106828447380586,21.52577319587629,0.181473970413208,-0.01276443898677826,0.9697591066360474,-0.024689787020906805,30.97318832874298,0.854014390707016,0.16190801365301014,0.07281525797152426,0.38486328125,18.28626420497894,-1.6880221664905548e-09,0.5163769125938416,8.996929375639714e-05,-1.2060205936431885,0.22306832671165466,2346,0.5141668319702148,1634,2.3116910457611084,116,nan,0,nan,0
686,2809856,50900.3,55.2,39.82,34.38,30,0.375,413,0.7288135593220338,194,137,39,15,3,0,0,106,-4.169009911379146,21.056701030927837,0.14417380094528198,-0.012639508582651615,0.9689902663230896,-0.02995219852309674,30.40410304069519,0.8498952090740204,0.1400265958160162,0.03558017823379487,0.29541015625,24.79438409805298,-1.7462298274040222e-09,0.4621669054031372,8.966223132036848e-05,-1.2068347930908203,0.22079019248485565,2366,0.5484685301780701,1656,1.5662273168563843,74,nan,0,nan,0
687,2813952,50974.6,55.5,39.41,34.4,30,0.375,100,0.72,199,151,23,21,4,0,0,109,-4.122624318181829,20.35678391959799,0.2021941989660263,-0.012185286730527878,0.9674108028411865,-0.02868165518157184,35.10999031066895,0.8466806590557099,0.18612152813002467,0.04773201398638775,0.3638671875,24.953579568862914,-1.076841726899147e-09,0.41784828901290894,8.935516888433982e-05,-1.2076855897903442,0.2199530452489853,2455,0.6247329115867615,1593,1.5119072198867798,48,nan,0,nan,0
688,2818048,51049.0,55.5,39.46,34.4,30,0.375,302,0.7119205298013245,202,143,25,25,7,2,0,115,-4.016650414618851,20.138613861386137,0.14210501313209534,-0.013639970682561398,0.9735490679740906,-0.028971588844433425,39.244625902175905,0.8445412397384644,0.17890599789097905,0.030376783448446076,0.270703125,23.76208715438843,-1.3387762010097504e-09,0.42269349098205566,8.904810644831116e-05,-1.2078596353530884,0.2241029143333435,2371,0.5845796465873718,1633,2.582740306854248,92,nan,0,nan,0
689,2822144,51123.7,55.2,39.91,34.33,30,0.375,505,0.7029702970297029,203,140,29,30,3,1,0,119,-3.9735027703308656,20.413793103448278,0.12884730100631714,-0.012917126528918743,0.9727716445922852,-0.034617260564118624,37.99440848827362,0.8439294993877411,0.1482376133091748,0.03842983902140986,0.276123046875,22.548324203491212,-3.230525180697441e-09,0.4872075915336609,8.87410440122825e-05,-1.2081120014190674,0.226053386926651,2249,0.5469549894332886,1762,1.8251413106918335,85,nan,0,nan,0
690,2826240,51197.6,55.8,39.08,34.37,30,0.375,182,0.7197802197802198,189,137,20,30,1,1,0,107,-3.9081329225503056,21.904761904761905,0.15756669640541077,-0.011777974665164948,0.9797798991203308,-0.027976310485973953,32.92052848339081,0.842351883649826,0.16357459230348467,0.030950958997709676,0.257666015625,25.329852724075316,-2.473825588822365e-09,0.36601096391677856,8.843398157625384e-05,-1.2086453437805176,0.23737569153308868,2380,0.5310040712356567,1671,2.837559461593628,45,nan,0,nan,0
691,2830336,51271.2,56.0,38.78,34.36,30,0.375,379,0.7308707124010554,197,146,22,27,1,1,0,107,-4.071417537592511,20.624365482233504,0.18503722548484802,-0.01148848794400692,0.9681969881057739,-0.026256101951003075,31.31785547733307,0.8406353414058685,0.13249375419691206,0.06070421026670374,0.36494140625,22.05050482749939,-1.979060471057892e-09,0.39278244972229004,8.812691914022518e-05,-1.2088561058044434,0.23210281133651733,2431,0.5581151843070984,1650,1.5664520263671875,15,nan,0,nan,0
692,2834432,51346.2,55.0,40.12,34.34,30,0.375,70,0.7571428571428571,203,140,29,32,2,0,0,109,-4.065802452372915,19.911330049261085,0.12498153001070023,-0.012483902275562286,0.9727716445922852,-0.021967976284213365,34.44496097564697,0.8394561767578125,0.17267656568437814,0.0372606168690254,0.287646484375,29.369981145858766,-1.0186340659856796e-09,0.47068482637405396,8.781985670419652e-05,-1.2093870639801025,0.2168331742286682,2288,0.6097098588943481,1755,2.7592833042144775,53,nan,0,nan,0
693,2838528,51420.3,55.6,39.31,34.35,30,0.375,271,0.7011070110701108,201,137,30,30,3,1,0,103,-3.96873551579604,20.81094527363184,0.11669201403856277,-0.011894237250089645,0.967650830745697,-0.033518662548158315,31.81318054199219,0.8364991962909698,0.13293810440227388,0.047250388097018,0.35068359375,20.064091539382936,-2.0372681319713593e-09,0.43651455640792847,8.751279426816786e-05,-1.2103374004364014,0.21112190186977386,2296,0.5523403286933899,1718,1.5414350032806396,82,nan,0,nan,0
694,2842624,51495.2,55.1,40.01,34.39,30,0.375,472,0.6694915254237288,201,126,28,45,2,0,0,94,-4.184314704961055,20.577114427860696,0.0712444856762886,-0.01195785403251648,0.9691912531852722,-0.030856502102687956,35.1622261762619,0.8325896501541138,0.13382272021844982,0.03717156013881322,0.2802734375,26.20565366744995,-2.6193447411060333e-09,0.35468435287475586,8.72057318321392e-05,-1.2112371921539307,0.22853243350982666,2368,0.5469947457313538,1683,1.2007107734680176,45,nan,0,nan,0
695,2846720,51569.4,55.5,39.46,34.34,30,0.375,156,0.7051282051282052,196,135,26,30,4,1,0,103,-3.9946605851201404,20.474489795918366,0.11989189684391022,-0.013351697474718094,0.9676923155784607,-0.02798777031712234,32.60243763923645,0.8298889398574829,0.17735210480168462,0.060919505794299764,0.351123046875,21.07364139556885,-1.6880221664905548e-09,0.46244823932647705,8.689866939611054e-05,-1.2116059064865112,0.22173546254634857,2254,0.5832085609436035,1776,3.233830213546753,66,nan,0,nan,0
696,2850816,51643.7,55.5,39.4,34.4,30,0.375,355,0.6816901408450704,199,132,29,35,3,0,0,94,-3.9506687746741584,20.628140703517587,0.09809926897287369,-0.01321038231253624,0.9704900979995728,-0.02533395525533706,33.91643583774567,0.8285387814044952,0.14634303152561187,0.06795822774147382,0.3830078125,22.441642999649048,-7.275957614183426e-10,0.4246838688850403,8.659160696008188e-05,-1.211975336074829,0.23701263964176178,2205,0.5556618571281433,1814,1.80295729637146,77,nan,0,nan,0
697,2854912,51717.9,55.6,39.31,34.38,30,0.375,40,0.7,197,139,30,27,1,0,0,105,-4.061617717707758,20.771573604060915,0.1476629078388214,-0.011272751726210117,0.9725570678710938,-0.02721021994948387,31.976168179512023,0.8272682011127472,0.12975344015285373,0.05386868194909766,0.388671875,22.213249063491823,-3.026798367500305e-09,0.3717086911201477,8.628454452405322e-05,-1.2122077941894531,0.2204243242740631,2367,0.5182514786720276,1693,0.8996926546096802,36,nan,0,nan,0
698,2859008,51791.8,55.7,39.12,34.37,30,0.375,242,0.71900826446281,202,146,31,22,3,0,0,124,-4.25910205896514,20.45049504950495,0.17967471480369568,-0.013320617377758026,0.9704673886299133,-0.03023150786757469,30.28972992897034,0.8265122830867767,0.1568832247518003,0.04077014898066409,0.311865234375,22.046226930618285,-2.6775524020195007e-09,0.4675811529159546,8.597748208802456e-05,-1.2124313116073608,0.22505950927734375,2414,0.5979660153388977,1631,1.816061019897461,51,nan,0,nan,0
699,2863104,51866.0,55.6,39.35,34.35,30,0.375,436,0.7155963302752294,194,138,28,28,0,0,0,104,-4.23686928121282,20.989690721649485,0.1462305784225464,-0.013460029847919941,0.9666837453842163,-0.023458259017206728,31.451189613342287,0.8249202907085419,0.18532661003991963,0.038579840036982206,0.30849609375,21.95654091835022,-2.240994945168495e-09,0.5011779069900513,8.56704196519959e-05,-1.2130234241485596,0.22850102186203003,2232,0.5919216275215149,1785,2.631791591644287,79,nan,0,nan,0
700,2867200,51940.8,55.1,39.95,34.41,30,0.375,128,0.71875,204,140,31,29,3,1,0,115,-4.002625556493061,20.08823529411765,0.13353177905082703,-0.012570561841130257,0.9701952934265137,-0.03258330021053553,33.35940086841583,0.8224159419536591,0.16933967787772417,0.07185908623650902,0.318115234375,23.247034311294556,-1.8335413187742233e-09,0.42217427492141724,8.536335721596724e-05,-1.2136975526809692,0.22546172142028809,2300,0.6010621786117554,1754,2.2462754249572754,42,nan,0,nan,0
701,2871296,52015.1,55.6,39.3,34.39,30,0.375,325,0.7107692307692308,197,139,25,33,0,0,0,105,-4.088721638543334,20.65482233502538,0.14756041765213013,-0.013882983475923538,0.9717876315116882,-0.029633217945229263,32.710144305229186,0.8196851074695587,0.16749814255163073,0.06929263826750684,0.31611328125,23.045108127593995,-1.2223608791828156e-09,0.4488663077354431,8.505629477993858e-05,-1.2142858505249023,0.22237487137317657,2291,0.6531701683998108,1757,1.9233698844909668,48,nan,0,nan,0
702,2875392,52089.3,55.5,39.41,34.34,30,0.375,14,0.7857142857142857,201,147,24,27,3,0,0,112,-4.136649569370855,20.55223880597015,0.17855143547058105,-0.012299807742238045,0.972015380859375,-0.02864534656982869,28.761953711509705,0.8175237596035003,0.14270334094762802,0.05062397464353126,0.325390625,22.15157907009125,-2.0372681319713593e-09,0.47165000438690186,8.474923234390992e-05,-1.2148100137710571,0.22698874771595,2394,0.569388210773468,1663,1.299820899963379,39,nan,0,nan,0
703,2879488,52163.3,55.7,39.18,34.36,30,0.375,207,0.7246376811594203,193,139,21,27,5,1,0,109,-4.101814824058725,21.27979274611399,0.16281749308109283,-0.012315457686781883,0.9684857726097107,-0.026696189399808647,32.18052396774292,0.8152269959449768,0.1439498946070671,0.05992563660547603,0.37216796875,18.272228908538818,-1.57160684466362e-09,0.39425790309906006,8.444216990788126e-05,-1.2154996395111084,0.23537147045135498,2376,0.5777892470359802,1672,2.4461982250213623,48,nan,0,nan,0
704,2883584,52237.2,55.8,38.96,34.4,30,0.375,400,0.7425,193,147,25,19,1,1,0,112,-4.343886770431804,20.93782383419689,0.20156192779541016,-0.012971692718565464,0.9718165397644043,-0.019736494636163116,30.364278268814086,0.812601637840271,0.15947804590687156,0.05728541726857657,0.380322265625,19.207317066192626,-1.6007106751203537e-09,0.482083261013031,8.41351074718526e-05,-1.2160191535949707,0.22781668603420258,2383,0.5735436081886292,1635,2.0075855255126953,78,nan,0,nan,0
705,2887680,52311.2,55.8,39.03,34.37,30,0.375,83,0.7710843373493976,195,144,26,19,6,0,0,107,-4.14757247840193,20.96923076923077,0.18910446763038635,-0.011833896860480309,0.9728274941444397,-0.018463965790579094,29.312119460105897,0.8102342367172242,0.13159756250679494,0.05268152132193791,0.355810546875,24.321274995803833,-1.4842953532934189e-09,0.36530524492263794,8.382804503582394e-05,-1.216843605041504,0.2350456416606903,2448,0.5319975018501282,1629,1.4581435918807983,19,nan,0,nan,0
706,2891776,52384.9,55.9,38.89,34.41,30,0.375,276,0.7101449275362319,193,132,25,33,3,0,0,102,-4.175951206508807,21.28497409326425,0.14385131001472473,-0.011710276827216148,0.9725852012634277,-0.02617928378749639,31.637730050086976,0.8067345976829529,0.13471615770831705,0.036408134449447974,0.29443359375,21.820165348052978,-1.1932570487260818e-09,0.39709240198135376,8.352098259979528e-05,-1.217729091644287,0.23182867467403412,2384,0.5502504706382751,1663,1.1338196992874146,49,nan,0,nan,0
707,2895872,52458.9,55.7,39.17,34.34,30,0.375,469,0.720682302771855,193,142,28,22,1,0,0,113,-4.094515534619972,21.23316062176166,0.18880116939544678,-0.012665687128901482,0.9723289608955383,-0.03461155530530959,29.14784872531891,0.8037221431732178,0.1517563193105161,0.06081213383877184,0.33642578125,18.605985498428346,-1.4551915228366852e-09,0.4744541645050049,8.321392016376662e-05,-1.21818208694458,0.23139913380146027,2394,0.5598384141921997,1630,2.246446132659912,72,nan,0,nan,0
708,2899968,52532.5,56.0,38.75,34.37,30,0.375,156,0.7692307692307693,199,152,29,16,2,0,0,128,-4.206493111140122,20.804020100502512,0.21865376830101013,-0.011262747459113598,0.9671542048454285,-0.03247117954306304,27.25457466840744,0.8024048805236816,0.12612961512058973,0.03869236209138762,0.2990234375,22.467623949050903,-1.979060471057892e-09,0.4261784553527832,8.290685772773797e-05,-1.2185444831848145,0.21311625838279724,2464,0.5110304355621338,1588,0.8966129422187805,44,nan,0,nan,0
709,2904064,52606.8,55.5,39.5,34.35,30,0.375,354,0.7570621468926554,198,148,25,21,4,0,0,120,-4.046976857773519,20.61111111111111,0.20256921648979187,-0.012217923998832703,0.9661364555358887,-0.029401037498610096,28.576871633529663,0.8004867911338807,0.1544871480204165,0.0702116095853853,0.341943359375,20.149973845481874,-3.259629011154175e-09,0.4863210916519165,8.25997952917093e-05,-1.219069004058838,0.22248971462249756,2384,0.5921961665153503,1695,1.4122616052627563,17,nan,0,nan,0
710,2908160,52680.7,55.8,39.03,34.38,30,0.375,36,0.6666666666666666,194,141,22,28,2,1,0,107,-4.141840533807365,21.077319587628867,0.18322603404521942,-0.01238590944558382,0.970271646976471,-0.03453588744159788,32.58047310113907,0.7991208076477051,0.17148699006065726,0.04632534714328358,0.324267578125,23.419832134246825,2.9103830456733704e-11,0.3635495901107788,8.229273285568065e-05,-1.219199299812317,0.22692784667015076,2487,0.6123666167259216,1583,3.4279611110687256,26,nan,0,nan,0
711,2912256,52754.6,55.8,39.04,34.4,30,0.375,229,0.6899563318777293,193,134,27,28,3,1,0,112,-4.099075184388677,20.968911917098445,0.13967826962471008,-0.013312962837517262,0.9746348857879639,-0.0266613828483969,28.774892473220824,0.798108822107315,0.18139168117195367,0.05630302806093823,0.331103515625,20.593233108520508,-5.238689482212067e-10,0.5031086802482605,8.198567041965199e-05,-1.2196707725524902,0.22810080647468567,2327,0.6328933238983154,1720,4.2331976890563965,49,nan,0,nan,0
712,2916352,52828.4,55.9,38.94,34.37,30,0.375,429,0.7062937062937062,200,145,29,23,3,0,0,116,-4.216387632569929,21.15,0.18930281698703766,-0.013056298717856407,0.9789527654647827,-0.03260528239188716,30.971855568885804,0.7962035655975341,0.145228788908571,0.04231180337810656,0.30244140625,18.47109637260437,-1.6007106751203537e-09,0.39264124631881714,8.167860798362333e-05,-1.22016179561615,0.23191368579864502,2366,0.6001313328742981,1696,0.9467509984970093,34,nan,0,nan,0
713,2920448,52902.4,55.7,39.14,34.36,30,0.375,111,0.7567567567567568,194,151,22,17,4,0,0,124,-4.140831333457886,20.52061855670103,0.23569047451019287,-0.012206969782710075,0.9712967872619629,-0.02944976750295609,26.06539252996445,0.7939436852931976,0.13800330217927695,0.040161686527426355,0.329443359375,24.28456802368164,-2.2118911147117615e-09,0.45427197217941284,8.137154554759467e-05,-1.2207356691360474,0.22798585891723633,2473,0.531400203704834,1587,1.8589333295822144,36,nan,0,nan,0
714,2924544,52976.4,55.7,39.16,34.42,30,0.375,310,0.7258064516129032,199,141,30,25,3,0,0,104,-4.08206536703005,21.0,0.16003429889678955,-0.012045416980981827,0.9771619439125061,-0.033983895019628105,30.246567523479463,0.7918964982032776,0.1352068206295371,0.04186895215243567,0.308447265625,21.530778217315675,-7.566995918750763e-10,0.4005588889122009,8.1064483111566e-05,-1.2211644649505615,0.2207971215248108,2370,0.558687150478363,1675,1.357998251914978,51,nan,0,nan,0
715,2928640,53050.6,55.6,39.33,34.37,30,0.375,510,0.7392156862745098,200,152,26,19,3,0,0,118,-4.047460268677795,20.375,0.21251124143600464,-0.01175809744745493,0.9681724905967712,-0.030440681579057126,27.732027769088745,0.7901701509952546,0.13308879612013697,0.05134447209566133,0.345068359375,20.571424674987792,-2.8230715543031693e-09,0.3918575048446655,8.075742067553735e-05,-1.2216668128967285,0.2173328995704651,2428,0.5483335852622986,1651,0.9338262677192688,17,nan,0,nan,0
716,2932736,53124.3,55.9,38.83,34.43,30,0.375,194,0.7422680412371134,196,146,24,24,2,0,0,119,-4.166890521624701,20.755102040816325,0.20166532695293427,-0.012249664403498173,0.9643589854240417,-0.03406748590059579,25.01450698375702,0.7881623983383179,0.14860459100455045,0.0530473528750008,0.29560546875,20.77809715270996,-6.984919309616089e-10,0.5349299907684326,8.045035823950869e-05,-1.2221283912658691,0.21496133506298065,2475,0.6043877005577087,1553,2.1141197681427,68,nan,0,nan,0
717,2936832,53198.5,55.6,39.39,34.34,30,0.375,392,0.7295918367346939,198,142,29,25,2,0,0,104,-4.0231159363216555,20.87878787878788,0.1608595997095108,-0.012438589707016945,0.9658799171447754,-0.03290003181900829,29.0373588681221,0.7864656388759613,0.16445416510105132,0.04442791888868669,0.299169921875,25.09493989944458,-2.2992026060819626e-09,0.4599683880805969,8.014329580348003e-05,-1.222503423690796,0.23029062151908875,2344,0.6077932715415955,1724,1.5009477138519287,28,nan,0,nan,0
718,2940928,53272.8,55.5,39.43,34.4,30,0.375,74,0.8783783783783784,194,153,18,20,3,0,0,128,-4.196228914451084,20.77319587628866,0.24976693093776703,-0.010471761226654053,0.9687339663505554,-0.029512269794940947,24.404496002197266,0.7840681672096252,0.11879716515541076,0.05000319075916195,0.311572265625,21.821057939529418,-1.076841726899147e-09,0.4124186038970947,7.983623336745137e-05,-1.2234175205230713,0.22374963760375977,2489,0.4777378439903259,1593,1.5349414348602295,14,nan,0,nan,0
719,2945024,53347.2,55.4,39.6,34.35,30,0.375,278,0.737410071942446,204,140,34,28,2,0,0,110,-4.149782443533039,20.269607843137255,0.14819979667663574,-0.013691735453903675,0.9683967232704163,-0.02085344952356536,31.936220824718475,0.7809075236320495,0.1735965938307345,0.03175709357892629,0.261767578125,27.199757719039916,-2.6775524020195007e-09,0.47696173191070557,7.95291709314227e-05,-1.2239964008331299,0.21676582098007202,2333,0.6065661907196045,1701,3.30210280418396,62,nan,0,nan,0
720,2949120,53421.8,55.3,39.7,34.34,30,0.375,481,0.760914760914761,203,161,20,22,0,0,0,124,-4.1112913088587835,20.177339901477833,0.255770742893219,-0.012654539197683334,0.9650654792785645,-0.028663209173828363,27.866425251960756,0.7790718257427216,0.143816249538213,0.03614971658826107,0.310302734375,23.560935258865356,-9.022187441587448e-10,0.3577226400375366,7.922210849539405e-05,-1.2243460416793823,0.2223643660545349,2411,0.5639018416404724,1670,2.636761426925659,15,nan,0,nan,0
721,2953216,53495.5,55.9,38.87,34.41,30,0.375,175,0.7314285714285714,206,149,21,31,5,0,0,125,-4.080887096319222,20.02912621359223,0.2017899602651596,-0.011891535483300686,0.964267373085022,-0.03810747882816941,28.9520956158638,0.7774103939533233,0.13656931221485138,0.03857558752788463,0.30419921875,19.56138119697571,-1.8335413187742233e-09,0.41389328241348267,7.891504605936539e-05,-1.2248767614364624,0.21698947250843048,2410,0.5318851470947266,1674,1.3133641481399536,12,nan,0,nan,0
722,2957312,53570.2,55.1,39.89,34.4,30,0.375,377,0.7771883289124668,202,165,17,20,0,0,0,134,-4.3295843424897145,20.400990099009903,0.29554277658462524,-0.011037694290280342,0.9745762944221497,-0.03352700164541602,21.763477849960328,0.7747400224208831,0.12264162264764308,0.047214541872381235,0.332568359375,19.508196067810058,-1.57160684466362e-09,0.4711771011352539,7.860798362333673e-05,-1.2257566452026367,0.21911774575710297,2547,0.5122896432876587,1518,1.3288514614105225,31,nan,0,nan,0
723,2961408,53644.5,55.5,39.44,34.37,30,0.375,60,0.7666666666666667,195,142,33,19,1,0,0,117,-4.174467467463265,20.846153846153847,0.18169689178466797,-0.011649325489997864,0.9725711345672607,-0.02800549198873341,29.197076380252838,0.770924198627472,0.13601623577997088,0.03847959336853819,0.291455078125,23.089566040039063,-1.3969838619232178e-09,0.43635380268096924,7.830092118730807e-05,-1.2266652584075928,0.21520978212356567,2328,0.5239399075508118,1738,1.2377268075942993,30,nan,0,nan,0
724,2965504,53718.3,55.8,38.98,34.38,30,0.375,259,0.7567567567567568,199,150,24,21,3,1,0,128,-4.150178471316993,20.376884422110553,0.2075202763080597,-0.01248173788189888,0.9666410088539124,-0.03052820621524006,30.19563970565796,0.7675454616546631,0.15965942991897464,0.029285498762328645,0.2490234375,25.932526636123658,-3.259629011154175e-09,0.4854530096054077,7.799385875127943e-05,-1.2274250984191895,0.22442123293876648,2411,0.588302731513977,1635,1.6352044343948364,50,nan,0,nan,0
725,2969600,53791.9,56.0,38.72,34.4,30,0.375,454,0.7687224669603524,195,153,27,13,2,0,0,124,-4.167853899776981,21.27179487179487,0.24945910274982452,-0.010704444721341133,0.9705203771591187,-0.0329085752251558,25.59384078979492,0.7651071012020111,0.1239966587163508,0.042529166204622014,0.29853515625,19.35484461784363,-2.3283064365386963e-09,0.4147711992263794,7.768679631525077e-05,-1.227910041809082,0.22058075666427612,2496,0.5364118814468384,1558,0.9978181719779968,42,nan,0,nan,0
726,2973696,53865.8,55.7,39.15,34.37,30,0.375,133,0.7518796992481203,191,142,31,16,2,0,0,129,-4.13374400603741,21.298429319371728,0.18141013383865356,-0.012475596740841866,0.9697823524475098,-0.032856000878382474,30.020613050460817,0.7638893842697143,0.1438908064737916,0.04270465308072744,0.342431640625,20.601037454605102,-1.1932570487260818e-09,0.43677985668182373,7.737973387922211e-05,-1.227990746498108,0.2270108163356781,2329,0.5359262228012085,1720,2.011658191680908,47,nan,0,nan,0
727,2977792,53939.7,55.8,39.02,34.37,30,0.375,329,0.7446808510638298,196,145,29,18,4,0,0,124,-4.133377113023038,20.841836734693878,0.19297586381435394,-0.01190926879644394,0.9651281833648682,-0.036302729370072485,29.304833912849425,0.7628807425498962,0.14116652607917785,0.0403019151679473,0.2935546875,18.96601595878601,-1.979060471057892e-09,0.5184918642044067,7.707267144319345e-05,-1.2285420894622803,0.21770980954170227,2420,0.6083124279975891,1617,1.5803241729736328,59,nan,0,nan,0
728,2981888,54013.6,55.7,39.16,34.35,30,0.375,11,0.7272727272727273,194,144,24,21,5,0,0,122,-4.249869772677109,21.278350515463917,0.20100535452365875,-0.011703789234161377,0.9707841873168945,-0.03312692056642845,28.744710779190065,0.7614427864551544,0.1338690048083663,0.055144486819335724,0.3490234375,18.91790704727173,-2.0081643015146255e-09,0.3981378674507141,7.67656090071648e-05,-1.2285603284835815,0.2179154008626938,2423,0.5405428409576416,1637,1.4675562381744385,36,nan,0,nan,0
729,2985984,54087.7,55.6,39.31,34.37,30,0.375,209,0.722488038277512,198,143,29,23,3,0,0,125,-4.032088107400481,20.42929292929293,0.16532376408576965,-0.012617014348506927,0.9681888222694397,-0.030081676854752003,29.054399216175078,0.7618123888969421,0.14568299409002067,0.04207654004567303,0.307177734375,23.815734577178954,-3.259629011154175e-09,0.5013464689254761,7.645854657113613e-05,-1.228424310684204,0.2198781669139862,2306,0.5472548604011536,1743,1.738600254058838,47,nan,0,nan,0
730,2990080,54161.5,55.8,39.05,34.36,30,0.375,403,0.749379652605459,194,151,27,14,2,0,0,123,-4.090450879526852,20.963917525773194,0.23042434453964233,-0.01318226009607315,0.9705279469490051,-0.028051653876900673,29.492759621143342,0.7618245601654052,0.1675705692730844,0.030138414118846414,0.274169921875,25.148530292510987,-3.812601789832115e-09,0.5015926361083984,7.615148413510747e-05,-1.2285621166229248,0.21797390282154083,2418,0.572422981262207,1616,2.5784947872161865,62,nan,0,nan,0
731,2994176,54235.8,55.5,39.45,34.35,30,0.375,87,0.7931034482758621,196,153,26,16,1,0,0,125,-4.2089939359620505,20.897959183673468,0.2441759556531906,-0.011537866666913033,0.9651281833648682,-0.03666166425682604,27.620789349079132,0.7606737077236175,0.13302100440487266,0.040296099660918114,0.29775390625,18.459093236923216,-9.89530235528946e-10,0.4707932472229004,7.584442169907881e-05,-1.2290124893188477,0.21700796484947205,2475,0.5838881731033325,1592,1.5214208364486694,29,nan,0,nan,0
732,2998272,54309.9,55.6,39.35,34.38,30,0.375,282,0.7801418439716312,195,151,29,14,0,1,0,112,-4.05948115641851,21.23076923076923,0.223771870136261,-0.011445635929703712,0.9702640175819397,-0.025209218356758357,26.993798828125,0.7592450141906738,0.14381134063005446,0.029657132565625945,0.256689453125,24.10207839012146,-1.862645149230957e-09,0.4707823395729065,7.553735926305016e-05,-1.2291704416275024,0.21472600102424622,2387,0.5055556297302246,1642,1.999328374862671,67,nan,0,nan,0
733,3002368,54383.9,55.8,39.01,34.43,30,0.375,483,0.7743271221532091,201,154,28,16,3,0,0,131,-4.092356038015337,20.54726368159204,0.21856297552585602,-0.01148768700659275,0.9596919417381287,-0.027910560322925448,29.918059241771697,0.7591829359531402,0.13657298004254698,0.03821086313255364,0.28056640625,23.546272373199464,-3.7834979593753815e-10,0.5068488121032715,7.52302968270215e-05,-1.2290329933166504,0.20948494970798492,2397,0.5382291078567505,1665,2.179346799850464,34,nan,0,nan,0
734,3006464,54457.9,55.7,39.2,34.35,30,0.375,167,0.8023952095808383,196,157,26,9,4,0,0,134,-4.182841556333268,20.607142857142858,0.2578495144844055,-0.01083768717944622,0.9664102792739868,-0.033121821167878804,23.55409939289093,0.7596002757549286,0.13685648031532766,0.034904372741584665,0.29599609375,20.691224384307862,-1.979060471057892e-09,0.48828357458114624,7.492323439099284e-05,-1.2291412353515625,0.19997131824493408,2394,0.4791041612625122,1636,1.825046181678772,66,nan,0,nan,0
735,3010560,54532.6,55.1,39.93,34.34,30,0.375,367,0.8065395095367848,200,162,22,14,2,0,0,135,-4.212669702273162,20.51,0.2686057388782501,-0.01045251078903675,0.9602156281471252,-0.034590045525692406,24.39059692621231,0.7579647541046143,0.12022913796827198,0.03241277635534061,0.272607421875,20.10530643463135,-1.7171259969472885e-09,0.48773306608200073,7.461617195496418e-05,-1.2298383712768555,0.2089414745569229,2510,0.48849985003471375,1559,1.0642974376678467,27,nan,0,nan,0
736,3014656,54606.8,55.5,39.36,34.38,30,0.375,49,0.9387755102040817,194,153,27,11,3,0,0,127,-4.054046379518746,21.211340206185568,0.24561631679534912,-0.0106199961155653,0.9582265615463257,-0.020207884232513608,25.98882577419281,0.7549433648586273,0.12432034946978092,0.05530691271123942,0.349462890625,21.903912281990053,-3.7834979593753815e-09,0.43214452266693115,7.430910951893552e-05,-1.2305846214294434,0.20580120384693146,2561,0.47312599420547485,1521,1.582440972328186,14,nan,0,nan,0
737,3018752,54681.5,55.2,39.82,34.36,30,0.375,247,0.8259109311740891,198,158,26,13,1,0,0,139,-4.146973730705764,20.68686868686869,0.26599204540252686,-0.011099680326879025,0.9574140310287476,-0.03259342383826151,25.90587033033371,0.7523637294769288,0.12398617416620254,0.042344026266073344,0.290380859375,20.89673249721527,-2.7066562324762344e-09,0.467973530292511,7.400204708290686e-05,-1.2311155796051025,0.207760289311409,2545,0.5043389201164246,1514,1.6644543409347534,37,nan,0,nan,0
738,3022848,54755.6,55.6,39.3,34.38,30,0.375,444,0.7995495495495496,197,151,27,19,0,0,0,118,-4.173768956697549,20.776649746192895,0.2271653264760971,-0.011836452409625053,0.960759162902832,-0.034998241090215744,25.72652671337128,0.7503664374351502,0.14095801440998912,0.04288463824341306,0.277490234375,21.327953004837035,-8.440110832452774e-10,0.5043765902519226,7.36949846468782e-05,-1.2315776348114014,0.2060307413339615,2404,0.5425237417221069,1641,1.7434059381484985,51,nan,0,nan,0
739,3026944,54829.7,55.6,39.32,34.38,30,0.375,125,0.792,193,149,28,16,0,0,0,123,-4.018305238690038,21.33678756476684,0.22621658444404602,-0.011620357632637024,0.9623366594314575,-0.036161473183892665,27.20847582221031,0.7483250021934509,0.1292864140123129,0.04577577453601407,0.3380859375,16.227327394485474,-2.939486876130104e-09,0.46807318925857544,7.338792221084954e-05,-1.2321655750274658,0.2156417965888977,2392,0.5174193382263184,1632,1.5002973079681396,72,nan,0,nan,0
740,3031040,54903.7,55.7,39.11,34.38,30,0.375,320,0.771875,195,148,26,19,2,0,0,122,-4.007736794113285,20.861538461538462,0.21538208425045013,-0.011115865781903267,0.9651371240615845,-0.028143701411318035,25.78489931821823,0.7466537714004516,0.1290664835833013,0.07311905165552161,0.404296875,19.148020648956297,-1.280568540096283e-09,0.42021793127059937,7.308085977482088e-05,-1.2323477268218994,0.2065190225839615,2528,0.49089545011520386,1528,1.7382901906967163,40,nan,0,nan,0
741,3035136,54978.0,55.4,39.53,34.37,30,0.375,4,1.0,196,165,18,11,2,0,0,136,-4.192578954109334,21.0,0.3066467344760895,-0.011535773053765297,0.9738461375236511,-0.03571966332383454,23.423062098026275,0.7459729790687561,0.12375768441706896,0.039981885431916456,0.299169921875,19.1664541721344,-1.2223608791828156e-09,0.36934083700180054,7.277379733879222e-05,-1.2325868606567383,0.2183103859424591,2493,0.520542323589325,1597,2.0191407203674316,6,nan,0,nan,0
742,3039232,55052.4,55.5,39.45,34.41,30,0.375,206,0.7233009708737864,202,145,33,19,5,0,0,117,-4.125130914225099,20.222772277227723,0.18467575311660767,-0.011558164842426777,0.9653312563896179,-0.0309943021973595,33.69755462408066,0.7445142447948456,0.1445075200870633,0.024921879361500032,0.2388671875,28.014356279373168,-2.648448571562767e-09,0.44269245862960815,7.246673490276356e-05,-1.2330607175827026,0.20654012262821198,2408,0.542395293712616,1642,1.8525513410568237,46,nan,0,nan,0
743,3043328,55126.7,55.4,39.5,34.42,30,0.375,408,0.7377450980392157,202,152,26,23,1,0,0,120,-4.176600074340259,20.361386138613863,0.22735154628753662,-0.011929740197956562,0.9612224102020264,-0.031036499375477433,29.359628880023955,0.7421264290809632,0.13786836815997958,0.04685441145265941,0.320263671875,19.82761945724487,-2.9685907065868378e-09,0.47488492727279663,7.21596724667349e-05,-1.2337288856506348,0.21458947658538818,2408,0.562287449836731,1647,1.9645099639892578,41,nan,0,nan,0
744,3047424,55200.4,55.9,38.87,34.4,30,0.375,87,0.735632183908046,191,143,29,17,2,0,0,109,-4.043853023356661,21.465968586387433,0.19625988602638245,-0.012096730060875416,0.9690141081809998,-0.037650585919618604,28.398168551921845,0.7399209380149842,0.13525920594111085,0.038178459556365854,0.3044921875,18.680205392837525,-3.2887328416109085e-09,0.4334424138069153,7.185261003070624e-05,-1.2341856956481934,0.22994890809059143,2383,0.5430790781974792,1688,1.7986160516738892,25,nan,0,nan,0
745,3051520,55274.2,55.9,38.9,34.41,30,0.375,277,0.7653429602888087,190,148,32,10,0,0,0,126,-4.095455746444796,21.55263157894737,0.23001085221767426,-0.010420503094792366,0.9720942378044128,-0.03180927517823875,28.576836454868317,0.7386819899082184,0.12015017215162516,0.031181843113154174,0.277734375,21.973374462127687,-1.5133991837501526e-09,0.3546978831291199,7.154554759467758e-05,-1.2343776226043701,0.21695491671562195,2381,0.4730926752090454,1674,1.0417394638061523,41,nan,0,nan,0
746,3055616,55347.9,56.0,38.77,34.42,30,0.375,461,0.7613882863340564,184,139,31,13,1,0,0,117,-4.226738382592765,21.61413043478261,0.18686839938163757,-0.01184944435954094,0.976482629776001,-0.02846029940992594,34.668993818759915,0.7374691843986512,0.1438002279959619,0.026827829156536608,0.24658203125,26.966817903518677,-8.731149137020111e-10,0.5093228816986084,7.123848515864892e-05,-1.234816312789917,0.22031685709953308,2449,0.5509922504425049,1614,2.0599071979522705,33,nan,0,nan,0
747,3059712,55421.2,56.2,38.43,34.43,30,0.375,141,0.75177304964539,192,141,35,13,2,1,0,119,-4.064320328155052,21.786458333333332,0.1762751340866089,-0.013054478913545609,0.967725396156311,-0.023412941535934807,32.10216349363327,0.7351877331733704,0.23029116969555616,0.05750342645769706,0.291064453125,27.33509793281555,-2.9103830456733704e-09,0.4750262498855591,7.093142272262026e-05,-1.2354707717895508,0.226622074842453,2337,0.6058550477027893,1687,4.256396293640137,72,nan,0,nan,0
748,3063808,55495.8,55.2,39.79,34.36,30,0.375,344,0.7848837209302325,203,164,25,13,1,0,0,135,-4.161357025241673,20.374384236453203,0.28864794969558716,-0.011082824319601059,0.9696891903877258,-0.03608532468788326,25.813641929626463,0.7318523764610291,0.13126279152929782,0.045770183474814985,0.315478515625,20.21624164581299,-3.3178366720676422e-09,0.4151098132133484,7.06243602865916e-05,-1.236501932144165,0.20922961831092834,2402,0.5277773141860962,1677,1.7348495721817017,17,nan,0,nan,0
749,3067904,55569.1,56.2,38.48,34.4,30,0.375,26,0.8076923076923077,194,149,24,17,4,0,0,114,-4.292546406744435,20.871134020618555,0.234452024102211,-0.01214607059955597,0.9700153470039368,-0.037397122744005175,26.46421762704849,0.7281471967697144,0.14050803873687984,0.04606475669279462,0.3123046875,20.048399925231934,-1.367880031466484e-09,0.4811374545097351,7.031729785056294e-05,-1.2373015880584717,0.20911362767219543,2344,0.5452861785888672,1721,2.0663979053497314,31,nan,0,nan,0
750,3072000,55643.3,55.6,39.29,34.37,30,0.375,218,0.8165137614678899,192,157,27,5,3,0,0,133,-4.15619289813607,21.385416666666668,0.28080758452415466,-0.010640853084623814,0.9608094096183777,-0.03866047051269561,25.659444791078567,0.7252349317073822,0.11996913664042949,0.0454032597161131,0.3328125,16.691049146652222,-1.4551915228366852e-09,0.42165815830230713,7.001023541453428e-05,-1.2378594875335693,0.21784663200378418,2501,0.5010263919830322,1579,1.3234763145446777,16,nan,0,nan,0
751,3076096,55717.4,55.6,39.29,34.39,30,0.375,411,0.8126520681265207,193,156,25,9,3,0,0,126,-4.118655354727032,20.99481865284974,0.2707175314426422,-0.011346079409122467,0.9672046899795532,-0.03263315032236278,23.0697933614254,0.7229922115802765,0.13056173380464314,0.03507289500266779,0.274560546875,17.912076663970947,-1.7171259969472885e-09,0.4192115068435669,6.970317297850562e-05,-1.238663673400879,0.21101005375385284,2485,0.535151481628418,1591,1.5219393968582153,20,nan,0,nan,0
752,3080192,55791.8,55.4,39.49,34.39,40,0.5,0,,197,153,24,15,3,2,0,131,-4.050047696279364,21.081218274111674,0.23099510371685028,-0.012797906994819641,0.9676840305328369,-0.026388692669570446,34.27159534692764,0.7198770642280579,0.16161478217691183,0.03845258774235845,0.298681640625,27.266272878646852,4.656612873077393e-10,0.4962621331214905,6.939611054247696e-05,-1.2391955852508545,0.2118798941373825,2340,0.5445065498352051,1709,2.7147393226623535,47,nan,0,nan,0
753,3084288,55865.5,55.9,38.86,34.38,40,0.5,167,0.6047904191616766,183,115,44,21,2,1,0,97,-3.9044567707001745,22.262295081967213,0.03657327592372894,-0.022550692781805992,0.9775108695030212,-0.016871713160071522,38.2458083152771,0.7185529887676239,0.27022534953430294,0.03216909891343676,0.270849609375,38.75615825653076,-1.8917489796876907e-09,0.5142638683319092,6.90890481064483e-05,-1.2393983602523804,0.24331068992614746,2058,0.7519731521606445,1935,2.5943503379821777,103,nan,0,nan,0
754,3088384,55939.0,56.1,38.65,34.41,40,0.5,352,0.6505681818181818,185,128,31,23,1,2,0,100,-4.095553599943986,22.43243243243243,0.11064232140779495,-0.020754298195242882,0.9813346862792969,-0.024706672737374903,32.035655450820926,0.7173384130001068,0.2650592585094273,0.03911848884017673,0.254248046875,29.0002760887146,-2.9103830456733704e-09,0.5944322943687439,6.878198567041964e-05,-1.2398711442947388,0.24340415000915527,2101,0.7104279398918152,1849,2.698139190673828,146,nan,0,nan,0
755,3092480,56012.4,56.1,38.62,34.38,40,0.5,19,0.8421052631578947,179,132,32,9,3,3,0,107,-4.049805955004558,22.575418994413408,0.13028602302074432,-0.020789533853530884,0.9823845028877258,-0.014428294403478504,37.39984557628632,0.7152923166751861,0.33578632669523356,0.04492369687795872,0.26005859375,32.94610748291016,-2.444721758365631e-09,0.5467590093612671,6.847492323439098e-05,-1.2404108047485352,0.2329263836145401,2072,0.8556764125823975,1874,2.8805861473083496,150,nan,0,nan,0
756,3096576,56086.0,56.0,38.72,34.36,40,0.5,203,0.6748768472906403,184,121,31,30,1,1,0,97,-3.8687114684367843,22.293478260869566,0.06862201541662216,-0.020208921283483505,0.9785276055335999,-0.025917110429145396,36.140138149261475,0.7134138703346252,0.29314340781420467,0.031485010535106994,0.238916015625,24.77812256813049,-2.270098775625229e-09,0.5345423221588135,6.816786079836232e-05,-1.2407315969467163,0.22845204174518585,2038,0.7504151463508606,1920,2.1993637084960938,138,nan,0,nan,0
757,3100672,56159.0,56.5,38.14,34.39,40,0.5,388,0.6804123711340206,185,127,30,24,4,0,0,103,-3.961195450833799,22.205405405405404,0.10966421663761139,-0.018611300736665726,0.9849143624305725,-0.02807256638770923,29.730087924003602,0.7126348733901977,0.2536944417282939,0.02992227965296479,0.265673828125,23.230125904083252,-2.561137080192566e-09,0.5701050162315369,6.786079836233366e-05,-1.240837812423706,0.2300443947315216,2090,0.6956196427345276,1866,2.303483009338379,140,nan,0,nan,0
758,3104768,56232.7,55.9,38.89,34.38,40,0.5,58,0.5862068965517241,182,132,31,18,0,1,0,112,-4.111389540216587,22.428571428571427,0.1410166621208191,-0.021042071282863617,0.9851813912391663,-0.026043494418263435,35.73089015483856,0.7116847038269043,0.275760611332953,0.031154423429688903,0.27001953125,26.05321259498596,-2.444721758365631e-09,0.5148040652275085,6.7553735926305e-05,-1.241283655166626,0.24406342208385468,2067,0.7657133340835571,1927,2.102538824081421,102,nan,0,nan,0
759,3108864,56306.4,55.9,38.84,34.41,40,0.5,243,0.6625514403292181,185,127,33,18,3,4,0,103,-3.959647252958096,22.221621621621622,0.07855525612831116,-0.022235915064811707,0.9854257106781006,-0.022670222644228487,36.44709848165512,0.7096536815166473,0.38127067405730486,0.03140329906309489,0.256201171875,27.18189172744751,-1.4551915228366852e-09,0.5978240966796875,6.724667349027634e-05,-1.2417612075805664,0.27780577540397644,2022,0.8891696333885193,1922,2.189169406890869,152,nan,0,nan,0
760,3112960,56380.0,56.0,38.78,34.42,40,0.5,423,0.6666666666666666,180,121,44,12,3,0,0,104,-3.932429980154682,22.81111111111111,0.07979203760623932,-0.020020807161927223,0.9851889610290527,-0.028423878678586333,32.14739497900009,0.7078475773334503,0.2271533495746553,0.024549296364421026,0.224072265625,21.580927038192748,-3.2014213502407074e-10,0.5722094774246216,6.693961105424768e-05,-1.242186427116394,0.2558053433895111,2018,0.7049014568328857,1941,1.529179573059082,137,nan,0,nan,0
761,3117056,56453.6,56.0,38.78,34.4,40,0.5,88,0.6590909090909091,177,121,34,17,4,1,0,100,-3.8335771447950817,23.15819209039548,0.08572252094745636,-0.02045842632651329,0.9788210988044739,-0.020432665711268783,33.72510588169098,0.7063176274299622,0.29030124759301545,0.04110820578644052,0.310302734375,25.838106966018678,-2.5029294192790985e-09,0.5640156269073486,6.663254861821902e-05,-1.2425333261489868,0.25892096757888794,2121,0.7549901604652405,1823,2.365236282348633,152,nan,0,nan,0
762,3121152,56526.0,57.0,37.51,34.4,40,0.5,261,0.6896551724137931,173,122,32,13,4,2,0,92,-3.970538933252918,23.670520231213874,0.11038199067115784,-0.01979663409292698,0.9831761121749878,-0.011809849925339223,33.03365340232849,0.7051549017429352,0.29360598446801306,0.0874538779593422,0.3693359375,24.39435601234436,-2.764863893389702e-09,0.4861997961997986,6.632548618219036e-05,-1.2426947355270386,0.24631325900554657,2183,0.7587310671806335,1814,3.6114656925201416,99,nan,0,nan,0
763,3125248,56600.0,55.8,39.08,34.37,40,0.5,441,0.7120181405895691,180,134,22,16,8,0,0,115,-3.9239870878383756,22.333333333333332,0.16203120350837708,-0.017737597227096558,0.9834014177322388,-0.022704608808271586,31.407035326957704,0.7047692596912384,0.22515836134552955,0.02950462052394869,0.283154296875,25.99641571044922,-1.367880031466484e-09,0.5456235408782959,6.60184237461617e-05,-1.242841362953186,0.2499856948852539,2142,0.6659806966781616,1856,1.6398686170578003,98,nan,0,nan,0
764,3129344,56673.9,55.8,39.02,34.42,40,0.5,114,0.6491228070175439,185,117,39,26,2,1,0,101,-3.8273346021890284,22.545945945945945,0.04817316681146622,-0.018730003386735916,0.977755069732666,-0.026710822922177614,34.135768628120424,0.7038689970970153,0.25669301906600595,0.023778026291984132,0.23466796875,24.559859657287596,8.731149137020111e-11,0.4970390200614929,6.571136131013307e-05,-1.2431339025497437,0.22686931490898132,2004,0.6492149829864502,1984,2.709726572036743,108,nan,0,nan,0
765,3133440,56747.5,56.0,38.81,34.37,40,0.5,296,0.668918918918919,182,124,43,13,1,1,0,102,-3.935846277833571,22.5,0.08314839005470276,-0.018130362033843994,0.9818599820137024,-0.03156671256292611,30.85184062719345,0.7024333357810975,0.22156790401786566,0.02408580503833946,0.222509765625,20.605368518829344,-1.280568540096283e-09,0.582571804523468,6.54042988741044e-05,-1.2436541318893433,0.23061855137348175,2073,0.680229127407074,1935,2.0179996490478516,88,nan,0,nan,0
766,3137536,56821.5,55.7,39.12,34.39,40,0.5,480,0.6875,184,132,30,19,3,0,0,104,-4.033243322591099,22.277173913043477,0.13362272083759308,-0.017808783799409866,0.9759713411331177,-0.03122982191853225,31.40204898118973,0.6995776355266571,0.2408427342772484,0.040617883668164725,0.252001953125,18.238040590286253,-2.8812792152166367e-09,0.5602474808692932,6.509723643807575e-05,-1.244468331336975,0.23944967985153198,2216,0.664172351360321,1778,2.7977519035339355,102,nan,0,nan,0
767,3141632,56895.6,55.6,39.28,34.38,40,0.5,160,0.7375,192,144,25,19,3,1,0,117,-3.9476712862047822,21.317708333333332,0.18677087128162384,-0.015559493564069271,0.9733606576919556,-0.02878777664154768,29.334619021415712,0.6973262071609497,0.18555961456149817,0.02266324894881109,0.223828125,25.02453556060791,2.9103830456733704e-11,0.5168961882591248,6.479017400204709e-05,-1.2446906566619873,0.22323429584503174,2277,0.597369372844696,1746,1.5247306823730469,73,nan,0,nan,0
768,3145728,56969.7,55.6,39.3,34.38,40,0.5,351,0.7236467236467237,191,136,33,21,1,0,0,106,-3.975112186534156,21.460732984293195,0.14223076403141022,-0.01656467840075493,0.9777208566665649,-0.030538211204111577,29.428033709526062,0.6969080686569213,0.2318494874984026,0.025731227461074015,0.223828125,24.179848790168762,-1.8335413187742233e-09,0.5434492826461792,6.448311156601843e-05,-1.244728446006775,0.22260721027851105,2175,0.6273909211158752,1841,2.6115965843200684,80,nan,0,nan,0
769,3149824,57043.0,56.1,38.54,34.41,40,0.5,26,0.7307692307692307,187,131,32,18,4,2,0,112,-4.0878161554656,21.877005347593585,0.1053343340754509,-0.018475394695997238,0.9762087464332581,-0.02678915821015835,36.09338960647583,0.6965509176254272,0.24114978993311526,0.03167421423422638,0.266455078125,26.205739164352416,-2.561137080192566e-09,0.5615391731262207,6.417604912998977e-05,-1.2448749542236328,0.20855623483657837,2057,0.6098530292510986,1890,2.23435115814209,149,nan,0,nan,0
770,3153920,57116.6,56.0,38.8,34.37,40,0.5,209,0.6650717703349283,183,120,38,22,3,0,0,102,-4.191113589252181,22.327868852459016,0.08137359470129013,-0.019270990043878555,0.9849220514297485,-0.025492055248469113,32.59923052787781,0.6959974884986877,0.21837601028382778,0.0400047767572687,0.255322265625,21.827481269836426,-1.5425030142068863e-09,0.5226606130599976,6.38689866939611e-05,-1.2450482845306396,0.24521397054195404,2192,0.744179904460907,1817,1.9683055877685547,87,nan,0,nan,0
771,3158016,57190.5,55.8,38.98,34.41,40,0.5,395,0.6632911392405063,186,123,41,19,2,1,0,99,-4.068245934238762,22.241935483870968,0.07724981009960175,-0.018645888194441795,0.9780051112174988,-0.02603571384679526,32.30360873937607,0.6945349395275116,0.2441116907633841,0.04076904585963348,0.285400390625,25.37805047035217,-2.1827872842550278e-09,0.5410657525062561,6.356192425793245e-05,-1.2456179857254028,0.2543041408061981,2163,0.6594195365905762,1818,2.4450016021728516,115,nan,0,nan,0
772,3162112,57264.1,56.0,38.77,34.41,40,0.5,62,0.6935483870967742,179,122,32,22,3,0,0,102,-3.9600591809006764,22.16759776536313,0.09767818450927734,-0.018919602036476135,0.9788103103637695,-0.02429505155887455,31.924516701698302,0.6926505327224731,0.22164173647761345,0.039102295154589226,0.302099609375,32.316641330718994,-2.6193447411060333e-09,0.5213886499404907,6.325486182190379e-05,-1.245891809463501,0.23953716456890106,2139,0.6817598938941956,1857,1.523018479347229,100,nan,0,nan,0
773,3166208,57337.7,56.1,38.63,34.38,40,0.5,244,0.6721311475409836,182,121,36,21,2,2,0,102,-3.8190924835587827,22.791208791208792,0.06917975842952728,-0.01990455389022827,0.9805825352668762,-0.027854299265891315,36.66462440490723,0.6908788502216339,0.2520392962731421,0.031032896219403482,0.2708984375,23.662879943847656,-3.2014213502407074e-09,0.5282143354415894,6.294779938587513e-05,-1.246631383895874,0.24627569317817688,2037,0.6819455027580261,1900,1.9757909774780273,159,nan,0,nan,0
774,3170304,57410.2,56.8,37.64,34.46,40,0.5,425,0.6588235294117647,181,116,42,20,3,0,0,102,-3.910857483923825,22.795580110497237,0.06052939593791962,-0.017862118780612946,0.9816091656684875,-0.0227057873737067,39.34680042266846,0.6880759239196778,0.24098552148789168,0.03212860145285958,0.277001953125,27.58742775917053,-9.604264050722122e-10,0.4821639657020569,6.264073694984647e-05,-1.2471888065338135,0.24186301231384277,2152,0.6611724495887756,1829,1.8180363178253174,115,nan,0,nan,0
775,3174400,57483.6,56.1,38.59,34.39,40,0.5,93,0.7096774193548387,180,123,36,18,3,0,0,108,-3.8478748745707536,22.594444444444445,0.08594483882188797,-0.02033098042011261,0.9862104058265686,-0.02630668613128364,32.29682819843292,0.6860057651996613,0.25246484354138377,0.031379960257618224,0.25498046875,25.14290060997009,-1.9208528101444244e-09,0.562351644039154,6.233367451381781e-05,-1.2477378845214844,0.24884985387325287,2003,0.7558380365371704,1938,1.821569800376892,155,nan,0,nan,0
776,3178496,57557.5,55.8,39.01,34.39,40,0.5,280,0.6678571428571428,187,121,38,21,6,1,0,103,-4.045720074582512,22.406417112299465,0.07096367329359055,-0.018900901079177856,0.979790210723877,-0.027929787803441287,32.05728485584259,0.6839392304420471,0.23316655484959484,0.03240824635431636,0.263330078125,22.739414739608765,-2.852175384759903e-09,0.5250527858734131,6.202661207778915e-05,-1.2480872869491577,0.24152374267578125,2095,0.6790998578071594,1863,2.104388475418091,138,nan,0,nan,0
777,3182592,57631.1,56.0,38.83,34.37,40,0.5,463,0.6868250539956804,183,131,31,21,0,0,0,104,-3.9234580871524605,21.89071038251366,0.13891297578811646,-0.017766958102583885,0.9777663946151733,-0.02115091138985008,30.04524972438812,0.682787972688675,0.21811584308743476,0.03429544726968743,0.2658203125,24.059602165222167,-1.949956640601158e-09,0.5594609975814819,6.171954964176049e-05,-1.2484573125839233,0.23063483834266663,2054,0.6065646409988403,1913,1.9229575395584106,129,nan,0,nan,0
778,3186688,57704.7,56.0,38.68,34.4,40,0.5,130,0.6461538461538462,179,119,41,15,2,2,0,87,-3.9398882738066776,22.636871508379887,0.04600469022989273,-0.0236824881285429,0.9821291565895081,-0.008414702978916467,44.53530821800232,0.6808573544025421,0.35731179378926753,0.04132121053844458,0.24833984375,34.468621826171876,-2.1827872842550278e-09,0.5697461366653442,6.141248720573183e-05,-1.2490710020065308,0.2633680999279022,1980,0.8667926788330078,1922,2.3428807258605957,194,nan,0,nan,0
779,3190784,57778.3,56.0,38.75,34.43,40,0.5,310,0.6741935483870968,180,125,37,17,0,1,0,99,-3.7513695052102674,22.694444444444443,0.10548435151576996,-0.019467631354928017,0.9823799729347229,-0.022003027563914656,34.613489508628845,0.6784606218338013,0.2869383104145527,0.021560340643918607,0.22685546875,32.01714973449707,-1.5425030142068863e-09,0.5327262878417969,6.110542476970317e-05,-1.2495107650756836,0.23747332394123077,2045,0.716270923614502,1890,2.1120738983154297,161,nan,0,nan,0
780,3194880,57852.5,55.6,39.34,34.37,40,0.5,503,0.7037773359840954,193,145,27,15,5,1,0,111,-3.9281051307394246,21.5440414507772,0.17674371600151062,-0.016070516780018806,0.9774532318115234,-0.027885120618157087,31.05208638906479,0.6773025631904602,0.23212963873520492,0.02638900679012295,0.261083984375,21.039543104171752,-1.9208528101444244e-09,0.5410076379776001,6.079836233367451e-05,-1.2496728897094727,0.21885691583156586,2174,0.6380864977836609,1822,1.7534466981887817,100,nan,0,nan,0
781,3198976,57926.0,56.1,38.66,34.41,40,0.5,171,0.7251461988304093,180,131,26,18,4,1,0,109,-3.875227281749974,22.933333333333334,0.13512149453163147,-0.01775129698216915,0.9846782684326172,-0.03458574053365737,33.63519823551178,0.6765423357486725,0.2364609207957983,0.03285378996515646,0.2505859375,23.47107825279236,-2.6193447411060333e-09,0.5428259968757629,6.049129989764585e-05,-1.2499754428863525,0.2279033064842224,2146,0.6605371832847595,1849,2.844700813293457,101,nan,0,nan,0
782,3203072,57999.6,56.0,38.72,34.4,40,0.5,351,0.7065527065527065,180,124,31,22,1,2,0,102,-3.880707033163928,22.666666666666668,0.10671532154083252,-0.018017565831542015,0.9841675162315369,-0.02232963819988072,31.313886535167693,0.6750113070011139,0.22900619460269808,0.02779469669330865,0.22958984375,24.849693298339844,1.3387762010097504e-09,0.5340847373008728,6.018423746161719e-05,-1.2504220008850098,0.22858653962612152,2118,0.6633524894714355,1864,2.5519816875457764,114,nan,0,nan,0
783,3207168,58072.7,56.4,38.3,34.39,40,0.5,22,0.6363636363636364,183,130,32,21,0,0,0,107,-3.983580759808893,22.415300546448087,0.1252729296684265,-0.017556985840201378,0.9833887219429016,-0.026246599946171047,30.400791251659392,0.673220032453537,0.21115863528102635,0.03062854086601874,0.256103515625,23.623582983016966,-1.6007106751203537e-09,0.5345662832260132,5.987717502558853e-05,-1.250809669494629,0.2355976551771164,2119,0.6302539110183716,1866,1.8771092891693115,111,nan,0,nan,0
784,3211264,58146.3,56.0,38.76,34.4,40,0.5,201,0.6865671641791045,179,124,37,16,1,1,0,94,-3.670518840444247,22.76536312849162,0.0898585170507431,-0.020573534071445465,0.9826397895812988,-0.022449801699258386,38.55197365283966,0.6719296872615814,0.3184884267859161,0.035716472286731006,0.274609375,29.41340227127075,-1.979060471057892e-09,0.47899329662323,5.957011258955987e-05,-1.2510859966278076,0.23922255635261536,2007,0.7415131330490112,1931,2.268951654434204,158,nan,0,nan,0
785,3215360,58220.0,56.0,38.76,34.41,40,0.5,378,0.6957671957671958,177,125,29,20,2,1,0,93,-3.899127451857147,23.27683615819209,0.0961134135723114,-0.019135279580950737,0.9852002859115601,-0.015476962155662476,38.309474325180055,0.6706302285194397,0.2783592211082578,0.03579202822438674,0.25537109375,27.977842712402342,-6.693881005048752e-10,0.4525449872016907,5.926305015353121e-05,-1.2515302896499634,0.2492513507604599,1998,0.6721319556236267,1965,3.066005229949951,133,nan,0,nan,0
786,3219456,58293.5,56.1,38.56,34.44,40,0.5,47,0.6382978723404256,181,124,34,21,1,1,0,100,-3.890403835359846,22.81767955801105,0.08806700259447098,-0.018087729811668396,0.9839080572128296,-0.030082107754424214,31.36774400472641,0.668841153383255,0.25114491460844873,0.03284955080889631,0.25947265625,22.637175512313842,-4.2782630771398544e-09,0.5752077102661133,5.895598771750255e-05,-1.2519246339797974,0.23014585673809052,2048,0.6553735136985779,1910,2.1953721046447754,138,nan,0,nan,0
787,3223552,58367.3,55.9,38.95,34.38,40,0.5,231,0.7316017316017316,184,139,25,16,4,0,0,110,-3.9712305170218727,21.85326086956522,0.17807886004447937,-0.016943879425525665,0.976482629776001,-0.027423858450492843,28.99454758167267,0.667229300737381,0.20710086338222028,0.02672636009956477,0.23115234375,23.798671674728393,-7.566995918750763e-10,0.5112311244010925,5.864892528147389e-05,-1.2523612976074219,0.2319239377975464,2163,0.6365007162094116,1870,1.7987768650054932,63,nan,0,nan,0
788,3227648,58441.3,55.7,39.14,34.4,40,0.5,419,0.720763723150358,188,133,32,20,3,0,0,107,-4.003914448739227,21.95744680851064,0.12594470381736755,-0.018652621656656265,0.9785056114196777,-0.023356907680863515,30.74570314884186,0.6653882324695587,0.220058015268296,0.04457536683912622,0.294384765625,20.701591348648073,-2.9103830456733704e-10,0.5523492097854614,5.834186284544523e-05,-1.2528135776519775,0.22556856274604797,2153,0.6654504537582397,1787,1.9499950408935547,156,nan,0,nan,0
789,3231744,58515.1,55.9,38.91,34.42,40,0.5,90,0.7333333333333333,183,135,24,21,2,1,0,103,-3.8694602072171587,22.202185792349727,0.15793681144714355,-0.01627270132303238,0.9749552607536316,-0.025554174941498788,32.3845463514328,0.6638209521770477,0.21889893971383573,0.02504057686892338,0.2310546875,25.271161198616028,-2.1827872842550278e-09,0.4945128560066223,5.803480040941657e-05,-1.253132700920105,0.2165389358997345,2204,0.575543224811554,1775,2.410466194152832,117,nan,0,nan,0
790,3235840,58588.6,56.0,38.65,34.45,40,0.5,275,0.7527272727272727,185,141,24,17,3,0,0,99,-3.8643980708264505,22.05945945945946,0.18615174293518066,-0.01732456311583519,0.9826131463050842,-0.028190401627216487,24.49130150079727,0.6632048487663269,0.2031762353144586,0.040271836951433215,0.28955078125,19.347275686264037,-2.9685907065868378e-09,0.5653905868530273,5.772773797338791e-05,-1.2531205415725708,0.23726314306259155,2016,0.6270604729652405,1952,1.7540072202682495,128,nan,0,nan,0
791,3239936,58662.0,56.1,38.55,34.41,40,0.5,454,0.7312775330396476,179,125,27,22,3,2,0,104,-4.0060761321374745,22.83240223463687,0.10759927332401276,-0.017760898917913437,0.9834056496620178,-0.014705485524609685,47.483313417434694,0.6631246209144592,0.42671092581003905,0.03170166002091719,0.294921875,30.1888897895813,-1.6589183360338211e-09,0.4639435410499573,5.742067553735925e-05,-1.2531712055206299,0.23408055305480957,2181,0.5812578797340393,1742,3.8219430446624756,173,nan,0,nan,0
792,3244032,58735.5,56.1,38.64,34.43,40,0.5,124,0.6774193548387096,182,127,32,20,2,1,0,96,-3.947419401999091,22.934065934065934,0.10754191130399704,-0.018273256719112396,0.9803270101547241,-0.02747066260781139,31.95624053478241,0.6625825107097626,0.24639007411897182,0.024894071322341914,0.225341796875,26.83173656463623,-3.3760443329811096e-09,0.6017886400222778,5.711361310133059e-05,-1.253494143486023,0.2297101616859436,2117,0.699472963809967,1814,1.7133283615112305,165,nan,0,nan,0
793,3248128,58809.3,55.8,38.94,34.4,40,0.5,302,0.7284768211920529,178,136,21,14,7,0,0,111,-3.81285846851144,23.0,0.16946640610694885,-0.016964141279459,0.9800918698310852,-0.024452077224850655,29.99629752635956,0.6613048374652862,0.2316568398848176,0.018550845210847912,0.175830078125,32.76916952133179,-2.35741026699543e-09,0.4954761862754822,5.680655066530193e-05,-1.2536954879760742,0.24591653048992157,2199,0.6830621361732483,1797,1.591232419013977,100,nan,0,nan,0
794,3252224,58882.4,56.3,38.32,34.4,40,0.5,477,0.7023060796645703,175,115,31,27,1,1,0,90,-3.9250781485620387,23.234285714285715,0.054608143866062164,-0.019754469394683838,0.979341983795166,-0.018723098654299976,34.46990414857864,0.660360062122345,0.23516927482560276,0.018490311616915278,0.1990234375,33.049190521240234,-2.561137080192566e-09,0.5722438097000122,5.649948822927327e-05,-1.2540960311889648,0.23207631707191467,2037,0.652094304561615,1909,1.9888921976089478,150,nan,0,nan,0
795,3256320,58956.4,55.7,39.14,34.39,40,0.5,141,0.6808510638297872,176,119,33,22,2,0,0,102,-3.7336807022631135,23.079545454545453,0.0767478495836258,-0.016807883977890015,0.9762755036354065,-0.024713482707738876,33.14544432163238,0.6581954300403595,0.19997932892292739,0.028156732438947073,0.265087890625,29.464128065109254,-2.3865140974521637e-09,0.49944835901260376,5.619242579324461e-05,-1.2546806335449219,0.23706626892089844,2210,0.614850640296936,1802,2.183175802230835,84,nan,0,nan,0
796,3260416,59030.5,55.7,39.17,34.43,40,0.5,327,0.7033639143730887,186,134,30,21,1,0,0,113,-4.086237269784669,22.50537634408602,0.14214849472045898,-0.01846463605761528,0.9803069233894348,-0.028406489465851337,29.889523220062255,0.655991381406784,0.2291275082156062,0.02672595806507161,0.241064453125,24.598547220230103,-1.280568540096283e-09,0.5692386627197266,5.588536335721595e-05,-1.25518000125885,0.24018515646457672,2077,0.6624316573143005,1874,1.6849088668823242,145,nan,0,nan,0
797,3264512,59104.6,55.5,39.36,34.39,40,0.5,2,1.0,187,136,26,21,3,1,0,108,-3.925366967217924,21.705882352941178,0.15673547983169556,-0.017726702615618706,0.979022741317749,-0.019968372071161866,37.064546179771426,0.6544523000717163,0.27622773190960287,0.04365798946964787,0.3185546875,28.149037742614745,6.111804395914078e-10,0.49467724561691284,5.557830092118729e-05,-1.2554643154144287,0.21833057701587677,2225,0.6586881279945374,1753,3.1370270252227783,118,nan,0,nan,0
798,3268608,59178.5,55.8,39.02,34.42,40,0.5,187,0.7272727272727273,185,134,30,19,1,1,0,105,-3.928341117434547,22.227027027027027,0.1336294412612915,-0.020895905792713165,0.977755069732666,-0.03056933918269351,27.563198816776275,0.6531265497207641,0.2735624350607395,0.04121480456815334,0.2890625,19.323939514160156,-1.6589183360338211e-09,0.6289415955543518,5.527123848515863e-05,-1.2558926343917847,0.21697521209716797,2028,0.7379385232925415,1890,2.4411447048187256,178,nan,0,nan,0
799,3272704,59252.1,56.0,38.72,34.43,40,0.5,365,0.7561643835616438,178,140,26,10,1,1,0,108,-3.84605018460739,22.758426966292134,0.1979292929172516,-0.018384823575615883,0.9834098815917969,-0.01693997092079371,28.657336616516112,0.6515657067298889,0.2403368754312396,0.05406971010088455,0.307958984375,24.582906579971315,-1.2223608791828156e-09,0.5779373645782471,5.496417604912997e-05,-1.2561280727386475,0.24532704055309296,2186,0.6622288823127747,1746,2.5673303604125977,164,nan,0,nan,0
800,3276800,59325.5,56.1,38.61,34.38,40,0.5,35,0.7714285714285715,182,129,31,16,2,4,0,107,-3.858751085356859,22.39010989010989,0.11175671219825745,-0.02009308524429798,0.979049563407898,-0.020734636578708887,39.82429119348526,0.6511710703372955,0.29350536931306126,0.027951939980266616,0.232763671875,31.231714057922364,-2.3283064365386963e-10,0.5776563882827759,5.465711361310131e-05,-1.2562119960784912,0.22184573113918304,2069,0.673574686050415,1842,3.0070149898529053,185,nan,0,nan,0
801,3280896,59399.7,55.6,39.27,34.36,40,0.5,220,0.7818181818181819,185,145,24,12,4,0,0,122,-3.7574343208772634,22.475675675675674,0.19564683735370636,-0.017771996557712555,0.9741753935813904,-0.025461005768738686,29.00336538553238,0.6505431830883026,0.2557163336314261,0.018750752713822295,0.187109375,24.47587308883667,-7.8580342233181e-10,0.4731307029724121,5.435005117707265e-05,-1.2564105987548828,0.2569190263748169,2199,0.6920866966247559,1790,1.8686645030975342,107,nan,0,nan,0
802,3284992,59473.6,55.7,39.14,34.39,40,0.5,405,0.7802469135802469,185,144,25,14,2,0,0,114,-3.9887120442820168,21.85945945945946,0.20989400148391724,-0.016046131029725075,0.971362829208374,-0.033506988734006884,24.880389738082886,0.6492931306362152,0.19142096815630794,0.04295797201921232,0.2990234375,17.642909717559814,-2.0954757928848267e-09,0.5013306140899658,5.404298874104399e-05,-1.2568882703781128,0.2286933809518814,2326,0.6385692954063416,1733,1.3480948209762573,37,nan,0,nan,0
803,3289088,59547.3,56.0,38.74,34.44,40,0.5,77,0.8051948051948052,184,143,32,7,2,0,0,115,-3.8685799441416204,22.342391304347824,0.2127876579761505,-0.01500636711716652,0.9777607321739197,-0.034558899444527925,27.809066021442412,0.6470308065414428,0.16770068230107427,0.027019528398523108,0.25078125,21.97153820991516,-9.313225746154785e-10,0.46417635679244995,5.3735926305015364e-05,-1.257498025894165,0.20864585041999817,2266,0.5484359860420227,1784,1.3138933181762695,46,nan,0,nan,0
804,3293184,59620.9,56.0,38.81,34.39,40,0.5,257,0.7509727626459144,180,131,31,13,5,0,0,113,-3.9316209087867984,23.06111111111111,0.13829785585403442,-0.017818987369537354,0.9780387878417969,-0.026038866303861142,30.607521259784697,0.6444232761859894,0.21095501743257045,0.03958125153440051,0.299267578125,18.865308666229247,-2.3865140974521637e-09,0.5038691759109497,5.3428863868986704e-05,-1.2581380605697632,0.22635526955127716,2125,0.65635085105896,1846,1.6226284503936768,125,nan,0,nan,0
805,3297280,59694.4,56.1,38.56,34.44,40,0.5,436,0.7545871559633027,179,136,21,20,0,2,0,111,-3.904331874249454,22.502793296089386,0.1619369089603424,-0.01911051943898201,0.9739596843719482,-0.015443816804327071,27.714810478687287,0.642583692073822,0.24862982723861932,0.0772333883040119,0.305712890625,21.891411066055298,-9.022187441587448e-10,0.6022243499755859,5.3121801432958045e-05,-1.2584269046783447,0.21657653152942657,2195,0.7010067105293274,1790,2.645843744277954,111,nan,0,nan,0
806,3301376,59767.6,56.3,38.34,34.41,40,0.5,106,0.7830188679245284,182,139,25,14,4,0,0,108,-3.8935502521183105,22.796703296703296,0.18589776754379272,-0.016820665448904037,0.9734287261962891,-0.03237086646258831,27.468835401535035,0.6411659955978394,0.20278678089380264,0.03701638245547656,0.276708984375,21.084969663619994,-1.979060471057892e-09,0.4999094009399414,5.2814738996929385e-05,-1.258879542350769,0.22705185413360596,2178,0.6212623119354248,1844,2.240497589111328,74,nan,0,nan,0
807,3305472,59841.5,55.7,39.06,34.41,40,0.5,288,0.7256944444444444,182,126,30,24,2,0,0,100,-4.092137683787898,22.39010989010989,0.10888656973838806,-0.019207298755645752,0.983648419380188,-0.0190413853735663,33.31431159973145,0.639433479309082,0.32075560707598927,0.0391443533153506,0.265087890625,26.116958808898925,-2.735760062932968e-09,0.5304208993911743,5.2507676560900725e-05,-1.2593375444412231,0.23980821669101715,2077,0.8055858612060547,1934,2.133770704269409,85,nan,0,nan,0
808,3309568,59915.0,56.1,38.56,34.4,40,0.5,469,0.7078891257995735,181,123,32,19,5,2,0,104,-3.9679511472267186,22.679558011049725,0.08676151931285858,-0.021033361554145813,0.9836525917053223,-0.013816722529008984,32.183187341690065,0.6374345123767853,0.40499398168176415,0.09107077359803953,0.338232421875,24.107385635375977,-1.6298145055770874e-09,0.5922097563743591,5.2200614124872065e-05,-1.2598183155059814,0.22876954078674316,2047,0.8122850656509399,1888,3.5992271900177,161,nan,0,nan,0
809,3313664,59988.4,56.1,38.62,34.43,40,0.5,139,0.7122302158273381,182,128,28,22,4,0,0,108,-3.977313939360388,22.478021978021978,0.12935158610343933,-0.019256599247455597,0.9851813912391663,-0.025388223119080067,29.01973525285721,0.6357389390468597,0.2250682132318616,0.039043354720342906,0.31064453125,28.17487201690674,-2.6193447411060333e-09,0.49395614862442017,5.1893551688843405e-05,-1.2601486444473267,0.23893678188323975,2199,0.7167218327522278,1837,1.3703817129135132,60,nan,0,nan,0
810,3317760,60061.9,56.1,38.61,34.43,40,0.5,320,0.709375,181,128,32,18,1,2,0,109,-3.7553688761183284,22.43646408839779,0.12003050744533539,-0.01849563978612423,0.9800766110420227,-0.02739568005781621,31.38699827194214,0.6347446501255035,0.2548037312924862,0.04598809699091362,0.278857421875,21.959472370147704,-2.0081643015146255e-09,0.5642403960227966,5.1586489252814745e-05,-1.2603464126586914,0.2297917753458023,2026,0.6976798176765442,1939,2.555826425552368,131,nan,0,nan,0
811,3321856,60135.3,56.1,38.54,34.41,40,0.5,507,0.7199211045364892,187,138,23,20,4,2,0,109,-4.138771062371766,22.101604278074866,0.1572604477405548,-0.017696861177682877,0.977232038974762,-0.022387490421533585,30.925427067279816,0.6339975595474243,0.29181358199566604,0.04313094258541241,0.252490234375,23.797257709503175,-3.14321368932724e-09,0.5392043590545654,5.1279426816786085e-05,-1.2605504989624023,0.22101645171642303,2148,0.6774935126304626,1825,3.017401933670044,123,nan,0,nan,0
812,3325952,60209.0,55.9,38.92,34.38,40,0.5,179,0.7150837988826816,184,131,31,16,4,2,0,96,-3.899503059948922,22.342391304347824,0.11681365221738815,-0.019377097487449646,0.9826176166534424,-0.02331846326123923,37.41930882930755,0.6328768193721771,0.2616298967972398,0.025713656799052843,0.247265625,23.520494556427003,-2.473825588822365e-09,0.5190703868865967,5.0972364380757425e-05,-1.2609002590179443,0.22854842245578766,2091,0.675517201423645,1828,2.226640224456787,177,nan,0,nan,0
813,3330048,60282.6,56.1,38.68,34.39,40,0.5,361,0.7091412742382271,182,128,26,23,4,1,0,104,-3.800633542224652,22.565934065934066,0.10705877840518951,-0.018752239644527435,0.9739397168159485,-0.022149795817676933,33.85404243469238,0.6315303981304169,0.31563123073428867,0.05695671808935003,0.243310546875,24.697788047790528,-1.076841726899147e-09,0.5388078689575195,5.0665301944728765e-05,-1.261223316192627,0.24014851450920105,2080,0.7724489569664001,1923,2.083658456802368,93,nan,0,nan,0
814,3334144,60356.7,55.6,39.29,34.41,40,0.5,34,0.7058823529411765,185,133,28,23,1,0,0,112,-3.975876604532488,21.924324324324324,0.15175193548202515,-0.016681276261806488,0.977755069732666,-0.020305331039708108,30.10037306547165,0.6303070485591888,0.2459608806297183,0.052656163957726675,0.279052734375,27.938057947158814,-2.3865140974521637e-09,0.5207326412200928,5.0358239508700106e-05,-1.2614789009094238,0.23367518186569214,2263,0.677305281162262,1760,2.2576215267181396,73,nan,0,nan,0
815,3338240,60430.3,56.0,38.69,34.41,40,0.5,219,0.7123287671232876,185,132,29,22,1,1,0,113,-4.0981730165455055,22.38918918918919,0.13945873081684113,-0.018216770142316818,0.9795448780059814,-0.021626990090589972,32.28478739261627,0.6294328093528747,0.23338626753538846,0.048030149868282024,0.281201171875,23.185456705093383,-2.066371962428093e-09,0.5289726257324219,5.0051177072671446e-05,-1.2616848945617676,0.20935732126235962,2121,0.6599748730659485,1809,2.3684494495391846,166,nan,0,nan,0
816,3342336,60504.1,55.9,38.94,34.39,40,0.5,397,0.7002518891687658,178,122,39,16,1,0,0,103,-3.9686040529321662,22.84269662921348,0.09371335804462433,-0.019048893824219704,0.979836642742157,-0.023873715940862895,34.80260865688324,0.628398460149765,0.2881582399830222,0.02825383291055914,0.252490234375,26.527568769454955,-2.3283064365386963e-09,0.4979671835899353,4.9744114636642786e-05,-1.2620199918746948,0.2345925122499466,2184,0.7314029932022095,1832,3.4307007789611816,80,nan,0,nan,0
817,3346432,60577.9,55.8,39.0,34.39,40,0.5,65,0.8307692307692308,180,141,20,18,1,0,0,122,-3.6875896689875853,22.616666666666667,0.20245666801929474,-0.015555408783257008,0.9818692803382874,-0.02672537639737129,28.214042401313783,0.6273031592369079,0.19072865238413214,0.018647616521047895,0.188525390625,30.189692544937134,-1.9208528101444244e-09,0.49461472034454346,4.9437052200614126e-05,-1.2621872425079346,0.22211934626102448,2132,0.6047735810279846,1864,1.953839898109436,100,nan,0,nan,0
818,3350528,60651.3,56.1,38.67,34.37,40,0.5,239,0.7322175732217573,174,121,29,18,3,3,0,94,-3.921439094007324,23.522988505747126,0.08408437669277191,-0.019766373559832573,0.9806221127510071,-0.022513657552190126,41.75144649744034,0.6266144871711731,0.24225774398073555,0.03627975196432089,0.265478515625,30.143109464645384,-1.862645149230957e-09,0.491923451423645,4.9129989764585466e-05,-1.2623940706253052,0.23633448779582977,2047,0.710772693157196,1877,1.9598307609558105,172,nan,0,nan,0
819,3354624,60725.0,55.9,38.82,34.4,40,0.5,423,0.7423167848699763,184,139,20,18,6,1,0,114,-3.8306157245299004,22.266304347826086,0.17593422532081604,-0.016477366909384727,0.9813394546508789,-0.030362504057120532,32.0772687792778,0.6258084774017334,0.20657488368451596,0.020173636365507265,0.205322265625,23.836945676803587,-2.444721758365631e-09,0.44593721628189087,4.8822927328556806e-05,-1.2625885009765625,0.2355225682258606,2065,0.5834699869155884,1915,1.6994822025299072,116,nan,0,nan,0
820,3358720,60798.4,56.1,38.59,34.37,40,0.5,96,0.7083333333333334,185,131,36,16,2,0,0,105,-3.9886941040308876,22.427027027027027,0.1314244270324707,-0.016744228079915047,0.9821017384529114,-0.01920011544134468,28.751648831367493,0.6251733064651489,0.2119300992228091,0.03970980741578387,0.231494140625,22.20776696205139,-2.648448571562767e-09,0.5564830303192139,4.8515864892528146e-05,-1.2627121210098267,0.21526001393795013,2088,0.6608361005783081,1896,2.23116135597229,112,nan,0,nan,0
821,3362816,60871.9,56.1,38.67,34.37,40,0.5,275,0.7454545454545455,179,137,25,13,3,1,0,117,-4.138515730751915,22.40223463687151,0.16897225379943848,-0.0172346830368042,0.9849374294281006,-0.02429354265332222,31.37204427719116,0.6246314108371734,0.22542526330798865,0.02892817644315073,0.268212890625,26.551667547225954,-3.550667315721512e-09,0.5254896879196167,4.8208802456499486e-05,-1.2628607749938965,0.23753021657466888,2263,0.6476817727088928,1740,2.067833185195923,93,nan,0,nan,0
822,3366912,60945.5,56.0,38.84,34.36,40,0.5,461,0.7505422993492408,186,141,28,11,4,2,0,115,-3.90697388916052,22.177419354838708,0.17920182645320892,-0.017061375081539154,0.9803069233894348,-0.02542470970656723,30.315781342983247,0.6239640951156616,0.22576150801032782,0.026626528149063234,0.245263671875,24.544874906539917,-1.7171259969472885e-09,0.5181642174720764,4.7901740020470827e-05,-1.2630189657211304,0.2277040332555771,2191,0.6403706073760986,1823,2.5236923694610596,82,nan,0,nan,0
823,3371008,61018.7,56.3,38.3,34.4,40,0.5,132,0.7803030303030303,183,137,26,19,1,0,0,114,-3.9824974407159695,22.37704918032787,0.1752743124961853,-0.01692064478993416,0.9795553088188171,-0.02420888564083725,32.31252565383911,0.6229340732097626,0.2613081006333232,0.040360101439000574,0.300146484375,24.59651861190796,-1.9208528101444244e-09,0.5019533038139343,4.759467758444217e-05,-1.2634118795394897,0.2128310203552246,2200,0.6557039618492126,1807,3.2402892112731934,89,nan,0,nan,0
824,3375104,61093.2,55.3,39.67,34.35,40,0.5,320,0.76875,188,143,23,20,2,0,0,115,-3.946516908864334,22.01595744680851,0.1966029703617096,-0.01627006195485592,0.9795291423797607,-0.025908614252693953,26.08536810874939,0.6214176654815674,0.19351317770779133,0.05515060809702845,0.2861328125,18.47129635810852,-1.367880031466484e-09,0.47189801931381226,4.728761514841351e-05,-1.263739824295044,0.24837535619735718,2268,0.6621399521827698,1777,1.4671491384506226,51,nan,0,nan,0
825,3379200,61166.5,56.2,38.42,34.41,40,0.5,503,0.7514910536779325,183,132,29,20,2,0,0,107,-4.250551442219418,22.19672131147541,0.1523687243461609,-0.01717985048890114,0.9821109175682068,-0.025788308726623653,28.418004858493806,0.6203926861286163,0.21538742678239942,0.023417877974861768,0.21943359375,22.09125609397888,-2.9976945370435715e-09,0.5585321187973022,4.698055271238485e-05,-1.2639288902282715,0.2322305589914322,2247,0.6325735449790955,1744,1.7413820028305054,105,nan,0,nan,0
826,3383296,61240.7,55.6,39.38,34.36,40,0.5,171,0.7543859649122807,180,136,30,12,2,0,0,111,-4.068340538137191,22.927777777777777,0.16691458225250244,-0.018135182559490204,0.9780387878417969,-0.028861558181233704,27.94525945186615,0.619945865869522,0.2418174920603633,0.034598466494935566,0.262060546875,21.663312339782713,-3.259629011154175e-09,0.548324704170227,4.667349027635619e-05,-1.2639728784561157,0.22931209206581116,2172,0.6429876089096069,1800,2.1410017013549805,124,nan,0,nan,0
827,3387392,61314.1,56.1,38.6,34.37,40,0.5,349,0.7392550143266475,178,129,30,15,2,2,0,107,-3.983090682472802,22.735955056179776,0.1391749382019043,-0.01753295212984085,0.9800918698310852,-0.026859593112021685,34.665394520759584,0.6193200051784515,0.2353637303225696,0.032194007420912385,0.28349609375,25.36035885810852,-2.3865140974521637e-09,0.5219613909721375,4.636642784032753e-05,-1.2642803192138672,0.23691973090171814,2143,0.6336660981178284,1853,2.439119338989258,100,nan,0,nan,0
828,3391488,61387.7,56.0,38.73,34.38,40,0.5,19,0.7894736842105263,182,141,27,12,1,1,0,121,-4.027491161801723,22.60989010989011,0.19254320859909058,-0.015976879745721817,0.9775165915489197,-0.027827828130102716,31.674437952041625,0.6181804120540619,0.20201607225462795,0.023040774634864647,0.225439453125,24.325304460525512,-2.153683453798294e-09,0.5210782289505005,4.605936540429887e-05,-1.2644855976104736,0.21704748272895813,2240,0.5626753568649292,1748,2.258172035217285,108,nan,0,nan,0
829,3395584,61461.8,55.6,39.26,34.36,40,0.5,205,0.7365853658536585,186,136,26,21,2,1,0,112,-3.954388103745083,21.946236559139784,0.15147818624973297,-0.017718007788062096,0.9803069233894348,-0.029645224334672093,31.341632747650145,0.617230623960495,0.24538605939596891,0.042635776149109,0.279833984375,20.91718554496765,-2.0081643015146255e-09,0.5598043203353882,4.575230296827021e-05,-1.2648197412490845,0.2203669250011444,2117,0.6263830065727234,1820,2.2434885501861572,159,nan,0,nan,0
830,3399680,61535.8,55.7,39.14,34.38,40,0.5,383,0.7336814621409922,178,130,33,15,0,0,0,117,-3.9209059409502687,23.353932584269664,0.1419166624546051,-0.017045140266418457,0.9816232919692993,-0.029573242575861514,26.93713766336441,0.615615725517273,0.21286382600665094,0.026220561245281715,0.243212890625,23.824832439422607,-2.066371962428093e-09,0.5503715872764587,4.544524053224155e-05,-1.265228033065796,0.2455350160598755,2197,0.6046855449676514,1777,1.7510747909545898,122,nan,0,nan,0
831,3403776,61609.1,56.2,38.48,34.37,40,0.5,49,0.7551020408163265,178,130,32,13,3,0,0,104,-4.076883742328613,22.876404494382022,0.15026195347309113,-0.018789835274219513,0.9841756224632263,-0.03176826372509822,31.82258323431015,0.6146321952342987,0.24624747466295957,0.03530131408333546,0.264990234375,19.388471698760988,-2.9976945370435715e-09,0.48386549949645996,4.513817809621289e-05,-1.2652831077575684,0.2399722784757614,2175,0.7444860339164734,1827,1.5885939598083496,94,nan,0,nan,0
832,3407872,61682.5,56.1,38.6,34.42,40,0.5,229,0.74235807860262,180,133,30,14,3,0,0,104,-3.742852621654117,22.772222222222222,0.1387254297733307,-0.020501233637332916,0.9821246266365051,-0.024175381904933603,31.643232226371765,0.6144889950752258,0.2666171175427735,0.02014205931482138,0.193115234375,22.873191356658936,-2.648448571562767e-09,0.5540224313735962,4.483111566018423e-05,-1.2654151916503906,0.24243322014808655,1957,0.6895655393600464,1984,2.181579351425171,155,nan,0,nan,0
833,3411968,61756.1,56.0,38.81,34.39,40,0.5,406,0.7364532019704434,177,129,27,18,1,2,0,111,-3.9180310594080936,23.062146892655367,0.1254684031009674,-0.017952751368284225,0.9834141135215759,-0.026156207977328448,30.69255919456482,0.6137925803661346,0.2674237726256251,0.02241769603569992,0.209423828125,29.1363205909729,-2.1245796233415604e-09,0.5689237713813782,4.452405322415557e-05,-1.2655377388000488,0.23990188539028168,2165,0.6234060525894165,1800,2.998840093612671,131,nan,0,nan,0
834,3416064,61829.7,56.0,38.72,34.39,40,0.5,76,0.6842105263157895,182,134,28,18,2,0,0,106,-3.835424497487133,22.384615384615383,0.16265618801116943,-0.01759454235434532,0.9803270101547241,-0.02149312124820426,29.215346467494964,0.61339151263237,0.2141856442205608,0.038165385578759016,0.263232421875,28.890869188308717,-1.775333657860756e-09,0.5179719924926758,4.421699078812691e-05,-1.2656370401382446,0.2247336357831955,2119,0.6359423995018005,1899,2.4771101474761963,78,nan,0,nan,0
835,3420160,61903.2,56.1,38.6,34.38,40,0.5,257,0.6964980544747081,181,127,29,24,1,0,0,99,-4.034396981622111,22.895027624309392,0.12413837015628815,-0.016656044870615005,0.9833971858024597,-0.033437631209380925,30.30312622785568,0.6131751418113709,0.2054259899072349,0.026666876404487994,0.2416015625,19.06980276107788,-1.5133991837501526e-09,0.4820307493209839,4.390992835209825e-05,-1.2656433582305908,0.23547863960266113,2167,0.6221081614494324,1817,1.6475622653961182,112,nan,0,nan,0
836,3424256,61976.4,56.4,38.28,34.38,40,0.5,438,0.728310502283105,181,140,23,16,2,0,0,113,-4.051814822293533,22.502762430939228,0.20962928235530853,-0.015895605087280273,0.9765006303787231,-0.03325813463889062,29.5080402135849,0.6127108991146087,0.1835471007041633,0.031120305757212918,0.25546875,22.681788873672485,-3.14321368932724e-09,0.4341111183166504,4.360286591606959e-05,-1.2658977508544922,0.22808535397052765,2190,0.5496323704719543,1829,1.5507307052612305,77,nan,0,nan,0
837,3428352,62049.6,56.2,38.45,34.38,40,0.5,106,0.6981132075471698,180,132,31,14,2,1,0,106,-3.832685040914876,22.65,0.1494254320859909,-0.017042923718690872,0.9808477759361267,-0.025526404113043098,33.063706922531125,0.61166712641716,0.22529620826244354,0.02555234406609088,0.21943359375,25.33707284927368,-3.026798367500305e-09,0.5092869997024536,4.329580348004092e-05,-1.2661538124084473,0.22453086078166962,2103,0.6082759499549866,1866,1.993289828300476,127,nan,0,nan,0
838,3432448,62122.8,56.3,38.38,34.37,40,0.5,281,0.7188612099644128,175,128,30,16,0,1,0,99,-4.094942387234717,23.422857142857143,0.1444043219089508,-0.018533553928136826,0.982912540435791,-0.02892092482652515,28.244236838817596,0.6105347156524659,0.23737666914239525,0.025800522632198408,0.21787109375,23.0888551235199,-1.8917489796876907e-09,0.5458040237426758,4.298874104401226e-05,-1.2664729356765747,0.22139978408813477,2103,0.6557161211967468,1875,1.8921351432800293,118,nan,0,nan,0
839,3436544,62195.8,56.4,38.19,34.42,40,0.5,459,0.7167755991285403,178,127,36,14,1,0,0,104,-4.058439594123768,22.98314606741573,0.14393922686576843,-0.01685376465320587,0.9841756224632263,-0.033178275497630236,32.046618056297305,0.6092858612537384,0.20506182443350554,0.023091295968333723,0.22900390625,19.142009925842284,-2.5902409106492996e-09,0.494809627532959,4.26816786079836e-05,-1.2667993307113647,0.21654967963695526,2134,0.5948498845100403,1846,1.6269148588180542,116,nan,0,nan,0
840,3440640,62269.1,56.3,38.41,34.4,40,0.5,121,0.8016528925619835,174,133,26,12,2,1,0,115,-4.100022920346803,23.482758620689655,0.1610093116760254,-0.018169358372688293,0.9818969964981079,-0.0304840320488438,30.571670722961425,0.6081931531429291,0.22084021400660275,0.03424566417816095,0.28994140625,21.85062289237976,-6.402842700481415e-10,0.5575891733169556,4.237461617195494e-05,-1.2669144868850708,0.22282087802886963,2106,0.6658246517181396,1857,1.9273701906204224,133,nan,0,nan,0
841,3444736,62342.6,56.0,38.73,34.37,40,0.5,301,0.7873754152823921,180,140,28,10,2,0,0,113,-4.101989155306382,22.933333333333334,0.19700506329536438,-0.016390129923820496,0.9772727489471436,-0.030516954930499197,29.539893555641175,0.6080710709095001,0.1986404330469668,0.030617030622670426,0.2412109375,22.064975452423095,-1.367880031466484e-09,0.5356626510620117,4.206755373592628e-05,-1.2669541835784912,0.22130191326141357,2177,0.5905246734619141,1804,1.8568686246871948,115,nan,0,nan,0
842,3448832,62416.1,56.1,38.64,34.43,40,0.5,481,0.7713097713097713,180,134,33,13,0,0,0,115,-3.9098905221023936,22.7,0.15256747603416443,-0.017219359055161476,0.981358528137207,-0.031225636624731122,32.10950918197632,0.6076851487159729,0.23020624481141566,0.03602854105120059,0.2583984375,20.841323947906496,-2.473825588822365e-09,0.525521993637085,4.1760491299897656e-05,-1.2670800685882568,0.21814054250717163,2099,0.6230076551437378,1892,2.309640884399414,105,nan,0,nan,0
843,3452928,62489.4,56.3,38.39,34.39,40,0.5,148,0.7364864864864865,179,131,29,17,2,0,0,111,-3.9728166211333202,22.81564245810056,0.1553843915462494,-0.01652519777417183,0.9831503629684448,-0.030390763515606524,28.875108206272124,0.6071753859519958,0.23903527930378915,0.020707442637649363,0.198291015625,26.315283727645873,-6.402842700481415e-10,0.5048514604568481,4.1453428863868996e-05,-1.2672350406646729,0.23813608288764954,2133,0.6340286731719971,1868,1.64732825756073,95,nan,0,nan,0
844,3457024,62562.7,56.1,38.56,34.42,40,0.5,323,0.7306501547987616,175,127,39,8,1,0,0,105,-4.081012464244304,23.65714285714286,0.13380828499794006,-0.019601164385676384,0.9780668020248413,-0.030750476964749397,30.119235229492187,0.606160581111908,0.25815620757639407,0.023441913948045113,0.219091796875,24.215314865112305,-2.852175384759903e-09,0.5594938397407532,4.1146366427840336e-05,-1.2675549983978271,0.22992898523807526,2155,0.6546875238418579,1829,3.053436279296875,112,nan,0,nan,0
845,3461120,62636.4,56.0,38.79,34.38,40,0.5,505,0.7346534653465346,182,135,28,17,2,0,0,118,-4.024726716551411,22.274725274725274,0.16115400195121765,-0.017770826816558838,0.9759836196899414,-0.02669816226698458,29.56898738145828,0.6049188792705535,0.2514262655749917,0.01861278709693579,0.190185546875,25.62718620300293,-3.987224772572517e-09,0.5092873573303223,4.0839303991811676e-05,-1.2678682804107666,0.24112387001514435,2067,0.6792064309120178,1902,1.8938343524932861,127,nan,0,nan,0
846,3465216,62710.3,55.7,39.08,34.41,40,0.5,175,0.7714285714285715,182,141,29,9,3,0,0,120,-3.897898625300969,22.73076923076923,0.19986818730831146,-0.016109105199575424,0.9810935258865356,-0.03120634504593909,26.667037665843964,0.6037200808525085,0.1876597587019205,0.022831738385139033,0.2173828125,23.475056743621828,-3.4633558243513107e-09,0.4800371527671814,4.0532241555783016e-05,-1.2681514024734497,0.23556873202323914,2175,0.6035006046295166,1835,1.543258547782898,86,nan,0,nan,0
847,3469312,62784.6,55.4,39.5,34.38,40,0.5,360,0.8,185,153,19,9,4,0,0,135,-4.1579086759122905,22.048648648648648,0.27311843633651733,-0.013760566711425781,0.9767323136329651,-0.029223597719101234,24.763047909736635,0.6026638209819793,0.18481923937797545,0.01881429969362216,0.19951171875,25.303667259216308,-2.3283064365386963e-09,0.4119621515274048,4.0225179119754357e-05,-1.2684104442596436,0.2270735204219818,2281,0.5108925700187683,1771,2.618745803833008,44,nan,0,nan,0
848,3473408,62858.6,55.7,39.11,34.36,40,0.5,36,0.75,188,146,27,14,1,0,0,120,-4.021946551955089,21.920212765957448,0.21996498107910156,-0.015876036137342453,0.9823439121246338,-0.02459641988389194,27.430933809280397,0.601696103811264,0.20193247767165304,0.02359572319255676,0.224072265625,25.448738718032835,-2.8812792152166367e-09,0.4530547857284546,3.99181166837257e-05,-1.2686209678649902,0.22032050788402557,2302,0.6045872569084167,1727,1.3047994375228882,67,nan,0,nan,0
849,3477504,62932.0,56.1,38.59,34.38,40,0.5,214,0.7616822429906542,178,136,29,12,1,0,0,114,-4.001562398983339,22.691011235955056,0.19154809415340424,-0.014849815517663956,0.982388973236084,-0.031143301515839994,27.480736005306245,0.6010930955410003,0.1681184995919466,0.026280747118289583,0.246728515625,19.89853434562683,-2.3865140974521637e-09,0.46069806814193726,3.961105424769704e-05,-1.268678903579712,0.23027707636356354,2271,0.5753486156463623,1759,1.1985385417938232,66,nan,0,nan,0
850,3481600,63005.2,56.3,38.39,34.39,40,0.5,393,0.7353689567430025,179,126,36,16,1,0,0,99,-4.0713775402899,23.150837988826815,0.12729071080684662,-0.0169553030282259,0.9816185832023621,-0.02696356358937919,34.28406641483307,0.6005431413650513,0.228898489382118,0.022833035445364656,0.18759765625,26.42731194496155,-2.648448571562767e-09,0.4251396059989929,3.930399181166838e-05,-1.2690505981445312,0.23261088132858276,2165,0.5905200839042664,1854,2.3541946411132812,77,nan,0,nan,0
851,3485696,63079.0,55.9,38.84,34.39,40,0.5,58,0.7413793103448276,177,135,27,11,4,0,0,121,-3.936077426602182,22.740112994350284,0.17831367254257202,-0.016715597361326218,0.977290153503418,-0.025703915767371653,25.940541303157808,0.5986028492450715,0.20645123459398745,0.0265535511134658,0.236328125,26.13864779472351,-2.3865140974521637e-09,0.5375723838806152,3.899692937563972e-05,-1.2695097923278809,0.23244988918304443,2248,0.6296951174736023,1741,2.30475115776062,107,nan,0,nan,0
852,3489792,63152.8,55.8,38.94,34.41,40,0.5,240,0.7208333333333333,182,130,32,18,2,0,0,112,-4.042165810289872,22.60989010989011,0.1541459560394287,-0.016387317329645157,0.9787940979003906,-0.030650701303966344,30.30480577945709,0.5970857441425323,0.19183834753930568,0.02410485276923282,0.2287109375,19.84321608543396,-1.4551915228366852e-09,0.4561540484428406,3.868986693961106e-05,-1.269820213317871,0.22025251388549805,2163,0.591796338558197,1839,1.6148076057434082,94,nan,0,nan,0
853,3493888,63226.1,56.2,38.49,34.4,40,0.5,423,0.7399527186761229,183,140,34,8,1,0,0,122,-3.939788321935683,22.65573770491803,0.1795051097869873,-0.015921108424663544,0.9775108695030212,-0.03270065761171281,24.95547080039978,0.5961430668830872,0.18643636098131539,0.026041234053263907,0.22373046875,19.44834699630737,-2.066371962428093e-09,0.5587153434753418,3.83828045035824e-05,-1.2699692249298096,0.2145720273256302,2228,0.5898483991622925,1787,1.4831628799438477,81,nan,0,nan,0
854,3497984,63299.3,56.3,38.31,34.42,40,0.5,93,0.7419354838709677,182,135,26,16,5,0,0,107,-4.161961535453393,22.34065934065934,0.17194409668445587,-0.01704900711774826,0.9752171635627747,-0.022500318122911266,29.03272819519043,0.5955772817134857,0.21465122820809485,0.03870948161784327,0.283056640625,20.979350566864014,-3.812601789832115e-09,0.4821244478225708,3.807574206755374e-05,-1.2701313495635986,0.21616590023040771,2144,0.6408402919769287,1827,1.560401439666748,125,nan,0,nan,0
855,3502080,63372.8,56.0,38.73,34.41,40,0.5,273,0.7362637362637363,180,132,24,19,5,0,0,107,-4.072900757105148,22.77777777777778,0.16659939289093018,-0.015833411365747452,0.9754852056503296,-0.031195932161062957,28.483913326263426,0.5947307407855987,0.1916365038603544,0.02417932535900036,0.2205078125,19.927587509155273,-5.180481821298599e-09,0.4712679386138916,3.776867963152508e-05,-1.270419955253601,0.22358764708042145,2261,0.5960137844085693,1762,1.6192203760147095,73,nan,0,nan,0
856,3506176,63446.0,56.3,38.33,34.41,40,0.5,448,0.71875,175,121,33,20,1,0,0,100,-3.9316201012766223,23.411428571428573,0.11069110035896301,-0.017921386286616325,0.9813823103904724,-0.024837554385885596,31.116133546829225,0.5934147000312805,0.20584050044417382,0.022958288084191737,0.194287109375,26.49839882850647,-2.3865140974521637e-09,0.48923659324645996,3.746161719549642e-05,-1.270780086517334,0.22372420132160187,2160,0.6352207064628601,1809,1.7166882753372192,127,nan,0,nan,0
857,3510272,63519.0,56.4,38.21,34.43,40,0.5,114,0.6666666666666666,178,123,33,21,1,0,0,100,-3.9110071395212684,23.275280898876403,0.11639557778835297,-0.0177038311958313,0.9795814156532288,-0.03180537214502692,32.65710994005203,0.5919975280761719,0.20807086434215308,0.01840788831177633,0.20673828125,18.5913236618042,-1.280568540096283e-09,0.4400915503501892,3.715455475946776e-05,-1.2711181640625,0.2255936712026596,2027,0.6291073560714722,1986,1.6129308938980103,83,nan,0,nan,0
858,3514368,63592.7,55.9,38.8,34.41,40,0.5,294,0.7244897959183674,180,137,26,14,3,0,0,112,-3.9616039504495584,22.16111111111111,0.19333365559577942,-0.016403282061219215,0.9767619967460632,-0.027112527179997414,27.42526420354843,0.5907970666885376,0.19691059598699212,0.020321094364044258,0.2048828125,23.324083518981933,-1.862645149230957e-09,0.47709381580352783,3.68474923234391e-05,-1.2713301181793213,0.21500058472156525,2286,0.5727975368499756,1710,1.7000561952590942,100,nan,0,nan,0
859,3518464,63666.3,56.0,38.7,34.44,40,0.5,473,0.7230443974630021,179,129,31,18,1,0,0,106,-3.9140415831404027,23.100558659217878,0.13123689591884613,-0.016711875796318054,0.9798315167427063,-0.02943817963823676,31.824719071388245,0.5902673602104187,0.22576993862167,0.023483562967157923,0.218212890625,23.73712887763977,-1.1641532182693481e-09,0.4582139849662781,3.654042988741044e-05,-1.2713890075683594,0.21706075966358185,2140,0.632004976272583,1889,2.545409679412842,67,nan,0,nan,0
860,3522560,63739.8,56.1,38.62,34.39,40,0.5,142,0.7887323943661971,181,140,26,11,4,0,0,110,-4.043187860284299,22.900552486187845,0.19800792634487152,-0.015758706256747246,0.9729246497154236,-0.02696477174758911,26.542562234401704,0.5898268401622773,0.20043306136503816,0.01942965089547215,0.196435546875,20.88686580657959,-1.6007106751203537e-09,0.5273335576057434,3.623336745138178e-05,-1.2716588973999023,0.20963193476200104,2231,0.5971022844314575,1789,2.1791183948516846,76,nan,0,nan,0
861,3526656,63813.2,56.1,38.53,34.42,40,0.5,319,0.768025078369906,177,133,27,15,1,1,0,111,-3.9139992562703414,22.96045197740113,0.17340995371341705,-0.016518112272024155,0.980607271194458,-0.027081448398530484,31.526685225963593,0.5882079303264618,0.25955620110034944,0.025685983059520367,0.214990234375,19.90140857696533,-2.270098775625229e-09,0.5381063222885132,3.592630501535312e-05,-1.272155523300171,0.2267143726348877,2229,0.6254476308822632,1761,2.6119346618652344,106,nan,0,nan,0
862,3530752,63886.7,56.1,38.67,34.4,40,0.5,495,0.7474747474747475,176,125,28,20,3,0,0,100,-3.603986888614927,23.448863636363637,0.12223746627569199,-0.017827946692705154,0.9783163070678711,-0.026939928927458823,30.664282178878786,0.5862937211990357,0.22440522890537978,0.021364475223526823,0.214990234375,25.571146726608276,-4.540197551250458e-09,0.4826263189315796,3.561924257932446e-05,-1.272545576095581,0.23226439952850342,2004,0.6166123747825623,1955,1.8986181020736694,137,nan,0,nan,0
863,3534848,63960.2,56.1,38.66,34.4,40,0.5,162,0.7716049382716049,179,136,26,14,3,0,0,116,-4.118564634310253,22.737430167597765,0.1935907006263733,-0.015426022931933403,0.975236177444458,-0.031109825440216808,26.793144905567168,0.5850042521953582,0.18974323524162173,0.017242471943609415,0.1892578125,23.497302055358887,-1.8044374883174896e-09,0.48230642080307007,3.53121801432958e-05,-1.2728458642959595,0.22073811292648315,2355,0.6266592741012573,1674,1.3555940389633179,67,nan,0,nan,0
864,3538944,64033.8,56.0,38.71,34.39,40,0.5,340,0.7647058823529411,178,135,26,15,2,0,0,112,-3.9693361099072635,22.8876404494382,0.190030038356781,-0.017019212245941162,0.9767738580703735,-0.028796281816903503,26.575163733959197,0.5839498102664947,0.20682901656255126,0.033344714382837995,0.2466796875,21.603347063064575,-3.3760443329811096e-09,0.47514575719833374,3.500511770726714e-05,-1.2730293273925781,0.24860167503356934,2159,0.6572461724281311,1862,1.4790550470352173,75,nan,0,nan,0
865,3543040,64107.2,56.1,38.63,34.41,40,0.5,12,1.0,184,134,29,17,3,1,0,115,-3.878487632647295,22.48913043478261,0.14674422144889832,-0.016489803791046143,0.976482629776001,-0.028181514283642174,30.909726130962373,0.5833441019058228,0.20569803919643165,0.01841367953311419,0.197509765625,22.59074683189392,-2.444721758365631e-09,0.4786137342453003,3.469805527123848e-05,-1.27317476272583,0.22499017417430878,2056,0.5795170068740845,1896,1.8761897087097168,144,nan,0,nan,0
866,3547136,64180.5,56.2,38.43,34.39,40,0.5,188,0.7872340425531915,176,136,19,18,2,1,0,107,-3.708571146827867,22.647727272727273,0.18731807172298431,-0.016676660627126694,0.9801020622253418,-0.030431812861934304,28.37340552806854,0.5828140556812287,0.2117492625489831,0.038319302252784834,0.24892578125,19.354790449142456,-2.4156179279088974e-09,0.5239942669868469,3.439099283520982e-05,-1.2733006477355957,0.20842500030994415,2080,0.5799582600593567,1885,2.4028196334838867,131,nan,0,nan,0
867,3551232,64254.6,55.6,39.22,34.43,40,0.5,377,0.7931034482758621,189,151,23,12,2,1,0,129,-3.8942506821036402,22.116402116402117,0.24256834387779236,-0.014092734083533287,0.9708216190338135,-0.028838090994395316,25.372273290157317,0.5823336005210876,0.1751006686128676,0.023483191677951255,0.228857421875,18.739074563980104,-2.764863893389702e-09,0.47731202840805054,3.408393039918116e-05,-1.27341628074646,0.21076317131519318,2274,0.5576519966125488,1769,1.9884157180786133,53,nan,0,nan,0
868,3555328,64328.3,55.9,38.88,34.45,40,0.5,42,0.7619047619047619,177,139,19,17,2,0,0,110,-3.772542384196439,23.24858757062147,0.20922139286994934,-0.014656121842563152,0.9691247940063477,-0.030443854606710376,25.20419591665268,0.5815617561340332,0.1698751992546022,0.02137278342124773,0.203662109375,18.73924250602722,-2.6193447411060333e-09,0.4872400760650635,3.37768679631525e-05,-1.2737574577331543,0.21862085163593292,2170,0.5404549837112427,1847,1.306739091873169,79,nan,0,nan,0
869,3559424,64401.7,56.1,38.63,34.37,40,0.5,224,0.7366071428571429,182,133,25,22,2,0,0,109,-3.9590139133371705,22.428571428571427,0.16112619638442993,-0.015461459755897522,0.9752171635627747,-0.02647020141594112,28.6553462266922,0.5802282452583313,0.1798491424880922,0.015411031010444276,0.173095703125,24.945235347747804,-2.8812792152166367e-09,0.4537166357040405,3.346980552712384e-05,-1.273987054824829,0.2230895310640335,2243,0.5664330720901489,1786,1.1893898248672485,67,nan,0,nan,0
870,3563520,64475.2,56.1,38.6,34.43,40,0.5,403,0.7468982630272953,179,136,27,14,2,0,0,111,-3.9696682270636963,22.88826815642458,0.189634308218956,-0.013929389417171478,0.976512610912323,-0.028588194935582577,27.99562922716141,0.5793698251247406,0.1640900774858892,0.018186380370752885,0.194189453125,25.363681745529174,-2.2992026060819626e-09,0.42504364252090454,3.316274309109518e-05,-1.2742055654525757,0.21900422871112823,2225,0.5438041687011719,1817,0.9271027445793152,54,nan,0,nan,0
871,3567616,64548.4,56.3,38.36,34.41,40,0.5,70,0.7142857142857143,179,137,27,14,1,0,0,106,-4.011535056380194,22.6536312849162,0.19396483898162842,-0.014079378917813301,0.97625732421875,-0.030454837437719106,27.185120236873626,0.5784313797950744,0.18344268072396516,0.01736292127898196,0.183740234375,22.00024881362915,-2.8230715543031693e-09,0.44893330335617065,3.285568065506652e-05,-1.2744920253753662,0.2343573421239853,2337,0.5659157633781433,1722,0.7821685075759888,37,nan,0,nan,0
872,3571712,64621.9,56.1,38.6,34.43,40,0.5,250,0.708,180,127,34,18,1,0,0,108,-3.8092959732316407,22.955555555555556,0.12849640846252441,-0.017207730561494827,0.9754852056503296,-0.02580984178930521,34.36729384660721,0.5773933708667756,0.20933845778927207,0.01436629778763745,0.157177734375,23.422781944274902,-1.2223608791828156e-09,0.49114495515823364,3.254861821903786e-05,-1.27470064163208,0.21123430132865906,2241,0.6202465295791626,1789,2.275301456451416,66,nan,0,nan,0
873,3575808,64695.7,55.9,38.92,34.42,40,0.5,436,0.7270642201834863,186,140,27,18,0,1,0,118,-3.911901666854026,22.370967741935484,0.18245846033096313,-0.015573936514556408,0.9767263531684875,-0.027037289296276867,31.86164758205414,0.576703679561615,0.19989559976384044,0.016799733757216016,0.188525390625,26.447613143920897,-3.4051481634378433e-09,0.4336051940917969,3.22415557830092e-05,-1.2748034000396729,0.20806802809238434,2220,0.577979326248169,1776,2.22524356842041,100,nan,0,nan,0
874,3579904,64769.2,56.1,38.63,34.43,40,0.5,106,0.8113207547169812,182,142,26,12,2,0,0,119,-3.9531044756417133,22.26923076923077,0.2091277539730072,-0.01666559837758541,0.9739397168159485,-0.028113814257085323,28.444826436042785,0.5763379991054535,0.19570742249488832,0.012936938089842443,0.158984375,22.78567752838135,-1.2514647096395493e-09,0.43448007106781006,3.193449334698054e-05,-1.2749402523040771,0.21790167689323425,2105,0.6223270297050476,1861,1.2007951736450195,130,nan,0,nan,0
875,3584000,64842.7,56.0,38.67,34.45,40,0.5,289,0.7820069204152249,183,140,19,20,4,0,0,115,-4.029221095422099,22.25136612021858,0.19005367159843445,-0.014675743877887726,0.9810886979103088,-0.03179104634327814,26.683515536785126,0.5755213260650635,0.17098462786525487,0.021703988344233947,0.22568359375,18.40055031776428,-3.259629011154175e-09,0.43394047021865845,3.162743091095188e-05,-1.2751821279525757,0.20828332006931305,2218,0.5630808472633362,1825,1.1692575216293335,53,nan,0,nan,0
876,3588096,64916.4,55.9,38.89,34.41,40,0.5,474,0.7869198312236287,185,147,23,13,2,0,0,113,-3.9473792966385943,21.82162162162162,0.23858796060085297,-0.015272337943315506,0.972385585308075,-0.03108833332080394,25.00333456993103,0.5745370268821717,0.19845709139481188,0.020765825969283468,0.2083984375,18.929793500900267,-1.6589183360338211e-09,0.499816358089447,3.132036847492322e-05,-1.275439739227295,0.19907385110855103,2251,0.588470995426178,1789,2.4357221126556396,56,nan,0,nan,0
877,3592192,64990.6,55.6,39.28,34.41,40,0.5,151,0.7947019867549668,189,155,20,12,2,0,0,128,-4.196978063370739,22.116402116402117,0.2606515884399414,-0.015558524988591671,0.9749168157577515,-0.029945737216621637,22.53233385682106,0.5738668382167816,0.18613775186240672,0.027072623297863176,0.22939453125,19.222727251052856,-3.6088749766349792e-09,0.5272971391677856,3.101330603889456e-05,-1.2754610776901245,0.21132956445217133,2276,0.5919268727302551,1746,1.242724895477295,74,nan,0,nan,0
878,3596288,65064.2,56.0,38.74,34.43,40,0.5,332,0.7710843373493976,181,136,20,24,1,0,0,110,-3.8544989430091725,22.734806629834253,0.1816897690296173,-0.014205576851963997,0.978033185005188,-0.029608877818100156,26.55931144952774,0.573802936077118,0.16510341335088013,0.016055395166040397,0.18447265625,19.435727167129517,-2.4156179279088974e-09,0.4673305153846741,3.07062436028659e-05,-1.275547742843628,0.2125052511692047,2176,0.5323382616043091,1847,1.062707543373108,73,nan,0,nan,0
879,3600384,65138.1,55.8,38.98,34.44,40,0.5,2,1.0,182,147,16,18,1,0,0,125,-4.040083613351983,22.302197802197803,0.24094492197036743,-0.014265283942222595,0.9754726886749268,-0.026755433529615402,24.325920343399048,0.5732774913311005,0.17775061680004,0.01751807888504118,0.18984375,23.622557973861696,-1.8917489796876907e-09,0.43556004762649536,3.039918116683724e-05,-1.2756764888763428,0.21247978508472443,2306,0.5761045217514038,1723,1.4991533756256104,67,nan,0,nan,0
880,3604480,65211.9,55.8,38.92,34.42,40,0.5,187,0.7540106951871658,185,139,22,22,2,0,0,114,-3.909734372022799,22.086486486486486,0.19909070432186127,-0.014923220500349998,0.9721298813819885,-0.029344606661470606,24.011925888061523,0.572736257314682,0.17506848489865662,0.02318492915510433,0.2166015625,19.56974630355835,-1.4551915228366852e-09,0.5234658718109131,3.0092118730808577e-05,-1.2758824825286865,0.20846453309059143,2229,0.5984227657318115,1804,1.1887178421020508,63,nan,0,nan,0
881,3608576,65285.3,56.1,38.56,34.46,40,0.5,364,0.7527472527472527,177,133,26,16,2,0,0,119,-4.064829030768491,23.096045197740114,0.18104389309883118,-0.014952664263546467,0.9732074737548828,-0.024831723025999963,31.21046541929245,0.5715512990951538,0.20556264966726304,0.021412345756834837,0.2060546875,26.18275990486145,-3.346940502524376e-09,0.4464991092681885,2.978505629477995e-05,-1.276219129562378,0.21284665167331696,2233,0.5529727935791016,1764,2.54939603805542,99,nan,0,nan,0
882,3612672,65358.9,56.0,38.66,34.46,40,0.5,30,0.7666666666666667,178,142,15,18,2,1,0,115,-4.038062748991807,22.9438202247191,0.21489442884922028,-0.016153153032064438,0.9703930616378784,-0.02128884776029736,32.79184896945954,0.570504778623581,0.22364575751125812,0.018655099613533822,0.188916015625,28.391510438919067,-2.735760062932968e-09,0.45159095525741577,2.947799385875129e-05,-1.2763826847076416,0.20080772042274475,2174,0.591395914554596,1766,1.852434754371643,156,nan,0,nan,0
883,3616768,65432.6,55.9,38.79,34.46,40,0.5,210,0.7571428571428571,180,136,21,20,2,1,0,118,-3.975766318927854,23.0,0.1822412610054016,-0.015311499126255512,0.9734423160552979,-0.026143609755672516,29.396773159503937,0.5698614180088043,0.2069979331456125,0.014774978632340207,0.133203125,23.498180532455443,-2.6775524020195007e-09,0.48989391326904297,2.917093142272263e-05,-1.2766005992889404,0.21439507603645325,2282,0.5982195138931274,1732,2.025642156600952,82,nan,0,nan,0
884,3620864,65506.2,55.9,38.79,34.43,40,0.5,396,0.7449494949494949,186,136,20,28,2,0,0,113,-3.883627587402686,21.989247311827956,0.1713496744632721,-0.014799518510699272,0.9762148261070251,-0.02988196073565632,30.280019187927245,0.5688856661319732,0.18540387246757745,0.018776512758631726,0.190234375,22.27338342666626,-1.862645149230957e-09,0.4065861701965332,2.886386898669397e-05,-1.2768200635910034,0.2162148356437683,2221,0.5729970335960388,1814,1.6311523914337158,61,nan,0,nan,0
885,3624960,65579.9,55.9,38.73,34.5,40,0.5,68,0.7794117647058824,184,144,26,12,2,0,0,119,-4.001399015706399,22.282608695652176,0.21098464727401733,-0.015364034101366997,0.9734151363372803,-0.02086397308157757,26.29836186170578,0.5682144224643707,0.19452658221125602,0.02465591063082684,0.166064453125,23.746348237991334,-3.6088749766349792e-09,0.49225324392318726,2.855680655066531e-05,-1.2769336700439453,0.2133406698703766,2195,0.6062834858894348,1842,2.2272229194641113,59,nan,0,nan,0
886,3629056,65653.4,56.0,38.61,34.5,40,0.5,245,0.7877551020408163,177,140,18,18,1,0,0,113,-3.841143579517733,22.627118644067796,0.2192431390285492,-0.015605883672833443,0.9821382761001587,-0.02196921716677025,26.053034204244614,0.5676287353038788,0.19177720574662088,0.014828603751084302,0.17158203125,28.619465589523315,-2.1245796233415604e-09,0.4461793303489685,2.824974411463665e-05,-1.2771501541137695,0.22836746275424957,2148,0.5603910684585571,1888,1.7916259765625,60,nan,0,nan,0
887,3633152,65727.0,56.1,38.56,34.49,40,0.5,431,0.7587006960556845,186,134,28,22,2,0,0,108,-3.8783913345436143,22.559139784946236,0.16855531930923462,-0.015365765430033207,0.9757032990455627,-0.02624656604602933,28.294239139556886,0.5669226348400116,0.18515696786344052,0.011438653836376034,0.14541015625,24.806068849563598,2.6193447411060333e-10,0.4518009424209595,2.7942681678607992e-05,-1.2772451639175415,0.21184317767620087,2223,0.5736765265464783,1833,1.854349136352539,40,nan,0,nan,0
888,3637248,65800.9,55.7,39.08,34.45,40,0.5,105,0.8095238095238095,186,150,18,14,4,0,0,126,-3.9132355822394826,22.080645161290324,0.26007455587387085,-0.01434323936700821,0.9710997343063354,-0.025397510477341713,23.453501045703888,0.5664997160434723,0.18154372395947577,0.015102424738870468,0.158203125,23.163532996177672,-2.066371962428093e-09,0.4902052879333496,2.7635619242579332e-05,-1.277442216873169,0.2112807035446167,2305,0.5840429067611694,1748,1.8368327617645264,43,nan,0,nan,0
889,3641344,65874.3,56.2,38.47,34.46,40,0.5,287,0.8013937282229965,182,145,23,13,1,0,0,127,-4.040287677795402,22.197802197802197,0.22874164581298828,-0.014751611277461052,0.9736841917037964,-0.026565058605046942,24.12330551147461,0.5653167068958282,0.18287501176819204,0.017359615192981438,0.181884765625,20.69406681060791,-1.1350493878126144e-09,0.5228424072265625,2.7328556806550672e-05,-1.2777800559997559,0.21129155158996582,2220,0.5598431825637817,1817,1.8245975971221924,59,nan,0,nan,0
890,3645440,65947.7,56.1,38.51,34.47,40,0.5,472,0.7860169491525424,185,141,25,18,1,0,0,124,-4.089616758164639,22.286486486486485,0.21294856071472168,-0.015674442052841187,0.9698286652565002,-0.02450171031523496,26.033033645153047,0.564173674583435,0.19948701364919544,0.016341423230187502,0.168994140625,19.58051300048828,-1.862645149230957e-09,0.5455619096755981,2.7021494370522012e-05,-1.2779849767684937,0.20159588754177094,2260,0.5941351652145386,1747,2.3806960582733154,89,nan,0,nan,0
891,3649536,66021.3,56.0,38.68,34.49,40,0.5,143,0.7482517482517482,183,138,16,23,6,0,0,118,-4.010789167914777,22.48087431693989,0.19176840782165527,-0.014726405031979084,0.9688218832015991,-0.02520330067491159,26.470052003860474,0.5635381579399109,0.21341481786221267,0.017095952085219322,0.17568359375,22.299696159362792,-2.153683453798294e-09,0.49457848072052,2.6714431934493352e-05,-1.2781322002410889,0.20594123005867004,2200,0.601771354675293,1814,1.7755110263824463,82,nan,0,nan,0
892,3653632,66095.0,55.9,38.75,34.46,40,0.5,326,0.7484662576687117,183,137,27,17,2,0,0,117,-4.037120098939246,22.262295081967213,0.19192543625831604,-0.014838730916380882,0.9706107974052429,-0.027727870433591307,27.715308952331544,0.5628718316555024,0.17416584827005863,0.012889401904249097,0.160302734375,21.453410959243776,-1.7462298274040222e-09,0.47451549768447876,2.6407369498464692e-05,-1.2783393859863281,0.20718815922737122,2258,0.580825924873352,1775,1.1139699220657349,63,nan,0,nan,0
893,3657728,66169.4,55.4,39.48,34.49,40,0.5,1,0.0,187,147,19,19,2,0,0,131,-3.9124987474212496,21.97860962566845,0.23201492428779602,-0.014023852534592152,0.9693016409873962,-0.029245569091290235,25.39212625026703,0.56192467212677,0.17698172964155673,0.020439777385035995,0.198681640625,20.58318510055542,-1.6298145055770874e-09,0.43014347553253174,2.6100307062436032e-05,-1.2785630226135254,0.21806006133556366,2261,0.5658110976219177,1796,1.0658389329910278,39,nan,0,nan,0
894,3661824,66243.0,56.0,38.73,34.44,40,0.5,181,0.8287292817679558,180,150,16,13,1,0,0,127,-4.1826094193270436,22.488888888888887,0.2811269760131836,-0.012855812907218933,0.9726762175559998,-0.024289003759622573,20.55730237364769,0.5611625194549561,0.15309701701626183,0.019026372031657957,0.20068359375,22.53644151687622,-2.9976945370435715e-09,0.44579553604125977,2.5793244626407373e-05,-1.2787164449691772,0.21205434203147888,2390,0.537382960319519,1684,0.893547773361206,22,nan,0,nan,0
895,3665920,66316.4,56.2,38.48,34.45,40,0.5,360,0.7694444444444445,179,127,28,22,2,0,0,106,-3.9236731491263055,22.8268156424581,0.1490204930305481,-0.015882298350334167,0.976512610912323,-0.014153003809042275,29.736208426952363,0.560638016462326,0.19896429423242806,0.01297762789472472,0.157666015625,43.37607841491699,-2.3865140974521637e-09,0.49028128385543823,2.5486182190378713e-05,-1.278847575187683,0.2018928974866867,2218,0.616597592830658,1817,1.5689085721969604,61,nan,0,nan,0
896,3670016,66390.1,55.9,38.84,34.44,40,0.5,36,0.75,188,147,25,13,3,0,0,125,-3.9759138489377626,22.28723404255319,0.22698652744293213,-0.014906495809555054,0.9662231206893921,-0.024164185114204883,23.420588088035583,0.5599460363388061,0.20126279881224035,0.02070660526806023,0.1841796875,22.92071509361267,-2.3283064365386963e-10,0.5918235182762146,2.5179119754350053e-05,-1.2790824174880981,0.1983867734670639,2257,0.593539297580719,1742,2.498243570327759,97,nan,0,nan,0
897,3674112,66463.8,55.9,38.78,34.47,40,0.5,219,0.7534246575342466,183,138,27,17,1,0,0,107,-3.840055129741029,21.989071038251367,0.18912723660469055,-0.018472276628017426,0.9746997356414795,-0.024857523385435343,26.856061494350435,0.5588793575763702,0.23404497597366572,0.01851229570020223,0.1876953125,17.184522438049317,-2.2992026060819626e-09,0.5311352014541626,2.4872057318321393e-05,-1.2793633937835693,0.21945424377918243,2027,0.660345196723938,1961,1.6442651748657227,108,nan,0,nan,0
898,3678208,66537.6,55.9,38.85,34.47,40,0.5,404,0.75,185,138,26,20,1,0,0,121,-4.009460463680396,22.254054054054055,0.19849520921707153,-0.014902129769325256,0.9790334701538086,-0.026252699154429137,28.40823621749878,0.5580272853374482,0.17737948410212995,0.01795551472605439,0.180712890625,21.00314588546753,-2.8812792152166367e-09,0.47851085662841797,2.4564994882292733e-05,-1.2794654369354248,0.2237217128276825,2263,0.5431698560714722,1755,2.017601728439331,78,nan,0,nan,0
899,3682304,66611.9,55.5,39.29,34.51,40,0.5,78,0.8076923076923077,186,155,18,13,0,0,0,132,-3.956223349438834,21.887096774193548,0.28676414489746094,-0.014443838968873024,0.9677749276161194,-0.021542964313994162,21.987027502059938,0.5576215326786041,0.1947108290158212,0.025938319355191197,0.15888671875,27.48124976158142,-2.764863893389702e-09,0.5076771378517151,2.4257932446264073e-05,-1.279627799987793,0.20363259315490723,2295,0.5506052374839783,1734,2.539933204650879,67,nan,0,nan,0
900,3686400,66686.1,55.5,39.24,34.51,40,0.5,263,0.7756653992395437,185,141,28,15,1,0,0,117,-3.9534388596176444,22.086486486486486,0.2136193811893463,-0.01412227749824524,0.9708514213562012,-0.023425881285220385,27.831900811195375,0.556963300704956,0.17215383192524314,0.013817477552220226,0.14599609375,28.52245922088623,-1.9208528101444244e-09,0.46029067039489746,2.3950870010235413e-05,-1.2797807455062866,0.20659878849983215,2251,0.5317089557647705,1769,1.4716575145721436,76,nan,0,nan,0
901,3690496,66761.9,54.4,40.79,34.51,40,0.5,448,0.8080357142857143,185,158,21,6,0,0,0,137,-3.9823741076892882,22.286486486486485,0.29212862253189087,-0.014045756310224533,0.9690616130828857,-0.022613820759579538,20.807283222675323,0.5565105617046356,0.19054835233837367,0.011686429279507138,0.13876953125,24.634693098068237,-1.5425030142068863e-09,0.5647130012512207,2.3643807574206753e-05,-1.2798142433166504,0.2075231820344925,2321,0.6055580377578735,1689,1.5929452180862427,86,nan,0,nan,0
902,3694592,66836.6,55.2,39.65,34.56,50,0.625,0,,183,141,27,11,4,0,0,129,-3.900951326411506,22.524590163934427,0.21768251061439514,-0.015196146443486214,0.9670329689979553,-0.02413944461150095,25.44098780155182,0.5562498211860657,0.1877617065794766,0.017650944234628697,0.145556640625,24.971872186660768,-1.6298145055770874e-09,0.4963042736053467,2.3336745138178093e-05,-1.2799758911132812,0.20360371470451355,2241,0.5943982601165771,1756,1.6659080982208252,99,nan,0,nan,0
903,3698688,66911.2,55.3,39.52,34.57,50,0.625,155,0.6580645161290323,171,117,34,17,3,0,0,98,-3.7370587291223885,23.894736842105264,0.08395557105541229,-0.026260461658239365,0.9829299449920654,-0.0119100175332278,31.886435413360594,0.555630111694336,0.5201418410986662,0.020027088868664576,0.15361328125,27.373460245132446,-1.6880221664905548e-09,0.5885826349258423,2.3029682702149434e-05,-1.2800800800323486,0.2422068864107132,1879,0.8941256403923035,2042,3.4597256183624268,175,nan,0,nan,0
904,3702784,66984.9,55.9,38.65,34.6,50,0.625,316,0.689873417721519,161,116,30,11,3,1,0,84,-3.9069393835733033,25.062111801242235,0.09453970938920975,-0.025457268580794334,0.986531138420105,-0.01449263880494982,31.599954056739808,0.5551603376865387,0.3655671810731292,0.014420641225297005,0.143603515625,25.83229579925537,-1.775333657860756e-09,0.566962718963623,2.2722620266120774e-05,-1.28023362159729,0.2322423756122589,1906,0.78466796875,1922,2.1717374324798584,268,nan,0,nan,0
905,3706880,67059.8,55.1,39.78,34.56,50,0.625,488,0.7008196721311475,172,124,32,14,2,0,0,99,-3.722105059117134,24.180232558139537,0.1117701530456543,-0.022923976182937622,0.9849643111228943,-0.021907899377401917,28.5947385430336,0.554582154750824,0.3531387967988849,0.014055102998099755,0.162060546875,23.763184785842896,-1.0477378964424133e-09,0.5908239483833313,2.2415557830092114e-05,-1.2803467512130737,0.2297505885362625,1930,0.7354903817176819,2003,2.5390021800994873,163,nan,0,nan,0
906,3710976,67133.4,56.0,38.53,34.59,50,0.625,143,0.6433566433566433,167,107,36,22,2,0,0,94,-3.931146123742627,24.251497005988025,0.04901520162820816,-0.02587328851222992,0.9882921576499939,-0.010959773603826762,34.67448456287384,0.5541630506515502,0.5290140852332115,0.018301588752365205,0.139111328125,33.88277506828308,-2.9103830456733704e-09,0.564907968044281,2.2108495394063454e-05,-1.2804481983184814,0.26482364535331726,1875,0.871163547039032,1986,2.8835437297821045,235,nan,0,nan,0
907,3715072,67207.2,55.9,38.71,34.58,50,0.625,308,0.6461038961038961,165,107,28,26,2,2,0,79,-3.8856861107639187,24.848484848484848,0.04967666417360306,-0.02185036614537239,0.9842279553413391,-0.024576776113826783,32.947961640357974,0.5538106381893158,0.30167596098035576,0.01263755753316218,0.152880859375,24.89620146751404,-3.259629011154175e-09,0.5172905921936035,2.1801432958034794e-05,-1.280537724494934,0.22855456173419952,2014,0.6719896197319031,1938,2.108708620071411,144,nan,0,nan,0
908,3719168,67283.1,54.3,40.9,34.54,50,0.625,478,0.6736401673640168,170,123,25,21,1,0,0,104,-3.9056249395114553,23.888235294117646,0.12202762812376022,-0.023188643157482147,0.9821701645851135,-0.01750700958073139,28.861693334579467,0.5533881187438965,0.2950452405959368,0.01290704837301746,0.12197265625,24.439691495895385,-3.1723175197839737e-09,0.6116973161697388,2.149437052200613e-05,-1.280649185180664,0.2290956676006317,2010,0.7637731432914734,1949,1.9415405988693237,137,nan,0,nan,0
909,3723264,67357.9,55.1,39.81,34.54,50,0.625,145,0.6689655172413793,179,122,34,21,2,0,0,105,-4.06395242554183,23.1731843575419,0.10667267441749573,-0.02049233205616474,0.9857033491134644,-0.025529742176877333,29.853913378715514,0.5528733849525451,0.26523824241012334,0.016637107144924813,0.166796875,23.73175230026245,-2.066371962428093e-09,0.5619876384735107,2.118730808597747e-05,-1.2808022499084473,0.21494926512241364,2095,0.6560899019241333,1888,2.0352671146392822,113,nan,0,nan,0
910,3727360,67432.6,55.1,39.78,34.53,50,0.625,325,0.6923076923076923,180,128,31,20,0,1,0,109,-3.872088494984105,23.08888888888889,0.13434557616710663,-0.021143484860658646,0.9818692803382874,-0.020118339406326412,30.63382886648178,0.5523794829845429,0.34360716231167315,0.020009140159527306,0.165673828125,23.24467000961304,-1.367880031466484e-09,0.5786546468734741,2.088024564994881e-05,-1.2808716297149658,0.22638456523418427,2088,0.6897686123847961,1894,3.0629286766052246,114,nan,0,nan,0
911,3731456,67507.7,54.9,40.08,34.52,50,0.625,498,0.7088353413654619,173,128,27,17,0,1,0,106,-3.8735836558520753,23.352601156069365,0.14228740334510803,-0.02217676490545273,0.9824114441871643,-0.01652366667985916,26.754963278770447,0.552104389667511,0.3442642008885741,0.016289124818285927,0.154638671875,26.718046283721925,-1.775333657860756e-09,0.6023646593093872,2.057318321392015e-05,-1.2809770107269287,0.21916712820529938,2050,0.7270085215568542,1864,2.6374173164367676,182,nan,0,nan,0
912,3735552,67581.6,55.8,38.81,34.55,50,0.625,156,0.6987179487179487,170,120,27,20,3,0,0,98,-3.855674229707562,23.88235294117647,0.10478129982948303,-0.02335580438375473,0.9859908223152161,-0.019654114404693244,30.706898784637453,0.5516448199748993,0.3414627306163311,0.013179186855268199,0.140771484375,29.195719003677368,-3.0850060284137726e-09,0.5584578514099121,2.026612077789149e-05,-1.2810640335083008,0.231458842754364,1944,0.7502859234809875,2020,2.9257874488830566,132,nan,0,nan,0
913,3739648,67655.2,56.0,38.57,34.59,50,0.625,326,0.6717791411042945,170,110,38,21,1,0,0,90,-3.866735093637233,24.441176470588236,0.04769422858953476,-0.022033628076314926,0.9831889867782593,-0.022786782681941987,31.30158648490906,0.5512607455253601,0.3353887479752302,0.0130100143578602,0.142626953125,23.49957685470581,1.1641532182693481e-10,0.5218919515609741,1.995905834186283e-05,-1.2812026739120483,0.23524291813373566,1986,0.7254200577735901,1981,2.9785537719726562,129,nan,0,nan,0
914,3743744,67729.4,55.7,38.86,34.61,50,0.625,492,0.6686991869918699,166,110,37,16,3,0,0,88,-3.931221277859554,23.91566265060241,0.05680385231971741,-0.024573292583227158,0.9844783544540405,-0.01907780100591481,31.986589646339418,0.5507015407085418,0.38617963884025813,0.022120331175392492,0.160009765625,22.230524873733522,-2.1827872842550278e-09,0.5397828817367554,1.965199590583417e-05,-1.2813100814819336,0.26852527260780334,1917,0.8505746126174927,2008,2.057063102722168,171,nan,0,nan,0
915,3747840,67805.7,54.0,41.27,34.57,50,0.625,156,0.7243589743589743,176,124,34,16,2,0,0,103,-3.907420352159366,23.84659090909091,0.10755038261413574,-0.02280113473534584,0.9826530814170837,-0.023034041421487926,25.888848674297332,0.5501818954944611,0.31782251689583063,0.021455153259739745,0.201904296875,20.0049889087677,-1.3387762010097504e-09,0.6387156248092651,1.934493346980551e-05,-1.2815077304840088,0.2343066930770874,2018,0.7154868245124817,1924,2.2538552284240723,154,nan,0,nan,0
916,3751936,67879.9,55.5,39.18,34.59,50,0.625,331,0.7220543806646526,175,126,36,11,2,0,0,106,-3.8137945557499533,23.6,0.12606340646743774,-0.022251496091485023,0.9795970320701599,-0.022872263961471618,29.597938072681426,0.5492006719112397,0.3047853380441666,0.015541249632951804,0.157177734375,22.64544048309326,-1.775333657860756e-09,0.5593653321266174,1.9037871033776852e-05,-1.2817723751068115,0.2150326520204544,1963,0.7050974369049072,1968,2.135986804962158,165,nan,0,nan,0
917,3756032,67954.6,55.2,39.57,34.58,50,0.625,504,0.7261904761904762,173,127,29,14,2,1,0,97,-3.8675696755016573,23.433526011560694,0.1351088434457779,-0.02187020145356655,0.9829212427139282,-0.021673228568397464,28.13713310956955,0.5483050167560577,0.2989021820947528,0.012458150849852245,0.142724609375,22.614745330810546,-2.0081643015146255e-09,0.5585134029388428,1.8730808597748192e-05,-1.2819569110870361,0.22193972766399384,2044,0.7483039498329163,1928,1.773295283317566,124,nan,0,nan,0
918,3760128,68028.6,55.7,38.97,34.6,50,0.625,158,0.6329113924050633,166,105,38,20,3,0,0,82,-3.748817826401786,24.39156626506024,0.024828452616930008,-0.025688936933875084,0.988804042339325,-0.01836648938478902,35.38248558044434,0.5476786077022553,0.4266129057854414,0.013979564234614373,0.124072265625,27.75482020378113,-2.5029294192790985e-09,0.5579456090927124,1.8423746161719532e-05,-1.2820849418640137,0.24592407047748566,1870,0.8299691081047058,1917,2.1810014247894287,309,nan,0,nan,0
919,3764224,68103.8,54.8,40.03,34.65,50,0.625,328,0.6798780487804879,170,123,24,18,5,0,0,102,-3.9588569759406775,24.176470588235293,0.13075725734233856,-0.02158549427986145,0.9806419014930725,-0.0208753110608086,24.328610324859618,0.5472373187541961,0.2673828899860382,0.013907497594482265,0.156689453125,27.580908918380736,-1.3096723705530167e-09,0.5923727750778198,1.8116683725690872e-05,-1.282163381576538,0.22901520133018494,2107,0.7078329920768738,1858,1.9265886545181274,131,nan,0,nan,0
920,3768320,68177.4,56.0,38.59,34.58,50,0.625,495,0.6646464646464646,167,106,37,22,2,0,0,87,-3.9596888755020063,25.02994011976048,0.045380931347608566,-0.02316342666745186,0.9849834442138672,-0.021171083790250123,31.077209997177125,0.5469773888587952,0.30642714984714986,0.012385770403489005,0.12607421875,29.77304105758667,-1.862645149230957e-09,0.5665835738182068,1.7809621289662246e-05,-1.2822206020355225,0.24313245713710785,2044,0.7425207495689392,1939,2.1095752716064453,113,nan,0,nan,0
921,3772416,68251.0,56.1,38.45,34.6,50,0.625,151,0.6754966887417219,168,115,28,21,3,1,0,88,-3.668032384788782,24.43452380952381,0.06365419179201126,-0.023485880345106125,0.9862525463104248,-0.019254885287955402,30.41682376861572,0.5466933965682983,0.3681025248020887,0.009418723131238949,0.1056640625,24.26960482597351,-1.4551915228366852e-09,0.5911839008331299,1.7502558853633586e-05,-1.2823193073272705,0.26457059383392334,1904,0.7599973082542419,2019,1.9675929546356201,173,nan,0,nan,0
922,3776512,68324.4,56.1,38.37,34.65,50,0.625,320,0.696875,169,121,33,11,4,0,0,105,-3.978364040573305,24.0,0.12253588438034058,-0.020259108394384384,0.9803921580314636,-0.020180273451842368,30.5265243768692,0.5463334143161773,0.3068182811141014,0.02293461645313073,0.162744140625,21.706393003463745,-3.1723175197839737e-09,0.512445867061615,1.7195496417604926e-05,-1.2823927402496338,0.24914710223674774,2184,0.688966691493988,1805,2.3480417728424072,107,nan,0,nan,0
923,3780608,68398.5,55.6,39.03,34.62,50,0.625,488,0.6844262295081968,168,111,41,13,2,1,0,89,-3.779412114870283,23.86904761904762,0.04295000061392784,-0.02599533274769783,0.9862525463104248,-0.01121185723459348,34.120929670333865,0.5459734201431274,0.37193277664482594,0.02763210351404268,0.145751953125,33.515314960479735,-3.026798367500305e-09,0.6220074892044067,1.6888433981576266e-05,-1.2825108766555786,0.22734282910823822,1888,0.7400202751159668,1954,2.3078296184539795,254,nan,0,nan,0
924,3784704,68472.3,55.8,38.77,34.61,50,0.625,150,0.7266666666666667,174,124,34,15,0,1,0,101,-3.844858316533594,24.160919540229884,0.11200405657291412,-0.02392195165157318,0.9854665994644165,-0.016802031127735973,30.58075029850006,0.5455992579460144,0.42744212578982116,0.013227323807950598,0.12412109375,24.8706392288208,-2.5320332497358322e-09,0.6118631362915039,1.6581371545547607e-05,-1.2825617790222168,0.24046748876571655,1969,0.8611775040626526,1952,2.388866901397705,175,nan,0,nan,0
925,3788800,68546.3,55.7,38.95,34.56,50,0.625,322,0.717391304347826,172,122,29,19,2,0,0,96,-4.0052071599714205,23.41860465116279,0.12585806846618652,-0.020925484597682953,0.9796126484870911,-0.024902064073830842,29.63055875301361,0.5454859435558319,0.2738650081679225,0.017051709645602386,0.152783203125,16.648601531982422,-1.6880221664905548e-09,0.5301483869552612,1.6274309109518947e-05,-1.2825839519500732,0.21326954662799835,2014,0.7002886533737183,1936,1.8270726203918457,146,nan,0,nan,0
926,3792896,68621.1,55.1,39.77,34.6,50,0.625,492,0.7052845528455285,170,116,31,18,4,1,0,94,-3.756736985101398,24.3,0.0798996165394783,-0.023477252572774887,0.9834437370300293,-0.018465436750557274,32.01829581260681,0.5453270614147187,0.36093024015426634,0.012028851216018665,0.119970703125,26.311462926864625,-2.8812792152166367e-09,0.5293094515800476,1.5967246673490287e-05,-1.2826247215270996,0.25511544942855835,2062,0.7424532175064087,1903,2.8031554222106934,131,nan,0,nan,0
927,3796992,68695.8,55.2,39.66,34.58,50,0.625,141,0.6879432624113475,161,108,35,16,2,0,0,88,-3.862543453530295,24.950310559006212,0.06178725138306618,-0.022671116515994072,0.9855146408081055,-0.017083929805085062,35.47907099723816,0.5451099455356598,0.3955357026308775,0.012935750675387681,0.13515625,28.419362163543703,-3.2887328416109085e-09,0.5379326343536377,1.5660184237461627e-05,-1.282710075378418,0.23713438212871552,2045,0.7930743098258972,1930,2.6543257236480713,121,nan,0,nan,0
928,3801088,68770.7,55.1,39.73,34.62,50,0.625,312,0.7019230769230769,171,122,30,15,1,3,0,100,-3.7229554052943907,24.485380116959064,0.08478765189647675,-0.023737631738185883,0.9826751351356506,-0.012156194658018649,38.32693877220154,0.5447133719921112,0.4919830055907369,0.020481767937599215,0.147021484375,24.85121383666992,-3.434251993894577e-09,0.5689025521278381,1.5353121801432967e-05,-1.282808542251587,0.23000532388687134,1893,0.6700723767280579,1873,2.9244115352630615,313,7.6260294914245605,17,nan,0
929,3805184,68843.7,56.4,37.96,34.61,50,0.625,480,0.6854166666666667,168,110,37,13,8,0,0,92,-3.9830847698173217,24.238095238095237,0.05278065428137779,-0.02628972940146923,0.9819246530532837,-0.01602223590016365,46.17675778865814,0.54436776638031,0.5239971369504929,0.009492366088670679,0.108642578125,34.19932346343994,-4.94765117764473e-10,0.49734652042388916,1.5046059365404305e-05,-1.2829030752182007,0.25104111433029175,2005,0.8326980471611023,1878,2.795405626296997,213,nan,0,nan,0
930,3809280,68917.4,55.9,38.62,34.6,50,0.625,141,0.7375886524822695,173,129,26,16,1,1,0,102,-3.8352798439492117,23.54335260115607,0.1501864194869995,-0.021664053201675415,0.9854702949523926,-0.014579153910744935,29.805043745040894,0.5438247740268707,0.39218544606119393,0.024222231027670203,0.161572265625,29.27716727256775,-2.764863893389702e-09,0.5493383407592773,1.4738996929375646e-05,-1.2830779552459717,0.22915488481521606,2069,0.786512017250061,1896,1.9697999954223633,131,nan,0,nan,0
931,3813376,68991.4,55.7,38.88,34.61,50,0.625,306,0.6993464052287581,165,110,39,15,1,0,0,93,-3.8069290587193554,25.333333333333332,0.054689954966306686,-0.025036191567778587,0.9872806072235107,-0.013594513991847634,32.115761160850525,0.5432496190071106,0.441735365614295,0.016013570864743087,0.152392578125,26.06256160736084,-1.775333657860756e-09,0.5923013687133789,1.4431934493346986e-05,-1.283153772354126,0.23869135975837708,1883,0.8044020533561707,2010,3.0005788803100586,203,nan,0,nan,0
932,3817472,69066.1,55.2,39.66,34.56,50,0.625,477,0.6771488469601677,171,109,43,17,2,0,0,88,-3.9299759685628475,23.690058479532162,0.0341980904340744,-0.025417346507310867,0.9880254864692688,-0.017050156486220658,31.40522696971893,0.5430834352970123,0.33450136967003347,0.009628887141298037,0.109716796875,24.242955350875853,-1.979060471057892e-09,0.5860369205474854,1.4124872057318326e-05,-1.2831952571868896,0.2279205322265625,1850,0.7926161289215088,1998,1.7833884954452515,248,nan,0,nan,0
933,3821568,69139.2,56.3,38.08,34.63,50,0.625,132,0.6212121212121212,167,103,46,12,5,1,0,91,-4.083007200754679,24.2874251497006,0.015300124883651733,-0.025938233360648155,0.9829472899436951,-0.014501045877113938,36.19843211174011,0.5428600013256073,0.46355542857199905,0.012777385643857997,0.11162109375,30.37064461708069,-3.4633558243513107e-09,0.5612186193466187,1.3817809621289666e-05,-1.283246636390686,0.2518294155597687,1911,0.9066863059997559,1933,1.99461829662323,252,nan,0,nan,0
934,3825664,69213.6,55.4,39.24,34.63,50,0.625,299,0.6655518394648829,167,117,34,14,1,1,0,99,-3.7901855491812997,24.53293413173653,0.10086624324321747,-0.021808741614222527,0.9860015511512756,-0.01678311445284635,30.052120077610017,0.5427589356899262,0.2972068766131997,0.008495563898759429,0.102490234375,30.472484731674193,-2.852175384759903e-09,0.5497485399246216,1.3510747185261006e-05,-1.2832467555999756,0.22235502302646637,2008,0.6825810670852661,1920,2.192230701446533,168,nan,0,nan,0
935,3829760,69288.6,55.0,39.91,34.61,50,0.625,467,0.6873661670235546,168,122,20,22,4,0,0,96,-4.017020243703201,24.178571428571427,0.12986551225185394,-0.01899021677672863,0.9791242480278015,-0.020840625697746872,29.364346659183504,0.5426606893539428,0.2596481999382377,0.008371759502915665,0.1009765625,26.07184600830078,-8.731149137020111e-11,0.5315837860107422,1.3203684749232346e-05,-1.2833242416381836,0.2227710634469986,2071,0.6519761085510254,1891,1.8001465797424316,134,nan,0,nan,0
936,3833856,69363.6,54.9,39.91,34.64,50,0.625,129,0.751937984496124,174,134,27,11,2,0,0,116,-3.871589654342034,23.988505747126435,0.17441654205322266,-0.01945047453045845,0.9834268093109131,-0.02100128070451319,28.371993803977965,0.542237389087677,0.2377611819654703,0.00883209590538172,0.10791015625,22.35048360824585,-2.1827872842550278e-09,0.4859665036201477,1.2896622313203686e-05,-1.283427357673645,0.22627922892570496,2142,0.63480544090271,1833,1.4381475448608398,121,nan,0,nan,0
937,3837952,69438.4,55.1,39.7,34.66,50,0.625,303,0.7392739273927392,174,127,26,18,3,0,0,107,-3.9483258213381913,23.379310344827587,0.14652881026268005,-0.02141772396862507,0.9839367866516113,-0.020284067490138113,28.688545775413512,0.5419566392898559,0.2773116212338209,0.010475652931199874,0.11845703125,22.688302087783814,-2.444721758365631e-09,0.5443785190582275,1.2589559877175026e-05,-1.2834701538085938,0.23968583345413208,2042,0.6851089000701904,1898,1.8708178997039795,156,nan,0,nan,0
938,3842048,69513.4,55.1,39.72,34.66,50,0.625,474,0.7383966244725738,171,126,31,12,0,2,0,102,-3.6922891511935605,24.058479532163744,0.12998458743095398,-0.021434856578707695,0.9816560745239258,-0.019795423175673933,29.160873782634734,0.5417432367801667,0.29234740789979696,0.010023627617920283,0.119921875,23.225337266921997,-4.656612873077393e-10,0.5839195847511292,1.2282497441146367e-05,-1.2835440635681152,0.21447406709194183,2083,0.7103735208511353,1859,2.458381414413452,154,nan,0,nan,0
939,3846144,69588.3,55.0,39.89,34.63,50,0.625,133,0.6616541353383458,171,115,34,20,1,1,0,93,-4.051768147285446,23.830409356725145,0.06557309627532959,-0.022581228986382484,0.9831846952438354,-0.017798498668707908,31.6381223320961,0.5414626598358154,0.2907887898385525,0.010871701204450801,0.116455078125,26.659450244903564,-2.473825588822365e-09,0.5725871920585632,1.1975435005117707e-05,-1.2835993766784668,0.2169879674911499,1949,0.7279095649719238,1963,1.6724342107772827,184,nan,0,nan,0
940,3850240,69663.0,55.2,39.6,34.65,50,0.625,299,0.6755852842809364,166,114,35,15,1,1,0,92,-3.9429563941175148,24.789156626506024,0.08797395974397659,-0.020709393545985222,0.9791348576545715,-0.021997179184108973,30.98755102157593,0.5413177013397217,0.256712743639946,0.007801600775565021,0.0943359375,24.75964183807373,-2.764863893389702e-09,0.5414917469024658,1.1668372569089047e-05,-1.28363037109375,0.2235938459634781,2053,0.6634196639060974,1901,1.7122125625610352,142,nan,0,nan,0
941,3854336,69736.0,56.5,37.88,34.67,50,0.625,463,0.6587473002159827,164,103,37,20,4,0,0,87,-3.7545370223729244,24.50609756097561,0.025772832334041595,-0.02509787306189537,0.986266553401947,-0.013656380982138217,32.5192592382431,0.5412028431892395,0.37616191767156126,0.010024059761781246,0.089208984375,33.11689748764038,-2.270098775625229e-09,0.5700860023498535,1.1361310133060387e-05,-1.283646583557129,0.23727861046791077,1975,0.8148106932640076,1966,2.5295495986938477,155,nan,0,nan,0
942,3858432,69810.2,55.5,39.15,34.6,50,0.625,116,0.6724137931034483,165,115,35,14,0,1,0,94,-3.828877352836957,24.884848484848487,0.07767585664987564,-0.026470720767974854,0.9882981181144714,-0.016290988377295434,31.30883595943451,0.5411095738410949,0.38423345759510996,0.008020576792478095,0.09306640625,28.239180660247804,-1.775333657860756e-09,0.5982853174209595,1.1054247697031727e-05,-1.283681035041809,0.2443028837442398,1903,0.7829546332359314,1981,2.3085854053497314,212,nan,0,nan,0
943,3862528,69883.3,56.4,38.05,34.62,50,0.625,283,0.6678445229681979,167,111,40,14,0,2,0,94,-3.7791827435126253,25.035928143712574,0.061115898191928864,-0.02342505007982254,0.9839653968811035,-0.015171896736137568,39.86758593320847,0.5408992946147919,0.33117145411670207,0.006301204852934461,0.0748046875,24.224297523498535,-3.3178366720676422e-09,0.5096460580825806,1.0747185261003065e-05,-1.2837575674057007,0.21954701840877533,1949,0.7419180870056152,1935,2.0761876106262207,212,nan,0,nan,0
944,3866624,69957.9,55.3,39.48,34.6,50,0.625,455,0.7076923076923077,172,133,26,13,0,0,0,116,-3.877949271857768,23.75,0.17324435710906982,-0.02083600126206875,0.9852191805839539,-0.012030023313127459,25.254309988021852,0.5406208395957947,0.2884638518095016,0.005539418045373168,0.06240234375,40.151157426834104,-1.6007106751203537e-09,0.6112985610961914,1.0440122824974406e-05,-1.2838020324707031,0.21326322853565216,2054,0.6709137558937073,1893,2.1098625659942627,149,nan,0,nan,0
945,3870720,70031.4,56.1,38.39,34.64,50,0.625,109,0.6238532110091743,166,110,36,18,2,0,0,94,-3.8664365540386023,24.52409638554217,0.07235514372587204,-0.02091526798903942,0.9814249277114868,-0.02020433432189748,31.42504551410675,0.5405399739742279,0.2598739868029952,0.008562914258800448,0.07626953125,21.679019498825074,-1.949956640601158e-09,0.5223438143730164,1.0133060388945746e-05,-1.2837998867034912,0.2212846875190735,1981,0.6792003512382507,1982,1.365936040878296,133,nan,0,nan,0
946,3874816,70105.9,55.3,39.51,34.58,50,0.625,282,0.6985815602836879,173,129,25,18,1,0,0,103,-3.698641116934143,24.15606936416185,0.1609649360179901,-0.018904909491539,0.9806270599365234,-0.01686060873325914,30.033698213100433,0.5405253946781159,0.2500873263925314,0.007473701168783009,0.0755859375,27.95054340362549,-6.984919309616089e-10,0.47428345680236816,9.825997952917086e-06,-1.2838270664215088,0.22684592008590698,2095,0.6491262316703796,1920,1.7117094993591309,81,nan,0,nan,0
947,3878912,70179.4,56.1,38.45,34.58,50,0.625,450,0.6977777777777778,168,117,34,14,3,0,0,98,-3.8964855933474207,24.279761904761905,0.09752757847309113,-0.02170218713581562,0.9834521412849426,-0.017088526161387563,31.360370421409606,0.5403656005859375,0.28950855862349273,0.00797569586429745,0.089599609375,21.81077971458435,-2.5320332497358322e-09,0.5582139492034912,9.518935516888426e-06,-1.283866047859192,0.21672241389751434,2070,0.654228925704956,1864,2.17531681060791,162,nan,0,nan,0
948,3883008,70253.3,55.8,38.77,34.63,50,0.625,105,0.6857142857142857,167,113,34,17,2,1,0,90,-3.8563808168567926,24.395209580838323,0.07477165013551712,-0.023567458614706993,0.9865105748176575,-0.010068938601762056,33.89195191860199,0.5401247560977935,0.4203950298950076,0.014172107884951402,0.107763671875,26.380399322509767,-2.735760062932968e-09,0.5839081406593323,9.211873080859766e-06,-1.2839677333831787,0.23070473968982697,1923,0.7026278376579285,1984,3.295037269592285,189,nan,0,nan,0
949,3887104,70327.4,55.7,38.91,34.65,50,0.625,277,0.703971119133574,172,123,31,17,1,0,0,102,-3.922887789653261,23.74418604651163,0.12989500164985657,-0.019611481577157974,0.9793577790260315,-0.01508527302648872,30.79379756450653,0.5396765828132629,0.2555591339245439,0.012121515319449827,0.107861328125,22.377951240539552,-2.066371962428093e-09,0.48656517267227173,8.904810644831106e-06,-1.284069538116455,0.22516828775405884,2059,0.6955764889717102,1935,1.7352887392044067,102,nan,0,nan,0
950,3891200,70401.3,55.7,38.86,34.62,50,0.625,452,0.7079646017699115,175,125,29,18,3,0,0,104,-3.799415989916712,23.21142857142857,0.1378241330385208,-0.01888405904173851,0.9816373586654663,-0.015123033162672073,29.305033731460572,0.5393721222877502,0.24678294863551856,0.005668320847325959,0.064794921875,24.9804123878479,-2.8812792152166367e-09,0.4964468479156494,8.597748208802446e-06,-1.2841204404830933,0.20599409937858582,2036,0.6456299424171448,1956,1.3653069734573364,104,nan,0,nan,0
951,3895296,70474.9,56.0,38.48,34.61,50,0.625,105,0.7904761904761904,165,125,25,12,2,1,0,102,-3.767446099547846,24.951515151515153,0.14653310179710388,-0.021622704342007637,0.9778681993484497,-0.011759406863711774,28.05350866317749,0.5391592442989349,0.2927574746310711,0.011568882975552697,0.1193359375,26.70629425048828,-2.648448571562767e-09,0.5257078409194946,8.290685772773786e-06,-1.2841789722442627,0.22561651468276978,2091,0.6407293677330017,1835,2.226912498474121,170,nan,0,nan,0
952,3899392,70548.4,56.1,38.43,34.6,50,0.625,272,0.7426470588235294,167,119,33,12,2,1,0,99,-3.7476140938888314,24.20359281437126,0.1173466145992279,-0.020692624151706696,0.9829472899436951,-0.013292888237629086,38.30838547945022,0.5389627397060395,0.29364743568003177,0.005398316979699303,0.06630859375,27.796101093292236,-1.8044374883174896e-09,0.42662400007247925,7.983623336745126e-06,-1.2842178344726562,0.22107940912246704,2053,0.688758134841919,1926,2.162280559539795,117,nan,0,nan,0
953,3903488,70621.9,56.1,38.46,34.61,50,0.625,445,0.7348314606741573,173,125,26,17,3,2,0,100,-3.9206822986331655,24.14450867052023,0.13211199641227722,-0.02003142237663269,0.9783329367637634,-0.015548576461151242,32.59928220510483,0.5387936949729919,0.3220431674271822,0.005047162473783828,0.0603515625,25.067316913604735,-1.8044374883174896e-09,0.4659118056297302,7.676560900716467e-06,-1.2842674255371094,0.2298518866300583,2079,0.7034682035446167,1905,1.7964767217636108,112,nan,0,nan,0
954,3907584,70695.6,56.0,38.54,34.64,50,0.625,104,0.6634615384615384,171,116,33,20,1,1,0,95,-3.973861184958405,23.859649122807017,0.08604325354099274,-0.02200452797114849,0.9839490652084351,-0.009620294440537691,33.86126357316971,0.5386014640331268,0.40579822286963463,0.006990276825672481,0.05771484375,31.216982889175416,-7.8580342233181e-10,0.5506777167320251,7.369498464687807e-06,-1.2843073606491089,0.24995194375514984,2078,0.7560288310050964,1878,2.4021902084350586,140,nan,0,nan,0
955,3911680,70769.6,55.7,38.92,34.59,50,0.625,276,0.7065217391304348,172,126,30,15,1,0,0,114,-3.8107811623108603,23.872093023255815,0.13930314779281616,-0.021335463970899582,0.978083610534668,-0.010731631307862699,29.89386578798294,0.5384598791599273,0.3352868346497416,0.006869862736493815,0.051318359375,28.99351019859314,-1.8044374883174896e-09,0.5616711378097534,7.062436028659146e-06,-1.2843406200408936,0.2154245525598526,2000,0.6905328035354614,1959,2.6682093143463135,137,nan,0,nan,0
956,3915776,70843.4,55.8,38.79,34.63,50,0.625,449,0.7238307349665924,173,130,31,11,1,0,0,107,-3.9468170819164645,23.722543352601157,0.1566563844680786,-0.022484276443719864,0.9806270599365234,-0.012928339384961874,29.47751256227493,0.5383179485797882,0.3467559447512031,0.004379696285468526,0.05244140625,27.567168283462525,-2.3865140974521637e-09,0.5403996706008911,6.755373592630486e-06,-1.284386396408081,0.22059255838394165,2086,0.746672511100769,1856,1.8883894681930542,154,nan,0,nan,0
957,3919872,70916.6,56.4,38.03,34.63,50,0.625,102,0.6372549019607843,165,108,34,16,6,1,0,95,-3.862119158338616,24.63030303030303,0.05251631140708923,-0.02166101336479187,0.9872806072235107,-0.01107204261352308,34.004141819477084,0.5381228029727936,0.3044534161686897,0.003126185848668683,0.031884765625,34.02027840614319,2.6193447411060333e-10,0.5261648893356323,6.448311156601826e-06,-1.2844219207763672,0.22672927379608154,2031,0.6788848638534546,1917,1.793501615524292,148,nan,0,nan,0
958,3923968,70990.3,56.0,38.56,34.64,50,0.625,277,0.7220216606498195,175,135,24,13,3,0,0,110,-3.8550603455643375,23.577142857142857,0.18073493242263794,-0.02020038291811943,0.979341983795166,-0.009873424354009331,27.371847987174988,0.5380123794078827,0.3104868603870273,0.004548516603244934,0.052685546875,29.784353065490723,-2.7939677238464355e-09,0.5678985118865967,6.141248720573166e-06,-1.2844576835632324,0.2012551873922348,2051,0.669193685054779,1880,2.4190850257873535,165,nan,0,nan,0
959,3928064,71063.7,56.2,38.34,34.59,50,0.625,451,0.7272727272727273,174,128,25,19,2,0,0,99,-3.8905084576160354,23.448275862068964,0.15224403142929077,-0.019924815744161606,0.9790922999382019,-0.012105698953382671,29.695063626766206,0.5378685891628265,0.27470038207247854,0.003545812246738933,0.03603515625,21.033138704299926,-2.9685907065868378e-09,0.5088311433792114,5.8341862845445395e-06,-1.2844820022583008,0.20723026990890503,2123,0.6387221813201904,1880,2.56927752494812,93,nan,0,nan,0
960,3932160,71136.9,56.3,38.09,34.62,50,0.625,113,0.7168141592920354,174,124,35,14,1,0,0,103,-3.8184213348008336,23.70689655172414,0.12234019488096237,-0.022213855758309364,0.9770525097846985,-0.010011594241950661,29.950616276264192,0.5377871096134186,0.28726241141557696,0.0031409409682964908,0.034814453125,34.01661205291748,-1.367880031466484e-09,0.5356098413467407,5.52712384851588e-06,-1.2845044136047363,0.22153005003929138,1969,0.7278198599815369,1970,1.651473879814148,157,nan,0,nan,0
961,3936256,71210.1,56.3,38.15,34.62,50,0.625,279,0.7777777777777778,166,136,18,11,0,1,0,110,-3.8742618528051396,24.481927710843372,0.21537230908870697,-0.01819285750389099,0.9819338321685791,-0.009253285801969468,22.801926255226135,0.5377059757709504,0.22917909417301416,0.0032156707224203275,0.0361328125,40.38815393447876,-1.0477378964424133e-09,0.5491668581962585,5.22006141248722e-06,-1.2845170497894287,0.22257111966609955,2113,0.6083586812019348,1866,1.6512902975082397,117,nan,0,nan,0
962,3940352,71283.9,55.9,38.72,34.58,50,0.625,456,0.7763157894736842,177,137,24,15,1,0,0,112,-3.8328630149295684,23.259887005649716,0.18967537581920624,-0.01981193944811821,0.9800969362258911,-0.01098790329415351,26.317455339431763,0.537673830986023,0.29643116910010575,0.005667742766672745,0.066015625,23.045811700820924,-2.6193447411060333e-09,0.5922724604606628,4.91299897645856e-06,-1.2845251560211182,0.21553321182727814,2113,0.6633690595626831,1848,2.4273693561553955,135,nan,0,nan,0
963,3944448,71357.2,56.3,38.18,34.62,50,0.625,115,0.782608695652174,171,126,31,14,0,0,0,106,-3.92714876303101,23.82456140350877,0.14820359647274017,-0.020351136103272438,0.9816560745239258,-0.011865471582859754,27.39606213569641,0.5376075088977814,0.261850425414741,0.005312192991550546,0.060400390625,25.088081121444702,-5.238689482212067e-09,0.5578435063362122,4.6059365404299e-06,-1.2845542430877686,0.213179349899292,2106,0.6536680459976196,1881,2.0781819820404053,109,nan,0,nan,0
964,3948544,71430.6,56.2,38.39,34.56,50,0.625,283,0.7561837455830389,168,124,25,17,1,1,0,100,-3.791492846883208,24.101190476190474,0.1281304955482483,-0.021868357434868813,0.9786150455474854,-0.009519265848211944,27.60657044649124,0.537496417760849,0.33354325592517853,0.002697512845043093,0.02529296875,23.561918115615846,-1.7171259969472885e-09,0.575363278388977,4.29887410440124e-06,-1.2845691442489624,0.222090944647789,1992,0.7154802083969116,1966,2.481555461883545,138,nan,0,nan,0
965,3952640,71503.8,56.4,38.07,34.57,50,0.625,445,0.7370786516853932,162,114,33,12,1,2,0,91,-3.7972621009579886,25.22222222222222,0.08782642334699631,-0.024195333942770958,0.984748363494873,-0.00718057572375983,37.62122663259506,0.5374212086200714,0.3496346099302173,0.0060092898071161475,0.048486328125,30.77249732017517,-1.280568540096283e-09,0.5176820158958435,3.99181166837258e-06,-1.2846040725708008,0.24905146658420563,1961,0.7686571478843689,1978,1.9756160974502563,157,nan,0,nan,0
966,3956736,71577.5,55.9,38.66,34.57,50,0.625,105,0.8095238095238095,172,132,24,13,3,0,0,121,-3.9040292234755474,24.226744186046513,0.16070839762687683,-0.021474895998835564,0.9854739904403687,-0.009029885847121477,29.012373948097228,0.5372855722904205,0.2929161125794053,0.0038482056523207577,0.043212890625,28.473091077804565,-3.0850060284137726e-09,0.5696634650230408,3.68474923234392e-06,-1.2846250534057617,0.222507506608963,1983,0.6535356640815735,1954,2.3747100830078125,159,nan,0,nan,0
967,3960832,71650.8,56.2,38.29,34.57,50,0.625,273,0.7252747252747253,168,113,33,18,3,1,0,87,-3.7531056878310896,24.648809523809526,0.07592342793941498,-0.0218901876360178,0.9831975698471069,-0.006293178891064599,36.24799063205719,0.5372249484062195,0.3707779636606574,0.0027653078650473617,0.02509765625,36.13796491622925,-3.055902197957039e-09,0.5219933390617371,3.37768679631526e-06,-1.2846424579620361,0.22679491341114044,2052,0.7652056813240051,1968,1.9256517887115479,76,nan,0,nan,0
968,3964928,71724.2,56.2,38.33,34.61,50,0.625,435,0.7586206896551724,162,132,19,9,2,0,0,114,-3.9359126207341846,24.432098765432098,0.20517736673355103,-0.021000711247324944,0.9860193133354187,-0.007219441107008606,23.9321440577507,0.5371485650539398,0.25981656592339275,0.001217628391168546,0.009375,30.8214448928833,-1.8335413187742233e-09,0.5402861833572388,3.0706243602865997e-06,-1.2846591472625732,0.21826046705245972,2104,0.642568051815033,1864,1.5056945085525513,128,nan,0,nan,0
969,3969024,71797.9,56.0,38.53,34.58,50,0.625,92,0.7608695652173914,169,125,28,12,3,1,0,108,-3.710668427924666,24.402366863905325,0.13368818163871765,-0.020714960992336273,0.9824293255805969,-0.007621130580082536,32.0886159658432,0.537081903219223,0.27146305590868,0.002102612169983331,0.01923828125,26.351453638076784,-1.3096723705530167e-09,0.555122971534729,2.76356192425794e-06,-1.2846791744232178,0.2117743194103241,1996,0.6555002927780151,1885,1.6511021852493286,215,nan,0,nan,0
970,3973120,71872.0,55.7,39.0,34.6,50,0.625,273,0.7875457875457875,181,145,21,13,1,1,0,124,-3.8679535315881384,23.14364640883978,0.23019997775554657,-0.01940116472542286,0.9810983538627625,-0.006251995963975787,29.86717656850815,0.5370009064674377,0.28325150795280934,0.001526330370688811,0.012451171875,30.559761619567873,-6.111804395914078e-10,0.4725492596626282,2.45649948822928e-06,-1.2846975326538086,0.21038806438446045,2167,0.675493061542511,1802,2.04009747505188,127,nan,0,nan,0
971,3977216,71945.0,56.5,37.95,34.59,50,0.625,440,0.7568181818181818,167,118,34,13,2,0,0,99,-3.907028936938318,24.305389221556887,0.1091039702296257,-0.020783251151442528,0.9781115055084229,-0.00458542131818831,28.949733674526215,0.5369435310363769,0.28257195837795734,0.0009578357145073824,0.004345703125,30.189827108383177,-1.8335413187742233e-09,0.538199782371521,2.14943705220062e-06,-1.2847068309783936,0.21062952280044556,2050,0.6930717825889587,1906,1.616606593132019,140,nan,0,nan,0
972,3981312,72018.9,55.8,38.83,34.61,50,0.625,100,0.68,172,111,39,21,1,0,0,101,-3.92207475415334,23.436046511627907,0.054482150822877884,-0.022184979170560837,0.983690083026886,-0.00251251581357792,35.7159182548523,0.5369207203388214,0.318552327901125,0.001660659327171743,0.0078125,46.45843563079834,-3.1141098588705063e-09,0.5427340269088745,1.84237461617196e-06,-1.2847096920013428,0.21836243569850922,1947,0.7085479497909546,1949,1.9976632595062256,200,nan,0,nan,0
973,3985408,72093.0,55.6,39.08,34.58,50,0.625,278,0.7086330935251799,178,129,34,13,2,0,0,107,-3.784882295590018,23.264044943820224,0.15569466352462769,-0.018001731485128403,0.9770290851593018,-0.006063682632520795,29.335831260681154,0.5369084417819977,0.22670208867639302,0.0018675772109418177,0.01669921875,22.5833984375,-1.3096723705530167e-09,0.4955107569694519,1.5353121801432998e-06,-1.2847135066986084,0.21039824187755585,2163,0.6250388622283936,1864,2.142904043197632,69,nan,0,nan,0
974,3989504,72166.6,56.1,38.5,34.57,50,0.625,449,0.7461024498886414,171,138,19,12,2,0,0,112,-3.926528211669349,23.555555555555557,0.20988932251930237,-0.02019878663122654,0.9831846952438354,-0.004034821910317987,29.161777770519258,0.5368802905082702,0.26956286299973725,0.0006638149498030543,0.003662109375,28.318128967285155,-2.939486876130104e-09,0.4896138310432434,1.22824974411464e-06,-1.2847256660461426,0.21986238658428192,2069,0.6548822522163391,1939,1.895848035812378,88,nan,0,nan,0
975,3993600,72240.5,55.8,38.83,34.6,50,0.625,110,0.7,173,126,27,18,1,1,0,100,-3.9183187013607492,23.797687861271676,0.13266800343990326,-0.021040767431259155,0.9770583510398865,-0.0023397404002025723,30.86866170167923,0.5368364572525024,0.30003596637398006,0.00018342032271903008,0.000244140625,24.98890390396118,-2.2118911147117615e-09,0.5592918395996094,9.2118730808598e-07,-1.2847325801849365,0.208730548620224,1982,0.7052032351493835,1941,1.8077977895736694,173,nan,0,nan,0
976,3997696,72314.2,55.9,38.61,34.63,50,0.625,288,0.7326388888888888,178,134,30,11,2,1,0,114,-3.8781485037613286,23.47752808988764,0.17086292803287506,-0.020163318142294884,0.9788157343864441,-0.0019413025584071875,29.514280378818512,0.5368163764476777,0.2913998603820801,0.00025023146008607,0.000927734375,23.33646206855774,-1.6589183360338211e-09,0.5651106834411621,6.1412487205732e-07,-1.2847366333007812,0.209110826253891,2065,0.6383892297744751,1876,2.1952433586120605,155,nan,0,nan,0
977,4001792,72387.1,56.6,37.83,34.6,50,0.625,450,0.7133333333333334,162,110,31,14,4,3,0,91,-3.936440957187202,24.993827160493826,0.054391805082559586,-0.025420527905225754,0.9814438223838806,-0.000894348043948412,36.91974391937256,0.5368017077445983,0.4700317712500691,6.131366535555571e-05,9.765625e-05,28.145418167114258,-3.2014213502407074e-09,0.582402765750885,3.0706243602866e-07,-1.2847400903701782,0.22405225038528442,1937,0.8042646050453186,1882,2.553783655166626,277,nan,0,nan,0
