update,global_step,wall_s,sps,rollout_s,learn_s,level,c,window_n,window_success,episodes,n_success,n_crash_ground,n_crash_platform,n_tilt,n_drift,n_timeout,strict_success,impact_vz_mean,ep_len_mean,reward_mean,r_active_mean,r_active_frac,pg,v,ent,est,kl,clipfrac,grad_norm,kl_first,explained_var,lr,log_std_mean,est_err_blind_0_0,n_blind_0_0,est_err_blind_1_15,n_blind_1_15,est_err_blind_16_60,n_blind_16_60,est_err_blind_61_120,n_blind_61_120,est_err_blind_121_inf,n_blind_121_inf
1,4096,67.7,60.5,34.45,33.27,10,0.125,157,0.03821656050955414,157,6,147,2,2,0,0,5,-4.202208776126647,24.78980891719745,-1.3308173418045044,-0.09615111351013184,1.0,-0.0038768759230151774,172.2695011138916,3.6738847851753236,4.617580819129944,0.0075274757837178186,0.091796875,48.35036678314209,0.0,0.0057735443115234375,0.0003,-0.5013546943664551,5.277612686157227,2207,4.738200664520264,1820,7.31134033203125,69,nan,0,nan,0
2,8192,137.4,58.8,35.73,33.92,10,0.125,326,0.046012269938650305,169,9,157,2,1,0,0,5,-3.4139721837920907,24.485207100591715,-1.325275182723999,-0.09300094097852707,1.0,-0.0031239817617461085,129.4128891944885,3.668239986896515,3.33696862757206,0.0050303940457524735,0.058251953125,73.00203647613526,0.0,0.035655200481414795,0.0002996929375639713,-0.5023166537284851,2.6187362670898438,2147,4.777873516082764,1880,6.304874897003174,69,nan,0,nan,0
3,12288,207.0,59.2,35.09,34.12,10,0.125,493,0.04259634888438134,167,6,157,3,1,0,0,3,-3.253424492365976,24.04191616766467,-1.3163812160491943,-0.08818802237510681,1.0,-0.003946329466998577,86.41724467277527,3.6642401218414307,2.4349904254078867,0.006789474876131863,0.09287109375,88.3460922241211,-1.1641532182693481e-10,0.08016282320022583,0.00029938587512794265,-0.5035759210586548,2.5462703704833984,2148,4.055395126342773,1900,5.76696252822876,48,nan,0,nan,0
4,16384,278.4,57.8,36.66,34.19,10,0.125,148,0.07432432432432433,167,12,148,6,1,0,0,6,-3.5933096657196733,24.850299401197606,-1.2689632177352905,-0.08569423854351044,1.0,-0.002530584181658924,56.66649045944214,3.6600157380104066,2.122099596261978,0.006493031821446493,0.084619140625,79.9937744140625,-1.1641532182693481e-10,0.07695901393890381,0.00029907881269191397,-0.5042757391929626,2.542128562927246,2243,3.6401209831237793,1810,5.641622066497803,43,nan,0,nan,0
5,20480,349.8,57.7,36.73,34.23,10,0.125,316,0.08544303797468354,168,16,143,8,1,0,0,7,-3.301360640654797,24.351190476190474,-1.2530701160430908,-0.0857495367527008,1.0,-0.0003512103110551834,44.396465718746185,3.6564201951026916,2.0253702864050864,0.008023142887395807,0.1033203125,44.99451580047607,0.0,0.10299646854400635,0.00029877175025588533,-0.5063090920448303,2.4649691581726074,2197,3.554173707962036,1829,5.361584663391113,70,nan,0,nan,0
6,24576,422.0,57.2,37.4,34.27,10,0.125,491,0.07942973523421588,175,12,159,4,0,0,0,5,-3.267606210940046,23.66857142857143,-1.296654462814331,-0.08445940911769867,1.0,0.00022118947235867382,34.697327852249146,3.6456372141838074,2.0040401190519335,0.011264389668940566,0.159130859375,18.763368105888368,0.0,0.2113766074180603,0.00029846468781985665,-0.5086958408355713,2.784379720687866,2239,3.5430753231048584,1804,5.493643760681152,53,nan,0,nan,0
7,28672,494.1,57.2,37.33,34.28,10,0.125,152,0.09210526315789473,173,15,152,5,1,0,0,9,-3.846453965072813,23.6878612716763,-1.248818278312683,-0.08025124669075012,1.0,-0.0018272538669407367,33.84038152694702,3.6369115352630614,1.638094361126423,0.010243148027802818,0.148876953125,17.95712161064148,0.0,0.320776104927063,0.000298157625383828,-0.5111624598503113,2.285179615020752,2261,3.331759452819824,1780,5.206033229827881,55,nan,0,nan,0
8,32768,566.2,57.2,37.3,34.32,10,0.125,322,0.07763975155279502,170,11,154,2,3,0,0,5,-4.051808654433935,23.988235294117647,-1.2874174118041992,-0.08143220841884613,0.9997453093528748,-0.0037959050852805374,22.997319281101227,3.62645503282547,1.634544287621975,0.009907670452957974,0.1375,11.49619654417038,0.0,0.5334389209747314,0.00029785056294779933,-0.5133956670761108,2.327178716659546,2319,3.41261625289917,1738,5.056931495666504,39,nan,0,nan,0
9,36864,638.0,57.5,36.94,34.34,10,0.125,492,0.08130081300813008,170,15,146,7,2,0,0,9,-4.049484569681192,23.788235294117648,-1.2315316200256348,-0.0768115445971489,1.0,-0.0010232412954792381,28.99015161395073,3.61986163854599,1.515023861080408,0.01697164676443208,0.22724609375,13.14050600528717,0.0,0.5016894340515137,0.0002975435005117707,-0.5144652128219604,2.4082183837890625,2327,3.0460758209228516,1727,6.382994651794434,42,nan,0,nan,0
10,40960,710.1,57.2,37.27,34.35,10,0.125,151,0.1456953642384106,171,24,143,4,0,0,0,12,-3.7468789180708075,23.830409356725145,-1.1645610332489014,-0.07589941471815109,1.0,-0.0016121689928695559,33.21834382414818,3.6154454827308653,1.4004275545477867,0.010283783960039728,0.13662109375,12.57036621570587,0.0,0.47748059034347534,0.000297236438075742,-0.5156843662261963,2.3385987281799316,2357,3.0078341960906982,1727,2.9929163455963135,12,nan,0,nan,0
11,45056,782.9,56.7,37.96,34.32,10,0.125,330,0.1303030303030303,179,21,155,3,0,0,0,9,-3.6615394992089807,23.29050279329609,-1.2058992385864258,-0.07592588663101196,1.0,-0.0009023857244756072,28.883950889110565,3.611489307880402,1.2846813522279263,0.0125232095917454,0.16689453125,8.802100837230682,0.0,0.4952215552330017,0.0002969293756397134,-0.5165585875511169,2.2100989818573,2448,2.99308705329895,1625,4.2924699783325195,23,nan,0,nan,0
12,49152,854.9,57.2,37.28,34.32,10,0.125,505,0.12673267326732673,175,21,148,3,3,0,0,13,-3.5372487037865805,23.228571428571428,-1.1836292743682861,-0.07617078721523285,1.0,0.0005874996772035956,29.919730472564698,3.6083266615867613,1.3482155188918115,0.011613611518987455,0.15654296875,9.980216801166534,0.0,0.46755290031433105,0.0002966223132036847,-0.5171286463737488,2.26391863822937,2314,2.8915669918060303,1733,3.928128957748413,49,nan,0,nan,0
13,53248,926.3,57.8,36.54,34.35,10,0.125,168,0.125,175,22,140,10,3,0,0,12,-3.502848491908037,23.76,-1.1274738311767578,-0.07722171396017075,1.0,-0.005196543084457517,28.208454835414887,3.6042824149131776,1.2856816366314887,0.010414476020378061,0.14267578125,10.807825899124145,0.0,0.48308974504470825,0.00029631525076765606,-0.5188292264938354,2.3866708278656006,2265,2.774116039276123,1800,2.6369428634643555,31,nan,0,nan,0
14,57344,998.5,57.1,37.45,34.28,10,0.125,336,0.14285714285714285,168,27,134,4,3,0,0,15,-3.9524914617779783,24.160714285714285,-1.0999902486801147,-0.07395948469638824,1.0,-0.003687208378687501,34.19751726388931,3.5985675573349,1.2102460511028768,0.007770440526655875,0.10263671875,10.029979932308198,0.0,0.4061862826347351,0.00029600818833162737,-0.5196102857589722,2.2207908630371094,2268,2.7613472938537598,1764,3.981409788131714,64,nan,0,nan,0
15,61440,1070.6,57.2,37.31,34.32,10,0.125,506,0.15217391304347827,170,29,129,9,3,0,0,15,-3.550257431747997,23.764705882352942,-1.0768828392028809,-0.07455679774284363,0.9997453093528748,-0.003014697786420584,34.96148064136505,3.5957658767700194,1.3285976499319077,0.009008850198006258,0.120166015625,11.453771281242371,-5.820766091346741e-11,0.43573296070098877,0.00029570112589559874,-0.5204980373382568,2.321422815322876,2259,2.7274880409240723,1770,3.246727705001831,67,nan,0,nan,0
16,65536,1142.7,57.1,37.38,34.3,10,0.125,172,0.22093023255813954,178,38,129,6,5,0,0,21,-3.8234441640433285,23.04494382022472,-1.0513765811920166,-0.07400935888290405,1.0,-0.0012928853742778302,43.33958003520966,3.5923068046569826,1.1802327178418637,0.009008115029428155,0.118603515625,11.594142365455628,0.0,0.36553895473480225,0.00029539406345957005,-0.5211092233657837,2.1636574268341064,2239,2.8051576614379883,1785,3.468865394592285,72,nan,0,nan,0
17,69632,1215.1,57.0,37.61,34.29,10,0.125,347,0.20461095100864554,175,33,134,8,0,0,0,15,-3.728974336269292,23.548571428571428,-1.0523548126220703,-0.07029569894075394,1.0,0.002678404707694426,35.97267496585846,3.5892584323883057,1.0862748712301253,0.013885257579386235,0.182470703125,10.115315878391266,0.0,0.36224687099456787,0.0002950870010235414,-0.5223822593688965,2.1667380332946777,2237,2.5288851261138916,1791,3.0099213123321533,68,nan,0,nan,0
18,73728,1287.6,56.9,37.76,34.28,10,0.125,16,0.125,181,39,137,3,2,0,0,19,-4.037446587200361,22.784530386740332,-1.0385195016860962,-0.07081422209739685,0.9997445940971375,0.0017890780232846736,39.59389103651047,3.584059703350067,1.1331342577934265,0.012607802543789149,0.165478515625,10.068689131736756,0.0,0.3505328893661499,0.00029477993858751273,-0.5235122442245483,2.1072163581848145,2434,2.710059881210327,1642,3.453402042388916,20,nan,0,nan,0
19,77824,1360.5,56.6,38.04,34.32,10,0.125,198,0.1717171717171717,182,32,137,10,3,0,0,22,-3.6282868862628606,22.653846153846153,-1.0493762493133545,-0.06561271846294403,1.0,0.004006692441180348,34.11545264720917,3.57898633480072,0.9909337557852268,0.012515917286509647,0.165283203125,12.374546718597411,0.0,0.33697444200515747,0.0002944728761514841,-0.5250717401504517,1.890830636024475,2332,2.537134885787964,1698,3.439662218093872,66,nan,0,nan,0
20,81920,1432.5,57.2,37.29,34.29,10,0.125,377,0.1724137931034483,179,31,137,7,4,0,0,16,-3.925501959043954,22.491620111731844,-1.0671844482421875,-0.06652049720287323,1.0,-0.0007804810302332044,34.50988435745239,3.5719250798225404,1.0256985574960709,0.010324362094979733,0.134814453125,9.200814509391785,0.0,0.32401835918426514,0.00029416581371545546,-0.5270112156867981,2.07922101020813,2282,2.359314203262329,1764,2.9145987033843994,50,nan,0,nan,0
21,86016,1504.8,57.0,37.53,34.32,10,0.125,50,0.2,185,29,142,6,8,0,0,16,-3.759658419779081,21.92972972972973,-1.0851314067840576,-0.0684010237455368,1.0,-0.005946727585978806,32.614450860023496,3.563862121105194,0.9606447413563728,0.010484700251254253,0.142578125,9.352037250995636,0.0,0.3397027254104614,0.0002938587512794268,-0.5287779569625854,2.0545191764831543,2221,2.419327974319458,1813,3.858341932296753,62,nan,0,nan,0
22,90112,1577.4,56.8,37.76,34.3,10,0.125,235,0.20425531914893616,185,38,130,10,7,0,0,20,-3.7962858399245305,22.464864864864865,-1.0255653858184814,-0.0649535059928894,0.9997442960739136,0.002070040954276919,38.72078016996384,3.5562055945396422,0.9441496543586254,0.012027660897001625,0.16083984375,12.084071326255799,0.0,0.3479722738265991,0.00029355168884339814,-0.5311344861984253,1.945699691772461,2390,2.4960741996765137,1677,2.264777183532715,29,nan,0,nan,0
23,94208,1649.9,56.9,37.73,34.29,10,0.125,413,0.18886198547215496,178,30,135,9,4,0,0,18,-3.860423999220505,23.01685393258427,-1.0307426452636719,-0.05767688900232315,1.0,0.003396914643235505,32.37349700331688,3.5479634404182434,0.8145559094846249,0.014907076480449177,0.183984375,10.936463260650635,-5.820766091346741e-11,0.3482900857925415,0.0002932446264073695,-0.5326670408248901,1.7520735263824463,2381,2.330214023590088,1679,2.2246651649475098,36,nan,0,nan,0
24,98304,1722.5,56.8,37.77,34.3,10,0.125,91,0.16483516483516483,190,39,140,4,7,0,0,26,-3.842374920025462,21.705263157894738,-1.0352638959884644,-0.05818651616573334,0.9997439980506897,0.001579393493011594,37.726417100429536,3.5418567299842834,0.8110760979354381,0.01202932714659255,0.15263671875,11.2551260471344,0.0,0.3195886015892029,0.0002929375639713408,-0.5345110297203064,1.7569783926010132,2368,2.2490153312683105,1679,3.2054238319396973,49,nan,0,nan,0
25,102400,1795.1,56.7,37.86,34.33,10,0.125,274,0.18248175182481752,183,35,134,6,8,0,0,24,-4.006024734326686,21.97814207650273,-1.03927743434906,-0.05516894534230232,1.0,-0.0018498179386369884,36.325505912303925,3.533270740509033,0.7223667655140161,0.015720516204601152,0.204443359375,10.723073756694793,-5.820766091346741e-11,0.31281936168670654,0.0002926305015353122,-0.5371220111846924,1.6707566976547241,2306,2.1617701053619385,1762,2.7112998962402344,28,nan,0,nan,0
26,106496,1867.9,56.6,38.01,34.29,10,0.125,462,0.18398268398268397,188,35,139,5,9,0,0,21,-4.191900902444419,21.79255319148936,-1.037922739982605,-0.05240941047668457,0.9997441172599792,-0.00244556050747633,36.570745253562926,3.523337709903717,0.612580094486475,0.012146936700446531,0.155126953125,9.779597926139832,-5.820766091346741e-11,0.29984134435653687,0.0002923234390992835,-0.5391039848327637,1.6646113395690918,2404,1.9018861055374146,1672,2.7517850399017334,20,nan,0,nan,0
27,110592,1940.8,56.6,38.14,34.29,10,0.125,143,0.2097902097902098,193,37,129,14,13,0,0,24,-3.707045784350215,21.53886010362694,-1.0174317359924316,-0.04701061546802521,1.0,0.0007351837470196187,37.434732508659366,3.515033984184265,0.628970492258668,0.011876338341971859,0.145947265625,15.297328794002533,0.0,0.28014421463012695,0.00029201637666325487,-0.5417044162750244,1.378538966178894,2340,2.0910613536834717,1730,2.9562630653381348,26,nan,0,nan,0
28,114688,2013.4,56.8,37.8,34.29,10,0.125,328,0.20426829268292682,185,37,131,6,11,0,0,18,-3.834025838569004,22.17837837837838,-0.9865249395370483,-0.04589688777923584,0.9997442960739136,0.00012029935605823993,37.06156259775162,3.5060269474983214,0.5600291725248099,0.013848563376814126,0.174267578125,10.61820170879364,-5.820766091346741e-11,0.2642124891281128,0.0002917093142272262,-0.5429317951202393,1.411739468574524,2381,1.9179556369781494,1700,2.6744234561920166,15,nan,0,nan,0
29,118784,2086.1,56.7,37.96,34.29,10,0.125,8,0.125,192,37,137,9,9,0,0,26,-4.001724665178927,21.40625,-1.0018301010131836,-0.04099782556295395,0.9994876980781555,-0.003810550761409104,34.651006364822386,3.5025529146194456,0.44849701449275015,0.011807988307555205,0.12861328125,11.995544028282165,0.0,0.27699822187423706,0.00029140225179119755,-0.5436648726463318,1.2894800901412964,2352,1.7429940700531006,1725,3.5563559532165527,19,nan,0,nan,0
30,122880,2158.9,56.6,38.01,34.33,10,0.125,196,0.2193877551020408,188,42,120,14,12,0,0,28,-4.021136076691319,21.80851063829787,-0.9749209880828857,-0.04019368439912796,0.9992323517799377,-0.00414359214482829,38.198892045021054,3.4995543241500853,0.519119442999363,0.010774157044943422,0.136962890625,10.366086983680725,-5.820766091346741e-11,0.2879772186279297,0.00029109518935516886,-0.5444869995117188,1.215390682220459,2325,1.8704856634140015,1726,2.633530616760254,45,nan,0,nan,0
31,126976,2231.6,56.7,37.92,34.32,10,0.125,385,0.22857142857142856,189,45,115,16,13,0,0,30,-4.113670294111951,21.238095238095237,-0.9437365531921387,-0.035469572991132736,0.9992321729660034,-0.0020467144204303622,40.682252645492554,3.4956400871276854,0.41920427829027174,0.01233499459340237,0.148974609375,9.833406805992126,0.0,0.25110530853271484,0.00029078812691914023,-0.5457960963249207,1.1448979377746582,2347,1.6126363277435303,1733,2.930781602859497,16,nan,0,nan,0
32,131072,2304.4,56.6,37.96,34.34,10,0.125,68,0.25,195,48,122,13,12,0,0,22,-4.514950277523302,21.128205128205128,-0.9415872097015381,-0.03417171537876129,0.9994873404502869,-0.00016087841941043736,41.45804622173309,3.4882474541664124,0.4032061815261841,0.01406214871967677,0.165380859375,10.490679132938386,-5.820766091346741e-11,0.22396433353424072,0.00029048106448311154,-0.5482497215270996,1.09788179397583,2363,1.5721334218978882,1716,2.446354866027832,17,nan,0,nan,0
33,135168,2377.2,56.6,38.03,34.33,10,0.125,262,0.24427480916030533,194,47,133,4,10,0,0,25,-4.2985666966357,21.298969072164947,-0.9267592430114746,-0.03793676197528839,0.9997437000274658,-0.003087441832758486,41.64297754764557,3.4807245254516603,0.4381287258118391,0.010929751835647039,0.142822265625,13.542641067504883,0.0,0.21409744024276733,0.0002901740020470829,-0.5489996671676636,1.1707236766815186,2402,1.6718558073043823,1664,2.396629810333252,30,nan,0,nan,0
34,139264,2449.9,56.8,37.82,34.32,10,0.125,458,0.2554585152838428,196,53,116,11,16,0,0,34,-4.143330392032826,20.93877551020408,-0.9282141923904419,-0.035829879343509674,0.9989743828773499,-0.005350319109857083,45.80478630065918,3.478250277042389,0.41739539466798303,0.012443476571934297,0.154345703125,10.737704300880432,-1.1641532182693481e-10,0.22491151094436646,0.0002898669396110542,-0.5500011444091797,1.1007531881332397,2338,1.709851622581482,1721,3.2806642055511475,37,nan,0,nan,0
35,143360,2522.7,56.6,38.07,34.3,10,0.125,139,0.23741007194244604,193,47,129,9,8,0,0,29,-4.395782694978513,21.207253886010363,-0.9315071105957031,-0.02941073663532734,0.9984627366065979,-0.0030343922087922694,42.26285586357117,3.471153211593628,0.3314044766128063,0.011831500005791895,0.153271484375,9.912992060184479,0.0,0.19023340940475464,0.0002895598771750256,-0.5526485443115234,1.0278314352035522,2403,1.3678271770477295,1671,1.7298030853271484,22,nan,0,nan,0
36,147456,2595.3,56.8,37.8,34.31,10,0.125,347,0.2507204610951009,208,54,116,12,26,0,0,35,-4.164745974921846,19.557692307692307,-0.9318774342536926,-0.027946380898356438,0.9976851940155029,-0.0006594178499653936,43.63090870380402,3.462186026573181,0.3429624820128083,0.017428320174803957,0.21259765625,9.813181722164154,0.0,0.1964505910873413,0.0002892528147389969,-0.553892195224762,0.8659396767616272,2311,1.4520267248153687,1767,2.7980105876922607,18,nan,0,nan,0
37,151552,2668.4,56.4,38.32,34.29,10,0.125,37,0.1891891891891892,202,30,134,21,17,0,0,21,-4.0083042756283245,20.287128712871286,-1.0522055625915527,-0.02985893189907074,0.9992296099662781,-0.001548894145525992,28.460367679595947,3.4593291163444517,0.3348066223785281,0.01236630073399283,0.157763671875,13.171612334251403,-1.1641532182693481e-10,0.2752918601036072,0.00028894575230296827,-0.5543262958526611,0.9483199119567871,2421,1.476312518119812,1671,2.196143627166748,4,nan,0,nan,0
38,155648,2741.3,56.6,38.11,34.32,10,0.125,248,0.1975806451612903,211,42,119,22,28,0,0,26,-4.4002985296258785,19.497630331753555,-1.0016634464263916,-0.03188355267047882,0.9989703893661499,-0.0017221621703356505,35.49780967235565,3.456322503089905,0.3650449803099036,0.012002166613820009,0.1576171875,10.860193514823914,-1.1641532182693481e-10,0.26479434967041016,0.0002886386898669396,-0.5556508302688599,1.02341890335083,2328,1.5260210037231445,1766,0.9916139841079712,2,nan,0,nan,0
39,159744,2814.7,56.2,38.61,34.28,10,0.125,455,0.21978021978021978,207,51,116,17,23,0,0,29,-4.214410046288697,19.946859903381643,-0.9384605288505554,-0.024706607684493065,0.9989714622497559,0.003390810452401638,39.79048244953155,3.4493456363677977,0.2690322333946824,0.018136614488321358,0.21767578125,10.637285614013672,0.0,0.23773640394210815,0.00028833162743091095,-0.5575917363166809,0.9201858639717102,2476,1.2008931636810303,1619,1.6324197053909302,1,nan,0,nan,0
40,163840,2886.9,57.1,37.4,34.33,10,0.125,144,0.2013888888888889,201,48,112,18,23,0,0,31,-4.021663712896301,20.27363184079602,-0.9283924102783203,-0.024602126330137253,0.9982028007507324,0.004515993129462004,38.77033789157868,3.4425976157188414,0.2805275749415159,0.020444159768521784,0.22177734375,10.043511807918549,0.0,0.20855683088302612,0.00028802456499488227,-0.5588919520378113,0.8304916024208069,2372,1.2878113985061646,1720,1.7583622932434082,4,nan,0,nan,0
41,167936,2960.0,56.3,38.39,34.32,10,0.125,347,0.2017291066282421,203,41,125,10,27,0,0,30,-4.309992834517445,20.15270935960591,-0.9734864234924316,-0.02736761048436165,0.9976881742477417,0.00045567702618427576,35.1746588230133,3.4368582129478455,0.29363647662103176,0.022862871910911055,0.239404296875,9.896187257766723,-1.1641532182693481e-10,0.21721476316452026,0.00028771750255885363,-0.5607390403747559,0.9075149893760681,2315,1.319273829460144,1769,2.7109482288360596,12,nan,0,nan,0
42,172032,3033.1,56.5,38.24,34.3,10,0.125,53,0.2641509433962264,218,41,120,15,42,0,0,26,-4.0557896049014674,18.876146788990827,-1.0151549577713013,-0.02793687954545021,0.9979370832443237,-0.0017252270597964525,35.24958026409149,3.429062604904175,0.2753957502543926,0.01498521800385788,0.19111328125,8.105204319953918,0.0,0.21946871280670166,0.00028741044012282495,-0.5627881288528442,0.90631502866745,2354,1.3454324007034302,1742,nan,0,nan,0,nan,0
43,176128,3106.3,56.3,38.43,34.3,10,0.125,257,0.2178988326848249,204,42,133,10,19,0,0,25,-4.297822599660078,19.916666666666668,-0.9808439612388611,-0.02619645930826664,0.998715341091156,0.006871062610298395,38.13884184360504,3.422282028198242,0.3120949579402804,0.026695991144515575,0.281689453125,13.800796401500701,0.0,0.22655647993087769,0.0002871033776867963,-0.5638523101806641,0.7869904041290283,2346,1.2894399166107178,1742,1.9387198686599731,8,nan,0,nan,0
44,180224,3179.1,56.6,38.08,34.33,10,0.125,462,0.20346320346320346,205,38,135,5,27,0,0,22,-4.008639914271888,19.86341463414634,-0.9859791398048401,-0.027198437601327896,0.9987149834632874,-0.0009651324711740017,33.09090329408646,3.4155725598335267,0.301403097063303,0.018356190575286747,0.230126953125,9.085308277606964,-5.820766091346741e-11,0.256070613861084,0.0002867963152507676,-0.5666773319244385,0.8870319128036499,2376,1.4356337785720825,1713,3.450406551361084,7,nan,0,nan,0
45,184320,3252.2,56.4,38.28,34.34,10,0.125,156,0.23717948717948717,206,49,121,10,26,0,0,28,-4.270194563078453,19.95145631067961,-0.9196203351020813,-0.02507401630282402,0.9969151616096497,-0.0020203368680085988,38.510479760169986,3.403838002681732,0.2991573723033071,0.012628655708977022,0.15595703125,12.128919291496278,-5.820766091346741e-11,0.2342379093170166,0.000286489252814739,-0.5694562196731567,0.8162489533424377,2409,1.3762069940567017,1679,2.251734495162964,8,nan,0,nan,0
46,188416,3325.7,56.1,38.69,34.33,10,0.125,358,0.21787709497206703,202,41,131,16,14,0,0,32,-4.061079455501785,20.480198019801982,-0.9631158113479614,-0.026528790593147278,0.9987159967422485,-0.0028134874533861875,36.68094824552536,3.390789198875427,0.2825577924028039,0.01525987260392867,0.18984375,11.614907610416413,0.0,0.2196010947227478,0.0002861821903787103,-0.5733286142349243,0.7770796418190002,2308,1.4087239503860474,1771,2.9765326976776123,17,nan,0,nan,0
47,192512,3398.9,56.3,38.45,34.3,10,0.125,49,0.3673469387755102,203,54,119,14,16,0,0,34,-4.04686635834132,20.339901477832512,-0.8841992020606995,-0.022894330322742462,0.9956331849098206,-0.008108348981477321,42.0497882604599,3.3743556261062624,0.2432964975014329,0.011549783183727413,0.157177734375,11.050963258743286,0.0,0.2149234414100647,0.0002858751279426817,-0.5774434208869934,0.731204092502594,2303,1.275075912475586,1782,2.9490654468536377,11,nan,0,nan,0
48,196608,3471.8,56.5,38.14,34.3,10,0.125,246,0.3008130081300813,197,56,109,18,14,0,0,32,-3.9803885756157844,20.604060913705585,-0.8632977604866028,-0.02096853218972683,0.9976916909217834,-0.006431658053770661,44.40691454410553,3.3581730365753173,0.23951589930802583,0.012946533277863636,0.168017578125,7.255553936958313,-5.820766091346741e-11,0.18932056427001953,0.000285568065506653,-0.581821084022522,0.7039443254470825,2386,1.193106770515442,1695,1.8935773372650146,15,nan,0,nan,0
49,200704,3544.8,56.5,38.2,34.3,10,0.125,450,0.31555555555555553,204,68,103,12,21,0,0,45,-3.826316737682701,19.892156862745097,-0.8233795762062073,-0.021560776978731155,0.9974306225776672,0.005687187681905926,46.622285628318785,3.341184604167938,0.3666514478623867,0.026765904412604867,0.2466796875,24.054999780654907,-5.820766091346741e-11,0.20275330543518066,0.00028526100307062435,-0.5850459933280945,0.6489200592041016,2315,1.2420307397842407,1763,3.141087055206299,18,nan,0,nan,0
50,204800,3618.1,56.2,38.55,34.3,10,0.125,139,0.2805755395683453,201,61,112,15,13,0,0,37,-4.108143927160131,20.45771144278607,-0.8345351219177246,-0.027194932103157043,0.9953786730766296,0.0027822823263704776,44.63362019062042,3.3331555366516112,0.27999505344778297,0.02399557125463616,0.237353515625,11.684833920001983,-1.1641532182693481e-10,0.1601008176803589,0.00028495394063459567,-0.5861712694168091,0.8071901798248291,2313,1.4990956783294678,1743,2.4473307132720947,40,nan,0,nan,0
51,208896,3690.9,56.6,37.97,34.34,10,0.125,341,0.25219941348973607,202,47,127,15,13,0,0,32,-4.509730023555727,20.207920792079207,-0.9185150861740112,-0.022388968616724014,0.9974319338798523,-0.004772234032861889,39.18095722198486,3.3278239011764525,0.23681084271520375,0.014672474807593972,0.19130859375,8.065952777862549,0.0,0.17342770099639893,0.00028464687819856703,-0.58815598487854,0.7229022979736328,2246,1.234618067741394,1836,1.8273470401763916,14,nan,0,nan,0
52,212992,3764.2,56.3,38.45,34.31,10,0.125,38,0.23684210526315788,209,58,106,15,30,0,0,35,-4.297823191529326,19.71291866028708,-0.835644543170929,-0.021040061488747597,0.9989709258079529,0.002224830770865083,42.68289544582367,3.318633508682251,0.21887751389294863,0.01729297708661761,0.210986328125,10.582228320837022,0.0,0.18437927961349487,0.00028433981576253835,-0.5905424952507019,0.6851407885551453,2380,1.1936041116714478,1705,2.402946710586548,11,nan,0,nan,0
53,217088,3837.7,56.1,38.73,34.32,10,0.125,242,0.3305785123966942,204,71,91,25,17,0,0,46,-4.18226886416356,19.88235294117647,-0.7596743106842041,-0.018124405294656754,0.9925488233566284,0.015583610744215548,47.85989558696747,3.308502531051636,0.23559915851801633,0.03133172952220775,0.299365234375,9.700056254863739,-1.1641532182693481e-10,0.16321974992752075,0.0002840327533265097,-0.5931485891342163,0.6302717924118042,2412,1.1041654348373413,1675,1.6204482316970825,9,nan,0,nan,0
54,221184,3910.4,56.7,37.97,34.32,10,0.125,443,0.28216704288939054,201,45,119,14,23,0,0,29,-3.999779989268056,20.34328358208955,-0.8964765071868896,-0.022995494306087494,0.9989730715751648,-0.0005039506359025836,36.07028958797455,3.299897027015686,0.2620709450915456,0.015528970197192394,0.17900390625,13.158459854125976,-5.820766091346741e-11,0.18128645420074463,0.000283725690890481,-0.594674825668335,0.7203050851821899,2440,1.2620621919631958,1650,2.935875654220581,6,nan,0,nan,0
55,225280,3983.8,56.2,38.54,34.33,10,0.125,144,0.22916666666666666,213,52,118,17,26,0,0,35,-4.07856347868841,19.497652582159624,-0.9044283628463745,-0.019612034782767296,0.9961370229721069,0.001780375768430531,39.84031380414963,3.29200884103775,0.22209087312221526,0.019820957406773233,0.24072265625,7.866476452350616,-5.820766091346741e-11,0.19079327583312988,0.0002834186284544524,-0.597447395324707,0.672721266746521,2390,1.1406726837158203,1699,2.7393414974212646,7,nan,0,nan,0
56,229376,4057.2,56.1,38.64,34.33,10,0.125,353,0.2521246458923513,209,56,114,12,27,0,0,41,-4.0821067504401825,19.741626794258373,-0.8490833044052124,-0.02102266624569893,0.9963982701301575,-0.0032911567948758604,43.24171030521393,3.280672860145569,0.19002337083220483,0.012762792030116543,0.16484375,6.59095469713211,0.0,0.1631166934967041,0.0002831115660184237,-0.6004485487937927,0.6974949836730957,2225,1.0700805187225342,1861,1.3096683025360107,10,nan,0,nan,0
57,233472,4130.2,56.5,38.23,34.31,10,0.125,46,0.30434782608695654,205,59,104,16,26,0,0,37,-4.31649114340673,19.609756097560975,-0.8126408457756042,-0.019367147237062454,0.9938319325447083,0.003520914912223816,43.501573944091795,3.271347439289093,0.21987028792500496,0.020864936092402787,0.25654296875,10.423583841323852,0.0,0.16075891256332397,0.0002828045035823951,-0.6014400720596313,0.6366322040557861,2161,1.1169852018356323,1914,2.8485825061798096,21,nan,0,nan,0
58,237568,4203.5,56.2,38.48,34.36,10,0.125,250,0.276,204,55,108,18,23,0,0,30,-4.162518667135242,20.19607843137255,-0.8544908761978149,-0.021914809942245483,0.9961459636688232,-0.0033122744760476054,39.19394886493683,3.2684674143791197,0.2327001988887787,0.014346207585185766,0.183447265625,9.324011743068695,0.0,0.1891573667526245,0.0002824974411463664,-0.6025540828704834,0.693313479423523,2286,1.2135710716247559,1789,2.651247024536133,21,nan,0,nan,0
59,241664,4276.3,56.6,38.02,34.31,10,0.125,448,0.28794642857142855,198,60,109,17,12,0,0,44,-4.10722880396381,20.616161616161616,-0.78140789270401,-0.018112650141119957,0.9951257109642029,-0.0024185562040656807,44.350296235084535,3.259818363189697,0.20151278041303158,0.013483791644102894,0.166455078125,7.45462144613266,0.0,0.16125547885894775,0.00028219037871033775,-0.6058733463287354,0.597660481929779,2295,1.0885401964187622,1767,1.7880481481552124,34,nan,0,nan,0
60,245760,4349.5,56.3,38.39,34.34,10,0.125,139,0.302158273381295,203,66,107,10,20,0,0,42,-4.060661521350133,20.19704433497537,-0.784076452255249,-0.018322333693504333,0.9938350915908813,-0.006279581389389932,48.4985538482666,3.245297646522522,0.1991968683898449,0.01306274976232089,0.1671875,8.765789461135864,-1.7462298274040222e-10,0.14886170625686646,0.00028188331627430907,-0.6093791127204895,0.6401719450950623,2324,1.0994352102279663,1758,2.713470697402954,14,nan,0,nan,0
61,249856,4422.7,56.3,38.35,34.36,10,0.125,338,0.34615384615384615,199,75,93,12,19,0,0,59,-4.465006988003138,20.42713567839196,-0.7046308517456055,-0.018443722277879715,0.9933282136917114,-0.0055297955870628355,50.343657636642455,3.2345858931541445,0.19461495336145163,0.013395423314068466,0.168701171875,10.553181970119477,-5.820766091346741e-11,0.15259462594985962,0.00028157625383828043,-0.6112533807754517,0.6279973983764648,2256,1.0992097854614258,1819,1.478915810585022,21,nan,0,nan,0
62,253952,4495.7,56.5,38.19,34.31,10,0.125,35,0.37142857142857144,209,66,101,16,26,0,0,43,-4.1778200893211235,20.114832535885167,-0.7772229313850403,-0.017941690981388092,0.9927964806556702,-0.0024969255551695823,45.85508279800415,3.227073884010315,0.19300043769180775,0.016686201581615025,0.198046875,8.109071445465087,0.0,0.14622902870178223,0.0002812691914022518,-0.6129955053329468,0.6576673984527588,2259,1.0392998456954956,1827,2.603386878967285,10,nan,0,nan,0
63,258048,4568.9,56.3,38.36,34.33,10,0.125,241,0.36099585062240663,206,74,94,21,17,0,0,43,-4.141088328771309,19.839805825242717,-0.7146013975143433,-0.017149295657873154,0.9920308589935303,0.006090863374993205,48.46350190639496,3.2204922318458555,0.21251368764787912,0.022498124206322245,0.26103515625,9.875538396835328,-5.820766091346741e-11,0.14275461435317993,0.0002809621289662231,-0.6148107051849365,0.5952015519142151,2236,1.022371768951416,1842,2.4539363384246826,18,nan,0,nan,0
64,262144,4642.6,56.0,38.89,34.32,10,0.125,440,0.3704545454545455,199,76,94,14,15,0,0,52,-3.952717807742678,20.281407035175878,-0.6706929206848145,-0.016600972041487694,0.9984603524208069,-0.005265937489457429,47.083454442024234,3.211921238899231,0.15208881413564085,0.01139745331602171,0.15205078125,7.169375848770142,-1.1641532182693481e-10,0.1684320569038391,0.0002806550665301945,-0.6173244714736938,0.6806209087371826,2510,0.9707984328269958,1583,2.5578627586364746,3,nan,0,nan,0
65,266240,4716.1,56.1,38.67,34.36,10,0.125,130,0.3923076923076923,202,78,88,20,16,0,0,47,-4.052290378147478,20.207920792079207,-0.6674002408981323,-0.014052307233214378,0.9876733422279358,-0.0005161609733477235,48.53601958751678,3.200221025943756,0.1552870945073664,0.015083555344608613,0.189306640625,8.524551355838776,-5.820766091346741e-11,0.12382704019546509,0.0002803480040941658,-0.6206326484680176,0.5468172430992126,2524,0.9761126637458801,1571,0.3077060878276825,1,nan,0,nan,0
66,270336,4789.9,55.9,39.01,34.32,10,0.125,340,0.4147058823529412,210,90,86,17,17,0,0,59,-4.256110664379597,19.504761904761907,-0.613986611366272,-0.01584433764219284,0.993566632270813,-0.005733250849880278,49.583519315719606,3.188326692581177,0.17216825867071747,0.01383552119077649,0.181591796875,9.226882386207581,-5.820766091346741e-11,0.16103148460388184,0.00028004094165813716,-0.6235222816467285,0.5939183831214905,2461,0.9937397837638855,1631,2.431572198867798,4,nan,0,nan,0
67,274432,4863.8,55.8,39.16,34.31,10,0.125,39,0.3333333333333333,211,80,90,24,17,0,0,53,-4.143567731407559,19.805687203791468,-0.6827819347381592,-0.014516359195113182,0.9943372011184692,-0.0006826950004324317,46.18010833263397,3.178419351577759,0.1558555188588798,0.015235493856016547,0.1984375,8.090138125419617,0.0,0.14399266242980957,0.0002797338792221085,-0.624839723110199,0.5340566039085388,2367,0.9544876217842102,1726,1.6468968391418457,3,nan,0,nan,0
68,278528,4937.9,55.7,39.17,34.32,10,0.125,258,0.4108527131782946,219,93,77,13,36,0,0,61,-4.1999970436750695,18.50228310502283,-0.6289439797401428,-0.015971632674336433,0.9868454933166504,-0.0042676593409851195,51.37692036628723,3.1741143584251406,0.17219764553010464,0.014189619384706021,0.17998046875,12.364016926288604,-5.820766091346741e-11,0.16933673620224,0.00027942681678607984,-0.6261758804321289,0.5876204371452332,2474,0.9794337153434753,1612,2.8621745109558105,10,nan,0,nan,0
69,282624,5012.1,55.6,39.41,34.31,10,0.125,464,0.4202586206896552,206,89,93,13,11,0,0,57,-4.1816118108333065,20.0,-0.6150005459785461,-0.014678992331027985,0.9897172451019287,-0.004476710374001413,47.20334620475769,3.164529836177826,0.17123157158493996,0.015616810106439515,0.1984375,8.033671510219573,-5.820766091346741e-11,0.15143465995788574,0.00027911975435005116,-0.6297049522399902,0.5472018718719482,2419,0.9577752351760864,1676,2.1938302516937256,1,nan,0,nan,0
70,286720,5086.3,55.6,39.41,34.32,10,0.125,165,0.47878787878787876,213,97,78,22,16,0,0,71,-4.167479439823435,19.089201877934272,-0.5690011978149414,-0.015478940680623055,0.9930466413497925,-0.003383259638212621,51.84805493354797,3.1519228339195253,0.15431572012603284,0.012745769042521716,0.164892578125,8.746232557296754,-1.1641532182693481e-10,0.13488036394119263,0.0002788126919140225,-0.6322954297065735,0.6483247876167297,2444,0.9558636546134949,1632,1.6727049350738525,20,nan,0,nan,0
71,290816,5159.7,56.1,38.67,34.3,10,0.125,373,0.46648793565683644,208,95,74,17,22,0,0,71,-4.378525266960381,19.865384615384617,-0.5785419940948486,-0.013511152938008308,0.9861111044883728,0.0009140715468674898,51.017633008956906,3.141519069671631,0.14556321715936066,0.020780816685874014,0.242724609375,7.926880979537964,0.0,0.14807116985321045,0.00027850562947799384,-0.6347604393959045,0.5524114966392517,2412,0.8963702917098999,1667,1.0093340873718262,17,nan,0,nan,0
72,294912,5232.7,56.5,38.12,34.34,10,0.125,59,0.423728813559322,198,70,78,31,19,0,0,46,-4.302755278466771,20.595959595959595,-0.6764389276504517,-0.014260804280638695,0.990507960319519,-0.001301752112340182,47.7498854637146,3.133000886440277,0.1564842641353607,0.014914376998785884,0.1890625,10.487848150730134,0.0,0.09347361326217651,0.0002781985670419652,-0.6367771625518799,0.5431011319160461,2356,0.9077392220497131,1723,1.3035972118377686,17,nan,0,nan,0
73,299008,5306.0,56.2,38.54,34.32,10,0.125,261,0.4061302681992337,202,81,85,19,17,0,0,49,-4.283895210458772,20.024752475247524,-0.63140869140625,-0.014990216121077538,0.9940934777259827,-0.001789503963664174,47.788191843032834,3.124620807170868,0.16013834504410623,0.020722911626216957,0.2337890625,7.782346081733704,-1.7462298274040222e-10,0.15023183822631836,0.0002778915046059365,-0.6390336751937866,0.5667996406555176,2268,0.9372345805168152,1805,1.3841667175292969,23,nan,0,nan,0
74,303104,5379.4,56.2,38.6,34.31,10,0.125,471,0.3885350318471338,210,77,91,14,28,0,0,53,-4.424093440192104,19.642857142857142,-0.6918847560882568,-0.015766266733407974,0.9938240051269531,-0.0019237417494878174,47.21403565406799,3.114585292339325,0.16512059671804308,0.014077190367970616,0.181396484375,9.002035856246948,0.0,0.14974308013916016,0.0002775844421699079,-0.6420272588729858,0.5397756099700928,2156,0.9634309411048889,1920,2.279722213745117,20,nan,0,nan,0
75,307200,5452.7,56.2,38.57,34.31,10,0.125,166,0.35542168674698793,207,74,89,20,24,0,0,48,-4.499825227134297,19.782608695652176,-0.6719487309455872,-0.016102811321616173,0.9938287734985352,-0.007981236046180128,47.03547694683075,3.1017736196517944,0.15985603416338562,0.018560915015405043,0.230859375,8.944925451278687,0.0,0.13293242454528809,0.0002772773797338792,-0.6445569396018982,0.5380409359931946,2313,0.9865074753761292,1761,2.1606345176696777,22,nan,0,nan,0
76,311296,5526.3,56.1,38.74,34.29,10,0.125,374,0.393048128342246,208,88,78,17,25,0,0,54,-4.286152748912027,19.783653846153847,-0.610664427280426,-0.01444875355809927,0.9894547462463379,-0.007221886096522212,48.12803063392639,3.095253920555115,0.13922067498788238,0.013517769169993699,0.166259765625,8.617763841152192,0.0,0.16019916534423828,0.00027697031729785056,-0.6457488536834717,0.5252709984779358,2370,0.9120950102806091,1707,2.4617552757263184,19,nan,0,nan,0
77,315392,5599.5,56.3,38.41,34.31,10,0.125,67,0.3880597014925373,205,83,79,23,20,0,0,59,-4.311261846288468,19.75609756097561,-0.6109591126441956,-0.012632625177502632,0.9843227863311768,-0.007947742938995361,47.119185829162596,3.0886674404144285,0.13133563343435525,0.017451483564218506,0.218603515625,7.527145957946777,-1.1641532182693481e-10,0.14346402883529663,0.0002766632548618219,-0.6476981043815613,0.47366082668304443,2389,0.8575292825698853,1683,1.206398367881775,24,nan,0,nan,0
78,319488,5672.5,56.4,38.24,34.33,10,0.125,275,0.36363636363636365,208,74,95,20,19,0,0,43,-4.527316270718706,19.860576923076923,-0.6610385775566101,-0.01364121027290821,0.984825074672699,-0.009937821695348247,47.18734827041626,3.0825678944587707,0.1356554209254682,0.011421376050566322,0.14541015625,7.4196040511131285,-5.820766091346741e-11,0.11016952991485596,0.00027635619242579324,-0.6492289304733276,0.4826984405517578,2380,0.914601743221283,1705,1.9449563026428223,11,nan,0,nan,0
79,323584,5745.6,56.4,38.29,34.32,10,0.125,482,0.3796680497925311,207,83,84,23,17,0,0,58,-4.263439709189277,19.734299516908212,-0.596061110496521,-0.012362427078187466,0.9789149165153503,-0.002635711123002693,47.942597889900206,3.076131081581116,0.1304343522526324,0.019254542962880806,0.21806640625,9.061173725128175,0.0,0.12924331426620483,0.00027604912998976456,-0.6505959630012512,0.4551500380039215,2444,0.8880866169929504,1639,1.7959908246994019,13,nan,0,nan,0
80,327680,5818.8,56.3,38.38,34.35,10,0.125,174,0.39655172413793105,204,85,79,27,13,0,0,57,-4.429999667812754,19.980392156862745,-0.5769157409667969,-0.013076646253466606,0.9881808757781982,-0.00888372624758631,48.502987480163576,3.069591236114502,0.1313801516778767,0.012072915828321129,0.1591796875,9.228763854503631,-1.1641532182693481e-10,0.1438758373260498,0.0002757420675537359,-0.6526524424552917,0.5033882856369019,2449,0.8742862343788147,1631,2.2934722900390625,16,nan,0,nan,0
81,331776,5892.5,55.9,38.94,34.32,10,0.125,384,0.4010416666666667,210,85,80,21,24,0,0,58,-4.337896744754506,19.533333333333335,-0.5964406132698059,-0.012281094677746296,0.982758641242981,-0.001443485263735056,48.21735906600952,3.0608543515205384,0.12749303337186574,0.018872171477414667,0.214794921875,9.171601033210754,-5.820766091346741e-11,0.12649720907211304,0.00027543500511770724,-0.6549289226531982,0.4831700921058655,2441,0.8391740918159485,1650,1.9702304601669312,5,nan,0,nan,0
82,335872,5966.5,55.7,39.2,34.32,10,0.125,77,0.5064935064935064,205,92,76,20,17,0,0,66,-4.339716750003205,20.180487804878048,-0.561759352684021,-0.012775509618222713,0.9910048842430115,-0.002446119289379567,48.489589309692384,3.051697385311127,0.13928750362247228,0.02242265445238445,0.2525390625,9.02369054555893,0.0,0.15312576293945312,0.0002751279426816786,-0.6570323705673218,0.4881056845188141,2428,0.859687089920044,1665,1.1898289918899536,3,nan,0,nan,0
83,339968,6039.7,56.3,38.46,34.32,10,0.125,280,0.45714285714285713,203,89,77,13,24,0,0,59,-4.380098593277275,20.004926108374384,-0.5325424671173096,-0.011514400132000446,0.990752637386322,-0.008729211799800397,46.78211622238159,3.0444507122039797,0.12143755853176116,0.015045700428890996,0.18271484375,8.27492904663086,-2.3283064365386963e-10,0.142960786819458,0.0002748208802456499,-0.6585804224014282,0.445671945810318,2359,0.814846396446228,1713,2.1734471321105957,24,nan,0,nan,0
84,344064,6113.8,55.6,39.36,34.31,10,0.125,486,0.4506172839506173,206,91,70,30,15,0,0,67,-4.268747167590298,19.79126213592233,-0.5403175354003906,-0.011257007718086243,0.9802056550979614,-0.006245839165057987,47.76482315063477,3.0365859389305117,0.11784049179404973,0.024213372613303363,0.262451171875,6.859669077396393,-1.1641532182693481e-10,0.11688232421875,0.0002745138178096213,-0.6611492037773132,0.42103779315948486,2402,0.8255809545516968,1686,2.0076372623443604,8,nan,0,nan,0
85,348160,6187.1,56.3,38.44,34.34,10,0.125,184,0.46195652173913043,210,98,76,18,18,0,0,70,-4.492326341029238,19.733333333333334,-0.5090044736862183,-0.012101152911782265,0.9868759512901306,0.0017265179427340626,47.89003982543945,3.0274065852165224,0.1321679936721921,0.02589614277239889,0.275732421875,8.673574364185333,-5.820766091346741e-11,0.13309621810913086,0.0002742067553735926,-0.662868857383728,0.44977807998657227,2325,0.8500636219978333,1767,1.1240966320037842,4,nan,0,nan,0
86,352256,6260.5,56.2,38.57,34.31,10,0.125,381,0.4356955380577428,197,81,84,13,19,0,0,45,-4.534656012309826,20.395939086294415,-0.5765026807785034,-0.014396678656339645,0.9884585738182068,-0.005240780976600945,46.64895124435425,3.020875322818756,0.13983906516805292,0.015220284819952213,0.190234375,9.406378364562988,-5.820766091346741e-11,0.1109083890914917,0.00027389969293756396,-0.6648136377334595,0.5071631669998169,2269,0.9127208590507507,1816,2.8027987480163574,11,nan,0,nan,0
87,356352,6333.0,56.8,37.83,34.31,10,0.125,65,0.4461538461538462,196,87,78,15,16,0,0,54,-4.32570372986426,21.147959183673468,-0.5547530055046082,-0.012119891121983528,0.9894871711730957,-0.01048539625480771,47.68020062446594,3.012088215351105,0.1209289375692606,0.015909731734427623,0.20732421875,7.740711033344269,-5.820766091346741e-11,0.142608642578125,0.0002735926305015353,-0.6669935584068298,0.4561183452606201,2238,0.8062623143196106,1835,1.702726125717163,23,nan,0,nan,0
88,360448,6406.7,56.1,38.7,34.33,10,0.125,267,0.4344569288389513,202,87,85,23,7,0,0,61,-4.145378674942426,20.643564356435643,-0.5430516004562378,-0.010820318013429642,0.982280433177948,-0.008019850007258356,47.46398861408234,3.0037159442901613,0.11229964550584555,0.01766395093873143,0.221142578125,9.32151906490326,0.0,0.14990383386611938,0.00027328556806550665,-0.6692848205566406,0.4116111993789673,2251,0.7762412428855896,1820,1.503373146057129,25,nan,0,nan,0
89,364544,6480.0,56.3,38.44,34.31,10,0.125,466,0.45064377682403434,199,94,73,15,17,0,0,62,-4.080967728315474,20.33668341708543,-0.5036153793334961,-0.011342983692884445,0.9894790649414062,-0.0030638712225481866,46.43273801803589,2.9929621696472166,0.13130245329812168,0.01920836239878554,0.22841796875,8.671954369544983,0.0,0.1983841061592102,0.00027297850562947796,-0.6721785664558411,0.4288870692253113,2394,0.7735401391983032,1685,1.5945661067962646,17,nan,0,nan,0
90,368640,6554.2,55.6,39.4,34.33,10,0.125,159,0.44025157232704404,205,92,80,18,15,0,0,58,-4.381631769256579,19.853658536585368,-0.523922324180603,-0.011183999478816986,0.9843227863311768,-0.0065668116440065205,48.12611169815064,2.9832420349121094,0.11643064711242915,0.014516225704574027,0.18427734375,9.077694249153136,-5.820766091346741e-11,0.14986395835876465,0.0002726714431934493,-0.674027681350708,0.4134882390499115,2367,0.8029693365097046,1702,1.9571205377578735,27,nan,0,nan,0
91,372736,6627.9,55.9,38.91,34.31,10,0.125,367,0.41689373297002724,208,83,90,18,17,0,0,57,-4.3959902594556475,19.692307692307693,-0.5741498470306396,-0.011904535815119743,0.9853395223617554,-0.009142274386249483,46.76216225624084,2.9758702874183656,0.12415079949423671,0.01633079561870545,0.19853515625,10.262345850467682,0.0,0.14409852027893066,0.00027236438075742064,-0.6761177182197571,0.38012707233428955,2306,0.82447749376297,1779,2.2354390621185303,11,nan,0,nan,0
92,376832,6701.8,55.8,39.12,34.3,10,0.125,67,0.44776119402985076,212,109,70,17,16,0,0,77,-4.153607611330849,19.54245283018868,-0.42615050077438354,-0.01014532707631588,0.9809474945068359,-0.007806859165430069,49.40008249282837,2.9693464398384095,0.10939989406615495,0.015800385750480928,0.20107421875,11.890608930587769,-5.820766091346741e-11,0.13694500923156738,0.000272057318321392,-0.6767733097076416,0.40978705883026123,2538,0.7624074816703796,1554,1.0921223163604736,4,nan,0,nan,0
93,380928,6776.1,55.4,39.57,34.31,10,0.125,271,0.4907749077490775,204,103,67,20,14,0,0,66,-4.384941057495005,19.84313725490196,-0.4556134343147278,-0.01067153736948967,0.980215847492218,-0.00373323867097497,48.67798385620117,2.9666502118110656,0.11657614568248391,0.02588496578100603,0.25576171875,8.951870489120484,0.0,0.16193020343780518,0.0002717502558853633,-0.6780160665512085,0.41976645588874817,2481,0.7829510569572449,1613,0.7155940532684326,2,nan,0,nan,0
94,385024,6850.2,55.7,39.26,34.34,10,0.125,482,0.4854771784232365,211,101,76,17,17,0,0,76,-4.213069326822236,19.597156398104264,-0.48451095819473267,-0.01042987685650587,0.9837837815284729,-0.00796045975293964,48.78817553520203,2.96049165725708,0.1063930037431419,0.014622542558936403,0.18251953125,9.900405478477477,-5.820766091346741e-11,0.14598888158798218,0.0002714431934493347,-0.6798108220100403,0.39970114827156067,2472,0.7614809274673462,1601,1.6706405878067017,23,nan,0,nan,0
95,389120,6924.0,55.8,39.05,34.32,10,0.125,179,0.46368715083798884,209,97,80,14,18,0,0,64,-4.417908034022602,19.56937799043062,-0.5004246830940247,-0.011703815311193466,0.9858502745628357,-0.012137187784537673,50.84869418144226,2.952277863025665,0.12288086870685219,0.014160625071963296,0.1728515625,9.238703799247741,-4.656612873077393e-10,0.13683778047561646,0.000271136131013306,-0.6822612285614014,0.4381162226200104,2393,0.8383554816246033,1689,2.0271706581115723,14,nan,0,nan,0
96,393216,6997.8,55.9,38.95,34.35,10,0.125,379,0.47757255936675463,200,98,75,12,15,0,0,70,-4.342313447636204,20.4,-0.4655986428260803,-0.010256503708660603,0.9792094230651855,-0.006734516331925988,47.00257759094238,2.9431418895721437,0.10769854593090714,0.021829516356228852,0.24296875,10.748947322368622,-1.7462298274040222e-10,0.18131428956985474,0.00027082906857727737,-0.6837716698646545,0.4021475613117218,2426,0.7937323451042175,1667,1.00944983959198,3,nan,0,nan,0
97,397312,7072.2,55.4,39.67,34.32,10,0.125,82,0.47560975609756095,215,115,69,13,18,0,0,67,-4.474388654240723,19.195348837209302,-0.41180843114852905,-0.012315256521105766,0.9922700524330139,-0.011312625231221318,50.05994915962219,2.9380824089050295,0.11467033196240664,0.017166446647024713,0.222314453125,9.867589354515076,-1.1641532182693481e-10,0.1531190276145935,0.0002705220061412487,-0.6851711869239807,0.4959385097026825,2362,0.8100708723068237,1711,1.278839111328125,23,nan,0,nan,0
98,401408,7146.1,55.8,39.07,34.33,10,0.125,300,0.5033333333333333,218,112,67,20,19,0,0,70,-4.500028367228999,18.637614678899084,-0.4199458658695221,-0.010164388455450535,0.9742135405540466,-0.015866544842720032,48.802986192703244,2.9312447905540466,0.10433627790771424,0.014720330556156114,0.18603515625,9.95736277103424,-2.9103830456733704e-10,0.14318209886550903,0.00027021494370522005,-0.6872990131378174,0.3742426335811615,2326,0.7423620820045471,1757,1.4293618202209473,13,nan,0,nan,0
99,405504,7220.3,55.6,39.39,34.3,10,0.125,7,0.5714285714285714,219,110,68,18,23,0,0,76,-4.461253603858629,18.91324200913242,-0.4321333169937134,-0.010093694552779198,0.9847820401191711,-0.013898138026706874,49.82505097389221,2.92308714389801,0.10824914248660207,0.011590158060425893,0.15517578125,12.145984601974487,-2.9103830456733704e-10,0.12288892269134521,0.00026990788126919136,-0.6890716552734375,0.40459734201431274,2566,0.7531864047050476,1525,1.0820245742797852,5,nan,0,nan,0
100,409600,7294.2,55.8,39.08,34.36,10,0.125,214,0.48598130841121495,207,100,70,26,11,0,0,64,-4.303276537430056,19.357487922705314,-0.44875144958496094,-0.009566187858581543,0.9850861430168152,-0.011630709748715162,48.04303426742554,2.9153348922729494,0.1055215647444129,0.01711609631893225,0.204541015625,9.454135239124298,-1.1641532182693481e-10,0.11138492822647095,0.0002696008188331627,-0.6913139820098877,0.3812197744846344,2390,0.705977737903595,1706,nan,0,nan,0,nan,0
101,413696,7368.6,55.5,39.56,34.3,10,0.125,432,0.49074074074074076,218,108,71,18,21,0,0,76,-4.635632289676866,19.03211009174312,-0.43235790729522705,-0.01149158738553524,0.9881381988525391,-0.011610689578810706,48.44555668830871,2.9043502807617188,0.11553448429331184,0.01952897676092107,0.21943359375,7.945109581947326,-1.1641532182693481e-10,0.1556156873703003,0.00026929375639713404,-0.6947064399719238,0.4371897280216217,2379,0.8279171586036682,1709,1.1816399097442627,8,nan,0,nan,0
102,417792,7442.7,55.6,39.27,34.36,10,0.125,133,0.48120300751879697,213,104,68,24,17,0,0,70,-4.446698461742404,18.990610328638496,-0.4522364139556885,-0.011287369765341282,0.9770795702934265,-0.009377340064384043,48.45787310600281,2.892181122303009,0.11352158482186496,0.02297932154033333,0.25703125,10.799363207817077,0.0,0.1359267234802246,0.0002689866939611054,-0.6968575716018677,0.39025700092315674,2404,0.8377556800842285,1686,1.5090256929397583,6,nan,0,nan,0
103,421888,7516.8,55.6,39.31,34.36,10,0.125,348,0.5114942528735632,215,114,61,19,21,0,0,78,-4.381997518698762,19.441860465116278,-0.3886222243309021,-0.009652968496084213,0.977583110332489,-0.017346248775720597,46.317039012908936,2.885261058807373,0.0978361046873033,0.016436510975472628,0.206103515625,11.247649359703065,-4.0745362639427185e-10,0.16642224788665771,0.0002686796315250768,-0.6984910368919373,0.41348475217819214,2412,0.7156867980957031,1675,1.0690221786499023,9,nan,0,nan,0
104,425984,7590.1,56.2,38.47,34.36,10,0.125,47,0.574468085106383,211,98,74,20,19,0,0,65,-4.6170113947136935,19.165876777251185,-0.47564125061035156,-0.011816921643912792,0.9879021644592285,-0.011771387560293079,48.41327118873596,2.8776941537857055,0.12390237571671606,0.019229401735356078,0.221240234375,9.492295932769775,5.820766091346741e-11,0.1353282928466797,0.0002683725690890481,-0.7005565762519836,0.41830572485923767,2350,0.8513262867927551,1725,1.6870685815811157,21,nan,0,nan,0
105,430080,7664.4,55.5,39.52,34.35,10,0.125,260,0.45384615384615384,213,91,77,26,19,0,0,63,-4.146110195280711,19.295774647887324,-0.5033887624740601,-0.010245965793728828,0.9745042324066162,-0.013939158455468715,47.09419493675232,2.8703811526298524,0.10728562222793699,0.016142144144396298,0.194189453125,11.073600625991821,-5.238689482212067e-10,0.12063705921173096,0.00026806550665301945,-0.7023023366928101,0.40748050808906555,2390,0.7821996808052063,1694,1.343909740447998,12,nan,0,nan,0
106,434176,7738.6,55.6,39.31,34.32,10,0.125,475,0.4842105263157895,215,112,70,18,15,0,0,80,-4.584831003807693,19.12558139534884,-0.3979470729827881,-0.009796375408768654,0.9817057251930237,-0.011556178005412221,51.86035895347595,2.8628171920776366,0.10030328715220094,0.01448641428432893,0.17802734375,10.703693771362305,-5.820766091346741e-11,0.13689923286437988,0.00026775844421699077,-0.7044374942779541,0.385138601064682,2416,0.7505598664283752,1673,1.1454745531082153,7,nan,0,nan,0
107,438272,7812.5,55.7,39.18,34.36,10,0.125,174,0.5,211,104,72,24,11,0,0,76,-4.61072343882476,19.360189573459717,-0.4226134121417999,-0.009638043120503426,0.9724581837654114,-0.013939367211423814,50.049088096618654,2.8537732481956484,0.10409985915757716,0.014340393897145986,0.181884765625,14.107112336158753,-2.3283064365386963e-10,0.13137006759643555,0.00026745138178096213,-0.7065938711166382,0.361919641494751,2478,0.7421718239784241,1610,0.7370133996009827,8,nan,0,nan,0
108,442368,7887.1,55.3,39.72,34.35,10,0.125,387,0.48578811369509045,213,101,81,21,10,0,0,66,-4.237448781449356,19.183098591549296,-0.4334891438484192,-0.009431498125195503,0.9799124598503113,-0.00507170376367867,47.81417646408081,2.8464326739311216,0.1028496058192104,0.03483094363764394,0.310400390625,10.75166072845459,-2.3283064365386963e-10,0.13130277395248413,0.00026714431934493345,-0.7078491449356079,0.3747635781764984,2479,0.7217956185340881,1613,0.6920995712280273,4,nan,0,nan,0
109,446464,7960.9,55.9,38.99,34.33,10,0.125,90,0.5222222222222223,215,110,69,18,18,0,0,82,-4.451212894899784,19.046511627906977,-0.409354031085968,-0.009826749563217163,0.9750064611434937,-0.013549889554269612,48.20778560638428,2.8423110365867617,0.10579364402219653,0.017979880157508888,0.220703125,12.092336225509644,-4.0745362639427185e-10,0.1516028642654419,0.0002668372569089048,-0.7092410326004028,0.3747873604297638,2499,0.7612279057502747,1588,2.4485342502593994,9,nan,0,nan,0
110,450560,8034.7,55.8,39.04,34.36,10,0.125,299,0.5250836120401338,209,110,65,19,15,0,0,79,-4.3901564408696245,19.789473684210527,-0.39824748039245605,-0.009763114154338837,0.9801903963088989,-0.018000640452373772,48.41631140708923,2.8351708889007567,0.09647572855465114,0.01936733066686429,0.22041015625,11.018323135375976,-3.4924596548080444e-10,0.16594284772872925,0.00026653019447287613,-0.711112916469574,0.3989938795566559,2350,0.7243872284889221,1730,0.9678974747657776,16,nan,0,nan,0
111,454656,8108.9,55.6,39.34,34.37,10,0.125,510,0.5372549019607843,211,117,65,14,15,0,0,80,-4.662805570966831,19.38862559241706,-0.352619469165802,-0.009337035939097404,0.9768339991569519,-0.0041890675900503995,48.487330770492555,2.828391993045807,0.10415649926289916,0.02822419033618644,0.2662109375,10.274271738529205,-4.656612873077393e-10,0.1450231671333313,0.0002662231320368475,-0.7126336097717285,0.3634418249130249,2424,0.7096450328826904,1658,2.428868055343628,14,nan,0,nan,0
112,458752,8182.2,56.3,38.4,34.32,10,0.125,204,0.45588235294117646,206,94,75,20,17,0,0,66,-4.38633912274259,19.684466019417474,-0.4742404818534851,-0.010192040354013443,0.9820051193237305,0.002331511373631656,48.39259834289551,2.823037838935852,0.11068805498071015,0.023245611143647694,0.26279296875,13.947568202018738,-1.7462298274040222e-10,0.1389496922492981,0.0002659160696008188,-0.7139012813568115,0.42218533158302307,2444,0.7502709627151489,1635,1.4163475036621094,17,nan,0,nan,0
113,462848,8256.0,55.8,38.99,34.37,10,0.125,414,0.4758454106280193,210,104,73,16,17,0,0,81,-4.496563309001036,19.447619047619046,-0.4139021933078766,-0.010254697874188423,0.9760679602622986,-0.005866641271859407,48.66241002082825,2.816551160812378,0.10827206214889884,0.02799318579491228,0.290576171875,8.896613836288452,-2.9103830456733704e-10,0.15887057781219482,0.0002656090071647902,-0.7157182693481445,0.3754449486732483,2357,0.7553348541259766,1730,2.39939284324646,9,nan,0,nan,0
114,466944,8329.9,55.7,39.1,34.37,10,0.125,114,0.5263157894736842,212,113,61,20,18,0,0,74,-4.474006750749445,19.5,-0.37405359745025635,-0.009136349894106388,0.9778578877449036,-0.003494328074157238,47.97189660072327,2.8098778128623962,0.09702858398668468,0.03329892851470504,0.3224609375,11.034883165359497,-2.9103830456733704e-10,0.16014397144317627,0.0002653019447287615,-0.7171787023544312,0.37375524640083313,2432,0.7159104943275452,1660,1.7590559720993042,4,nan,0,nan,0
115,471040,8403.9,55.7,39.21,34.31,10,0.125,325,0.5138461538461538,211,107,65,25,14,0,0,85,-4.6417526884402704,19.24170616113744,-0.3899729251861572,-0.01028656866401434,0.9755469560623169,-0.01806413645972498,47.92680926322937,2.803893041610718,0.10624365396797657,0.017127676561358385,0.2078125,9.832163977622987,-1.1641532182693481e-10,0.12783479690551758,0.00026499488229273286,-0.7187755703926086,0.3916221559047699,2367,0.7514144778251648,1716,0.5650820732116699,13,nan,0,nan,0
116,475136,8478.3,55.4,39.55,34.32,10,0.125,28,0.4642857142857143,215,119,53,27,16,0,0,97,-4.297711357311583,19.134883720930233,-0.3524116277694702,-0.00913555920124054,0.9819633960723877,-0.01815239156130701,47.0884153842926,2.797293221950531,0.09617955242283642,0.016036600290681234,0.198193359375,12.445867466926575,-3.4924596548080444e-10,0.1329268217086792,0.00026468781985670417,-0.7205396890640259,0.37212541699409485,2455,0.7105468511581421,1627,1.0821589231491089,14,nan,0,nan,0
117,479232,8552.6,55.4,39.6,34.31,10,0.125,237,0.5485232067510548,209,117,53,18,21,0,0,85,-4.423652190271117,19.67464114832536,-0.3385061025619507,-0.008305100724101067,0.9714432954788208,-0.016964513738639653,46.47396779060364,2.790083146095276,0.08948627687059343,0.02595203890232369,0.25849609375,10.447279691696167,-2.9103830456733704e-10,0.16173267364501953,0.00026438075742067554,-0.7222847938537598,0.3718830347061157,2416,0.6751986145973206,1677,0.5386945009231567,3,nan,0,nan,0
118,483328,8626.3,56.0,38.89,34.32,10,0.125,449,0.49665924276169265,212,93,74,23,22,0,0,64,-4.553690585840197,19.29245283018868,-0.4830290973186493,-0.010353390127420425,0.9765705466270447,0.0048947777599096295,47.141474628448485,2.784529113769531,0.11030138665810227,0.030482862787903287,0.29580078125,14.503149819374084,-6.402842700481415e-10,0.11884576082229614,0.00026407369498464685,-0.7233477830886841,0.33686038851737976,2298,0.7748849391937256,1784,1.4343194961547852,14,nan,0,nan,0
119,487424,8700.1,55.9,38.89,34.38,10,0.125,152,0.5197368421052632,215,102,66,28,19,0,0,72,-4.4637216029940125,18.995348837209303,-0.44910508394241333,-0.010067805647850037,0.9742334485054016,-0.011426023626700043,49.79213109016418,2.779127275943756,0.10557019151747227,0.02087038522295188,0.23916015625,10.400774168968201,-2.9103830456733704e-10,0.13646572828292847,0.0002637666325486182,-0.7253695726394653,0.3451928198337555,2371,0.7601772546768188,1697,1.645124077796936,28,nan,0,nan,0
120,491520,8774.7,55.2,39.85,34.31,10,0.125,356,0.547752808988764,204,116,58,22,8,0,0,84,-4.4702707781418765,19.985294117647058,-0.3254483938217163,-0.008357000537216663,0.972250759601593,-0.01225536959245801,47.81276359558105,2.7696637153625487,0.09460769644938409,0.019215684739174323,0.215966796875,12.319787120819091,-2.3283064365386963e-10,0.13983893394470215,0.00026345957011258953,-0.7277780175209045,0.3573892116546631,2590,0.6793777942657471,1486,1.3602856397628784,20,nan,0,nan,0
121,495616,8849.1,55.4,39.6,34.35,10,0.125,53,0.5283018867924528,209,119,51,29,10,0,0,94,-4.5720344028354996,19.784688995215312,-0.3127700090408325,-0.00844584871083498,0.9835348725318909,-0.0064019034733064474,50.30001711845398,2.762168562412262,0.0911992433015257,0.0268813746253727,0.284375,13.605614280700683,-5.820766091346741e-11,0.08624804019927979,0.0002631525076765609,-0.7286535501480103,0.3983456492424011,2529,0.6761891841888428,1554,2.03475284576416,13,nan,0,nan,0
122,499712,8922.5,56.1,38.64,34.31,10,0.125,265,0.5320754716981132,212,113,55,26,18,0,0,82,-4.431628498870973,19.410377358490567,-0.37271788716316223,-0.010053332895040512,0.9806900024414062,-0.019217126670992003,49.5703004360199,2.7591373443603517,0.0985332902520895,0.01840265090286266,0.21796875,10.906617903709412,-1.0477378964424133e-09,0.13252103328704834,0.0002628454452405322,-0.7299094200134277,0.41101306676864624,2466,0.7445619702339172,1621,1.1643263101577759,9,nan,0,nan,0
123,503808,8996.8,55.5,39.48,34.34,10,0.125,470,0.5340425531914894,205,110,61,27,7,0,0,84,-4.435868675624461,19.882926829268293,-0.35434505343437195,-0.008407693356275558,0.9712156057357788,-0.017146707489155234,48.112762689590454,2.7533051013946532,0.09132007658481597,0.018367569567635654,0.212890625,10.94360830783844,-9.313225746154785e-10,0.11061239242553711,0.0002625383828045036,-0.7313352823257446,0.3618890047073364,2475,0.6794066429138184,1613,1.968189001083374,8,nan,0,nan,0
124,507904,9071.0,55.6,39.41,34.31,10,0.125,170,0.6,212,128,51,22,11,0,0,87,-4.353784408693018,19.410377358490567,-0.28181755542755127,-0.009846720844507217,0.9778578877449036,-0.01357935683336109,47.15219144821167,2.7473644375801087,0.10546467103995383,0.02286085426749196,0.2333984375,12.987233901023865,-1.7462298274040222e-10,0.14199024438858032,0.0002622313203684749,-0.7328956127166748,0.397754043340683,2271,0.741554319858551,1808,0.966983437538147,17,nan,0,nan,0
125,512000,9144.9,55.8,39.11,34.32,10,0.125,373,0.5737265415549598,203,112,58,25,8,0,0,83,-4.485224535616589,19.876847290640395,-0.34071269631385803,-0.008247236721217632,0.9750834703445435,-0.010781775461509824,47.955061531066896,2.741258943080902,0.08744731969200074,0.028788496545166707,0.2921875,12.528258967399598,-7.566995918750763e-10,0.07516217231750488,0.00026192425793244626,-0.7342287302017212,0.34426674246788025,2394,0.6503737568855286,1691,0.9060817956924438,11,nan,0,nan,0
126,516096,9218.7,55.9,39.0,34.31,10,0.125,70,0.5428571428571428,209,113,53,31,12,0,0,75,-4.158653333285887,19.67464114832536,-0.35092976689338684,-0.008896280080080032,0.9781322479248047,-0.019387054472463205,45.34203867912292,2.73605101108551,0.09698931807652116,0.020730882286443375,0.22119140625,10.972282648086548,-2.9103830456733704e-10,0.14303195476531982,0.00026161719549641757,-0.7358235716819763,0.34324267506599426,2373,0.672354519367218,1698,2.312100887298584,25,nan,0,nan,0
127,520192,9293.4,55.2,39.83,34.35,10,0.125,277,0.6462093862815884,207,141,43,13,10,0,0,98,-4.30325227508738,19.681159420289855,-0.19108334183692932,-0.007989409379661083,0.9794291853904724,-0.015213399322237819,43.728563451766966,2.7300043940544128,0.08620328311808408,0.01568158206937369,0.183740234375,13.471899223327636,-3.4924596548080444e-10,0.14529025554656982,0.00026131013306038894,-0.7370563745498657,0.37558111548423767,2457,0.6338862776756287,1631,1.457597255706787,8,nan,0,nan,0
128,524288,9367.7,55.4,39.58,34.31,10,0.125,492,0.6077235772357723,215,120,54,28,13,0,0,82,-4.465256998912167,19.232558139534884,-0.3325139880180359,-0.007582597900182009,0.9742334485054016,-0.008077133004553616,48.9885552406311,2.7243114829063417,0.08869208181276918,0.034282619424629956,0.28662109375,11.608730435371399,-1.7462298274040222e-10,0.11509382724761963,0.00026100307062436025,-0.7388680577278137,0.3279644548892975,2484,0.6431269645690918,1609,0.8260547518730164,3,nan,0,nan,0
129,528384,9442.1,55.4,39.6,34.31,10,0.125,188,0.5159574468085106,208,109,65,20,14,0,0,80,-4.485608775304601,19.72596153846154,-0.3648911714553833,-0.009395387023687363,0.9868826866149902,-0.005198092688806355,48.932824516296385,2.717611217498779,0.09906491870060563,0.026670337482937612,0.277490234375,15.790012454986572,-2.9103830456733704e-10,0.09734350442886353,0.0002606960081883316,-0.7402091026306152,0.37938442826271057,2546,0.6991757154464722,1538,1.6437225341796875,12,nan,0,nan,0
130,532480,9516.2,55.6,39.33,34.29,10,0.125,398,0.5628140703517588,210,127,51,21,11,0,0,95,-4.327331275543265,19.214285714285715,-0.274131178855896,-0.00783438142389059,0.9755532741546631,-0.017518633930012583,45.343092393875125,2.7124796152114867,0.08449022131972014,0.01690726880915463,0.196630859375,17.70586750507355,0.0,0.15913540124893188,0.00026038894575230293,-0.7415241599082947,0.3573707342147827,2551,0.6353525519371033,1534,2.526991128921509,11,nan,0,nan,0
131,536576,9590.4,55.6,39.43,34.31,10,0.125,103,0.5048543689320388,217,126,58,21,12,0,0,90,-4.419421748848207,19.327188940092167,-0.2835104465484619,-0.008431941270828247,0.9693219661712646,-0.014024877035990358,47.63853874206543,2.70649596452713,0.09165430874563754,0.03346634190238547,0.288525390625,11.894109177589417,-4.0745362639427185e-10,0.12360841035842896,0.0002600818833162743,-0.7431206703186035,0.3350079655647278,2385,0.6647437810897827,1702,2.076831817626953,9,nan,0,nan,0
132,540672,9664.5,55.6,39.37,34.31,10,0.125,312,0.5993589743589743,209,135,49,18,7,0,0,97,-4.4699232219700225,19.42105263157895,-0.23039332032203674,-0.008193744346499443,0.9688705801963806,-0.023532463680021466,46.44889078140259,2.6997538447380065,0.08532843510620296,0.021427773329196497,0.2400390625,11.000872087478637,-1.1641532182693481e-10,0.1645129919052124,0.0002597748208802456,-0.7450851202011108,0.34118521213531494,2456,0.6351051330566406,1633,1.1591796875,7,nan,0,nan,0
133,544768,9739.0,55.4,39.63,34.33,10,0.125,9,0.6666666666666666,209,136,49,18,6,0,0,102,-4.390879213148054,19.593301435406698,-0.2043398916721344,-0.0077394056133925915,0.9714432954788208,-0.019977522315457463,44.0108359336853,2.6921940565109255,0.08348081312142312,0.015653336932882667,0.18671875,11.54679536819458,-2.9103830456733704e-10,0.16952425241470337,0.000259467758444217,-0.7466651201248169,0.327182799577713,2484,0.6230368614196777,1601,1.6119805574417114,11,nan,0,nan,0
134,548864,9813.1,55.7,39.25,34.35,10,0.125,220,0.6181818181818182,211,130,56,16,9,0,0,94,-4.37327111535354,19.488151658767773,-0.2442002296447754,-0.007765689864754677,0.9711712002754211,-0.011594063322991132,45.06809368133545,2.687329387664795,0.07876210478134453,0.03151996872620657,0.297314453125,11.766965460777282,-1.0477378964424133e-09,0.12984704971313477,0.0002591606960081883,-0.7474555969238281,0.3310665786266327,2353,0.6237446069717407,1730,1.2503979206085205,13,nan,0,nan,0
135,552960,9886.6,56.1,38.72,34.36,10,0.125,427,0.6206088992974239,207,129,55,20,3,0,0,87,-4.550119555103131,19.579710144927535,-0.23315775394439697,-0.007711188867688179,0.9650295972824097,-0.01055249988567084,47.15678491592407,2.6830414652824404,0.08535827421583235,0.04434194894274697,0.324365234375,10.496822214126587,-1.7462298274040222e-10,0.12274116277694702,0.00025885363357215966,-0.748918354511261,0.3159709572792053,2460,0.6466023921966553,1623,1.4182052612304688,13,nan,0,nan,0
136,557056,9961.4,55.1,39.94,34.36,10,0.125,125,0.64,210,133,52,15,10,0,0,109,-4.643735948155328,19.67142857142857,-0.21425309777259827,-0.008269421756267548,0.9747812747955322,-0.01338388998992741,44.28985080718994,2.677754855155945,0.08464003945700824,0.01804164625646081,0.213720703125,11.736020421981811,2.9103830456733704e-10,0.16699355840682983,0.00025854657113613097,-0.7503269910812378,0.35249125957489014,2493,0.6760067343711853,1592,1.042611002922058,11,nan,0,nan,0
137,561152,10035.4,55.7,39.18,34.33,10,0.125,333,0.6306306306306306,208,130,43,19,16,0,0,91,-4.376008266714371,19.60096153846154,-0.2213151454925537,-0.007994800806045532,0.9686213731765747,-0.012829972640611231,43.88978002071381,2.6720234870910646,0.08731316542252898,0.02719383348012343,0.274609375,13.964087378978729,-4.0745362639427185e-10,0.14772182703018188,0.00025823950870010234,-0.7514818906784058,0.32187747955322266,2478,0.6772097945213318,1611,0.7441423535346985,7,nan,0,nan,0
138,565248,10109.4,55.8,39.15,34.31,10,0.125,29,0.5862068965517241,208,121,51,24,12,0,0,90,-4.447592007724018,19.64423076923077,-0.2586987316608429,-0.008343860507011414,0.9719650149345398,-0.012602437939494848,45.222894287109376,2.667288827896118,0.08705262467265129,0.021473764258553275,0.226318359375,13.527635407447814,-2.9103830456733704e-10,0.12061387300491333,0.00025793244626407365,-0.7529311776161194,0.3361586630344391,2372,0.6561253070831299,1709,1.2237592935562134,15,nan,0,nan,0
139,569344,10183.5,55.6,39.31,34.31,10,0.125,245,0.5795918367346938,216,125,52,24,15,0,0,97,-4.640878818853989,19.189814814814813,-0.25218096375465393,-0.007437426596879959,0.972680389881134,-0.013874167134054005,46.726396322250366,2.6609132528305053,0.0802758030127734,0.020105379467713645,0.233544921875,14.351241850852967,-1.2223608791828156e-09,0.12548327445983887,0.000257625383828045,-0.7545961141586304,0.32222485542297363,2503,0.6288531422615051,1585,1.084986686706543,8,nan,0,nan,0
140,573440,10257.4,55.8,39.15,34.31,10,0.125,454,0.579295154185022,209,121,59,22,7,0,0,97,-4.457672608509652,19.3444976076555,-0.27526283264160156,-0.007388334721326828,0.9724723696708679,-0.013037655455991625,45.337057209014894,2.6538902282714845,0.08095153281465173,0.03733086295542307,0.316650390625,9.977475833892822,4.656612873077393e-10,0.1428067684173584,0.00025731832139201633,-0.7560735940933228,0.3107430040836334,2349,0.6013026237487793,1740,1.5240980386734009,7,nan,0,nan,0
141,577536,10330.8,56.1,38.62,34.33,10,0.125,140,0.55,198,106,61,27,4,0,0,80,-4.650859495138065,20.63131313131313,-0.33186304569244385,-0.009429060854017735,0.9746023416519165,-0.016072223777882755,47.98689675331116,2.648499011993408,0.10018464094027876,0.03183374512591399,0.27529296875,13.91876654624939,1.1641532182693481e-10,0.14078712463378906,0.0002570112589559877,-0.7577645778656006,0.34198635816574097,2389,0.7392190098762512,1683,1.3291813135147095,24,nan,0,nan,0
142,581632,10405.1,55.5,39.54,34.32,10,0.125,349,0.6103151862464183,209,136,54,11,8,0,0,95,-4.486256348744833,19.861244019138756,-0.19941261410713196,-0.007624287158250809,0.96861332654953,-0.013526965642813592,45.66040599346161,2.6422841548919678,0.08239992139860988,0.023028466859250328,0.2408203125,16.612039971351624,-5.820766091346741e-10,0.1397973895072937,0.000256704196519959,-0.7586550712585449,0.3283778429031372,2402,0.6458836197853088,1679,0.7452965974807739,15,nan,0,nan,0
143,585728,10479.1,55.8,39.13,34.33,10,0.125,38,0.631578947368421,201,135,41,18,7,0,0,98,-4.451996835462736,20.034825870646767,-0.16231600940227509,-0.007254261989146471,0.9607188701629639,-0.021712468320038168,41.528755283355714,2.6392112016677856,0.07705827569589019,0.023531805488164536,0.24287109375,12.711388421058654,-2.9103830456733704e-10,0.1638302206993103,0.0002563971340839304,-0.759766697883606,0.32974955439567566,2487,0.6035552620887756,1602,1.3596693277359009,7,nan,0,nan,0
144,589824,10553.5,55.4,39.67,34.31,10,0.125,250,0.596,212,125,61,21,5,0,0,98,-4.222370417916143,19.504716981132077,-0.26252561807632446,-0.008092105388641357,0.9745107889175415,-0.01422120884526521,45.56618454456329,2.633476662635803,0.08690383285284042,0.027700466525857337,0.2703125,13.448038697242737,-4.0745362639427185e-10,0.15194016695022583,0.00025609007164790175,-0.7615396976470947,0.32442620396614075,2474,0.6732330918312073,1608,1.4778207540512085,14,nan,0,nan,0
145,593920,10627.5,55.7,39.21,34.32,10,0.125,455,0.6395604395604395,205,142,44,15,4,0,0,93,-4.4783266267142885,20.082926829268292,-0.1436154544353485,-0.007873046211898327,0.9725006222724915,-0.01897817759308964,42.408044481277464,2.626728689670563,0.08700038916431367,0.01781964246474672,0.211474609375,13.864639449119569,-7.566995918750763e-10,0.16902995109558105,0.00025578300921187306,-0.7629085183143616,0.344620019197464,2447,0.6395586729049683,1640,0.7780587077140808,9,nan,0,nan,0
146,598016,10701.8,55.5,39.49,34.35,10,0.125,153,0.6405228758169934,210,135,51,18,6,0,0,99,-4.490486393286112,19.347619047619048,-0.1966131031513214,-0.007614862639456987,0.9716932773590088,-0.01959445415996015,44.75449194908142,2.6212380647659304,0.0833039281424135,0.01756585840776097,0.207275390625,15.401051568984986,-8.149072527885437e-10,0.14516639709472656,0.0002554759467758444,-0.7645046710968018,0.32282838225364685,2488,0.6034631729125977,1603,2.750257968902588,5,nan,0,nan,0
147,602112,10775.5,55.9,38.89,34.36,10,0.125,361,0.6204986149584487,208,126,56,20,6,0,0,92,-4.443973108590386,19.567307692307693,-0.2322411835193634,-0.007666909135878086,0.9691358208656311,-0.023146028723567726,41.99757170677185,2.6128864765167235,0.07996326899155974,0.02548631445679348,0.262158203125,10.355185770988465,-6.984919309616089e-10,0.1958867311477661,0.00025516888433981574,-0.7672483325004578,0.3053993880748749,2457,0.6399710178375244,1628,0.9474970102310181,11,nan,0,nan,0
148,606208,10849.5,55.8,39.11,34.32,10,0.125,61,0.5573770491803278,212,135,48,19,10,0,0,103,-4.638404305255727,19.400943396226417,-0.19070306420326233,-0.007962280884385109,0.9673017263412476,-0.010634470218792557,44.952002334594724,2.601942980289459,0.08472442380152642,0.030510563449934126,0.296484375,13.548659896850586,-2.3283064365386963e-10,0.14437192678451538,0.0002548618219037871,-0.7695201635360718,0.3219272196292877,2457,0.6569995284080505,1629,1.6152597665786743,10,nan,0,nan,0
149,610304,10924.2,55.2,39.93,34.29,10,0.125,263,0.6083650190114068,202,126,50,17,9,0,0,95,-4.75132111481962,20.316831683168317,-0.21062912046909332,-0.00734200282022357,0.9666153192520142,-0.02037102449685335,43.53183827400208,2.5940734505653382,0.08413386535830795,0.026096121850423516,0.266943359375,13.197970771789551,-9.313225746154785e-10,0.1715456247329712,0.0002545547594677584,-0.7710829973220825,0.3141755163669586,2494,0.6080787777900696,1583,2.388641595840454,19,nan,0,nan,0
150,614400,10998.4,55.5,39.45,34.3,10,0.125,468,0.6239316239316239,205,132,49,21,3,0,0,94,-4.496258326381113,20.04390243902439,-0.20119565725326538,-0.007613201625645161,0.9647905230522156,-0.018944937735795975,43.596835827827455,2.5899054646492004,0.07861008667387068,0.032472766030696223,0.29375,14.995900535583496,0.0,0.15343505144119263,0.0002542476970317298,-0.7716317772865295,0.32778361439704895,2488,0.6224915385246277,1599,1.5621142387390137,9,nan,0,nan,0
151,618496,11071.9,56.1,38.66,34.37,10,0.125,163,0.6257668711656442,207,130,48,24,5,0,0,91,-4.652589634471798,19.719806763285025,-0.21142202615737915,-0.008267238736152649,0.9776291847229004,-0.02280970469582826,44.14071989059448,2.588392102718353,0.08157725310884416,0.029219591015134938,0.2666015625,11.075338888168336,-6.402842700481415e-10,0.15233385562896729,0.0002539406345957011,-0.7722116112709045,0.3359391391277313,2438,0.6485279202461243,1642,1.9373676776885986,16,nan,0,nan,0
152,622592,11145.9,55.7,39.22,34.33,10,0.125,366,0.592896174863388,203,115,67,13,8,0,0,87,-4.59232228786727,20.113300492610836,-0.2850157916545868,-0.008593457750976086,0.9663498401641846,-0.0059748261061031375,45.953099203109744,2.584916019439697,0.09414425059221684,0.045039248251123355,0.35166015625,14.568952333927154,-1.1641532182693481e-10,0.19587987661361694,0.00025363357215967247,-0.7732346057891846,0.33320531249046326,2445,0.7002987265586853,1617,1.6836609840393066,34,nan,0,nan,0
153,626688,11220.2,55.5,39.54,34.27,10,0.125,61,0.5737704918032787,207,134,47,21,5,0,0,104,-4.3241273108331,19.893719806763286,-0.188836932182312,-0.009188178926706314,0.97505784034729,-0.008941259200219065,44.290317797660826,2.5802288174629213,0.10226439689286053,0.03506509549624752,0.30859375,12.726723265647887,-6.402842700481415e-10,0.19584453105926514,0.0002533265097236438,-0.774840235710144,0.3153153955936432,2339,0.6992611885070801,1741,1.0940840244293213,16,nan,0,nan,0
154,630784,11293.8,56.0,38.78,34.31,10,0.125,263,0.6273764258555133,202,130,56,10,6,0,0,101,-4.568241699161129,20.301980198019802,-0.1865280270576477,-0.010650232434272766,0.9843348860740662,-0.018466278491541744,43.46426115036011,2.572577714920044,0.09667680743150413,0.0369009001617087,0.31826171875,13.077518916130066,-6.984919309616089e-10,0.21281582117080688,0.00025301944728761515,-0.7767513990402222,0.40102773904800415,2333,0.7642096877098083,1750,1.171205997467041,13,nan,0,nan,0
155,634880,11368.0,55.6,39.38,34.32,10,0.125,471,0.6263269639065817,208,130,58,16,4,0,0,95,-4.518463624653483,19.85096153846154,-0.201036274433136,-0.009667431004345417,0.9678497910499573,-0.002239594282582402,45.53673663139343,2.5666185855865478,0.1100625148974359,0.029822967591462655,0.295703125,15.703244400024413,-3.4924596548080444e-10,0.1565043330192566,0.00025271238485158646,-0.7777481079101562,0.3672635555267334,2362,0.7503060102462769,1722,1.4021066427230835,12,nan,0,nan,0
156,638976,11442.2,55.5,39.43,34.32,10,0.125,165,0.6727272727272727,206,133,52,18,3,0,0,101,-4.2711201163520425,19.796116504854368,-0.1806313544511795,-0.008238603360950947,0.9614396095275879,-0.017421779967844487,42.54168071746826,2.563418138027191,0.08417929490096868,0.026495216297917068,0.259228515625,14.083533525466919,1.7462298274040222e-10,0.14887911081314087,0.00025240532241555783,-0.778551459312439,0.3381359279155731,2404,0.6623436808586121,1673,0.7820338606834412,19,nan,0,nan,0
157,643072,11516.7,55.3,39.76,34.34,10,0.125,376,0.6595744680851063,211,137,41,29,4,0,0,90,-4.607079706270107,19.417061611374407,-0.15995219349861145,-0.0065987384878098965,0.9624195694923401,-0.021985526522621514,42.71429326534271,2.5587056040763856,0.07182743330486119,0.032447377871721986,0.294384765625,13.530131959915161,-1.0477378964424133e-09,0.1627182960510254,0.00025209825997952914,-0.7800256013870239,0.3268890082836151,2561,0.5567341446876526,1524,0.6819170117378235,11,nan,0,nan,0
158,647168,11590.7,55.7,39.21,34.33,10,0.125,80,0.5875,216,138,49,20,9,0,0,99,-4.479967428143355,19.069444444444443,-0.18684621155261993,-0.008016356267035007,0.977319598197937,-0.01831779982894659,42.78937718868256,2.5540122985839844,0.08305942472070456,0.026620355324121193,0.27060546875,13.214102435112,-2.3283064365386963e-10,0.2029610276222229,0.0002517911975435005,-0.7807457447052002,0.32683220505714417,2500,0.6787789463996887,1581,1.2179428339004517,15,nan,0,nan,0
159,651264,11665.0,55.5,39.5,34.35,10,0.125,289,0.6505190311418685,209,141,41,19,8,0,0,100,-4.406062084340599,19.473684210526315,-0.13576588034629822,-0.007150169461965561,0.9583225846290588,-0.01240587020292878,43.18282260894775,2.55239200592041,0.0811611037235707,0.03478220072283875,0.326171875,13.383549785614013,-1.2223608791828156e-09,0.13000178337097168,0.0002514841351074718,-0.7808704972267151,0.32314926385879517,2568,0.6303147077560425,1518,2.6601133346557617,10,nan,0,nan,0
160,655360,11739.3,55.5,39.49,34.34,10,0.125,502,0.6454183266932271,213,136,48,26,3,0,0,107,-4.349769720726763,19.333333333333332,-0.18842364847660065,-0.007047140039503574,0.9621426463127136,-0.019588041258975862,45.52344546318054,2.5501519799232484,0.07622883128933608,0.025127078851801342,0.257470703125,13.697095680236817,1.7462298274040222e-10,0.1267969012260437,0.0002511770726714432,-0.7821938991546631,0.3242904245853424,2543,0.6124906539916992,1548,1.247064232826233,5,nan,0,nan,0
161,659456,11813.4,55.6,39.28,34.33,10,0.125,205,0.6146341463414634,215,132,44,28,11,0,0,99,-4.325632966220302,19.013953488372092,-0.19645613431930542,-0.0073444596491754055,0.961607813835144,-0.01652831621468067,43.44974613189697,2.541792798042297,0.08232252849265934,0.030584506125887857,0.283984375,13.633647227287293,-6.984919309616089e-10,0.17399239540100098,0.0002508700102354145,-0.7849651575088501,0.3096061944961548,2619,0.676651656627655,1470,1.2022792100906372,7,nan,0,nan,0
162,663552,11887.4,55.7,39.21,34.37,10,0.125,414,0.6038647342995169,209,124,47,26,12,0,0,93,-4.50687401722587,19.373205741626794,-0.22432202100753784,-0.008205173537135124,0.9701569080352783,-0.008252088888548314,43.76801300048828,2.5326252460479735,0.0920475693885237,0.041548722959123555,0.33544921875,12.161237120628357,-5.238689482212067e-10,0.14135849475860596,0.00025056294779938587,-0.7864099740982056,0.3357948362827301,2502,0.6770821809768677,1585,1.2225632667541504,9,nan,0,nan,0
163,667648,11961.4,55.7,39.27,34.32,10,0.125,110,0.7545454545454545,208,150,35,12,11,0,0,113,-4.206023843347366,19.576923076923077,-0.08565472066402435,-0.00842755101621151,0.9701645970344543,-0.004333332809619605,38.921829199790956,2.527988886833191,0.09548825165256858,0.03847320433997083,0.33486328125,16.64720673561096,-1.1059455573558807e-09,0.21968871355056763,0.0002502558853633572,-0.7876358032226562,0.3352538049221039,2528,0.6970123052597046,1561,2.9091649055480957,7,nan,0,nan,0
164,671744,12035.3,55.8,39.12,34.33,10,0.125,319,0.6927899686520376,209,138,40,23,8,0,0,108,-4.264970463854579,19.961722488038276,-0.13911935687065125,-0.00774471927434206,0.9817339777946472,-0.01431844315957278,41.832544445991516,2.522400450706482,0.07881869859993458,0.03246790670673363,0.289892578125,15.745770502090455,-1.1059455573558807e-09,0.14910149574279785,0.00024994882292732855,-0.7890980243682861,0.3728331923484802,2540,0.6211394667625427,1550,0.8719100952148438,6,nan,0,nan,0
165,675840,12109.8,55.3,39.66,34.34,10,0.125,18,0.7222222222222222,211,154,29,18,10,0,0,110,-4.281359424277881,19.14691943127962,-0.06982272863388062,-0.006023993715643883,0.9634491801261902,-0.01655593318864703,36.126819705963136,2.51721568107605,0.06439688475802541,0.027832637427491137,0.284716796875,14.161589980125427,-5.820766091346741e-11,0.1618930697441101,0.00024964176049129986,-0.7901198267936707,0.2983134984970093,2582,0.55661541223526,1510,0.9946014881134033,4,nan,0,nan,0
166,679936,12184.6,55.1,40.02,34.34,10,0.125,232,0.5948275862068966,214,125,45,29,15,0,0,96,-4.270703859750636,19.364485981308412,-0.2526131570339203,-0.008122563362121582,0.9631633162498474,-0.017148495744913818,46.65438275337219,2.513407838344574,0.09363718712702393,0.018226287214201876,0.227734375,21.744755339622497,-1.280568540096283e-09,0.13044041395187378,0.00024933469805527123,-0.791266918182373,0.314615935087204,2524,0.6743733882904053,1557,3.1745030879974365,15,nan,0,nan,0
167,684032,12258.7,55.6,39.36,34.33,10,0.125,437,0.6041189931350115,205,126,39,30,10,0,0,99,-4.332269168139751,19.902439024390244,-0.19634732604026794,-0.006938472390174866,0.9539964199066162,-0.02305564908310771,42.99634017944336,2.506748282909393,0.07758052456192673,0.02877397467091214,0.2736328125,14.356885242462159,-5.820766091346741e-11,0.15624362230300903,0.00024902763561924254,-0.7931532263755798,0.3042687177658081,2644,0.6285431981086731,1441,3.2525787353515625,11,nan,0,nan,0
168,688128,12332.9,55.5,39.44,34.31,10,0.125,133,0.7142857142857143,208,151,31,23,3,0,0,113,-4.300106371899625,19.408653846153847,-0.07112868875265121,-0.006699736695736647,0.956532895565033,-0.01955491377739236,38.218964624404904,2.501197910308838,0.07301763477735221,0.020092038574512118,0.229931640625,20.12343759536743,-5.238689482212067e-10,0.16069060564041138,0.0002487205731832139,-0.7939486503601074,0.32851943373680115,2702,0.6246337890625,1390,0.8523659706115723,4,nan,0,nan,0
169,692224,12407.8,55.0,40.05,34.36,10,0.125,349,0.6504297994269341,216,132,40,32,12,0,0,99,-4.52555990948679,19.22222222222222,-0.1814993917942047,-0.007344015873968601,0.9737113118171692,-0.021481345943175256,46.2500855922699,2.498152494430542,0.0731322729960084,0.019813181026256642,0.218212890625,17.214863657951355,-9.89530235528946e-10,0.12159138917922974,0.0002484135107471852,-0.7950164079666138,0.3657987415790558,2743,0.6342912316322327,1351,0.5856834053993225,2,nan,0,nan,0
170,696320,12481.9,55.5,39.4,34.34,10,0.125,42,0.6428571428571429,205,126,46,29,4,0,0,94,-4.2654216931034385,19.931707317073172,-0.2065948247909546,-0.006673146039247513,0.9555384516716003,-0.01951706553809345,42.63572015762329,2.49415442943573,0.07391891661100089,0.01881172580178827,0.221923828125,15.645019388198852,-1.1641532182693481e-10,0.13790231943130493,0.0002481064483111566,-0.7956902384757996,0.2898782789707184,2555,0.605850100517273,1534,1.939080834388733,7,nan,0,nan,0
171,700416,12556.8,55.1,40.07,34.31,10,0.125,257,0.6264591439688716,215,134,37,37,7,0,0,97,-4.242234406582946,19.167441860465118,-0.19116035103797913,-0.007773593999445438,0.9634115099906921,-0.022006701782811434,44.26326460838318,2.491667056083679,0.08407310205511749,0.02357545971754007,0.22919921875,15.92301959991455,-1.7462298274040222e-10,0.15970689058303833,0.0002477993858751279,-0.7964486479759216,0.3345666527748108,2615,0.6560561060905457,1467,2.57733154296875,14,nan,0,nan,0
172,704512,12631.2,55.4,39.67,34.29,10,0.125,466,0.6115879828326181,209,124,46,33,6,0,0,88,-4.479429063313066,19.626794258373206,-0.21098870038986206,-0.007020217832177877,0.9673269987106323,-0.011194622877519577,45.73134899139404,2.4877861976623534,0.08696750113740563,0.034166333364555615,0.304345703125,13.650034999847412,-4.656612873077393e-10,0.13523238897323608,0.00024749232343909927,-0.7975907325744629,0.2838009297847748,2679,0.6624969840049744,1396,1.61016047000885,21,nan,0,nan,0
173,708608,12705.6,55.4,39.52,34.38,10,0.125,161,0.6708074534161491,207,135,44,20,8,0,0,93,-4.39568803471788,19.647342995169083,-0.14389847218990326,-0.008544526994228363,0.984057605266571,-0.007093055674340576,43.15374937057495,2.4845526933670046,0.0886342793237418,0.06368334903381764,0.40732421875,11.4469158411026,-6.984919309616089e-10,0.17405682802200317,0.0002471852610030706,-0.7978081703186035,0.3765246272087097,2679,0.708381712436676,1412,0.5632628202438354,5,nan,0,nan,0
174,712704,12779.8,55.5,39.44,34.35,10,0.125,368,0.6440217391304348,207,129,54,19,5,0,0,88,-4.24009700321059,19.92753623188406,-0.1851377934217453,-0.008214912377297878,0.9753149747848511,-0.002773132035508752,44.857695484161376,2.484472119808197,0.08722434444352985,0.05148107308195904,0.399072265625,13.149137997627259,-6.984919309616089e-10,0.16229921579360962,0.00024687819856704195,-0.7977296710014343,0.3420306146144867,2486,0.679378867149353,1599,1.3628027439117432,11,nan,0,nan,0
175,716800,12854.1,55.5,39.47,34.32,10,0.125,62,0.5483870967741935,206,132,40,30,4,0,0,103,-4.449174040715311,19.839805825242717,-0.16414222121238708,-0.0068308888003230095,0.9771208167076111,-0.016853735514450817,44.08267867565155,2.4825077295303344,0.06842621569521726,0.03339200486952905,0.31083984375,14.998657655715942,-6.402842700481415e-10,0.15000581741333008,0.00024657113613101326,-0.7990829944610596,0.4031466841697693,2694,0.610840916633606,1401,0.29178592562675476,1,nan,0,nan,0
176,720896,12928.6,55.4,39.61,34.36,10,0.125,269,0.6394052044609665,207,138,45,17,7,0,0,100,-4.4262876420848425,19.52657004830918,-0.14087232947349548,-0.007906799204647541,0.9717150926589966,-0.021856117295101285,41.157660484313965,2.4771905303001405,0.08222330128774047,0.03369165585609153,0.307177734375,12.59874494075775,-6.402842700481415e-10,0.17140114307403564,0.00024626407369498463,-0.8004424571990967,0.3563500940799713,2681,0.6536913514137268,1408,1.0522823333740234,7,nan,0,nan,0
177,724992,13002.9,55.4,39.57,34.35,10,0.125,482,0.6597510373443983,213,146,42,17,8,0,0,116,-4.183292940023235,19.422535211267604,-0.11186131834983826,-0.008362038061022758,0.9660056829452515,-0.017585324007086456,41.76886849403381,2.470795822143555,0.08689631298184394,0.03385764656995889,0.304443359375,15.366609263420106,5.820766091346741e-11,0.210895836353302,0.00024595701125895594,-0.8019556403160095,0.3248874247074127,2485,0.6588119268417358,1590,2.584606409072876,21,nan,0,nan,0
178,729088,13077.5,55.3,39.72,34.36,10,0.125,179,0.664804469273743,209,142,40,24,3,0,0,105,-4.228208182768709,19.5311004784689,-0.09519195556640625,-0.0067422157153487206,0.9536917805671692,-0.010942181339487433,42.12212827205658,2.465121257305145,0.07441065930761397,0.0347496010188479,0.31474609375,14.622780323028564,-1.1641532182693481e-10,0.1739339828491211,0.0002456499488229273,-0.8033241033554077,0.31356802582740784,2616,0.5591496825218201,1461,1.9587942361831665,19,nan,0,nan,0
179,733184,13151.3,55.8,39.04,34.32,10,0.125,384,0.6744791666666666,205,140,39,21,5,0,0,104,-4.342907745609676,20.039024390243902,-0.10930003970861435,-0.005949065554887056,0.9460293054580688,-0.02096461596665904,40.704032850265506,2.460097539424896,0.06626567118801177,0.03270967272110283,0.29111328125,13.796061015129089,-4.0745362639427185e-10,0.1527361273765564,0.0002453428863868986,-0.8045408129692078,0.3046923279762268,2610,0.5346461534500122,1460,1.3071027994155884,26,nan,0,nan,0
180,737280,13225.6,55.5,39.53,34.32,10,0.125,78,0.7051282051282052,206,144,34,23,5,0,0,105,-4.288865376876733,19.781553398058254,-0.08762617409229279,-0.006578798405826092,0.9588689208030701,-0.023185724532231687,40.27489185333252,2.4558724045753477,0.06867588562890888,0.027481033260119147,0.27333984375,12.483494901657105,-7.566995918750763e-10,0.1538291573524475,0.00024503582395087,-0.8054515719413757,0.32863765954971313,2554,0.58724445104599,1530,1.1059772968292236,12,nan,0,nan,0
181,741376,13299.6,55.8,39.11,34.34,10,0.125,286,0.6923076923076923,208,143,35,24,6,0,0,93,-4.316494118763493,19.634615384615383,-0.09931358695030212,-0.00702244695276022,0.9688786268234253,-0.018480470101349056,40.154148888587955,2.4521174907684324,0.07330442010425031,0.025568854174343868,0.25517578125,15.255707836151123,2.9103830456733704e-10,0.16709011793136597,0.0002447287615148413,-0.8063491582870483,0.32114630937576294,2486,0.5897665619850159,1596,0.9776536822319031,14,nan,0,nan,0
182,745472,13373.8,55.5,39.42,34.33,10,0.125,490,0.6979591836734694,204,144,37,17,6,0,0,110,-4.155324857992275,20.137254901960784,-0.08780284970998764,-0.00732749467715621,0.9545220732688904,-0.02267060368321836,39.41095955371857,2.4482804894447328,0.07741579683497549,0.03602568974602036,0.29755859375,10.015214323997498,-6.984919309616089e-10,0.1742081642150879,0.00024442169907881267,-0.807263195514679,0.29098886251449585,2548,0.6377195119857788,1533,1.9092707633972168,15,nan,0,nan,0
183,749568,13448.0,55.5,39.49,34.33,10,0.125,192,0.6145833333333334,214,132,55,21,6,0,0,102,-4.31508551188599,19.55607476635514,-0.1785314679145813,-0.007629194762557745,0.9750128984451294,-0.01957297450862825,43.63188333511353,2.444933605194092,0.0783896722830832,0.02433201714302413,0.251513671875,16.96943829059601,5.820766091346741e-11,0.21799474954605103,0.000244114636642784,-0.8082562685012817,0.32130175828933716,2579,0.662196934223175,1508,1.495530366897583,9,nan,0,nan,0
184,753664,13522.4,55.4,39.59,34.32,10,0.125,400,0.6475,208,141,36,21,10,0,0,107,-4.1862009745028,19.451923076923077,-0.11311672627925873,-0.006345687434077263,0.9483024477958679,-0.0226186619955115,40.82161865234375,2.439450168609619,0.0710603364277631,0.0317782449623337,0.278564453125,14.142622756958009,-1.1059455573558807e-09,0.17998075485229492,0.00024380757420675535,-0.8100218772888184,0.28036776185035706,2590,0.588194727897644,1504,3.254157543182373,2,nan,0,nan,0
185,757760,13596.5,55.6,39.38,34.31,10,0.125,93,0.7311827956989247,205,138,38,23,6,0,0,110,-4.341774028956269,20.160975609756097,-0.10975705832242966,-0.006871836259961128,0.9545103907585144,-0.004961269069463014,39.85040242671967,2.4327832102775573,0.07949889316223561,0.05226789185253437,0.361376953125,13.13395082950592,1.7462298274040222e-10,0.19526422023773193,0.0002435005117707267,-0.8113347291946411,0.2999846935272217,2558,0.6141876578330994,1517,1.089235782623291,21,nan,0,nan,0
186,761856,13670.3,55.9,38.96,34.33,10,0.125,299,0.6688963210702341,206,132,49,22,3,0,0,102,-4.22847677238429,19.52912621359223,-0.13961315155029297,-0.00620066374540329,0.9699229001998901,-0.023995472851675005,41.28676066398621,2.42770117521286,0.06559300757944583,0.025039060035487636,0.25546875,14.096950459480286,-6.984919309616089e-10,0.17702621221542358,0.00024319344933469803,-0.8127175569534302,0.33171626925468445,2631,0.5652713775634766,1454,1.0512986183166504,11,nan,0,nan,0
187,765952,13744.5,55.5,39.42,34.34,10,0.125,506,0.6640316205533597,207,136,36,29,6,0,0,108,-4.273671268391412,19.95169082125604,-0.1338910162448883,-0.006212622858583927,0.9449729919433594,-0.017399977473542095,41.227551984786984,2.422323536872864,0.07011261438019574,0.04403447087097447,0.3529296875,11.299339389801025,-5.238689482212067e-10,0.17249935865402222,0.00024288638689866937,-0.8138986229896545,0.2688920199871063,2548,0.5518210530281067,1541,1.2351806163787842,7,nan,0,nan,0
188,770048,13819.1,55.2,39.82,34.33,10,0.125,201,0.6766169154228856,207,141,44,17,5,0,0,111,-4.208807360650567,19.603864734299517,-0.10668908059597015,-0.00738908164203167,0.9611725211143494,-0.013658313616178929,39.52330837249756,2.4184544920921325,0.07991374447010458,0.03357832866313402,0.2994140625,14.375194978713989,-7.566995918750763e-10,0.23151731491088867,0.0002425793244626407,-0.8146002888679504,0.3063991367816925,2596,0.6411408185958862,1497,1.5566304922103882,3,nan,0,nan,0
189,774144,13893.6,55.4,39.65,34.34,10,0.125,406,0.6724137931034483,205,137,43,23,2,0,0,104,-4.209703889218752,20.141463414634146,-0.12205256521701813,-0.006987672299146652,0.9617065191268921,-0.02823379843030125,42.43136978149414,2.4138962030410767,0.07662321897223592,0.02830359026265796,0.264990234375,12.212798571586609,-5.238689482212067e-10,0.15882772207260132,0.00024227226202661205,-0.8165379762649536,0.3036734163761139,2610,0.6058052182197571,1466,2.3013603687286377,20,nan,0,nan,0
190,778240,13967.8,55.5,39.48,34.32,10,0.125,100,0.73,206,148,21,31,6,0,0,107,-4.069792861504119,19.62621359223301,-0.06643714010715485,-0.006219958886504173,0.9491002559661865,-0.017044165206607433,39.85279519557953,2.4059590101242065,0.07060396769084036,0.04129775405162946,0.332861328125,12.428327703475953,1.1641532182693481e-10,0.2263411283493042,0.0002419651995905834,-0.8182036876678467,0.27414172887802124,2612,0.5642631649971008,1467,1.362954020500183,17,nan,0,nan,0
191,782336,14042.2,55.5,39.47,34.39,10,0.125,307,0.6807817589576547,207,136,44,21,6,0,0,105,-4.485105291160921,20.014492753623188,-0.14950335025787354,-0.007351474836468697,0.9683723449707031,-0.016406952333636583,41.82567174434662,2.401618504524231,0.07609890517778695,0.03624045005708467,0.322021484375,15.725918054580688,-5.238689482212067e-10,0.19770538806915283,0.00024165813715455473,-0.8186551332473755,0.3218477666378021,2605,0.6226939558982849,1471,2.3983912467956543,20,nan,0,nan,0
192,786432,14116.7,55.3,39.77,34.35,10,0.125,11,1.0,216,155,38,19,4,0,0,118,-4.328810521193483,19.069444444444443,-0.03781592845916748,-0.005682162009179592,0.9574742317199707,-0.015666602924466134,39.25715844631195,2.3998584270477297,0.06731109963729978,0.03923535759095102,0.316357421875,14.873277759552002,-5.820766091346741e-10,0.19081974029541016,0.00024135107471852607,-0.8194779753684998,0.27338606119155884,2731,0.5511040687561035,1365,nan,0,nan,0,nan,0
193,790528,14191.1,55.4,39.57,34.34,10,0.125,217,0.7096774193548387,206,143,37,21,5,0,0,112,-4.352907498859274,19.645631067961165,-0.10055165737867355,-0.008655015379190445,0.965038537979126,-0.019968522386625408,41.10851974487305,2.396370458602905,0.09440807858482003,0.03278371027845424,0.276220703125,14.499683904647828,-6.402842700481415e-10,0.2183440923690796,0.0002410440122824974,-0.820126473903656,0.37451791763305664,2654,0.7097097039222717,1416,4.167529106140137,26,nan,0,nan,0
194,794624,14265.7,55.2,39.82,34.35,10,0.125,426,0.7065727699530516,209,147,32,28,2,0,0,110,-4.334903056953832,19.598086124401913,-0.07790211588144302,-0.0063610561192035675,0.9529199600219727,-0.014239581977017223,40.0910605430603,2.3929723858833314,0.06790970866568387,0.03996862380590756,0.30908203125,14.859284853935241,-1.1641532182693481e-09,0.13521820306777954,0.00024073694984646875,-0.821372926235199,0.2840680480003357,2588,0.6143162250518799,1499,0.8658998012542725,9,nan,0,nan,0
195,798720,14340.0,55.5,39.44,34.34,10,0.125,119,0.6638655462184874,205,143,34,20,8,0,0,110,-4.225701606044238,20.11219512195122,-0.07994316518306732,-0.007355000823736191,0.9845798015594482,-0.023497522308025508,36.50706548690796,2.3875622510910035,0.07038303101435303,0.028192330594174565,0.269580078125,13.782162642478943,-6.984919309616089e-10,0.21854865550994873,0.0002404298874104401,-0.822778582572937,0.3818657696247101,2676,0.5970630645751953,1413,0.7466579675674438,7,nan,0,nan,0
196,802816,14413.7,55.9,38.91,34.36,10,0.125,330,0.6696969696969697,211,142,41,21,7,0,0,98,-4.35141731687266,19.327014218009477,-0.10521060228347778,-0.006810065824538469,0.9644787907600403,-0.007908908440731466,38.93206663131714,2.382863688468933,0.07305686036124825,0.04037063593568746,0.311962890625,16.758127999305724,-7.566995918750763e-10,0.22338378429412842,0.00024012282497441143,-0.8236275911331177,0.3137754797935486,2746,0.625819206237793,1336,0.9422783851623535,14,nan,0,nan,0
197,806912,14487.8,55.6,39.31,34.38,10,0.125,26,0.6153846153846154,208,133,53,18,4,0,0,86,-4.178136956277325,19.89903846153846,-0.14839017391204834,-0.006647912785410881,0.9570473432540894,-0.017829925939440727,40.842154955863954,2.378742718696594,0.07419378869235516,0.038002362055703995,0.32158203125,14.161777997016907,-8.149072527885437e-10,0.18853110074996948,0.00023981576253838277,-0.8249213695526123,0.28305089473724365,2621,0.6150465607643127,1453,0.5298361778259277,22,nan,0,nan,0
198,811008,14561.9,55.6,39.3,34.34,10,0.125,230,0.6739130434782609,204,139,39,19,7,0,0,93,-4.386394927104811,20.004901960784313,-0.10219107568264008,-0.007252128329128027,0.9719938039779663,-0.02187806206056848,41.38462600708008,2.3744752526283266,0.07057784972712397,0.026932363605010324,0.25810546875,14.88399155139923,-5.238689482212067e-10,0.1333889365196228,0.0002395087001023541,-0.8257545232772827,0.3578532040119171,2732,0.6218171119689941,1348,1.6927785873413086,16,nan,0,nan,0
199,815104,14636.3,55.4,39.56,34.38,10,0.125,436,0.6055045871559633,206,109,52,33,12,0,0,80,-4.2872687057287076,19.800970873786408,-0.27452290058135986,-0.0067999777384102345,0.9591259360313416,-0.014786310354247689,46.25438590049744,2.371511662006378,0.07616934846155346,0.02337890951021109,0.250048828125,25.587296581268312,-7.566995918750763e-10,0.14878326654434204,0.00023920163766632545,-0.8263781666755676,0.30590206384658813,2623,0.6244558691978455,1465,1.3439452648162842,8,nan,0,nan,0
200,819200,14710.1,55.9,38.96,34.37,10,0.125,125,0.632,201,127,44,27,3,0,0,89,-4.282320818762926,20.17412935323383,-0.15305617451667786,-0.006702889688313007,0.9560975432395935,-0.029931755911093205,39.982186913490295,2.369105339050293,0.07475262046791613,0.02851169050554745,0.270849609375,16.864709901809693,-9.313225746154785e-10,0.22212570905685425,0.0002388945752302968,-0.8271484375,0.28181976079940796,2724,0.6138231158256531,1356,1.8381516933441162,16,nan,0,nan,0
201,823296,14784.3,55.6,39.3,34.35,10,0.125,333,0.6336336336336337,208,132,41,22,13,0,0,88,-4.086912229806945,19.740384615384617,-0.15470105409622192,-0.006999693810939789,0.9503600597381592,-0.013316884567029775,40.95126559734344,2.3665567517280577,0.08934515565633774,0.05558046908117831,0.34189453125,16.77143292427063,-6.402842700481415e-10,0.21764737367630005,0.00023858751279426813,-0.8272219896316528,0.28626030683517456,2628,0.6355746388435364,1459,1.3361597061157227,9,nan,0,nan,0
202,827392,14858.4,55.6,39.36,34.32,10,0.125,24,0.7083333333333334,203,131,38,28,6,0,0,92,-4.247956020471878,20.201970443349754,-0.13667063415050507,-0.006919789128005505,0.970716655254364,-0.018535034195519984,40.17839958667755,2.365784502029419,0.07743777562864125,0.03277625945047476,0.290625,14.30833477973938,-1.3969838619232178e-09,0.18728166818618774,0.00023828045035823947,-0.8281158804893494,0.3186023533344269,2654,0.6158126592636108,1438,1.5511842966079712,4,nan,0,nan,0
203,831488,14932.6,55.5,39.4,34.36,10,0.125,233,0.6695278969957081,209,139,37,26,7,0,0,98,-4.176233252488576,19.736842105263158,-0.11506012082099915,-0.008409064263105392,0.9747877717018127,-0.01953617259860039,39.633504676818845,2.3603347182273864,0.07637115684337914,0.034360437747091056,0.30634765625,15.563402009010314,-1.1641532182693481e-10,0.24162518978118896,0.0002379733879222108,-0.8295181393623352,0.40433788299560547,2608,0.6853047013282776,1482,1.778457522392273,6,nan,0,nan,0
204,835584,15006.7,55.6,39.3,34.33,10,0.125,436,0.6353211009174312,203,121,45,31,6,0,0,75,-4.286922629734043,19.9064039408867,-0.1942933201789856,-0.006881671026349068,0.9496532082557678,-0.005254362756386399,41.56932754516602,2.356129252910614,0.07968342322856188,0.059778064148849806,0.39013671875,16.40356481075287,-5.238689482212067e-10,0.22577518224716187,0.00023766632548618215,-0.8301177024841309,0.27688291668891907,2769,0.6223081350326538,1313,2.874905824661255,14,nan,0,nan,0
205,839680,15081.0,55.5,39.49,34.37,10,0.125,130,0.6846153846153846,206,142,37,20,7,0,0,100,-4.129044698492598,20.116504854368934,-0.0918874591588974,-0.007314537186175585,0.9519280195236206,-0.022481148992665113,38.484085416793825,2.353882074356079,0.08253809832967818,0.03012485970975831,0.2662109375,18.240210866928102,-5.820766091346741e-10,0.2762739658355713,0.0002373592630501535,-0.830847978591919,0.2946917712688446,2711,0.6676294803619385,1370,1.998404860496521,15,nan,0,nan,0
206,843776,15154.9,55.7,39.11,34.36,10,0.125,330,0.6848484848484848,200,137,37,22,4,0,0,96,-4.11371843757024,20.13,-0.10129094123840332,-0.006765871308743954,0.9555954933166504,-0.021857919613830747,38.6773264169693,2.350630354881287,0.07191493916325271,0.025588548692758194,0.255029296875,18.33910279273987,-6.402842700481415e-10,0.21043074131011963,0.00023705220061412483,-0.8317850232124329,0.28359490633010864,2665,0.6371518969535828,1421,1.5441620349884033,10,nan,0,nan,0
207,847872,15229.1,55.5,39.5,34.32,10,0.125,28,0.75,210,144,44,20,2,0,0,113,-4.226569579340361,20.0,-0.08376603573560715,-0.006241426337510347,0.9459598660469055,-0.02290375989396125,38.28215789794922,2.347167503833771,0.06986983702518046,0.03326261221372988,0.275244140625,17.33255536556244,-8.149072527885437e-10,0.26834726333618164,0.00023674513817809617,-0.8325062394142151,0.2752852141857147,2770,0.6018336415290833,1321,1.1014751195907593,5,nan,0,nan,0
208,851968,15303.5,55.4,39.59,34.32,10,0.125,229,0.7117903930131004,201,142,38,19,2,0,0,106,-4.109036482035315,20.318407960199004,-0.07082801312208176,-0.006665724795311689,0.9558408260345459,-0.03046522815420758,36.09570727348328,2.343722772598267,0.07492548939771951,0.03794070376607124,0.318115234375,13.160735726356506,-8.149072527885437e-10,0.2611073851585388,0.0002364380757420675,-0.8334489464759827,0.29443028569221497,2647,0.5860909819602966,1439,2.598445177078247,10,nan,0,nan,0
209,856064,15377.2,55.9,38.92,34.33,10,0.125,428,0.6588785046728972,199,119,44,31,5,0,0,90,-4.069251285133282,20.301507537688444,-0.19502387940883636,-0.006489974912256002,0.9668976068496704,-0.02391608473844826,42.68884634971619,2.3398881316185,0.07979225600138307,0.01872545303485822,0.209130859375,18.838178968429567,-1.4551915228366852e-09,0.2211475372314453,0.00023613101330603885,-0.8346630930900574,0.3060886263847351,2583,0.6122426390647888,1511,1.0806763172149658,2,nan,0,nan,0
210,860160,15451.3,55.6,39.37,34.32,10,0.125,121,0.5867768595041323,205,131,38,27,9,0,0,98,-4.1916146311160105,20.151219512195123,-0.13603930175304413,-0.005782712250947952,0.9619635343551636,-0.021678055718075483,39.59586322307587,2.334878706932068,0.0650911876000464,0.026861450704745948,0.27412109375,17.15300109386444,-6.984919309616089e-10,0.2294730544090271,0.0002358239508700102,-0.835786759853363,0.26685506105422974,2619,0.5233733057975769,1468,1.2107439041137695,9,nan,0,nan,0
211,864256,15525.0,55.9,38.87,34.38,10,0.125,322,0.6490683229813664,201,138,37,23,3,0,0,103,-4.320755842328756,20.398009950248756,-0.09537306427955627,-0.007076850160956383,0.9558408260345459,-0.025625769529142417,38.529305410385135,2.330238699913025,0.07763342461548746,0.035196066315984355,0.27333984375,14.639828109741211,-8.149072527885437e-10,0.24996095895767212,0.00023551688843398153,-0.8370131254196167,0.26375845074653625,2644,0.6225428581237793,1430,2.093543767929077,22,nan,0,nan,0
212,868352,15599.2,55.6,39.33,34.36,10,0.125,18,0.6666666666666666,208,155,29,21,3,0,0,115,-4.140959722165474,19.73076923076923,-0.027697818353772163,-0.006626374088227749,0.9624485373497009,-0.021853477717377244,33.221763491630554,2.325708734989166,0.07276950795203448,0.03275004789175,0.282861328125,20.315267205238342,-3.4924596548080444e-10,0.2796151041984558,0.00023520982599795287,-0.8379830121994019,0.29290464520454407,2718,0.6034747958183289,1369,1.8107333183288574,9,nan,0,nan,0
213,872448,15673.5,55.5,39.5,34.36,10,0.125,223,0.6771300448430493,205,139,31,26,9,0,0,103,-4.0682297436771195,19.970731707317075,-0.0996955931186676,-0.006672225892543793,0.9614495038986206,-0.019989352230913936,38.92080383300781,2.3221325039863587,0.0712580285500735,0.034110310504911465,0.299755859375,18.504349851608275,-1.3969838619232178e-09,0.20545876026153564,0.00023490276356192427,-0.838822066783905,0.30134209990501404,2574,0.5693914294242859,1508,0.9078119993209839,14,nan,0,nan,0
214,876544,15747.9,55.4,39.62,34.29,10,0.125,427,0.6908665105386417,204,144,30,23,7,0,0,112,-4.2166929936609,19.897058823529413,-0.06460519134998322,-0.005752358585596085,0.9581192135810852,-0.020164157450199127,35.81677680015564,2.3183562397956847,0.0634789197705686,0.05109989928023424,0.35087890625,13.059365844726562,-1.1641532182693481e-10,0.22052627801895142,0.00023459570112589555,-0.839714527130127,0.29282906651496887,2761,0.5486600399017334,1327,2.4286327362060547,8,nan,0,nan,0
215,880640,15822.1,55.6,39.39,34.33,10,0.125,117,0.6581196581196581,202,135,34,28,5,0,0,93,-4.239664938374925,20.31188118811881,-0.10197366774082184,-0.00552749028429389,0.9512069821357727,-0.010310868406668306,38.326219534873964,2.3152740716934206,0.0667293471749872,0.040975615606294015,0.3248046875,18.085840368270873,-1.6880221664905548e-09,0.23289310932159424,0.00023428863868986695,-0.8406708240509033,0.26541057229042053,2812,0.5332021713256836,1265,2.3553497791290283,19,nan,0,nan,0
216,884736,15896.7,55.3,39.78,34.35,10,0.125,330,0.6727272727272727,213,145,34,26,8,0,0,118,-4.2106746464167175,19.497652582159624,-0.06291283667087555,-0.00542942900210619,0.9492660164833069,-0.026962882629595696,37.439805841445924,2.3102910995483397,0.06340483645908535,0.03489258579793386,0.301513671875,15.226307034492493,-1.7462298274040222e-09,0.20492470264434814,0.00023398157625383823,-0.8422201871871948,0.269568532705307,2723,0.5361558794975281,1365,1.448448657989502,8,nan,0,nan,0
217,888832,15970.5,55.8,39.01,34.34,10,0.125,24,0.7083333333333334,206,142,31,26,7,0,0,111,-4.5350133148851315,19.57766990291262,-0.058577314019203186,-0.005369757302105427,0.9562981724739075,-0.025465942628216,35.571985721588135,2.3027899861335754,0.061830024560913445,0.03276884249644354,0.2828125,11.694124102592468,-2.9103830456733704e-10,0.24636435508728027,0.00023367451381780963,-0.844266414642334,0.2710922062397003,2745,0.5301693677902222,1342,1.144718050956726,9,nan,0,nan,0
218,892928,16045.6,54.9,40.23,34.34,10,0.125,234,0.6709401709401709,210,140,47,20,3,0,0,100,-4.365845024368923,19.48095238095238,-0.10354852676391602,-0.007077299058437347,0.9459598660469055,-0.01520421983441338,36.59801390171051,2.2948683857917787,0.0765259638428688,0.041536251109209846,0.337451171875,14.52122097015381,-1.0477378964424133e-09,0.3192250728607178,0.00023336745138178091,-0.846153974533081,0.27819910645484924,2710,0.6457824110984802,1376,1.070341944694519,10,nan,0,nan,0
219,897024,16120.0,55.4,39.56,34.38,10,0.125,449,0.6703786191536748,215,144,39,25,7,0,0,102,-4.294108306301488,19.246511627906976,-0.0719081237912178,-0.005587778985500336,0.9603195190429688,-0.029922140249982476,40.044423937797546,2.2875917077064516,0.06418571323156357,0.04410921370435972,0.3189453125,12.171350789070129,-3.4924596548080444e-10,0.19906675815582275,0.0002330603889457523,-0.848035991191864,0.26841554045677185,2711,0.5270358920097351,1379,1.8430248498916626,6,nan,0,nan,0
220,901120,16194.7,55.2,39.89,34.35,10,0.125,143,0.6853146853146853,206,144,32,24,6,0,0,107,-4.403574974292424,19.815533980582526,-0.05425777658820152,-0.0066047124564647675,0.9614396095275879,-0.020846014912240207,37.30303528308868,2.2794612288475036,0.07443696511909366,0.040564254284254274,0.34208984375,14.020954799652099,-1.3387762010097504e-09,0.2735457420349121,0.0002327533265097236,-0.8501663208007812,0.2724846601486206,2608,0.5970033407211304,1480,1.9936586618423462,8,nan,0,nan,0
221,905216,16269.1,55.4,39.6,34.32,10,0.125,359,0.6629526462395543,216,140,36,29,11,0,0,103,-4.3254224625997155,19.09259259259259,-0.10376153141260147,-0.006692676804959774,0.9541237354278564,-0.02958075823262334,39.314185762405394,2.2701606154441833,0.07372170076705516,0.03820919099671301,0.3076171875,12.895195531845093,-8.731149137020111e-10,0.2615552544593811,0.000232446264073695,-0.8526939153671265,0.2710505425930023,2602,0.6112295389175415,1485,1.3037160634994507,9,nan,0,nan,0
222,909312,16343.6,55.3,39.79,34.31,10,0.125,59,0.7796610169491526,212,156,29,19,8,0,0,110,-4.271471317762327,19.193396226415093,0.007855049334466457,-0.006350721698254347,0.9515963196754456,-0.011804200964979828,33.73442533016205,2.2617204666137694,0.07339980946853757,0.047683345089899375,0.366650390625,18.57862298488617,-8.149072527885437e-10,0.2606489062309265,0.00023213920163766633,-0.8541470766067505,0.2596229612827301,2686,0.5895702242851257,1399,1.2039119005203247,11,nan,0,nan,0
223,913408,16418.0,55.4,39.57,34.33,10,0.125,272,0.7022058823529411,213,145,40,23,5,0,0,108,-4.151317882175306,19.389671361502348,-0.06196939945220947,-0.007023310754448175,0.9678083658218384,-0.012563567748293281,37.597595953941344,2.256644439697266,0.07413839637301863,0.05240822943742387,0.35126953125,14.981301021575927,-3.4924596548080444e-10,0.2500080466270447,0.00023183213920163767,-0.8554248213768005,0.32666632533073425,2710,0.6108168363571167,1384,0.5220329761505127,2,nan,0,nan,0
224,917504,16492.5,55.4,39.64,34.35,10,0.125,478,0.7050209205020921,206,146,31,20,9,0,0,106,-4.383136765170842,19.660194174757283,-0.030361764132976532,-0.006565244868397713,0.9539845585823059,-0.023006888665258886,35.770824217796324,2.2522330284118652,0.0712965730112046,0.0438014087965712,0.322021484375,15.973801112174987,-1.57160684466362e-09,0.254469633102417,0.000231525076765609,-0.8563404679298401,0.27644082903862,2693,0.6316041350364685,1392,1.6199897527694702,11,nan,0,nan,0
225,921600,16567.0,55.3,39.78,34.33,10,0.125,180,0.7,214,151,25,27,11,0,0,114,-4.1731035822257585,19.294392523364486,-0.01416263822466135,-0.005664920434355736,0.9696033000946045,-0.02095748090650886,36.128231620788576,2.248306727409363,0.06345284068956972,0.043467182674794456,0.326708984375,15.334802103042602,-6.984919309616089e-10,0.1919693946838379,0.00023121801432958035,-0.8574134111404419,0.3026185929775238,2659,0.5439939498901367,1426,0.7475484609603882,11,nan,0,nan,0
226,925696,16641.5,55.3,39.64,34.37,10,0.125,389,0.7095115681233933,209,150,33,24,2,0,0,114,-4.299421801145417,19.617224880382775,-0.004660862497985363,-0.006209772080183029,0.9675842523574829,-0.022463494690600782,35.9781971693039,2.243816447257996,0.07302494384348393,0.04258373865450267,0.33466796875,15.56815721988678,-1.7462298274040222e-10,0.2524659037590027,0.0002309109518935517,-0.8584755659103394,0.26331764459609985,2683,0.5696226358413696,1399,1.037798523902893,14,nan,0,nan,0
227,929792,16715.1,56.0,38.8,34.34,10,0.125,80,0.6625,203,142,31,24,6,0,0,105,-4.108782058625793,19.960591133004925,-0.05641304701566696,-0.007214861921966076,0.971744179725647,-0.024242932628840207,37.398427438735965,2.2388821721076964,0.07850723513402044,0.03348752013989724,0.30087890625,15.316988682746887,-1.3969838619232178e-09,0.23454439640045166,0.00023060388945752303,-0.8601701259613037,0.32509568333625793,2625,0.6351816058158875,1449,1.1726419925689697,22,nan,0,nan,0
228,933888,16789.0,55.8,39.02,34.38,10,0.125,285,0.6842105263157895,205,142,29,30,4,0,0,111,-4.258471005269896,19.926829268292682,-0.05296620354056358,-0.00641749007627368,0.9599074721336365,-0.011949314502999187,36.818045020103455,2.2330372452735903,0.0783868647646159,0.03476278359303251,0.317626953125,18.742495918273924,-1.862645149230957e-09,0.25012195110321045,0.00023029682702149437,-0.8609212636947632,0.2735424041748047,2605,0.5857748985290527,1466,1.361424207687378,25,nan,0,nan,0
229,937984,16862.9,55.8,39.08,34.36,10,0.125,486,0.7222222222222222,201,156,22,19,4,0,0,119,-4.229283538855104,20.3681592039801,0.03342290595173836,-0.007055553141981363,0.9602053761482239,-0.01877260343171656,33.4936806678772,2.23123699426651,0.07959374166093766,0.04105322876421269,0.3228515625,19.48761456012726,-6.984919309616089e-10,0.27914589643478394,0.0002299897645854657,-0.8614006042480469,0.318635493516922,2679,0.6104700565338135,1410,1.3712986707687378,7,nan,0,nan,0
230,942080,16937.3,55.4,39.65,34.31,10,0.125,182,0.7252747252747253,208,148,32,18,10,0,0,123,-4.2745507313678,19.754807692307693,-0.023244302719831467,-0.006249223370105028,0.966821014881134,-0.013031538855284453,35.48783527612686,2.228410005569458,0.06914073806256056,0.04547068031679373,0.36044921875,15.215890049934387,-5.238689482212067e-10,0.25375550985336304,0.00022968270214943705,-0.8623594045639038,0.29336556792259216,2739,0.6023691296577454,1355,0.4399760961532593,2,nan,0,nan,0
231,946176,17011.6,55.4,39.55,34.31,10,0.125,382,0.6727748691099477,200,125,41,27,7,0,0,101,-4.375989119156755,20.625,-0.13445177674293518,-0.007369496393948793,0.9656057357788086,-0.007657902059145271,44.60275831222534,2.2237172603607176,0.0954772756434977,0.04920010174973868,0.35087890625,20.556464910507202,-1.6298145055770874e-09,0.29296302795410156,0.00022937563971340836,-0.8637651205062866,0.28985533118247986,2669,0.6495386958122253,1367,1.9316433668136597,60,nan,0,nan,0
232,950272,17085.5,55.8,39.07,34.36,10,0.125,82,0.6463414634146342,212,143,38,22,9,0,0,110,-4.313151659034196,19.443396226415093,-0.046907003968954086,-0.0068096318282186985,0.9603501558303833,-0.02429885691963136,37.94608519077301,2.2178599357604982,0.07483036229386926,0.03617414368491154,0.2986328125,15.144242000579833,5.820766091346741e-11,0.23759353160858154,0.0002290685772773797,-0.8652554750442505,0.28958505392074585,2636,0.6289564371109009,1458,1.4558379650115967,2,nan,0,nan,0
233,954368,17160.5,55.0,40.07,34.38,10,0.125,288,0.7152777777777778,206,153,29,17,7,0,0,107,-4.223319399486524,19.74271844660194,0.016316493973135948,-0.006446634419262409,0.9604113101959229,-0.01719152631703764,35.59602968692779,2.2121692538261413,0.07180252559483051,0.035875454274355435,0.314208984375,16.91349592208862,-9.89530235528946e-10,0.28879785537719727,0.00022876151484135104,-0.8664203882217407,0.2685029208660126,2642,0.6129937767982483,1442,1.3449015617370605,12,nan,0,nan,0
234,958464,17234.9,55.4,39.61,34.32,10,0.125,498,0.7369477911646586,210,161,19,22,8,0,0,122,-4.136622065894443,19.357142857142858,0.061668239533901215,-0.005392478313297033,0.966289222240448,-0.03125821114517748,31.661499643325804,2.207497072219849,0.06214641849510372,0.03377825010975357,0.30498046875,14.738810086250306,-1.280568540096283e-09,0.23543286323547363,0.00022845445240532238,-0.8678720593452454,0.2747463285923004,2695,0.5114240050315857,1389,1.164331316947937,12,nan,0,nan,0
235,962560,17309.4,55.3,39.73,34.35,10,0.125,187,0.7540106951871658,201,148,28,21,4,0,0,113,-4.276299896415074,20.34825870646766,0.0056651001796126366,-0.0048229144886136055,0.9476251602172852,-0.026084728352725507,34.48290090560913,2.2028215885162354,0.06061577284708619,0.03417179579264484,0.297509765625,14.900007128715515,-5.238689482212067e-10,0.22327983379364014,0.00022814738996929372,-0.8684290647506714,0.26123496890068054,2719,0.5213543176651001,1373,0.9328827261924744,4,nan,0,nan,0
236,966656,17383.7,55.4,39.52,34.35,10,0.125,392,0.7423469387755102,205,150,34,16,5,0,0,108,-4.498873000240221,20.21951219512195,-1.852773129940033e-05,-0.006504409946501255,0.950912356376648,0.0017564447363838554,35.34614634513855,2.201667273044586,0.07954612118192017,0.0940261970157735,0.4416015625,18.49990122318268,-1.6298145055770874e-09,0.3157062530517578,0.00022784032753326506,-0.8685352206230164,0.2637695372104645,2691,0.6047765612602234,1389,1.514343023300171,16,nan,0,nan,0
237,970752,17458.1,55.4,39.55,34.33,10,0.125,85,0.7411764705882353,205,146,28,23,8,0,0,114,-4.5100266541011536,19.741463414634147,-0.01793966442346573,-0.006275041960179806,0.9745566844940186,-0.022472985775675625,35.05271589756012,2.2013785600662232,0.07013675631023944,0.04761843889427837,0.357421875,16.95295124053955,-1.2223608791828156e-09,0.2611038088798523,0.0002275332650972364,-0.868765652179718,0.28428730368614197,2651,0.5759727358818054,1442,1.176374077796936,3,nan,0,nan,0
238,974848,17532.0,55.7,39.14,34.35,10,0.125,290,0.7068965517241379,205,142,31,23,9,0,0,113,-4.086024501414327,20.029268292682925,-0.03563478961586952,-0.005980274174362421,0.9599074721336365,-0.011589683522470296,37.134368133544925,2.1995734930038453,0.06929862792603672,0.04555070921778679,0.360009765625,19.06086347103119,-2.3283064365386963e-10,0.24697566032409668,0.00022722620266120774,-0.869338870048523,0.25904953479766846,2623,0.5628096461296082,1469,0.7686014771461487,4,nan,0,nan,0
239,978944,17606.4,55.5,39.48,34.34,10,0.125,487,0.6940451745379876,197,133,37,23,4,0,0,109,-4.248246538488385,20.939086294416242,-0.05325845256447792,-0.007261954247951508,0.9579379558563232,-0.026425885350909083,36.964449071884154,2.197610592842102,0.07579360804520548,0.03614109839254524,0.31669921875,15.865451836585999,-9.89530235528946e-10,0.26264381408691406,0.00022691914022517908,-0.8698134422302246,0.3058440089225769,2529,0.6178884506225586,1539,1.4664306640625,28,nan,0,nan,0
240,983040,17680.8,55.4,39.65,34.33,10,0.125,181,0.7348066298342542,206,151,29,22,4,0,0,117,-4.237085451137606,19.728155339805824,0.013717446476221085,-0.006348168011754751,0.9367609024047852,-0.01427294674795121,35.55592663288117,2.1944692015647886,0.08122600298374891,0.058686509073595516,0.37587890625,16.37752296924591,6.402842700481415e-10,0.27211207151412964,0.00022661207778915042,-0.8709662556648254,0.2577227056026459,2682,0.5701475739479065,1388,3.513568639755249,26,nan,0,nan,0
241,987136,17755.2,55.4,39.66,34.31,10,0.125,390,0.764102564102564,209,165,26,12,6,0,0,123,-4.517675649374778,19.760765550239235,0.09297999739646912,-0.006567899603396654,0.9644970297813416,-0.026145423587877303,33.03611376285553,2.189399468898773,0.07056113188154996,0.03193642536061816,0.298974609375,16.828180360794068,-9.89530235528946e-10,0.2614588141441345,0.00022630501535312176,-0.8722379803657532,0.322929322719574,2720,0.574122428894043,1364,2.6464412212371826,12,nan,0,nan,0
242,991232,17829.2,55.7,39.24,34.33,10,0.125,81,0.8024691358024691,203,148,32,17,6,0,0,115,-4.335195845684654,20.354679802955665,0.011573347263038158,-0.005941588897258043,0.9447726607322693,-0.02774032597662881,35.10722372531891,2.1849354028701784,0.06673671077005565,0.04170643336547073,0.32646484375,16.11235821247101,-1.6880221664905548e-09,0.2625066041946411,0.0002259979529170931,-0.87311190366745,0.26890942454338074,2719,0.5823371410369873,1374,2.8788516521453857,3,nan,0,nan,0
243,995328,17903.4,55.5,39.43,34.32,10,0.125,286,0.7692307692307693,205,155,23,18,9,0,0,126,-4.410382256655533,19.98048780487805,0.024857088923454285,-0.006276007741689682,0.9390901923179626,-0.0063812951790168885,36.99220105409622,2.181422162055969,0.07380187949165702,0.07700078127963934,0.438818359375,15.439327049255372,2.9103830456733704e-10,0.3535831570625305,0.00022569089048106444,-0.8738799095153809,0.2724047005176544,2794,0.579018771648407,1274,1.8024784326553345,28,nan,0,nan,0
244,999424,17978.3,55.1,40.03,34.35,10,0.125,497,0.7665995975855131,211,161,23,21,6,0,0,129,-4.373507393709365,19.19905213270142,0.06023293361067772,-0.00550654623657465,0.9469755291938782,-0.007800034806132316,31.45278195142746,2.1799453139305114,0.06257077474147081,0.07691463136288804,0.458544921875,11.513541841506958,-9.89530235528946e-10,0.2328748106956482,0.00022538382804503578,-0.873814046382904,0.2659374177455902,2760,0.5307316780090332,1330,1.3704413175582886,6,nan,0,nan,0
245,1003520,18052.8,55.3,39.75,34.36,10,0.125,188,0.776595744680851,203,157,21,20,5,0,0,118,-4.461420179583606,20.0935960591133,0.046309374272823334,-0.006472358480095863,0.9560750126838684,-0.004650885448791086,34.724145638942716,2.1801215052604674,0.11381995901465417,0.05431502994615585,0.386474609375,20.91756796836853,-9.313225746154785e-10,0.3291139602661133,0.00022507676560900712,-0.8740541934967041,0.312640905380249,2800,0.6858569979667664,1295,0.39722415804862976,1,nan,0,nan,0
246,1007616,18127.7,55.1,40.04,34.36,10,0.125,398,0.7638190954773869,210,158,21,23,8,0,0,134,-4.459273243242488,19.62857142857143,0.051794134080410004,-0.005790618248283863,0.9469891786575317,-0.026224290765821934,33.0527041554451,2.1772451758384705,0.06375447497703135,0.0455329335614806,0.35830078125,16.839228296279906,-1.2223608791828156e-09,0.18989932537078857,0.00022476970317297852,-0.875455379486084,0.2823895812034607,2841,0.5909356474876404,1250,1.212060570716858,5,nan,0,nan,0
247,1011712,18202.8,54.9,40.28,34.31,10,0.125,97,0.7319587628865979,211,163,20,22,6,0,0,136,-4.45656922385513,19.417061611374407,0.08469941467046738,-0.005839814431965351,0.9464607238769531,-0.029644403979182242,30.52937967777252,2.169657278060913,0.06651665079407394,0.04234387858305126,0.3359375,16.8185054063797,-2.3283064365386963e-10,0.23312079906463623,0.0002244626407369498,-0.8775513172149658,0.27128154039382935,2867,0.5814765095710754,1227,0.7544329166412354,2,nan,0,nan,0
248,1015808,18277.1,55.5,39.5,34.36,10,0.125,301,0.6943521594684385,204,138,29,27,10,0,0,104,-4.457572839215902,19.818627450980394,-0.03774670884013176,-0.006495993118733168,0.960688591003418,-0.03180683134123683,39.19141445159912,2.1628366827964784,0.0757555898744613,0.037813698619720525,0.284033203125,18.069729137420655,-1.9208528101444244e-09,0.18658769130706787,0.0002241555783009212,-0.8787673711776733,0.28915640711784363,2734,0.5873396396636963,1357,1.1305264234542847,5,nan,0,nan,0
249,1019904,18351.9,55.2,39.92,34.35,10,0.125,510,0.707843137254902,209,152,25,23,9,0,0,122,-4.347340066074094,19.99043062200957,0.024435091763734818,-0.005111938342452049,0.9313095211982727,-0.02350776579696685,34.8638198852539,2.1588031530380247,0.05933083943091333,0.03896742065262515,0.317041015625,22.595355129241945,-4.656612873077393e-10,0.2328304648399353,0.00022384851586489249,-0.8797107338905334,0.267855703830719,2714,0.5157363414764404,1378,0.6183600425720215,4,nan,0,nan,0
250,1024000,18426.4,55.3,39.71,34.33,10,0.125,202,0.698019801980198,204,143,30,23,8,0,0,104,-4.408373428052038,19.91176470588235,-0.023007214069366455,-0.006329468451440334,0.9403905272483826,-0.02380186701193452,37.515461277961734,2.1561232089996336,0.08290460603311658,0.03682901583379135,0.326123046875,19.83297975063324,-1.3969838619232178e-09,0.22471457719802856,0.00022354145342886388,-0.8801078796386719,0.27424728870391846,2709,0.5930437445640564,1373,2.836986780166626,14,nan,0,nan,0
251,1028096,18500.9,55.4,39.6,34.4,10,0.125,409,0.7114914425427873,207,150,28,22,7,0,0,113,-4.545366851604334,19.864734299516908,0.017557792365550995,-0.006393775809556246,0.9681152105331421,-0.03253326409030706,36.37746069431305,2.1529965877532957,0.07336981794796885,0.037769367365399376,0.31630859375,17.0473863363266,-2.3283064365386963e-10,0.24280178546905518,0.00022323439099283517,-0.8813435435295105,0.2678011357784271,2676,0.5803276896476746,1407,2.7767155170440674,13,nan,0,nan,0
252,1032192,18575.2,55.4,39.58,34.34,10,0.125,94,0.7553191489361702,197,147,24,20,6,0,0,113,-4.294215113494845,20.553299492385786,0.028209829702973366,-0.0051036677323281765,0.9371633529663086,-0.02113654720596969,33.57400472164154,2.149006760120392,0.06018198300153017,0.045720213040476666,0.336767578125,17.245341658592224,-1.0477378964424133e-09,0.2501179575920105,0.00022292732855680656,-0.8819385766983032,0.26672884821891785,2819,0.5236290097236633,1276,2.4663381576538086,1,nan,0,nan,0
253,1036288,18649.9,55.2,39.86,34.37,10,0.125,304,0.7631578947368421,210,161,21,23,5,0,0,124,-4.244890104975571,19.88095238095238,0.051949016749858856,-0.00674943532794714,0.9498198628425598,-0.02228824240155518,34.39264675378799,2.147035837173462,0.09575889022089541,0.045567194945761,0.320361328125,18.39938852787018,-5.238689482212067e-10,0.3771551847457886,0.00022262026612077785,-0.882465124130249,0.2775944769382477,2632,0.5487344264984131,1416,3.5888891220092773,48,nan,0,nan,0
254,1040384,18724.3,55.4,39.64,34.32,10,0.125,509,0.7779960707269156,205,164,20,14,7,0,0,137,-4.355436048603508,19.6,0.09234797954559326,-0.005654160864651203,0.9367771744728088,-0.01957299083005637,28.799153244495393,2.1434557318687437,0.06814773012883961,0.05665714854258112,0.38037109375,13.480263423919677,-1.57160684466362e-09,0.2769623398780823,0.00022231320368474924,-0.8835383653640747,0.2577500343322754,2795,0.5360830426216125,1288,2.1426196098327637,13,nan,0,nan,0
255,1044480,18799.4,54.9,40.21,34.34,10,0.125,201,0.736318407960199,204,149,34,15,6,0,0,125,-4.314207060916875,20.348039215686274,0.02645539678633213,-0.005266880616545677,0.9583761692047119,-0.03088353113271296,35.52792851924896,2.1389710664749146,0.06217134543694556,0.03366366176924203,0.284716796875,15.211559867858886,-1.3969838619232178e-09,0.27593088150024414,0.00022200614124872053,-0.8850020170211792,0.272041916847229,2703,0.5126461982727051,1364,1.5130081176757812,29,nan,0,nan,0
256,1048576,18873.7,55.4,39.54,34.33,10,0.125,398,0.7437185929648241,197,148,28,18,3,0,0,117,-4.495122061850978,20.619289340101524,0.04683749005198479,-0.005597519688308239,0.9502436518669128,-0.028469830704852938,32.98496263027191,2.1316515445709228,0.06303323241882026,0.04709107980306726,0.368017578125,16.286786484718323,-9.89530235528946e-10,0.25470805168151855,0.00022169907881269192,-0.8872368335723877,0.2631736099720001,2731,0.5565035939216614,1352,0.8671022653579712,13,nan,0,nan,0
257,1052672,18948.1,55.4,39.56,34.36,10,0.125,88,0.7727272727272727,202,159,23,19,1,0,0,124,-4.279526020263515,20.198019801980198,0.0822867602109909,-0.005953604355454445,0.948638916015625,-0.031695869960822166,30.380356013774872,2.1239840507507326,0.06982208858244121,0.03403175353596453,0.30263671875,15.997539258003235,5.820766091346741e-11,0.24917113780975342,0.0002213920163766632,-0.8885358572006226,0.2773570716381073,2807,0.563997745513916,1277,1.5048537254333496,12,nan,0,nan,0
258,1056768,19022.4,55.5,39.51,34.33,10,0.125,290,0.7689655172413793,202,155,27,16,4,0,0,131,-4.2983818216114695,20.326732673267326,0.05812601000070572,-0.005442822817713022,0.9558295011520386,-0.023589278245344757,31.72965564727783,2.119397020339966,0.0630348926410079,0.04202197128906846,0.339404296875,17.59651219844818,-4.656612873077393e-10,0.2948257327079773,0.0002210849539406346,-0.8896918296813965,0.25978752970695496,2648,0.5128118991851807,1432,1.109412431716919,16,nan,0,nan,0
259,1060864,19097.0,55.2,39.87,34.36,10,0.125,497,0.7947686116700201,207,172,19,10,6,0,0,150,-4.3844973314581015,19.666666666666668,0.16313764452934265,-0.0054587130434811115,0.9326304793357849,-0.025328334514051677,24.56387926340103,2.1161335587501524,0.0639741743914783,0.03532538984436542,0.30146484375,17.264374470710756,-4.0745362639427185e-10,0.26696884632110596,0.0002207778915046059,-0.8899393081665039,0.2588405907154083,2823,0.5347238779067993,1267,1.1314886808395386,6,nan,0,nan,0
260,1064960,19171.6,55.3,39.7,34.38,20,0.25,0,,204,161,29,8,6,0,0,124,-4.35476917672841,20.245098039215687,0.0933249443769455,-0.005571888294070959,0.9442446231842041,-0.019397002644836903,30.31449919939041,2.1160935759544373,0.06417776006273926,0.054055954187060704,0.360302734375,18.743778038024903,-1.3387762010097504e-09,0.2780787944793701,0.00022047082906857728,-0.8898410797119141,0.2659713923931122,2681,0.5261266827583313,1402,1.9334324598312378,13,nan,0,nan,0
261,1069056,19245.3,55.9,38.85,34.37,20,0.25,172,0.5290697674418605,188,101,57,27,3,0,0,76,-4.24200938812585,21.872340425531913,-0.2129986584186554,-0.01703783869743347,0.976202666759491,0.013884331146255136,46.55076975822449,2.116175639629364,0.18550803065299987,0.043829038072726687,0.353173828125,57.60072684288025,-8.731149137020111e-10,0.2649196982383728,0.00022016376663254857,-0.8901004791259766,0.3007524311542511,2549,0.7936861515045166,1513,2.076524257659912,34,nan,0,nan,0
262,1073152,19318.7,56.1,38.61,34.36,20,0.25,359,0.4818941504178273,187,82,72,27,6,0,0,61,-4.246576113864164,21.60427807486631,-0.32642480731010437,-0.016556937247514725,0.9895113706588745,-0.022061246226076036,41.761818814277646,2.1137651681900023,0.19046258693560958,0.03667013874801341,0.244384765625,26.996885585784913,-5.820766091346741e-11,0.28734052181243896,0.00021985670419651996,-0.8910059928894043,0.31561416387557983,2414,0.7995724081993103,1635,2.7378737926483154,47,nan,0,nan,0
263,1077248,19392.6,55.8,39.08,34.37,20,0.25,45,0.5333333333333333,198,95,59,36,8,0,0,63,-4.202159891458068,21.075757575757574,-0.26853060722351074,-0.016210520640015602,0.9912775754928589,-0.022008460655342788,42.70565528869629,2.110448586940765,0.17951514143496752,0.04313496106187813,0.285546875,19.853173542022706,-1.4551915228366852e-09,0.2515944242477417,0.00021954964176049125,-0.8915168046951294,0.31911754608154297,2465,0.755060076713562,1604,1.3880434036254883,27,nan,0,nan,0
264,1081344,19466.5,55.8,39.04,34.37,20,0.25,242,0.5371900826446281,197,106,56,27,8,0,0,77,-4.187459426031131,20.451776649746193,-0.21533271670341492,-0.01357161533087492,0.9871761798858643,-0.026045421324670314,39.472600841522215,2.1083794593811036,0.14531219620257615,0.045226033794460815,0.32841796875,18.575433588027956,-2.3283064365386963e-09,0.30775654315948486,0.00021924257932446264,-0.8922895193099976,0.3202015459537506,2595,0.6766524910926819,1495,3.5884225368499756,6,nan,0,nan,0
265,1085440,19540.4,55.7,39.1,34.38,20,0.25,443,0.5372460496613995,201,108,56,32,5,0,0,85,-4.4134297037076955,20.562189054726367,-0.2075430452823639,-0.013524161651730537,0.9935815334320068,-0.032287553913192824,43.31790974140167,2.1044697880744936,0.14456582674756646,0.03658182896033395,0.299169921875,19.874683475494386,-1.9208528101444244e-09,0.27307188510894775,0.00021893551688843398,-0.8933910727500916,0.3206217288970947,2568,0.653424084186554,1522,1.1993921995162964,6,nan,0,nan,0
266,1089536,19614.4,55.8,39.06,34.36,20,0.25,117,0.5042735042735043,186,94,62,26,4,0,0,72,-4.261640287844201,21.838709677419356,-0.2569800913333893,-0.013756106607615948,0.9856777787208557,-0.024521309998817742,39.47650287151337,2.1001893520355224,0.15074162716045975,0.07417489978543017,0.400537109375,15.794352102279664,0.0,0.3094930648803711,0.00021862845445240532,-0.8945118188858032,0.31001704931259155,2625,0.7028787732124329,1465,1.3245389461517334,6,nan,0,nan,0
267,1093632,19688.3,55.7,39.12,34.37,20,0.25,314,0.5127388535031847,197,102,67,26,2,0,0,73,-4.454134436610862,21.14720812182741,-0.23063510656356812,-0.01566600427031517,0.9899974465370178,-0.026594631257466972,41.624314188957214,2.0962382316589356,0.16977319745346903,0.04098502552951686,0.315625,17.779642200469972,-9.313225746154785e-10,0.3180128335952759,0.00021832139201637666,-0.8950923085212708,0.3221384584903717,2518,0.7955292463302612,1563,1.2761679887771606,15,nan,0,nan,0
268,1097728,19762.1,55.8,39.0,34.34,20,0.25,501,0.5109780439121756,187,95,55,30,7,0,0,72,-4.31860418969752,21.513368983957218,-0.24117708206176758,-0.013093151152133942,0.9841391444206238,-0.024684534152038397,39.130755710601804,2.0943814754486083,0.14887702967971564,0.03787686272407882,0.31650390625,20.100524926185606,-8.149072527885437e-10,0.31886357069015503,0.000218014329580348,-0.8954529762268066,0.27903732657432556,2620,0.7191256284713745,1448,1.506649374961853,28,nan,0,nan,0
269,1101824,19835.6,56.1,38.66,34.37,20,0.25,184,0.5054347826086957,195,100,65,26,4,0,0,77,-4.310544743072818,21.015384615384615,-0.24671614170074463,-0.014017360284924507,0.9887208342552185,-0.02270737204235047,40.44635744094849,2.092869508266449,0.15298084691166877,0.06599854825763032,0.39677734375,16.316332745552064,-1.3969838619232178e-09,0.3428562879562378,0.00021770726714431934,-0.8961125016212463,0.28120359778404236,2484,0.709509551525116,1595,1.489386796951294,17,nan,0,nan,0
270,1105920,19909.4,55.8,39.06,34.34,20,0.25,378,0.49206349206349204,194,93,60,37,4,0,0,58,-3.986432102921314,21.34536082474227,-0.2731589674949646,-0.01367294043302536,0.9864172339439392,-0.016571544820908456,40.74590954780579,2.089224112033844,0.14575775964185594,0.04170010256348178,0.3408203125,21.645392608642577,-1.0477378964424133e-09,0.2634812593460083,0.00021740020470829068,-0.8972257375717163,0.3048432469367981,2458,0.6939989328384399,1594,1.1423128843307495,44,nan,0,nan,0
271,1110016,19983.5,55.6,39.29,34.37,20,0.25,60,0.5666666666666667,194,111,60,22,1,0,0,77,-4.255326759812116,20.81958762886598,-0.18076294660568237,-0.013973226770758629,0.9818041920661926,-0.02873830746393651,41.0797238111496,2.083713698387146,0.18333936678245663,0.03653916159528307,0.302392578125,19.955872654914856,0.0,0.36144524812698364,0.00021709314227226202,-0.8990359306335449,0.28732410073280334,2550,0.7280879616737366,1515,3.391052722930908,31,nan,0,nan,0
272,1114112,20057.8,55.4,39.51,34.36,20,0.25,253,0.5138339920948617,193,96,65,27,5,0,0,56,-4.327784421196239,21.21761658031088,-0.25772175192832947,-0.013874066062271595,0.9805278182029724,-0.03202178261708468,40.60004551410675,2.076033020019531,0.14386152410879732,0.05188250489591155,0.352734375,18.021944665908812,-9.89530235528946e-10,0.33889520168304443,0.00021678607983623336,-0.9008245468139648,0.3051624298095703,2593,0.6558184027671814,1479,1.9529188871383667,24,nan,0,nan,0
273,1118208,20131.8,55.7,39.19,34.37,20,0.25,448,0.5267857142857143,195,106,49,34,6,0,0,82,-4.281118714906857,21.23076923076923,-0.19838130474090576,-0.015046611428260803,0.9907715916633606,-0.02835132442996837,40.446862888336184,2.070581793785095,0.18467774279415608,0.04389808094128966,0.318701171875,18.325563383102416,-1.3969838619232178e-09,0.3736874461174011,0.0002164790174002047,-0.9016135334968567,0.292520672082901,2389,0.784875750541687,1665,1.6783512830734253,42,nan,0,nan,0
274,1122304,20205.3,56.1,38.64,34.37,20,0.25,124,0.5,188,91,61,30,6,0,0,65,-4.046040388859636,21.680851063829788,-0.2697978913784027,-0.014431365765631199,0.9849027395248413,-0.0012619362794794142,43.276927256584166,2.0682433009147645,0.20188152035698295,0.1978499836550327,0.419970703125,16.899553966522216,-1.7462298274040222e-09,0.3435399532318115,0.00021617195496417604,-0.9022350311279297,0.31648293137550354,2467,0.7404919862747192,1570,4.810307025909424,59,nan,0,nan,0
275,1126400,20279.3,55.7,39.19,34.38,20,0.25,314,0.5318471337579618,190,105,57,24,4,0,0,73,-4.207405562963944,21.394736842105264,-0.1982516646385193,-0.01535379234701395,0.9930875301361084,-0.018593569635413587,38.43755576610565,2.064092016220093,0.1670969138853252,0.05284783563110977,0.36201171875,19.869235849380495,-2.3283064365386963e-09,0.3738899230957031,0.00021586489252814738,-0.9037312269210815,0.3403755724430084,2480,0.7467959523200989,1595,2.2859318256378174,21,nan,0,nan,0
276,1130496,20353.0,55.9,38.96,34.36,20,0.25,508,0.5295275590551181,194,102,57,27,8,0,0,75,-4.006771008488094,21.185567010309278,-0.22353827953338623,-0.015436732210218906,0.9907739758491516,-0.01794962538406253,37.614079403877255,2.058880567550659,0.1633738917298615,0.054235934276948686,0.37529296875,21.795385193824767,-1.4551915228366852e-09,0.3792511820793152,0.00021555783009211872,-0.9045071601867676,0.33013567328453064,2446,0.7483381628990173,1625,1.3334405422210693,25,nan,0,nan,0
277,1134592,20427.1,55.7,39.19,34.35,20,0.25,195,0.6051282051282051,199,121,49,26,3,0,0,91,-4.0315829331002915,20.849246231155778,-0.12977610528469086,-0.012509161606431007,0.9820374846458435,-0.019644066412001848,38.12776782512665,2.0568943858146667,0.13896577237173915,0.05127924830885604,0.333740234375,17.771485996246337,-1.0477378964424133e-09,0.35399574041366577,0.00021525076765609006,-0.9049555063247681,0.2855789363384247,2507,0.6400589942932129,1560,3.293440341949463,29,nan,0,nan,0
278,1138688,20500.7,56.0,38.82,34.36,20,0.25,384,0.5625,189,98,61,26,4,0,0,78,-4.133405227007775,21.50793650793651,-0.22536742687225342,-0.013978244736790657,0.9866905808448792,-0.03070691596949473,39.735879945755,2.0534138560295103,0.1498638704419136,0.03510507903411053,0.300390625,19.81650905609131,-1.0477378964424133e-09,0.3664150834083557,0.0002149437052200614,-0.9063757061958313,0.30641481280326843,2557,0.7554073333740234,1515,1.472883701324463,24,nan,0,nan,0
279,1142784,20575.2,55.4,39.65,34.35,20,0.25,74,0.5540540540540541,202,116,55,24,7,0,0,89,-4.18737230512955,20.455445544554454,-0.1635809689760208,-0.013279756531119347,0.9851052761077881,-0.02668298645876348,40.43039672374725,2.047683799266815,0.15563095221295953,0.08102391574939247,0.35,16.432038450241087,-9.89530235528946e-10,0.36628079414367676,0.00021463664278403274,-0.9077063202857971,0.2846129834651947,2527,0.651837170124054,1530,3.8071742057800293,39,nan,0,nan,0
280,1146880,20649.0,55.8,38.99,34.42,20,0.25,263,0.49809885931558934,189,90,64,31,4,0,0,63,-4.27988115058134,21.52910052910053,-0.27448099851608276,-0.015229255892336369,0.9892500638961792,-0.020120201143436135,41.40692734718323,2.0430710554122924,0.20033707302063702,0.03695416893751826,0.286962890625,25.51325566768646,-9.89530235528946e-10,0.343487024307251,0.00021432958034800408,-0.9086642265319824,0.31548890471458435,2447,0.8391350507736206,1616,1.8175694942474365,33,nan,0,nan,0
281,1150976,20723.1,55.6,39.24,34.39,20,0.25,453,0.5231788079470199,190,106,41,37,6,0,0,77,-4.208836391107666,21.53684210526316,-0.17197951674461365,-0.01297152228653431,0.9864311218261719,-0.0305074954405427,38.19021482467652,2.0379507303237916,0.13575886758044362,0.057674461172427985,0.3703125,16.156155490875243,0.0,0.3683292865753174,0.00021402251791197542,-0.9102960824966431,0.29862332344055176,2454,0.6673307418823242,1598,1.2436726093292236,44,nan,0,nan,0
282,1155072,20796.9,55.8,39.01,34.33,20,0.25,137,0.5693430656934306,196,111,56,25,4,0,0,72,-4.270288556254287,20.729591836734695,-0.1709086298942566,-0.012980759143829346,0.9841025471687317,-0.03240957697853446,38.617978143692014,2.0314751744270323,0.13954200698062777,0.04211842971126316,0.3296875,17.6452938079834,-1.367880031466484e-09,0.35892611742019653,0.00021371545547594676,-0.9119311571121216,0.2863514721393585,2491,0.6751653552055359,1588,2.1641688346862793,17,nan,0,nan,0
283,1159168,20870.6,55.9,38.94,34.36,20,0.25,327,0.5749235474006116,190,110,58,22,0,0,0,69,-4.177320274664139,21.821052631578947,-0.17578841745853424,-0.012631522491574287,0.9861751198768616,-0.022377851302735507,36.61582448482513,2.0263794541358946,0.13820889638736844,0.06680542964895722,0.39306640625,19.006577491760254,-1.2223608791828156e-09,0.40660911798477173,0.0002134083930399181,-0.9124606251716614,0.31482475996017456,2477,0.6751618981361389,1588,2.317803382873535,31,nan,0,nan,0
284,1163264,20943.9,56.3,38.42,34.38,20,0.25,8,0.75,193,94,59,28,12,0,0,64,-4.095920255787946,20.911917098445596,-0.26033008098602295,-0.013625817373394966,0.9869331121444702,-0.03014095078688115,38.339702701568605,2.02459112405777,0.14988454477861524,0.045272136414132545,0.322216796875,15.98425931930542,-8.440110832452774e-10,0.3340560793876648,0.00021310133060388944,-0.9133156538009644,0.29910874366760254,2518,0.6917521953582764,1556,1.660515546798706,22,nan,0,nan,0
285,1167360,21018.3,55.4,39.64,34.32,20,0.25,203,0.5665024630541872,195,109,54,27,5,0,0,80,-4.112548143822276,21.2,-0.1712782233953476,-0.012555383145809174,0.9817995429039001,-0.009908414795063436,37.39461269378662,2.0205089330673216,0.14470177991315722,0.12385722478211392,0.462255859375,16.44678406715393,-1.979060471057892e-09,0.362068772315979,0.0002127942681678608,-0.9141124486923218,0.2766914367675781,2620,0.6754007935523987,1459,3.9793126583099365,17,nan,0,nan,0
286,1171456,21092.6,55.4,39.5,34.37,20,0.25,401,0.5685785536159601,198,113,59,24,2,0,0,87,-4.239649987275551,20.656565656565657,-0.17916744947433472,-0.013886360451579094,0.9861467480659485,-0.029737296979874372,38.43639717102051,2.017890477180481,0.15086279092356564,0.04342534502793569,0.32060546875,23.492630338668825,-1.3387762010097504e-09,0.3816428780555725,0.00021248720573183212,-0.9149596095085144,0.3325263261795044,2436,0.6897416710853577,1641,0.659518301486969,19,nan,0,nan,0
287,1175552,21166.8,55.6,39.27,34.39,20,0.25,82,0.6097560975609756,193,108,54,26,5,0,0,76,-4.027645002077027,21.321243523316063,-0.1828164905309677,-0.012705784291028976,0.9815526604652405,-0.01909388672793284,38.96892068386078,2.014751410484314,0.16082879630848765,0.05984131329751108,0.380419921875,17.726989889144896,-1.57160684466362e-09,0.4186136722564697,0.0002121801432958035,-0.9154846668243408,0.30307018756866455,2552,0.7234694957733154,1531,5.519535541534424,13,nan,0,nan,0
288,1179648,21240.9,55.6,39.33,34.36,20,0.25,275,0.6072727272727273,193,117,49,25,2,0,0,77,-4.258943217865896,21.22279792746114,-0.13413649797439575,-0.01328330859541893,0.9830899238586426,-0.010065217153169215,38.782404112815854,2.0119633436203004,0.17681330302730203,0.06437365827441681,0.39921875,21.663624143600465,-1.3387762010097504e-09,0.4173077940940857,0.0002118730808597748,-0.9164755344390869,0.30376213788986206,2542,0.6923872828483582,1509,3.9933664798736572,45,nan,0,nan,0
289,1183744,21314.9,55.7,39.14,34.37,20,0.25,472,0.576271186440678,197,105,58,27,7,0,0,68,-4.2081669941175,20.85279187817259,-0.20881496369838715,-0.015295429155230522,0.9935880899429321,-0.028430521534755827,40.60860939025879,2.008182108402252,0.158876577578485,0.04360925179789774,0.313623046875,23.78740348815918,-1.7462298274040222e-09,0.37445783615112305,0.00021156601842374617,-0.9173812866210938,0.3765838146209717,2487,0.7638279795646667,1584,1.6719415187835693,25,nan,0,nan,0
290,1187840,21389.2,55.4,39.56,34.34,20,0.25,150,0.5866666666666667,190,112,54,21,3,0,0,81,-4.062669692275369,21.54736842105263,-0.15023338794708252,-0.014588778838515282,0.9871991872787476,-0.02383382960688323,38.62496337890625,2.0037656903266905,0.16234966572374104,0.04591984431026504,0.3232421875,22.004912185668946,-9.313225746154785e-10,0.42207515239715576,0.00021125895598771748,-0.918678879737854,0.3126087188720703,2453,0.7341225743293762,1624,2.115602970123291,19,nan,0,nan,0
291,1191936,21462.4,56.3,38.42,34.33,20,0.25,338,0.5502958579881657,188,98,59,26,5,0,0,67,-4.15510218684891,21.627659574468087,-0.20296984910964966,-0.01243215799331665,0.9900204539299011,-0.023805485613411292,39.37903158664703,1.9986415386199952,0.13624970894306898,0.049139712551550474,0.354248046875,21.1504243850708,-1.1932570487260818e-09,0.3661830425262451,0.00021095189355168885,-0.919958770275116,0.2989039421081543,2505,0.6528828740119934,1567,1.2574197053909302,24,nan,0,nan,0
292,1196032,21535.7,56.2,38.49,34.36,20,0.25,11,0.6363636363636364,185,102,52,24,7,0,0,68,-4.049566922926732,22.243243243243242,-0.19504320621490479,-0.013978037983179092,0.9890053868293762,-0.013721361034549772,43.808496427536014,1.993248814344406,0.22449255613610147,0.07282403784338384,0.384619140625,19.80204834938049,-2.2118911147117615e-09,0.4530733823776245,0.00021064483111566014,-0.9213548302650452,0.30345749855041504,2526,0.7683985829353333,1478,3.1550896167755127,92,nan,0,nan,0
293,1200128,21608.7,56.5,38.19,34.35,20,0.25,194,0.5463917525773195,183,99,54,24,5,1,0,70,-3.9060303366565896,22.24590163934426,-0.20466050505638123,-0.015117999166250229,0.9836442470550537,-0.01436765004764311,47.438492226600644,1.9882059454917909,0.24809192065149546,0.052772696035390254,0.314697265625,24.123375844955444,-1.2514647096395493e-09,0.36322253942489624,0.00021033776867963153,-0.9223341941833496,0.3121460974216461,2528,0.9096088409423828,1549,2.434638023376465,19,nan,0,nan,0
294,1204224,21682.4,55.9,38.87,34.35,20,0.25,386,0.5466321243523317,192,105,54,29,4,0,0,64,-4.075254170873634,21.723958333333332,-0.1921042650938034,-0.014313428662717342,0.9884733557701111,-0.029278907040134073,41.658103346824646,1.9845247626304627,0.16883012326434255,0.03728052760707214,0.27958984375,24.023583269119264,-2.0954757928848267e-09,0.35135895013809204,0.00021003070624360282,-0.9233093857765198,0.33783432841300964,2471,0.7833023071289062,1607,3.938248872756958,18,nan,0,nan,0
295,1208320,21755.8,56.1,38.63,34.39,20,0.25,65,0.6307692307692307,191,95,65,25,6,0,0,67,-4.062654851453806,21.240837696335078,-0.2306106835603714,-0.013643011450767517,0.9887323975563049,-0.04282559520797804,40.67662110328674,1.9806437611579895,0.1441763955168426,0.037281682233151515,0.2908203125,16.78628807067871,-9.022187441587448e-10,0.3326408267021179,0.0002097236438075742,-0.924381673336029,0.330421507358551,2399,0.7457840442657471,1680,1.0399925708770752,17,nan,0,nan,0
296,1212416,21829.1,56.2,38.46,34.36,20,0.25,252,0.5753968253968254,187,104,60,19,4,0,0,76,-4.074087669378096,21.684491978609625,-0.19647648930549622,-0.01372799463570118,0.9820926189422607,-0.02123208234552294,44.71157786846161,1.9758459627628326,0.31810690425336363,0.0653261727275094,0.31279296875,22.67227735519409,-2.3283064365386963e-10,0.45043647289276123,0.0002094165813715455,-0.925576388835907,0.29105228185653687,2439,0.7283655405044556,1591,6.221896648406982,66,nan,0,nan,0
297,1216512,21902.8,55.9,38.95,34.34,20,0.25,443,0.5778781038374717,191,111,57,18,5,0,0,77,-4.153338144539483,21.56020942408377,-0.15379825234413147,-0.01420757919549942,0.9843789935112,-0.022790119471028446,38.92629971504211,1.9721593499183654,0.15024392129853367,0.056573560049582736,0.3705078125,21.027009344100954,-1.4842953532934189e-09,0.374678373336792,0.0002091095189355169,-0.9262422323226929,0.29392850399017334,2445,0.7319872379302979,1640,0.6680907607078552,11,nan,0,nan,0
298,1220608,21976.9,55.7,39.24,34.34,20,0.25,121,0.6363636363636364,190,121,49,16,4,0,0,80,-4.106745833021492,21.205263157894738,-0.0907122790813446,-0.012410419061779976,0.9864311218261719,-0.016536558303050695,35.61890287399292,1.9688429176807403,0.13273994717746973,0.058774431116762574,0.393212890625,22.14158191680908,-1.4551915228366852e-09,0.4177010655403137,0.00020880245649948818,-0.9271905422210693,0.29872775077819824,2534,0.6915433406829834,1552,1.4283530712127686,10,nan,0,nan,0
299,1224704,22050.6,55.9,38.9,34.36,20,0.25,316,0.6012658227848101,195,113,57,22,3,0,0,85,-4.098878433299767,21.38974358974359,-0.14454101026058197,-0.012588106095790863,0.9825685620307922,-0.013119398825801909,38.078279161453246,1.964808201789856,0.1423906466923654,0.08167285615490982,0.4056640625,21.38691465854645,-6.693881005048752e-10,0.3893396258354187,0.00020849539406345957,-0.9281884431838989,0.2757608890533447,2471,0.6974467039108276,1583,2.357495069503784,42,nan,0,nan,0
300,1228800,22124.1,56.0,38.73,34.37,20,0.25,511,0.598825831702544,195,116,54,19,6,0,0,84,-4.12898374460628,21.123076923076923,-0.1229841336607933,-0.011840625666081905,0.9815431833267212,-0.019665477075614037,38.74338347911835,1.9613359928131104,0.1294278336688876,0.08688641369808466,0.414208984375,19.614396476745604,-1.6298145055770874e-09,0.3422139286994934,0.00020818833162743086,-0.9290488958358765,0.28055742383003235,2509,0.6442875266075134,1575,1.4567118883132935,12,nan,0,nan,0
301,1232896,22197.9,55.9,38.82,34.4,20,0.25,181,0.5911602209944752,182,108,49,23,2,0,0,73,-4.271140473512873,21.906593406593405,-0.17089474201202393,-0.015571147203445435,0.9821155071258545,-0.028562882775440813,45.342260885238645,1.957603245973587,0.21352940183132887,0.06281250992615242,0.336767578125,22.760295820236205,-2.0372681319713593e-09,0.39005619287490845,0.00020788126919140225,-0.9301474690437317,0.3300974369049072,2489,0.8419024348258972,1577,2.510617733001709,30,nan,0,nan,0
302,1236992,22271.3,56.2,38.56,34.35,20,0.25,368,0.5760869565217391,187,105,55,21,6,0,0,76,-4.0199807877351335,22.112299465240643,-0.18567731976509094,-0.015082178637385368,0.9846507906913757,-0.02701228081714362,41.08073194026947,1.951684021949768,0.17412102427333592,0.0651753669953905,0.342724609375,18.32725646495819,-1.2223608791828156e-09,0.3353913426399231,0.00020757420675537354,-0.9320599436759949,0.2949981689453125,2441,0.8214801549911499,1610,3.7351298332214355,45,nan,0,nan,0
303,1241088,22344.5,56.3,38.43,34.38,20,0.25,41,0.5609756097560976,185,100,55,25,5,0,0,75,-4.2743963520499495,22.34054054054054,-0.194297194480896,-0.01429353654384613,0.9905394911766052,-0.03293805386638269,40.545990753173825,1.9443338930606842,0.15404962748289108,0.05282813991070725,0.348193359375,19.594546270370483,-2.3283064365386963e-09,0.32705819606781006,0.00020726714431934493,-0.9335863590240479,0.2979380190372467,2392,0.7239004969596863,1673,1.2605699300765991,31,nan,0,nan,0
304,1245184,22417.7,56.3,38.4,34.38,20,0.25,227,0.5506607929515418,186,102,58,23,3,0,0,71,-4.172631168172437,21.838709677419356,-0.2028692662715912,-0.014933517202734947,0.9872123003005981,-0.03034898160258308,42.48763108253479,1.9389597117900848,0.17881665490567683,0.051023529667872936,0.351806640625,19.334655976295473,-9.313225746154785e-10,0.3542047142982483,0.00020696008188331627,-0.9349254369735718,0.3138576149940491,2361,0.7397653460502625,1686,2.8545470237731934,49,nan,0,nan,0
305,1249280,22491.2,56.1,38.7,34.37,20,0.25,421,0.5605700712589073,194,111,50,25,8,0,0,82,-4.12670198749572,21.422680412371133,-0.14971406757831573,-0.01225607842206955,0.986160933971405,-0.022531004645861684,39.00168755054474,1.9341239631175995,0.13286154791712762,0.05328176260518376,0.3890625,24.104254961013794,-4.0745362639427185e-10,0.3417322039604187,0.0002066530194472876,-0.9358109831809998,0.27837952971458435,2438,0.6509009003639221,1613,1.1756097078323364,45,nan,0,nan,0
306,1253376,22564.8,56.0,38.75,34.35,20,0.25,96,0.6041666666666666,187,107,49,26,5,0,0,77,-3.9888278368734897,21.518716577540108,-0.16722998023033142,-0.012935802340507507,0.9818367958068848,-0.0007466277689673007,39.03338723182678,1.9300762176513673,0.15254704700782895,0.108029690834519,0.449169921875,22.55320563316345,-2.4156179279088974e-09,0.3550161123275757,0.00020634595701125895,-0.9369693398475647,0.2786274254322052,2453,0.6760104894638062,1599,2.065124750137329,44,nan,0,nan,0
307,1257472,22637.9,56.4,38.28,34.4,20,0.25,287,0.5435540069686411,191,98,65,22,6,0,0,72,-4.192560785302592,21.680628272251308,-0.22739264369010925,-0.014120640233159065,0.9895006418228149,-0.021921891951933503,40.05995557308197,1.9266612529754639,0.14408823251724243,0.07088883103133412,0.39345703125,25.318136405944824,-2.4156179279088974e-09,0.3687284588813782,0.0002060388945752303,-0.93757563829422,0.34305185079574585,2442,0.7095637321472168,1619,2.142650604248047,35,nan,0,nan,0
308,1261568,22711.1,56.3,38.36,34.37,20,0.25,479,0.5448851774530271,192,105,63,17,7,0,0,78,-4.165698049581,21.432291666666668,-0.20236670970916748,-0.01368725299835205,0.9823257923126221,-0.025747705809772016,38.75840060710907,1.9232596814632417,0.14628385584801434,0.05160845132195391,0.34423828125,21.997771120071413,-6.984919309616089e-10,0.4020312428474426,0.00020573183213920163,-0.9387960433959961,0.28981178998947144,2515,0.6993189454078674,1559,1.9278252124786377,22,nan,0,nan,0
309,1265664,22784.3,56.3,38.4,34.38,20,0.25,153,0.5424836601307189,186,98,60,28,0,0,0,75,-4.26813449537925,21.897849462365592,-0.2016189694404602,-0.013664823025465012,0.9872123003005981,-0.02842186507768929,37.49347007274628,1.9187334537506104,0.1487541113048792,0.07335260665422538,0.364208984375,21.792327451705933,-1.076841726899147e-09,0.4303120970726013,0.00020542476970317297,-0.9396477937698364,0.3482305407524109,2516,0.7510139346122742,1568,1.328076958656311,12,nan,0,nan,0
310,1269760,22857.8,56.1,38.6,34.39,20,0.25,341,0.5073313782991202,188,90,75,18,5,0,0,57,-4.126803230375032,21.79255319148936,-0.2565026879310608,-0.013753697276115417,0.9851586222648621,-0.02277899882174097,40.46013331413269,1.9170978724956513,0.14649387570098044,0.05189144548494369,0.359423828125,21.278754043579102,-2.3283064365386963e-09,0.3431035876274109,0.00020511770726714431,-0.9396025538444519,0.2885515093803406,2434,0.7038546204566956,1653,1.3840854167938232,9,nan,0,nan,0
311,1273856,22931.2,56.1,38.64,34.36,20,0.25,19,0.42105263157894735,190,101,61,20,8,0,0,79,-4.22726843979757,21.46315789473684,-0.20252209901809692,-0.013209681026637554,0.9848950505256653,-0.014316915976814925,40.073314094543456,1.9170763075351716,0.14990437934175133,0.0692295775821549,0.3921875,25.409438705444337,-2.764863893389702e-09,0.3674805164337158,0.00020481064483111565,-0.9397619962692261,0.2916529178619385,2474,0.6926973462104797,1613,1.0258710384368896,9,nan,0,nan,0
312,1277952,23004.4,56.2,38.48,34.36,20,0.25,206,0.5242718446601942,187,100,61,16,10,0,0,78,-4.262074407727047,21.828877005347593,-0.20961743593215942,-0.014809109270572662,0.9895113706588745,-0.02506859935820103,41.04868168830872,1.9161674082279205,0.1743954953737557,0.0466728027589852,0.32080078125,22.701787328720094,-1.57160684466362e-09,0.37149977684020996,0.000204503582395087,-0.9402068853378296,0.3243291974067688,2398,0.7523785829544067,1673,2.924464464187622,25,nan,0,nan,0
313,1282048,23077.3,56.5,38.05,34.4,20,0.25,401,0.513715710723192,195,98,68,20,9,0,0,67,-4.175680282173486,21.328205128205127,-0.23658333718776703,-0.014982697553932667,0.9825685620307922,-0.03837772174738348,43.97693734169006,1.9130610466003417,0.19696044828742743,0.0682581798551837,0.368701171875,18.69960422515869,-1.3387762010097504e-09,0.37650203704833984,0.00020419651995905833,-0.9412609338760376,0.3092738091945648,2310,0.7852370738983154,1761,5.029019355773926,25,nan,0,nan,0
314,1286144,23150.9,56.0,38.76,34.36,20,0.25,78,0.5,189,94,62,24,9,0,0,70,-4.302329221683148,21.555555555555557,-0.23377245664596558,-0.013642456382513046,0.9879702925682068,-0.03624337238725275,40.827946758270265,1.9079426407814026,0.1381762088276446,0.051438010353012945,0.352490234375,15.825921154022216,-1.57160684466362e-09,0.32910358905792236,0.00020388945752302967,-0.9429119825363159,0.3244309723377228,2471,0.7129051685333252,1612,1.694297194480896,13,nan,0,nan,0
315,1290240,23224.2,56.2,38.48,34.37,20,0.25,263,0.5209125475285171,185,98,60,19,8,0,0,73,-4.205413712838584,21.85945945945946,-0.19320741295814514,-0.01291259191930294,0.9851700067520142,-0.026183161966037004,40.21952452659607,1.9018716871738435,0.1336507935076952,0.08401884167105891,0.428515625,16.546676635742188,-1.979060471057892e-09,0.3099484443664551,0.00020358239508700101,-0.9438228607177734,0.30552050471305847,2472,0.6790589094161987,1602,1.2891910076141357,22,nan,0,nan,0
316,1294336,23297.1,56.5,38.08,34.39,20,0.25,451,0.5210643015521065,188,98,61,21,8,0,0,66,-4.282460678270076,21.914893617021278,-0.2111739218235016,-0.015492681413888931,0.9912999272346497,-0.015019344119355082,38.72929537296295,1.8996714651584625,0.1672691331245005,0.07799374331079889,0.404150390625,20.093462181091308,-2.3865140974521637e-09,0.3798901438713074,0.00020327533265097235,-0.9442088603973389,0.3022086024284363,2410,0.7629992961883545,1653,1.4062132835388184,33,nan,0,nan,0
317,1298432,23370.5,56.1,38.61,34.35,20,0.25,132,0.553030303030303,193,106,65,14,8,0,0,74,-4.244248296940521,21.181347150259068,-0.18370321393013,-0.012451078742742538,0.9866769313812256,-0.019939776975661516,36.94429421424866,1.8974808692932128,0.13223420102149247,0.08586376777093392,0.43662109375,18.341947388648986,-2.153683453798294e-09,0.41822588443756104,0.0002029682702149437,-0.9451192617416382,0.2763724625110626,2556,0.667799174785614,1533,2.0285189151763916,7,nan,0,nan,0
318,1302528,23444.1,56.0,38.8,34.35,20,0.25,324,0.5216049382716049,192,96,65,28,3,0,0,69,-4.257562205369831,21.614583333333332,-0.2182644009590149,-0.01284907665103674,0.9864242076873779,-0.02784775322070345,37.20384285449982,1.8931708455085754,0.14086501011624933,0.059601723213563676,0.3794921875,17.79745388031006,-1.9208528101444244e-09,0.3673481345176697,0.00020266120777891503,-0.9461162090301514,0.3005918860435486,2411,0.6287342309951782,1659,2.2461724281311035,26,nan,0,nan,0
319,1306624,23517.7,55.9,38.83,34.4,20,0.25,0,,188,111,56,19,2,0,0,76,-4.420400493869957,21.622340425531913,-0.1379026174545288,-0.010943961329758167,0.98106449842453,-0.033067352254875004,37.820641136169435,1.890172255039215,0.11774103241041303,0.046743089235678784,0.339794921875,20.37932195663452,-1.367880031466484e-09,0.38240259885787964,0.00020235414534288637,-0.9466602802276611,0.27243903279304504,2618,0.6360010504722595,1468,2.3245270252227783,10,nan,0,nan,0
320,1310720,23591.5,55.9,38.88,34.4,20,0.25,195,0.5282051282051282,195,103,56,27,9,0,0,66,-4.285385830700629,21.087179487179487,-0.19359540939331055,-0.01392681710422039,0.9848756790161133,-0.03231984945014119,37.983148908615114,1.8872855603694916,0.14357772832736374,0.06765668892185203,0.375634765625,19.88748984336853,-3.725290298461914e-09,0.383530855178833,0.00020204708290685772,-0.9476528167724609,0.306240051984787,2491,0.7178668975830078,1593,1.2694734334945679,12,nan,0,nan,0
321,1314816,23664.9,56.2,38.57,34.35,20,0.25,388,0.5154639175257731,193,97,69,17,10,0,0,72,-4.133703133375565,21.031088082901555,-0.21600495278835297,-0.012129489332437515,0.9810402393341064,-0.016810690378770234,39.23672633171081,1.8831182301044465,0.1311296958476305,0.06223109725688118,0.379541015625,20.08454260826111,-8.731149137020111e-10,0.35551226139068604,0.00020174002047082906,-0.9485661387443542,0.27820321917533875,2468,0.6165904998779297,1624,1.5746724605560303,4,nan,0,nan,0
322,1318912,23739.0,55.6,39.36,34.34,20,0.25,67,0.6567164179104478,191,119,45,22,5,0,0,84,-4.208479951127143,21.2565445026178,-0.10480078309774399,-0.01197012048214674,0.98745197057724,-0.017485505412332715,39.354029941558835,1.880453783273697,0.14821796994656325,0.04827399199421052,0.346826171875,28.209744501113892,-2.0372681319713593e-09,0.3163943886756897,0.0002014329580348004,-0.9491835832595825,0.3188997805118561,2556,0.6945520043373108,1531,5.472006797790527,9,nan,0,nan,0
323,1323008,23812.1,56.4,38.3,34.37,20,0.25,261,0.5287356321839081,194,94,59,27,14,0,0,69,-4.297989738201618,21.510309278350515,-0.2600579559803009,-0.015229147858917713,0.9841107130050659,-0.029364682256709785,42.049383115768435,1.8777829647064208,0.1564138184301555,0.0313298465727712,0.269970703125,29.63946142196655,1.4551915228366852e-10,0.3254849314689636,0.00020112589559877174,-0.9498322606086731,0.2966407239437103,2286,0.7526344060897827,1785,1.3319233655929565,25,nan,0,nan,0
324,1327104,23885.3,56.3,38.41,34.37,20,0.25,456,0.5350877192982456,195,106,51,29,9,0,0,63,-4.211189251611932,20.897435897435898,-0.1807430386543274,-0.012733731418848038,0.9828249216079712,-0.03784997118636966,40.724182558059695,1.874325406551361,0.1328428524546325,0.055698954152467194,0.358056640625,18.392759466171263,-1.076841726899147e-09,0.316656231880188,0.0002008188331627431,-0.9509553909301758,0.29196974635124207,2425,0.6481904983520508,1637,0.9523847103118896,34,nan,0,nan,0
325,1331200,23958.6,56.2,38.51,34.35,20,0.25,134,0.5970149253731343,190,108,50,25,7,0,0,73,-4.120090229334812,21.510526315789473,-0.14876815676689148,-0.011961590498685837,0.9879672527313232,-0.03497054078616202,42.66989126205444,1.8699078202247619,0.1386611009016633,0.05357792553841136,0.3560546875,21.375900077819825,-6.984919309616089e-10,0.2911093831062317,0.00020051177072671442,-0.9518601894378662,0.2798411250114441,2449,0.6648695468902588,1631,1.406680941581726,16,nan,0,nan,0
326,1335296,24031.7,56.4,38.25,34.37,20,0.25,327,0.5443425076452599,193,98,65,24,6,0,0,76,-4.142754409848383,21.129533678756477,-0.21706557273864746,-0.012765490449965,0.9843710064888,-0.03556394970510155,43.11766183376312,1.8661596298217773,0.14361017979681492,0.028869421005947516,0.265869140625,26.53857488632202,-1.367880031466484e-09,0.3191198706626892,0.00020020470829068578,-0.9531457424163818,0.2951432466506958,2414,0.6491948962211609,1656,1.3843231201171875,26,nan,0,nan,0
327,1339392,24104.9,56.3,38.37,34.35,20,0.25,13,0.9230769230769231,198,119,49,22,8,0,0,78,-4.417617747778287,20.939393939393938,-0.09727787971496582,-0.011542744934558868,0.9833247661590576,-0.03316075489856303,39.910113310813905,1.8619548797607421,0.12390615260228514,0.06101449442357989,0.357861328125,23.08314390182495,-1.2514647096395493e-09,0.32516801357269287,0.0001998976458546571,-0.9536927938461304,0.2885628938674927,2536,0.5950519442558289,1551,1.5632309913635254,9,nan,0,nan,0
328,1343488,24178.4,56.1,38.68,34.35,20,0.25,209,0.6172248803827751,196,117,53,18,8,0,0,91,-4.380401066504921,20.903061224489797,-0.10246726870536804,-0.011248504742980003,0.9807692170143127,-0.028424093732610345,41.46754641532898,1.8584563970565795,0.11778138503432274,0.08187786398339085,0.416015625,18.873583269119262,-9.313225746154785e-10,0.28341853618621826,0.00019959058341862846,-0.9549655914306641,0.2786235511302948,2534,0.5932101011276245,1544,1.026092767715454,18,nan,0,nan,0
329,1347584,24251.5,56.4,38.3,34.36,20,0.25,402,0.5771144278606966,193,103,58,24,8,0,0,70,-4.383756952300185,21.316062176165804,-0.17956207692623138,-0.012334663420915604,0.9856520891189575,-0.012321283796336503,42.395667457580565,1.8544292628765107,0.13628410678356886,0.08546234953973908,0.44306640625,22.763488364219665,-1.8044374883174896e-09,0.2643187642097473,0.00019928352098259978,-0.9557563066482544,0.28007185459136963,2451,0.6273808479309082,1634,1.758147120475769,11,nan,0,nan,0
330,1351680,24325.0,56.1,38.59,34.39,20,0.25,75,0.6,185,106,44,31,4,0,0,72,-4.04822123695387,22.048648648648648,-0.13814190030097961,-0.010947886854410172,0.9818460941314697,-0.02408641774673015,39.44799752235413,1.8508169054985046,0.11765509815886617,0.06701610616582912,0.38740234375,19.98179636001587,-1.9208528101444244e-09,0.2591087818145752,0.00019897645854657114,-0.9567158818244934,0.27530786395072937,2413,0.5648806095123291,1680,2.071380615234375,3,nan,0,nan,0
331,1355776,24398.0,56.4,38.18,34.38,20,0.25,267,0.5468164794007491,192,101,49,34,8,0,0,84,-4.049404160342901,21.052083333333332,-0.18803665041923523,-0.012080119922757149,0.9825819730758667,-0.02190372161567211,39.7255854845047,1.8471144258975982,0.12869221791625024,0.07181727628194494,0.368505859375,21.385084795951844,-1.1932570487260818e-09,0.3136242628097534,0.00019866939611054246,-0.9575128555297852,0.28911319375038147,2374,0.6118617653846741,1714,1.3139002323150635,8,nan,0,nan,0
332,1359872,24471.4,56.2,38.52,34.35,20,0.25,467,0.5460385438972163,200,109,53,34,4,0,0,81,-4.008479398160702,20.515,-0.15504083037376404,-0.011506055481731892,0.979722797870636,0.009479811845812947,39.359363079071045,1.8446238160133361,0.13395587522536517,0.1469967715864186,0.443505859375,21.82018404006958,-8.731149137020111e-11,0.312455415725708,0.00019836233367451382,-0.9579918384552002,0.2748717665672302,2316,0.5986824631690979,1762,1.1613554954528809,18,nan,0,nan,0
333,1363968,24544.9,56.0,38.73,34.37,20,0.25,148,0.581081081081081,193,104,59,23,7,0,0,70,-4.062878659189438,21.440414507772022,-0.17873162031173706,-0.013196250423789024,0.9864206910133362,-0.029828055994585156,39.43528566360474,1.84258593916893,0.13432396799325944,0.0628430437980569,0.3921875,19.499172854423524,-1.5425030142068863e-09,0.33594781160354614,0.00019805527123848514,-0.9587695598602295,0.31902065873146057,2430,0.6552982926368713,1636,1.6824612617492676,30,nan,0,nan,0
334,1368064,24618.6,55.9,38.93,34.35,20,0.25,344,0.5843023255813954,196,115,53,22,6,0,0,81,-4.060359825323413,20.964285714285715,-0.12912911176681519,-0.012524014338850975,0.9823076725006104,-0.03236517852637917,37.47630672454834,1.838046705722809,0.13269713865593075,0.05877884925139369,0.366064453125,20.058780860900878,-9.022187441587448e-10,0.3860377073287964,0.0001977482088024565,-0.9600784182548523,0.28815168142318726,2364,0.6185092329978943,1710,1.7007420063018799,22,nan,0,nan,0
335,1372160,24691.6,56.5,38.13,34.36,20,0.25,16,0.3125,184,91,63,24,6,0,0,63,-4.155998946242686,21.880434782608695,-0.22546018660068512,-0.012566120363771915,0.98594069480896,-0.024419733125250788,42.24079077243805,1.8335346043109895,0.13253044290468097,0.05378795156575507,0.3427734375,26.623580598831175,-1.1350493878126144e-09,0.32569044828414917,0.00019744114636642782,-0.9608716368675232,0.28113028407096863,2378,0.6524456739425659,1684,1.635054111480713,34,nan,0,nan,0
336,1376256,24764.8,56.4,38.29,34.35,20,0.25,203,0.43842364532019706,187,84,60,34,9,0,0,56,-4.130565766704702,22.101604278074866,-0.27534037828445435,-0.013819433748722076,0.9864415526390076,-0.023063403228297828,38.526207613945004,1.83056538105011,0.15563438460230827,0.05409552320779767,0.3609375,24.430746841430665,-1.4551915228366852e-09,0.353343665599823,0.00019713408393039918,-0.9618088603019714,0.29128625988960266,2358,0.7056102752685547,1703,1.4080654382705688,35,nan,0,nan,0
337,1380352,24838.6,55.8,38.97,34.4,20,0.25,397,0.5163727959697733,194,116,46,24,8,0,0,85,-4.141262434771546,21.015463917525775,-0.11065634340047836,-0.011981131508946419,0.9879549145698547,-0.03195515898987651,37.582858729362485,1.8278006434440612,0.12985872300341725,0.0491014079132583,0.34111328125,25.355145502090455,-4.656612873077393e-10,0.364906370639801,0.0001968270214943705,-0.9622299075126648,0.2995780408382416,2547,0.6838359832763672,1540,2.2927730083465576,9,nan,0,nan,0
338,1384448,24911.7,56.4,38.27,34.39,20,0.25,77,0.5194805194805194,192,112,46,26,8,0,0,71,-3.868813888891096,21.619791666666668,-0.13724739849567413,-0.013008649460971355,0.9879610538482666,-0.03953773988178,38.78456494808197,1.8239233136177062,0.14077933244407176,0.05092354875814635,0.333935546875,22.220435428619385,-2.3865140974521637e-09,0.34660404920578003,0.00019651995905834186,-0.9637051820755005,0.304325670003891,2412,0.6359691023826599,1658,1.4963436126708984,26,nan,0,nan,0
339,1388544,24984.3,56.8,37.7,34.35,20,0.25,258,0.5077519379844961,181,91,64,17,9,0,0,58,-3.893062886975559,22.403314917127073,-0.22024762630462646,-0.013193177059292793,0.9859514832496643,-0.030531773727852853,41.45291428565979,1.818321567773819,0.1458193195052445,0.05108137551433174,0.333251953125,24.449098682403566,-4.94765117764473e-10,0.34197211265563965,0.00019621289662231318,-0.9650426506996155,0.30848199129104614,2413,0.6719544529914856,1659,1.8230513334274292,24,nan,0,nan,0
340,1392640,25058.1,55.9,38.91,34.34,20,0.25,449,0.5189309576837416,191,102,65,21,3,0,0,63,-4.392945388715083,21.528795811518325,-0.18784096837043762,-0.016002461314201355,0.9843789935112,-0.031759466789662835,40.75336382389069,1.8134411513805389,0.1677080024033785,0.05606460842245724,0.345654296875,20.40240545272827,-1.1641532182693481e-10,0.4090500473976135,0.00019590583418628454,-0.9661545753479004,0.3294937312602997,2337,0.7905401587486267,1697,1.8950942754745483,62,nan,0,nan,0
341,1396736,25131.6,56.0,38.73,34.37,20,0.25,130,0.5846153846153846,193,108,63,18,4,0,0,81,-4.1931826430580355,21.082901554404145,-0.14306648075580597,-0.01241028867661953,0.983346164226532,-0.025629317050334065,42.328011655807494,1.8085493206977845,0.13200502544641496,0.04955343485344201,0.338525390625,25.342528581619263,-2.735760062932968e-09,0.34320348501205444,0.00019559877175025586,-0.9675610065460205,0.280823290348053,2377,0.6380377411842346,1685,1.125963807106018,34,nan,0,nan,0
342,1400832,25204.7,56.4,38.23,34.36,20,0.25,319,0.554858934169279,189,101,60,22,6,0,0,69,-4.083744154305291,21.724867724867725,-0.1863035261631012,-0.013606707565486431,0.9877143502235413,0.0012372727738693356,45.93327956199646,1.803324395418167,0.25650429232046007,0.1545502343098633,0.453662109375,21.198026847839355,-2.7939677238464355e-09,0.38679933547973633,0.00019529170931422722,-0.9684843420982361,0.3452658951282501,2308,0.7534343600273132,1757,2.8414478302001953,31,nan,0,nan,0
343,1404928,25277.5,56.6,37.97,34.37,20,0.25,504,0.5634920634920635,185,107,44,25,8,1,0,82,-4.043700801169341,22.027027027027028,-0.13987959921360016,-0.013765830546617508,0.9907951951026917,-0.010719633172266185,47.33842661380768,1.8016119420528411,0.260612463299185,0.08200814946176252,0.437890625,23.49695987701416,-7.275957614183426e-10,0.35550278425216675,0.00019498464687819856,-0.968634307384491,0.31958478689193726,2434,0.8096853494644165,1633,4.904889106750488,29,nan,0,nan,0
344,1409024,25351.0,56.1,38.63,34.41,20,0.25,175,0.6342857142857142,183,113,44,19,7,0,0,79,-3.9830943183396896,22.278688524590162,-0.08848172426223755,-0.013449463993310928,0.9861998558044434,-0.030539023713208734,39.24059219360352,1.800260955095291,0.13095970870926976,0.036501068049983584,0.310302734375,21.755639171600343,-9.604264050722122e-10,0.2882843613624573,0.0001946775844421699,-0.9691869020462036,0.31391218304634094,2428,0.6884344816207886,1631,1.2847439050674438,37,nan,0,nan,0
345,1413120,25424.3,56.2,38.56,34.37,20,0.25,362,0.580110497237569,187,99,62,22,4,0,0,79,-4.067748880358253,21.925133689839573,-0.1822700947523117,-0.01323428563773632,0.9823484420776367,-0.02884050030261278,40.49863023757935,1.7971140682697295,0.1391096063889563,0.052469674502208366,0.343408203125,25.397665882110594,-1.8917489796876907e-09,0.3555859923362732,0.00019437052200614125,-0.9701541662216187,0.2938946783542633,2317,0.668813169002533,1756,1.8583465814590454,23,nan,0,nan,0
346,1417216,25497.9,56.0,38.72,34.37,20,0.25,39,0.5128205128205128,189,106,46,30,7,0,0,77,-4.034727233629339,22.21693121693122,-0.1457345187664032,-0.013834930956363678,0.9887381792068481,-0.0297015406540595,43.331129145622256,1.7926281571388245,0.18098614746704697,0.048389999770733994,0.31552734375,24.127776002883913,-2.240994945168495e-09,0.32534289360046387,0.00019406345957011259,-0.9714691638946533,0.31081464886665344,2367,0.752812922000885,1689,1.7253910303115845,40,nan,0,nan,0
347,1421312,25571.5,56.1,38.7,34.36,20,0.25,232,0.5603448275862069,193,110,55,21,7,0,0,80,-4.065277689108205,21.21761658031088,-0.1297079175710678,-0.013911797665059566,0.9869331121444702,-0.027777491440065204,40.89460711479187,1.788643330335617,0.14653574228286742,0.043334058215259576,0.32001953125,25.228306341171265,-2.444721758365631e-09,0.33197927474975586,0.00019375639713408393,-0.971889078617096,0.3167746663093567,2464,0.7231590747833252,1604,1.9642693996429443,28,nan,0,nan,0
348,1425408,25644.9,56.1,38.6,34.4,20,0.25,416,0.5456730769230769,184,97,53,26,8,0,0,78,-4.03848224894011,22.04891304347826,-0.17903685569763184,-0.012360665947198868,0.9821063280105591,-0.02475201585330069,43.340502691268924,1.7864672124385834,0.1387561927549541,0.058756898524006826,0.382177734375,22.479072332382202,-3.4924596548080444e-10,0.2899722456932068,0.00019344933469805527,-0.9729794263839722,0.29397517442703247,2421,0.6279100775718689,1631,1.6606433391571045,44,nan,0,nan,0
349,1429504,25718.2,56.2,38.44,34.4,20,0.25,83,0.5301204819277109,179,86,69,19,5,0,0,65,-4.072548919280833,22.608938547486034,-0.22482043504714966,-0.013886284083127975,0.9834056496620178,-0.03648082248400897,40.15978648662567,1.781389331817627,0.1483406161889434,0.05721805151843,0.31162109375,23.048151874542235,2.3283064365386963e-10,0.33187955617904663,0.0001931422722620266,-0.974200963973999,0.3008336126804352,2403,0.6772658228874207,1666,1.7074966430664062,27,nan,0,nan,0
350,1433600,25791.7,56.1,38.62,34.36,20,0.25,269,0.5315985130111525,186,99,55,26,6,0,0,68,-4.216332354853615,22.032258064516128,-0.16131362318992615,-0.013185790739953518,0.9882352948188782,-0.043119873153045774,39.40169267654419,1.7772198021411896,0.1396145798265934,0.0489675717879436,0.343408203125,23.469649982452392,-3.055902197957039e-09,0.3435909152030945,0.00019283520982599795,-0.9748932123184204,0.2815282940864563,2423,0.6801689267158508,1639,1.2274142503738403,34,nan,0,nan,0
351,1437696,25865.6,55.8,38.98,34.4,20,0.25,466,0.5429184549356223,197,110,55,18,14,0,0,84,-3.995039035054995,21.13705583756345,-0.13936889171600342,-0.012541588395833969,0.9874326586723328,-0.03132067110855132,39.25705971717834,1.7750673353672028,0.13724147165194153,0.05569779342768015,0.344482421875,20.4604088306427,-7.275957614183426e-10,0.3797038197517395,0.00019252814738996929,-0.9755570888519287,0.3059801459312439,2418,0.6212390065193176,1613,1.8864595890045166,65,nan,0,nan,0
352,1441792,25939.3,55.9,38.93,34.35,20,0.25,147,0.5578231292517006,193,110,50,26,7,0,0,85,-4.177084204651116,21.093264248704664,-0.11467249691486359,-0.012626942247152328,0.9846271872520447,-0.03035493902862072,39.17309787273407,1.7714021444320678,0.13386451145634054,0.041717763397900856,0.306494140625,25.539984226226807,-1.4551915228366852e-10,0.38892024755477905,0.00019222108495394063,-0.9767208695411682,0.2981727123260498,2432,0.643644392490387,1644,1.7354246377944946,20,nan,0,nan,0
353,1445888,26012.7,56.1,38.59,34.36,20,0.25,336,0.5476190476190477,189,102,50,29,8,0,0,76,-4.071818970094382,21.417989417989418,-0.15687626600265503,-0.01160844974219799,0.9846429228782654,-0.03811645345413126,38.91409332752228,1.765633374452591,0.1213562062010169,0.05479190779878991,0.36689453125,17.783565521240234,-1.8335413187742233e-09,0.31102561950683594,0.00019191402251791197,-0.978509783744812,0.3036463260650635,2389,0.6204009652137756,1688,0.9641981720924377,19,nan,0,nan,0
354,1449984,26085.8,56.4,38.32,34.36,20,0.25,15,0.6,191,94,66,26,5,0,0,68,-4.284706596421046,21.654450261780106,-0.20789027214050293,-0.012808037921786308,0.9833546876907349,-0.025234810123220087,42.70189990997314,1.7592048287391662,0.14107398074120284,0.04260290760867065,0.324365234375,27.988810348510743,-2.7066562324762344e-09,0.3134024143218994,0.0001916069600818833,-0.9796004295349121,0.2712708115577698,2292,0.6443617343902588,1777,1.3508210182189941,27,nan,0,nan,0
355,1454080,26159.9,55.6,39.23,34.38,20,0.25,203,0.5615763546798029,188,105,51,28,4,0,0,67,-3.866295943090078,21.79255319148936,-0.1459515541791916,-0.012400949373841286,0.9823439121246338,-0.03514787952881306,38.48429396152496,1.7559542179107666,0.13920618584379554,0.03910574973997427,0.29951171875,22.7241858959198,-8.440110832452774e-10,0.3755236268043518,0.00019129989764585465,-0.9804254770278931,0.28788653016090393,2398,0.6371769905090332,1687,0.8960447311401367,11,nan,0,nan,0
356,1458176,26233.2,56.2,38.43,34.39,20,0.25,393,0.5648854961832062,190,108,56,17,9,0,0,76,-4.048715482293776,21.410526315789475,-0.130234032869339,-0.011913668364286423,0.9851510524749756,-0.027770708315074444,40.89239585399628,1.7525714099407197,0.12601978350430726,0.077243116646423,0.380810546875,22.1853271484375,-1.9208528101444244e-09,0.3115963935852051,0.00019099283520982599,-0.9810398817062378,0.2588772773742676,2374,0.6012718081474304,1659,1.2631258964538574,63,nan,0,nan,0
357,1462272,26307.1,55.8,39.08,34.36,20,0.25,74,0.6081081081081081,193,111,59,16,7,0,0,78,-4.278915119257641,21.424870466321245,-0.11657671630382538,-0.01315985806286335,0.980271577835083,-0.008798290812410414,41.27732298374176,1.7507900893688202,0.16292144563049077,0.10556945389980683,0.47548828125,23.737374806404112,-2.066371962428093e-09,0.3576813340187073,0.00019068577277379733,-0.9814713001251221,0.2823936343193054,2461,0.7019396424293518,1599,2.567322015762329,36,nan,0,nan,0
358,1466368,26380.7,56.0,38.73,34.36,20,0.25,264,0.5454545454545454,190,99,62,25,4,0,0,67,-4.298374708370296,21.594736842105263,-0.176150381565094,-0.014196929521858692,0.9902713894844055,-0.025502191809937357,38.487923526763915,1.748442155122757,0.1474251382984221,0.06030633212358225,0.391357421875,27.814804601669312,-1.3387762010097504e-09,0.3963713049888611,0.00019037871033776867,-0.9823206663131714,0.2818896770477295,2455,0.6542032361030579,1589,1.3060567378997803,52,nan,0,nan,0
359,1470464,26454.6,55.7,39.08,34.41,20,0.25,458,0.5436681222707423,194,105,54,23,12,0,0,85,-4.068800315361106,21.02061855670103,-0.14657838642597198,-0.012757590040564537,0.9805228114128113,-0.02843023433815688,37.45721547603607,1.7454640209674834,0.1368052415549755,0.07436201749223983,0.363037109375,24.559181261062623,-1.6589183360338211e-09,0.3855469822883606,0.00019007164790174,-0.9827437400817871,0.2803771197795868,2461,0.6776310205459595,1596,0.9713271856307983,39,nan,0,nan,0
360,1474560,26528.0,56.2,38.59,34.33,20,0.25,140,0.5071428571428571,194,99,62,21,12,0,0,77,-3.98673662317335,21.11855670103093,-0.19326160848140717,-0.011993748135864735,0.9859046936035156,-0.02645504118409008,39.18778786659241,1.7438443660736085,0.1274887366220355,0.06766676786210155,0.38583984375,20.87836308479309,-9.604264050722122e-10,0.37257325649261475,0.00018976458546571135,-0.9833338260650635,0.2980010509490967,2444,0.6418314576148987,1626,1.207560420036316,26,nan,0,nan,0
361,1478656,26601.7,55.9,38.87,34.4,20,0.25,337,0.5578635014836796,197,117,48,26,6,0,0,78,-4.176208008661886,20.903553299492387,-0.09623484313488007,-0.010929569602012634,0.9784560203552246,0.006038310425356031,38.12368814945221,1.7425799548625946,0.12063711937516927,0.10004981279926142,0.475732421875,29.817811012268066,-1.6589183360338211e-09,0.3503350615501404,0.0001894575230296827,-0.9830729961395264,0.2720547318458557,2511,0.5866618752479553,1577,1.1334956884384155,8,nan,0,nan,0
362,1482752,26674.9,56.3,38.46,34.35,20,0.25,18,0.6111111111111112,193,118,47,21,7,0,0,82,-4.173167664041908,21.264248704663213,-0.07634539902210236,-0.011740574613213539,0.9820650815963745,-0.03680658736266196,37.68188099861145,1.7437150001525878,0.14233523216098548,0.08904745616746368,0.396240234375,22.100241899490356,-3.2014213502407074e-10,0.4023679494857788,0.00018915046059365403,-0.9829349517822266,0.29631340503692627,2555,0.7051693201065063,1527,1.2511895895004272,14,nan,0,nan,0
363,1486848,26748.8,55.8,39.11,34.35,20,0.25,209,0.5645933014354066,191,107,56,21,7,0,0,68,-4.197920234937952,21.162303664921467,-0.13816720247268677,-0.013657331466674805,0.980025589466095,-0.03168353249784559,40.046520948410034,1.743061262369156,0.15513923112303019,0.06080414073221618,0.344970703125,19.92001187801361,-8.440110832452774e-10,0.34144508838653564,0.0001888433981576254,-0.9834944009780884,0.2896517217159271,2474,0.7542105317115784,1600,1.2503963708877563,22,nan,0,nan,0
364,1490944,26823.2,55.4,39.61,34.33,20,0.25,413,0.5738498789346247,204,119,56,22,7,0,0,92,-4.259772415665338,20.28921568627451,-0.08609899878501892,-0.011821752414107323,0.9763617515563965,-0.02146755834692158,38.51163601875305,1.7394637286663055,0.1261709944345057,0.08843767176149413,0.423193359375,19.99990768432617,-2.3283064365386963e-09,0.3831799030303955,0.0001885363357215967,-0.9849074482917786,0.2758338749408722,2455,0.6381888389587402,1621,1.8784433603286743,20,nan,0,nan,0
365,1495040,26897.5,55.5,39.46,34.38,20,0.25,100,0.62,199,125,42,25,7,0,0,95,-4.1377564337931165,20.633165829145728,-0.048453669995069504,-0.0110002551227808,0.9776751399040222,-0.03333559373859316,38.64391803741455,1.7336665630340575,0.1291435451246798,0.07436813757522032,0.406787109375,22.211274242401124,-1.1641532182693481e-09,0.3330444097518921,0.00018822927328556807,-0.9860875606536865,0.2784172296524048,2484,0.5912148952484131,1606,0.8896236419677734,6,nan,0,nan,0
366,1499136,26971.0,56.0,38.7,34.39,20,0.25,293,0.5870307167235495,193,110,41,36,6,0,0,82,-4.162322080669281,20.95336787564767,-0.10698208957910538,-0.01119657140225172,0.9843710064888,-0.03308407859876752,38.75945107936859,1.729204422235489,0.12244384028017521,0.05737046669673873,0.362646484375,22.542257022857665,-2.240994945168495e-09,0.33093202114105225,0.0001879222108495394,-0.987277626991272,0.29004862904548645,2476,0.6073765754699707,1589,1.243484616279602,31,nan,0,nan,0
367,1503232,27045.1,55.7,39.17,34.36,20,0.25,488,0.6168032786885246,195,129,37,25,4,0,0,102,-4.175170232234968,21.107692307692307,-0.007589608430862427,-0.012080628424882889,0.9825685620307922,-0.01825275053270161,34.56451578140259,1.7242957711219788,0.14048529686406255,0.05883403150364756,0.348583984375,28.352683305740356,-9.313225746154785e-10,0.39267808198928833,0.00018761514841351075,-0.9884217977523804,0.28332915902137756,2476,0.6848776936531067,1602,1.499403953552246,18,nan,0,nan,0
368,1507328,27119.0,55.7,39.13,34.36,20,0.25,168,0.6488095238095238,192,123,41,19,9,0,0,87,-4.432358295853537,21.286458333333332,-0.031170127913355827,-0.011061659082770348,0.983350396156311,-0.033310940209776166,36.66063399314881,1.720470780134201,0.11884938711300493,0.06428810075449291,0.35771484375,21.184782361984254,-2.270098775625229e-09,0.33424192667007446,0.00018730808597748207,-0.9891221523284912,0.2940898835659027,2491,0.5847526788711548,1576,1.3058053255081177,29,nan,0,nan,0
369,1511424,27192.8,55.9,38.84,34.4,20,0.25,364,0.5989010989010989,196,109,45,34,8,0,0,87,-4.158488127774628,20.846938775510203,-0.11396810412406921,-0.011318890377879143,0.9779487252235413,-0.027465519681572913,39.4277969121933,1.718991720676422,0.1166836928576231,0.04360869003285188,0.3150390625,26.906433391571046,-1.57160684466362e-09,0.30152618885040283,0.00018700102354145343,-0.9892831444740295,0.27465489506721497,2464,0.6299892067909241,1618,1.4157488346099854,14,nan,0,nan,0
370,1515520,27266.4,56.0,38.79,34.34,20,0.25,42,0.5952380952380952,190,111,48,22,9,0,0,83,-4.08564196339328,21.51578947368421,-0.11299684643745422,-0.012828197330236435,0.9843829870223999,-0.035447761532850564,37.93581409454346,1.7176141917705536,0.13501450447365643,0.05414885238278657,0.3216796875,23.69103283882141,-1.6880221664905548e-09,0.3805743455886841,0.00018669396110542475,-0.989921510219574,0.30264654755592346,2293,0.6139295101165771,1761,1.7331151962280273,42,nan,0,nan,0
371,1519616,27340.3,55.7,39.17,34.32,20,0.25,234,0.6239316239316239,192,121,37,29,5,0,0,93,-4.159950663942273,21.416666666666668,-0.05159681290388107,-0.011026965454220772,0.9792520403862,-0.037759874016046524,35.61721587181091,1.7143913865089417,0.13038169955834747,0.04373964251426514,0.303173828125,19.809005117416383,-2.3283064365386963e-09,0.37055695056915283,0.00018638689866939612,-0.9910224676132202,0.2672056257724762,2423,0.6143206357955933,1661,1.4862571954727173,12,nan,0,nan,0
372,1523712,27414.3,55.7,39.24,34.33,20,0.25,430,0.6046511627906976,196,114,44,34,4,0,0,89,-4.136210372867893,20.979591836734695,-0.09629535675048828,-0.011642605066299438,0.9817948937416077,-0.028554783714935184,39.68084244728088,1.7078969776630402,0.12872023172676564,0.09257047980499919,0.446435546875,18.2832040309906,-1.2223608791828156e-09,0.3214428424835205,0.00018607983623336743,-0.9927907586097717,0.27364596724510193,2411,0.6301032304763794,1666,1.8832905292510986,19,nan,0,nan,0
373,1527808,27487.8,56.1,38.66,34.41,20,0.25,107,0.5607476635514018,189,106,49,33,1,0,0,83,-4.129092103089662,21.80952380952381,-0.12391399592161179,-0.011863447725772858,0.9810596108436584,-0.0286657455842942,37.9586065530777,1.702244770526886,0.1284609420225024,0.09570922356069786,0.388671875,20.450607824325562,-8.440110832452774e-10,0.30612725019454956,0.0001857727737973388,-0.9938576221466064,0.2888243496417999,2460,0.6261970400810242,1619,1.9698593616485596,17,nan,0,nan,0
374,1531904,27561.8,55.7,39.11,34.37,20,0.25,298,0.610738255033557,191,122,50,17,2,0,0,99,-4.282622561420684,21.25130890052356,-0.02607799880206585,-0.01103720348328352,0.978489100933075,-0.022924439015332608,38.97887606620789,1.698315477371216,0.12744128331542015,0.1070353771588998,0.424609375,25.576075267791747,-1.1059455573558807e-09,0.33774662017822266,0.0001854657113613101,-0.9947271347045898,0.2737692892551422,2496,0.6392281651496887,1596,3.452726125717163,4,nan,0,nan,0
375,1536000,27635.1,56.2,38.48,34.37,20,0.25,486,0.5987654320987654,188,109,46,25,8,0,0,80,-4.0301429478825215,21.872340425531913,-0.1018783301115036,-0.013677340932190418,0.983111560344696,-0.03197021777741611,37.21700654029846,1.6961639165878295,0.15131534347310663,0.09248782775102882,0.423681640625,17.66288228034973,-1.076841726899147e-09,0.40021467208862305,0.00018515864892528148,-0.9950150847434998,0.30269768834114075,2390,0.6753447651863098,1680,2.9472169876098633,26,nan,0,nan,0
376,1540096,27708.7,55.9,38.91,34.36,20,0.25,167,0.6467065868263473,193,124,43,21,5,0,0,86,-4.156213744313284,21.139896373056995,-0.03953215852379799,-0.01192188635468483,0.980271577835083,-0.006593181705102325,37.643063163757326,1.6953457832336425,0.13652014154940845,0.1083376232360024,0.45146484375,25.296700143814085,-1.862645149230957e-09,0.3339596390724182,0.0001848515864892528,-0.9952686429023743,0.2803749144077301,2497,0.6517500877380371,1578,1.834800124168396,21,nan,0,nan,0
377,1544192,27782.7,55.7,39.17,34.33,20,0.25,358,0.6005586592178771,191,107,52,28,4,0,0,83,-3.912231044222313,21.769633507853403,-0.13294218480587006,-0.01376286894083023,0.9795134663581848,-0.03525401859660633,37.930650210380556,1.693026167154312,0.1462937431409955,0.06059402573591797,0.3705078125,24.67085165977478,-6.111804395914078e-10,0.3711240291595459,0.00018454452405322416,-0.9961152076721191,0.2826852798461914,2324,0.6782762408256531,1743,2.134068250656128,29,nan,0,nan,0
378,1548288,27856.5,55.9,38.95,34.31,20,0.25,36,0.6111111111111112,190,119,42,27,2,0,0,89,-4.116396473235137,21.178947368421053,-0.043132781982421875,-0.012080060318112373,0.981566846370697,-0.029678381304256617,36.20268185138703,1.6880103528499604,0.12973887166008352,0.1388725058248383,0.383447265625,24.100702047348022,-1.1641532182693481e-09,0.3549160361289978,0.00018423746161719547,-0.9977520704269409,0.27282747626304626,2495,0.6257416009902954,1586,1.2803300619125366,15,nan,0,nan,0
379,1552384,27930.6,55.6,39.3,34.37,20,0.25,230,0.6608695652173913,194,130,41,19,4,0,0,90,-4.105703392215596,21.190721649484537,-0.002798791043460369,-0.010081306099891663,0.9748846888542175,-0.027633013436570764,33.41732859611511,1.682236260175705,0.11187428655102849,0.06485941228020238,0.37900390625,23.599548053741454,-1.367880031466484e-09,0.3554496765136719,0.00018393039918116684,-0.9989385604858398,0.24505062401294708,2450,0.5648095011711121,1625,0.8198491930961609,21,nan,0,nan,0
380,1556480,28004.6,55.7,39.15,34.36,20,0.25,424,0.6674528301886793,194,131,35,19,9,0,0,104,-4.224853749469626,21.211340206185568,0.006527614779770374,-0.011479968205094337,0.9828293323516846,-0.014567859843373299,34.57122929096222,1.6778559863567353,0.12323371050879359,0.09080078567058081,0.4279296875,26.040577030181886,-2.9976945370435715e-09,0.35821038484573364,0.00018362333674513815,-0.9998234510421753,0.2670440971851349,2503,0.5953371524810791,1562,1.3589985370635986,31,nan,0,nan,0
381,1560576,28078.5,55.7,39.17,34.36,20,0.25,105,0.6,193,111,49,25,8,0,0,80,-4.161186896443745,21.098445595854923,-0.09937164932489395,-0.01094361674040556,0.9784780740737915,-0.02424971798900515,39.41664712429046,1.6752026975154877,0.13152333684265613,0.0541367315032403,0.34189453125,28.330145597457886,-2.1245796233415604e-09,0.3227596879005432,0.00018331627430910952,-1.0005226135253906,0.2679407596588135,2360,0.6069958806037903,1722,1.1307940483093262,14,nan,0,nan,0
382,1564672,28152.1,56.0,38.84,34.34,20,0.25,301,0.6013289036544851,196,118,41,33,4,0,0,96,-4.00643321423436,20.887755102040817,-0.06896345317363739,-0.011311789974570274,0.9848718047142029,-0.03445511462632567,36.48378973007202,1.6723275661468506,0.12520812088623642,0.07895156968443189,0.380322265625,18.0559951543808,-2.5029294192790985e-09,0.35136985778808594,0.00018300921187308083,-1.00112783908844,0.2699035704135895,2391,0.5853766798973083,1688,1.18069589138031,17,nan,0,nan,0
383,1568768,28226.1,55.8,39.1,34.33,20,0.25,501,0.6287425149700598,200,134,38,24,4,0,0,97,-4.189006032873342,20.665,0.020469671115279198,-0.01170209888368845,0.9763860106468201,-0.027614847756922245,36.03407952785492,1.669037824869156,0.12511439556255938,0.06587394608795875,0.377783203125,21.918716859817504,-2.2992026060819626e-09,0.3292146325111389,0.0001827021494370522,-1.0023456811904907,0.2655569911003113,2420,0.6195007562637329,1642,1.2839157581329346,34,nan,0,nan,0
384,1572864,28300.0,55.7,39.17,34.34,20,0.25,181,0.6243093922651933,192,121,37,24,10,0,0,92,-4.053518898194093,21.421875,-0.037631407380104065,-0.012064177542924881,0.9795082211494446,-0.028835956030525266,34.84989418983459,1.6644202589988708,0.13003711467608808,0.0597644894340192,0.374609375,23.602637481689452,-1.7171259969472885e-09,0.38368916511535645,0.00018239508700102354,-1.0033023357391357,0.2753921449184418,2463,0.6180629134178162,1609,1.7818984985351562,24,nan,0,nan,0
385,1576960,28373.6,56.0,38.78,34.34,20,0.25,372,0.6478494623655914,191,128,30,31,2,0,0,95,-4.129989558172859,21.115183246073297,-0.003460977226495743,-0.011538018472492695,0.984635055065155,-0.03517388051841408,35.70544509887695,1.6608347117900848,0.12435725266113877,0.050098285883723295,0.35693359375,21.44238920211792,-2.2992026060819626e-09,0.3391265273094177,0.00018208802456499488,-1.0043591260910034,0.27219781279563904,2427,0.574232816696167,1644,1.1535935401916504,25,nan,0,nan,0
386,1581056,28447.0,56.1,38.61,34.34,20,0.25,56,0.625,196,113,53,28,2,0,0,79,-4.144138982853814,21.03061224489796,-0.10135674476623535,-0.011315991170704365,0.9792307615280151,-0.01754329465329647,39.067862725257875,1.6564689576625824,0.1236697887070477,0.0822504519339418,0.416064453125,22.931777834892273,-1.9208528101444244e-09,0.34472090005874634,0.00018178096212896622,-1.0051908493041992,0.27566075325012207,2378,0.6076014041900635,1674,1.4529409408569336,44,nan,0,nan,0
387,1585152,28520.5,56.1,38.7,34.36,20,0.25,240,0.5666666666666667,184,101,54,24,5,0,0,73,-4.21217801838397,22.342391304347824,-0.14858537912368774,-0.014365114271640778,0.9833844304084778,-0.038622324191965166,37.03699824810028,1.6536449253559113,0.1611119920387864,0.05135363061126554,0.3369140625,20.09306755065918,-2.1827872842550278e-09,0.40157127380371094,0.00018147389969293756,-1.0059504508972168,0.3061521053314209,2325,0.7237088084220886,1740,1.6588836908340454,31,nan,0,nan,0
388,1589248,28594.4,55.8,39.1,34.34,20,0.25,437,0.5812356979405034,197,118,44,27,8,0,0,81,-4.028708645194137,20.725888324873097,-0.0881071612238884,-0.011422311887145042,0.9776865839958191,-0.023668804229237138,39.28815019130707,1.651239037513733,0.13411340033635497,0.06879291669174563,0.379638671875,22.421499252319336,-1.2223608791828156e-09,0.3898646831512451,0.0001811668372569089,-1.006257176399231,0.2827695608139038,2371,0.5946489572525024,1700,2.334864377975464,25,nan,0,nan,0
389,1593344,28667.8,56.2,38.58,34.33,20,0.25,116,0.6379310344827587,191,121,37,27,6,0,0,91,-4.144897929354894,21.329842931937172,-0.05064729228615761,-0.012150470167398453,0.9810499548912048,-0.02624839972704649,35.744374704360965,1.6491836667060853,0.1304167785681784,0.06651988208905095,0.38779296875,21.540855360031127,-1.6007106751203537e-09,0.39585500955581665,0.00018085977482088024,-1.0072228908538818,0.27417922019958496,2394,0.6154241561889648,1662,1.0709731578826904,40,nan,0,nan,0
390,1597440,28741.8,55.7,39.16,34.32,20,0.25,314,0.6337579617834395,198,125,37,32,4,0,0,89,-3.985978853579625,20.86868686868687,-0.03977363929152489,-0.012200167402625084,0.9810159206390381,-0.024974834290333092,37.49833002090454,1.6439791202545166,0.1331638166680932,0.059230373766331466,0.37900390625,26.339319801330568,-2.0372681319713593e-10,0.3363766670227051,0.00018055271238485158,-1.0087461471557617,0.2776188254356384,2284,0.6340157389640808,1781,1.5742924213409424,31,nan,0,nan,0
391,1601536,28815.3,56.0,38.74,34.37,20,0.25,503,0.6322067594433399,189,119,37,31,2,0,0,86,-3.8344722226140053,21.597883597883598,-0.05879228562116623,-0.01189989410340786,0.9800358414649963,-0.0240292068105191,39.74087381362915,1.6382822155952455,0.13414384853094816,0.07723686054523568,0.40380859375,25.65825672149658,-1.2223608791828156e-09,0.28889042139053345,0.00018024564994882292,-1.009808897972107,0.2811942994594574,2257,0.5897026658058167,1804,1.7813853025436401,35,nan,0,nan,0
392,1605632,28888.9,56.0,38.73,34.36,20,0.25,179,0.6368715083798883,188,117,46,21,4,0,0,85,-3.9728776905499874,21.56382978723404,-0.05540011450648308,-0.011436534114181995,0.984135091304779,-0.03405904537066817,39.44735698699951,1.6343766093254088,0.12688293540850282,0.056243865814758466,0.3515625,21.069610929489137,-2.444721758365631e-09,0.31441783905029297,0.00017993858751279426,-1.0110576152801514,0.27741679549217224,2441,0.6207097172737122,1626,1.7694705724716187,29,nan,0,nan,0
393,1609728,28962.7,55.9,38.94,34.36,20,0.25,370,0.6351351351351351,191,121,39,28,3,0,0,93,-3.96733279591423,21.596858638743456,-0.03981401026248932,-0.010622037574648857,0.9754161238670349,-0.027270244108512996,37.87018218040466,1.6294665336608887,0.1168863482773304,0.09295006576867308,0.4494140625,23.945702695846556,-2.0372681319713593e-09,0.3115606904029846,0.0001796315250767656,-1.0119304656982422,0.26622915267944336,2400,0.5475378632545471,1674,2.30533766746521,22,nan,0,nan,0
394,1613824,29036.4,55.9,38.96,34.35,20,0.25,48,0.6666666666666666,190,111,49,26,4,0,0,81,-4.111252053343814,21.821052631578947,-0.10920201241970062,-0.011464396491646767,0.9800307154655457,-0.035303599573671816,37.27022135257721,1.6258099317550658,0.12855266630649567,0.05630673652340192,0.3404296875,20.697842931747438,-2.153683453798294e-09,0.36435896158218384,0.00017932446264073694,-1.013178825378418,0.276523619890213,2284,0.5754654407501221,1777,1.8573287725448608,35,nan,0,nan,0
395,1617920,29109.7,56.2,38.47,34.41,20,0.25,237,0.5907172995780591,189,108,51,24,6,0,0,89,-4.067010863606544,21.33862433862434,-0.11254015564918518,-0.01223047822713852,0.9843869805335999,-0.032469714165199545,37.397129797935484,1.6208376109600067,0.14658771362155676,0.052117911365348844,0.318017578125,27.204271697998045,-8.731149137020111e-10,0.3907121419906616,0.00017901740020470828,-1.0142300128936768,0.29048243165016174,2258,0.60795658826828,1783,2.567800283432007,55,nan,0,nan,0
396,1622016,29183.3,56.1,38.7,34.37,20,0.25,428,0.6121495327102804,191,122,35,25,9,0,0,93,-3.9995319319963722,21.345549738219894,-0.030642913654446602,-0.011423131451010704,0.982330322265625,-0.03283693534322083,38.36902296543121,1.6172858953475953,0.11773373316973448,0.10472728957538494,0.434228515625,19.49874629974365,-2.6775524020195007e-09,0.3042306900024414,0.00017871033776867962,-1.0149400234222412,0.3111546039581299,2370,0.6196497678756714,1673,1.3973360061645508,53,nan,0,nan,0
397,1626112,29256.8,56.1,38.69,34.38,20,0.25,103,0.6893203883495146,187,123,39,24,1,0,0,91,-4.048427062723701,22.032085561497325,-0.026670541614294052,-0.012098727747797966,0.979022741317749,-0.03699258132837713,35.12337188720703,1.6149992644786835,0.14068163009360432,0.062348826743254905,0.3734375,21.09781050682068,-2.4156179279088974e-09,0.3979232907295227,0.00017840327533265096,-1.0152992010116577,0.28854072093963623,2448,0.6493983268737793,1615,2.469226837158203,33,nan,0,nan,0
398,1630208,29330.7,55.7,39.12,34.36,20,0.25,291,0.6563573883161512,188,120,49,17,2,0,0,85,-4.161510717055566,21.81382978723404,-0.035363078117370605,-0.01094050519168377,0.974155604839325,-0.023346886405488477,40.35152716636658,1.6139668583869935,0.12053835457190872,0.07610393721261062,0.421875,28.427700519561768,-8.149072527885437e-10,0.3069983720779419,0.0001780962128966223,-1.0155503749847412,0.25177666544914246,2377,0.5888842344284058,1667,1.3643487691879272,52,nan,0,nan,0
399,1634304,29404.2,56.1,38.66,34.34,20,0.25,483,0.6438923395445134,192,120,46,20,6,0,0,86,-3.9663676239515397,21.375,-0.05058769881725311,-0.012030594050884247,0.978227436542511,-0.03755683712661266,37.947194480895995,1.6131795942783356,0.1385836960747838,0.07293697819986847,0.37099609375,22.829239749908446,-1.6880221664905548e-09,0.3569943308830261,0.00017778915046059364,-1.0158329010009766,0.27955853939056396,2412,0.6143004298210144,1656,2.5669045448303223,28,nan,0,nan,0
400,1638400,29477.5,56.2,38.51,34.37,20,0.25,162,0.6234567901234568,191,118,48,21,4,0,0,95,-4.011438870056313,21.727748691099478,-0.07007044553756714,-0.01275537721812725,0.9810499548912048,-0.0268567624501884,47.231401801109314,1.610928440093994,0.1739011880941689,0.0726969623749028,0.37021484375,23.888681745529176,-4.94765117764473e-10,0.3856010437011719,0.00017748208802456498,-1.0165989398956299,0.25752541422843933,2269,0.6077498197555542,1771,4.244774341583252,56,nan,0,nan,0
401,1642496,29551.1,56.1,38.59,34.38,20,0.25,349,0.6275071633237822,187,118,48,19,2,0,0,94,-4.144100581588983,21.385026737967916,-0.03535246104001999,-0.011322700418531895,0.9779995083808899,-0.03787895783316344,37.721058106422426,1.6069119691848754,0.11792754502967,0.0501758627302479,0.327587890625,24.140445709228516,-2.3283064365386963e-09,0.3518518805503845,0.00017717502558853632,-1.0179105997085571,0.2727214992046356,2439,0.6031354665756226,1599,1.1606122255325317,58,nan,0,nan,0
402,1646592,29624.5,56.1,38.6,34.37,20,0.25,28,0.6428571428571429,191,120,47,21,3,0,0,96,-4.153457989003794,22.0,-0.037847261875867844,-0.012240497395396233,0.9805377721786499,-0.025213922502007335,39.036332845687866,1.6017612278461457,0.14791604708880185,0.09197416740644257,0.427001953125,19.286599230766296,-3.0850060284137726e-09,0.36842721700668335,0.00017686796315250769,-1.0190370082855225,0.27901583909988403,2335,0.6204811334609985,1716,2.565145492553711,45,nan,0,nan,0
403,1650688,29697.9,56.1,38.63,34.34,20,0.25,219,0.6575342465753424,191,126,39,21,5,0,0,88,-3.895865736000933,21.157068062827225,-0.013550443574786186,-0.011058742180466652,0.983866810798645,-0.039340003905817864,35.596171617507935,1.5987031936645508,0.11825581034645438,0.0464395038652583,0.32109375,20.0814368724823,-7.8580342233181e-10,0.3640432357788086,0.000176560900716479,-1.0195289850234985,0.26879456639289856,2356,0.5225184559822083,1692,1.4982414245605469,48,nan,0,nan,0
404,1654784,29771.5,55.9,38.82,34.41,20,0.25,406,0.645320197044335,187,118,42,25,2,0,0,93,-4.182871520710396,21.668449197860962,-0.046063512563705444,-0.012573890388011932,0.9779995083808899,-0.031828260887414216,37.56635723114014,1.595967161655426,0.13309527318924666,0.07872181909333449,0.40185546875,23.975114822387695,-1.4551915228366852e-09,0.38076549768447876,0.00017625383828045037,-1.0202717781066895,0.2861417531967163,2399,0.6337505578994751,1667,1.9648298025131226,30,nan,0,nan,0
405,1658880,29845.6,55.7,39.17,34.34,20,0.25,89,0.6741573033707865,195,126,45,19,5,0,0,93,-3.9824859929338783,21.21025641025641,-0.03267723321914673,-0.013159617781639099,0.9784670472145081,-0.03168301328551024,36.58567488193512,1.59350283741951,0.14387858780100943,0.0894304846835439,0.40791015625,23.948739051818848,-2.4156179279088974e-09,0.4061213731765747,0.00017594677584442168,-1.0208897590637207,0.2835442125797272,2320,0.648128092288971,1710,2.049530506134033,66,nan,0,nan,0
406,1662976,29919.0,56.1,38.67,34.39,20,0.25,284,0.6197183098591549,195,116,40,31,8,0,0,84,-4.0094656509369155,21.153846153846153,-0.05903761461377144,-0.011963801458477974,0.9805178046226501,-0.030467366077937187,38.59184093475342,1.591011655330658,0.132993280980736,0.06473934531095438,0.349658203125,20.287930822372438,-2.561137080192566e-09,0.33022063970565796,0.00017563971340839305,-1.0216169357299805,0.277579128742218,2391,0.6189143657684326,1689,2.4930553436279297,16,nan,0,nan,0
407,1667072,29992.7,55.9,38.88,34.35,20,0.25,473,0.5919661733615222,189,104,51,20,14,0,0,81,-3.9182040633131447,21.38095238095238,-0.11586540937423706,-0.011894945055246353,0.973125159740448,-0.02962457366520539,42.03084819316864,1.5874742805957793,0.13519044006243347,0.052140843035886064,0.354248046875,28.551476001739502,-9.313225746154785e-10,0.272793710231781,0.00017533265097236436,-1.0225499868392944,0.27304497361183167,2480,0.617537796497345,1593,1.8313921689987183,23,nan,0,nan,0
408,1671168,30066.4,56.0,38.76,34.41,20,0.25,139,0.6762589928057554,178,111,35,28,4,0,0,84,-4.043475214397081,22.95505617977528,-0.06247549504041672,-0.015077423304319382,0.9836651086807251,-0.03158105201437138,44.59569642543793,1.5838225424289702,0.17221172619611025,0.052260185629711485,0.33779296875,22.382594299316406,-6.402842700481415e-10,0.3778831958770752,0.00017502558853633573,-1.02362060546875,0.31142526865005493,2217,0.68938148021698,1797,2.5204997062683105,82,nan,0,nan,0
409,1675264,30140.2,55.9,38.88,34.4,20,0.25,326,0.6625766871165644,187,122,48,15,2,0,0,90,-3.8551921138626435,22.053475935828878,-0.019418824464082718,-0.012557879090309143,0.9808135032653809,-0.016921743541024624,40.5209602355957,1.578977143764496,0.1386905469931662,0.09369245845009573,0.42548828125,31.45481171607971,-2.7939677238464355e-09,0.30211353302001953,0.00017471852610030704,-1.0246129035949707,0.2802216112613678,2314,0.6356043815612793,1737,2.1540889739990234,45,nan,0,nan,0
410,1679360,30213.5,56.2,38.54,34.41,20,0.25,3,0.6666666666666666,189,131,41,16,1,0,0,107,-4.014967933203248,21.984126984126984,0.022517871111631393,-0.012167386710643768,0.9846429228782654,-0.03209823506185785,39.25640232563019,1.5764675676822661,0.14957067696377635,0.04281026596872835,0.314306640625,24.93045687675476,-2.939486876130104e-09,0.35146498680114746,0.0001744114636642784,-1.0249688625335693,0.28275299072265625,2217,0.5863040685653687,1841,2.7852025032043457,38,nan,0,nan,0
411,1683456,30287.1,56.0,38.68,34.42,20,0.25,189,0.5873015873015873,186,109,50,21,6,0,0,85,-4.091177333469076,21.774193548387096,-0.08709200471639633,-0.013737553730607033,0.9843989610671997,-0.0064070216380059716,41.601097679138185,1.574011319875717,0.1654873770661652,0.08112090661015828,0.410498046875,23.949022006988525,-1.8044374883174896e-09,0.3814176917076111,0.00017410440122824972,-1.026038646697998,0.27107498049736023,2231,0.6668994426727295,1806,3.2810139656066895,59,nan,0,nan,0
412,1687552,30360.8,55.9,38.93,34.38,20,0.25,373,0.6246648793565683,184,122,36,23,3,0,0,98,-3.984241100606477,22.17391304347826,0.0008103945292532444,-0.012100380845367908,0.97929447889328,-0.008553177444264292,38.19533169269562,1.5701863050460816,0.13287723744288088,0.07955812499858439,0.439404296875,20.749934577941893,6.984919309616089e-10,0.3361768126487732,0.0001737973387922211,-1.0267845392227173,0.28416764736175537,2354,0.6338237524032593,1702,2.105725049972534,40,nan,0,nan,0
413,1691648,30434.3,56.1,38.65,34.36,20,0.25,46,0.6739130434782609,185,125,39,18,3,0,0,90,-4.017885658899829,22.16216216216216,0.014870760031044483,-0.011817906983196735,0.9841472506523132,-0.03180353946518153,36.924016332626344,1.5663154602050782,0.13423099163919688,0.05636218724539503,0.3591796875,23.60393123626709,-1.1641532182693481e-09,0.33870112895965576,0.0001734902763561924,-1.0279791355133057,0.2735375165939331,2447,0.6489682197570801,1608,2.5724806785583496,41,nan,0,nan,0
414,1695744,30508.4,55.6,39.36,34.35,20,0.25,236,0.6483050847457628,190,122,36,24,8,0,0,98,-3.8747788792034634,21.710526315789473,-0.011366475373506546,-0.011188449338078499,0.9751664400100708,-0.032422065542778,36.81819450855255,1.561612594127655,0.1249558643437922,0.06877457053342369,0.38076171875,19.82024965286255,-6.984919309616089e-10,0.3056626319885254,0.00017318321392016377,-1.029133677482605,0.24791319668293,2418,0.5812059640884399,1637,1.8552452325820923,41,nan,0,nan,0
415,1699840,30582.4,55.7,39.17,34.34,20,0.25,432,0.6782407407407407,196,140,35,18,3,0,0,103,-3.996820572762025,20.760204081632654,0.05458042770624161,-0.01211795024573803,0.9843589663505554,-0.008409683988429607,34.84435439109802,1.557598751783371,0.13725466476753354,0.09286842106375844,0.440771484375,19.231730890274047,-9.313225746154785e-10,0.34260135889053345,0.00017287615148413508,-1.0297657251358032,0.26412639021873474,2452,0.57538902759552,1595,3.1839001178741455,49,nan,0,nan,0
416,1703936,30656.9,55.4,39.58,34.37,20,0.25,115,0.6869565217391305,195,127,38,28,2,0,0,100,-4.05617648239469,21.143589743589743,0.0008639711886644363,-0.012204248458147049,0.9838503003120422,-0.028134342283010483,37.81927933692932,1.5554389953613281,0.12984960451722144,0.057725665747420864,0.364111328125,25.840209436416625,-1.8044374883174896e-09,0.34710657596588135,0.00017256908904810645,-1.0304172039031982,0.3344273567199707,2426,0.6185008883476257,1659,1.869110107421875,11,nan,0,nan,0
417,1708032,30730.5,56.0,38.83,34.37,20,0.25,305,0.6557377049180327,190,121,39,25,5,0,0,97,-4.1848161180227645,21.57894736842105,-0.02222427725791931,-0.011654270812869072,0.9715821743011475,-0.03646496969740838,38.10293400287628,1.5519977748394012,0.13688671523705126,0.05952751848672051,0.36015625,20.334162712097168,-1.4842953532934189e-09,0.37623071670532227,0.00017226202661207776,-1.031508445739746,0.26838675141334534,2386,0.6452593803405762,1654,2.1479053497314453,56,nan,0,nan,0
418,1712128,30804.6,55.6,39.35,34.34,20,0.25,500,0.636,195,118,37,37,3,0,0,94,-4.0378504643028705,20.856410256410257,-0.04123131185770035,-0.010988081805408001,0.9779543876647949,-0.03578777344664559,37.44859483242035,1.5478372991085052,0.11977567402645946,0.055715446740214246,0.346630859375,22.740716409683227,-1.8335413187742233e-09,0.31224459409713745,0.00017195496417604913,-1.0324854850769043,0.262187123298645,2373,0.5818920135498047,1695,1.122815489768982,28,nan,0,nan,0
419,1716224,30878.3,55.9,38.88,34.34,20,0.25,175,0.68,187,124,30,29,4,0,0,90,-4.058559286811542,21.363636363636363,0.014962317422032356,-0.011129949241876602,0.979534387588501,-0.03283228201325983,35.01946835517883,1.5438319981098174,0.12043738695792854,0.06694654765888117,0.377001953125,20.378325581550598,-2.270098775625229e-09,0.3448219895362854,0.00017164790174002044,-1.0333728790283203,0.26148995757102966,2357,0.5854552984237671,1702,1.0734235048294067,37,nan,0,nan,0
420,1720320,30953.0,55.2,39.83,34.34,20,0.25,373,0.6702412868632708,198,131,47,18,2,0,0,101,-3.8920803579529246,21.32323232323232,0.007371270097792149,-0.010700568556785583,0.9756285548210144,-0.027080611418932678,34.47950050830841,1.541500633955002,0.12355242352932691,0.08751689490600256,0.392822265625,21.95906705856323,-1.8917489796876907e-09,0.3763614892959595,0.0001713408393039918,-1.0337088108062744,0.2561807334423065,2418,0.6140317916870117,1642,1.4657902717590332,36,nan,0,nan,0
421,1724416,31026.7,55.9,39.0,34.34,20,0.25,59,0.6949152542372882,198,128,35,30,5,0,0,100,-4.004893389030087,20.843434343434343,-0.006064664572477341,-0.010923135094344616,0.9738327264785767,-0.031206313823349773,37.17907061576843,1.539062112569809,0.1206642797216773,0.04259400331939105,0.326123046875,26.10490264892578,-2.3283064365386963e-09,0.37156736850738525,0.00017103377686796312,-1.0348703861236572,0.2603676915168762,2293,0.589751660823822,1775,1.3186728954315186,28,nan,0,nan,0
422,1728512,31100.3,56.0,38.79,34.36,20,0.25,245,0.6163265306122448,186,110,49,24,3,0,0,83,-4.0440794578152595,21.521505376344088,-0.07325863093137741,-0.010635565966367722,0.9795396327972412,-0.03369749471312389,37.73797221183777,1.5345949411392212,0.11899350201711059,0.03934387020417489,0.3044921875,25.713596200942995,-2.561137080192566e-09,0.36491966247558594,0.0001707267144319345,-1.035681962966919,0.25816482305526733,2427,0.5865083932876587,1639,1.7118313312530518,30,nan,0,nan,0
423,1732608,31174.1,55.9,38.91,34.38,20,0.25,445,0.6314606741573033,200,130,42,23,5,0,0,103,-4.12149511405955,20.585,0.0024641919881105423,-0.01126842200756073,0.9779260754585266,-0.04397867899388075,35.226106190681456,1.5307062685489654,0.12615577811375261,0.04275690061913338,0.318310546875,22.30048875808716,-1.2223608791828156e-09,0.420249342918396,0.00017041965199590583,-1.0369528532028198,0.26423317193984985,2448,0.6092802882194519,1623,1.1374107599258423,25,nan,0,nan,0
424,1736704,31247.7,56.0,38.78,34.38,20,0.25,128,0.7109375,195,130,32,28,5,0,0,89,-3.9036317228291346,20.764102564102565,0.027392202988266945,-0.011359281837940216,0.9784670472145081,-0.02126688091084361,35.3670312166214,1.5259984970092773,0.12549281846731902,0.06200938715192024,0.37216796875,23.875624799728392,-1.57160684466362e-09,0.30550843477249146,0.00017011258955987717,-1.037825345993042,0.2669181227684021,2386,0.5829489827156067,1684,0.8906687498092651,26,nan,0,nan,0
425,1740800,31321.2,56.1,38.66,34.35,20,0.25,318,0.6540880503144654,190,117,52,17,4,0,0,90,-4.106315575569207,21.736842105263158,-0.03835323452949524,-0.012645451352000237,0.9764465093612671,-0.021716209407895804,38.25247282981873,1.5236621439456939,0.1397480542771518,0.07221916463167873,0.399853515625,27.849567461013795,-1.6880221664905548e-09,0.39213722944259644,0.0001698055271238485,-1.0380833148956299,0.28051644563674927,2413,0.637653648853302,1643,2.8628602027893066,40,nan,0,nan,0
426,1744896,31394.5,56.2,38.57,34.36,20,0.25,501,0.6506986027944112,183,118,36,26,3,0,0,94,-3.972105455970162,22.10928961748634,-0.019677545875310898,-0.012867167592048645,0.9795553088188171,-0.017167100170627236,43.26331586837769,1.5229555010795592,0.22923529464751483,0.0856640532714664,0.337744140625,23.257897806167602,-2.0081643015146255e-09,0.46603506803512573,0.00016949846468781985,-1.038413405418396,0.26041379570961,2373,0.6346467137336731,1657,5.512702941894531,66,nan,0,nan,0
427,1748992,31468.7,55.6,39.36,34.34,20,0.25,191,0.6858638743455497,202,138,36,24,4,0,0,111,-4.110546053992172,20.599009900990097,0.045611537992954254,-0.011017503216862679,0.973805844783783,-0.019276967004407196,37.295241713523865,1.5210021197795869,0.12972932774573565,0.08771386981534306,0.425634765625,21.025102663040162,-1.57160684466362e-09,0.38425594568252563,0.0001691914022517912,-1.0389249324798584,0.26348498463630676,2369,0.5873097777366638,1703,2.9498417377471924,24,nan,0,nan,0
428,1753088,31542.4,55.9,38.97,34.35,20,0.25,378,0.6798941798941799,187,126,38,18,5,0,0,88,-4.0489584530719505,21.994652406417114,0.01735607534646988,-0.013060051947832108,0.9810693264007568,-0.02830994373653084,34.753147387504576,1.5189907908439637,0.1477646899409592,0.07962166364304721,0.40146484375,21.831843233108522,-1.1641532182693481e-09,0.45637649297714233,0.00016888433981576253,-1.0394717454910278,0.27002066373825073,2505,0.639086127281189,1501,2.1470394134521484,90,nan,0,nan,0
429,1757184,31616.5,55.6,39.23,34.4,20,0.25,64,0.734375,198,133,31,29,5,0,0,95,-4.012582184197575,20.72222222222222,0.045580435544252396,-0.010231182910501957,0.9735761880874634,-0.03126758763100952,38.332069396972656,1.5156341195106506,0.11481318278238177,0.05606583704939112,0.347021484375,22.939891576766968,-2.2118911147117615e-09,0.2890275716781616,0.00016857727737973387,-1.0406577587127686,0.24973613023757935,2502,0.5410737991333008,1573,2.5364887714385986,21,nan,0,nan,0
430,1761280,31690.2,56.0,38.84,34.34,20,0.25,257,0.6809338521400778,193,128,36,25,4,0,0,94,-4.116371257757206,21.39896373056995,0.009256888180971146,-0.01105424202978611,0.9782218933105469,-0.03169519028160721,36.73332896232605,1.510684883594513,0.11917335977777839,0.06466915122582577,0.384814453125,18.106265258789062,-1.280568540096283e-09,0.4015609622001648,0.0001682702149437052,-1.042008638381958,0.2638481557369232,2409,0.5591651201248169,1620,1.5576785802841187,67,nan,0,nan,0
431,1765376,31764.0,55.9,38.87,34.36,20,0.25,442,0.6606334841628959,185,117,44,20,4,0,0,94,-4.003609242132532,21.82162162162162,-0.03438698500394821,-0.012924502603709698,0.9849143624305725,-0.01883240769384429,40.48245005607605,1.5062274754047393,0.16013833293691276,0.06492102586198598,0.3669921875,28.50759882926941,-1.6298145055770874e-09,0.41134727001190186,0.00016796315250767655,-1.0426043272018433,0.26358047127723694,2256,0.5988248586654663,1749,2.4214932918548584,91,nan,0,nan,0
432,1769472,31837.6,56.0,38.8,34.4,20,0.25,124,0.5887096774193549,194,124,41,25,4,0,0,90,-3.8348016410250314,21.216494845360824,0.003948558121919632,-0.011956830509006977,0.9835981726646423,-0.030248322547413407,36.876184296607974,1.5044952809810639,0.12551452768966556,0.061229288308823016,0.36875,23.990898084640502,-1.8917489796876907e-09,0.32538336515426636,0.0001676560900716479,-1.0430374145507812,0.26641324162483215,2296,0.6036670207977295,1760,1.59098219871521,40,nan,0,nan,0
433,1773568,31910.8,56.3,38.35,34.38,20,0.25,312,0.5897435897435898,188,111,51,21,5,0,0,93,-3.9522169759017034,21.829787234042552,-0.0790528729557991,-0.013477498665452003,0.98106449842453,-0.02892497358843684,41.87526443004608,1.5020916402339934,0.15829881718382238,0.05517312248121016,0.31767578125,24.24097442626953,-1.862645149230957e-09,0.40670323371887207,0.00016734902763561923,-1.0439435243606567,0.25031694769859314,2193,0.6734908819198608,1807,2.128970146179199,96,nan,0,nan,0
434,1777664,31984.6,55.9,38.95,34.37,20,0.25,503,0.5805168986083499,191,108,47,26,10,0,0,86,-4.068590325589382,21.005235602094242,-0.09060145914554596,-0.013049928471446037,0.98898845911026,-0.025441500730812548,41.26502923965454,1.4985965073108674,0.145037058647722,0.06649646575679072,0.4,22.11269450187683,-5.820766091346741e-10,0.3646785020828247,0.00016704196519959057,-1.0444355010986328,0.26671701669692993,2249,0.6486382484436035,1815,1.0603445768356323,32,nan,0,nan,0
435,1781760,32058.2,56.0,38.78,34.37,20,0.25,175,0.64,184,118,37,25,4,0,0,87,-4.168274707839218,22.48913043478261,-0.018610738217830658,-0.0126724261790514,0.9854294657707214,-0.017991298850392922,38.71999263763428,1.496756809949875,0.14604633320122956,0.07713076919608283,0.367138671875,22.97600727081299,-5.238689482212067e-10,0.38791000843048096,0.0001667349027635619,-1.0451664924621582,0.27313780784606934,2298,0.6295956969261169,1744,2.9838082790374756,54,nan,0,nan,0
436,1785856,32132.3,55.6,39.25,34.36,20,0.25,375,0.6506666666666666,200,132,38,23,7,0,0,103,-4.042453276635392,20.555,0.032954730093479156,-0.010434174910187721,0.9799794554710388,-0.031363665498793124,37.079896092414856,1.4924944519996644,0.11078956965357065,0.0833469085759134,0.43486328125,19.31147027015686,-2.066371962428093e-09,0.3604753017425537,0.00016642784032753325,-1.0464885234832764,0.25975143909454346,2437,0.5554918050765991,1629,1.6552428007125854,30,nan,0,nan,0
437,1789952,32205.8,56.0,38.71,34.39,20,0.25,47,0.7021276595744681,184,113,36,31,4,0,0,88,-4.053657957613495,21.929347826086957,-0.04522721469402313,-0.012356006540358067,0.9780163764953613,-0.026523208152502774,36.05756459236145,1.4875030517578125,0.12531659035012127,0.11260962792148348,0.42314453125,21.631927824020387,-1.6880221664905548e-09,0.3938697576522827,0.0001661207778915046,-1.0477032661437988,0.30191951990127563,2405,0.6412754058837891,1660,1.450716257095337,31,nan,0,nan,0
438,1794048,32279.7,55.8,39.05,34.38,20,0.25,237,0.6962025316455697,190,132,31,27,0,0,0,103,-4.0635959171885725,21.7,0.05593136325478554,-0.012211767956614494,0.9774705767631531,-0.032706798426806925,35.217085123062134,1.481944638490677,0.14199450509622694,0.055017628116183916,0.345263671875,21.540061664581298,-1.280568540096283e-09,0.41031014919281006,0.00016581371545547593,-1.0493003129959106,0.2833024859428406,2421,0.622702419757843,1625,2.8216400146484375,50,nan,0,nan,0
439,1798144,32353.5,55.9,38.94,34.4,20,0.25,424,0.6886792452830188,187,127,31,25,4,0,0,92,-3.9798873312515046,22.122994652406415,0.03316537290811539,-0.011643759906291962,0.9836274981498718,-0.034269017283804715,34.651803159713744,1.475966078042984,0.13143672617152333,0.04268471991526894,0.32216796875,22.818318724632263,-1.4551915228366852e-09,0.3215153217315674,0.00016550665301944727,-1.0506227016448975,0.2975377142429352,2377,0.5509434342384338,1668,1.9089761972427368,51,nan,0,nan,0
440,1802240,32427.7,55.5,39.41,34.35,20,0.25,100,0.62,188,123,32,27,6,0,0,93,-4.143586592270358,21.70744680851064,0.018955402076244354,-0.010806701146066189,0.9808086156845093,-0.03064684900455177,34.74159333705902,1.4711560547351836,0.11716707404702902,0.058774199642357416,0.369873046875,20.187334108352662,-1.8044374883174896e-09,0.34433138370513916,0.0001651995905834186,-1.0515615940093994,0.2631016671657562,2429,0.5575361251831055,1637,1.170265793800354,30,nan,0,nan,0
441,1806336,32501.4,55.9,38.84,34.4,20,0.25,290,0.6689655172413793,190,132,36,19,3,0,0,108,-4.0102655747206795,21.710526315789473,0.055267639458179474,-0.012379435822367668,0.9800307154655457,-0.02591592271346599,35.07006814479828,1.4677625119686126,0.13900798158720135,0.0951138575328514,0.415478515625,24.367684102058412,-1.3969838619232178e-09,0.3893323540687561,0.00016489252814738998,-1.0525226593017578,0.26370537281036377,2408,0.6405344009399414,1663,3.0455987453460693,25,nan,0,nan,0
442,1810432,32575.5,55.7,39.23,34.34,20,0.25,480,0.6729166666666667,190,129,30,24,7,0,0,103,-4.01787484786553,21.25263157894737,0.046486951410770416,-0.011758812703192234,0.9746543765068054,-0.029563670977950096,36.66770286560059,1.4653551042079926,0.1341471270658076,0.06953752886038274,0.400537109375,19.401186561584474,-1.1641532182693481e-09,0.3504425287246704,0.0001645854657113613,-1.0525453090667725,0.27795788645744324,2473,0.6272159218788147,1595,1.9406553506851196,28,nan,0,nan,0
443,1814528,32648.8,56.2,38.54,34.37,20,0.25,154,0.6818181818181818,186,129,38,17,2,0,0,105,-3.759164010149566,22.14516129032258,0.036630477756261826,-0.012383141554892063,0.9795396327972412,-0.02596608845051378,34.48171062469483,1.4647650063037871,0.13632738273590803,0.07184059577411972,0.413623046875,21.713923072814943,-1.862645149230957e-09,0.38643330335617065,0.00016427840327533266,-1.0529272556304932,0.27057725191116333,2333,0.6504524350166321,1709,1.7305190563201904,54,nan,0,nan,0
444,1818624,32722.9,55.6,39.26,34.4,20,0.25,340,0.6941176470588235,186,131,25,22,8,0,0,99,-3.9919662002162184,21.86021505376344,0.06341385841369629,-0.010936591774225235,0.9790281057357788,-0.027019475877750665,34.96912150382995,1.4627135396003723,0.1365821368061006,0.0626503650972154,0.369775390625,20.068132448196412,-1.3969838619232178e-09,0.4024786949157715,0.00016397134083930397,-1.0536432266235352,0.2704421281814575,2461,0.5938982963562012,1596,2.86297869682312,39,nan,0,nan,0
445,1822720,32797.1,55.5,39.39,34.36,20,0.25,29,0.6896551724137931,201,140,31,23,7,0,0,111,-4.019507896638465,20.81094527363184,0.06615082174539566,-0.01059903483837843,0.9748395085334778,-0.028376615466549994,31.99074215888977,1.4586446821689605,0.12395854676142334,0.05595246260927524,0.35986328125,21.15727906227112,-1.3387762010097504e-09,0.3958107829093933,0.00016366427840327534,-1.0551620721817017,0.24956174194812775,2429,0.5426819920539856,1585,2.0668983459472656,82,nan,0,nan,0
446,1826816,32871.1,55.8,39.04,34.42,20,0.25,220,0.6954545454545454,191,133,35,21,2,0,0,105,-4.077774080428269,21.43455497382199,0.048505909740924835,-0.01049759704619646,0.97413569688797,-0.02639023116789758,34.1181969165802,1.453359693288803,0.11454689269885421,0.06969201525789685,0.382080078125,18.246622371673585,-1.5133991837501526e-09,0.4252336621284485,0.00016335721596724665,-1.0560338497161865,0.24806727468967438,2483,0.5609747171401978,1574,1.8207671642303467,39,nan,0,nan,0
447,1830912,32944.8,55.9,38.9,34.38,20,0.25,404,0.6683168316831684,184,117,35,24,8,0,0,99,-3.942474197960056,21.97826086956522,-0.02112516202032566,-0.013974279165267944,0.9849181771278381,-0.024801869108341635,42.05019862651825,1.4497406303882598,0.17118660463020205,0.12671927238989156,0.3771484375,25.863789987564086,-5.238689482212067e-10,0.3816305994987488,0.00016305015353121802,-1.0568311214447021,0.2782571315765381,2352,0.6552149653434753,1664,2.7664546966552734,80,nan,0,nan,0
448,1835008,33019.4,55.3,39.78,34.35,20,0.25,91,0.6923076923076923,199,143,27,24,5,0,0,111,-3.896329490461797,20.758793969849247,0.09108302742242813,-0.009772192686796188,0.9710033535957336,-0.034233956085518005,34.44370565414429,1.4481289088726044,0.11535233473405242,0.05137288313708268,0.34814453125,22.739483165740968,-4.656612873077393e-10,0.2947997450828552,0.00016274309109518933,-1.0569407939910889,0.2595663070678711,2460,0.5372201800346375,1607,2.597831964492798,29,nan,0,nan,0
449,1839104,33093.3,55.8,39.12,34.33,20,0.25,281,0.6903914590747331,190,131,33,21,5,0,0,110,-3.83799134204165,21.41578947368421,0.04286018759012222,-0.012090655043721199,0.9779825806617737,-0.03063329213182442,32.99255318641663,1.4472984671592712,0.12932956563308834,0.06328683270257898,0.389013671875,18.065132832527162,-1.0477378964424133e-09,0.4442565441131592,0.0001624360286591607,-1.057293176651001,0.27150797843933105,2440,0.5972389578819275,1566,1.5434056520462036,90,nan,0,nan,0
450,1843200,33167.6,55.5,39.41,34.34,20,0.25,471,0.7133757961783439,190,142,28,16,4,0,0,109,-4.072104998174145,21.694736842105264,0.10893471539020538,-0.009981529787182808,0.9743983745574951,-0.023901174287311734,30.461161625385284,1.4451996028423308,0.10979005619883538,0.04657535789301619,0.362109375,22.97269425392151,-2.561137080192566e-09,0.31818729639053345,0.000162128966223132,-1.0580108165740967,0.2497631162405014,2557,0.5481314659118652,1525,1.5973948240280151,14,nan,0,nan,0
451,1847296,33241.6,55.7,39.16,34.36,20,0.25,149,0.6577181208053692,190,127,34,26,3,0,0,96,-3.89258092701851,21.58421052631579,0.015463818795979023,-0.010386664420366287,0.9682539701461792,-0.027439731103368104,35.98174374103546,1.4425806522369384,0.11339416857808829,0.06890756653738209,0.379150390625,23.305754232406617,-1.6298145055770874e-09,0.3065749406814575,0.00016182190378710338,-1.05839204788208,0.2553499937057495,2373,0.5594109892845154,1699,0.9402955174446106,24,nan,0,nan,0
452,1851392,33315.4,55.8,39.03,34.35,20,0.25,339,0.6873156342182891,190,135,40,13,2,0,0,101,-4.05450306284034,21.489473684210527,0.07701611518859863,-0.010699348524212837,0.9723502397537231,-0.02838469548150897,31.517572736740114,1.4416173458099366,0.12030348321422935,0.044310794820194135,0.329345703125,26.19952311515808,-1.57160684466362e-09,0.42275571823120117,0.0001615148413510747,-1.0588104724884033,0.26036691665649414,2495,0.5608660578727722,1557,1.4016326665878296,44,nan,0,nan,0
453,1855488,33389.3,55.8,39.11,34.33,20,0.25,18,0.5555555555555556,191,129,33,25,4,0,0,101,-4.102405753730255,21.32460732984293,0.04114159196615219,-0.010589848272502422,0.9759283065795898,-0.03807210735976696,33.15581111907959,1.4388899862766267,0.11439808309078217,0.05266531914239749,0.354150390625,21.32401876449585,-1.5133991837501526e-09,0.3719816207885742,0.00016120777891504606,-1.0596966743469238,0.24923868477344513,2393,0.5607378482818604,1656,1.4235094785690308,47,nan,0,nan,0
454,1859584,33463.0,56.0,38.81,34.32,20,0.25,207,0.6714975845410628,189,129,34,22,4,0,0,105,-3.817218902231499,21.735449735449734,0.037821050733327866,-0.009990203194320202,0.9779882431030273,-0.038215094385668634,33.30032883882522,1.4343309342861175,0.10716298455372453,0.06436545849428513,0.373779296875,20.24525375366211,-1.3969838619232178e-09,0.4079166054725647,0.00016090071647901737,-1.0611257553100586,0.2498682290315628,2497,0.5206157565116882,1538,1.4528658390045166,61,nan,0,nan,0
455,1863680,33537.3,55.5,39.56,34.3,20,0.25,398,0.6834170854271356,191,133,30,25,3,0,0,102,-4.036785487089085,21.099476439790575,0.06538735330104828,-0.009815508499741554,0.9710627198219299,-0.03045086464844644,33.213948488235474,1.427540796995163,0.10700565790757537,0.08006339580751956,0.383251953125,20.512552905082703,-6.984919309616089e-10,0.36159539222717285,0.00016059365404298874,-1.0630216598510742,0.26338496804237366,2444,0.5206431746482849,1628,2.399942398071289,24,nan,0,nan,0
456,1867776,33611.1,55.9,39.01,34.28,20,0.25,75,0.5733333333333334,189,122,36,29,2,0,0,91,-3.8376352083077174,21.746031746031747,0.007449515163898468,-0.010971886105835438,0.9769644141197205,-0.03698449407238513,36.29957752227783,1.4206864953041076,0.1320899400860071,0.04744747476652265,0.32861328125,21.87837619781494,-5.820766091346741e-10,0.3532557487487793,0.00016028659160696005,-1.0645239353179932,0.25958630442619324,2404,0.5935179591178894,1661,2.4217958450317383,31,nan,0,nan,0
457,1871872,33685.5,55.4,39.65,34.28,20,0.25,272,0.6544117647058824,197,135,34,21,7,0,0,109,-3.9747369132839694,21.14720812182741,0.049824029207229614,-0.010418860241770744,0.9689664244651794,-0.01989199623349123,31.528291988372803,1.4149427533149719,0.1214829538948834,0.08704342112177983,0.405712890625,23.616011953353883,-1.280568540096283e-09,0.44260066747665405,0.00015997952917093142,-1.0658291578292847,0.25347092747688293,2557,0.5629563331604004,1496,3.065234422683716,43,nan,0,nan,0
458,1875968,33759.3,55.8,39.08,34.3,20,0.25,463,0.6889848812095032,191,141,28,21,1,0,0,103,-3.946668734573884,21.476439790575917,0.09270799905061722,-0.011507118120789528,0.9751600623130798,-0.01764243054203689,33.39804310798645,1.4108775019645692,0.1646871330216527,0.07725818525941577,0.394970703125,28.310232305526732,-1.6880221664905548e-09,0.44720572233200073,0.00015967246673490273,-1.0666062831878662,0.2859656512737274,2377,0.5688700675964355,1650,3.2764766216278076,69,nan,0,nan,0
459,1880064,33833.3,55.7,39.25,34.27,20,0.25,144,0.6805555555555556,193,127,31,33,2,0,0,88,-3.903886163516345,21.2279792746114,0.02415359765291214,-0.011959496885538101,0.9779656529426575,-0.033709996519610284,37.35397672653198,1.407672154903412,0.12797091836109759,0.038571243596379645,0.29931640625,27.428212642669678,-1.1641532182693481e-09,0.32190579175949097,0.0001593654042988741,-1.0674843788146973,0.26611751317977905,2445,0.6135378479957581,1605,1.5939635038375854,46,nan,0,nan,0
460,1884160,33906.9,56.0,38.82,34.27,20,0.25,333,0.6906906906906907,189,132,29,25,3,0,0,110,-4.14373948140705,21.703703703703702,0.07615361362695694,-0.008600722067058086,0.977220356464386,-0.03641568676102906,31.86357898712158,1.403629982471466,0.10502321105450392,0.05681634176580701,0.34638671875,21.906914472579956,-2.3865140974521637e-09,0.31302326917648315,0.0001590583418628454,-1.068662166595459,0.26414579153060913,2594,0.5431205034255981,1490,0.8662906289100647,12,nan,0,nan,0
461,1888256,33981.0,55.6,39.35,34.28,20,0.25,9,0.5555555555555556,188,132,31,22,3,0,0,96,-4.092599092035731,21.79255319148936,0.06543691456317902,-0.009570382535457611,0.9749232530593872,-0.01476596100255847,32.36838572025299,1.3980371475219726,0.10737804137170315,0.0910546020080801,0.4330078125,23.71253638267517,-5.820766091346741e-10,0.3782151937484741,0.00015875127942681678,-1.0701344013214111,0.2500157356262207,2523,0.5369924902915955,1548,1.8546576499938965,25,nan,0,nan,0
462,1892352,34055.0,55.7,39.34,34.23,20,0.25,198,0.6616161616161617,189,126,30,28,5,0,0,103,-3.8179956080675748,21.349206349206348,0.03180393576622009,-0.010726254433393478,0.975172758102417,-0.007681487943045795,34.80529208183289,1.3943473160266877,0.11541970307007432,0.08783001803967636,0.4419921875,20.96094207763672,-5.238689482212067e-10,0.4472578763961792,0.00015844421699078812,-1.0702886581420898,0.26132744550704956,2524,0.5644461512565613,1525,1.947798252105713,47,nan,0,nan,0
463,1896448,34128.4,56.1,38.73,34.27,20,0.25,386,0.6658031088082902,188,126,28,27,7,0,0,97,-4.043668031309482,21.96808510638298,0.03978468477725983,-0.011551255360245705,0.9785056114196777,-0.02688444182276726,34.6920601606369,1.3938141226768495,0.156074836011976,0.08076940261234995,0.397265625,25.623723936080932,-2.735760062932968e-09,0.4406353831291199,0.00015813715455475946,-1.070793867111206,0.26895633339881897,2526,0.5982241034507751,1523,4.534823417663574,47,nan,0,nan,0
464,1900544,34202.1,55.9,38.99,34.24,20,0.25,60,0.7166666666666667,186,141,31,8,6,0,0,114,-3.882656856984021,21.897849462365592,0.13647963106632233,-0.010224650613963604,0.9780051112174988,-0.033291838318109515,28.874029171466827,1.390877228975296,0.11877334928140044,0.05002336245379411,0.3220703125,23.62618296146393,-1.5133991837501526e-09,0.4059857726097107,0.0001578300921187308,-1.0718263387680054,0.2629595398902893,2536,0.5983278751373291,1549,1.4309210777282715,11,nan,0,nan,0
465,1904640,34276.7,55.3,39.91,34.22,20,0.25,258,0.7248062015503876,198,144,28,24,2,0,0,114,-3.94596458763261,20.833333333333332,0.11024311184883118,-0.01025017537176609,0.9792200922966003,-0.026921179401688276,30.93674440383911,1.3869060277938843,0.11161780366674065,0.05714904397900682,0.362109375,23.257693386077882,6.402842700481415e-10,0.3495553135871887,0.00015752302968270214,-1.0724852085113525,0.260190486907959,2476,0.5460691452026367,1606,1.342000126838684,14,nan,0,nan,0
466,1908736,34350.8,55.6,39.45,34.2,20,0.25,451,0.7361419068736141,193,145,27,15,6,0,0,118,-4.082217795907651,21.362694300518136,0.13126912713050842,-0.011929651722311974,0.9677171111106873,-0.03124948136974126,28.175586009025572,1.3847351670265198,0.12439058255404234,0.07576568593503907,0.41630859375,18.192867517471313,-2.561137080192566e-09,0.48126763105392456,0.00015721596724667348,-1.0730723142623901,0.2635065019130707,2423,0.5945541262626648,1585,1.9423638582229614,88,nan,0,nan,0
467,1912832,34424.5,56.0,38.89,34.27,20,0.25,129,0.7054263565891473,190,127,34,24,5,0,0,98,-3.9691780534240304,21.44736842105263,0.033798277378082275,-0.009541740640997887,0.9697900414466858,-0.02875658920966089,34.06546547412872,1.381088775396347,0.10624225828796625,0.05849247198493686,0.3642578125,24.98491768836975,-8.731149137020111e-10,0.35428839921951294,0.00015690890481064482,-1.0744006633758545,0.25335031747817993,2511,0.507874071598053,1560,1.7292970418930054,25,nan,0,nan,0
468,1916928,34498.3,55.8,39.13,34.21,20,0.25,313,0.7220447284345048,184,135,26,18,5,0,0,95,-3.9602404241486737,22.152173913043477,0.10758057236671448,-0.01021310593932867,0.9754601120948792,-0.0369423238793388,31.602761697769164,1.3762114346027374,0.11287703355774284,0.04039434499864001,0.303759765625,24.166909074783327,-1.2223608791828156e-09,0.33588385581970215,0.00015660184237461616,-1.0753636360168457,0.2514542043209076,2403,0.5261470079421997,1661,1.36423921585083,32,nan,0,nan,0
469,1921024,34572.0,56.0,38.92,34.26,20,0.25,506,0.7292490118577075,193,143,27,14,9,0,0,107,-4.003413657837772,21.17098445595855,0.12348759919404984,-0.009814055636525154,0.9689981937408447,-0.03701461681630462,30.388061130046843,1.372311818599701,0.10896082669496536,0.04314820519357454,0.30830078125,22.96122498512268,-1.0477378964424133e-09,0.331989586353302,0.0001562947799385875,-1.0762766599655151,0.25165319442749023,2521,0.5094007253646851,1561,1.9897792339324951,14,nan,0,nan,0
470,1925120,34646.3,55.5,39.6,34.2,20,0.25,189,0.798941798941799,195,156,22,13,4,0,0,121,-4.076089068787748,21.025641025641026,0.19616913795471191,-0.008587252348661423,0.9705203771591187,-0.03230737987905741,28.553113281726837,1.3695935308933258,0.09540449306368828,0.044146933517185974,0.3173828125,26.797174644470214,-2.0954757928848267e-09,0.2783917188644409,0.00015598771750255884,-1.0768206119537354,0.24293726682662964,2460,0.5120435953140259,1615,1.815295934677124,21,nan,0,nan,0
471,1929216,34720.2,55.8,39.26,34.2,20,0.25,380,0.7552631578947369,191,136,33,15,7,0,0,103,-4.198916870407295,21.345549738219894,0.09948241710662842,-0.009751895442605019,0.9743918180465698,-0.017794672050513327,32.0347172498703,1.366479766368866,0.10565542932599783,0.073062449489953,0.39267578125,33.87264428138733,-2.3283064365386963e-09,0.3802410960197449,0.00015568065506653018,-1.0777363777160645,0.2588382363319397,2522,0.5690498948097229,1549,1.7519822120666504,25,nan,0,nan,0
472,1933312,34793.8,56.0,38.96,34.22,20,0.25,56,0.6428571428571429,188,132,33,20,3,0,0,101,-4.195583244201582,21.70744680851064,0.08435843884944916,-0.011666374281048775,0.9777379631996155,-0.03430968821048737,35.05953669548035,1.363916277885437,0.13024602541700006,0.05127684683538973,0.353515625,24.893353748321534,-1.5133991837501526e-09,0.385359525680542,0.00015537359263050152,-1.0782673358917236,0.2430790811777115,2482,0.6083395481109619,1580,2.4406449794769287,34,nan,0,nan,0
473,1937408,34867.8,55.7,39.35,34.24,20,0.25,253,0.6877470355731226,197,138,39,15,5,0,0,103,-4.114740551005546,21.04568527918782,0.09562868624925613,-0.009818029589951038,0.9753782749176025,-0.037176330713555215,33.37870564460754,1.360095077753067,0.10507836258038879,0.06775143487611786,0.380859375,19.33475227355957,-1.5133991837501526e-09,0.3831685781478882,0.00015506653019447286,-1.0797102451324463,0.25741976499557495,2504,0.5262700319290161,1558,2.194965362548828,34,nan,0,nan,0
474,1941504,34942.0,55.5,39.54,34.26,20,0.25,446,0.7152466367713004,193,145,23,21,4,0,0,113,-4.161244750931132,21.150259067357513,0.14561372995376587,-0.008874934166669846,0.9674609303474426,-0.028129183524288236,27.93382462263107,1.354822313785553,0.10458891727030277,0.12931348353158684,0.428515625,18.46130151748657,-3.3760443329811096e-09,0.3648371696472168,0.0001547594677584442,-1.0806334018707275,0.24583323299884796,2601,0.5041083097457886,1490,1.2842272520065308,5,nan,0,nan,0
475,1945600,35015.4,56.1,38.7,34.25,20,0.25,126,0.7301587301587301,192,139,23,20,10,0,0,105,-3.9356702051955277,21.369791666666668,0.10339435935020447,-0.010475579649209976,0.9738729596138,-0.027787688374519347,31.32356345653534,1.351926362514496,0.11644557509571314,0.07845887969306205,0.394384765625,23.79756736755371,-2.5029294192790985e-09,0.3324626684188843,0.00015445240532241554,-1.0812721252441406,0.25110477209091187,2461,0.5703598856925964,1606,1.2401697635650635,29,nan,0,nan,0
476,1949696,35088.8,56.2,38.68,34.2,20,0.25,320,0.7375,194,144,24,22,4,0,0,117,-3.928659058580204,21.324742268041238,0.12283723801374435,-0.00988723523914814,0.964377224445343,-0.035043669119477275,28.339940452575682,1.349666804075241,0.10998800741508603,0.06709457233082503,0.390673828125,20.08238081932068,-1.6298145055770874e-09,0.4306252598762512,0.00015414534288638688,-1.081761360168457,0.23980635404586792,2505,0.527967095375061,1544,1.7646892070770264,47,nan,0,nan,0
477,1953792,35163.3,55.3,39.79,34.23,20,0.25,0,,192,140,24,20,8,0,0,110,-4.26429586595019,21.057291666666668,0.1258123368024826,-0.009731868281960487,0.9754098653793335,-0.026490981876850127,29.58665986061096,1.346927958726883,0.11020394954830408,0.0563729289220646,0.353564453125,20.42183530330658,-1.9208528101444244e-09,0.36981457471847534,0.00015383828045035822,-1.0826869010925293,0.24377962946891785,2600,0.5541809797286987,1472,2.0197737216949463,24,nan,0,nan,0
478,1957888,35237.2,55.8,39.21,34.18,20,0.25,193,0.694300518134715,193,134,33,23,3,0,0,106,-4.027145510807065,21.29015544041451,0.08641184866428375,-0.009305786341428757,0.9741224646568298,-0.019467762182466687,34.0611367225647,1.3430985033512115,0.10382577208802105,0.07109622104035225,0.4119140625,20.73557686805725,-3.0850060284137726e-09,0.3470209836959839,0.00015353121801432956,-1.0836052894592285,0.2567996084690094,2422,0.5359825491905212,1612,1.3850728273391724,62,nan,0,nan,0
479,1961984,35310.5,56.2,38.65,34.22,20,0.25,384,0.7005208333333334,191,135,28,25,3,0,0,103,-4.058782922836227,21.240837696335078,0.09680340439081192,-0.009893039241433144,0.9687579870223999,-0.03792301998473704,30.99404618740082,1.3398750722408295,0.11760953022167087,0.07236317421484273,0.395947265625,17.638017988204957,-7.566995918750763e-10,0.4104006290435791,0.0001532241555783009,-1.0842044353485107,0.27506518363952637,2507,0.5291231870651245,1552,2.3981144428253174,37,nan,0,nan,0
480,1966080,35384.7,55.5,39.66,34.18,20,0.25,68,0.7205882352941176,196,140,23,26,7,0,0,112,-3.887259847135591,21.06122448979592,0.10256529599428177,-0.009557876735925674,0.9692307710647583,-0.032328430516645315,29.89195034503937,1.3376781344413757,0.10519707268103957,0.07441856452496723,0.3849609375,17.213726329803468,-1.8044374883174896e-09,0.3609399199485779,0.00015291709314227227,-1.0848710536956787,0.26168060302734375,2564,0.519585132598877,1519,1.3410757780075073,13,nan,0,nan,0
481,1970176,35458.6,55.8,39.16,34.21,20,0.25,255,0.6901960784313725,187,127,34,20,6,0,0,107,-4.081540345576005,21.93048128342246,0.0549335777759552,-0.010160088539123535,0.9744179844856262,-0.016311914892867208,32.26798660755158,1.3342811346054078,0.11326606944203377,0.07307875713740941,0.40654296875,24.482861876487732,-2.153683453798294e-09,0.3668971657752991,0.00015261003070624358,-1.08584463596344,0.26720836758613586,2529,0.5447500348091125,1558,1.9241060018539429,9,nan,0,nan,0
482,1974272,35532.5,55.8,39.25,34.19,20,0.25,444,0.6914414414414415,189,131,36,19,3,0,0,102,-3.8755031917842238,21.634920634920636,0.07852887362241745,-0.009738929569721222,0.975684642791748,-0.033004617784172297,31.868178761005403,1.3302080869674682,0.10443761991336942,0.06069172627467197,0.36337890625,25.12109479904175,-2.561137080192566e-09,0.35546761751174927,0.00015230296827021495,-1.0870649814605713,0.3140827417373657,2503,0.5457906126976013,1568,1.0337059497833252,25,nan,0,nan,0
483,1978368,35605.9,56.1,38.82,34.18,20,0.25,114,0.6754385964912281,182,123,33,22,4,0,0,97,-4.14032783628825,22.34065934065934,0.05792468413710594,-0.009792052209377289,0.9690853357315063,-0.030267891846597193,32.485362672805785,1.3249429523944856,0.10710382768884301,0.0729800299537601,0.3548828125,21.708742237091066,-1.280568540096283e-09,0.34889739751815796,0.00015199590583418626,-1.0882980823516846,0.24748927354812622,2498,0.545364499092102,1566,1.5087518692016602,32,nan,0,nan,0
484,1982464,35679.2,56.2,38.64,34.22,20,0.25,302,0.6754966887417219,188,127,40,18,3,0,0,96,-4.188150220231263,22.02127659574468,0.057841431349515915,-0.009759396314620972,0.9695496559143066,-0.03254473104607314,33.15546324253082,1.3205411374568938,0.10777733391150832,0.059070440774667075,0.381689453125,21.09632878303528,-7.566995918750763e-10,0.37000924348831177,0.00015168884339815763,-1.0892882347106934,0.24772658944129944,2546,0.5456162691116333,1521,0.9779748320579529,29,nan,0,nan,0
485,1986560,35753.5,55.5,39.66,34.15,20,0.25,495,0.6585858585858586,193,122,36,31,4,0,0,93,-4.084064578060579,21.23316062176166,0.015567909926176071,-0.010055193677544594,0.9769408106803894,-0.02992041174438782,35.990974807739256,1.3159027457237245,0.10774786686524748,0.045838990376796576,0.32548828125,27.25628204345703,-5.820766091346741e-10,0.35744571685791016,0.00015138178096212894,-1.090786099433899,0.24981391429901123,2518,0.5120528340339661,1568,1.5566387176513672,10,nan,0,nan,0
486,1990656,35827.2,55.9,39.05,34.17,20,0.25,173,0.7283236994219653,190,138,29,21,2,0,0,102,-4.044258968570694,21.66842105263158,0.10327029973268509,-0.009523710235953331,0.9767025113105774,-0.04033880818169564,31.085874330997466,1.310694020986557,0.1023449338041246,0.04461834059038665,0.315966796875,23.627435398101806,-2.0954757928848267e-09,0.32592493295669556,0.0001510747185261003,-1.091660499572754,0.24204668402671814,2461,0.5281863212585449,1615,1.0562926530838013,20,nan,0,nan,0
487,1994752,35900.9,55.9,39.1,34.18,20,0.25,360,0.7,187,126,35,23,3,0,0,81,-4.236248802079917,21.78609625668449,0.05098870396614075,-0.009412610903382301,0.9746738076210022,-0.03638773115817458,34.16484212875366,1.3080571949481965,0.10385776618495583,0.04344701033260208,0.32509765625,20.245170307159423,-2.2118911147117615e-09,0.3337048292160034,0.00015076765609007162,-1.0922017097473145,0.25763338804244995,2437,0.5375635623931885,1627,1.1436305046081543,32,nan,0,nan,0
488,1998848,35974.3,56.2,38.7,34.2,20,0.25,37,0.5945945945945946,189,120,41,25,3,0,0,97,-3.8919324704586633,21.6984126984127,0.027872156351804733,-0.009273733012378216,0.9713335037231445,-0.029706628550775348,35.938896560668944,1.306012761592865,0.11100586066022515,0.0665271284757182,0.371630859375,22.74884843826294,-9.313225746154785e-10,0.3997277617454529,0.000150460593654043,-1.0926706790924072,0.2527128756046295,2434,0.5247111320495605,1615,2.2892017364501953,47,nan,0,nan,0
489,2002944,36047.6,56.2,38.7,34.18,20,0.25,225,0.6577777777777778,188,126,35,23,4,0,0,98,-4.017023046376817,21.75531914893617,0.048784222453832626,-0.009838296100497246,0.9708290696144104,-0.03271786416880786,34.14760205745697,1.3040882647037506,0.10685238847509027,0.05187769444019068,0.362060546875,22.835714769363403,-8.731149137020111e-10,0.3642365336418152,0.0001501535312180143,-1.0931448936462402,0.2561732530593872,2487,0.528073251247406,1583,1.123549222946167,26,nan,0,nan,0
490,2007040,36121.8,55.5,39.6,34.17,20,0.25,420,0.7166666666666667,195,153,20,20,2,0,0,120,-3.903344524740824,20.91794871794872,0.1893739253282547,-0.007561298552900553,0.9694949984550476,-0.020827027689665555,28.918847215175628,1.301950317621231,0.08611059528775514,0.06679038224974647,0.377587890625,30.925706958770753,-1.5133991837501526e-09,0.2977047562599182,0.00014984646878198567,-1.0938271284103394,0.238956481218338,2570,0.454500675201416,1502,1.3211663961410522,24,nan,0,nan,0
491,2011136,36195.4,56.1,38.87,34.2,20,0.25,91,0.6923076923076923,183,125,35,19,4,0,0,97,-3.9886805843648534,22.327868852459016,0.049711089581251144,-0.011256925761699677,0.9764886498451233,-0.0278525255038403,34.82610168457031,1.2989305913448335,0.11961336759850383,0.04704272417002357,0.336865234375,24.745804214477538,-2.7939677238464355e-09,0.37229692935943604,0.000149539406345957,-1.0946800708770752,0.2701636254787445,2388,0.5666443705558777,1651,1.732862114906311,57,nan,0,nan,0
492,2015232,36268.8,56.1,38.79,34.2,20,0.25,289,0.7024221453287197,198,140,33,20,5,0,0,108,-4.009069797337805,20.82323232323232,0.10038206726312637,-0.009732621721923351,0.9689584374427795,-0.029393133940175176,31.892561304569245,1.295469731092453,0.11399021456018091,0.049676655977964404,0.325341796875,30.065816259384157,-2.0954757928848267e-09,0.34789836406707764,0.00014923234390992835,-1.095416784286499,0.25092002749443054,2542,0.5249789357185364,1529,2.0493199825286865,25,nan,0,nan,0
493,2019328,36342.9,55.6,39.5,34.17,20,0.25,478,0.7092050209205021,189,136,23,27,3,0,0,109,-4.0450926084202,21.476190476190474,0.11119666695594788,-0.009063324891030788,0.9692859053611755,-0.03791449578129687,29.957238054275514,1.292938733100891,0.10205984096974134,0.6031835913105169,0.388671875,19.095834016799927,-3.14321368932724e-09,0.3226394057273865,0.0001489252814738997,-1.0960683822631836,0.24701321125030518,2572,0.5221344232559204,1510,0.615402102470398,14,nan,0,nan,0
494,2023424,36416.8,55.8,39.27,34.18,20,0.25,159,0.6918238993710691,193,137,29,22,5,0,0,107,-3.9914968255080137,21.39378238341969,0.10213898867368698,-0.009829573333263397,0.9741224646568298,-0.03428945079795085,31.883773589134215,1.2893908977508546,0.10990552855655551,0.06556478911370504,0.37216796875,23.017766427993774,-8.731149137020111e-10,0.34540456533432007,0.00014861821903787103,-1.0971436500549316,0.2525785565376282,2486,0.5390879511833191,1591,1.4649806022644043,19,nan,0,nan,0
495,2027520,36490.0,56.3,38.55,34.17,20,0.25,350,0.6971428571428572,191,134,29,23,5,0,0,104,-4.000949323097236,21.38219895287958,0.08891622722148895,-0.010698480531573296,0.9731113910675049,-0.024087486462667583,33.63050978183746,1.284782737493515,0.12956499867141247,0.06954698521876708,0.386962890625,23.698732614517212,2.3283064365386963e-10,0.3900461792945862,0.00014831115660184237,-1.0982153415679932,0.24873118102550507,2470,0.588172197341919,1587,2.755596876144409,39,nan,0,nan,0
496,2031616,36563.6,56.0,39.0,34.15,20,0.25,29,0.896551724137931,191,138,24,24,5,0,0,101,-3.9893949180272616,21.38219895287958,0.1085330992937088,-0.011331027373671532,0.978489100933075,-0.031839293777011335,30.51969337463379,1.280301421880722,0.11911865193396806,0.07078014880535193,0.3873046875,18.990592193603515,-2.9103830456733704e-09,0.4116052985191345,0.0001480040941658137,-1.0998625755310059,0.28667953610420227,2471,0.5851284861564636,1574,2.1581809520721436,51,nan,0,nan,0
497,2035712,36637.3,56.0,38.98,34.2,20,0.25,222,0.6711711711711712,193,123,39,27,4,0,0,99,-4.141466469427838,21.378238341968913,0.04126030206680298,-0.010220682248473167,0.9692544341087341,-0.013733246410265566,35.05491396188736,1.273560529947281,0.11348141459748148,0.06985004685702734,0.414794921875,29.285741233825682,-1.7462298274040222e-09,0.3453812599182129,0.00014769703172978505,-1.1009318828582764,0.2520214915275574,2535,0.5580959320068359,1533,2.0363285541534424,28,nan,0,nan,0
498,2039808,36710.7,56.1,38.79,34.18,20,0.25,415,0.6939759036144578,193,139,29,21,4,0,0,108,-4.095285363383242,21.38860103626943,0.11560127884149551,-0.008443995378911495,0.9715603590011597,-0.03913313141092658,32.568885397911075,1.269596564769745,0.091370037663728,0.07352316153701395,0.409423828125,20.64442205429077,-2.2118911147117615e-09,0.3156886100769043,0.0001473899692937564,-1.1024043560028076,0.25519829988479614,2493,0.49119365215301514,1575,1.302827000617981,28,nan,0,nan,0
499,2043904,36784.5,55.8,39.18,34.16,20,0.25,93,0.7526881720430108,190,144,18,21,7,0,0,111,-4.004177336591474,21.373684210526317,0.14565908908843994,-0.008970137685537338,0.9743983745574951,-0.03521742324810475,32.57808126211167,1.2633118093013764,0.09793434366583824,0.044748624475323594,0.307861328125,27.016088247299194,-1.1059455573558807e-09,0.23469597101211548,0.00014708290685772773,-1.1038506031036377,0.25660330057144165,2492,0.4832821786403656,1584,1.7046207189559937,20,nan,0,nan,0
500,2048000,36858.6,55.6,39.46,34.2,20,0.25,284,0.7535211267605634,191,144,26,17,4,0,0,110,-4.104820574850094,21.198952879581153,0.14983654022216797,-0.008806644007563591,0.9641485214233398,-0.03192640106426552,28.717701733112335,1.258394980430603,0.10398963764309883,0.07926934387214715,0.397119140625,24.917248487472534,-1.367880031466484e-09,0.42568153142929077,0.00014677584442169907,-1.104753017425537,0.23349355161190033,2599,0.519601583480835,1460,2.5610909461975098,37,nan,0,nan,0
501,2052096,36932.2,56.1,38.88,34.16,20,0.25,475,0.7452631578947368,191,140,27,23,1,0,0,110,-4.058584888109229,21.534031413612567,0.12497662007808685,-0.010326620191335678,0.9695262312889099,-0.03385410368209705,31.793271708488465,1.2554098904132842,0.11165486620739103,0.05340682919486426,0.342236328125,21.53481285572052,-1.280568540096283e-09,0.36634939908981323,0.0001464687819856704,-1.1054270267486572,0.24358780682086945,2374,0.5457354784011841,1668,1.5886247158050537,54,nan,0,nan,0
502,2056192,37005.7,56.0,38.92,34.19,20,0.25,154,0.7077922077922078,191,135,29,23,4,0,0,117,-4.156110380636242,21.680628272251308,0.10924051702022552,-0.010048379190266132,0.9713188409805298,-0.035441379016265276,30.84355870485306,1.2531779646873473,0.1127632453572005,0.09986977355438284,0.41376953125,16.899499940872193,-1.1641532182693481e-10,0.36402231454849243,0.00014616171954964175,-1.1059849262237549,0.2549990117549896,2438,0.5422956347465515,1643,1.4543136358261108,15,nan,0,nan,0
503,2060288,37079.5,55.9,39.1,34.17,20,0.25,344,0.7238372093023255,190,140,30,15,5,0,0,112,-3.930689797657952,21.605263157894736,0.12853507697582245,-0.010504067875444889,0.9767025113105774,-0.039183888398110864,30.97800406217575,1.2507703125476837,0.1357138516381383,0.05054197040590225,0.346728515625,24.801203441619872,-5.529727786779404e-10,0.35377585887908936,0.0001458546571136131,-1.10642671585083,0.25391507148742676,2392,0.5909334421157837,1691,1.2249634265899658,13,nan,0,nan,0
504,2064384,37153.4,55.7,39.28,34.19,20,0.25,27,0.7037037037037037,195,149,21,18,7,0,0,122,-4.0117869432736155,20.6974358974359,0.16745424270629883,-0.00911652110517025,0.9682132601737976,-0.027627897285856306,28.60968588590622,1.2485275626182557,0.10292826220393181,0.06639491816458758,0.381982421875,22.341387915611268,-1.6880221664905548e-09,0.38612473011016846,0.00014554759467758443,-1.1073665618896484,0.24203412234783173,2489,0.5168414115905762,1587,1.5805432796478271,20,nan,0,nan,0
505,2068480,37227.0,56.0,39.01,34.17,20,0.25,214,0.6635514018691588,187,123,26,31,7,0,0,96,-4.024586031302303,21.871657754010695,0.0520033985376358,-0.011290209367871284,0.973906397819519,-0.031664236751385036,34.35635211467743,1.2437378525733949,0.12228293614462019,0.060930606251349675,0.353759765625,22.025128030776976,-2.9103830456733704e-09,0.376518189907074,0.00014524053224155577,-1.1087719202041626,0.25784048438072205,2387,0.5578194260597229,1644,1.8713455200195312,65,nan,0,nan,0
506,2072576,37300.6,56.0,38.99,34.16,20,0.25,403,0.6873449131513648,189,135,24,24,6,0,0,111,-4.1009565350966,21.915343915343914,0.10892432183027267,-0.00934441015124321,0.9741489887237549,-0.029882422267110086,32.49862377643585,1.2377735495567321,0.10723294047638773,0.07187619210453704,0.3720703125,24.199187707901,-2.6775524020195007e-09,0.33100998401641846,0.0001449334698055271,-1.110149621963501,0.24217168986797333,2502,0.540149450302124,1575,1.2443491220474243,19,nan,0,nan,0
507,2076672,37374.5,55.8,39.23,34.22,20,0.25,80,0.7375,189,143,24,19,3,0,0,120,-3.951968410298794,21.67195767195767,0.14874732494354248,-0.009724192321300507,0.9787560701370239,-0.03019904186949134,31.109359002113344,1.2333268344402313,0.10567472474649549,0.0828769701125566,0.4115234375,25.935827350616456,-2.9103830456733704e-09,0.29240572452545166,0.00014462640736949845,-1.1109592914581299,0.26525744795799255,2543,0.5254563093185425,1544,1.5969390869140625,9,nan,0,nan,0
508,2080768,37448.5,55.7,39.36,34.21,20,0.25,272,0.7169117647058824,192,136,24,30,2,0,0,109,-4.133389404209792,21.572916666666668,0.10261523723602295,-0.009640474803745747,0.969774603843689,-0.03755761669017375,31.213865804672242,1.2309166967868805,0.1091198950074613,0.05444653763261158,0.337841796875,21.099036550521852,-1.2223608791828156e-09,0.36604100465774536,0.0001443193449334698,-1.1114840507507324,0.24974726140499115,2469,0.5616974234580994,1609,0.8761246800422668,18,nan,0,nan,0
509,2084864,37522.2,55.9,39.08,34.2,20,0.25,456,0.706140350877193,184,127,31,23,3,0,0,99,-3.7206988041468216,22.233695652173914,0.06382427364587784,-0.010398129001259804,0.9729039072990417,-0.03692433836404234,34.498405766487124,1.2289373099803924,0.11470312783494592,0.05577749430667609,0.33271484375,24.580093908309937,-1.862645149230957e-09,0.3199186325073242,0.00014401228249744113,-1.1120011806488037,0.2772220969200134,2461,0.5416234135627747,1625,2.011033535003662,10,nan,0,nan,0
510,2088960,37596.4,55.5,39.55,34.21,20,0.25,135,0.762962962962963,191,144,25,20,2,0,0,126,-4.151735492104821,21.25130890052356,0.16194935142993927,-0.008731181733310223,0.9641485214233398,-0.03878088854253292,27.51568717956543,1.227237695455551,0.10334153012372553,0.06415360731189139,0.347216796875,20.68763461112976,-3.4924596548080444e-10,0.39989346265792847,0.00014370522006141247,-1.1122515201568604,0.25400903820991516,2613,0.4898502826690674,1448,1.8026020526885986,35,nan,0,nan,0
511,2093056,37670.5,55.7,39.44,34.15,20,0.25,325,0.7538461538461538,190,142,23,22,3,0,0,110,-3.811545613160041,21.594736842105263,0.13989992439746857,-0.009374894201755524,0.9641577005386353,-0.02620002501644194,29.02108504772186,1.225444310903549,0.1095786115154624,0.06960755933832843,0.36826171875,24.47272660732269,-1.1059455573558807e-09,0.3843109607696533,0.0001433981576253838,-1.1129846572875977,0.2344890981912613,2475,0.49078378081321716,1576,2.129398822784424,45,nan,0,nan,0
512,2097152,37744.8,55.5,39.71,34.16,20,0.25,5,0.6,192,150,16,24,2,0,0,116,-4.030936326109429,21.260416666666668,0.18805861473083496,-0.009245176799595356,0.9720799326896667,-0.02524523715255782,27.209429681301117,1.2228424489498138,0.10024716900661587,0.1154981399566168,0.45166015625,23.823357009887694,-1.862645149230957e-09,0.3557509779930115,0.00014309109518935515,-1.1134353876113892,0.2618585526943207,2611,0.5140290856361389,1451,1.7443088293075562,34,nan,0,nan,0
513,2101248,37818.7,55.7,39.41,34.14,20,0.25,196,0.6683673469387755,191,128,30,26,7,0,0,97,-4.183942968146518,21.49738219895288,0.048998646438121796,-0.01255740225315094,0.9708066582679749,0.01909861813765019,44.33267332315445,1.2205900132656098,0.2678996426984668,0.13842365596356104,0.477197265625,33.51172423362732,-2.9976945370435715e-09,0.4086281657218933,0.0001427840327533265,-1.114199161529541,0.2815445363521576,2522,0.6837515234947205,1525,6.997865200042725,49,nan,0,nan,0
514,2105344,37892.9,55.6,39.54,34.13,20,0.25,387,0.6770025839793282,191,131,25,26,9,0,0,107,-4.064057401688085,21.287958115183248,0.07544733583927155,-0.011477019637823105,0.9777208566665649,-0.034259722614660856,33.58360590934753,1.2176738917827605,0.13168806452304124,0.0986979442925076,0.356494140625,21.5063410282135,-2.066371962428093e-09,0.40226876735687256,0.00014247697031729783,-1.1149548292160034,0.2824305295944214,2557,0.6536446809768677,1486,2.541804075241089,53,nan,0,nan,0
515,2109440,37966.7,55.8,39.21,34.15,20,0.25,63,0.6507936507936508,188,127,28,31,2,0,0,101,-3.9996082677930693,21.867021276595743,0.07346594333648682,-0.010021725669503212,0.9764585494995117,-0.03990345930214971,31.24711916446686,1.2142031073570252,0.10710219107568264,0.054432335583260286,0.283544921875,27.727501916885377,-1.8044374883174896e-09,0.3934418559074402,0.00014216990788126917,-1.1158950328826904,0.2681860029697418,2487,0.584100604057312,1586,1.428296446800232,23,nan,0,nan,0
516,2113536,38040.0,56.2,38.68,34.19,20,0.25,263,0.7186311787072244,200,148,26,19,7,0,0,115,-4.045044812088002,20.5,0.14861774444580078,-0.008703222498297691,0.9738193154335022,-0.038738598150666805,30.469011855125427,1.211230844259262,0.09594041788950562,0.08780947373743402,0.404931640625,18.779127979278563,-2.5320332497358322e-09,0.32920557260513306,0.0001418628454452405,-1.1162261962890625,0.23853498697280884,2537,0.505420982837677,1541,0.9964107871055603,18,nan,0,nan,0
517,2117632,38113.4,56.1,38.81,34.14,20,0.25,450,0.7177777777777777,187,134,31,19,3,0,0,104,-4.0507795841431715,21.877005347593585,0.10082591325044632,-0.012371744960546494,0.9744179844856262,-0.04022420214023441,32.309031343460084,1.2096234381198883,0.1326352388598025,0.0921515515219653,0.374609375,21.61608076095581,-3.899913281202316e-09,0.4172884225845337,0.00014155578300921185,-1.117090106010437,0.2540891170501709,2410,0.6388870477676392,1611,1.931729793548584,75,nan,0,nan,0
518,2121728,38186.9,56.1,38.94,34.12,20,0.25,134,0.6716417910447762,196,139,23,28,6,0,0,115,-4.129827213483301,21.06122448979592,0.11552990972995758,-0.009089117869734764,0.9682051539421082,-0.03390185964526608,32.075700795650484,1.204807037115097,0.1010466658975929,0.06384817089128773,0.346875,21.941279220581055,-1.862645149230957e-09,0.3514615297317505,0.0001412487205731832,-1.1183263063430786,0.2426636815071106,2569,0.5069443583488464,1505,1.4899985790252686,22,nan,0,nan,0
519,2125824,38260.8,55.8,39.35,34.11,20,0.25,323,0.6842105263157895,189,131,22,33,3,0,0,98,-4.105844723986985,21.38095238095238,0.08869601786136627,-0.009998882189393044,0.9764525294303894,-0.023702453728765248,34.34198982715607,1.1997203826904297,0.11353526441380382,0.13438703248975797,0.411083984375,23.944436645507814,-9.313225746154785e-10,0.38082849979400635,0.00014094165813715453,-1.1196107864379883,0.25421467423439026,2499,0.5431655049324036,1550,1.437057614326477,47,nan,0,nan,0
520,2129920,38334.8,55.7,39.34,34.16,20,0.25,3,0.3333333333333333,192,136,26,28,2,0,0,111,-4.062232680602418,21.364583333333332,0.11295036971569061,-0.010071748867630959,0.9707992076873779,-0.02405743459239602,30.995533323287965,1.1969103872776032,0.1077265165746212,0.0751487408982939,0.400537109375,26.297116422653197,-2.473825588822365e-09,0.36993908882141113,0.00014063459570112587,-1.119673728942871,0.27046358585357666,2514,0.5480750799179077,1552,1.904707670211792,30,nan,0,nan,0
521,2134016,38408.8,55.7,39.38,34.12,20,0.25,195,0.7128205128205128,192,138,21,26,7,0,0,106,-3.9823249460317465,21.354166666666668,0.11782420426607132,-0.010024256072938442,0.9710553288459778,-0.03487693881615996,32.65858154296875,1.1962215542793273,0.10502738188952207,0.0770413547186763,0.410400390625,18.890207862854005,-2.9976945370435715e-09,0.3426782488822937,0.00014032753326509721,-1.120250940322876,0.2680685222148895,2561,0.5628020167350769,1516,1.9896304607391357,19,nan,0,nan,0
522,2138112,38483.0,55.6,39.59,34.14,20,0.25,390,0.7076923076923077,195,137,27,25,6,0,0,111,-4.249709048765756,21.276923076923076,0.10767996311187744,-0.011133184656500816,0.9723147749900818,-0.03297199488151818,34.37226624488831,1.1921472430229187,0.1276202135719359,0.0822048953254125,0.40263671875,25.574459409713747,-2.473825588822365e-09,0.38080185651779175,0.00014002047082906855,-1.121549367904663,0.26258984208106995,2474,0.6011625528335571,1556,2.0871572494506836,66,nan,0,nan,0
523,2142208,38556.7,55.9,39.12,34.14,20,0.25,70,0.6571428571428571,192,137,28,23,4,0,0,114,-3.9743222789518016,21.171875,0.11508429050445557,-0.011519808322191238,0.9764344096183777,-0.02757195266894996,32.99413502216339,1.1880007565021515,0.1318936356343329,0.10044325957424008,0.362353515625,30.78976273536682,-2.9685907065868378e-09,0.3492037057876587,0.0001397134083930399,-1.1223158836364746,0.25815486907958984,2478,0.6046987771987915,1569,1.8387877941131592,49,nan,0,nan,0
524,2146304,38630.5,55.9,39.11,34.18,20,0.25,260,0.6692307692307692,190,128,27,28,7,0,0,100,-4.004201333519216,21.48421052631579,0.07259280234575272,-0.01139073446393013,0.9697900414466858,-0.04013603632338345,32.23366124629975,1.1847573280334474,0.12379988096654415,0.14018471584568032,0.414208984375,17.320864868164062,-1.949956640601158e-09,0.3756639361381531,0.00013940634595701123,-1.1232781410217285,0.27022090554237366,2491,0.5843878388404846,1569,2.347041130065918,36,nan,0,nan,0
525,2150400,38704.2,55.8,39.18,34.17,20,0.25,450,0.6933333333333334,190,138,27,20,5,0,0,108,-3.880200272293124,21.657894736842106,0.11158767342567444,-0.010093560442328453,0.9723502397537231,-0.030084700044244527,33.593725419044496,1.180825412273407,0.11408636886626482,0.07469490650983061,0.3912109375,22.77691307067871,-2.852175384759903e-09,0.30751436948776245,0.00013909928352098257,-1.1240770816802979,0.25857043266296387,2470,0.52732253074646,1572,2.139150381088257,54,nan,0,nan,0
526,2154496,38778.4,55.6,39.56,34.16,20,0.25,126,0.7142857142857143,188,135,25,22,6,0,0,106,-3.969190182083001,21.845744680851062,0.10183538496494293,-0.011607217602431774,0.9769703149795532,-0.032268478092737495,34.811657512187956,1.1783527433872223,0.16252660118043422,0.08016696877602954,0.366064453125,21.263282680511473,-4.132743924856186e-09,0.45989614725112915,0.00013879222108495391,-1.1246306896209717,0.2632591426372528,2555,0.619327962398529,1464,3.4453094005584717,77,nan,0,nan,0
527,2158592,38852.6,55.5,39.67,34.13,20,0.25,320,0.74375,194,148,26,18,2,0,0,117,-4.033378525665759,20.922680412371133,0.1767880618572235,-0.009178617969155312,0.9669400453567505,-0.03394165092613548,29.423426407575608,1.1763170301914214,0.10496951416134834,0.05961845993588213,0.37236328125,23.869954109191895,-2.9685907065868378e-09,0.3518310785293579,0.00013848515864892525,-1.1251447200775146,0.25713804364204407,2599,0.5399297475814819,1476,0.7637220025062561,21,nan,0,nan,0
528,2162688,38926.5,55.8,39.28,34.19,20,0.25,3,0.6666666666666666,195,137,22,30,6,0,0,104,-3.989386518585517,21.23076923076923,0.11632415652275085,-0.009618973359465599,0.9756472706794739,-0.042047401703894136,31.763658428192137,1.173568457365036,0.10545025765895844,0.06109988212410826,0.364501953125,18.893539953231812,-1.7462298274040222e-09,0.3217734098434448,0.0001381780962128966,-1.1259746551513672,0.2595643103122711,2577,0.5196690559387207,1491,1.0812088251113892,28,nan,0,nan,0
529,2166784,39000.5,55.7,39.42,34.12,20,0.25,195,0.6974358974358974,192,134,32,22,4,0,0,104,-3.839988555120146,21.265625,0.0939907431602478,-0.010271375998854637,0.9766905903816223,-0.031965046050027014,33.85885605812073,1.1693806946277618,0.11732377037405968,0.057206759508699176,0.3677734375,22.800231981277467,-1.1641532182693481e-10,0.36926835775375366,0.00013787103377686796,-1.127270221710205,0.25822144746780396,2565,0.5374019742012024,1511,3.0756137371063232,20,nan,0,nan,0
530,2170880,39074.1,56.0,39.06,34.13,20,0.25,389,0.7146529562982005,194,142,22,26,4,0,0,112,-3.7934520212715146,20.835051546391753,0.1327202171087265,-0.009128643199801445,0.9692465662956238,-0.03570145410485566,30.267197048664094,1.1648918092250824,0.10164439692161978,0.06151253987045493,0.3591796875,26.860148620605468,-2.852175384759903e-09,0.3272273540496826,0.0001375639713408393,-1.1280508041381836,0.24856652319431305,2529,0.5180399417877197,1546,1.4576114416122437,21,nan,0,nan,0
531,2174976,39148.1,55.7,39.39,34.13,20,0.25,70,0.6714285714285714,193,147,18,28,0,0,0,116,-3.839701036520337,21.559585492227978,0.1632181704044342,-0.009623715654015541,0.9692544341087341,-0.03849414744763635,28.200873768329622,1.1628312528133393,0.10968143986538052,0.052121442268253305,0.312255859375,27.0075581073761,-2.444721758365631e-09,0.38902944326400757,0.00013725690890481064,-1.1284675598144531,0.25334301590919495,2572,0.536255955696106,1473,1.4108996391296387,51,nan,0,nan,0
532,2179072,39222.5,55.4,39.77,34.14,20,0.25,261,0.7662835249042146,191,153,21,15,2,0,0,124,-3.953787435984954,21.397905759162303,0.20096880197525024,-0.009297181852161884,0.9649167656898499,-0.033557469956576824,25.41209932565689,1.1603545367717742,0.10382375214248896,0.1450925800425466,0.4470703125,17.63769176006317,-1.280568540096283e-09,0.40540605783462524,0.00013694984646878198,-1.1292266845703125,0.24905750155448914,2585,0.5010402202606201,1500,3.3845839500427246,11,nan,0,nan,0
533,2183168,39296.5,55.7,39.41,34.16,20,0.25,450,0.7666666666666667,189,145,25,17,2,0,0,118,-4.1025984492768846,21.534391534391535,0.17177839577198029,-0.010279870592057705,0.9618633389472961,-0.02622878160327673,31.136513805389406,1.1574666559696198,0.12392783942632377,0.1150768753796001,0.447216796875,21.438700342178343,-1.2514647096395493e-09,0.405134916305542,0.00013664278403275332,-1.1298515796661377,0.24475660920143127,2547,0.5628561973571777,1483,2.497610092163086,66,nan,0,nan,0
534,2187264,39369.5,56.5,38.34,34.2,20,0.25,131,0.7404580152671756,193,142,26,21,4,0,0,109,-3.8947478681640457,21.28497409326425,0.13132040202617645,-0.010860114358365536,0.9748911261558533,-0.024834560079034416,30.182550394535063,1.1553495049476623,0.12602654919028283,0.08606732967455173,0.396728515625,23.868052387237547,-3.346940502524376e-09,0.4036632180213928,0.00013633572159672466,-1.1304335594177246,0.2696247100830078,2446,0.5967614650726318,1602,1.1463953256607056,48,nan,0,nan,0
535,2191360,39443.8,55.4,39.79,34.13,20,0.25,317,0.7413249211356467,186,138,20,25,3,0,0,103,-4.011373375708641,21.919354838709676,0.13246898353099823,-0.009832112118601799,0.969565212726593,-0.027169686928391456,29.539922058582306,1.1521025240421294,0.10940297124907375,0.07283140700601506,0.417529296875,21.55583324432373,1.2223608791828156e-09,0.40391474962234497,0.000136028659160696,-1.1315112113952637,0.2566950023174286,2568,0.5461044311523438,1476,2.003502368927002,52,nan,0,nan,0
536,2195456,39517.4,56.0,38.97,34.15,20,0.25,507,0.7140039447731755,190,127,34,26,3,0,0,96,-3.8522857112637623,21.68421052631579,0.055577218532562256,-0.010206293314695358,0.9751664400100708,-0.036537803296232595,35.93201308250427,1.1476463079452515,0.11786206793040037,0.048480802404810674,0.339892578125,26.155776977539062,-6.984919309616089e-10,0.39909738302230835,0.00013572159672466734,-1.1324905157089233,0.24876970052719116,2476,0.543332576751709,1581,2.2195940017700195,39,nan,0,nan,0
537,2199552,39591.2,55.9,39.17,34.16,20,0.25,185,0.7351351351351352,190,139,20,30,1,0,0,109,-3.7893344824977087,21.63157894736842,0.1230207234621048,-0.00971515104174614,0.9679979681968689,-0.039345832215622066,29.75966650247574,1.1441787838935853,0.10885011367499828,0.09670007805980277,0.388623046875,21.074784183502196,-2.5029294192790985e-09,0.35061120986938477,0.00013541453428863868,-1.1332566738128662,0.24366794526576996,2538,0.5428802371025085,1506,1.8706952333450317,52,nan,0,nan,0
538,2203648,39665.3,55.6,39.52,34.16,20,0.25,376,0.7313829787234043,191,139,21,25,6,0,0,105,-3.9105354753287758,21.17801047120419,0.13461144268512726,-0.008556419052183628,0.9644045829772949,-0.03637914010323584,32.044641327857974,1.141175425052643,0.09669996513985098,0.05319448134396225,0.3216796875,23.593136024475097,-6.984919309616089e-10,0.304800808429718,0.00013510747185261002,-1.1341973543167114,0.2288672775030136,2561,0.47044241428375244,1518,0.826418399810791,17,nan,0,nan,0
539,2207744,39739.7,55.4,39.71,34.17,20,0.25,54,0.6851851851851852,190,130,28,30,2,0,0,98,-4.0325932287156,21.721052631578946,0.08557839691638947,-0.008952287957072258,0.9713261723518372,-0.03169273754465394,31.707182025909425,1.137323832511902,0.09928467413410544,0.11573032386077102,0.4646484375,23.01676721572876,-3.6670826375484467e-09,0.34876298904418945,0.00013480040941658136,-1.1349053382873535,0.2523634731769562,2608,0.482885479927063,1481,1.5502593517303467,7,nan,0,nan,0
540,2211840,39813.8,55.6,39.55,34.14,20,0.25,246,0.7073170731707317,192,137,26,23,6,0,0,113,-4.24771769261014,21.125,0.12638050317764282,-0.009318137541413307,0.9725922346115112,-0.038678594306111334,32.32535266876221,1.1349153518676758,0.10368867171928287,0.0639384998488822,0.3515625,25.70265336036682,-1.076841726899147e-09,0.31014764308929443,0.0001344933469805527,-1.1355924606323242,0.24715623259544373,2541,0.5121780037879944,1537,0.9455748796463013,18,nan,0,nan,0
541,2215936,39887.5,55.9,39.04,34.17,20,0.25,443,0.7291196388261851,197,149,19,27,2,0,0,120,-4.0483144530447,20.949238578680202,0.17924441397190094,-0.008864061906933784,0.9712746739387512,-0.042366371885873375,28.303842496871948,1.1317823112010956,0.09944207929074764,0.05104008586058626,0.3337890625,20.512811136245727,-1.949956640601158e-09,0.3727961778640747,0.00013418628454452404,-1.1364874839782715,0.23690052330493927,2570,0.4998059570789337,1495,0.8817299604415894,31,nan,0,nan,0
542,2220032,39961.4,55.8,39.3,34.14,20,0.25,113,0.7787610619469026,182,136,22,22,2,0,0,110,-3.8869850451936694,22.32967032967033,0.1325083076953888,-0.010011272504925728,0.9706183075904846,-0.03735141563229263,31.699381291866302,1.1286579489707946,0.1185077155008912,0.05073239776829723,0.323046875,33.762618160247804,-2.6193447411060333e-09,0.36379241943359375,0.00013387922210849538,-1.1369521617889404,0.2527354657649994,2492,0.5269774794578552,1562,2.4054996967315674,42,nan,0,nan,0
543,2224128,40035.5,55.6,39.45,34.17,20,0.25,303,0.7524752475247525,190,140,25,22,3,0,0,117,-3.9165381199970724,21.63157894736842,0.1475697010755539,-0.009202172048389912,0.9659498333930969,-0.04095713887363672,30.3548965215683,1.1263026535511016,0.10748449750244618,0.07626061050250428,0.376025390625,25.84398970603943,-3.4633558243513107e-09,0.3272230625152588,0.00013357215967246672,-1.137758493423462,0.2473570704460144,2509,0.5242918729782104,1554,1.359215497970581,33,nan,0,nan,0
544,2228224,40109.6,55.6,39.49,34.13,20,0.25,495,0.7575757575757576,192,147,18,21,6,0,0,116,-4.03965538057877,21.578125,0.17291106283664703,-0.010304084047675133,0.9731045365333557,-0.026276946027064697,28.924546337127687,1.1227702260017396,0.11384769314900041,0.10100585092441179,0.444091796875,21.97675485610962,-8.149072527885437e-10,0.3541716933250427,0.00013326509723643806,-1.138749599456787,0.27267926931381226,2509,0.5250583291053772,1540,2.0108211040496826,47,nan,0,nan,0
545,2232320,40183.8,55.5,39.66,34.17,20,0.25,182,0.6758241758241759,199,138,29,26,6,0,0,102,-3.8995223385001574,20.87939698492462,0.10055465251207352,-0.010342789813876152,0.9753656387329102,-0.0386498412815854,35.06141045093536,1.1184955477714538,0.11579583790153265,0.051642346267180984,0.33544921875,25.657335186004637,-3.230525180697441e-09,0.35863763093948364,0.0001329580348004094,-1.1399188041687012,0.2432008683681488,2381,0.5302439332008362,1657,1.1364362239837646,58,nan,0,nan,0
546,2236416,40258.3,55.3,39.88,34.13,20,0.25,379,0.6992084432717678,197,142,30,22,3,0,0,123,-4.200861598378424,20.3248730964467,0.14460237324237823,-0.009023163467645645,0.9628109931945801,-0.027454287779983134,29.82385140657425,1.1139450430870057,0.0972682407591492,0.1010664343382814,0.43359375,20.880502796173097,-3.346940502524376e-09,0.4302770495414734,0.00013265097236438074,-1.1409344673156738,0.24005016684532166,2656,0.5136203169822693,1419,0.921568751335144,21,nan,0,nan,0
547,2240512,40332.8,55.3,39.85,34.17,20,0.25,64,0.859375,197,158,13,22,4,0,0,129,-4.126875639121729,20.97969543147208,0.22910311818122864,-0.008261841721832752,0.960759162902832,-0.02769988162908703,23.69583761692047,1.1113509654998779,0.09672178700566292,0.046197623702755666,0.32978515625,27.020529651641844,-2.4156179279088974e-09,0.4086991548538208,0.00013234390992835208,-1.1412065029144287,0.23904405534267426,2649,0.501616358757019,1429,0.9666666388511658,18,nan,0,nan,0
548,2244608,40406.6,55.8,39.27,34.12,20,0.25,255,0.7843137254901961,191,145,25,19,2,0,0,119,-4.042519035651621,21.240837696335078,0.17327332496643066,-0.00864836573600769,0.9728553295135498,-0.029993935697712006,28.000557827949525,1.110027414560318,0.09711080649867654,0.09272989005257841,0.424755859375,26.034212827682495,2.9103830456733704e-10,0.35784560441970825,0.00013203684749232342,-1.141634225845337,0.23388154804706573,2629,0.48308315873146057,1445,0.4587898254394531,22,nan,0,nan,0
549,2248704,40480.7,55.6,39.43,34.18,20,0.25,441,0.7573696145124716,186,134,27,19,6,0,0,107,-4.099967663837912,21.70967741935484,0.11950250715017319,-0.01035376638174057,0.9716112613677979,-0.03687076511560008,31.66373108625412,1.1078880667686462,0.12182379928417504,0.042222595064959026,0.305224609375,30.146074342727662,-6.984919309616089e-10,0.36503350734710693,0.00013172978505629476,-1.142408847808838,0.2557673156261444,2632,0.5352956056594849,1450,2.1370997428894043,14,nan,0,nan,0
550,2252800,40555.5,55.1,40.21,34.16,20,0.25,127,0.7244094488188977,198,144,29,24,1,0,0,120,-3.981284111511973,21.292929292929294,0.14248383045196533,-0.008761996403336525,0.9669061303138733,-0.03522082862909883,31.82511874437332,1.104676938056946,0.1080928229726851,0.034220334605197425,0.281884765625,32.097899198532104,-1.4551915228366852e-09,0.3714555501937866,0.0001314227226202661,-1.143100380897522,0.24436073005199432,2547,0.5044862031936646,1522,0.7921153903007507,27,nan,0,nan,0
551,2256896,40629.6,55.7,39.41,34.18,20,0.25,312,0.6987179487179487,185,126,30,27,2,0,0,98,-4.0347534572429655,21.7027027027027,0.06906354427337646,-0.009835069999098778,0.9703400731086731,-0.041736361640505495,33.78188962936402,1.1021195471286773,0.10660020504146814,0.06723917078634259,0.364501953125,22.51170744895935,-8.731149137020111e-10,0.36232155561447144,0.00013111566018423744,-1.14369797706604,0.2552744746208191,2536,0.5503162145614624,1514,1.5018383264541626,46,nan,0,nan,0
552,2260992,40704.1,55.3,39.9,34.12,20,0.25,506,0.7213438735177866,194,147,19,25,3,0,0,120,-3.961883508958547,21.170103092783506,0.17580853402614594,-0.008891955018043518,0.9636083841323853,-0.028165673092007636,27.214214146137238,1.1004584312438965,0.1013484425842762,0.0729381860786816,0.38232421875,25.843502616882326,-2.153683453798294e-09,0.39388322830200195,0.00013080859774820878,-1.143979549407959,0.2313004434108734,2538,0.5052435994148254,1513,1.349349856376648,45,nan,0,nan,0
553,2265088,40778.2,55.6,39.58,34.14,20,0.25,189,0.7513227513227513,195,146,23,24,2,0,0,115,-3.99261602980314,21.164102564102564,0.16114899516105652,-0.010106020607054234,0.9602665901184082,-0.0262504069134593,29.382489931583404,1.0987943172454835,0.11635049488395452,0.07376082299742848,0.385009765625,26.335173892974854,-2.561137080192566e-09,0.40327298641204834,0.00013050153531218012,-1.1445320844650269,0.25043022632598877,2671,0.5640836358070374,1397,1.9644399881362915,28,nan,0,nan,0
554,2269184,40852.4,55.6,39.51,34.17,20,0.25,386,0.7668393782383419,197,154,13,27,3,0,0,117,-4.142912357881298,20.548223350253807,0.21503812074661255,-0.0082109235227108,0.9638369083404541,-0.030181551806163043,26.99656332731247,1.096050316095352,0.0940396849066019,0.07248633503040765,0.377880859375,27.143925762176515,-9.89530235528946e-10,0.3385928273200989,0.00013019447287615147,-1.1453659534454346,0.24437031149864197,2678,0.486498087644577,1406,1.0935649871826172,12,nan,0,nan,0
555,2273280,40926.3,55.7,39.34,34.16,20,0.25,77,0.7402597402597403,203,154,22,26,1,0,0,129,-4.098340672251559,20.339901477832512,0.1933766007423401,-0.00853133574128151,0.9619830250740051,-0.03478350233635865,26.9855299949646,1.0924430012702941,0.09506846209987999,0.07478185299260076,0.37392578125,20.938376450538634,-1.1641532182693481e-09,0.42917150259017944,0.0001298874104401228,-1.14640212059021,0.23075899481773376,2560,0.48992782831192017,1470,1.5725762844085693,66,nan,0,nan,0
556,2277376,41000.4,55.7,39.43,34.17,20,0.25,273,0.706959706959707,196,136,23,33,4,0,0,107,-4.168533785899236,21.025510204081634,0.11078164726495743,-0.00986148975789547,0.9625641107559204,-0.029656358808279038,32.69818904399872,1.088667130470276,0.11867284830659627,0.049781446873384996,0.322802734375,27.177024936676027,-3.2887328416109085e-09,0.3602377772331238,0.00012958034800409415,-1.1470947265625,0.24597857892513275,2619,0.5582220554351807,1454,1.3897380828857422,23,nan,0,nan,0
557,2281472,41074.0,56.0,39.03,34.16,20,0.25,465,0.7118279569892473,192,138,22,29,3,0,0,108,-4.016565323017729,21.359375,0.12285174429416656,-0.009073566645383835,0.9636270403862,-0.023366733361035584,30.4122603058815,1.0857030928134919,0.1037237084005028,0.12037173833086853,0.446484375,20.58487524986267,-7.275957614183426e-10,0.4098753333091736,0.00012927328556806549,-1.1478370428085327,0.23659281432628632,2578,0.5120526552200317,1471,1.6385079622268677,47,nan,0,nan,0
558,2285568,41148.9,55.0,40.27,34.15,20,0.25,154,0.8051948051948052,201,163,17,20,1,0,0,133,-4.173508203844756,20.53731343283582,0.2566821277141571,-0.007908784784376621,0.9750962853431702,-0.02701996830292046,24.44333143234253,1.0835494220256805,0.08660931345075369,0.05601550782157574,0.3482421875,31.133371686935426,-2.735760062932968e-09,0.3725401759147644,0.00012896622313203683,-1.1482880115509033,0.2614004611968994,2684,0.46209314465522766,1385,0.9875649809837341,27,nan,0,nan,0
559,2289664,41223.2,55.5,39.6,34.18,20,0.25,345,0.7594202898550725,191,138,22,24,7,0,0,103,-3.9733585837404175,21.13612565445026,0.13748790323734283,-0.009489745832979679,0.9700384140014648,-0.030569750908762218,29.37193169593811,1.0808580279350282,0.10567040462046862,0.07370913586055394,0.370263671875,20.228180408477783,-2.0372681319713593e-09,0.4002378582954407,0.00012865916069600817,-1.149222731590271,0.24839581549167633,2562,0.5550715327262878,1513,1.399174690246582,21,nan,0,nan,0
560,2293760,41297.5,55.5,39.69,34.17,20,0.25,33,0.7878787878787878,200,152,25,21,2,0,0,119,-3.999614377973118,20.51,0.18486519157886505,-0.008457266725599766,0.9689425230026245,-0.04054838517913595,27.45012547969818,1.0775285124778748,0.0993597436696291,0.06305060784652597,0.369873046875,18.627263641357423,-2.1245796233415604e-09,0.39495164155960083,0.0001283520982599795,-1.1498724222183228,0.24144451320171356,2587,0.5168325304985046,1498,1.0621503591537476,11,nan,0,nan,0
561,2297856,41371.2,56.0,39.06,34.14,20,0.25,225,0.7511111111111111,192,143,22,22,5,0,0,121,-4.148310042570351,21.411458333333332,0.16279122233390808,-0.009683912619948387,0.9710553288459778,-0.03945584038738161,31.063031959533692,1.074828600883484,0.10686741964891552,0.07905026625085157,0.391015625,20.51726198196411,-1.8044374883174896e-09,0.3548051714897156,0.00012804503582395085,-1.15048086643219,0.254051148891449,2621,0.5518866181373596,1455,1.8409042358398438,20,nan,0,nan,0
562,2301952,41445.1,55.7,39.35,34.13,20,0.25,423,0.7612293144208038,198,153,24,18,3,0,0,129,-4.215670664761304,20.717171717171716,0.20064207911491394,-0.008816573768854141,0.972293496131897,-0.040970520337577906,28.50678309202194,1.0728580832481385,0.09819255857728422,0.06191042872669641,0.345068359375,20.162472510337828,-1.979060471057892e-09,0.3558635711669922,0.00012773797338792219,-1.151017427444458,0.25214552879333496,2715,0.5171934366226196,1371,0.8403114080429077,10,nan,0,nan,0
563,2306048,41519.5,55.4,39.84,34.12,20,0.25,112,0.7321428571428571,201,151,27,21,2,0,0,127,-4.0031216447567335,20.233830845771145,0.17752785980701447,-0.00900221336632967,0.9668806195259094,-0.03825467224232852,28.628521370887757,1.0699899196624756,0.10380691327154637,0.04934146950399736,0.33876953125,20.994081449508666,-2.1827872842550278e-09,0.4206504225730896,0.00012743091095189353,-1.1520781517028809,0.2327505201101303,2548,0.4965086579322815,1527,1.6814353466033936,21,nan,0,nan,0
564,2310144,41592.7,56.2,38.64,34.2,20,0.25,302,0.7384105960264901,190,141,20,23,6,0,0,107,-3.995034826935741,21.51578947368421,0.17467334866523743,-0.00851588137447834,0.9677419066429138,-0.028660752065479755,31.251313054561614,1.0651895999908447,0.0953151392750442,0.05169222647091374,0.3572265625,28.862747955322266,-2.3283064365386963e-09,0.3063153624534607,0.00012712384851586487,-1.1531596183776855,0.24171338975429535,2671,0.49192556738853455,1406,1.573180913925171,19,nan,0,nan,0
565,2314240,41667.3,55.3,39.98,34.16,20,0.25,502,0.7709163346613546,200,164,17,17,2,0,0,136,-4.100491637540412,20.74,0.25862017273902893,-0.00793861411511898,0.9681724905967712,-0.02594556228723377,24.959789192676546,1.0609747350215912,0.09229109627194702,0.06129260492452886,0.352294921875,26.94431791305542,-6.984919309616089e-10,0.3497270345687866,0.0001268167860798362,-1.154388666152954,0.2481846958398819,2603,0.45832499861717224,1475,0.6049025058746338,18,nan,0,nan,0
566,2318336,41741.7,55.4,39.72,34.17,20,0.25,183,0.7486338797814208,193,145,21,23,4,0,0,120,-4.089597805071671,20.979274611398964,0.1798463761806488,-0.008277122862637043,0.9566999673843384,-0.0320360591635108,29.81042323112488,1.0553162693977356,0.09823116972111165,0.0737693196584587,0.400537109375,22.05153398513794,-1.367880031466484e-09,0.31566953659057617,0.00012650972364380755,-1.1557328701019287,0.23384736478328705,2646,0.5127648711204529,1436,1.44577956199646,14,nan,0,nan,0
567,2322432,41816.3,55.2,40.02,34.12,20,0.25,378,0.7433862433862434,195,144,31,18,2,0,0,115,-4.239983785988495,21.117948717948718,0.16091881692409515,-0.009810363873839378,0.9728274941444397,-0.029368548234924675,30.847481906414032,1.050817757844925,0.1145718869753182,0.05459955285186879,0.33798828125,23.336980867385865,-2.561137080192566e-09,0.43315255641937256,0.0001262026612077789,-1.1568002700805664,0.24066242575645447,2503,0.5564858317375183,1528,1.5414257049560547,65,nan,0,nan,0
568,2326528,41889.8,56.0,39.01,34.13,20,0.25,59,0.6949152542372882,193,136,32,21,4,0,0,108,-3.955075711613866,21.072538860103627,0.12031616270542145,-0.011030582711100578,0.9748911261558533,-0.02057111895410344,34.38799319267273,1.0477431833744049,0.12185740005224943,0.09078583123919089,0.384521484375,27.978316354751588,-1.979060471057892e-09,0.42725783586502075,0.00012589559877175025,-1.1569995880126953,0.2436760812997818,2456,0.5353370904922485,1538,2.2058162689208984,102,nan,0,nan,0
569,2330624,41964.4,55.3,39.97,34.12,20,0.25,260,0.7538461538461538,201,155,22,22,2,0,0,128,-4.0133875927638085,20.621890547263682,0.21562150120735168,-0.008169369772076607,0.9704749584197998,-0.03115129438228905,27.931684815883635,1.0474904239177705,0.09275652430951595,0.05726403642038349,0.364013671875,22.175534200668334,-2.735760062932968e-09,0.32034868001937866,0.0001255885363357216,-1.1572043895721436,0.23837998509407043,2705,0.4791698455810547,1390,0.5850304365158081,1,nan,0,nan,0
570,2334720,42038.0,56.0,39.01,34.13,20,0.25,447,0.7472035794183445,187,138,30,16,3,0,0,117,-4.005944613411578,21.46524064171123,0.1494339108467102,-0.009994864463806152,0.9616270065307617,-0.03936230035033077,31.98763530254364,1.0451044380664825,0.1111098675057292,0.05372542077820981,0.331982421875,21.62216353416443,-1.4842953532934189e-09,0.4016396403312683,0.00012528147389969293,-1.1582881212234497,0.24339190125465393,2433,0.5289185643196106,1605,1.5153398513793945,58,nan,0,nan,0
571,2338816,42111.9,55.8,39.23,34.19,20,0.25,132,0.7121212121212122,197,139,23,29,6,0,0,100,-4.164351650589543,21.13705583756345,0.13376744091510773,-0.009305649437010288,0.9687099456787109,-0.04189625129802153,31.092928862571718,1.0404841482639313,0.10304171154275536,0.062215531629044564,0.34833984375,19.69401888847351,-1.3969838619232178e-09,0.3321353793144226,0.00012497441146366427,-1.1593539714813232,0.27702388167381287,2495,0.5214375853538513,1553,0.7213379740715027,48,nan,0,nan,0
572,2342912,42186.1,55.5,39.65,34.11,20,0.25,318,0.7610062893081762,186,148,26,11,1,0,0,115,-4.079115534538327,21.602150537634408,0.2063286304473877,-0.00986657477915287,0.9687979817390442,-0.02874542595818639,31.171421778202056,1.036567348241806,0.11434303168207408,0.06734744615678209,0.33671875,23.84088501930237,-2.5029294192790985e-09,0.46124541759490967,0.00012466734902763561,-1.1603116989135742,0.23753730952739716,2559,0.5040119290351868,1473,2.04770827293396,64,nan,0,nan,0
573,2347008,42260.3,55.5,39.69,34.15,20,0.25,4,1.0,198,150,29,15,4,0,0,123,-4.0717506253580575,21.237373737373737,0.1898544877767563,-0.008974239230155945,0.9712673425674438,-0.030791883077472448,30.42704815864563,1.0326257586479186,0.10891172513365746,0.0750728386672563,0.40908203125,20.644831895828247,-2.8230715543031693e-09,0.3940201997756958,0.00012436028659160695,-1.1610732078552246,0.24133606255054474,2559,0.5012296438217163,1486,2.3012611865997314,51,nan,0,nan,0
574,2351104,42334.9,55.3,39.92,34.13,20,0.25,203,0.8029556650246306,199,159,19,20,1,0,0,132,-4.395959901396337,20.472361809045225,0.24607127904891968,-0.008571617305278778,0.962791919708252,-0.03739241934381425,26.24267132282257,1.0303573846817016,0.09808301399461924,0.05052504655177472,0.3474609375,21.861548757553102,-2.240994945168495e-09,0.3761187195777893,0.0001240532241555783,-1.1617648601531982,0.23803740739822388,2706,0.479522168636322,1356,2.0835418701171875,34,nan,0,nan,0
575,2355200,42409.0,55.6,39.54,34.15,20,0.25,394,0.7690355329949239,191,140,33,15,3,0,0,108,-4.094282275105033,21.30366492146597,0.15326863527297974,-0.008665172383189201,0.9592829942703247,-0.03413429511711001,31.4247136592865,1.0276971638202668,0.09804210481233895,0.0855709282157477,0.408251953125,17.716439485549927,-2.2118911147117615e-09,0.35629940032958984,0.00012374616171954963,-1.1621299982070923,0.2358630895614624,2594,0.4808315336704254,1482,1.017585039138794,20,nan,0,nan,0
576,2359296,42482.9,55.7,39.34,34.19,20,0.25,68,0.6323529411764706,186,131,30,23,2,0,0,102,-4.1204481228169545,21.704301075268816,0.11171571910381317,-0.010051069781184196,0.9731457829475403,-0.021484158106613905,32.60757417678833,1.026291835308075,0.11807772936299443,0.0775502405987936,0.374462890625,27.51820249557495,-8.440110832452774e-10,0.4151226282119751,0.00012343909928352097,-1.162618637084961,0.24568164348602295,2410,0.5593137145042419,1644,1.884546160697937,42,nan,0,nan,0
577,2363392,42557.1,55.6,39.53,34.15,20,0.25,265,0.6830188679245283,197,138,24,30,5,0,0,113,-4.275358997990423,21.091370558375633,0.1412678062915802,-0.008340056985616684,0.961272120475769,-0.038433686530333945,31.583218944072723,1.024225550889969,0.09413171508349479,0.06410854653222486,0.376806640625,22.316123914718627,-3.026798367500305e-09,0.3823375105857849,0.00012313203684749231,-1.163234829902649,0.22619883716106415,2657,0.49726855754852295,1404,1.3788971900939941,35,nan,0,nan,0
578,2367488,42631.5,55.4,39.85,34.14,20,0.25,460,0.7260869565217392,195,153,19,22,1,0,0,115,-4.412571789400609,21.066666666666666,0.21332001686096191,-0.008056597784161568,0.9630863666534424,-0.0309793371707201,26.18371139764786,1.021883249282837,0.0964560420718044,0.07648004254151601,0.373291015625,26.13453860282898,-1.6880221664905548e-09,0.3573656678199768,0.00012282497441146365,-1.1636416912078857,0.24195384979248047,2666,0.531113862991333,1418,2.1089768409729004,12,nan,0,nan,0
579,2371584,42706.0,55.3,39.88,34.18,20,0.25,148,0.7432432432432432,200,152,30,15,3,0,0,120,-4.148134166305948,20.365,0.19197580218315125,-0.008801097050309181,0.9638090133666992,-0.0375406852690503,28.91502366065979,1.0201376736164094,0.10005118139088154,0.05144106132356683,0.325439453125,23.39787459373474,-2.066371962428093e-09,0.36099064350128174,0.000122517911975435,-1.164258599281311,0.23199455440044403,2554,0.5131747126579285,1529,0.9159661531448364,13,nan,0,nan,0
580,2375680,42780.2,55.5,39.61,34.14,20,0.25,338,0.742603550295858,190,141,29,18,2,0,0,114,-4.210820788779316,21.731578947368423,0.16020408272743225,-0.00882872287184,0.9731183052062988,-0.03615832924842834,29.556758427619933,1.0169410586357117,0.10172900734469295,0.053057290219294374,0.35556640625,23.244051027297974,-3.812601789832115e-09,0.4243626594543457,0.00012221084953940634,-1.1652474403381348,0.24192805588245392,2496,0.504033088684082,1578,1.7328190803527832,22,nan,0,nan,0
581,2379776,42854.4,55.5,39.59,34.15,20,0.25,20,0.75,194,143,24,22,5,0,0,102,-4.219768269666583,20.99484536082474,0.1643502414226532,-0.008942663669586182,0.9664274454116821,-0.023777871998026966,32.6723846077919,1.0129763007164,0.11110210316255689,0.09371630008390638,0.416845703125,26.7754905462265,-3.0850060284137726e-09,0.3324716091156006,0.00012190378710337768,-1.166039228439331,0.2415212094783783,2456,0.5430598258972168,1614,2.5285592079162598,26,nan,0,nan,0
582,2383872,42928.5,55.6,39.48,34.18,20,0.25,221,0.7692307692307693,201,155,12,25,9,0,0,123,-4.2389022890711265,20.26865671641791,0.22606225311756134,-0.007787936832755804,0.9694480299949646,-0.03741944901412353,27.91713215112686,1.0100161135196686,0.08706789673306048,0.05952866700536106,0.341748046875,22.663630962371826,-2.561137080192566e-09,0.2967150807380676,0.00012159672466734902,-1.1668879985809326,0.2431105226278305,2628,0.4887886345386505,1460,0.38228538632392883,8,nan,0,nan,0
583,2387968,43002.9,55.4,39.77,34.18,20,0.25,421,0.7529691211401425,200,147,30,21,2,0,0,116,-4.19063317796279,20.56,0.16806019842624664,-0.007830984890460968,0.9658623933792114,-0.03693063483806327,29.950476384162904,1.006890994310379,0.08863218305632473,0.06943227544397815,0.398095703125,21.74673671722412,-8.440110832452774e-10,0.39208537340164185,0.00012128966223132036,-1.1675488948822021,0.2289189100265503,2473,0.4599303901195526,1608,1.2050968408584595,15,nan,0,nan,0
584,2392064,43077.1,55.5,39.58,34.17,20,0.25,104,0.7403846153846154,195,145,20,25,5,0,0,114,-4.259151350208883,21.128205128205128,0.18652495741844177,-0.00858280062675476,0.9646244645118713,-0.027590996748767794,29.767093539237976,1.0042382776737213,0.09757331646978855,0.05954848733381368,0.367236328125,25.79689464569092,-8.149072527885437e-10,0.38281452655792236,0.0001209825997952917,-1.1681280136108398,0.2380625158548355,2624,0.4897044897079468,1446,1.822701096534729,26,nan,0,nan,0
585,2396160,43150.7,56.0,39.01,34.15,20,0.25,300,0.7466666666666667,196,147,28,17,4,0,0,123,-4.300553675649891,20.857142857142858,0.1832272708415985,-0.008684460073709488,0.9664102792739868,-0.03944762513274327,29.124256360530854,1.002151107788086,0.10076443338766694,0.04519484024349367,0.3357421875,22.69028244018555,2.9103830456733704e-11,0.4299323558807373,0.00012067553735926304,-1.168782353401184,0.22600290179252625,2599,0.510818600654602,1463,1.8676055669784546,34,nan,0,nan,0
586,2400256,43225.0,55.4,39.74,34.14,20,0.25,500,0.734,200,143,25,25,7,0,0,117,-4.183366622245737,20.5,0.1579342782497406,-0.009040610864758492,0.9681724905967712,-0.03353520679520443,31.808309698104857,0.9986455321311951,0.10506980600766838,0.052502512001956346,0.350390625,25.953622007369994,-1.4260876923799515e-09,0.35444504022598267,0.00012036847492323438,-1.169718623161316,0.23884503543376923,2585,0.5504467487335205,1508,1.362210750579834,3,nan,0,nan,0
587,2404352,43299.4,55.4,39.74,34.13,20,0.25,188,0.7606382978723404,200,152,23,22,3,0,0,119,-4.177913948270441,20.37,0.2049136459827423,-0.008524641394615173,0.9550821185112,-0.03499120157212019,26.591052842140197,0.9953276872634887,0.09824927616864443,0.05715202048595529,0.356689453125,23.22022204399109,-1.7462298274040222e-10,0.4653724431991577,0.00012006141248720572,-1.170538067817688,0.23229707777500153,2570,0.4897942543029785,1493,1.2173388004302979,33,nan,0,nan,0
588,2408448,43373.4,55.7,39.44,34.13,20,0.25,383,0.7493472584856397,195,144,24,19,8,0,0,115,-4.198759739424752,20.91794871794872,0.1744423508644104,-0.009354406967759132,0.9612919688224792,-0.025498114130459725,30.71702526807785,0.9934027671813965,0.10611405996605754,0.07882803694228642,0.40654296875,26.065487480163576,-8.149072527885437e-10,0.44298410415649414,0.00011975435005117706,-1.1706353425979614,0.24245119094848633,2582,0.5057057738304138,1485,2.279787302017212,29,nan,0,nan,0
589,2412544,43447.6,55.6,39.59,34.13,20,0.25,66,0.7424242424242424,195,143,30,19,3,0,0,122,-4.151071590297747,21.31282051282051,0.17186692357063293,-0.008304126560688019,0.9692386388778687,-0.0398036656435579,30.61442885398865,0.9926137328147888,0.09270433755591512,0.062296559644164515,0.36357421875,21.808653831481934,-8.149072527885437e-10,0.3534711003303528,0.0001194472876151484,-1.1709721088409424,0.2355901002883911,2440,0.4777914583683014,1636,0.6131315231323242,20,nan,0,nan,0
590,2416640,43522.0,55.4,39.8,34.15,20,0.25,262,0.7099236641221374,196,137,29,25,5,0,0,103,-3.963965032093474,20.903061224489797,0.12339400500059128,-0.009256698191165924,0.9648718237876892,-0.03959802497411147,32.87558696269989,0.9912228524684906,0.10407011518254876,0.09106260472908616,0.382275390625,23.331131887435912,-1.5133991837501526e-09,0.3159942626953125,0.00011914022517911974,-1.1712706089019775,0.2340673804283142,2398,0.5026809573173523,1666,0.7188513875007629,32,nan,0,nan,0
591,2420736,43596.2,55.5,39.64,34.19,20,0.25,459,0.7254901960784313,197,147,24,21,5,0,0,127,-4.220999426760482,20.477157360406093,0.18759852647781372,-0.008540363982319832,0.9576814770698547,-0.03172364761121571,27.59001876115799,0.9893290340900421,0.09498912612907588,0.06959478845237754,0.390087890625,20.73237724304199,-2.2118911147117615e-09,0.42823439836502075,0.00011883316274309108,-1.171980619430542,0.23937182128429413,2519,0.4840444028377533,1548,1.0906293392181396,29,nan,0,nan,0
592,2424832,43670.7,55.4,39.77,34.16,20,0.25,147,0.7482993197278912,200,152,26,18,4,0,0,129,-4.0752493789577,20.64,0.21101747453212738,-0.009276378899812698,0.9645790457725525,-0.03342481916770339,28.529068255424498,0.986490148305893,0.10797687051817775,0.07118552807951346,0.385400390625,22.86804747581482,-1.6298145055770874e-09,0.4366564154624939,0.00011852610030706242,-1.172692894935608,0.2388608604669571,2575,0.5493053197860718,1493,1.3553285598754883,28,nan,0,nan,0
593,2428928,43744.7,55.6,39.44,34.18,20,0.25,345,0.7420289855072464,198,146,26,21,5,0,0,117,-4.209742104999462,21.11111111111111,0.19185081124305725,-0.008227799087762833,0.9576706290245056,-0.03396459061186761,29.692932260036468,0.9841929912567139,0.09360830853693188,0.04489431775000412,0.30810546875,31.880593681335448,-1.3969838619232178e-09,0.4058363437652588,0.00011821903787103376,-1.1730576753616333,0.22139562666416168,2543,0.4630887806415558,1513,1.1374341249465942,40,nan,0,nan,0
594,2433024,43818.9,55.6,39.5,34.18,20,0.25,23,0.8260869565217391,190,148,20,16,6,0,0,119,-4.205197899138351,21.13157894736842,0.21676971018314362,-0.008151750080287457,0.9656938314437866,-0.03477650168351829,28.218032276630403,0.9827133655548096,0.09235630077309906,0.0406594120329828,0.311181640625,28.34562702178955,-1.8917489796876907e-09,0.3595235347747803,0.0001179119754350051,-1.1734269857406616,0.22749902307987213,2588,0.47078102827072144,1486,1.9115220308303833,22,nan,0,nan,0
595,2437120,43893.3,55.4,39.68,34.22,20,0.25,219,0.7351598173515982,196,142,28,20,6,0,0,118,-4.3455323321951385,21.010204081632654,0.1774381399154663,-0.008640480227768421,0.9666666388511658,-0.025488638505339622,31.239653205871583,0.9817428529262543,0.09658929733559489,0.11116982761741383,0.44462890625,20.177712416648866,-1.949956640601158e-09,0.3806370496749878,0.00011760491299897644,-1.1735992431640625,0.22804205119609833,2623,0.47634896636009216,1448,1.0390541553497314,25,nan,0,nan,0
596,2441216,43966.8,56.0,38.9,34.2,20,0.25,409,0.7506112469437652,190,146,19,19,6,0,0,120,-4.197473921120373,21.352631578947367,0.20401480793952942,-0.007852032780647278,0.9654377698898315,-0.03221853850409388,28.900843560695648,0.9801319181919098,0.09124421561136842,0.07537704076530645,0.4125,20.800668811798097,-2.066371962428093e-09,0.36781764030456543,0.00011729785056294778,-1.1743698120117188,0.2379399538040161,2619,0.4609581232070923,1464,3.016822576522827,13,nan,0,nan,0
597,2445312,44041.0,55.5,39.61,34.19,20,0.25,92,0.8043478260869565,195,150,21,18,6,0,0,121,-4.0344967210813,21.066666666666666,0.21494629979133606,-0.009057925082743168,0.9684696197509766,-0.015411819377914072,28.08840137720108,0.9766619980335236,0.1030176468193531,0.09182578494510381,0.445703125,24.37544689178467,-2.473825588822365e-09,0.39718902111053467,0.00011699078812691912,-1.1750396490097046,0.2223743498325348,2531,0.5004751682281494,1529,0.7565791606903076,36,nan,0,nan,0
598,2449408,44115.0,55.7,39.3,34.2,20,0.25,286,0.7832167832167832,194,150,22,16,6,0,0,124,-4.149104174235103,21.056701030927837,0.22070443630218506,-0.009509708732366562,0.9656586647033691,-0.037844406347721814,28.445760107040407,0.9748344242572784,0.10732387006282806,0.07895167184760794,0.33447265625,24.466716003417968,-1.7462298274040222e-09,0.3830369710922241,0.00011668372569089046,-1.1754510402679443,0.2399042248725891,2493,0.5422069430351257,1569,1.419489860534668,34,nan,0,nan,0
599,2453504,44189.2,55.5,39.59,34.17,20,0.25,485,0.7628865979381443,199,146,29,18,6,0,0,106,-4.124592509882264,20.44221105527638,0.17748621106147766,-0.0089256027713418,0.9604824185371399,-0.04099236563779414,29.82475643157959,0.9728814899921417,0.10062366826459765,0.04549063151062001,0.316796875,22.940374183654786,-1.1059455573558807e-09,0.3689734935760498,0.0001163766632548618,-1.1760375499725342,0.22457006573677063,2509,0.5083193778991699,1583,3.2775888442993164,4,nan,0,nan,0
600,2457600,44263.2,55.7,39.38,34.17,20,0.25,174,0.735632183908046,201,146,26,27,2,0,0,128,-4.343433811038068,20.761194029850746,0.18276162445545197,-0.00830273050814867,0.9594351649284363,-0.034093618672341106,31.030053877830504,0.9703325450420379,0.09907300639897584,0.05190327968157362,0.354833984375,23.318343591690063,-1.57160684466362e-09,0.36220312118530273,0.00011606960081883314,-1.1767404079437256,0.2257714718580246,2612,0.47129327058792114,1457,1.536069393157959,27,nan,0,nan,0
601,2461696,44337.3,55.6,39.51,34.17,20,0.25,372,0.7553763440860215,198,153,24,16,5,0,0,124,-4.081713149862537,20.69191919191919,0.21582908928394318,-0.008631933480501175,0.96664959192276,-0.03565181023441255,29.49826588630676,0.9668634235858917,0.09765636720694601,0.0520010909618577,0.3345703125,23.34799780845642,-2.444721758365631e-09,0.33210301399230957,0.00011576253838280448,-1.1776790618896484,0.23702044785022736,2496,0.4782008230686188,1568,0.9811559915542603,32,nan,0,nan,0
602,2465792,44411.6,55.5,39.55,34.21,20,0.25,60,0.8333333333333334,200,161,19,16,4,0,0,126,-4.220631893335416,20.27,0.25269991159439087,-0.008368230424821377,0.9609856009483337,-0.021344328683335335,25.712351578474046,0.9643641352653504,0.10007884069345892,0.05957982131949393,0.357421875,23.14897150993347,-3.1723175197839737e-09,0.45477354526519775,0.00011545547594677582,-1.1779156923294067,0.22262264788150787,2561,0.474411278963089,1498,2.149348497390747,37,nan,0,nan,0
603,2469888,44485.9,55.4,39.71,34.19,20,0.25,256,0.765625,196,146,26,21,3,0,0,110,-4.174605389543864,20.948979591836736,0.18194949626922607,-0.008699659258127213,0.9535897374153137,-0.03294982655206695,30.514481711387635,0.9625981748104095,0.09865739783272147,0.052159390073211395,0.339501953125,22.925765085220338,6.693881005048752e-10,0.3947189450263977,0.00011514841351074716,-1.1787632703781128,0.22088618576526642,2466,0.4841775894165039,1586,0.9917417764663696,44,nan,0,nan,0
604,2473984,44560.3,55.4,39.79,34.18,20,0.25,449,0.7594654788418709,193,145,22,22,4,0,0,118,-4.298311248491377,21.33160621761658,0.18651029467582703,-0.008351458236575127,0.9572123885154724,-0.0350178986787796,27.84980274438858,0.9591094374656677,0.09489789609797299,0.06445631066744681,0.3751953125,21.829083824157713,-1.8044374883174896e-09,0.4144023060798645,0.0001148413510747185,-1.1795700788497925,0.2349078357219696,2632,0.45996832847595215,1439,1.884299874305725,25,nan,0,nan,0
605,2478080,44635.0,55.2,39.99,34.2,20,0.25,140,0.7,203,148,30,25,0,0,0,122,-4.101717820974557,20.0935960591133,0.16440919041633606,-0.010210007429122925,0.9653223752975464,-0.032178295811172576,33.28351926803589,0.9560462832450867,0.12043799199163914,0.063222074850637,0.360546875,22.843022680282594,-1.1350493878126144e-09,0.43710702657699585,0.00011453428863868984,-1.1801724433898926,0.22979053854942322,2441,0.5209181904792786,1613,2.935933828353882,42,nan,0,nan,0
606,2482176,44709.0,55.7,39.34,34.25,20,0.25,336,0.75,196,154,22,16,4,0,0,120,-4.288860499903818,20.908163265306122,0.21914497017860413,-0.009265875443816185,0.9602563977241516,-0.03403926743194461,27.12907588481903,0.9536996960639954,0.10637991330586374,0.040087054570904,0.30302734375,23.150539112091064,-2.852175384759903e-09,0.4130626320838928,0.00011422722620266118,-1.1809329986572266,0.22813525795936584,2616,0.5114243626594543,1429,1.1763310432434082,51,nan,0,nan,0
607,2486272,44783.8,55.0,40.15,34.26,20,0.25,23,0.8260869565217391,199,158,21,16,4,0,0,130,-4.176068305651453,20.396984924623116,0.24662289023399353,-0.008406240493059158,0.9615088701248169,-0.01887254382018,26.00804821252823,0.9499935030937194,0.09694803669117391,0.10857677580643213,0.47138671875,21.780955481529237,-9.604264050722122e-10,0.4315260052680969,0.00011392016376663256,-1.1820188760757446,0.2263081669807434,2639,0.4847148358821869,1435,1.8112163543701172,22,nan,0,nan,0
608,2490368,44858.3,55.3,39.74,34.29,20,0.25,228,0.8026315789473685,205,164,17,21,3,0,0,132,-4.118240492539762,20.102439024390243,0.26487377285957336,-0.007589545100927353,0.9573374390602112,-0.037644940661266446,27.157495975494385,0.9447563886642456,0.08907756260596215,0.06633098758029518,0.3630859375,19.356460332870483,-1.0186340659856796e-09,0.33560943603515625,0.0001136131013306039,-1.1835401058197021,0.23194554448127747,2601,0.4315584599971771,1456,1.4946826696395874,39,nan,0,nan,0
609,2494464,44932.7,55.4,39.64,34.32,20,0.25,425,0.7764705882352941,197,147,30,17,3,0,0,118,-4.19931271693347,20.725888324873097,0.17886441946029663,-0.009681790135800838,0.9620415568351746,-0.03295218525454402,30.685357201099396,0.939481008052826,0.11112451078370214,0.08150382321473444,0.352099609375,24.21096000671387,-2.9976945370435715e-09,0.49700605869293213,0.00011330603889457524,-1.1845555305480957,0.24107012152671814,2520,0.5224393606185913,1534,2.376478672027588,42,nan,0,nan,0
610,2498560,45005.9,56.3,38.38,34.35,20,0.25,103,0.7281553398058253,190,132,26,26,6,0,0,101,-4.184529341998963,21.53684210526316,0.12390308082103729,-0.009453565813601017,0.9623655676841736,-0.02501903282245621,30.309784030914308,0.9358522176742554,0.1071074846200645,0.08258246623154264,0.41162109375,24.20745429992676,-5.820766091346741e-10,0.44860535860061646,0.00011299897645854658,-1.185356616973877,0.22401797771453857,2532,0.5027775168418884,1514,1.6757194995880127,50,nan,0,nan,0
611,2502656,45080.8,55.1,40.07,34.33,20,0.25,303,0.7557755775577558,200,154,29,15,2,0,0,126,-4.195734597884751,20.67,0.21956206858158112,-0.008442351594567299,0.9576488733291626,-0.01902239755727351,27.14291514158249,0.9321247458457946,0.09618944581598043,0.08517468237114371,0.416943359375,26.074686145782472,-1.0186340659856796e-09,0.46302032470703125,0.00011269191402251792,-1.1864562034606934,0.24209068715572357,2581,0.519806444644928,1496,1.169857382774353,19,nan,0,nan,0
612,2506752,45155.5,55.2,39.92,34.33,20,0.25,501,0.7664670658682635,198,155,21,16,6,0,0,130,-4.2090330924082595,20.343434343434343,0.22521895170211792,-0.008942950516939163,0.9540790319442749,-0.037857799069024624,27.369267535209655,0.928708267211914,0.1048456622287631,0.04486360626178794,0.321826171875,22.552839517593384,-1.1059455573558807e-09,0.4518950581550598,0.00011238485158648926,-1.1869819164276123,0.2386578768491745,2595,0.49020662903785706,1467,2.0742640495300293,34,nan,0,nan,0
613,2510848,45230.0,55.3,39.63,34.39,20,0.25,190,0.7789473684210526,201,155,23,20,3,0,0,119,-4.1398493814319375,20.63681592039801,0.22024008631706238,-0.009107479825615883,0.9653401970863342,-0.03259504092857242,27.54070928096771,0.9272296130657196,0.11002283319830894,0.06617236857273383,0.36181640625,22.080903148651124,-7.8580342233181e-10,0.48898380994796753,0.0001120777891504606,-1.1872460842132568,0.23933613300323486,2468,0.49453938007354736,1588,2.3526721000671387,40,nan,0,nan,0
614,2514944,45304.4,55.4,39.62,34.31,20,0.25,385,0.7922077922077922,195,157,26,12,0,0,0,118,-4.259795088815056,21.056410256410256,0.2556411623954773,-0.008699433878064156,0.9589848518371582,-0.031100050342502072,25.75336326956749,0.9259390234947205,0.09726017843931914,0.04171266339544673,0.324267578125,22.905984830856323,-1.4551915228366852e-09,0.43800705671310425,0.00011177072671443194,-1.1877543926239014,0.24044518172740936,2595,0.4794233441352844,1461,1.8979021310806274,40,nan,0,nan,0
615,2519040,45379.1,55.1,39.92,34.38,20,0.25,64,0.75,191,149,18,23,1,0,0,121,-4.165024584600006,21.38219895287958,0.21682006120681763,-0.009003658778965473,0.9618437886238098,-0.033370849257335064,28.202188408374788,0.9237730264663696,0.10856401994824409,0.07545987081539351,0.39912109375,17.867799949645995,-2.561137080192566e-09,0.44544821977615356,0.00011146366427840328,-1.1882400512695312,0.23026905953884125,2472,0.48578009009361267,1589,2.23500394821167,35,nan,0,nan,0
616,2523136,45453.6,55.3,39.69,34.36,20,0.25,261,0.7624521072796935,197,151,23,16,7,0,0,126,-4.2767145621260445,20.65482233502538,0.22552138566970825,-0.008197631686925888,0.9656322002410889,-0.03565810788422823,26.312381434440614,0.9217418849468231,0.09370271479710937,0.04392762099305401,0.327490234375,25.17704882621765,-1.367880031466484e-09,0.38135451078414917,0.00011115660184237462,-1.1887449026107788,0.2367006540298462,2616,0.4603613018989563,1444,1.2499479055404663,36,nan,0,nan,0
617,2527232,45528.1,55.3,39.72,34.34,20,0.25,463,0.755939524838013,202,151,28,19,4,0,0,130,-4.395298664449043,20.336633663366335,0.20492538809776306,-0.007932176813483238,0.957883894443512,-0.03529867806937546,30.039486086368562,0.9197308480739593,0.08906814390793442,0.048060457296378443,0.302880859375,25.02615134716034,-2.2992026060819626e-09,0.3972872495651245,0.00011084953940634596,-1.1893044710159302,0.22320902347564697,2545,0.44436538219451904,1521,1.0574861764907837,30,nan,0,nan,0
618,2531328,45602.7,55.3,39.77,34.34,20,0.25,151,0.7947019867549668,200,155,21,20,4,0,0,127,-4.142640080994451,20.49,0.24041083455085754,-0.007503925822675228,0.9491786360740662,-0.027015035646036266,25.678730368614197,0.9176618099212647,0.0873828675597906,0.06265443869924639,0.3708984375,21.592426443099974,-3.0850060284137726e-09,0.3839566707611084,0.0001105424769703173,-1.1896605491638184,0.22405315935611725,2609,0.44273823499679565,1477,0.9976545572280884,10,nan,0,nan,0
619,2535424,45677.4,55.1,39.93,34.37,20,0.25,349,0.7650429799426934,198,147,21,29,1,0,0,114,-4.190504669344576,20.90909090909091,0.18602265417575836,-0.008328001014888287,0.9561313390731812,-0.03917988068424165,28.738507521152496,0.9166692495346069,0.09803386419080198,0.03479669992084382,0.277294921875,24.59454321861267,-3.7834979593753815e-09,0.43002229928970337,0.00011023541453428864,-1.189872145652771,0.21495451033115387,2650,0.44328317046165466,1376,1.480008840560913,70,nan,0,nan,0
620,2539520,45751.5,55.6,39.25,34.37,20,0.25,34,0.6764705882352942,197,143,26,25,3,0,0,117,-4.155435068516154,20.629441624365484,0.17268194258213043,-0.008276640437543392,0.9635804295539856,-0.03884740811772645,30.664030253887177,0.9154121339321136,0.09314273060299456,0.059378762866253966,0.357470703125,20.92749719619751,-2.4156179279088974e-09,0.4114726781845093,0.00010992835209825998,-1.1904689073562622,0.21891774237155914,2597,0.46182313561439514,1468,1.2110193967819214,31,nan,0,nan,0
621,2543616,45826.8,54.8,40.45,34.36,20,0.25,229,0.7641921397379913,195,152,27,15,1,0,0,121,-4.100614541125062,20.912820512820513,0.23025746643543243,-0.009208722040057182,0.9582158327102661,-0.03824592117452994,29.315378880500795,0.9127272725105285,0.11156768850050866,0.04576912171178264,0.308837890625,26.953252267837524,-3.7834979593753815e-10,0.4274434447288513,0.00010962128966223132,-1.1909443140029907,0.22848890721797943,2504,0.5106256008148193,1543,2.13193678855896,49,nan,0,nan,0
622,2547712,45901.5,55.1,39.97,34.36,20,0.25,424,0.7547169811320755,195,145,23,26,1,0,0,116,-4.142705846676706,20.825641025641026,0.1739669144153595,-0.008900050073862076,0.9628300666809082,-0.03941205600276589,30.779193568229676,0.9111128568649292,0.09920170297846198,0.05982818674965529,0.3529296875,19.0523784160614,-2.764863893389702e-09,0.41213011741638184,0.00010931422722620266,-1.191519021987915,0.23147282004356384,2419,0.4738977253437042,1640,2.0465829372406006,37,nan,0,nan,0
623,2551808,45976.1,55.3,39.73,34.38,20,0.25,111,0.7657657657657657,199,150,28,20,1,0,0,123,-4.171178190943331,20.899497487437184,0.20409293472766876,-0.009164328686892986,0.9638183116912842,-0.034429136430844665,29.75585539340973,0.9080360531806946,0.10927280653268098,0.039608090910769535,0.315087890625,26.537086296081544,-1.5425030142068863e-09,0.38955169916152954,0.000109007164790174,-1.192322850227356,0.22436855733394623,2427,0.502004861831665,1638,2.3909239768981934,31,nan,0,nan,0
624,2555904,46050.7,55.3,39.73,34.38,20,0.25,310,0.7677419354838709,199,153,23,21,2,0,0,121,-4.124768196111601,20.4321608040201,0.22355474531650543,-0.007811618968844414,0.960995614528656,-0.03380606408463791,28.388802182674407,0.9050241529941558,0.09136747461743652,0.0596008290653117,0.366064453125,21.125883293151855,-3.3760443329811096e-09,0.36541426181793213,0.00010870010235414534,-1.1929717063903809,0.2176491767168045,2432,0.4346855580806732,1631,1.26785147190094,33,nan,0,nan,0
625,2560000,46124.9,55.5,39.38,34.37,20,0.25,510,0.7764705882352941,200,158,22,17,3,0,0,126,-4.210840693177674,20.675,0.2466406673192978,-0.008957590907812119,0.961755633354187,-0.03454306714702397,27.043833088874816,0.9026277244091034,0.10356896743178368,0.05969916324684164,0.350537109375,22.223725819587706,-2.1245796233415604e-09,0.3635563850402832,0.00010839303991811668,-1.1936841011047363,0.2364324927330017,2490,0.48885565996170044,1585,1.24016535282135,21,nan,0,nan,0
626,2564096,46200.3,54.7,40.59,34.33,20,0.25,201,0.7810945273631841,203,158,25,15,5,0,0,132,-4.144863948795972,20.088669950738915,0.23574727773666382,-0.008434472605586052,0.961469292640686,-0.03596115253167227,25.921006751060485,0.8996800124645233,0.09584862068295479,0.08405406182282604,0.398974609375,17.517897510528563,-3.14321368932724e-09,0.4130985736846924,0.00010808597748208802,-1.1943522691726685,0.231125608086586,2547,0.4659819006919861,1537,0.7185266613960266,12,nan,0,nan,0
627,2568192,46274.5,55.5,39.46,34.32,20,0.25,397,0.7909319899244333,196,157,27,10,2,0,0,125,-4.088140481384609,21.066326530612244,0.24920856952667236,-0.008783388882875443,0.9543589949607849,-0.021583296661265194,25.589897048473357,0.8965165674686432,0.10109635079279541,0.06270459312800085,0.394189453125,23.28417615890503,-2.8230715543031693e-09,0.42070192098617554,0.00010777891504605936,-1.195359706878662,0.22075504064559937,2590,0.5029591917991638,1495,1.2107014656066895,11,nan,0,nan,0
628,2572288,46349.2,55.2,39.99,34.28,30,0.375,0,,195,161,16,17,1,0,0,132,-4.35406586764935,20.651282051282053,0.2865265905857086,-0.008185122162103653,0.9648808240890503,-0.029264617594890296,23.16535528898239,0.8931197881698608,0.09210767582990229,0.050912053919455504,0.322607421875,24.824162101745607,-1.7171259969472885e-09,0.3707725405693054,0.0001074718526100307,-1.1958343982696533,0.2323836237192154,2601,0.48684242367744446,1462,1.1186349391937256,33,nan,0,nan,0
629,2576384,46422.5,56.3,38.5,34.24,30,0.375,165,0.5757575757575758,181,107,38,34,2,0,0,84,-4.075122783569605,22.46961325966851,-0.001668296754360199,-0.021830279380083084,0.9744572043418884,-0.009133176691830159,35.63500335216522,0.8916478276252746,0.23362908270210028,0.03475782382010948,0.267822265625,49.0915189743042,-1.6298145055770874e-09,0.513169527053833,0.00010716479017400204,-1.1963293552398682,0.26489201188087463,2236,0.7296140789985657,1776,1.9483577013015747,84,nan,0,nan,0
630,2580480,46497.0,55.3,39.86,34.23,30,0.375,351,0.6666666666666666,186,139,30,16,1,0,0,108,-3.9490102847467305,22.440860215053764,0.15075568854808807,-0.015019737184047699,0.9826086759567261,-0.025182650180067868,29.32478986978531,0.8898941457271576,0.21243213154375554,0.02922243441280443,0.239013671875,35.89476056098938,-1.3969838619232178e-09,0.5648008584976196,0.00010685772773797338,-1.1965022087097168,0.25654253363609314,2410,0.5832391977310181,1612,3.6806986331939697,74,nan,0,nan,0
631,2584576,46570.8,55.8,39.11,34.25,30,0.375,22,0.6818181818181818,183,122,31,27,3,0,0,99,-4.084220249313989,22.191256830601095,0.07129167765378952,-0.017181413248181343,0.9754663705825806,-0.032826744578778745,31.94978747367859,0.8893185079097747,0.2015502005815506,0.05607180605729809,0.332861328125,25.330441665649413,-1.949956640601158e-09,0.5573979616165161,0.00010655066530194472,-1.1968226432800293,0.2521320581436157,2316,0.652794599533081,1708,2.3132524490356445,72,nan,0,nan,0
632,2588672,46644.5,55.9,38.97,34.25,30,0.375,206,0.6504854368932039,184,119,31,31,3,0,0,87,-4.111864989479587,22.157608695652176,0.04864683002233505,-0.0172102190554142,0.9780163764953613,-0.026839602482505144,29.564975714683534,0.8874016523361206,0.19564880039542915,0.052988834600546396,0.339208984375,24.106292819976808,-2.0372681319713593e-09,0.554390549659729,0.00010624360286591606,-1.1973555088043213,0.26909109950065613,2245,0.7044247984886169,1792,1.422015905380249,59,nan,0,nan,0
633,2592768,46718.6,55.6,39.42,34.28,30,0.375,397,0.6851385390428212,191,138,23,28,2,0,0,112,-4.079948030774217,21.63350785340314,0.14801354706287384,-0.015008926391601562,0.9772087335586548,-0.031654734583571556,28.952739310264587,0.8851751208305358,0.19096733024343848,0.043566147671663204,0.28642578125,28.25722999572754,-2.153683453798294e-09,0.5140758156776428,0.0001059365404298874,-1.1980783939361572,0.25308743119239807,2356,0.5809399485588074,1686,2.3667523860931396,54,nan,0,nan,0
634,2596864,46792.0,56.1,38.78,34.23,30,0.375,71,0.676056338028169,186,133,26,23,4,0,0,106,-3.9477238625990263,22.086021505376344,0.13385015726089478,-0.01503922138363123,0.9754475951194763,-0.035424666083417836,30.24270577430725,0.8818796217441559,0.16585401762276888,0.05055791770137148,0.320166015625,23.416440629959105,-2.2992026060819626e-09,0.4928988218307495,0.00010562947799385874,-1.198843002319336,0.24335232377052307,2271,0.5737372040748596,1772,1.7467560768127441,53,nan,0,nan,0
635,2600960,46865.7,55.9,39.02,34.24,30,0.375,250,0.656,179,116,29,30,4,0,0,89,-4.02415124344869,22.687150837988828,0.03882545605301857,-0.015810057520866394,0.9770232439041138,-0.02790049584582448,30.90097165107727,0.8794355630874634,0.1805070043541491,0.06210664799436927,0.327587890625,26.01562395095825,-1.8044374883174896e-09,0.5561730861663818,0.00010532241555783007,-1.1993130445480347,0.2399100959300995,2278,0.6186537146568298,1721,1.9464550018310547,97,nan,0,nan,0
636,2605056,46939.9,55.6,39.42,34.25,30,0.375,436,0.6490825688073395,186,119,31,35,1,0,0,99,-4.120089021387533,21.978494623655912,0.05996130034327507,-0.014986163936555386,0.9823529124259949,-0.03030713046900928,29.082681012153625,0.8774333775043488,0.16388892298564314,0.06102790023433045,0.355810546875,26.564404678344726,-2.3283064365386963e-09,0.5041253566741943,0.00010501535312180141,-1.1999105215072632,0.2600063979625702,2324,0.6236802935600281,1725,1.1152294874191284,47,nan,0,nan,0
637,2609152,47013.3,56.2,38.69,34.26,30,0.375,106,0.7169811320754716,182,117,34,28,3,0,0,90,-3.9090661644523768,22.45054945054945,0.046144239604473114,-0.01486098114401102,0.9762391448020935,-0.03336578332819044,34.30641393661499,0.8754034519195557,0.20038371048867704,0.04543634048459353,0.3146484375,23.287232637405396,-2.4156179279088974e-09,0.5260395407676697,0.00010470829068577275,-1.2001371383666992,0.23573778569698334,2288,0.5868425369262695,1737,2.61148738861084,71,nan,0,nan,0
638,2613248,47086.8,56.0,38.82,34.28,30,0.375,294,0.6870748299319728,188,126,30,30,2,0,0,89,-3.9304112244907468,21.925531914893618,0.08150095492601395,-0.015232724137604237,0.9849027395248413,-0.031795285607222466,33.143263483047484,0.87509486079216,0.19415948120877147,0.04505879393836949,0.317041015625,29.732862520217896,-2.473825588822365e-09,0.4581504464149475,0.00010440122824974409,-1.2002193927764893,0.2661658525466919,2348,0.6187083125114441,1713,2.382739305496216,35,nan,0,nan,0
639,2617344,47161.0,55.5,39.58,34.21,30,0.375,478,0.6882845188284519,184,127,24,31,1,1,0,96,-3.922823605115119,22.369565217391305,0.08422528207302094,-0.01436153706163168,0.9769938588142395,-0.02440803307108581,35.72490172386169,0.8741652965545654,0.2546234245412052,0.054339390245149846,0.31044921875,28.28211627006531,-2.0081643015146255e-09,0.500213623046875,0.00010409416581371543,-1.2005935907363892,0.24574784934520721,2326,0.6029950380325317,1705,4.949219703674316,65,nan,0,nan,0
640,2621440,47235.0,55.7,39.27,34.25,30,0.375,155,0.7419354838709677,189,139,26,21,3,0,0,110,-3.8344177534295514,21.375661375661377,0.15006503462791443,-0.012787023559212685,0.9805477261543274,-0.03370907881762832,28.854787945747375,0.8721199214458466,0.14209969574585557,0.04314259495440638,0.3068359375,29.266056060791016,-3.4924596548080444e-09,0.47447383403778076,0.00010378710337768677,-1.201284646987915,0.25774556398391724,2435,0.5493555068969727,1621,1.434560775756836,40,nan,0,nan,0
641,2625536,47308.1,56.4,38.35,34.32,30,0.375,337,0.7002967359050445,182,121,29,32,0,0,0,96,-3.9663007161523645,22.494505494505493,0.07490547001361847,-0.014322834089398384,0.9770056009292603,-0.034238663013093175,32.16461315155029,0.869166123867035,0.1744233344681561,0.051456330594373864,0.306298828125,28.06198329925537,-3.0850060284137726e-09,0.5011845827102661,0.00010348004094165811,-1.202059268951416,0.2563234567642212,2356,0.5799331068992615,1693,2.829118013381958,47,nan,0,nan,0
642,2629632,47382.1,55.7,39.36,34.22,30,0.375,12,0.8333333333333334,187,130,29,28,0,0,0,103,-3.919509540604551,22.06951871657754,0.0993213802576065,-0.01499229110777378,0.9779995083808899,-0.027908564498648047,29.55026400089264,0.8661167740821838,0.16593253584578632,0.06258607476920588,0.369384765625,29.152856254577635,-2.9103830456733704e-11,0.5286410450935364,0.00010317297850562945,-1.2027266025543213,0.2568763792514801,2325,0.5884791612625122,1674,1.8148839473724365,97,nan,0,nan,0
643,2633728,47455.6,56.1,38.8,34.23,30,0.375,192,0.6770833333333334,180,120,32,28,0,0,0,84,-3.760017881912808,22.788888888888888,0.07412160933017731,-0.01554800383746624,0.9793156385421753,-0.019783145957626404,28.96278430223465,0.8637791812419892,0.17465475536882877,0.08575828496686881,0.370703125,27.413382291793823,-2.7066562324762344e-09,0.5320086479187012,0.00010286591606960079,-1.2032380104064941,0.24914570152759552,2223,0.6113248467445374,1778,1.8464151620864868,95,nan,0,nan,0
644,2637824,47529.5,55.8,39.13,34.24,30,0.375,380,0.6710526315789473,188,125,37,23,3,0,0,97,-4.108522591655792,22.03723404255319,0.09486288577318192,-0.014009865932166576,0.9787614941596985,-0.028885718528181316,31.899288773536682,0.8615216553211212,0.15560537930577995,0.06913191358471522,0.38017578125,30.317099189758302,-2.8812792152166367e-09,0.47852617502212524,0.00010255885363357213,-1.2038357257843018,0.25364595651626587,2500,0.5374518036842346,1531,1.1645023822784424,65,nan,0,nan,0
645,2641920,47602.7,56.3,38.51,34.26,30,0.375,48,0.6666666666666666,180,122,36,21,1,0,0,89,-3.75626235750911,22.322222222222223,0.06522446125745773,-0.017097793519496918,0.9793156385421753,-0.00762471070047468,31.858569383621216,0.8599536538124084,0.218304589856416,0.0934701197402319,0.45029296875,21.91945538520813,-1.6880221664905548e-09,0.5049095153808594,0.00010225179119754347,-1.2040292024612427,0.24106904864311218,2143,0.6910797953605652,1866,1.6535496711730957,87,nan,0,nan,0
646,2646016,47676.5,55.9,39.03,34.25,30,0.375,238,0.6638655462184874,190,126,35,25,4,0,0,101,-3.9059775840461146,21.889473684210525,0.08576774597167969,-0.01498404424637556,0.9800307154655457,-0.04382440603803843,33.696911096572876,0.8590960383415223,0.1666355324909091,0.055083747139724436,0.320751953125,20.23313961029053,-1.949956640601158e-09,0.45747166872024536,0.00010194472876151485,-1.2044384479522705,0.24509111046791077,2322,0.6087703108787537,1720,1.970332145690918,54,nan,0,nan,0
647,2650112,47749.7,56.3,38.46,34.28,30,0.375,417,0.6714628297362111,179,122,40,17,0,0,0,102,-3.7971710877714826,22.854748603351954,0.09137114882469177,-0.016255706548690796,0.9805973768234253,-0.03017433185596019,31.16681854724884,0.856791740655899,0.1843278664164245,0.041409103795012926,0.271728515625,28.348895883560182,-2.7939677238464355e-09,0.5350379943847656,0.00010163766632548619,-1.2050528526306152,0.24661503732204437,2164,0.6326687932014465,1839,1.5401510000228882,93,nan,0,nan,0
648,2654208,47823.3,56.0,38.95,34.22,30,0.375,86,0.6627906976744186,181,119,33,27,2,0,0,92,-3.794037409964732,22.535911602209946,0.06171220541000366,-0.01599467359483242,0.9818646311759949,-0.030148001061752437,36.6671263217926,0.8539834141731262,0.2497965121641755,0.07043718766071834,0.343798828125,27.927530097961426,-2.444721758365631e-09,0.533740758895874,0.00010133060388945753,-1.2058498859405518,0.26123034954071045,2203,0.6297727227210999,1801,2.54073166847229,92,nan,0,nan,0
649,2658304,47896.9,56.0,38.9,34.25,30,0.375,265,0.6641509433962264,179,119,43,16,1,0,0,104,-4.111396434608641,22.743016759776538,0.06942160427570343,-0.015234998427331448,0.9836609363555908,-0.039329633861780164,33.50541872978211,0.8513399541378022,0.17500813910737634,0.04413363711501006,0.28984375,23.532420063018797,-2.444721758365631e-09,0.510959804058075,0.00010102354145342887,-1.2063493728637695,0.24832773208618164,2277,0.5710417032241821,1718,1.9681010246276855,101,nan,0,nan,0
650,2662400,47970.2,56.3,38.45,34.31,30,0.375,445,0.6719101123595506,180,123,38,17,2,0,0,91,-3.9110397472965093,22.755555555555556,0.07915403693914413,-0.014714069664478302,0.9780387878417969,-0.03650962803221773,35.84577112197876,0.8490126550197601,0.17454792866483332,0.04039181877014926,0.287841796875,27.923117256164552,-4.94765117764473e-10,0.5154460668563843,0.00010071647901740021,-1.2071318626403809,0.24413703382015228,2310,0.5650871992111206,1725,2.4608118534088135,61,nan,0,nan,0
651,2666496,48043.6,56.2,38.63,34.22,30,0.375,110,0.6363636363636364,177,117,33,25,2,0,0,95,-3.9113951121336905,23.43502824858757,0.0599885955452919,-0.015506211668252945,0.978310763835907,-0.03238979203160852,35.1606752038002,0.8453940331935883,0.18717780206352472,0.045080609458091205,0.307470703125,27.687893199920655,-2.9103830456733704e-11,0.40216052532196045,0.00010040941658137155,-1.208115577697754,0.24042749404907227,2205,0.6089940667152405,1801,1.567740559577942,90,nan,0,nan,0
652,2670592,48117.1,56.0,38.91,34.22,30,0.375,287,0.6689895470383276,177,122,34,19,2,0,0,95,-3.996922750101242,23.016949152542374,0.08475176990032196,-0.015392014756798744,0.9849451184272766,-0.029063264839351177,31.68533774614334,0.8416473567485809,0.1882687097415328,0.0363278646254912,0.289111328125,25.434352779388426,-1.3969838619232178e-09,0.5297189950942993,0.00010010235414534289,-1.2089521884918213,0.2754879593849182,2228,0.6229647994041443,1777,1.4266613721847534,91,nan,0,nan,0
653,2674688,48190.7,56.1,38.78,34.24,30,0.375,473,0.6828752642706131,186,131,32,23,0,0,0,102,-3.8879091061496593,22.236559139784948,0.1241508275270462,-0.013931328430771828,0.9774935841560364,-0.0369561955332756,30.58029510974884,0.8375009715557098,0.16428726268932223,0.0396061088598799,0.302685546875,24.03996024131775,-5.820766091346741e-10,0.47179120779037476,9.979529170931423e-05,-1.210263729095459,0.23826710879802704,2292,0.5489444136619568,1747,1.7940903902053833,57,nan,0,nan,0
654,2678784,48264.7,55.7,39.31,34.23,30,0.375,144,0.7708333333333334,183,141,23,14,4,1,0,116,-3.926542645144996,21.918032786885245,0.18478041887283325,-0.0141534935683012,0.9818553328514099,-0.026607845397666096,29.631097769737245,0.832868891954422,0.21253460589796305,0.03709261458134279,0.266455078125,31.18877058029175,-3.0850060284137726e-09,0.521260142326355,9.948822927328557e-05,-1.2111365795135498,0.24290674924850464,2363,0.5308142900466919,1683,4.687962055206299,50,nan,0,nan,0
655,2682880,48338.5,55.9,39.1,34.23,30,0.375,327,0.7217125382262997,183,125,30,27,1,0,0,92,-3.760090730140455,22.48087431693989,0.09331922233104706,-0.015131824649870396,0.9790441989898682,-0.02849394711665809,33.4981770992279,0.8303917467594146,0.21750067481771113,0.04787218199344352,0.2966796875,28.334177446365356,-3.0850060284137726e-09,0.5393377542495728,9.918116683725691e-05,-1.2114789485931396,0.26464226841926575,2265,0.6635355353355408,1789,1.7716342210769653,42,nan,0,nan,0
656,2686976,48411.9,56.2,38.67,34.23,30,0.375,511,0.7142857142857143,184,129,37,14,4,0,0,99,-3.774993716510253,22.39673913043478,0.1134459525346756,-0.015142318792641163,0.9800613522529602,-0.0301380543038249,31.777751994132995,0.8290349006652832,0.19403565786778926,0.05746448152785888,0.34091796875,23.087146711349487,-1.3096723705530167e-09,0.4497196674346924,9.887410440122825e-05,-1.2119581699371338,0.25235676765441895,2290,0.5977635979652405,1741,2.230369806289673,65,nan,0,nan,0
657,2691072,48486.0,55.6,39.43,34.25,30,0.375,182,0.7032967032967034,183,129,30,20,4,0,0,102,-3.7788370830081828,22.295081967213115,0.10953414440155029,-0.015607021749019623,0.9777663946151733,-0.026000843103975057,33.78216948509216,0.8265424370765686,0.19079297110438348,0.058492328022839504,0.367822265625,22.25480637550354,-2.9103830456733704e-09,0.4700722098350525,9.856704196519959e-05,-1.2126680612564087,0.24445118010044098,2256,0.6079801321029663,1787,2.8443963527679443,53,nan,0,nan,0
658,2695168,48559.9,55.7,39.3,34.23,30,0.375,360,0.7166666666666667,178,130,29,17,2,0,0,105,-3.879562154370965,22.96067415730337,0.12478466331958771,-0.015041007660329342,0.9726901650428772,-0.032632337883114815,31.178121280670165,0.8238549888134002,0.18782816510647535,0.056948683652444744,0.34697265625,22.0220787525177,-1.7462298274040222e-09,0.5364845395088196,9.825997952917093e-05,-1.2132091522216797,0.2431085854768753,2385,0.554855465888977,1603,2.325225591659546,108,nan,0,nan,0
659,2699264,48633.7,55.9,39.0,34.26,30,0.375,33,0.7272727272727273,185,138,27,17,3,0,0,107,-3.675115468755858,22.44864864864865,0.15360009670257568,-0.014006637036800385,0.9818460941314697,-0.03640421198215336,28.645072484016417,0.8222479939460754,0.15693159978836774,0.05656985095556592,0.340673828125,20.389142370224,-2.473825588822365e-09,0.4839128255844116,9.795291709314227e-05,-1.2136003971099854,0.2370227426290512,2184,0.5289713740348816,1818,1.4001007080078125,94,nan,0,nan,0
660,2703360,48707.7,55.7,39.26,34.23,30,0.375,212,0.5943396226415094,179,102,41,30,6,0,0,83,-3.853107215234758,22.56983240223464,-0.03460921347141266,-0.017368551343679428,0.9821291565895081,-0.02482581129297614,38.418149900436404,0.8207317650318146,0.2134874051436782,0.03591840653825784,0.277001953125,39.51511178016663,-1.8335413187742233e-09,0.49955689907073975,9.764585465711361e-05,-1.2139158248901367,0.24932891130447388,2216,0.6362640857696533,1779,2.264275074005127,101,nan,0,nan,0
661,2707456,48781.9,55.6,39.49,34.22,30,0.375,395,0.6455696202531646,183,129,28,26,0,0,0,98,-4.010166411143359,22.475409836065573,0.1110047921538353,-0.014913991093635559,0.9752108454704285,-0.031443032738752666,30.055539464950563,0.8193632900714874,0.173759163916111,0.03875877437239979,0.29111328125,30.65274124145508,-1.7462298274040222e-09,0.505800724029541,9.733879222108495e-05,-1.214280605316162,0.25151243805885315,2326,0.5978947877883911,1714,1.457035779953003,56,nan,0,nan,0
662,2711552,48855.6,55.9,39.11,34.21,30,0.375,63,0.6507936507936508,180,129,30,18,3,0,0,103,-3.9933843998450254,22.605555555555554,0.12707345187664032,-0.013962822034955025,0.9772727489471436,-0.03204834255157039,30.008517467975615,0.817968612909317,0.15819233367219568,0.07473779923020629,0.378076171875,20.35731372833252,-1.775333657860756e-09,0.4635876417160034,9.703172978505629e-05,-1.2146251201629639,0.22976811230182648,2314,0.5972851514816284,1725,1.3775532245635986,57,nan,0,nan,0
663,2715648,48929.9,55.5,39.6,34.24,30,0.375,246,0.6829268292682927,183,127,30,25,1,0,0,108,-3.8079113724433418,22.557377049180328,0.09933897107839584,-0.014658539555966854,0.980833113193512,-0.03310140317771584,30.255647337436677,0.8160994529724122,0.15961810816079378,0.05725263976491988,0.353125,22.976589012145997,-2.3865140974521637e-09,0.5083166360855103,9.672466734902763e-05,-1.2152795791625977,0.24752771854400635,2349,0.5663403272628784,1682,1.642915964126587,65,nan,0,nan,0
664,2719744,49002.8,56.6,38.18,34.23,30,0.375,416,0.65625,170,105,36,26,3,0,0,85,-3.8543289624673553,23.705882352941178,-0.0007247775793075562,-0.016086895018815994,0.9786041975021362,-0.014573798491619527,40.39630539417267,0.813700532913208,0.27157979402691124,0.06667116319149499,0.30146484375,33.254665327072146,-2.1245796233415604e-09,0.4802440404891968,9.641760491299897e-05,-1.215672492980957,0.2438562661409378,2251,0.628028929233551,1756,3.880277156829834,89,nan,0,nan,0
665,2723840,49076.4,55.9,38.93,34.29,30,0.375,82,0.6463414634146342,178,124,31,22,1,0,0,101,-3.9445841279909195,22.96629213483146,0.10681091248989105,-0.013957470655441284,0.9716691970825195,-0.025568635005038233,30.62404320240021,0.8122965872287751,0.21558441892266272,0.09573106778552756,0.34853515625,24.70043077468872,-2.7939677238464355e-09,0.5291264057159424,9.611054247697031e-05,-1.2161192893981934,0.2534653842449188,2445,0.6453721523284912,1602,2.751554489135742,49,nan,0,nan,0
666,2727936,49150.2,55.9,39.02,34.26,30,0.375,264,0.7234848484848485,182,138,27,17,0,0,0,112,-3.775404641376234,22.75824175824176,0.1678960621356964,-0.013714858330786228,0.9734287261962891,-0.030562056181952357,29.068556094169615,0.8101016044616699,0.16400270890444518,0.043800822754565163,0.32470703125,27.57787251472473,-1.076841726899147e-09,0.49245572090148926,9.580348004094165e-05,-1.2167621850967407,0.22273913025856018,2335,0.5409746170043945,1668,2.1000068187713623,93,nan,0,nan,0
667,2732032,49223.9,55.9,39.02,34.26,30,0.375,446,0.7197309417040358,182,130,27,20,5,0,0,105,-3.795102306024012,22.412087912087912,0.11840580403804779,-0.013987451791763306,0.979049563407898,-0.035579059878364204,34.11156055927277,0.8074839949607849,0.1621466303244233,0.049456520994135646,0.327294921875,30.73080954551697,-3.7834979593753815e-10,0.38171982765197754,9.549641760491299e-05,-1.2173502445220947,0.24388732016086578,2304,0.5606800317764282,1755,2.490245819091797,37,nan,0,nan,0
668,2736128,49297.6,56.0,38.99,34.21,30,0.375,115,0.7739130434782608,181,138,28,14,1,0,0,115,-3.871290225275191,22.85635359116022,0.17235583066940308,-0.013247158378362656,0.9785440564155579,-0.03422668562270701,25.600714373588563,0.8047783315181732,0.1418986921198666,0.06501888180500828,0.360400390625,19.962160110473633,-2.3283064365386963e-09,0.5164404511451721,9.518935516888433e-05,-1.2182095050811768,0.2461232990026474,2408,0.5374106764793396,1652,0.9822915196418762,36,nan,0,nan,0
669,2740224,49371.3,55.9,39.04,34.24,30,0.375,294,0.7619047619047619,179,135,27,16,1,0,0,115,-3.929103433506274,22.664804469273744,0.1692010909318924,-0.013656516559422016,0.9790655970573425,-0.03586952511686832,27.346743035316468,0.8008828282356262,0.15218836786225437,0.05813964065164327,0.35380859375,23.818548822402953,-8.149072527885437e-10,0.5155407786369324,9.488229273285567e-05,-1.2192130088806152,0.2367171198129654,2298,0.5560870170593262,1740,1.372534155845642,58,nan,0,nan,0
670,2744320,49444.4,56.4,38.39,34.27,30,0.375,470,0.7319148936170212,176,120,32,20,4,0,0,84,-3.818368070967992,23.511363636363637,0.08167052268981934,-0.014781198464334011,0.9780611991882324,-0.034935692930594085,37.46507833003998,0.7972440779209137,0.18983502527698876,0.040960651423665694,0.29404296875,22.91051878929138,-2.9103830456733704e-09,0.4096614122390747,9.457523029682701e-05,-1.2200746536254883,0.24102967977523804,2253,0.5781944990158081,1754,2.335848808288574,89,nan,0,nan,0
671,2748416,49518.3,55.8,39.1,34.3,30,0.375,136,0.7058823529411765,178,125,30,17,6,0,0,98,-3.893106296854292,22.89325842696629,0.11082492768764496,-0.014038177207112312,0.9729453921318054,-0.0292146255960688,30.123830962181092,0.7941588759422302,0.16260106870904564,0.07030412041785894,0.339501953125,26.47429223060608,-1.1932570487260818e-09,0.44973206520080566,9.426816786079835e-05,-1.2206833362579346,0.24253161251544952,2372,0.5778180956840515,1671,1.4521523714065552,53,nan,0,nan,0
672,2752512,49592.0,55.9,39.0,34.29,30,0.375,321,0.7320872274143302,185,139,32,12,2,0,0,101,-4.056607272681229,22.0972972972973,0.16109482944011688,-0.01409758348017931,0.9805676341056824,-0.03413146659731865,29.419694221019746,0.7929051756858826,0.1586827278137207,0.06269223634008085,0.358056640625,23.229653215408327,-3.987224772572517e-09,0.479572594165802,9.39611054247697e-05,-1.2206696271896362,0.2584153413772583,2328,0.5417559146881104,1722,1.7024112939834595,46,nan,0,nan,0
673,2756608,49666.2,55.6,39.36,34.28,30,0.375,503,0.7216699801192843,182,128,27,26,1,0,0,95,-4.002576948816281,22.456043956043956,0.10674210637807846,-0.014735473319888115,0.9767501354217529,-0.03219701524358243,32.47560632228851,0.793098920583725,0.17665939386934043,0.054798132042924406,0.355126953125,24.007902717590333,-1.7171259969472885e-09,0.4426802396774292,9.365404298874103e-05,-1.2206050157546997,0.23739133775234222,2316,0.5569835901260376,1699,2.0912363529205322,81,nan,0,nan,0
674,2760704,49740.0,55.8,39.16,34.26,30,0.375,181,0.6906077348066298,190,133,32,20,5,0,0,108,-3.9613030917931504,21.71578947368421,0.11623651534318924,-0.01556288544088602,0.9756784439086914,-0.03331780061125755,31.527057576179505,0.7926306188106537,0.18091999664902686,0.05931652639701497,0.351318359375,22.588269758224488,-2.2992026060819626e-09,0.47730839252471924,9.334698055271237e-05,-1.2210798263549805,0.24094556272029877,2219,0.6168271899223328,1812,2.4002878665924072,65,nan,0,nan,0
675,2764800,49814.2,55.5,39.51,34.28,30,0.375,366,0.73224043715847,185,143,20,21,1,0,0,112,-3.8823302381820515,22.016216216216215,0.18731717765331268,-0.01407240703701973,0.9813346862792969,-0.024025999195873737,25.167227375507355,0.7906903326511383,0.16112518534064293,0.061474955694575326,0.343359375,26.133820796012877,-3.2887328416109085e-09,0.4896577000617981,9.303991811668371e-05,-1.221364974975586,0.23769742250442505,2253,0.5349316596984863,1782,1.9067925214767456,61,nan,0,nan,0
676,2768896,49888.7,55.4,39.74,34.24,30,0.375,38,0.7105263157894737,184,127,32,25,0,0,0,108,-3.9639398076396017,22.35326086956522,0.09310505539178848,-0.016037777066230774,0.9805725812911987,-0.005659484682837501,30.37055082321167,0.7905696332454681,0.1922978083603084,0.08042877483676421,0.454541015625,30.63107681274414,-1.4842953532934189e-09,0.5249578952789307,9.273285568065505e-05,-1.2212733030319214,0.2641913592815399,2233,0.6269695162773132,1778,2.20570707321167,85,nan,0,nan,0
677,2772992,49962.8,55.7,39.29,34.28,30,0.375,227,0.6872246696035242,189,129,35,25,0,0,0,105,-3.9533754116887443,22.015873015873016,0.1119605302810669,-0.01375585701316595,0.9810596108436584,-0.03569323533447459,29.386898481845854,0.7899749457836152,0.15278143705800176,0.061006222075957336,0.339599609375,22.954622507095337,-2.240994945168495e-09,0.4840816259384155,9.24257932446264e-05,-1.2217211723327637,0.2503074109554291,2308,0.5534254908561707,1728,1.5853722095489502,60,nan,0,nan,0
678,2777088,50037.4,55.2,39.86,34.29,30,0.375,408,0.6862745098039216,181,124,31,23,3,0,0,99,-4.070394517869939,22.12154696132597,0.09517809748649597,-0.015675470232963562,0.9716475009918213,-0.030966742918826638,30.213409101963045,0.7871940314769745,0.181903194822371,0.07169104483618867,0.372216796875,23.658906507492066,-5.238689482212067e-10,0.5246987342834473,9.211873080859773e-05,-1.2225645780563354,0.250405877828598,2385,0.5965747833251953,1631,2.5479984283447266,80,nan,0,nan,0
679,2781184,50111.2,55.9,39.05,34.27,30,0.375,77,0.7792207792207793,181,137,18,25,1,0,0,108,-3.7688995848822153,22.558011049723756,0.16109320521354675,-0.012956656515598297,0.9782886505126953,-0.032053296198137106,25.787675845623017,0.7838992059230805,0.14720470951870085,0.042978070727258455,0.302685546875,27.549151563644408,-6.111804395914078e-10,0.5008736848831177,9.181166837256907e-05,-1.223388910293579,0.23614832758903503,2302,0.5213907957077026,1748,1.434025764465332,46,nan,0,nan,0
680,2785280,50185.9,55.1,40.01,34.29,30,0.375,271,0.7822878228782287,194,152,21,19,2,0,0,123,-3.84214200429455,21.45360824742268,0.21813762187957764,-0.012732056900858879,0.9674525856971741,-0.031589608266949655,24.42187168598175,0.7814586162567139,0.1687768674455583,0.04911120716133155,0.314501953125,22.604027891159056,-2.2118911147117615e-09,0.5038912296295166,9.150460593654041e-05,-1.2236932516098022,0.23046062886714935,2450,0.595441997051239,1623,1.024018406867981,23,nan,0,nan,0
681,2789376,50260.1,55.6,39.39,34.27,30,0.375,452,0.7588495575221239,181,131,24,22,4,0,0,101,-4.035411787571228,22.475138121546962,0.13558480143547058,-0.01367800123989582,0.9787994623184204,-0.030920769716612995,31.555707502365113,0.7805715441703797,0.15434695221483707,0.04934941739338683,0.3138671875,32.2770893573761,-1.1350493878126144e-09,0.38626474142074585,9.119754350051175e-05,-1.2239443063735962,0.23771633207798004,2397,0.5387627482414246,1643,1.7974281311035156,56,nan,0,nan,0
682,2793472,50334.4,55.5,39.6,34.24,30,0.375,122,0.7950819672131147,182,146,15,18,3,0,0,121,-3.945726321697105,22.142857142857142,0.209184467792511,-0.0116007961332798,0.9667859077453613,-0.033650613157078624,23.06586824655533,0.7792024135589599,0.1342600298114121,0.055261261980922426,0.3048828125,25.687145042419434,-2.852175384759903e-09,0.5016219615936279,9.08904810644831e-05,-1.2243646383285522,0.23889261484146118,2461,0.5060948133468628,1614,1.7512588500976562,21,nan,0,nan,0
683,2797568,50408.4,55.7,39.32,34.24,30,0.375,306,0.7941176470588235,184,146,19,18,1,0,0,123,-3.7368283141559067,22.706521739130434,0.19706758856773376,-0.011476436629891396,0.9744376540184021,-0.030185993295162916,23.854844999313354,0.7772381901741028,0.13098437748849392,0.04378816556272795,0.3287109375,27.406647396087646,-1.4260876923799515e-09,0.4736958146095276,9.058341862845444e-05,-1.2249181270599365,0.23022401332855225,2334,0.48173195123672485,1715,1.1767261028289795,47,nan,0,nan,0
684,2801664,50482.4,55.8,39.22,34.24,30,0.375,487,0.7823408624229979,181,138,18,25,0,0,0,108,-3.860218061539208,22.23756906077348,0.17234835028648376,-0.014611990191042423,0.9793103337287903,-0.0316390166291967,29.258286452293397,0.7750442802906037,0.17048791144043207,0.04252333120966796,0.31171875,29.296105527877806,-2.270098775625229e-09,0.4262370467185974,9.027635619242578e-05,-1.2254300117492676,0.2500036060810089,2396,0.5787501931190491,1656,1.4158496856689453,44,nan,0,nan,0
685,2805760,50556.4,55.7,39.34,34.25,30,0.375,162,0.7592592592592593,187,141,22,22,2,0,0,121,-3.9947247900836533,22.171122994652407,0.17842870950698853,-0.012030323967337608,0.9713481664657593,-0.026323753665201365,27.253628778457642,0.7724981009960175,0.14240678530186415,0.11732834478752921,0.41328125,20.706982851028442,-2.1245796233415604e-09,0.45078253746032715,8.996929375639714e-05,-1.2261513471603394,0.2270336002111435,2423,0.5229387283325195,1623,2.5299243927001953,50,nan,0,nan,0
686,2809856,50630.4,55.7,39.25,34.24,30,0.375,339,0.7610619469026548,177,135,23,17,2,0,0,101,-3.8840923756604457,23.07909604519774,0.1735171377658844,-0.013079188764095306,0.9785659313201904,-0.03593637163285166,26.238659453392028,0.7695580542087554,0.15080224834382533,0.047121238143881784,0.345703125,23.09221296310425,-2.9685907065868378e-09,0.4531882405281067,8.966223132036848e-05,-1.2269749641418457,0.2326107770204544,2392,0.526252031326294,1641,1.4440487623214722,63,nan,0,nan,0
687,2813952,50704.6,55.5,39.54,34.26,30,0.375,14,0.8571428571428571,187,125,35,27,0,0,0,96,-3.977982161794417,21.967914438502675,0.08798977732658386,-0.014478141441941261,0.976976215839386,-0.0331443939357996,30.99470603466034,0.766505879163742,0.1648424626328051,0.04133529776299838,0.26904296875,34.232205629348755,-9.89530235528946e-10,0.5040648579597473,8.935516888433982e-05,-1.2276209592819214,0.2408788502216339,2304,0.5799709558486938,1740,1.784292459487915,52,nan,0,nan,0
688,2818048,50778.4,55.9,39.07,34.25,30,0.375,194,0.7422680412371134,180,132,31,15,2,0,0,106,-3.8859851781686308,22.93888888888889,0.15003424882888794,-0.015071779489517212,0.9767619967460632,-0.028208073531277477,27.77375786304474,0.764328145980835,0.18780795028433203,0.062104013889620543,0.304931640625,26.728240537643433,-6.984919309616089e-10,0.5237806439399719,8.904810644831116e-05,-1.2280926704406738,0.23090879619121552,2340,0.5377791523933411,1639,2.3469300270080566,117,nan,0,nan,0
689,2822144,50852.3,55.7,39.23,34.27,30,0.375,376,0.7393617021276596,182,134,22,25,1,0,0,112,-4.011947162065194,22.065934065934066,0.1582833230495453,-0.013579159043729305,0.9724067449569702,-0.03361690246965736,27.987886464595796,0.7626546144485473,0.15580849843099714,0.04182801170682069,0.297998046875,26.49398636817932,-1.7462298274040222e-09,0.49062150716781616,8.87410440122825e-05,-1.2285022735595703,0.2384953498840332,2402,0.5412313342094421,1656,1.7741687297821045,38,nan,0,nan,0
690,2826240,50926.9,55.3,39.83,34.27,30,0.375,53,0.6226415094339622,189,131,26,32,0,0,0,111,-3.92798333432036,22.047619047619047,0.1313178539276123,-0.014178797602653503,0.9785001277923584,-0.03193403359036893,28.610172033309937,0.7605838537216186,0.1578500082716346,0.03925311360944761,0.29462890625,28.572509050369263,-1.6589183360338211e-09,0.4715544581413269,8.843398157625384e-05,-1.2290838956832886,0.2409851998090744,2388,0.5679067969322205,1662,1.3778080940246582,46,nan,0,nan,0
691,2830336,51000.6,55.9,38.97,34.25,30,0.375,235,0.6510638297872341,182,120,26,34,2,0,0,98,-3.9583022097305416,22.36813186813187,0.07137531042098999,-0.015123166143894196,0.9777721166610718,-0.03888957628514618,30.471913623809815,0.7584682583808899,0.19065379593521356,0.042326097458135335,0.314306640625,28.903376579284668,-1.4842953532934189e-09,0.4998739957809448,8.812691914022518e-05,-1.2295451164245605,0.24651876091957092,2270,0.617290198802948,1745,1.8753045797348022,81,nan,0,nan,0
692,2834432,51075.1,55.3,39.77,34.29,30,0.375,417,0.6930455635491607,182,136,22,22,2,0,0,115,-3.992070831468152,22.587912087912088,0.1706230342388153,-0.013940416276454926,0.9729177355766296,-0.03349215742200613,26.521413457393646,0.7563011586666107,0.18614496951922774,0.04563528647850035,0.2849609375,26.061942386627198,-2.8230715543031693e-09,0.5190709233283997,8.781985670419652e-05,-1.230177879333496,0.2271673083305359,2455,0.5564687252044678,1583,4.167752265930176,58,nan,0,nan,0
693,2838528,51149.2,55.6,39.4,34.29,30,0.375,88,0.8636363636363636,183,143,19,19,2,0,0,114,-3.9153648499806346,22.16393442622951,0.1904895305633545,-0.012990033254027367,0.971377432346344,-0.03643249748274684,26.22357738018036,0.7540120601654052,0.147470442019403,0.06878799841797445,0.36025390625,20.128061628341676,-1.862645149230957e-09,0.4861363172531128,8.751279426816786e-05,-1.230769157409668,0.2292041778564453,2449,0.5015367269515991,1593,2.016988754272461,54,nan,0,nan,0
694,2842624,51223.2,55.7,39.21,34.28,30,0.375,272,0.7794117647058824,184,136,22,23,3,0,0,103,-3.7970794148518214,22.76086956521739,0.1604783833026886,-0.01264188438653946,0.967024564743042,-0.04061275310814381,27.79866977930069,0.7514471590518952,0.14144382933154703,0.058160169604525434,0.35302734375,22.75442063808441,-2.1245796233415604e-09,0.42351096868515015,8.72057318321392e-05,-1.2313481569290161,0.2299470454454422,2381,0.5277712941169739,1672,1.1755787134170532,43,nan,0,nan,0
695,2846720,51297.2,55.7,39.24,34.28,30,0.375,457,0.7636761487964989,185,137,29,16,3,0,0,112,-3.782667511634568,21.91891891891892,0.1562734693288803,-0.014541995711624622,0.9749424457550049,-0.024772799923084676,32.50612734556198,0.7493993937969208,0.18960125278681517,0.047564872963994274,0.337353515625,27.605083179473876,-3.4051481634378433e-09,0.49361521005630493,8.689866939611054e-05,-1.231900691986084,0.24545983970165253,2327,0.5918416976928711,1693,2.5990798473358154,76,nan,0,nan,0
696,2850816,51370.8,56.0,38.92,34.27,30,0.375,122,0.6967213114754098,177,126,29,19,3,0,0,102,-3.9645536877709744,23.152542372881356,0.11915696412324905,-0.015047811903059483,0.9757591485977173,-0.031419572746381165,29.275098466873168,0.7467855215072632,0.1869221253320575,0.040361838684475515,0.274267578125,26.335544872283936,-1.367880031466484e-09,0.5482635498046875,8.659160696008188e-05,-1.2326337099075317,0.23876945674419403,2283,0.587800920009613,1715,2.215658187866211,98,nan,0,nan,0
697,2854912,51444.8,55.7,39.31,34.25,30,0.375,307,0.7231270358306189,185,137,25,17,6,0,0,118,-3.904159198226064,22.394594594594594,0.17147596180438995,-0.013036297634243965,0.9721298813819885,-0.03359183615539223,27.444837629795074,0.7440676867961884,0.15225503146648406,0.05575201932952041,0.344384765625,24.57687578201294,-2.066371962428093e-09,0.4624788165092468,8.628454452405322e-05,-1.2331833839416504,0.23166246712207794,2289,0.5323717594146729,1746,1.8566256761550903,61,nan,0,nan,0
698,2859008,51518.5,56.0,38.89,34.29,30,0.375,486,0.7222222222222222,179,129,22,25,3,0,0,104,-3.888022169567719,22.687150837988828,0.14942531287670135,-0.01316692866384983,0.976002037525177,-0.032637519063428044,27.699346661567688,0.7417528629302979,0.1494269747287035,0.0497754999800236,0.34140625,19.93887314796448,-1.7462298274040222e-09,0.43180787563323975,8.597748208802456e-05,-1.2338764667510986,0.23365548253059387,2356,0.5561413764953613,1718,1.1685798168182373,22,nan,0,nan,0
699,2863104,51592.6,55.5,39.48,34.28,30,0.375,152,0.6710526315789473,178,120,33,24,1,0,0,99,-3.781420317266161,22.808988764044944,0.08793698251247406,-0.013654539361596107,0.979836642742157,-0.03354452673811466,31.27275279760361,0.738500851392746,0.15153897861018778,0.0629349637994892,0.357080078125,27.29324812889099,-2.35741026699543e-09,0.44863057136535645,8.56704196519959e-05,-1.2347350120544434,0.23933802545070648,2362,0.5808040499687195,1692,1.0589983463287354,42,nan,0,nan,0
700,2867200,51666.1,56.2,38.68,34.25,30,0.375,334,0.6976047904191617,182,131,36,13,2,0,0,100,-3.9533414404148934,22.565934065934066,0.12109877914190292,-0.015115384012460709,0.9744507074356079,-0.038201188249513504,30.34451296329498,0.7357746422290802,0.18990321401506663,0.04415239383961307,0.298046875,21.232000017166136,-1.775333657860756e-09,0.551927924156189,8.536335721596724e-05,-1.2353001832962036,0.22453895211219788,2268,0.6194730997085571,1736,1.8329039812088013,92,nan,0,nan,0
701,2871296,51739.8,55.9,39.0,34.25,30,0.375,509,0.7229862475442044,175,135,22,15,3,0,0,111,-3.9012838665701617,23.274285714285714,0.18102525174617767,-0.013223282992839813,0.9780668020248413,-0.029391082096844913,25.018320274353027,0.7331650793552399,0.14701405903324485,0.06559841624402907,0.3291015625,25.418334865570067,-1.280568540096283e-09,0.4565046429634094,8.505629477993858e-05,-1.236018180847168,0.2445397824048996,2364,0.5448760986328125,1653,1.090522289276123,79,nan,0,nan,0
702,2875392,51813.4,56.0,38.82,34.26,30,0.375,177,0.711864406779661,180,129,27,24,0,0,0,101,-3.7893560524668155,22.58888888888889,0.13561391830444336,-0.013287047855556011,0.9739530086517334,-0.03212652392685413,29.806112003326415,0.7305746674537659,0.1477488518692553,0.05367757349013118,0.349169921875,22.733667421340943,-1.775333657860756e-09,0.40836578607559204,8.474923234390992e-05,-1.236519694328308,0.2285127490758896,2335,0.5202880501747131,1690,1.9369126558303833,71,nan,0,nan,0
703,2879488,51886.6,56.3,38.47,34.26,30,0.375,358,0.7262569832402235,181,134,23,22,2,0,0,97,-3.8663861339469956,22.900552486187845,0.15509314835071564,-0.013951105996966362,0.9739463329315186,-0.025997373135760428,33.89030432701111,0.7290397942066192,0.1828225084580481,0.05987804466567468,0.351953125,22.118284463882446,-2.0372681319713593e-09,0.47296303510665894,8.444216990788126e-05,-1.2367949485778809,0.2381581962108612,2308,0.5372731685638428,1686,2.465773820877075,102,nan,0,nan,0
704,2883584,51960.6,55.7,39.26,34.27,30,0.375,24,0.8333333333333334,178,135,25,17,1,0,0,111,-3.8537890799521866,23.05056179775281,0.17952962219715118,-0.014175456017255783,0.9765186309814453,-0.03348521025618538,27.94282032251358,0.7276950240135193,0.15739190485328436,0.061153194335929584,0.3578125,19.949031496047972,-3.055902197957039e-09,0.4247087240219116,8.41351074718526e-05,-1.2373312711715698,0.24446861445903778,2320,0.5361707806587219,1734,2.722804546356201,42,nan,0,nan,0
705,2887680,52033.7,56.4,38.41,34.26,30,0.375,202,0.7425742574257426,178,130,32,15,1,0,0,100,-3.872624158580066,22.93820224719101,0.1410561203956604,-0.013755588792264462,0.9803470969200134,-0.033636436879169195,31.793245720863343,0.7254437565803528,0.1584931523539126,0.03428208632831229,0.295654296875,31.198002910614015,-8.731149137020111e-11,0.40451937913894653,8.382804503582394e-05,-1.2377972602844238,0.23383301496505737,2323,0.5590859055519104,1733,1.9081932306289673,40,nan,0,nan,0
706,2891776,52107.4,55.9,38.97,34.25,30,0.375,379,0.7440633245382586,177,132,26,19,0,0,0,110,-3.9479983229120212,23.073446327683616,0.15770700573921204,-0.01224512979388237,0.9711661338806152,-0.030824337777448817,29.365312588214874,0.724103569984436,0.14841037495061754,0.06982314260094427,0.339306640625,21.91303472518921,-9.313225746154785e-10,0.4459646940231323,8.352098259979528e-05,-1.2380229234695435,0.2104804366827011,2366,0.4882354140281677,1673,2.6896040439605713,57,nan,0,nan,0
707,2895872,52180.7,56.3,38.54,34.27,30,0.375,39,0.6410256410256411,172,127,29,16,0,0,0,102,-3.786366214157588,23.6453488372093,0.13741269707679749,-0.014492022804915905,0.9783384203910828,-0.029876338364556432,34.02082145214081,0.7225403130054474,0.1768926877528429,0.07465496531367535,0.262939453125,31.206638526916503,-2.648448571562767e-09,0.5112265348434448,8.321392016376662e-05,-1.23868989944458,0.24933481216430664,2174,0.5705380439758301,1867,2.595313549041748,55,nan,0,nan,0
708,2899968,52255.0,55.5,39.57,34.26,30,0.375,224,0.7098214285714286,185,134,30,21,0,0,0,108,-3.721555326784602,22.36756756756757,0.14796370267868042,-0.013316528871655464,0.973919689655304,-0.03734347955323756,30.27548518180847,0.7198022246360779,0.15956171797588467,0.03963078688975656,0.295703125,25.954615306854247,-2.7066562324762344e-09,0.40733784437179565,8.290685772773797e-05,-1.239283800125122,0.23575228452682495,2220,0.5524876117706299,1828,1.8368464708328247,48,nan,0,nan,0
709,2904064,52329.2,55.6,39.41,34.29,30,0.375,404,0.7202970297029703,180,132,34,13,1,0,0,109,-3.7700070845539275,22.955555555555556,0.15232445299625397,-0.012346265837550163,0.9683350324630737,-0.03991185100749135,29.06111536026001,0.7171725749969482,0.1447957177646458,0.05308769448456587,0.32626953125,22.123241329193114,-8.440110832452774e-10,0.4581824541091919,8.25997952917093e-05,-1.2401071786880493,0.2233034074306488,2308,0.5160584449768066,1708,1.1966310739517212,80,nan,0,nan,0
710,2908160,52403.0,55.9,39.04,34.26,30,0.375,75,0.8,183,135,32,14,2,0,0,107,-3.8688997282626554,22.55191256830601,0.15298695862293243,-0.013200050219893456,0.9690774083137512,-0.03195121947210282,28.292054569721223,0.7137646973133087,0.15678400099277495,0.053741460366290995,0.333203125,20.126442527770998,-1.1641532182693481e-10,0.47861140966415405,8.229273285568065e-05,-1.2408628463745117,0.22579315304756165,2316,0.5470892190933228,1736,2.3633768558502197,44,nan,0,nan,0
711,2912256,52476.3,56.2,38.58,34.29,30,0.375,255,0.7607843137254902,180,134,24,22,0,0,0,115,-3.799710446999088,22.52777777777778,0.15840661525726318,-0.013308818452060223,0.9711440205574036,-0.04059804133139551,28.087486732006074,0.7105735957622528,0.14855115367099642,0.05146697584132198,0.33056640625,18.738369035720826,-1.5133991837501526e-09,0.45685046911239624,8.198567041965199e-05,-1.2417948246002197,0.22070816159248352,2288,0.5427964329719543,1768,1.743421196937561,40,nan,0,nan,0
712,2916352,52550.5,55.6,39.42,34.29,30,0.375,439,0.7585421412300684,184,139,31,14,0,0,0,117,-3.84758233505707,21.97826086956522,0.17548497021198273,-0.015210805460810661,0.9813394546508789,-0.0316732149105519,26.97683588266373,0.7075490534305573,0.19022912411019205,0.08408154189673951,0.3515625,23.886305952072142,-1.2514647096395493e-09,0.5228027105331421,8.167860798362333e-05,-1.2422301769256592,0.23387295007705688,2169,0.6413607001304626,1853,1.6769237518310547,74,nan,0,nan,0
713,2920448,52624.3,55.9,39.06,34.26,30,0.375,116,0.6896551724137931,189,129,41,15,4,0,0,103,-4.142738678077042,21.92063492063492,0.11075660586357117,-0.013229923322796822,0.970565676689148,-0.03961539854644798,30.872577810287474,0.7057678043842316,0.15192734552547335,0.03688839007518254,0.278271484375,24.960660648345947,0.0,0.5181036591529846,8.137154554759467e-05,-1.2428662776947021,0.22726301848888397,2353,0.5666143894195557,1689,1.841823697090149,54,nan,0,nan,0
714,2924544,52698.0,55.9,39.06,34.24,30,0.375,291,0.7079037800687286,175,126,32,17,0,0,0,101,-3.9400488864458594,23.057142857142857,0.1287507563829422,-0.012523898854851723,0.975261390209198,-0.03723332993686199,30.473793053627013,0.7032758295536041,0.14650644594803452,0.047107637916633395,0.300634765625,21.4060688495636,-1.775333657860756e-09,0.46571892499923706,8.1064483111566e-05,-1.2433278560638428,0.22304481267929077,2264,0.5571610331535339,1728,1.1766971349716187,104,nan,0,nan,0
715,2928640,52771.8,55.8,39.09,34.26,30,0.375,479,0.7098121085594989,188,134,28,24,2,0,0,112,-3.7862718953347194,22.28723404255319,0.1453772485256195,-0.013124383054673672,0.9736437797546387,-0.03561717583797872,31.756634449958803,0.701438170671463,0.15465558739379048,0.04314737648091978,0.2935546875,20.20033965110779,-2.764863893389702e-09,0.4501713514328003,8.075742067553735e-05,-1.2438724040985107,0.2340792566537857,2304,0.5328152775764465,1748,1.9263290166854858,44,nan,0,nan,0
716,2932736,52844.6,56.6,38.06,34.27,30,0.375,141,0.7801418439716312,174,138,20,16,0,0,0,111,-3.860644023061726,23.03448275862069,0.20361410081386566,-0.012642609886825085,0.9742478132247925,-0.03120887916884385,24.775479018688202,0.699573278427124,0.1411966930143535,0.049170382432930634,0.325390625,28.34329833984375,-2.2992026060819626e-09,0.47772473096847534,8.045035823950869e-05,-1.244163990020752,0.23828890919685364,2359,0.504088282585144,1667,1.2658888101577759,70,nan,0,nan,0
717,2936832,52918.4,55.8,39.12,34.27,30,0.375,323,0.7585139318885449,182,135,24,20,3,0,0,112,-3.7684261824791503,22.785714285714285,0.1634710729122162,-0.012943912297487259,0.9716402888298035,-0.030400856968481094,33.56399731636047,0.6985202133655548,0.17908505722880363,0.04924408941005822,0.310546875,26.335958242416382,-1.9208528101444244e-09,0.4333451986312866,8.014329580348003e-05,-1.2444323301315308,0.22145867347717285,2299,0.5543051958084106,1737,3.0153119564056396,60,nan,0,nan,0
718,2940928,52991.7,56.3,38.49,34.26,30,0.375,499,0.7595190380761523,176,134,28,13,1,0,0,112,-3.9266930199083165,23.09090909090909,0.17372441291809082,-0.013226877897977829,0.9742347002029419,-0.03468749045860022,26.097546577453613,0.6977019488811493,0.13958536786958575,0.04666729887103429,0.3091796875,26.109381675720215,-1.8335413187742233e-09,0.5025709271430969,7.983623336745137e-05,-1.244591236114502,0.2338830828666687,2363,0.5426298975944519,1675,1.8536856174468994,58,nan,0,nan,0
719,2945024,53065.4,55.9,39.06,34.25,30,0.375,166,0.7048192771084337,179,127,37,14,1,0,0,100,-3.9490328001284225,22.893854748603353,0.14179079234600067,-0.013394135981798172,0.9737043380737305,-0.03648138120770454,31.712095761299132,0.6966265082359314,0.1519042887724936,0.03602905900188489,0.256591796875,26.118671464920045,-1.3969838619232178e-09,0.46029728651046753,7.95291709314227e-05,-1.2450673580169678,0.226430743932724,2253,0.5587809085845947,1750,1.5114197731018066,93,nan,0,nan,0
720,2949120,53139.3,55.8,39.17,34.29,30,0.375,342,0.7543859649122807,176,141,24,9,2,0,0,115,-3.8497959749861526,23.40340909090909,0.21367162466049194,-0.014190228655934334,0.9785714149475098,-0.029708900349214674,25.40588935017586,0.6944492757320404,0.16743530835956336,0.046342098288005215,0.301806640625,23.771953535079955,-1.862645149230957e-09,0.47968590259552,7.922210849539405e-05,-1.2455759048461914,0.23289275169372559,2333,0.5199596881866455,1689,2.185903549194336,74,nan,0,nan,0
721,2953216,53213.6,55.5,39.51,34.26,30,0.375,5,0.8,175,126,34,15,0,0,0,100,-3.8937495885968367,23.062857142857144,0.14022859930992126,-0.013317892327904701,0.9760265350341797,-0.028916713129729033,29.697429847717284,0.6924467742443084,0.1505940911360085,0.040342873257759496,0.31962890625,25.84425296783447,-1.5425030142068863e-09,0.48286759853363037,7.891504605936539e-05,-1.246100902557373,0.24279537796974182,2323,0.5482515692710876,1737,1.7280757427215576,36,nan,0,nan,0
722,2957312,53287.3,55.9,39.03,34.28,30,0.375,185,0.772972972972973,180,139,27,13,1,0,0,114,-4.016751901136403,23.06111111111111,0.17965352535247803,-0.014995653182268143,0.9731869101524353,-0.03843152120243758,30.78271460533142,0.6902844369411468,0.18688364382833242,0.05245365246955771,0.339990234375,22.299625444412232,-5.238689482212067e-10,0.5133411884307861,7.860798362333673e-05,-1.2466139793395996,0.23181074857711792,2351,0.5857686996459961,1654,2.005361318588257,91,nan,0,nan,0
723,2961408,53361.5,55.6,39.44,34.29,30,0.375,364,0.7774725274725275,179,140,27,10,2,0,0,114,-3.9589290335096403,22.631284916201118,0.21226558089256287,-0.012995555996894836,0.9724279046058655,-0.028982529928907753,28.800417959690094,0.6885900914669036,0.15321024376899003,0.04015252736280672,0.31123046875,25.6607545375824,-2.3865140974521637e-09,0.4412309527397156,7.830092118730807e-05,-1.2469182014465332,0.23140858113765717,2373,0.5494721531867981,1689,1.44795560836792,34,nan,0,nan,0
724,2965504,53435.7,55.6,39.44,34.27,30,0.375,40,0.775,188,143,20,23,2,0,0,117,-4.043280958791831,22.25531914893617,0.19458669424057007,-0.011963466182351112,0.974155604839325,-0.03300727519672364,26.727291929721833,0.6877517879009247,0.13241130718961358,0.03630978520959616,0.287548828125,25.458910369873045,-2.2118911147117615e-09,0.3831687569618225,7.799385875127943e-05,-1.247061014175415,0.21974144876003265,2461,0.48043540120124817,1583,1.2766590118408203,52,nan,0,nan,0
725,2969600,53510.2,55.3,39.84,34.25,30,0.375,223,0.7847533632286996,183,144,19,20,0,0,0,121,-3.8190634149351137,22.185792349726775,0.21409356594085693,-0.011394847184419632,0.9688218832015991,-0.035390696162357925,24.447994029521944,0.6869061470031739,0.1286632502451539,0.059815466360305436,0.340771484375,19.201156425476075,-1.4551915228366852e-09,0.3798724412918091,7.768679631525077e-05,-1.2475067377090454,0.2181204855442047,2493,0.4816064238548279,1579,1.0027977228164673,24,nan,0,nan,0
726,2973696,53584.1,55.8,39.14,34.23,30,0.375,402,0.7860696517412935,179,141,17,19,2,0,0,115,-3.9125970451187957,22.837988826815643,0.21259534358978271,-0.011795039288699627,0.9665560126304626,-0.03520379639230668,25.191986680030823,0.6843484222888947,0.13023475231602788,0.07409415886504575,0.381103515625,21.108924531936644,-2.561137080192566e-09,0.4677126407623291,7.737973387922211e-05,-1.2481584548950195,0.22081071138381958,2423,0.48758646845817566,1617,1.5593615770339966,56,nan,0,nan,0
727,2977792,53657.8,55.9,39.0,34.26,30,0.375,68,0.6470588235294118,178,131,27,19,1,0,0,103,-3.8729246644695245,22.99438202247191,0.14826154708862305,-0.0130995474755764,0.9783052802085876,-0.041193724633194505,29.773002123832704,0.6820846796035767,0.14559670370072125,0.03735364025342278,0.31064453125,22.739388179779052,-3.3760443329811096e-09,0.425991952419281,7.707267144319345e-05,-1.2486644983291626,0.2346545159816742,2222,0.5366972088813782,1834,1.786400556564331,40,nan,0,nan,0
728,2981888,53732.3,55.3,39.74,34.29,30,0.375,251,0.7370517928286853,183,141,21,21,0,0,0,113,-4.000113433364935,22.584699453551913,0.1898553967475891,-0.01269344612956047,0.9734219312667847,-0.03796553422580473,25.89382234811783,0.6798189401626586,0.14436700688675047,0.03483042285079137,0.279931640625,23.600578355789185,-3.7834979593753815e-10,0.4513270854949951,7.67656090071648e-05,-1.2494696378707886,0.24326878786087036,2407,0.5633851885795593,1659,1.2501132488250732,30,nan,0,nan,0
729,2985984,53806.0,55.9,38.97,34.27,30,0.375,431,0.7378190255220418,180,133,24,22,1,0,0,113,-3.927570552800244,22.66111111111111,0.18339243531227112,-0.01200127974152565,0.9736976623535156,-0.03986179062630981,26.554179036617278,0.6765278220176697,0.13705793460831045,0.0424121259333333,0.28994140625,24.73037118911743,-2.444721758365631e-09,0.3921549916267395,7.645854657113613e-05,-1.2500877380371094,0.22834770381450653,2513,0.517631471157074,1563,0.9085224270820618,20,nan,0,nan,0
730,2990080,53880.3,55.5,39.59,34.23,30,0.375,100,0.75,181,130,23,27,1,0,0,103,-4.0001436345264345,22.773480662983424,0.1467253565788269,-0.014263398014008999,0.9765006303787231,-0.0384785761591047,25.13529028892517,0.6744127869606018,0.1691831348463893,0.06322061628452502,0.30283203125,21.902587175369263,-2.6193447411060333e-09,0.5615053176879883,7.615148413510747e-05,-1.250565767288208,0.23336924612522125,2375,0.5591940879821777,1636,1.9677942991256714,85,nan,0,nan,0
731,2994176,53954.2,55.7,39.23,34.26,30,0.375,282,0.7695035460992907,182,142,20,19,1,0,0,119,-3.74093075700332,22.4010989010989,0.203983873128891,-0.012107481248676777,0.9665303826332092,-0.04135050750337541,25.775015544891357,0.6725127518177032,0.13861138820648194,0.04233502615679754,0.312890625,18.513163232803343,-2.444721758365631e-09,0.4460301399230957,7.584442169907881e-05,-1.2511510848999023,0.21583864092826843,2346,0.4935828745365143,1717,1.738966941833496,33,nan,0,nan,0
732,2998272,54028.4,55.6,39.44,34.29,30,0.375,462,0.7683982683982684,180,138,17,24,1,0,0,113,-3.978529637197269,22.644444444444446,0.1994362473487854,-0.01215154118835926,0.9726762175559998,-0.03860696438932791,26.908466970920564,0.6701621770858764,0.14688801784068345,0.06386458677588962,0.34384765625,22.598113465309144,-1.280568540096283e-09,0.42032796144485474,7.553735926305016e-05,-1.2515788078308105,0.23900294303894043,2425,0.4951498508453369,1618,1.3978750705718994,53,nan,0,nan,0
733,3002368,54101.9,56.0,38.86,34.25,30,0.375,126,0.8095238095238095,176,139,16,20,1,0,0,113,-3.9021389569732086,23.1875,0.21530015766620636,-0.01104084961116314,0.9762755036354065,-0.03470757160102948,23.575238525867462,0.6690564811229706,0.12491568885743617,0.0336235801820294,0.27890625,24.18678696155548,-2.153683453798294e-09,0.3586723208427429,7.52302968270215e-05,-1.251749038696289,0.23026011884212494,2442,0.4649668037891388,1625,0.822507917881012,29,nan,0,nan,0
734,3006464,54175.9,55.7,39.23,34.3,30,0.375,308,0.8051948051948052,182,146,15,20,1,0,0,114,-3.8684774918816083,22.65934065934066,0.2248227894306183,-0.01353481039404869,0.9739397168159485,-0.03197829402051866,21.903546953201293,0.6681676387786866,0.16683939434587955,0.04643126592563931,0.3224609375,20.357462215423585,-2.3283064365386963e-09,0.5280687212944031,7.492323439099284e-05,-1.2521820068359375,0.22745545208454132,2387,0.569890558719635,1652,2.3181564807891846,57,nan,0,nan,0
735,3010560,54249.4,56.1,38.75,34.28,30,0.375,485,0.7876288659793814,177,134,25,18,0,0,0,110,-3.9266475762113466,23.084745762711865,0.178002268075943,-0.011596383526921272,0.9757591485977173,-0.03369546420872212,28.27895591259003,0.6665644168853759,0.13090268280357123,0.042406831120024434,0.306396484375,21.92044882774353,-1.4551915228366852e-09,0.3820587396621704,7.461617195496418e-05,-1.2523127794265747,0.22299492359161377,2442,0.4926126301288605,1577,1.2090893983840942,77,nan,0,nan,0
736,3014656,54323.3,55.8,39.17,34.26,30,0.375,143,0.7202797202797203,170,124,28,17,1,0,0,98,-3.474269481800008,24.094117647058823,0.12980316579341888,-0.01359323039650917,0.9722363948822021,-0.03240162178408355,28.654155707359315,0.6660721600055695,0.15695489095523954,0.02925995198165765,0.267529296875,24.486649751663208,-2.648448571562767e-09,0.4257657527923584,7.430910951893552e-05,-1.2525925636291504,0.23499487340450287,2340,0.54837965965271,1718,1.426500678062439,38,nan,0,nan,0
737,3018752,54396.6,56.3,38.48,34.29,30,0.375,327,0.7186544342507645,184,132,29,22,1,0,0,110,-3.8966994338806575,22.29891304347826,0.13904725015163422,-0.014643323607742786,0.9736707806587219,-0.024966695508919657,29.414295113086702,0.6649940073490143,0.2053410849533975,0.06746636448078788,0.33837890625,27.38464488983154,0.0,0.5140464305877686,7.400204708290686e-05,-1.2527384757995605,0.22538621723651886,2293,0.6037738919258118,1731,2.336211919784546,72,nan,0,nan,0
738,3022848,54470.2,56.0,38.9,34.24,30,0.375,510,0.7196078431372549,183,132,27,24,0,0,0,111,-3.7955108139918967,22.540983606557376,0.15528914332389832,-0.013643954880535603,0.9757219552993774,-0.028484391653910278,30.862270891666412,0.6646093964576721,0.1659125446341932,0.0449971414724132,0.315771484375,24.986517906188965,-2.0372681319713593e-09,0.4411502480506897,7.36949846468782e-05,-1.252873182296753,0.23637761175632477,2379,0.6178750991821289,1652,1.260595679283142,65,nan,0,nan,0
739,3026944,54544.5,55.4,39.66,34.25,30,0.375,177,0.807909604519774,179,144,23,12,0,0,0,117,-3.727755979820862,22.670391061452513,0.21738657355308533,-0.012994297780096531,0.976512610912323,-0.03400072336662561,24.49447137117386,0.6633405447006225,0.17144974507391453,0.03426100943324854,0.282373046875,24.31215934753418,-9.89530235528946e-10,0.5527234077453613,7.338792221084954e-05,-1.2534160614013672,0.2489423155784607,2394,0.5924606323242188,1645,2.2281532287597656,57,nan,0,nan,0
740,3031040,54618.3,55.9,39.06,34.26,30,0.375,356,0.7752808988764045,179,133,19,25,2,0,0,108,-3.9766749653349147,22.575418994413408,0.16953162848949432,-0.012961005792021751,0.9793208837509155,-0.03876213028561324,27.625393092632294,0.6609204947948456,0.14605529569089412,0.03246458393259673,0.26884765625,19.7010635137558,-2.5029294192790985e-09,0.47120845317840576,7.308085977482088e-05,-1.2539665699005127,0.24271371960639954,2473,0.5382764339447021,1549,1.784803867340088,74,nan,0,nan,0
741,3035136,54692.8,55.3,39.72,34.28,30,0.375,34,0.6764705882352942,190,148,19,21,2,0,0,121,-3.86939707791336,21.842105263157894,0.21277162432670593,-0.01228477992117405,0.9667178988456726,-0.03771486005280167,24.853984212875368,0.6588649928569794,0.1403897838667035,0.04405732996674487,0.31376953125,20.947507858276367,-1.1059455573558807e-09,0.4539278745651245,7.277379733879222e-05,-1.2545359134674072,0.22081439197063446,2441,0.5366064310073853,1618,1.1894947290420532,37,nan,0,nan,0
742,3039232,54766.3,56.0,38.82,34.28,30,0.375,214,0.7009345794392523,180,127,33,19,1,0,0,108,-3.893793674737323,22.633333333333333,0.13527657091617584,-0.012318568304181099,0.9675689339637756,-0.032148476643487814,28.620349419116973,0.6562828898429871,0.14879050245508552,0.03910425070498604,0.264892578125,31.520401573181154,-2.5029294192790985e-09,0.5099141597747803,7.246673490276356e-05,-1.2552125453948975,0.22148390114307404,2421,0.5312033295631409,1617,1.7401608228683472,58,nan,0,nan,0
743,3043328,54840.7,55.5,39.6,34.27,30,0.375,398,0.7537688442211056,184,150,19,13,2,0,0,128,-3.925372182847687,22.184782608695652,0.2401268482208252,-0.010958593338727951,0.9660020470619202,-0.03449374856427312,24.748250365257263,0.6537779271602631,0.13177165286615491,0.0370275563604082,0.28798828125,24.439174556732176,-1.6589183360338211e-09,0.44437986612319946,7.21596724667349e-05,-1.2557344436645508,0.21178790926933289,2420,0.4737057089805603,1636,1.489828109741211,40,nan,0,nan,0
744,3047424,54914.9,55.5,39.53,34.22,30,0.375,73,0.7397260273972602,187,142,22,21,2,0,0,108,-3.81977002628231,22.192513368983956,0.20613151788711548,-0.010436421260237694,0.9703248739242554,-0.028333669528365135,25.77074091434479,0.6521295368671417,0.12090273620560765,0.04482317282236181,0.321630859375,25.70624704360962,-3.026798367500305e-09,0.44903457164764404,7.185261003070624e-05,-1.2560601234436035,0.2139526605606079,2485,0.4368591606616974,1575,1.3719210624694824,36,nan,0,nan,0
745,3051520,54988.9,55.7,39.34,34.24,30,0.375,252,0.7341269841269841,179,131,25,22,1,0,0,109,-3.924649477515629,22.804469273743017,0.16211825609207153,-0.012477943673729897,0.9800868034362793,-0.03849069057032466,27.887324976921082,0.6509400069713592,0.14210216952487825,0.04292344594286988,0.302197265625,23.705306386947633,-1.367880031466484e-09,0.3904634118080139,7.154554759467758e-05,-1.2563197612762451,0.23437054455280304,2357,0.5464001893997192,1693,1.1024482250213623,46,nan,0,nan,0
746,3055616,55062.8,55.7,39.24,34.24,30,0.375,430,0.7534883720930232,178,139,18,19,2,0,0,112,-3.935302671348307,22.735955056179776,0.20787499845027924,-0.011255547404289246,0.9706482887268066,-0.03852666636230424,25.92436088323593,0.649998813867569,0.12700710520148278,0.03804190304217627,0.29853515625,28.031096935272217,-2.8812792152166367e-09,0.4283375144004822,7.123848515864892e-05,-1.256579875946045,0.21849793195724487,2427,0.4804844260215759,1616,1.0270568132400513,53,nan,0,nan,0
747,3059712,55136.9,55.7,39.32,34.25,30,0.375,98,0.7857142857142857,180,136,29,15,0,0,0,114,-3.9449709506575523,22.91111111111111,0.17524194717407227,-0.012998988851904869,0.9729315638542175,-0.03403786281123757,27.458678197860717,0.648763632774353,0.15954710571095349,0.0388840637053363,0.269970703125,23.292792081832886,-2.9103830456733704e-09,0.5112625360488892,7.093142272262026e-05,-1.2569810152053833,0.22114095091819763,2446,0.5528980493545532,1602,2.5610764026641846,48,nan,0,nan,0
748,3063808,55211.1,55.5,39.52,34.28,30,0.375,280,0.8214285714285714,182,153,16,13,0,0,0,126,-3.8428494218871925,22.73076923076923,0.270788311958313,-0.011307552456855774,0.9759836196899414,-0.03860167779494077,21.16309082508087,0.6471533119678498,0.12369938921183347,0.044760749109263996,0.308837890625,18.71641376018524,-2.240994945168495e-09,0.41808217763900757,7.06243602865916e-05,-1.2573550939559937,0.22517457604408264,2554,0.5162805914878845,1516,2.048938751220703,26,nan,0,nan,0
749,3067904,55285.7,55.3,39.83,34.3,30,0.375,461,0.7874186550976139,181,133,26,21,1,0,0,113,-3.9320496724726444,22.425414364640883,0.16554918885231018,-0.012977082282304764,0.9729246497154236,-0.03131129876710474,26.162549316883087,0.645204758644104,0.14730165721848607,0.06240258134785108,0.382861328125,19.290592384338378,-2.6775524020195007e-09,0.5132983922958374,7.031729785056294e-05,-1.2578710317611694,0.22579199075698853,2437,0.5321201682090759,1588,1.8573734760284424,71,nan,0,nan,0
750,3072000,55358.9,56.3,38.47,34.32,30,0.375,127,0.8110236220472441,178,139,22,17,0,0,0,111,-3.8980654926714293,23.10674157303371,0.19905585050582886,-0.012423920445144176,0.9760081768035889,-0.034069623332470655,23.566039395332336,0.643281877040863,0.1400621364824474,0.054471096280030905,0.3275390625,27.502179002761842,-3.899913281202316e-09,0.5018798112869263,7.001023541453428e-05,-1.25838303565979,0.23124055564403534,2396,0.5392651557922363,1674,0.7235158681869507,26,nan,0,nan,0
751,3076096,55433.2,55.5,39.49,34.28,30,0.375,308,0.7987012987012987,181,143,24,14,0,0,0,115,-3.9381006893891772,22.50828729281768,0.22391755878925323,-0.011212483048439026,0.959386944770813,-0.028241361049003898,27.38305561542511,0.6413250863552094,0.2199409794062376,0.049317565873207056,0.327392578125,21.624645042419434,-2.5902409106492996e-09,0.47891634702682495,6.970317297850562e-05,-1.2587742805480957,0.21879205107688904,2544,0.4766823947429657,1491,3.801393508911133,61,nan,0,nan,0
752,3080192,55506.7,56.1,38.81,34.25,30,0.375,492,0.7845528455284553,184,140,21,19,4,0,0,119,-4.0817767872763495,22.5,0.19988155364990234,-0.01170823909342289,0.9713701605796814,-0.03011434874497354,26.228492772579195,0.6399710893630981,0.13718814738094806,0.05399117864726577,0.339013671875,21.095132637023926,-2.735760062932968e-09,0.4424933195114136,6.939611054247696e-05,-1.2591339349746704,0.2336304634809494,2485,0.5130468606948853,1576,1.4267637729644775,35,nan,0,nan,0
753,3084288,55580.6,55.7,39.24,34.24,30,0.375,155,0.8,175,140,20,15,0,0,0,118,-3.852462276427274,23.102857142857143,0.21440714597702026,-0.012753834947943687,0.9704157114028931,-0.030117738200351594,22.27523000240326,0.6379416167736054,0.14408470494672657,0.0314260628001648,0.2603515625,26.965348052978516,-2.8230715543031693e-09,0.5312740802764893,6.90890481064483e-05,-1.2598973512649536,0.23557938635349274,2511,0.48653286695480347,1542,1.503527045249939,43,nan,0,nan,0
754,3088384,55655.0,55.4,39.64,34.25,30,0.375,345,0.7768115942028986,190,144,30,16,0,0,0,113,-4.0315068576727775,21.96315789473684,0.2028622031211853,-0.01158867683261633,0.9669739007949829,-0.03005010661436245,28.174901759624483,0.6349336206912994,0.13157881358638407,0.041328160416742324,0.2986328125,23.618470096588133,-1.949956640601158e-09,0.41901081800460815,6.878198567041964e-05,-1.260450839996338,0.2249479591846466,2521,0.5096837878227234,1542,1.1043567657470703,33,nan,0,nan,0
755,3092480,55728.7,55.9,38.91,34.31,30,0.375,12,0.5,179,141,13,24,1,0,0,117,-3.98453428151587,22.480446927374302,0.2299318015575409,-0.010972663760185242,0.969874918460846,-0.026466835639439523,24.267408311367035,0.6332675099372864,0.12452661963179708,0.08200856478215428,0.413232421875,23.00730233192444,-1.0186340659856796e-09,0.38640421628952026,6.847492323439098e-05,-1.2607440948486328,0.2245064228773117,2566,0.47003433108329773,1479,1.029930830001831,51,nan,0,nan,0
756,3096576,55802.4,55.9,39.0,34.3,30,0.375,194,0.6855670103092784,182,127,30,23,2,0,0,97,-3.9047654471736544,22.642857142857142,0.13366375863552094,-0.014426687732338905,0.9706183075904846,-0.02459362046793103,29.56804242134094,0.6319450438022614,0.167875562235713,0.040953114673902745,0.301318359375,28.768251848220824,-1.8917489796876907e-09,0.49550116062164307,6.816786079836232e-05,-1.2611727714538574,0.22777876257896423,2339,0.599087655544281,1706,1.9058908224105835,51,nan,0,nan,0
757,3100672,55876.2,55.9,38.98,34.28,30,0.375,371,0.7358490566037735,177,140,18,18,1,0,0,117,-3.9658954824929555,23.146892655367232,0.20106463134288788,-0.012564248405396938,0.9742281436920166,-0.032926110946573314,25.765833580493926,0.6303079426288605,0.14384716926142574,0.025592254397633952,0.24580078125,26.958588647842408,-2.9976945370435715e-09,0.4873884916305542,6.786079836233366e-05,-1.2616417407989502,0.21958594024181366,2474,0.506220281124115,1549,1.483077883720398,73,nan,0,nan,0
758,3104768,55950.2,55.6,39.41,34.24,30,0.375,45,0.8666666666666667,186,149,20,16,1,0,0,112,-3.970220927932105,22.016129032258064,0.23499496281147003,-0.012458916753530502,0.9769821166992188,-0.03589491055463441,22.41518661379814,0.6278013586997986,0.1482904413715005,0.04718125292711193,0.3234375,21.34418339729309,-1.5133991837501526e-09,0.5367839336395264,6.7553735926305e-05,-1.26235032081604,0.21997922658920288,2499,0.5344034433364868,1544,1.6050052642822266,53,nan,0,nan,0
759,3108864,56024.5,55.4,39.58,34.29,30,0.375,232,0.75,187,135,24,25,3,0,0,115,-3.831014676408355,21.9572192513369,0.15565916895866394,-0.012259840965270996,0.9687899947166443,-0.030160236451774836,31.55677787065506,0.6253562211990357,0.15827923621982337,0.03039464670873713,0.255029296875,27.718320989608763,-3.026798367500305e-09,0.46289294958114624,6.724667349027634e-05,-1.2628306150436401,0.21544834971427917,2387,0.5279980897903442,1667,2.7041144371032715,42,nan,0,nan,0
760,3112960,56098.5,55.7,39.21,34.27,30,0.375,404,0.75,172,129,27,16,0,0,0,116,-3.8480304615952496,23.348837209302324,0.1636907458305359,-0.012233151122927666,0.9706931710243225,-0.03740556329721585,26.590765261650084,0.6234672546386719,0.14082701383158563,0.03225547429756261,0.27294921875,22.017399311065674,-2.6775524020195007e-09,0.465008020401001,6.693961105424768e-05,-1.2633424997329712,0.22149401903152466,2405,0.5015486478805542,1617,1.257837176322937,74,nan,0,nan,0
761,3117056,56172.8,55.5,39.55,34.26,30,0.375,71,0.8591549295774648,179,148,15,16,0,0,0,126,-3.9047420282019503,22.692737430167597,0.260628879070282,-0.012106452137231827,0.9647689461708069,-0.033016807935200634,21.815441942214967,0.6210846364498138,0.13679202562198042,0.0301338552730158,0.251708984375,27.289079189300537,-1.6007106751203537e-09,0.37752819061279297,6.663254861821902e-05,-1.2640066146850586,0.2330896556377411,2544,0.5166627168655396,1533,1.7703616619110107,19,nan,0,nan,0
762,3121152,56246.6,55.8,39.11,34.24,30,0.375,255,0.8509803921568627,184,156,13,15,0,0,0,118,-3.968646945972571,22.815217391304348,0.2903285622596741,-0.011606952175498009,0.96523517370224,-0.0369298187084496,18.47738010287285,0.6186488687992096,0.1325466671027243,0.04315682811575243,0.301025390625,18.993107438087463,-2.7066562324762344e-09,0.4862860441207886,6.632548618219036e-05,-1.26460862159729,0.2166847139596939,2598,0.5055250525474548,1479,1.6243829727172852,19,nan,0,nan,0
763,3125248,56320.8,55.5,39.58,34.22,30,0.375,444,0.8400900900900901,189,156,16,17,0,0,0,128,-3.850365251312355,21.973544973544975,0.2707812190055847,-0.011724916286766529,0.9685180187225342,-0.03355384492315352,23.984986835718153,0.6161102950572968,0.1406561261974275,0.02968525303149363,0.260791015625,25.1252375125885,-1.7171259969472885e-09,0.44596564769744873,6.60184237461617e-05,-1.2652356624603271,0.20794573426246643,2473,0.4801805019378662,1571,1.9695930480957031,52,nan,0,nan,0
764,3129344,56394.6,55.8,39.12,34.24,40,0.5,0,,176,136,26,13,1,0,0,117,-4.010735007944962,22.857954545454547,0.18708103895187378,-0.01427424419671297,0.9806122183799744,-0.02600408629514277,28.645652097463607,0.6131749510765075,0.21071777204051614,0.0551205081079388,0.2744140625,25.7457453250885,-1.3096723705530167e-09,0.5147207379341125,6.571136131013307e-05,-1.266127347946167,0.24245411157608032,2376,0.6290032863616943,1643,2.8218612670898438,77,nan,0,nan,0
765,3133440,56467.7,56.4,38.33,34.29,40,0.5,152,0.631578947368421,168,109,37,21,1,0,0,83,-3.920562673669925,24.5,0.038565415889024734,-0.023149903863668442,0.9819246530532837,-0.011809010134311394,34.22335207462311,0.6102029919624329,0.33995373621582986,0.09418116275337525,0.245703125,37.368145084381105,-8.149072527885437e-10,0.5768468379974365,6.54042988741044e-05,-1.266627311706543,0.25103759765625,2173,0.7678426504135132,1824,3.5389366149902344,99,nan,0,nan,0
766,3137536,56541.1,56.2,38.64,34.28,40,0.5,315,0.653968253968254,163,110,35,18,0,0,0,92,-3.7541613712133604,24.766871165644172,0.061188168823719025,-0.02161164954304695,0.9847444891929626,-0.01669707866385579,29.73323974609375,0.6079486310482025,0.26944484300911425,0.0897749231357011,0.314892578125,24.159865427017213,-2.7939677238464355e-09,0.5751387476921082,6.509723643807575e-05,-1.267338514328003,0.2717311680316925,2136,0.7886543273925781,1879,1.5298291444778442,81,nan,0,nan,0
767,3141632,56614.3,56.3,38.56,34.24,40,0.5,489,0.65439672801636,174,114,33,22,5,0,0,93,-3.8762327000660197,23.597701149425287,0.052538663148880005,-0.020325422286987305,0.9803671836853027,-0.02819366331677884,32.27476465702057,0.6050752520561218,0.23504736069589854,0.05946621132316068,0.31357421875,25.241392517089842,-2.35741026699543e-09,0.5045250654220581,6.479017400204709e-05,-1.2679622173309326,0.2373260259628296,2146,0.6853130459785461,1914,1.2834385633468628,36,nan,0,nan,0
768,3145728,56687.5,56.3,38.46,34.27,40,0.5,147,0.7142857142857143,170,117,28,23,2,0,0,99,-3.8105097228675837,24.394117647058824,0.09169954061508179,-0.01881297118961811,0.9821701645851135,-0.03276287233456969,27.597028517723082,0.6032494127750396,0.2312411030754447,0.047797298424120525,0.316845703125,23.906012296676636,-2.7066562324762344e-09,0.5622241497039795,6.448311156601843e-05,-1.2682709693908691,0.2652660012245178,2283,0.6479295492172241,1726,1.6164519786834717,87,nan,0,nan,0
769,3149824,56761.2,55.9,38.92,34.31,40,0.5,316,0.6867088607594937,169,112,37,14,6,0,0,86,-3.810651467703688,23.857988165680474,0.042887184768915176,-0.021255895495414734,0.9798828363418579,-0.028674959018826485,33.02643362283707,0.6019911110401154,0.2664376713335514,0.04875820779998321,0.308642578125,28.830796241760254,-3.6670826375484467e-09,0.55020672082901,6.417604912998977e-05,-1.2686028480529785,0.2682948112487793,2186,0.7057840824127197,1831,2.2884252071380615,79,nan,0,nan,0
770,3153920,56834.6,56.1,38.64,34.31,40,0.5,490,0.6673469387755102,174,110,29,34,1,0,0,87,-3.6759924239603863,24.022988505747126,0.04375940188765526,-0.02050936035811901,0.9844467043876648,-0.03380737367551774,30.55010042190552,0.6006677925586701,0.2617596123367548,0.05432803403964499,0.289599609375,26.675240898132323,-2.066371962428093e-09,0.5730228424072266,6.38689866939611e-05,-1.2689448595046997,0.24961066246032715,2106,0.7415046095848083,1911,1.9254212379455566,79,nan,0,nan,0
771,3158016,56908.6,55.7,39.3,34.25,40,0.5,151,0.7483443708609272,173,129,24,19,1,0,0,92,-3.870280370090181,23.398843930635838,0.14992201328277588,-0.017220236361026764,0.9813917875289917,-0.0357758783036843,25.220265316963197,0.5992846727371216,0.20000603701919317,0.0301860241452232,0.244580078125,27.933884382247925,-1.6880221664905548e-09,0.5595993995666504,6.356192425793245e-05,-1.2693452835083008,0.24247367680072784,2380,0.6336339712142944,1645,1.3087760210037231,71,nan,0,nan,0
772,3162112,56982.4,55.9,39.07,34.25,40,0.5,319,0.7084639498432602,168,113,30,23,2,0,0,96,-3.8638621914328826,24.601190476190474,0.0696583017706871,-0.018312809988856316,0.9821792244911194,-0.03478884593350813,30.977264285087585,0.5973946571350097,0.2432610965333879,0.026089483582472893,0.24091796875,26.37037582397461,-1.862645149230957e-09,0.5376757979393005,6.325486182190379e-05,-1.269860863685608,0.23638369143009186,2199,0.6146005392074585,1773,1.891413688659668,124,nan,0,nan,0
773,3166208,57056.0,56.0,38.87,34.27,40,0.5,482,0.7074688796680498,163,115,30,15,3,0,0,89,-4.12071412688944,24.625766871165645,0.09504026919603348,-0.019511088728904724,0.9847444891929626,-0.03142102041747421,29.064777171611787,0.5953312695026398,0.2489993072114885,0.04682694899238413,0.29482421875,20.900506925582885,-2.444721758365631e-09,0.6121840476989746,6.294779938587513e-05,-1.270353078842163,0.2579379081726074,2246,0.7101218700408936,1764,2.049534559249878,86,nan,0,nan,0
774,3170304,57128.9,56.6,38.1,34.27,40,0.5,133,0.6240601503759399,163,105,40,15,2,1,0,78,-3.915847755141508,25.116564417177916,0.022762734442949295,-0.023011378943920135,0.984235942363739,-0.02675622720271349,35.85842418670654,0.5936788856983185,0.40760639384388925,0.04691811677621445,0.2966796875,27.072775983810423,-2.0954757928848267e-09,0.568382978439331,6.264073694984647e-05,-1.2706804275512695,0.2692226767539978,2096,0.7843467593193054,1847,3.5246682167053223,153,nan,0,nan,0
775,3174400,57202.2,56.2,38.63,34.29,40,0.5,298,0.6442953020134228,165,109,35,18,3,0,0,84,-3.747784951476302,24.69090909090909,0.05736302584409714,-0.019444463774561882,0.9816840291023254,-0.03539455610443838,29.416623282432557,0.5928593695163726,0.22090221308171748,0.039349556968954855,0.26572265625,25.70981388092041,-2.7066562324762344e-09,0.5292708873748779,6.233367451381781e-05,-1.2707836627960205,0.2487555891275406,2196,0.6581677198410034,1841,1.4445585012435913,59,nan,0,nan,0
776,3178496,57275.5,56.3,38.53,34.27,40,0.5,470,0.6617021276595745,172,119,30,18,5,0,0,90,-3.7942800271507684,24.1046511627907,0.10711970925331116,-0.017689663916826248,0.9870030283927917,-0.029196697333827615,31.520548462867737,0.5921206176280975,0.23430275190621613,0.10856321148603457,0.352197265625,23.835163879394532,-4.94765117764473e-10,0.46456003189086914,6.202661207778915e-05,-1.2710336446762085,0.2529301941394806,2360,0.6113726496696472,1670,3.5337564945220947,66,nan,0,nan,0
777,3182592,57348.7,56.3,38.48,34.3,40,0.5,128,0.65625,170,115,39,15,1,0,0,91,-3.7326106108953545,24.294117647058822,0.06921985745429993,-0.020007632672786713,0.9847172498703003,-0.016844314220361412,38.288275194168094,0.5912950336933136,0.2791538074612617,0.05828006228693994,0.2806640625,32.004242706298825,-1.9208528101444244e-09,0.46726077795028687,6.171954964176049e-05,-1.2711455821990967,0.2743627727031708,2125,0.7357531785964966,1888,1.8512715101242065,83,nan,0,nan,0
778,3186688,57421.8,56.4,38.35,34.28,40,0.5,293,0.6757679180887372,165,114,29,22,0,0,0,82,-3.835153666003511,24.86060606060606,0.08464425802230835,-0.019586971029639244,0.9885525107383728,-0.033639465447049585,28.613957548141478,0.5908560454845428,0.22526989802718161,0.024023682110419033,0.224951171875,26.276604461669923,-1.949956640601158e-09,0.509467601776123,6.141248720573183e-05,-1.271340012550354,0.2637168765068054,2176,0.6242777109146118,1827,1.2789441347122192,93,nan,0,nan,0
779,3190784,57494.7,56.5,38.14,34.31,40,0.5,452,0.6703539823008849,159,105,34,17,3,0,0,83,-3.853537638745303,25.39622641509434,0.03984178230166435,-0.021004661917686462,0.9878079891204834,-0.03093834179453552,32.8122415304184,0.5896853804588318,0.24254098311066627,0.039801589085254815,0.271240234375,29.757135534286498,-2.852175384759903e-09,0.5460251569747925,6.110542476970317e-05,-1.2717375755310059,0.2565489411354065,2206,0.713074803352356,1812,2.096040964126587,78,nan,0,nan,0
780,3194880,57568.3,56.0,38.87,34.27,40,0.5,106,0.6981132075471698,166,112,28,21,5,0,0,88,-3.803546290624099,24.620481927710845,0.06910544633865356,-0.01871773973107338,0.9865139722824097,-0.03222846263088286,29.18156372308731,0.5881540596485137,0.2414805956184864,0.03521547465206822,0.262158203125,26.852494478225708,-2.939486876130104e-09,0.5455427765846252,6.079836233367451e-05,-1.272081732749939,0.25195589661598206,2275,0.6154597401618958,1712,2.8171887397766113,109,nan,0,nan,0
781,3198976,57641.6,56.2,38.56,34.28,40,0.5,277,0.6787003610108303,171,114,29,27,1,0,0,95,-3.994722523190617,24.216374269005847,0.07080736756324768,-0.01907942071557045,0.9816560745239258,-0.024428907595574856,29.709563040733336,0.5863660573959351,0.22189908288419247,0.08227405051584355,0.404541015625,27.21132140159607,-1.7462298274040222e-09,0.5500068068504333,6.049129989764585e-05,-1.2725660800933838,0.24364987015724182,2349,0.6955225467681885,1703,2.6671082973480225,44,nan,0,nan,0
782,3203072,57715.0,56.1,38.7,34.27,40,0.5,444,0.6509009009009009,167,101,45,21,0,0,0,80,-3.894750918772353,24.682634730538922,-0.01438204012811184,-0.02268788404762745,0.9893102645874023,-0.028829319583019243,37.29163885116577,0.5844733893871308,0.32455572970211505,0.056153803032066206,0.310693359375,27.862006616592407,-3.230525180697441e-09,0.5450703501701355,6.018423746161719e-05,-1.273132562637329,0.25355595350265503,2053,0.8118923306465149,1878,1.9586151838302612,165,nan,0,nan,0
783,3207168,57788.3,56.2,38.51,34.31,40,0.5,104,0.6538461538461539,172,117,29,24,2,0,0,91,-3.862476715301599,23.906976744186046,0.07394876331090927,-0.020848743617534637,0.9870030283927917,-0.029953714372823015,30.146055936813354,0.5821311891078949,0.2721670292317867,0.04697757257090416,0.288818359375,25.971666193008424,-1.280568540096283e-09,0.5516670942306519,5.987717502558853e-05,-1.2736601829528809,0.25200769305229187,2224,0.7372004389762878,1768,1.984339952468872,104,nan,0,nan,0
784,3211264,57861.2,56.5,38.16,34.3,40,0.5,270,0.6370370370370371,166,104,34,26,2,0,0,80,-4.0743757682469806,24.367469879518072,0.02445514127612114,-0.020775608718395233,0.9880406856536865,-0.034699170663952825,31.77419481277466,0.5802361607551575,0.25477568730711936,0.03037825772189535,0.2400390625,24.185885190963745,-2.735760062932968e-09,0.5063719153404236,5.957011258955987e-05,-1.2741080522537231,0.24011291563510895,2181,0.7336087822914124,1878,2.5027544498443604,37,nan,0,nan,0
785,3215360,57934.6,56.2,38.56,34.29,40,0.5,440,0.6522727272727272,170,115,33,22,0,0,0,90,-3.7415458349531265,24.488235294117647,0.08710537850856781,-0.018118545413017273,0.9803871512413025,-0.029068511398509144,29.820762634277344,0.5786543786525726,0.2096869505941868,0.03620368659612723,0.30224609375,28.288418340682984,-2.153683453798294e-09,0.5182178020477295,5.926305015353121e-05,-1.2744534015655518,0.23693184554576874,2199,0.6274575591087341,1800,1.397687315940857,97,nan,0,nan,0
786,3219456,58007.4,56.6,37.98,34.33,40,0.5,94,0.648936170212766,166,119,25,20,2,0,0,88,-3.8167786811853164,24.204819277108435,0.11279857158660889,-0.018361158668994904,0.9837149977684021,-0.031988363963318986,28.090762031078338,0.5775411307811738,0.2528108646161854,0.047357439044571945,0.30087890625,23.418369436264037,-2.5029294192790985e-09,0.5832417607307434,5.895598771750255e-05,-1.2746098041534424,0.2391253560781479,2170,0.6750312447547913,1849,2.6914637088775635,77,nan,0,nan,0
787,3223552,58081.0,56.0,38.91,34.25,40,0.5,265,0.6716981132075471,171,117,34,18,2,0,0,99,-3.89675064976313,24.280701754385966,0.09541957080364227,-0.01795700006186962,0.9842038154602051,-0.028443005960434677,31.9397572517395,0.5770892441272736,0.223925325460732,0.034334556928661185,0.26943359375,23.152062511444093,-1.4260876923799515e-09,0.4759042263031006,5.864892528147389e-05,-1.27473783493042,0.22731871902942657,2229,0.6591237783432007,1772,2.1610443592071533,95,nan,0,nan,0
788,3227648,58154.2,56.3,38.48,34.28,40,0.5,436,0.6926605504587156,171,124,27,19,1,0,0,91,-3.8095006657549666,23.736842105263158,0.1204727292060852,-0.01737772300839424,0.9842038154602051,-0.034633849863894284,28.659722197055817,0.5761282026767731,0.23703298419713975,0.032368577220768205,0.27109375,26.056615018844603,-3.4051481634378433e-09,0.5291265845298767,5.834186284544523e-05,-1.275108814239502,0.2339888960123062,2234,0.6084203124046326,1746,2.3032119274139404,116,nan,0,nan,0
789,3231744,58227.3,56.3,38.41,34.29,40,0.5,90,0.7555555555555555,166,118,26,22,0,0,0,86,-3.9019119559214097,24.5,0.09509697556495667,-0.020428529009222984,0.9814249277114868,-0.032797892764210704,30.436838722229005,0.5744398236274719,0.2462972877547145,0.03704915256384993,0.264794921875,26.405062532424928,-2.066371962428093e-09,0.5056216716766357,5.803480040941657e-05,-1.2755489349365234,0.24295860528945923,2141,0.7154180407524109,1859,1.5382527112960815,96,nan,0,nan,0
790,3235840,58300.8,56.1,38.77,34.3,40,0.5,260,0.7423076923076923,170,125,28,17,0,0,0,96,-3.8083462015534466,24.61764705882353,0.13880696892738342,-0.017495714128017426,0.9842078685760498,-0.03493023915216327,29.805758321285246,0.5728665173053742,0.2266533825546503,0.05522750435338821,0.264208984375,22.96239767074585,-2.9103830456733704e-09,0.4637020230293274,5.772773797338791e-05,-1.2758785486221313,0.23130440711975098,2295,0.5926061272621155,1715,2.6988706588745117,86,nan,0,nan,0
791,3239936,58374.0,56.3,38.45,34.27,40,0.5,419,0.7279236276849642,159,112,30,16,1,0,0,84,-3.6772330366909327,25.345911949685533,0.08952192962169647,-0.018774474039673805,0.9824739694595337,-0.03170689532998949,28.312190103530884,0.5716269195079804,0.24339004848152399,0.03715334038279252,0.269580078125,24.22778639793396,-3.637978807091713e-09,0.4987866282463074,5.742067553735925e-05,-1.276209831237793,0.26150834560394287,2204,0.6734702587127686,1813,0.9730046987533569,79,nan,0,nan,0
792,3244032,58446.6,56.9,37.76,34.28,40,0.5,69,0.6666666666666666,162,111,27,23,1,0,0,92,-3.860164531800417,25.12962962962963,0.05259684473276138,-0.02335505746304989,0.9890696406364441,-0.018370669824071227,35.90408008098602,0.5701892614364624,0.37450030744075774,0.05230966507806443,0.300341796875,34.48169646263123,-3.434251993894577e-09,0.5713467597961426,5.711361310133059e-05,-1.2765600681304932,0.30682697892189026,2043,0.8170490264892578,1929,2.2693064212799072,124,nan,0,nan,0
793,3248128,58520.6,55.7,39.27,34.23,40,0.5,241,0.7053941908713693,172,124,27,19,1,1,0,100,-4.107338572074945,23.819767441860463,0.1296151727437973,-0.018255028873682022,0.9824159145355225,-0.01956787258386612,30.967508459091185,0.5688978552818298,0.32702300418168306,0.05469683813134907,0.338720703125,27.412687683105467,-1.3096723705530167e-09,0.5156959295272827,5.680655066530193e-05,-1.2768676280975342,0.26815560460090637,2264,0.713843584060669,1707,2.113781452178955,125,nan,0,nan,0
794,3252224,58594.1,56.0,38.82,34.26,40,0.5,411,0.6934306569343066,170,115,29,24,2,0,0,85,-3.920143289745818,24.31764705882353,0.07112924754619598,-0.019101757556200027,0.981406033039093,-0.01988972178660333,35.71118967533111,0.5677621960639954,0.251673274487257,0.03139080109103816,0.260595703125,35.797916412353516,-3.230525180697441e-09,0.49349337816238403,5.649948822927327e-05,-1.2771269083023071,0.24475817382335663,2215,0.7022022008895874,1785,1.979514241218567,96,nan,0,nan,0
795,3256320,58667.0,56.5,38.19,34.29,40,0.5,61,0.7540983606557377,162,114,31,12,4,1,0,95,-3.8259594586151557,25.438271604938272,0.0792190432548523,-0.02296655811369419,0.986527681350708,-0.011591688520275057,41.07355575561523,0.5664537727832795,0.4537951895967126,0.056235978509357666,0.293896484375,30.153554725646973,-2.764863893389702e-09,0.5742831826210022,5.619242579324461e-05,-1.2775394916534424,0.26034653186798096,2146,0.9189048409461975,1755,3.138383388519287,195,nan,0,nan,0
796,3260416,58740.3,56.3,38.56,34.25,40,0.5,224,0.6875,163,108,36,19,0,0,0,88,-3.7217064598074425,24.987730061349694,0.049065105617046356,-0.01931522972881794,0.984235942363739,-0.03111866470426321,33.778668558597566,0.5651826202869416,0.24369967831298708,0.0405774505372392,0.276904296875,25.68938250541687,-1.0186340659856796e-09,0.49386030435562134,5.588536335721595e-05,-1.2777241468429565,0.24849924445152283,2138,0.68251633644104,1851,2.125070095062256,107,nan,0,nan,0
797,3264512,58813.5,56.2,38.55,34.28,40,0.5,391,0.6956521739130435,167,118,27,20,2,0,0,97,-3.9636520337431267,24.5748502994012,0.09886610507965088,-0.017063584178686142,0.9824382662773132,-0.03481831082608551,30.386887121200562,0.5641861081123352,0.2240609871223569,0.03273853728460381,0.277490234375,24.99219207763672,-1.7171259969472885e-09,0.5195333957672119,5.557830092118729e-05,-1.2781295776367188,0.2374296337366104,2254,0.6731058359146118,1758,1.5666136741638184,84,nan,0,nan,0
798,3268608,58886.9,56.2,38.62,34.29,40,0.5,51,0.7058823529411765,172,122,33,16,1,0,0,101,-3.8383521792181554,24.13372093023256,0.12114335596561432,-0.01891649141907692,0.9821610450744629,-0.026302580791525542,29.83723654747009,0.5622727036476135,0.2614764889702201,0.07904308039724128,0.278173828125,27.45215802192688,-3.6088749766349792e-09,0.5283704996109009,5.527123848515863e-05,-1.2785804271697998,0.2521239221096039,2180,0.7002648711204529,1818,2.402526378631592,98,nan,0,nan,0
799,3272704,58959.9,56.4,38.33,34.27,40,0.5,213,0.6854460093896714,162,110,33,18,1,0,0,81,-3.7354731535340546,24.962962962962962,0.06708710640668869,-0.018497131764888763,0.9852567315101624,-0.029789608763530852,31.797134256362916,0.5609979510307312,0.23259935565292836,0.04004706977284513,0.280712890625,22.649017333984375,-2.1827872842550278e-09,0.47346943616867065,5.496417604912997e-05,-1.2787753343582153,0.24070274829864502,2098,0.6187505722045898,1867,2.322073221206665,131,nan,0,nan,0
800,3276800,59032.7,56.6,38.06,34.25,40,0.5,369,0.6829268292682927,156,106,31,18,1,0,0,79,-3.8699428415532813,26.08974358974359,0.03252924606204033,-0.023557541891932487,0.9837563633918762,-0.013368090137373657,43.43492567539215,0.5605503618717194,0.404796477034688,0.06249982346053003,0.251708984375,38.37089881896973,-1.979060471057892e-09,0.48240286111831665,5.465711361310131e-05,-1.2787669897079468,0.2708645462989807,1970,0.8665669560432434,1926,2.422062873840332,200,nan,0,nan,0
801,3280896,59105.4,56.8,37.84,34.3,40,0.5,22,0.6818181818181818,165,112,32,20,1,0,0,85,-3.626417385854413,24.884848484848487,0.06934426724910736,-0.020575620234012604,0.9905876517295837,-0.02541849056724459,31.28163194656372,0.5605535686016083,0.2592064430937171,0.07008232114749262,0.265673828125,24.78422613143921,-3.812601789832115e-09,0.5234487056732178,5.435005117707265e-05,-1.2789342403411865,0.24447469413280487,2112,0.7386696934700012,1860,2.1096441745758057,124,nan,0,nan,0
802,3284992,59178.6,56.3,38.46,34.24,40,0.5,186,0.6559139784946236,164,107,42,14,0,1,0,89,-3.8205296239265447,25.091463414634145,0.04390314593911171,-0.018858449533581734,0.9855035543441772,-0.03333043335005641,33.77929971218109,0.5591711819171905,0.290577176772058,0.05872898931265809,0.318310546875,21.518802070617674,3.4924596548080444e-10,0.5029900074005127,5.404298874104399e-05,-1.2793421745300293,0.2675306499004364,2151,0.6812632083892822,1867,2.777963399887085,78,nan,0,nan,0
803,3289088,59251.8,56.3,38.55,34.25,40,0.5,354,0.6836158192090396,168,120,35,12,1,0,0,90,-3.766090722299009,24.339285714285715,0.08510500192642212,-0.02197202295064926,0.9887983798980713,-0.03142715865978971,30.41316555738449,0.5575542032718659,0.25538454912602904,0.035138589148118626,0.26796875,23.14230875968933,-2.473825588822365e-09,0.56017005443573,5.3735926305015364e-05,-1.279789686203003,0.2795880436897278,2017,0.7180863618850708,1960,1.5845626592636108,119,nan,0,nan,0
804,3293184,59324.7,56.6,38.08,34.3,40,0.5,1,1.0,159,103,33,21,1,1,0,77,-3.788804202862873,25.59119496855346,0.03918696567416191,-0.020074035972356796,0.9801879525184631,-0.009786532144062221,41.74914095401764,0.5556641697883606,0.3567781014367938,0.05633109086338663,0.31025390625,36.967685317993165,-2.2992026060819626e-09,0.44254833459854126,5.3428863868986704e-05,-1.2802512645721436,0.2823660671710968,2214,0.7686029076576233,1784,1.9724868535995483,98,nan,0,nan,0
805,3297280,59398.2,56.0,38.87,34.24,40,0.5,169,0.757396449704142,168,127,24,16,1,0,0,106,-3.7689550987228904,24.69047619047619,0.1447092592716217,-0.01942089945077896,0.9867616891860962,-0.017123376950621605,23.813308238983154,0.5541586816310883,0.24589227512478828,0.023422565317014234,0.24072265625,45.732260417938235,-2.444721758365631e-09,0.6114519834518433,5.3121801432958045e-05,-1.2805523872375488,0.2309989482164383,2277,0.6804185509681702,1700,2.3623902797698975,119,nan,0,nan,0
806,3301376,59471.1,56.6,38.15,34.25,40,0.5,331,0.7371601208459214,162,116,26,20,0,0,0,93,-3.872548228855284,24.901234567901234,0.10941626131534576,-0.019167453050613403,0.9862735271453857,-0.02672647839644924,26.695468521118165,0.5527702987194061,0.2423086477443576,0.06752417653333395,0.271044921875,24.725417566299438,-4.190951585769653e-09,0.5171869993209839,5.2814738996929385e-05,-1.280970811843872,0.2587741017341614,2226,0.6891943216323853,1764,1.4771623611450195,106,nan,0,nan,0
807,3305472,59544.2,56.4,38.41,34.25,40,0.5,495,0.7272727272727273,164,116,22,25,1,0,0,90,-3.751818673564892,24.75,0.11235026270151138,-0.017369601875543594,0.9852492213249207,-0.02837152990978211,26.875841200351715,0.5512927055358887,0.19982687328010798,0.028981124931306113,0.267626953125,27.65156273841858,-3.0850060284137726e-09,0.520830512046814,5.2507676560900725e-05,-1.2812535762786865,0.24244801700115204,2248,0.620230495929718,1754,1.3197194337844849,94,nan,0,nan,0
808,3309568,59617.7,56.1,38.79,34.28,40,0.5,154,0.7207792207792207,171,123,31,13,4,0,0,99,-3.6927979468409133,24.54385964912281,0.11351266503334045,-0.017384544014930725,0.9793630838394165,-0.03471862028818577,29.320844078063963,0.5502954006195069,0.2402532422915101,0.03746132469677832,0.28544921875,23.93442177772522,-1.979060471057892e-09,0.5498319864273071,5.2200614124872065e-05,-1.281468152999878,0.23515987396240234,2239,0.6609756946563721,1753,2.2434632778167725,104,nan,0,nan,0
809,3313664,59690.7,56.5,38.27,34.28,40,0.5,315,0.6888888888888889,161,106,34,21,0,0,0,77,-3.52869741296603,24.875776397515526,0.055216871201992035,-0.01807307079434395,0.9855146408081055,-0.0316480579203926,29.56661616563797,0.5496365368366242,0.2111128270626068,0.030855212986352853,0.23583984375,26.860801029205323,-3.230525180697441e-09,0.46070921421051025,5.1893551688843405e-05,-1.2815907001495361,0.2502393424510956,2186,0.6375628709793091,1837,1.4734829664230347,73,nan,0,nan,0
810,3317760,59764.1,56.2,38.66,34.25,40,0.5,483,0.7060041407867494,168,124,24,19,0,1,0,94,-3.645855061146809,24.958333333333332,0.12881900370121002,-0.017584025859832764,0.981670081615448,-0.015281730936840177,33.33974189758301,0.5492002427577972,0.30456422055140137,0.051376265264116226,0.330859375,29.862162017822264,-1.6298145055770874e-09,0.5274533033370972,5.1586489252814745e-05,-1.281653642654419,0.22847755253314972,2202,0.5869531631469727,1765,2.288923978805542,103,9.918000221252441,26,nan,0
811,3321856,59836.4,56.9,37.64,34.29,40,0.5,136,0.6985294117647058,165,117,28,20,0,0,0,97,-3.775165553748529,24.454545454545453,0.09600991010665894,-0.019608499482274055,0.9824472069740295,-0.0330991230905056,29.757734537124634,0.5487226068973541,0.3085541881620884,0.04818008573784027,0.2794921875,20.223197174072265,-2.0372681319713593e-09,0.5397745370864868,5.1279426816786085e-05,-1.281909704208374,0.24967049062252045,2242,0.7626155018806458,1745,1.9105229377746582,109,nan,0,nan,0
812,3325952,59910.4,55.7,39.27,34.25,40,0.5,309,0.7443365695792881,173,135,23,15,0,0,0,95,-3.849675839366908,23.728323699421967,0.17893068492412567,-0.017916876822710037,0.98215651512146,-0.031059044785797595,29.867056000232697,0.5472983062267304,0.2557263674214482,0.025695066397020128,0.214794921875,25.483148527145385,-2.735760062932968e-09,0.4924907088279724,5.0972364380757425e-05,-1.2823235988616943,0.23397952318191528,2236,0.6307188868522644,1770,2.096759796142578,90,nan,0,nan,0
813,3330048,59984.5,55.6,39.41,34.24,40,0.5,468,0.717948717948718,159,106,24,28,1,0,0,79,-3.760073313425873,25.666666666666668,0.053885336965322495,-0.019632279872894287,0.9857759475708008,-0.02464714702218771,36.28758709430694,0.5457758247852326,0.29223443046212194,0.08145862188539468,0.29267578125,26.96329689025879,-1.8044374883174896e-09,0.5117195248603821,5.0665301944728765e-05,-1.2826787233352661,0.2481912225484848,2198,0.6981338858604431,1788,2.593364715576172,110,nan,0,nan,0
814,3334144,60057.9,56.2,38.61,34.29,40,0.5,126,0.7301587301587301,170,126,24,19,1,0,0,96,-3.911425500462065,24.3,0.1373775452375412,-0.01665615849196911,0.9765664935112,-0.03130789160495624,30.70719978809357,0.5443093478679657,0.23928498746827245,0.032866669903160076,0.249560546875,29.410948610305788,-1.6589183360338211e-09,0.3613843321800232,5.0358239508700106e-05,-1.2830538749694824,0.22726087272167206,2355,0.6239238381385803,1700,3.7569432258605957,41,nan,0,nan,0
815,3338240,60131.9,55.7,39.3,34.24,40,0.5,295,0.7457627118644068,169,128,22,19,0,0,0,100,-3.675237225624464,24.24852071005917,0.1549842357635498,-0.016611618921160698,0.9806467890739441,-0.03493470489047468,24.870649695396423,0.5427659690380097,0.19446943448856474,0.03282959958160063,0.27392578125,21.70205166339874,-1.6589183360338211e-09,0.4625101089477539,5.0051177072671446e-05,-1.2835025787353516,0.2285853922367096,2300,0.6086289286613464,1751,1.1705658435821533,45,nan,0,nan,0
816,3342336,60205.2,56.2,38.59,34.27,40,0.5,462,0.7186147186147186,167,112,24,26,5,0,0,87,-3.628064444044324,24.520958083832337,0.057061001658439636,-0.019973088055849075,0.9842199087142944,-0.013418812281452119,40.397145211696625,0.5413149893283844,0.35090201422572137,0.0640912856295472,0.32099609375,32.002368974685666,-2.444721758365631e-09,0.4883041977882385,4.9744114636642786e-05,-1.2836769819259644,0.24408462643623352,2154,0.7493013143539429,1814,2.6868979930877686,128,nan,0,nan,0
817,3346432,60278.6,56.2,38.67,34.28,40,0.5,119,0.7394957983193278,169,126,17,24,2,0,0,94,-3.743591722311368,24.047337278106507,0.14038871228694916,-0.016498805955052376,0.9834479093551636,-0.029879514686763288,27.306338810920714,0.5406216204166412,0.19403154933825134,0.02073832050227793,0.207958984375,28.57508683204651,-2.3865140974521637e-09,0.43566280603408813,4.9437052200614126e-05,-1.2839665412902832,0.2255263477563858,2278,0.5873715281486511,1790,1.1520506143569946,28,nan,0,nan,0
818,3350528,60351.3,56.7,37.88,34.3,40,0.5,287,0.7038327526132404,168,114,33,20,1,0,0,96,-3.668822329343274,24.767857142857142,0.07767832279205322,-0.019670814275741577,0.9865071177482605,-0.023922773031517863,31.353696238994598,0.5395192980766297,0.26507782842963934,0.07268721719883615,0.3251953125,25.234394121170045,-2.066371962428093e-09,0.5179456472396851,4.9129989764585466e-05,-1.2841429710388184,0.23932509124279022,2124,0.6774958372116089,1832,2.8341193199157715,140,nan,0,nan,0
819,3354624,60424.8,56.1,38.77,34.25,40,0.5,454,0.6916299559471366,167,112,29,23,3,0,0,93,-3.718318193432978,24.473053892215567,0.06436637043952942,-0.019578786566853523,0.9834563732147217,-0.02623809038195759,32.457251572608946,0.538848203420639,0.2847007495351136,0.05650992957671406,0.265966796875,24.395403337478637,-1.6589183360338211e-09,0.5362813472747803,4.8822927328556806e-05,-1.284270167350769,0.2411310225725174,2162,0.7280007600784302,1831,3.111027717590332,103,nan,0,nan,0
820,3358720,60498.3,56.1,38.76,34.27,40,0.5,106,0.7452830188679245,164,116,20,27,1,0,0,95,-3.79666160839965,24.701219512195124,0.10367078334093094,-0.01657785102725029,0.9824516773223877,-0.03283369846176356,29.589022994041443,0.5382327854633331,0.20098010506480932,0.02967702012101654,0.253515625,24.894624280929566,-1.3096723705530167e-09,0.4388573169708252,4.8515864892528146e-05,-1.284541130065918,0.22987179458141327,2314,0.6052377223968506,1714,1.5477678775787354,68,nan,0,nan,0
821,3362816,60572.6,55.5,39.55,34.32,40,0.5,280,0.7714285714285715,174,137,19,17,1,0,0,104,-3.7719401384719258,23.367816091954023,0.1933983564376831,-0.016226034611463547,0.9798572063446045,-0.026823274476919325,28.14630732536316,0.5371955215930939,0.20669386787340044,0.02957592001039302,0.248876953125,30.939302110671996,-1.1350493878126144e-09,0.46077150106430054,4.8208802456499486e-05,-1.284723162651062,0.23098160326480865,2338,0.5784799456596375,1686,1.68191659450531,72,nan,0,nan,0
822,3366912,60646.0,56.2,38.58,34.29,40,0.5,451,0.7560975609756098,171,125,25,21,0,0,0,94,-3.727221957252199,24.53216374269006,0.12278604507446289,-0.017516624182462692,0.9839490652084351,-0.034222654614131896,30.477360248565674,0.5365294873714447,0.20772099886089562,0.025737846236734186,0.225537109375,24.345179080963135,-2.5029294192790985e-09,0.4063571095466614,4.7901740020470827e-05,-1.2849485874176025,0.23075218498706818,2175,0.6437780261039734,1858,1.062522292137146,63,nan,0,nan,0
823,3371008,60719.6,56.0,38.91,34.28,40,0.5,103,0.7184466019417476,164,120,24,18,2,0,0,95,-3.7140131159628993,24.48780487804878,0.11297745257616043,-0.019062630832195282,0.9832146763801575,-0.03177816628012806,29.501770770549776,0.5355846226215363,0.2413126889616251,0.03352329836343415,0.267626953125,24.274155139923096,-1.3969838619232178e-09,0.5288606286048889,4.759467758444217e-05,-1.2851362228393555,0.22581130266189575,2221,0.6784741878509521,1753,2.0018460750579834,122,nan,0,nan,0
824,3375104,60792.8,56.3,38.47,34.27,40,0.5,270,0.737037037037037,167,125,26,16,0,0,0,99,-3.793239399131416,24.580838323353294,0.14420683681964874,-0.016808655112981796,0.9826927781105042,-0.03238903217716142,23.469090831279754,0.5346678853034973,0.2312610659748316,0.02926251596218208,0.240966796875,24.875109815597533,-1.0477378964424133e-09,0.5572150945663452,4.728761514841351e-05,-1.2854294776916504,0.23748177289962769,2312,0.5993441343307495,1698,2.4937939643859863,86,nan,0,nan,0
825,3379200,60866.1,56.2,38.54,34.29,40,0.5,438,0.728310502283105,168,120,20,26,2,0,0,97,-3.6192264866977277,24.357142857142858,0.11353027075529099,-0.01706399768590927,0.9831975698471069,-0.022470264416188,39.59710838794708,0.5334033846855164,0.281281441450119,0.03221791705291253,0.208056640625,29.013404989242552,-2.3865140974521637e-09,0.46365422010421753,4.698055271238485e-05,-1.2857732772827148,0.2351645529270172,2248,0.6517307162284851,1738,2.334002733230591,110,nan,0,nan,0
826,3383296,60939.7,56.0,38.9,34.27,40,0.5,90,0.7888888888888889,164,126,17,19,2,0,0,104,-3.6439508734093926,24.76829268292683,0.15189984440803528,-0.017436008900403976,0.9799084663391113,-0.022763519454747437,33.61183459758759,0.5323043584823608,0.389887074008584,0.044321969618613365,0.251513671875,27.85587592124939,-2.0372681319713593e-10,0.47714805603027344,4.667349027635619e-05,-1.2858933210372925,0.2662225365638733,2284,0.7693244814872742,1730,2.273120880126953,82,nan,0,nan,0
827,3387392,61014.0,55.5,39.5,34.29,40,0.5,272,0.7316176470588235,182,128,23,26,5,0,0,98,-3.8912692939238274,22.725274725274726,0.1239699274301529,-0.017530683428049088,0.9747061729431152,-0.0327532421099022,28.641732251644136,0.5317809164524079,0.21712875282391905,0.030714076285948976,0.252294921875,25.387191772460938,-3.055902197957039e-09,0.5080156326293945,4.636642784032753e-05,-1.2861533164978027,0.2189977616071701,2357,0.6607576012611389,1652,1.307352900505066,87,nan,0,nan,0
828,3391488,61087.2,56.3,38.53,34.28,40,0.5,443,0.7291196388261851,171,124,28,19,0,0,0,95,-3.759093646875454,23.894736842105264,0.12517578899860382,-0.018857046961784363,0.9864968061447144,-0.02971657773014158,28.946518349647523,0.5304710090160369,0.2315989499911666,0.05825929103448289,0.309765625,20.714583158493042,-1.979060471057892e-09,0.482738196849823,4.605936540429887e-05,-1.2865046262741089,0.24654652178287506,2216,0.7276330590248108,1786,1.9854350090026855,94,nan,0,nan,0
829,3395584,61160.8,56.1,38.82,34.25,40,0.5,95,0.7052631578947368,164,117,31,14,2,0,0,93,-3.6690296313455364,24.98170731707317,0.09489843994379044,-0.01918574422597885,0.9857578873634338,-0.02800752716138959,27.4705259680748,0.5293815314769745,0.22746836468577386,0.038099273544503376,0.2671875,23.146259117126466,-1.949956640601158e-09,0.5479341745376587,4.575230296827021e-05,-1.2866291999816895,0.25814738869667053,2161,0.6451829671859741,1851,1.938820242881775,84,nan,0,nan,0
830,3399680,61234.2,56.2,38.66,34.27,40,0.5,264,0.6893939393939394,169,115,29,23,2,0,0,92,-3.8185403449133033,24.325443786982248,0.06794872134923935,-0.019446099177002907,0.979373574256897,-0.019832411920651792,29.28300311565399,0.5291190028190613,0.2462821738794446,0.05013624680577777,0.287548828125,22.167592144012453,-8.149072527885437e-10,0.5614224672317505,4.544524053224155e-05,-1.2866981029510498,0.2262808382511139,2204,0.663707971572876,1722,2.027592182159424,170,nan,0,nan,0
831,3403776,61307.7,56.1,38.81,34.26,40,0.5,435,0.7241379310344828,171,133,25,13,0,0,0,106,-3.769172334510375,24.216374269005847,0.17486020922660828,-0.01651339791715145,0.9798725843429565,-0.03245194279588759,25.413349282741546,0.528470516204834,0.1960747767239809,0.028047457296634094,0.249755859375,27.254800891876222,-2.4156179279088974e-09,0.5162073373794556,4.513817809621289e-05,-1.287017822265625,0.23231284320354462,2355,0.6095266342163086,1655,1.5557481050491333,86,nan,0,nan,0
832,3407872,61381.4,56.0,38.9,34.29,40,0.5,85,0.7529411764705882,162,119,21,21,1,0,0,98,-3.708085651064469,24.864197530864196,0.12739109992980957,-0.018548034131526947,0.9715302586555481,-0.027132663398515434,29.13458606004715,0.5269187271595002,0.22822315962985157,0.02923157549230382,0.250537109375,27.628692436218262,-2.561137080192566e-09,0.5211562514305115,4.483111566018423e-05,-1.2873926162719727,0.23558920621871948,2329,0.6975412368774414,1681,2.3855977058410645,86,nan,0,nan,0
833,3411968,61455.0,56.0,38.86,34.26,40,0.5,256,0.70703125,171,117,28,23,2,1,0,90,-3.636656357597109,24.023391812865498,0.07521019876003265,-0.018870312720537186,0.9775795936584473,-0.02086404087021947,34.54835722446442,0.5257818877696991,0.2905901851132512,0.051667221677780616,0.340087890625,23.415095949172972,-1.6880221664905548e-09,0.5379565954208374,4.452405322415557e-05,-1.2875854969024658,0.2355831116437912,2195,0.618674635887146,1790,3.6355414390563965,111,nan,0,nan,0
834,3416064,61528.3,56.2,38.58,34.31,40,0.5,431,0.7262180974477959,175,132,22,20,1,0,0,101,-3.87870887071315,23.794285714285714,0.16450181603431702,-0.017163347452878952,0.9803621768951416,-0.03219107831828296,24.83023968935013,0.52465318441391,0.2044262888841331,0.03705172021727776,0.283544921875,22.163562631607057,-2.7939677238464355e-09,0.540015459060669,4.421699078812691e-05,-1.2879925966262817,0.2400684505701065,2423,0.6333897709846497,1615,2.105440378189087,58,nan,0,nan,0
835,3420160,61601.4,56.3,38.39,34.31,40,0.5,87,0.6781609195402298,168,110,24,33,0,1,0,82,-3.6336176584665627,24.220238095238095,0.03542047739028931,-0.019640987738966942,0.9791242480278015,-0.01664263152051717,36.55556955337524,0.5231877505779267,0.3795969370752573,0.029580710209847892,0.2427734375,28.96960320472717,-1.8335413187742233e-09,0.5264104604721069,4.390992835209825e-05,-1.2882672548294067,0.2720220685005188,2100,0.7383814454078674,1876,2.9237635135650635,120,nan,0,nan,0
836,3424256,61675.4,55.7,39.27,34.25,40,0.5,258,0.6821705426356589,171,117,34,18,2,0,0,98,-3.715350313892768,23.81286549707602,0.09060932695865631,-0.01698346622288227,0.9796178340911865,-0.025824606604874133,32.683844208717346,0.5222624123096467,0.23973809024319054,0.03744032897957368,0.29462890625,23.799296188354493,-3.1723175197839737e-09,0.500245213508606,4.360286591606959e-05,-1.2884608507156372,0.22435393929481506,2356,0.6206108927726746,1632,2.91257381439209,108,nan,0,nan,0
837,3428352,61748.8,56.1,38.74,34.27,40,0.5,416,0.6995192307692307,158,115,24,19,0,0,0,88,-3.7263916371548844,25.544303797468356,0.09380005300045013,-0.021004699170589447,0.9794312119483948,-0.025480013142805548,29.14946026802063,0.5216223299503326,0.28373769018799067,0.033262984913017137,0.268115234375,29.75798420906067,-2.939486876130104e-09,0.5711510181427002,4.329580348004092e-05,-1.28861403465271,0.25007641315460205,2203,0.733426034450531,1797,2.556480646133423,96,nan,0,nan,0
838,3432448,61822.6,55.9,39.05,34.27,40,0.5,77,0.6883116883116883,173,122,20,28,3,0,0,105,-3.843943165466502,24.254335260115607,0.11853349953889847,-0.016976168379187584,0.9854702949523926,-0.032866965304128824,26.86449416875839,0.5210234761238098,0.20035387575626373,0.029312352630950046,0.263671875,22.348087763786317,-1.6298145055770874e-09,0.4982452988624573,4.298874104401226e-05,-1.2887563705444336,0.2365656942129135,2358,0.6161197423934937,1684,1.7189291715621948,54,nan,0,nan,0
839,3436544,61896.5,55.8,39.09,34.29,40,0.5,244,0.7049180327868853,167,119,25,21,1,1,0,94,-3.691583950536853,24.520958083832337,0.10376308858394623,-0.016345681622624397,0.9781115055084229,-0.030006507236976177,33.6314315199852,0.52046417593956,0.2650099158287048,0.03793634466128424,0.27021484375,25.42477340698242,-4.132743924856186e-09,0.5231063365936279,4.26816786079836e-05,-1.288877010345459,0.2288830429315567,2273,0.5562356114387512,1717,3.5050337314605713,105,14.419509887695312,1,nan,0
840,3440640,61969.7,56.3,38.43,34.27,40,0.5,406,0.7142857142857143,162,118,30,12,1,1,0,98,-3.708337249516821,24.969135802469136,0.10585436224937439,-0.01722719892859459,0.9799186587333679,-0.026498079788871108,35.7739421248436,0.5198143005371094,0.23945411890745164,0.02340197296871338,0.195458984375,29.642877721786498,-2.0372681319713593e-09,0.4484221935272217,4.237461617195494e-05,-1.2891488075256348,0.2501846253871918,2198,0.6267648339271545,1805,1.8819113969802856,93,nan,0,nan,0
841,3444736,62043.0,56.2,38.6,34.26,40,0.5,60,0.7,166,125,22,18,1,0,0,105,-3.574405137177087,24.801204819277107,0.12182678282260895,-0.019806522876024246,0.9824427366256714,-0.02494057590374723,31.177455520629884,0.5186158001422883,0.2512058332562447,0.016837045119609685,0.160205078125,31.692550802230834,-1.4260876923799515e-09,0.5330973863601685,4.206755373592628e-05,-1.2894301414489746,0.23807621002197266,2060,0.6970906257629395,1872,1.754759669303894,164,nan,0,nan,0
842,3448832,62116.5,56.0,38.78,34.3,40,0.5,224,0.7053571428571429,164,116,24,23,1,0,0,93,-3.7076266653028487,24.79268292682927,0.09113617986440659,-0.017681308090686798,0.9796541333198547,-0.030763025081250818,26.01275864839554,0.5174123346805573,0.21431766860187054,0.02196354635671014,0.214501953125,25.350333833694457,-3.434251993894577e-09,0.5611011981964111,4.1760491299897656e-05,-1.2898063659667969,0.2238732874393463,2268,0.6283477544784546,1727,1.735616683959961,101,nan,0,nan,0
843,3452928,62190.1,56.0,38.81,34.3,40,0.5,389,0.7223650385604113,165,123,23,18,0,1,0,101,-3.602760891438035,25.10909090909091,0.12565463781356812,-0.0181460939347744,0.9821928143501282,-0.025946442829445006,33.14944899082184,0.5159965634346009,0.27386031243950126,0.025411489370162597,0.232421875,27.007417249679566,-1.8335413187742233e-09,0.5373475551605225,4.1453428863868996e-05,-1.2900291681289673,0.24778816103935242,2177,0.6426971554756165,1793,2.2385289669036865,126,nan,0,nan,0
844,3457024,62263.1,56.5,38.21,34.28,40,0.5,42,0.6904761904761905,165,112,27,24,1,1,0,92,-3.7007730807035837,24.47878787878788,0.06911469995975494,-0.018254471942782402,0.9773594737052917,-0.018437548959627747,44.4788060426712,0.5152716040611267,0.5152522020973265,0.045302863261895254,0.226416015625,35.014833784103395,2.3283064365386963e-10,0.4750939607620239,4.1146366427840336e-05,-1.290229082107544,0.23859120905399323,2273,0.8353744149208069,1697,3.4146132469177246,126,nan,0,nan,0
845,3461120,62336.6,56.0,38.81,34.29,40,0.5,213,0.7230046948356808,171,125,28,17,1,0,0,105,-3.6514508629839066,24.140350877192983,0.13373586535453796,-0.017985425889492035,0.9836942553520203,-0.03267770670354366,27.77423287630081,0.5144360601902008,0.22426658226177096,0.024676721592550167,0.215478515625,25.82623267173767,-2.5320332497358322e-09,0.5282555818557739,4.0839303991811676e-05,-1.2904250621795654,0.23456837236881256,2294,0.6448308229446411,1663,1.5645102262496948,139,nan,0,nan,0
846,3465216,62409.7,56.4,38.29,34.28,40,0.5,376,0.7127659574468085,163,114,24,22,2,1,0,95,-3.600490473494291,24.613496932515336,0.07393024116754532,-0.020419837906956673,0.9860157370567322,-0.02565849411766976,36.30894913673401,0.5136335968971253,0.3307586183771491,0.028412488085450605,0.226904296875,26.921410179138185,-2.4156179279088974e-09,0.5562624931335449,4.0532241555783016e-05,-1.2906270027160645,0.2543814182281494,2169,0.798076331615448,1804,2.416013240814209,123,nan,0,nan,0
847,3469312,62483.4,56.0,38.9,34.29,40,0.5,33,0.8181818181818182,169,126,25,17,1,0,0,103,-3.718065296642055,25.059171597633135,0.13650137186050415,-0.01813950017094612,0.9798828363418579,-0.02830918247345835,27.87691570520401,0.5129712462425232,0.3055970475077629,0.045342634491680654,0.287890625,22.156822061538698,-2.5029294192790985e-09,0.5687402486801147,4.0225179119754357e-05,-1.2907698154449463,0.22307232022285461,2298,0.6130552887916565,1646,3.4710545539855957,152,nan,0,nan,0
848,3473408,62556.7,56.2,38.63,34.28,40,0.5,200,0.77,167,127,19,20,1,0,0,98,-3.8757121914296944,24.07185628742515,0.14879578351974487,-0.016720380634069443,0.9750572443008423,-0.03018190518487245,26.694718158245088,0.5120442390441895,0.18951594615355133,0.030431410181336105,0.26044921875,22.601724290847777,-2.648448571562767e-09,0.4776734709739685,3.99181166837257e-05,-1.2911698818206787,0.2487279772758484,2231,0.6101996302604675,1812,1.3638920783996582,53,nan,0,nan,0
849,3477504,62630.9,55.6,39.37,34.31,40,0.5,376,0.7792553191489362,176,139,18,17,2,0,0,121,-3.761214507446056,23.488636363636363,0.19595059752464294,-0.016045857220888138,0.9780611991882324,-0.032807641103863715,22.610871374607086,0.5099405229091645,0.1858533344231546,0.029832058289321138,0.23701171875,22.435874128341673,-1.9208528101444244e-09,0.5170297622680664,3.961105424769704e-05,-1.2917780876159668,0.22217920422554016,2291,0.5750099420547485,1736,1.3562670946121216,69,nan,0,nan,0
850,3481600,62704.5,56.0,38.9,34.27,40,0.5,37,0.7027027027027027,173,128,29,16,0,0,0,98,-3.650238790877221,23.53179190751445,0.15242359042167664,-0.0170338973402977,0.9775682091712952,-0.03218260919675231,28.99898933172226,0.5079085826873779,0.21152901789173484,0.026925858594768214,0.2375,23.545033073425294,-2.561137080192566e-09,0.49198436737060547,3.930399181166838e-05,-1.2921221256256104,0.2253587245941162,2243,0.5858877897262573,1802,1.678965449333191,51,nan,0,nan,0
851,3485696,62777.8,56.2,38.54,34.3,40,0.5,204,0.7156862745098039,167,120,25,20,2,0,0,91,-3.700718550348998,24.65868263473054,0.10135377943515778,-0.018842685967683792,0.9842199087142944,-0.031305849106865936,31.048651909828187,0.5062748610973358,0.24743131771683693,0.02536929576745024,0.21806640625,25.265826511383057,-2.6193447411060333e-09,0.5227715969085693,3.899692937563972e-05,-1.2926795482635498,0.22539377212524414,2150,0.6146052479743958,1835,2.2582101821899414,111,nan,0,nan,0
852,3489792,62851.6,55.9,39.03,34.28,40,0.5,377,0.7214854111405835,173,126,29,17,1,0,0,102,-3.8338544499425025,23.75722543352601,0.1331775039434433,-0.017669949680566788,0.9803721904754639,-0.03575601428747177,27.469782626628877,0.504012006521225,0.2306409756653011,0.029478267081140076,0.24228515625,21.24609990119934,-2.8812792152166367e-09,0.48780566453933716,3.868986693961106e-05,-1.293213963508606,0.24046441912651062,2216,0.6701393723487854,1823,1.1889594793319702,57,nan,0,nan,0
853,3493888,62925.4,55.9,39.03,34.28,40,0.5,33,0.6666666666666666,168,132,20,15,0,1,0,105,-3.7390127677585,24.339285714285715,0.16594240069389343,-0.016714338213205338,0.9803971648216248,-0.025070756021887065,29.769821727275847,0.5023406863212585,0.2203691629692912,0.053815361329179724,0.247265625,22.507314729690552,-3.6961864680051804e-09,0.4961642026901245,3.83828045035824e-05,-1.2934520244598389,0.23380380868911743,2290,0.6076971888542175,1702,1.656369686126709,104,nan,0,nan,0
854,3497984,62999.3,55.8,39.11,34.28,40,0.5,199,0.7437185929648241,166,126,20,19,1,0,0,109,-3.877750778207472,24.451807228915662,0.15516558289527893,-0.01632707566022873,0.9788804054260254,-0.029043302964419128,28.508686143159867,0.5013808667659759,0.24613464567810298,0.022209950895921794,0.226318359375,25.895033264160155,-3.0850060284137726e-09,0.5594846606254578,3.807574206755374e-05,-1.2938079833984375,0.2261379510164261,2350,0.5917598009109497,1634,1.9670984745025635,112,nan,0,nan,0
855,3502080,63073.0,55.9,39.01,34.28,40,0.5,366,0.7349726775956285,167,121,20,26,0,0,0,101,-3.820986889399397,24.395209580838323,0.11840556561946869,-0.017285894602537155,0.9788750410079956,-0.02895939078880474,35.6777552485466,0.4998040497303009,0.24122876934707166,0.021304662863258272,0.2033203125,25.31251130104065,-2.7066562324762344e-09,0.4589305520057678,3.776867963152508e-05,-1.2941573858261108,0.2153780609369278,2266,0.6013913750648499,1712,2.3917388916015625,118,nan,0,nan,0
856,3506176,63146.9,55.9,39.03,34.25,40,0.5,28,0.8214285714285714,174,131,17,25,1,0,0,105,-3.6653762729879498,23.977011494252874,0.15179839730262756,-0.017662011086940765,0.982151985168457,-0.02746001190971583,28.586896789073943,0.4986513555049896,0.21795796770602466,0.028099197353003546,0.22744140625,20.737711191177368,-1.1641532182693481e-09,0.4296302795410156,3.746161719549642e-05,-1.2944002151489258,0.23159536719322205,2212,0.6203095316886902,1741,1.7952853441238403,143,nan,0,nan,0
857,3510272,63220.4,56.1,38.79,34.27,40,0.5,195,0.7692307692307693,167,127,19,19,2,0,0,96,-3.6678239142036033,24.281437125748504,0.154768705368042,-0.016306763514876366,0.9768388867378235,-0.026081959111616017,28.249232387542726,0.4975435435771942,0.20893855169415473,0.03359951613383601,0.24970703125,26.01760287284851,-2.6193447411060333e-09,0.46659862995147705,3.715455475946776e-05,-1.294729471206665,0.21356824040412903,2297,0.5574955940246582,1730,2.357104778289795,69,nan,0,nan,0
858,3514368,63294.1,55.9,38.99,34.27,40,0.5,364,0.7802197802197802,169,134,15,18,2,0,0,99,-3.7122723125110717,24.142011834319526,0.1896204650402069,-0.015931183472275734,0.9796282052993774,-0.03441057142335922,23.355677402019502,0.4957460403442383,0.18938752533867956,0.02769314564357046,0.238623046875,19.8397873878479,-2.5902409106492996e-09,0.4827682375907898,3.68474923234391e-05,-1.2953219413757324,0.22722992300987244,2278,0.5647895932197571,1755,1.4875438213348389,63,nan,0,nan,0
859,3518464,63367.7,56.0,38.83,34.31,40,0.5,20,0.8,168,127,30,10,1,0,0,106,-3.834988985188635,24.267857142857142,0.15533319115638733,-0.01838603988289833,0.9801425933837891,-0.032227569702081384,26.029529547691347,0.4936007738113403,0.22982805147767066,0.03117516056227032,0.23310546875,26.179165077209472,-2.8230715543031693e-09,0.5364257097244263,3.654042988741044e-05,-1.2957139015197754,0.23011846840381622,2233,0.6557539105415344,1771,1.7813737392425537,92,nan,0,nan,0
860,3522560,63441.6,55.7,39.21,34.26,40,0.5,193,0.7512953367875648,173,129,22,21,0,1,0,103,-3.934183818459597,23.46820809248555,0.138750821352005,-0.016323767602443695,0.98215651512146,-0.02882030108012259,43.685349869728086,0.49234009981155397,0.2880995851010084,0.016826404725725295,0.1771484375,28.89138870239258,-2.066371962428093e-09,0.4981577396392822,3.623336745138178e-05,-1.2960314750671387,0.22653532028198242,2282,0.6224846243858337,1773,4.42310905456543,41,nan,0,nan,0
861,3526656,63515.0,56.2,38.61,34.28,40,0.5,363,0.7410468319559229,170,124,24,18,4,0,0,110,-3.835231852268253,24.24705882352941,0.1337336152791977,-0.01674453541636467,0.981151282787323,-0.032350638718344274,29.246029472351076,0.49075073599815366,0.2500527911819518,0.023539529190747997,0.21455078125,19.795152854919433,-2.444721758365631e-09,0.48848801851272583,3.592630501535312e-05,-1.2965145111083984,0.21599644422531128,2331,0.6059507131576538,1659,2.733283519744873,106,nan,0,nan,0
862,3530752,63588.2,56.3,38.5,34.28,40,0.5,24,0.75,173,128,38,7,0,0,0,100,-3.8619182677116113,23.99421965317919,0.13674461841583252,-0.017596181482076645,0.9729798436164856,-0.026218152465298773,27.170124065876006,0.4887976825237274,0.2632026975043118,0.021546754508744926,0.1919921875,25.930109071731568,-2.735760062932968e-09,0.5940307378768921,3.561924257932446e-05,-1.2969589233398438,0.22136558592319489,2232,0.6729704141616821,1743,1.8406726121902466,121,nan,0,nan,0
863,3534848,63662.1,55.8,39.19,34.25,40,0.5,199,0.7788944723618091,175,137,27,11,0,0,0,116,-3.9312986862934003,23.6,0.1903637945652008,-0.016146134585142136,0.9757714867591858,-0.03042650083079934,24.90136911869049,0.4874566912651062,0.19919500453397632,0.022347444739716595,0.2125,28.05008211135864,-1.8044374883174896e-09,0.49866151809692383,3.53121801432958e-05,-1.2971415519714355,0.22211012244224548,2354,0.5957457423210144,1677,1.96904718875885,65,nan,0,nan,0
864,3538944,63736.1,55.8,39.17,34.27,40,0.5,369,0.7615176151761518,170,126,23,20,1,0,0,105,-3.8377280747912947,23.805882352941175,0.14171630144119263,-0.01596665009856224,0.9758023619651794,-0.02850002234335989,25.644331228733062,0.48682082295417783,0.2004796091467142,0.027149125990399627,0.24912109375,24.754051971435548,-1.7171259969472885e-09,0.5358349084854126,3.500511770726714e-05,-1.297316074371338,0.2139499932527542,2245,0.5496968626976013,1733,1.8259124755859375,118,nan,0,nan,0
865,3543040,63809.8,55.9,38.94,34.31,40,0.5,28,0.75,171,134,21,16,0,0,0,105,-3.818047566027413,23.894736842105264,0.18275344371795654,-0.015350610949099064,0.9775795936584473,-0.03255608347244561,26.689329349994658,0.48615207672119143,0.18707685163244606,0.024411726628022733,0.219970703125,21.58653769493103,-2.0081643015146255e-09,0.44751518964767456,3.469805527123848e-05,-1.2975146770477295,0.20962631702423096,2312,0.5619089007377625,1723,1.7596435546875,61,nan,0,nan,0
866,3547136,63883.1,56.2,38.55,34.3,40,0.5,195,0.7692307692307693,167,129,16,19,3,0,0,107,-3.6125610402474155,25.01197604790419,0.16495947539806366,-0.015815621241927147,0.9791295528411865,-0.03126332489773631,25.769366407394408,0.4849019944667816,0.18922315891832114,0.026969885868311394,0.240625,21.480803060531617,-1.4260876923799515e-09,0.4263077974319458,3.439099283520982e-05,-1.2979557514190674,0.21909134089946747,2196,0.5560601949691772,1855,2.0885658264160156,45,nan,0,nan,0
867,3551232,63957.1,55.7,39.24,34.3,40,0.5,364,0.7692307692307693,169,130,22,17,0,0,0,106,-3.8618379822078315,24.059171597633135,0.16697877645492554,-0.01659846305847168,0.9798828363418579,-0.028827399574220182,29.868920457363128,0.48328481912612914,0.2339249759912491,0.02796011089667445,0.216357421875,25.36485662460327,-1.367880031466484e-09,0.478618860244751,3.408393039918116e-05,-1.2982611656188965,0.20737184584140778,2293,0.612116813659668,1713,2.961906909942627,90,nan,0,nan,0
868,3555328,64031.0,55.8,39.14,34.29,40,0.5,26,0.8846153846153846,174,147,10,15,2,0,0,125,-3.7205222347188878,23.689655172413794,0.25478020310401917,-0.013935226015746593,0.9775624871253967,-0.02487275128951296,22.07122458219528,0.482382732629776,0.17297985451295972,0.02395688409014838,0.18212890625,24.65779051780701,-1.9208528101444244e-09,0.4473775625228882,3.37768679631525e-05,-1.298406958580017,0.20840807259082794,2381,0.5415918827056885,1676,2.424133777618408,39,nan,0,nan,0
869,3559424,64104.7,56.0,38.88,34.28,40,0.5,189,0.708994708994709,163,111,23,29,0,0,0,92,-4.119723622261351,24.263803680981596,0.08886159211397171,-0.018024368211627007,0.9758453965187073,-0.009756005881354213,36.408349299430846,0.48186632990837097,0.34883057102561,0.044526516414771324,0.23837890625,45.897184181213376,-8.149072527885437e-10,0.49674415588378906,3.346980552712384e-05,-1.2985435724258423,0.23097768425941467,2300,0.6342010498046875,1690,4.623674392700195,103,15.240436553955078,3,nan,0
870,3563520,64178.0,56.2,38.65,34.3,40,0.5,363,0.7520661157024794,174,139,21,12,2,0,0,107,-3.7254567670463965,24.06896551724138,0.20016708970069885,-0.016068048775196075,0.9806221127510071,-0.02798877893947065,23.60175439119339,0.4814725399017334,0.18889326620846986,0.020733477837347893,0.188037109375,28.32854962348938,-3.434251993894577e-09,0.4930964708328247,3.316274309109518e-05,-1.298572301864624,0.22506755590438843,2305,0.5728269815444946,1665,1.2761095762252808,126,nan,0,nan,0
871,3567616,64251.2,56.3,38.44,34.28,40,0.5,15,0.8666666666666667,164,127,16,19,2,0,0,109,-3.8466221263285525,24.804878048780488,0.16522690653800964,-0.015167003497481346,0.9809257388114929,-0.029881231673061847,23.804378664493562,0.48101571202278137,0.1896658475510776,0.021651432043290696,0.2138671875,20.70050024986267,-1.7462298274040222e-09,0.45197492837905884,3.285568065506652e-05,-1.2988669872283936,0.22567126154899597,2398,0.5547206997871399,1649,0.8298691511154175,49,nan,0,nan,0
872,3571712,64324.3,56.4,38.31,34.29,40,0.5,183,0.7868852459016393,168,131,23,12,2,0,0,107,-3.8755437232208485,24.821428571428573,0.17111796140670776,-0.01764002814888954,0.9753054976463318,-0.02542179813608527,28.810293197631836,0.47956312298774717,0.24972667703405022,0.02923135505116079,0.233544921875,25.878564500808714,-2.6775524020195007e-09,0.49207985401153564,3.254861821903786e-05,-1.2992243766784668,0.23699502646923065,2288,0.7058250308036804,1719,1.622519850730896,89,nan,0,nan,0
873,3575808,64397.6,56.2,38.6,34.29,40,0.5,354,0.7824858757062146,171,133,23,14,1,0,0,106,-3.8203221572608785,23.45614035087719,0.1890280395746231,-0.015560628846287727,0.9770700931549072,-0.031901518302038315,23.199840939044954,0.47830167412757874,0.19303656946867703,0.022045224884641355,0.215087890625,22.22912769317627,-1.3096723705530167e-09,0.5108487606048584,3.22415557830092e-05,-1.2994897365570068,0.2122448980808258,2366,0.5863263607025146,1680,1.5068097114562988,50,nan,0,nan,0
874,3579904,64471.3,56.0,38.9,34.24,40,0.5,15,0.8666666666666667,173,136,21,15,1,0,0,106,-3.8026039942690972,24.057803468208093,0.19345463812351227,-0.015119318850338459,0.9717053174972534,-0.02983847000868991,25.648135697841646,0.47752565145492554,0.18289603386074305,0.02058284165832447,0.20546875,22.914358568191528,-2.35741026699543e-09,0.4621956944465637,3.193449334698054e-05,-1.2996180057525635,0.21170973777770996,2353,0.5828683972358704,1690,1.1362751722335815,53,nan,0,nan,0
875,3584000,64544.4,56.4,38.37,34.26,40,0.5,181,0.7513812154696132,166,123,24,19,0,0,0,97,-3.7272663442775498,24.33132530120482,0.12465257942676544,-0.017946768552064896,0.9755725264549255,-0.024439110048115255,27.518065547943117,0.47677226066589357,0.20903135221451521,0.029893554776208475,0.261962890625,26.322123765945435,-1.0477378964424133e-09,0.5416117906570435,3.162743091095188e-05,-1.2998766899108887,0.21439728140830994,2149,0.6035954356193542,1783,1.8514533042907715,164,nan,0,nan,0
876,3588096,64618.1,55.9,39.04,34.27,40,0.5,349,0.7277936962750716,168,118,32,16,1,1,0,89,-3.795661721056708,24.220238095238095,0.09658043086528778,-0.018184030428528786,0.9847250580787659,-0.023916991741862147,34.94756824970246,0.4759827256202698,0.28555267620831726,0.01639119419705821,0.165185546875,31.276483058929443,-1.3969838619232178e-09,0.4826570749282837,3.132036847492322e-05,-1.300013542175293,0.2280188351869583,2290,0.5905429720878601,1709,3.2180025577545166,97,nan,0,nan,0
877,3592192,64691.5,56.2,38.67,34.26,40,0.5,8,0.5,171,134,25,11,1,0,0,105,-3.7970229111738982,23.77777777777778,0.18485501408576965,-0.01608330011367798,0.9768152832984924,-0.031308549293316904,25.559351456165313,0.4753382921218872,0.20320465909317137,0.020560915920941624,0.207958984375,24.332191753387452,-2.9685907065868378e-09,0.530006468296051,3.101330603889456e-05,-1.3001853227615356,0.2089376449584961,2274,0.5665731430053711,1776,2.24411678314209,46,nan,0,nan,0
878,3596288,64765.2,55.9,39.06,34.27,40,0.5,177,0.7966101694915254,169,137,21,11,0,0,0,117,-3.8361239036022914,24.53846153846154,0.19628584384918213,-0.016665715724229813,0.9798828363418579,-0.030654365965165197,27.02177103757858,0.47455225586891175,0.22655058400705458,0.018293672193249223,0.1841796875,25.749920749664305,-2.6193447411060333e-09,0.4926333427429199,3.07062436028659e-05,-1.3004554510116577,0.23757368326187134,2377,0.5849438309669495,1622,1.8097213506698608,97,nan,0,nan,0
879,3600384,64839.0,55.9,39.05,34.29,40,0.5,347,0.7723342939481268,170,127,22,20,1,0,0,101,-3.94334051799821,23.96470588235294,0.14797556400299072,-0.01743394322693348,0.982934296131134,-0.028526600915938616,24.60177309513092,0.47320249676704407,0.21099684480577707,0.04546181095938664,0.203125,21.757904863357545,-2.066371962428093e-09,0.5219265818595886,3.039918116683724e-05,-1.300847053527832,0.2270529866218567,2303,0.6445251703262329,1731,2.17232084274292,62,nan,0,nan,0
880,3604480,64912.3,56.3,38.49,34.28,40,0.5,7,0.7142857142857143,172,122,23,26,1,0,0,97,-3.819239033458012,24.33139534883721,0.11945520341396332,-0.01665838249027729,0.9765545129776001,-0.01814601313089952,31.669547820091246,0.4717962324619293,0.27599351210519674,0.06829493513068882,0.230419921875,28.220049333572387,-3.055902197957039e-09,0.4695504903793335,3.0092118730808577e-05,-1.301110029220581,0.22786681354045868,2358,0.7252023220062256,1686,2.7254831790924072,52,nan,0,nan,0
881,3608576,64985.9,56.0,38.82,34.29,40,0.5,179,0.7150837988826816,172,123,25,22,1,1,0,105,-3.937872386711374,23.656976744186046,0.11861403286457062,-0.01857517845928669,0.9788480997085571,-0.025106786738615484,28.83909627199173,0.4707756757736206,0.29167680218815806,0.03633344659465365,0.240234375,24.34495005607605,-4.0745362639427185e-10,0.586240291595459,2.978505629477995e-05,-1.3013875484466553,0.2446422427892685,2278,0.7018694877624512,1717,3.515338659286499,101,nan,0,nan,0
882,3612672,65059.5,56.0,38.85,34.27,40,0.5,349,0.7306590257879656,170,127,25,18,0,0,0,100,-3.796564397713534,23.91764705882353,0.15697763860225677,-0.016199879348278046,0.978094756603241,-0.0318651448469609,26.567611622810364,0.4697310745716095,0.19244011584669352,0.022033119370462373,0.222021484375,20.871471881866455,-2.852175384759903e-09,0.494192898273468,2.947799385875129e-05,-1.301642656326294,0.2331637442111969,2286,0.5901955962181091,1754,1.4830540418624878,56,nan,0,nan,0
883,3616768,65133.2,55.8,39.03,34.31,40,0.5,9,0.5555555555555556,172,130,29,13,0,0,0,106,-3.9052255959379933,23.86627906976744,0.17039036750793457,-0.015024524182081223,0.9755351543426514,-0.028686122922226786,24.797978377342226,0.4684501111507416,0.1958363731391728,0.023457465614774263,0.20361328125,24.62459635734558,-2.2118911147117615e-09,0.4857538938522339,2.917093142272263e-05,-1.3020508289337158,0.23029738664627075,2416,0.6158728003501892,1642,1.1649329662322998,38,nan,0,nan,0
884,3620864,65206.8,56.0,38.87,34.27,40,0.5,180,0.75,171,130,25,16,0,0,0,103,-3.7668641555378675,23.86549707602339,0.16188186407089233,-0.0159120075404644,0.9780891537666321,-0.03328689644113183,25.773630273342132,0.4669059932231903,0.1886735868640244,0.024113003477395978,0.2208984375,22.79232029914856,-2.1827872842550278e-09,0.48247766494750977,2.886386898669397e-05,-1.3023669719696045,0.22476521134376526,2205,0.5483337640762329,1806,1.3637399673461914,85,nan,0,nan,0
885,3624960,65280.9,55.6,39.31,34.3,40,0.5,356,0.75,176,132,22,18,4,0,0,101,-3.729188563848746,23.380681818181817,0.16731014847755432,-0.015605766326189041,0.9806122183799744,-0.024090552399866284,28.653097259998322,0.46572226881980894,0.21394363269209862,0.017053419815783854,0.17744140625,30.020048141479492,-3.14321368932724e-09,0.4662286639213562,2.855680655066531e-05,-1.3026728630065918,0.21211256086826324,2321,0.5560171008110046,1664,2.5551440715789795,111,nan,0,nan,0
886,3629056,65354.3,56.2,38.66,34.26,40,0.5,14,0.6428571428571429,170,122,35,13,0,0,0,102,-3.72520644720018,24.405882352941177,0.1085004135966301,-0.017647888511419296,0.9765664935112,-0.027216043113730846,29.93464775085449,0.4646341800689697,0.2568700517527759,0.019828834837244357,0.189013671875,27.93892240524292,-9.022187441587448e-10,0.4728606939315796,2.824974411463665e-05,-1.3028627634048462,0.2262272983789444,2188,0.6468569040298462,1844,1.853963017463684,64,nan,0,nan,0
887,3633152,65427.1,56.6,38.1,34.26,40,0.5,177,0.7344632768361582,163,121,21,19,2,0,0,101,-3.727605694849102,24.828220858895705,0.12362419068813324,-0.018287114799022675,0.9796593189239502,-0.03316416870802641,27.392774403095245,0.4642088532447815,0.24303500922396779,0.027960442659968977,0.214404296875,18.962131118774415,-2.1827872842550278e-09,0.5473537445068359,2.7942681678607992e-05,-1.3029110431671143,0.22995896637439728,2110,0.6361265182495117,1878,2.154237985610962,108,nan,0,nan,0
888,3637248,65500.8,55.9,38.94,34.3,40,0.5,349,0.7449856733524355,172,130,22,18,1,1,0,104,-3.69255899100822,23.627906976744185,0.14193010330200195,-0.018011432141065598,0.9803771376609802,-0.02504171779146418,31.289582741260528,0.46366865634918214,0.2568778935819864,0.018697833569603972,0.1939453125,30.528159809112548,-2.0954757928848267e-09,0.534192681312561,2.7635619242579332e-05,-1.3031630516052246,0.21943120658397675,2124,0.6440116167068481,1846,2.2892985343933105,126,nan,0,nan,0
889,3641344,65574.0,56.3,38.47,34.28,40,0.5,3,0.6666666666666666,166,122,26,17,1,0,0,94,-3.721187267894716,24.620481927710845,0.13529640436172485,-0.016451945528388023,0.9804071187973022,-0.03642027284950018,28.59642639160156,0.46282429099082945,0.19355939952656626,0.020715680044668262,0.19521484375,22.805830335617067,-2.444721758365631e-09,0.46059149503707886,2.7328556806550672e-05,-1.3032677173614502,0.22996358573436737,2267,0.591433048248291,1757,1.0450080633163452,72,nan,0,nan,0
890,3645440,65647.1,56.4,38.33,34.29,40,0.5,169,0.6982248520710059,166,116,28,21,0,1,0,97,-3.845581226637847,24.626506024096386,0.09422998130321503,-0.01806078478693962,0.9801526665687561,-0.02360393307171762,39.35242533683777,0.46247265934944154,0.43192409798502923,0.02262242780707311,0.190625,30.523021936416626,-2.270098775625229e-09,0.47039806842803955,2.7021494370522012e-05,-1.3033961057662964,0.2740284204483032,2206,0.7853397130966187,1821,2.6722471714019775,69,nan,0,nan,0
891,3649536,65720.5,56.1,38.74,34.25,40,0.5,337,0.7270029673590505,168,127,22,18,1,0,0,102,-3.7755360565925464,24.25595238095238,0.1604725420475006,-0.01642986387014389,0.9783604741096497,-0.026062056608498096,23.74338779449463,0.4617721974849701,0.2034161509014666,0.016561777412425725,0.16455078125,31.971261739730835,-3.14321368932724e-09,0.5698574781417847,2.6714431934493352e-05,-1.3035920858383179,0.21700572967529297,2265,0.5957013964653015,1762,1.3922555446624756,69,nan,0,nan,0
892,3653632,65793.7,56.3,38.53,34.26,40,0.5,509,0.724950884086444,172,124,17,31,0,0,0,105,-3.8242034637663562,24.348837209302324,0.12096297740936279,-0.01734807714819908,0.9712028503417969,-0.023227181448601187,31.943551993370058,0.4612790822982788,0.26690245047211647,0.017762192861118818,0.15712890625,30.356450462341307,-7.275957614183426e-10,0.5056849718093872,2.6407369498464692e-05,-1.3036292791366577,0.2206985503435135,2245,0.6528627872467041,1748,2.392815113067627,103,nan,0,nan,0
893,3657728,65867.3,56.0,38.88,34.29,40,0.5,173,0.7109826589595376,176,126,31,17,2,0,0,106,-3.717164004285821,23.34090909090909,0.12416568398475647,-0.01719474419951439,0.9755101799964905,-0.01940377487335354,32.00233520269394,0.46120153069496156,0.2568977474234998,0.03096177647676086,0.215673828125,29.07875509262085,-3.2887328416109085e-09,0.48715120553970337,2.6100307062436032e-05,-1.3036415576934814,0.22330784797668457,2279,0.6912134885787964,1705,1.4664379358291626,112,nan,0,nan,0
894,3661824,65941.0,56.0,38.97,34.23,40,0.5,347,0.7435158501440923,174,135,27,12,0,0,0,107,-3.8953530886405994,23.42528735632184,0.1980106085538864,-0.016252880915999413,0.9798572063446045,-0.02674311017617583,25.861969673633574,0.4610003411769867,0.25225853705778717,0.019275421454221942,0.184423828125,26.45879249572754,-2.8812792152166367e-09,0.5730347037315369,2.5793244626407373e-05,-1.3037712574005127,0.21091122925281525,2295,0.5974014401435852,1701,3.094991683959961,100,nan,0,nan,0
895,3665920,66013.9,56.5,38.2,34.26,40,0.5,3,0.6666666666666666,168,124,23,20,1,0,0,102,-3.798185490978955,24.095238095238095,0.1433032602071762,-0.015386918559670448,0.976578414440155,-0.027375193405896427,27.880619955062866,0.46050570607185365,0.1872970790602267,0.023463833384448664,0.180712890625,24.530416679382324,-1.0477378964424133e-09,0.4503520131111145,2.5486182190378713e-05,-1.3038262128829956,0.22211387753486633,2363,0.5716536045074463,1687,1.775641679763794,46,nan,0,nan,0
896,3670016,66087.9,55.7,39.3,34.25,40,0.5,178,0.7584269662921348,175,133,23,16,3,0,0,107,-3.7715592243365177,23.548571428571428,0.17511653900146484,-0.013577919453382492,0.9737312197685242,-0.02813932589488104,26.58133327960968,0.46029205322265626,0.16345222424715758,0.01724283263029065,0.168115234375,24.813962841033934,-2.35741026699543e-09,0.4120427370071411,2.5179119754350053e-05,-1.303912878036499,0.20341625809669495,2324,0.5335279107093811,1739,1.0433752536773682,33,nan,0,nan,0
897,3674112,66161.4,56.1,38.8,34.28,40,0.5,351,0.7549857549857549,173,130,24,18,1,0,0,103,-3.6768079462468415,24.08092485549133,0.1580682098865509,-0.014933504164218903,0.9757838249206543,-0.03097492824308574,29.50104150772095,0.459902286529541,0.17917133858427406,0.02037497658311622,0.196826171875,27.53002142906189,-4.94765117764473e-10,0.36156874895095825,2.4872057318321393e-05,-1.3040056228637695,0.2086695283651352,2314,0.5324181318283081,1751,1.721473217010498,31,nan,0,nan,0
898,3678208,66234.8,56.2,38.6,34.28,40,0.5,4,0.5,165,125,23,15,2,0,0,104,-3.7982888318551313,24.496969696969696,0.14000707864761353,-0.017441384494304657,0.9786313772201538,-0.018007531110197306,34.72832267284393,0.4595372498035431,0.5207866419106721,0.02311680948623689,0.178173828125,30.907799243927002,-2.4156179279088974e-09,0.44984370470046997,2.4564994882292733e-05,-1.304107427597046,0.26093772053718567,2259,0.848162829875946,1760,2.2920687198638916,77,nan,0,nan,0
899,3682304,66308.0,56.3,38.4,34.34,40,0.5,174,0.7413793103448276,170,127,23,18,1,1,0,100,-3.6729856524569215,24.129411764705882,0.14162638783454895,-0.01768972910940647,0.9773306250572205,-0.023800700646825136,29.388410019874573,0.45914557576179504,0.28105213958770037,0.01772863438818604,0.183251953125,23.48779320716858,-2.8812792152166367e-09,0.5291962623596191,2.4257932446264073e-05,-1.3041906356811523,0.23097948729991913,2144,0.618963897228241,1843,2.9925429821014404,109,nan,0,nan,0
900,3686400,66381.6,56.0,38.86,34.27,40,0.5,345,0.744927536231884,171,128,18,24,1,0,0,105,-3.828077699176413,24.11111111111111,0.15564857423305511,-0.01621386595070362,0.9798725843429565,-0.027569037722423674,26.42354146242142,0.45878896713256834,0.20925783179700375,0.020023483214026784,0.1892578125,20.89037766456604,-3.2014213502407074e-09,0.494187593460083,2.3950870010235413e-05,-1.3043075799942017,0.22326093912124634,2215,0.570358395576477,1797,2.279510498046875,84,nan,0,nan,0
901,3690496,66454.6,56.5,38.2,34.32,40,0.5,5,0.8,172,136,19,14,3,0,0,106,-3.7777938770144703,23.924418604651162,0.18800508975982666,-0.015592372044920921,0.975025475025177,-0.02563278679153882,26.520040464401244,0.4581199049949646,0.19618972782045602,0.02344658287038328,0.222265625,22.648327684402467,-2.6775524020195007e-09,0.5201531052589417,2.3643807574206753e-05,-1.3045152425765991,0.21867389976978302,2365,0.5659051537513733,1636,1.4538264274597168,95,nan,0,nan,0
902,3694592,66528.3,56.0,38.93,34.25,40,0.5,181,0.8176795580110497,176,144,23,9,0,0,0,118,-3.715622528861501,23.255681818181817,0.23089668154716492,-0.015488166362047195,0.9747449159622192,-0.015532359154894948,22.68055284023285,0.4573261082172394,0.24730458380654455,0.05769221646187361,0.19091796875,28.186780786514284,-1.1350493878126144e-09,0.5504987239837646,2.3336745138178093e-05,-1.3047033548355103,0.21031498908996582,2256,0.5731099247932434,1771,3.064182996749878,69,nan,0,nan,0
903,3698688,66601.5,56.2,38.54,34.3,40,0.5,348,0.7873563218390804,167,126,27,14,0,0,0,102,-3.7332700488220936,24.353293413173652,0.15333512425422668,-0.01619173027575016,0.9788750410079956,-0.030422221007756888,26.370399355888367,0.4566713273525238,0.18790476685389876,0.029598198011808564,0.20576171875,23.896890926361085,-3.7834979593753815e-10,0.45932477712631226,2.3029682702149434e-05,-1.304850697517395,0.21944448351860046,2230,0.5683434009552002,1790,1.3717728853225708,76,nan,0,nan,0
904,3702784,66675.2,56.0,38.93,34.27,40,0.5,2,1.0,166,125,24,16,1,0,0,102,-3.8636357960458705,24.759036144578314,0.15476658940315247,-0.016758255660533905,0.978117048740387,-0.03135410454124212,29.165633368492127,0.4559375762939453,0.20926582403481006,0.018562089273473248,0.179833984375,19.7649124622345,-3.812601789832115e-09,0.4331158995628357,2.2722620266120774e-05,-1.3050737380981445,0.21789398789405823,2332,0.5707531571388245,1677,2.3260459899902344,87,nan,0,nan,0
905,3706880,66748.9,55.9,39.06,34.26,40,0.5,182,0.7857142857142857,180,141,26,12,1,0,0,112,-3.878455550945451,22.766666666666666,0.21105632185935974,-0.014047096483409405,0.9790602922439575,-0.030455232271924614,24.721306848526,0.45503499507904055,0.16892250571399928,0.015858874189143536,0.16015625,20.119393515586854,-2.153683453798294e-09,0.4578021168708801,2.2415557830092114e-05,-1.3052928447723389,0.20342084765434265,2364,0.5096056461334229,1685,1.645529866218567,47,nan,0,nan,0
906,3710976,66822.4,56.1,38.72,34.28,40,0.5,349,0.7564469914040115,167,121,30,15,1,0,0,111,-3.899706616504868,24.04191616766467,0.14633241295814514,-0.015247587114572525,0.9793840646743774,-0.0264996501035057,29.926630282402037,0.4543534815311432,0.18305095573887228,0.013077073842578103,0.159912109375,28.037820672988893,-1.6298145055770874e-09,0.4280861020088196,2.2108495394063454e-05,-1.305391788482666,0.21257556974887848,2400,0.5589109659194946,1654,1.7438478469848633,42,nan,0,nan,0
907,3715072,66895.9,56.1,38.8,34.25,40,0.5,4,0.75,167,141,17,9,0,0,0,119,-3.7356867499391555,24.550898203592816,0.22610554099082947,-0.016459830105304718,0.9783660173416138,-0.022205173666588963,23.211420440673827,0.4539890825748444,0.21838831780478357,0.014204512294963934,0.1451171875,28.05417470932007,-2.7066562324762344e-09,0.5585367679595947,2.1801432958034794e-05,-1.3055074214935303,0.2135564386844635,2275,0.5667844414710999,1704,2.1680355072021484,117,nan,0,nan,0
908,3719168,66969.2,56.2,38.65,34.27,40,0.5,173,0.7745664739884393,169,131,22,14,2,0,0,103,-3.6644530917537876,24.047337278106507,0.16549554467201233,-0.016893582418560982,0.9821746945381165,-0.03152138739824295,24.370103859901427,0.4532486319541931,0.20865807021036745,0.018627721765369643,0.19541015625,18.648538255691527,-2.8812792152166367e-09,0.5230937004089355,2.149437052200613e-05,-1.305772066116333,0.21397662162780762,2252,0.5965829491615295,1749,1.4875863790512085,95,nan,0,nan,0
909,3723264,67042.7,56.0,38.84,34.26,40,0.5,340,0.7647058823529411,167,126,25,15,1,0,0,113,-3.8141218821801495,24.550898203592816,0.14597667753696442,-0.016119200736284256,0.9801476001739502,-0.0261007915250957,33.091033327579495,0.4522829234600067,0.29667469253763556,0.018938939172949178,0.174609375,24.51691403388977,-8.149072527885437e-10,0.5298298597335815,2.118730808597747e-05,-1.3059605360031128,0.22402693331241608,2327,0.6406043767929077,1699,3.858612060546875,70,nan,0,nan,0
910,3727360,67116.1,56.2,38.57,34.3,40,0.5,509,0.75049115913556,169,122,22,24,1,0,0,102,-3.9565269341130804,24.420118343195266,0.11516404151916504,-0.01667102426290512,0.9773364067077637,-0.02272184249595739,31.998561644554137,0.4515399694442749,0.2582435142248869,0.012536098070268054,0.12939453125,27.751027822494507,-1.7462298274040222e-09,0.5218130350112915,2.088024564994881e-05,-1.3061721324920654,0.21651403605937958,2325,0.6054158210754395,1690,2.478271484375,81,nan,0,nan,0
911,3731456,67189.5,56.1,38.71,34.26,40,0.5,168,0.7738095238095238,171,132,21,17,0,1,0,99,-3.84337824195393,24.339181286549707,0.1681537628173828,-0.015723269432783127,0.9768152832984924,-0.025312676606699825,32.37322194576264,0.4507606625556946,0.24130378793925047,0.01256763544952264,0.144775390625,28.667121171951294,-1.9208528101444244e-09,0.43698734045028687,2.057318321392015e-05,-1.306317687034607,0.21844147145748138,2256,0.5610828995704651,1748,2.2917094230651855,92,nan,0,nan,0
912,3735552,67263.2,55.9,39.04,34.23,40,0.5,336,0.7797619047619048,168,132,19,16,1,0,0,106,-3.8761195708595695,24.43452380952381,0.18365514278411865,-0.016896020621061325,0.9778513312339783,-0.026170075219124556,26.189286208152772,0.4501451253890991,0.21269719079136848,0.016681670572143047,0.16220703125,23.475235271453858,-7.566995918750763e-10,0.4729371666908264,2.026612077789149e-05,-1.3065111637115479,0.2171732485294342,2277,0.597061038017273,1733,2.0741045475006104,86,nan,0,nan,0
913,3739648,67336.6,56.1,38.72,34.24,40,0.5,506,0.7806324110671937,170,133,22,14,1,0,0,108,-3.9332312209013027,24.2,0.179890438914299,-0.015226940624415874,0.9752929210662842,-0.028749152063392104,27.316318130493165,0.44937325119972227,0.19171466901898385,0.014960098825395108,0.169091796875,25.515590333938597,-2.939486876130104e-09,0.4767749309539795,1.995905834186283e-05,-1.3066710233688354,0.2117489129304886,2400,0.5763238072395325,1626,1.6232852935791016,70,nan,0,nan,0
914,3743744,67410.0,56.1,38.72,34.24,40,0.5,160,0.7375,166,122,28,16,0,0,0,98,-3.835376668727811,24.47590361445783,0.12175112217664719,-0.01861552521586418,0.9753180742263794,-0.023193829972296954,26.278089535236358,0.4488540828227997,0.248182138428092,0.012558554680435919,0.1353515625,26.647110891342162,-2.240994945168495e-09,0.5789830684661865,1.965199590583417e-05,-1.3067989349365234,0.2165888249874115,2143,0.6508071422576904,1811,1.9642850160598755,142,nan,0,nan,0
915,3747840,67483.1,56.4,38.36,34.28,40,0.5,328,0.7286585365853658,168,121,22,25,0,0,0,98,-4.022164995875946,23.904761904761905,0.11908780783414841,-0.01665579155087471,0.9753054976463318,-0.021676169894635677,28.447590339183808,0.448314493894577,0.3761171940714121,0.025343902125314344,0.172509765625,23.810412788391112,-1.7171259969472885e-09,0.5828911066055298,1.934493346980551e-05,-1.3069062232971191,0.23955583572387695,2236,0.6826059222221375,1755,3.0855801105499268,105,nan,0,nan,0
916,3751936,67557.0,55.8,39.17,34.26,40,0.5,499,0.7454909819639278,171,133,17,20,1,0,0,109,-3.975489627434842,24.27485380116959,0.1927214413881302,-0.015490325167775154,0.9816560745239258,-0.023176769632846116,23.20322368144989,0.4481094181537628,0.19852488357573747,0.013799089794338215,0.14248046875,25.61104836463928,8.731149137020111e-11,0.4939001202583313,1.9037871033776852e-05,-1.30691397190094,0.21940110623836517,2383,0.5613430738449097,1654,1.9407167434692383,59,nan,0,nan,0
917,3756032,67630.3,56.3,38.49,34.25,40,0.5,160,0.7875,173,135,19,18,1,0,0,108,-3.67240475088824,23.514450867052023,0.19009792804718018,-0.015831969678401947,0.9724700450897217,-0.02967606852762401,23.43519968986511,0.44792373180389405,0.1912147647701204,0.014804306597216054,0.1619140625,17.232202196121214,-2.3283064365386963e-09,0.48933106660842896,1.8730808597748192e-05,-1.3070207834243774,0.2080169916152954,2306,0.5569427609443665,1750,1.9261102676391602,40,nan,0,nan,0
918,3760128,67704.1,55.8,39.1,34.3,40,0.5,331,0.7794561933534743,171,132,19,20,0,0,0,107,-3.8609437980599877,24.24561403508772,0.18313395977020264,-0.017528939992189407,0.9757961630821228,-0.02614320134744048,25.96855136156082,0.44741039276123046,0.22696774918586016,0.0148131727357395,0.168359375,22.1364727973938,-1.979060471057892e-09,0.46254605054855347,1.8423746161719532e-05,-1.3071560859680176,0.21179597079753876,2242,0.6522858142852783,1762,1.2715905904769897,92,nan,0,nan,0
919,3764224,67777.5,56.2,38.64,34.28,40,0.5,502,0.7888446215139442,171,138,13,19,1,0,0,121,-3.874630075733295,23.649122807017545,0.2094375044107437,-0.014341544359922409,0.9699363112449646,-0.022142064294894227,22.114356809854506,0.4468352496623993,0.18624291652813554,0.019159009687427897,0.18466796875,24.421990060806273,-1.8335413187742233e-09,0.4833359718322754,1.8116683725690872e-05,-1.3073134422302246,0.21487241983413696,2474,0.5925163626670837,1560,1.3597710132598877,62,nan,0,nan,0
920,3768320,67851.2,55.9,39.01,34.27,40,0.5,164,0.7560975609756098,174,133,18,22,1,0,0,116,-3.973152911589857,23.551724137931036,0.19195884466171265,-0.014484320767223835,0.9724630117416382,-0.025755205331370233,24.488993537425994,0.44614434242248535,0.17795514417812228,0.01168981155497022,0.143505859375,23.945152521133423,-2.8230715543031693e-09,0.4446139931678772,1.7809621289662246e-05,-1.307499647140503,0.20248007774353027,2419,0.5594707131385803,1637,1.3450069427490234,40,nan,0,nan,0
921,3772416,67925.5,55.5,39.54,34.24,40,0.5,345,0.7710144927536232,181,142,21,17,1,0,0,117,-3.7044817041135865,23.027624309392266,0.21324048936367035,-0.014937063679099083,0.9719029664993286,-0.025604473415296525,26.883212065696718,0.4453853785991669,0.18410072941333055,0.018158152015530504,0.163427734375,28.40804977416992,-1.8917489796876907e-09,0.4078442454338074,1.7502558853633586e-05,-1.3076906204223633,0.20713935792446136,2326,0.562339186668396,1707,1.3949739933013916,63,nan,0,nan,0
922,3776512,67998.8,56.2,38.57,34.29,40,0.5,6,0.5,173,140,17,16,0,0,0,105,-3.945160435124048,23.520231213872833,0.22103317081928253,-0.014414587058126926,0.975019097328186,-0.026610297977458685,22.51214870214462,0.4447723746299744,0.17497893208637832,0.016999590896011794,0.1857421875,20.146788024902342,-3.2887328416109085e-09,0.4887043833732605,1.7195496417604926e-05,-1.307800054550171,0.20114144682884216,2419,0.5211137533187866,1590,1.6949305534362793,87,nan,0,nan,0
923,3780608,68072.1,56.3,38.56,34.23,40,0.5,168,0.7619047619047619,162,125,20,15,0,2,0,98,-3.8197688356309007,25.11111111111111,0.14258724451065063,-0.018057169392704964,0.9758515357971191,-0.0006281023845076561,37.51264312267303,0.4444293737411499,0.3486368728801608,0.06587173917214387,0.166796875,29.80625033378601,-2.3283064365386963e-09,0.5170453786849976,1.6888433981576266e-05,-1.307849407196045,0.21579711139202118,2249,0.6185221672058105,1690,3.6864001750946045,157,nan,0,nan,0
924,3784704,68145.7,55.9,38.99,34.26,40,0.5,341,0.7653958944281525,173,133,21,18,1,0,0,111,-3.894293183395295,23.786127167630056,0.1854100078344345,-0.01612653210759163,0.9745092988014221,-0.027370293636340647,23.88473998308182,0.4443602800369263,0.2069418327882886,0.017449961429520044,0.166259765625,19.47732882499695,-1.9208528101444244e-09,0.5059974193572998,1.6581371545547607e-05,-1.3078367710113525,0.22658692300319672,2401,0.593595027923584,1607,2.1275947093963623,88,nan,0,nan,0
925,3788800,68219.7,55.8,39.22,34.25,40,0.5,0,,171,131,22,15,2,1,0,103,-3.8791887511369416,23.619883040935672,0.17910172045230865,-0.015490436926484108,0.9780891537666321,-0.019921692460775374,28.40757683515549,0.44435449242591857,0.23773840367794036,0.01698218917590566,0.139599609375,20.336687326431274,-9.313225746154785e-10,0.5163741111755371,1.6274309109518947e-05,-1.307880163192749,0.19808179140090942,2356,0.5381473898887634,1655,3.1212284564971924,85,nan,0,nan,0
926,3792896,68293.3,56.0,38.84,34.26,40,0.5,176,0.7386363636363636,176,130,22,21,3,0,0,107,-3.874575719796244,23.8125,0.1548718512058258,-0.014003843069076538,0.9750000238418579,-0.02410947564058006,28.748809778690337,0.4439098179340363,0.23998658508062362,0.00976496713992674,0.109521484375,23.73079671859741,-9.604264050722122e-10,0.4535713195800781,1.5967246673490287e-05,-1.3080817461013794,0.208694189786911,2346,0.5745663642883301,1676,2.537148952484131,74,nan,0,nan,0
927,3796992,68367.3,55.6,39.38,34.25,40,0.5,351,0.7635327635327636,175,138,17,18,1,1,0,119,-3.803284603397302,23.154285714285713,0.20656970143318176,-0.014603753574192524,0.9734761714935303,-0.014069804176688194,30.92113572359085,0.4431314587593079,0.26424985378980637,0.023567086044931785,0.133642578125,33.142358446121214,-2.6775524020195007e-09,0.4013789892196655,1.5660184237461627e-05,-1.3082119226455688,0.2056148797273636,2310,0.5512235164642334,1705,3.51369571685791,81,nan,0,nan,0
928,3801088,68441.4,55.7,39.39,34.21,40,0.5,13,0.6923076923076923,174,139,17,17,1,0,0,114,-3.845092346738716,23.385057471264368,0.21860040724277496,-0.015709739178419113,0.9714431166648865,-0.02538342250045389,22.487370508909226,0.44275017380714415,0.21734364312142135,0.01626821988465963,0.157568359375,18.34343590736389,-2.6775524020195007e-09,0.49733299016952515,1.5353121801432967e-05,-1.3082891702651978,0.22210775315761566,2398,0.5834563374519348,1638,2.1522841453552246,60,nan,0,nan,0
929,3805184,68515.2,55.9,39.09,34.22,40,0.5,190,0.8157894736842105,177,146,17,13,1,0,0,122,-3.8310713517782897,23.531073446327685,0.23990674316883087,-0.016004260629415512,0.9709109663963318,-0.02386181220645085,23.694741052389144,0.4425177812576294,0.21190242758020758,0.010409741640614811,0.1255859375,24.0846360206604,-2.1827872842550278e-09,0.5132426023483276,1.5046059365404305e-05,-1.3083295822143555,0.2121729701757431,2269,0.5490190982818604,1720,2.087965250015259,107,nan,0,nan,0
930,3809280,68588.8,56.0,38.9,34.23,40,0.5,364,0.8104395604395604,174,140,18,15,1,0,0,118,-3.941913066069703,23.25287356321839,0.21946565806865692,-0.014615831896662712,0.9734829068183899,-0.024296950595453382,22.625216352939606,0.4422626793384552,0.18715812535956503,0.015536491802777164,0.136279296875,21.175718116760255,-2.0372681319713593e-10,0.47129368782043457,1.4738996929375646e-05,-1.3084222078323364,0.20576612651348114,2326,0.5441674590110779,1714,1.541045069694519,56,nan,0,nan,0
931,3813376,68662.1,56.2,38.66,34.23,50,0.625,0,,170,137,16,15,2,0,0,110,-3.8857962326121327,23.770588235294117,0.19387996196746826,-0.01565626449882984,0.9775853157043457,-0.022458582534454763,23.136711686849594,0.4418686985969543,0.1926085908897221,0.027355374228500297,0.135791015625,21.935304498672487,-1.8044374883174896e-09,0.4840870499610901,1.4431934493346986e-05,-1.3085191249847412,0.21388466656208038,2295,0.5536726117134094,1721,1.7663469314575195,80,nan,0,nan,0
932,3817472,68734.8,56.7,38.0,34.26,50,0.625,138,0.7028985507246377,154,107,33,12,1,1,0,84,-3.9841347213662597,26.766233766233768,0.05442115291953087,-0.025708254426717758,0.9817351698875427,0.0033814308466389776,35.12739181518555,0.44154157042503356,0.7248769644647837,0.053706206248898526,0.142822265625,56.615247535705564,-1.3969838619232178e-09,0.5971224308013916,1.4124872057318326e-05,-1.3085851669311523,0.34140124917030334,2075,1.0223723649978638,1838,3.5005102157592773,183,nan,0,nan,0
933,3821568,68807.6,56.6,38.08,34.25,50,0.625,293,0.6723549488054608,155,100,30,24,0,1,0,82,-3.614737129345522,26.580645161290324,0.013922283425927162,-0.024748900905251503,0.9862979054450989,-0.01738289948552847,33.40731058120728,0.4413230001926422,0.39575107116252184,0.011289493164804298,0.109716796875,29.525923633575438,-6.111804395914078e-10,0.5763883590698242,1.3817809621289666e-05,-1.3086364269256592,0.27025851607322693,2029,0.7019376158714294,1904,3.0178723335266113,163,nan,0,nan,0
934,3825664,68880.4,56.7,38.0,34.24,50,0.625,446,0.6636771300448431,153,99,28,22,2,2,0,74,-3.763958459829783,26.45751633986928,0.012164633721113205,-0.025946933776140213,0.9865584373474121,-0.0028905620332807303,41.856196641922,0.441153347492218,0.5404331086203455,0.03349910431570606,0.144482421875,38.16235971450806,-2.8812792152166367e-09,0.5365676879882812,1.3510747185261006e-05,-1.3086563348770142,0.24846573173999786,2009,0.8590639233589172,1953,4.214776039123535,134,nan,0,nan,0
935,3829760,68953.3,56.5,38.15,34.31,50,0.625,92,0.6630434782608695,158,105,31,20,2,0,0,78,-3.746545869982316,25.943037974683545,0.045173026621341705,-0.023304637521505356,0.9898425340652466,-0.02222760780714452,28.058890748023988,0.4410198390483856,0.3299555702134967,0.011833632865455001,0.121337890625,27.90666880607605,-2.3283064365386963e-09,0.5526257753372192,1.3203684749232346e-05,-1.3087116479873657,0.253838449716568,2031,0.7223228812217712,1933,2.028463840484619,132,nan,0,nan,0
936,3833856,69026.9,56.0,38.93,34.22,50,0.625,260,0.7115384615384616,168,124,25,16,0,3,0,98,-3.646777102449679,24.767857142857142,0.11180473864078522,-0.021657276898622513,0.9859979748725891,0.007582073169760406,36.45543633103371,0.44077378511428833,0.5871787995100022,0.12991553266620032,0.16357421875,33.365537881851196,-1.775333657860756e-09,0.5597214102745056,1.2896622313203686e-05,-1.308786153793335,0.22883178293704987,2081,0.7485513091087341,1876,5.3248491287231445,139,nan,0,nan,0
937,3837952,69099.4,56.8,37.79,34.31,50,0.625,413,0.6924939467312349,153,101,32,19,0,1,0,77,-3.647894540378225,26.790849673202615,0.02687031775712967,-0.025177957490086555,0.9863048195838928,-0.014887577714398503,38.27036848068237,0.44047820568084717,0.4794120317324996,0.007630518332007341,0.087939453125,31.998983764648436,-3.6670826375484467e-09,0.5416489839553833,1.2589559877175026e-05,-1.30885648727417,0.28217625617980957,2069,0.8431887626647949,1896,3.063389539718628,131,nan,0,nan,0
938,3842048,69172.0,56.8,37.76,34.3,50,0.625,58,0.6724137931034483,157,95,32,27,2,1,0,69,-3.7210360884868208,25.840764331210192,-0.01954019069671631,-0.025450456887483597,0.9875602722167969,-0.006824965914711356,37.89169116020203,0.4401988685131073,0.5259527243673802,0.018800285845645703,0.088818359375,42.76085586547852,-2.9103830456733704e-09,0.5160366296768188,1.2282497441146367e-05,-1.3089228868484497,0.27627378702163696,1916,0.8935396671295166,2059,2.652872323989868,121,nan,0,nan,0
939,3846144,69245.1,56.3,38.42,34.28,50,0.625,214,0.6542056074766355,156,101,33,19,3,0,0,77,-3.859314650988194,26.243589743589745,0.016510676592588425,-0.025472590699791908,0.9883248805999756,-0.018663562391884624,30.19323399066925,0.4398919403553009,0.354134158603847,0.007062339765252545,0.083154296875,21.754206514358522,-2.0372681319713593e-09,0.6008669137954712,1.1975435005117707e-05,-1.3090224266052246,0.24742211401462555,2013,0.7460412383079529,1896,2.449559450149536,187,nan,0,nan,0
940,3850240,69317.9,56.6,38.07,34.26,50,0.625,374,0.6363636363636364,160,98,31,27,2,2,0,81,-3.7466427031489387,25.7625,-0.005805217195302248,-0.022965414449572563,0.9824694991111755,-0.008292674578842706,37.93622527122498,0.43948256969451904,0.4953588876873255,0.01165017997554969,0.122216796875,40.03423924446106,-2.5320332497358322e-09,0.5148996710777283,1.1668372569089047e-05,-1.3091073036193848,0.2956855297088623,1999,0.7893349528312683,1941,2.7802586555480957,156,nan,0,nan,0
941,3854336,69389.9,57.2,37.35,34.26,50,0.625,10,0.6,148,89,29,24,6,0,0,74,-3.6223825389431115,27.33783783783784,-0.0329081267118454,-0.02462833747267723,0.9840425252914429,-0.016252783313393592,32.455779218673705,0.43926223516464236,0.3658552335575223,0.0066790674172807485,0.081396484375,28.73982105255127,-1.6880221664905548e-09,0.5202444791793823,1.1361310133060387e-05,-1.309131383895874,0.269594669342041,2060,0.8303948044776917,1919,1.5108437538146973,117,nan,0,nan,0
942,3858432,69462.9,56.5,38.27,34.27,50,0.625,170,0.7176470588235294,160,116,23,21,0,0,0,96,-3.6974529745907176,25.65625,0.09106249362230301,-0.022264203056693077,0.9850101470947266,-0.012612038385123014,32.43861657381058,0.43917161226272583,0.41045621410012245,0.027601745793072043,0.119189453125,30.502266120910644,-1.3096723705530167e-09,0.5241485238075256,1.1054247697031727e-05,-1.309167504310608,0.27522432804107666,2114,0.7864957451820374,1892,3.210066318511963,90,nan,0,nan,0
943,3862528,69536.1,56.3,38.44,34.29,50,0.625,328,0.7317073170731707,158,118,28,12,0,0,0,99,-3.6299897826325904,26.10126582278481,0.0945117250084877,-0.021137379109859467,0.985271692276001,-0.0163252514321357,29.474696588516235,0.43901844024658204,0.37152433283627034,0.012352150031074417,0.09267578125,31.781549406051635,-1.5133991837501526e-09,0.6030641794204712,1.0747185261003065e-05,-1.3092072010040283,0.23990918695926666,2165,0.6987318992614746,1801,3.5264437198638916,130,nan,0,nan,0
944,3866624,69608.9,56.6,38.14,34.23,50,0.625,481,0.7234927234927235,153,108,24,18,3,0,0,80,-3.654084944600114,26.33986928104575,0.05168995261192322,-0.025232069194316864,0.9865584373474121,-0.017300023848656566,33.561180245876315,0.43882290124893186,0.36302284635603427,0.00817928841424873,0.08974609375,26.583373069763184,-2.5029294192790985e-09,0.6179623603820801,1.0440122824974406e-05,-1.3092641830444336,0.26693323254585266,1961,0.7717666029930115,1927,2.29315447807312,208,nan,0,nan,0
945,3870720,69681.7,56.7,37.97,34.29,50,0.625,120,0.65,151,93,33,23,2,0,0,73,-3.743996510223548,27.09271523178808,-0.006305280607193708,-0.02392374537885189,0.9842839241027832,-0.017502154177054762,34.04298088550568,0.43857498168945314,0.3507803477346897,0.005961010814644396,0.0767578125,30.451421594619752,-1.4551915228366852e-09,0.4911690354347229,1.0133060388945746e-05,-1.3093395233154297,0.23345664143562317,2075,0.7392557263374329,1817,2.3267855644226074,204,nan,0,nan,0
946,3874816,69754.2,56.8,37.84,34.24,50,0.625,280,0.65,160,104,35,21,0,0,0,90,-3.863236210730934,25.975,0.03889845311641693,-0.022040845826268196,0.9839938879013062,-0.020322875879355707,29.605739545822143,0.4382851481437683,0.3027244808152318,0.007721463330381084,0.08876953125,25.183761405944825,-2.8812792152166367e-09,0.5847313404083252,9.825997952917086e-06,-1.3093863725662231,0.22853821516036987,2130,0.6720561385154724,1835,2.288487434387207,131,nan,0,nan,0
947,3878912,69827.5,56.3,38.55,34.24,50,0.625,449,0.6792873051224945,169,123,24,17,4,1,0,102,-3.7358171873841153,24.473372781065088,0.11003690958023071,-0.020427599549293518,0.9806467890739441,-0.017614161618985234,29.996986317634583,0.438105034828186,0.34549789912998674,0.009245225695485715,0.099072265625,30.314776182174683,-1.6880221664905548e-09,0.5608285069465637,9.518935516888426e-06,-1.3094497919082642,0.22393088042736053,2207,0.7543440461158752,1794,2.0201117992401123,95,nan,0,nan,0
948,3883008,69900.6,56.3,38.48,34.23,50,0.625,101,0.7227722772277227,164,122,25,15,2,0,0,91,-3.8754341902958913,24.76829268292683,0.1279406100511551,-0.021146520972251892,0.9773651957511902,-0.017343881365377456,26.77793754339218,0.43774141669273375,0.2839440889656544,0.006800107093295082,0.076025390625,25.71074743270874,-2.735760062932968e-09,0.5557413101196289,9.211873080859766e-06,-1.3095647096633911,0.22427202761173248,2309,0.6779661178588867,1714,2.086437463760376,73,nan,0,nan,0
949,3887104,69973.6,56.5,38.29,34.26,50,0.625,253,0.7075098814229249,152,106,28,17,1,0,0,85,-3.7390418298334027,27.138157894736842,0.047754447907209396,-0.022953025996685028,0.9840263724327087,-0.013045724690891802,31.986857533454895,0.4373535871505737,0.35711342077702285,0.014455873866972979,0.08017578125,33.6101731300354,-3.230525180697441e-09,0.584111750125885,8.904810644831106e-06,-1.3096296787261963,0.26423513889312744,2096,0.7377833724021912,1879,2.212681770324707,121,nan,0,nan,0
950,3891200,70046.5,56.6,38.12,34.3,50,0.625,410,0.697560975609756,157,107,24,26,0,0,0,81,-3.7059569752788577,26.03184713375796,0.07121086120605469,-0.021686770021915436,0.9913683533668518,-0.01997766757849604,27.16474003791809,0.437161386013031,0.31054782271385195,0.00867455141415121,0.09462890625,20.694209814071655,-1.862645149230957e-09,0.5604183673858643,8.597748208802446e-06,-1.3096613883972168,0.2493622750043869,2091,0.6816678643226624,1929,3.0214948654174805,76,nan,0,nan,0
951,3895296,70119.5,56.6,38.18,34.23,50,0.625,52,0.6346153846153846,154,100,37,17,0,0,0,83,-3.7470422052814296,26.77922077922078,0.013730360195040703,-0.024737153202295303,0.987062394618988,-0.017865647445432842,33.27782443761826,0.4369819760322571,0.3516211684793234,0.00794171655579703,0.0921875,25.8661838054657,-2.3865140974521637e-09,0.5453907251358032,8.290685772773786e-06,-1.3097351789474487,0.24749934673309326,2047,0.732342004776001,1856,1.879659652709961,193,nan,0,nan,0
952,3899392,70192.5,56.4,38.32,34.24,50,0.625,214,0.6869158878504673,162,114,25,23,0,0,0,83,-3.844883147168617,25.444444444444443,0.085969477891922,-0.021201854571700096,0.9804270267486572,-0.015774564864113928,27.4032900929451,0.4366663873195648,0.29646184407174586,0.009863897810282652,0.068212890625,26.18689570426941,-2.4156179279088974e-09,0.5577107667922974,7.983623336745126e-06,-1.309812068939209,0.22767193615436554,2119,0.6281962394714355,1839,2.4456257820129395,138,nan,0,nan,0
953,3903488,70265.4,56.5,38.23,34.25,50,0.625,374,0.6898395721925134,160,111,31,17,1,0,0,99,-3.7250240887217676,25.5125,0.06941193342208862,-0.021692002192139626,0.9811992049217224,-0.01739679558086209,27.666688191890717,0.4364210069179535,0.2807817606255412,0.008572611575073098,0.104931640625,23.882323884963988,-6.984919309616089e-10,0.5856578946113586,7.676560900716467e-06,-1.3098502159118652,0.22728893160820007,2051,0.6456703543663025,1925,1.7177777290344238,120,nan,0,nan,0
954,3907584,70338.5,56.4,38.37,34.26,50,0.625,15,0.8,153,111,30,12,0,0,0,93,-3.7799061160560954,26.215686274509803,0.08114031702280045,-0.025149857625365257,0.9863048195838928,-0.01148166715283878,40.42114918231964,0.4362164378166199,0.6783927688375115,0.006028317936579697,0.06640625,30.384405851364136,-1.367880031466484e-09,0.5616041421890259,7.369498464687807e-06,-1.3099349737167358,0.24702413380146027,2045,0.808697521686554,1865,3.7414557933807373,186,nan,0,nan,0
955,3911680,70411.5,56.5,38.19,34.31,50,0.625,168,0.6607142857142857,153,99,31,21,2,0,0,73,-3.52099748358179,26.88235294117647,0.016599664464592934,-0.022379189729690552,0.9842759370803833,-0.01150976213393733,33.633198046684264,0.435845148563385,0.3711935432627797,0.003204084398748819,0.03212890625,28.647758340835573,-2.6193447411060333e-09,0.45086604356765747,7.062436028659146e-06,-1.3100266456604004,0.24251963198184967,2072,0.7668819427490234,1879,1.5990192890167236,145,nan,0,nan,0
956,3915776,70483.8,57.0,37.55,34.28,50,0.625,318,0.6446540880503144,150,94,38,17,1,0,0,75,-3.711605069598627,26.84,-0.015987157821655273,-0.025266017764806747,0.9840344786643982,-0.009555682726204395,40.73009080886841,0.4355465412139893,0.4528585372492671,0.007401268421381247,0.04912109375,37.25722975730896,-2.852175384759903e-09,0.5583080053329468,6.755373592630486e-06,-1.3100719451904297,0.23899099230766296,1899,0.7238049507141113,2010,2.9757585525512695,187,nan,0,nan,0
957,3919872,70557.2,56.2,38.66,34.26,50,0.625,481,0.6486486486486487,163,107,36,17,1,2,0,91,-3.858871447317853,25.754601226993866,0.0346335843205452,-0.021482225507497787,0.986270010471344,-0.01820491293910891,32.6148121714592,0.4353573083877563,0.4021388735622168,0.006094609475985635,0.070849609375,24.10896635055542,-2.153683453798294e-09,0.5191463232040405,6.448311156601826e-06,-1.3101361989974976,0.2733613848686218,2173,0.7172297835350037,1821,2.9156153202056885,102,nan,0,nan,0
958,3923968,70629.5,56.9,37.66,34.29,50,0.625,127,0.6220472440944882,158,98,38,20,2,0,0,81,-3.7164659622778022,25.49367088607595,0.00704432837665081,-0.02207171358168125,0.9880650043487549,-0.015160270105116069,32.35778038501739,0.43510525226593016,0.28499233443289995,0.0049901961276191285,0.056201171875,28.01509232521057,-2.2118911147117615e-09,0.5046581029891968,6.141248720573166e-06,-1.3101904392242432,0.22654233872890472,1992,0.6658421754837036,1968,1.6543679237365723,136,nan,0,nan,0
959,3928064,70702.7,56.3,38.46,34.26,50,0.625,291,0.6769759450171822,164,118,25,19,2,0,0,96,-3.840583494849978,25.085365853658537,0.10425698757171631,-0.022342152893543243,0.9816886782646179,-0.010030117095448076,28.74465982913971,0.4349228858947754,0.30179793257266285,0.004079100945091341,0.036279296875,38.24351906776428,-3.346940502524376e-09,0.5579409599304199,5.8341862845445395e-06,-1.3102235794067383,0.2354191690683365,2058,0.7142865061759949,1889,1.837295651435852,149,nan,0,nan,0
960,3932160,70775.1,56.9,37.7,34.28,50,0.625,447,0.6935123042505593,156,113,32,11,0,0,0,91,-3.6105249973541986,26.75,0.06842666864395142,-0.02638794295489788,0.9903553128242493,-0.012773653271142393,32.71943408250809,0.4347936809062958,0.39732475448399784,0.004398428922286257,0.044482421875,27.299727296829225,-1.0186340659856796e-09,0.5606260299682617,5.52712384851588e-06,-1.3102619647979736,0.2549015283584595,1984,0.7943252325057983,1899,2.1439292430877686,213,nan,0,nan,0
961,3936256,70848.1,56.5,38.21,34.26,50,0.625,95,0.7052631578947368,160,111,26,23,0,0,0,88,-3.889370984473233,25.46875,0.07803422212600708,-0.021567177027463913,0.986026406288147,-0.011351039656437934,29.25203573703766,0.4346498787403107,0.298872465826571,0.005414019800082315,0.0462890625,27.54048843383789,-2.5902409106492996e-09,0.5052395462989807,5.22006141248722e-06,-1.31029212474823,0.24293451011180878,2189,0.7062518000602722,1805,1.9286495447158813,102,nan,0,nan,0
962,3940352,70921.1,56.4,38.31,34.3,50,0.625,248,0.6733870967741935,153,100,33,19,1,0,0,81,-3.7315953446100694,26.254901960784313,0.0236869677901268,-0.022391293197870255,0.985797643661499,-0.013459842163138091,34.686263251304624,0.4345685601234436,0.3392258245497942,0.003591931573464535,0.0376953125,29.25984830856323,-1.862645149230957e-09,0.5023481845855713,4.91299897645856e-06,-1.310295820236206,0.2171226441860199,2099,0.7051798105239868,1853,1.8744364976882935,144,nan,0,nan,0
963,3944448,70993.7,56.8,37.86,34.29,50,0.625,402,0.6567164179104478,154,97,34,18,5,0,0,76,-3.7315729379589855,26.72077922077922,0.0019211415201425552,-0.023909956216812134,0.9819888472557068,-0.010400305897928775,34.20289835929871,0.43456695079803465,0.37620952986180783,0.004026429855730385,0.04111328125,31.80086669921875,-1.9208528101444244e-09,0.5099018812179565,4.6059365404299e-06,-1.3103017807006836,0.25159934163093567,2108,0.7185706496238708,1807,2.5428264141082764,181,nan,0,nan,0
964,3948544,71066.9,56.3,38.47,34.27,50,0.625,51,0.6666666666666666,161,122,27,10,0,2,0,100,-3.8432248411500693,25.757763975155278,0.10932914912700653,-0.025432493537664413,0.976620078086853,-0.009653128765057773,35.963814318180084,0.4345349192619324,0.5131424287334084,0.002941700151131954,0.028076171875,34.31873426437378,-3.2014213502407074e-10,0.6349632740020752,4.29887410440124e-06,-1.3103077411651611,0.24052537977695465,2019,0.8182592988014221,1858,2.8523356914520264,214,10.060735702514648,5,nan,0
965,3952640,71139.6,56.7,37.94,34.27,50,0.625,211,0.6635071090047393,160,106,35,15,3,1,0,88,-3.7518127526838345,25.625,0.03683850169181824,-0.0233624167740345,0.9837398529052734,-0.00924215796403587,32.25559659004212,0.4345134675502777,0.35933664757758377,0.002527913640369661,0.024853515625,26.777853393554686,-2.9976945370435715e-09,0.5627353191375732,3.99181166837258e-06,-1.3103125095367432,0.22534675896167755,2088,0.7357199192047119,1827,2.5548853874206543,181,nan,0,nan,0
966,3956736,71212.5,56.5,38.23,34.26,50,0.625,364,0.6593406593406593,153,100,29,23,1,0,0,77,-3.6157331356574804,26.18954248366013,0.03409317508339882,-0.0211727786809206,0.9802181124687195,-0.009508219617418944,34.984858214855194,0.43449236154556276,0.30429652854800227,0.0019519114051945508,0.017578125,28.87707896232605,-1.57160684466362e-09,0.5016813278198242,3.68474923234392e-06,-1.3103179931640625,0.22600899636745453,2039,0.6268947720527649,1915,1.8179171085357666,142,nan,0,nan,0
967,3960832,71284.9,57.0,37.63,34.27,50,0.625,5,0.8,153,102,31,16,2,2,0,74,-3.7218857027138177,26.398692810457515,0.015456348657608032,-0.02635422721505165,0.98731929063797,-0.006192582775838673,39.43557221889496,0.4344724535942078,0.6393252534791827,0.00815334991493728,0.02890625,34.592902755737306,-2.5320332497358322e-09,0.5273396968841553,3.37768679631526e-06,-1.3103229999542236,0.26537764072418213,1950,0.9144184589385986,1961,3.7269983291625977,185,nan,0,nan,0
968,3964928,71357.4,56.8,37.84,34.23,50,0.625,162,0.6975308641975309,157,109,32,14,2,0,0,78,-3.937748409396672,26.56687898089172,0.06876932084560394,-0.023732542991638184,0.9817212224006653,-0.008956315531395375,34.910529828071596,0.43441601395606994,0.4335169341415167,0.0016517031734110787,0.013037109375,28.117044258117676,-2.8812792152166367e-09,0.5156586170196533,3.0706243602865997e-06,-1.310353398323059,0.2411479502916336,2038,0.7120739817619324,1872,2.765803098678589,186,nan,0,nan,0
969,3969024,71430.1,56.7,37.99,34.26,50,0.625,318,0.7389937106918238,156,122,20,13,0,1,0,100,-3.679928098845134,26.44871794871795,0.13810843229293823,-0.020382173359394073,0.9809644818305969,-0.005593332648277283,30.1246656537056,0.43430769443511963,0.36529406253248453,0.0035570440188166684,0.012158203125,36.79102635383606,-1.949956640601158e-09,0.5108253955841064,2.76356192425794e-06,-1.3103665113449097,0.26682716608047485,2184,0.7040902972221375,1809,2.1873669624328613,103,nan,0,nan,0
970,3973120,71503.0,56.5,38.29,34.25,50,0.625,478,0.7196652719665272,160,109,30,19,2,0,0,81,-3.7145269244143964,25.2375,0.050585292279720306,-0.022860366851091385,0.9855182766914368,-0.00777232376858592,34.72051396369934,0.43426878452301027,0.3939282573759556,0.0028110927378293127,0.02490234375,25.930172729492188,-2.3283064365386963e-09,0.5445464253425598,2.45649948822928e-06,-1.310377597808838,0.22738200426101685,2054,0.690372109413147,1855,3.0263822078704834,187,nan,0,nan,0
971,3977216,71575.7,56.7,37.93,34.26,50,0.625,114,0.7017543859649122,148,101,28,18,1,0,0,78,-3.9063339313279193,27.10135135135135,0.021378571167588234,-0.02646220102906227,0.9827761054039001,-0.005815011239610613,35.0090668797493,0.4342294096946716,0.6735229171812535,0.00245766131702112,0.02158203125,29.48911862373352,-1.57160684466362e-09,0.6330706477165222,2.14943705220062e-06,-1.310384750366211,0.23924890160560608,2029,0.7906225919723511,1794,3.4275968074798584,237,8.368401527404785,36,nan,0
972,3981312,71648.3,56.7,37.91,34.29,50,0.625,274,0.6678832116788321,160,103,36,18,3,0,0,85,-3.7969064511685118,26.86875,0.020760761573910713,-0.023443151265382767,0.9893292784690857,-0.0055131064495071765,33.45124998092651,0.434210604429245,0.4109634390100837,0.0007456493825884536,0.003955078125,27.71278109550476,-3.1141098588705063e-09,0.5347855687141418,1.84237461617196e-06,-1.3103865385055542,0.2314912974834442,2025,0.6938979625701904,1914,2.4562876224517822,138,9.609173774719238,19,nan,0
973,3985408,71721.7,56.1,38.73,34.25,50,0.625,433,0.674364896073903,159,109,31,16,3,0,0,85,-3.752775694271184,25.641509433962263,0.06265540421009064,-0.021902013570070267,0.9829819798469543,-0.005875280546024442,29.79358273744583,0.43418565988540647,0.29908706340938807,0.00061762325494783,0.002197265625,25.147895097732544,-1.367880031466484e-09,0.5522826910018921,1.5353121801432998e-06,-1.3103997707366943,0.2302739918231964,2126,0.6740105152130127,1885,2.3011856079101562,85,nan,0,nan,0
974,3989504,71794.2,56.9,37.76,34.28,50,0.625,74,0.6756756756756757,153,98,35,18,2,0,0,82,-3.8382260037604072,26.535947712418302,0.002785824239253998,-0.023294206708669662,0.9868120551109314,-0.004126487439498306,31.95287129878998,0.43413230776786804,0.3494384689256549,0.0004993704889784567,0.001904296875,23.640877294540406,-1.862645149230957e-09,0.5673216581344604,1.22824974411464e-06,-1.3104124069213867,0.23567898571491241,2073,0.7230067849159241,1850,1.8050874471664429,173,nan,0,nan,0
975,3993600,71866.6,57.0,37.67,34.24,50,0.625,226,0.6991150442477876,152,108,32,12,0,0,0,83,-3.649178474665365,25.95394736842105,0.053371816873550415,-0.026054641231894493,0.9860547780990601,-0.002892304421402514,37.51783986091614,0.4340934753417969,0.4618642311543226,0.00040463688783347606,0.001611328125,25.445909881591795,-1.1932570487260818e-09,0.5509271621704102,9.2118730808598e-07,-1.3104169368743896,0.23171040415763855,1971,0.7986963391304016,1928,2.9004547595977783,197,nan,0,nan,0
976,3997696,71938.9,57.0,37.59,34.3,50,0.625,382,0.7094240837696335,156,113,35,8,0,0,0,88,-3.5974478825852074,27.641025641025642,0.07571115344762802,-0.026058178395032883,0.9832487106323242,-0.003152253129519522,32.16497445106506,0.43408179879188535,0.5346901720389724,0.0003980823908932507,0.0025390625,28.55850977897644,-2.5320332497358322e-09,0.6060364246368408,6.1412487205732e-07,-1.3104193210601807,0.24482379853725433,1995,0.7630539536476135,1886,3.695122003555298,215,nan,0,nan,0
977,4001792,72012.0,56.4,38.37,34.26,50,0.625,30,0.8333333333333334,160,121,25,13,1,0,0,98,-3.835673202897154,24.575,0.12460927665233612,-0.02191152051091194,0.9814532399177551,-0.001248764107003808,34.33012783527374,0.4340763807296753,0.3653759639710188,5.800015787826851e-05,0.0,26.111781740188597,-3.1723175197839737e-09,0.581522524356842,3.0706243602866e-07,-1.3104188442230225,0.22722183167934418,2107,0.6759418249130249,1865,2.9819204807281494,124,nan,0,nan,0
