update,global_step,wall_s,sps,rollout_s,learn_s,level,c,window_n,window_success,episodes,n_success,n_crash_ground,n_crash_platform,n_tilt,n_drift,n_timeout,strict_success,impact_vz_mean,ep_len_mean,reward_mean,r_active_mean,r_active_frac,pg,v,ent,est,kl,clipfrac,grad_norm,kl_first,explained_var,lr,log_std_mean
1,4096,3.0,1375.6,2.69,0.29,10,0.125,155,0.012903225806451613,155,2,143,0,5,5,0,1,-3.494875447129458,25.47741935483871,-1.5615556240081787,0.0,,-0.0069002130068838595,209.78133316040038,3.6744956970214844,0.0,0.017412904690718278,0.2330078125,57.65200939178467,-1.1641532182693481e-10,-0.00019216537475585938,0.0003,-0.5006763935089111
2,8192,5.7,1498.2,2.58,0.15,10,0.125,324,0.015432098765432098,169,3,163,0,2,1,0,1,-2.7522694795923637,24.207100591715978,-1.526505470275879,0.0,,-0.00572459283284843,143.9933303833008,3.672862160205841,0.0,0.008966468487051316,0.1197265625,86.84866523742676,-5.820766091346741e-11,0.050782620906829834,0.00029938650306748465,-0.5006876587867737
3,12288,8.7,1356.9,2.87,0.15,10,0.125,497,0.018108651911468814,173,4,166,1,2,0,0,2,-3.1574277372769037,23.502890173410403,-1.4751088619232178,0.0,,-0.00928436783142388,90.53157444000244,3.672496020793915,0.0,0.012299725474440493,0.16748046875,98.56206703186035,0.0,0.08103293180465698,0.0002987730061349693,-0.5010179281234741
4,16384,11.3,1632.5,2.37,0.14,10,0.125,159,0.0880503144654088,174,14,159,1,0,0,0,7,-3.3343370501642733,23.511494252873565,-1.3842370510101318,0.0,,-0.007571582822129131,61.20160140991211,3.670486640930176,0.0,0.008688372996402904,0.116552734375,82.48463230133056,-5.820766091346741e-11,0.09304767847061157,0.00029815950920245395,-0.5015778541564941
5,20480,14.1,1455.1,2.67,0.14,10,0.125,334,0.0718562874251497,175,10,163,1,0,1,0,8,-3.8282105829321815,23.302857142857142,-1.3550266027450562,0.0,,-0.0037927018478512765,35.90800132751465,3.668291079998016,0.0,0.014117410802282394,0.191552734375,43.08620476722717,0.0,0.1378645896911621,0.00029754601226993863,-0.5027328133583069
6,24576,17.0,1424.4,2.73,0.15,10,0.125,3,0.3333333333333333,181,16,157,5,3,0,0,10,-3.350771312400151,22.900552486187845,-1.2968156337738037,0.0,,-0.0011582418344914913,33.73284721374512,3.658963918685913,0.0,0.01823718366213143,0.237890625,11.469592428207397,0.0,0.23399537801742554,0.0002969325153374233,-0.5055760741233826
7,28672,19.7,1513.5,2.56,0.14,10,0.125,171,0.06432748538011696,168,10,153,2,3,0,0,5,-4.046373634472984,23.898809523809526,-1.2851643562316895,0.0,,-0.005069386633113027,23.6146448135376,3.6500527024269105,0.0,0.01311613612342626,0.181787109375,11.603304195404053,0.0,0.42378318309783936,0.00029631901840490793,-0.5074807405471802
8,32768,22.4,1518.6,2.55,0.15,10,0.125,345,0.09855072463768116,174,23,146,3,2,0,0,15,-4.015519402630225,23.99425287356322,-1.1807472705841064,0.0,,0.004696607380174101,34.338151168823245,3.638527476787567,0.0,0.02069874076114502,0.247509765625,11.501128196716309,-5.820766091346741e-11,0.3961690664291382,0.0002957055214723926,-0.5118501782417297
9,36864,25.4,1346.8,2.89,0.15,10,0.125,7,0.14285714285714285,174,21,143,9,1,0,0,7,-3.8753195014700617,23.54597701149425,-1.1860928535461426,0.0,,0.011523449933156371,29.69170570373535,3.622636115550995,0.0,0.03152092783420812,0.313818359375,12.161576461791991,-5.820766091346741e-11,0.42851442098617554,0.00029509202453987724,-0.5143283009529114
10,40960,28.2,1491.6,2.6,0.15,10,0.125,184,0.125,177,22,141,10,4,0,0,8,-3.333939920717846,23.096045197740114,-1.182795763015747,0.0,,-2.057645469903946e-05,30.062494373321535,3.612273073196411,0.0,0.017906323773786426,0.23203125,8.299874782562256,0.0,0.3929406404495239,0.0002944785276073619,-0.5181990265846252
11,45056,30.8,1540.7,2.51,0.15,10,0.125,355,0.16619718309859155,171,36,121,12,2,0,0,23,-3.743127752688418,23.584795321637426,-1.063894510269165,0.0,,-0.0037115354789420962,39.38866767883301,3.5965745210647584,0.0,0.009712832860532216,0.13447265625,13.966313517093658,0.0,0.36036771535873413,0.0002938650306748466,-0.5211998820304871
12,49152,33.7,1439.4,2.7,0.15,10,0.125,20,0.25,177,26,128,16,7,0,0,16,-3.978598333058571,23.225988700564972,-1.1098915338516235,0.0,,-0.002437164168804884,30.22928342819214,3.587835466861725,0.0,0.015540911033167504,0.204541015625,9.128202509880065,-5.820766091346741e-11,0.32927966117858887,0.00029325153374233127,-0.5229841470718384
13,53248,36.5,1442.1,2.7,0.14,10,0.125,209,0.21052631578947367,189,39,140,4,6,0,0,22,-3.5455027444629,21.994708994708994,-1.0909736156463623,0.0,,-0.002578117698431015,38.19826049804688,3.579278361797333,0.0,0.011285618820693344,0.151806640625,10.960925114154815,-5.820766091346741e-11,0.3184676170349121,0.00029263803680981595,-0.5254080891609192
14,57344,39.4,1448.6,2.69,0.14,10,0.125,389,0.23136246786632392,180,46,117,12,5,0,0,25,-3.8238871799395344,22.85,-0.99090975522995,0.0,,-0.0035868472419679164,43.93336029052735,3.569090950489044,0.0,0.007458261196734384,0.098095703125,12.98799604177475,0.0,0.27004551887512207,0.0002920245398773006,-0.528009295463562
15,61440,42.3,1397.3,2.78,0.15,10,0.125,48,0.1875,171,37,109,21,4,0,0,25,-3.8614993615262856,23.625730994152047,-1.0175751447677612,0.0,,0.003092273138463497,37.64137516021729,3.5599947452545164,0.0,0.01520870632957667,0.195263671875,11.505725848674775,0.0,0.2716808319091797,0.00029141104294478525,-0.5295828580856323
16,65536,45.1,1480.3,2.62,0.15,10,0.125,226,0.2345132743362832,178,44,114,14,6,0,0,26,-3.717900539726128,23.174157303370787,-0.9881582260131836,0.0,,-0.0033417146652936934,39.139067554473876,3.5553961873054503,0.0,0.00921645459602587,0.11943359375,7.782595598697663,-5.820766091346741e-11,0.28432565927505493,0.0002907975460122699,-0.5309224128723145
17,69632,47.1,2012.9,1.89,0.15,10,0.125,406,0.270935960591133,180,57,101,17,5,0,0,34,-3.7645965602910905,22.58888888888889,-0.9181770086288452,0.0,,0.00013229819014668465,47.66684360504151,3.5466879844665526,0.0,0.012780389445833863,0.17490234375,12.891749846935273,0.0,0.2688639760017395,0.00029018404907975455,-0.5339680314064026
18,73728,50.0,1415.3,2.75,0.14,10,0.125,74,0.36486486486486486,180,69,87,15,9,0,0,43,-3.938441547464331,22.47222222222222,-0.8323284387588501,0.0,,-0.004193190671503544,49.78209686279297,3.5358083486557006,0.0,0.010143077131942846,0.137060546875,14.331880068778991,-1.1641532182693481e-10,0.2590283751487732,0.00028957055214723923,-0.5358405113220215
19,77824,52.7,1533.1,2.52,0.15,10,0.125,253,0.383399209486166,179,70,83,21,5,0,0,45,-3.7591302283389294,22.88826815642458,-0.8183847665786743,0.0,,-0.0035912794526666405,49.24867744445801,3.5287695050239565,0.0,0.008890327523113228,0.119921875,6.824848198890686,0.0,0.223255455493927,0.0002889570552147239,-0.5379935503005981
20,81920,55.2,1636.1,2.36,0.14,10,0.125,428,0.34813084112149534,175,52,95,19,9,0,0,32,-3.93928815222591,23.462857142857143,-0.9079532623291016,0.0,,-0.0012616542167961597,43.377333641052246,3.5206915497779847,0.0,0.008579315364477225,0.11572265625,10.73632708787918,-5.820766091346741e-11,0.19173336029052734,0.0002883435582822086,-0.5392207503318787
21,86016,58.0,1489.1,2.6,0.15,10,0.125,97,0.38144329896907214,181,70,76,29,6,0,0,39,-3.9573011445090476,22.46961325966851,-0.8258816003799438,0.0,,-0.0029973219148814677,49.63964366912842,3.5201786756515503,0.0,0.009138014167547226,0.123046875,7.845195269584655,-1.1641532182693481e-10,0.2454168200492859,0.0002877300613496932,-0.5383754372596741
22,90112,60.6,1575.7,2.45,0.15,10,0.125,279,0.4050179211469534,182,76,73,23,10,0,0,53,-3.87459155508786,22.983516483516482,-0.78816819190979,0.0,,-0.001111552258953452,49.39232902526855,3.522215414047241,0.0,0.007306727737886831,0.09794921875,11.401167726516723,-1.1641532182693481e-10,0.24376434087753296,0.0002871165644171779,-0.5387696027755737
23,94208,63.3,1472.7,2.63,0.15,10,0.125,463,0.4017278617710583,184,73,75,29,7,0,0,52,-3.947483168309116,22.440217391304348,-0.8005321621894836,0.0,,-0.002131450199522078,47.374110794067384,3.519544517993927,0.0,0.007138551957905292,0.09404296875,7.770725762844085,-5.820766091346741e-11,0.2171330451965332,0.0002865030674846625,-0.539069414138794
24,98304,66.0,1549.5,2.49,0.15,10,0.125,126,0.4603174603174603,175,78,71,15,11,0,0,43,-3.8801530929802244,22.78857142857143,-0.7408809661865234,0.0,,-0.002836451446637511,50.379557609558105,3.5177817821502684,0.0,0.008493348144111224,0.118310546875,9.58476402759552,-1.1641532182693481e-10,0.22581511735916138,0.0002858895705521472,-0.5401870012283325
25,102400,68.7,1520.8,2.55,0.15,10,0.125,306,0.41830065359477125,180,70,81,22,7,0,0,49,-4.007507610249521,23.36111111111111,-0.8022105693817139,0.0,,9.114574640989304e-06,47.378441429138185,3.5093672037124635,0.0,0.010824851674260571,0.144677734375,7.471701335906983,0.0,0.18735337257385254,0.00028527607361963187,-0.5434931516647339
26,106496,71.3,1602.2,2.42,0.14,10,0.125,482,0.4190871369294606,176,74,72,19,11,0,0,52,-4.036972218631414,22.829545454545453,-0.7642049789428711,0.0,,-0.0036536230240017177,47.50018825531006,3.4958231449127197,0.0,0.007787712648860179,0.102783203125,6.4236379027366635,-5.820766091346741e-11,0.23323512077331543,0.00028466257668711655,-0.5465878248214722
27,110592,74.0,1516.0,2.55,0.15,10,0.125,161,0.4472049689440994,191,88,65,24,14,0,0,57,-4.02952089970214,21.670157068062828,-0.7147089242935181,0.0,,-0.003142229188233614,49.342244720458986,3.484095549583435,0.0,0.007411359896650538,0.097607421875,9.315337765216828,0.0,0.22317898273468018,0.00028404907975460123,-0.5494890809059143
28,114688,76.7,1495.5,2.59,0.14,10,0.125,352,0.4431818181818182,191,84,69,22,16,0,0,57,-3.891863895863529,21.13612565445026,-0.7237676382064819,0.0,,-0.002555681811645627,50.35275859832764,3.4709564805030824,0.0,0.009584866068325936,0.13076171875,7.4595621705055235,0.0,0.19135290384292603,0.00028343558282208585,-0.5531864166259766
29,118784,79.0,1792.4,2.14,0.15,10,0.125,29,0.4827586206896552,189,83,72,20,14,0,0,58,-4.038715048444564,21.88888888888889,-0.7396262884140015,0.0,,-0.0006450694520026446,46.61116943359375,3.458508348464966,0.0,0.009168605206650682,0.12705078125,7.798467600345612,-1.1641532182693481e-10,0.20552456378936768,0.00028282208588957053,-0.5552313327789307
30,122880,81.5,1660.2,2.32,0.15,10,0.125,223,0.4663677130044843,194,90,67,27,10,0,0,67,-3.955479535925391,21.061855670103093,-0.7023758888244629,0.0,,0.002816650737076998,50.21554393768311,3.453015720844269,0.0,0.01448145367903635,0.191259765625,8.473389565944672,0.0,0.21024399995803833,0.00028220858895705516,-0.5561388731002808
31,126976,84.0,1629.6,2.36,0.15,10,0.125,413,0.49878934624697335,190,102,55,21,12,0,0,62,-4.037350457433912,21.526315789473685,-0.6261934638023376,0.0,,0.00030626822263002396,49.34072761535644,3.4458738446235655,0.0,0.011422890331596136,0.1587890625,6.511555862426758,0.0,0.20596498250961304,0.00028159509202453983,-0.5594474077224731
32,131072,86.4,1713.3,2.24,0.15,10,0.125,101,0.594059405940594,200,104,54,24,18,0,0,75,-4.036648505605057,20.6,-0.6570807099342346,0.0,,-0.0035475030075758696,47.28707065582275,3.433367156982422,0.0,0.011514238989911973,0.159033203125,6.69504942893982,0.0,0.22150850296020508,0.0002809815950920245,-0.5613662004470825
33,135168,89.2,1482.5,2.62,0.15,10,0.125,295,0.5220338983050847,194,94,67,27,6,0,0,66,-4.087079277997374,21.02061855670103,-0.6719739437103271,0.0,,-0.0018764568027108907,48.180436325073245,3.4281658053398134,0.0,0.009132792649324983,0.12470703125,10.327177798748016,-1.1641532182693481e-10,0.16276395320892334,0.0002803680981595092,-0.5626567006111145
34,139264,92.3,1323.0,2.95,0.15,10,0.125,482,0.5269709543568465,187,100,58,24,5,0,0,72,-3.8874080712815986,22.02139037433155,-0.6218421459197998,0.0,,-0.003566928626969457,45.85740737915039,3.4206876516342164,0.0,0.006401745387120172,0.078173828125,6.475831842422485,-1.1641532182693481e-10,0.23046773672103882,0.0002797546012269938,-0.5653365254402161
35,143360,95.1,1454.8,2.67,0.15,10,0.125,168,0.5535714285714286,198,103,56,25,14,0,0,70,-4.061307973095295,20.646464646464647,-0.6306936740875244,0.0,,-0.002024651225656271,48.56698837280273,3.408848488330841,0.0,0.008797452462022192,0.11796875,7.366301143169403,-5.820766091346741e-11,0.1876821517944336,0.0002791411042944785,-0.5680806636810303
36,147456,97.8,1534.5,2.53,0.14,10,0.125,360,0.5611111111111111,192,109,50,24,9,0,0,80,-3.9116340733475874,21.25,-0.5869396328926086,0.0,,-0.0032728477381169796,46.92803897857666,3.398165988922119,0.0,0.009400344485766255,0.12763671875,6.495998346805573,-5.820766091346741e-11,0.1994733214378357,0.00027852760736196317,-0.5710371136665344
37,151552,100.5,1476.5,2.63,0.14,10,0.125,40,0.55,192,102,54,24,12,0,0,68,-3.9504480280511265,21.432291666666668,-0.6007770299911499,0.0,,0.0013701942283660174,45.90994281768799,3.384822869300842,0.0,0.009216418187133969,0.128076171875,6.219768810272217,0.0,0.20808285474777222,0.00027791411042944785,-0.5746116042137146
38,155648,103.1,1576.7,2.45,0.15,10,0.125,234,0.5982905982905983,194,118,46,25,5,0,0,85,-4.021444798883449,21.2319587628866,-0.5258203744888306,0.0,,-0.003293233923614025,47.48419895172119,3.3739439845085144,0.0,0.008064253113116138,0.10634765625,8.224656701087952,-5.820766091346741e-11,0.2151826024055481,0.0002773006134969325,-0.5758812427520752
39,159744,105.8,1567.8,2.47,0.14,10,0.125,431,0.6032482598607889,197,120,38,34,5,0,0,85,-3.83348926192805,20.85786802030457,-0.5133395195007324,0.0,,-0.0026470505632460116,43.83776226043701,3.3699814677238464,0.0,0.007000667424290441,0.091796875,7.157799172401428,0.0,0.21140587329864502,0.00027668711656441715,-0.577385663986206
40,163840,108.5,1482.3,2.61,0.15,10,0.125,109,0.6422018348623854,190,123,27,33,7,0,0,93,-4.008721407803179,21.4,-0.4527929723262787,0.0,,-0.0015212710946798324,41.41898956298828,3.3629106283187866,0.0,0.006844212516443804,0.088916015625,5.653501546382904,-5.820766091346741e-11,0.22770601511001587,0.00027607361963190183,-0.5790248513221741
41,167936,111.2,1531.7,2.53,0.14,10,0.125,302,0.6754966887417219,193,134,29,21,9,0,0,98,-3.888089795987138,21.569948186528496,-0.3959323763847351,0.0,,-0.00084932716563344,39.19503059387207,3.3544272661209105,0.0,0.010472821246366948,0.14296875,6.6174820303916935,0.0,0.2702013850212097,0.00027546012269938645,-0.5820226669311523
42,172032,113.8,1565.4,2.47,0.14,10,0.125,494,0.6659919028340081,192,125,38,20,9,0,0,89,-4.040940181536347,21.057291666666668,-0.44307005405426025,0.0,,0.0020086221396923066,41.19612083435059,3.3447086215019226,0.0,0.014559365427703596,0.19677734375,6.829601186513901,-1.7462298274040222e-10,0.20203298330307007,0.00027484662576687113,-0.5831088423728943
43,176128,116.7,1453.6,2.67,0.15,10,0.125,179,0.6089385474860335,197,122,29,31,15,0,0,91,-3.9766572062931305,20.751269035532996,-0.4842049181461334,0.0,,-0.006154665863141418,42.529045295715335,3.3389357209205626,0.0,0.008257009368389846,0.1140625,6.358106732368469,0.0,0.20845812559127808,0.0002742331288343558,-0.5859946608543396
44,180224,119.4,1496.5,2.59,0.15,10,0.125,383,0.6501305483028721,204,140,29,19,16,0,0,103,-3.9658103992091687,20.063725490196077,-0.37655532360076904,0.0,,-0.003471118467859924,37.778760528564455,3.326400411128998,0.0,0.009710142796393484,0.133544921875,6.332356774806977,-3.4924596548080444e-10,0.26342904567718506,0.0002736196319018405,-0.5887259244918823
45,184320,122.1,1499.8,2.58,0.15,10,0.125,68,0.6323529411764706,197,122,33,31,11,0,0,81,-3.969734961507597,20.639593908629443,-0.45969125628471375,0.0,,0.00041405437514185905,41.696780586242674,3.313929188251495,0.0,0.011976773696369491,0.165087890625,6.019429910182953,-5.820766091346741e-11,0.20330572128295898,0.00027300613496932517,-0.592641294002533
46,188416,125.0,1456.7,2.66,0.15,10,0.125,273,0.608058608058608,205,123,41,25,16,0,0,94,-3.916290122704746,20.24390243902439,-0.4657314419746399,0.0,,-0.00023411624133586883,42.16074619293213,3.29831919670105,0.0,0.008946404507150873,0.112451171875,6.0598942041397095,-1.1641532182693481e-10,0.20626920461654663,0.0002723926380368098,-0.5961397290229797
47,192512,127.7,1480.4,2.62,0.15,10,0.125,472,0.6313559322033898,199,132,34,27,6,0,0,92,-4.080423736111156,20.819095477386934,-0.4173033833503723,0.0,,-0.0036385119892656803,41.480231857299806,3.2839620471000672,0.0,0.009005974110914394,0.12666015625,5.704286718368531,-1.1641532182693481e-10,0.2387194037437439,0.00027177914110429447,-0.5998622179031372
48,196608,130.7,1393.7,2.8,0.14,10,0.125,153,0.6601307189542484,193,128,25,28,12,0,0,86,-3.8895535652278532,20.575129533678755,-0.41287335753440857,0.0,,-0.002131467033177614,40.08001880645752,3.269125556945801,0.0,0.010775871385703795,0.154150390625,5.211589574813843,-1.1641532182693481e-10,0.20571362972259521,0.0002711656441717791,-0.6035594940185547
49,200704,133.4,1509.8,2.56,0.15,10,0.125,355,0.6957746478873239,202,146,24,23,9,0,0,118,-4.108883731481349,20.599009900990097,-0.3301113545894623,0.0,,-0.004196830093860626,36.334527778625485,3.2560275554656983,0.0,0.008342127531068399,0.11103515625,5.778964436054229,-5.820766091346741e-11,0.25309616327285767,0.00027055214723926377,-0.6063940525054932
50,204800,136.3,1388.6,2.8,0.15,10,0.125,51,0.6078431372549019,208,143,14,33,18,0,0,106,-4.0503511052068095,19.66826923076923,-0.3454187214374542,0.0,,-0.00518127684481442,34.37178840637207,3.242378997802734,0.0,0.01015054305898957,0.139501953125,4.65179443359375,-3.4924596548080444e-10,0.27708131074905396,0.00026993865030674845,-0.6108829379081726
51,208896,139.0,1561.0,2.47,0.15,10,0.125,244,0.6926229508196722,193,138,18,19,18,0,0,105,-4.072086984809776,20.927461139896373,-0.3424155116081238,0.0,,-0.00019029704853892326,35.45881023406982,3.2251107454299928,0.0,0.006799317087279632,0.0837890625,4.728199100494384,-2.3283064365386963e-10,0.24797499179840088,0.00026932515337423313,-0.614525318145752
52,212992,141.8,1463.0,2.65,0.15,10,0.125,439,0.7175398633257403,195,146,20,22,7,0,0,118,-3.8427264907165535,21.502564102564104,-0.31401127576828003,0.0,,-0.002214694954454899,34.24433860778809,3.2114102840423584,0.0,0.011765354944509454,0.1525390625,4.655021739006043,-1.7462298274040222e-10,0.25598132610321045,0.0002687116564417178,-0.6177210211753845
53,217088,144.3,1635.4,2.36,0.15,10,0.125,118,0.8135593220338984,191,147,19,20,5,0,0,113,-4.068412832384503,21.041884816753928,-0.27523162961006165,0.0,,-0.0035445647314190864,31.90280408859253,3.199752998352051,0.0,0.009024536615470424,0.12626953125,4.732032734155655,0.0,0.25217002630233765,0.00026809815950920243,-0.6202675104141235
54,221184,147.1,1479.8,2.62,0.15,10,0.125,315,0.7714285714285715,197,147,20,20,10,0,0,120,-4.109281597583816,20.96446700507614,-0.3032004237174988,0.0,,-0.0027085857465863226,33.8861572265625,3.189899444580078,0.0,0.009323299711104483,0.12890625,4.44161057472229,0.0,0.23968863487243652,0.0002674846625766871,-0.6227939128875732
55,225280,149.7,1574.1,2.45,0.15,10,0.125,9,0.7777777777777778,206,155,13,27,11,0,0,129,-4.0050406899846,20.12621359223301,-0.270357608795166,0.0,,-0.003634005878120661,35.027029514312744,3.1777042865753176,0.0,0.008436412445735186,0.11123046875,4.450078684091568,0.0,0.2610852122306824,0.00026687116564417173,-0.6264883279800415
56,229376,151.9,1829.4,2.09,0.15,10,0.125,201,0.7860696517412935,192,151,12,23,6,0,0,125,-3.896498355220078,21.109375,-0.25004154443740845,0.0,,-0.004230895708315074,28.834190845489502,3.162379705905914,0.0,0.009879498492227867,0.13408203125,3.4084274232387544,0.0,0.28229743242263794,0.0002662576687116564,-0.6305005550384521
57,233472,154.2,1837.5,2.09,0.14,10,0.125,401,0.8029925187032418,200,164,14,12,10,0,0,134,-3.9201579481280313,20.435,-0.21202880144119263,0.0,,-0.0007998132146894932,28.584265804290773,3.1454800963401794,0.0,0.010355940990848467,0.140966796875,5.344468140602112,-1.1641532182693481e-10,0.30991584062576294,0.0002656441717791411,-0.6348415613174438
58,237568,156.6,1673.4,2.29,0.15,10,0.125,94,0.7872340425531915,205,157,12,22,14,0,0,134,-4.015424710631458,20.351219512195122,-0.22575713694095612,0.0,,-0.002871030801907182,29.8815167427063,3.1294820666313172,0.0,0.00908127828151919,0.124560546875,4.190483403205872,-1.1641532182693481e-10,0.26236045360565186,0.00026503067484662577,-0.6383792161941528
59,241664,159.3,1526.7,2.53,0.15,10,0.125,292,0.7808219178082192,198,154,12,18,14,0,0,134,-4.110756054014845,20.545454545454547,-0.21319018304347992,0.0,,-0.005933261755853891,27.734266376495363,3.1154057383537292,0.0,0.010051076480885967,0.141015625,4.078038012981414,-1.1641532182693481e-10,0.30178922414779663,0.0002644171779141104,-0.6418806314468384
60,245760,161.8,1609.2,2.39,0.15,10,0.125,486,0.7674897119341564,194,145,12,30,7,0,0,126,-4.021096561497887,20.855670103092784,-0.23763173818588257,0.0,,-0.002370475744828582,34.41119909286499,3.103578495979309,0.0,0.007742765784496441,0.103076171875,5.856470608711243,-5.820766091346741e-11,0.1967291235923767,0.00026380368098159507,-0.6443968415260315
61,249856,164.4,1606.7,2.4,0.14,10,0.125,178,0.7528089887640449,204,157,16,19,12,0,0,130,-4.028125624225646,20.107843137254903,-0.23795892298221588,0.0,,-0.003265054151415825,31.50194959640503,3.0921125769615174,0.0,0.010322475459543057,0.1390625,5.932239675521851,-1.7462298274040222e-10,0.24351376295089722,0.00026319018404907975,-0.6474587321281433
62,253952,167.1,1521.7,2.54,0.15,10,0.125,382,0.7984293193717278,204,171,7,20,6,0,0,144,-4.048661641784482,20.063725490196077,-0.1323011964559555,0.0,,-0.003097442118450999,26.00569877624512,3.081112599372864,0.0,0.008257940923795105,0.11015625,5.261240535974503,0.0,0.2869746685028076,0.00026257668711656437,-0.6500107049942017
63,258048,169.8,1523.9,2.55,0.14,20,0.25,0,,205,162,13,18,12,0,0,124,-4.035385922447561,19.990243902439026,-0.1847105622291565,0.0,,-0.0061875016428530214,27.59134683609009,3.0707743048667906,0.0,0.013123691343935207,0.1748046875,5.115193688869477,-1.1641532182693481e-10,0.2723977565765381,0.00026196319018404905,-0.6524391770362854
64,262144,172.5,1494.3,2.59,0.15,20,0.25,184,0.7989130434782609,200,161,10,16,13,0,0,120,-4.068288220166943,20.495,-0.20308813452720642,0.0,,-0.002382180839776993,26.870566844940186,3.060740959644318,0.0,0.012537051996332593,0.16533203125,4.834837281703949,0.0,0.2977182865142822,0.00026134969325153373,-0.6551697850227356
65,266240,175.2,1564.2,2.47,0.15,20,0.25,382,0.8115183246073299,198,163,13,18,4,0,0,132,-4.036799000539849,20.67676767676768,-0.18040692806243896,0.0,,-0.004829657031223178,28.052675342559816,3.050502693653107,0.0,0.007958927529398353,0.104931640625,4.259612762928009,-2.3283064365386963e-10,0.2562703490257263,0.0002607361963190184,-0.6576113104820251
66,270336,178.2,1361.7,2.86,0.15,30,0.375,0,,202,160,12,19,11,0,0,126,-4.101541604332847,20.044554455445546,-0.20960623025894165,0.0,,-0.0047405965626239775,28.91861972808838,3.0401757836341856,0.0,0.010124373098369688,0.140673828125,3.8444722175598143,-3.4924596548080444e-10,0.26981687545776367,0.00026012269938650303,-0.6599794626235962
67,274432,180.9,1512.8,2.56,0.15,30,0.375,183,0.7923497267759563,199,158,16,19,6,0,0,124,-4.077517576560815,21.13065326633166,-0.24119235575199127,0.0,,-0.004943603137508035,30.66288814544678,3.0329983234405518,0.0,0.008582322867005132,0.110888671875,5.048801124095917,-1.7462298274040222e-10,0.25264972448349,0.0002595092024539877,-0.6612731218338013
68,278528,183.5,1553.3,2.49,0.15,30,0.375,369,0.7642276422764228,186,137,21,23,5,0,0,102,-4.037268698349565,21.688172043010752,-0.2939485013484955,0.0,,-0.003979237051680684,33.16357679367066,3.0292208433151244,0.0,0.008095276355743409,0.1087890625,6.004831981658936,-1.1641532182693481e-10,0.23747384548187256,0.0002588957055214724,-0.6621655821800232
69,282624,186.2,1542.6,2.51,0.15,30,0.375,56,0.6964285714285714,199,151,21,17,10,0,0,117,-3.8803548077699044,20.763819095477388,-0.24818427860736847,0.0,,-0.004974600300192833,31.62096061706543,3.0248382329940795,0.0,0.008535069509525784,0.113916015625,5.538761591911316,-5.820766091346741e-11,0.2980536222457886,0.000258282208588957,-0.6634156703948975
70,286720,188.8,1577.1,2.45,0.15,30,0.375,251,0.7569721115537849,195,151,13,24,7,0,0,115,-4.052223188974525,20.933333333333334,-0.22943554818630219,0.0,,-0.003100976534187794,31.42023334503174,3.0193685054779054,0.0,0.009683944721473381,0.126708984375,4.4975330352783205,-1.1641532182693481e-10,0.274669349193573,0.0002576687116564417,-0.6647902727127075
71,290816,191.3,1672.6,2.3,0.15,30,0.375,439,0.7608200455580866,188,144,18,17,9,0,0,111,-4.024952478378652,21.361702127659573,-0.2586638331413269,0.0,,-0.008299491088837384,34.21493673324585,3.0147064208984373,0.0,0.008228402191889472,0.106982421875,5.211036729812622,-2.3283064365386963e-10,0.26964831352233887,0.00025705521472392637,-0.665763795375824
72,294912,194.2,1413.8,2.75,0.15,30,0.375,123,0.7723577235772358,196,151,10,26,9,0,0,127,-4.107364253537599,21.474489795918366,-0.22930927574634552,0.0,,-0.0047908300999552015,30.358847045898436,3.008648085594177,0.0,0.007008668346679769,0.089453125,4.340925538539887,-2.3283064365386963e-10,0.2957304120063782,0.00025644171779141105,-0.6683304309844971
73,299008,197.2,1371.9,2.84,0.15,30,0.375,312,0.7852564102564102,189,150,13,22,4,0,0,122,-4.041877918284438,21.17989417989418,-0.21649697422981262,0.0,,-0.0044322478584945205,26.991024494171143,2.996254599094391,0.0,0.00888487797928974,0.1216796875,4.633412432670593,-2.3283064365386963e-10,0.31082260608673096,0.00025582822085889567,-0.6715132594108582
74,303104,200.2,1344.2,2.9,0.15,30,0.375,510,0.7686274509803922,198,147,25,20,6,0,0,118,-3.9780769538022955,20.772727272727273,-0.2562256157398224,0.0,,-0.003496953588910401,34.06261339187622,2.9851853013038636,0.0,0.008580466685816645,0.11103515625,4.9655486106872555,-2.3283064365386963e-10,0.2357380986213684,0.00025521472392638035,-0.673770010471344
75,307200,202.9,1536.8,2.52,0.15,30,0.375,187,0.7967914438502673,189,150,12,25,2,0,0,119,-3.8324914647998747,21.6984126984127,-0.21164456009864807,0.0,,-0.0037896886467933657,28.979002380371092,2.9756860375404357,0.0,0.009987911797361448,0.14013671875,4.238554191589356,-1.1641532182693481e-10,0.2639365792274475,0.000254601226993865,-0.6766987442970276
76,311296,205.5,1553.8,2.5,0.14,30,0.375,375,0.8213333333333334,188,159,14,11,4,0,0,138,-3.972860396897238,21.78191489361702,-0.14606016874313354,0.0,,-0.005899423360824585,23.270481395721436,2.9621649384498596,0.0,0.009706944497884252,0.12880859375,4.709509015083313,-4.0745362639427185e-10,0.34723442792892456,0.00025398773006134965,-0.68010413646698
77,315392,208.1,1590.8,2.43,0.15,40,0.5,0,,182,153,15,10,4,0,0,128,-3.9805263028783364,22.543956043956044,-0.18400830030441284,0.0,,-0.006830813735723496,25.41104745864868,2.9503336191177367,0.0,0.008626696921419352,0.113427734375,4.651533663272858,-4.0745362639427185e-10,0.3167955279350281,0.00025337423312883433,-0.6826404333114624
78,319488,210.9,1488.4,2.6,0.15,40,0.5,166,0.7951807228915663,182,143,12,21,6,0,0,128,-3.8250882432673543,22.593406593406595,-0.24987095594406128,0.0,,-0.0073982686270028354,29.903603744506835,2.943168914318085,0.0,0.009422810972318984,0.131396484375,5.338644623756409,-1.7462298274040222e-10,0.3013737201690674,0.000252760736196319,-0.683330237865448
79,323584,213.5,1541.5,2.51,0.15,40,0.5,355,0.7887323943661971,189,148,12,20,9,0,0,122,-3.928783759845011,21.67195767195767,-0.2040288895368576,0.0,,-0.0036483218893408774,25.772215175628663,2.9399361610412598,0.0,0.009605822080629878,0.13154296875,4.714530527591705,-5.820766091346741e-11,0.35007286071777344,0.0002521472392638037,-0.6850022077560425
80,327680,216.2,1556.4,2.48,0.15,40,0.5,25,0.72,182,140,14,24,4,0,0,121,-3.7476239049858853,22.36263736263736,-0.24487198889255524,0.0,,-0.005398392584174872,31.588131809234618,2.9317036271095276,0.0,0.010748197327484377,0.150927734375,5.410435044765473,-1.7462298274040222e-10,0.24825960397720337,0.0002515337423312883,-0.6871622800827026
81,331776,218.9,1533.4,2.52,0.15,40,0.5,209,0.7416267942583732,184,137,19,20,8,0,0,115,-3.943022368640865,22.380434782608695,-0.28132179379463196,0.0,,-0.0017233355902135372,32.63937044143677,2.922316336631775,0.0,0.008103682624641806,0.106787109375,5.4103862047195435,-3.4924596548080444e-10,0.2932943105697632,0.000250920245398773,-0.6896874308586121
82,335872,221.5,1567.7,2.46,0.15,40,0.5,393,0.7760814249363868,184,150,8,22,4,0,0,121,-4.03453040249636,22.402173913043477,-0.209553062915802,0.0,,-0.008275723550468683,28.29705877304077,2.9130625486373902,0.0,0.009644096661941149,0.137841796875,5.737236452102661,-1.1641532182693481e-10,0.3148307800292969,0.00025030674846625767,-0.6916807293891907
83,339968,223.8,1757.1,2.18,0.15,40,0.5,64,0.765625,183,149,14,15,5,0,0,121,-3.8485683540322464,22.120218579234972,-0.21530616283416748,0.0,,-0.00687304800376296,26.9853497505188,2.905126714706421,0.0,0.009959283328498714,0.134912109375,4.368988490104675,-2.3283064365386963e-10,0.3446013927459717,0.0002496932515337423,-0.6937563419342041
84,344064,226.5,1524.6,2.53,0.15,40,0.5,246,0.7845528455284553,182,144,17,14,7,0,0,128,-4.0729018378440465,22.76923076923077,-0.21875596046447754,0.0,,-0.0063186677172780035,28.08926820755005,2.8966806530952454,0.0,0.007951700635021552,0.1056640625,4.956455171108246,-2.3283064365386963e-10,0.30008167028427124,0.00024907975460122697,-0.6958646178245544
85,348160,228.2,2497.6,1.54,0.1,40,0.5,431,0.7865429234338747,185,146,8,25,6,0,0,118,-3.955489556862053,21.924324324324324,-0.20525267720222473,0.0,,-0.004830937134101987,26.442941188812256,2.889225459098816,0.0,0.00811919090047013,0.10888671875,5.136033535003662,-5.238689482212067e-10,0.31200599670410156,0.00024846625766871165,-0.69731605052948
86,352256,231.0,1480.8,2.62,0.15,40,0.5,102,0.8137254901960784,183,151,14,13,5,0,0,128,-3.8328065390086135,22.524590163934427,-0.1645202338695526,0.0,,-0.004489228967577219,24.410636234283448,2.8830374598503115,0.0,0.00956120552145876,0.128125,4.462842786312104,-1.7462298274040222e-10,0.3384217619895935,0.0002478527607361963,-0.6992435455322266
87,356352,233.6,1534.8,2.53,0.14,40,0.5,279,0.8136200716845878,177,144,9,21,3,0,0,127,-3.886103373745911,22.92090395480226,-0.20858341455459595,0.0,,-0.0036956789437681435,26.10248670578003,2.8743111729621886,0.0,0.009015850906143897,0.127001953125,5.586478650569916,-2.9103830456733704e-10,0.30120664834976196,0.00024723926380368095,-0.7018254995346069
88,360448,236.2,1583.9,2.44,0.14,40,0.5,463,0.8077753779697624,184,147,13,20,4,0,0,116,-3.982810234257418,22.48913043478261,-0.19805824756622314,0.0,,-0.00403590239584446,29.037128448486328,2.86474130153656,0.0,0.009073894369066693,0.12412109375,4.814355885982513,-7.566995918750763e-10,0.27572542428970337,0.00024662576687116563,-0.70359206199646
89,364544,238.9,1535.0,2.52,0.15,50,0.625,0,,184,151,10,16,7,0,0,136,-3.7036703549842764,22.33695652173913,-0.17265062034130096,0.0,,-0.001496743643656373,26.24429578781128,2.859697711467743,0.0,0.01147365665237885,0.157275390625,5.240125465393066,-2.9103830456733704e-10,0.31305623054504395,0.00024601226993865025,-0.7044508457183838
90,368640,241.6,1536.9,2.52,0.15,50,0.625,158,0.7911392405063291,174,139,13,15,7,0,0,121,-3.585090296644326,23.408045977011493,-0.2353479266166687,0.0,,-0.004767206497490406,26.798743724822998,2.8530800580978393,0.0,0.009228702099062503,0.1240234375,4.800139236450195,-6.984919309616089e-10,0.3335258364677429,0.00024539877300613493,-0.707634449005127
91,372736,244.3,1504.3,2.57,0.15,50,0.625,337,0.7774480712166172,179,137,14,19,9,0,0,116,-3.925501974872872,22.76536312849162,-0.23800858855247498,0.0,,-0.003972677863202989,28.08771495819092,2.8398709177970884,0.0,0.009609420932247304,0.130029296875,4.434876072406769,-5.238689482212067e-10,0.32138633728027344,0.0002447852760736196,-0.7101534008979797
92,376832,246.9,1558.2,2.48,0.15,50,0.625,511,0.786692759295499,174,140,12,18,4,0,0,122,-3.754984798809605,23.32758620689655,-0.2224281281232834,0.0,,-0.0024855087976902723,27.032746982574462,2.831878900527954,0.0,0.009798837432754226,0.133203125,5.073554682731628,-1.7462298274040222e-10,0.33904653787612915,0.0002441717791411043,-0.7117190957069397
93,380928,249.6,1510.2,2.57,0.14,50,0.625,175,0.8571428571428571,176,151,11,11,3,0,0,127,-3.6690937777419474,23.426136363636363,-0.17679078876972198,0.0,,-0.007258966192603111,23.75625705718994,2.8257468581199645,0.0,0.011277895787497983,0.15380859375,4.273686218261719,-3.4924596548080444e-10,0.3731411099433899,0.00024355828220858894,-0.7134684324264526
94,385024,252.4,1495.9,2.59,0.15,50,0.625,351,0.8518518518518519,176,149,12,13,2,0,0,130,-3.7477784843402673,23.301136363636363,-0.19762058556079865,0.0,,-0.004436318343505263,26.239379596710204,2.817847192287445,0.0,0.013612101279431955,0.17919921875,4.77980922460556,-8.149072527885437e-10,0.3336111903190613,0.0002429447852760736,-0.7156893610954285
95,389120,255.1,1538.3,2.51,0.15,60,0.75,0,,175,141,12,13,9,0,0,114,-3.8436985327132116,23.034285714285716,-0.21424108743667603,0.0,,-0.004101493023335933,26.812821769714354,2.80709148645401,0.0,0.007729449102771469,0.10048828125,5.091925871372223,-6.984919309616089e-10,0.3398584723472595,0.00024233128834355827,-0.7189903259277344
96,393216,257.7,1570.0,2.46,0.14,60,0.75,162,0.7716049382716049,178,139,15,16,8,0,0,120,-3.6264624726416623,23.297752808988765,-0.26931095123291016,0.0,,-0.005029797740280628,28.23868246078491,2.795703482627869,0.0,0.012121215311344713,0.159716796875,6.333151054382324,-5.820766091346741e-10,0.35669612884521484,0.00024171779141104292,-0.7206293344497681
97,397312,259.5,2310.9,1.66,0.11,60,0.75,330,0.7909090909090909,168,136,13,15,4,0,0,108,-3.755259374136468,24.44047619047619,-0.2233612835407257,0.0,,-0.0051010461989790205,26.057689094543456,2.791887140274048,0.0,0.008218928205315024,0.1076171875,5.302911245822907,-4.656612873077393e-10,0.3737484812736511,0.0002411042944785276,-0.721405029296875
98,401408,261.6,1882.9,2.03,0.15,60,0.75,504,0.8015873015873016,174,143,13,16,2,0,0,119,-3.577735744525015,23.5,-0.20387262105941772,0.0,,-0.0052534774877130985,26.50014019012451,2.7886688709259033,0.0,0.009165708199725486,0.12626953125,5.897432923316956,-4.0745362639427185e-10,0.34604477882385254,0.00024049079754601225,-0.7221746444702148
99,405504,264.3,1545.5,2.5,0.15,70,0.875,0,,171,131,13,25,2,0,0,95,-3.821232909208729,23.92982456140351,-0.2676256597042084,0.0,,-0.004786512721329928,30.33948106765747,2.7861530661582945,0.0,0.007193139631999657,0.094140625,6.277902519702911,-1.1059455573558807e-09,0.27885758876800537,0.00023987730061349693,-0.722588300704956
100,409600,267.0,1523.7,2.54,0.15,70,0.875,154,0.6883116883116883,170,121,28,16,5,0,0,108,-3.7670985533644306,24.147058823529413,-0.32782745361328125,0.0,,-0.0029961715219542382,34.50608444213867,2.783739078044891,0.0,0.007549246007693,0.0994140625,6.956624734401703,-5.238689482212067e-10,0.31245917081832886,0.0002392638036809816,-0.7236790060997009
101,413696,269.6,1577.7,2.45,0.15,70,0.875,320,0.71875,166,124,16,21,5,0,0,97,-3.6085206569443806,24.41566265060241,-0.30482131242752075,0.0,,-0.006678251456469298,30.155602550506593,2.7771535754203795,0.0,0.008524022542405873,0.112890625,6.331577897071838,-8.149072527885437e-10,0.36062508821487427,0.00023865030674846623,-0.7258024215698242
102,417792,272.3,1524.6,2.54,0.15,70,0.875,489,0.7484662576687117,169,136,13,18,2,0,0,114,-3.6391527470663796,24.644970414201183,-0.25015631318092346,0.0,,-0.005469628423452377,27.903041076660156,2.7687085032463075,0.0,0.007591296869213693,0.1005859375,6.360282170772552,-5.238689482212067e-10,0.39105862379074097,0.00023803680981595088,-0.7278463840484619
103,421888,274.9,1567.4,2.46,0.15,70,0.875,143,0.7342657342657343,166,126,12,24,4,0,0,107,-3.6356658792117407,24.343373493975903,-0.2814631760120392,0.0,,-0.006265910295769572,29.047079944610594,2.761344337463379,0.0,0.007843605519155972,0.106689453125,6.308571004867554,-6.402842700481415e-10,0.36891061067581177,0.00023742331288343556,-0.7292477488517761
104,425984,277.5,1577.3,2.45,0.15,70,0.875,309,0.7572815533980582,166,129,15,16,6,0,0,109,-3.8282419457153334,24.662650602409638,-0.26463693380355835,0.0,,-0.006520030368119478,31.6997350692749,2.756258153915405,0.0,0.008985866568400525,0.11796875,6.4032796144485475,-8.731149137020111e-10,0.319304883480072,0.00023680981595092024,-0.7307401895523071
105,430080,280.1,1592.8,2.42,0.15,70,0.875,479,0.7599164926931107,170,130,12,22,6,0,0,110,-3.725532692503197,23.729411764705883,-0.2821909785270691,0.0,,-0.003792920685373247,29.240448570251466,2.7505611062049864,0.0,0.008332593491650187,0.1130859375,7.0347659349441525,-1.2223608791828156e-09,0.3607921600341797,0.0002361963190184049,-0.7316780090332031
106,434176,282.7,1543.4,2.5,0.15,70,0.875,135,0.7407407407407407,168,125,11,26,6,0,0,106,-3.6002343724438797,24.738095238095237,-0.2920358180999756,0.0,,-0.006144628021866083,30.407408046722413,2.746020328998566,0.0,0.008951280251494609,0.119970703125,6.583907616138458,-8.731149137020111e-10,0.3375941514968872,0.00023558282208588956,-0.7335364818572998
107,438272,284.4,2545.7,1.51,0.1,70,0.875,303,0.7986798679867987,168,142,12,10,4,0,0,114,-3.5309021931901277,24.464285714285715,-0.18373805284500122,0.0,,-0.0038567614741623403,22.0570387840271,2.738046431541443,0.0,0.007901371194748208,0.10634765625,6.385714662075043,-9.89530235528946e-10,0.4455556869506836,0.00023496932515337424,-0.735260009765625
108,442368,286.9,1620.5,2.38,0.15,70,0.875,470,0.7914893617021277,167,130,20,14,3,0,0,109,-3.6485711845674738,24.473053892215567,-0.2581978142261505,0.0,,-0.006129313167184592,29.069983291625977,2.732397186756134,0.0,0.010012919077416882,0.139990234375,7.258970594406128,-9.89530235528946e-10,0.34601831436157227,0.00023435582822085887,-0.736415684223175
109,446464,289.5,1549.3,2.5,0.15,70,0.875,126,0.7698412698412699,168,130,20,13,5,0,0,101,-3.7089603751891604,24.220238095238095,-0.2880251407623291,0.0,,-0.004532414441928268,31.30041084289551,2.7275805711746215,0.0,0.007589699816890061,0.097509765625,7.332755672931671,-1.1641532182693481e-09,0.3630882501602173,0.00023374233128834352,-0.7378653287887573
110,450560,292.1,1585.6,2.43,0.15,70,0.875,286,0.7447552447552448,160,116,15,24,5,0,0,96,-3.5163809423803176,25.55,-0.31680387258529663,0.0,,-0.004741190373897553,30.945621395111083,2.720943605899811,0.0,0.009223323286278173,0.122705078125,7.405181741714477,-6.984919309616089e-10,0.3420547842979431,0.0002331288343558282,-0.7395787239074707
111,454656,294.7,1576.8,2.45,0.15,70,0.875,458,0.759825327510917,172,135,11,19,7,0,0,116,-3.672893661615528,24.267441860465116,-0.2345258742570877,0.0,,-0.004492395953275263,27.64796714782715,2.7153644800186156,0.0,0.009146838419837877,0.123486328125,6.883647131919861,-3.4924596548080444e-10,0.3786649703979492,0.00023251533742331287,-0.7405804395675659
112,458752,297.4,1542.3,2.51,0.15,70,0.875,115,0.7565217391304347,169,135,12,17,5,0,0,107,-3.6943234410097654,24.21301775147929,-0.22587691247463226,0.0,,-0.004509865632280707,28.14544038772583,2.7100983381271364,0.0,0.008167531140497886,0.108251953125,7.252826702594757,-8.149072527885437e-10,0.3551223874092102,0.00023190184049079753,-0.7424888610839844
113,462848,300.0,1571.2,2.46,0.15,70,0.875,284,0.7816901408450704,169,135,11,21,2,0,0,109,-3.7159304216608176,24.142011834319526,-0.21189188957214355,0.0,,-0.008030747948214411,25.79204969406128,2.7028990149497987,0.0,0.009917961969040334,0.132177734375,5.968805027008057,-4.0745362639427185e-10,0.3654216527938843,0.0002312883435582822,-0.7439744472503662
114,466944,302.6,1561.4,2.48,0.15,70,0.875,449,0.7884187082405345,165,132,14,15,4,0,0,108,-3.7262656037392166,24.703030303030303,-0.22208428382873535,0.0,,-0.007102303579449654,28.374275112152098,2.696412193775177,0.0,0.008994677587179468,0.123779296875,7.39584914445877,-9.313225746154785e-10,0.2850545048713684,0.00023067484662576683,-0.7459458112716675
115,471040,305.3,1569.4,2.47,0.14,70,0.875,106,0.8113207547169812,169,128,19,17,5,0,0,100,-3.5033032078647732,24.57396449704142,-0.26371878385543823,0.0,,-0.004716745391488075,28.135622596740724,2.6881452441215514,0.0,0.008698830075445585,0.115478515625,6.82745840549469,-3.4924596548080444e-10,0.3519308567047119,0.0002300613496932515,-0.747802197933197
116,475136,307.8,1603.6,2.41,0.15,70,0.875,268,0.8022388059701493,162,129,13,16,4,0,0,103,-3.6050577008402684,24.839506172839506,-0.23552463948726654,0.0,,-0.004376091202721,25.668213367462158,2.681916344165802,0.0,0.008829611344845034,0.12314453125,5.757397258281708,-5.820766091346741e-10,0.38647377490997314,0.00022944785276073616,-0.7491863369941711
117,479232,310.4,1560.3,2.48,0.15,70,0.875,433,0.8036951501154734,165,133,16,12,4,0,0,106,-3.6114710646355372,24.69090909090909,-0.22370600700378418,0.0,,-0.006591526512056589,27.553885459899902,2.6761437177658083,0.0,0.009456244300235995,0.1302734375,6.617045736312866,-1.7462298274040222e-10,0.34548842906951904,0.00022883435582822084,-0.7508485913276672
118,483328,313.2,1501.8,2.58,0.15,80,1.0,0,,175,137,14,19,5,0,0,122,-3.7561233158154743,24.05142857142857,-0.22233450412750244,0.0,,-0.005766030959784984,30.473203563690184,2.669521999359131,0.0,0.009182450638036244,0.122607421875,7.304885125160217,-9.313225746154785e-10,0.3086836338043213,0.00022822085889570551,-0.7520875930786133
119,487424,315.8,1573.8,2.45,0.15,80,1.0,142,0.7605633802816901,158,124,18,16,0,0,0,102,-3.692024475259434,25.60126582278481,-0.26548057794570923,0.0,,-0.005967871239408851,30.071285724639893,2.6644238591194154,0.0,0.009397736290702596,0.1359375,8.37176468372345,-1.862645149230957e-09,0.32902711629867554,0.00022760736196319017,-0.7539438009262085
120,491520,318.5,1504.7,2.58,0.14,80,1.0,307,0.7752442996742671,165,130,15,14,6,0,0,108,-3.7461953028403836,24.35757575757576,-0.21934792399406433,0.0,,-0.00759265455417335,27.059105110168456,2.6562387704849244,0.0,0.008653631617198699,0.11689453125,6.527606630325318,-1.2223608791828156e-09,0.35562562942504883,0.00022699386503067484,-0.7557247877120972
121,495616,320.2,2506.3,1.52,0.11,80,1.0,469,0.7782515991471215,162,127,18,8,9,0,0,113,-3.5734245877140123,25.203703703703702,-0.2644846737384796,0.0,,-0.006217010598629713,25.307690048217772,2.650993084907532,0.0,0.009245787095278502,0.120703125,6.951931571960449,-8.149072527885437e-10,0.45460885763168335,0.0002263803680981595,-0.756509006023407
122,499712,322.6,1663.8,2.31,0.15,80,1.0,120,0.775,163,126,21,12,4,0,0,103,-3.6983276953614683,25.539877300613497,-0.2492697536945343,0.0,,-0.006251184176653624,28.613391304016112,2.648862385749817,0.0,0.008778685962897725,0.120849609375,8.432603764533997,-6.984919309616089e-10,0.38442403078079224,0.00022576687116564415,-0.7570436000823975
123,503808,325.3,1549.0,2.5,0.15,80,1.0,283,0.7809187279151943,163,128,13,19,3,0,0,109,-3.5835329882138485,24.969325153374232,-0.23211094737052917,0.0,,-0.007377932372037321,26.11026496887207,2.6455554723739625,0.0,0.0081662646291079,0.108740234375,6.398646461963653,-9.89530235528946e-10,0.3816996216773987,0.0002251533742331288,-0.758258044719696
124,507904,327.8,1593.9,2.42,0.15,80,1.0,440,0.759090909090909,157,113,22,16,6,0,0,91,-3.7015885842872183,26.420382165605094,-0.301268994808197,0.0,,-0.005045277858152985,32.93364782333374,2.639979362487793,0.0,0.009483242302667349,0.131640625,9.455175113677978,-1.1641532182693481e-09,0.3106546998023987,0.00022453987730061348,-0.7596626281738281
125,512000,330.4,1596.9,2.42,0.15,80,1.0,87,0.735632183908046,159,119,18,18,4,0,0,100,-3.6966640307975775,25.32075471698113,-0.27254271507263184,0.0,,-0.006292865611612797,30.185636138916017,2.6344879150390623,0.0,0.00739390105009079,0.096875,8.178671658039093,-1.0477378964424133e-09,0.32193827629089355,0.00022392638036809815,-0.7609166502952576
126,516096,333.1,1520.4,2.55,0.15,80,1.0,253,0.758893280632411,166,128,13,20,5,0,0,102,-3.6007620605182593,24.710843373493976,-0.2224360704421997,0.0,,-0.005386019125580788,27.077466201782226,2.6296308994293214,0.0,0.0067591766826808454,0.088134765625,6.637867534160614,-1.7462298274040222e-10,0.3696082830429077,0.0002233128834355828,-0.7622445821762085
127,520192,335.8,1551.3,2.49,0.15,80,1.0,416,0.7596153846153846,163,124,15,21,3,0,0,100,-3.668542612543082,25.392638036809817,-0.2609173059463501,0.0,,-0.007169073075056076,28.944117641448976,2.6252787470817567,0.0,0.008726348794880323,0.119921875,7.179638409614563,-8.149072527885437e-10,0.3600699305534363,0.00022269938650306746,-0.7628508806228638
128,524288,338.5,1516.4,2.55,0.15,80,1.0,62,0.7580645161290323,158,117,15,23,3,0,0,89,-3.585018786523062,25.70253164556962,-0.2720104455947876,0.0,,-0.004766411054879427,29.827871322631836,2.6227530360221865,0.0,0.009252311047748662,0.1236328125,8.181700444221496,-1.3969838619232178e-09,0.3427240252494812,0.00022208588957055213,-0.7637754678726196
129,528384,341.2,1522.0,2.54,0.15,80,1.0,229,0.7336244541484717,167,121,27,17,2,0,0,105,-3.641671998489006,24.95808383233533,-0.2858007848262787,0.0,,-0.005679848371073604,31.05640459060669,2.618095409870148,0.0,0.008148047266877257,0.107177734375,7.285769939422607,-1.2223608791828156e-09,0.36717987060546875,0.0002214723926380368,-0.7652930021286011
130,532480,343.5,1722.6,2.22,0.15,80,1.0,392,0.7244897959183674,163,116,21,20,6,0,0,94,-3.590849422923218,24.993865030674847,-0.30249103903770447,0.0,,-0.004712956491857767,30.468257999420167,2.6114598631858827,0.0,0.008937173560843803,0.11689453125,8.094485688209534,-8.731149137020111e-10,0.358018159866333,0.00022085889570552144,-0.766907811164856
131,536576,345.2,2506.3,1.53,0.1,80,1.0,49,0.7959183673469388,169,136,11,13,9,0,0,111,-3.6768761668871055,24.402366863905325,-0.19653566181659698,0.0,,-0.003250279650092125,24.669104290008544,2.6048544526100157,0.0,0.008104514688602649,0.105517578125,9.143365287780762,-1.1059455573558807e-09,0.44648969173431396,0.00022024539877300611,-0.7687427997589111
132,540672,347.9,1534.8,2.53,0.14,80,1.0,205,0.7804878048780488,156,121,15,18,2,0,0,105,-3.6527876675052835,25.82051282051282,-0.25628602504730225,0.0,,-0.005630293232388795,29.324444103240968,2.5970882058143614,0.0,0.0070066505431896076,0.09365234375,8.224765038490295,-2.3283064365386963e-10,0.33731353282928467,0.0002196319018404908,-0.7706416845321655
133,544768,350.5,1536.7,2.52,0.15,80,1.0,360,0.7694444444444445,155,117,18,12,8,0,0,100,-3.597146147065724,26.73548387096774,-0.2788962721824646,0.0,,-0.006203410681337118,30.41867332458496,2.5895408630371093,0.0,0.00891305823752191,0.11884765625,8.980056285858154,-7.566995918750763e-10,0.37639719247817993,0.00021901840490797544,-0.7725038528442383
134,548864,353.1,1579.2,2.44,0.15,80,1.0,11,0.7272727272727273,163,118,24,14,7,0,0,95,-3.661133523219439,25.12269938650307,-0.27805960178375244,0.0,,-0.005148851126432419,32.705895233154294,2.5834941506385802,0.0,0.007581998375826515,0.099658203125,9.809608387947083,-1.280568540096283e-09,0.3120696544647217,0.0002184049079754601,-0.7736110687255859
135,552960,355.8,1515.1,2.56,0.14,80,1.0,176,0.7727272727272727,165,128,14,19,4,0,0,101,-3.661910330939121,24.793939393939393,-0.23298567533493042,0.0,,-0.004426825791597366,27.364354801177978,2.5789366245269774,0.0,0.005637379668769427,0.0677734375,9.008631491661072,-8.149072527885437e-10,0.34685367345809937,0.00021779141104294477,-0.7749517560005188
136,557056,358.6,1473.0,2.63,0.15,80,1.0,337,0.7952522255192879,161,132,12,12,5,0,0,111,-3.7765051066151325,25.316770186335404,-0.20010650157928467,0.0,,-0.007428574981167913,25.872599792480468,2.572749984264374,0.0,0.00898865842318628,0.12265625,7.668269562721252,-1.2223608791828156e-09,0.40123897790908813,0.00021717791411042945,-0.7767106890678406
137,561152,361.3,1516.9,2.55,0.15,80,1.0,503,0.7813121272365805,166,125,18,18,5,0,0,90,-3.6723244423972794,24.96385542168675,-0.24507081508636475,0.0,,-0.005765254236757755,27.47215690612793,2.566431760787964,0.0,0.008496905182255432,0.1146484375,9.70398814678192,-8.149072527885437e-10,0.35810673236846924,0.00021656441717791408,-0.7778242230415344
138,565248,364.1,1507.3,2.57,0.15,80,1.0,161,0.7391304347826086,170,124,29,13,4,0,0,100,-3.6479610174435675,23.876470588235293,-0.25055187940597534,0.0,,-0.006775248609483242,32.184548473358156,2.562286710739136,0.0,0.0068908648769138384,0.09140625,8.514153838157654,-8.731149137020111e-10,0.3130912780761719,0.00021595092024539875,-0.77913898229599
139,569344,366.7,1531.3,2.53,0.14,80,1.0,322,0.7111801242236024,161,110,23,25,3,0,0,90,-3.7248182721487684,25.434782608695652,-0.3301643133163452,0.0,,-0.006304446049034596,31.579596519470215,2.5559765696525574,0.0,0.00974202130746562,0.13369140625,9.179400420188903,-1.4551915228366852e-09,0.371489942073822,0.00021533742331288343,-0.7808593511581421
140,573440,369.5,1474.0,2.64,0.14,80,1.0,484,0.7396694214876033,162,129,21,9,3,0,0,104,-3.6775195288108384,25.074074074074073,-0.19619515538215637,0.0,,-0.006361673818901181,28.0739896774292,2.5489485621452332,0.0,0.006878403809969314,0.092333984375,9.10573627948761,-1.4551915228366852e-09,0.38117706775665283,0.00021472392638036808,-0.782680869102478
141,577536,372.2,1540.4,2.51,0.15,80,1.0,136,0.7867647058823529,164,129,13,20,2,0,0,108,-3.731131803524589,25.158536585365855,-0.2115563452243805,0.0,,-0.0052733734715729955,28.013007736206056,2.5429441809654234,0.0,0.007202918195980601,0.092431640625,7.787211203575135,-1.1641532182693481e-09,0.3505309820175171,0.00021411042944785273,-0.7835166454315186
142,581632,374.9,1516.7,2.55,0.15,80,1.0,305,0.7672131147540984,169,127,17,21,4,0,0,105,-3.665001045797966,24.242603550295858,-0.22661203145980835,0.0,,-0.0053492563776671885,29.971229553222656,2.539886212348938,0.0,0.006805840757442639,0.087158203125,8.783802044391631,-8.149072527885437e-10,0.3235800862312317,0.0002134969325153374,-0.7845867872238159
143,585728,377.5,1572.8,2.45,0.15,80,1.0,468,0.7542735042735043,163,119,25,16,3,0,0,98,-3.7112144638561535,25.085889570552148,-0.26713719964027405,0.0,,-0.0074607874266803265,32.24002647399902,2.535093307495117,0.0,0.007799062694539316,0.1044921875,10.456072115898133,-3.4924596548080444e-10,0.3409222960472107,0.0002128834355828221,-0.7858144044876099
144,589824,379.5,2035.4,1.86,0.15,80,1.0,125,0.712,169,123,16,27,3,0,0,95,-3.5437164685575158,24.443786982248522,-0.2670639455318451,0.0,,-0.0074416110292077065,28.686109638214113,2.529955732822418,0.0,0.0079183729714714,0.105615234375,8.938499402999877,-6.402842700481415e-10,0.402224600315094,0.00021226993865030672,-0.7872563004493713
145,593920,381.7,1899.3,2.01,0.15,80,1.0,285,0.7684210526315789,160,130,10,17,3,0,0,103,-3.676562967444139,25.475,-0.19416719675064087,0.0,,-0.00548232039436698,25.687080764770506,2.5242589473724366,0.0,0.008617377627524547,0.118212890625,9.939543771743775,-1.3969838619232178e-09,0.41758280992507935,0.00021165644171779137,-0.7884612083435059
146,598016,384.4,1506.6,2.57,0.15,80,1.0,441,0.7845804988662132,156,127,9,18,2,0,0,101,-3.6998605962589544,25.897435897435898,-0.19882042706012726,0.0,,-0.007428858987987041,24.922916984558107,2.5192888975143433,0.0,0.0075961873488267885,0.10302734375,8.561084365844726,-7.566995918750763e-10,0.3834260106086731,0.00021104294478527604,-0.7899121046066284
147,602112,387.2,1473.8,2.64,0.14,80,1.0,95,0.7473684210526316,166,130,17,14,5,0,0,108,-3.664362001891499,25.253012048192772,-0.20969799160957336,0.0,,-0.005043079564347863,27.702631282806397,2.514204668998718,0.0,0.009272898247581906,0.123974609375,8.456556713581085,-8.731149137020111e-10,0.39222580194473267,0.00021042944785276072,-0.7907126545906067
148,606208,389.9,1502.3,2.58,0.15,80,1.0,256,0.76953125,161,126,17,16,2,0,0,101,-3.6802721829994556,25.341614906832298,-0.20962853729724884,0.0,,-0.004409836046397686,25.916049098968507,2.511877965927124,0.0,0.009327969260630198,0.1267578125,9.73420889377594,-1.3387762010097504e-09,0.3644353151321411,0.00020981595092024537,-0.7913378477096558
149,610304,392.6,1553.7,2.49,0.15,80,1.0,420,0.7904761904761904,164,135,14,12,3,0,0,113,-3.6341214637126997,24.597560975609756,-0.16891635954380035,0.0,,-0.004696981329470873,23.40149507522583,2.5094329833984377,0.0,0.009408364517730661,0.128076171875,7.040526223182678,-6.402842700481415e-10,0.415793776512146,0.00020920245398773005,-0.7916949987411499
150,614400,395.2,1535.9,2.52,0.15,80,1.0,71,0.8450704225352113,163,140,11,10,2,0,0,123,-3.7433450546056903,25.079754601226995,-0.14283911883831024,0.0,,-0.007953539723530412,21.14026255607605,2.507598328590393,0.0,0.009018410768476315,0.1228515625,7.681308841705322,-1.1059455573558807e-09,0.43251878023147583,0.00020858895705521473,-0.7926902174949646
151,618496,398.1,1417.8,2.74,0.15,80,1.0,241,0.8091286307053942,170,135,14,18,3,0,0,112,-3.675315291992076,24.24705882352941,-0.18012309074401855,0.0,,-0.005317491106688976,26.058081817626952,2.501900792121887,0.0,0.008981429395498708,0.12119140625,7.786793303489685,-8.149072527885437e-10,0.38415324687957764,0.00020797546012269935,-0.7943728566169739
152,622592,400.8,1515.3,2.56,0.14,80,1.0,402,0.7885572139303483,161,122,13,21,5,0,0,94,-3.6783531598984704,25.652173913043477,-0.22572380304336548,0.0,,-0.005439048865810037,26.494260787963867,2.494245183467865,0.0,0.006928048201370984,0.0912109375,8.960658526420593,-9.313225746154785e-10,0.3877089023590088,0.000207361963190184,-0.796689510345459
153,626688,403.4,1619.8,2.38,0.15,80,1.0,57,0.8596491228070176,167,134,16,16,1,0,0,103,-3.90199923177956,24.62874251497006,-0.16639313101768494,0.0,,-0.0037843105383217335,23.981202793121337,2.4839176893234254,0.0,0.008660364829120226,0.109326171875,8.40618987083435,-8.731149137020111e-10,0.4132651090621948,0.00020674846625766868,-0.7993266582489014
154,630784,405.0,2546.1,1.51,0.1,80,1.0,217,0.815668202764977,160,128,11,15,6,0,0,108,-3.6441577130289757,25.45625,-0.19915932416915894,0.0,,-0.005967817641794682,25.353748321533203,2.4752443194389344,0.0,0.008959390717791393,0.117822265625,8.261401700973511,-9.313225746154785e-10,0.35259461402893066,0.00020613496932515336,-0.8007737398147583
155,634880,407.7,1525.7,2.54,0.15,80,1.0,380,0.8184210526315789,163,134,19,9,1,0,0,116,-3.573111786825136,25.23926380368098,-0.1799865961074829,0.0,,-0.006278492044657469,24.935794162750245,2.4708487153053285,0.0,0.007847424026113003,0.10302734375,10.527630305290222,-2.3283064365386963e-10,0.392145037651062,0.00020552147239263801,-0.8017529845237732
156,638976,410.5,1459.3,2.66,0.15,80,1.0,32,0.8125,164,130,12,14,8,0,0,108,-3.764645340478533,24.774390243902438,-0.17868207395076752,0.0,,-0.006555072218179703,25.94203100204468,2.467017114162445,0.0,0.01023459980788175,0.1380859375,8.394010090827942,-1.0477378964424133e-09,0.3681430220603943,0.0002049079754601227,-0.8025840520858765
157,643072,413.2,1524.9,2.54,0.15,80,1.0,195,0.8,163,130,15,16,2,0,0,105,-3.7277826575676025,25.14723926380368,-0.18040889501571655,0.0,,-0.00585848018527031,26.941875457763672,2.464094865322113,0.0,0.009249986067879945,0.11787109375,9.990234422683717,-9.89530235528946e-10,0.3574526309967041,0.00020429447852760737,-0.80328768491745
158,647168,415.8,1549.2,2.5,0.15,80,1.0,359,0.7799442896935933,164,124,15,21,4,0,0,109,-3.640578229391879,24.914634146341463,-0.21278415620326996,0.0,,-0.002391015971079469,29.36544237136841,2.460577964782715,0.0,0.008264280125149525,0.1123046875,8.500254487991333,-1.8044374883174896e-09,0.3304024934768677,0.000203680981595092,-0.8046058416366577
159,651264,418.4,1594.6,2.42,0.15,80,1.0,16,0.875,169,137,12,17,3,0,0,115,-3.778779130857052,24.473372781065088,-0.13913604617118835,0.0,,-0.006246592849493027,21.813577365875243,2.4542264461517336,0.0,0.008987065264955163,0.118505859375,7.656052505970001,-1.0477378964424133e-09,0.4468576908111572,0.00020306748466257665,-0.8061050176620483
160,655360,421.1,1542.7,2.51,0.14,80,1.0,180,0.8055555555555556,164,131,11,18,4,0,0,108,-3.660472614464965,25.23780487804878,-0.17544230818748474,0.0,,-0.005852052569389343,24.051806640625,2.4493531346321107,0.0,0.009437846211949364,0.12646484375,7.5549278378486635,-6.402842700481415e-10,0.4038327932357788,0.00020245398773006132,-0.8072067499160767
161,659456,423.6,1594.2,2.42,0.15,80,1.0,343,0.8046647230320699,163,131,12,17,3,0,0,106,-3.6636879692015154,24.650306748466257,-0.15583005547523499,0.0,,-0.003860284993425012,22.628096485137938,2.444756031036377,0.0,0.008226266156998462,0.110400390625,9.337902545928955,-6.402842700481415e-10,0.43506765365600586,0.000201840490797546,-0.8082844018936157
162,663552,426.4,1514.1,2.56,0.15,80,1.0,2,1.0,171,139,12,14,6,0,0,112,-3.5843739185396046,24.11111111111111,-0.1644471287727356,0.0,,-0.007423450239002705,24.640712642669676,2.440414917469025,0.0,0.009218801429960876,0.12548828125,8.830088925361633,-1.57160684466362e-09,0.39388036727905273,0.00020122699386503065,-0.8094335198402405
163,667648,429.1,1520.3,2.55,0.15,80,1.0,171,0.7894736842105263,169,133,15,17,4,0,0,114,-3.76721737436361,24.023668639053255,-0.16768266260623932,0.0,,-0.006815170962363481,26.663987636566162,2.435736656188965,0.0,0.00973281286424026,0.13720703125,8.887185192108154,-1.3387762010097504e-09,0.31143611669540405,0.00020061349693251533,-0.8107598423957825
164,671744,431.7,1558.7,2.48,0.15,80,1.0,335,0.7850746268656716,164,128,15,16,5,0,0,109,-3.6639277777856423,24.932926829268293,-0.18605059385299683,0.0,,-0.005414565233513713,25.32935791015625,2.4289926528930663,0.0,0.008177945454372093,0.110302734375,10.23199245929718,-1.1641532182693481e-10,0.3903799057006836,0.0002,-0.8127725124359131
165,675840,434.3,1603.7,2.41,0.15,80,1.0,501,0.780439121756487,166,128,14,20,4,0,0,111,-3.6883213782137156,25.120481927710845,-0.20668986439704895,0.0,,-0.007347572781145573,28.51080255508423,2.421846902370453,0.0,0.008986815216485412,0.1208984375,8.809921872615813,-1.3387762010097504e-09,0.34824854135513306,0.00019938650306748466,-0.8139618039131165
166,679936,436.9,1527.7,2.54,0.14,80,1.0,151,0.7880794701986755,162,127,12,20,3,0,0,115,-3.578953325350477,25.067901234567902,-0.18348118662834167,0.0,,-0.005468003894202411,24.980869865417482,2.4178507924079895,0.0,0.00990285919397138,0.129833984375,8.839474272727966,-1.5133991837501526e-09,0.3924931287765503,0.00019877300613496928,-0.8152167797088623
167,684032,439.2,1853.1,2.07,0.14,80,1.0,320,0.8125,169,141,14,9,5,0,0,118,-3.6973896914585525,24.189349112426036,-0.13229896128177643,0.0,,-0.006694377399981022,22.05105504989624,2.4120630383491517,0.0,0.01089734647248406,0.153662109375,9.306796836853028,-8.149072527885437e-10,0.42921048402786255,0.00019815950920245396,-0.816663384437561
168,688128,441.1,2118.4,1.79,0.15,80,1.0,484,0.8016528925619835,164,128,18,16,2,0,0,108,-3.617215558548674,25.085365853658537,-0.20647580921649933,0.0,,-0.006733613659162074,26.705030918121338,2.406942677497864,0.0,0.009379098386853002,0.13125,9.505075907707214,-2.153683453798294e-09,0.32462698221206665,0.00019754601226993864,-0.8177145719528198
169,692224,443.8,1540.9,2.52,0.14,80,1.0,141,0.7446808510638298,169,130,19,14,6,0,0,102,-3.5600836917155836,23.988165680473372,-0.19995331764221191,0.0,,-0.005797537649050355,28.150469398498537,2.403321921825409,0.0,0.0075778617581818255,0.099755859375,8.78663911819458,-1.1059455573558807e-09,0.3438960313796997,0.0001969325153374233,-0.8186407685279846
170,696320,446.5,1489.5,2.6,0.15,80,1.0,310,0.8096774193548387,169,146,8,11,4,0,0,126,-3.7153390925208525,24.384615384615383,-0.08050227165222168,0.0,,-0.005155223980545997,19.523672533035278,2.4003378033638,0.0,0.007248442625859752,0.09541015625,11.229486775398254,-1.4551915228366852e-09,0.45564091205596924,0.00019631901840490794,-0.818899393081665
171,700416,449.2,1534.1,2.53,0.14,80,1.0,476,0.8088235294117647,166,134,8,21,3,0,0,119,-3.7392557230689003,24.80722891566265,-0.13872340321540833,0.0,,-0.005627989210188389,23.539351844787596,2.3999565958976747,0.0,0.00899880628567189,0.115576171875,9.755078554153442,-8.731149137020111e-10,0.36786800622940063,0.00019570552147239265,-0.819054365158081
172,704512,451.9,1521.8,2.54,0.15,80,1.0,130,0.7923076923076923,166,131,16,17,2,0,0,110,-3.6009033653244735,24.765060240963855,-0.15380486845970154,0.0,,-0.004114670632407069,25.70364980697632,2.3986770153045653,0.0,0.009237083978950978,0.12216796875,9.857156872749329,-1.2223608791828156e-09,0.3380601406097412,0.0001950920245398773,-0.8196123242378235
173,708608,454.4,1605.4,2.4,0.15,80,1.0,295,0.8271186440677966,165,141,13,9,2,0,0,131,-3.6879510048764015,24.36969696969697,-0.1291542947292328,0.0,,-0.0033476436510682106,20.44547047615051,2.3951106786727907,0.0,0.010527069892850705,0.137646484375,8.13175346851349,-8.731149137020111e-10,0.4656696319580078,0.00019447852760736192,-0.8208287358283997
174,712704,457.0,1590.2,2.43,0.14,80,1.0,465,0.8279569892473119,170,141,9,16,4,0,0,119,-3.705629959018855,24.223529411764705,-0.11323456466197968,0.0,,-0.004309410555288195,21.62820224761963,2.3897963166236877,0.0,0.008570024071377701,0.115478515625,9.964881944656373,-1.7462298274040222e-10,0.4414626955986023,0.0001938650306748466,-0.8222701549530029
175,716800,459.6,1576.1,2.46,0.14,80,1.0,121,0.8347107438016529,168,138,14,13,3,0,0,113,-3.722940078480801,24.517857142857142,-0.11890405416488647,0.0,,-0.006129195308312773,22.063357639312745,2.3836565732955934,0.0,0.009179942670743912,0.123193359375,9.20059609413147,-4.656612873077393e-10,0.41391521692276,0.00019325153374233128,-0.8239295482635498
176,720896,462.2,1578.8,2.45,0.14,80,1.0,286,0.8286713286713286,165,136,13,9,7,0,0,113,-3.575604247122099,24.721212121212123,-0.13510799407958984,0.0,,-0.0055877507198601965,22.7933931350708,2.3774444222450257,0.0,0.010148899542400613,0.138232421875,8.775975632667542,-1.0477378964424133e-09,0.38921546936035156,0.00019263803680981593,-0.8251839876174927
177,724992,464.2,2078.1,1.82,0.15,80,1.0,448,0.8125,162,127,17,12,6,0,0,108,-3.583755265214195,25.17283950617284,-0.18112313747406006,0.0,,-0.003942224709317088,24.27495174407959,2.3739524483680725,0.0,0.008948226590291597,0.117626953125,9.876442933082581,-9.89530235528946e-10,0.3869388699531555,0.00019202453987730058,-0.8256211280822754
178,729088,466.4,1872.0,2.04,0.15,80,1.0,106,0.8207547169811321,170,145,9,13,3,0,0,127,-3.6429307989570887,24.641176470588235,-0.08846966922283173,0.0,,-0.007116970978677273,19.606290912628175,2.3720383048057556,0.0,0.007664875820046291,0.099365234375,8.520673048496246,-9.313225746154785e-10,0.44266825914382935,0.00019141104294478526,-0.8263146877288818
179,733184,469.2,1486.6,2.6,0.16,80,1.0,273,0.8168498168498168,167,136,11,13,7,0,0,115,-3.609775097823192,24.047904191616766,-0.14083905518054962,0.0,,-0.005848951265215873,22.599232292175294,2.3680279731750487,0.0,0.01127804551506415,0.15517578125,8.774571418762207,-6.984919309616089e-10,0.401539146900177,0.00019079754601226994,-0.827711820602417
180,737280,471.9,1516.8,2.56,0.14,80,1.0,441,0.8095238095238095,168,134,20,10,4,0,0,110,-3.7183527318811938,24.803571428571427,-0.15823496878147125,0.0,,-0.002095915051177144,24.6426833152771,2.3624906182289123,0.0,0.0071143113076686856,0.091552734375,9.989309000968934,-1.1641532182693481e-09,0.39364171028137207,0.00019018404907975456,-0.8289170861244202
181,741376,474.5,1579.5,2.45,0.14,80,1.0,94,0.7872340425531915,165,127,22,15,1,0,0,104,-3.722751471599545,24.6,-0.18996790051460266,0.0,,-0.0028232830343768002,26.01101942062378,2.3584936618804933,0.0,0.0074619913764763625,0.098095703125,9.738467836380005,-1.1641532182693481e-09,0.39554792642593384,0.00018957055214723924,-0.8296670913696289
182,745472,477.1,1588.0,2.44,0.14,80,1.0,259,0.833976833976834,165,142,11,7,5,0,0,118,-3.592252912385654,24.575757575757574,-0.10418229550123215,0.0,,-0.006583473505452275,19.555264139175414,2.355169892311096,0.0,0.007376266323262826,0.09912109375,10.414752316474914,-6.402842700481415e-10,0.456823468208313,0.00018895705521472392,-0.8308300971984863
183,749568,479.7,1572.6,2.46,0.14,80,1.0,427,0.8266978922716628,168,137,16,11,4,0,0,111,-3.6557538910054865,24.470238095238095,-0.14730581641197205,0.0,,-0.0068638894706964495,26.575952816009522,2.34972003698349,0.0,0.008820392395136878,0.115380859375,9.834714937210084,-1.6298145055770874e-09,0.35656559467315674,0.00018834355828220857,-0.8321642279624939
184,753664,482.3,1566.0,2.48,0.14,80,1.0,77,0.7922077922077922,162,130,13,12,7,0,0,107,-3.615256108428448,25.037037037037038,-0.13529670238494873,0.0,,-0.005143418675288558,23.58307852745056,2.3445902109146117,0.0,0.00932075880409684,0.13046875,8.434430241584778,-1.9208528101444244e-09,0.38393962383270264,0.00018773006134969322,-0.8335044384002686
185,757760,485.1,1493.1,2.59,0.15,80,1.0,244,0.8073770491803278,167,136,13,15,3,0,0,116,-3.6480407144236104,24.538922155688624,-0.12212643027305603,0.0,,-0.004839494591578841,23.426880073547363,2.3396396398544312,0.0,0.00865493667370174,0.1173828125,9.595982217788697,-8.731149137020111e-10,0.38643747568130493,0.0001871165644171779,-0.8345537781715393
186,761856,487.7,1565.0,2.47,0.15,80,1.0,413,0.8353510895883777,169,148,11,9,1,0,0,122,-3.711692901207057,24.53846153846154,-0.053723521530628204,0.0,,-0.0037960025481879713,20.040542936325075,2.335902690887451,0.0,0.008430636301636697,0.114111328125,8.900362658500672,0.0,0.40679842233657837,0.00018650306748466258,-0.8353691697120667
187,765952,490.3,1588.6,2.43,0.15,80,1.0,68,0.8235294117647058,167,135,13,16,3,0,0,109,-3.7126511935460083,24.419161676646706,-0.14778417348861694,0.0,,-0.003593863919377327,22.699482250213624,2.333019328117371,0.0,0.011132655761321076,0.147119140625,9.47059338092804,-2.3283064365386963e-10,0.4288175702095032,0.0001858895705521472,-0.8359774947166443
188,770048,493.0,1472.2,2.63,0.15,80,1.0,230,0.7913043478260869,162,126,18,15,3,0,0,109,-3.639912758588626,25.166666666666668,-0.17874804139137268,0.0,,-0.005611289641819894,27.57014856338501,2.32993141412735,0.0,0.007420682633528486,0.093017578125,11.679286241531372,-1.1059455573558807e-09,0.3347557783126831,0.00018527607361963188,-0.8370854258537292
189,774144,495.7,1567.4,2.46,0.15,80,1.0,396,0.8055555555555556,166,137,8,20,1,0,0,114,-3.7098796004501793,24.686746987951807,-0.105776347219944,0.0,,-0.004334404552355409,20.534492826461793,2.3259913086891175,0.0,0.006756994032184593,0.09111328125,8.72556471824646,-6.402842700481415e-10,0.43118542432785034,0.00018466257668711656,-0.8377362489700317
190,778240,498.2,1595.5,2.41,0.15,80,1.0,50,0.94,166,150,7,5,4,0,0,116,-3.8119477495829504,24.957831325301203,-0.05198519304394722,0.0,,-0.00511730769649148,14.599951028823853,2.3231192111968992,0.0,0.00915722786448896,0.122119140625,8.265908527374268,-1.6298145055770874e-09,0.5330499410629272,0.0001840490797546012,-0.8388239145278931
191,782336,499.9,2485.8,1.53,0.12,80,1.0,214,0.8551401869158879,164,136,10,12,6,0,0,116,-3.7613304043832283,24.396341463414632,-0.10266375541687012,0.0,,-0.004933874169364571,21.02107677459717,2.3178727626800537,0.0,0.006667932349955663,0.083544921875,8.157273435592652,-4.656612873077393e-10,0.4186830520629883,0.00018343558282208586,-0.840084433555603
192,786432,502.2,1773.2,2.16,0.15,80,1.0,387,0.8449612403100775,173,144,9,16,4,0,0,115,-3.7779406613649886,24.36416184971098,-0.07820463180541992,0.0,,-0.006498972605913878,21.03805685043335,2.313309383392334,0.0,0.007794759445823729,0.100830078125,9.318278527259826,-8.731149137020111e-10,0.4053661823272705,0.00018282208588957054,-0.8412402868270874
193,790528,504.8,1571.0,2.46,0.15,80,1.0,38,0.8157894736842105,163,140,11,7,5,0,0,115,-3.714033036596123,24.846625766871167,-0.07814785838127136,0.0,,-0.008084581466391683,19.78917489051819,2.3081657528877257,0.0,0.008209455682663246,0.10625,8.614566326141357,-6.984919309616089e-10,0.4327220320701599,0.00018220858895705522,-0.842616081237793
194,794624,507.5,1543.6,2.5,0.15,80,1.0,205,0.824390243902439,167,138,13,13,3,0,0,122,-3.6909021427439654,24.808383233532933,-0.09331291168928146,0.0,,-0.004686789540573955,22.49265089035034,2.3022940278053285,0.0,0.008585984169621952,0.1193359375,9.07552535533905,-1.7462298274040222e-10,0.37645477056503296,0.00018159509202453987,-0.8442531824111938
195,798720,510.1,1548.6,2.5,0.15,80,1.0,369,0.8075880758807588,164,129,15,16,4,0,0,102,-3.6256545199379353,24.4390243902439,-0.1380200982093811,0.0,,-0.0034588485956192016,23.99343271255493,2.2951154351234435,0.0,0.00975871185073629,0.1333984375,9.541267156600952,-1.3969838619232178e-09,0.37654823064804077,0.0001809815950920245,-0.8461653590202332
196,802816,512.7,1583.2,2.44,0.15,80,1.0,28,0.8928571428571429,171,146,4,18,3,0,0,130,-3.764422108700938,24.157894736842106,-0.07090596854686737,0.0,,-0.008128267852589488,19.168890523910523,2.288048803806305,0.0,0.008147247036686168,0.1111328125,9.326148748397827,-8.731149137020111e-10,0.40165239572525024,0.0001803680981595092,-0.8476361632347107
197,806912,515.4,1518.6,2.56,0.14,80,1.0,196,0.8469387755102041,168,141,11,11,5,0,0,120,-3.766514396549586,24.351190476190474,-0.0723595917224884,0.0,,-0.0032778702210634948,20.39610900878906,2.282407486438751,0.0,0.006575082463677972,0.083984375,8.056365096569062,-1.0477378964424133e-09,0.39283597469329834,0.00017975460122699385,-0.8492100238800049
198,811008,518.1,1545.2,2.5,0.15,80,1.0,368,0.8532608695652174,172,148,12,10,2,0,0,125,-3.851606486888866,24.08139534883721,-0.0623139888048172,0.0,,-0.004604265000671149,19.147591972351073,2.27671799659729,0.0,0.007763813238125294,0.105078125,8.42598203420639,-2.0954757928848267e-09,0.40510374307632446,0.0001791411042944785,-0.8501432538032532
199,815104,520.7,1552.8,2.49,0.15,80,1.0,23,0.6956521739130435,167,132,12,20,3,0,0,109,-3.702540973389337,24.311377245508982,-0.12323111295700073,0.0,,-0.003327080933377147,23.511366176605225,2.2738341808319094,0.0,0.008700770925497637,0.1177734375,9.278045558929444,-1.2223608791828156e-09,0.34886276721954346,0.00017852760736196318,-0.8509905338287354
200,819200,523.2,1634.2,2.36,0.14,80,1.0,186,0.8118279569892473,163,135,11,14,3,0,0,116,-3.7567689329037224,25.061349693251532,-0.09553773701190948,0.0,,-0.004246331239119172,21.161622333526612,2.2692617893218996,0.0,0.008240525031578728,0.1080078125,10.119919633865356,-4.0745362639427185e-10,0.4190453290939331,0.00017791411042944786,-0.8524742126464844
201,823296,524.9,2511.8,1.51,0.12,80,1.0,352,0.7982954545454546,166,130,14,20,2,0,0,112,-3.7278542043823975,24.957831325301203,-0.14145931601524353,0.0,,-0.004529394605197012,26.040832614898683,2.2629199385643006,0.0,0.0075738056126283485,0.100927734375,9.621421599388123,-1.1641532182693481e-10,0.3614193797111511,0.0001773006134969325,-0.8539670705795288
202,827392,527.5,1554.1,2.49,0.15,80,1.0,0,,160,134,7,16,3,0,0,113,-3.758623247016091,24.85,-0.09866355359554291,0.0,,-0.00407149747479707,20.517299222946168,2.25781455039978,0.0,0.007759481071843766,0.103955078125,9.031912851333619,-9.313225746154785e-10,0.4316256046295166,0.00017668711656441713,-0.8549615740776062
203,831488,530.2,1535.1,2.52,0.15,80,1.0,169,0.8165680473372781,169,138,13,15,3,0,0,118,-3.7391706230151214,25.01775147928994,-0.08251833915710449,0.0,,-0.0039825530257076025,20.694772815704347,2.2541186928749086,0.0,0.011194330759462901,0.151171875,8.56899380683899,-1.3387762010097504e-09,0.42945200204849243,0.0001760736196319018,-0.8559121489524841
204,835584,532.8,1597.9,2.41,0.15,80,1.0,334,0.7994011976047904,165,129,15,18,3,0,0,106,-3.7469566622006796,24.830303030303032,-0.13313624262809753,0.0,,-0.005817927001044154,24.292559909820557,2.2510664105415343,0.0,0.00865487054688856,0.11982421875,11.016679787635804,-4.656612873077393e-10,0.37873178720474243,0.0001754601226993865,-0.8563644886016846
205,839680,535.4,1562.8,2.47,0.15,80,1.0,497,0.8209255533199196,163,141,8,10,4,0,0,118,-3.6879325902154445,24.88957055214724,-0.06294359266757965,0.0,,-0.008673950377851725,18.99595766067505,2.2489764213562013,0.0,0.008264332727412694,0.113037109375,9.883044981956482,4.656612873077393e-10,0.46219372749328613,0.00017484662576687114,-0.8571187853813171
206,843776,538.0,1554.0,2.49,0.15,80,1.0,155,0.7225806451612903,170,123,19,22,6,0,0,107,-3.8548036311279437,24.211764705882352,-0.17100889980793,0.0,,-0.005614594183862209,32.152529621124266,2.2457307815551757,0.0,0.006529945097281597,0.08544921875,13.409562468528748,-2.9103830456733704e-10,0.30809569358825684,0.00017423312883435582,-0.8579967021942139
207,847872,540.7,1551.9,2.5,0.14,80,1.0,320,0.771875,165,135,11,15,4,0,0,107,-3.802419551604825,24.6,-0.1077389195561409,0.0,,-0.0048562958370894195,19.576524686813354,2.241765248775482,0.0,0.007611192352487706,0.100634765625,10.716295146942139,-5.238689482212067e-10,0.49518340826034546,0.0001736196319018405,-0.8590666055679321
208,851968,543.4,1530.4,2.53,0.15,80,1.0,484,0.7727272727272727,164,127,17,17,3,0,0,106,-3.8262054808600796,24.890243902439025,-0.14329218864440918,0.0,,-0.0039308475330472,27.501709461212158,2.2375741362571717,0.0,0.007089068123605102,0.0916015625,11.625858378410339,-1.1059455573558807e-09,0.3455750346183777,0.00017300613496932515,-0.860112190246582
209,856064,546.0,1532.2,2.52,0.15,80,1.0,135,0.7555555555555555,163,126,13,18,6,0,0,99,-3.8150952583901163,24.736196319018404,-0.1553005874156952,0.0,,-0.006172300968319178,24.32959222793579,2.233554255962372,0.0,0.006960481830174103,0.091796875,10.833914637565613,-2.0954757928848267e-09,0.43977004289627075,0.00017239263803680977,-0.8609328866004944
210,860160,548.8,1484.9,2.61,0.15,80,1.0,302,0.7516556291390728,167,125,15,22,5,0,0,114,-4.052836391722903,24.724550898203592,-0.15237393975257874,0.0,,-0.004934079246595502,27.04248266220093,2.23037348985672,0.0,0.008397490865900182,0.1125,8.981531023979187,-1.4551915228366852e-09,0.3643907904624939,0.00017177914110429445,-0.8618989586830139
211,864256,551.4,1553.5,2.49,0.15,80,1.0,476,0.7668067226890757,174,138,11,21,4,0,0,123,-3.805030821596078,23.913793103448278,-0.10164579749107361,0.0,,-0.0060029467567801476,24.232041549682616,2.225168228149414,0.0,0.008222551847575232,0.1119140625,10.383791518211364,-2.270098775625229e-09,0.3856227993965149,0.00017116564417177913,-0.8635129928588867
212,868352,554.0,1608.3,2.4,0.15,80,1.0,134,0.7910447761194029,170,133,21,15,1,0,0,107,-3.8398942641471008,23.82941176470588,-0.12829887866973877,0.0,,-0.0059649751521646975,24.44931631088257,2.218531012535095,0.0,0.009561668679816648,0.135302734375,9.039348125457764,-2.0372681319713593e-09,0.41783422231674194,0.00017055214723926378,-0.8650833964347839
213,872448,556.7,1492.6,2.6,0.14,80,1.0,307,0.762214983713355,173,128,17,25,3,0,0,110,-3.9434504646041617,24.057803468208093,-0.1410476267337799,0.0,,-0.00339635768905282,26.26091136932373,2.2131909012794493,0.0,0.006264115023077466,0.081201171875,9.842117667198181,-1.7462298274040222e-09,0.3887171149253845,0.00016993865030674846,-0.8662076592445374
214,876544,558.7,2049.4,1.85,0.14,80,1.0,469,0.7867803837953091,162,135,6,18,3,0,0,117,-3.744934678545113,25.006172839506174,-0.08422981202602386,0.0,,-0.005628060270100832,20.29146146774292,2.2081021070480347,0.0,0.007187076308764517,0.090234375,9.729506349563598,-5.238689482212067e-10,0.4499545693397522,0.00016932515337423314,-0.8678282499313354
215,880640,560.8,1980.7,1.92,0.15,80,1.0,123,0.8048780487804879,166,137,14,14,1,0,0,119,-3.717835016121129,24.57831325301205,-0.08378089219331741,0.0,,-0.0052905627992004154,22.245194339752196,2.2019729137420656,0.0,0.007241379376500845,0.096044921875,10.140551435947419,-1.3969838619232178e-09,0.3646267056465149,0.0001687116564417178,-0.8690484762191772
216,884736,563.5,1556.7,2.48,0.15,80,1.0,287,0.8222996515679443,164,137,11,13,3,0,0,124,-3.7175573326529885,24.823170731707318,-0.06747740507125854,0.0,,-0.0048923780210316185,18.305972957611083,2.1972498536109923,0.0,0.007868377713020892,0.104638671875,9.263223361968993,0.0,0.4486750364303589,0.0001680981595092024,-0.8701515793800354
217,888832,566.1,1573.3,2.45,0.15,80,1.0,461,0.8286334056399133,174,146,8,17,3,0,0,121,-3.8465357566017673,23.95977011494253,-0.04412906989455223,0.0,,-0.006793079804629088,18.742816638946532,2.1928555011749267,0.0,0.008170349217834882,0.112548828125,7.784817004203797,-7.566995918750763e-10,0.4268246293067932,0.0001674846625766871,-0.8713844418525696
218,892928,568.6,1603.1,2.41,0.15,80,1.0,109,0.8440366972477065,160,131,11,15,3,0,0,111,-3.720282347768588,25.28125,-0.10414832830429077,0.0,,-0.006998975668102503,19.948329210281372,2.1887157559394836,0.0,0.009634541609557346,0.128759765625,9.124315571784972,-1.2223608791828156e-09,0.41668057441711426,0.00016687116564417177,-0.8721656799316406
219,897024,571.2,1571.8,2.46,0.15,80,1.0,281,0.8434163701067615,172,145,7,17,3,0,0,125,-3.7994210339161225,24.197674418604652,-0.04154200851917267,0.0,,-0.005659414269030094,18.668547105789184,2.18547979593277,0.0,0.011646115296753124,0.155517578125,7.909243750572204,-6.984919309616089e-10,0.4345344305038452,0.00016625766871165642,-0.8729631900787354
220,901120,573.9,1569.8,2.46,0.15,80,1.0,447,0.8344519015659956,166,136,12,16,2,0,0,109,-3.722992515141178,24.50602409638554,-0.08678001165390015,0.0,,-0.006144128693267703,20.731907463073732,2.181828773021698,0.0,0.007257934779045172,0.097802734375,9.585177111625672,-1.7462298274040222e-09,0.45043081045150757,0.00016564417177914107,-0.8741698265075684
221,905216,576.5,1522.6,2.54,0.15,80,1.0,99,0.8484848484848485,164,136,9,16,3,0,0,108,-3.7393903793252576,24.70731707317073,-0.07556739449501038,0.0,,-0.005690103303641081,19.533745098114014,2.176243245601654,0.0,0.007489244733005762,0.102734375,9.06594808101654,-1.5133991837501526e-09,0.4396355152130127,0.00016503067484662578,-0.8756108283996582
222,909312,579.1,1629.9,2.36,0.15,80,1.0,263,0.8365019011406845,164,136,8,19,1,0,0,110,-3.6292401373173853,24.628048780487806,-0.08212602138519287,0.0,,-0.003298261109739542,20.227700805664064,2.1707340359687803,0.0,0.006484363853815012,0.084814453125,9.231990265846253,-9.313225746154785e-10,0.40574467182159424,0.00016441717791411043,-0.8769906163215637
223,913408,581.8,1515.5,2.55,0.15,80,1.0,432,0.8541666666666666,169,149,8,10,2,0,0,129,-3.7579420811663975,24.698224852071007,-0.0007494473829865456,0.0,,-0.008534584054723382,14.921152019500733,2.1660009026527405,0.0,0.009708455379586667,0.1345703125,6.8154181957244875,-9.313225746154785e-10,0.4779137372970581,0.00016380368098159505,-0.8777613043785095
224,917504,583.5,2331.6,1.65,0.1,80,1.0,86,0.7674418604651163,166,131,13,16,6,0,0,116,-3.7284030217579036,24.89156626506024,-0.10646102577447891,0.0,,-0.003957376675680279,21.5908136844635,2.163083255290985,0.0,0.007084786469931714,0.09599609375,11.311901402473449,-1.862645149230957e-09,0.4141116142272949,0.00016319018404907973,-0.878740668296814
225,921600,585.8,1831.6,2.09,0.15,80,1.0,253,0.8142292490118577,167,140,8,15,4,0,0,116,-3.6660711651128013,24.646706586826348,-0.07039035856723785,0.0,,-0.006552074197679758,18.254288339614867,2.1571237087249755,0.0,0.007769575394922868,0.103369140625,8.38280827999115,-1.0477378964424133e-09,0.4649800658226013,0.0001625766871165644,-0.880807101726532
226,925696,588.4,1576.1,2.45,0.15,80,1.0,413,0.8159806295399515,160,131,16,10,3,0,0,113,-3.713391525803747,25.19375,-0.09023552387952805,0.0,,-0.004826305340975523,20.893767309188842,2.1494565486907957,0.0,0.007688098488142714,0.09990234375,9.721602153778075,-9.313225746154785e-10,0.4297938346862793,0.00016196319018404906,-0.8822638988494873
227,929792,591.0,1564.0,2.47,0.15,80,1.0,65,0.8923076923076924,164,142,10,9,3,0,0,121,-3.737387981829437,25.085365853658537,-0.047329310327768326,0.0,,-0.0070096972631290555,18.88173336982727,2.1439924120903013,0.0,0.007463914976688102,0.100732421875,9.19303538799286,-1.280568540096283e-09,0.41016513109207153,0.0001613496932515337,-0.8837690353393555
228,933888,593.5,1614.1,2.39,0.15,80,1.0,235,0.8808510638297873,170,149,12,7,2,0,0,121,-3.585809111445357,24.152941176470588,-0.02992536872625351,0.0,,-0.008216836676001548,17.76552882194519,2.1379956245422362,0.0,0.010220210842089728,0.141357421875,8.08731300830841,-1.5133991837501526e-09,0.4140450954437256,0.0001607361963190184,-0.8851943612098694
229,937984,596.1,1582.5,2.44,0.15,80,1.0,402,0.8681592039800995,167,142,11,10,4,0,0,120,-3.6429219484369786,24.676646706586826,-0.06664407253265381,0.0,,-0.0047324556857347485,20.654433822631837,2.1328213810920715,0.0,0.008653547248104587,0.1189453125,11.488387084007263,-1.280568540096283e-09,0.36870115995407104,0.00016012269938650307,-0.8863424062728882
230,942080,598.9,1508.2,2.57,0.14,80,1.0,59,0.9152542372881356,169,143,10,16,0,0,0,118,-3.8417542579989004,23.928994082840237,-0.04468522220849991,0.0,,-0.004998657642863691,17.86099953651428,2.127870535850525,0.0,0.008984507087734527,0.125439453125,8.557426524162292,2.9103830456733704e-10,0.4638771414756775,0.00015950920245398772,-0.8877086639404297
231,946176,601.5,1571.9,2.46,0.14,80,1.0,223,0.8565022421524664,164,137,12,12,3,0,0,117,-3.6769054535009977,24.640243902439025,-0.08014333248138428,0.0,,-0.004442959139123559,20.379777431488037,2.1228312730789183,0.0,0.01143781399296131,0.1509765625,9.054056739807129,-9.89530235528946e-10,0.4563632011413574,0.0001588957055214724,-0.8886833190917969
232,950272,604.1,1535.9,2.52,0.15,80,1.0,389,0.8380462724935732,166,135,9,16,6,0,0,118,-3.6777241147679045,25.343373493975903,-0.09461720287799835,0.0,,-0.0062542981933802365,20.842196321487428,2.119343614578247,0.0,0.007809085480403155,0.1017578125,11.101987195014953,-3.4924596548080444e-10,0.42454028129577637,0.00015828220858895705,-0.8895858526229858
233,954368,606.9,1494.2,2.6,0.14,80,1.0,44,0.8636363636363636,167,138,7,17,5,0,0,118,-3.57341584311302,24.263473053892216,-0.0691821277141571,0.0,,-0.006471171276643872,20.07746124267578,2.115576410293579,0.0,0.00679859530646354,0.087353515625,10.570945835113525,-1.3969838619232178e-09,0.4342411756515503,0.0001576687116564417,-0.8905400037765503
234,958464,609.5,1573.8,2.46,0.14,80,1.0,206,0.8495145631067961,162,137,6,16,3,0,0,114,-3.614700365463755,25.382716049382715,-0.07148502767086029,0.0,,-0.006761681521311402,20.129882860183717,2.1118221521377563,0.0,0.007091785274678841,0.0927734375,9.32389051914215,-4.656612873077393e-10,0.40302562713623047,0.00015705521472392635,-0.891412079334259
235,962560,612.2,1538.7,2.52,0.15,80,1.0,377,0.8567639257294429,171,148,10,12,1,0,0,136,-3.5389023399339283,23.795321637426902,-0.01533497590571642,0.0,,-0.004375489614903927,18.140593576431275,2.1078590154647827,0.0,0.006280333464383147,0.079150390625,10.834485745429992,-8.731149137020111e-10,0.42435306310653687,0.00015644171779141103,-0.8927968740463257
236,966656,614.8,1547.3,2.5,0.15,80,1.0,28,0.7857142857142857,163,134,14,13,2,0,0,112,-3.660157395712634,25.282208588957054,-0.0741289034485817,0.0,,-0.007981182495132088,21.229782390594483,2.1020104765892027,0.0,0.00706121124967467,0.093359375,10.88520438671112,-1.1059455573558807e-09,0.37930190563201904,0.0001558282208588957,-0.8939473032951355
237,970752,617.4,1562.5,2.47,0.15,80,1.0,197,0.8324873096446701,169,142,8,15,4,0,0,124,-3.618599046131723,24.325443786982248,-0.04467048496007919,0.0,,-0.008630228601396084,18.821612930297853,2.098678004741669,0.0,0.007334287132835016,0.097607421875,11.019644117355346,-2.153683453798294e-09,0.4235004782676697,0.00015521472392638036,-0.8946359157562256
238,974848,619.5,1966.4,1.94,0.15,80,1.0,356,0.848314606741573,159,138,12,7,2,0,0,116,-3.4125246117897308,25.528301886792452,-0.04470198228955269,0.0,,-0.004877595044672489,16.425963497161867,2.0959319829940797,0.0,0.007772145108901896,0.10546875,9.158011782169343,-1.2223608791828156e-09,0.48901504278182983,0.00015460122699386504,-0.8954540491104126
239,978944,621.6,2011.9,1.89,0.14,80,1.0,11,1.0,167,145,8,14,0,0,0,128,-3.6567785564356123,24.59880239520958,-0.029391717165708542,0.0,,-0.005669152690097689,17.197130727767945,2.0912894368171693,0.0,0.00615511069772765,0.082861328125,8.81557502746582,-2.3283064365386963e-10,0.5062923431396484,0.00015398773006134971,-0.8970327377319336
240,983040,624.3,1529.0,2.53,0.15,80,1.0,177,0.864406779661017,166,142,8,12,4,0,0,117,-3.714314246555046,24.60843373493976,-0.027563773095607758,0.0,,-0.007394177000969648,18.095148515701293,2.083988130092621,0.0,0.007933681056601926,0.109521484375,9.11490457057953,-1.5133991837501526e-09,0.39625799655914307,0.00015337423312883434,-0.8988961577415466
241,987136,626.9,1556.1,2.48,0.15,80,1.0,349,0.8538681948424068,172,145,10,8,9,0,0,124,-3.619634019608299,23.86627906976744,-0.022797303274273872,0.0,,-0.007385016046464443,18.521525955200197,2.0769739985466003,0.0,0.009222012263489888,0.128662109375,9.395825839042663,4.656612873077393e-10,0.4117925763130188,0.000152760736196319,-0.9006034135818481
242,991232,629.5,1582.5,2.44,0.15,80,1.0,9,0.8888888888888888,172,136,14,18,4,0,0,120,-3.5954410924669693,23.83139534883721,-0.0788620337843895,0.0,,-0.005642641801387072,22.418970775604247,2.070201909542084,0.0,0.008937811892246827,0.12109375,10.159782087802887,-8.731149137020111e-10,0.42198771238327026,0.00015214723926380367,-0.9023075103759766
243,995328,632.1,1570.7,2.46,0.15,80,1.0,177,0.8192090395480226,168,137,10,16,5,0,0,121,-3.7218222108788805,24.517857142857142,-0.0595385804772377,0.0,,-0.0036546051502227782,22.627844619750977,2.063199543952942,0.0,0.0074856425402686,0.098828125,11.225570154190063,-6.984919309616089e-10,0.3544517755508423,0.00015153374233128835,-0.9039688110351562
244,999424,635.2,1336.1,2.92,0.15,80,1.0,339,0.8141592920353983,162,131,14,14,3,0,0,121,-3.752613760714987,25.074074074074073,-0.0693923756480217,0.0,,-0.004936857474967837,24.389757204055787,2.0578019976615907,0.0,0.008340619201771916,0.114453125,12.168337225914001,-1.862645149230957e-09,0.3567975163459778,0.000150920245398773,-0.9049528241157532
245,1003520,637.9,1484.1,2.61,0.15,80,1.0,509,0.8290766208251473,170,146,3,15,6,0,0,126,-3.707689137186185,24.235294117647058,-0.00940421037375927,0.0,,-0.004918572958558798,16.531539535522462,2.054019021987915,0.0,0.006954125095217023,0.090625,10.823742580413818,-1.0477378964424133e-09,0.4548885226249695,0.00015030674846625762,-0.9059979915618896
246,1007616,640.6,1521.1,2.55,0.14,80,1.0,163,0.8343558282208589,166,138,13,11,4,0,0,113,-3.6354993722106044,24.58433734939759,-0.055045098066329956,0.0,,-0.005775863770395517,19.201596450805663,2.050005614757538,0.0,0.007572336024895776,0.098828125,10.439380502700805,3.2014213502407074e-10,0.4417223334312439,0.0001496932515337423,-0.9068995714187622
247,1011712,643.3,1531.5,2.52,0.15,80,1.0,335,0.8537313432835821,172,150,11,6,5,0,0,132,-3.6340007978509,24.098837209302324,0.0031972061842679977,0.0,,-0.0052955805324018,17.125738191604615,2.0465049147605896,0.0,0.010247388362768107,0.145263671875,8.809245586395264,-7.566995918750763e-10,0.3918633460998535,0.00014907975460122698,-0.9077208638191223
248,1015808,644.9,2609.1,1.46,0.11,80,1.0,504,0.8452380952380952,169,140,11,14,4,0,0,123,-3.6901441293437545,24.467455621301774,-0.0324772372841835,0.0,,-0.005638022092171013,20.069521951675416,2.043603265285492,0.0,0.00615249675756786,0.0765625,11.160696029663086,-9.89530235528946e-10,0.4278767704963684,0.00014846625766871163,-0.9083962440490723
249,1019904,647.5,1593.3,2.43,0.15,80,1.0,160,0.85,168,143,13,10,2,0,0,125,-3.6331148342031536,23.773809523809526,-0.02193175069987774,0.0,,-0.0069370171520859005,19.741737270355223,2.0412949204444883,0.0,0.008848407154437155,0.121875,11.116536736488342,-2.444721758365631e-09,0.377747118473053,0.0001478527607361963,-0.908829927444458
250,1024000,650.2,1506.2,2.57,0.15,80,1.0,328,0.8445121951219512,168,141,8,15,4,0,0,121,-3.7970456172786133,24.660714285714285,-0.030791210010647774,0.0,,-0.005922583770006895,18.542340993881226,2.0397445917129517,0.0,0.007241255787084811,0.095263671875,9.801782774925233,-1.8044374883174896e-09,0.4434712529182434,0.00014723926380368098,-0.9092141389846802
251,1028096,652.9,1548.8,2.5,0.14,80,1.0,493,0.8519269776876268,165,143,9,12,1,0,0,127,-3.6925780677447197,24.684848484848484,-0.0015675770118832588,0.0,,-0.00643979636952281,18.966137981414796,2.0380569458007813,0.0,0.007292406031046994,0.100927734375,11.082468032836914,5.820766091346741e-11,0.4302103519439697,0.00014662576687116564,-0.9097254276275635
252,1032192,655.6,1522.7,2.54,0.15,80,1.0,155,0.7870967741935484,174,138,14,21,1,0,0,121,-3.797661386264328,23.614942528735632,-0.04289090260863304,0.0,,-0.002935116132721305,23.77131280899048,2.0356745600700377,0.0,0.008543104039563331,0.107421875,11.235540628433228,-9.89530235528946e-10,0.4080039858818054,0.00014601226993865031,-0.9103660583496094
253,1036288,658.2,1563.7,2.47,0.15,80,1.0,320,0.8125,165,138,12,12,3,0,0,112,-3.611131072418557,24.8,-0.05204436928033829,0.0,,-0.006455621868371964,19.715527629852296,2.0324732661247253,0.0,0.007151493031415157,0.095458984375,9.684681797027588,-1.5133991837501526e-09,0.4561086893081665,0.00014539877300613494,-0.9112744927406311
254,1040384,660.8,1564.7,2.47,0.15,80,1.0,487,0.8069815195071869,167,133,13,20,1,0,0,119,-3.8004245382634654,24.81437125748503,-0.08069517463445663,0.0,,-0.005534939840435982,21.417461252212526,2.0284902095794677,0.0,0.006376497467863373,0.081591796875,10.303683662414551,-6.402842700481415e-10,0.4596877098083496,0.00014478527607361962,-0.912440299987793
255,1044480,663.4,1570.1,2.46,0.15,80,1.0,135,0.8074074074074075,160,128,14,14,4,0,0,119,-3.7197305549375868,25.19375,-0.09650149941444397,0.0,,-0.00624016672372818,23.13040370941162,2.022980439662933,0.0,0.0069044338393723596,0.08896484375,11.311843085289002,-2.153683453798294e-09,0.4197593331336975,0.00014417177914110427,-0.9142404198646545
256,1048576,666.0,1588.4,2.43,0.15,80,1.0,307,0.8436482084690554,172,150,5,14,3,0,0,127,-3.6494110141169296,24.122093023255815,0.00090787373483181,0.0,,-0.0047850186936557295,17.879017782211303,2.015791928768158,0.0,0.008224561919632833,0.111474609375,12.042965626716613,-8.440110832452774e-10,0.44486212730407715,0.00014355828220858895,-0.9156403541564941
257,1052672,668.6,1585.6,2.43,0.15,80,1.0,474,0.8396624472573839,167,139,15,10,3,0,0,123,-3.6853565589766135,24.293413173652695,-0.036340728402137756,0.0,,-0.004684311896562576,17.99636697769165,2.010203683376312,0.0,0.00986844370199833,0.134130859375,9.707241559028626,-1.4551915228366852e-09,0.4996264576911926,0.0001429447852760736,-0.9172232747077942
258,1056768,671.2,1585.6,2.43,0.15,80,1.0,135,0.837037037037037,173,143,11,15,4,0,0,121,-3.7049376927959896,23.647398843930635,-0.007283102720975876,0.0,,-0.006170271569862962,19.649100303649902,2.0046366572380068,0.0,0.010149109186022543,0.140283203125,9.142167973518372,-4.0745362639427185e-10,0.42142605781555176,0.00014233128834355828,-0.9183440208435059
259,1060864,673.9,1532.9,2.52,0.15,80,1.0,300,0.86,165,145,7,13,0,0,0,131,-3.674015700553369,24.842424242424244,-0.0004396345466375351,0.0,,-0.0062141178175807,16.98545894622803,2.0001287162303925,0.0,0.0072347495035501195,0.09736328125,8.756217193603515,-2.9103830456733704e-10,0.44785499572753906,0.00014171779141104295,-0.9196083545684814
260,1064960,676.4,1586.9,2.43,0.15,80,1.0,472,0.847457627118644,172,142,11,15,4,0,0,128,-3.784403357211979,23.5,-0.006621306762099266,0.0,,-0.008058641664683818,19.314150619506837,1.994397646188736,0.0,0.009939116069290321,0.13525390625,10.060156798362732,-1.6589183360338211e-09,0.43554651737213135,0.00014110429447852758,-0.9212308526039124
261,1069056,678.7,1789.9,2.14,0.14,80,1.0,131,0.8473282442748091,171,146,12,8,5,0,0,131,-3.6790032542870788,24.13450292397661,-0.013361450284719467,0.0,,-0.004991629766300321,18.841493797302245,1.9879098773002624,0.0,0.006488634264678694,0.084716796875,8.712285447120667,-1.3387762010097504e-09,0.3738064169883728,0.00014049079754601226,-0.9227713942527771
262,1073152,680.6,2163.5,1.75,0.14,80,1.0,298,0.8456375838926175,167,141,6,15,5,0,0,121,-3.756746000625843,24.580838323353294,-0.006897155195474625,0.0,,-0.004506730567663908,18.013855838775633,1.9822577595710755,0.0,0.009073658261331729,0.1275390625,12.093589448928833,-6.402842700481415e-10,0.439452588558197,0.0001398773006134969,-0.9239339828491211
263,1077248,683.3,1536.6,2.52,0.15,80,1.0,463,0.857451403887689,165,145,8,8,4,0,0,131,-3.627769158347939,25.006060606060608,0.0051168231293559074,0.0,,-0.008302632020786405,15.480169916152954,1.9768435895442962,0.0,0.008780207519885152,0.11826171875,9.278346943855286,-1.862645149230957e-09,0.49688535928726196,0.00013926380368098159,-0.9256307482719421
264,1081344,686.0,1551.7,2.5,0.14,80,1.0,112,0.8392857142857143,161,137,9,13,2,0,0,122,-3.6963064107426464,25.26086956521739,-0.021970674395561218,0.0,,-0.005014467146247625,17.06114501953125,1.9707305073738097,0.0,0.006120557532995008,0.07255859375,9.97777967453003,-9.89530235528946e-10,0.4501924514770508,0.00013865030674846624,-0.9268750548362732
265,1085440,688.6,1548.1,2.5,0.14,80,1.0,281,0.8683274021352313,169,150,4,11,4,0,0,130,-3.74651950393052,24.142011834319526,0.03655882924795151,0.0,,-0.006390576716512442,13.54390459060669,1.96589035987854,0.0,0.010694019997026771,0.146484375,9.167714405059815,-1.076841726899147e-09,0.4802626371383667,0.00013803680981595091,-0.928176760673523
266,1089536,691.3,1551.7,2.49,0.15,80,1.0,451,0.8736141906873615,170,150,8,9,3,0,0,128,-3.685981356284257,24.45294117647059,0.03224799782037735,0.0,,-0.005367433186620474,15.746143794059753,1.9604799091815948,0.0,0.008787725932779721,0.1228515625,9.35592954158783,-4.0745362639427185e-10,0.37335437536239624,0.00013742331288343557,-0.9295493364334106
267,1093632,694.0,1516.2,2.55,0.15,80,1.0,96,0.84375,157,134,9,12,2,0,0,115,-3.557742315124964,25.471337579617835,-0.02403905615210533,0.0,,-0.003761507011950016,17.535558557510377,1.9545162856578826,0.0,0.008877559217216913,0.12451171875,9.805501651763915,-1.8335413187742233e-09,0.4060303568840027,0.00013680981595092024,-0.9311832189559937
268,1097728,696.6,1571.6,2.46,0.15,80,1.0,265,0.8754716981132076,169,151,10,6,2,0,0,127,-3.614693035427894,24.502958579881657,0.03254750743508339,0.0,,-0.006455828389152885,13.280470132827759,1.948234623670578,0.0,0.00890840588544961,0.11923828125,8.633151412010193,-1.5133991837501526e-09,0.5203882455825806,0.00013619631901840492,-0.9326037168502808
269,1101824,699.3,1485.4,2.61,0.15,80,1.0,437,0.8810068649885584,172,153,6,11,2,0,0,131,-3.7147592800248184,23.843023255813954,0.040230173617601395,0.0,,-0.0035982537548989056,14.383375453948975,1.9438718855381012,0.0,0.008145147709001321,0.113623046875,11.007556366920472,-2.764863893389702e-09,0.47911983728408813,0.00013558282208588955,-0.9332157969474792
270,1105920,702.3,1406.7,2.77,0.14,80,1.0,90,0.9333333333333333,165,151,2,10,2,0,0,124,-3.539249723062993,24.951515151515153,0.055435601621866226,0.0,,-0.005211375281214714,11.039380264282226,1.9409742832183838,0.0,0.008526768497540615,0.1111328125,9.278554701805115,-2.0372681319713593e-09,0.5536811351776123,0.00013496932515337422,-0.9345338344573975
271,1110016,704.0,2304.3,1.64,0.14,80,1.0,254,0.9094488188976378,164,147,6,10,1,0,0,125,-3.5582727867815085,25.29268292682927,0.029622800648212433,0.0,,-0.004860426485538483,14.10356912612915,1.9353008806705474,0.0,0.00776217711973004,0.10126953125,10.47720217704773,-9.313225746154785e-10,0.4451391100883484,0.00013435582822085888,-0.9355382919311523
272,1114112,706.4,1752.4,2.19,0.15,80,1.0,421,0.9073634204275535,167,151,3,10,3,0,0,124,-3.7226369089862223,23.880239520958085,0.03546683490276337,0.0,,-0.005848289746791124,13.883215045928955,1.9318050384521483,0.0,0.010590605753532146,0.141748046875,8.89746265411377,-6.693881005048752e-10,0.4471691846847534,0.00013374233128834355,-0.9364696145057678
273,1118208,709.0,1556.7,2.48,0.15,80,1.0,76,0.881578947368421,167,143,5,16,3,0,0,124,-3.545140331134679,24.70059880239521,0.0016683442518115044,0.0,,-0.004963403753936291,17.631085205078126,1.9276653587818147,0.0,0.008342175387952011,0.1146484375,9.571869564056396,-9.604264050722122e-10,0.3375610113143921,0.0001331288343558282,-0.9376616477966309
274,1122304,711.7,1510.7,2.56,0.15,80,1.0,242,0.8512396694214877,166,139,10,16,1,0,0,119,-3.725403157650058,24.650602409638555,-0.008953787386417389,0.0,,-0.007162233861163258,18.338603973388672,1.9232269465923308,0.0,0.007905594863404985,0.101953125,9.86344747543335,-8.440110832452774e-10,0.41735363006591797,0.00013251533742331288,-0.938528299331665
275,1126400,714.6,1422.5,2.73,0.15,80,1.0,412,0.8495145631067961,170,144,11,13,2,0,0,123,-3.690754089796086,24.48235294117647,-0.005981926806271076,0.0,,-0.005507818982005119,18.460485410690307,1.9209210932254792,0.0,0.007193174710846506,0.091455078125,9.355827403068542,-1.4551915228366852e-09,0.4328003525733948,0.00013190184049079756,-0.9388821721076965
276,1130496,717.2,1571.0,2.46,0.15,80,1.0,67,0.9104477611940298,167,154,8,5,0,0,0,130,-3.5998143865254764,24.137724550898202,0.057463519275188446,0.0,,-0.006737532559782267,12.368863296508788,1.9182544767856597,0.0,0.00992462095018709,0.134326171875,8.700599074363708,-1.5425030142068863e-09,0.5024453401565552,0.00013128834355828219,-0.9401026964187622
277,1134592,719.8,1582.0,2.44,0.15,80,1.0,231,0.8961038961038961,164,146,6,10,2,0,0,126,-3.5998435891209213,25.073170731707318,-0.005643907934427261,0.0,,-0.005332066304981708,13.894735026359559,1.912324559688568,0.0,0.008607579603267367,0.114501953125,9.508250713348389,-7.8580342233181e-10,0.530208170413971,0.00013067484662576686,-0.9416017532348633
278,1138688,722.5,1550.8,2.5,0.14,80,1.0,400,0.8725,169,142,9,16,2,0,0,123,-3.691499249155927,24.284023668639055,4.493445158004761e-05,0.0,,-0.0032595130149275066,20.958890008926392,1.9070303738117218,0.0,0.008749226285726764,0.114013671875,11.451453113555909,-8.731149137020111e-10,0.34382104873657227,0.00013006134969325152,-0.9427676796913147
279,1142784,725.1,1559.8,2.48,0.14,80,1.0,57,0.9122807017543859,169,152,5,12,0,0,0,133,-3.538764686162972,24.597633136094675,0.04126736894249916,0.0,,-0.006831351993605494,14.198796582221984,1.903814685344696,0.0,0.010276199880172499,0.1365234375,8.682881712913513,-6.984919309616089e-10,0.45279741287231445,0.0001294478527607362,-0.9431014060974121
280,1146880,727.8,1509.7,2.56,0.15,80,1.0,221,0.8868778280542986,164,144,6,13,1,0,0,124,-3.695267218741222,24.54268292682927,0.01548805646598339,0.0,,-0.0029203826561570168,15.439626026153565,1.9020344197750092,0.0,0.007762758911121636,0.104638671875,9.230495119094849,-2.9103830456733704e-10,0.412059485912323,0.00012883435582822084,-0.943902850151062
281,1150976,730.4,1596.0,2.42,0.15,80,1.0,388,0.8762886597938144,167,144,6,15,2,0,0,125,-3.608049816822645,24.239520958083833,0.003594977781176567,0.0,,-0.0056888553313910965,17.99325852394104,1.8981546938419342,0.0,0.008216021742555313,0.114892578125,10.08747296333313,-1.6298145055770874e-09,0.37040483951568604,0.00012822085889570552,-0.9450023174285889
282,1155072,733.2,1484.1,2.61,0.15,80,1.0,42,0.8095238095238095,166,137,10,17,2,0,0,127,-3.6843975136643685,25.19277108433735,-0.01945619098842144,0.0,,-0.0073892069980502125,20.686203241348267,1.8935554206371308,0.0,0.00915007528674323,0.120703125,9.387914347648621,-2.9103830456733704e-10,0.3522312641143799,0.00012760736196319015,-0.9462171792984009
283,1159168,735.7,1613.2,2.4,0.14,80,1.0,199,0.8743718592964824,157,140,7,8,2,0,0,123,-3.53695287361694,25.73248407643312,0.019001953303813934,0.0,,-0.007430293783545494,15.138282585144044,1.8890858471393586,0.0,0.009734399369335733,0.133349609375,10.033089637756348,-6.984919309616089e-10,0.436583936214447,0.00012699386503067483,-0.9470499753952026
284,1163264,738.4,1538.3,2.51,0.15,80,1.0,366,0.8524590163934426,167,138,11,11,7,0,0,117,-3.642028160115494,24.84431137724551,-0.028186004608869553,0.0,,-0.007410190906375647,18.64912395477295,1.8856920659542085,0.0,0.009116278449073433,0.123583984375,11.184208297729493,-5.820766091346741e-10,0.4429238438606262,0.0001263803680981595,-0.9480453133583069
285,1167360,741.1,1491.6,2.6,0.14,80,1.0,14,1.0,160,142,7,8,3,0,0,127,-3.5031046853426577,25.39375,0.01099400408565998,0.0,,-0.0072318338323384525,15.45778694152832,1.8812684893608094,0.0,0.00896302220353391,0.1205078125,9.261665272712708,1.1641532182693481e-10,0.4743427634239197,0.00012576687116564415,-0.9492788910865784
286,1171456,743.7,1572.5,2.46,0.14,80,1.0,177,0.8870056497175142,163,143,8,9,3,0,0,130,-3.6288490470118875,25.25153374233129,0.026480477303266525,0.0,,-0.007114816852845251,14.671636295318603,1.876151442527771,0.0,0.011942898429697379,0.16611328125,9.801639461517334,0.0,0.474794864654541,0.00012515337423312883,-0.9505271315574646
287,1175552,746.4,1539.0,2.51,0.15,80,1.0,345,0.8666666666666667,168,142,10,12,4,0,0,130,-3.6110448504805532,24.089285714285715,0.024790052324533463,0.0,,-0.005389563459903002,18.51978120803833,1.8724889755249023,0.0,0.006846413535822648,0.089794921875,9.24504759311676,-1.2223608791828156e-09,0.3649284243583679,0.00012453987730061348,-0.9509905576705933
288,1179648,749.1,1522.8,2.54,0.15,80,1.0,3,1.0,170,153,7,4,6,0,0,134,-3.633425673650207,24.17058823529412,0.057041969150304794,0.0,,-0.0037459272891283034,11.788267636299134,1.869850254058838,0.0,0.007541970637976192,0.101123046875,9.408192765712737,-5.529727786779404e-10,0.49283790588378906,0.00012392638036809816,-0.9522119164466858
289,1183744,751.8,1533.9,2.53,0.14,80,1.0,169,0.8461538461538461,166,140,11,12,3,0,0,124,-3.381402600246982,24.59036144578313,-0.004719318822026253,0.0,,-0.0049857297912240025,18.281299686431886,1.8643258690834046,0.0,0.007541507299174554,0.09697265625,10.718437886238098,-9.313225746154785e-10,0.41094106435775757,0.0001233128834355828,-0.9535200595855713
290,1187840,754.5,1510.3,2.56,0.15,80,1.0,338,0.8698224852071006,169,151,7,9,2,0,0,134,-3.517650306059098,24.650887573964496,0.051953934133052826,0.0,,-0.007100984873250127,13.891016149520874,1.8597992360591888,0.0,0.010055089407251217,0.13369140625,7.617308282852173,-5.820766091346741e-11,0.4707399606704712,0.00012269938650306746,-0.9544292688369751
291,1191936,757.1,1578.2,2.45,0.15,80,1.0,501,0.8942115768463074,163,154,1,6,2,0,0,132,-3.4793063738941026,24.50920245398773,0.0877821296453476,0.0,,-0.007889117859303952,8.590854120254516,1.8569843411445617,0.0,0.009338328185549472,0.132080078125,7.411342823505402,-8.149072527885437e-10,0.5430399775505066,0.00012208588957055212,-0.954966127872467
292,1196032,759.7,1582.3,2.44,0.15,80,1.0,152,0.8947368421052632,163,146,10,4,3,0,0,136,-3.531592869395712,25.220858895705522,0.039709627628326416,0.0,,-0.004400895070284605,13.70569543838501,1.8538226068019867,0.0,0.007251671912672464,0.096044921875,8.550048828125,-1.7171259969472885e-09,0.4382633566856384,0.0001214723926380368,-0.9562649726867676
293,1200128,762.2,1630.5,2.37,0.14,80,1.0,321,0.8940809968847352,169,151,6,12,0,0,0,134,-3.624042401403122,24.727810650887573,0.06399665772914886,0.0,,-0.007087725680321455,14.145894384384155,1.8480857610702515,0.0,0.008244726365956013,0.11162109375,7.611879920959472,-2.6193447411060333e-10,0.43344342708587646,0.00012085889570552147,-0.9575231075286865
294,1204224,763.9,2509.1,1.52,0.11,80,1.0,485,0.8865979381443299,164,143,8,12,1,0,0,124,-3.4675947572376087,24.96951219512195,0.03792404383420944,0.0,,-0.0047515241894871,16.41656231880188,1.84385889172554,0.0,0.006888504129892681,0.089501953125,9.389510536193848,1.1641532182693481e-10,0.40375399589538574,0.00012024539877300612,-0.9585096836090088
295,1208320,766.5,1559.4,2.48,0.15,80,1.0,138,0.8478260869565217,165,138,6,16,5,0,0,121,-3.475409005007443,24.43030303030303,-0.004771232604980469,0.0,,-0.00676371562294662,20.35835599899292,1.8395464062690734,0.0,0.008147420958266594,0.1083984375,9.28752579689026,-1.1641532182693481e-09,0.3206433653831482,0.0001196319018404908,-0.9597160816192627
296,1212416,769.0,1610.7,2.4,0.14,80,1.0,309,0.883495145631068,171,156,5,6,4,0,0,149,-3.6232746964603235,23.976608187134502,0.09190967679023743,0.0,,-0.005482679698616266,12.166822004318238,1.8343414902687072,0.0,0.007819255886715837,0.10791015625,10.055298686027527,-1.3969838619232178e-09,0.4521453380584717,0.00011901840490797544,-0.9611400961875916
297,1216512,771.7,1560.0,2.48,0.14,80,1.0,476,0.8886554621848739,167,150,4,13,0,0,0,129,-3.583838815800788,24.65868263473054,0.06347261369228363,0.0,,-0.006740399170666933,13.810357332229614,1.8283487141132355,0.0,0.008758142605074681,0.120068359375,8.16831681728363,-1.1641532182693481e-10,0.37614166736602783,0.00011840490797546012,-0.9626542329788208
298,1220608,774.2,1599.2,2.41,0.15,80,1.0,127,0.889763779527559,163,144,8,9,2,0,0,128,-3.435670326252389,25.11042944785276,0.03404950723052025,0.0,,-0.00594728768337518,15.335334014892577,1.8225933492183686,0.0,0.007333378891053144,0.09423828125,8.864552426338197,-2.9976945370435715e-09,0.3885536789894104,0.00011779141104294476,-0.9639252424240112
299,1224704,776.9,1513.1,2.56,0.15,80,1.0,292,0.8938356164383562,165,148,4,11,2,0,0,136,-3.601936585637203,24.654545454545456,0.055490389466285706,0.0,,-0.006183638609945774,13.267348408699036,1.8179221153259277,0.0,0.007037472087540663,0.09404296875,9.983698844909668,-8.149072527885437e-10,0.48908543586730957,0.00011717791411042943,-0.965049147605896
300,1228800,779.5,1590.1,2.43,0.15,80,1.0,455,0.8967032967032967,163,147,2,13,1,0,0,126,-3.6115294034137517,25.11042944785276,0.06644017994403839,0.0,,-0.0043988718651235105,12.75667326450348,1.81320481300354,0.0,0.010858505727082957,0.14580078125,7.535550761222839,-1.4842953532934189e-09,0.4075913429260254,0.00011656441717791411,-0.9663582444190979
301,1232896,782.2,1523.7,2.54,0.15,80,1.0,114,0.9035087719298246,171,156,5,9,1,0,0,139,-3.682987052609884,24.280701754385966,0.08342000842094421,0.0,,-0.0050724873319268225,10.610206866264344,1.8059347152709961,0.0,0.011519642727216705,0.148681640625,7.278687083721161,1.1641532182693481e-10,0.5342374444007874,0.00011595092024539876,-0.9686226844787598
302,1236992,784.9,1529.3,2.54,0.14,80,1.0,276,0.9166666666666666,162,150,4,5,3,0,0,134,-3.4855841140077426,25.135802469135804,0.0641038566827774,0.0,,-0.007381855347193778,10.328878450393677,1.7982581853866577,0.0,0.012896016710146795,0.174365234375,6.593402111530304,-1.0186340659856796e-09,0.5189115405082703,0.00011533742331288344,-0.9699839949607849
303,1241088,787.5,1582.4,2.45,0.14,80,1.0,446,0.8968609865470852,170,147,6,14,3,0,0,132,-3.55530085724268,24.31764705882353,0.04027380794286728,0.0,,-0.007282502483576536,15.622452974319458,1.7942114293575286,0.0,0.008511015451222192,0.115087890625,8.909645557403564,-1.7171259969472885e-09,0.4252275824546814,0.00011472392638036808,-0.970730185508728
304,1245184,790.2,1532.3,2.52,0.15,80,1.0,92,0.8695652173913043,158,130,13,15,0,0,0,112,-3.430753236296993,25.79113924050633,-0.0172419473528862,0.0,,-0.00641866223886609,19.20506944656372,1.7914560616016388,0.0,0.007605778123252094,0.1068359375,12.516942977905273,-1.367880031466484e-09,0.38019895553588867,0.00011411042944785276,-0.9714804887771606
305,1249280,793.0,1475.2,2.63,0.15,80,1.0,255,0.8862745098039215,163,146,10,5,2,0,0,130,-3.516294989058721,25.257668711656443,0.041254930198192596,0.0,,-0.00593899330124259,14.047074842453004,1.7882884204387666,0.0,0.008794968870643061,0.112158203125,8.541549372673035,-1.9208528101444244e-09,0.4626006484031677,0.00011349693251533741,-0.9722471237182617
306,1253376,795.7,1493.1,2.6,0.14,80,1.0,422,0.8862559241706162,167,148,5,13,1,0,0,135,-3.5398037155628486,24.2874251497006,0.04555750638246536,0.0,,-0.009165093558840454,13.627429723739624,1.7847767233848573,0.0,0.009225038660224527,0.1306640625,8.759514772891999,-1.7462298274040222e-09,0.4806790351867676,0.00011288343558282207,-0.9733430743217468
307,1257472,798.5,1486.5,2.6,0.15,80,1.0,78,0.8333333333333334,168,142,9,15,2,0,0,127,-3.629003344589281,24.422619047619047,0.01727946475148201,0.0,,-0.007632022723555565,18.511400270462037,1.7801452696323394,0.0,0.008277730146073737,0.110107421875,9.673407816886902,-5.238689482212067e-10,0.3905670642852783,0.00011226993865030672,-0.9745098352432251
308,1261568,800.1,2515.8,1.52,0.1,80,1.0,244,0.8729508196721312,166,148,4,8,6,0,0,131,-3.577300161328851,24.548192771084338,0.06980761885643005,0.0,,-0.0036859923973679544,14.005968856811524,1.7756541192531585,0.0,0.007919087099435274,0.1056640625,8.828240442276002,-6.111804395914078e-10,0.40413063764572144,0.0001116564417177914,-0.9755804538726807
309,1265664,802.8,1538.1,2.52,0.14,80,1.0,414,0.8695652173913043,170,147,8,12,3,0,0,127,-3.6682582681647253,24.33529411764706,0.05716060847043991,0.0,,-0.006032849289476871,16.23626856803894,1.771686738729477,0.0,0.007589916697179433,0.10419921875,9.3898108959198,-1.2514647096395493e-09,0.435968279838562,0.00011104294478527608,-0.9764167666435242
310,1269760,805.4,1544.1,2.5,0.15,80,1.0,66,0.8484848484848485,164,140,7,15,2,0,0,125,-3.6608694825650363,24.841463414634145,0.033439286053180695,0.0,,-0.0055536656640470024,15.590521192550659,1.7684540748596191,0.0,0.008128926283097826,0.108056640625,8.529153740406036,-1.6298145055770874e-09,0.4530556797981262,0.00011042944785276072,-0.9773313999176025
311,1273856,808.1,1544.3,2.5,0.15,80,1.0,242,0.8553719008264463,176,151,9,12,4,0,0,131,-3.687247327786424,23.448863636363637,0.04786745458841324,0.0,,-0.0026013693306595085,16.585768508911134,1.7646703481674195,0.0,0.007667685243359301,0.10126953125,10.228309893608094,-1.3969838619232178e-09,0.413127601146698,0.0001098159509202454,-0.9782019257545471
312,1277952,810.8,1536.7,2.52,0.14,80,1.0,408,0.8627450980392157,166,145,4,14,3,0,0,129,-3.647441633818115,24.58433734939759,0.03738148510456085,0.0,,-0.005946277733892202,14.874589490890504,1.7609884917736054,0.0,0.009477321588201448,0.127734375,8.300120449066162,-1.0186340659856796e-09,0.4208317995071411,0.00010920245398773005,-0.9792855978012085
313,1282048,813.4,1574.6,2.46,0.15,80,1.0,59,0.864406779661017,163,141,5,15,2,0,0,128,-3.635781313810222,24.779141104294478,0.015352779999375343,0.0,,-0.004701661877334118,14.915374803543092,1.7568633496761321,0.0,0.007311494575696997,0.095263671875,9.872167563438415,-8.731149137020111e-11,0.4527233839035034,0.00010858895705521473,-0.98021000623703
314,1286144,816.0,1567.4,2.47,0.14,80,1.0,226,0.8628318584070797,167,144,8,14,1,0,0,127,-3.7620947546011205,24.87425149700599,0.05980823189020157,0.0,,-0.007559979194775223,15.344510459899903,1.7531651079654693,0.0,0.008301530899188947,0.108447265625,9.62323808670044,-1.1350493878126144e-09,0.45788103342056274,0.00010797546012269936,-0.9810757040977478
315,1290240,818.6,1573.2,2.46,0.14,80,1.0,391,0.8925831202046036,165,154,1,10,0,0,0,138,-3.5634750479013344,24.818181818181817,0.09866205602884293,0.0,,-0.005632170662283898,9.59931309223175,1.7497482895851135,0.0,0.008100308063148987,0.110791015625,9.096022272109986,-3.7834979593753815e-10,0.5626956224441528,0.00010736196319018404,-0.9820270538330078
316,1294336,821.2,1553.2,2.5,0.14,80,1.0,43,0.8604651162790697,164,142,10,9,3,0,0,127,-3.7183200074367972,24.920731707317074,0.04061449319124222,0.0,,-0.005950148683041334,16.609626483917236,1.7461413323879242,0.0,0.006092038394126575,0.077978515625,11.189609408378601,-1.57160684466362e-09,0.39754849672317505,0.00010674846625766872,-0.9827449321746826
317,1298432,823.6,1742.2,2.2,0.15,80,1.0,207,0.8695652173913043,164,143,6,11,4,0,0,124,-3.5467075481004957,24.414634146341463,0.0371972918510437,0.0,,-0.004327769856899977,15.141982889175415,1.7437331795692443,0.0,0.006949003624322358,0.092431640625,9.631510376930237,-1.7171259969472885e-09,0.44383949041366577,0.00010613496932515336,-0.9832636117935181
318,1302528,825.4,2261.7,1.71,0.1,80,1.0,375,0.8826666666666667,168,151,5,10,2,0,0,133,-3.5194113144063555,24.982142857142858,0.06342867761850357,0.0,,-0.0057396077085286375,12.581975722312928,1.7419279634952545,0.0,0.0075058898815768774,0.09794921875,8.803823828697205,-2.270098775625229e-09,0.48988616466522217,0.00010552147239263804,-0.9836993217468262
319,1306624,828.1,1507.3,2.57,0.15,80,1.0,29,0.9655172413793104,166,146,8,10,2,0,0,126,-3.7347448995343187,24.572289156626507,0.05461546778678894,0.0,,-0.006138291070237755,14.048973894119262,1.7401846647262573,0.0,0.006805822369642556,0.0916015625,8.734439253807068,-2.9103830456733704e-11,0.474495530128479,0.00010490797546012269,-0.984042227268219
320,1310720,830.7,1594.2,2.42,0.15,80,1.0,198,0.8686868686868687,169,144,5,15,5,0,0,130,-3.560897892084417,24.390532544378697,0.05033682659268379,0.0,,-0.00534936310723424,16.42315537929535,1.7382229328155518,0.0,0.0072339108242886144,0.09326171875,10.748529601097108,2.9103830456733704e-11,0.4247528314590454,0.00010429447852760737,-0.9848913550376892
321,1314816,833.3,1573.1,2.45,0.15,80,1.0,367,0.8664850136239782,169,146,7,10,6,0,0,134,-3.58936436228492,24.01775147928994,0.04985513910651207,0.0,,-0.0043052408378571275,16.981264925003053,1.734022206068039,0.0,0.005659315567754675,0.07109375,9.62868344783783,-1.3387762010097504e-09,0.37193769216537476,0.000103680981595092,-0.985988974571228
322,1318912,835.9,1572.8,2.46,0.15,80,1.0,27,0.8518518518518519,172,147,3,19,3,0,0,124,-3.5632742332933685,24.372093023255815,0.04216916114091873,0.0,,-0.0035597392823547127,16.001520919799805,1.730793333053589,0.0,0.006400112684059422,0.07919921875,9.594393658638001,-2.066371962428093e-09,0.44638746976852417,0.00010306748466257668,-0.9864081740379333
323,1323008,838.5,1601.7,2.42,0.14,80,1.0,188,0.8670212765957447,161,140,9,11,1,0,0,130,-3.5410589782714856,24.8944099378882,0.0333445705473423,0.0,,-0.005006734933704138,15.48170027732849,1.7287623286247253,0.0,0.008803852803248446,0.114013671875,8.882806968688964,-3.2014213502407074e-10,0.4562392234802246,0.00010245398773006133,-0.9872159957885742
324,1327104,841.2,1535.3,2.52,0.15,80,1.0,354,0.8615819209039548,166,142,7,14,3,0,0,122,-3.498693019768851,24.704819277108435,0.03745988756418228,0.0,,-0.005900842929258942,16.235438728332518,1.72494033575058,0.0,0.006700445458409377,0.08876953125,9.186029553413391,-4.656612873077393e-10,0.4187769293785095,0.000101840490797546,-0.9883273839950562
325,1331200,843.8,1545.8,2.5,0.15,80,1.0,5,0.8,163,144,5,14,0,0,0,120,-3.4999684345578705,25.26993865030675,0.052371855825185776,0.0,,-0.007353809103369713,14.660467195510865,1.720167523622513,0.0,0.007840721140382811,0.1046875,8.798000621795655,-3.2014213502407074e-10,0.4346206784248352,0.00010122699386503068,-0.989477276802063
326,1335296,846.5,1545.1,2.51,0.15,80,1.0,169,0.893491124260355,164,147,6,9,2,0,0,131,-3.5224137733248084,24.975609756097562,0.06126630678772926,0.0,,-0.0035149353556334973,12.345720338821412,1.7161013901233673,0.0,0.007558291773602832,0.10009765625,9.056044483184815,-1.775333657860756e-09,0.49406158924102783,0.00010061349693251533,-0.9903304576873779
327,1339392,849.1,1545.7,2.51,0.14,80,1.0,333,0.9009009009009009,164,149,5,8,2,0,0,132,-3.5707885271132196,24.597560975609756,0.08170761913061142,0.0,,-0.004456927021965385,12.050039458274842,1.7128615021705627,0.0,0.009896377752011177,0.134765625,7.642622649669647,-7.275957614183426e-10,0.4755481481552124,0.0001,-0.9912816882133484
328,1343488,851.8,1543.8,2.5,0.15,80,1.0,500,0.888,167,144,9,12,2,0,0,135,-3.50319051971869,24.437125748502993,0.02540145441889763,0.0,,-0.003674883581697941,16.24405813217163,1.7087934195995331,0.0,0.006336810675566085,0.08271484375,11.635734128952027,-1.6880221664905548e-09,0.45132333040237427,9.938650306748464e-05,-0.9921631217002869
329,1347584,854.5,1507.3,2.57,0.14,80,1.0,157,0.8598726114649682,169,144,6,15,4,0,0,130,-3.5348035301693392,24.62130177514793,0.04223787039518356,0.0,,-0.0062601784709841015,17.74787302017212,1.7056296050548554,0.0,0.008858509117271752,0.117236328125,8.946732580661774,-1.3096723705530167e-09,0.3630028963088989,9.877300613496932e-05,-0.9929715394973755
330,1351680,857.2,1532.0,2.52,0.15,80,1.0,320,0.86875,163,143,5,11,4,0,0,128,-3.6286269384976824,25.374233128834355,0.06881525367498398,0.0,,-0.006774424761533737,14.773104739189147,1.70251806974411,0.0,0.006318077581818215,0.079931640625,8.326582098007203,-2.3865140974521637e-09,0.3953598141670227,9.815950920245397e-05,-0.993677020072937
331,1355776,859.2,2010.4,1.89,0.15,80,1.0,484,0.871900826446281,164,144,8,7,5,0,0,124,-3.531677099533764,24.609756097560975,0.06274588406085968,0.0,,-0.006001729797571897,14.42415099143982,1.6991156458854675,0.0,0.005990270979236811,0.0802734375,8.245829367637635,4.656612873077393e-10,0.4197773337364197,9.754601226993865e-05,-0.994817852973938
332,1359872,861.2,2078.4,1.84,0.13,80,1.0,139,0.8705035971223022,167,145,6,12,4,0,0,124,-3.589874341521004,24.017964071856287,0.05890750139951706,0.0,,-0.006442636810243129,15.289727115631104,1.693961787223816,0.0,0.007829425296222325,0.10146484375,8.340018248558044,-1.4551915228366852e-09,0.4069187641143799,9.693251533742329e-05,-0.9960870742797852
333,1363968,863.9,1517.9,2.55,0.15,80,1.0,304,0.8717105263157895,165,144,7,10,4,0,0,121,-3.516168042962758,25.042424242424243,0.05045127123594284,0.0,,-0.0033280105330049992,14.305302405357361,1.6894840121269226,0.0,0.006031599039852153,0.073193359375,10.675128960609436,-2.240994945168495e-09,0.4388251304626465,9.631901840490797e-05,-0.9969512224197388
334,1368064,866.8,1439.9,2.7,0.14,80,1.0,471,0.8789808917197452,167,149,3,11,4,0,0,130,-3.556557167973037,24.97005988023952,0.073177270591259,0.0,,-0.006194595759734511,13.630281019210816,1.6866245150566102,0.0,0.009568989611580037,0.13388671875,8.858631920814513,9.313225746154785e-10,0.45385104417800903,9.570552147239264e-05,-0.9976775050163269
335,1372160,869.5,1527.9,2.53,0.15,80,1.0,125,0.848,166,144,12,7,3,0,0,128,-3.5827067421922,24.837349397590362,0.04187867045402527,0.0,,-0.0067531044594943525,17.157799005508423,1.6839063227176667,0.0,0.007721924656652846,0.103466796875,9.765614748001099,-1.8044374883174896e-09,0.42442435026168823,9.509202453987728e-05,-0.9982166886329651
336,1376256,872.1,1534.1,2.52,0.15,80,1.0,288,0.8611111111111112,163,142,7,14,0,0,0,126,-3.710188285797627,24.58282208588957,0.05203396454453468,0.0,,-0.006146123167127371,15.738340044021607,1.6823087990283967,0.0,0.0077333303925115615,0.102197265625,8.434751892089844,-2.8230715543031693e-09,0.38679057359695435,9.447852760736196e-05,-0.9984890222549438
337,1380352,874.8,1539.1,2.52,0.14,80,1.0,453,0.8543046357615894,165,139,11,13,2,0,0,117,-3.5496245904385106,25.072727272727274,0.023306066170334816,0.0,,-0.005090827960520983,18.028863859176635,1.6810180127620697,0.0,0.0069147825328400355,0.088720703125,9.790636444091797,-2.3283064365386963e-10,0.4377480745315552,9.386503067484661e-05,-0.9989444613456726
338,1384448,877.5,1538.4,2.51,0.15,80,1.0,106,0.9150943396226415,165,148,6,9,2,0,0,126,-3.574255460189539,25.03030303030303,0.07908866554498672,0.0,,-0.005131688853725791,12.908316135406494,1.6792613923549653,0.0,0.006573854645830579,0.087841796875,9.848734021186829,-2.3283064365386963e-10,0.5240854620933533,9.325153374233129e-05,-0.9993419647216797
339,1388544,880.1,1559.6,2.48,0.15,80,1.0,272,0.8823529411764706,166,143,7,13,3,0,0,124,-3.606686504957803,24.512048192771083,0.07054981589317322,0.0,,-0.004614040115848183,14.946253061294556,1.6779314935207368,0.0,0.006163852059398778,0.07744140625,11.882631826400758,-2.9685907065868378e-09,0.4576765298843384,9.263803680981593e-05,-0.9994611144065857
340,1392640,882.7,1591.2,2.42,0.15,80,1.0,437,0.8787185354691075,165,144,8,11,2,0,0,135,-3.6340845811212907,24.915151515151514,0.05396131053566933,0.0,,-0.0067751853261142966,16.018116807937623,1.677455687522888,0.0,0.006457637831044849,0.084814453125,10.545733308792114,-2.5320332497358322e-09,0.43298113346099854,9.20245398773006e-05,-0.9997708201408386
341,1396736,884.4,2452.4,1.52,0.15,80,1.0,90,0.8555555555555555,165,142,10,10,3,0,0,127,-3.603479600211528,24.618181818181817,0.03631553426384926,0.0,,-0.006892406288534403,15.249104261398315,1.674692952632904,0.0,0.0074611199801438485,0.097705078125,9.062491059303284,-6.402842700481415e-10,0.4697309732437134,9.141104294478528e-05,-1.0009396076202393
342,1400832,886.8,1691.6,2.27,0.15,80,1.0,252,0.873015873015873,162,143,7,11,1,0,0,133,-3.4747221245842335,25.24074074074074,0.06947849690914154,0.0,,-0.0050696984864771364,13.572489070892335,1.6700888454914093,0.0,0.007860009200521744,0.105126953125,9.51134946346283,-4.0745362639427185e-10,0.4651796817779541,9.079754601226993e-05,-1.0017945766448975
343,1404928,889.4,1574.3,2.45,0.15,80,1.0,420,0.8761904761904762,168,148,7,10,3,0,0,141,-3.584847243663001,24.553571428571427,0.09160555899143219,0.0,,-0.003905089292675257,14.929206800460815,1.6675746381282806,0.0,0.005562183272559196,0.069580078125,7.8044404029846195,-1.4551915228366852e-09,0.415499746799469,9.01840490797546e-05,-1.0023579597473145
344,1409024,892.0,1542.3,2.51,0.14,80,1.0,71,0.8309859154929577,163,144,5,13,1,0,0,135,-3.543944845912176,25.25153374233129,0.05551808327436447,0.0,,-0.004287331271916628,12.665618681907654,1.664391952753067,0.0,0.006144249465432949,0.081689453125,8.750070548057556,-5.820766091346741e-11,0.5192766189575195,8.957055214723925e-05,-1.0033814907073975
345,1413120,894.7,1538.9,2.51,0.15,80,1.0,231,0.8787878787878788,160,144,6,10,0,0,0,125,-3.5114369919672717,25.24375,0.06150092929601669,0.0,,-0.005438943300396204,12.645132398605346,1.6605993032455444,0.0,0.00539845629100455,0.06396484375,7.959531021118164,-1.5133991837501526e-09,0.47929513454437256,8.895705521472393e-05,-1.0041637420654297
346,1417216,897.4,1512.8,2.56,0.15,80,1.0,396,0.8585858585858586,165,137,7,19,2,0,0,126,-3.4701236679809466,25.115151515151513,0.04853592813014984,0.0,,-0.003964884392917156,17.720329689979554,1.6578673899173737,0.0,0.006158077489817515,0.080029296875,10.951096224784852,-1.1059455573558807e-09,0.43023091554641724,8.834355828220857e-05,-1.0047894716262817
347,1421312,900.0,1571.8,2.46,0.15,80,1.0,56,0.8214285714285714,172,147,8,16,1,0,0,132,-3.7097201773896415,23.906976744186046,0.07095471769571304,0.0,,-0.003969276533462107,16.13365445137024,1.655361145734787,0.0,0.005108276120154187,0.06064453125,9.398537588119506,-1.0477378964424133e-09,0.4400331974029541,8.773006134969324e-05,-1.0054471492767334
348,1425408,902.7,1570.0,2.46,0.15,80,1.0,220,0.8227272727272728,164,135,10,15,4,0,0,115,-3.5349531749411867,25.03048780487805,0.02132386714220047,0.0,,-0.004732675850391388,19.09990439414978,1.6530149638652802,0.0,0.005245157616445795,0.06748046875,9.778020286560059,-4.656612873077393e-10,0.37115103006362915,8.71165644171779e-05,-1.0059164762496948
349,1429504,905.3,1535.3,2.53,0.14,80,1.0,392,0.8367346938775511,172,147,8,13,4,0,0,135,-3.578378554711206,23.790697674418606,0.05183577537536621,0.0,,-0.007256226195022464,16.9506365776062,1.6510793566703796,0.0,0.008960656258568633,0.12421875,8.882783889770508,-1.5425030142068863e-09,0.42124801874160767,8.650306748466257e-05,-1.0065507888793945
350,1433600,908.0,1553.7,2.49,0.15,80,1.0,43,0.8372093023255814,163,143,7,10,3,0,0,125,-3.3978537039069487,24.901840490797547,0.0638376921415329,0.0,,-0.005450316751375794,15.177947664260865,1.6485357999801635,0.0,0.00661700453638332,0.08447265625,9.32822675704956,-3.0850060284137726e-09,0.4255636930465698,8.588957055214725e-05,-1.00698721408844
351,1437696,910.6,1563.0,2.47,0.15,80,1.0,208,0.875,165,146,10,9,0,0,0,134,-3.4972377896297435,24.87272727272727,0.07774858921766281,0.0,,-0.006184583529829979,14.044037675857544,1.6465003311634063,0.0,0.005735056020785123,0.073486328125,8.82956554889679,-1.1059455573558807e-09,0.4301028251647949,8.527607361963189e-05,-1.0078396797180176
352,1441792,913.3,1516.8,2.55,0.15,80,1.0,374,0.8743315508021391,166,145,8,9,4,0,0,134,-3.444521677224458,24.83132530120482,0.07148951292037964,0.0,,-0.004084141878411174,15.145412731170655,1.6415146350860597,0.0,0.007085801084758714,0.093359375,8.78271312713623,-5.820766091346741e-10,0.404957115650177,8.466257668711657e-05,-1.0093836784362793
353,1445888,916.0,1544.4,2.51,0.14,80,1.0,27,0.8888888888888888,165,148,8,7,2,0,0,133,-3.542952359478652,24.56969696969697,0.10703811794519424,0.0,,-0.005057639628648758,13.473371315002442,1.635645216703415,0.0,0.006022617599228397,0.076416015625,8.654828405380249,-4.94765117764473e-10,0.3955487012863159,8.40490797546012e-05,-1.0106617212295532
354,1449984,918.5,1621.1,2.37,0.15,80,1.0,196,0.9030612244897959,169,153,8,8,0,0,0,137,-3.7462600543564992,24.53846153846154,0.10880458354949951,0.0,,-0.007637610659003258,12.757752513885498,1.631991708278656,0.0,0.007423289633879904,0.0986328125,7.076915109157563,-9.022187441587448e-10,0.4550943374633789,8.343558282208588e-05,-1.0110920667648315
355,1454080,920.1,2571.7,1.49,0.1,80,1.0,363,0.9008264462809917,167,150,7,7,3,0,0,142,-3.5706459421118475,24.17365269461078,0.1045345664024353,0.0,,-0.005782435182482004,13.342747402191161,1.6306951463222503,0.0,0.0071535025170305746,0.09404296875,7.663667440414429,-1.367880031466484e-09,0.42133069038391113,8.282208588957054e-05,-1.0115047693252563
356,1458176,922.6,1607.7,2.4,0.15,80,1.0,15,0.8666666666666667,164,148,6,8,2,0,0,134,-3.4872490410070767,25.0609756097561,0.0777970403432846,0.0,,-0.00556778497993946,12.27309513092041,1.6290961027145385,0.0,0.00708607446285896,0.095703125,9.12390215396881,-1.1059455573558807e-09,0.5196391344070435,8.220858895705521e-05,-1.0117969512939453
357,1462272,925.4,1513.6,2.56,0.15,80,1.0,176,0.9261363636363636,161,150,4,7,0,0,0,138,-3.451972676088394,25.41614906832298,0.12245767563581467,0.0,,-0.005733135808259249,10.354021763801574,1.627863585948944,0.0,0.006561343697831035,0.083837890625,7.3235196352005,-3.4924596548080444e-10,0.4387718439102173,8.159509202453985e-05,-1.0122627019882202
358,1466368,928.0,1583.2,2.44,0.15,80,1.0,341,0.9178885630498533,165,150,3,12,0,0,0,139,-3.5575126122155187,24.654545454545456,0.10351069271564484,0.0,,-0.006276931008324027,12.517300271987915,1.6253633797168732,0.0,0.00713060525158653,0.095556640625,7.281441950798035,-4.3655745685100555e-10,0.4256492257118225,8.098159509202453e-05,-1.0129597187042236
359,1470464,930.7,1513.4,2.56,0.15,80,1.0,1,1.0,172,148,8,14,2,0,0,138,-3.4811264548098593,24.174418604651162,0.08541645109653473,0.0,,-0.005838997848331928,16.654927206039428,1.6227406442165375,0.0,0.004467977675085421,0.05126953125,8.862251162528992,-1.5133991837501526e-09,0.3819454312324524,8.036809815950921e-05,-1.0135078430175781
360,1474560,933.3,1564.0,2.47,0.15,80,1.0,171,0.8947368421052632,170,152,5,9,4,0,0,142,-3.582694172870212,24.205882352941178,0.11802831292152405,0.0,,-0.004771072324365378,12.12749514579773,1.6205046117305755,0.0,0.006660866769379936,0.08916015625,9.597755122184754,-1.6007106751203537e-09,0.49395155906677246,7.975460122699386e-05,-1.014264464378357
361,1478656,935.9,1562.6,2.47,0.15,80,1.0,335,0.9044776119402985,164,150,5,8,1,0,0,134,-3.5433692016726446,24.853658536585368,0.0970158576965332,0.0,,-0.00431461394764483,11.725264310836792,1.6169317185878753,0.0,0.005025904817739501,0.060693359375,8.288056015968323,-1.0477378964424133e-09,0.41082119941711426,7.914110429447852e-05,-1.0151818990707397
362,1482752,938.5,1575.0,2.45,0.15,80,1.0,497,0.9094567404426559,162,149,5,6,2,0,0,135,-3.5497102197727797,25.02469135802469,0.11194943636655807,0.0,,-0.007699022814631462,11.182185077667237,1.61333087682724,0.0,0.008386848421650939,0.114501953125,9.226644253730774,2.9103830456733704e-10,0.4521294832229614,7.852760736196317e-05,-1.0160706043243408
363,1486848,941.2,1531.3,2.53,0.15,80,1.0,150,0.9133333333333333,165,150,4,10,1,0,0,138,-3.4994788594526303,24.975757575757576,0.10850062966346741,0.0,,-0.007751802355051041,11.310660648345948,1.6104978382587434,0.0,0.006668458059721161,0.0828125,6.7931343674659725,-1.8044374883174896e-09,0.47489750385284424,7.791411042944785e-05,-1.0164833068847656
364,1490944,943.4,1858.6,2.05,0.15,80,1.0,314,0.8949044585987261,164,144,6,14,0,0,0,131,-3.473822743825583,24.853658536585368,0.06993316859006882,0.0,,-0.00561979440972209,14.294180178642273,1.608804577589035,0.0,0.007678182469680906,0.102880859375,9.176372075080872,-3.026798367500305e-09,0.43586504459381104,7.730061349693249e-05,-1.017071008682251
365,1495040,945.2,2325.9,1.66,0.1,80,1.0,480,0.8979166666666667,166,150,5,10,1,0,0,137,-3.588510213842623,24.50602409638554,0.10620691627264023,0.0,,-0.005626518651843071,13.737610721588135,1.6061281323432923,0.0,0.00644246178708272,0.082470703125,8.866808891296387,-1.5133991837501526e-09,0.4555528163909912,7.668711656441717e-05,-1.017798662185669
366,1499136,947.8,1546.0,2.5,0.15,80,1.0,135,0.8518518518518519,167,143,10,14,0,0,0,128,-3.6092557802655536,24.964071856287426,0.0870027244091034,0.0,,-0.0037709476426243784,16.04834532737732,1.6036240100860595,0.0,0.003944778823642992,0.0439453125,12.43877308368683,-1.1641532182693481e-09,0.41564613580703735,7.607361963190185e-05,-1.0182338953018188
367,1503232,950.4,1593.5,2.42,0.15,80,1.0,301,0.8704318936877077,166,147,8,8,3,0,0,136,-3.5935292771193215,24.572289156626507,0.08027096092700958,0.0,,-0.006031039077788592,15.045664644241333,1.6020857751369477,0.0,0.006592149600328412,0.083154296875,10.239919471740723,-1.1641532182693481e-09,0.4136425256729126,7.54601226993865e-05,-1.0186209678649902
368,1507328,953.0,1611.0,2.39,0.15,80,1.0,467,0.880085653104925,166,149,5,12,0,0,0,129,-3.5165381159935207,24.765060240963855,0.10442481935024261,0.0,,-0.006510039418935775,13.161748456954957,1.6005566358566283,0.0,0.007875888734997716,0.1078125,9.11060609817505,-2.0954757928848267e-09,0.43813371658325195,7.484662576687118e-05,-1.0190134048461914
369,1511424,955.8,1445.0,2.69,0.15,80,1.0,115,0.9130434782608695,160,145,8,7,0,0,0,128,-3.3841046180636294,25.525,0.09429755061864853,0.0,,-0.0053143098950386046,11.969357180595399,1.5987713873386382,0.0,0.005637703218962997,0.06962890625,8.297242593765258,-1.979060471057892e-09,0.4464622735977173,7.423312883435581e-05,-1.019559383392334
370,1515520,958.6,1481.6,2.62,0.15,80,1.0,282,0.900709219858156,167,149,5,13,0,0,0,133,-3.605127332927249,24.317365269461078,0.09084934741258621,0.0,,-0.00708828391507268,13.952342796325684,1.5965154111385345,0.0,0.006244747016171459,0.086865234375,9.061892926692963,-2.3283064365386963e-10,0.42221593856811523,7.361963190184049e-05,-1.0200655460357666
371,1519616,961.2,1532.4,2.52,0.15,80,1.0,446,0.899103139013453,164,147,7,8,2,0,0,131,-3.5415824178373074,25.024390243902438,0.10026796162128448,0.0,,-0.006357375904917717,13.134194779396058,1.5947115004062653,0.0,0.005094782783999108,0.063525390625,11.23521831035614,-7.566995918750763e-10,0.4546578526496887,7.300613496932513e-05,-1.020511507987976
372,1523712,963.8,1590.6,2.43,0.15,80,1.0,99,0.9393939393939394,165,149,3,12,1,0,0,131,-3.528652110704207,24.903030303030302,0.1009451150894165,0.0,,-0.005131821427494287,13.381604504585265,1.592667531967163,0.0,0.006327227407018654,0.08115234375,9.129055643081665,-8.731149137020111e-10,0.3868287205696106,7.239263803680981e-05,-1.0210411548614502
373,1527808,966.5,1509.3,2.57,0.14,80,1.0,267,0.9176029962546817,168,152,1,12,3,0,0,134,-3.5735507697627926,24.303571428571427,0.12480718642473221,0.0,,-0.004956906009465456,11.969159817695617,1.5904060125350952,0.0,0.006675731908762828,0.088330078125,8.246136021614074,-1.0477378964424133e-09,0.4144459366798401,7.177914110429446e-05,-1.021702527999878
374,1531904,969.2,1544.7,2.5,0.15,80,1.0,433,0.9145496535796767,166,151,7,7,1,0,0,133,-3.5360855961614313,24.704819277108435,0.1253543496131897,0.0,,-0.006241783546283841,11.669480180740356,1.5874317407608032,0.0,0.0064722844195785004,0.086669921875,8.28438642024994,-1.7462298274040222e-09,0.43090325593948364,7.116564417177914e-05,-1.0224958658218384
375,1536000,971.9,1495.0,2.6,0.14,80,1.0,85,0.8823529411764706,164,147,10,7,0,0,0,130,-3.417672183097013,25.067073170731707,0.09703119099140167,0.0,,-0.006976512912660837,13.620033931732177,1.5844794988632203,0.0,0.007384112317231484,0.1001953125,9.269733238220216,-9.313225746154785e-10,0.42793184518814087,7.055214723926382e-05,-1.0231528282165527
376,1540096,974.6,1573.8,2.46,0.14,80,1.0,252,0.8888888888888888,167,149,7,9,2,0,0,128,-3.4168647163397874,24.377245508982035,0.10133872181177139,0.0,,-0.008193342993035913,12.953600978851318,1.5817271232604981,0.0,0.008412216430588159,0.114990234375,7.598254895210266,-9.604264050722122e-10,0.4312344789505005,6.993865030674845e-05,-1.0239348411560059
377,1544192,977.3,1484.6,2.61,0.15,80,1.0,421,0.8931116389548693,169,152,6,10,1,0,0,133,-3.4424932457055775,24.37869822485207,0.1219312846660614,0.0,,-0.006642224220559001,12.279440236091613,1.5786722362041474,0.0,0.006590433996461797,0.08544921875,9.140831089019775,-5.238689482212067e-10,0.45641982555389404,6.932515337423313e-05,-1.0245554447174072
378,1548288,979.2,2229.2,1.73,0.1,80,1.0,77,0.8441558441558441,168,140,10,18,0,0,0,122,-3.48408194792717,24.327380952380953,0.06176821514964104,0.0,,-0.005614016111940146,18.4168653011322,1.5767477989196776,0.0,0.006927126471418887,0.0923828125,10.038682699203491,1.1641532182693481e-10,0.4110775589942932,6.871165644171778e-05,-1.0249264240264893
379,1552384,981.4,1871.6,2.04,0.15,80,1.0,243,0.8765432098765432,166,148,3,13,2,0,0,131,-3.668958464409853,24.680722891566266,0.11581231653690338,0.0,,-0.00534599544480443,12.734095788002014,1.575273460149765,0.0,0.006104344686900731,0.077783203125,9.090380954742432,-3.2014213502407074e-10,0.4785062074661255,6.809815950920246e-05,-1.0253888368606567
380,1556480,984.0,1567.5,2.47,0.14,80,1.0,413,0.8934624697336562,170,156,4,8,2,0,0,140,-3.503462754983135,24.470588235294116,0.15056657791137695,0.0,,-0.005702988663688302,10.05375142097473,1.5730392634868622,0.0,0.005874245645827614,0.072802734375,8.075314855575561,-1.862645149230957e-09,0.4994128346443176,6.74846625766871e-05,-1.0260242223739624
381,1560576,986.6,1580.2,2.44,0.15,80,1.0,60,0.9,159,140,5,14,0,0,0,128,-3.5453101710958372,25.49685534591195,0.07750942558050156,0.0,,-0.006208091462031007,14.128859996795654,1.5701037704944611,0.0,0.006086424773093313,0.07763671875,9.511309051513672,-2.0954757928848267e-09,0.4125525951385498,6.687116564417178e-05,-1.0268844366073608
382,1564672,989.2,1559.9,2.48,0.14,80,1.0,225,0.9022222222222223,165,149,4,10,2,0,0,137,-3.5730689383896093,24.587878787878786,0.11415831744670868,0.0,,-0.005783238913863897,12.067469549179076,1.5661132156848907,0.0,0.005558338375703897,0.068017578125,7.346695899963379,-1.2514647096395493e-09,0.42052286863327026,6.625766871165641e-05,-1.028023600578308
383,1568768,991.8,1557.5,2.49,0.14,80,1.0,398,0.9095477386934674,173,159,3,8,3,0,0,141,-3.5015356317296105,23.90173410404624,0.1494087278842926,0.0,,-0.006683492753654719,10.940143060684203,1.5620437145233155,0.0,0.007073783500527497,0.09208984375,8.027583348751069,-5.238689482212067e-10,0.4313972592353821,6.564417177914109e-05,-1.0288535356521606
384,1572864,994.5,1547.0,2.5,0.15,80,1.0,49,0.7959183673469388,163,139,5,16,3,0,0,119,-3.418234522457854,25.05521472392638,0.05983345955610275,0.0,,-0.003550113830715418,16.042459583282472,1.5592586755752564,0.0,0.006235431184177287,0.08056640625,11.651145267486573,-1.4551915228366852e-09,0.44178885221481323,6.503067484662577e-05,-1.0293232202529907
385,1576960,997.2,1546.3,2.5,0.15,80,1.0,213,0.863849765258216,164,145,8,11,0,0,0,130,-3.6009178666081207,24.884146341463413,0.07805939018726349,0.0,,-0.004835073044523597,13.257420682907105,1.557821226119995,0.0,0.005406102018605452,0.063720703125,10.16740849018097,-2.5029294192790985e-09,0.4820457100868225,6.441717791411042e-05,-1.0296752452850342
386,1581056,999.7,1581.1,2.44,0.15,80,1.0,392,0.8724489795918368,179,158,8,12,1,0,0,138,-3.630148356976082,22.821229050279328,0.12771156430244446,0.0,,-0.005478802695870399,14.420439672470092,1.5561320960521698,0.0,0.005093941699306015,0.058447265625,9.83832495212555,-1.775333657860756e-09,0.41896307468414307,6.38036809815951e-05,-1.030216097831726
387,1585152,1002.4,1555.3,2.48,0.15,80,1.0,52,0.8461538461538461,172,148,8,12,4,0,0,137,-3.5129006817230897,23.924418604651162,0.07563681900501251,0.0,,-0.005458498559892178,16.12893385887146,1.5535668015480042,0.0,0.005694260237214621,0.072265625,10.39152808189392,-2.3865140974521637e-09,0.3839570879936218,6.319018404907974e-05,-1.0308988094329834
388,1589248,1004.1,2439.9,1.57,0.11,80,1.0,222,0.8828828828828829,170,152,5,11,2,0,0,135,-3.553063194852177,24.0,0.1138235330581665,0.0,,-0.006291832937858999,13.466179394721985,1.5509108066558839,0.0,0.0067855426357709804,0.087646484375,8.553355431556701,-2.6775524020195007e-09,0.3789113163948059,6.257668711656442e-05,-1.0315580368041992
389,1593344,1006.4,1751.0,2.19,0.15,80,1.0,389,0.8868894601542416,167,149,8,6,4,0,0,139,-3.6536354732069856,24.706586826347305,0.11465267837047577,0.0,,-0.003443829086609185,13.284393763542175,1.548419040441513,0.0,0.005463407277420629,0.06796875,10.318923616409302,-2.0954757928848267e-09,0.4112914800643921,6.196319018404905e-05,-1.0320837497711182
390,1597440,1009.1,1538.1,2.52,0.14,80,1.0,49,0.8775510204081632,172,151,6,13,2,0,0,136,-3.6428146928470078,23.872093023255815,0.107846699655056,0.0,,-0.004636245779693127,14.823176383972168,1.546927458047867,0.0,0.004818366565450561,0.05888671875,11.0308198928833,-2.066371962428093e-09,0.389191210269928,6.134969325153373e-05,-1.0322741270065308
391,1601536,1011.7,1580.6,2.45,0.14,80,1.0,221,0.8914027149321267,172,154,7,9,2,0,0,139,-3.501517095219485,23.767441860465116,0.14253920316696167,0.0,,-0.005434432812035084,11.349631428718567,1.5463840007781982,0.0,0.0062339993703062644,0.08154296875,8.108662295341492,-1.367880031466484e-09,0.4882521629333496,6.073619631901842e-05,-1.0324790477752686
392,1605632,1014.3,1567.4,2.47,0.14,80,1.0,387,0.8863049095607235,166,146,8,9,3,0,0,131,-3.520221651899462,24.36144578313253,0.0994744598865509,0.0,,-0.00553720248863101,12.298323059082032,1.5453522741794585,0.0,0.007438680210907478,0.096875,7.726226198673248,-1.6880221664905548e-09,0.4864429831504822,6.012269938650306e-05,-1.0327200889587402
393,1609728,1017.0,1533.0,2.52,0.15,80,1.0,45,0.9333333333333333,170,159,2,8,1,0,0,152,-3.448022618892298,24.45294117647059,0.1574379950761795,0.0,,-0.00630190446972847,8.947640979290009,1.5442520320415496,0.0,0.0066704210548778065,0.09072265625,6.339562487602234,4.656612873077393e-10,0.48658180236816406,5.950920245398773e-05,-1.033081293106079
394,1613824,1019.7,1507.6,2.57,0.15,80,1.0,207,0.9130434782608695,162,147,9,5,1,0,0,135,-3.572317050128705,24.796296296296298,0.11594579368829727,0.0,,-0.0046457572840154174,9.283311915397643,1.5424511551856994,0.0,0.0052388423151569444,0.064599609375,8.464783668518066,-8.731149137020111e-11,0.5285190343856812,5.889570552147238e-05,-1.0336174964904785
395,1617920,1022.3,1569.4,2.47,0.14,80,1.0,373,0.9088471849865952,166,150,6,8,2,0,0,145,-3.578585241750781,24.60843373493976,0.12335072457790375,0.0,,-0.004748175293207169,12.484317016601562,1.5404598236083984,0.0,0.006146353561780416,0.08115234375,8.026331257820129,-1.3387762010097504e-09,0.44021981954574585,5.8282208588957056e-05,-1.0340275764465332
396,1622016,1025.0,1551.4,2.5,0.14,80,1.0,29,0.9310344827586207,168,150,4,12,2,0,0,139,-3.601195941298512,24.845238095238095,0.1078265905380249,0.0,,-0.005489227827638388,13.739357948303223,1.538909387588501,0.0,0.005988111135957297,0.075830078125,10.498154044151306,-1.5133991837501526e-09,0.38869452476501465,5.76687116564417e-05,-1.0344200134277344
397,1626112,1027.6,1568.9,2.47,0.14,80,1.0,197,0.8730964467005076,168,145,3,16,4,0,0,134,-3.526260595586147,24.553571428571427,0.0789736956357956,0.0,,-0.0048569978680461645,17.243208360671996,1.537280011177063,0.0,0.00475192869635066,0.05693359375,11.679881834983826,-1.1641532182693481e-09,0.35435259342193604,5.705521472392638e-05,-1.0348711013793945
398,1630208,1030.2,1572.0,2.46,0.14,80,1.0,367,0.8746594005449592,170,149,10,10,1,0,0,132,-3.523060947148038,23.94705882352941,0.09445612132549286,0.0,,-0.005342541402205825,13.77255666255951,1.5349796772003175,0.0,0.004645405092742294,0.05341796875,8.837622594833373,-1.3096723705530167e-09,0.4778440594673157,5.644171779141102e-05,-1.035552978515625
399,1634304,1032.8,1549.7,2.49,0.15,80,1.0,24,0.875,169,148,5,14,2,0,0,134,-3.406820896484097,24.153846153846153,0.09508368372917175,0.0,,-0.006131912674754858,14.86054232120514,1.532509970664978,0.0,0.006130640668561682,0.079052734375,9.078465008735657,0.0,0.39543014764785767,5.58282208588957e-05,-1.0360369682312012
400,1638400,1035.4,1589.3,2.43,0.15,80,1.0,190,0.9157894736842105,166,153,2,9,2,0,0,139,-3.3565410131888562,24.367469879518072,0.1314789056777954,0.0,,-0.006079881032928824,10.422513914108276,1.5307382225990296,0.0,0.0053616475473972965,0.066943359375,9.781137466430664,-1.0477378964424133e-09,0.4439076781272888,5.521472392638038e-05,-1.0365301370620728
401,1642496,1038.1,1549.1,2.49,0.15,80,1.0,362,0.9392265193370166,172,166,2,3,1,0,0,147,-3.608231428558894,24.203488372093023,0.17979365587234497,0.0,,-0.004765657987445593,6.646778202056884,1.528748631477356,0.0,0.0042981318867532535,0.049755859375,8.3049476146698,-1.7171259969472885e-09,0.5746718049049377,5.4601226993865024e-05,-1.0369707345962524
402,1646592,1039.7,2498.2,1.52,0.12,80,1.0,14,0.7857142857142857,164,146,7,10,1,0,0,133,-3.5373493701696526,24.914634146341463,0.1028987318277359,0.0,,-0.004588646022602916,12.421168661117553,1.5272620975971223,0.0,0.005496353744820226,0.069384765625,11.81471245288849,-1.4842953532934189e-09,0.4412575960159302,5.39877300613497e-05,-1.03729248046875
403,1650688,1042.3,1600.2,2.41,0.15,80,1.0,185,0.8540540540540541,171,147,5,18,1,0,0,128,-3.562221008420385,24.07017543859649,0.08426018059253693,0.0,,-0.004899235442280769,17.50852222442627,1.5258784949779511,0.0,0.004401679038710427,0.050390625,12.613327050209046,-5.238689482212067e-10,0.37543797492980957,5.337423312883434e-05,-1.0376681089401245
404,1654784,1044.9,1562.1,2.47,0.15,80,1.0,349,0.8767908309455588,164,148,6,9,1,0,0,131,-3.6127349038477297,24.79268292682927,0.12935680150985718,0.0,,-0.004961225856095553,11.764298510551452,1.524322271347046,0.0,0.004492524084344041,0.051953125,6.749205911159516,6.693881005048752e-10,0.46002405881881714,5.276073619631902e-05,-1.038069248199463
405,1658880,1047.5,1574.8,2.45,0.15,80,1.0,0,,163,149,3,10,1,0,0,133,-3.481633241271758,25.0920245398773,0.1290324330329895,0.0,,-0.0038498219335451724,11.859338068962098,1.5226928770542145,0.0,0.004512119914579671,0.052685546875,7.8171664595603945,-1.4842953532934189e-09,0.43779218196868896,5.214723926380366e-05,-1.0384624004364014
406,1662976,1050.3,1481.9,2.61,0.15,80,1.0,169,0.8994082840236687,169,152,9,7,1,0,0,134,-3.542366399918013,24.50887573964497,0.12730635702610016,0.0,,-0.0057779159396886826,13.217861127853393,1.5211907565593719,0.0,0.005657795481965877,0.07265625,6.6443222761154175,-2.3283064365386963e-10,0.39247363805770874,5.153374233128834e-05,-1.0388617515563965
407,1667072,1053.1,1458.4,2.66,0.15,80,1.0,335,0.9044776119402985,166,151,3,10,2,0,0,143,-3.5125315519004667,24.50602409638554,0.1320440173149109,0.0,,-0.005924326879903674,10.996940112113952,1.519494903087616,0.0,0.006372119704610668,0.081640625,8.865769076347352,-2.3283064365386963e-10,0.43054306507110596,5.0920245398772985e-05,-1.0392991304397583
408,1671168,1055.7,1559.5,2.48,0.15,80,1.0,496,0.9032258064516129,161,145,7,8,1,0,0,129,-3.6758264265541696,25.453416149068325,0.12131449580192566,0.0,,-0.00589606435969472,13.891217184066772,1.5178264319896697,0.0,0.006621571855794173,0.088916015625,8.468053269386292,-7.275957614183426e-10,0.36364203691482544,5.030674846625766e-05,-1.0396809577941895
409,1675264,1058.3,1570.8,2.46,0.15,80,1.0,150,0.9133333333333333,166,151,4,10,1,0,0,135,-3.6405943388727735,24.301204819277107,0.13832716643810272,0.0,,-0.004346256982535124,12.14494559764862,1.5164683043956757,0.0,0.004148420094861649,0.0455078125,7.867581820487976,-1.3969838619232178e-09,0.4259569048881531,4.969325153374234e-05,-1.039958119392395
410,1679360,1061.0,1554.7,2.49,0.15,80,1.0,316,0.8924050632911392,166,145,6,14,1,0,0,133,-3.4908520121055724,24.951807228915662,0.1040685772895813,0.0,,-0.004877899494022131,14.901076984405517,1.5156180918216706,0.0,0.004476362442073878,0.051171875,8.440187239646912,-1.57160684466362e-09,0.3991103172302246,4.9079754601226986e-05,-1.040139079093933
411,1683456,1063.2,1843.3,2.07,0.15,80,1.0,481,0.8856548856548857,165,144,7,12,2,0,0,126,-3.4964595727721255,24.696969696969695,0.10667131841182709,0.0,,-0.006488370476290584,14.871958017349243,1.514791840314865,0.0,0.006859815704228822,0.09375,8.504128742218018,1.7462298274040222e-10,0.41294562816619873,4.8466257668711664e-05,-1.0403296947479248
412,1687552,1065.1,2218.1,1.75,0.1,80,1.0,133,0.8947368421052632,164,146,3,15,0,0,0,123,-3.402611014198898,24.99390243902439,0.10921835899353027,0.0,,-0.005840327963232994,12.881535649299622,1.5140987455844879,0.0,0.00642681515600998,0.08193359375,7.973171687126159,-1.57160684466362e-09,0.4568295478820801,4.78527607361963e-05,-1.0405151844024658
413,1691648,1067.8,1509.0,2.56,0.15,80,1.0,297,0.8922558922558923,164,146,6,12,0,0,0,126,-3.7209915695371003,25.00609756097561,0.1035957932472229,0.0,,-0.00495037054643035,13.116803407669067,1.5131126940250397,0.0,0.005948111231555231,0.079296875,8.145605778694152,-1.57160684466362e-09,0.4393466114997864,4.723926380368098e-05,-1.0408633947372437
414,1695744,1070.5,1528.4,2.53,0.15,80,1.0,466,0.8841201716738197,169,147,4,16,2,0,0,130,-3.4725736705147288,24.390532544378697,0.1031976193189621,0.0,,-0.0047665202990174295,14.391535425186158,1.5116492569446565,0.0,0.004513993834552821,0.05341796875,10.583714914321899,-9.604264050722122e-10,0.43526703119277954,4.6625766871165624e-05,-1.0411865711212158
415,1699840,1073.1,1593.6,2.42,0.15,80,1.0,119,0.8991596638655462,165,142,8,14,1,0,0,119,-3.490352986241133,24.927272727272726,0.08893315494060516,0.0,,-0.005886176414787769,16.069304084777833,1.5103668391704559,0.0,0.007277334106038325,0.094189453125,8.866822946071625,-2.852175384759903e-09,0.4106334447860718,4.60122699386503e-05,-1.041520595550537
416,1703936,1075.7,1556.4,2.48,0.15,80,1.0,286,0.9055944055944056,167,152,4,10,1,0,0,126,-3.5406257757435156,23.98802395209581,0.13581174612045288,0.0,,-0.006321984669193625,13.030679655075073,1.5090311229228974,0.0,0.007324228082143236,0.097021484375,9.268934178352357,8.731149137020111e-11,0.4068954586982727,4.539877300613498e-05,-1.0418899059295654
417,1708032,1078.3,1574.1,2.45,0.15,80,1.0,455,0.9142857142857143,169,157,5,6,1,0,0,141,-3.4428475638187295,24.698224852071007,0.15458504855632782,0.0,,-0.004813391156494618,10.373027896881103,1.507698506116867,0.0,0.0057864105503540484,0.076806640625,9.408453035354615,-2.5029294192790985e-09,0.43982070684432983,4.4785276073619625e-05,-1.0421035289764404
418,1712128,1081.0,1504.5,2.57,0.15,80,1.0,108,0.8611111111111112,165,145,10,9,1,0,0,121,-3.520187278993084,25.036363636363635,0.09682923555374146,0.0,,-0.004336017090827227,14.645774936676025,1.5071423768997192,0.0,0.005167365446686745,0.06435546875,10.431848573684693,-1.7462298274040222e-10,0.42934244871139526,4.4171779141104304e-05,-1.0422265529632568
419,1716224,1083.7,1517.4,2.56,0.14,80,1.0,274,0.8795620437956204,166,148,5,12,1,0,0,132,-3.455963223371413,24.36144578313253,0.11404390633106232,0.0,,-0.004790762346237898,12.611513996124268,1.5060564398765564,0.0,0.006414872211462352,0.077734375,7.862310290336609,-5.238689482212067e-10,0.4720703959465027,4.355828220858895e-05,-1.0426801443099976
420,1720320,1086.3,1575.5,2.45,0.15,80,1.0,443,0.8848758465011287,169,151,8,9,1,0,0,139,-3.4378947468252363,24.29585798816568,0.12434017658233643,0.0,,-0.005084942746907473,12.362412786483764,1.5041171431541442,0.0,0.005081039090873674,0.062646484375,7.38863525390625,-1.367880031466484e-09,0.45004451274871826,4.2944785276073626e-05,-1.043184757232666
421,1724416,1089.0,1536.2,2.52,0.15,80,1.0,102,0.8627450980392157,171,147,4,17,3,0,0,131,-3.6308305918419834,23.84795321637427,0.09839329868555069,0.0,,-0.004247100371867418,16.87117729187012,1.501860225200653,0.0,0.004950298144831322,0.060107421875,10.39258897304535,-5.820766091346741e-10,0.4042291045188904,4.233128834355827e-05,-1.0438417196273804
422,1728512,1091.7,1551.6,2.49,0.15,80,1.0,277,0.8664259927797834,175,152,8,12,3,0,0,134,-3.5176537752936743,23.617142857142856,0.127330020070076,0.0,,-0.006156076909974217,16.17622580528259,1.4990771293640137,0.0,0.005891856306698173,0.073681640625,8.890615272521973,2.9103830456733704e-11,0.3689289093017578,4.171779141104294e-05,-1.0445139408111572
423,1732608,1094.3,1565.4,2.47,0.15,80,1.0,439,0.8906605922551253,162,151,8,2,1,0,0,132,-3.4494070234590115,24.85185185185185,0.13209500908851624,0.0,,-0.004579811636358499,10.919608354568481,1.4970266222953796,0.0,0.004392100055702031,0.05107421875,7.965525805950165,-1.367880031466484e-09,0.442152738571167,4.1104294478527586e-05,-1.0448113679885864
424,1736704,1096.9,1577.2,2.45,0.15,80,1.0,91,0.9010989010989011,164,149,8,6,1,0,0,133,-3.457829032363402,24.896341463414632,0.12367386370897293,0.0,,-0.006846369663253427,12.007678484916687,1.4958460628986359,0.0,0.0074353118427097796,0.10263671875,10.109264397621155,5.238689482212067e-10,0.4719685912132263,4.0490797546012265e-05,-1.0452163219451904
425,1740800,1099.1,1839.6,2.07,0.15,80,1.0,260,0.9230769230769231,169,158,4,6,1,0,0,135,-3.4935813627874346,24.37278106508876,0.15568456053733826,0.0,,-0.0070869556162506345,9.426117062568665,1.4936810433864594,0.0,0.005968577432213351,0.077197265625,7.266042900085449,-1.3387762010097504e-09,0.48099637031555176,3.987730061349694e-05,-1.0458813905715942
426,1744896,1100.9,2236.5,1.73,0.11,80,1.0,429,0.8997668997668997,169,146,6,13,4,0,0,133,-3.4515343553671185,24.24852071005917,0.0971643403172493,0.0,,-0.005476152384653687,14.343130826950073,1.4910767257213593,0.0,0.005962417121918406,0.0736328125,10.695545041561127,-8.731149137020111e-11,0.4365503787994385,3.926380368098159e-05,-1.046410083770752
427,1748992,1103.5,1596.4,2.42,0.15,80,1.0,83,0.9397590361445783,166,152,3,9,2,0,0,134,-3.551975435572533,25.07831325301205,0.1298777461051941,0.0,,-0.004575391905382276,11.507901263236999,1.489400678873062,0.0,0.004535360689624212,0.055908203125,9.443604004383086,-4.656612873077393e-10,0.44317930936813354,3.8650306748466266e-05,-1.0467684268951416
428,1753088,1106.2,1548.2,2.5,0.15,80,1.0,248,0.9314516129032258,165,153,2,9,1,0,0,137,-3.5371344132863394,24.387878787878787,0.15807300806045532,0.0,,-0.003906617360189557,8.883239889144898,1.4880878746509552,0.0,0.0043675357694155535,0.05517578125,6.923443853855133,-2.0954757928848267e-09,0.5027285814285278,3.803680981595091e-05,-1.047093152999878
429,1757184,1108.8,1556.5,2.48,0.15,80,1.0,417,0.9040767386091128,169,146,6,15,2,0,0,130,-3.4215807732900028,24.27810650887574,0.08841453492641449,0.0,,-0.0050913126207888125,16.677872943878175,1.4866919934749603,0.0,0.005401233324664645,0.0685546875,10.582984375953675,-1.2223608791828156e-09,0.3255056142807007,3.742331288343559e-05,-1.0474798679351807
430,1761280,1111.4,1562.1,2.48,0.14,80,1.0,69,0.9420289855072463,164,148,7,8,1,0,0,127,-3.5246317709815727,25.152439024390244,0.1300908327102661,0.0,,-0.005821146629750728,11.943411254882813,1.484956556558609,0.0,0.006905079327407293,0.09169921875,9.343290305137634,-1.7462298274040222e-09,0.4418295621871948,3.680981595092023e-05,-1.0479322671890259
431,1765376,1114.1,1526.0,2.54,0.15,80,1.0,233,0.9570815450643777,164,158,2,4,0,0,0,141,-3.4185219706482166,25.23170731707317,0.1641705334186554,0.0,,-0.005046681594103574,6.610033106803894,1.483560460805893,0.0,0.005924094938382041,0.076416015625,10.80032376050949,-1.076841726899147e-09,0.5968279838562012,3.6196319018404904e-05,-1.0481419563293457
432,1769472,1116.7,1616.6,2.39,0.14,80,1.0,399,0.949874686716792,166,156,3,6,1,0,0,143,-3.4704879189475255,24.44578313253012,0.1701679527759552,0.0,,-0.00542605584487319,8.728364574909211,1.4828072667121888,0.0,0.005712814842991065,0.074462890625,6.501664233207703,-1.8917489796876907e-09,0.47301119565963745,3.558282208588958e-05,-1.048370122909546
433,1773568,1119.3,1533.0,2.52,0.15,80,1.0,49,0.9387755102040817,162,147,6,8,1,0,0,129,-3.531107588811264,25.290123456790123,0.11721497774124146,0.0,,-0.0057881995104253296,12.192076444625854,1.4815761625766755,0.0,0.005637180592748337,0.073193359375,8.064169096946717,-1.5425030142068863e-09,0.4350910186767578,3.496932515337423e-05,-1.0487456321716309
434,1777664,1122.0,1530.7,2.53,0.15,80,1.0,210,0.9047619047619048,161,144,5,11,1,0,0,123,-3.55789126808541,25.304347826086957,0.1163824275135994,0.0,,-0.003042154433205724,11.946536469459534,1.4802065432071685,0.0,0.0025686298467917368,0.023876953125,8.383105504512788,-3.4633558243513107e-09,0.43811410665512085,3.4355828220858905e-05,-1.0490316152572632
435,1781760,1124.0,2067.3,1.83,0.15,80,1.0,379,0.9076517150395779,169,154,4,10,1,0,0,143,-3.4316305810681422,24.23076923076923,0.13886667788028717,0.0,,-0.005337904393672943,11.401315355300904,1.4792016267776489,0.0,0.0035434902718407104,0.041015625,9.835142850875854,-3.4924596548080444e-09,0.4423338770866394,3.374233128834355e-05,-1.049242377281189
436,1785856,1126.1,1986.4,1.92,0.14,80,1.0,32,0.9375,165,152,4,9,0,0,0,137,-3.453900954793182,24.824242424242424,0.14303693175315857,0.0,,-0.006377972848713398,8.487909650802612,1.4783023953437806,0.0,0.0051936268020654095,0.0677734375,6.320926403999328,-9.313225746154785e-10,0.5444029569625854,3.312883435582823e-05,-1.0495177507400513
437,1789952,1128.7,1588.0,2.43,0.15,80,1.0,191,0.9214659685863874,159,146,5,8,0,0,0,128,-3.402480184819071,25.71069182389937,0.11106660962104797,0.0,,-0.003758811391890049,11.082109522819518,1.4771077573299407,0.0,0.004129946339526213,0.047412109375,8.270205223560334,-2.8812792152166367e-09,0.43967705965042114,3.251533742331287e-05,-1.0498127937316895
438,1794048,1131.3,1557.4,2.49,0.14,80,1.0,358,0.9329608938547486,167,158,5,2,2,0,0,137,-3.559864144717012,24.862275449101798,0.1824387013912201,0.0,,-0.005706480611115694,8.015612697601318,1.4758150160312653,0.0,0.004059044820314739,0.048486328125,7.496507322788238,-1.0477378964424133e-09,0.47001105546951294,3.190184049079755e-05,-1.0502229928970337
439,1798144,1134.0,1514.9,2.55,0.15,80,1.0,9,1.0,163,157,3,3,0,0,0,140,-3.4857383483634825,24.78527607361963,0.17682796716690063,0.0,,-0.005536124808713794,5.689511024951935,1.473972851037979,0.0,0.006542243975854944,0.07880859375,6.302574932575226,-1.6298145055770874e-09,0.5967154502868652,3.1288343558282195e-05,-1.0506718158721924
440,1802240,1136.7,1507.8,2.58,0.14,80,1.0,172,0.936046511627907,163,152,4,7,0,0,0,139,-3.5521244300922548,24.858895705521473,0.15520533919334412,0.0,,-0.0040706065483391285,8.921614623069763,1.4722808301448822,0.0,0.004778282679035328,0.059228515625,8.48755989074707,-1.3387762010097504e-09,0.4658890962600708,3.0674846625766866e-05,-1.0510902404785156
441,1806336,1139.3,1590.9,2.43,0.15,80,1.0,337,0.9347181008902077,165,154,4,7,0,0,0,138,-3.6564395604031406,24.848484848484848,0.14805561304092407,0.0,,-0.004184318007901311,10.148172056674957,1.47085440158844,0.0,0.003743390869931318,0.036962890625,7.635775709152222,-2.0954757928848267e-09,0.4763000011444092,3.0061349693251548e-05,-1.0513464212417603
442,1810432,1142.0,1528.5,2.53,0.15,80,1.0,505,0.9128712871287129,168,146,7,13,2,0,0,129,-3.5633572919659278,24.36904761904762,0.09460370242595673,0.0,,-0.004420366045087576,14.288057470321656,1.4700389981269837,0.0,0.00385963258886477,0.045947265625,10.978711342811584,-1.9208528101444244e-09,0.42547768354415894,2.944785276073619e-05,-1.0515269041061401
443,1814528,1144.7,1513.8,2.56,0.15,80,1.0,158,0.9113924050632911,165,151,7,7,0,0,0,136,-3.398240049204118,24.963636363636365,0.13404427468776703,0.0,,-0.005060772504657507,10.703473210334778,1.4692938804626465,0.0,0.0048829486695467494,0.063720703125,7.9245678901672365,-1.280568540096283e-09,0.46440619230270386,2.8834355828220867e-05,-1.051709771156311
444,1818624,1147.3,1582.7,2.44,0.15,80,1.0,325,0.916923076923077,167,154,5,6,2,0,0,143,-3.594665356050392,24.850299401197606,0.1441434621810913,0.0,,-0.0051185164600610735,9.427948904037475,1.4684810996055604,0.0,0.005274522838590201,0.066845703125,8.565626525878907,-3.7834979593753815e-10,0.5059250593185425,2.822085889570551e-05,-1.0519545078277588
445,1822720,1149.9,1549.0,2.5,0.15,80,1.0,494,0.8967611336032388,169,145,9,12,3,0,0,133,-3.6829574913489123,24.05325443786982,0.09939621388912201,0.0,,-0.005263011250644922,15.866386604309081,1.4673396050930023,0.0,0.0043596515562967396,0.0541015625,11.058941626548767,-3.3178366720676422e-09,0.3953935503959656,2.760736196319019e-05,-1.0522810220718384
446,1826816,1152.6,1525.6,2.54,0.15,80,1.0,146,0.9041095890410958,164,146,3,14,1,0,0,135,-3.645075767386862,25.103658536585368,0.11083736270666122,0.0,,-0.0046425100415945055,12.331145358085632,1.466000384092331,0.0,0.004976602652459405,0.06103515625,8.684826123714448,-5.238689482212067e-10,0.4220460057258606,2.6993865030674834e-05,-1.0525941848754883
447,1830912,1155.3,1544.4,2.5,0.15,80,1.0,312,0.9230769230769231,166,156,4,5,1,0,0,148,-3.4291470069142806,24.512048192771083,0.16355793178081512,0.0,,-0.007393336435779929,9.028435015678406,1.464764451980591,0.0,0.00776046854298329,0.10322265625,6.351180160045624,-1.0477378964424133e-09,0.45894157886505127,2.638036809815951e-05,-1.0529286861419678
448,1835008,1157.9,1571.2,2.46,0.15,80,1.0,487,0.9055441478439425,175,153,9,10,3,0,0,139,-3.5731765624906675,24.0,0.1172153502702713,0.0,,-0.004153081960976124,16.601830768585206,1.4635393619537354,0.0,0.00477753632585518,0.058544921875,11.464165353775025,-2.5029294192790985e-09,0.3202962875366211,2.5766871165644153e-05,-1.053166151046753
449,1839104,1159.7,2330.6,1.65,0.11,80,1.0,139,0.9424460431654677,164,155,2,7,0,0,0,141,-3.5882935029707648,24.402439024390244,0.1639661192893982,0.0,,-0.00500953164882958,7.964376544952392,1.4627327859401702,0.0,0.00397068188758567,0.046923828125,9.045995211601257,-1.2223608791828156e-09,0.49848902225494385,2.515337423312883e-05,-1.053356647491455
450,1843200,1162.0,1775.7,2.16,0.15,80,1.0,305,0.9311475409836065,166,153,6,7,0,0,0,139,-3.5979715027098904,24.63855421686747,0.16161932051181793,0.0,,-0.004158895183354616,9.618820893764497,1.4620835781097412,0.0,0.004455856018466875,0.052587890625,7.575823891162872,-1.9208528101444244e-09,0.459081768989563,2.453987730061351e-05,-1.0534477233886719
451,1847296,1164.7,1520.9,2.54,0.15,80,1.0,470,0.9191489361702128,165,148,7,10,0,0,0,134,-3.6451987524688096,24.696969696969695,0.13650020956993103,0.0,,-0.0025553160812705755,11.598543667793274,1.4618874967098237,0.0,0.0024966805067379028,0.02314453125,9.401523756980897,-2.939486876130104e-09,0.4926263093948364,2.392638036809815e-05,-1.0534985065460205
452,1851392,1167.3,1580.2,2.44,0.15,80,1.0,124,0.9435483870967742,166,156,3,6,1,0,0,141,-3.556168547536256,24.367469879518072,0.1693631112575531,0.0,,-0.004870993085205555,9.239333760738372,1.4615407586097717,0.0,0.003891425389156211,0.046630859375,7.802956295013428,-5.238689482212067e-10,0.4032279849052429,2.331288343558283e-05,-1.0536296367645264
453,1855488,1170.0,1515.4,2.55,0.15,80,1.0,292,0.9554794520547946,168,162,3,3,0,0,0,150,-3.5088621560478734,25.214285714285715,0.18622015416622162,0.0,,-0.004516389034688473,5.2789955019950865,1.4608872711658478,0.0,0.003045290369482245,0.03486328125,7.901434803009034,-2.3283064365386963e-09,0.668654203414917,2.2699386503067474e-05,-1.053844690322876
454,1859584,1172.7,1540.8,2.52,0.14,80,1.0,458,0.9475982532751092,166,155,6,4,1,0,0,143,-3.571307521413228,24.42168674698795,0.16216294467449188,0.0,,-0.0042108681984245775,8.944918513298035,1.4598119139671326,0.0,0.0031220791628584267,0.032177734375,7.6412230968475345,-8.731149137020111e-11,0.44300198554992676,2.2085889570552152e-05,-1.0541349649429321
455,1863680,1175.3,1575.1,2.46,0.14,80,1.0,117,0.905982905982906,171,153,10,5,3,0,0,142,-3.645619770450713,24.023391812865498,0.13530077040195465,0.0,,-0.002768910210579634,12.204262328147887,1.4587932705879212,0.0,0.0026644436686183324,0.024658203125,9.440820550918579,-1.280568540096283e-09,0.47276735305786133,2.1472392638036796e-05,-1.0543546676635742
456,1867776,1177.9,1573.9,2.46,0.14,80,1.0,284,0.9049295774647887,167,151,6,10,0,0,0,141,-3.7271493118666092,24.58682634730539,0.1436368077993393,0.0,,-0.0037970505189150574,11.851953554153443,1.4579744637012482,0.0,0.003019154716457706,0.031689453125,8.230305767059326,-6.111804395914078e-10,0.42001664638519287,2.085889570552147e-05,-1.054541826248169
457,1871872,1180.5,1561.0,2.48,0.14,80,1.0,442,0.8981900452488688,158,140,7,8,3,0,0,119,-3.645443346122346,25.32278481012658,0.09941591322422028,0.0,,-0.003699093218892813,12.584354782104493,1.4572658598423005,0.0,0.0028252494070329704,0.027880859375,9.236797857284547,-2.270098775625229e-09,0.4660373330116272,2.024539877300615e-05,-1.054723858833313
458,1875968,1183.1,1580.9,2.45,0.14,80,1.0,92,0.8804347826086957,162,145,6,11,0,0,0,132,-3.450790658595849,25.32716049382716,0.09162652492523193,0.0,,-0.004082686826586723,12.847261333465577,1.4565389990806579,0.0,0.0034863551787566393,0.04111328125,10.189953589439392,-1.6589183360338211e-09,0.44956761598587036,1.9631901840490794e-05,-1.0548791885375977
459,1880064,1184.7,2481.3,1.53,0.12,80,1.0,265,0.879245283018868,173,152,6,13,2,0,0,138,-3.6539233424335404,24.161849710982658,0.13860827684402466,0.0,,-0.0034229947719722985,14.529430103302001,1.4560899794101716,0.0,0.0026644956931704657,0.0259765625,9.845906233787536,5.238689482212067e-10,0.39451277256011963,1.9018404907975472e-05,-1.0549418926239014
460,1884160,1187.3,1615.1,2.4,0.14,80,1.0,429,0.8927738927738927,164,150,2,10,2,0,0,133,-3.57681375196948,24.634146341463413,0.12941259145736694,0.0,,-0.0045415457803756,11.182521963119507,1.4558046162128448,0.0,0.00419414273055736,0.0533203125,8.51290727853775,-1.280568540096283e-09,0.4175977110862732,1.8404907975460116e-05,-1.0550565719604492
461,1888256,1189.9,1594.8,2.42,0.15,80,1.0,77,0.922077922077922,160,142,7,11,0,0,0,126,-3.587552545751057,25.4375,0.10107693076133728,0.0,,-0.006771363923326135,13.964573526382447,1.4552476108074188,0.0,0.0053521915091550906,0.0689453125,8.756074380874633,-1.6880221664905548e-09,0.3966481685638428,1.779141104294479e-05,-1.0552003383636475
462,1892352,1192.6,1501.9,2.58,0.15,80,1.0,242,0.8884297520661157,165,144,6,14,1,0,0,132,-3.659639638390031,25.272727272727273,0.09601131081581116,0.0,,-0.0046253751963377,15.792865228652953,1.4548005938529969,0.0,0.0033127022834378295,0.037646484375,10.731986618041992,-2.0372681319713593e-10,0.40219783782958984,1.7177914110429436e-05,-1.0552798509597778
463,1896448,1195.2,1569.8,2.46,0.15,80,1.0,414,0.8840579710144928,172,151,8,11,2,0,0,131,-3.67998758501955,23.86627906976744,0.1207980066537857,0.0,,-0.0030870849266648294,15.31650505065918,1.4543704986572266,0.0,0.0021590124553767963,0.01962890625,8.537906455993653,-1.2223608791828156e-09,0.3837416172027588,1.6564417177914114e-05,-1.0554362535476685
464,1900544,1197.8,1558.2,2.48,0.15,80,1.0,66,0.8333333333333334,164,142,7,14,1,0,0,115,-3.5607174921815994,24.49390243902439,0.09442555159330368,0.0,,-0.0029701385647058487,15.846225905418397,1.453714370727539,0.0,0.0015188028643024153,0.009130859375,10.379016304016114,-1.367880031466484e-09,0.3776388168334961,1.5950920245398758e-05,-1.055582880973816
465,1904640,1200.5,1535.5,2.53,0.14,80,1.0,235,0.9063829787234042,169,158,0,11,0,0,0,144,-3.5349852589425677,24.57396449704142,0.1669834405183792,0.0,,-0.002717980369925499,9.417329812049866,1.4532279968261719,0.0,0.001958863668551203,0.015576171875,8.778035879135132,-4.0745362639427185e-10,0.44056785106658936,1.5337423312883433e-05,-1.0556930303573608
466,1908736,1203.1,1604.8,2.4,0.15,80,1.0,406,0.9187192118226601,171,160,6,5,0,0,0,143,-3.7173174517438587,24.13450292397661,0.17161709070205688,0.0,,-0.004109699511900544,8.682649612426758,1.4527930736541748,0.0,0.002265710002393462,0.020947265625,8.681509804725646,-1.3969838619232178e-09,0.5067552328109741,1.4723926380368111e-05,-1.0557827949523926
467,1912832,1205.7,1595.3,2.42,0.15,80,1.0,63,0.9206349206349206,169,157,4,7,1,0,0,143,-3.7047855886564744,24.307692307692307,0.16853055357933044,0.0,,-0.003289589029736817,9.578565955162048,1.4524331450462342,0.0,0.001991113722033333,0.01591796875,8.89886977672577,-1.1059455573558807e-09,0.5056397914886475,1.4110429447852756e-05,-1.0559020042419434
468,1916928,1208.3,1562.3,2.47,0.15,80,1.0,232,0.9181034482758621,169,155,4,9,1,0,0,138,-3.5655519965893028,24.005917159763314,0.1332085132598877,0.0,,-0.0036898151971399783,11.237261080741883,1.4518948793411255,0.0,0.0028065665712347252,0.02861328125,7.750069165229798,-1.4842953532934189e-09,0.46168071031570435,1.3496932515337432e-05,-1.0560309886932373
469,1921024,1211.0,1507.5,2.57,0.15,80,1.0,399,0.9047619047619048,167,148,10,9,0,0,0,132,-3.589406437054517,24.44311377245509,0.1103922426700592,0.0,,-0.00159966628998518,14.591714000701904,1.451441866159439,0.0,0.0008272219987702556,0.002392578125,10.324962878227234,-1.076841726899147e-09,0.3836144804954529,1.2883435582822077e-05,-1.056132197380066
470,1925120,1213.7,1540.0,2.51,0.15,80,1.0,55,0.9454545454545454,168,152,3,12,1,0,0,138,-3.6270934265877948,24.541666666666668,0.15268196165561676,0.0,,-0.002974151400849223,11.442018985748291,1.4509783446788789,0.0,0.0012695806173724123,0.0068359375,9.246308207511902,-1.5133991837501526e-09,0.4177613854408264,1.2269938650306755e-05,-1.0562620162963867
471,1929216,1216.5,1470.6,2.64,0.15,80,1.0,221,0.9366515837104072,166,155,5,4,2,0,0,139,-3.597304710115454,24.53614457831325,0.16141419112682343,0.0,,-0.0039034570567309857,8.42880289554596,1.4505648493766785,0.0,0.002129083346517291,0.02021484375,7.097819185256958,-4.3655745685100555e-10,0.5047826766967773,1.1656441717791398e-05,-1.0563278198242188
472,1933312,1218.7,1803.3,2.12,0.15,80,1.0,388,0.9252577319587629,167,152,9,5,1,0,0,129,-3.6553033495098615,24.802395209580837,0.15410757064819336,0.0,,-0.003942775400355458,11.968345069885254,1.4503312349319457,0.0,0.001756919910258148,0.01376953125,8.739249730110169,-6.402842700481415e-10,0.44248682260513306,1.1042944785276076e-05,-1.056387186050415
473,1937408,1220.5,2263.6,1.71,0.1,80,1.0,40,0.95,164,156,4,3,1,0,0,139,-3.554364980914618,24.329268292682926,0.17898231744766235,0.0,,-0.002232771273702383,6.861931502819061,1.4500536143779754,0.0,0.0010013755047111772,0.004638671875,6.575447618961334,-6.693881005048752e-10,0.5197886824607849,1.042944785276072e-05,-1.0564768314361572
474,1941504,1223.2,1561.2,2.47,0.15,80,1.0,209,0.9138755980861244,169,153,4,9,3,0,0,139,-3.599365850036274,24.75147928994083,0.13427004218101501,0.0,,-0.0016005944926291704,12.105892562866211,1.44970400929451,0.0,0.000690643850248307,0.0021484375,10.365869140625,-1.5425030142068863e-09,0.4513213634490967,9.815950920245397e-06,-1.056542992591858
475,1945600,1225.9,1521.4,2.54,0.15,80,1.0,373,0.9329758713136729,164,157,4,3,0,0,0,138,-3.595000219781699,24.603658536585368,0.19041228294372559,0.0,,-0.0028568423353135587,7.921867692470551,1.4494616866111756,0.0,0.001405463440460153,0.00849609375,7.743123471736908,-1.9208528101444244e-09,0.4180023670196533,9.202453987730073e-06,-1.0566078424453735
476,1949696,1228.6,1518.6,2.55,0.15,80,1.0,27,0.9629629629629629,166,159,4,2,1,0,0,143,-3.6612587712605014,24.867469879518072,0.17066486179828644,0.0,,-0.0024247193709015847,7.323790729045868,1.4491785049438477,0.0,0.001294891863653902,0.007958984375,7.820522260665894,-1.4260876923799515e-09,0.5078427791595459,8.588957055214718e-06,-1.056684970855713
477,1953792,1231.2,1550.0,2.5,0.14,80,1.0,198,0.9090909090909091,171,154,5,10,2,0,0,139,-3.552137803947713,24.362573099415204,0.1507740467786789,0.0,,-0.002274214616045356,13.08597149848938,1.4488861024379731,0.0,0.0009690560211311095,0.002001953125,11.565269124507903,-2.0954757928848267e-09,0.3696523904800415,7.975460122699396e-06,-1.056750774383545
478,1957888,1233.8,1578.9,2.45,0.14,80,1.0,358,0.9134078212290503,160,147,2,9,2,0,0,138,-3.6181111903251773,24.925,0.14147581160068512,0.0,,-0.003642980847507715,10.286406135559082,1.4486192643642426,0.0,0.001921754833892919,0.01455078125,6.606425309181214,-2.473825588822365e-09,0.43738335371017456,7.36196319018404e-06,-1.056821584701538
479,1961984,1236.5,1548.5,2.5,0.14,80,1.0,16,0.875,170,162,2,5,1,0,0,150,-3.6200614124166353,24.352941176470587,0.18915227055549622,0.0,,-0.0006779387593269348,8.043241012096406,1.4483760476112366,0.0,0.0003030896681593731,0.0001953125,8.999584674835205,-1.775333657860756e-09,0.45852530002593994,6.748466257668716e-06,-1.056863784790039
480,1966080,1239.2,1519.6,2.55,0.15,80,1.0,181,0.9005524861878453,165,149,4,10,2,0,0,139,-3.6070904785135136,25.181818181818183,0.12941721081733704,0.0,,-0.0017380270641297103,11.748579001426696,1.448244535923004,0.0,0.0004146329723880626,0.000732421875,8.254632759094239,-2.4156179279088974e-09,0.4715997576713562,6.1349693251533605e-06,-1.056891679763794
481,1970176,1241.9,1533.4,2.52,0.15,80,1.0,343,0.9125364431486881,162,150,5,7,0,0,0,134,-3.493838213868077,24.808641975308642,0.1476404070854187,0.0,,-0.0010844014585018158,8.927873682975768,1.4481374084949494,0.0,0.0003525317079038359,9.765625e-05,9.50536868572235,-1.2223608791828156e-09,0.5267527103424072,5.521472392638038e-06,-1.0569188594818115
482,1974272,1243.8,2073.0,1.82,0.15,80,1.0,508,0.9251968503937008,165,157,3,5,0,0,0,142,-3.6354466267095686,24.684848484848484,0.17814640700817108,0.0,,-0.0020812582224607468,7.206850206851959,1.4479964196681976,0.0,0.0005692517428542487,0.002978515625,6.724101042747497,-1.2223608791828156e-09,0.5390887260437012,4.907975460122715e-06,-1.0569689273834229
483,1978368,1246.0,1909.9,2.0,0.15,80,1.0,166,0.9337349397590361,170,158,6,5,1,0,0,149,-3.6814717702403668,24.370588235294118,0.18295973539352417,0.0,,-0.001296171173453331,9.621483087539673,1.4477495431900025,0.0,0.0003743106819456443,0.000439453125,6.923644411563873,-2.2118911147117615e-09,0.38852858543395996,4.294478527607359e-06,-1.057039737701416
484,1982464,1248.6,1574.0,2.45,0.15,80,1.0,334,0.9101796407185628,168,149,6,10,3,0,0,129,-3.6943689206011,24.595238095238095,0.11669391393661499,0.0,,-0.0007312905974686146,14.839620447158813,1.4475134313106537,0.0,0.0002382383565418422,4.8828125e-05,12.07846667766571,-1.0186340659856796e-09,0.3488304018974304,3.6809815950920363e-06,-1.057076334953308
485,1986560,1251.3,1524.6,2.54,0.14,80,1.0,504,0.9047619047619048,170,152,8,10,0,0,0,135,-3.6767186472380224,24.011764705882353,0.15456002950668335,0.0,,-0.0009294143877923488,12.981093406677246,1.4474080562591554,0.0,0.00011889013549080119,0.0,9.942173767089844,1.2223608791828156e-09,0.38094985485076904,3.0674846625766803e-06,-1.057098627090454
486,1990656,1253.9,1596.8,2.42,0.15,80,1.0,160,0.9,168,152,4,9,3,0,0,139,-3.5972832185770396,24.053571428571427,0.1360335350036621,0.0,,-0.0011809471528977157,11.529992485046387,1.4473146736621856,0.0,0.00022412685066228733,4.8828125e-05,9.18392654657364,-9.022187441587448e-10,0.464826762676239,2.4539877300613577e-06,-1.0571224689483643
487,1994752,1256.5,1548.8,2.5,0.14,80,1.0,323,0.9226006191950464,163,154,5,4,0,0,0,140,-3.4834415579297353,24.631901840490798,0.16474691033363342,0.0,,-0.0003227395936846733,8.07171938419342,1.4472312808036805,0.0,6.284621922532096e-05,0.0,7.517364096641541,2.0372681319713593e-10,0.43717944622039795,1.8404907975460014e-06,-1.05713951587677
488,1998848,1259.2,1524.0,2.54,0.15,80,1.0,492,0.9105691056910569,169,150,6,12,1,0,0,139,-3.5198302529022096,24.68639053254438,0.12736955285072327,0.0,,-0.0002542983740568161,14.888832926750183,1.4471802711486816,0.0,2.7597509324550627e-05,0.0,11.391740822792054,-1.5425030142068863e-09,0.35136133432388306,1.2269938650306788e-06,-1.057147741317749
489,2002944,1261.7,1649.9,2.33,0.15,80,1.0,151,0.8940397350993378,171,152,8,10,1,0,0,134,-3.624486265442577,24.485380116959064,0.13634486496448517,0.0,,-0.0001350759295746684,13.801700639724732,1.4471539080142974,0.0,3.5273595131002365e-06,0.0,10.230975461006164,-1.979060471057892e-09,0.4225612282752991,6.134969325153227e-07,-1.0571531057357788
