nohup: ignoring input
pybullet build time: Sep  1 2026 14:01:00
/home/yashwanth/mtp/drone-landing-rl/drone-landing-rl-venv/lib/python3.12/site-packages/gymnasium/spaces/box.py:231: UserWarning: [33mWARN: Box low's precision lowered by casting to float32, current low.dtype=float64[0m
  gym.logger.warn(
/home/yashwanth/mtp/drone-landing-rl/drone-landing-rl-venv/lib/python3.12/site-packages/gymnasium/spaces/box.py:297: UserWarning: [33mWARN: Box high's precision lowered by casting to float32, current high.dtype=float64[0m
  gym.logger.warn(
[INFO] BaseAviary.__init__() loaded parameters from the drone's .urdf:
[INFO] m 0.027000, L 0.039700,
[INFO] ixx 0.000014, iyy 0.000014, izz 0.000022,
[INFO] kf 3.160000e-10, km 7.940000e-12,
[INFO] t2w 2.250000, max_speed_kmh 30.000000,
[INFO] gnd_eff_coeff 11.368590, prop_radius 0.023135,
[INFO] drag_xy_coeff 0.000001, drag_z_coeff 0.000001,
[INFO] dw_coeff_1 2267.180000, dw_coeff_2 0.160000, dw_coeff_3 -0.110000
[INFO] BaseAviary.__init__() loaded parameters from the drone's .urdf:
[INFO] m 0.027000, L 0.039700,
[INFO] ixx 0.000014, iyy 0.000014, izz 0.000022,
[INFO] kf 3.160000e-10, km 7.940000e-12,
[INFO] t2w 2.250000, max_speed_kmh 30.000000,
[INFO] gnd_eff_coeff 11.368590, prop_radius 0.023135,
[INFO] drag_xy_coeff 0.000001, drag_z_coeff 0.000001,
[INFO] dw_coeff_1 2267.180000, dw_coeff_2 0.160000, dw_coeff_3 -0.110000
[INFO] BaseAviary.__init__() loaded parameters from the drone's .urdf:
[INFO] m 0.027000, L 0.039700,
[INFO] ixx 0.000014, iyy 0.000014, izz 0.000022,
[INFO] kf 3.160000e-10, km 7.940000e-12,
[INFO] t2w 2.250000, max_speed_kmh 30.000000,
[INFO] gnd_eff_coeff 11.368590, prop_radius 0.023135,
[INFO] drag_xy_coeff 0.000001, drag_z_coeff 0.000001,
[INFO] dw_coeff_1 2267.180000, dw_coeff_2 0.160000, dw_coeff_3 -0.110000
[INFO] BaseAviary.__init__() loaded parameters from the drone's .urdf:
[INFO] m 0.027000, L 0.039700,
[INFO] ixx 0.000014, iyy 0.000014, izz 0.000022,
[INFO] kf 3.160000e-10, km 7.940000e-12,
[INFO] t2w 2.250000, max_speed_kmh 30.000000,
[INFO] gnd_eff_coeff 11.368590, prop_radius 0.023135,
[INFO] drag_xy_coeff 0.000001, drag_z_coeff 0.000001,
[INFO] dw_coeff_1 2267.180000, dw_coeff_2 0.160000, dw_coeff_3 -0.110000
[INFO] BaseAviary.__init__() loaded parameters from the drone's .urdf:
[INFO] m 0.027000, L 0.039700,
[INFO] ixx 0.000014, iyy 0.000014, izz 0.000022,
[INFO] kf 3.160000e-10, km 7.940000e-12,
[INFO] t2w 2.250000, max_speed_kmh 30.000000,
[INFO] gnd_eff_coeff 11.368590, prop_radius 0.023135,
[INFO] drag_xy_coeff 0.000001, drag_z_coeff 0.000001,
[INFO] dw_coeff_1 2267.180000, dw_coeff_2 0.160000, dw_coeff_3 -0.110000
Using cpu device

Training stabilised LSTM policy for 2000000 steps.
  learning_rate 1e-4, target_kl 0.02, ent_coef 0.005
  Output: results_recurrent/run_20260904_141500

  WATCH approx_kl. It should stay near 0.02. If it climbs past
  0.1 the policy is being rewritten too fast and will collapse.

Logging to results_recurrent/run_20260904_141500/tb/RecurrentPPO_1
---------------------------------
| rollout/           |          |
|    ep_len_mean     | 12.1     |
|    ep_rew_mean     | 7.02     |
| time/              |          |
|    fps             | 616      |
|    iterations      | 1        |
|    time_elapsed    | 6        |
|    total_timesteps | 4096     |
---------------------------------
------------------------------------------
| rollout/                |              |
|    ep_len_mean          | 12.6         |
|    ep_rew_mean          | 7.22         |
| time/                   |              |
|    fps                  | 383          |
|    iterations           | 2            |
|    time_elapsed         | 21           |
|    total_timesteps      | 8192         |
| train/                  |              |
|    approx_kl            | 0.0040197843 |
|    clip_fraction        | 0.00732      |
|    clip_range           | 0.2          |
|    entropy_loss         | -5.67        |
|    explained_variance   | 0.00178      |
|    learning_rate        | 0.0001       |
|    loss                 | 3.6          |
|    n_updates            | 10           |
|    policy_gradient_loss | -0.0044      |
|    std                  | 0.998        |
|    value_loss           | 9.15         |
------------------------------------------
-----------------------------------------
| rollout/                |             |
|    ep_len_mean          | 13.2        |
|    ep_rew_mean          | 7.53        |
| time/                   |             |
|    fps                  | 319         |
|    iterations           | 3           |
|    time_elapsed         | 38          |
|    total_timesteps      | 12288       |
| train/                  |             |
|    approx_kl            | 0.007887138 |
|    clip_fraction        | 0.0347      |
|    clip_range           | 0.2         |
|    entropy_loss         | -5.67       |
|    explained_variance   | 0.0907      |
|    learning_rate        | 0.0001      |
|    loss                 | 2.68        |
|    n_updates            | 20          |
|    policy_gradient_loss | -0.00874    |
|    std                  | 0.997       |
|    value_loss           | 6.68        |
-----------------------------------------
-----------------------------------------
| rollout/                |             |
|    ep_len_mean          | 16.5        |
|    ep_rew_mean          | 8.72        |
| time/                   |             |
|    fps                  | 300         |
|    iterations           | 4           |
|    time_elapsed         | 54          |
|    total_timesteps      | 16384       |
| train/                  |             |
|    approx_kl            | 0.011925239 |
|    clip_fraction        | 0.098       |
|    clip_range           | 0.2         |
|    entropy_loss         | -5.66       |
|    explained_variance   | 0.254       |
|    learning_rate        | 0.0001      |
|    loss                 | 3.26        |
|    n_updates            | 30          |
|    policy_gradient_loss | -0.0167     |
|    std                  | 0.996       |
|    value_loss           | 6.45        |
-----------------------------------------
/home/yashwanth/mtp/drone-landing-rl/drone-landing-rl-venv/lib/python3.12/site-packages/stable_baselines3/common/evaluation.py:71: UserWarning: Evaluation environment is not wrapped with a ``Monitor`` wrapper. This may result in reporting modified episode lengths and rewards, if other wrappers happen to modify these. Consider wrapping environment first with ``Monitor`` wrapper.
  warnings.warn(
Eval num_timesteps=20000, episode_reward=11.30 +/- 5.05
Episode length: 39.20 +/- 0.75
-----------------------------------------
| eval/                   |             |
|    mean_ep_length       | 39.2        |
|    mean_reward          | 11.3        |
| time/                   |             |
|    total_timesteps      | 20000       |
| train/                  |             |
|    approx_kl            | 0.010050432 |
|    clip_fraction        | 0.0864      |
|    clip_range           | 0.2         |
|    entropy_loss         | -5.66       |
|    explained_variance   | 0.452       |
|    learning_rate        | 0.0001      |
|    loss                 | 3.46        |
|    n_updates            | 40          |
|    policy_gradient_loss | -0.0157     |
|    std                  | 0.994       |
|    value_loss           | 7.43        |
-----------------------------------------
New best mean reward!
---------------------------------
| rollout/           |          |
|    ep_len_mean     | 17.8     |
|    ep_rew_mean     | 9        |
| time/              |          |
|    fps             | 285      |
|    iterations      | 5        |
|    time_elapsed    | 71       |
|    total_timesteps | 20480    |
---------------------------------
-----------------------------------------
| rollout/                |             |
|    ep_len_mean          | 22.8        |
|    ep_rew_mean          | 10.4        |
| time/                   |             |
|    fps                  | 283         |
|    iterations           | 6           |
|    time_elapsed         | 86          |
|    total_timesteps      | 24576       |
| train/                  |             |
|    approx_kl            | 0.011130728 |
|    clip_fraction        | 0.0934      |
|    clip_range           | 0.2         |
|    entropy_loss         | -5.65       |
|    explained_variance   | 0.516       |
|    learning_rate        | 0.0001      |
|    loss                 | 1.81        |
|    n_updates            | 50          |
|    policy_gradient_loss | -0.0149     |
|    std                  | 0.994       |
|    value_loss           | 7.92        |
-----------------------------------------
-----------------------------------------
| rollout/                |             |
|    ep_len_mean          | 23.2        |
|    ep_rew_mean          | 12.2        |
| time/                   |             |
|    fps                  | 289         |
|    iterations           | 7           |
|    time_elapsed         | 99          |
|    total_timesteps      | 28672       |
| train/                  |             |
|    approx_kl            | 0.010803454 |
|    clip_fraction        | 0.11        |
|    clip_range           | 0.2         |
|    entropy_loss         | -5.65       |
|    explained_variance   | 0.573       |
|    learning_rate        | 0.0001      |
|    loss                 | 1.45        |
|    n_updates            | 60          |
|    policy_gradient_loss | -0.0164     |
|    std                  | 0.994       |
|    value_loss           | 8.89        |
-----------------------------------------
-----------------------------------------
| rollout/                |             |
|    ep_len_mean          | 25.5        |
|    ep_rew_mean          | 12.3        |
| time/                   |             |
|    fps                  | 285         |
|    iterations           | 8           |
|    time_elapsed         | 114         |
|    total_timesteps      | 32768       |
| train/                  |             |
|    approx_kl            | 0.011856858 |
|    clip_fraction        | 0.112       |
|    clip_range           | 0.2         |
|    entropy_loss         | -5.65       |
|    explained_variance   | 0.682       |
|    learning_rate        | 0.0001      |
|    loss                 | 1.68        |
|    n_updates            | 70          |
|    policy_gradient_loss | -0.0177     |
|    std                  | 0.993       |
|    value_loss           | 7.53        |
-----------------------------------------
-----------------------------------------
| rollout/                |             |
|    ep_len_mean          | 31.3        |
|    ep_rew_mean          | 13.9        |
| time/                   |             |
|    fps                  | 289         |
|    iterations           | 9           |
|    time_elapsed         | 127         |
|    total_timesteps      | 36864       |
| train/                  |             |
|    approx_kl            | 0.012918581 |
|    clip_fraction        | 0.14        |
|    clip_range           | 0.2         |
|    entropy_loss         | -5.64       |
|    explained_variance   | 0.749       |
|    learning_rate        | 0.0001      |
|    loss                 | 3.07        |
|    n_updates            | 80          |
|    policy_gradient_loss | -0.019      |
|    std                  | 0.992       |
|    value_loss           | 7.58        |
-----------------------------------------
/home/yashwanth/mtp/drone-landing-rl/drone-landing-rl-venv/lib/python3.12/site-packages/stable_baselines3/common/evaluation.py:71: UserWarning: Evaluation environment is not wrapped with a ``Monitor`` wrapper. This may result in reporting modified episode lengths and rewards, if other wrappers happen to modify these. Consider wrapping environment first with ``Monitor`` wrapper.
  warnings.warn(
Eval num_timesteps=40000, episode_reward=58.07 +/- 16.21
Episode length: 73.20 +/- 5.53
-----------------------------------------
| eval/                   |             |
|    mean_ep_length       | 73.2        |
|    mean_reward          | 58.1        |
| time/                   |             |
|    total_timesteps      | 40000       |
| train/                  |             |
|    approx_kl            | 0.012415832 |
|    clip_fraction        | 0.135       |
|    clip_range           | 0.2         |
|    entropy_loss         | -5.64       |
|    explained_variance   | 0.712       |
|    learning_rate        | 0.0001      |
|    loss                 | 2.89        |
|    n_updates            | 90          |
|    policy_gradient_loss | -0.018      |
|    std                  | 0.992       |
|    value_loss           | 8.38        |
-----------------------------------------
New best mean reward!
---------------------------------
| rollout/           |          |
|    ep_len_mean     | 33.6     |
|    ep_rew_mean     | 17.5     |
| time/              |          |
|    fps             | 288      |
|    iterations      | 10       |
|    time_elapsed    | 141      |
|    total_timesteps | 40960    |
---------------------------------
-----------------------------------------
| rollout/                |             |
|    ep_len_mean          | 38.2        |
|    ep_rew_mean          | 21.4        |
| time/                   |             |
|    fps                  | 276         |
|    iterations           | 11          |
|    time_elapsed         | 163         |
|    total_timesteps      | 45056       |
| train/                  |             |
|    approx_kl            | 0.014190007 |
|    clip_fraction        | 0.137       |
|    clip_range           | 0.2         |
|    entropy_loss         | -5.64       |
|    explained_variance   | 0.674       |
|    learning_rate        | 0.0001      |
|    loss                 | 2.93        |
|    n_updates            | 100         |
|    policy_gradient_loss | -0.0191     |
|    std                  | 0.99        |
|    value_loss           | 12.2        |
-----------------------------------------
----------------------------------------
| rollout/                |            |
|    ep_len_mean          | 39.9       |
|    ep_rew_mean          | 28.4       |
| time/                   |            |
|    fps                  | 266        |
|    iterations           | 12         |
|    time_elapsed         | 184        |
|    total_timesteps      | 49152      |
| train/                  |            |
|    approx_kl            | 0.01005959 |
|    clip_fraction        | 0.0966     |
|    clip_range           | 0.2        |
|    entropy_loss         | -5.63      |
|    explained_variance   | 0.665      |
|    learning_rate        | 0.0001     |
|    loss                 | 7.16       |
|    n_updates            | 110        |
|    policy_gradient_loss | -0.0154    |
|    std                  | 0.989      |
|    value_loss           | 16         |
----------------------------------------
----------------------------------------
| rollout/                |            |
|    ep_len_mean          | 39.3       |
|    ep_rew_mean          | 31.5       |
| time/                   |            |
|    fps                  | 268        |
|    iterations           | 13         |
|    time_elapsed         | 198        |
|    total_timesteps      | 53248      |
| train/                  |            |
|    approx_kl            | 0.00932345 |
|    clip_fraction        | 0.0852     |
|    clip_range           | 0.2        |
|    entropy_loss         | -5.63      |
|    explained_variance   | 0.0654     |
|    learning_rate        | 0.0001     |
|    loss                 | 5.63       |
|    n_updates            | 120        |
|    policy_gradient_loss | -0.0131    |
|    std                  | 0.989      |
|    value_loss           | 300        |
----------------------------------------
-----------------------------------------
| rollout/                |             |
|    ep_len_mean          | 40.9        |
|    ep_rew_mean          | 33.6        |
| time/                   |             |
|    fps                  | 270         |
|    iterations           | 14          |
|    time_elapsed         | 212         |
|    total_timesteps      | 57344       |
| train/                  |             |
|    approx_kl            | 0.007500128 |
|    clip_fraction        | 0.0594      |
|    clip_range           | 0.2         |
|    entropy_loss         | -5.63       |
|    explained_variance   | 0.0267      |
|    learning_rate        | 0.0001      |
|    loss                 | 15.9        |
|    n_updates            | 130         |
|    policy_gradient_loss | -0.00973    |
|    std                  | 0.989       |
|    value_loss           | 543         |
-----------------------------------------
Eval num_timesteps=60000, episode_reward=48.65 +/- 8.57
Episode length: 56.40 +/- 2.33
----------------------------------------
| eval/                   |            |
|    mean_ep_length       | 56.4       |
|    mean_reward          | 48.7       |
| time/                   |            |
|    total_timesteps      | 60000      |
| train/                  |            |
|    approx_kl            | 0.00824571 |
|    clip_fraction        | 0.0551     |
|    clip_range           | 0.2        |
|    entropy_loss         | -5.63      |
|    explained_variance   | 0.0331     |
|    learning_rate        | 0.0001     |
|    loss                 | 1.88e+03   |
|    n_updates            | 140        |
|    policy_gradient_loss | -0.00918   |
|    std                  | 0.989      |
|    value_loss           | 486        |
----------------------------------------
---------------------------------
| rollout/           |          |
|    ep_len_mean     | 42.2     |
|    ep_rew_mean     | 35.9     |
| time/              |          |
|    fps             | 270      |
|    iterations      | 15       |
|    time_elapsed    | 227      |
|    total_timesteps | 61440    |
---------------------------------
------------------------------------------
| rollout/                |              |
|    ep_len_mean          | 43.1         |
|    ep_rew_mean          | 35.4         |
| time/                   |              |
|    fps                  | 268          |
|    iterations           | 16           |
|    time_elapsed         | 244          |
|    total_timesteps      | 65536        |
| train/                  |              |
|    approx_kl            | 0.0069911857 |
|    clip_fraction        | 0.0561       |
|    clip_range           | 0.2          |
|    entropy_loss         | -5.63        |
|    explained_variance   | -0.011       |
|    learning_rate        | 0.0001       |
|    loss                 | 23           |
|    n_updates            | 150          |
|    policy_gradient_loss | -0.00767     |
|    std                  | 0.989        |
|    value_loss           | 557          |
------------------------------------------
-----------------------------------------
| rollout/                |             |
|    ep_len_mean          | 42.8        |
|    ep_rew_mean          | 36.1        |
| time/                   |             |
|    fps                  | 260         |
|    iterations           | 17          |
|    time_elapsed         | 266         |
|    total_timesteps      | 69632       |
| train/                  |             |
|    approx_kl            | 0.008380283 |
|    clip_fraction        | 0.0595      |
|    clip_range           | 0.2         |
|    entropy_loss         | -5.63       |
|    explained_variance   | 0.0921      |
|    learning_rate        | 0.0001      |
|    loss                 | 22.1        |
|    n_updates            | 160         |
|    policy_gradient_loss | -0.0108     |
|    std                  | 0.989       |
|    value_loss           | 317         |
-----------------------------------------
------------------------------------------
| rollout/                |              |
|    ep_len_mean          | 43.8         |
|    ep_rew_mean          | 38.3         |
| time/                   |              |
|    fps                  | 259          |
|    iterations           | 18           |
|    time_elapsed         | 284          |
|    total_timesteps      | 73728        |
| train/                  |              |
|    approx_kl            | 0.0076952036 |
|    clip_fraction        | 0.0661       |
|    clip_range           | 0.2          |
|    entropy_loss         | -5.63        |
|    explained_variance   | 0.0667       |
|    learning_rate        | 0.0001       |
|    loss                 | 2.13e+03     |
|    n_updates            | 170          |
|    policy_gradient_loss | -0.00831     |
|    std                  | 0.989        |
|    value_loss           | 525          |
------------------------------------------
------------------------------------------
| rollout/                |              |
|    ep_len_mean          | 46.5         |
|    ep_rew_mean          | 51.1         |
| time/                   |              |
|    fps                  | 254          |
|    iterations           | 19           |
|    time_elapsed         | 305          |
|    total_timesteps      | 77824        |
| train/                  |              |
|    approx_kl            | 0.0072658025 |
|    clip_fraction        | 0.0597       |
|    clip_range           | 0.2          |
|    entropy_loss         | -5.63        |
|    explained_variance   | 0.0658       |
|    learning_rate        | 0.0001       |
|    loss                 | 12.7         |
|    n_updates            | 180          |
|    policy_gradient_loss | -0.00822     |
|    std                  | 0.988        |
|    value_loss           | 575          |
------------------------------------------
Eval num_timesteps=80000, episode_reward=307.02 +/- 176.49
Episode length: 75.40 +/- 3.26
------------------------------------------
| eval/                   |              |
|    mean_ep_length       | 75.4         |
|    mean_reward          | 307          |
| time/                   |              |
|    total_timesteps      | 80000        |
| train/                  |              |
|    approx_kl            | 0.0058836387 |
|    clip_fraction        | 0.0297       |
|    clip_range           | 0.2          |
|    entropy_loss         | -5.63        |
|    explained_variance   | 0.0672       |
|    learning_rate        | 0.0001       |
|    loss                 | 13.1         |
|    n_updates            | 190          |
|    policy_gradient_loss | -0.00639     |
|    std                  | 0.988        |
|    value_loss           | 1.32e+03     |
------------------------------------------
New best mean reward!
---------------------------------
| rollout/           |          |
|    ep_len_mean     | 47.5     |
|    ep_rew_mean     | 42.1     |
| time/              |          |
|    fps             | 248      |
|    iterations      | 20       |
|    time_elapsed    | 329      |
|    total_timesteps | 81920    |
---------------------------------
-----------------------------------------
| rollout/                |             |
|    ep_len_mean          | 47          |
|    ep_rew_mean          | 42.7        |
| time/                   |             |
|    fps                  | 243         |
|    iterations           | 21          |
|    time_elapsed         | 352         |
|    total_timesteps      | 86016       |
| train/                  |             |
|    approx_kl            | 0.007871354 |
|    clip_fraction        | 0.0523      |
|    clip_range           | 0.2         |
|    entropy_loss         | -5.63       |
|    explained_variance   | 0.0707      |
|    learning_rate        | 0.0001      |
|    loss                 | 21.2        |
|    n_updates            | 200         |
|    policy_gradient_loss | -0.00656    |
|    std                  | 0.989       |
|    value_loss           | 480         |
-----------------------------------------
-----------------------------------------
| rollout/                |             |
|    ep_len_mean          | 48.6        |
|    ep_rew_mean          | 51.7        |
| time/                   |             |
|    fps                  | 245         |
|    iterations           | 22          |
|    time_elapsed         | 367         |
|    total_timesteps      | 90112       |
| train/                  |             |
|    approx_kl            | 0.013143872 |
|    clip_fraction        | 0.0795      |
|    clip_range           | 0.2         |
|    entropy_loss         | -5.63       |
|    explained_variance   | 0.0319      |
|    learning_rate        | 0.0001      |
|    loss                 | 16.4        |
|    n_updates            | 210         |
|    policy_gradient_loss | -0.00709    |
|    std                  | 0.988       |
|    value_loss           | 679         |
-----------------------------------------
------------------------------------------
| rollout/                |              |
|    ep_len_mean          | 52.9         |
|    ep_rew_mean          | 83.1         |
| time/                   |              |
|    fps                  | 246          |
|    iterations           | 23           |
|    time_elapsed         | 382          |
|    total_timesteps      | 94208        |
| train/                  |              |
|    approx_kl            | 0.0075520733 |
|    clip_fraction        | 0.0576       |
|    clip_range           | 0.2          |
|    entropy_loss         | -5.63        |
|    explained_variance   | 0.0291       |
|    learning_rate        | 0.0001       |
|    loss                 | 25           |
|    n_updates            | 220          |
|    policy_gradient_loss | -0.00872     |
|    std                  | 0.988        |
|    value_loss           | 1.17e+03     |
------------------------------------------
------------------------------------------
| rollout/                |              |
|    ep_len_mean          | 51.2         |
|    ep_rew_mean          | 72.1         |
| time/                   |              |
|    fps                  | 241          |
|    iterations           | 24           |
|    time_elapsed         | 407          |
|    total_timesteps      | 98304        |
| train/                  |              |
|    approx_kl            | 0.0065923966 |
|    clip_fraction        | 0.0531       |
|    clip_range           | 0.2          |
|    entropy_loss         | -5.63        |
|    explained_variance   | -0.0206      |
|    learning_rate        | 0.0001       |
|    loss                 | 17.2         |
|    n_updates            | 230          |
|    policy_gradient_loss | -0.00778     |
|    std                  | 0.988        |
|    value_loss           | 2.48e+03     |
------------------------------------------
Eval num_timesteps=100000, episode_reward=212.19 +/- 161.60
Episode length: 65.20 +/- 2.14
-----------------------------------------
| eval/                   |             |
|    mean_ep_length       | 65.2        |
|    mean_reward          | 212         |
| time/                   |             |
|    total_timesteps      | 100000      |
| train/                  |             |
|    approx_kl            | 0.007462614 |
|    clip_fraction        | 0.0643      |
|    clip_range           | 0.2         |
|    entropy_loss         | -5.63       |
|    explained_variance   | 0.0238      |
|    learning_rate        | 0.0001      |
|    loss                 | 69.7        |
|    n_updates            | 240         |
|    policy_gradient_loss | -0.00722    |
|    std                  | 0.988       |
|    value_loss           | 1.62e+03    |
-----------------------------------------
---------------------------------
| rollout/           |          |
|    ep_len_mean     | 52.6     |
|    ep_rew_mean     | 74.9     |
| time/              |          |
|    fps             | 236      |
|    iterations      | 25       |
|    time_elapsed    | 433      |
|    total_timesteps | 102400   |
---------------------------------
-----------------------------------------
| rollout/                |             |
|    ep_len_mean          | 52.1        |
|    ep_rew_mean          | 75.1        |
| time/                   |             |
|    fps                  | 232         |
|    iterations           | 26          |
|    time_elapsed         | 458         |
|    total_timesteps      | 106496      |
| train/                  |             |
|    approx_kl            | 0.008932292 |
|    clip_fraction        | 0.0711      |
|    clip_range           | 0.2         |
|    entropy_loss         | -5.63       |
|    explained_variance   | 0.0116      |
|    learning_rate        | 0.0001      |
|    loss                 | 7.13        |
|    n_updates            | 250         |
|    policy_gradient_loss | -0.00699    |
|    std                  | 0.987       |
|    value_loss           | 2.04e+03    |
-----------------------------------------
-----------------------------------------
| rollout/                |             |
|    ep_len_mean          | 54          |
|    ep_rew_mean          | 82.8        |
| time/                   |             |
|    fps                  | 228         |
|    iterations           | 27          |
|    time_elapsed         | 484         |
|    total_timesteps      | 110592      |
| train/                  |             |
|    approx_kl            | 0.007589546 |
|    clip_fraction        | 0.061       |
|    clip_range           | 0.2         |
|    entropy_loss         | -5.62       |
|    explained_variance   | 0.0349      |
|    learning_rate        | 0.0001      |
|    loss                 | 21.4        |
|    n_updates            | 260         |
|    policy_gradient_loss | -0.00715    |
|    std                  | 0.987       |
|    value_loss           | 2.02e+03    |
-----------------------------------------
------------------------------------------
| rollout/                |              |
|    ep_len_mean          | 53.9         |
|    ep_rew_mean          | 67.9         |
| time/                   |              |
|    fps                  | 226          |
|    iterations           | 28           |
|    time_elapsed         | 506          |
|    total_timesteps      | 114688       |
| train/                  |              |
|    approx_kl            | 0.0072550443 |
|    clip_fraction        | 0.0618       |
|    clip_range           | 0.2          |
|    entropy_loss         | -5.62        |
|    explained_variance   | 0.0437       |
|    learning_rate        | 0.0001       |
|    loss                 | 3.5e+03      |
|    n_updates            | 270          |
|    policy_gradient_loss | -0.00617     |
|    std                  | 0.987        |
|    value_loss           | 1.78e+03     |
------------------------------------------
----------------------------------------
| rollout/                |            |
|    ep_len_mean          | 53.2       |
|    ep_rew_mean          | 68.4       |
| time/                   |            |
|    fps                  | 223        |
|    iterations           | 29         |
|    time_elapsed         | 530        |
|    total_timesteps      | 118784     |
| train/                  |            |
|    approx_kl            | 0.00972365 |
|    clip_fraction        | 0.0566     |
|    clip_range           | 0.2        |
|    entropy_loss         | -5.62      |
|    explained_variance   | 0.032      |
|    learning_rate        | 0.0001     |
|    loss                 | 8.88       |
|    n_updates            | 280        |
|    policy_gradient_loss | -0.00809   |
|    std                  | 0.986      |
|    value_loss           | 1.61e+03   |
----------------------------------------
Eval num_timesteps=120000, episode_reward=127.28 +/- 125.03
Episode length: 56.20 +/- 3.82
-----------------------------------------
| eval/                   |             |
|    mean_ep_length       | 56.2        |
|    mean_reward          | 127         |
| time/                   |             |
|    total_timesteps      | 120000      |
| train/                  |             |
|    approx_kl            | 0.005928622 |
|    clip_fraction        | 0.0487      |
|    clip_range           | 0.2         |
|    entropy_loss         | -5.62       |
|    explained_variance   | 0.0107      |
|    learning_rate        | 0.0001      |
|    loss                 | 13          |
|    n_updates            | 290         |
|    policy_gradient_loss | -0.00753    |
|    std                  | 0.985       |
|    value_loss           | 1.9e+03     |
-----------------------------------------
---------------------------------
| rollout/           |          |
|    ep_len_mean     | 56.3     |
|    ep_rew_mean     | 84.8     |
| time/              |          |
|    fps             | 221      |
|    iterations      | 30       |
|    time_elapsed    | 555      |
|    total_timesteps | 122880   |
---------------------------------
----------------------------------------
| rollout/                |            |
|    ep_len_mean          | 55.8       |
|    ep_rew_mean          | 81.4       |
| time/                   |            |
|    fps                  | 218        |
|    iterations           | 31         |
|    time_elapsed         | 580        |
|    total_timesteps      | 126976     |
| train/                  |            |
|    approx_kl            | 0.00977722 |
|    clip_fraction        | 0.0835     |
|    clip_range           | 0.2        |
|    entropy_loss         | -5.62      |
|    explained_variance   | -0.0108    |
|    learning_rate        | 0.0001     |
|    loss                 | 20.7       |
|    n_updates            | 300        |
|    policy_gradient_loss | -0.00454   |
|    std                  | 0.985      |
|    value_loss           | 2.01e+03   |
----------------------------------------
----------------------------------------
| rollout/                |            |
|    ep_len_mean          | 58.7       |
|    ep_rew_mean          | 118        |
| time/                   |            |
|    fps                  | 216        |
|    iterations           | 32         |
|    time_elapsed         | 604        |
|    total_timesteps      | 131072     |
| train/                  |            |
|    approx_kl            | 0.00965899 |
|    clip_fraction        | 0.0871     |
|    clip_range           | 0.2        |
|    entropy_loss         | -5.61      |
|    explained_variance   | 0.0323     |
|    learning_rate        | 0.0001     |
|    loss                 | 1.67e+03   |
|    n_updates            | 310        |
|    policy_gradient_loss | -0.00693   |
|    std                  | 0.984      |
|    value_loss           | 1.48e+03   |
----------------------------------------
-----------------------------------------
| rollout/                |             |
|    ep_len_mean          | 56          |
|    ep_rew_mean          | 107         |
| time/                   |             |
|    fps                  | 215         |
|    iterations           | 33          |
|    time_elapsed         | 626         |
|    total_timesteps      | 135168      |
| train/                  |             |
|    approx_kl            | 0.006858048 |
|    clip_fraction        | 0.0731      |
|    clip_range           | 0.2         |
|    entropy_loss         | -5.61       |
|    explained_variance   | 0.00417     |
|    learning_rate        | 0.0001      |
|    loss                 | 20.2        |
|    n_updates            | 320         |
|    policy_gradient_loss | -0.00408    |
|    std                  | 0.985       |
|    value_loss           | 4.47e+03    |
-----------------------------------------
-----------------------------------------
| rollout/                |             |
|    ep_len_mean          | 57.8        |
|    ep_rew_mean          | 135         |
| time/                   |             |
|    fps                  | 214         |
|    iterations           | 34          |
|    time_elapsed         | 650         |
|    total_timesteps      | 139264      |
| train/                  |             |
|    approx_kl            | 0.009878874 |
|    clip_fraction        | 0.0748      |
|    clip_range           | 0.2         |
|    entropy_loss         | -5.61       |
|    explained_variance   | 0.0224      |
|    learning_rate        | 0.0001      |
|    loss                 | 1.52e+03    |
|    n_updates            | 330         |
|    policy_gradient_loss | -0.0045     |
|    std                  | 0.985       |
|    value_loss           | 2.09e+03    |
-----------------------------------------
Early stopping at step 0 due to reaching max kl: 0.04
Eval num_timesteps=140000, episode_reward=56.90 +/- 12.55
Episode length: 57.80 +/- 1.17
-----------------------------------------
| eval/                   |             |
|    mean_ep_length       | 57.8        |
|    mean_reward          | 56.9        |
| time/                   |             |
|    total_timesteps      | 140000      |
| train/                  |             |
|    approx_kl            | 0.007891608 |
|    clip_fraction        | 0.0992      |
|    clip_range           | 0.2         |
|    entropy_loss         | -5.61       |
|    explained_variance   | -0.00571    |
|    learning_rate        | 0.0001      |
|    loss                 | 2.29e+03    |
|    n_updates            | 331         |
|    policy_gradient_loss | 0.00182     |
|    std                  | 0.985       |
|    value_loss           | 4.84e+03    |
-----------------------------------------
---------------------------------
| rollout/           |          |
|    ep_len_mean     | 60.3     |
|    ep_rew_mean     | 132      |
| time/              |          |
|    fps             | 218      |
|    iterations      | 35       |
|    time_elapsed    | 656      |
|    total_timesteps | 143360   |
---------------------------------
Early stopping at step 0 due to reaching max kl: 0.04
-----------------------------------------
| rollout/                |             |
|    ep_len_mean          | 60.1        |
|    ep_rew_mean          | 106         |
| time/                   |             |
|    fps                  | 223         |
|    iterations           | 36          |
|    time_elapsed         | 661         |
|    total_timesteps      | 147456      |
| train/                  |             |
|    approx_kl            | 0.014309451 |
|    clip_fraction        | 0.167       |
|    clip_range           | 0.2         |
|    entropy_loss         | -5.61       |
|    explained_variance   | -0.00429    |
|    learning_rate        | 0.0001      |
|    loss                 | 44.6        |
|    n_updates            | 332         |
|    policy_gradient_loss | 0.0102      |
|    std                  | 0.985       |
|    value_loss           | 4.73e+03    |
-----------------------------------------
Early stopping at step 0 due to reaching max kl: 0.03
-----------------------------------------
| rollout/                |             |
|    ep_len_mean          | 60.6        |
|    ep_rew_mean          | 116         |
| time/                   |             |
|    fps                  | 227         |
|    iterations           | 37          |
|    time_elapsed         | 665         |
|    total_timesteps      | 151552      |
| train/                  |             |
|    approx_kl            | 0.007366298 |
|    clip_fraction        | 0.0757      |
|    clip_range           | 0.2         |
|    entropy_loss         | -5.61       |
|    explained_variance   | 0.00976     |
|    learning_rate        | 0.0001      |
|    loss                 | 1.83e+03    |
|    n_updates            | 333         |
|    policy_gradient_loss | 0.00366     |
|    std                  | 0.984       |
|    value_loss           | 1.95e+03    |
-----------------------------------------
------------------------------------------
| rollout/                |              |
|    ep_len_mean          | 62           |
|    ep_rew_mean          | 111          |
| time/                   |              |
|    fps                  | 224          |
|    iterations           | 38           |
|    time_elapsed         | 691          |
|    total_timesteps      | 155648       |
| train/                  |              |
|    approx_kl            | 0.0083778985 |
|    clip_fraction        | 0.109        |
|    clip_range           | 0.2          |
|    entropy_loss         | -5.61        |
|    explained_variance   | 0.0106       |
|    learning_rate        | 0.0001       |
|    loss                 | 1.67e+03     |
|    n_updates            | 343          |
|    policy_gradient_loss | -0.00475     |
|    std                  | 0.985        |
|    value_loss           | 3.84e+03     |
------------------------------------------
Early stopping at step 4 due to reaching max kl: 0.04
-----------------------------------------
| rollout/                |             |
|    ep_len_mean          | 61          |
|    ep_rew_mean          | 112         |
| time/                   |             |
|    fps                  | 226         |
|    iterations           | 39          |
|    time_elapsed         | 704         |
|    total_timesteps      | 159744      |
| train/                  |             |
|    approx_kl            | 0.037248354 |
|    clip_fraction        | 0.0639      |
|    clip_range           | 0.2         |
|    entropy_loss         | -5.61       |
|    explained_variance   | 0.0085      |
|    learning_rate        | 0.0001      |
|    loss                 | 41.8        |
|    n_updates            | 348         |
|    policy_gradient_loss | -0.00428    |
|    std                  | 0.984       |
|    value_loss           | 2.76e+03    |
-----------------------------------------
Eval num_timesteps=160000, episode_reward=269.55 +/- 181.51
Episode length: 56.80 +/- 2.93
-----------------------------------------
| eval/                   |             |
|    mean_ep_length       | 56.8        |
|    mean_reward          | 270         |
| time/                   |             |
|    total_timesteps      | 160000      |
| train/                  |             |
|    approx_kl            | 0.009209665 |
|    clip_fraction        | 0.119       |
|    clip_range           | 0.2         |
|    entropy_loss         | -5.61       |
|    explained_variance   | -0.0271     |
|    learning_rate        | 0.0001      |
|    loss                 | 26.1        |
|    n_updates            | 358         |
|    policy_gradient_loss | -0.00522    |
|    std                  | 0.984       |
|    value_loss           | 2.58e+03    |
-----------------------------------------
---------------------------------
| rollout/           |          |
|    ep_len_mean     | 58.2     |
|    ep_rew_mean     | 115      |
| time/              |          |
|    fps             | 227      |
|    iterations      | 40       |
|    time_elapsed    | 720      |
|    total_timesteps | 163840   |
---------------------------------
------------------------------------------
| rollout/                |              |
|    ep_len_mean          | 56.9         |
|    ep_rew_mean          | 129          |
| time/                   |              |
|    fps                  | 226          |
|    iterations           | 41           |
|    time_elapsed         | 742          |
|    total_timesteps      | 167936       |
| train/                  |              |
|    approx_kl            | 0.0051256474 |
|    clip_fraction        | 0.0375       |
|    clip_range           | 0.2          |
|    entropy_loss         | -5.61        |
|    explained_variance   | 3.81e-05     |
|    learning_rate        | 0.0001       |
|    loss                 | 3.56e+03     |
|    n_updates            | 368          |
|    policy_gradient_loss | -0.00451     |
|    std                  | 0.984        |
|    value_loss           | 3.91e+03     |
------------------------------------------
-----------------------------------------
| rollout/                |             |
|    ep_len_mean          | 56.4        |
|    ep_rew_mean          | 133         |
| time/                   |             |
|    fps                  | 224         |
|    iterations           | 42          |
|    time_elapsed         | 767         |
|    total_timesteps      | 172032      |
| train/                  |             |
|    approx_kl            | 0.008134054 |
|    clip_fraction        | 0.0591      |
|    clip_range           | 0.2         |
|    entropy_loss         | -5.61       |
|    explained_variance   | 0.00254     |
|    learning_rate        | 0.0001      |
|    loss                 | 1.71e+03    |
|    n_updates            | 378         |
|    policy_gradient_loss | -0.00726    |
|    std                  | 0.984       |
|    value_loss           | 3.53e+03    |
-----------------------------------------
Early stopping at step 3 due to reaching max kl: 0.03
-----------------------------------------
| rollout/                |             |
|    ep_len_mean          | 56.1        |
|    ep_rew_mean          | 89.1        |
| time/                   |             |
|    fps                  | 226         |
|    iterations           | 43          |
|    time_elapsed         | 778         |
|    total_timesteps      | 176128      |
| train/                  |             |
|    approx_kl            | 0.012118791 |
|    clip_fraction        | 0.088       |
|    clip_range           | 0.2         |
|    entropy_loss         | -5.61       |
|    explained_variance   | -0.0878     |
|    learning_rate        | 0.0001      |
|    loss                 | 3.24e+03    |
|    n_updates            | 382         |
|    policy_gradient_loss | 0.00181     |
|    std                  | 0.984       |
|    value_loss           | 3.47e+03    |
-----------------------------------------
Early stopping at step 0 due to reaching max kl: 0.03
Eval num_timesteps=180000, episode_reward=55.16 +/- 15.47
Episode length: 59.20 +/- 1.60
----------------------------------------
| eval/                   |            |
|    mean_ep_length       | 59.2       |
|    mean_reward          | 55.2       |
| time/                   |            |
|    total_timesteps      | 180000     |
| train/                  |            |
|    approx_kl            | 0.00814133 |
|    clip_fraction        | 0.0928     |
|    clip_range           | 0.2        |
|    entropy_loss         | -5.61      |
|    explained_variance   | -0.0128    |
|    learning_rate        | 0.0001     |
|    loss                 | 2.12e+03   |
|    n_updates            | 383        |
|    policy_gradient_loss | 0.00369    |
|    std                  | 0.984      |
|    value_loss           | 2.4e+03    |
----------------------------------------
---------------------------------
| rollout/           |          |
|    ep_len_mean     | 56.4     |
|    ep_rew_mean     | 88.8     |
| time/              |          |
|    fps             | 230      |
|    iterations      | 44       |
|    time_elapsed    | 783      |
|    total_timesteps | 180224   |
---------------------------------
Early stopping at step 0 due to reaching max kl: 0.03
-----------------------------------------
| rollout/                |             |
|    ep_len_mean          | 56.3        |
|    ep_rew_mean          | 66.6        |
| time/                   |             |
|    fps                  | 234         |
|    iterations           | 45          |
|    time_elapsed         | 787         |
|    total_timesteps      | 184320      |
| train/                  |             |
|    approx_kl            | 0.016656136 |
|    clip_fraction        | 0.203       |
|    clip_range           | 0.2         |
|    entropy_loss         | -5.61       |
|    explained_variance   | 0.0085      |
|    learning_rate        | 0.0001      |
|    loss                 | 36.9        |
|    n_updates            | 384         |
|    policy_gradient_loss | 0.00701     |
|    std                  | 0.984       |
|    value_loss           | 2.84e+03    |
-----------------------------------------
----------------------------------------
| rollout/                |            |
|    ep_len_mean          | 56.8       |
|    ep_rew_mean          | 76.9       |
| time/                   |            |
|    fps                  | 232        |
|    iterations           | 46         |
|    time_elapsed         | 811        |
|    total_timesteps      | 188416     |
| train/                  |            |
|    approx_kl            | 0.00912881 |
|    clip_fraction        | 0.0915     |
|    clip_range           | 0.2        |
|    entropy_loss         | -5.61      |
|    explained_variance   | 0.0783     |
|    learning_rate        | 0.0001     |
|    loss                 | 3.41       |
|    n_updates            | 394        |
|    policy_gradient_loss | -0.00971   |
|    std                  | 0.983      |
|    value_loss           | 459        |
----------------------------------------
Early stopping at step 3 due to reaching max kl: 0.05
----------------------------------------
| rollout/                |            |
|    ep_len_mean          | 56.4       |
|    ep_rew_mean          | 80.9       |
| time/                   |            |
|    fps                  | 234        |
|    iterations           | 47         |
|    time_elapsed         | 821        |
|    total_timesteps      | 192512     |
| train/                  |            |
|    approx_kl            | 0.04062336 |
|    clip_fraction        | 0.105      |
|    clip_range           | 0.2        |
|    entropy_loss         | -5.61      |
|    explained_variance   | -0.0747    |
|    learning_rate        | 0.0001     |
|    loss                 | 64.8       |
|    n_updates            | 398        |
|    policy_gradient_loss | 0.0027     |
|    std                  | 0.984      |
|    value_loss           | 2.23e+03   |
----------------------------------------
Early stopping at step 0 due to reaching max kl: 0.04
-----------------------------------------
| rollout/                |             |
|    ep_len_mean          | 52.6        |
|    ep_rew_mean          | 55.1        |
| time/                   |             |
|    fps                  | 238         |
|    iterations           | 48          |
|    time_elapsed         | 824         |
|    total_timesteps      | 196608      |
| train/                  |             |
|    approx_kl            | 0.014697549 |
|    clip_fraction        | 0.153       |
|    clip_range           | 0.2         |
|    entropy_loss         | -5.61       |
|    explained_variance   | 0.00539     |
|    learning_rate        | 0.0001      |
|    loss                 | 18.7        |
|    n_updates            | 399         |
|    policy_gradient_loss | 0.0132      |
|    std                  | 0.983       |
|    value_loss           | 1.46e+03    |
-----------------------------------------
Early stopping at step 1 due to reaching max kl: 0.03
Eval num_timesteps=200000, episode_reward=38.89 +/- 8.70
Episode length: 60.20 +/- 1.60
-----------------------------------------
| eval/                   |             |
|    mean_ep_length       | 60.2        |
|    mean_reward          | 38.9        |
| time/                   |             |
|    total_timesteps      | 200000      |
| train/                  |             |
|    approx_kl            | 0.030156128 |
|    clip_fraction        | 0.135       |
|    clip_range           | 0.2         |
|    entropy_loss         | -5.61       |
|    explained_variance   | 0.00841     |
|    learning_rate        | 0.0001      |
|    loss                 | 36.4        |
|    n_updates            | 401         |
|    policy_gradient_loss | 0.00521     |
|    std                  | 0.983       |
|    value_loss           | 1.01e+03    |
-----------------------------------------
---------------------------------
| rollout/           |          |
|    ep_len_mean     | 55.7     |
|    ep_rew_mean     | 62.7     |
| time/              |          |
|    fps             | 241      |
|    iterations      | 49       |
|    time_elapsed    | 830      |
|    total_timesteps | 200704   |
---------------------------------
-----------------------------------------
| rollout/                |             |
|    ep_len_mean          | 55.5        |
|    ep_rew_mean          | 48.3        |
| time/                   |             |
|    fps                  | 239         |
|    iterations           | 50          |
|    time_elapsed         | 855         |
|    total_timesteps      | 204800      |
| train/                  |             |
|    approx_kl            | 0.006274906 |
|    clip_fraction        | 0.0568      |
|    clip_range           | 0.2         |
|    entropy_loss         | -5.61       |
|    explained_variance   | -0.0163     |
|    learning_rate        | 0.0001      |
|    loss                 | 7.85        |
|    n_updates            | 411         |
|    policy_gradient_loss | -0.00426    |
|    std                  | 0.983       |
|    value_loss           | 1.5e+03     |
-----------------------------------------
-----------------------------------------
| rollout/                |             |
|    ep_len_mean          | 57.6        |
|    ep_rew_mean          | 50.2        |
| time/                   |             |
|    fps                  | 237         |
|    iterations           | 51          |
|    time_elapsed         | 880         |
|    total_timesteps      | 208896      |
| train/                  |             |
|    approx_kl            | 0.008626711 |
|    clip_fraction        | 0.0733      |
|    clip_range           | 0.2         |
|    entropy_loss         | -5.61       |
|    explained_variance   | 0.129       |
|    learning_rate        | 0.0001      |
|    loss                 | 15.7        |
|    n_updates            | 421         |
|    policy_gradient_loss | -0.00985    |
|    std                  | 0.983       |
|    value_loss           | 550         |
-----------------------------------------
------------------------------------------
| rollout/                |              |
|    ep_len_mean          | 62.2         |
|    ep_rew_mean          | 65           |
| time/                   |              |
|    fps                  | 236          |
|    iterations           | 52           |
|    time_elapsed         | 902          |
|    total_timesteps      | 212992       |
| train/                  |              |
|    approx_kl            | 0.0074742315 |
|    clip_fraction        | 0.0683       |
|    clip_range           | 0.2          |
|    entropy_loss         | -5.61        |
|    explained_variance   | 0.121        |
|    learning_rate        | 0.0001       |
|    loss                 | 6.56         |
|    n_updates            | 431          |
|    policy_gradient_loss | -0.00948     |
|    std                  | 0.984        |
|    value_loss           | 737          |
------------------------------------------
------------------------------------------
| rollout/                |              |
|    ep_len_mean          | 62.8         |
|    ep_rew_mean          | 99.6         |
| time/                   |              |
|    fps                  | 233          |
|    iterations           | 53           |
|    time_elapsed         | 928          |
|    total_timesteps      | 217088       |
| train/                  |              |
|    approx_kl            | 0.0069957245 |
|    clip_fraction        | 0.0814       |
|    clip_range           | 0.2          |
|    entropy_loss         | -5.61        |
|    explained_variance   | -0.00291     |
|    learning_rate        | 0.0001       |
|    loss                 | 21.4         |
|    n_updates            | 441          |
|    policy_gradient_loss | -0.00858     |
|    std                  | 0.984        |
|    value_loss           | 1.46e+03     |
------------------------------------------
Eval num_timesteps=220000, episode_reward=188.87 +/- 175.67
Episode length: 58.40 +/- 3.50
------------------------------------------
| eval/                   |              |
|    mean_ep_length       | 58.4         |
|    mean_reward          | 189          |
| time/                   |              |
|    total_timesteps      | 220000       |
| train/                  |              |
|    approx_kl            | 0.0076672197 |
|    clip_fraction        | 0.0629       |
|    clip_range           | 0.2          |
|    entropy_loss         | -5.61        |
|    explained_variance   | -0.0172      |
|    learning_rate        | 0.0001       |
|    loss                 | 3.92e+03     |
|    n_updates            | 451          |
|    policy_gradient_loss | -0.00577     |
|    std                  | 0.984        |
|    value_loss           | 2.88e+03     |
------------------------------------------
---------------------------------
| rollout/           |          |
|    ep_len_mean     | 65.1     |
|    ep_rew_mean     | 119      |
| time/              |          |
|    fps             | 233      |
|    iterations      | 54       |
|    time_elapsed    | 946      |
|    total_timesteps | 221184   |
---------------------------------
------------------------------------------
| rollout/                |              |
|    ep_len_mean          | 66.9         |
|    ep_rew_mean          | 121          |
| time/                   |              |
|    fps                  | 233          |
|    iterations           | 55           |
|    time_elapsed         | 963          |
|    total_timesteps      | 225280       |
| train/                  |              |
|    approx_kl            | 0.0041106325 |
|    clip_fraction        | 0.0549       |
|    clip_range           | 0.2          |
|    entropy_loss         | -5.61        |
|    explained_variance   | 0.0152       |
|    learning_rate        | 0.0001       |
|    loss                 | 1.81e+03     |
|    n_updates            | 461          |
|    policy_gradient_loss | -0.00337     |
|    std                  | 0.984        |
|    value_loss           | 3.21e+03     |
------------------------------------------
-----------------------------------------
| rollout/                |             |
|    ep_len_mean          | 66.2        |
|    ep_rew_mean          | 132         |
| time/                   |             |
|    fps                  | 232         |
|    iterations           | 56          |
|    time_elapsed         | 988         |
|    total_timesteps      | 229376      |
| train/                  |             |
|    approx_kl            | 0.007874124 |
|    clip_fraction        | 0.0645      |
|    clip_range           | 0.2         |
|    entropy_loss         | -5.61       |
|    explained_variance   | 0.00292     |
|    learning_rate        | 0.0001      |
|    loss                 | 47.7        |
|    n_updates            | 471         |
|    policy_gradient_loss | -0.00585    |
|    std                  | 0.984       |
|    value_loss           | 2.66e+03    |
-----------------------------------------
------------------------------------------
| rollout/                |              |
|    ep_len_mean          | 65.8         |
|    ep_rew_mean          | 143          |
| time/                   |              |
|    fps                  | 230          |
|    iterations           | 57           |
|    time_elapsed         | 1014         |
|    total_timesteps      | 233472       |
| train/                  |              |
|    approx_kl            | 0.0057449173 |
|    clip_fraction        | 0.0501       |
|    clip_range           | 0.2          |
|    entropy_loss         | -5.61        |
|    explained_variance   | -0.0122      |
|    learning_rate        | 0.0001       |
|    loss                 | 1.52e+03     |
|    n_updates            | 481          |
|    policy_gradient_loss | -0.00446     |
|    std                  | 0.985        |
|    value_loss           | 3.18e+03     |
------------------------------------------
----------------------------------------
| rollout/                |            |
|    ep_len_mean          | 65.4       |
|    ep_rew_mean          | 156        |
| time/                   |            |
|    fps                  | 228        |
|    iterations           | 58         |
|    time_elapsed         | 1041       |
|    total_timesteps      | 237568     |
| train/                  |            |
|    approx_kl            | 0.00665443 |
|    clip_fraction        | 0.0486     |
|    clip_range           | 0.2        |
|    entropy_loss         | -5.62      |
|    explained_variance   | -0.0729    |
|    learning_rate        | 0.0001     |
|    loss                 | 1.59e+03   |
|    n_updates            | 491        |
|    policy_gradient_loss | -0.00228   |
|    std                  | 0.985      |
|    value_loss           | 3.76e+03   |
----------------------------------------
Eval num_timesteps=240000, episode_reward=287.20 +/- 174.77
Episode length: 64.80 +/- 1.17
-----------------------------------------
| eval/                   |             |
|    mean_ep_length       | 64.8        |
|    mean_reward          | 287         |
| time/                   |             |
|    total_timesteps      | 240000      |
| train/                  |             |
|    approx_kl            | 0.012062831 |
|    clip_fraction        | 0.0467      |
|    clip_range           | 0.2         |
|    entropy_loss         | -5.61       |
|    explained_variance   | -0.00586    |
|    learning_rate        | 0.0001      |
|    loss                 | 3.08e+03    |
|    n_updates            | 501         |
|    policy_gradient_loss | -0.00447    |
|    std                  | 0.984       |
|    value_loss           | 4.11e+03    |
-----------------------------------------
---------------------------------
| rollout/           |          |
|    ep_len_mean     | 67.6     |
|    ep_rew_mean     | 172      |
| time/              |          |
|    fps             | 226      |
|    iterations      | 59       |
|    time_elapsed    | 1069     |
|    total_timesteps | 241664   |
---------------------------------
Early stopping at step 0 due to reaching max kl: 0.03
-----------------------------------------
| rollout/                |             |
|    ep_len_mean          | 69.8        |
|    ep_rew_mean          | 180         |
| time/                   |             |
|    fps                  | 228         |
|    iterations           | 60          |
|    time_elapsed         | 1073        |
|    total_timesteps      | 245760      |
| train/                  |             |
|    approx_kl            | 0.014545748 |
|    clip_fraction        | 0.183       |
|    clip_range           | 0.2         |
|    entropy_loss         | -5.61       |
|    explained_variance   | 0.0024      |
|    learning_rate        | 0.0001      |
|    loss                 | 5.74e+03    |
|    n_updates            | 502         |
|    policy_gradient_loss | 0.00842     |
|    std                  | 0.984       |
|    value_loss           | 5.16e+03    |
-----------------------------------------
Early stopping at step 9 due to reaching max kl: 0.03
-----------------------------------------
| rollout/                |             |
|    ep_len_mean          | 66.9        |
|    ep_rew_mean          | 156         |
| time/                   |             |
|    fps                  | 226         |
|    iterations           | 61          |
|    time_elapsed         | 1101        |
|    total_timesteps      | 249856      |
| train/                  |             |
|    approx_kl            | 0.022005018 |
|    clip_fraction        | 0.057       |
|    clip_range           | 0.2         |
|    entropy_loss         | -5.61       |
|    explained_variance   | -0.00948    |
|    learning_rate        | 0.0001      |
|    loss                 | 1.64e+03    |
|    n_updates            | 512         |
|    policy_gradient_loss | -0.00376    |
|    std                  | 0.984       |
|    value_loss           | 3.56e+03    |
-----------------------------------------
Early stopping at step 1 due to reaching max kl: 0.03
-----------------------------------------
| rollout/                |             |
|    ep_len_mean          | 68.6        |
|    ep_rew_mean          | 156         |
| time/                   |             |
|    fps                  | 229         |
|    iterations           | 62          |
|    time_elapsed         | 1107        |
|    total_timesteps      | 253952      |
| train/                  |             |
|    approx_kl            | 0.017143764 |
|    clip_fraction        | 0.104       |
|    clip_range           | 0.2         |
|    entropy_loss         | -5.61       |
|    explained_variance   | -0.0314     |
|    learning_rate        | 0.0001      |
|    loss                 | 59.7        |
|    n_updates            | 514         |
|    policy_gradient_loss | 0.000361    |
|    std                  | 0.984       |
|    value_loss           | 4.22e+03    |
-----------------------------------------
Early stopping at step 0 due to reaching max kl: 0.03
-----------------------------------------
| rollout/                |             |
|    ep_len_mean          | 65.9        |
|    ep_rew_mean          | 127         |
| time/                   |             |
|    fps                  | 232         |
|    iterations           | 63          |
|    time_elapsed         | 1110        |
|    total_timesteps      | 258048      |
| train/                  |             |
|    approx_kl            | 0.012677719 |
|    clip_fraction        | 0.153       |
|    clip_range           | 0.2         |
|    entropy_loss         | -5.61       |
|    explained_variance   | -0.00918    |
|    learning_rate        | 0.0001      |
|    loss                 | 80          |
|    n_updates            | 515         |
|    policy_gradient_loss | 0.0118      |
|    std                  | 0.984       |
|    value_loss           | 2.63e+03    |
-----------------------------------------
Early stopping at step 0 due to reaching max kl: 0.03
Eval num_timesteps=260000, episode_reward=56.07 +/- 14.06
Episode length: 59.60 +/- 3.07
-----------------------------------------
| eval/                   |             |
|    mean_ep_length       | 59.6        |
|    mean_reward          | 56.1        |
| time/                   |             |
|    total_timesteps      | 260000      |
| train/                  |             |
|    approx_kl            | 0.009293607 |
|    clip_fraction        | 0.11        |
|    clip_range           | 0.2         |
|    entropy_loss         | -5.61       |
|    explained_variance   | -0.0102     |
|    learning_rate        | 0.0001      |
|    loss                 | 1.7e+03     |
|    n_updates            | 516         |
|    policy_gradient_loss | 0.00416     |
|    std                  | 0.985       |
|    value_loss           | 2.52e+03    |
-----------------------------------------
---------------------------------
| rollout/           |          |
|    ep_len_mean     | 64.1     |
|    ep_rew_mean     | 79.4     |
| time/              |          |
|    fps             | 235      |
|    iterations      | 64       |
|    time_elapsed    | 1115     |
|    total_timesteps | 262144   |
---------------------------------
-----------------------------------------
| rollout/                |             |
|    ep_len_mean          | 61.3        |
|    ep_rew_mean          | 64.9        |
| time/                   |             |
|    fps                  | 233         |
|    iterations           | 65          |
|    time_elapsed         | 1140        |
|    total_timesteps      | 266240      |
| train/                  |             |
|    approx_kl            | 0.007209886 |
|    clip_fraction        | 0.103       |
|    clip_range           | 0.2         |
|    entropy_loss         | -5.61       |
|    explained_variance   | 0.0658      |
|    learning_rate        | 0.0001      |
|    loss                 | 30.3        |
|    n_updates            | 526         |
|    policy_gradient_loss | -0.00467    |
|    std                  | 0.985       |
|    value_loss           | 925         |
-----------------------------------------
Early stopping at step 6 due to reaching max kl: 0.04
-----------------------------------------
| rollout/                |             |
|    ep_len_mean          | 65.6        |
|    ep_rew_mean          | 85.3        |
| time/                   |             |
|    fps                  | 233         |
|    iterations           | 66          |
|    time_elapsed         | 1157        |
|    total_timesteps      | 270336      |
| train/                  |             |
|    approx_kl            | 0.012006428 |
|    clip_fraction        | 0.0807      |
|    clip_range           | 0.2         |
|    entropy_loss         | -5.61       |
|    explained_variance   | 0.0479      |
|    learning_rate        | 0.0001      |
|    loss                 | 11.4        |
|    n_updates            | 533         |
|    policy_gradient_loss | -0.00679    |
|    std                  | 0.984       |
|    value_loss           | 955         |
-----------------------------------------
-----------------------------------------
| rollout/                |             |
|    ep_len_mean          | 68.4        |
|    ep_rew_mean          | 119         |
| time/                   |             |
|    fps                  | 231         |
|    iterations           | 67          |
|    time_elapsed         | 1184        |
|    total_timesteps      | 274432      |
| train/                  |             |
|    approx_kl            | 0.008143135 |
|    clip_fraction        | 0.0806      |
|    clip_range           | 0.2         |
|    entropy_loss         | -5.61       |
|    explained_variance   | -0.0164     |
|    learning_rate        | 0.0001      |
|    loss                 | 17.4        |
|    n_updates            | 543         |
|    policy_gradient_loss | -0.003      |
|    std                  | 0.984       |
|    value_loss           | 1.69e+03    |
-----------------------------------------
-----------------------------------------
| rollout/                |             |
|    ep_len_mean          | 66.5        |
|    ep_rew_mean          | 119         |
| time/                   |             |
|    fps                  | 229         |
|    iterations           | 68          |
|    time_elapsed         | 1211        |
|    total_timesteps      | 278528      |
| train/                  |             |
|    approx_kl            | 0.004626691 |
|    clip_fraction        | 0.0269      |
|    clip_range           | 0.2         |
|    entropy_loss         | -5.61       |
|    explained_variance   | -0.105      |
|    learning_rate        | 0.0001      |
|    loss                 | 49.6        |
|    n_updates            | 553         |
|    policy_gradient_loss | -0.00413    |
|    std                  | 0.984       |
|    value_loss           | 3.14e+03    |
-----------------------------------------
Eval num_timesteps=280000, episode_reward=79.15 +/- 9.71
Episode length: 67.20 +/- 0.40
------------------------------------------
| eval/                   |              |
|    mean_ep_length       | 67.2         |
|    mean_reward          | 79.1         |
| time/                   |              |
|    total_timesteps      | 280000       |
| train/                  |              |
|    approx_kl            | 0.0041577118 |
|    clip_fraction        | 0.0745       |
|    clip_range           | 0.2          |
|    entropy_loss         | -5.61        |
|    explained_variance   | 0.00241      |
|    learning_rate        | 0.0001       |
|    loss                 | 1.56e+03     |
|    n_updates            | 563          |
|    policy_gradient_loss | -0.00565     |
|    std                  | 0.984        |
|    value_loss           | 1.93e+03     |
------------------------------------------
---------------------------------
| rollout/           |          |
|    ep_len_mean     | 64       |
|    ep_rew_mean     | 112      |
| time/              |          |
|    fps             | 228      |
|    iterations      | 69       |
|    time_elapsed    | 1238     |
|    total_timesteps | 282624   |
---------------------------------
------------------------------------------
| rollout/                |              |
|    ep_len_mean          | 63.5         |
|    ep_rew_mean          | 127          |
| time/                   |              |
|    fps                  | 227          |
|    iterations           | 70           |
|    time_elapsed         | 1260         |
|    total_timesteps      | 286720       |
| train/                  |              |
|    approx_kl            | 0.0056260386 |
|    clip_fraction        | 0.0424       |
|    clip_range           | 0.2          |
|    entropy_loss         | -5.61        |
|    explained_variance   | 0.0121       |
|    learning_rate        | 0.0001       |
|    loss                 | 28           |
|    n_updates            | 573          |
|    policy_gradient_loss | -0.00353     |
|    std                  | 0.982        |
|    value_loss           | 1.9e+03      |
------------------------------------------
-----------------------------------------
| rollout/                |             |
|    ep_len_mean          | 59.3        |
|    ep_rew_mean          | 115         |
| time/                   |             |
|    fps                  | 226         |
|    iterations           | 71          |
|    time_elapsed         | 1284        |
|    total_timesteps      | 290816      |
| train/                  |             |
|    approx_kl            | 0.003924134 |
|    clip_fraction        | 0.0308      |
|    clip_range           | 0.2         |
|    entropy_loss         | -5.6        |
|    explained_variance   | -0.00389    |
|    learning_rate        | 0.0001      |
|    loss                 | 708         |
|    n_updates            | 583         |
|    policy_gradient_loss | -0.00477    |
|    std                  | 0.983       |
|    value_loss           | 2.88e+03    |
-----------------------------------------
-----------------------------------------
| rollout/                |             |
|    ep_len_mean          | 62.8        |
|    ep_rew_mean          | 103         |
| time/                   |             |
|    fps                  | 225         |
|    iterations           | 72          |
|    time_elapsed         | 1309        |
|    total_timesteps      | 294912      |
| train/                  |             |
|    approx_kl            | 0.007936057 |
|    clip_fraction        | 0.0781      |
|    clip_range           | 0.2         |
|    entropy_loss         | -5.61       |
|    explained_variance   | -0.0298     |
|    learning_rate        | 0.0001      |
|    loss                 | 1.16e+03    |
|    n_updates            | 593         |
|    policy_gradient_loss | -0.00611    |
|    std                  | 0.983       |
|    value_loss           | 2.23e+03    |
-----------------------------------------
------------------------------------------
| rollout/                |              |
|    ep_len_mean          | 60.7         |
|    ep_rew_mean          | 91.9         |
| time/                   |              |
|    fps                  | 223          |
|    iterations           | 73           |
|    time_elapsed         | 1336         |
|    total_timesteps      | 299008       |
| train/                  |              |
|    approx_kl            | 0.0076104403 |
|    clip_fraction        | 0.061        |
|    clip_range           | 0.2          |
|    entropy_loss         | -5.6         |
|    explained_variance   | -0.0419      |
|    learning_rate        | 0.0001       |
|    loss                 | 2.35e+03     |
|    n_updates            | 603          |
|    policy_gradient_loss | -0.00487     |
|    std                  | 0.982        |
|    value_loss           | 1.63e+03     |
------------------------------------------
Early stopping at step 0 due to reaching max kl: 0.04
Eval num_timesteps=300000, episode_reward=133.98 +/- 110.24
Episode length: 68.80 +/- 8.06
-----------------------------------------
| eval/                   |             |
|    mean_ep_length       | 68.8        |
|    mean_reward          | 134         |
| time/                   |             |
|    total_timesteps      | 300000      |
| train/                  |             |
|    approx_kl            | 0.008785461 |
|    clip_fraction        | 0.105       |
|    clip_range           | 0.2         |
|    entropy_loss         | -5.6        |
|    explained_variance   | -0.0147     |
|    learning_rate        | 0.0001      |
|    loss                 | 1.51e+03    |
|    n_updates            | 604         |
|    policy_gradient_loss | 0.00326     |
|    std                  | 0.981       |
|    value_loss           | 1.73e+03    |
-----------------------------------------
---------------------------------
| rollout/           |          |
|    ep_len_mean     | 61.6     |
|    ep_rew_mean     | 111      |
| time/              |          |
|    fps             | 226      |
|    iterations      | 74       |
|    time_elapsed    | 1340     |
|    total_timesteps | 303104   |
---------------------------------
-----------------------------------------
| rollout/                |             |
|    ep_len_mean          | 63.2        |
|    ep_rew_mean          | 124         |
| time/                   |             |
|    fps                  | 225         |
|    iterations           | 75          |
|    time_elapsed         | 1360        |
|    total_timesteps      | 307200      |
| train/                  |             |
|    approx_kl            | 0.009509681 |
|    clip_fraction        | 0.1         |
|    clip_range           | 0.2         |
|    entropy_loss         | -5.6        |
|    explained_variance   | -0.042      |
|    learning_rate        | 0.0001      |
|    loss                 | 16          |
|    n_updates            | 614         |
|    policy_gradient_loss | -0.00484    |
|    std                  | 0.981       |
|    value_loss           | 2.78e+03    |
-----------------------------------------
Early stopping at step 3 due to reaching max kl: 0.03
-----------------------------------------
| rollout/                |             |
|    ep_len_mean          | 61.3        |
|    ep_rew_mean          | 93.2        |
| time/                   |             |
|    fps                  | 227         |
|    iterations           | 76          |
|    time_elapsed         | 1371        |
|    total_timesteps      | 311296      |
| train/                  |             |
|    approx_kl            | 0.025991876 |
|    clip_fraction        | 0.0761      |
|    clip_range           | 0.2         |
|    entropy_loss         | -5.6        |
|    explained_variance   | 0.009       |
|    learning_rate        | 0.0001      |
|    loss                 | 39.5        |
|    n_updates            | 618         |
|    policy_gradient_loss | 0.00209     |
|    std                  | 0.981       |
|    value_loss           | 2.29e+03    |
-----------------------------------------
-----------------------------------------
| rollout/                |             |
|    ep_len_mean          | 64          |
|    ep_rew_mean          | 84.6        |
| time/                   |             |
|    fps                  | 226         |
|    iterations           | 77          |
|    time_elapsed         | 1395        |
|    total_timesteps      | 315392      |
| train/                  |             |
|    approx_kl            | 0.008986932 |
|    clip_fraction        | 0.0579      |
|    clip_range           | 0.2         |
|    entropy_loss         | -5.6        |
|    explained_variance   | 0.0374      |
|    learning_rate        | 0.0001      |
|    loss                 | 19.7        |
|    n_updates            | 628         |
|    policy_gradient_loss | -0.00541    |
|    std                  | 0.981       |
|    value_loss           | 1.51e+03    |
-----------------------------------------
-----------------------------------------
| rollout/                |             |
|    ep_len_mean          | 64.3        |
|    ep_rew_mean          | 74          |
| time/                   |             |
|    fps                  | 225         |
|    iterations           | 78          |
|    time_elapsed         | 1419        |
|    total_timesteps      | 319488      |
| train/                  |             |
|    approx_kl            | 0.009495198 |
|    clip_fraction        | 0.0613      |
|    clip_range           | 0.2         |
|    entropy_loss         | -5.6        |
|    explained_variance   | 0.105       |
|    learning_rate        | 0.0001      |
|    loss                 | 12          |
|    n_updates            | 638         |
|    policy_gradient_loss | -0.00708    |
|    std                  | 0.98        |
|    value_loss           | 1.27e+03    |
-----------------------------------------
Eval num_timesteps=320000, episode_reward=130.91 +/- 127.85
Episode length: 67.80 +/- 9.62
-----------------------------------------
| eval/                   |             |
|    mean_ep_length       | 67.8        |
|    mean_reward          | 131         |
| time/                   |             |
|    total_timesteps      | 320000      |
| train/                  |             |
|    approx_kl            | 0.007338723 |
|    clip_fraction        | 0.061       |
|    clip_range           | 0.2         |
|    entropy_loss         | -5.59       |
|    explained_variance   | 0.0756      |
|    learning_rate        | 0.0001      |
|    loss                 | 15.5        |
|    n_updates            | 648         |
|    policy_gradient_loss | -0.00669    |
|    std                  | 0.98        |
|    value_loss           | 867         |
-----------------------------------------
---------------------------------
| rollout/           |          |
|    ep_len_mean     | 66.5     |
|    ep_rew_mean     | 121      |
| time/              |          |
|    fps             | 223      |
|    iterations      | 79       |
|    time_elapsed    | 1444     |
|    total_timesteps | 323584   |
---------------------------------
-----------------------------------------
| rollout/                |             |
|    ep_len_mean          | 68.4        |
|    ep_rew_mean          | 106         |
| time/                   |             |
|    fps                  | 222         |
|    iterations           | 80          |
|    time_elapsed         | 1472        |
|    total_timesteps      | 327680      |
| train/                  |             |
|    approx_kl            | 0.007169339 |
|    clip_fraction        | 0.0529      |
|    clip_range           | 0.2         |
|    entropy_loss         | -5.59       |
|    explained_variance   | -0.0377     |
|    learning_rate        | 0.0001      |
|    loss                 | 2.74e+03    |
|    n_updates            | 658         |
|    policy_gradient_loss | -0.00664    |
|    std                  | 0.979       |
|    value_loss           | 3.14e+03    |
-----------------------------------------
Early stopping at step 1 due to reaching max kl: 0.04
-----------------------------------------
| rollout/                |             |
|    ep_len_mean          | 66.3        |
|    ep_rew_mean          | 93.9        |
| time/                   |             |
|    fps                  | 224         |
|    iterations           | 81          |
|    time_elapsed         | 1479        |
|    total_timesteps      | 331776      |
| train/                  |             |
|    approx_kl            | 0.008317486 |
|    clip_fraction        | 0.0408      |
|    clip_range           | 0.2         |
|    entropy_loss         | -5.59       |
|    explained_variance   | 0.0264      |
|    learning_rate        | 0.0001      |
|    loss                 | 1.32e+03    |
|    n_updates            | 660         |
|    policy_gradient_loss | 9.03e-05    |
|    std                  | 0.979       |
|    value_loss           | 1.54e+03    |
-----------------------------------------
-----------------------------------------
| rollout/                |             |
|    ep_len_mean          | 67          |
|    ep_rew_mean          | 74.5        |
| time/                   |             |
|    fps                  | 222         |
|    iterations           | 82          |
|    time_elapsed         | 1506        |
|    total_timesteps      | 335872      |
| train/                  |             |
|    approx_kl            | 0.009312583 |
|    clip_fraction        | 0.0758      |
|    clip_range           | 0.2         |
|    entropy_loss         | -5.59       |
|    explained_variance   | 0.102       |
|    learning_rate        | 0.0001      |
|    loss                 | 7.04        |
|    n_updates            | 670         |
|    policy_gradient_loss | -0.008      |
|    std                  | 0.979       |
|    value_loss           | 1.12e+03    |
-----------------------------------------
-----------------------------------------
| rollout/                |             |
|    ep_len_mean          | 70.3        |
|    ep_rew_mean          | 94.6        |
| time/                   |             |
|    fps                  | 221         |
|    iterations           | 83          |
|    time_elapsed         | 1534        |
|    total_timesteps      | 339968      |
| train/                  |             |
|    approx_kl            | 0.010768805 |
|    clip_fraction        | 0.147       |
|    clip_range           | 0.2         |
|    entropy_loss         | -5.59       |
|    explained_variance   | 0.0997      |
|    learning_rate        | 0.0001      |
|    loss                 | 33.7        |
|    n_updates            | 680         |
|    policy_gradient_loss | -0.00582    |
|    std                  | 0.978       |
|    value_loss           | 1.07e+03    |
-----------------------------------------
Eval num_timesteps=340000, episode_reward=79.40 +/- 15.69
Episode length: 90.60 +/- 5.00
-----------------------------------------
| eval/                   |             |
|    mean_ep_length       | 90.6        |
|    mean_reward          | 79.4        |
| time/                   |             |
|    total_timesteps      | 340000      |
| train/                  |             |
|    approx_kl            | 0.008796881 |
|    clip_fraction        | 0.0719      |
|    clip_range           | 0.2         |
|    entropy_loss         | -5.59       |
|    explained_variance   | 0.00848     |
|    learning_rate        | 0.0001      |
|    loss                 | 1.84e+03    |
|    n_updates            | 690         |
|    policy_gradient_loss | -0.00642    |
|    std                  | 0.979       |
|    value_loss           | 1.46e+03    |
-----------------------------------------
---------------------------------
| rollout/           |          |
|    ep_len_mean     | 70.5     |
|    ep_rew_mean     | 93.2     |
| time/              |          |
|    fps             | 219      |
|    iterations      | 84       |
|    time_elapsed    | 1564     |
|    total_timesteps | 344064   |
---------------------------------
------------------------------------------
| rollout/                |              |
|    ep_len_mean          | 72.4         |
|    ep_rew_mean          | 82.6         |
| time/                   |              |
|    fps                  | 218          |
|    iterations           | 85           |
|    time_elapsed         | 1595         |
|    total_timesteps      | 348160       |
| train/                  |              |
|    approx_kl            | 0.0059804535 |
|    clip_fraction        | 0.032        |
|    clip_range           | 0.2          |
|    entropy_loss         | -5.59        |
|    explained_variance   | 0.0444       |
|    learning_rate        | 0.0001       |
|    loss                 | 1.62e+03     |
|    n_updates            | 700          |
|    policy_gradient_loss | -0.00616     |
|    std                  | 0.979        |
|    value_loss           | 1.23e+03     |
------------------------------------------
-----------------------------------------
| rollout/                |             |
|    ep_len_mean          | 69.4        |
|    ep_rew_mean          | 74.4        |
| time/                   |             |
|    fps                  | 216         |
|    iterations           | 86          |
|    time_elapsed         | 1623        |
|    total_timesteps      | 352256      |
| train/                  |             |
|    approx_kl            | 0.010471246 |
|    clip_fraction        | 0.103       |
|    clip_range           | 0.2         |
|    entropy_loss         | -5.59       |
|    explained_variance   | 0.15        |
|    learning_rate        | 0.0001      |
|    loss                 | 10.9        |
|    n_updates            | 710         |
|    policy_gradient_loss | -0.0117     |
|    std                  | 0.98        |
|    value_loss           | 438         |
-----------------------------------------
-----------------------------------------
| rollout/                |             |
|    ep_len_mean          | 70          |
|    ep_rew_mean          | 86          |
| time/                   |             |
|    fps                  | 215         |
|    iterations           | 87          |
|    time_elapsed         | 1652        |
|    total_timesteps      | 356352      |
| train/                  |             |
|    approx_kl            | 0.009506078 |
|    clip_fraction        | 0.0758      |
|    clip_range           | 0.2         |
|    entropy_loss         | -5.59       |
|    explained_variance   | 0.186       |
|    learning_rate        | 0.0001      |
|    loss                 | 18.5        |
|    n_updates            | 720         |
|    policy_gradient_loss | -0.0081     |
|    std                  | 0.979       |
|    value_loss           | 834         |
-----------------------------------------
Eval num_timesteps=360000, episode_reward=84.55 +/- 19.72
Episode length: 95.60 +/- 13.85
-----------------------------------------
| eval/                   |             |
|    mean_ep_length       | 95.6        |
|    mean_reward          | 84.6        |
| time/                   |             |
|    total_timesteps      | 360000      |
| train/                  |             |
|    approx_kl            | 0.012415301 |
|    clip_fraction        | 0.135       |
|    clip_range           | 0.2         |
|    entropy_loss         | -5.59       |
|    explained_variance   | 0.0426      |
|    learning_rate        | 0.0001      |
|    loss                 | 1.29e+03    |
|    n_updates            | 730         |
|    policy_gradient_loss | -0.00627    |
|    std                  | 0.979       |
|    value_loss           | 939         |
-----------------------------------------
---------------------------------
| rollout/           |          |
|    ep_len_mean     | 70.6     |
|    ep_rew_mean     | 77.5     |
| time/              |          |
|    fps             | 214      |
|    iterations      | 88       |
|    time_elapsed    | 1680     |
|    total_timesteps | 360448   |
---------------------------------
Early stopping at step 8 due to reaching max kl: 0.03
-----------------------------------------
| rollout/                |             |
|    ep_len_mean          | 66.7        |
|    ep_rew_mean          | 74.1        |
| time/                   |             |
|    fps                  | 213         |
|    iterations           | 89          |
|    time_elapsed         | 1705        |
|    total_timesteps      | 364544      |
| train/                  |             |
|    approx_kl            | 0.016585724 |
|    clip_fraction        | 0.112       |
|    clip_range           | 0.2         |
|    entropy_loss         | -5.59       |
|    explained_variance   | 0.0731      |
|    learning_rate        | 0.0001      |
|    loss                 | 1.41e+03    |
|    n_updates            | 739         |
|    policy_gradient_loss | -0.00816    |
|    std                  | 0.978       |
|    value_loss           | 667         |
-----------------------------------------
-----------------------------------------
| rollout/                |             |
|    ep_len_mean          | 71.4        |
|    ep_rew_mean          | 75.9        |
| time/                   |             |
|    fps                  | 212         |
|    iterations           | 90          |
|    time_elapsed         | 1733        |
|    total_timesteps      | 368640      |
| train/                  |             |
|    approx_kl            | 0.008946072 |
|    clip_fraction        | 0.094       |
|    clip_range           | 0.2         |
|    entropy_loss         | -5.59       |
|    explained_variance   | -0.0584     |
|    learning_rate        | 0.0001      |
|    loss                 | 15.1        |
|    n_updates            | 749         |
|    policy_gradient_loss | -0.00834    |
|    std                  | 0.979       |
|    value_loss           | 868         |
-----------------------------------------
-----------------------------------------
| rollout/                |             |
|    ep_len_mean          | 71.7        |
|    ep_rew_mean          | 85.4        |
| time/                   |             |
|    fps                  | 212         |
|    iterations           | 91          |
|    time_elapsed         | 1757        |
|    total_timesteps      | 372736      |
| train/                  |             |
|    approx_kl            | 0.009907115 |
|    clip_fraction        | 0.0868      |
|    clip_range           | 0.2         |
|    entropy_loss         | -5.6        |
|    explained_variance   | 0.107       |
|    learning_rate        | 0.0001      |
|    loss                 | 17.4        |
|    n_updates            | 759         |
|    policy_gradient_loss | -0.01       |
|    std                  | 0.982       |
|    value_loss           | 683         |
-----------------------------------------
-----------------------------------------
| rollout/                |             |
|    ep_len_mean          | 71.5        |
|    ep_rew_mean          | 77.4        |
| time/                   |             |
|    fps                  | 212         |
|    iterations           | 92          |
|    time_elapsed         | 1775        |
|    total_timesteps      | 376832      |
| train/                  |             |
|    approx_kl            | 0.011466799 |
|    clip_fraction        | 0.093       |
|    clip_range           | 0.2         |
|    entropy_loss         | -5.6        |
|    explained_variance   | -0.093      |
|    learning_rate        | 0.0001      |
|    loss                 | 13          |
|    n_updates            | 769         |
|    policy_gradient_loss | -0.00919    |
|    std                  | 0.981       |
|    value_loss           | 1.2e+03     |
-----------------------------------------
Eval num_timesteps=380000, episode_reward=181.02 +/- 182.64
Episode length: 112.20 +/- 47.84
------------------------------------------
| eval/                   |              |
|    mean_ep_length       | 112          |
|    mean_reward          | 181          |
| time/                   |              |
|    total_timesteps      | 380000       |
| train/                  |              |
|    approx_kl            | 0.0071470756 |
|    clip_fraction        | 0.0734       |
|    clip_range           | 0.2          |
|    entropy_loss         | -5.6         |
|    explained_variance   | 0.0146       |
|    learning_rate        | 0.0001       |
|    loss                 | 12.4         |
|    n_updates            | 779          |
|    policy_gradient_loss | -0.00461     |
|    std                  | 0.982        |
|    value_loss           | 605          |
------------------------------------------
---------------------------------
| rollout/           |          |
|    ep_len_mean     | 71.6     |
|    ep_rew_mean     | 76.9     |
| time/              |          |
|    fps             | 212      |
|    iterations      | 93       |
|    time_elapsed    | 1794     |
|    total_timesteps | 380928   |
---------------------------------
-----------------------------------------
| rollout/                |             |
|    ep_len_mean          | 71.3        |
|    ep_rew_mean          | 99.1        |
| time/                   |             |
|    fps                  | 210         |
|    iterations           | 94          |
|    time_elapsed         | 1828        |
|    total_timesteps      | 385024      |
| train/                  |             |
|    approx_kl            | 0.010817531 |
|    clip_fraction        | 0.0999      |
|    clip_range           | 0.2         |
|    entropy_loss         | -5.6        |
|    explained_variance   | 0.0133      |
|    learning_rate        | 0.0001      |
|    loss                 | 3.78        |
|    n_updates            | 789         |
|    policy_gradient_loss | -0.00588    |
|    std                  | 0.981       |
|    value_loss           | 765         |
-----------------------------------------
-----------------------------------------
| rollout/                |             |
|    ep_len_mean          | 74.2        |
|    ep_rew_mean          | 133         |
| time/                   |             |
|    fps                  | 209         |
|    iterations           | 95          |
|    time_elapsed         | 1858        |
|    total_timesteps      | 389120      |
| train/                  |             |
|    approx_kl            | 0.008772926 |
|    clip_fraction        | 0.0811      |
|    clip_range           | 0.2         |
|    entropy_loss         | -5.6        |
|    explained_variance   | -0.197      |
|    learning_rate        | 0.0001      |
|    loss                 | 18.8        |
|    n_updates            | 799         |
|    policy_gradient_loss | -0.00575    |
|    std                  | 0.981       |
|    value_loss           | 1.97e+03    |
-----------------------------------------
-----------------------------------------
| rollout/                |             |
|    ep_len_mean          | 82.1        |
|    ep_rew_mean          | 133         |
| time/                   |             |
|    fps                  | 208         |
|    iterations           | 96          |
|    time_elapsed         | 1889        |
|    total_timesteps      | 393216      |
| train/                  |             |
|    approx_kl            | 0.004782022 |
|    clip_fraction        | 0.0523      |
|    clip_range           | 0.2         |
|    entropy_loss         | -5.6        |
|    explained_variance   | -0.058      |
|    learning_rate        | 0.0001      |
|    loss                 | 1.55e+03    |
|    n_updates            | 809         |
|    policy_gradient_loss | -0.00399    |
|    std                  | 0.982       |
|    value_loss           | 2.59e+03    |
-----------------------------------------
-----------------------------------------
| rollout/                |             |
|    ep_len_mean          | 85          |
|    ep_rew_mean          | 139         |
| time/                   |             |
|    fps                  | 206         |
|    iterations           | 97          |
|    time_elapsed         | 1924        |
|    total_timesteps      | 397312      |
| train/                  |             |
|    approx_kl            | 0.010417538 |
|    clip_fraction        | 0.0799      |
|    clip_range           | 0.2         |
|    entropy_loss         | -5.6        |
|    explained_variance   | 0.0983      |
|    learning_rate        | 0.0001      |
|    loss                 | 22.6        |
|    n_updates            | 819         |
|    policy_gradient_loss | -0.00931    |
|    std                  | 0.98        |
|    value_loss           | 1.5e+03     |
-----------------------------------------
Early stopping at step 0 due to reaching max kl: 0.03
Eval num_timesteps=400000, episode_reward=285.46 +/- 228.03
Episode length: 114.20 +/- 14.37
-----------------------------------------
| eval/                   |             |
|    mean_ep_length       | 114         |
|    mean_reward          | 285         |
| time/                   |             |
|    total_timesteps      | 400000      |
| train/                  |             |
|    approx_kl            | 0.007072561 |
|    clip_fraction        | 0.081       |
|    clip_range           | 0.2         |
|    entropy_loss         | -5.6        |
|    explained_variance   | -0.0524     |
|    learning_rate        | 0.0001      |
|    loss                 | 1.8e+03     |
|    n_updates            | 820         |
|    policy_gradient_loss | 0.00416     |
|    std                  | 0.98        |
|    value_loss           | 2.89e+03    |
-----------------------------------------
---------------------------------
| rollout/           |          |
|    ep_len_mean     | 87.2     |
|    ep_rew_mean     | 149      |
| time/              |          |
|    fps             | 207      |
|    iterations      | 98       |
|    time_elapsed    | 1931     |
|    total_timesteps | 401408   |
---------------------------------
-----------------------------------------
| rollout/                |             |
|    ep_len_mean          | 89.4        |
|    ep_rew_mean          | 130         |
| time/                   |             |
|    fps                  | 206         |
|    iterations           | 99          |
|    time_elapsed         | 1966        |
|    total_timesteps      | 405504      |
| train/                  |             |
|    approx_kl            | 0.010961121 |
|    clip_fraction        | 0.101       |
|    clip_range           | 0.2         |
|    entropy_loss         | -5.59       |
|    explained_variance   | 0.0966      |
|    learning_rate        | 0.0001      |
|    loss                 | 39.1        |
|    n_updates            | 830         |
|    policy_gradient_loss | -0.00762    |
|    std                  | 0.979       |
|    value_loss           | 1.73e+03    |
-----------------------------------------
-----------------------------------------
| rollout/                |             |
|    ep_len_mean          | 87.6        |
|    ep_rew_mean          | 122         |
| time/                   |             |
|    fps                  | 204         |
|    iterations           | 100         |
|    time_elapsed         | 2000        |
|    total_timesteps      | 409600      |
| train/                  |             |
|    approx_kl            | 0.007362174 |
|    clip_fraction        | 0.0548      |
|    clip_range           | 0.2         |
|    entropy_loss         | -5.59       |
|    explained_variance   | -0.0101     |
|    learning_rate        | 0.0001      |
|    loss                 | 61.4        |
|    n_updates            | 840         |
|    policy_gradient_loss | -0.00515    |
|    std                  | 0.979       |
|    value_loss           | 1.54e+03    |
-----------------------------------------
Early stopping at step 6 due to reaching max kl: 0.04
------------------------------------------
| rollout/                |              |
|    ep_len_mean          | 91.2         |
|    ep_rew_mean          | 145          |
| time/                   |              |
|    fps                  | 204          |
|    iterations           | 101          |
|    time_elapsed         | 2024         |
|    total_timesteps      | 413696       |
| train/                  |              |
|    approx_kl            | 0.0101243025 |
|    clip_fraction        | 0.0481       |
|    clip_range           | 0.2          |
|    entropy_loss         | -5.59        |
|    explained_variance   | 0.0776       |
|    learning_rate        | 0.0001       |
|    loss                 | 2.46e+03     |
|    n_updates            | 847          |
|    policy_gradient_loss | -0.00186     |
|    std                  | 0.978        |
|    value_loss           | 1.9e+03      |
------------------------------------------
-----------------------------------------
| rollout/                |             |
|    ep_len_mean          | 96.2        |
|    ep_rew_mean          | 163         |
| time/                   |             |
|    fps                  | 203         |
|    iterations           | 102         |
|    time_elapsed         | 2053        |
|    total_timesteps      | 417792      |
| train/                  |             |
|    approx_kl            | 0.012635228 |
|    clip_fraction        | 0.0823      |
|    clip_range           | 0.2         |
|    entropy_loss         | -5.59       |
|    explained_variance   | 0.0403      |
|    learning_rate        | 0.0001      |
|    loss                 | 3.16e+03    |
|    n_updates            | 857         |
|    policy_gradient_loss | -0.00445    |
|    std                  | 0.978       |
|    value_loss           | 2.59e+03    |
-----------------------------------------
Eval num_timesteps=420000, episode_reward=363.69 +/- 185.14
Episode length: 120.20 +/- 22.54
-----------------------------------------
| eval/                   |             |
|    mean_ep_length       | 120         |
|    mean_reward          | 364         |
| time/                   |             |
|    total_timesteps      | 420000      |
| train/                  |             |
|    approx_kl            | 0.014878884 |
|    clip_fraction        | 0.0991      |
|    clip_range           | 0.2         |
|    entropy_loss         | -5.59       |
|    explained_variance   | 0.0945      |
|    learning_rate        | 0.0001      |
|    loss                 | 1.69e+03    |
|    n_updates            | 867         |
|    policy_gradient_loss | -0.00595    |
|    std                  | 0.979       |
|    value_loss           | 1.9e+03     |
-----------------------------------------
New best mean reward!
---------------------------------
| rollout/           |          |
|    ep_len_mean     | 92       |
|    ep_rew_mean     | 163      |
| time/              |          |
|    fps             | 201      |
|    iterations      | 103      |
|    time_elapsed    | 2089     |
|    total_timesteps | 421888   |
---------------------------------
------------------------------------------
| rollout/                |              |
|    ep_len_mean          | 93.4         |
|    ep_rew_mean          | 181          |
| time/                   |              |
|    fps                  | 200          |
|    iterations           | 104          |
|    time_elapsed         | 2120         |
|    total_timesteps      | 425984       |
| train/                  |              |
|    approx_kl            | 0.0055338168 |
|    clip_fraction        | 0.0429       |
|    clip_range           | 0.2          |
|    entropy_loss         | -5.59        |
|    explained_variance   | 0.0198       |
|    learning_rate        | 0.0001       |
|    loss                 | 4.51e+03     |
|    n_updates            | 877          |
|    policy_gradient_loss | -0.0043      |
|    std                  | 0.978        |
|    value_loss           | 3.31e+03     |
------------------------------------------
-----------------------------------------
| rollout/                |             |
|    ep_len_mean          | 98.5        |
|    ep_rew_mean          | 203         |
| time/                   |             |
|    fps                  | 200         |
|    iterations           | 105         |
|    time_elapsed         | 2141        |
|    total_timesteps      | 430080      |
| train/                  |             |
|    approx_kl            | 0.005734043 |
|    clip_fraction        | 0.0482      |
|    clip_range           | 0.2         |
|    entropy_loss         | -5.59       |
|    explained_variance   | 0.0665      |
|    learning_rate        | 0.0001      |
|    loss                 | 64.7        |
|    n_updates            | 887         |
|    policy_gradient_loss | -0.00594    |
|    std                  | 0.978       |
|    value_loss           | 2.99e+03    |
-----------------------------------------
Early stopping at step 3 due to reaching max kl: 0.03
----------------------------------------
| rollout/                |            |
|    ep_len_mean          | 93         |
|    ep_rew_mean          | 188        |
| time/                   |            |
|    fps                  | 202        |
|    iterations           | 106        |
|    time_elapsed         | 2149       |
|    total_timesteps      | 434176     |
| train/                  |            |
|    approx_kl            | 0.02222176 |
|    clip_fraction        | 0.0889     |
|    clip_range           | 0.2        |
|    entropy_loss         | -5.59      |
|    explained_variance   | 0.0841     |
|    learning_rate        | 0.0001     |
|    loss                 | 683        |
|    n_updates            | 891        |
|    policy_gradient_loss | -0.000411  |
|    std                  | 0.978      |
|    value_loss           | 3.36e+03   |
----------------------------------------
------------------------------------------
| rollout/                |              |
|    ep_len_mean          | 90.9         |
|    ep_rew_mean          | 181          |
| time/                   |              |
|    fps                  | 202          |
|    iterations           | 107          |
|    time_elapsed         | 2168         |
|    total_timesteps      | 438272       |
| train/                  |              |
|    approx_kl            | 0.0054165167 |
|    clip_fraction        | 0.0325       |
|    clip_range           | 0.2          |
|    entropy_loss         | -5.58        |
|    explained_variance   | -0.0961      |
|    learning_rate        | 0.0001       |
|    loss                 | 4.02e+03     |
|    n_updates            | 901          |
|    policy_gradient_loss | -0.00412     |
|    std                  | 0.977        |
|    value_loss           | 3.34e+03     |
------------------------------------------
Eval num_timesteps=440000, episode_reward=272.28 +/- 182.18
Episode length: 115.20 +/- 27.55
-----------------------------------------
| eval/                   |             |
|    mean_ep_length       | 115         |
|    mean_reward          | 272         |
| time/                   |             |
|    total_timesteps      | 440000      |
| train/                  |             |
|    approx_kl            | 0.009501055 |
|    clip_fraction        | 0.0552      |
|    clip_range           | 0.2         |
|    entropy_loss         | -5.58       |
|    explained_variance   | -0.0809     |
|    learning_rate        | 0.0001      |
|    loss                 | 20.1        |
|    n_updates            | 911         |
|    policy_gradient_loss | -0.00533    |
|    std                  | 0.977       |
|    value_loss           | 2.43e+03    |
-----------------------------------------
---------------------------------
| rollout/           |          |
|    ep_len_mean     | 85.5     |
|    ep_rew_mean     | 163      |
| time/              |          |
|    fps             | 202      |
|    iterations      | 108      |
|    time_elapsed    | 2188     |
|    total_timesteps | 442368   |
---------------------------------
-----------------------------------------
| rollout/                |             |
|    ep_len_mean          | 88.9        |
|    ep_rew_mean          | 192         |
| time/                   |             |
|    fps                  | 202         |
|    iterations           | 109         |
|    time_elapsed         | 2207        |
|    total_timesteps      | 446464      |
| train/                  |             |
|    approx_kl            | 0.012094371 |
|    clip_fraction        | 0.0871      |
|    clip_range           | 0.2         |
|    entropy_loss         | -5.58       |
|    explained_variance   | 0.0449      |
|    learning_rate        | 0.0001      |
|    loss                 | 1.57e+03    |
|    n_updates            | 921         |
|    policy_gradient_loss | -0.00731    |
|    std                  | 0.977       |
|    value_loss           | 3.04e+03    |
-----------------------------------------
-----------------------------------------
| rollout/                |             |
|    ep_len_mean          | 94.6        |
|    ep_rew_mean          | 205         |
| time/                   |             |
|    fps                  | 201         |
|    iterations           | 110         |
|    time_elapsed         | 2238        |
|    total_timesteps      | 450560      |
| train/                  |             |
|    approx_kl            | 0.010588473 |
|    clip_fraction        | 0.104       |
|    clip_range           | 0.2         |
|    entropy_loss         | -5.58       |
|    explained_variance   | -0.00561    |
|    learning_rate        | 0.0001      |
|    loss                 | 1.58e+03    |
|    n_updates            | 931         |
|    policy_gradient_loss | -0.00627    |
|    std                  | 0.977       |
|    value_loss           | 3.41e+03    |
-----------------------------------------
-----------------------------------------
| rollout/                |             |
|    ep_len_mean          | 96.5        |
|    ep_rew_mean          | 238         |
| time/                   |             |
|    fps                  | 199         |
|    iterations           | 111         |
|    time_elapsed         | 2273        |
|    total_timesteps      | 454656      |
| train/                  |             |
|    approx_kl            | 0.008295136 |
|    clip_fraction        | 0.0693      |
|    clip_range           | 0.2         |
|    entropy_loss         | -5.58       |
|    explained_variance   | -0.0383     |
|    learning_rate        | 0.0001      |
|    loss                 | 18.9        |
|    n_updates            | 941         |
|    policy_gradient_loss | -0.0061     |
|    std                  | 0.976       |
|    value_loss           | 3.23e+03    |
-----------------------------------------
------------------------------------------
| rollout/                |              |
|    ep_len_mean          | 94.6         |
|    ep_rew_mean          | 228          |
| time/                   |              |
|    fps                  | 198          |
|    iterations           | 112          |
|    time_elapsed         | 2307         |
|    total_timesteps      | 458752       |
| train/                  |              |
|    approx_kl            | 0.0058195586 |
|    clip_fraction        | 0.0704       |
|    clip_range           | 0.2          |
|    entropy_loss         | -5.58        |
|    explained_variance   | -0.07        |
|    learning_rate        | 0.0001       |
|    loss                 | 1.78e+03     |
|    n_updates            | 951          |
|    policy_gradient_loss | -0.00479     |
|    std                  | 0.977        |
|    value_loss           | 4.48e+03     |
------------------------------------------
Early stopping at step 7 due to reaching max kl: 0.03
Eval num_timesteps=460000, episode_reward=127.81 +/- 37.95
Episode length: 127.40 +/- 31.12
-----------------------------------------
| eval/                   |             |
|    mean_ep_length       | 127         |
|    mean_reward          | 128         |
| time/                   |             |
|    total_timesteps      | 460000      |
| train/                  |             |
|    approx_kl            | 0.032285888 |
|    clip_fraction        | 0.105       |
|    clip_range           | 0.2         |
|    entropy_loss         | -5.58       |
|    explained_variance   | 0.00274     |
|    learning_rate        | 0.0001      |
|    loss                 | 28.6        |
|    n_updates            | 959         |
|    policy_gradient_loss | -0.00349    |
|    std                  | 0.976       |
|    value_loss           | 3.89e+03    |
-----------------------------------------
---------------------------------
| rollout/           |          |
|    ep_len_mean     | 98.9     |
|    ep_rew_mean     | 281      |
| time/              |          |
|    fps             | 198      |
|    iterations      | 113      |
|    time_elapsed    | 2333     |
|    total_timesteps | 462848   |
---------------------------------
Early stopping at step 0 due to reaching max kl: 0.03
------------------------------------------
| rollout/                |              |
|    ep_len_mean          | 99.5         |
|    ep_rew_mean          | 260          |
| time/                   |              |
|    fps                  | 199          |
|    iterations           | 114          |
|    time_elapsed         | 2337         |
|    total_timesteps      | 466944       |
| train/                  |              |
|    approx_kl            | 0.0104706455 |
|    clip_fraction        | 0.139        |
|    clip_range           | 0.2          |
|    entropy_loss         | -5.58        |
|    explained_variance   | -0.0521      |
|    learning_rate        | 0.0001       |
|    loss                 | 3.61e+03     |
|    n_updates            | 960          |
|    policy_gradient_loss | 0.00794      |
|    std                  | 0.977        |
|    value_loss           | 4.59e+03     |
------------------------------------------
Early stopping at step 0 due to reaching max kl: 0.05
-----------------------------------------
| rollout/                |             |
|    ep_len_mean          | 99.7        |
|    ep_rew_mean          | 237         |
| time/                   |             |
|    fps                  | 201         |
|    iterations           | 115         |
|    time_elapsed         | 2340        |
|    total_timesteps      | 471040      |
| train/                  |             |
|    approx_kl            | 0.018005036 |
|    clip_fraction        | 0.183       |
|    clip_range           | 0.2         |
|    entropy_loss         | -5.58       |
|    explained_variance   | -0.0349     |
|    learning_rate        | 0.0001      |
|    loss                 | 1.64e+03    |
|    n_updates            | 961         |
|    policy_gradient_loss | 0.0111      |
|    std                  | 0.977       |
|    value_loss           | 3.08e+03    |
-----------------------------------------
Early stopping at step 0 due to reaching max kl: 0.04
-----------------------------------------
| rollout/                |             |
|    ep_len_mean          | 95.6        |
|    ep_rew_mean          | 191         |
| time/                   |             |
|    fps                  | 202         |
|    iterations           | 116         |
|    time_elapsed         | 2343        |
|    total_timesteps      | 475136      |
| train/                  |             |
|    approx_kl            | 0.017744958 |
|    clip_fraction        | 0.202       |
|    clip_range           | 0.2         |
|    entropy_loss         | -5.58       |
|    explained_variance   | -0.00755    |
|    learning_rate        | 0.0001      |
|    loss                 | 3.83e+03    |
|    n_updates            | 962         |
|    policy_gradient_loss | 0.00702     |
|    std                  | 0.977       |
|    value_loss           | 5.09e+03    |
-----------------------------------------
Early stopping at step 9 due to reaching max kl: 0.03
----------------------------------------
| rollout/                |            |
|    ep_len_mean          | 95.5       |
|    ep_rew_mean          | 147        |
| time/                   |            |
|    fps                  | 201        |
|    iterations           | 117        |
|    time_elapsed         | 2375       |
|    total_timesteps      | 479232     |
| train/                  |            |
|    approx_kl            | 0.02188848 |
|    clip_fraction        | 0.105      |
|    clip_range           | 0.2        |
|    entropy_loss         | -5.59      |
|    explained_variance   | 0.0702     |
|    learning_rate        | 0.0001     |
|    loss                 | 2.02e+03   |
|    n_updates            | 972        |
|    policy_gradient_loss | -0.00261   |
|    std                  | 0.979      |
|    value_loss           | 1.88e+03   |
----------------------------------------
Eval num_timesteps=480000, episode_reward=104.24 +/- 34.66
Episode length: 124.40 +/- 32.12
-----------------------------------------
| eval/                   |             |
|    mean_ep_length       | 124         |
|    mean_reward          | 104         |
| time/                   |             |
|    total_timesteps      | 480000      |
| train/                  |             |
|    approx_kl            | 0.009613417 |
|    clip_fraction        | 0.108       |
|    clip_range           | 0.2         |
|    entropy_loss         | -5.59       |
|    explained_variance   | 0.321       |
|    learning_rate        | 0.0001      |
|    loss                 | 9.87        |
|    n_updates            | 982         |
|    policy_gradient_loss | -0.00933    |
|    std                  | 0.978       |
|    value_loss           | 483         |
-----------------------------------------
---------------------------------
| rollout/           |          |
|    ep_len_mean     | 97.8     |
|    ep_rew_mean     | 112      |
| time/              |          |
|    fps             | 200      |
|    iterations      | 118      |
|    time_elapsed    | 2414     |
|    total_timesteps | 483328   |
---------------------------------
-----------------------------------------
| rollout/                |             |
|    ep_len_mean          | 102         |
|    ep_rew_mean          | 111         |
| time/                   |             |
|    fps                  | 198         |
|    iterations           | 119         |
|    time_elapsed         | 2451        |
|    total_timesteps      | 487424      |
| train/                  |             |
|    approx_kl            | 0.009275227 |
|    clip_fraction        | 0.0842      |
|    clip_range           | 0.2         |
|    entropy_loss         | -5.59       |
|    explained_variance   | 0.0255      |
|    learning_rate        | 0.0001      |
|    loss                 | 43          |
|    n_updates            | 992         |
|    policy_gradient_loss | -0.00585    |
|    std                  | 0.979       |
|    value_loss           | 1.22e+03    |
-----------------------------------------
-----------------------------------------
| rollout/                |             |
|    ep_len_mean          | 101         |
|    ep_rew_mean          | 108         |
| time/                   |             |
|    fps                  | 197         |
|    iterations           | 120         |
|    time_elapsed         | 2486        |
|    total_timesteps      | 491520      |
| train/                  |             |
|    approx_kl            | 0.008641068 |
|    clip_fraction        | 0.0784      |
|    clip_range           | 0.2         |
|    entropy_loss         | -5.59       |
|    explained_variance   | 0.115       |
|    learning_rate        | 0.0001      |
|    loss                 | 34.8        |
|    n_updates            | 1002        |
|    policy_gradient_loss | -0.00885    |
|    std                  | 0.979       |
|    value_loss           | 949         |
-----------------------------------------
-----------------------------------------
| rollout/                |             |
|    ep_len_mean          | 106         |
|    ep_rew_mean          | 129         |
| time/                   |             |
|    fps                  | 196         |
|    iterations           | 121         |
|    time_elapsed         | 2525        |
|    total_timesteps      | 495616      |
| train/                  |             |
|    approx_kl            | 0.009271991 |
|    clip_fraction        | 0.1         |
|    clip_range           | 0.2         |
|    entropy_loss         | -5.59       |
|    explained_variance   | 0.159       |
|    learning_rate        | 0.0001      |
|    loss                 | 129         |
|    n_updates            | 1012        |
|    policy_gradient_loss | -0.0107     |
|    std                  | 0.979       |
|    value_loss           | 888         |
-----------------------------------------
-----------------------------------------
| rollout/                |             |
|    ep_len_mean          | 103         |
|    ep_rew_mean          | 129         |
| time/                   |             |
|    fps                  | 194         |
|    iterations           | 122         |
|    time_elapsed         | 2563        |
|    total_timesteps      | 499712      |
| train/                  |             |
|    approx_kl            | 0.008504592 |
|    clip_fraction        | 0.114       |
|    clip_range           | 0.2         |
|    entropy_loss         | -5.59       |
|    explained_variance   | 0.113       |
|    learning_rate        | 0.0001      |
|    loss                 | 24.9        |
|    n_updates            | 1022        |
|    policy_gradient_loss | -0.00635    |
|    std                  | 0.978       |
|    value_loss           | 1.64e+03    |
-----------------------------------------
Eval num_timesteps=500000, episode_reward=394.62 +/- 200.72
Episode length: 142.80 +/- 46.37
-----------------------------------------
| eval/                   |             |
|    mean_ep_length       | 143         |
|    mean_reward          | 395         |
| time/                   |             |
|    total_timesteps      | 500000      |
| train/                  |             |
|    approx_kl            | 0.009888847 |
|    clip_fraction        | 0.103       |
|    clip_range           | 0.2         |
|    entropy_loss         | -5.59       |
|    explained_variance   | 0.111       |
|    learning_rate        | 0.0001      |
|    loss                 | 2.8e+03     |
|    n_updates            | 1032        |
|    policy_gradient_loss | -0.00681    |
|    std                  | 0.977       |
|    value_loss           | 1.74e+03    |
-----------------------------------------
New best mean reward!
---------------------------------
| rollout/           |          |
|    ep_len_mean     | 107      |
|    ep_rew_mean     | 130      |
| time/              |          |
|    fps             | 193      |
|    iterations      | 123      |
|    time_elapsed    | 2598     |
|    total_timesteps | 503808   |
---------------------------------
-----------------------------------------
| rollout/                |             |
|    ep_len_mean          | 106         |
|    ep_rew_mean          | 156         |
| time/                   |             |
|    fps                  | 192         |
|    iterations           | 124         |
|    time_elapsed         | 2635        |
|    total_timesteps      | 507904      |
| train/                  |             |
|    approx_kl            | 0.008835817 |
|    clip_fraction        | 0.0727      |
|    clip_range           | 0.2         |
|    entropy_loss         | -5.58       |
|    explained_variance   | 0.253       |
|    learning_rate        | 0.0001      |
|    loss                 | 9.07        |
|    n_updates            | 1042        |
|    policy_gradient_loss | -0.00968    |
|    std                  | 0.976       |
|    value_loss           | 905         |
-----------------------------------------
-----------------------------------------
| rollout/                |             |
|    ep_len_mean          | 108         |
|    ep_rew_mean          | 157         |
| time/                   |             |
|    fps                  | 191         |
|    iterations           | 125         |
|    time_elapsed         | 2672        |
|    total_timesteps      | 512000      |
| train/                  |             |
|    approx_kl            | 0.009401726 |
|    clip_fraction        | 0.0651      |
|    clip_range           | 0.2         |
|    entropy_loss         | -5.58       |
|    explained_variance   | -0.00544    |
|    learning_rate        | 0.0001      |
|    loss                 | 1.34e+03    |
|    n_updates            | 1052        |
|    policy_gradient_loss | -0.00597    |
|    std                  | 0.976       |
|    value_loss           | 2.89e+03    |
-----------------------------------------
Early stopping at step 7 due to reaching max kl: 0.03
-----------------------------------------
| rollout/                |             |
|    ep_len_mean          | 106         |
|    ep_rew_mean          | 167         |
| time/                   |             |
|    fps                  | 190         |
|    iterations           | 126         |
|    time_elapsed         | 2702        |
|    total_timesteps      | 516096      |
| train/                  |             |
|    approx_kl            | 0.017512362 |
|    clip_fraction        | 0.0872      |
|    clip_range           | 0.2         |
|    entropy_loss         | -5.58       |
|    explained_variance   | 0.12        |
|    learning_rate        | 0.0001      |
|    loss                 | 2.07e+03    |
|    n_updates            | 1060        |
|    policy_gradient_loss | -0.00485    |
|    std                  | 0.975       |
|    value_loss           | 1.57e+03    |
-----------------------------------------
Eval num_timesteps=520000, episode_reward=200.34 +/- 189.58
Episode length: 120.60 +/- 47.56
----------------------------------------
| eval/                   |            |
|    mean_ep_length       | 121        |
|    mean_reward          | 200        |
| time/                   |            |
|    total_timesteps      | 520000     |
| train/                  |            |
|    approx_kl            | 0.01267592 |
|    clip_fraction        | 0.096      |
|    clip_range           | 0.2        |
|    entropy_loss         | -5.57      |
|    explained_variance   | -0.0658    |
|    learning_rate        | 0.0001     |
|    loss                 | 1.92e+03   |
|    n_updates            | 1070       |
|    policy_gradient_loss | -0.00722   |
|    std                  | 0.974      |
|    value_loss           | 1.87e+03   |
----------------------------------------
---------------------------------
| rollout/           |          |
|    ep_len_mean     | 110      |
|    ep_rew_mean     | 195      |
| time/              |          |
|    fps             | 189      |
|    iterations      | 127      |
|    time_elapsed    | 2742     |
|    total_timesteps | 520192   |
---------------------------------
-----------------------------------------
| rollout/                |             |
|    ep_len_mean          | 112         |
|    ep_rew_mean          | 227         |
| time/                   |             |
|    fps                  | 189         |
|    iterations           | 128         |
|    time_elapsed         | 2764        |
|    total_timesteps      | 524288      |
| train/                  |             |
|    approx_kl            | 0.010173894 |
|    clip_fraction        | 0.108       |
|    clip_range           | 0.2         |
|    entropy_loss         | -5.57       |
|    explained_variance   | -0.0342     |
|    learning_rate        | 0.0001      |
|    loss                 | 86.2        |
|    n_updates            | 1080        |
|    policy_gradient_loss | -0.00664    |
|    std                  | 0.973       |
|    value_loss           | 2.94e+03    |
-----------------------------------------
Early stopping at step 4 due to reaching max kl: 0.04
-----------------------------------------
| rollout/                |             |
|    ep_len_mean          | 109         |
|    ep_rew_mean          | 246         |
| time/                   |             |
|    fps                  | 190         |
|    iterations           | 129         |
|    time_elapsed         | 2776        |
|    total_timesteps      | 528384      |
| train/                  |             |
|    approx_kl            | 0.023554364 |
|    clip_fraction        | 0.115       |
|    clip_range           | 0.2         |
|    entropy_loss         | -5.56       |
|    explained_variance   | 0.0469      |
|    learning_rate        | 0.0001      |
|    loss                 | 3.18e+03    |
|    n_updates            | 1085        |
|    policy_gradient_loss | -0.00198    |
|    std                  | 0.973       |
|    value_loss           | 3.59e+03    |
-----------------------------------------
Early stopping at step 0 due to reaching max kl: 0.03
----------------------------------------
| rollout/                |            |
|    ep_len_mean          | 103        |
|    ep_rew_mean          | 232        |
| time/                   |            |
|    fps                  | 191        |
|    iterations           | 130        |
|    time_elapsed         | 2780       |
|    total_timesteps      | 532480     |
| train/                  |            |
|    approx_kl            | 0.01284157 |
|    clip_fraction        | 0.156      |
|    clip_range           | 0.2        |
|    entropy_loss         | -5.56      |
|    explained_variance   | -0.0773    |
|    learning_rate        | 0.0001     |
|    loss                 | 2.06e+03   |
|    n_updates            | 1086       |
|    policy_gradient_loss | 0.00844    |
|    std                  | 0.972      |
|    value_loss           | 3.83e+03   |
----------------------------------------
Early stopping at step 0 due to reaching max kl: 0.05
-----------------------------------------
| rollout/                |             |
|    ep_len_mean          | 96.3        |
|    ep_rew_mean          | 229         |
| time/                   |             |
|    fps                  | 192         |
|    iterations           | 131         |
|    time_elapsed         | 2782        |
|    total_timesteps      | 536576      |
| train/                  |             |
|    approx_kl            | 0.010118069 |
|    clip_fraction        | 0.102       |
|    clip_range           | 0.2         |
|    entropy_loss         | -5.56       |
|    explained_variance   | 0.0511      |
|    learning_rate        | 0.0001      |
|    loss                 | 4.5e+03     |
|    n_updates            | 1087        |
|    policy_gradient_loss | 0.00592     |
|    std                  | 0.972       |
|    value_loss           | 4.94e+03    |
-----------------------------------------
Early stopping at step 0 due to reaching max kl: 0.09
Eval num_timesteps=540000, episode_reward=269.80 +/- 193.81
Episode length: 134.00 +/- 56.90
----------------------------------------
| eval/                   |            |
|    mean_ep_length       | 134        |
|    mean_reward          | 270        |
| time/                   |            |
|    total_timesteps      | 540000     |
| train/                  |            |
|    approx_kl            | 0.03123804 |
|    clip_fraction        | 0.262      |
|    clip_range           | 0.2        |
|    entropy_loss         | -5.56      |
|    explained_variance   | -0.0266    |
|    learning_rate        | 0.0001     |
|    loss                 | 3.05e+03   |
|    n_updates            | 1088       |
|    policy_gradient_loss | 0.0149     |
|    std                  | 0.972      |
|    value_loss           | 4.35e+03   |
----------------------------------------
---------------------------------
| rollout/           |          |
|    ep_len_mean     | 104      |
|    ep_rew_mean     | 218      |
| time/              |          |
|    fps             | 194      |
|    iterations      | 132      |
|    time_elapsed    | 2786     |
|    total_timesteps | 540672   |
---------------------------------
Early stopping at step 0 due to reaching max kl: 0.04
-----------------------------------------
| rollout/                |             |
|    ep_len_mean          | 107         |
|    ep_rew_mean          | 154         |
| time/                   |             |
|    fps                  | 195         |
|    iterations           | 133         |
|    time_elapsed         | 2788        |
|    total_timesteps      | 544768      |
| train/                  |             |
|    approx_kl            | 0.016861286 |
|    clip_fraction        | 0.2         |
|    clip_range           | 0.2         |
|    entropy_loss         | -5.56       |
|    explained_variance   | 0.0378      |
|    learning_rate        | 0.0001      |
|    loss                 | 2.59e+03    |
|    n_updates            | 1089        |
|    policy_gradient_loss | 0.0116      |
|    std                  | 0.972       |
|    value_loss           | 2.36e+03    |
-----------------------------------------
Early stopping at step 0 due to reaching max kl: 0.03
-----------------------------------------
| rollout/                |             |
|    ep_len_mean          | 112         |
|    ep_rew_mean          | 83.1        |
| time/                   |             |
|    fps                  | 196         |
|    iterations           | 134         |
|    time_elapsed         | 2791        |
|    total_timesteps      | 548864      |
| train/                  |             |
|    approx_kl            | 0.015151784 |
|    clip_fraction        | 0.179       |
|    clip_range           | 0.2         |
|    entropy_loss         | -5.56       |
|    explained_variance   | 0.0964      |
|    learning_rate        | 0.0001      |
|    loss                 | 112         |
|    n_updates            | 1090        |
|    policy_gradient_loss | 0.00803     |
|    std                  | 0.971       |
|    value_loss           | 290         |
-----------------------------------------
------------------------------------------
| rollout/                |              |
|    ep_len_mean          | 108          |
|    ep_rew_mean          | 70.1         |
| time/                   |              |
|    fps                  | 196          |
|    iterations           | 135          |
|    time_elapsed         | 2820         |
|    total_timesteps      | 552960       |
| train/                  |              |
|    approx_kl            | 0.0072180806 |
|    clip_fraction        | 0.0919       |
|    clip_range           | 0.2          |
|    entropy_loss         | -5.56        |
|    explained_variance   | 0.26         |
|    learning_rate        | 0.0001       |
|    loss                 | 6            |
|    n_updates            | 1100         |
|    policy_gradient_loss | -0.00856     |
|    std                  | 0.972        |
|    value_loss           | 79.2         |
------------------------------------------
-----------------------------------------
| rollout/                |             |
|    ep_len_mean          | 107         |
|    ep_rew_mean          | 64.8        |
| time/                   |             |
|    fps                  | 194         |
|    iterations           | 136         |
|    time_elapsed         | 2859        |
|    total_timesteps      | 557056      |
| train/                  |             |
|    approx_kl            | 0.008324845 |
|    clip_fraction        | 0.0662      |
|    clip_range           | 0.2         |
|    entropy_loss         | -5.56       |
|    explained_variance   | 0.834       |
|    learning_rate        | 0.0001      |
|    loss                 | 7.72        |
|    n_updates            | 1110        |
|    policy_gradient_loss | -0.0108     |
|    std                  | 0.972       |
|    value_loss           | 25          |
-----------------------------------------
Eval num_timesteps=560000, episode_reward=114.89 +/- 66.53
Episode length: 165.20 +/- 74.64
-----------------------------------------
| eval/                   |             |
|    mean_ep_length       | 165         |
|    mean_reward          | 115         |
| time/                   |             |
|    total_timesteps      | 560000      |
| train/                  |             |
|    approx_kl            | 0.008343938 |
|    clip_fraction        | 0.077       |
|    clip_range           | 0.2         |
|    entropy_loss         | -5.56       |
|    explained_variance   | 0.92        |
|    learning_rate        | 0.0001      |
|    loss                 | 7.21        |
|    n_updates            | 1120        |
|    policy_gradient_loss | -0.0132     |
|    std                  | 0.971       |
|    value_loss           | 26          |
-----------------------------------------
---------------------------------
| rollout/           |          |
|    ep_len_mean     | 105      |
|    ep_rew_mean     | 64.7     |
| time/              |          |
|    fps             | 193      |
|    iterations      | 137      |
|    time_elapsed    | 2893     |
|    total_timesteps | 561152   |
---------------------------------
-----------------------------------------
| rollout/                |             |
|    ep_len_mean          | 116         |
|    ep_rew_mean          | 71.4        |
| time/                   |             |
|    fps                  | 192         |
|    iterations           | 138         |
|    time_elapsed         | 2929        |
|    total_timesteps      | 565248      |
| train/                  |             |
|    approx_kl            | 0.010385961 |
|    clip_fraction        | 0.108       |
|    clip_range           | 0.2         |
|    entropy_loss         | -5.56       |
|    explained_variance   | 0.945       |
|    learning_rate        | 0.0001      |
|    loss                 | 4.24        |
|    n_updates            | 1130        |
|    policy_gradient_loss | -0.014      |
|    std                  | 0.971       |
|    value_loss           | 18.6        |
-----------------------------------------
-----------------------------------------
| rollout/                |             |
|    ep_len_mean          | 121         |
|    ep_rew_mean          | 74.9        |
| time/                   |             |
|    fps                  | 191         |
|    iterations           | 139         |
|    time_elapsed         | 2971        |
|    total_timesteps      | 569344      |
| train/                  |             |
|    approx_kl            | 0.007437519 |
|    clip_fraction        | 0.094       |
|    clip_range           | 0.2         |
|    entropy_loss         | -5.55       |
|    explained_variance   | 0.941       |
|    learning_rate        | 0.0001      |
|    loss                 | 7.35        |
|    n_updates            | 1140        |
|    policy_gradient_loss | -0.0129     |
|    std                  | 0.968       |
|    value_loss           | 24.1        |
-----------------------------------------
-----------------------------------------
| rollout/                |             |
|    ep_len_mean          | 131         |
|    ep_rew_mean          | 81.8        |
| time/                   |             |
|    fps                  | 190         |
|    iterations           | 140         |
|    time_elapsed         | 3013        |
|    total_timesteps      | 573440      |
| train/                  |             |
|    approx_kl            | 0.010148285 |
|    clip_fraction        | 0.102       |
|    clip_range           | 0.2         |
|    entropy_loss         | -5.54       |
|    explained_variance   | 0.945       |
|    learning_rate        | 0.0001      |
|    loss                 | 4.57        |
|    n_updates            | 1150        |
|    policy_gradient_loss | -0.0155     |
|    std                  | 0.967       |
|    value_loss           | 20.9        |
-----------------------------------------
-----------------------------------------
| rollout/                |             |
|    ep_len_mean          | 130         |
|    ep_rew_mean          | 92.2        |
| time/                   |             |
|    fps                  | 190         |
|    iterations           | 141         |
|    time_elapsed         | 3038        |
|    total_timesteps      | 577536      |
| train/                  |             |
|    approx_kl            | 0.010621224 |
|    clip_fraction        | 0.108       |
|    clip_range           | 0.2         |
|    entropy_loss         | -5.54       |
|    explained_variance   | 0.946       |
|    learning_rate        | 0.0001      |
|    loss                 | 7.76        |
|    n_updates            | 1160        |
|    policy_gradient_loss | -0.0152     |
|    std                  | 0.965       |
|    value_loss           | 16.5        |
-----------------------------------------
Eval num_timesteps=580000, episode_reward=128.67 +/- 62.70
Episode length: 155.20 +/- 79.01
----------------------------------------
| eval/                   |            |
|    mean_ep_length       | 155        |
|    mean_reward          | 129        |
| time/                   |            |
|    total_timesteps      | 580000     |
| train/                  |            |
|    approx_kl            | 0.00990865 |
|    clip_fraction        | 0.0977     |
|    clip_range           | 0.2        |
|    entropy_loss         | -5.53      |
|    explained_variance   | 0.165      |
|    learning_rate        | 0.0001     |
|    loss                 | 13.3       |
|    n_updates            | 1170       |
|    policy_gradient_loss | -0.0137    |
|    std                  | 0.965      |
|    value_loss           | 778        |
----------------------------------------
---------------------------------
| rollout/           |          |
|    ep_len_mean     | 142      |
|    ep_rew_mean     | 118      |
| time/              |          |
|    fps             | 189      |
|    iterations      | 142      |
|    time_elapsed    | 3062     |
|    total_timesteps | 581632   |
---------------------------------
Early stopping at step 8 due to reaching max kl: 0.03
-----------------------------------------
| rollout/                |             |
|    ep_len_mean          | 149         |
|    ep_rew_mean          | 147         |
| time/                   |             |
|    fps                  | 189         |
|    iterations           | 143         |
|    time_elapsed         | 3085        |
|    total_timesteps      | 585728      |
| train/                  |             |
|    approx_kl            | 0.017739542 |
|    clip_fraction        | 0.107       |
|    clip_range           | 0.2         |
|    entropy_loss         | -5.53       |
|    explained_variance   | 0.0427      |
|    learning_rate        | 0.0001      |
|    loss                 | 8.32        |
|    n_updates            | 1179        |
|    policy_gradient_loss | -0.00634    |
|    std                  | 0.965       |
|    value_loss           | 1.25e+03    |
-----------------------------------------
-----------------------------------------
| rollout/                |             |
|    ep_len_mean          | 155         |
|    ep_rew_mean          | 157         |
| time/                   |             |
|    fps                  | 188         |
|    iterations           | 144         |
|    time_elapsed         | 3131        |
|    total_timesteps      | 589824      |
| train/                  |             |
|    approx_kl            | 0.006422811 |
|    clip_fraction        | 0.0798      |
|    clip_range           | 0.2         |
|    entropy_loss         | -5.53       |
|    explained_variance   | -0.0705     |
|    learning_rate        | 0.0001      |
|    loss                 | 46.6        |
|    n_updates            | 1189        |
|    policy_gradient_loss | -0.00566    |
|    std                  | 0.964       |
|    value_loss           | 1.54e+03    |
-----------------------------------------
-----------------------------------------
| rollout/                |             |
|    ep_len_mean          | 162         |
|    ep_rew_mean          | 175         |
| time/                   |             |
|    fps                  | 187         |
|    iterations           | 145         |
|    time_elapsed         | 3174        |
|    total_timesteps      | 593920      |
| train/                  |             |
|    approx_kl            | 0.011184051 |
|    clip_fraction        | 0.105       |
|    clip_range           | 0.2         |
|    entropy_loss         | -5.53       |
|    explained_variance   | 0.805       |
|    learning_rate        | 0.0001      |
|    loss                 | 10.7        |
|    n_updates            | 1199        |
|    policy_gradient_loss | -0.014      |
|    std                  | 0.963       |
|    value_loss           | 23.8        |
-----------------------------------------
Early stopping at step 3 due to reaching max kl: 0.03
-----------------------------------------
| rollout/                |             |
|    ep_len_mean          | 149         |
|    ep_rew_mean          | 154         |
| time/                   |             |
|    fps                  | 187         |
|    iterations           | 146         |
|    time_elapsed         | 3191        |
|    total_timesteps      | 598016      |
| train/                  |             |
|    approx_kl            | 0.014911789 |
|    clip_fraction        | 0.134       |
|    clip_range           | 0.2         |
|    entropy_loss         | -5.53       |
|    explained_variance   | 0.0338      |
|    learning_rate        | 0.0001      |
|    loss                 | 21.3        |
|    n_updates            | 1203        |
|    policy_gradient_loss | -0.00182    |
|    std                  | 0.963       |
|    value_loss           | 1.57e+03    |
-----------------------------------------
Early stopping at step 1 due to reaching max kl: 0.03
Eval num_timesteps=600000, episode_reward=225.85 +/- 217.72
Episode length: 164.00 +/- 94.78
-----------------------------------------
| eval/                   |             |
|    mean_ep_length       | 164         |
|    mean_reward          | 226         |
| time/                   |             |
|    total_timesteps      | 600000      |
| train/                  |             |
|    approx_kl            | 0.010230369 |
|    clip_fraction        | 0.0423      |
|    clip_range           | 0.2         |
|    entropy_loss         | -5.53       |
|    explained_variance   | -0.18       |
|    learning_rate        | 0.0001      |
|    loss                 | 7.54        |
|    n_updates            | 1205        |
|    policy_gradient_loss | -0.00168    |
|    std                  | 0.963       |
|    value_loss           | 878         |
-----------------------------------------
---------------------------------
| rollout/           |          |
|    ep_len_mean     | 140      |
|    ep_rew_mean     | 140      |
| time/              |          |
|    fps             | 188      |
|    iterations      | 147      |
|    time_elapsed    | 3200     |
|    total_timesteps | 602112   |
---------------------------------
Early stopping at step 1 due to reaching max kl: 0.03
-----------------------------------------
| rollout/                |             |
|    ep_len_mean          | 131         |
|    ep_rew_mean          | 127         |
| time/                   |             |
|    fps                  | 189         |
|    iterations           | 148         |
|    time_elapsed         | 3205        |
|    total_timesteps      | 606208      |
| train/                  |             |
|    approx_kl            | 0.016006013 |
|    clip_fraction        | 0.154       |
|    clip_range           | 0.2         |
|    entropy_loss         | -5.53       |
|    explained_variance   | 0.252       |
|    learning_rate        | 0.0001      |
|    loss                 | 9.37        |
|    n_updates            | 1207        |
|    policy_gradient_loss | 0.00494     |
|    std                  | 0.963       |
|    value_loss           | 408         |
-----------------------------------------
Early stopping at step 2 due to reaching max kl: 0.07
----------------------------------------
| rollout/                |            |
|    ep_len_mean          | 118        |
|    ep_rew_mean          | 107        |
| time/                   |            |
|    fps                  | 189        |
|    iterations           | 149        |
|    time_elapsed         | 3217       |
|    total_timesteps      | 610304     |
| train/                  |            |
|    approx_kl            | 0.07396227 |
|    clip_fraction        | 0.163      |
|    clip_range           | 0.2        |
|    entropy_loss         | -5.52      |
|    explained_variance   | 0.0963     |
|    learning_rate        | 0.0001     |
|    loss                 | 4.88       |
|    n_updates            | 1210       |
|    policy_gradient_loss | 0.00245    |
|    std                  | 0.962      |
|    value_loss           | 981        |
----------------------------------------
Early stopping at step 0 due to reaching max kl: 0.05
-----------------------------------------
| rollout/                |             |
|    ep_len_mean          | 114         |
|    ep_rew_mean          | 102         |
| time/                   |             |
|    fps                  | 190         |
|    iterations           | 150         |
|    time_elapsed         | 3219        |
|    total_timesteps      | 614400      |
| train/                  |             |
|    approx_kl            | 0.024567982 |
|    clip_fraction        | 0.262       |
|    clip_range           | 0.2         |
|    entropy_loss         | -5.52       |
|    explained_variance   | 0.269       |
|    learning_rate        | 0.0001      |
|    loss                 | 7.82        |
|    n_updates            | 1211        |
|    policy_gradient_loss | 0.0165      |
|    std                  | 0.962       |
|    value_loss           | 57.1        |
-----------------------------------------
Early stopping at step 0 due to reaching max kl: 0.04
-----------------------------------------
| rollout/                |             |
|    ep_len_mean          | 123         |
|    ep_rew_mean          | 103         |
| time/                   |             |
|    fps                  | 191         |
|    iterations           | 151         |
|    time_elapsed         | 3222        |
|    total_timesteps      | 618496      |
| train/                  |             |
|    approx_kl            | 0.019454379 |
|    clip_fraction        | 0.223       |
|    clip_range           | 0.2         |
|    entropy_loss         | -5.52       |
|    explained_variance   | 0.851       |
|    learning_rate        | 0.0001      |
|    loss                 | 1.8         |
|    n_updates            | 1212        |
|    policy_gradient_loss | 0.00986     |
|    std                  | 0.962       |
|    value_loss           | 13.5        |
-----------------------------------------
Early stopping at step 1 due to reaching max kl: 0.04
Eval num_timesteps=620000, episode_reward=61.16 +/- 31.47
Episode length: 82.60 +/- 40.39
-----------------------------------------
| eval/                   |             |
|    mean_ep_length       | 82.6        |
|    mean_reward          | 61.2        |
| time/                   |             |
|    total_timesteps      | 620000      |
| train/                  |             |
|    approx_kl            | 0.043781605 |
|    clip_fraction        | 0.159       |
|    clip_range           | 0.2         |
|    entropy_loss         | -5.52       |
|    explained_variance   | 0.134       |
|    learning_rate        | 0.0001      |
|    loss                 | 67.7        |
|    n_updates            | 1214        |
|    policy_gradient_loss | 0.00794     |
|    std                  | 0.963       |
|    value_loss           | 716         |
-----------------------------------------
---------------------------------
| rollout/           |          |
|    ep_len_mean     | 130      |
|    ep_rew_mean     | 105      |
| time/              |          |
|    fps             | 192      |
|    iterations      | 152      |
|    time_elapsed    | 3228     |
|    total_timesteps | 622592   |
---------------------------------
Early stopping at step 2 due to reaching max kl: 0.03
----------------------------------------
| rollout/                |            |
|    ep_len_mean          | 133        |
|    ep_rew_mean          | 106        |
| time/                   |            |
|    fps                  | 193        |
|    iterations           | 153        |
|    time_elapsed         | 3243       |
|    total_timesteps      | 626688     |
| train/                  |            |
|    approx_kl            | 0.01604382 |
|    clip_fraction        | 0.118      |
|    clip_range           | 0.2        |
|    entropy_loss         | -5.52      |
|    explained_variance   | 0.916      |
|    learning_rate        | 0.0001     |
|    loss                 | 4.32       |
|    n_updates            | 1217       |
|    policy_gradient_loss | 0.00479    |
|    std                  | 0.963      |
|    value_loss           | 25.6       |
----------------------------------------
Early stopping at step 0 due to reaching max kl: 0.08
-----------------------------------------
| rollout/                |             |
|    ep_len_mean          | 129         |
|    ep_rew_mean          | 90.8        |
| time/                   |             |
|    fps                  | 194         |
|    iterations           | 154         |
|    time_elapsed         | 3247        |
|    total_timesteps      | 630784      |
| train/                  |             |
|    approx_kl            | 0.028790712 |
|    clip_fraction        | 0.257       |
|    clip_range           | 0.2         |
|    entropy_loss         | -5.52       |
|    explained_variance   | 0.0764      |
|    learning_rate        | 0.0001      |
|    loss                 | 3.09        |
|    n_updates            | 1218        |
|    policy_gradient_loss | 0.00843     |
|    std                  | 0.963       |
|    value_loss           | 1.18e+03    |
-----------------------------------------
Early stopping at step 0 due to reaching max kl: 0.03
-----------------------------------------
| rollout/                |             |
|    ep_len_mean          | 128         |
|    ep_rew_mean          | 82.7        |
| time/                   |             |
|    fps                  | 195         |
|    iterations           | 155         |
|    time_elapsed         | 3249        |
|    total_timesteps      | 634880      |
| train/                  |             |
|    approx_kl            | 0.012581803 |
|    clip_fraction        | 0.161       |
|    clip_range           | 0.2         |
|    entropy_loss         | -5.52       |
|    explained_variance   | 0.931       |
|    learning_rate        | 0.0001      |
|    loss                 | 35.8        |
|    n_updates            | 1219        |
|    policy_gradient_loss | 0.0176      |
|    std                  | 0.963       |
|    value_loss           | 51.3        |
-----------------------------------------
Early stopping at step 0 due to reaching max kl: 0.04
-----------------------------------------
| rollout/                |             |
|    ep_len_mean          | 134         |
|    ep_rew_mean          | 75.4        |
| time/                   |             |
|    fps                  | 196         |
|    iterations           | 156         |
|    time_elapsed         | 3252        |
|    total_timesteps      | 638976      |
| train/                  |             |
|    approx_kl            | 0.015761508 |
|    clip_fraction        | 0.188       |
|    clip_range           | 0.2         |
|    entropy_loss         | -5.52       |
|    explained_variance   | 0.92        |
|    learning_rate        | 0.0001      |
|    loss                 | 30.4        |
|    n_updates            | 1220        |
|    policy_gradient_loss | 0.0203      |
|    std                  | 0.963       |
|    value_loss           | 42.6        |
-----------------------------------------
Eval num_timesteps=640000, episode_reward=63.09 +/- 30.68
Episode length: 122.00 +/- 90.45
------------------------------------------
| eval/                   |              |
|    mean_ep_length       | 122          |
|    mean_reward          | 63.1         |
| time/                   |              |
|    total_timesteps      | 640000       |
| train/                  |              |
|    approx_kl            | 0.0100667635 |
|    clip_fraction        | 0.0841       |
|    clip_range           | 0.2          |
|    entropy_loss         | -5.53        |
|    explained_variance   | 0.921        |
|    learning_rate        | 0.0001       |
|    loss                 | 2.66         |
|    n_updates            | 1230         |
|    policy_gradient_loss | -0.014       |
|    std                  | 0.964        |
|    value_loss           | 15.9         |
------------------------------------------
---------------------------------
| rollout/           |          |
|    ep_len_mean     | 131      |
|    ep_rew_mean     | 64.2     |
| time/              |          |
|    fps             | 194      |
|    iterations      | 157      |
|    time_elapsed    | 3299     |
|    total_timesteps | 643072   |
---------------------------------
-----------------------------------------
| rollout/                |             |
|    ep_len_mean          | 119         |
|    ep_rew_mean          | 59.9        |
| time/                   |             |
|    fps                  | 193         |
|    iterations           | 158         |
|    time_elapsed         | 3342        |
|    total_timesteps      | 647168      |
| train/                  |             |
|    approx_kl            | 0.009566462 |
|    clip_fraction        | 0.0873      |
|    clip_range           | 0.2         |
|    entropy_loss         | -5.53       |
|    explained_variance   | 0.93        |
|    learning_rate        | 0.0001      |
|    loss                 | 5.48        |
|    n_updates            | 1240        |
|    policy_gradient_loss | -0.0145     |
|    std                  | 0.963       |
|    value_loss           | 17.9        |
-----------------------------------------
-----------------------------------------
| rollout/                |             |
|    ep_len_mean          | 118         |
|    ep_rew_mean          | 61          |
| time/                   |             |
|    fps                  | 192         |
|    iterations           | 159         |
|    time_elapsed         | 3382        |
|    total_timesteps      | 651264      |
| train/                  |             |
|    approx_kl            | 0.012409303 |
|    clip_fraction        | 0.11        |
|    clip_range           | 0.2         |
|    entropy_loss         | -5.53       |
|    explained_variance   | 0.956       |
|    learning_rate        | 0.0001      |
|    loss                 | 4.12        |
|    n_updates            | 1250        |
|    policy_gradient_loss | -0.0156     |
|    std                  | 0.965       |
|    value_loss           | 10.5        |
-----------------------------------------
----------------------------------------
| rollout/                |            |
|    ep_len_mean          | 112        |
|    ep_rew_mean          | 59.3       |
| time/                   |            |
|    fps                  | 191        |
|    iterations           | 160        |
|    time_elapsed         | 3427       |
|    total_timesteps      | 655360     |
| train/                  |            |
|    approx_kl            | 0.01022828 |
|    clip_fraction        | 0.0983     |
|    clip_range           | 0.2        |
|    entropy_loss         | -5.53      |
|    explained_variance   | 0.91       |
|    learning_rate        | 0.0001     |
|    loss                 | 3.08       |
|    n_updates            | 1260       |
|    policy_gradient_loss | -0.0138    |
|    std                  | 0.965      |
|    value_loss           | 13         |
----------------------------------------
-----------------------------------------
| rollout/                |             |
|    ep_len_mean          | 101         |
|    ep_rew_mean          | 54.4        |
| time/                   |             |
|    fps                  | 190         |
|    iterations           | 161         |
|    time_elapsed         | 3465        |
|    total_timesteps      | 659456      |
| train/                  |             |
|    approx_kl            | 0.014358245 |
|    clip_fraction        | 0.14        |
|    clip_range           | 0.2         |
|    entropy_loss         | -5.53       |
|    explained_variance   | 0.937       |
|    learning_rate        | 0.0001      |
|    loss                 | 2.15        |
|    n_updates            | 1270        |
|    policy_gradient_loss | -0.0187     |
|    std                  | 0.963       |
|    value_loss           | 10.3        |
-----------------------------------------
Eval num_timesteps=660000, episode_reward=35.76 +/- 5.91
Episode length: 49.40 +/- 10.82
-----------------------------------------
| eval/                   |             |
|    mean_ep_length       | 49.4        |
|    mean_reward          | 35.8        |
| time/                   |             |
|    total_timesteps      | 660000      |
| train/                  |             |
|    approx_kl            | 0.013359338 |
|    clip_fraction        | 0.149       |
|    clip_range           | 0.2         |
|    entropy_loss         | -5.52       |
|    explained_variance   | 0.957       |
|    learning_rate        | 0.0001      |
|    loss                 | 2.32        |
|    n_updates            | 1280        |
|    policy_gradient_loss | -0.0189     |
|    std                  | 0.963       |
|    value_loss           | 7.98        |
-----------------------------------------
---------------------------------
| rollout/           |          |
|    ep_len_mean     | 84.9     |
|    ep_rew_mean     | 46.2     |
| time/              |          |
|    fps             | 189      |
|    iterations      | 162      |
|    time_elapsed    | 3496     |
|    total_timesteps | 663552   |
---------------------------------
-----------------------------------------
| rollout/                |             |
|    ep_len_mean          | 70.5        |
|    ep_rew_mean          | 39.8        |
| time/                   |             |
|    fps                  | 188         |
|    iterations           | 163         |
|    time_elapsed         | 3532        |
|    total_timesteps      | 667648      |
| train/                  |             |
|    approx_kl            | 0.015337622 |
|    clip_fraction        | 0.149       |
|    clip_range           | 0.2         |
|    entropy_loss         | -5.52       |
|    explained_variance   | 0.935       |
|    learning_rate        | 0.0001      |
|    loss                 | 1.22        |
|    n_updates            | 1290        |
|    policy_gradient_loss | -0.0162     |
|    std                  | 0.961       |
|    value_loss           | 7.76        |
-----------------------------------------
Early stopping at step 6 due to reaching max kl: 0.03
-----------------------------------------
| rollout/                |             |
|    ep_len_mean          | 67.1        |
|    ep_rew_mean          | 39.5        |
| time/                   |             |
|    fps                  | 188         |
|    iterations           | 164         |
|    time_elapsed         | 3555        |
|    total_timesteps      | 671744      |
| train/                  |             |
|    approx_kl            | 0.015939862 |
|    clip_fraction        | 0.138       |
|    clip_range           | 0.2         |
|    entropy_loss         | -5.51       |
|    explained_variance   | 0.931       |
|    learning_rate        | 0.0001      |
|    loss                 | 4.52        |
|    n_updates            | 1297        |
|    policy_gradient_loss | -0.0136     |
|    std                  | 0.959       |
|    value_loss           | 8.35        |
-----------------------------------------
Early stopping at step 6 due to reaching max kl: 0.03
-----------------------------------------
| rollout/                |             |
|    ep_len_mean          | 64.9        |
|    ep_rew_mean          | 40.6        |
| time/                   |             |
|    fps                  | 189         |
|    iterations           | 165         |
|    time_elapsed         | 3575        |
|    total_timesteps      | 675840      |
| train/                  |             |
|    approx_kl            | 0.030809574 |
|    clip_fraction        | 0.169       |
|    clip_range           | 0.2         |
|    entropy_loss         | -5.51       |
|    explained_variance   | 0.952       |
|    learning_rate        | 0.0001      |
|    loss                 | 2.44        |
|    n_updates            | 1304        |
|    policy_gradient_loss | -0.0143     |
|    std                  | 0.959       |
|    value_loss           | 7.08        |
-----------------------------------------
----------------------------------------
| rollout/                |            |
|    ep_len_mean          | 69.5       |
|    ep_rew_mean          | 44.2       |
| time/                   |            |
|    fps                  | 188        |
|    iterations           | 166        |
|    time_elapsed         | 3608       |
|    total_timesteps      | 679936     |
| train/                  |            |
|    approx_kl            | 0.01427531 |
|    clip_fraction        | 0.14       |
|    clip_range           | 0.2        |
|    entropy_loss         | -5.51      |
|    explained_variance   | 0.892      |
|    learning_rate        | 0.0001     |
|    loss                 | 1.9        |
|    n_updates            | 1314       |
|    policy_gradient_loss | -0.0163    |
|    std                  | 0.959      |
|    value_loss           | 7.3        |
----------------------------------------
Early stopping at step 2 due to reaching max kl: 0.03
Eval num_timesteps=680000, episode_reward=32.24 +/- 8.43
Episode length: 45.00 +/- 3.63
----------------------------------------
| eval/                   |            |
|    mean_ep_length       | 45         |
|    mean_reward          | 32.2       |
| time/                   |            |
|    total_timesteps      | 680000     |
| train/                  |            |
|    approx_kl            | 0.02835228 |
|    clip_fraction        | 0.131      |
|    clip_range           | 0.2        |
|    entropy_loss         | -5.51      |
|    explained_variance   | 0.94       |
|    learning_rate        | 0.0001     |
|    loss                 | 2.41       |
|    n_updates            | 1317       |
|    policy_gradient_loss | -0.00605   |
|    std                  | 0.959      |
|    value_loss           | 9.66       |
----------------------------------------
---------------------------------
| rollout/           |          |
|    ep_len_mean     | 64.6     |
|    ep_rew_mean     | 42.2     |
| time/              |          |
|    fps             | 189      |
|    iterations      | 167      |
|    time_elapsed    | 3616     |
|    total_timesteps | 684032   |
---------------------------------
Early stopping at step 0 due to reaching max kl: 0.04
-----------------------------------------
| rollout/                |             |
|    ep_len_mean          | 62.5        |
|    ep_rew_mean          | 39.3        |
| time/                   |             |
|    fps                  | 190         |
|    iterations           | 168         |
|    time_elapsed         | 3621        |
|    total_timesteps      | 688128      |
| train/                  |             |
|    approx_kl            | 0.014412432 |
|    clip_fraction        | 0.18        |
|    clip_range           | 0.2         |
|    entropy_loss         | -5.51       |
|    explained_variance   | 0.925       |
|    learning_rate        | 0.0001      |
|    loss                 | 2.3         |
|    n_updates            | 1318        |
|    policy_gradient_loss | 0.00728     |
|    std                  | 0.959       |
|    value_loss           | 9.73        |
-----------------------------------------
Early stopping at step 0 due to reaching max kl: 0.04
-----------------------------------------
| rollout/                |             |
|    ep_len_mean          | 62.7        |
|    ep_rew_mean          | 40.2        |
| time/                   |             |
|    fps                  | 190         |
|    iterations           | 169         |
|    time_elapsed         | 3626        |
|    total_timesteps      | 692224      |
| train/                  |             |
|    approx_kl            | 0.007811126 |
|    clip_fraction        | 0.0798      |
|    clip_range           | 0.2         |
|    entropy_loss         | -5.51       |
|    explained_variance   | 0.937       |
|    learning_rate        | 0.0001      |
|    loss                 | 9.25        |
|    n_updates            | 1319        |
|    policy_gradient_loss | 0.00654     |
|    std                  | 0.959       |
|    value_loss           | 9.04        |
-----------------------------------------
Early stopping at step 0 due to reaching max kl: 0.03
-----------------------------------------
| rollout/                |             |
|    ep_len_mean          | 66.6        |
|    ep_rew_mean          | 47.8        |
| time/                   |             |
|    fps                  | 191         |
|    iterations           | 170         |
|    time_elapsed         | 3630        |
|    total_timesteps      | 696320      |
| train/                  |             |
|    approx_kl            | 0.011504022 |
|    clip_fraction        | 0.155       |
|    clip_range           | 0.2         |
|    entropy_loss         | -5.51       |
|    explained_variance   | 0.928       |
|    learning_rate        | 0.0001      |
|    loss                 | 3.87        |
|    n_updates            | 1320        |
|    policy_gradient_loss | 0.00331     |
|    std                  | 0.959       |
|    value_loss           | 5.79        |
-----------------------------------------
Early stopping at step 2 due to reaching max kl: 0.05
Eval num_timesteps=700000, episode_reward=63.08 +/- 18.63
Episode length: 97.00 +/- 38.91
-----------------------------------------
| eval/                   |             |
|    mean_ep_length       | 97          |
|    mean_reward          | 63.1        |
| time/                   |             |
|    total_timesteps      | 700000      |
| train/                  |             |
|    approx_kl            | 0.019531297 |
|    clip_fraction        | 0.177       |
|    clip_range           | 0.2         |
|    entropy_loss         | -5.51       |
|    explained_variance   | 0.927       |
|    learning_rate        | 0.0001      |
|    loss                 | 5.37        |
|    n_updates            | 1323        |
|    policy_gradient_loss | 0.000588    |
|    std                  | 0.959       |
|    value_loss           | 12.8        |
-----------------------------------------
---------------------------------
| rollout/           |          |
|    ep_len_mean     | 77.5     |
|    ep_rew_mean     | 59.6     |
| time/              |          |
|    fps             | 192      |
|    iterations      | 171      |
|    time_elapsed    | 3641     |
|    total_timesteps | 700416   |
---------------------------------
Early stopping at step 0 due to reaching max kl: 0.04
-----------------------------------------
| rollout/                |             |
|    ep_len_mean          | 83.1        |
|    ep_rew_mean          | 61.6        |
| time/                   |             |
|    fps                  | 193         |
|    iterations           | 172         |
|    time_elapsed         | 3646        |
|    total_timesteps      | 704512      |
| train/                  |             |
|    approx_kl            | 0.008707942 |
|    clip_fraction        | 0.099       |
|    clip_range           | 0.2         |
|    entropy_loss         | -5.51       |
|    explained_variance   | 0.151       |
|    learning_rate        | 0.0001      |
|    loss                 | 1.5         |
|    n_updates            | 1324        |
|    policy_gradient_loss | 0.00773     |
|    std                  | 0.959       |
|    value_loss           | 11          |
-----------------------------------------
Early stopping at step 2 due to reaching max kl: 0.03
-----------------------------------------
| rollout/                |             |
|    ep_len_mean          | 74.5        |
|    ep_rew_mean          | 49.2        |
| time/                   |             |
|    fps                  | 193         |
|    iterations           | 173         |
|    time_elapsed         | 3659        |
|    total_timesteps      | 708608      |
| train/                  |             |
|    approx_kl            | 0.019741537 |
|    clip_fraction        | 0.18        |
|    clip_range           | 0.2         |
|    entropy_loss         | -5.51       |
|    explained_variance   | 0.909       |
|    learning_rate        | 0.0001      |
|    loss                 | 12.2        |
|    n_updates            | 1327        |
|    policy_gradient_loss | -0.0053     |
|    std                  | 0.96        |
|    value_loss           | 8.78        |
-----------------------------------------
Early stopping at step 1 due to reaching max kl: 0.04
----------------------------------------
| rollout/                |            |
|    ep_len_mean          | 72.9       |
|    ep_rew_mean          | 48.7       |
| time/                   |            |
|    fps                  | 194        |
|    iterations           | 174        |
|    time_elapsed         | 3667       |
|    total_timesteps      | 712704     |
| train/                  |            |
|    approx_kl            | 0.01904269 |
|    clip_fraction        | 0.161      |
|    clip_range           | 0.2        |
|    entropy_loss         | -5.51      |
|    explained_variance   | 0.876      |
|    learning_rate        | 0.0001     |
|    loss                 | 4.48       |
|    n_updates            | 1329       |
|    policy_gradient_loss | -0.000323  |
|    std                  | 0.961      |
|    value_loss           | 5.4        |
----------------------------------------
Early stopping at step 0 due to reaching max kl: 0.04
-----------------------------------------
| rollout/                |             |
|    ep_len_mean          | 71.1        |
|    ep_rew_mean          | 48.3        |
| time/                   |             |
|    fps                  | 195         |
|    iterations           | 175         |
|    time_elapsed         | 3670        |
|    total_timesteps      | 716800      |
| train/                  |             |
|    approx_kl            | 0.009984945 |
|    clip_fraction        | 0.113       |
|    clip_range           | 0.2         |
|    entropy_loss         | -5.52       |
|    explained_variance   | 0.879       |
|    learning_rate        | 0.0001      |
|    loss                 | 6.47        |
|    n_updates            | 1330        |
|    policy_gradient_loss | 0.00571     |
|    std                  | 0.961       |
|    value_loss           | 7.21        |
-----------------------------------------
Early stopping at step 0 due to reaching max kl: 0.06
Eval num_timesteps=720000, episode_reward=58.26 +/- 23.68
Episode length: 87.40 +/- 67.47
-----------------------------------------
| eval/                   |             |
|    mean_ep_length       | 87.4        |
|    mean_reward          | 58.3        |
| time/                   |             |
|    total_timesteps      | 720000      |
| train/                  |             |
|    approx_kl            | 0.017202146 |
|    clip_fraction        | 0.187       |
|    clip_range           | 0.2         |
|    entropy_loss         | -5.52       |
|    explained_variance   | 0.926       |
|    learning_rate        | 0.0001      |
|    loss                 | 4.44        |
|    n_updates            | 1331        |
|    policy_gradient_loss | 0.00453     |
|    std                  | 0.961       |
|    value_loss           | 9.17        |
-----------------------------------------
---------------------------------
| rollout/           |          |
|    ep_len_mean     | 60.2     |
|    ep_rew_mean     | 47.4     |
| time/              |          |
|    fps             | 196      |
|    iterations      | 176      |
|    time_elapsed    | 3674     |
|    total_timesteps | 720896   |
---------------------------------
Early stopping at step 1 due to reaching max kl: 0.03
-----------------------------------------
| rollout/                |             |
|    ep_len_mean          | 68          |
|    ep_rew_mean          | 49.7        |
| time/                   |             |
|    fps                  | 197         |
|    iterations           | 177         |
|    time_elapsed         | 3679        |
|    total_timesteps      | 724992      |
| train/                  |             |
|    approx_kl            | 0.020211333 |
|    clip_fraction        | 0.136       |
|    clip_range           | 0.2         |
|    entropy_loss         | -5.52       |
|    explained_variance   | -0.0704     |
|    learning_rate        | 0.0001      |
|    loss                 | 0.879       |
|    n_updates            | 1333        |
|    policy_gradient_loss | 0.00147     |
|    std                  | 0.961       |
|    value_loss           | 563         |
-----------------------------------------
Early stopping at step 1 due to reaching max kl: 0.03
-----------------------------------------
| rollout/                |             |
|    ep_len_mean          | 85.5        |
|    ep_rew_mean          | 59.8        |
| time/                   |             |
|    fps                  | 197         |
|    iterations           | 178         |
|    time_elapsed         | 3685        |
|    total_timesteps      | 729088      |
| train/                  |             |
|    approx_kl            | 0.014799181 |
|    clip_fraction        | 0.126       |
|    clip_range           | 0.2         |
|    entropy_loss         | -5.51       |
|    explained_variance   | 0.871       |
|    learning_rate        | 0.0001      |
|    loss                 | 3.51        |
|    n_updates            | 1335        |
|    policy_gradient_loss | -0.00344    |
|    std                  | 0.961       |
|    value_loss           | 9.89        |
-----------------------------------------
---------------------------------------
| rollout/                |           |
|    ep_len_mean          | 88        |
|    ep_rew_mean          | 58.7      |
| time/                   |           |
|    fps                  | 196       |
|    iterations           | 179       |
|    time_elapsed         | 3726      |
|    total_timesteps      | 733184    |
| train/                  |           |
|    approx_kl            | 0.0141617 |
|    clip_fraction        | 0.17      |
|    clip_range           | 0.2       |
|    entropy_loss         | -5.51     |
|    explained_variance   | 0.914     |
|    learning_rate        | 0.0001    |
|    loss                 | 2.91      |
|    n_updates            | 1345      |
|    policy_gradient_loss | -0.0122   |
|    std                  | 0.958     |
|    value_loss           | 8.21      |
---------------------------------------
Early stopping at step 2 due to reaching max kl: 0.03
-----------------------------------------
| rollout/                |             |
|    ep_len_mean          | 79.7        |
|    ep_rew_mean          | 56          |
| time/                   |             |
|    fps                  | 197         |
|    iterations           | 180         |
|    time_elapsed         | 3732        |
|    total_timesteps      | 737280      |
| train/                  |             |
|    approx_kl            | 0.017671993 |
|    clip_fraction        | 0.148       |
|    clip_range           | 0.2         |
|    entropy_loss         | -5.5        |
|    explained_variance   | 0.86        |
|    learning_rate        | 0.0001      |
|    loss                 | 9.13        |
|    n_updates            | 1348        |
|    policy_gradient_loss | -0.000122   |
|    std                  | 0.958       |
|    value_loss           | 10.1        |
-----------------------------------------
Early stopping at step 2 due to reaching max kl: 0.03
Eval num_timesteps=740000, episode_reward=60.93 +/- 17.89
Episode length: 80.40 +/- 26.49
----------------------------------------
| eval/                   |            |
|    mean_ep_length       | 80.4       |
|    mean_reward          | 60.9       |
| time/                   |            |
|    total_timesteps      | 740000     |
| train/                  |            |
|    approx_kl            | 0.01979212 |
|    clip_fraction        | 0.173      |
|    clip_range           | 0.2        |
|    entropy_loss         | -5.5       |
|    explained_variance   | 0.818      |
|    learning_rate        | 0.0001     |
|    loss                 | 1.58       |
|    n_updates            | 1351       |
|    policy_gradient_loss | 0.000456   |
|    std                  | 0.957      |
|    value_loss           | 9.91       |
----------------------------------------
---------------------------------
| rollout/           |          |
|    ep_len_mean     | 81.4     |
|    ep_rew_mean     | 58.7     |
| time/              |          |
|    fps             | 198      |
|    iterations      | 181      |
|    time_elapsed    | 3740     |
|    total_timesteps | 741376   |
---------------------------------
Early stopping at step 2 due to reaching max kl: 0.05
----------------------------------------
| rollout/                |            |
|    ep_len_mean          | 78.6       |
|    ep_rew_mean          | 63.3       |
| time/                   |            |
|    fps                  | 198        |
|    iterations           | 182        |
|    time_elapsed         | 3748       |
|    total_timesteps      | 745472     |
| train/                  |            |
|    approx_kl            | 0.02399619 |
|    clip_fraction        | 0.148      |
|    clip_range           | 0.2        |
|    entropy_loss         | -5.5       |
|    explained_variance   | 0.782      |
|    learning_rate        | 0.0001     |
|    loss                 | 3.71       |
|    n_updates            | 1354       |
|    policy_gradient_loss | -0.00266   |
|    std                  | 0.957      |
|    value_loss           | 7.19       |
----------------------------------------
Early stopping at step 1 due to reaching max kl: 0.03
-----------------------------------------
| rollout/                |             |
|    ep_len_mean          | 81.7        |
|    ep_rew_mean          | 66.7        |
| time/                   |             |
|    fps                  | 199         |
|    iterations           | 183         |
|    time_elapsed         | 3754        |
|    total_timesteps      | 749568      |
| train/                  |             |
|    approx_kl            | 0.012946692 |
|    clip_fraction        | 0.0934      |
|    clip_range           | 0.2         |
|    entropy_loss         | -5.5        |
|    explained_variance   | -0.156      |
|    learning_rate        | 0.0001      |
|    loss                 | 3.88        |
|    n_updates            | 1356        |
|    policy_gradient_loss | 0.00148     |
|    std                  | 0.957       |
|    value_loss           | 277         |
-----------------------------------------
Early stopping at step 0 due to reaching max kl: 0.03
-----------------------------------------
| rollout/                |             |
|    ep_len_mean          | 89.7        |
|    ep_rew_mean          | 68.7        |
| time/                   |             |
|    fps                  | 200         |
|    iterations           | 184         |
|    time_elapsed         | 3758        |
|    total_timesteps      | 753664      |
| train/                  |             |
|    approx_kl            | 0.012804371 |
|    clip_fraction        | 0.16        |
|    clip_range           | 0.2         |
|    entropy_loss         | -5.5        |
|    explained_variance   | 0.787       |
|    learning_rate        | 0.0001      |
|    loss                 | 4.13        |
|    n_updates            | 1357        |
|    policy_gradient_loss | 0.0053      |
|    std                  | 0.957       |
|    value_loss           | 13.3        |
-----------------------------------------
Early stopping at step 3 due to reaching max kl: 0.03
-----------------------------------------
| rollout/                |             |
|    ep_len_mean          | 88.4        |
|    ep_rew_mean          | 68.7        |
| time/                   |             |
|    fps                  | 201         |
|    iterations           | 185         |
|    time_elapsed         | 3768        |
|    total_timesteps      | 757760      |
| train/                  |             |
|    approx_kl            | 0.018878678 |
|    clip_fraction        | 0.145       |
|    clip_range           | 0.2         |
|    entropy_loss         | -5.5        |
|    explained_variance   | 0.869       |
|    learning_rate        | 0.0001      |
|    loss                 | 19.1        |
|    n_updates            | 1361        |
|    policy_gradient_loss | -0.00538    |
|    std                  | 0.957       |
|    value_loss           | 12.8        |
-----------------------------------------
Early stopping at step 6 due to reaching max kl: 0.03
Eval num_timesteps=760000, episode_reward=57.59 +/- 19.50
Episode length: 71.40 +/- 25.97
-----------------------------------------
| eval/                   |             |
|    mean_ep_length       | 71.4        |
|    mean_reward          | 57.6        |
| time/                   |             |
|    total_timesteps      | 760000      |
| train/                  |             |
|    approx_kl            | 0.019693295 |
|    clip_fraction        | 0.174       |
|    clip_range           | 0.2         |
|    entropy_loss         | -5.5        |
|    explained_variance   | 0.666       |
|    learning_rate        | 0.0001      |
|    loss                 | 1.67        |
|    n_updates            | 1368        |
|    policy_gradient_loss | -0.00998    |
|    std                  | 0.956       |
|    value_loss           | 12.4        |
-----------------------------------------
---------------------------------
| rollout/           |          |
|    ep_len_mean     | 89.4     |
|    ep_rew_mean     | 71.1     |
| time/              |          |
|    fps             | 201      |
|    iterations      | 186      |
|    time_elapsed    | 3783     |
|    total_timesteps | 761856   |
---------------------------------
Early stopping at step 9 due to reaching max kl: 0.03
-----------------------------------------
| rollout/                |             |
|    ep_len_mean          | 92.4        |
|    ep_rew_mean          | 77.8        |
| time/                   |             |
|    fps                  | 201         |
|    iterations           | 187         |
|    time_elapsed         | 3805        |
|    total_timesteps      | 765952      |
| train/                  |             |
|    approx_kl            | 0.020271853 |
|    clip_fraction        | 0.152       |
|    clip_range           | 0.2         |
|    entropy_loss         | -5.49       |
|    explained_variance   | 0.866       |
|    learning_rate        | 0.0001      |
|    loss                 | 6.52        |
|    n_updates            | 1378        |
|    policy_gradient_loss | -0.0148     |
|    std                  | 0.954       |
|    value_loss           | 12.5        |
-----------------------------------------
Early stopping at step 1 due to reaching max kl: 0.03
-----------------------------------------
| rollout/                |             |
|    ep_len_mean          | 89.9        |
|    ep_rew_mean          | 76.2        |
| time/                   |             |
|    fps                  | 202         |
|    iterations           | 188         |
|    time_elapsed         | 3810        |
|    total_timesteps      | 770048      |
| train/                  |             |
|    approx_kl            | 0.011722849 |
|    clip_fraction        | 0.117       |
|    clip_range           | 0.2         |
|    entropy_loss         | -5.49       |
|    explained_variance   | -0.482      |
|    learning_rate        | 0.0001      |
|    loss                 | 1.52        |
|    n_updates            | 1380        |
|    policy_gradient_loss | -0.00192    |
|    std                  | 0.954       |
|    value_loss           | 332         |
-----------------------------------------
Early stopping at step 6 due to reaching max kl: 0.03
-----------------------------------------
| rollout/                |             |
|    ep_len_mean          | 100         |
|    ep_rew_mean          | 104         |
| time/                   |             |
|    fps                  | 202         |
|    iterations           | 189         |
|    time_elapsed         | 3825        |
|    total_timesteps      | 774144      |
| train/                  |             |
|    approx_kl            | 0.022245308 |
|    clip_fraction        | 0.171       |
|    clip_range           | 0.2         |
|    entropy_loss         | -5.49       |
|    explained_variance   | 0.748       |
|    learning_rate        | 0.0001      |
|    loss                 | 5.65        |
|    n_updates            | 1387        |
|    policy_gradient_loss | -0.00792    |
|    std                  | 0.954       |
|    value_loss           | 12.5        |
-----------------------------------------
Early stopping at step 2 due to reaching max kl: 0.03
-----------------------------------------
| rollout/                |             |
|    ep_len_mean          | 105         |
|    ep_rew_mean          | 129         |
| time/                   |             |
|    fps                  | 203         |
|    iterations           | 190         |
|    time_elapsed         | 3832        |
|    total_timesteps      | 778240      |
| train/                  |             |
|    approx_kl            | 0.017695699 |
|    clip_fraction        | 0.146       |
|    clip_range           | 0.2         |
|    entropy_loss         | -5.48       |
|    explained_variance   | -0.292      |
|    learning_rate        | 0.0001      |
|    loss                 | 3.12e+03    |
|    n_updates            | 1390        |
|    policy_gradient_loss | -0.00177    |
|    std                  | 0.953       |
|    value_loss           | 1.52e+03    |
-----------------------------------------
Early stopping at step 8 due to reaching max kl: 0.03
Eval num_timesteps=780000, episode_reward=106.46 +/- 74.03
Episode length: 115.00 +/- 84.96
-----------------------------------------
| eval/                   |             |
|    mean_ep_length       | 115         |
|    mean_reward          | 106         |
| time/                   |             |
|    total_timesteps      | 780000      |
| train/                  |             |
|    approx_kl            | 0.018541822 |
|    clip_fraction        | 0.142       |
|    clip_range           | 0.2         |
|    entropy_loss         | -5.48       |
|    explained_variance   | -0.181      |
|    learning_rate        | 0.0001      |
|    loss                 | 7.77        |
|    n_updates            | 1399        |
|    policy_gradient_loss | -0.00741    |
|    std                  | 0.951       |
|    value_loss           | 1.57e+03    |
-----------------------------------------
---------------------------------
| rollout/           |          |
|    ep_len_mean     | 107      |
|    ep_rew_mean     | 140      |
| time/              |          |
|    fps             | 202      |
|    iterations      | 191      |
|    time_elapsed    | 3854     |
|    total_timesteps | 782336   |
---------------------------------
Early stopping at step 1 due to reaching max kl: 0.03
-----------------------------------------
| rollout/                |             |
|    ep_len_mean          | 111         |
|    ep_rew_mean          | 126         |
| time/                   |             |
|    fps                  | 203         |
|    iterations           | 192         |
|    time_elapsed         | 3859        |
|    total_timesteps      | 786432      |
| train/                  |             |
|    approx_kl            | 0.012884928 |
|    clip_fraction        | 0.107       |
|    clip_range           | 0.2         |
|    entropy_loss         | -5.47       |
|    explained_variance   | 0.0214      |
|    learning_rate        | 0.0001      |
|    loss                 | 15          |
|    n_updates            | 1401        |
|    policy_gradient_loss | -9.13e-05   |
|    std                  | 0.95        |
|    value_loss           | 583         |
-----------------------------------------
Early stopping at step 4 due to reaching max kl: 0.03
-----------------------------------------
| rollout/                |             |
|    ep_len_mean          | 121         |
|    ep_rew_mean          | 137         |
| time/                   |             |
|    fps                  | 204         |
|    iterations           | 193         |
|    time_elapsed         | 3871        |
|    total_timesteps      | 790528      |
| train/                  |             |
|    approx_kl            | 0.022241369 |
|    clip_fraction        | 0.139       |
|    clip_range           | 0.2         |
|    entropy_loss         | -5.47       |
|    explained_variance   | 0.0364      |
|    learning_rate        | 0.0001      |
|    loss                 | 1.67        |
|    n_updates            | 1406        |
|    policy_gradient_loss | -0.00467    |
|    std                  | 0.95        |
|    value_loss           | 771         |
-----------------------------------------
Early stopping at step 3 due to reaching max kl: 0.05
-----------------------------------------
| rollout/                |             |
|    ep_len_mean          | 126         |
|    ep_rew_mean          | 140         |
| time/                   |             |
|    fps                  | 204         |
|    iterations           | 194         |
|    time_elapsed         | 3882        |
|    total_timesteps      | 794624      |
| train/                  |             |
|    approx_kl            | 0.018684398 |
|    clip_fraction        | 0.18        |
|    clip_range           | 0.2         |
|    entropy_loss         | -5.47       |
|    explained_variance   | -0.0131     |
|    learning_rate        | 0.0001      |
|    loss                 | 2.07        |
|    n_updates            | 1410        |
|    policy_gradient_loss | -0.00358    |
|    std                  | 0.949       |
|    value_loss           | 1.09e+03    |
-----------------------------------------
Early stopping at step 1 due to reaching max kl: 0.03
-----------------------------------------
| rollout/                |             |
|    ep_len_mean          | 133         |
|    ep_rew_mean          | 148         |
| time/                   |             |
|    fps                  | 205         |
|    iterations           | 195         |
|    time_elapsed         | 3888        |
|    total_timesteps      | 798720      |
| train/                  |             |
|    approx_kl            | 0.016356299 |
|    clip_fraction        | 0.16        |
|    clip_range           | 0.2         |
|    entropy_loss         | -5.46       |
|    explained_variance   | 0.00922     |
|    learning_rate        | 0.0001      |
|    loss                 | 2.94        |
|    n_updates            | 1412        |
|    policy_gradient_loss | -0.00165    |
|    std                  | 0.948       |
|    value_loss           | 585         |
-----------------------------------------
Early stopping at step 3 due to reaching max kl: 0.03
Eval num_timesteps=800000, episode_reward=139.36 +/- 63.87
Episode length: 182.60 +/- 98.21
-----------------------------------------
| eval/                   |             |
|    mean_ep_length       | 183         |
|    mean_reward          | 139         |
| time/                   |             |
|    total_timesteps      | 800000      |
| train/                  |             |
|    approx_kl            | 0.015504395 |
|    clip_fraction        | 0.135       |
|    clip_range           | 0.2         |
|    entropy_loss         | -5.46       |
|    explained_variance   | 0.389       |
|    learning_rate        | 0.0001      |
|    loss                 | 12.8        |
|    n_updates            | 1416        |
|    policy_gradient_loss | -0.00401    |
|    std                  | 0.948       |
|    value_loss           | 45.3        |
-----------------------------------------
---------------------------------
| rollout/           |          |
|    ep_len_mean     | 134      |
|    ep_rew_mean     | 123      |
| time/              |          |
|    fps             | 205      |
|    iterations      | 196      |
|    time_elapsed    | 3898     |
|    total_timesteps | 802816   |
---------------------------------
Early stopping at step 1 due to reaching max kl: 0.04
-----------------------------------------
| rollout/                |             |
|    ep_len_mean          | 136         |
|    ep_rew_mean          | 117         |
| time/                   |             |
|    fps                  | 206         |
|    iterations           | 197         |
|    time_elapsed         | 3903        |
|    total_timesteps      | 806912      |
| train/                  |             |
|    approx_kl            | 0.021643262 |
|    clip_fraction        | 0.161       |
|    clip_range           | 0.2         |
|    entropy_loss         | -5.46       |
|    explained_variance   | 0.825       |
|    learning_rate        | 0.0001      |
|    loss                 | 2.02        |
|    n_updates            | 1418        |
|    policy_gradient_loss | 0.003       |
|    std                  | 0.948       |
|    value_loss           | 28.4        |
-----------------------------------------
Early stopping at step 5 due to reaching max kl: 0.03
-----------------------------------------
| rollout/                |             |
|    ep_len_mean          | 140         |
|    ep_rew_mean          | 119         |
| time/                   |             |
|    fps                  | 206         |
|    iterations           | 198         |
|    time_elapsed         | 3918        |
|    total_timesteps      | 811008      |
| train/                  |             |
|    approx_kl            | 0.016954185 |
|    clip_fraction        | 0.119       |
|    clip_range           | 0.2         |
|    entropy_loss         | -5.46       |
|    explained_variance   | 0.249       |
|    learning_rate        | 0.0001      |
|    loss                 | 1.48        |
|    n_updates            | 1424        |
|    policy_gradient_loss | -0.002      |
|    std                  | 0.948       |
|    value_loss           | 434         |
-----------------------------------------
Early stopping at step 2 due to reaching max kl: 0.03
-----------------------------------------
| rollout/                |             |
|    ep_len_mean          | 141         |
|    ep_rew_mean          | 114         |
| time/                   |             |
|    fps                  | 207         |
|    iterations           | 199         |
|    time_elapsed         | 3925        |
|    total_timesteps      | 815104      |
| train/                  |             |
|    approx_kl            | 0.011709517 |
|    clip_fraction        | 0.0756      |
|    clip_range           | 0.2         |
|    entropy_loss         | -5.46       |
|    explained_variance   | 0.0176      |
|    learning_rate        | 0.0001      |
|    loss                 | 1.96        |
|    n_updates            | 1427        |
|    policy_gradient_loss | -0.00186    |
|    std                  | 0.947       |
|    value_loss           | 450         |
-----------------------------------------
-----------------------------------------
| rollout/                |             |
|    ep_len_mean          | 143         |
|    ep_rew_mean          | 106         |
| time/                   |             |
|    fps                  | 207         |
|    iterations           | 200         |
|    time_elapsed         | 3952        |
|    total_timesteps      | 819200      |
| train/                  |             |
|    approx_kl            | 0.009673209 |
|    clip_fraction        | 0.105       |
|    clip_range           | 0.2         |
|    entropy_loss         | -5.46       |
|    explained_variance   | 0.933       |
|    learning_rate        | 0.0001      |
|    loss                 | 20          |
|    n_updates            | 1437        |
|    policy_gradient_loss | -0.00762    |
|    std                  | 0.948       |
|    value_loss           | 21.8        |
-----------------------------------------
Early stopping at step 4 due to reaching max kl: 0.04
Eval num_timesteps=820000, episode_reward=134.44 +/- 31.30
Episode length: 169.00 +/- 38.77
-----------------------------------------
| eval/                   |             |
|    mean_ep_length       | 169         |
|    mean_reward          | 134         |
| time/                   |             |
|    total_timesteps      | 820000      |
| train/                  |             |
|    approx_kl            | 0.016681077 |
|    clip_fraction        | 0.138       |
|    clip_range           | 0.2         |
|    entropy_loss         | -5.46       |
|    explained_variance   | 0.956       |
|    learning_rate        | 0.0001      |
|    loss                 | 3.08        |
|    n_updates            | 1442        |
|    policy_gradient_loss | -0.00131    |
|    std                  | 0.947       |
|    value_loss           | 9.64        |
-----------------------------------------
---------------------------------
| rollout/           |          |
|    ep_len_mean     | 150      |
|    ep_rew_mean     | 106      |
| time/              |          |
|    fps             | 207      |
|    iterations      | 201      |
|    time_elapsed    | 3965     |
|    total_timesteps | 823296   |
---------------------------------
-----------------------------------------
| rollout/                |             |
|    ep_len_mean          | 163         |
|    ep_rew_mean          | 118         |
| time/                   |             |
|    fps                  | 207         |
|    iterations           | 202         |
|    time_elapsed         | 3990        |
|    total_timesteps      | 827392      |
| train/                  |             |
|    approx_kl            | 0.007940886 |
|    clip_fraction        | 0.108       |
|    clip_range           | 0.2         |
|    entropy_loss         | -5.46       |
|    explained_variance   | 0.928       |
|    learning_rate        | 0.0001      |
|    loss                 | 3.5         |
|    n_updates            | 1452        |
|    policy_gradient_loss | -0.00719    |
|    std                  | 0.946       |
|    value_loss           | 14.1        |
-----------------------------------------
-----------------------------------------
| rollout/                |             |
|    ep_len_mean          | 156         |
|    ep_rew_mean          | 126         |
| time/                   |             |
|    fps                  | 207         |
|    iterations           | 203         |
|    time_elapsed         | 4015        |
|    total_timesteps      | 831488      |
| train/                  |             |
|    approx_kl            | 0.007470645 |
|    clip_fraction        | 0.0675      |
|    clip_range           | 0.2         |
|    entropy_loss         | -5.45       |
|    explained_variance   | 0.951       |
|    learning_rate        | 0.0001      |
|    loss                 | 2.31        |
|    n_updates            | 1462        |
|    policy_gradient_loss | -0.00876    |
|    std                  | 0.946       |
|    value_loss           | 16.1        |
-----------------------------------------
Early stopping at step 9 due to reaching max kl: 0.03
-----------------------------------------
| rollout/                |             |
|    ep_len_mean          | 144         |
|    ep_rew_mean          | 119         |
| time/                   |             |
|    fps                  | 206         |
|    iterations           | 204         |
|    time_elapsed         | 4053        |
|    total_timesteps      | 835584      |
| train/                  |             |
|    approx_kl            | 0.015558297 |
|    clip_fraction        | 0.114       |
|    clip_range           | 0.2         |
|    entropy_loss         | -5.46       |
|    explained_variance   | 0.0167      |
|    learning_rate        | 0.0001      |
|    loss                 | 0.662       |
|    n_updates            | 1472        |
|    policy_gradient_loss | -0.00748    |
|    std                  | 0.947       |
|    value_loss           | 826         |
-----------------------------------------
Early stopping at step 2 due to reaching max kl: 0.04
-----------------------------------------
| rollout/                |             |
|    ep_len_mean          | 133         |
|    ep_rew_mean          | 112         |
| time/                   |             |
|    fps                  | 206         |
|    iterations           | 205         |
|    time_elapsed         | 4065        |
|    total_timesteps      | 839680      |
| train/                  |             |
|    approx_kl            | 0.014012554 |
|    clip_fraction        | 0.0962      |
|    clip_range           | 0.2         |
|    entropy_loss         | -5.46       |
|    explained_variance   | 0.94        |
|    learning_rate        | 0.0001      |
|    loss                 | 2.56        |
|    n_updates            | 1475        |
|    policy_gradient_loss | -0.000613   |
|    std                  | 0.946       |
|    value_loss           | 13          |
-----------------------------------------
Early stopping at step 7 due to reaching max kl: 0.03
Eval num_timesteps=840000, episode_reward=71.44 +/- 7.37
Episode length: 99.80 +/- 16.14
-----------------------------------------
| eval/                   |             |
|    mean_ep_length       | 99.8        |
|    mean_reward          | 71.4        |
| time/                   |             |
|    total_timesteps      | 840000      |
| train/                  |             |
|    approx_kl            | 0.031075582 |
|    clip_fraction        | 0.136       |
|    clip_range           | 0.2         |
|    entropy_loss         | -5.45       |
|    explained_variance   | 0.277       |
|    learning_rate        | 0.0001      |
|    loss                 | 13.3        |
|    n_updates            | 1483        |
|    policy_gradient_loss | -0.00201    |
|    std                  | 0.946       |
|    value_loss           | 290         |
-----------------------------------------
---------------------------------
| rollout/           |          |
|    ep_len_mean     | 131      |
|    ep_rew_mean     | 103      |
| time/              |          |
|    fps             | 206      |
|    iterations      | 206      |
|    time_elapsed    | 4094     |
|    total_timesteps | 843776   |
---------------------------------
Early stopping at step 0 due to reaching max kl: 0.04
-----------------------------------------
| rollout/                |             |
|    ep_len_mean          | 133         |
|    ep_rew_mean          | 106         |
| time/                   |             |
|    fps                  | 206         |
|    iterations           | 207         |
|    time_elapsed         | 4098        |
|    total_timesteps      | 847872      |
| train/                  |             |
|    approx_kl            | 0.013229348 |
|    clip_fraction        | 0.165       |
|    clip_range           | 0.2         |
|    entropy_loss         | -5.45       |
|    explained_variance   | 0.96        |
|    learning_rate        | 0.0001      |
|    loss                 | 2.01        |
|    n_updates            | 1484        |
|    policy_gradient_loss | 0.00188     |
|    std                  | 0.946       |
|    value_loss           | 9.28        |
-----------------------------------------
Early stopping at step 0 due to reaching max kl: 0.04
-----------------------------------------
| rollout/                |             |
|    ep_len_mean          | 138         |
|    ep_rew_mean          | 121         |
| time/                   |             |
|    fps                  | 207         |
|    iterations           | 208         |
|    time_elapsed         | 4101        |
|    total_timesteps      | 851968      |
| train/                  |             |
|    approx_kl            | 0.010767272 |
|    clip_fraction        | 0.134       |
|    clip_range           | 0.2         |
|    entropy_loss         | -5.45       |
|    explained_variance   | 0.307       |
|    learning_rate        | 0.0001      |
|    loss                 | 1.96        |
|    n_updates            | 1485        |
|    policy_gradient_loss | 0.00267     |
|    std                  | 0.945       |
|    value_loss           | 850         |
-----------------------------------------
-----------------------------------------
| rollout/                |             |
|    ep_len_mean          | 145         |
|    ep_rew_mean          | 145         |
| time/                   |             |
|    fps                  | 206         |
|    iterations           | 209         |
|    time_elapsed         | 4142        |
|    total_timesteps      | 856064      |
| train/                  |             |
|    approx_kl            | 0.015987128 |
|    clip_fraction        | 0.162       |
|    clip_range           | 0.2         |
|    entropy_loss         | -5.45       |
|    explained_variance   | -0.192      |
|    learning_rate        | 0.0001      |
|    loss                 | 1.81        |
|    n_updates            | 1495        |
|    policy_gradient_loss | -0.012      |
|    std                  | 0.943       |
|    value_loss           | 1.08e+03    |
-----------------------------------------
Eval num_timesteps=860000, episode_reward=118.08 +/- 22.10
Episode length: 126.00 +/- 28.48
-----------------------------------------
| eval/                   |             |
|    mean_ep_length       | 126         |
|    mean_reward          | 118         |
| time/                   |             |
|    total_timesteps      | 860000      |
| train/                  |             |
|    approx_kl            | 0.014198901 |
|    clip_fraction        | 0.127       |
|    clip_range           | 0.2         |
|    entropy_loss         | -5.44       |
|    explained_variance   | -0.11       |
|    learning_rate        | 0.0001      |
|    loss                 | 9.43        |
|    n_updates            | 1505        |
|    policy_gradient_loss | -0.0101     |
|    std                  | 0.942       |
|    value_loss           | 1.01e+03    |
-----------------------------------------
---------------------------------
| rollout/           |          |
|    ep_len_mean     | 151      |
|    ep_rew_mean     | 172      |
| time/              |          |
|    fps             | 205      |
|    iterations      | 210      |
|    time_elapsed    | 4184     |
|    total_timesteps | 860160   |
---------------------------------
Early stopping at step 8 due to reaching max kl: 0.05
-----------------------------------------
| rollout/                |             |
|    ep_len_mean          | 156         |
|    ep_rew_mean          | 186         |
| time/                   |             |
|    fps                  | 204         |
|    iterations           | 211         |
|    time_elapsed         | 4224        |
|    total_timesteps      | 864256      |
| train/                  |             |
|    approx_kl            | 0.021301905 |
|    clip_fraction        | 0.146       |
|    clip_range           | 0.2         |
|    entropy_loss         | -5.44       |
|    explained_variance   | -0.217      |
|    learning_rate        | 0.0001      |
|    loss                 | 21          |
|    n_updates            | 1514        |
|    policy_gradient_loss | -0.00727    |
|    std                  | 0.943       |
|    value_loss           | 1.06e+03    |
-----------------------------------------
Early stopping at step 0 due to reaching max kl: 0.03
-----------------------------------------
| rollout/                |             |
|    ep_len_mean          | 160         |
|    ep_rew_mean          | 186         |
| time/                   |             |
|    fps                  | 205         |
|    iterations           | 212         |
|    time_elapsed         | 4228        |
|    total_timesteps      | 868352      |
| train/                  |             |
|    approx_kl            | 0.013082902 |
|    clip_fraction        | 0.163       |
|    clip_range           | 0.2         |
|    entropy_loss         | -5.44       |
|    explained_variance   | -0.158      |
|    learning_rate        | 0.0001      |
|    loss                 | 8.43        |
|    n_updates            | 1515        |
|    policy_gradient_loss | 0.00922     |
|    std                  | 0.943       |
|    value_loss           | 1.18e+03    |
-----------------------------------------
Early stopping at step 2 due to reaching max kl: 0.03
-----------------------------------------
| rollout/                |             |
|    ep_len_mean          | 156         |
|    ep_rew_mean          | 163         |
| time/                   |             |
|    fps                  | 205         |
|    iterations           | 213         |
|    time_elapsed         | 4238        |
|    total_timesteps      | 872448      |
| train/                  |             |
|    approx_kl            | 0.030547382 |
|    clip_fraction        | 0.173       |
|    clip_range           | 0.2         |
|    entropy_loss         | -5.44       |
|    explained_variance   | 0.289       |
|    learning_rate        | 0.0001      |
|    loss                 | 3.05        |
|    n_updates            | 1518        |
|    policy_gradient_loss | 0.00303     |
|    std                  | 0.943       |
|    value_loss           | 320         |
-----------------------------------------
-----------------------------------------
| rollout/                |             |
|    ep_len_mean          | 144         |
|    ep_rew_mean          | 148         |
| time/                   |             |
|    fps                  | 204         |
|    iterations           | 214         |
|    time_elapsed         | 4284        |
|    total_timesteps      | 876544      |
| train/                  |             |
|    approx_kl            | 0.007223416 |
|    clip_fraction        | 0.0953      |
|    clip_range           | 0.2         |
|    entropy_loss         | -5.44       |
|    explained_variance   | 0.938       |
|    learning_rate        | 0.0001      |
|    loss                 | 2.99        |
|    n_updates            | 1528        |
|    policy_gradient_loss | -0.00892    |
|    std                  | 0.943       |
|    value_loss           | 17          |
-----------------------------------------
Eval num_timesteps=880000, episode_reward=71.43 +/- 15.23
Episode length: 84.60 +/- 7.63
------------------------------------------
| eval/                   |              |
|    mean_ep_length       | 84.6         |
|    mean_reward          | 71.4         |
| time/                   |              |
|    total_timesteps      | 880000       |
| train/                  |              |
|    approx_kl            | 0.0103450585 |
|    clip_fraction        | 0.086        |
|    clip_range           | 0.2          |
|    entropy_loss         | -5.44        |
|    explained_variance   | 0.0232       |
|    learning_rate        | 0.0001       |
|    loss                 | 2.82e+03     |
|    n_updates            | 1538         |
|    policy_gradient_loss | -0.00741     |
|    std                  | 0.942        |
|    value_loss           | 1.07e+03     |
------------------------------------------
---------------------------------
| rollout/           |          |
|    ep_len_mean     | 141      |
|    ep_rew_mean     | 145      |
| time/              |          |
|    fps             | 203      |
|    iterations      | 215      |
|    time_elapsed    | 4328     |
|    total_timesteps | 880640   |
---------------------------------
-----------------------------------------
| rollout/                |             |
|    ep_len_mean          | 141         |
|    ep_rew_mean          | 149         |
| time/                   |             |
|    fps                  | 202         |
|    iterations           | 216         |
|    time_elapsed         | 4371        |
|    total_timesteps      | 884736      |
| train/                  |             |
|    approx_kl            | 0.010350386 |
|    clip_fraction        | 0.0879      |
|    clip_range           | 0.2         |
|    entropy_loss         | -5.44       |
|    explained_variance   | -0.019      |
|    learning_rate        | 0.0001      |
|    loss                 | 9.33        |
|    n_updates            | 1548        |
|    policy_gradient_loss | -0.00831    |
|    std                  | 0.942       |
|    value_loss           | 956         |
-----------------------------------------
Early stopping at step 6 due to reaching max kl: 0.03
-----------------------------------------
| rollout/                |             |
|    ep_len_mean          | 148         |
|    ep_rew_mean          | 168         |
| time/                   |             |
|    fps                  | 202         |
|    iterations           | 217         |
|    time_elapsed         | 4398        |
|    total_timesteps      | 888832      |
| train/                  |             |
|    approx_kl            | 0.027675312 |
|    clip_fraction        | 0.0951      |
|    clip_range           | 0.2         |
|    entropy_loss         | -5.44       |
|    explained_variance   | 0.0354      |
|    learning_rate        | 0.0001      |
|    loss                 | 2.07        |
|    n_updates            | 1555        |
|    policy_gradient_loss | -0.00611    |
|    std                  | 0.942       |
|    value_loss           | 555         |
-----------------------------------------
-----------------------------------------
| rollout/                |             |
|    ep_len_mean          | 145         |
|    ep_rew_mean          | 169         |
| time/                   |             |
|    fps                  | 200         |
|    iterations           | 218         |
|    time_elapsed         | 4444        |
|    total_timesteps      | 892928      |
| train/                  |             |
|    approx_kl            | 0.015424466 |
|    clip_fraction        | 0.13        |
|    clip_range           | 0.2         |
|    entropy_loss         | -5.43       |
|    explained_variance   | -0.416      |
|    learning_rate        | 0.0001      |
|    loss                 | 3.94        |
|    n_updates            | 1565        |
|    policy_gradient_loss | -0.00877    |
|    std                  | 0.942       |
|    value_loss           | 1.31e+03    |
-----------------------------------------
Early stopping at step 9 due to reaching max kl: 0.03
-----------------------------------------
| rollout/                |             |
|    ep_len_mean          | 151         |
|    ep_rew_mean          | 181         |
| time/                   |             |
|    fps                  | 200         |
|    iterations           | 219         |
|    time_elapsed         | 4482        |
|    total_timesteps      | 897024      |
| train/                  |             |
|    approx_kl            | 0.021921474 |
|    clip_fraction        | 0.17        |
|    clip_range           | 0.2         |
|    entropy_loss         | -5.43       |
|    explained_variance   | -0.0185     |
|    learning_rate        | 0.0001      |
|    loss                 | 3.18e+03    |
|    n_updates            | 1575        |
|    policy_gradient_loss | -0.00948    |
|    std                  | 0.941       |
|    value_loss           | 777         |
-----------------------------------------
Early stopping at step 0 due to reaching max kl: 0.04
Eval num_timesteps=900000, episode_reward=200.25 +/- 286.09
Episode length: 85.60 +/- 39.87
-----------------------------------------
| eval/                   |             |
|    mean_ep_length       | 85.6        |
|    mean_reward          | 200         |
| time/                   |             |
|    total_timesteps      | 900000      |
| train/                  |             |
|    approx_kl            | 0.012903638 |
|    clip_fraction        | 0.148       |
|    clip_range           | 0.2         |
|    entropy_loss         | -5.43       |
|    explained_variance   | 0.00439     |
|    learning_rate        | 0.0001      |
|    loss                 | 2.42        |
|    n_updates            | 1576        |
|    policy_gradient_loss | 0.00278     |
|    std                  | 0.941       |
|    value_loss           | 2.24e+03    |
-----------------------------------------
---------------------------------
| rollout/           |          |
|    ep_len_mean     | 150      |
|    ep_rew_mean     | 181      |
| time/              |          |
|    fps             | 200      |
|    iterations      | 220      |
|    time_elapsed    | 4486     |
|    total_timesteps | 901120   |
---------------------------------
Early stopping at step 1 due to reaching max kl: 0.03
----------------------------------------
| rollout/                |            |
|    ep_len_mean          | 144        |
|    ep_rew_mean          | 184        |
| time/                   |            |
|    fps                  | 201        |
|    iterations           | 221        |
|    time_elapsed         | 4492       |
|    total_timesteps      | 905216     |
| train/                  |            |
|    approx_kl            | 0.03027479 |
|    clip_fraction        | 0.15       |
|    clip_range           | 0.2        |
|    entropy_loss         | -5.43      |
|    explained_variance   | 0.0345     |
|    learning_rate        | 0.0001     |
|    loss                 | 6.06       |
|    n_updates            | 1578       |
|    policy_gradient_loss | 0.00699    |
|    std                  | 0.941      |
|    value_loss           | 724        |
----------------------------------------
Early stopping at step 1 due to reaching max kl: 0.03
----------------------------------------
| rollout/                |            |
|    ep_len_mean          | 141        |
|    ep_rew_mean          | 195        |
| time/                   |            |
|    fps                  | 201        |
|    iterations           | 222        |
|    time_elapsed         | 4501       |
|    total_timesteps      | 909312     |
| train/                  |            |
|    approx_kl            | 0.01172632 |
|    clip_fraction        | 0.143      |
|    clip_range           | 0.2        |
|    entropy_loss         | -5.43      |
|    explained_variance   | -0.0344    |
|    learning_rate        | 0.0001     |
|    loss                 | 148        |
|    n_updates            | 1580       |
|    policy_gradient_loss | 0.000399   |
|    std                  | 0.94       |
|    value_loss           | 1.43e+03   |
----------------------------------------
Early stopping at step 2 due to reaching max kl: 0.04
-----------------------------------------
| rollout/                |             |
|    ep_len_mean          | 138         |
|    ep_rew_mean          | 187         |
| time/                   |             |
|    fps                  | 202         |
|    iterations           | 223         |
|    time_elapsed         | 4515        |
|    total_timesteps      | 913408      |
| train/                  |             |
|    approx_kl            | 0.022335397 |
|    clip_fraction        | 0.231       |
|    clip_range           | 0.2         |
|    entropy_loss         | -5.43       |
|    explained_variance   | 0.00636     |
|    learning_rate        | 0.0001      |
|    loss                 | 2.66        |
|    n_updates            | 1583        |
|    policy_gradient_loss | 0.00384     |
|    std                  | 0.94        |
|    value_loss           | 2.02e+03    |
-----------------------------------------
-----------------------------------------
| rollout/                |             |
|    ep_len_mean          | 148         |
|    ep_rew_mean          | 210         |
| time/                   |             |
|    fps                  | 201         |
|    iterations           | 224         |
|    time_elapsed         | 4560        |
|    total_timesteps      | 917504      |
| train/                  |             |
|    approx_kl            | 0.020354494 |
|    clip_fraction        | 0.17        |
|    clip_range           | 0.2         |
|    entropy_loss         | -5.42       |
|    explained_variance   | 0.00589     |
|    learning_rate        | 0.0001      |
|    loss                 | 109         |
|    n_updates            | 1593        |
|    policy_gradient_loss | -0.0183     |
|    std                  | 0.937       |
|    value_loss           | 622         |
-----------------------------------------
Early stopping at step 0 due to reaching max kl: 0.03
Eval num_timesteps=920000, episode_reward=95.30 +/- 33.84
Episode length: 105.20 +/- 43.60
-----------------------------------------
| eval/                   |             |
|    mean_ep_length       | 105         |
|    mean_reward          | 95.3        |
| time/                   |             |
|    total_timesteps      | 920000      |
| train/                  |             |
|    approx_kl            | 0.015997808 |
|    clip_fraction        | 0.195       |
|    clip_range           | 0.2         |
|    entropy_loss         | -5.42       |
|    explained_variance   | 0.00688     |
|    learning_rate        | 0.0001      |
|    loss                 | 6.36        |
|    n_updates            | 1594        |
|    policy_gradient_loss | 0.00648     |
|    std                  | 0.937       |
|    value_loss           | 2.29e+03    |
-----------------------------------------
---------------------------------
| rollout/           |          |
|    ep_len_mean     | 154      |
|    ep_rew_mean     | 220      |
| time/              |          |
|    fps             | 201      |
|    iterations      | 225      |
|    time_elapsed    | 4567     |
|    total_timesteps | 921600   |
---------------------------------
Early stopping at step 3 due to reaching max kl: 0.03
-----------------------------------------
| rollout/                |             |
|    ep_len_mean          | 150         |
|    ep_rew_mean          | 206         |
| time/                   |             |
|    fps                  | 201         |
|    iterations           | 226         |
|    time_elapsed         | 4584        |
|    total_timesteps      | 925696      |
| train/                  |             |
|    approx_kl            | 0.017632907 |
|    clip_fraction        | 0.15        |
|    clip_range           | 0.2         |
|    entropy_loss         | -5.42       |
|    explained_variance   | 0.00397     |
|    learning_rate        | 0.0001      |
|    loss                 | 3.52        |
|    n_updates            | 1598        |
|    policy_gradient_loss | -0.0108     |
|    std                  | 0.938       |
|    value_loss           | 1.04e+03    |
-----------------------------------------
Early stopping at step 9 due to reaching max kl: 0.03
----------------------------------------
| rollout/                |            |
|    ep_len_mean          | 155        |
|    ep_rew_mean          | 213        |
| time/                   |            |
|    fps                  | 201        |
|    iterations           | 227        |
|    time_elapsed         | 4623       |
|    total_timesteps      | 929792     |
| train/                  |            |
|    approx_kl            | 0.03056225 |
|    clip_fraction        | 0.18       |
|    clip_range           | 0.2        |
|    entropy_loss         | -5.42      |
|    explained_variance   | 0.00757    |
|    learning_rate        | 0.0001     |
|    loss                 | 49.6       |
|    n_updates            | 1608       |
|    policy_gradient_loss | -0.0118    |
|    std                  | 0.937      |
|    value_loss           | 1.09e+03   |
----------------------------------------
Early stopping at step 8 due to reaching max kl: 0.03
-----------------------------------------
| rollout/                |             |
|    ep_len_mean          | 155         |
|    ep_rew_mean          | 209         |
| time/                   |             |
|    fps                  | 200         |
|    iterations           | 228         |
|    time_elapsed         | 4655        |
|    total_timesteps      | 933888      |
| train/                  |             |
|    approx_kl            | 0.023905862 |
|    clip_fraction        | 0.106       |
|    clip_range           | 0.2         |
|    entropy_loss         | -5.41       |
|    explained_variance   | -0.0166     |
|    learning_rate        | 0.0001      |
|    loss                 | 1.31        |
|    n_updates            | 1617        |
|    policy_gradient_loss | -0.00581    |
|    std                  | 0.935       |
|    value_loss           | 1.41e+03    |
-----------------------------------------
Early stopping at step 2 due to reaching max kl: 0.03
-----------------------------------------
| rollout/                |             |
|    ep_len_mean          | 160         |
|    ep_rew_mean          | 215         |
| time/                   |             |
|    fps                  | 201         |
|    iterations           | 229         |
|    time_elapsed         | 4663        |
|    total_timesteps      | 937984      |
| train/                  |             |
|    approx_kl            | 0.015831256 |
|    clip_fraction        | 0.123       |
|    clip_range           | 0.2         |
|    entropy_loss         | -5.41       |
|    explained_variance   | -0.0189     |
|    learning_rate        | 0.0001      |
|    loss                 | 8.17        |
|    n_updates            | 1620        |
|    policy_gradient_loss | -0.00215    |
|    std                  | 0.935       |
|    value_loss           | 1.34e+03    |
-----------------------------------------
Early stopping at step 7 due to reaching max kl: 0.03
Eval num_timesteps=940000, episode_reward=259.73 +/- 329.10
Episode length: 130.00 +/- 27.52
-----------------------------------------
| eval/                   |             |
|    mean_ep_length       | 130         |
|    mean_reward          | 260         |
| time/                   |             |
|    total_timesteps      | 940000      |
| train/                  |             |
|    approx_kl            | 0.017350294 |
|    clip_fraction        | 0.17        |
|    clip_range           | 0.2         |
|    entropy_loss         | -5.41       |
|    explained_variance   | 0.0401      |
|    learning_rate        | 0.0001      |
|    loss                 | 30.4        |
|    n_updates            | 1628        |
|    policy_gradient_loss | -0.00581    |
|    std                  | 0.936       |
|    value_loss           | 887         |
-----------------------------------------
---------------------------------
| rollout/           |          |
|    ep_len_mean     | 177      |
|    ep_rew_mean     | 235      |
| time/              |          |
|    fps             | 201      |
|    iterations      | 230      |
|    time_elapsed    | 4683     |
|    total_timesteps | 942080   |
---------------------------------
Early stopping at step 2 due to reaching max kl: 0.04
-----------------------------------------
| rollout/                |             |
|    ep_len_mean          | 179         |
|    ep_rew_mean          | 238         |
| time/                   |             |
|    fps                  | 201         |
|    iterations           | 231         |
|    time_elapsed         | 4691        |
|    total_timesteps      | 946176      |
| train/                  |             |
|    approx_kl            | 0.024491057 |
|    clip_fraction        | 0.113       |
|    clip_range           | 0.2         |
|    entropy_loss         | -5.41       |
|    explained_variance   | -0.0557     |
|    learning_rate        | 0.0001      |
|    loss                 | 10.1        |
|    n_updates            | 1631        |
|    policy_gradient_loss | -0.00117    |
|    std                  | 0.936       |
|    value_loss           | 1.87e+03    |
-----------------------------------------
Early stopping at step 2 due to reaching max kl: 0.03
-----------------------------------------
| rollout/                |             |
|    ep_len_mean          | 180         |
|    ep_rew_mean          | 273         |
| time/                   |             |
|    fps                  | 201         |
|    iterations           | 232         |
|    time_elapsed         | 4705        |
|    total_timesteps      | 950272      |
| train/                  |             |
|    approx_kl            | 0.014172569 |
|    clip_fraction        | 0.163       |
|    clip_range           | 0.2         |
|    entropy_loss         | -5.41       |
|    explained_variance   | 0.0962      |
|    learning_rate        | 0.0001      |
|    loss                 | 4.67        |
|    n_updates            | 1634        |
|    policy_gradient_loss | 0.004       |
|    std                  | 0.936       |
|    value_loss           | 786         |
-----------------------------------------
Early stopping at step 2 due to reaching max kl: 0.03
----------------------------------------
| rollout/                |            |
|    ep_len_mean          | 176        |
|    ep_rew_mean          | 323        |
| time/                   |            |
|    fps                  | 202        |
|    iterations           | 233        |
|    time_elapsed         | 4716       |
|    total_timesteps      | 954368     |
| train/                  |            |
|    approx_kl            | 0.03195207 |
|    clip_fraction        | 0.082      |
|    clip_range           | 0.2        |
|    entropy_loss         | -5.41      |
|    explained_variance   | -0.177     |
|    learning_rate        | 0.0001     |
|    loss                 | 1.88e+03   |
|    n_updates            | 1637       |
|    policy_gradient_loss | 0.00154    |
|    std                  | 0.935      |
|    value_loss           | 3.9e+03    |
----------------------------------------
Early stopping at step 0 due to reaching max kl: 0.03
-----------------------------------------
| rollout/                |             |
|    ep_len_mean          | 179         |
|    ep_rew_mean          | 353         |
| time/                   |             |
|    fps                  | 203         |
|    iterations           | 234         |
|    time_elapsed         | 4721        |
|    total_timesteps      | 958464      |
| train/                  |             |
|    approx_kl            | 0.010083288 |
|    clip_fraction        | 0.116       |
|    clip_range           | 0.2         |
|    entropy_loss         | -5.41       |
|    explained_variance   | -0.00165    |
|    learning_rate        | 0.0001      |
|    loss                 | 4.88        |
|    n_updates            | 1638        |
|    policy_gradient_loss | 0.00931     |
|    std                  | 0.935       |
|    value_loss           | 4.77e+03    |
-----------------------------------------
Early stopping at step 1 due to reaching max kl: 0.04
Eval num_timesteps=960000, episode_reward=252.42 +/- 260.83
Episode length: 165.20 +/- 62.91
-----------------------------------------
| eval/                   |             |
|    mean_ep_length       | 165         |
|    mean_reward          | 252         |
| time/                   |             |
|    total_timesteps      | 960000      |
| train/                  |             |
|    approx_kl            | 0.023003425 |
|    clip_fraction        | 0.0773      |
|    clip_range           | 0.2         |
|    entropy_loss         | -5.41       |
|    explained_variance   | 0.00509     |
|    learning_rate        | 0.0001      |
|    loss                 | 125         |
|    n_updates            | 1640        |
|    policy_gradient_loss | 0.00173     |
|    std                  | 0.935       |
|    value_loss           | 3.8e+03     |
-----------------------------------------
---------------------------------
| rollout/           |          |
|    ep_len_mean     | 188      |
|    ep_rew_mean     | 398      |
| time/              |          |
|    fps             | 203      |
|    iterations      | 235      |
|    time_elapsed    | 4729     |
|    total_timesteps | 962560   |
---------------------------------
Early stopping at step 2 due to reaching max kl: 0.04
-----------------------------------------
| rollout/                |             |
|    ep_len_mean          | 180         |
|    ep_rew_mean          | 389         |
| time/                   |             |
|    fps                  | 203         |
|    iterations           | 236         |
|    time_elapsed         | 4738        |
|    total_timesteps      | 966656      |
| train/                  |             |
|    approx_kl            | 0.014322526 |
|    clip_fraction        | 0.122       |
|    clip_range           | 0.2         |
|    entropy_loss         | -5.41       |
|    explained_variance   | -0.0205     |
|    learning_rate        | 0.0001      |
|    loss                 | 1.63e+03    |
|    n_updates            | 1643        |
|    policy_gradient_loss | 0.000675    |
|    std                  | 0.936       |
|    value_loss           | 3.12e+03    |
-----------------------------------------
Early stopping at step 0 due to reaching max kl: 0.03
-----------------------------------------
| rollout/                |             |
|    ep_len_mean          | 176         |
|    ep_rew_mean          | 353         |
| time/                   |             |
|    fps                  | 204         |
|    iterations           | 237         |
|    time_elapsed         | 4741        |
|    total_timesteps      | 970752      |
| train/                  |             |
|    approx_kl            | 0.011252915 |
|    clip_fraction        | 0.144       |
|    clip_range           | 0.2         |
|    entropy_loss         | -5.41       |
|    explained_variance   | 0.00533     |
|    learning_rate        | 0.0001      |
|    loss                 | 3.38        |
|    n_updates            | 1644        |
|    policy_gradient_loss | 0.00416     |
|    std                  | 0.936       |
|    value_loss           | 4.45e+03    |
-----------------------------------------
Early stopping at step 1 due to reaching max kl: 0.04
-----------------------------------------
| rollout/                |             |
|    ep_len_mean          | 175         |
|    ep_rew_mean          | 330         |
| time/                   |             |
|    fps                  | 205         |
|    iterations           | 238         |
|    time_elapsed         | 4747        |
|    total_timesteps      | 974848      |
| train/                  |             |
|    approx_kl            | 0.023874942 |
|    clip_fraction        | 0.0738      |
|    clip_range           | 0.2         |
|    entropy_loss         | -5.41       |
|    explained_variance   | 0.00535     |
|    learning_rate        | 0.0001      |
|    loss                 | 119         |
|    n_updates            | 1646        |
|    policy_gradient_loss | 0.00167     |
|    std                  | 0.936       |
|    value_loss           | 1.91e+03    |
-----------------------------------------
Early stopping at step 5 due to reaching max kl: 0.04
-----------------------------------------
| rollout/                |             |
|    ep_len_mean          | 166         |
|    ep_rew_mean          | 325         |
| time/                   |             |
|    fps                  | 205         |
|    iterations           | 239         |
|    time_elapsed         | 4765        |
|    total_timesteps      | 978944      |
| train/                  |             |
|    approx_kl            | 0.020620901 |
|    clip_fraction        | 0.128       |
|    clip_range           | 0.2         |
|    entropy_loss         | -5.41       |
|    explained_variance   | 0.00724     |
|    learning_rate        | 0.0001      |
|    loss                 | 1.39        |
|    n_updates            | 1652        |
|    policy_gradient_loss | -0.00317    |
|    std                  | 0.936       |
|    value_loss           | 2.74e+03    |
-----------------------------------------
Eval num_timesteps=980000, episode_reward=214.26 +/- 235.91
Episode length: 127.40 +/- 28.31
-----------------------------------------
| eval/                   |             |
|    mean_ep_length       | 127         |
|    mean_reward          | 214         |
| time/                   |             |
|    total_timesteps      | 980000      |
| train/                  |             |
|    approx_kl            | 0.013916605 |
|    clip_fraction        | 0.157       |
|    clip_range           | 0.2         |
|    entropy_loss         | -5.41       |
|    explained_variance   | -0.103      |
|    learning_rate        | 0.0001      |
|    loss                 | 4.3e+03     |
|    n_updates            | 1662        |
|    policy_gradient_loss | -0.00401    |
|    std                  | 0.935       |
|    value_loss           | 4.06e+03    |
-----------------------------------------
---------------------------------
| rollout/           |          |
|    ep_len_mean     | 170      |
|    ep_rew_mean     | 344      |
| time/              |          |
|    fps             | 204      |
|    iterations      | 240      |
|    time_elapsed    | 4812     |
|    total_timesteps | 983040   |
---------------------------------
Early stopping at step 1 due to reaching max kl: 0.03
----------------------------------------
| rollout/                |            |
|    ep_len_mean          | 179        |
|    ep_rew_mean          | 370        |
| time/                   |            |
|    fps                  | 204        |
|    iterations           | 241        |
|    time_elapsed         | 4818       |
|    total_timesteps      | 987136     |
| train/                  |            |
|    approx_kl            | 0.02944015 |
|    clip_fraction        | 0.146      |
|    clip_range           | 0.2        |
|    entropy_loss         | -5.41      |
|    explained_variance   | 0.0174     |
|    learning_rate        | 0.0001     |
|    loss                 | 2.57       |
|    n_updates            | 1664       |
|    policy_gradient_loss | 0.00337    |
|    std                  | 0.935      |
|    value_loss           | 4.1e+03    |
----------------------------------------
Early stopping at step 8 due to reaching max kl: 0.03
-----------------------------------------
| rollout/                |             |
|    ep_len_mean          | 179         |
|    ep_rew_mean          | 370         |
| time/                   |             |
|    fps                  | 204         |
|    iterations           | 242         |
|    time_elapsed         | 4843        |
|    total_timesteps      | 991232      |
| train/                  |             |
|    approx_kl            | 0.018670447 |
|    clip_fraction        | 0.139       |
|    clip_range           | 0.2         |
|    entropy_loss         | -5.41       |
|    explained_variance   | 0.0186      |
|    learning_rate        | 0.0001      |
|    loss                 | 1.34e+03    |
|    n_updates            | 1673        |
|    policy_gradient_loss | -0.00656    |
|    std                  | 0.935       |
|    value_loss           | 3.7e+03     |
-----------------------------------------
Early stopping at step 3 due to reaching max kl: 0.04
-----------------------------------------
| rollout/                |             |
|    ep_len_mean          | 184         |
|    ep_rew_mean          | 339         |
| time/                   |             |
|    fps                  | 205         |
|    iterations           | 243         |
|    time_elapsed         | 4853        |
|    total_timesteps      | 995328      |
| train/                  |             |
|    approx_kl            | 0.019173834 |
|    clip_fraction        | 0.105       |
|    clip_range           | 0.2         |
|    entropy_loss         | -5.41       |
|    explained_variance   | -0.116      |
|    learning_rate        | 0.0001      |
|    loss                 | 9.48        |
|    n_updates            | 1677        |
|    policy_gradient_loss | -0.00326    |
|    std                  | 0.935       |
|    value_loss           | 1.22e+03    |
-----------------------------------------
Early stopping at step 5 due to reaching max kl: 0.04
-----------------------------------------
| rollout/                |             |
|    ep_len_mean          | 186         |
|    ep_rew_mean          | 327         |
| time/                   |             |
|    fps                  | 205         |
|    iterations           | 244         |
|    time_elapsed         | 4867        |
|    total_timesteps      | 999424      |
| train/                  |             |
|    approx_kl            | 0.023651619 |
|    clip_fraction        | 0.169       |
|    clip_range           | 0.2         |
|    entropy_loss         | -5.41       |
|    explained_variance   | 0.01        |
|    learning_rate        | 0.0001      |
|    loss                 | 2.8e+03     |
|    n_updates            | 1683        |
|    policy_gradient_loss | -0.00403    |
|    std                  | 0.935       |
|    value_loss           | 966         |
-----------------------------------------
Early stopping at step 2 due to reaching max kl: 0.03
Eval num_timesteps=1000000, episode_reward=117.67 +/- 53.23
Episode length: 153.00 +/- 77.12
-----------------------------------------
| eval/                   |             |
|    mean_ep_length       | 153         |
|    mean_reward          | 118         |
| time/                   |             |
|    total_timesteps      | 1000000     |
| train/                  |             |
|    approx_kl            | 0.013472548 |
|    clip_fraction        | 0.108       |
|    clip_range           | 0.2         |
|    entropy_loss         | -5.41       |
|    explained_variance   | -0.172      |
|    learning_rate        | 0.0001      |
|    loss                 | 29.3        |
|    n_updates            | 1686        |
|    policy_gradient_loss | 9.61e-05    |
|    std                  | 0.935       |
|    value_loss           | 2.3e+03     |
-----------------------------------------
---------------------------------
| rollout/           |          |
|    ep_len_mean     | 191      |
|    ep_rew_mean     | 309      |
| time/              |          |
|    fps             | 205      |
|    iterations      | 245      |
|    time_elapsed    | 4879     |
|    total_timesteps | 1003520  |
---------------------------------
-----------------------------------------
| rollout/                |             |
|    ep_len_mean          | 194         |
|    ep_rew_mean          | 307         |
| time/                   |             |
|    fps                  | 204         |
|    iterations           | 246         |
|    time_elapsed         | 4926        |
|    total_timesteps      | 1007616     |
| train/                  |             |
|    approx_kl            | 0.015001215 |
|    clip_fraction        | 0.161       |
|    clip_range           | 0.2         |
|    entropy_loss         | -5.41       |
|    explained_variance   | 0.016       |
|    learning_rate        | 0.0001      |
|    loss                 | 543         |
|    n_updates            | 1696        |
|    policy_gradient_loss | -0.00228    |
|    std                  | 0.936       |
|    value_loss           | 1.69e+03    |
-----------------------------------------
Early stopping at step 1 due to reaching max kl: 0.04
----------------------------------------
| rollout/                |            |
|    ep_len_mean          | 188        |
|    ep_rew_mean          | 316        |
| time/                   |            |
|    fps                  | 205        |
|    iterations           | 247        |
|    time_elapsed         | 4935       |
|    total_timesteps      | 1011712    |
| train/                  |            |
|    approx_kl            | 0.01334949 |
|    clip_fraction        | 0.0791     |
|    clip_range           | 0.2        |
|    entropy_loss         | -5.41      |
|    explained_variance   | -0.205     |
|    learning_rate        | 0.0001     |
|    loss                 | 32.4       |
|    n_updates            | 1698       |
|    policy_gradient_loss | 0.0017     |
|    std                  | 0.936      |
|    value_loss           | 2.1e+03    |
----------------------------------------
Early stopping at step 0 due to reaching max kl: 0.03
----------------------------------------
| rollout/                |            |
|    ep_len_mean          | 186        |
|    ep_rew_mean          | 334        |
| time/                   |            |
|    fps                  | 205        |
|    iterations           | 248        |
|    time_elapsed         | 4939       |
|    total_timesteps      | 1015808    |
| train/                  |            |
|    approx_kl            | 0.01340094 |
|    clip_fraction        | 0.167      |
|    clip_range           | 0.2        |
|    entropy_loss         | -5.41      |
|    explained_variance   | -0.136     |
|    learning_rate        | 0.0001     |
|    loss                 | 3.44e+03   |
|    n_updates            | 1699       |
|    policy_gradient_loss | 0.000862   |
|    std                  | 0.936      |
|    value_loss           | 3.86e+03   |
----------------------------------------
-----------------------------------------
| rollout/                |             |
|    ep_len_mean          | 177         |
|    ep_rew_mean          | 322         |
| time/                   |             |
|    fps                  | 204         |
|    iterations           | 249         |
|    time_elapsed         | 4988        |
|    total_timesteps      | 1019904     |
| train/                  |             |
|    approx_kl            | 0.011601113 |
|    clip_fraction        | 0.131       |
|    clip_range           | 0.2         |
|    entropy_loss         | -5.41       |
|    explained_variance   | -0.0523     |
|    learning_rate        | 0.0001      |
|    loss                 | 3.43        |
|    n_updates            | 1709        |
|    policy_gradient_loss | -0.00591    |
|    std                  | 0.936       |
|    value_loss           | 1.69e+03    |
-----------------------------------------
Early stopping at step 6 due to reaching max kl: 0.05
Eval num_timesteps=1020000, episode_reward=236.54 +/- 50.01
Episode length: 254.20 +/- 62.93
-----------------------------------------
| eval/                   |             |
|    mean_ep_length       | 254         |
|    mean_reward          | 237         |
| time/                   |             |
|    total_timesteps      | 1020000     |
| train/                  |             |
|    approx_kl            | 0.038258508 |
|    clip_fraction        | 0.13        |
|    clip_range           | 0.2         |
|    entropy_loss         | -5.41       |
|    explained_variance   | -0.135      |
|    learning_rate        | 0.0001      |
|    loss                 | 2.45        |
|    n_updates            | 1716        |
|    policy_gradient_loss | -0.00643    |
|    std                  | 0.936       |
|    value_loss           | 1.79e+03    |
-----------------------------------------
---------------------------------
| rollout/           |          |
|    ep_len_mean     | 171      |
|    ep_rew_mean     | 326      |
| time/              |          |
|    fps             | 204      |
|    iterations      | 250      |
|    time_elapsed    | 5017     |
|    total_timesteps | 1024000  |
---------------------------------
-----------------------------------------
| rollout/                |             |
|    ep_len_mean          | 173         |
|    ep_rew_mean          | 333         |
| time/                   |             |
|    fps                  | 202         |
|    iterations           | 251         |
|    time_elapsed         | 5065        |
|    total_timesteps      | 1028096     |
| train/                  |             |
|    approx_kl            | 0.009338529 |
|    clip_fraction        | 0.109       |
|    clip_range           | 0.2         |
|    entropy_loss         | -5.41       |
|    explained_variance   | -0.00807    |
|    learning_rate        | 0.0001      |
|    loss                 | 1.75e+03    |
|    n_updates            | 1726        |
|    policy_gradient_loss | -0.00347    |
|    std                  | 0.935       |
|    value_loss           | 3.68e+03    |
-----------------------------------------
Early stopping at step 5 due to reaching max kl: 0.03
----------------------------------------
| rollout/                |            |
|    ep_len_mean          | 172        |
|    ep_rew_mean          | 338        |
| time/                   |            |
|    fps                  | 202        |
|    iterations           | 252        |
|    time_elapsed         | 5088       |
|    total_timesteps      | 1032192    |
| train/                  |            |
|    approx_kl            | 0.01782097 |
|    clip_fraction        | 0.109      |
|    clip_range           | 0.2        |
|    entropy_loss         | -5.41      |
|    explained_variance   | -0.0985    |
|    learning_rate        | 0.0001     |
|    loss                 | 5.41       |
|    n_updates            | 1732       |
|    policy_gradient_loss | -0.000929  |
|    std                  | 0.935      |
|    value_loss           | 3.58e+03   |
----------------------------------------
------------------------------------------
| rollout/                |              |
|    ep_len_mean          | 168          |
|    ep_rew_mean          | 363          |
| time/                   |              |
|    fps                  | 202          |
|    iterations           | 253          |
|    time_elapsed         | 5120         |
|    total_timesteps      | 1036288      |
| train/                  |              |
|    approx_kl            | 0.0068242764 |
|    clip_fraction        | 0.085        |
|    clip_range           | 0.2          |
|    entropy_loss         | -5.41        |
|    explained_variance   | -0.0869      |
|    learning_rate        | 0.0001       |
|    loss                 | 211          |
|    n_updates            | 1742         |
|    policy_gradient_loss | -0.0029      |
|    std                  | 0.935        |
|    value_loss           | 2.21e+03     |
------------------------------------------
Early stopping at step 4 due to reaching max kl: 0.07
Eval num_timesteps=1040000, episode_reward=253.62 +/- 83.04
Episode length: 236.60 +/- 69.10
-----------------------------------------
| eval/                   |             |
|    mean_ep_length       | 237         |
|    mean_reward          | 254         |
| time/                   |             |
|    total_timesteps      | 1040000     |
| train/                  |             |
|    approx_kl            | 0.031201323 |
|    clip_fraction        | 0.143       |
|    clip_range           | 0.2         |
|    entropy_loss         | -5.41       |
|    explained_variance   | -0.045      |
|    learning_rate        | 0.0001      |
|    loss                 | 1.47        |
|    n_updates            | 1747        |
|    policy_gradient_loss | 0.00321     |
|    std                  | 0.935       |
|    value_loss           | 4.21e+03    |
-----------------------------------------
---------------------------------
| rollout/           |          |
|    ep_len_mean     | 170      |
|    ep_rew_mean     | 353      |
| time/              |          |
|    fps             | 202      |
|    iterations      | 254      |
|    time_elapsed    | 5141     |
|    total_timesteps | 1040384  |
---------------------------------
Early stopping at step 2 due to reaching max kl: 0.06
-----------------------------------------
| rollout/                |             |
|    ep_len_mean          | 170         |
|    ep_rew_mean          | 339         |
| time/                   |             |
|    fps                  | 202         |
|    iterations           | 255         |
|    time_elapsed         | 5154        |
|    total_timesteps      | 1044480     |
| train/                  |             |
|    approx_kl            | 0.018972747 |
|    clip_fraction        | 0.0806      |
|    clip_range           | 0.2         |
|    entropy_loss         | -5.41       |
|    explained_variance   | -0.00316    |
|    learning_rate        | 0.0001      |
|    loss                 | 2.31e+03    |
|    n_updates            | 1750        |
|    policy_gradient_loss | -6.59e-06   |
|    std                  | 0.936       |
|    value_loss           | 2.04e+03    |
-----------------------------------------
Early stopping at step 0 due to reaching max kl: 0.03
-----------------------------------------
| rollout/                |             |
|    ep_len_mean          | 161         |
|    ep_rew_mean          | 333         |
| time/                   |             |
|    fps                  | 203         |
|    iterations           | 256         |
|    time_elapsed         | 5158        |
|    total_timesteps      | 1048576     |
| train/                  |             |
|    approx_kl            | 0.015126074 |
|    clip_fraction        | 0.188       |
|    clip_range           | 0.2         |
|    entropy_loss         | -5.41       |
|    explained_variance   | 0.0378      |
|    learning_rate        | 0.0001      |
|    loss                 | 1.86        |
|    n_updates            | 1751        |
|    policy_gradient_loss | 0.0115      |
|    std                  | 0.936       |
|    value_loss           | 1.16e+03    |
-----------------------------------------
-----------------------------------------
| rollout/                |             |
|    ep_len_mean          | 169         |
|    ep_rew_mean          | 313         |
| time/                   |             |
|    fps                  | 202         |
|    iterations           | 257         |
|    time_elapsed         | 5205        |
|    total_timesteps      | 1052672     |
| train/                  |             |
|    approx_kl            | 0.008807141 |
|    clip_fraction        | 0.132       |
|    clip_range           | 0.2         |
|    entropy_loss         | -5.41       |
|    explained_variance   | -0.13       |
|    learning_rate        | 0.0001      |
|    loss                 | 39.4        |
|    n_updates            | 1761        |
|    policy_gradient_loss | 0.000963    |
|    std                  | 0.936       |
|    value_loss           | 3.76e+03    |
-----------------------------------------
------------------------------------------
| rollout/                |              |
|    ep_len_mean          | 165          |
|    ep_rew_mean          | 300          |
| time/                   |              |
|    fps                  | 201          |
|    iterations           | 258          |
|    time_elapsed         | 5251         |
|    total_timesteps      | 1056768      |
| train/                  |              |
|    approx_kl            | 0.0069006104 |
|    clip_fraction        | 0.0467       |
|    clip_range           | 0.2          |
|    entropy_loss         | -5.41        |
|    explained_variance   | -0.184       |
|    learning_rate        | 0.0001       |
|    loss                 | 10.3         |
|    n_updates            | 1771         |
|    policy_gradient_loss | -0.00468     |
|    std                  | 0.935        |
|    value_loss           | 1.5e+03      |
------------------------------------------
Early stopping at step 8 due to reaching max kl: 0.03
Eval num_timesteps=1060000, episode_reward=196.45 +/- 51.32
Episode length: 245.60 +/- 59.14
-----------------------------------------
| eval/                   |             |
|    mean_ep_length       | 246         |
|    mean_reward          | 196         |
| time/                   |             |
|    total_timesteps      | 1060000     |
| train/                  |             |
|    approx_kl            | 0.020223157 |
|    clip_fraction        | 0.101       |
|    clip_range           | 0.2         |
|    entropy_loss         | -5.41       |
|    explained_variance   | -0.104      |
|    learning_rate        | 0.0001      |
|    loss                 | 5.34        |
|    n_updates            | 1780        |
|    policy_gradient_loss | -0.00286    |
|    std                  | 0.935       |
|    value_loss           | 2.1e+03     |
-----------------------------------------
---------------------------------
| rollout/           |          |
|    ep_len_mean     | 164      |
|    ep_rew_mean     | 314      |
| time/              |          |
|    fps             | 200      |
|    iterations      | 259      |
|    time_elapsed    | 5290     |
|    total_timesteps | 1060864  |
---------------------------------
----------------------------------------
| rollout/                |            |
|    ep_len_mean          | 169        |
|    ep_rew_mean          | 322        |
| time/                   |            |
|    fps                  | 199        |
|    iterations           | 260        |
|    time_elapsed         | 5336       |
|    total_timesteps      | 1064960    |
| train/                  |            |
|    approx_kl            | 0.00671036 |
|    clip_fraction        | 0.0462     |
|    clip_range           | 0.2        |
|    entropy_loss         | -5.41      |
|    explained_variance   | 0.0417     |
|    learning_rate        | 0.0001     |
|    loss                 | 2.42e+03   |
|    n_updates            | 1790       |
|    policy_gradient_loss | -0.00599   |
|    std                  | 0.935      |
|    value_loss           | 3.32e+03   |
----------------------------------------
------------------------------------------
| rollout/                |              |
|    ep_len_mean          | 171          |
|    ep_rew_mean          | 350          |
| time/                   |              |
|    fps                  | 198          |
|    iterations           | 261          |
|    time_elapsed         | 5381         |
|    total_timesteps      | 1069056      |
| train/                  |              |
|    approx_kl            | 0.0064309295 |
|    clip_fraction        | 0.0384       |
|    clip_range           | 0.2          |
|    entropy_loss         | -5.41        |
|    explained_variance   | -0.107       |
|    learning_rate        | 0.0001       |
|    loss                 | 982          |
|    n_updates            | 1800         |
|    policy_gradient_loss | -0.00537     |
|    std                  | 0.936        |
|    value_loss           | 2.98e+03     |
------------------------------------------
Early stopping at step 4 due to reaching max kl: 0.03
-----------------------------------------
| rollout/                |             |
|    ep_len_mean          | 170         |
|    ep_rew_mean          | 361         |
| time/                   |             |
|    fps                  | 198         |
|    iterations           | 262         |
|    time_elapsed         | 5403        |
|    total_timesteps      | 1073152     |
| train/                  |             |
|    approx_kl            | 0.020859987 |
|    clip_fraction        | 0.137       |
|    clip_range           | 0.2         |
|    entropy_loss         | -5.41       |
|    explained_variance   | -0.0712     |
|    learning_rate        | 0.0001      |
|    loss                 | 1.91e+03    |
|    n_updates            | 1805        |
|    policy_gradient_loss | -0.00242    |
|    std                  | 0.935       |
|    value_loss           | 3.54e+03    |
-----------------------------------------
Early stopping at step 0 due to reaching max kl: 0.03
-----------------------------------------
| rollout/                |             |
|    ep_len_mean          | 166         |
|    ep_rew_mean          | 348         |
| time/                   |             |
|    fps                  | 199         |
|    iterations           | 263         |
|    time_elapsed         | 5407        |
|    total_timesteps      | 1077248     |
| train/                  |             |
|    approx_kl            | 0.013195107 |
|    clip_fraction        | 0.168       |
|    clip_range           | 0.2         |
|    entropy_loss         | -5.41       |
|    explained_variance   | 0.0257      |
|    learning_rate        | 0.0001      |
|    loss                 | 159         |
|    n_updates            | 1806        |
|    policy_gradient_loss | 0.00225     |
|    std                  | 0.935       |
|    value_loss           | 2.4e+03     |
-----------------------------------------
Early stopping at step 1 due to reaching max kl: 0.04
Eval num_timesteps=1080000, episode_reward=250.96 +/- 71.08
Episode length: 257.20 +/- 54.41
-----------------------------------------
| eval/                   |             |
|    mean_ep_length       | 257         |
|    mean_reward          | 251         |
| time/                   |             |
|    total_timesteps      | 1080000     |
| train/                  |             |
|    approx_kl            | 0.018002696 |
|    clip_fraction        | 0.118       |
|    clip_range           | 0.2         |
|    entropy_loss         | -5.41       |
|    explained_variance   | -0.0544     |
|    learning_rate        | 0.0001      |
|    loss                 | 6.45e+03    |
|    n_updates            | 1808        |
|    policy_gradient_loss | 0.00153     |
|    std                  | 0.935       |
|    value_loss           | 3.32e+03    |
-----------------------------------------
---------------------------------
| rollout/           |          |
|    ep_len_mean     | 162      |
|    ep_rew_mean     | 343      |
| time/              |          |
|    fps             | 199      |
|    iterations      | 264      |
|    time_elapsed    | 5418     |
|    total_timesteps | 1081344  |
---------------------------------
Early stopping at step 1 due to reaching max kl: 0.04
-----------------------------------------
| rollout/                |             |
|    ep_len_mean          | 147         |
|    ep_rew_mean          | 281         |
| time/                   |             |
|    fps                  | 200         |
|    iterations           | 265         |
|    time_elapsed         | 5425        |
|    total_timesteps      | 1085440     |
| train/                  |             |
|    approx_kl            | 0.015058385 |
|    clip_fraction        | 0.116       |
|    clip_range           | 0.2         |
|    entropy_loss         | -5.41       |
|    explained_variance   | 0.0528      |
|    learning_rate        | 0.0001      |
|    loss                 | 191         |
|    n_updates            | 1810        |
|    policy_gradient_loss | 0.00165     |
|    std                  | 0.935       |
|    value_loss           | 3.7e+03     |
-----------------------------------------
-----------------------------------------
| rollout/                |             |
|    ep_len_mean          | 142         |
|    ep_rew_mean          | 263         |
| time/                   |             |
|    fps                  | 199         |
|    iterations           | 266         |
|    time_elapsed         | 5469        |
|    total_timesteps      | 1089536     |
| train/                  |             |
|    approx_kl            | 0.006663269 |
|    clip_fraction        | 0.0628      |
|    clip_range           | 0.2         |
|    entropy_loss         | -5.41       |
|    explained_variance   | 0.0914      |
|    learning_rate        | 0.0001      |
|    loss                 | 1.66e+03    |
|    n_updates            | 1820        |
|    policy_gradient_loss | -0.00803    |
|    std                  | 0.935       |
|    value_loss           | 1.6e+03     |
-----------------------------------------
Early stopping at step 1 due to reaching max kl: 0.05
----------------------------------------
| rollout/                |            |
|    ep_len_mean          | 144        |
|    ep_rew_mean          | 297        |
| time/                   |            |
|    fps                  | 199        |
|    iterations           | 267        |
|    time_elapsed         | 5475       |
|    total_timesteps      | 1093632    |
| train/                  |            |
|    approx_kl            | 0.03261099 |
|    clip_fraction        | 0.0752     |
|    clip_range           | 0.2        |
|    entropy_loss         | -5.41      |
|    explained_variance   | -0.0178    |
|    learning_rate        | 0.0001     |
|    loss                 | 1.55e+03   |
|    n_updates            | 1822       |
|    policy_gradient_loss | 0.00185    |
|    std                  | 0.935      |
|    value_loss           | 2.75e+03   |
----------------------------------------
-----------------------------------------
| rollout/                |             |
|    ep_len_mean          | 149         |
|    ep_rew_mean          | 317         |
| time/                   |             |
|    fps                  | 198         |
|    iterations           | 268         |
|    time_elapsed         | 5516        |
|    total_timesteps      | 1097728     |
| train/                  |             |
|    approx_kl            | 0.008402795 |
|    clip_fraction        | 0.11        |
|    clip_range           | 0.2         |
|    entropy_loss         | -5.41       |
|    explained_variance   | 0.0388      |
|    learning_rate        | 0.0001      |
|    loss                 | 1.69e+03    |
|    n_updates            | 1832        |
|    policy_gradient_loss | -0.00359    |
|    std                  | 0.935       |
|    value_loss           | 5.4e+03     |
-----------------------------------------
Eval num_timesteps=1100000, episode_reward=281.72 +/- 165.19
Episode length: 204.20 +/- 82.56
-----------------------------------------
| eval/                   |             |
|    mean_ep_length       | 204         |
|    mean_reward          | 282         |
| time/                   |             |
|    total_timesteps      | 1100000     |
| train/                  |             |
|    approx_kl            | 0.007491168 |
|    clip_fraction        | 0.0755      |
|    clip_range           | 0.2         |
|    entropy_loss         | -5.41       |
|    explained_variance   | -0.0317     |
|    learning_rate        | 0.0001      |
|    loss                 | 1.12e+03    |
|    n_updates            | 1842        |
|    policy_gradient_loss | -0.00477    |
|    std                  | 0.935       |
|    value_loss           | 3.63e+03    |
-----------------------------------------
---------------------------------
| rollout/           |          |
|    ep_len_mean     | 154      |
|    ep_rew_mean     | 369      |
| time/              |          |
|    fps             | 198      |
|    iterations      | 269      |
|    time_elapsed    | 5554     |
|    total_timesteps | 1101824  |
---------------------------------
Early stopping at step 1 due to reaching max kl: 0.03
-----------------------------------------
| rollout/                |             |
|    ep_len_mean          | 155         |
|    ep_rew_mean          | 384         |
| time/                   |             |
|    fps                  | 198         |
|    iterations           | 270         |
|    time_elapsed         | 5560        |
|    total_timesteps      | 1105920     |
| train/                  |             |
|    approx_kl            | 0.021722142 |
|    clip_fraction        | 0.0549      |
|    clip_range           | 0.2         |
|    entropy_loss         | -5.41       |
|    explained_variance   | 0.0401      |
|    learning_rate        | 0.0001      |
|    loss                 | 156         |
|    n_updates            | 1844        |
|    policy_gradient_loss | 0.000968    |
|    std                  | 0.935       |
|    value_loss           | 3.95e+03    |
-----------------------------------------
Early stopping at step 0 due to reaching max kl: 0.04
-----------------------------------------
| rollout/                |             |
|    ep_len_mean          | 157         |
|    ep_rew_mean          | 340         |
| time/                   |             |
|    fps                  | 199         |
|    iterations           | 271         |
|    time_elapsed         | 5565        |
|    total_timesteps      | 1110016     |
| train/                  |             |
|    approx_kl            | 0.014450278 |
|    clip_fraction        | 0.162       |
|    clip_range           | 0.2         |
|    entropy_loss         | -5.41       |
|    explained_variance   | -0.0671     |
|    learning_rate        | 0.0001      |
|    loss                 | 1.87e+03    |
|    n_updates            | 1845        |
|    policy_gradient_loss | 0.00708     |
|    std                  | 0.935       |
|    value_loss           | 3.15e+03    |
-----------------------------------------
-----------------------------------------
| rollout/                |             |
|    ep_len_mean          | 155         |
|    ep_rew_mean          | 316         |
| time/                   |             |
|    fps                  | 198         |
|    iterations           | 272         |
|    time_elapsed         | 5610        |
|    total_timesteps      | 1114112     |
| train/                  |             |
|    approx_kl            | 0.009512699 |
|    clip_fraction        | 0.0755      |
|    clip_range           | 0.2         |
|    entropy_loss         | -5.41       |
|    explained_variance   | 0.0206      |
|    learning_rate        | 0.0001      |
|    loss                 | 1.49e+03    |
|    n_updates            | 1855        |
|    policy_gradient_loss | -0.00601    |
|    std                  | 0.935       |
|    value_loss           | 2.44e+03    |
-----------------------------------------
-----------------------------------------
| rollout/                |             |
|    ep_len_mean          | 154         |
|    ep_rew_mean          | 304         |
| time/                   |             |
|    fps                  | 197         |
|    iterations           | 273         |
|    time_elapsed         | 5656        |
|    total_timesteps      | 1118208     |
| train/                  |             |
|    approx_kl            | 0.008220068 |
|    clip_fraction        | 0.0731      |
|    clip_range           | 0.2         |
|    entropy_loss         | -5.41       |
|    explained_variance   | 0.0209      |
|    learning_rate        | 0.0001      |
|    loss                 | 6.01e+03    |
|    n_updates            | 1865        |
|    policy_gradient_loss | -0.00957    |
|    std                  | 0.935       |
|    value_loss           | 3.04e+03    |
-----------------------------------------
Eval num_timesteps=1120000, episode_reward=221.85 +/- 50.70
Episode length: 254.80 +/- 55.33
-----------------------------------------
| eval/                   |             |
|    mean_ep_length       | 255         |
|    mean_reward          | 222         |
| time/                   |             |
|    total_timesteps      | 1120000     |
| train/                  |             |
|    approx_kl            | 0.008976539 |
|    clip_fraction        | 0.109       |
|    clip_range           | 0.2         |
|    entropy_loss         | -5.41       |
|    explained_variance   | -0.196      |
|    learning_rate        | 0.0001      |
|    loss                 | 992         |
|    n_updates            | 1875        |
|    policy_gradient_loss | -0.00208    |
|    std                  | 0.935       |
|    value_loss           | 2.7e+03     |
-----------------------------------------
---------------------------------
| rollout/           |          |
|    ep_len_mean     | 163      |
|    ep_rew_mean     | 342      |
| time/              |          |
|    fps             | 196      |
|    iterations      | 274      |
|    time_elapsed    | 5704     |
|    total_timesteps | 1122304  |
---------------------------------
-----------------------------------------
| rollout/                |             |
|    ep_len_mean          | 169         |
|    ep_rew_mean          | 385         |
| time/                   |             |
|    fps                  | 195         |
|    iterations           | 275         |
|    time_elapsed         | 5751        |
|    total_timesteps      | 1126400     |
| train/                  |             |
|    approx_kl            | 0.013055119 |
|    clip_fraction        | 0.114       |
|    clip_range           | 0.2         |
|    entropy_loss         | -5.41       |
|    explained_variance   | -0.164      |
|    learning_rate        | 0.0001      |
|    loss                 | 15.3        |
|    n_updates            | 1885        |
|    policy_gradient_loss | -0.00787    |
|    std                  | 0.935       |
|    value_loss           | 3.84e+03    |
-----------------------------------------
-----------------------------------------
| rollout/                |             |
|    ep_len_mean          | 172         |
|    ep_rew_mean          | 428         |
| time/                   |             |
|    fps                  | 194         |
|    iterations           | 276         |
|    time_elapsed         | 5797        |
|    total_timesteps      | 1130496     |
| train/                  |             |
|    approx_kl            | 0.011063732 |
|    clip_fraction        | 0.134       |
|    clip_range           | 0.2         |
|    entropy_loss         | -5.41       |
|    explained_variance   | 0.0103      |
|    learning_rate        | 0.0001      |
|    loss                 | 2.93e+03    |
|    n_updates            | 1895        |
|    policy_gradient_loss | -0.00757    |
|    std                  | 0.935       |
|    value_loss           | 3.7e+03     |
-----------------------------------------
Early stopping at step 6 due to reaching max kl: 0.04
-----------------------------------------
| rollout/                |             |
|    ep_len_mean          | 177         |
|    ep_rew_mean          | 472         |
| time/                   |             |
|    fps                  | 194         |
|    iterations           | 277         |
|    time_elapsed         | 5830        |
|    total_timesteps      | 1134592     |
| train/                  |             |
|    approx_kl            | 0.015089073 |
|    clip_fraction        | 0.1         |
|    clip_range           | 0.2         |
|    entropy_loss         | -5.41       |
|    explained_variance   | 0.00681     |
|    learning_rate        | 0.0001      |
|    loss                 | 2.16        |
|    n_updates            | 1902        |
|    policy_gradient_loss | -0.00739    |
|    std                  | 0.935       |
|    value_loss           | 4.41e+03    |
-----------------------------------------
Early stopping at step 0 due to reaching max kl: 0.04
----------------------------------------
| rollout/                |            |
|    ep_len_mean          | 174        |
|    ep_rew_mean          | 477        |
| time/                   |            |
|    fps                  | 195        |
|    iterations           | 278        |
|    time_elapsed         | 5835       |
|    total_timesteps      | 1138688    |
| train/                  |            |
|    approx_kl            | 0.01223606 |
|    clip_fraction        | 0.127      |
|    clip_range           | 0.2        |
|    entropy_loss         | -5.4       |
|    explained_variance   | 0.0101     |
|    learning_rate        | 0.0001     |
|    loss                 | 315        |
|    n_updates            | 1903       |
|    policy_gradient_loss | 0.00302    |
|    std                  | 0.935      |
|    value_loss           | 3.63e+03   |
----------------------------------------
Early stopping at step 1 due to reaching max kl: 0.03
Eval num_timesteps=1140000, episode_reward=209.08 +/- 147.29
Episode length: 163.00 +/- 97.68
-----------------------------------------
| eval/                   |             |
|    mean_ep_length       | 163         |
|    mean_reward          | 209         |
| time/                   |             |
|    total_timesteps      | 1140000     |
| train/                  |             |
|    approx_kl            | 0.020817567 |
|    clip_fraction        | 0.158       |
|    clip_range           | 0.2         |
|    entropy_loss         | -5.41       |
|    explained_variance   | 0.00828     |
|    learning_rate        | 0.0001      |
|    loss                 | 3e+03       |
|    n_updates            | 1905        |
|    policy_gradient_loss | 0.00347     |
|    std                  | 0.936       |
|    value_loss           | 4.67e+03    |
-----------------------------------------
---------------------------------
| rollout/           |          |
|    ep_len_mean     | 166      |
|    ep_rew_mean     | 463      |
| time/              |          |
|    fps             | 195      |
|    iterations      | 279      |
|    time_elapsed    | 5845     |
|    total_timesteps | 1142784  |
---------------------------------
Early stopping at step 1 due to reaching max kl: 0.03
----------------------------------------
| rollout/                |            |
|    ep_len_mean          | 167        |
|    ep_rew_mean          | 457        |
| time/                   |            |
|    fps                  | 195        |
|    iterations           | 280        |
|    time_elapsed         | 5855       |
|    total_timesteps      | 1146880    |
| train/                  |            |
|    approx_kl            | 0.00967907 |
|    clip_fraction        | 0.11       |
|    clip_range           | 0.2        |
|    entropy_loss         | -5.41      |
|    explained_variance   | 0.0092     |
|    learning_rate        | 0.0001     |
|    loss                 | 1.17e+03   |
|    n_updates            | 1907       |
|    policy_gradient_loss | 0.00238    |
|    std                  | 0.936      |
|    value_loss           | 4.56e+03   |
----------------------------------------
Early stopping at step 0 due to reaching max kl: 0.06
-----------------------------------------
| rollout/                |             |
|    ep_len_mean          | 165         |
|    ep_rew_mean          | 463         |
| time/                   |             |
|    fps                  | 196         |
|    iterations           | 281         |
|    time_elapsed         | 5859        |
|    total_timesteps      | 1150976     |
| train/                  |             |
|    approx_kl            | 0.016519578 |
|    clip_fraction        | 0.171       |
|    clip_range           | 0.2         |
|    entropy_loss         | -5.41       |
|    explained_variance   | 0.0126      |
|    learning_rate        | 0.0001      |
|    loss                 | 3.02e+03    |
|    n_updates            | 1908        |
|    policy_gradient_loss | 0.00581     |
|    std                  | 0.936       |
|    value_loss           | 5.91e+03    |
-----------------------------------------
Early stopping at step 0 due to reaching max kl: 0.04
-----------------------------------------
| rollout/                |             |
|    ep_len_mean          | 162         |
|    ep_rew_mean          | 472         |
| time/                   |             |
|    fps                  | 196         |
|    iterations           | 282         |
|    time_elapsed         | 5866        |
|    total_timesteps      | 1155072     |
| train/                  |             |
|    approx_kl            | 0.014957654 |
|    clip_fraction        | 0.171       |
|    clip_range           | 0.2         |
|    entropy_loss         | -5.41       |
|    explained_variance   | 0.0107      |
|    learning_rate        | 0.0001      |
|    loss                 | 2.95e+03    |
|    n_updates            | 1909        |
|    policy_gradient_loss | 0.00834     |
|    std                  | 0.936       |
|    value_loss           | 5.39e+03    |
-----------------------------------------
Early stopping at step 0 due to reaching max kl: 0.05
----------------------------------------
| rollout/                |            |
|    ep_len_mean          | 166        |
|    ep_rew_mean          | 469        |
| time/                   |            |
|    fps                  | 197        |
|    iterations           | 283        |
|    time_elapsed         | 5869       |
|    total_timesteps      | 1159168    |
| train/                  |            |
|    approx_kl            | 0.01681312 |
|    clip_fraction        | 0.183      |
|    clip_range           | 0.2        |
|    entropy_loss         | -5.41      |
|    explained_variance   | 0.012      |
|    learning_rate        | 0.0001     |
|    loss                 | 2.12e+03   |
|    n_updates            | 1910       |
|    policy_gradient_loss | 0.00672    |
|    std                  | 0.936      |
|    value_loss           | 5.97e+03   |
----------------------------------------
Early stopping at step 1 due to reaching max kl: 0.04
Eval num_timesteps=1160000, episode_reward=445.09 +/- 275.12
Episode length: 224.60 +/- 84.98
-----------------------------------------
| eval/                   |             |
|    mean_ep_length       | 225         |
|    mean_reward          | 445         |
| time/                   |             |
|    total_timesteps      | 1160000     |
| train/                  |             |
|    approx_kl            | 0.021972371 |
|    clip_fraction        | 0.126       |
|    clip_range           | 0.2         |
|    entropy_loss         | -5.41       |
|    explained_variance   | 0.0119      |
|    learning_rate        | 0.0001      |
|    loss                 | 221         |
|    n_updates            | 1912        |
|    policy_gradient_loss | 0.00286     |
|    std                  | 0.935       |
|    value_loss           | 3.5e+03     |
-----------------------------------------
New best mean reward!
---------------------------------
| rollout/           |          |
|    ep_len_mean     | 163      |
|    ep_rew_mean     | 475      |
| time/              |          |
|    fps             | 197      |
|    iterations      | 284      |
|    time_elapsed    | 5877     |
|    total_timesteps | 1163264  |
---------------------------------
Early stopping at step 0 due to reaching max kl: 0.03
-----------------------------------------
| rollout/                |             |
|    ep_len_mean          | 164         |
|    ep_rew_mean          | 494         |
| time/                   |             |
|    fps                  | 198         |
|    iterations           | 285         |
|    time_elapsed         | 5881        |
|    total_timesteps      | 1167360     |
| train/                  |             |
|    approx_kl            | 0.015145078 |
|    clip_fraction        | 0.172       |
|    clip_range           | 0.2         |
|    entropy_loss         | -5.41       |
|    explained_variance   | 0.00906     |
|    learning_rate        | 0.0001      |
|    loss                 | 3.5e+03     |
|    n_updates            | 1913        |
|    policy_gradient_loss | 0.00635     |
|    std                  | 0.936       |
|    value_loss           | 4.74e+03    |
-----------------------------------------
Early stopping at step 1 due to reaching max kl: 0.05
-----------------------------------------
| rollout/                |             |
|    ep_len_mean          | 160         |
|    ep_rew_mean          | 476         |
| time/                   |             |
|    fps                  | 199         |
|    iterations           | 286         |
|    time_elapsed         | 5886        |
|    total_timesteps      | 1171456     |
| train/                  |             |
|    approx_kl            | 0.028976824 |
|    clip_fraction        | 0.133       |
|    clip_range           | 0.2         |
|    entropy_loss         | -5.41       |
|    explained_variance   | 0.0115      |
|    learning_rate        | 0.0001      |
|    loss                 | 3.4e+03     |
|    n_updates            | 1915        |
|    policy_gradient_loss | 0.00623     |
|    std                  | 0.936       |
|    value_loss           | 5.72e+03    |
-----------------------------------------
Early stopping at step 0 due to reaching max kl: 0.04
-----------------------------------------
| rollout/                |             |
|    ep_len_mean          | 157         |
|    ep_rew_mean          | 461         |
| time/                   |             |
|    fps                  | 199         |
|    iterations           | 287         |
|    time_elapsed         | 5889        |
|    total_timesteps      | 1175552     |
| train/                  |             |
|    approx_kl            | 0.013675606 |
|    clip_fraction        | 0.164       |
|    clip_range           | 0.2         |
|    entropy_loss         | -5.41       |
|    explained_variance   | 0.0131      |
|    learning_rate        | 0.0001      |
|    loss                 | 1.65e+03    |
|    n_updates            | 1916        |
|    policy_gradient_loss | 0.00392     |
|    std                  | 0.936       |
|    value_loss           | 4.89e+03    |
-----------------------------------------
Early stopping at step 0 due to reaching max kl: 0.03
-----------------------------------------
| rollout/                |             |
|    ep_len_mean          | 149         |
|    ep_rew_mean          | 387         |
| time/                   |             |
|    fps                  | 200         |
|    iterations           | 288         |
|    time_elapsed         | 5893        |
|    total_timesteps      | 1179648     |
| train/                  |             |
|    approx_kl            | 0.007751585 |
|    clip_fraction        | 0.0872      |
|    clip_range           | 0.2         |
|    entropy_loss         | -5.41       |
|    explained_variance   | 0.00969     |
|    learning_rate        | 0.0001      |
|    loss                 | 535         |
|    n_updates            | 1917        |
|    policy_gradient_loss | 0.00279     |
|    std                  | 0.936       |
|    value_loss           | 4.79e+03    |
-----------------------------------------
Early stopping at step 0 due to reaching max kl: 0.03
Eval num_timesteps=1180000, episode_reward=368.98 +/- 220.07
Episode length: 243.80 +/- 62.64
-----------------------------------------
| eval/                   |             |
|    mean_ep_length       | 244         |
|    mean_reward          | 369         |
| time/                   |             |
|    total_timesteps      | 1180000     |
| train/                  |             |
|    approx_kl            | 0.010726914 |
|    clip_fraction        | 0.113       |
|    clip_range           | 0.2         |
|    entropy_loss         | -5.41       |
|    explained_variance   | 0.00994     |
|    learning_rate        | 0.0001      |
|    loss                 | 4.48e+03    |
|    n_updates            | 1918        |
|    policy_gradient_loss | 0.00314     |
|    std                  | 0.937       |
|    value_loss           | 1.96e+03    |
-----------------------------------------
---------------------------------
| rollout/           |          |
|    ep_len_mean     | 152      |
|    ep_rew_mean     | 354      |
| time/              |          |
|    fps             | 200      |
|    iterations      | 289      |
|    time_elapsed    | 5897     |
|    total_timesteps | 1183744  |
---------------------------------
Early stopping at step 9 due to reaching max kl: 0.03
-----------------------------------------
| rollout/                |             |
|    ep_len_mean          | 148         |
|    ep_rew_mean          | 335         |
| time/                   |             |
|    fps                  | 200         |
|    iterations           | 290         |
|    time_elapsed         | 5936        |
|    total_timesteps      | 1187840     |
| train/                  |             |
|    approx_kl            | 0.017691487 |
|    clip_fraction        | 0.149       |
|    clip_range           | 0.2         |
|    entropy_loss         | -5.42       |
|    explained_variance   | 0.0119      |
|    learning_rate        | 0.0001      |
|    loss                 | 1.41e+03    |
|    n_updates            | 1928        |
|    policy_gradient_loss | -0.0051     |
|    std                  | 0.938       |
|    value_loss           | 3.2e+03     |
-----------------------------------------
Early stopping at step 1 due to reaching max kl: 0.04
-----------------------------------------
| rollout/                |             |
|    ep_len_mean          | 159         |
|    ep_rew_mean          | 337         |
| time/                   |             |
|    fps                  | 200         |
|    iterations           | 291         |
|    time_elapsed         | 5942        |
|    total_timesteps      | 1191936     |
| train/                  |             |
|    approx_kl            | 0.023429483 |
|    clip_fraction        | 0.0919      |
|    clip_range           | 0.2         |
|    entropy_loss         | -5.42       |
|    explained_variance   | 0.0123      |
|    learning_rate        | 0.0001      |
|    loss                 | 1.5e+03     |
|    n_updates            | 1930        |
|    policy_gradient_loss | 0.00163     |
|    std                  | 0.938       |
|    value_loss           | 2.96e+03    |
-----------------------------------------
Early stopping at step 2 due to reaching max kl: 0.04
-----------------------------------------
| rollout/                |             |
|    ep_len_mean          | 160         |
|    ep_rew_mean          | 380         |
| time/                   |             |
|    fps                  | 200         |
|    iterations           | 292         |
|    time_elapsed         | 5955        |
|    total_timesteps      | 1196032     |
| train/                  |             |
|    approx_kl            | 0.014831315 |
|    clip_fraction        | 0.0801      |
|    clip_range           | 0.2         |
|    entropy_loss         | -5.42       |
|    explained_variance   | 0.00819     |
|    learning_rate        | 0.0001      |
|    loss                 | 349         |
|    n_updates            | 1933        |
|    policy_gradient_loss | -0.00152    |
|    std                  | 0.938       |
|    value_loss           | 3.18e+03    |
-----------------------------------------
Eval num_timesteps=1200000, episode_reward=512.93 +/- 190.62
Episode length: 205.60 +/- 63.87
------------------------------------------
| eval/                   |              |
|    mean_ep_length       | 206          |
|    mean_reward          | 513          |
| time/                   |              |
|    total_timesteps      | 1200000      |
| train/                  |              |
|    approx_kl            | 0.0077238297 |
|    clip_fraction        | 0.0851       |
|    clip_range           | 0.2          |
|    entropy_loss         | -5.42        |
|    explained_variance   | 0.012        |
|    learning_rate        | 0.0001       |
|    loss                 | 3.92e+03     |
|    n_updates            | 1943         |
|    policy_gradient_loss | -0.00703     |
|    std                  | 0.937        |
|    value_loss           | 4.2e+03      |
------------------------------------------
New best mean reward!
---------------------------------
| rollout/           |          |
|    ep_len_mean     | 154      |
|    ep_rew_mean     | 357      |
| time/              |          |
|    fps             | 199      |
|    iterations      | 293      |
|    time_elapsed    | 6001     |
|    total_timesteps | 1200128  |
---------------------------------
-----------------------------------------
| rollout/                |             |
|    ep_len_mean          | 151         |
|    ep_rew_mean          | 369         |
| time/                   |             |
|    fps                  | 199         |
|    iterations           | 294         |
|    time_elapsed         | 6046        |
|    total_timesteps      | 1204224     |
| train/                  |             |
|    approx_kl            | 0.009348228 |
|    clip_fraction        | 0.107       |
|    clip_range           | 0.2         |
|    entropy_loss         | -5.42       |
|    explained_variance   | 0.0228      |
|    learning_rate        | 0.0001      |
|    loss                 | 9.05        |
|    n_updates            | 1953        |
|    policy_gradient_loss | -0.00984    |
|    std                  | 0.938       |
|    value_loss           | 2.29e+03    |
-----------------------------------------
-----------------------------------------
| rollout/                |             |
|    ep_len_mean          | 145         |
|    ep_rew_mean          | 357         |
| time/                   |             |
|    fps                  | 198         |
|    iterations           | 295         |
|    time_elapsed         | 6090        |
|    total_timesteps      | 1208320     |
| train/                  |             |
|    approx_kl            | 0.010925646 |
|    clip_fraction        | 0.109       |
|    clip_range           | 0.2         |
|    entropy_loss         | -5.42       |
|    explained_variance   | 0.0197      |
|    learning_rate        | 0.0001      |
|    loss                 | 180         |
|    n_updates            | 1963        |
|    policy_gradient_loss | -0.00917    |
|    std                  | 0.938       |
|    value_loss           | 3.92e+03    |
-----------------------------------------
------------------------------------------
| rollout/                |              |
|    ep_len_mean          | 148          |
|    ep_rew_mean          | 361          |
| time/                   |              |
|    fps                  | 197          |
|    iterations           | 296          |
|    time_elapsed         | 6134         |
|    total_timesteps      | 1212416      |
| train/                  |              |
|    approx_kl            | 0.0062149474 |
|    clip_fraction        | 0.0735       |
|    clip_range           | 0.2          |
|    entropy_loss         | -5.42        |
|    explained_variance   | 0.00581      |
|    learning_rate        | 0.0001       |
|    loss                 | 1.1e+03      |
|    n_updates            | 1973         |
|    policy_gradient_loss | -0.00986     |
|    std                  | 0.938        |
|    value_loss           | 3.53e+03     |
------------------------------------------
Early stopping at step 6 due to reaching max kl: 0.05
----------------------------------------
| rollout/                |            |
|    ep_len_mean          | 144        |
|    ep_rew_mean          | 372        |
| time/                   |            |
|    fps                  | 197        |
|    iterations           | 297        |
|    time_elapsed         | 6164       |
|    total_timesteps      | 1216512    |
| train/                  |            |
|    approx_kl            | 0.02405646 |
|    clip_fraction        | 0.0707     |
|    clip_range           | 0.2        |
|    entropy_loss         | -5.42      |
|    explained_variance   | 0.0544     |
|    learning_rate        | 0.0001     |
|    loss                 | 2.54e+03   |
|    n_updates            | 1980       |
|    policy_gradient_loss | -0.00446   |
|    std                  | 0.937      |
|    value_loss           | 3.27e+03   |
----------------------------------------
Early stopping at step 0 due to reaching max kl: 0.03
Eval num_timesteps=1220000, episode_reward=414.88 +/- 227.22
Episode length: 163.60 +/- 80.58
----------------------------------------
| eval/                   |            |
|    mean_ep_length       | 164        |
|    mean_reward          | 415        |
| time/                   |            |
|    total_timesteps      | 1220000    |
| train/                  |            |
|    approx_kl            | 0.01432888 |
|    clip_fraction        | 0.159      |
|    clip_range           | 0.2        |
|    entropy_loss         | -5.41      |
|    explained_variance   | -0.0961    |
|    learning_rate        | 0.0001     |
|    loss                 | 1.91e+03   |
|    n_updates            | 1981       |
|    policy_gradient_loss | 0.00844    |
|    std                  | 0.937      |
|    value_loss           | 4.6e+03    |
----------------------------------------
---------------------------------
| rollout/           |          |
|    ep_len_mean     | 147      |
|    ep_rew_mean     | 357      |
| time/              |          |
|    fps             | 197      |
|    iterations      | 298      |
|    time_elapsed    | 6169     |
|    total_timesteps | 1220608  |
---------------------------------
------------------------------------------
| rollout/                |              |
|    ep_len_mean          | 141          |
|    ep_rew_mean          | 323          |
| time/                   |              |
|    fps                  | 197          |
|    iterations           | 299          |
|    time_elapsed         | 6212         |
|    total_timesteps      | 1224704      |
| train/                  |              |
|    approx_kl            | 0.0067070285 |
|    clip_fraction        | 0.119        |
|    clip_range           | 0.2          |
|    entropy_loss         | -5.41        |
|    explained_variance   | 0.0293       |
|    learning_rate        | 0.0001       |
|    loss                 | 924          |
|    n_updates            | 1991         |
|    policy_gradient_loss | -0.000208    |
|    std                  | 0.937        |
|    value_loss           | 2.84e+03     |
------------------------------------------
------------------------------------------
| rollout/                |              |
|    ep_len_mean          | 133          |
|    ep_rew_mean          | 264          |
| time/                   |              |
|    fps                  | 196          |
|    iterations           | 300          |
|    time_elapsed         | 6254         |
|    total_timesteps      | 1228800      |
| train/                  |              |
|    approx_kl            | 0.0038658462 |
|    clip_fraction        | 0.0135       |
|    clip_range           | 0.2          |
|    entropy_loss         | -5.41        |
|    explained_variance   | 0.0964       |
|    learning_rate        | 0.0001       |
|    loss                 | 13.4         |
|    n_updates            | 2001         |
|    policy_gradient_loss | -0.00424     |
|    std                  | 0.937        |
|    value_loss           | 2.37e+03     |
------------------------------------------
------------------------------------------
| rollout/                |              |
|    ep_len_mean          | 127          |
|    ep_rew_mean          | 257          |
| time/                   |              |
|    fps                  | 195          |
|    iterations           | 301          |
|    time_elapsed         | 6297         |
|    total_timesteps      | 1232896      |
| train/                  |              |
|    approx_kl            | 0.0055619488 |
|    clip_fraction        | 0.0312       |
|    clip_range           | 0.2          |
|    entropy_loss         | -5.41        |
|    explained_variance   | -0.0747      |
|    learning_rate        | 0.0001       |
|    loss                 | 1.67e+03     |
|    n_updates            | 2011         |
|    policy_gradient_loss | -0.00475     |
|    std                  | 0.937        |
|    value_loss           | 2.45e+03     |
------------------------------------------
------------------------------------------
| rollout/                |              |
|    ep_len_mean          | 127          |
|    ep_rew_mean          | 267          |
| time/                   |              |
|    fps                  | 195          |
|    iterations           | 302          |
|    time_elapsed         | 6334         |
|    total_timesteps      | 1236992      |
| train/                  |              |
|    approx_kl            | 0.0047134897 |
|    clip_fraction        | 0.0327       |
|    clip_range           | 0.2          |
|    entropy_loss         | -5.41        |
|    explained_variance   | -0.147       |
|    learning_rate        | 0.0001       |
|    loss                 | 3.98         |
|    n_updates            | 2021         |
|    policy_gradient_loss | -0.00568     |
|    std                  | 0.937        |
|    value_loss           | 2.93e+03     |
------------------------------------------
Eval num_timesteps=1240000, episode_reward=254.23 +/- 114.66
Episode length: 230.80 +/- 87.43
------------------------------------------
| eval/                   |              |
|    mean_ep_length       | 231          |
|    mean_reward          | 254          |
| time/                   |              |
|    total_timesteps      | 1240000      |
| train/                  |              |
|    approx_kl            | 0.0068225586 |
|    clip_fraction        | 0.0487       |
|    clip_range           | 0.2          |
|    entropy_loss         | -5.41        |
|    explained_variance   | 0.106        |
|    learning_rate        | 0.0001       |
|    loss                 | 432          |
|    n_updates            | 2031         |
|    policy_gradient_loss | -0.00486     |
|    std                  | 0.936        |
|    value_loss           | 2.48e+03     |
------------------------------------------
---------------------------------
| rollout/           |          |
|    ep_len_mean     | 131      |
|    ep_rew_mean     | 292      |
| time/              |          |
|    fps             | 194      |
|    iterations      | 303      |
|    time_elapsed    | 6377     |
|    total_timesteps | 1241088  |
---------------------------------
------------------------------------------
| rollout/                |              |
|    ep_len_mean          | 127          |
|    ep_rew_mean          | 303          |
| time/                   |              |
|    fps                  | 193          |
|    iterations           | 304          |
|    time_elapsed         | 6419         |
|    total_timesteps      | 1245184      |
| train/                  |              |
|    approx_kl            | 0.0060559693 |
|    clip_fraction        | 0.0475       |
|    clip_range           | 0.2          |
|    entropy_loss         | -5.41        |
|    explained_variance   | -0.219       |
|    learning_rate        | 0.0001       |
|    loss                 | 1.58e+03     |
|    n_updates            | 2041         |
|    policy_gradient_loss | -0.00571     |
|    std                  | 0.936        |
|    value_loss           | 3.16e+03     |
------------------------------------------
-----------------------------------------
| rollout/                |             |
|    ep_len_mean          | 123         |
|    ep_rew_mean          | 302         |
| time/                   |             |
|    fps                  | 193         |
|    iterations           | 305         |
|    time_elapsed         | 6460        |
|    total_timesteps      | 1249280     |
| train/                  |             |
|    approx_kl            | 0.006228797 |
|    clip_fraction        | 0.0446      |
|    clip_range           | 0.2         |
|    entropy_loss         | -5.41       |
|    explained_variance   | 0.0681      |
|    learning_rate        | 0.0001      |
|    loss                 | 1.97e+03    |
|    n_updates            | 2051        |
|    policy_gradient_loss | -0.00736    |
|    std                  | 0.937       |
|    value_loss           | 4.13e+03    |
-----------------------------------------
------------------------------------------
| rollout/                |              |
|    ep_len_mean          | 121          |
|    ep_rew_mean          | 325          |
| time/                   |              |
|    fps                  | 192          |
|    iterations           | 306          |
|    time_elapsed         | 6499         |
|    total_timesteps      | 1253376      |
| train/                  |              |
|    approx_kl            | 0.0098803025 |
|    clip_fraction        | 0.11         |
|    clip_range           | 0.2          |
|    entropy_loss         | -5.42        |
|    explained_variance   | 0.0701       |
|    learning_rate        | 0.0001       |
|    loss                 | 15.5         |
|    n_updates            | 2061         |
|    policy_gradient_loss | -0.0112      |
|    std                  | 0.938        |
|    value_loss           | 2.47e+03     |
------------------------------------------
------------------------------------------
| rollout/                |              |
|    ep_len_mean          | 119          |
|    ep_rew_mean          | 291          |
| time/                   |              |
|    fps                  | 192          |
|    iterations           | 307          |
|    time_elapsed         | 6541         |
|    total_timesteps      | 1257472      |
| train/                  |              |
|    approx_kl            | 0.0066529172 |
|    clip_fraction        | 0.0488       |
|    clip_range           | 0.2          |
|    entropy_loss         | -5.42        |
|    explained_variance   | 0.0572       |
|    learning_rate        | 0.0001       |
|    loss                 | 6.3e+03      |
|    n_updates            | 2071         |
|    policy_gradient_loss | -0.00792     |
|    std                  | 0.937        |
|    value_loss           | 5.02e+03     |
------------------------------------------
Eval num_timesteps=1260000, episode_reward=464.84 +/- 260.29
Episode length: 203.80 +/- 84.96
-----------------------------------------
| eval/                   |             |
|    mean_ep_length       | 204         |
|    mean_reward          | 465         |
| time/                   |             |
|    total_timesteps      | 1260000     |
| train/                  |             |
|    approx_kl            | 0.010761104 |
|    clip_fraction        | 0.0913      |
|    clip_range           | 0.2         |
|    entropy_loss         | -5.42       |
|    explained_variance   | 0.0728      |
|    learning_rate        | 0.0001      |
|    loss                 | 260         |
|    n_updates            | 2081        |
|    policy_gradient_loss | -0.0103     |
|    std                  | 0.937       |
|    value_loss           | 2.23e+03    |
-----------------------------------------
---------------------------------
| rollout/           |          |
|    ep_len_mean     | 122      |
|    ep_rew_mean     | 308      |
| time/              |          |
|    fps             | 191      |
|    iterations      | 308      |
|    time_elapsed    | 6581     |
|    total_timesteps | 1261568  |
---------------------------------
Early stopping at step 2 due to reaching max kl: 0.03
-----------------------------------------
| rollout/                |             |
|    ep_len_mean          | 122         |
|    ep_rew_mean          | 300         |
| time/                   |             |
|    fps                  | 192         |
|    iterations           | 309         |
|    time_elapsed         | 6591        |
|    total_timesteps      | 1265664     |
| train/                  |             |
|    approx_kl            | 0.031737454 |
|    clip_fraction        | 0.0578      |
|    clip_range           | 0.2         |
|    entropy_loss         | -5.42       |
|    explained_variance   | -0.0417     |
|    learning_rate        | 0.0001      |
|    loss                 | 2.65e+03    |
|    n_updates            | 2084        |
|    policy_gradient_loss | 0.000591    |
|    std                  | 0.937       |
|    value_loss           | 3.34e+03    |
-----------------------------------------
Early stopping at step 6 due to reaching max kl: 0.04
----------------------------------------
| rollout/                |            |
|    ep_len_mean          | 124        |
|    ep_rew_mean          | 320        |
| time/                   |            |
|    fps                  | 191        |
|    iterations           | 310        |
|    time_elapsed         | 6620       |
|    total_timesteps      | 1269760    |
| train/                  |            |
|    approx_kl            | 0.01822904 |
|    clip_fraction        | 0.0961     |
|    clip_range           | 0.2        |
|    entropy_loss         | -5.42      |
|    explained_variance   | 0.0164     |
|    learning_rate        | 0.0001     |
|    loss                 | 1.92e+03   |
|    n_updates            | 2091       |
|    policy_gradient_loss | -0.00895   |
|    std                  | 0.938      |
|    value_loss           | 4.5e+03    |
----------------------------------------
Early stopping at step 1 due to reaching max kl: 0.04
-----------------------------------------
| rollout/                |             |
|    ep_len_mean          | 122         |
|    ep_rew_mean          | 321         |
| time/                   |             |
|    fps                  | 192         |
|    iterations           | 311         |
|    time_elapsed         | 6626        |
|    total_timesteps      | 1273856     |
| train/                  |             |
|    approx_kl            | 0.035361346 |
|    clip_fraction        | 0.185       |
|    clip_range           | 0.2         |
|    entropy_loss         | -5.42       |
|    explained_variance   | 0.0321      |
|    learning_rate        | 0.0001      |
|    loss                 | 6.62        |
|    n_updates            | 2093        |
|    policy_gradient_loss | 0.00957     |
|    std                  | 0.938       |
|    value_loss           | 2.94e+03    |
-----------------------------------------
Early stopping at step 0 due to reaching max kl: 0.04
----------------------------------------
| rollout/                |            |
|    ep_len_mean          | 124        |
|    ep_rew_mean          | 328        |
| time/                   |            |
|    fps                  | 192        |
|    iterations           | 312        |
|    time_elapsed         | 6630       |
|    total_timesteps      | 1277952    |
| train/                  |            |
|    approx_kl            | 0.01139339 |
|    clip_fraction        | 0.121      |
|    clip_range           | 0.2        |
|    entropy_loss         | -5.42      |
|    explained_variance   | 0.0165     |
|    learning_rate        | 0.0001     |
|    loss                 | 1.73e+03   |
|    n_updates            | 2094       |
|    policy_gradient_loss | 0.00596    |
|    std                  | 0.939      |
|    value_loss           | 3.36e+03   |
----------------------------------------
Early stopping at step 1 due to reaching max kl: 0.04
Eval num_timesteps=1280000, episode_reward=281.78 +/- 217.15
Episode length: 186.20 +/- 71.00
-----------------------------------------
| eval/                   |             |
|    mean_ep_length       | 186         |
|    mean_reward          | 282         |
| time/                   |             |
|    total_timesteps      | 1280000     |
| train/                  |             |
|    approx_kl            | 0.027909914 |
|    clip_fraction        | 0.122       |
|    clip_range           | 0.2         |
|    entropy_loss         | -5.42       |
|    explained_variance   | 0.0197      |
|    learning_rate        | 0.0001      |
|    loss                 | 2.74e+03    |
|    n_updates            | 2096        |
|    policy_gradient_loss | 0.00279     |
|    std                  | 0.939       |
|    value_loss           | 3.85e+03    |
-----------------------------------------
---------------------------------
| rollout/           |          |
|    ep_len_mean     | 122      |
|    ep_rew_mean     | 312      |
| time/              |          |
|    fps             | 193      |
|    iterations      | 313      |
|    time_elapsed    | 6638     |
|    total_timesteps | 1282048  |
---------------------------------
Early stopping at step 5 due to reaching max kl: 0.04
-----------------------------------------
| rollout/                |             |
|    ep_len_mean          | 121         |
|    ep_rew_mean          | 299         |
| time/                   |             |
|    fps                  | 193         |
|    iterations           | 314         |
|    time_elapsed         | 6659        |
|    total_timesteps      | 1286144     |
| train/                  |             |
|    approx_kl            | 0.024378179 |
|    clip_fraction        | 0.118       |
|    clip_range           | 0.2         |
|    entropy_loss         | -5.43       |
|    explained_variance   | 0.0214      |
|    learning_rate        | 0.0001      |
|    loss                 | 1.14e+03    |
|    n_updates            | 2102        |
|    policy_gradient_loss | -0.00558    |
|    std                  | 0.941       |
|    value_loss           | 3.16e+03    |
-----------------------------------------
-----------------------------------------
| rollout/                |             |
|    ep_len_mean          | 117         |
|    ep_rew_mean          | 268         |
| time/                   |             |
|    fps                  | 192         |
|    iterations           | 315         |
|    time_elapsed         | 6700        |
|    total_timesteps      | 1290240     |
| train/                  |             |
|    approx_kl            | 0.013433229 |
|    clip_fraction        | 0.144       |
|    clip_range           | 0.2         |
|    entropy_loss         | -5.43       |
|    explained_variance   | 0.0146      |
|    learning_rate        | 0.0001      |
|    loss                 | 1.15e+03    |
|    n_updates            | 2112        |
|    policy_gradient_loss | -0.0141     |
|    std                  | 0.941       |
|    value_loss           | 3.2e+03     |
-----------------------------------------
-----------------------------------------
| rollout/                |             |
|    ep_len_mean          | 122         |
|    ep_rew_mean          | 288         |
| time/                   |             |
|    fps                  | 192         |
|    iterations           | 316         |
|    time_elapsed         | 6740        |
|    total_timesteps      | 1294336     |
| train/                  |             |
|    approx_kl            | 0.014222987 |
|    clip_fraction        | 0.0901      |
|    clip_range           | 0.2         |
|    entropy_loss         | -5.43       |
|    explained_variance   | -0.0147     |
|    learning_rate        | 0.0001      |
|    loss                 | 1.38e+03    |
|    n_updates            | 2122        |
|    policy_gradient_loss | -0.00864    |
|    std                  | 0.941       |
|    value_loss           | 2.42e+03    |
-----------------------------------------
-----------------------------------------
| rollout/                |             |
|    ep_len_mean          | 121         |
|    ep_rew_mean          | 290         |
| time/                   |             |
|    fps                  | 191         |
|    iterations           | 317         |
|    time_elapsed         | 6764        |
|    total_timesteps      | 1298432     |
| train/                  |             |
|    approx_kl            | 0.008278201 |
|    clip_fraction        | 0.0694      |
|    clip_range           | 0.2         |
|    entropy_loss         | -5.43       |
|    explained_variance   | 0.0709      |
|    learning_rate        | 0.0001      |
|    loss                 | 34.3        |
|    n_updates            | 2132        |
|    policy_gradient_loss | -0.00822    |
|    std                  | 0.94        |
|    value_loss           | 2.79e+03    |
-----------------------------------------
Eval num_timesteps=1300000, episode_reward=250.84 +/- 153.09
Episode length: 170.80 +/- 73.49
------------------------------------------
| eval/                   |              |
|    mean_ep_length       | 171          |
|    mean_reward          | 251          |
| time/                   |              |
|    total_timesteps      | 1300000      |
| train/                  |              |
|    approx_kl            | 0.0057684127 |
|    clip_fraction        | 0.0532       |
|    clip_range           | 0.2          |
|    entropy_loss         | -5.43        |
|    explained_variance   | 0.0518       |
|    learning_rate        | 0.0001       |
|    loss                 | 4.88e+03     |
|    n_updates            | 2142         |
|    policy_gradient_loss | -0.00565     |
|    std                  | 0.94         |
|    value_loss           | 4.27e+03     |
------------------------------------------
---------------------------------
| rollout/           |          |
|    ep_len_mean     | 123      |
|    ep_rew_mean     | 290      |
| time/              |          |
|    fps             | 191      |
|    iterations      | 318      |
|    time_elapsed    | 6788     |
|    total_timesteps | 1302528  |
---------------------------------
----------------------------------------
| rollout/                |            |
|    ep_len_mean          | 120        |
|    ep_rew_mean          | 304        |
| time/                   |            |
|    fps                  | 191        |
|    iterations           | 319        |
|    time_elapsed         | 6829       |
|    total_timesteps      | 1306624    |
| train/                  |            |
|    approx_kl            | 0.00610205 |
|    clip_fraction        | 0.0769     |
|    clip_range           | 0.2        |
|    entropy_loss         | -5.43      |
|    explained_variance   | -0.139     |
|    learning_rate        | 0.0001     |
|    loss                 | 1.44e+03   |
|    n_updates            | 2152       |
|    policy_gradient_loss | -0.00269   |
|    std                  | 0.94       |
|    value_loss           | 2.3e+03    |
----------------------------------------
------------------------------------------
| rollout/                |              |
|    ep_len_mean          | 121          |
|    ep_rew_mean          | 305          |
| time/                   |              |
|    fps                  | 190          |
|    iterations           | 320          |
|    time_elapsed         | 6870         |
|    total_timesteps      | 1310720      |
| train/                  |              |
|    approx_kl            | 0.0073126233 |
|    clip_fraction        | 0.0783       |
|    clip_range           | 0.2          |
|    entropy_loss         | -5.43        |
|    explained_variance   | -0.0837      |
|    learning_rate        | 0.0001       |
|    loss                 | 6.62e+03     |
|    n_updates            | 2162         |
|    policy_gradient_loss | -0.0072      |
|    std                  | 0.94         |
|    value_loss           | 3.83e+03     |
------------------------------------------
-----------------------------------------
| rollout/                |             |
|    ep_len_mean          | 123         |
|    ep_rew_mean          | 333         |
| time/                   |             |
|    fps                  | 190         |
|    iterations           | 321         |
|    time_elapsed         | 6912        |
|    total_timesteps      | 1314816     |
| train/                  |             |
|    approx_kl            | 0.017369332 |
|    clip_fraction        | 0.114       |
|    clip_range           | 0.2         |
|    entropy_loss         | -5.43       |
|    explained_variance   | 0.0165      |
|    learning_rate        | 0.0001      |
|    loss                 | 2.78e+03    |
|    n_updates            | 2172        |
|    policy_gradient_loss | -0.00951    |
|    std                  | 0.94        |
|    value_loss           | 3.17e+03    |
-----------------------------------------
-----------------------------------------
| rollout/                |             |
|    ep_len_mean          | 128         |
|    ep_rew_mean          | 328         |
| time/                   |             |
|    fps                  | 189         |
|    iterations           | 322         |
|    time_elapsed         | 6951        |
|    total_timesteps      | 1318912     |
| train/                  |             |
|    approx_kl            | 0.012144701 |
|    clip_fraction        | 0.11        |
|    clip_range           | 0.2         |
|    entropy_loss         | -5.43       |
|    explained_variance   | 0.0602      |
|    learning_rate        | 0.0001      |
|    loss                 | 11.5        |
|    n_updates            | 2182        |
|    policy_gradient_loss | -0.0122     |
|    std                  | 0.941       |
|    value_loss           | 3.56e+03    |
-----------------------------------------
Early stopping at step 4 due to reaching max kl: 0.04
Eval num_timesteps=1320000, episode_reward=292.60 +/- 182.15
Episode length: 189.80 +/- 74.80
-----------------------------------------
| eval/                   |             |
|    mean_ep_length       | 190         |
|    mean_reward          | 293         |
| time/                   |             |
|    total_timesteps      | 1320000     |
| train/                  |             |
|    approx_kl            | 0.030693661 |
|    clip_fraction        | 0.0806      |
|    clip_range           | 0.2         |
|    entropy_loss         | -5.43       |
|    explained_variance   | 0.117       |
|    learning_rate        | 0.0001      |
|    loss                 | 2.69e+03    |
|    n_updates            | 2187        |
|    policy_gradient_loss | -0.00358    |
|    std                  | 0.94        |
|    value_loss           | 3.91e+03    |
-----------------------------------------
---------------------------------
| rollout/           |          |
|    ep_len_mean     | 132      |
|    ep_rew_mean     | 347      |
| time/              |          |
|    fps             | 189      |
|    iterations      | 323      |
|    time_elapsed    | 6970     |
|    total_timesteps | 1323008  |
---------------------------------
-----------------------------------------
| rollout/                |             |
|    ep_len_mean          | 133         |
|    ep_rew_mean          | 352         |
| time/                   |             |
|    fps                  | 189         |
|    iterations           | 324         |
|    time_elapsed         | 7012        |
|    total_timesteps      | 1327104     |
| train/                  |             |
|    approx_kl            | 0.009380154 |
|    clip_fraction        | 0.139       |
|    clip_range           | 0.2         |
|    entropy_loss         | -5.43       |
|    explained_variance   | 0.102       |
|    learning_rate        | 0.0001      |
|    loss                 | 3.62e+03    |
|    n_updates            | 2197        |
|    policy_gradient_loss | -0.00962    |
|    std                  | 0.94        |
|    value_loss           | 3.02e+03    |
-----------------------------------------
Early stopping at step 8 due to reaching max kl: 0.04
-----------------------------------------
| rollout/                |             |
|    ep_len_mean          | 131         |
|    ep_rew_mean          | 384         |
| time/                   |             |
|    fps                  | 188         |
|    iterations           | 325         |
|    time_elapsed         | 7051        |
|    total_timesteps      | 1331200     |
| train/                  |             |
|    approx_kl            | 0.012134341 |
|    clip_fraction        | 0.084       |
|    clip_range           | 0.2         |
|    entropy_loss         | -5.43       |
|    explained_variance   | 0.0502      |
|    learning_rate        | 0.0001      |
|    loss                 | 1.52e+03    |
|    n_updates            | 2206        |
|    policy_gradient_loss | -0.0105     |
|    std                  | 0.939       |
|    value_loss           | 4.15e+03    |
-----------------------------------------
Early stopping at step 0 due to reaching max kl: 0.05
-----------------------------------------
| rollout/                |             |
|    ep_len_mean          | 130         |
|    ep_rew_mean          | 381         |
| time/                   |             |
|    fps                  | 189         |
|    iterations           | 326         |
|    time_elapsed         | 7054        |
|    total_timesteps      | 1335296     |
| train/                  |             |
|    approx_kl            | 0.015900677 |
|    clip_fraction        | 0.16        |
|    clip_range           | 0.2         |
|    entropy_loss         | -5.42       |
|    explained_variance   | 0.0649      |
|    learning_rate        | 0.0001      |
|    loss                 | 457         |
|    n_updates            | 2207        |
|    policy_gradient_loss | 0.00992     |
|    std                  | 0.939       |
|    value_loss           | 4.59e+03    |
-----------------------------------------
Early stopping at step 0 due to reaching max kl: 0.03
-----------------------------------------
| rollout/                |             |
|    ep_len_mean          | 125         |
|    ep_rew_mean          | 352         |
| time/                   |             |
|    fps                  | 189         |
|    iterations           | 327         |
|    time_elapsed         | 7060        |
|    total_timesteps      | 1339392     |
| train/                  |             |
|    approx_kl            | 0.017045258 |
|    clip_fraction        | 0.192       |
|    clip_range           | 0.2         |
|    entropy_loss         | -5.42       |
|    explained_variance   | 0.0599      |
|    learning_rate        | 0.0001      |
|    loss                 | 1.04e+03    |
|    n_updates            | 2208        |
|    policy_gradient_loss | 0.00907     |
|    std                  | 0.939       |
|    value_loss           | 3.2e+03     |
-----------------------------------------
Eval num_timesteps=1340000, episode_reward=357.38 +/- 173.76
Episode length: 236.60 +/- 56.18
-----------------------------------------
| eval/                   |             |
|    mean_ep_length       | 237         |
|    mean_reward          | 357         |
| time/                   |             |
|    total_timesteps      | 1340000     |
| train/                  |             |
|    approx_kl            | 0.007968375 |
|    clip_fraction        | 0.116       |
|    clip_range           | 0.2         |
|    entropy_loss         | -5.42       |
|    explained_variance   | 0.147       |
|    learning_rate        | 0.0001      |
|    loss                 | 950         |
|    n_updates            | 2218        |
|    policy_gradient_loss | -0.00519    |
|    std                  | 0.939       |
|    value_loss           | 2.52e+03    |
-----------------------------------------
---------------------------------
| rollout/           |          |
|    ep_len_mean     | 130      |
|    ep_rew_mean     | 331      |
| time/              |          |
|    fps             | 189      |
|    iterations      | 328      |
|    time_elapsed    | 7101     |
|    total_timesteps | 1343488  |
---------------------------------
----------------------------------------
| rollout/                |            |
|    ep_len_mean          | 130        |
|    ep_rew_mean          | 328        |
| time/                   |            |
|    fps                  | 188        |
|    iterations           | 329        |
|    time_elapsed         | 7145       |
|    total_timesteps      | 1347584    |
| train/                  |            |
|    approx_kl            | 0.00800639 |
|    clip_fraction        | 0.0709     |
|    clip_range           | 0.2        |
|    entropy_loss         | -5.42      |
|    explained_variance   | 0.0704     |
|    learning_rate        | 0.0001     |
|    loss                 | 1.85e+03   |
|    n_updates            | 2228       |
|    policy_gradient_loss | -0.0112    |
|    std                  | 0.94       |
|    value_loss           | 3.03e+03   |
----------------------------------------
-----------------------------------------
| rollout/                |             |
|    ep_len_mean          | 131         |
|    ep_rew_mean          | 356         |
| time/                   |             |
|    fps                  | 188         |
|    iterations           | 330         |
|    time_elapsed         | 7188        |
|    total_timesteps      | 1351680     |
| train/                  |             |
|    approx_kl            | 0.005946395 |
|    clip_fraction        | 0.053       |
|    clip_range           | 0.2         |
|    entropy_loss         | -5.42       |
|    explained_variance   | 0.11        |
|    learning_rate        | 0.0001      |
|    loss                 | 1.85e+03    |
|    n_updates            | 2238        |
|    policy_gradient_loss | -0.00803    |
|    std                  | 0.939       |
|    value_loss           | 3e+03       |
-----------------------------------------
-----------------------------------------
| rollout/                |             |
|    ep_len_mean          | 130         |
|    ep_rew_mean          | 355         |
| time/                   |             |
|    fps                  | 187         |
|    iterations           | 331         |
|    time_elapsed         | 7228        |
|    total_timesteps      | 1355776     |
| train/                  |             |
|    approx_kl            | 0.009056682 |
|    clip_fraction        | 0.103       |
|    clip_range           | 0.2         |
|    entropy_loss         | -5.42       |
|    explained_variance   | 0.114       |
|    learning_rate        | 0.0001      |
|    loss                 | 2.55e+03    |
|    n_updates            | 2248        |
|    policy_gradient_loss | -0.00804    |
|    std                  | 0.939       |
|    value_loss           | 4.01e+03    |
-----------------------------------------
------------------------------------------
| rollout/                |              |
|    ep_len_mean          | 121          |
|    ep_rew_mean          | 357          |
| time/                   |              |
|    fps                  | 187          |
|    iterations           | 332          |
|    time_elapsed         | 7269         |
|    total_timesteps      | 1359872      |
| train/                  |              |
|    approx_kl            | 0.0070213815 |
|    clip_fraction        | 0.0628       |
|    clip_range           | 0.2          |
|    entropy_loss         | -5.42        |
|    explained_variance   | 0.0473       |
|    learning_rate        | 0.0001       |
|    loss                 | 180          |
|    n_updates            | 2258         |
|    policy_gradient_loss | -0.00822     |
|    std                  | 0.939        |
|    value_loss           | 3.49e+03     |
------------------------------------------
Eval num_timesteps=1360000, episode_reward=358.70 +/- 222.82
Episode length: 173.80 +/- 45.33
-----------------------------------------
| eval/                   |             |
|    mean_ep_length       | 174         |
|    mean_reward          | 359         |
| time/                   |             |
|    total_timesteps      | 1360000     |
| train/                  |             |
|    approx_kl            | 0.009815428 |
|    clip_fraction        | 0.0679      |
|    clip_range           | 0.2         |
|    entropy_loss         | -5.42       |
|    explained_variance   | 0.145       |
|    learning_rate        | 0.0001      |
|    loss                 | 3.39e+03    |
|    n_updates            | 2268        |
|    policy_gradient_loss | -0.00936    |
|    std                  | 0.938       |
|    value_loss           | 4.42e+03    |
-----------------------------------------
---------------------------------
| rollout/           |          |
|    ep_len_mean     | 117      |
|    ep_rew_mean     | 333      |
| time/              |          |
|    fps             | 186      |
|    iterations      | 333      |
|    time_elapsed    | 7309     |
|    total_timesteps | 1363968  |
---------------------------------
-----------------------------------------
| rollout/                |             |
|    ep_len_mean          | 119         |
|    ep_rew_mean          | 327         |
| time/                   |             |
|    fps                  | 186         |
|    iterations           | 334         |
|    time_elapsed         | 7347        |
|    total_timesteps      | 1368064     |
| train/                  |             |
|    approx_kl            | 0.009177463 |
|    clip_fraction        | 0.11        |
|    clip_range           | 0.2         |
|    entropy_loss         | -5.42       |
|    explained_variance   | 0.181       |
|    learning_rate        | 0.0001      |
|    loss                 | 1.44e+03    |
|    n_updates            | 2278        |
|    policy_gradient_loss | -0.0075     |
|    std                  | 0.939       |
|    value_loss           | 3.45e+03    |
-----------------------------------------
------------------------------------------
| rollout/                |              |
|    ep_len_mean          | 125          |
|    ep_rew_mean          | 338          |
| time/                   |              |
|    fps                  | 185          |
|    iterations           | 335          |
|    time_elapsed         | 7390         |
|    total_timesteps      | 1372160      |
| train/                  |              |
|    approx_kl            | 0.0065300316 |
|    clip_fraction        | 0.0467       |
|    clip_range           | 0.2          |
|    entropy_loss         | -5.42        |
|    explained_variance   | 0.117        |
|    learning_rate        | 0.0001       |
|    loss                 | 276          |
|    n_updates            | 2288         |
|    policy_gradient_loss | -0.00622     |
|    std                  | 0.939        |
|    value_loss           | 2.97e+03     |
------------------------------------------
-----------------------------------------
| rollout/                |             |
|    ep_len_mean          | 126         |
|    ep_rew_mean          | 356         |
| time/                   |             |
|    fps                  | 185         |
|    iterations           | 336         |
|    time_elapsed         | 7433        |
|    total_timesteps      | 1376256     |
| train/                  |             |
|    approx_kl            | 0.008664768 |
|    clip_fraction        | 0.071       |
|    clip_range           | 0.2         |
|    entropy_loss         | -5.42       |
|    explained_variance   | 0.139       |
|    learning_rate        | 0.0001      |
|    loss                 | 1.87e+03    |
|    n_updates            | 2298        |
|    policy_gradient_loss | -0.00802    |
|    std                  | 0.938       |
|    value_loss           | 3.44e+03    |
-----------------------------------------
Eval num_timesteps=1380000, episode_reward=346.29 +/- 234.84
Episode length: 165.20 +/- 85.14
----------------------------------------
| eval/                   |            |
|    mean_ep_length       | 165        |
|    mean_reward          | 346        |
| time/                   |            |
|    total_timesteps      | 1380000    |
| train/                  |            |
|    approx_kl            | 0.01063314 |
|    clip_fraction        | 0.123      |
|    clip_range           | 0.2        |
|    entropy_loss         | -5.42      |
|    explained_variance   | 0.128      |
|    learning_rate        | 0.0001     |
|    loss                 | 2.31e+03   |
|    n_updates            | 2308       |
|    policy_gradient_loss | -0.00753   |
|    std                  | 0.938      |
|    value_loss           | 4.45e+03   |
----------------------------------------
---------------------------------
| rollout/           |          |
|    ep_len_mean     | 123      |
|    ep_rew_mean     | 363      |
| time/              |          |
|    fps             | 184      |
|    iterations      | 337      |
|    time_elapsed    | 7466     |
|    total_timesteps | 1380352  |
---------------------------------
-----------------------------------------
| rollout/                |             |
|    ep_len_mean          | 122         |
|    ep_rew_mean          | 370         |
| time/                   |             |
|    fps                  | 184         |
|    iterations           | 338         |
|    time_elapsed         | 7505        |
|    total_timesteps      | 1384448     |
| train/                  |             |
|    approx_kl            | 0.013501699 |
|    clip_fraction        | 0.149       |
|    clip_range           | 0.2         |
|    entropy_loss         | -5.41       |
|    explained_variance   | 0.0555      |
|    learning_rate        | 0.0001      |
|    loss                 | 26.6        |
|    n_updates            | 2318        |
|    policy_gradient_loss | -0.0107     |
|    std                  | 0.936       |
|    value_loss           | 3.54e+03    |
-----------------------------------------
------------------------------------------
| rollout/                |              |
|    ep_len_mean          | 123          |
|    ep_rew_mean          | 366          |
| time/                   |              |
|    fps                  | 183          |
|    iterations           | 339          |
|    time_elapsed         | 7546         |
|    total_timesteps      | 1388544      |
| train/                  |              |
|    approx_kl            | 0.0115272775 |
|    clip_fraction        | 0.11         |
|    clip_range           | 0.2          |
|    entropy_loss         | -5.41        |
|    explained_variance   | 0.137        |
|    learning_rate        | 0.0001       |
|    loss                 | 1.38e+03     |
|    n_updates            | 2328         |
|    policy_gradient_loss | -0.0106      |
|    std                  | 0.936        |
|    value_loss           | 4.14e+03     |
------------------------------------------
-----------------------------------------
| rollout/                |             |
|    ep_len_mean          | 126         |
|    ep_rew_mean          | 403         |
| time/                   |             |
|    fps                  | 183         |
|    iterations           | 340         |
|    time_elapsed         | 7585        |
|    total_timesteps      | 1392640     |
| train/                  |             |
|    approx_kl            | 0.011543097 |
|    clip_fraction        | 0.109       |
|    clip_range           | 0.2         |
|    entropy_loss         | -5.41       |
|    explained_variance   | 0.0752      |
|    learning_rate        | 0.0001      |
|    loss                 | 3.2e+03     |
|    n_updates            | 2338        |
|    policy_gradient_loss | -0.0138     |
|    std                  | 0.935       |
|    value_loss           | 3.95e+03    |
-----------------------------------------
Early stopping at step 9 due to reaching max kl: 0.03
-----------------------------------------
| rollout/                |             |
|    ep_len_mean          | 128         |
|    ep_rew_mean          | 409         |
| time/                   |             |
|    fps                  | 183         |
|    iterations           | 341         |
|    time_elapsed         | 7626        |
|    total_timesteps      | 1396736     |
| train/                  |             |
|    approx_kl            | 0.019366201 |
|    clip_fraction        | 0.172       |
|    clip_range           | 0.2         |
|    entropy_loss         | -5.4        |
|    explained_variance   | 0.0771      |
|    learning_rate        | 0.0001      |
|    loss                 | 1.86e+03    |
|    n_updates            | 2348        |
|    policy_gradient_loss | -0.011      |
|    std                  | 0.935       |
|    value_loss           | 4.08e+03    |
-----------------------------------------
Eval num_timesteps=1400000, episode_reward=390.75 +/- 254.35
Episode length: 169.00 +/- 32.37
-----------------------------------------
| eval/                   |             |
|    mean_ep_length       | 169         |
|    mean_reward          | 391         |
| time/                   |             |
|    total_timesteps      | 1400000     |
| train/                  |             |
|    approx_kl            | 0.009217152 |
|    clip_fraction        | 0.11        |
|    clip_range           | 0.2         |
|    entropy_loss         | -5.41       |
|    explained_variance   | 0.0868      |
|    learning_rate        | 0.0001      |
|    loss                 | 1.33e+03    |
|    n_updates            | 2358        |
|    policy_gradient_loss | -0.0147     |
|    std                  | 0.936       |
|    value_loss           | 4.18e+03    |
-----------------------------------------
---------------------------------
| rollout/           |          |
|    ep_len_mean     | 128      |
|    ep_rew_mean     | 392      |
| time/              |          |
|    fps             | 182      |
|    iterations      | 342      |
|    time_elapsed    | 7669     |
|    total_timesteps | 1400832  |
---------------------------------
-----------------------------------------
| rollout/                |             |
|    ep_len_mean          | 132         |
|    ep_rew_mean          | 417         |
| time/                   |             |
|    fps                  | 182         |
|    iterations           | 343         |
|    time_elapsed         | 7708        |
|    total_timesteps      | 1404928     |
| train/                  |             |
|    approx_kl            | 0.012894943 |
|    clip_fraction        | 0.157       |
|    clip_range           | 0.2         |
|    entropy_loss         | -5.41       |
|    explained_variance   | 0.0696      |
|    learning_rate        | 0.0001      |
|    loss                 | 1.45e+03    |
|    n_updates            | 2368        |
|    policy_gradient_loss | -0.00983    |
|    std                  | 0.936       |
|    value_loss           | 3.88e+03    |
-----------------------------------------
-----------------------------------------
| rollout/                |             |
|    ep_len_mean          | 121         |
|    ep_rew_mean          | 384         |
| time/                   |             |
|    fps                  | 181         |
|    iterations           | 344         |
|    time_elapsed         | 7750        |
|    total_timesteps      | 1409024     |
| train/                  |             |
|    approx_kl            | 0.010954274 |
|    clip_fraction        | 0.105       |
|    clip_range           | 0.2         |
|    entropy_loss         | -5.41       |
|    explained_variance   | 0.0688      |
|    learning_rate        | 0.0001      |
|    loss                 | 5.72e+03    |
|    n_updates            | 2378        |
|    policy_gradient_loss | -0.0136     |
|    std                  | 0.934       |
|    value_loss           | 5.11e+03    |
-----------------------------------------
-----------------------------------------
| rollout/                |             |
|    ep_len_mean          | 118         |
|    ep_rew_mean          | 389         |
| time/                   |             |
|    fps                  | 181         |
|    iterations           | 345         |
|    time_elapsed         | 7787        |
|    total_timesteps      | 1413120     |
| train/                  |             |
|    approx_kl            | 0.007907275 |
|    clip_fraction        | 0.0619      |
|    clip_range           | 0.2         |
|    entropy_loss         | -5.4        |
|    explained_variance   | 0.0909      |
|    learning_rate        | 0.0001      |
|    loss                 | 825         |
|    n_updates            | 2388        |
|    policy_gradient_loss | -0.0103     |
|    std                  | 0.933       |
|    value_loss           | 3.87e+03    |
-----------------------------------------
-----------------------------------------
| rollout/                |             |
|    ep_len_mean          | 113         |
|    ep_rew_mean          | 374         |
| time/                   |             |
|    fps                  | 181         |
|    iterations           | 346         |
|    time_elapsed         | 7824        |
|    total_timesteps      | 1417216     |
| train/                  |             |
|    approx_kl            | 0.008320936 |
|    clip_fraction        | 0.0823      |
|    clip_range           | 0.2         |
|    entropy_loss         | -5.39       |
|    explained_variance   | 0.0239      |
|    learning_rate        | 0.0001      |
|    loss                 | 2.91e+03    |
|    n_updates            | 2398        |
|    policy_gradient_loss | -0.00836    |
|    std                  | 0.932       |
|    value_loss           | 4.2e+03     |
-----------------------------------------
Eval num_timesteps=1420000, episode_reward=460.79 +/- 234.27
Episode length: 162.40 +/- 35.67
-----------------------------------------
| eval/                   |             |
|    mean_ep_length       | 162         |
|    mean_reward          | 461         |
| time/                   |             |
|    total_timesteps      | 1420000     |
| train/                  |             |
|    approx_kl            | 0.010989884 |
|    clip_fraction        | 0.122       |
|    clip_range           | 0.2         |
|    entropy_loss         | -5.39       |
|    explained_variance   | -0.0151     |
|    learning_rate        | 0.0001      |
|    loss                 | 2.15e+03    |
|    n_updates            | 2408        |
|    policy_gradient_loss | -0.0154     |
|    std                  | 0.931       |
|    value_loss           | 4.12e+03    |
-----------------------------------------
---------------------------------
| rollout/           |          |
|    ep_len_mean     | 119      |
|    ep_rew_mean     | 396      |
| time/              |          |
|    fps             | 180      |
|    iterations      | 347      |
|    time_elapsed    | 7864     |
|    total_timesteps | 1421312  |
---------------------------------
Early stopping at step 3 due to reaching max kl: 0.03
----------------------------------------
| rollout/                |            |
|    ep_len_mean          | 118        |
|    ep_rew_mean          | 392        |
| time/                   |            |
|    fps                  | 180        |
|    iterations           | 348        |
|    time_elapsed         | 7877       |
|    total_timesteps      | 1425408    |
| train/                  |            |
|    approx_kl            | 0.03096548 |
|    clip_fraction        | 0.0716     |
|    clip_range           | 0.2        |
|    entropy_loss         | -5.39      |
|    explained_variance   | 0.0306     |
|    learning_rate        | 0.0001     |
|    loss                 | 2.75e+03   |
|    n_updates            | 2412       |
|    policy_gradient_loss | -0.00313   |
|    std                  | 0.931      |
|    value_loss           | 4.47e+03   |
----------------------------------------
-----------------------------------------
| rollout/                |             |
|    ep_len_mean          | 118         |
|    ep_rew_mean          | 419         |
| time/                   |             |
|    fps                  | 180         |
|    iterations           | 349         |
|    time_elapsed         | 7913        |
|    total_timesteps      | 1429504     |
| train/                  |             |
|    approx_kl            | 0.008526023 |
|    clip_fraction        | 0.0778      |
|    clip_range           | 0.2         |
|    entropy_loss         | -5.38       |
|    explained_variance   | 0.101       |
|    learning_rate        | 0.0001      |
|    loss                 | 2.84e+03    |
|    n_updates            | 2422        |
|    policy_gradient_loss | -0.0111     |
|    std                  | 0.93        |
|    value_loss           | 4.29e+03    |
-----------------------------------------
------------------------------------------
| rollout/                |              |
|    ep_len_mean          | 117          |
|    ep_rew_mean          | 423          |
| time/                   |              |
|    fps                  | 180          |
|    iterations           | 350          |
|    time_elapsed         | 7953         |
|    total_timesteps      | 1433600      |
| train/                  |              |
|    approx_kl            | 0.0116214445 |
|    clip_fraction        | 0.104        |
|    clip_range           | 0.2          |
|    entropy_loss         | -5.38        |
|    explained_variance   | 0.0676       |
|    learning_rate        | 0.0001       |
|    loss                 | 449          |
|    n_updates            | 2432         |
|    policy_gradient_loss | -0.0115      |
|    std                  | 0.929        |
|    value_loss           | 5.25e+03     |
------------------------------------------
-----------------------------------------
| rollout/                |             |
|    ep_len_mean          | 118         |
|    ep_rew_mean          | 433         |
| time/                   |             |
|    fps                  | 180         |
|    iterations           | 351         |
|    time_elapsed         | 7981        |
|    total_timesteps      | 1437696     |
| train/                  |             |
|    approx_kl            | 0.014599785 |
|    clip_fraction        | 0.145       |
|    clip_range           | 0.2         |
|    entropy_loss         | -5.38       |
|    explained_variance   | 0.0178      |
|    learning_rate        | 0.0001      |
|    loss                 | 1.61e+03    |
|    n_updates            | 2442        |
|    policy_gradient_loss | -0.0138     |
|    std                  | 0.928       |
|    value_loss           | 4.57e+03    |
-----------------------------------------
Eval num_timesteps=1440000, episode_reward=388.96 +/- 275.08
Episode length: 180.20 +/- 26.06
-----------------------------------------
| eval/                   |             |
|    mean_ep_length       | 180         |
|    mean_reward          | 389         |
| time/                   |             |
|    total_timesteps      | 1440000     |
| train/                  |             |
|    approx_kl            | 0.014066583 |
|    clip_fraction        | 0.158       |
|    clip_range           | 0.2         |
|    entropy_loss         | -5.38       |
|    explained_variance   | 0.111       |
|    learning_rate        | 0.0001      |
|    loss                 | 2.87e+03    |
|    n_updates            | 2452        |
|    policy_gradient_loss | -0.0133     |
|    std                  | 0.928       |
|    value_loss           | 4.14e+03    |
-----------------------------------------
---------------------------------
| rollout/           |          |
|    ep_len_mean     | 116      |
|    ep_rew_mean     | 407      |
| time/              |          |
|    fps             | 179      |
|    iterations      | 352      |
|    time_elapsed    | 8022     |
|    total_timesteps | 1441792  |
---------------------------------
-----------------------------------------
| rollout/                |             |
|    ep_len_mean          | 113         |
|    ep_rew_mean          | 404         |
| time/                   |             |
|    fps                  | 179         |
|    iterations           | 353         |
|    time_elapsed         | 8059        |
|    total_timesteps      | 1445888     |
| train/                  |             |
|    approx_kl            | 0.012475295 |
|    clip_fraction        | 0.127       |
|    clip_range           | 0.2         |
|    entropy_loss         | -5.37       |
|    explained_variance   | -0.0802     |
|    learning_rate        | 0.0001      |
|    loss                 | 2.31e+03    |
|    n_updates            | 2462        |
|    policy_gradient_loss | -0.0123     |
|    std                  | 0.926       |
|    value_loss           | 4.56e+03    |
-----------------------------------------
Early stopping at step 2 due to reaching max kl: 0.04
-----------------------------------------
| rollout/                |             |
|    ep_len_mean          | 108         |
|    ep_rew_mean          | 375         |
| time/                   |             |
|    fps                  | 179         |
|    iterations           | 354         |
|    time_elapsed         | 8070        |
|    total_timesteps      | 1449984     |
| train/                  |             |
|    approx_kl            | 0.016824776 |
|    clip_fraction        | 0.134       |
|    clip_range           | 0.2         |
|    entropy_loss         | -5.37       |
|    explained_variance   | 0.0815      |
|    learning_rate        | 0.0001      |
|    loss                 | 3.55e+03    |
|    n_updates            | 2465        |
|    policy_gradient_loss | 0.00174     |
|    std                  | 0.926       |
|    value_loss           | 5.15e+03    |
-----------------------------------------
-----------------------------------------
| rollout/                |             |
|    ep_len_mean          | 109         |
|    ep_rew_mean          | 348         |
| time/                   |             |
|    fps                  | 179         |
|    iterations           | 355         |
|    time_elapsed         | 8109        |
|    total_timesteps      | 1454080     |
| train/                  |             |
|    approx_kl            | 0.012109274 |
|    clip_fraction        | 0.132       |
|    clip_range           | 0.2         |
|    entropy_loss         | -5.37       |
|    explained_variance   | 0.0946      |
|    learning_rate        | 0.0001      |
|    loss                 | 1.85e+03    |
|    n_updates            | 2475        |
|    policy_gradient_loss | -0.0123     |
|    std                  | 0.926       |
|    value_loss           | 3.83e+03    |
-----------------------------------------
-----------------------------------------
| rollout/                |             |
|    ep_len_mean          | 112         |
|    ep_rew_mean          | 315         |
| time/                   |             |
|    fps                  | 178         |
|    iterations           | 356         |
|    time_elapsed         | 8149        |
|    total_timesteps      | 1458176     |
| train/                  |             |
|    approx_kl            | 0.014210686 |
|    clip_fraction        | 0.189       |
|    clip_range           | 0.2         |
|    entropy_loss         | -5.36       |
|    explained_variance   | 0.0751      |
|    learning_rate        | 0.0001      |
|    loss                 | 1.21e+03    |
|    n_updates            | 2485        |
|    policy_gradient_loss | -0.0118     |
|    std                  | 0.925       |
|    value_loss           | 3.21e+03    |
-----------------------------------------
Eval num_timesteps=1460000, episode_reward=564.40 +/- 58.57
Episode length: 120.40 +/- 20.45
----------------------------------------
| eval/                   |            |
|    mean_ep_length       | 120        |
|    mean_reward          | 564        |
| time/                   |            |
|    total_timesteps      | 1460000    |
| train/                  |            |
|    approx_kl            | 0.01088482 |
|    clip_fraction        | 0.134      |
|    clip_range           | 0.2        |
|    entropy_loss         | -5.35      |
|    explained_variance   | 0.174      |
|    learning_rate        | 0.0001     |
|    loss                 | 2.72e+03   |
|    n_updates            | 2495       |
|    policy_gradient_loss | -0.0127    |
|    std                  | 0.922      |
|    value_loss           | 3.33e+03   |
----------------------------------------
New best mean reward!
---------------------------------
| rollout/           |          |
|    ep_len_mean     | 114      |
|    ep_rew_mean     | 346      |
| time/              |          |
|    fps             | 178      |
|    iterations      | 357      |
|    time_elapsed    | 8187     |
|    total_timesteps | 1462272  |
---------------------------------
Early stopping at step 6 due to reaching max kl: 0.03
-----------------------------------------
| rollout/                |             |
|    ep_len_mean          | 106         |
|    ep_rew_mean          | 349         |
| time/                   |             |
|    fps                  | 178         |
|    iterations           | 358         |
|    time_elapsed         | 8213        |
|    total_timesteps      | 1466368     |
| train/                  |             |
|    approx_kl            | 0.012662156 |
|    clip_fraction        | 0.117       |
|    clip_range           | 0.2         |
|    entropy_loss         | -5.35       |
|    explained_variance   | 0.108       |
|    learning_rate        | 0.0001      |
|    loss                 | 1.35e+03    |
|    n_updates            | 2502        |
|    policy_gradient_loss | -0.00842    |
|    std                  | 0.921       |
|    value_loss           | 4.64e+03    |
-----------------------------------------
-----------------------------------------
| rollout/                |             |
|    ep_len_mean          | 106         |
|    ep_rew_mean          | 343         |
| time/                   |             |
|    fps                  | 178         |
|    iterations           | 359         |
|    time_elapsed         | 8248        |
|    total_timesteps      | 1470464     |
| train/                  |             |
|    approx_kl            | 0.015593555 |
|    clip_fraction        | 0.174       |
|    clip_range           | 0.2         |
|    entropy_loss         | -5.35       |
|    explained_variance   | 0.0873      |
|    learning_rate        | 0.0001      |
|    loss                 | 1.57e+03    |
|    n_updates            | 2512        |
|    policy_gradient_loss | -0.0139     |
|    std                  | 0.922       |
|    value_loss           | 4.85e+03    |
-----------------------------------------
----------------------------------------
| rollout/                |            |
|    ep_len_mean          | 107        |
|    ep_rew_mean          | 347        |
| time/                   |            |
|    fps                  | 177        |
|    iterations           | 360        |
|    time_elapsed         | 8286       |
|    total_timesteps      | 1474560    |
| train/                  |            |
|    approx_kl            | 0.01036598 |
|    clip_fraction        | 0.0914     |
|    clip_range           | 0.2        |
|    entropy_loss         | -5.35      |
|    explained_variance   | 0.069      |
|    learning_rate        | 0.0001     |
|    loss                 | 1.57e+03   |
|    n_updates            | 2522       |
|    policy_gradient_loss | -0.00729   |
|    std                  | 0.921      |
|    value_loss           | 3.69e+03   |
----------------------------------------
-----------------------------------------
| rollout/                |             |
|    ep_len_mean          | 111         |
|    ep_rew_mean          | 361         |
| time/                   |             |
|    fps                  | 177         |
|    iterations           | 361         |
|    time_elapsed         | 8324        |
|    total_timesteps      | 1478656     |
| train/                  |             |
|    approx_kl            | 0.011162614 |
|    clip_fraction        | 0.0896      |
|    clip_range           | 0.2         |
|    entropy_loss         | -5.34       |
|    explained_variance   | 0.12        |
|    learning_rate        | 0.0001      |
|    loss                 | 547         |
|    n_updates            | 2532        |
|    policy_gradient_loss | -0.0105     |
|    std                  | 0.921       |
|    value_loss           | 4.27e+03    |
-----------------------------------------
Eval num_timesteps=1480000, episode_reward=210.99 +/- 171.79
Episode length: 126.80 +/- 27.35
-----------------------------------------
| eval/                   |             |
|    mean_ep_length       | 127         |
|    mean_reward          | 211         |
| time/                   |             |
|    total_timesteps      | 1480000     |
| train/                  |             |
|    approx_kl            | 0.014605575 |
|    clip_fraction        | 0.142       |
|    clip_range           | 0.2         |
|    entropy_loss         | -5.34       |
|    explained_variance   | 0.19        |
|    learning_rate        | 0.0001      |
|    loss                 | 1.42e+03    |
|    n_updates            | 2542        |
|    policy_gradient_loss | -0.0117     |
|    std                  | 0.92        |
|    value_loss           | 4.19e+03    |
-----------------------------------------
---------------------------------
| rollout/           |          |
|    ep_len_mean     | 113      |
|    ep_rew_mean     | 397      |
| time/              |          |
|    fps             | 177      |
|    iterations      | 362      |
|    time_elapsed    | 8347     |
|    total_timesteps | 1482752  |
---------------------------------
----------------------------------------
| rollout/                |            |
|    ep_len_mean          | 108        |
|    ep_rew_mean          | 396        |
| time/                   |            |
|    fps                  | 177        |
|    iterations           | 363        |
|    time_elapsed         | 8370       |
|    total_timesteps      | 1486848    |
| train/                  |            |
|    approx_kl            | 0.01170161 |
|    clip_fraction        | 0.118      |
|    clip_range           | 0.2        |
|    entropy_loss         | -5.34      |
|    explained_variance   | 0.134      |
|    learning_rate        | 0.0001     |
|    loss                 | 1.09e+03   |
|    n_updates            | 2552       |
|    policy_gradient_loss | -0.0106    |
|    std                  | 0.919      |
|    value_loss           | 4.47e+03   |
----------------------------------------
-----------------------------------------
| rollout/                |             |
|    ep_len_mean          | 107         |
|    ep_rew_mean          | 371         |
| time/                   |             |
|    fps                  | 177         |
|    iterations           | 364         |
|    time_elapsed         | 8391        |
|    total_timesteps      | 1490944     |
| train/                  |             |
|    approx_kl            | 0.014180543 |
|    clip_fraction        | 0.14        |
|    clip_range           | 0.2         |
|    entropy_loss         | -5.33       |
|    explained_variance   | 0.034       |
|    learning_rate        | 0.0001      |
|    loss                 | 2.55e+03    |
|    n_updates            | 2562        |
|    policy_gradient_loss | -0.0144     |
|    std                  | 0.916       |
|    value_loss           | 4.6e+03     |
-----------------------------------------
------------------------------------------
| rollout/                |              |
|    ep_len_mean          | 106          |
|    ep_rew_mean          | 346          |
| time/                   |              |
|    fps                  | 177          |
|    iterations           | 365          |
|    time_elapsed         | 8425         |
|    total_timesteps      | 1495040      |
| train/                  |              |
|    approx_kl            | 0.0116098095 |
|    clip_fraction        | 0.118        |
|    clip_range           | 0.2          |
|    entropy_loss         | -5.32        |
|    explained_variance   | 0.109        |
|    learning_rate        | 0.0001       |
|    loss                 | 386          |
|    n_updates            | 2572         |
|    policy_gradient_loss | -0.0145      |
|    std                  | 0.915        |
|    value_loss           | 3.77e+03     |
------------------------------------------
-----------------------------------------
| rollout/                |             |
|    ep_len_mean          | 104         |
|    ep_rew_mean          | 363         |
| time/                   |             |
|    fps                  | 177         |
|    iterations           | 366         |
|    time_elapsed         | 8462        |
|    total_timesteps      | 1499136     |
| train/                  |             |
|    approx_kl            | 0.007639721 |
|    clip_fraction        | 0.0858      |
|    clip_range           | 0.2         |
|    entropy_loss         | -5.32       |
|    explained_variance   | 0.0988      |
|    learning_rate        | 0.0001      |
|    loss                 | 1.23e+03    |
|    n_updates            | 2582        |
|    policy_gradient_loss | -0.00989    |
|    std                  | 0.916       |
|    value_loss           | 3.41e+03    |
-----------------------------------------
Eval num_timesteps=1500000, episode_reward=444.82 +/- 222.39
Episode length: 107.60 +/- 43.15
-----------------------------------------
| eval/                   |             |
|    mean_ep_length       | 108         |
|    mean_reward          | 445         |
| time/                   |             |
|    total_timesteps      | 1500000     |
| train/                  |             |
|    approx_kl            | 0.011355769 |
|    clip_fraction        | 0.105       |
|    clip_range           | 0.2         |
|    entropy_loss         | -5.32       |
|    explained_variance   | 0.0677      |
|    learning_rate        | 0.0001      |
|    loss                 | 2.36e+03    |
|    n_updates            | 2592        |
|    policy_gradient_loss | -0.00927    |
|    std                  | 0.915       |
|    value_loss           | 4.55e+03    |
-----------------------------------------
---------------------------------
| rollout/           |          |
|    ep_len_mean     | 108      |
|    ep_rew_mean     | 384      |
| time/              |          |
|    fps             | 176      |
|    iterations      | 367      |
|    time_elapsed    | 8499     |
|    total_timesteps | 1503232  |
---------------------------------
-----------------------------------------
| rollout/                |             |
|    ep_len_mean          | 109         |
|    ep_rew_mean          | 385         |
| time/                   |             |
|    fps                  | 176         |
|    iterations           | 368         |
|    time_elapsed         | 8537        |
|    total_timesteps      | 1507328     |
| train/                  |             |
|    approx_kl            | 0.015510612 |
|    clip_fraction        | 0.192       |
|    clip_range           | 0.2         |
|    entropy_loss         | -5.32       |
|    explained_variance   | 0.0848      |
|    learning_rate        | 0.0001      |
|    loss                 | 3.71e+03    |
|    n_updates            | 2602        |
|    policy_gradient_loss | -0.0153     |
|    std                  | 0.916       |
|    value_loss           | 4.22e+03    |
-----------------------------------------
----------------------------------------
| rollout/                |            |
|    ep_len_mean          | 113        |
|    ep_rew_mean          | 384        |
| time/                   |            |
|    fps                  | 176        |
|    iterations           | 369        |
|    time_elapsed         | 8572       |
|    total_timesteps      | 1511424    |
| train/                  |            |
|    approx_kl            | 0.01306726 |
|    clip_fraction        | 0.123      |
|    clip_range           | 0.2        |
|    entropy_loss         | -5.31      |
|    explained_variance   | 0.0905     |
|    learning_rate        | 0.0001     |
|    loss                 | 350        |
|    n_updates            | 2612       |
|    policy_gradient_loss | -0.0122    |
|    std                  | 0.912      |
|    value_loss           | 3.26e+03   |
----------------------------------------
-----------------------------------------
| rollout/                |             |
|    ep_len_mean          | 111         |
|    ep_rew_mean          | 393         |
| time/                   |             |
|    fps                  | 175         |
|    iterations           | 370         |
|    time_elapsed         | 8612        |
|    total_timesteps      | 1515520     |
| train/                  |             |
|    approx_kl            | 0.011072717 |
|    clip_fraction        | 0.0959      |
|    clip_range           | 0.2         |
|    entropy_loss         | -5.31       |
|    explained_variance   | 0.0375      |
|    learning_rate        | 0.0001      |
|    loss                 | 881         |
|    n_updates            | 2622        |
|    policy_gradient_loss | -0.00997    |
|    std                  | 0.912       |
|    value_loss           | 4.49e+03    |
-----------------------------------------
Early stopping at step 3 due to reaching max kl: 0.03
-----------------------------------------
| rollout/                |             |
|    ep_len_mean          | 111         |
|    ep_rew_mean          | 398         |
| time/                   |             |
|    fps                  | 176         |
|    iterations           | 371         |
|    time_elapsed         | 8627        |
|    total_timesteps      | 1519616     |
| train/                  |             |
|    approx_kl            | 0.018486258 |
|    clip_fraction        | 0.13        |
|    clip_range           | 0.2         |
|    entropy_loss         | -5.31       |
|    explained_variance   | 0.0268      |
|    learning_rate        | 0.0001      |
|    loss                 | 3.32e+03    |
|    n_updates            | 2626        |
|    policy_gradient_loss | -0.000875   |
|    std                  | 0.913       |
|    value_loss           | 4.54e+03    |
-----------------------------------------
Early stopping at step 5 due to reaching max kl: 0.03
Eval num_timesteps=1520000, episode_reward=102.41 +/- 15.65
Episode length: 122.40 +/- 17.58
-----------------------------------------
| eval/                   |             |
|    mean_ep_length       | 122         |
|    mean_reward          | 102         |
| time/                   |             |
|    total_timesteps      | 1520000     |
| train/                  |             |
|    approx_kl            | 0.018822618 |
|    clip_fraction        | 0.15        |
|    clip_range           | 0.2         |
|    entropy_loss         | -5.31       |
|    explained_variance   | 0.115       |
|    learning_rate        | 0.0001      |
|    loss                 | 1.42e+03    |
|    n_updates            | 2632        |
|    policy_gradient_loss | -0.0053     |
|    std                  | 0.913       |
|    value_loss           | 3.89e+03    |
-----------------------------------------
---------------------------------
| rollout/           |          |
|    ep_len_mean     | 106      |
|    ep_rew_mean     | 362      |
| time/              |          |
|    fps             | 176      |
|    iterations      | 372      |
|    time_elapsed    | 8647     |
|    total_timesteps | 1523712  |
---------------------------------
-----------------------------------------
| rollout/                |             |
|    ep_len_mean          | 104         |
|    ep_rew_mean          | 334         |
| time/                   |             |
|    fps                  | 175         |
|    iterations           | 373         |
|    time_elapsed         | 8683        |
|    total_timesteps      | 1527808     |
| train/                  |             |
|    approx_kl            | 0.014237244 |
|    clip_fraction        | 0.167       |
|    clip_range           | 0.2         |
|    entropy_loss         | -5.31       |
|    explained_variance   | 0.125       |
|    learning_rate        | 0.0001      |
|    loss                 | 2.07e+03    |
|    n_updates            | 2642        |
|    policy_gradient_loss | -0.0127     |
|    std                  | 0.914       |
|    value_loss           | 4.03e+03    |
-----------------------------------------
------------------------------------------
| rollout/                |              |
|    ep_len_mean          | 104          |
|    ep_rew_mean          | 328          |
| time/                   |              |
|    fps                  | 175          |
|    iterations           | 374          |
|    time_elapsed         | 8716         |
|    total_timesteps      | 1531904      |
| train/                  |              |
|    approx_kl            | 0.0091411965 |
|    clip_fraction        | 0.09         |
|    clip_range           | 0.2          |
|    entropy_loss         | -5.31        |
|    explained_variance   | 0.0401       |
|    learning_rate        | 0.0001       |
|    loss                 | 832          |
|    n_updates            | 2652         |
|    policy_gradient_loss | -0.00956     |
|    std                  | 0.914        |
|    value_loss           | 4.07e+03     |
------------------------------------------
-----------------------------------------
| rollout/                |             |
|    ep_len_mean          | 107         |
|    ep_rew_mean          | 354         |
| time/                   |             |
|    fps                  | 175         |
|    iterations           | 375         |
|    time_elapsed         | 8753        |
|    total_timesteps      | 1536000     |
| train/                  |             |
|    approx_kl            | 0.009907372 |
|    clip_fraction        | 0.107       |
|    clip_range           | 0.2         |
|    entropy_loss         | -5.31       |
|    explained_variance   | -0.00451    |
|    learning_rate        | 0.0001      |
|    loss                 | 1.24e+03    |
|    n_updates            | 2662        |
|    policy_gradient_loss | -0.0105     |
|    std                  | 0.914       |
|    value_loss           | 3.31e+03    |
-----------------------------------------
Eval num_timesteps=1540000, episode_reward=206.09 +/- 189.15
Episode length: 114.60 +/- 19.73
-----------------------------------------
| eval/                   |             |
|    mean_ep_length       | 115         |
|    mean_reward          | 206         |
| time/                   |             |
|    total_timesteps      | 1540000     |
| train/                  |             |
|    approx_kl            | 0.008005616 |
|    clip_fraction        | 0.0962      |
|    clip_range           | 0.2         |
|    entropy_loss         | -5.31       |
|    explained_variance   | 0.126       |
|    learning_rate        | 0.0001      |
|    loss                 | 790         |
|    n_updates            | 2672        |
|    policy_gradient_loss | -0.0105     |
|    std                  | 0.913       |
|    value_loss           | 3.5e+03     |
-----------------------------------------
---------------------------------
| rollout/           |          |
|    ep_len_mean     | 106      |
|    ep_rew_mean     | 347      |
| time/              |          |
|    fps             | 175      |
|    iterations      | 376      |
|    time_elapsed    | 8789     |
|    total_timesteps | 1540096  |
---------------------------------
-----------------------------------------
| rollout/                |             |
|    ep_len_mean          | 103         |
|    ep_rew_mean          | 363         |
| time/                   |             |
|    fps                  | 174         |
|    iterations           | 377         |
|    time_elapsed         | 8825        |
|    total_timesteps      | 1544192     |
| train/                  |             |
|    approx_kl            | 0.007669292 |
|    clip_fraction        | 0.0397      |
|    clip_range           | 0.2         |
|    entropy_loss         | -5.31       |
|    explained_variance   | 0.1         |
|    learning_rate        | 0.0001      |
|    loss                 | 2.68e+03    |
|    n_updates            | 2682        |
|    policy_gradient_loss | -0.00503    |
|    std                  | 0.913       |
|    value_loss           | 3.85e+03    |
-----------------------------------------
-----------------------------------------
| rollout/                |             |
|    ep_len_mean          | 102         |
|    ep_rew_mean          | 341         |
| time/                   |             |
|    fps                  | 174         |
|    iterations           | 378         |
|    time_elapsed         | 8860        |
|    total_timesteps      | 1548288     |
| train/                  |             |
|    approx_kl            | 0.010302191 |
|    clip_fraction        | 0.085       |
|    clip_range           | 0.2         |
|    entropy_loss         | -5.3        |
|    explained_variance   | -0.109      |
|    learning_rate        | 0.0001      |
|    loss                 | 1.71e+03    |
|    n_updates            | 2692        |
|    policy_gradient_loss | -0.00801    |
|    std                  | 0.911       |
|    value_loss           | 3.9e+03     |
-----------------------------------------
-----------------------------------------
| rollout/                |             |
|    ep_len_mean          | 101         |
|    ep_rew_mean          | 326         |
| time/                   |             |
|    fps                  | 174         |
|    iterations           | 379         |
|    time_elapsed         | 8895        |
|    total_timesteps      | 1552384     |
| train/                  |             |
|    approx_kl            | 0.009511251 |
|    clip_fraction        | 0.0789      |
|    clip_range           | 0.2         |
|    entropy_loss         | -5.3        |
|    explained_variance   | 0.0232      |
|    learning_rate        | 0.0001      |
|    loss                 | 1.78e+03    |
|    n_updates            | 2702        |
|    policy_gradient_loss | -0.00715    |
|    std                  | 0.91        |
|    value_loss           | 3.29e+03    |
-----------------------------------------
-----------------------------------------
| rollout/                |             |
|    ep_len_mean          | 99.5        |
|    ep_rew_mean          | 351         |
| time/                   |             |
|    fps                  | 174         |
|    iterations           | 380         |
|    time_elapsed         | 8929        |
|    total_timesteps      | 1556480     |
| train/                  |             |
|    approx_kl            | 0.008314275 |
|    clip_fraction        | 0.0848      |
|    clip_range           | 0.2         |
|    entropy_loss         | -5.3        |
|    explained_variance   | 0.197       |
|    learning_rate        | 0.0001      |
|    loss                 | 449         |
|    n_updates            | 2712        |
|    policy_gradient_loss | -0.00814    |
|    std                  | 0.91        |
|    value_loss           | 3.54e+03    |
-----------------------------------------
Eval num_timesteps=1560000, episode_reward=347.87 +/- 193.77
Episode length: 112.80 +/- 18.80
-----------------------------------------
| eval/                   |             |
|    mean_ep_length       | 113         |
|    mean_reward          | 348         |
| time/                   |             |
|    total_timesteps      | 1560000     |
| train/                  |             |
|    approx_kl            | 0.010811209 |
|    clip_fraction        | 0.101       |
|    clip_range           | 0.2         |
|    entropy_loss         | -5.29       |
|    explained_variance   | 0.058       |
|    learning_rate        | 0.0001      |
|    loss                 | 1.68e+03    |
|    n_updates            | 2722        |
|    policy_gradient_loss | -0.00954    |
|    std                  | 0.909       |
|    value_loss           | 4.56e+03    |
-----------------------------------------
---------------------------------
| rollout/           |          |
|    ep_len_mean     | 99.9     |
|    ep_rew_mean     | 333      |
| time/              |          |
|    fps             | 174      |
|    iterations      | 381      |
|    time_elapsed    | 8966     |
|    total_timesteps | 1560576  |
---------------------------------
Early stopping at step 3 due to reaching max kl: 0.03
-----------------------------------------
| rollout/                |             |
|    ep_len_mean          | 97.5        |
|    ep_rew_mean          | 350         |
| time/                   |             |
|    fps                  | 174         |
|    iterations           | 382         |
|    time_elapsed         | 8979        |
|    total_timesteps      | 1564672     |
| train/                  |             |
|    approx_kl            | 0.022132114 |
|    clip_fraction        | 0.107       |
|    clip_range           | 0.2         |
|    entropy_loss         | -5.29       |
|    explained_variance   | 0.0197      |
|    learning_rate        | 0.0001      |
|    loss                 | 1.82e+03    |
|    n_updates            | 2726        |
|    policy_gradient_loss | 0.00246     |
|    std                  | 0.909       |
|    value_loss           | 3.58e+03    |
-----------------------------------------
-----------------------------------------
| rollout/                |             |
|    ep_len_mean          | 99.2        |
|    ep_rew_mean          | 353         |
| time/                   |             |
|    fps                  | 174         |
|    iterations           | 383         |
|    time_elapsed         | 9013        |
|    total_timesteps      | 1568768     |
| train/                  |             |
|    approx_kl            | 0.016057223 |
|    clip_fraction        | 0.119       |
|    clip_range           | 0.2         |
|    entropy_loss         | -5.29       |
|    explained_variance   | 0.0809      |
|    learning_rate        | 0.0001      |
|    loss                 | 2.32e+03    |
|    n_updates            | 2736        |
|    policy_gradient_loss | -0.00953    |
|    std                  | 0.908       |
|    value_loss           | 4.22e+03    |
-----------------------------------------
Early stopping at step 4 due to reaching max kl: 0.03
-----------------------------------------
| rollout/                |             |
|    ep_len_mean          | 103         |
|    ep_rew_mean          | 370         |
| time/                   |             |
|    fps                  | 174         |
|    iterations           | 384         |
|    time_elapsed         | 9029        |
|    total_timesteps      | 1572864     |
| train/                  |             |
|    approx_kl            | 0.021359265 |
|    clip_fraction        | 0.141       |
|    clip_range           | 0.2         |
|    entropy_loss         | -5.29       |
|    explained_variance   | 0.177       |
|    learning_rate        | 0.0001      |
|    loss                 | 2.81e+03    |
|    n_updates            | 2741        |
|    policy_gradient_loss | -0.0043     |
|    std                  | 0.909       |
|    value_loss           | 3.64e+03    |
-----------------------------------------
-----------------------------------------
| rollout/                |             |
|    ep_len_mean          | 108         |
|    ep_rew_mean          | 370         |
| time/                   |             |
|    fps                  | 173         |
|    iterations           | 385         |
|    time_elapsed         | 9064        |
|    total_timesteps      | 1576960     |
| train/                  |             |
|    approx_kl            | 0.016149968 |
|    clip_fraction        | 0.152       |
|    clip_range           | 0.2         |
|    entropy_loss         | -5.28       |
|    explained_variance   | 0.181       |
|    learning_rate        | 0.0001      |
|    loss                 | 3.2e+03     |
|    n_updates            | 2751        |
|    policy_gradient_loss | -0.0152     |
|    std                  | 0.907       |
|    value_loss           | 4.5e+03     |
-----------------------------------------
Early stopping at step 3 due to reaching max kl: 0.03
Eval num_timesteps=1580000, episode_reward=187.99 +/- 150.71
Episode length: 117.20 +/- 21.22
-----------------------------------------
| eval/                   |             |
|    mean_ep_length       | 117         |
|    mean_reward          | 188         |
| time/                   |             |
|    total_timesteps      | 1580000     |
| train/                  |             |
|    approx_kl            | 0.012667518 |
|    clip_fraction        | 0.118       |
|    clip_range           | 0.2         |
|    entropy_loss         | -5.28       |
|    explained_variance   | 0.0724      |
|    learning_rate        | 0.0001      |
|    loss                 | 2.01e+03    |
|    n_updates            | 2755        |
|    policy_gradient_loss | -0.00435    |
|    std                  | 0.907       |
|    value_loss           | 3.6e+03     |
-----------------------------------------
---------------------------------
| rollout/           |          |
|    ep_len_mean     | 108      |
|    ep_rew_mean     | 357      |
| time/              |          |
|    fps             | 174      |
|    iterations      | 386      |
|    time_elapsed    | 9080     |
|    total_timesteps | 1581056  |
---------------------------------
-----------------------------------------
| rollout/                |             |
|    ep_len_mean          | 110         |
|    ep_rew_mean          | 327         |
| time/                   |             |
|    fps                  | 173         |
|    iterations           | 387         |
|    time_elapsed         | 9114        |
|    total_timesteps      | 1585152     |
| train/                  |             |
|    approx_kl            | 0.015130933 |
|    clip_fraction        | 0.165       |
|    clip_range           | 0.2         |
|    entropy_loss         | -5.28       |
|    explained_variance   | 0.145       |
|    learning_rate        | 0.0001      |
|    loss                 | 2.53e+03    |
|    n_updates            | 2765        |
|    policy_gradient_loss | -0.00944    |
|    std                  | 0.907       |
|    value_loss           | 3.86e+03    |
-----------------------------------------
-----------------------------------------
| rollout/                |             |
|    ep_len_mean          | 107         |
|    ep_rew_mean          | 325         |
| time/                   |             |
|    fps                  | 173         |
|    iterations           | 388         |
|    time_elapsed         | 9137        |
|    total_timesteps      | 1589248     |
| train/                  |             |
|    approx_kl            | 0.009099357 |
|    clip_fraction        | 0.102       |
|    clip_range           | 0.2         |
|    entropy_loss         | -5.28       |
|    explained_variance   | 0.216       |
|    learning_rate        | 0.0001      |
|    loss                 | 1.07e+03    |
|    n_updates            | 2775        |
|    policy_gradient_loss | -0.00981    |
|    std                  | 0.908       |
|    value_loss           | 3.12e+03    |
-----------------------------------------
-----------------------------------------
| rollout/                |             |
|    ep_len_mean          | 106         |
|    ep_rew_mean          | 300         |
| time/                   |             |
|    fps                  | 173         |
|    iterations           | 389         |
|    time_elapsed         | 9169        |
|    total_timesteps      | 1593344     |
| train/                  |             |
|    approx_kl            | 0.013027852 |
|    clip_fraction        | 0.13        |
|    clip_range           | 0.2         |
|    entropy_loss         | -5.28       |
|    explained_variance   | 0.141       |
|    learning_rate        | 0.0001      |
|    loss                 | 1.79e+03    |
|    n_updates            | 2785        |
|    policy_gradient_loss | -0.0111     |
|    std                  | 0.908       |
|    value_loss           | 3.35e+03    |
-----------------------------------------
-----------------------------------------
| rollout/                |             |
|    ep_len_mean          | 109         |
|    ep_rew_mean          | 336         |
| time/                   |             |
|    fps                  | 173         |
|    iterations           | 390         |
|    time_elapsed         | 9204        |
|    total_timesteps      | 1597440     |
| train/                  |             |
|    approx_kl            | 0.009515781 |
|    clip_fraction        | 0.0701      |
|    clip_range           | 0.2         |
|    entropy_loss         | -5.28       |
|    explained_variance   | 0.162       |
|    learning_rate        | 0.0001      |
|    loss                 | 1.89e+03    |
|    n_updates            | 2795        |
|    policy_gradient_loss | -0.00703    |
|    std                  | 0.907       |
|    value_loss           | 2.88e+03    |
-----------------------------------------
Eval num_timesteps=1600000, episode_reward=348.97 +/- 201.42
Episode length: 115.80 +/- 18.99
-----------------------------------------
| eval/                   |             |
|    mean_ep_length       | 116         |
|    mean_reward          | 349         |
| time/                   |             |
|    total_timesteps      | 1600000     |
| train/                  |             |
|    approx_kl            | 0.009788875 |
|    clip_fraction        | 0.1         |
|    clip_range           | 0.2         |
|    entropy_loss         | -5.28       |
|    explained_variance   | 0.219       |
|    learning_rate        | 0.0001      |
|    loss                 | 1.56e+03    |
|    n_updates            | 2805        |
|    policy_gradient_loss | -0.0105     |
|    std                  | 0.904       |
|    value_loss           | 4e+03       |
-----------------------------------------
---------------------------------
| rollout/           |          |
|    ep_len_mean     | 108      |
|    ep_rew_mean     | 354      |
| time/              |          |
|    fps             | 173      |
|    iterations      | 391      |
|    time_elapsed    | 9243     |
|    total_timesteps | 1601536  |
---------------------------------
-----------------------------------------
| rollout/                |             |
|    ep_len_mean          | 107         |
|    ep_rew_mean          | 382         |
| time/                   |             |
|    fps                  | 173         |
|    iterations           | 392         |
|    time_elapsed         | 9275        |
|    total_timesteps      | 1605632     |
| train/                  |             |
|    approx_kl            | 0.011965256 |
|    clip_fraction        | 0.108       |
|    clip_range           | 0.2         |
|    entropy_loss         | -5.27       |
|    explained_variance   | 0.289       |
|    learning_rate        | 0.0001      |
|    loss                 | 2.97e+03    |
|    n_updates            | 2815        |
|    policy_gradient_loss | -0.0143     |
|    std                  | 0.903       |
|    value_loss           | 3.81e+03    |
-----------------------------------------
Early stopping at step 3 due to reaching max kl: 0.05
----------------------------------------
| rollout/                |            |
|    ep_len_mean          | 105        |
|    ep_rew_mean          | 375        |
| time/                   |            |
|    fps                  | 173        |
|    iterations           | 393        |
|    time_elapsed         | 9291       |
|    total_timesteps      | 1609728    |
| train/                  |            |
|    approx_kl            | 0.02048993 |
|    clip_fraction        | 0.126      |
|    clip_range           | 0.2        |
|    entropy_loss         | -5.26      |
|    explained_variance   | 0.272      |
|    learning_rate        | 0.0001     |
|    loss                 | 625        |
|    n_updates            | 2819       |
|    policy_gradient_loss | -0.00469   |
|    std                  | 0.902      |
|    value_loss           | 3.29e+03   |
----------------------------------------
------------------------------------------
| rollout/                |              |
|    ep_len_mean          | 106          |
|    ep_rew_mean          | 365          |
| time/                   |              |
|    fps                  | 173          |
|    iterations           | 394          |
|    time_elapsed         | 9323         |
|    total_timesteps      | 1613824      |
| train/                  |              |
|    approx_kl            | 0.0148181245 |
|    clip_fraction        | 0.146        |
|    clip_range           | 0.2          |
|    entropy_loss         | -5.26        |
|    explained_variance   | 0.174        |
|    learning_rate        | 0.0001       |
|    loss                 | 1.81e+03     |
|    n_updates            | 2829         |
|    policy_gradient_loss | -0.0139      |
|    std                  | 0.901        |
|    value_loss           | 3.9e+03      |
------------------------------------------
Early stopping at step 2 due to reaching max kl: 0.03
-----------------------------------------
| rollout/                |             |
|    ep_len_mean          | 102         |
|    ep_rew_mean          | 345         |
| time/                   |             |
|    fps                  | 173         |
|    iterations           | 395         |
|    time_elapsed         | 9335        |
|    total_timesteps      | 1617920     |
| train/                  |             |
|    approx_kl            | 0.016985085 |
|    clip_fraction        | 0.124       |
|    clip_range           | 0.2         |
|    entropy_loss         | -5.25       |
|    explained_variance   | 0.112       |
|    learning_rate        | 0.0001      |
|    loss                 | 2.06e+03    |
|    n_updates            | 2832        |
|    policy_gradient_loss | -0.00696    |
|    std                  | 0.9         |
|    value_loss           | 4.11e+03    |
-----------------------------------------
Eval num_timesteps=1620000, episode_reward=140.75 +/- 43.40
Episode length: 146.40 +/- 44.50
-----------------------------------------
| eval/                   |             |
|    mean_ep_length       | 146         |
|    mean_reward          | 141         |
| time/                   |             |
|    total_timesteps      | 1620000     |
| train/                  |             |
|    approx_kl            | 0.010979593 |
|    clip_fraction        | 0.135       |
|    clip_range           | 0.2         |
|    entropy_loss         | -5.25       |
|    explained_variance   | 0.109       |
|    learning_rate        | 0.0001      |
|    loss                 | 2.37e+03    |
|    n_updates            | 2842        |
|    policy_gradient_loss | -0.0105     |
|    std                  | 0.9         |
|    value_loss           | 3.85e+03    |
-----------------------------------------
---------------------------------
| rollout/           |          |
|    ep_len_mean     | 99.4     |
|    ep_rew_mean     | 309      |
| time/              |          |
|    fps             | 173      |
|    iterations      | 396      |
|    time_elapsed    | 9356     |
|    total_timesteps | 1622016  |
---------------------------------
-----------------------------------------
| rollout/                |             |
|    ep_len_mean          | 99.9        |
|    ep_rew_mean          | 329         |
| time/                   |             |
|    fps                  | 173         |
|    iterations           | 397         |
|    time_elapsed         | 9387        |
|    total_timesteps      | 1626112     |
| train/                  |             |
|    approx_kl            | 0.007135042 |
|    clip_fraction        | 0.0632      |
|    clip_range           | 0.2         |
|    entropy_loss         | -5.25       |
|    explained_variance   | 0.128       |
|    learning_rate        | 0.0001      |
|    loss                 | 2.4e+03     |
|    n_updates            | 2852        |
|    policy_gradient_loss | -0.00717    |
|    std                  | 0.899       |
|    value_loss           | 3.26e+03    |
-----------------------------------------
Early stopping at step 1 due to reaching max kl: 0.03
-----------------------------------------
| rollout/                |             |
|    ep_len_mean          | 102         |
|    ep_rew_mean          | 348         |
| time/                   |             |
|    fps                  | 173         |
|    iterations           | 398         |
|    time_elapsed         | 9395        |
|    total_timesteps      | 1630208     |
| train/                  |             |
|    approx_kl            | 0.011827354 |
|    clip_fraction        | 0.0577      |
|    clip_range           | 0.2         |
|    entropy_loss         | -5.25       |
|    explained_variance   | -0.15       |
|    learning_rate        | 0.0001      |
|    loss                 | 1.9e+03     |
|    n_updates            | 2854        |
|    policy_gradient_loss | 0.000156    |
|    std                  | 0.899       |
|    value_loss           | 3.65e+03    |
-----------------------------------------
-----------------------------------------
| rollout/                |             |
|    ep_len_mean          | 104         |
|    ep_rew_mean          | 365         |
| time/                   |             |
|    fps                  | 173         |
|    iterations           | 399         |
|    time_elapsed         | 9430        |
|    total_timesteps      | 1634304     |
| train/                  |             |
|    approx_kl            | 0.008768663 |
|    clip_fraction        | 0.0839      |
|    clip_range           | 0.2         |
|    entropy_loss         | -5.25       |
|    explained_variance   | 0.211       |
|    learning_rate        | 0.0001      |
|    loss                 | 1.3e+03     |
|    n_updates            | 2864        |
|    policy_gradient_loss | -0.00992    |
|    std                  | 0.899       |
|    value_loss           | 3.71e+03    |
-----------------------------------------
Early stopping at step 6 due to reaching max kl: 0.03
-----------------------------------------
| rollout/                |             |
|    ep_len_mean          | 106         |
|    ep_rew_mean          | 375         |
| time/                   |             |
|    fps                  | 173         |
|    iterations           | 400         |
|    time_elapsed         | 9455        |
|    total_timesteps      | 1638400     |
| train/                  |             |
|    approx_kl            | 0.018227406 |
|    clip_fraction        | 0.119       |
|    clip_range           | 0.2         |
|    entropy_loss         | -5.25       |
|    explained_variance   | 0.169       |
|    learning_rate        | 0.0001      |
|    loss                 | 702         |
|    n_updates            | 2871        |
|    policy_gradient_loss | -0.00536    |
|    std                  | 0.899       |
|    value_loss           | 3.68e+03    |
-----------------------------------------
Eval num_timesteps=1640000, episode_reward=330.54 +/- 152.18
Episode length: 118.00 +/- 30.68
-----------------------------------------
| eval/                   |             |
|    mean_ep_length       | 118         |
|    mean_reward          | 331         |
| time/                   |             |
|    total_timesteps      | 1640000     |
| train/                  |             |
|    approx_kl            | 0.011539042 |
|    clip_fraction        | 0.144       |
|    clip_range           | 0.2         |
|    entropy_loss         | -5.24       |
|    explained_variance   | 0.161       |
|    learning_rate        | 0.0001      |
|    loss                 | 2.1e+03     |
|    n_updates            | 2881        |
|    policy_gradient_loss | -0.0124     |
|    std                  | 0.899       |
|    value_loss           | 4.17e+03    |
-----------------------------------------
---------------------------------
| rollout/           |          |
|    ep_len_mean     | 107      |
|    ep_rew_mean     | 398      |
| time/              |          |
|    fps             | 173      |
|    iterations      | 401      |
|    time_elapsed    | 9490     |
|    total_timesteps | 1642496  |
---------------------------------
Early stopping at step 5 due to reaching max kl: 0.03
----------------------------------------
| rollout/                |            |
|    ep_len_mean          | 102        |
|    ep_rew_mean          | 392        |
| time/                   |            |
|    fps                  | 173        |
|    iterations           | 402        |
|    time_elapsed         | 9508       |
|    total_timesteps      | 1646592    |
| train/                  |            |
|    approx_kl            | 0.02557452 |
|    clip_fraction        | 0.115      |
|    clip_range           | 0.2        |
|    entropy_loss         | -5.24      |
|    explained_variance   | 0.139      |
|    learning_rate        | 0.0001     |
|    loss                 | 2.78e+03   |
|    n_updates            | 2887       |
|    policy_gradient_loss | -0.00902   |
|    std                  | 0.898      |
|    value_loss           | 4.27e+03   |
----------------------------------------
Early stopping at step 2 due to reaching max kl: 0.04
-----------------------------------------
| rollout/                |             |
|    ep_len_mean          | 98.2        |
|    ep_rew_mean          | 382         |
| time/                   |             |
|    fps                  | 173         |
|    iterations           | 403         |
|    time_elapsed         | 9517        |
|    total_timesteps      | 1650688     |
| train/                  |             |
|    approx_kl            | 0.012765082 |
|    clip_fraction        | 0.0625      |
|    clip_range           | 0.2         |
|    entropy_loss         | -5.24       |
|    explained_variance   | 0.21        |
|    learning_rate        | 0.0001      |
|    loss                 | 973         |
|    n_updates            | 2890        |
|    policy_gradient_loss | -0.00311    |
|    std                  | 0.898       |
|    value_loss           | 3.93e+03    |
-----------------------------------------
Early stopping at step 3 due to reaching max kl: 0.03
-----------------------------------------
| rollout/                |             |
|    ep_len_mean          | 98.2        |
|    ep_rew_mean          | 399         |
| time/                   |             |
|    fps                  | 173         |
|    iterations           | 404         |
|    time_elapsed         | 9530        |
|    total_timesteps      | 1654784     |
| train/                  |             |
|    approx_kl            | 0.021507502 |
|    clip_fraction        | 0.078       |
|    clip_range           | 0.2         |
|    entropy_loss         | -5.24       |
|    explained_variance   | 0.188       |
|    learning_rate        | 0.0001      |
|    loss                 | 2.04e+03    |
|    n_updates            | 2894        |
|    policy_gradient_loss | -0.00773    |
|    std                  | 0.898       |
|    value_loss           | 3.82e+03    |
-----------------------------------------
Early stopping at step 2 due to reaching max kl: 0.04
-----------------------------------------
| rollout/                |             |
|    ep_len_mean          | 98.6        |
|    ep_rew_mean          | 420         |
| time/                   |             |
|    fps                  | 173         |
|    iterations           | 405         |
|    time_elapsed         | 9539        |
|    total_timesteps      | 1658880     |
| train/                  |             |
|    approx_kl            | 0.015742354 |
|    clip_fraction        | 0.115       |
|    clip_range           | 0.2         |
|    entropy_loss         | -5.24       |
|    explained_variance   | 0.191       |
|    learning_rate        | 0.0001      |
|    loss                 | 1.36e+03    |
|    n_updates            | 2897        |
|    policy_gradient_loss | -0.00227    |
|    std                  | 0.898       |
|    value_loss           | 4.57e+03    |
-----------------------------------------
Eval num_timesteps=1660000, episode_reward=284.33 +/- 184.99
Episode length: 116.80 +/- 17.97
-----------------------------------------
| eval/                   |             |
|    mean_ep_length       | 117         |
|    mean_reward          | 284         |
| time/                   |             |
|    total_timesteps      | 1660000     |
| train/                  |             |
|    approx_kl            | 0.013997392 |
|    clip_fraction        | 0.128       |
|    clip_range           | 0.2         |
|    entropy_loss         | -5.24       |
|    explained_variance   | 0.0853      |
|    learning_rate        | 0.0001      |
|    loss                 | 1.94e+03    |
|    n_updates            | 2907        |
|    policy_gradient_loss | -0.0186     |
|    std                  | 0.896       |
|    value_loss           | 4.38e+03    |
-----------------------------------------
---------------------------------
| rollout/           |          |
|    ep_len_mean     | 100      |
|    ep_rew_mean     | 432      |
| time/              |          |
|    fps             | 173      |
|    iterations      | 406      |
|    time_elapsed    | 9574     |
|    total_timesteps | 1662976  |
---------------------------------
-----------------------------------------
| rollout/                |             |
|    ep_len_mean          | 101         |
|    ep_rew_mean          | 450         |
| time/                   |             |
|    fps                  | 173         |
|    iterations           | 407         |
|    time_elapsed         | 9607        |
|    total_timesteps      | 1667072     |
| train/                  |             |
|    approx_kl            | 0.017351128 |
|    clip_fraction        | 0.167       |
|    clip_range           | 0.2         |
|    entropy_loss         | -5.23       |
|    explained_variance   | 0.112       |
|    learning_rate        | 0.0001      |
|    loss                 | 2.08e+03    |
|    n_updates            | 2917        |
|    policy_gradient_loss | -0.0156     |
|    std                  | 0.894       |
|    value_loss           | 4.59e+03    |
-----------------------------------------
Early stopping at step 3 due to reaching max kl: 0.04
-----------------------------------------
| rollout/                |             |
|    ep_len_mean          | 103         |
|    ep_rew_mean          | 434         |
| time/                   |             |
|    fps                  | 173         |
|    iterations           | 408         |
|    time_elapsed         | 9620        |
|    total_timesteps      | 1671168     |
| train/                  |             |
|    approx_kl            | 0.012190377 |
|    clip_fraction        | 0.106       |
|    clip_range           | 0.2         |
|    entropy_loss         | -5.22       |
|    explained_variance   | 0.14        |
|    learning_rate        | 0.0001      |
|    loss                 | 1.81e+03    |
|    n_updates            | 2921        |
|    policy_gradient_loss | -0.00685    |
|    std                  | 0.893       |
|    value_loss           | 4.4e+03     |
-----------------------------------------
Early stopping at step 0 due to reaching max kl: 0.03
------------------------------------------
| rollout/                |              |
|    ep_len_mean          | 102          |
|    ep_rew_mean          | 418          |
| time/                   |              |
|    fps                  | 174          |
|    iterations           | 409          |
|    time_elapsed         | 9623         |
|    total_timesteps      | 1675264      |
| train/                  |              |
|    approx_kl            | 0.0135520315 |
|    clip_fraction        | 0.167        |
|    clip_range           | 0.2          |
|    entropy_loss         | -5.22        |
|    explained_variance   | 0.0916       |
|    learning_rate        | 0.0001       |
|    loss                 | 1.62e+03     |
|    n_updates            | 2922         |
|    policy_gradient_loss | 0.0024       |
|    std                  | 0.893        |
|    value_loss           | 3.94e+03     |
------------------------------------------
Early stopping at step 6 due to reaching max kl: 0.03
-----------------------------------------
| rollout/                |             |
|    ep_len_mean          | 97.8        |
|    ep_rew_mean          | 384         |
| time/                   |             |
|    fps                  | 174         |
|    iterations           | 410         |
|    time_elapsed         | 9645        |
|    total_timesteps      | 1679360     |
| train/                  |             |
|    approx_kl            | 0.022099605 |
|    clip_fraction        | 0.149       |
|    clip_range           | 0.2         |
|    entropy_loss         | -5.21       |
|    explained_variance   | 0.0995      |
|    learning_rate        | 0.0001      |
|    loss                 | 1.12e+03    |
|    n_updates            | 2929        |
|    policy_gradient_loss | -0.0092     |
|    std                  | 0.891       |
|    value_loss           | 4.22e+03    |
-----------------------------------------
Eval num_timesteps=1680000, episode_reward=332.21 +/- 210.44
Episode length: 95.20 +/- 7.73
-----------------------------------------
| eval/                   |             |
|    mean_ep_length       | 95.2        |
|    mean_reward          | 332         |
| time/                   |             |
|    total_timesteps      | 1680000     |
| train/                  |             |
|    approx_kl            | 0.010378952 |
|    clip_fraction        | 0.114       |
|    clip_range           | 0.2         |
|    entropy_loss         | -5.21       |
|    explained_variance   | 0.107       |
|    learning_rate        | 0.0001      |
|    loss                 | 2.74e+03    |
|    n_updates            | 2939        |
|    policy_gradient_loss | -0.0157     |
|    std                  | 0.892       |
|    value_loss           | 3.92e+03    |
-----------------------------------------
---------------------------------
| rollout/           |          |
|    ep_len_mean     | 94.4     |
|    ep_rew_mean     | 424      |
| time/              |          |
|    fps             | 173      |
|    iterations      | 411      |
|    time_elapsed    | 9679     |
|    total_timesteps | 1683456  |
---------------------------------
-----------------------------------------
| rollout/                |             |
|    ep_len_mean          | 96.3        |
|    ep_rew_mean          | 425         |
| time/                   |             |
|    fps                  | 173         |
|    iterations           | 412         |
|    time_elapsed         | 9712        |
|    total_timesteps      | 1687552     |
| train/                  |             |
|    approx_kl            | 0.010657261 |
|    clip_fraction        | 0.11        |
|    clip_range           | 0.2         |
|    entropy_loss         | -5.21       |
|    explained_variance   | 0.107       |
|    learning_rate        | 0.0001      |
|    loss                 | 2.32e+03    |
|    n_updates            | 2949        |
|    policy_gradient_loss | -0.0163     |
|    std                  | 0.892       |
|    value_loss           | 4.82e+03    |
-----------------------------------------
------------------------------------------
| rollout/                |              |
|    ep_len_mean          | 96.5         |
|    ep_rew_mean          | 411          |
| time/                   |              |
|    fps                  | 173          |
|    iterations           | 413          |
|    time_elapsed         | 9747         |
|    total_timesteps      | 1691648      |
| train/                  |              |
|    approx_kl            | 0.0129987635 |
|    clip_fraction        | 0.141        |
|    clip_range           | 0.2          |
|    entropy_loss         | -5.21        |
|    explained_variance   | 0.19         |
|    learning_rate        | 0.0001       |
|    loss                 | 3.4e+03      |
|    n_updates            | 2959         |
|    policy_gradient_loss | -0.0161      |
|    std                  | 0.888        |
|    value_loss           | 3.99e+03     |
------------------------------------------
-----------------------------------------
| rollout/                |             |
|    ep_len_mean          | 94.6        |
|    ep_rew_mean          | 406         |
| time/                   |             |
|    fps                  | 173         |
|    iterations           | 414         |
|    time_elapsed         | 9780        |
|    total_timesteps      | 1695744     |
| train/                  |             |
|    approx_kl            | 0.009100508 |
|    clip_fraction        | 0.0883      |
|    clip_range           | 0.2         |
|    entropy_loss         | -5.2        |
|    explained_variance   | 0.159       |
|    learning_rate        | 0.0001      |
|    loss                 | 1.85e+03    |
|    n_updates            | 2969        |
|    policy_gradient_loss | -0.0118     |
|    std                  | 0.888       |
|    value_loss           | 4.16e+03    |
-----------------------------------------
-----------------------------------------
| rollout/                |             |
|    ep_len_mean          | 91.9        |
|    ep_rew_mean          | 415         |
| time/                   |             |
|    fps                  | 173         |
|    iterations           | 415         |
|    time_elapsed         | 9810        |
|    total_timesteps      | 1699840     |
| train/                  |             |
|    approx_kl            | 0.014203231 |
|    clip_fraction        | 0.127       |
|    clip_range           | 0.2         |
|    entropy_loss         | -5.19       |
|    explained_variance   | 0.0728      |
|    learning_rate        | 0.0001      |
|    loss                 | 3.36e+03    |
|    n_updates            | 2979        |
|    policy_gradient_loss | -0.0134     |
|    std                  | 0.887       |
|    value_loss           | 3.81e+03    |
-----------------------------------------
Early stopping at step 9 due to reaching max kl: 0.03
Eval num_timesteps=1700000, episode_reward=244.50 +/- 156.71
Episode length: 110.40 +/- 20.20
-----------------------------------------
| eval/                   |             |
|    mean_ep_length       | 110         |
|    mean_reward          | 245         |
| time/                   |             |
|    total_timesteps      | 1700000     |
| train/                  |             |
|    approx_kl            | 0.017315913 |
|    clip_fraction        | 0.131       |
|    clip_range           | 0.2         |
|    entropy_loss         | -5.19       |
|    explained_variance   | 0.189       |
|    learning_rate        | 0.0001      |
|    loss                 | 2.04e+03    |
|    n_updates            | 2989        |
|    policy_gradient_loss | -0.0112     |
|    std                  | 0.885       |
|    value_loss           | 4.24e+03    |
-----------------------------------------
---------------------------------
| rollout/           |          |
|    ep_len_mean     | 90.5     |
|    ep_rew_mean     | 393      |
| time/              |          |
|    fps             | 173      |
|    iterations      | 416      |
|    time_elapsed    | 9842     |
|    total_timesteps | 1703936  |
---------------------------------
-----------------------------------------
| rollout/                |             |
|    ep_len_mean          | 92.4        |
|    ep_rew_mean          | 382         |
| time/                   |             |
|    fps                  | 172         |
|    iterations           | 417         |
|    time_elapsed         | 9875        |
|    total_timesteps      | 1708032     |
| train/                  |             |
|    approx_kl            | 0.010570591 |
|    clip_fraction        | 0.125       |
|    clip_range           | 0.2         |
|    entropy_loss         | -5.18       |
|    explained_variance   | 0.109       |
|    learning_rate        | 0.0001      |
|    loss                 | 1.15e+03    |
|    n_updates            | 2999        |
|    policy_gradient_loss | -0.013      |
|    std                  | 0.883       |
|    value_loss           | 3.57e+03    |
-----------------------------------------
----------------------------------------
| rollout/                |            |
|    ep_len_mean          | 93.5       |
|    ep_rew_mean          | 391        |
| time/                   |            |
|    fps                  | 172        |
|    iterations           | 418        |
|    time_elapsed         | 9909       |
|    total_timesteps      | 1712128    |
| train/                  |            |
|    approx_kl            | 0.01627993 |
|    clip_fraction        | 0.151      |
|    clip_range           | 0.2        |
|    entropy_loss         | -5.17      |
|    explained_variance   | 0.246      |
|    learning_rate        | 0.0001     |
|    loss                 | 1.08e+03   |
|    n_updates            | 3009       |
|    policy_gradient_loss | -0.0114    |
|    std                  | 0.881      |
|    value_loss           | 3.34e+03   |
----------------------------------------
-----------------------------------------
| rollout/                |             |
|    ep_len_mean          | 90.9        |
|    ep_rew_mean          | 379         |
| time/                   |             |
|    fps                  | 172         |
|    iterations           | 419         |
|    time_elapsed         | 9939        |
|    total_timesteps      | 1716224     |
| train/                  |             |
|    approx_kl            | 0.013496639 |
|    clip_fraction        | 0.14        |
|    clip_range           | 0.2         |
|    entropy_loss         | -5.16       |
|    explained_variance   | 0.199       |
|    learning_rate        | 0.0001      |
|    loss                 | 1.5e+03     |
|    n_updates            | 3019        |
|    policy_gradient_loss | -0.0138     |
|    std                  | 0.881       |
|    value_loss           | 4.36e+03    |
-----------------------------------------
Eval num_timesteps=1720000, episode_reward=259.98 +/- 193.86
Episode length: 103.00 +/- 18.42
-----------------------------------------
| eval/                   |             |
|    mean_ep_length       | 103         |
|    mean_reward          | 260         |
| time/                   |             |
|    total_timesteps      | 1720000     |
| train/                  |             |
|    approx_kl            | 0.009865535 |
|    clip_fraction        | 0.11        |
|    clip_range           | 0.2         |
|    entropy_loss         | -5.16       |
|    explained_variance   | 0.262       |
|    learning_rate        | 0.0001      |
|    loss                 | 1.98e+03    |
|    n_updates            | 3029        |
|    policy_gradient_loss | -0.0117     |
|    std                  | 0.88        |
|    value_loss           | 3.41e+03    |
-----------------------------------------
---------------------------------
| rollout/           |          |
|    ep_len_mean     | 89.1     |
|    ep_rew_mean     | 361      |
| time/              |          |
|    fps             | 172      |
|    iterations      | 420      |
|    time_elapsed    | 9968     |
|    total_timesteps | 1720320  |
---------------------------------
------------------------------------------
| rollout/                |              |
|    ep_len_mean          | 87.8         |
|    ep_rew_mean          | 402          |
| time/                   |              |
|    fps                  | 172          |
|    iterations           | 421          |
|    time_elapsed         | 9987         |
|    total_timesteps      | 1724416      |
| train/                  |              |
|    approx_kl            | 0.0113600185 |
|    clip_fraction        | 0.106        |
|    clip_range           | 0.2          |
|    entropy_loss         | -5.16        |
|    explained_variance   | 0.213        |
|    learning_rate        | 0.0001       |
|    loss                 | 1.84e+03     |
|    n_updates            | 3039         |
|    policy_gradient_loss | -0.0118      |
|    std                  | 0.88         |
|    value_loss           | 3.69e+03     |
------------------------------------------
------------------------------------------
| rollout/                |              |
|    ep_len_mean          | 86.5         |
|    ep_rew_mean          | 392          |
| time/                   |              |
|    fps                  | 172          |
|    iterations           | 422          |
|    time_elapsed         | 10019        |
|    total_timesteps      | 1728512      |
| train/                  |              |
|    approx_kl            | 0.0090307295 |
|    clip_fraction        | 0.0755       |
|    clip_range           | 0.2          |
|    entropy_loss         | -5.16        |
|    explained_variance   | 0.265        |
|    learning_rate        | 0.0001       |
|    loss                 | 2.69e+03     |
|    n_updates            | 3049         |
|    policy_gradient_loss | -0.00937     |
|    std                  | 0.881        |
|    value_loss           | 4.17e+03     |
------------------------------------------
Early stopping at step 7 due to reaching max kl: 0.04
-----------------------------------------
| rollout/                |             |
|    ep_len_mean          | 90.3        |
|    ep_rew_mean          | 402         |
| time/                   |             |
|    fps                  | 172         |
|    iterations           | 423         |
|    time_elapsed         | 10033       |
|    total_timesteps      | 1732608     |
| train/                  |             |
|    approx_kl            | 0.019774137 |
|    clip_fraction        | 0.101       |
|    clip_range           | 0.2         |
|    entropy_loss         | -5.16       |
|    explained_variance   | 0.22        |
|    learning_rate        | 0.0001      |
|    loss                 | 2.77e+03    |
|    n_updates            | 3057        |
|    policy_gradient_loss | -0.00798    |
|    std                  | 0.88        |
|    value_loss           | 4.11e+03    |
-----------------------------------------
-----------------------------------------
| rollout/                |             |
|    ep_len_mean          | 94          |
|    ep_rew_mean          | 417         |
| time/                   |             |
|    fps                  | 172         |
|    iterations           | 424         |
|    time_elapsed         | 10066       |
|    total_timesteps      | 1736704     |
| train/                  |             |
|    approx_kl            | 0.010429989 |
|    clip_fraction        | 0.133       |
|    clip_range           | 0.2         |
|    entropy_loss         | -5.15       |
|    explained_variance   | 0.173       |
|    learning_rate        | 0.0001      |
|    loss                 | 1.1e+03     |
|    n_updates            | 3067        |
|    policy_gradient_loss | -0.0139     |
|    std                  | 0.878       |
|    value_loss           | 4.13e+03    |
-----------------------------------------
Eval num_timesteps=1740000, episode_reward=270.49 +/- 180.33
Episode length: 105.20 +/- 27.53
-----------------------------------------
| eval/                   |             |
|    mean_ep_length       | 105         |
|    mean_reward          | 270         |
| time/                   |             |
|    total_timesteps      | 1740000     |
| train/                  |             |
|    approx_kl            | 0.011759965 |
|    clip_fraction        | 0.109       |
|    clip_range           | 0.2         |
|    entropy_loss         | -5.15       |
|    explained_variance   | 0.235       |
|    learning_rate        | 0.0001      |
|    loss                 | 1.44e+03    |
|    n_updates            | 3077        |
|    policy_gradient_loss | -0.0132     |
|    std                  | 0.879       |
|    value_loss           | 4.43e+03    |
-----------------------------------------
---------------------------------
| rollout/           |          |
|    ep_len_mean     | 95.2     |
|    ep_rew_mean     | 429      |
| time/              |          |
|    fps             | 172      |
|    iterations      | 425      |
|    time_elapsed    | 10100    |
|    total_timesteps | 1740800  |
---------------------------------
-----------------------------------------
| rollout/                |             |
|    ep_len_mean          | 90.3        |
|    ep_rew_mean          | 391         |
| time/                   |             |
|    fps                  | 172         |
|    iterations           | 426         |
|    time_elapsed         | 10132       |
|    total_timesteps      | 1744896     |
| train/                  |             |
|    approx_kl            | 0.010551824 |
|    clip_fraction        | 0.117       |
|    clip_range           | 0.2         |
|    entropy_loss         | -5.15       |
|    explained_variance   | 0.364       |
|    learning_rate        | 0.0001      |
|    loss                 | 1.77e+03    |
|    n_updates            | 3087        |
|    policy_gradient_loss | -0.00965    |
|    std                  | 0.878       |
|    value_loss           | 3.71e+03    |
-----------------------------------------
Early stopping at step 3 due to reaching max kl: 0.03
----------------------------------------
| rollout/                |            |
|    ep_len_mean          | 87.5       |
|    ep_rew_mean          | 375        |
| time/                   |            |
|    fps                  | 172        |
|    iterations           | 427        |
|    time_elapsed         | 10144      |
|    total_timesteps      | 1748992    |
| train/                  |            |
|    approx_kl            | 0.02157379 |
|    clip_fraction        | 0.135      |
|    clip_range           | 0.2        |
|    entropy_loss         | -5.15      |
|    explained_variance   | 0.139      |
|    learning_rate        | 0.0001     |
|    loss                 | 2.08e+03   |
|    n_updates            | 3091       |
|    policy_gradient_loss | -0.00126   |
|    std                  | 0.877      |
|    value_loss           | 3.75e+03   |
----------------------------------------
-----------------------------------------
| rollout/                |             |
|    ep_len_mean          | 87.6        |
|    ep_rew_mean          | 391         |
| time/                   |             |
|    fps                  | 172         |
|    iterations           | 428         |
|    time_elapsed         | 10176       |
|    total_timesteps      | 1753088     |
| train/                  |             |
|    approx_kl            | 0.013202872 |
|    clip_fraction        | 0.187       |
|    clip_range           | 0.2         |
|    entropy_loss         | -5.15       |
|    explained_variance   | 0.27        |
|    learning_rate        | 0.0001      |
|    loss                 | 2.19e+03    |
|    n_updates            | 3101        |
|    policy_gradient_loss | -0.0111     |
|    std                  | 0.878       |
|    value_loss           | 3.49e+03    |
-----------------------------------------
-----------------------------------------
| rollout/                |             |
|    ep_len_mean          | 87.4        |
|    ep_rew_mean          | 374         |
| time/                   |             |
|    fps                  | 172         |
|    iterations           | 429         |
|    time_elapsed         | 10195       |
|    total_timesteps      | 1757184     |
| train/                  |             |
|    approx_kl            | 0.009618324 |
|    clip_fraction        | 0.089       |
|    clip_range           | 0.2         |
|    entropy_loss         | -5.15       |
|    explained_variance   | 0.222       |
|    learning_rate        | 0.0001      |
|    loss                 | 2.07e+03    |
|    n_updates            | 3111        |
|    policy_gradient_loss | -0.0125     |
|    std                  | 0.876       |
|    value_loss           | 4.04e+03    |
-----------------------------------------
Early stopping at step 8 due to reaching max kl: 0.03
Eval num_timesteps=1760000, episode_reward=521.10 +/- 60.78
Episode length: 93.00 +/- 6.29
-----------------------------------------
| eval/                   |             |
|    mean_ep_length       | 93          |
|    mean_reward          | 521         |
| time/                   |             |
|    total_timesteps      | 1760000     |
| train/                  |             |
|    approx_kl            | 0.024559796 |
|    clip_fraction        | 0.152       |
|    clip_range           | 0.2         |
|    entropy_loss         | -5.14       |
|    explained_variance   | 0.202       |
|    learning_rate        | 0.0001      |
|    loss                 | 1.95e+03    |
|    n_updates            | 3120        |
|    policy_gradient_loss | -0.0088     |
|    std                  | 0.875       |
|    value_loss           | 3.71e+03    |
-----------------------------------------
---------------------------------
| rollout/           |          |
|    ep_len_mean     | 88.5     |
|    ep_rew_mean     | 379      |
| time/              |          |
|    fps             | 172      |
|    iterations      | 430      |
|    time_elapsed    | 10211    |
|    total_timesteps | 1761280  |
---------------------------------
-----------------------------------------
| rollout/                |             |
|    ep_len_mean          | 90.6        |
|    ep_rew_mean          | 391         |
| time/                   |             |
|    fps                  | 172         |
|    iterations           | 431         |
|    time_elapsed         | 10230       |
|    total_timesteps      | 1765376     |
| train/                  |             |
|    approx_kl            | 0.010020934 |
|    clip_fraction        | 0.0952      |
|    clip_range           | 0.2         |
|    entropy_loss         | -5.13       |
|    explained_variance   | 0.185       |
|    learning_rate        | 0.0001      |
|    loss                 | 2.88e+03    |
|    n_updates            | 3130        |
|    policy_gradient_loss | -0.00774    |
|    std                  | 0.873       |
|    value_loss           | 3.98e+03    |
-----------------------------------------
----------------------------------------
| rollout/                |            |
|    ep_len_mean          | 91.3       |
|    ep_rew_mean          | 414        |
| time/                   |            |
|    fps                  | 172        |
|    iterations           | 432        |
|    time_elapsed         | 10249      |
|    total_timesteps      | 1769472    |
| train/                  |            |
|    approx_kl            | 0.01579279 |
|    clip_fraction        | 0.147      |
|    clip_range           | 0.2        |
|    entropy_loss         | -5.12      |
|    explained_variance   | 0.301      |
|    learning_rate        | 0.0001     |
|    loss                 | 2.2e+03    |
|    n_updates            | 3140       |
|    policy_gradient_loss | -0.0156    |
|    std                  | 0.872      |
|    value_loss           | 3.92e+03   |
----------------------------------------
-----------------------------------------
| rollout/                |             |
|    ep_len_mean          | 87.9        |
|    ep_rew_mean          | 390         |
| time/                   |             |
|    fps                  | 172         |
|    iterations           | 433         |
|    time_elapsed         | 10281       |
|    total_timesteps      | 1773568     |
| train/                  |             |
|    approx_kl            | 0.010229854 |
|    clip_fraction        | 0.116       |
|    clip_range           | 0.2         |
|    entropy_loss         | -5.12       |
|    explained_variance   | 0.328       |
|    learning_rate        | 0.0001      |
|    loss                 | 1.69e+03    |
|    n_updates            | 3150        |
|    policy_gradient_loss | -0.00889    |
|    std                  | 0.871       |
|    value_loss           | 4.12e+03    |
-----------------------------------------
Early stopping at step 9 due to reaching max kl: 0.03
-----------------------------------------
| rollout/                |             |
|    ep_len_mean          | 85          |
|    ep_rew_mean          | 354         |
| time/                   |             |
|    fps                  | 172         |
|    iterations           | 434         |
|    time_elapsed         | 10311       |
|    total_timesteps      | 1777664     |
| train/                  |             |
|    approx_kl            | 0.023319483 |
|    clip_fraction        | 0.134       |
|    clip_range           | 0.2         |
|    entropy_loss         | -5.12       |
|    explained_variance   | 0.385       |
|    learning_rate        | 0.0001      |
|    loss                 | 2.4e+03     |
|    n_updates            | 3160        |
|    policy_gradient_loss | -0.0109     |
|    std                  | 0.87        |
|    value_loss           | 3.41e+03    |
-----------------------------------------
Eval num_timesteps=1780000, episode_reward=530.60 +/- 30.64
Episode length: 88.00 +/- 6.16
-----------------------------------------
| eval/                   |             |
|    mean_ep_length       | 88          |
|    mean_reward          | 531         |
| time/                   |             |
|    total_timesteps      | 1780000     |
| train/                  |             |
|    approx_kl            | 0.012229374 |
|    clip_fraction        | 0.111       |
|    clip_range           | 0.2         |
|    entropy_loss         | -5.12       |
|    explained_variance   | 0.361       |
|    learning_rate        | 0.0001      |
|    loss                 | 1.5e+03     |
|    n_updates            | 3170        |
|    policy_gradient_loss | -0.0125     |
|    std                  | 0.871       |
|    value_loss           | 3.77e+03    |
-----------------------------------------
---------------------------------
| rollout/           |          |
|    ep_len_mean     | 86.4     |
|    ep_rew_mean     | 399      |
| time/              |          |
|    fps             | 172      |
|    iterations      | 435      |
|    time_elapsed    | 10339    |
|    total_timesteps | 1781760  |
---------------------------------
-----------------------------------------
| rollout/                |             |
|    ep_len_mean          | 87.2        |
|    ep_rew_mean          | 414         |
| time/                   |             |
|    fps                  | 172         |
|    iterations           | 436         |
|    time_elapsed         | 10370       |
|    total_timesteps      | 1785856     |
| train/                  |             |
|    approx_kl            | 0.009749067 |
|    clip_fraction        | 0.106       |
|    clip_range           | 0.2         |
|    entropy_loss         | -5.12       |
|    explained_variance   | 0.287       |
|    learning_rate        | 0.0001      |
|    loss                 | 2.36e+03    |
|    n_updates            | 3180        |
|    policy_gradient_loss | -0.0145     |
|    std                  | 0.87        |
|    value_loss           | 4.28e+03    |
-----------------------------------------
-----------------------------------------
| rollout/                |             |
|    ep_len_mean          | 84.1        |
|    ep_rew_mean          | 376         |
| time/                   |             |
|    fps                  | 172         |
|    iterations           | 437         |
|    time_elapsed         | 10401       |
|    total_timesteps      | 1789952     |
| train/                  |             |
|    approx_kl            | 0.013577074 |
|    clip_fraction        | 0.121       |
|    clip_range           | 0.2         |
|    entropy_loss         | -5.11       |
|    explained_variance   | 0.281       |
|    learning_rate        | 0.0001      |
|    loss                 | 1.8e+03     |
|    n_updates            | 3190        |
|    policy_gradient_loss | -0.0118     |
|    std                  | 0.868       |
|    value_loss           | 3.84e+03    |
-----------------------------------------
-----------------------------------------
| rollout/                |             |
|    ep_len_mean          | 85.8        |
|    ep_rew_mean          | 377         |
| time/                   |             |
|    fps                  | 171         |
|    iterations           | 438         |
|    time_elapsed         | 10432       |
|    total_timesteps      | 1794048     |
| train/                  |             |
|    approx_kl            | 0.013455293 |
|    clip_fraction        | 0.155       |
|    clip_range           | 0.2         |
|    entropy_loss         | -5.1        |
|    explained_variance   | 0.232       |
|    learning_rate        | 0.0001      |
|    loss                 | 1.3e+03     |
|    n_updates            | 3200        |
|    policy_gradient_loss | -0.0108     |
|    std                  | 0.867       |
|    value_loss           | 3.7e+03     |
-----------------------------------------
Early stopping at step 4 due to reaching max kl: 0.03
-----------------------------------------
| rollout/                |             |
|    ep_len_mean          | 87.3        |
|    ep_rew_mean          | 389         |
| time/                   |             |
|    fps                  | 172         |
|    iterations           | 439         |
|    time_elapsed         | 10448       |
|    total_timesteps      | 1798144     |
| train/                  |             |
|    approx_kl            | 0.014945141 |
|    clip_fraction        | 0.102       |
|    clip_range           | 0.2         |
|    entropy_loss         | -5.1        |
|    explained_variance   | 0.19        |
|    learning_rate        | 0.0001      |
|    loss                 | 1.88e+03    |
|    n_updates            | 3205        |
|    policy_gradient_loss | -0.00573    |
|    std                  | 0.866       |
|    value_loss           | 3.58e+03    |
-----------------------------------------
Eval num_timesteps=1800000, episode_reward=335.60 +/- 188.69
Episode length: 94.40 +/- 13.76
-----------------------------------------
| eval/                   |             |
|    mean_ep_length       | 94.4        |
|    mean_reward          | 336         |
| time/                   |             |
|    total_timesteps      | 1800000     |
| train/                  |             |
|    approx_kl            | 0.011631999 |
|    clip_fraction        | 0.127       |
|    clip_range           | 0.2         |
|    entropy_loss         | -5.1        |
|    explained_variance   | 0.21        |
|    learning_rate        | 0.0001      |
|    loss                 | 2.26e+03    |
|    n_updates            | 3215        |
|    policy_gradient_loss | -0.0138     |
|    std                  | 0.866       |
|    value_loss           | 3.89e+03    |
-----------------------------------------
---------------------------------
| rollout/           |          |
|    ep_len_mean     | 84.3     |
|    ep_rew_mean     | 381      |
| time/              |          |
|    fps             | 171      |
|    iterations      | 440      |
|    time_elapsed    | 10479    |
|    total_timesteps | 1802240  |
---------------------------------
-----------------------------------------
| rollout/                |             |
|    ep_len_mean          | 85.7        |
|    ep_rew_mean          | 409         |
| time/                   |             |
|    fps                  | 171         |
|    iterations           | 441         |
|    time_elapsed         | 10509       |
|    total_timesteps      | 1806336     |
| train/                  |             |
|    approx_kl            | 0.014856821 |
|    clip_fraction        | 0.143       |
|    clip_range           | 0.2         |
|    entropy_loss         | -5.09       |
|    explained_variance   | 0.214       |
|    learning_rate        | 0.0001      |
|    loss                 | 2.7e+03     |
|    n_updates            | 3225        |
|    policy_gradient_loss | -0.0171     |
|    std                  | 0.865       |
|    value_loss           | 3.93e+03    |
-----------------------------------------
---------------------------------------
| rollout/                |           |
|    ep_len_mean          | 86.3      |
|    ep_rew_mean          | 419       |
| time/                   |           |
|    fps                  | 171       |
|    iterations           | 442       |
|    time_elapsed         | 10529     |
|    total_timesteps      | 1810432   |
| train/                  |           |
|    approx_kl            | 0.0159169 |
|    clip_fraction        | 0.136     |
|    clip_range           | 0.2       |
|    entropy_loss         | -5.09     |
|    explained_variance   | 0.127     |
|    learning_rate        | 0.0001    |
|    loss                 | 2.15e+03  |
|    n_updates            | 3235      |
|    policy_gradient_loss | -0.0135   |
|    std                  | 0.867     |
|    value_loss           | 4e+03     |
---------------------------------------
-----------------------------------------
| rollout/                |             |
|    ep_len_mean          | 85.7        |
|    ep_rew_mean          | 398         |
| time/                   |             |
|    fps                  | 171         |
|    iterations           | 443         |
|    time_elapsed         | 10552       |
|    total_timesteps      | 1814528     |
| train/                  |             |
|    approx_kl            | 0.012536708 |
|    clip_fraction        | 0.131       |
|    clip_range           | 0.2         |
|    entropy_loss         | -5.1        |
|    explained_variance   | 0.224       |
|    learning_rate        | 0.0001      |
|    loss                 | 1.87e+03    |
|    n_updates            | 3245        |
|    policy_gradient_loss | -0.0176     |
|    std                  | 0.867       |
|    value_loss           | 3.7e+03     |
-----------------------------------------
Early stopping at step 0 due to reaching max kl: 0.03
-----------------------------------------
| rollout/                |             |
|    ep_len_mean          | 85          |
|    ep_rew_mean          | 375         |
| time/                   |             |
|    fps                  | 172         |
|    iterations           | 444         |
|    time_elapsed         | 10556       |
|    total_timesteps      | 1818624     |
| train/                  |             |
|    approx_kl            | 0.015913337 |
|    clip_fraction        | 0.201       |
|    clip_range           | 0.2         |
|    entropy_loss         | -5.1        |
|    explained_variance   | 0.169       |
|    learning_rate        | 0.0001      |
|    loss                 | 1.18e+03    |
|    n_updates            | 3246        |
|    policy_gradient_loss | 0.00711     |
|    std                  | 0.867       |
|    value_loss           | 3.1e+03     |
-----------------------------------------
Eval num_timesteps=1820000, episode_reward=376.36 +/- 146.51
Episode length: 79.80 +/- 5.60
-----------------------------------------
| eval/                   |             |
|    mean_ep_length       | 79.8        |
|    mean_reward          | 376         |
| time/                   |             |
|    total_timesteps      | 1820000     |
| train/                  |             |
|    approx_kl            | 0.013410181 |
|    clip_fraction        | 0.163       |
|    clip_range           | 0.2         |
|    entropy_loss         | -5.09       |
|    explained_variance   | 0.223       |
|    learning_rate        | 0.0001      |
|    loss                 | 1.36e+03    |
|    n_updates            | 3256        |
|    policy_gradient_loss | -0.0129     |
|    std                  | 0.865       |
|    value_loss           | 3.47e+03    |
-----------------------------------------
---------------------------------
| rollout/           |          |
|    ep_len_mean     | 84.1     |
|    ep_rew_mean     | 377      |
| time/              |          |
|    fps             | 172      |
|    iterations      | 445      |
|    time_elapsed    | 10587    |
|    total_timesteps | 1822720  |
---------------------------------
Early stopping at step 5 due to reaching max kl: 0.03
-----------------------------------------
| rollout/                |             |
|    ep_len_mean          | 83.4        |
|    ep_rew_mean          | 387         |
| time/                   |             |
|    fps                  | 172         |
|    iterations           | 446         |
|    time_elapsed         | 10606       |
|    total_timesteps      | 1826816     |
| train/                  |             |
|    approx_kl            | 0.019182717 |
|    clip_fraction        | 0.123       |
|    clip_range           | 0.2         |
|    entropy_loss         | -5.09       |
|    explained_variance   | 0.186       |
|    learning_rate        | 0.0001      |
|    loss                 | 2.46e+03    |
|    n_updates            | 3262        |
|    policy_gradient_loss | -0.007      |
|    std                  | 0.866       |
|    value_loss           | 3.84e+03    |
-----------------------------------------
-----------------------------------------
| rollout/                |             |
|    ep_len_mean          | 83.3        |
|    ep_rew_mean          | 393         |
| time/                   |             |
|    fps                  | 172         |
|    iterations           | 447         |
|    time_elapsed         | 10637       |
|    total_timesteps      | 1830912     |
| train/                  |             |
|    approx_kl            | 0.012453347 |
|    clip_fraction        | 0.129       |
|    clip_range           | 0.2         |
|    entropy_loss         | -5.08       |
|    explained_variance   | 0.19        |
|    learning_rate        | 0.0001      |
|    loss                 | 2.67e+03    |
|    n_updates            | 3272        |
|    policy_gradient_loss | -0.0162     |
|    std                  | 0.862       |
|    value_loss           | 4.09e+03    |
-----------------------------------------
Early stopping at step 4 due to reaching max kl: 0.04
-----------------------------------------
| rollout/                |             |
|    ep_len_mean          | 82.7        |
|    ep_rew_mean          | 381         |
| time/                   |             |
|    fps                  | 172         |
|    iterations           | 448         |
|    time_elapsed         | 10651       |
|    total_timesteps      | 1835008     |
| train/                  |             |
|    approx_kl            | 0.030019904 |
|    clip_fraction        | 0.108       |
|    clip_range           | 0.2         |
|    entropy_loss         | -5.08       |
|    explained_variance   | 0.275       |
|    learning_rate        | 0.0001      |
|    loss                 | 1.87e+03    |
|    n_updates            | 3277        |
|    policy_gradient_loss | -0.00716    |
|    std                  | 0.862       |
|    value_loss           | 3.62e+03    |
-----------------------------------------
Early stopping at step 4 due to reaching max kl: 0.03
-----------------------------------------
| rollout/                |             |
|    ep_len_mean          | 81.3        |
|    ep_rew_mean          | 380         |
| time/                   |             |
|    fps                  | 172         |
|    iterations           | 449         |
|    time_elapsed         | 10667       |
|    total_timesteps      | 1839104     |
| train/                  |             |
|    approx_kl            | 0.019053051 |
|    clip_fraction        | 0.139       |
|    clip_range           | 0.2         |
|    entropy_loss         | -5.08       |
|    explained_variance   | 0.167       |
|    learning_rate        | 0.0001      |
|    loss                 | 1.48e+03    |
|    n_updates            | 3282        |
|    policy_gradient_loss | -0.00274    |
|    std                  | 0.862       |
|    value_loss           | 3.77e+03    |
-----------------------------------------
Eval num_timesteps=1840000, episode_reward=273.22 +/- 206.34
Episode length: 98.40 +/- 7.91
-----------------------------------------
| eval/                   |             |
|    mean_ep_length       | 98.4        |
|    mean_reward          | 273         |
| time/                   |             |
|    total_timesteps      | 1840000     |
| train/                  |             |
|    approx_kl            | 0.015331803 |
|    clip_fraction        | 0.15        |
|    clip_range           | 0.2         |
|    entropy_loss         | -5.07       |
|    explained_variance   | 0.225       |
|    learning_rate        | 0.0001      |
|    loss                 | 2.32e+03    |
|    n_updates            | 3292        |
|    policy_gradient_loss | -0.0115     |
|    std                  | 0.86        |
|    value_loss           | 3.53e+03    |
-----------------------------------------
---------------------------------
| rollout/           |          |
|    ep_len_mean     | 81.1     |
|    ep_rew_mean     | 378      |
| time/              |          |
|    fps             | 172      |
|    iterations      | 450      |
|    time_elapsed    | 10697    |
|    total_timesteps | 1843200  |
---------------------------------
Early stopping at step 8 due to reaching max kl: 0.04
-----------------------------------------
| rollout/                |             |
|    ep_len_mean          | 82.2        |
|    ep_rew_mean          | 398         |
| time/                   |             |
|    fps                  | 172         |
|    iterations           | 451         |
|    time_elapsed         | 10722       |
|    total_timesteps      | 1847296     |
| train/                  |             |
|    approx_kl            | 0.026793912 |
|    clip_fraction        | 0.155       |
|    clip_range           | 0.2         |
|    entropy_loss         | -5.07       |
|    explained_variance   | 0.233       |
|    learning_rate        | 0.0001      |
|    loss                 | 2.18e+03    |
|    n_updates            | 3301        |
|    policy_gradient_loss | -0.0115     |
|    std                  | 0.86        |
|    value_loss           | 3.82e+03    |
-----------------------------------------
Early stopping at step 5 due to reaching max kl: 0.03
-----------------------------------------
| rollout/                |             |
|    ep_len_mean          | 83.5        |
|    ep_rew_mean          | 404         |
| time/                   |             |
|    fps                  | 172         |
|    iterations           | 452         |
|    time_elapsed         | 10735       |
|    total_timesteps      | 1851392     |
| train/                  |             |
|    approx_kl            | 0.025085911 |
|    clip_fraction        | 0.14        |
|    clip_range           | 0.2         |
|    entropy_loss         | -5.06       |
|    explained_variance   | 0.221       |
|    learning_rate        | 0.0001      |
|    loss                 | 2.2e+03     |
|    n_updates            | 3307        |
|    policy_gradient_loss | -0.00156    |
|    std                  | 0.86        |
|    value_loss           | 3.62e+03    |
-----------------------------------------
-----------------------------------------
| rollout/                |             |
|    ep_len_mean          | 82.8        |
|    ep_rew_mean          | 400         |
| time/                   |             |
|    fps                  | 172         |
|    iterations           | 453         |
|    time_elapsed         | 10764       |
|    total_timesteps      | 1855488     |
| train/                  |             |
|    approx_kl            | 0.014318585 |
|    clip_fraction        | 0.148       |
|    clip_range           | 0.2         |
|    entropy_loss         | -5.07       |
|    explained_variance   | 0.265       |
|    learning_rate        | 0.0001      |
|    loss                 | 1.45e+03    |
|    n_updates            | 3317        |
|    policy_gradient_loss | -0.0158     |
|    std                  | 0.86        |
|    value_loss           | 3.29e+03    |
-----------------------------------------
----------------------------------------
| rollout/                |            |
|    ep_len_mean          | 81.3       |
|    ep_rew_mean          | 397        |
| time/                   |            |
|    fps                  | 172        |
|    iterations           | 454        |
|    time_elapsed         | 10789      |
|    total_timesteps      | 1859584    |
| train/                  |            |
|    approx_kl            | 0.01383376 |
|    clip_fraction        | 0.131      |
|    clip_range           | 0.2        |
|    entropy_loss         | -5.06      |
|    explained_variance   | 0.176      |
|    learning_rate        | 0.0001     |
|    loss                 | 1.78e+03   |
|    n_updates            | 3327       |
|    policy_gradient_loss | -0.0128    |
|    std                  | 0.858      |
|    value_loss           | 3.77e+03   |
----------------------------------------
Eval num_timesteps=1860000, episode_reward=227.39 +/- 182.73
Episode length: 81.20 +/- 8.66
-----------------------------------------
| eval/                   |             |
|    mean_ep_length       | 81.2        |
|    mean_reward          | 227         |
| time/                   |             |
|    total_timesteps      | 1860000     |
| train/                  |             |
|    approx_kl            | 0.011835987 |
|    clip_fraction        | 0.11        |
|    clip_range           | 0.2         |
|    entropy_loss         | -5.06       |
|    explained_variance   | 0.364       |
|    learning_rate        | 0.0001      |
|    loss                 | 1.48e+03    |
|    n_updates            | 3337        |
|    policy_gradient_loss | -0.0092     |
|    std                  | 0.857       |
|    value_loss           | 3.32e+03    |
-----------------------------------------
---------------------------------
| rollout/           |          |
|    ep_len_mean     | 82.6     |
|    ep_rew_mean     | 379      |
| time/              |          |
|    fps             | 172      |
|    iterations      | 455      |
|    time_elapsed    | 10819    |
|    total_timesteps | 1863680  |
---------------------------------
Early stopping at step 9 due to reaching max kl: 0.04
-----------------------------------------
| rollout/                |             |
|    ep_len_mean          | 82.3        |
|    ep_rew_mean          | 378         |
| time/                   |             |
|    fps                  | 172         |
|    iterations           | 456         |
|    time_elapsed         | 10849       |
|    total_timesteps      | 1867776     |
| train/                  |             |
|    approx_kl            | 0.019772628 |
|    clip_fraction        | 0.155       |
|    clip_range           | 0.2         |
|    entropy_loss         | -5.05       |
|    explained_variance   | 0.262       |
|    learning_rate        | 0.0001      |
|    loss                 | 1.04e+03    |
|    n_updates            | 3347        |
|    policy_gradient_loss | -0.0109     |
|    std                  | 0.856       |
|    value_loss           | 3.35e+03    |
-----------------------------------------
------------------------------------------
| rollout/                |              |
|    ep_len_mean          | 79.5         |
|    ep_rew_mean          | 357          |
| time/                   |              |
|    fps                  | 172          |
|    iterations           | 457          |
|    time_elapsed         | 10877        |
|    total_timesteps      | 1871872      |
| train/                  |              |
|    approx_kl            | 0.0103854975 |
|    clip_fraction        | 0.0994       |
|    clip_range           | 0.2          |
|    entropy_loss         | -5.04        |
|    explained_variance   | 0.447        |
|    learning_rate        | 0.0001       |
|    loss                 | 1.81e+03     |
|    n_updates            | 3357         |
|    policy_gradient_loss | -0.00849     |
|    std                  | 0.854        |
|    value_loss           | 3.28e+03     |
------------------------------------------
Early stopping at step 8 due to reaching max kl: 0.03
-----------------------------------------
| rollout/                |             |
|    ep_len_mean          | 83.3        |
|    ep_rew_mean          | 379         |
| time/                   |             |
|    fps                  | 172         |
|    iterations           | 458         |
|    time_elapsed         | 10905       |
|    total_timesteps      | 1875968     |
| train/                  |             |
|    approx_kl            | 0.021409314 |
|    clip_fraction        | 0.139       |
|    clip_range           | 0.2         |
|    entropy_loss         | -5.04       |
|    explained_variance   | 0.361       |
|    learning_rate        | 0.0001      |
|    loss                 | 1.72e+03    |
|    n_updates            | 3366        |
|    policy_gradient_loss | -0.0104     |
|    std                  | 0.854       |
|    value_loss           | 3.12e+03    |
-----------------------------------------
Eval num_timesteps=1880000, episode_reward=301.86 +/- 208.53
Episode length: 72.40 +/- 19.87
-----------------------------------------
| eval/                   |             |
|    mean_ep_length       | 72.4        |
|    mean_reward          | 302         |
| time/                   |             |
|    total_timesteps      | 1880000     |
| train/                  |             |
|    approx_kl            | 0.010966415 |
|    clip_fraction        | 0.122       |
|    clip_range           | 0.2         |
|    entropy_loss         | -5.04       |
|    explained_variance   | 0.372       |
|    learning_rate        | 0.0001      |
|    loss                 | 1.32e+03    |
|    n_updates            | 3376        |
|    policy_gradient_loss | -0.011      |
|    std                  | 0.853       |
|    value_loss           | 3.69e+03    |
-----------------------------------------
---------------------------------
| rollout/           |          |
|    ep_len_mean     | 84.3     |
|    ep_rew_mean     | 404      |
| time/              |          |
|    fps             | 171      |
|    iterations      | 459      |
|    time_elapsed    | 10935    |
|    total_timesteps | 1880064  |
---------------------------------
Early stopping at step 7 due to reaching max kl: 0.03
-----------------------------------------
| rollout/                |             |
|    ep_len_mean          | 82.3        |
|    ep_rew_mean          | 368         |
| time/                   |             |
|    fps                  | 171         |
|    iterations           | 460         |
|    time_elapsed         | 10957       |
|    total_timesteps      | 1884160     |
| train/                  |             |
|    approx_kl            | 0.021504957 |
|    clip_fraction        | 0.126       |
|    clip_range           | 0.2         |
|    entropy_loss         | -5.04       |
|    explained_variance   | 0.362       |
|    learning_rate        | 0.0001      |
|    loss                 | 1.46e+03    |
|    n_updates            | 3384        |
|    policy_gradient_loss | -0.00658    |
|    std                  | 0.853       |
|    value_loss           | 3.59e+03    |
-----------------------------------------
Early stopping at step 7 due to reaching max kl: 0.04
-----------------------------------------
| rollout/                |             |
|    ep_len_mean          | 83.4        |
|    ep_rew_mean          | 364         |
| time/                   |             |
|    fps                  | 171         |
|    iterations           | 461         |
|    time_elapsed         | 10981       |
|    total_timesteps      | 1888256     |
| train/                  |             |
|    approx_kl            | 0.019904286 |
|    clip_fraction        | 0.142       |
|    clip_range           | 0.2         |
|    entropy_loss         | -5.03       |
|    explained_variance   | 0.363       |
|    learning_rate        | 0.0001      |
|    loss                 | 1.12e+03    |
|    n_updates            | 3392        |
|    policy_gradient_loss | -0.0118     |
|    std                  | 0.852       |
|    value_loss           | 3.09e+03    |
-----------------------------------------
Early stopping at step 1 due to reaching max kl: 0.03
-----------------------------------------
| rollout/                |             |
|    ep_len_mean          | 84.5        |
|    ep_rew_mean          | 360         |
| time/                   |             |
|    fps                  | 172         |
|    iterations           | 462         |
|    time_elapsed         | 10989       |
|    total_timesteps      | 1892352     |
| train/                  |             |
|    approx_kl            | 0.011613598 |
|    clip_fraction        | 0.12        |
|    clip_range           | 0.2         |
|    entropy_loss         | -5.03       |
|    explained_variance   | 0.278       |
|    learning_rate        | 0.0001      |
|    loss                 | 1.48e+03    |
|    n_updates            | 3394        |
|    policy_gradient_loss | 0.000764    |
|    std                  | 0.852       |
|    value_loss           | 3.48e+03    |
-----------------------------------------
-----------------------------------------
| rollout/                |             |
|    ep_len_mean          | 83.2        |
|    ep_rew_mean          | 341         |
| time/                   |             |
|    fps                  | 172         |
|    iterations           | 463         |
|    time_elapsed         | 11021       |
|    total_timesteps      | 1896448     |
| train/                  |             |
|    approx_kl            | 0.012001995 |
|    clip_fraction        | 0.117       |
|    clip_range           | 0.2         |
|    entropy_loss         | -5.03       |
|    explained_variance   | 0.458       |
|    learning_rate        | 0.0001      |
|    loss                 | 1.64e+03    |
|    n_updates            | 3404        |
|    policy_gradient_loss | -0.00933    |
|    std                  | 0.851       |
|    value_loss           | 3.04e+03    |
-----------------------------------------
Early stopping at step 7 due to reaching max kl: 0.03
Eval num_timesteps=1900000, episode_reward=391.65 +/- 147.60
Episode length: 86.80 +/- 13.56
-----------------------------------------
| eval/                   |             |
|    mean_ep_length       | 86.8        |
|    mean_reward          | 392         |
| time/                   |             |
|    total_timesteps      | 1900000     |
| train/                  |             |
|    approx_kl            | 0.020986205 |
|    clip_fraction        | 0.0886      |
|    clip_range           | 0.2         |
|    entropy_loss         | -5.02       |
|    explained_variance   | 0.361       |
|    learning_rate        | 0.0001      |
|    loss                 | 870         |
|    n_updates            | 3412        |
|    policy_gradient_loss | -0.00608    |
|    std                  | 0.85        |
|    value_loss           | 3.03e+03    |
-----------------------------------------
---------------------------------
| rollout/           |          |
|    ep_len_mean     | 82.2     |
|    ep_rew_mean     | 360      |
| time/              |          |
|    fps             | 172      |
|    iterations      | 464      |
|    time_elapsed    | 11045    |
|    total_timesteps | 1900544  |
---------------------------------
-----------------------------------------
| rollout/                |             |
|    ep_len_mean          | 83.7        |
|    ep_rew_mean          | 380         |
| time/                   |             |
|    fps                  | 171         |
|    iterations           | 465         |
|    time_elapsed         | 11076       |
|    total_timesteps      | 1904640     |
| train/                  |             |
|    approx_kl            | 0.009567736 |
|    clip_fraction        | 0.0995      |
|    clip_range           | 0.2         |
|    entropy_loss         | -5.02       |
|    explained_variance   | 0.446       |
|    learning_rate        | 0.0001      |
|    loss                 | 1.7e+03     |
|    n_updates            | 3422        |
|    policy_gradient_loss | -0.00903    |
|    std                  | 0.85        |
|    value_loss           | 3.43e+03    |
-----------------------------------------
Early stopping at step 3 due to reaching max kl: 0.03
-----------------------------------------
| rollout/                |             |
|    ep_len_mean          | 87.7        |
|    ep_rew_mean          | 385         |
| time/                   |             |
|    fps                  | 172         |
|    iterations           | 466         |
|    time_elapsed         | 11087       |
|    total_timesteps      | 1908736     |
| train/                  |             |
|    approx_kl            | 0.015923461 |
|    clip_fraction        | 0.0775      |
|    clip_range           | 0.2         |
|    entropy_loss         | -5.02       |
|    explained_variance   | 0.502       |
|    learning_rate        | 0.0001      |
|    loss                 | 1.21e+03    |
|    n_updates            | 3426        |
|    policy_gradient_loss | -0.00105    |
|    std                  | 0.85        |
|    value_loss           | 3.28e+03    |
-----------------------------------------
Early stopping at step 0 due to reaching max kl: 0.05
-----------------------------------------
| rollout/                |             |
|    ep_len_mean          | 87.9        |
|    ep_rew_mean          | 373         |
| time/                   |             |
|    fps                  | 172         |
|    iterations           | 467         |
|    time_elapsed         | 11092       |
|    total_timesteps      | 1912832     |
| train/                  |             |
|    approx_kl            | 0.012264309 |
|    clip_fraction        | 0.141       |
|    clip_range           | 0.2         |
|    entropy_loss         | -5.02       |
|    explained_variance   | 0.395       |
|    learning_rate        | 0.0001      |
|    loss                 | 1.73e+03    |
|    n_updates            | 3427        |
|    policy_gradient_loss | 0.00381     |
|    std                  | 0.85        |
|    value_loss           | 3.8e+03     |
-----------------------------------------
Early stopping at step 0 due to reaching max kl: 0.03
-----------------------------------------
| rollout/                |             |
|    ep_len_mean          | 84.8        |
|    ep_rew_mean          | 341         |
| time/                   |             |
|    fps                  | 172         |
|    iterations           | 468         |
|    time_elapsed         | 11095       |
|    total_timesteps      | 1916928     |
| train/                  |             |
|    approx_kl            | 0.019363375 |
|    clip_fraction        | 0.221       |
|    clip_range           | 0.2         |
|    entropy_loss         | -5.02       |
|    explained_variance   | 0.381       |
|    learning_rate        | 0.0001      |
|    loss                 | 1.01e+03    |
|    n_updates            | 3428        |
|    policy_gradient_loss | 0.01        |
|    std                  | 0.85        |
|    value_loss           | 2.85e+03    |
-----------------------------------------
Early stopping at step 1 due to reaching max kl: 0.04
Eval num_timesteps=1920000, episode_reward=420.18 +/- 169.23
Episode length: 99.60 +/- 9.35
-----------------------------------------
| eval/                   |             |
|    mean_ep_length       | 99.6        |
|    mean_reward          | 420         |
| time/                   |             |
|    total_timesteps      | 1920000     |
| train/                  |             |
|    approx_kl            | 0.039931267 |
|    clip_fraction        | 0.134       |
|    clip_range           | 0.2         |
|    entropy_loss         | -5.02       |
|    explained_variance   | 0.493       |
|    learning_rate        | 0.0001      |
|    loss                 | 1.64e+03    |
|    n_updates            | 3430        |
|    policy_gradient_loss | 0.0049      |
|    std                  | 0.85        |
|    value_loss           | 3.39e+03    |
-----------------------------------------
---------------------------------
| rollout/           |          |
|    ep_len_mean     | 82.7     |
|    ep_rew_mean     | 321      |
| time/              |          |
|    fps             | 173      |
|    iterations      | 469      |
|    time_elapsed    | 11100    |
|    total_timesteps | 1921024  |
---------------------------------
Early stopping at step 0 due to reaching max kl: 0.03
------------------------------------------
| rollout/                |              |
|    ep_len_mean          | 82.3         |
|    ep_rew_mean          | 310          |
| time/                   |              |
|    fps                  | 173          |
|    iterations           | 470          |
|    time_elapsed         | 11105        |
|    total_timesteps      | 1925120      |
| train/                  |              |
|    approx_kl            | 0.0111643225 |
|    clip_fraction        | 0.147        |
|    clip_range           | 0.2          |
|    entropy_loss         | -5.02        |
|    explained_variance   | 0.495        |
|    learning_rate        | 0.0001       |
|    loss                 | 1.11e+03     |
|    n_updates            | 3431         |
|    policy_gradient_loss | 0.00487      |
|    std                  | 0.85         |
|    value_loss           | 3.28e+03     |
------------------------------------------
Early stopping at step 7 due to reaching max kl: 0.04
-----------------------------------------
| rollout/                |             |
|    ep_len_mean          | 81.6        |
|    ep_rew_mean          | 324         |
| time/                   |             |
|    fps                  | 173         |
|    iterations           | 471         |
|    time_elapsed         | 11127       |
|    total_timesteps      | 1929216     |
| train/                  |             |
|    approx_kl            | 0.018153911 |
|    clip_fraction        | 0.0778      |
|    clip_range           | 0.2         |
|    entropy_loss         | -5.02       |
|    explained_variance   | 0.379       |
|    learning_rate        | 0.0001      |
|    loss                 | 1.35e+03    |
|    n_updates            | 3439        |
|    policy_gradient_loss | -0.00345    |
|    std                  | 0.848       |
|    value_loss           | 3.17e+03    |
-----------------------------------------
Early stopping at step 9 due to reaching max kl: 0.03
-----------------------------------------
| rollout/                |             |
|    ep_len_mean          | 81.3        |
|    ep_rew_mean          | 333         |
| time/                   |             |
|    fps                  | 173         |
|    iterations           | 472         |
|    time_elapsed         | 11154       |
|    total_timesteps      | 1933312     |
| train/                  |             |
|    approx_kl            | 0.018019015 |
|    clip_fraction        | 0.145       |
|    clip_range           | 0.2         |
|    entropy_loss         | -5.01       |
|    explained_variance   | 0.389       |
|    learning_rate        | 0.0001      |
|    loss                 | 1.47e+03    |
|    n_updates            | 3449        |
|    policy_gradient_loss | -0.00941    |
|    std                  | 0.847       |
|    value_loss           | 2.91e+03    |
-----------------------------------------
Early stopping at step 1 due to reaching max kl: 0.03
-----------------------------------------
| rollout/                |             |
|    ep_len_mean          | 79.4        |
|    ep_rew_mean          | 296         |
| time/                   |             |
|    fps                  | 173         |
|    iterations           | 473         |
|    time_elapsed         | 11160       |
|    total_timesteps      | 1937408     |
| train/                  |             |
|    approx_kl            | 0.010755698 |
|    clip_fraction        | 0.0462      |
|    clip_range           | 0.2         |
|    entropy_loss         | -5.01       |
|    explained_variance   | 0.272       |
|    learning_rate        | 0.0001      |
|    loss                 | 1.61e+03    |
|    n_updates            | 3451        |
|    policy_gradient_loss | 0.00357     |
|    std                  | 0.847       |
|    value_loss           | 3.24e+03    |
-----------------------------------------
Eval num_timesteps=1940000, episode_reward=150.35 +/- 137.82
Episode length: 83.60 +/- 15.67
-----------------------------------------
| eval/                   |             |
|    mean_ep_length       | 83.6        |
|    mean_reward          | 150         |
| time/                   |             |
|    total_timesteps      | 1940000     |
| train/                  |             |
|    approx_kl            | 0.014320488 |
|    clip_fraction        | 0.157       |
|    clip_range           | 0.2         |
|    entropy_loss         | -5          |
|    explained_variance   | 0.294       |
|    learning_rate        | 0.0001      |
|    loss                 | 1.48e+03    |
|    n_updates            | 3461        |
|    policy_gradient_loss | -0.00626    |
|    std                  | 0.846       |
|    value_loss           | 2.78e+03    |
-----------------------------------------
---------------------------------
| rollout/           |          |
|    ep_len_mean     | 78.4     |
|    ep_rew_mean     | 303      |
| time/              |          |
|    fps             | 173      |
|    iterations      | 474      |
|    time_elapsed    | 11190    |
|    total_timesteps | 1941504  |
---------------------------------
-----------------------------------------
| rollout/                |             |
|    ep_len_mean          | 82          |
|    ep_rew_mean          | 339         |
| time/                   |             |
|    fps                  | 173         |
|    iterations           | 475         |
|    time_elapsed         | 11219       |
|    total_timesteps      | 1945600     |
| train/                  |             |
|    approx_kl            | 0.015519775 |
|    clip_fraction        | 0.137       |
|    clip_range           | 0.2         |
|    entropy_loss         | -5          |
|    explained_variance   | 0.383       |
|    learning_rate        | 0.0001      |
|    loss                 | 1.39e+03    |
|    n_updates            | 3471        |
|    policy_gradient_loss | -0.00862    |
|    std                  | 0.845       |
|    value_loss           | 2.94e+03    |
-----------------------------------------
------------------------------------------
| rollout/                |              |
|    ep_len_mean          | 82.2         |
|    ep_rew_mean          | 336          |
| time/                   |              |
|    fps                  | 173          |
|    iterations           | 476          |
|    time_elapsed         | 11249        |
|    total_timesteps      | 1949696      |
| train/                  |              |
|    approx_kl            | 0.0125760585 |
|    clip_fraction        | 0.145        |
|    clip_range           | 0.2          |
|    entropy_loss         | -4.99        |
|    explained_variance   | 0.311        |
|    learning_rate        | 0.0001       |
|    loss                 | 1.29e+03     |
|    n_updates            | 3481         |
|    policy_gradient_loss | -0.0105      |
|    std                  | 0.843        |
|    value_loss           | 3.01e+03     |
------------------------------------------
-----------------------------------------
| rollout/                |             |
|    ep_len_mean          | 82.2        |
|    ep_rew_mean          | 354         |
| time/                   |             |
|    fps                  | 173         |
|    iterations           | 477         |
|    time_elapsed         | 11277       |
|    total_timesteps      | 1953792     |
| train/                  |             |
|    approx_kl            | 0.010520513 |
|    clip_fraction        | 0.137       |
|    clip_range           | 0.2         |
|    entropy_loss         | -4.99       |
|    explained_variance   | 0.264       |
|    learning_rate        | 0.0001      |
|    loss                 | 1.61e+03    |
|    n_updates            | 3491        |
|    policy_gradient_loss | -0.00856    |
|    std                  | 0.843       |
|    value_loss           | 2.96e+03    |
-----------------------------------------
-----------------------------------------
| rollout/                |             |
|    ep_len_mean          | 83.5        |
|    ep_rew_mean          | 357         |
| time/                   |             |
|    fps                  | 173         |
|    iterations           | 478         |
|    time_elapsed         | 11307       |
|    total_timesteps      | 1957888     |
| train/                  |             |
|    approx_kl            | 0.012047004 |
|    clip_fraction        | 0.134       |
|    clip_range           | 0.2         |
|    entropy_loss         | -4.99       |
|    explained_variance   | 0.301       |
|    learning_rate        | 0.0001      |
|    loss                 | 1.29e+03    |
|    n_updates            | 3501        |
|    policy_gradient_loss | -0.00905    |
|    std                  | 0.843       |
|    value_loss           | 3.23e+03    |
-----------------------------------------
Eval num_timesteps=1960000, episode_reward=229.75 +/- 176.41
Episode length: 90.00 +/- 16.91
------------------------------------------
| eval/                   |              |
|    mean_ep_length       | 90           |
|    mean_reward          | 230          |
| time/                   |              |
|    total_timesteps      | 1960000      |
| train/                  |              |
|    approx_kl            | 0.0069112997 |
|    clip_fraction        | 0.0957       |
|    clip_range           | 0.2          |
|    entropy_loss         | -4.99        |
|    explained_variance   | 0.386        |
|    learning_rate        | 0.0001       |
|    loss                 | 1.77e+03     |
|    n_updates            | 3511         |
|    policy_gradient_loss | -0.00641     |
|    std                  | 0.844        |
|    value_loss           | 2.77e+03     |
------------------------------------------
---------------------------------
| rollout/           |          |
|    ep_len_mean     | 81.3     |
|    ep_rew_mean     | 322      |
| time/              |          |
|    fps             | 173      |
|    iterations      | 479      |
|    time_elapsed    | 11335    |
|    total_timesteps | 1961984  |
---------------------------------
Early stopping at step 3 due to reaching max kl: 0.04
----------------------------------------
| rollout/                |            |
|    ep_len_mean          | 81.9       |
|    ep_rew_mean          | 321        |
| time/                   |            |
|    fps                  | 173        |
|    iterations           | 480        |
|    time_elapsed         | 11345      |
|    total_timesteps      | 1966080    |
| train/                  |            |
|    approx_kl            | 0.03625701 |
|    clip_fraction        | 0.128      |
|    clip_range           | 0.2        |
|    entropy_loss         | -4.99      |
|    explained_variance   | 0.46       |
|    learning_rate        | 0.0001     |
|    loss                 | 914        |
|    n_updates            | 3515       |
|    policy_gradient_loss | 0.00152    |
|    std                  | 0.844      |
|    value_loss           | 3.12e+03   |
----------------------------------------
-----------------------------------------
| rollout/                |             |
|    ep_len_mean          | 85.2        |
|    ep_rew_mean          | 317         |
| time/                   |             |
|    fps                  | 173         |
|    iterations           | 481         |
|    time_elapsed         | 11376       |
|    total_timesteps      | 1970176     |
| train/                  |             |
|    approx_kl            | 0.011522968 |
|    clip_fraction        | 0.115       |
|    clip_range           | 0.2         |
|    entropy_loss         | -4.99       |
|    explained_variance   | 0.269       |
|    learning_rate        | 0.0001      |
|    loss                 | 773         |
|    n_updates            | 3525        |
|    policy_gradient_loss | -0.0094     |
|    std                  | 0.843       |
|    value_loss           | 3.01e+03    |
-----------------------------------------
-----------------------------------------
| rollout/                |             |
|    ep_len_mean          | 85.5        |
|    ep_rew_mean          | 288         |
| time/                   |             |
|    fps                  | 173         |
|    iterations           | 482         |
|    time_elapsed         | 11394       |
|    total_timesteps      | 1974272     |
| train/                  |             |
|    approx_kl            | 0.009494428 |
|    clip_fraction        | 0.11        |
|    clip_range           | 0.2         |
|    entropy_loss         | -4.98       |
|    explained_variance   | 0.403       |
|    learning_rate        | 0.0001      |
|    loss                 | 727         |
|    n_updates            | 3535        |
|    policy_gradient_loss | -0.00893    |
|    std                  | 0.842       |
|    value_loss           | 2.75e+03    |
-----------------------------------------
Early stopping at step 5 due to reaching max kl: 0.03
-----------------------------------------
| rollout/                |             |
|    ep_len_mean          | 82          |
|    ep_rew_mean          | 277         |
| time/                   |             |
|    fps                  | 173         |
|    iterations           | 483         |
|    time_elapsed         | 11406       |
|    total_timesteps      | 1978368     |
| train/                  |             |
|    approx_kl            | 0.017665459 |
|    clip_fraction        | 0.117       |
|    clip_range           | 0.2         |
|    entropy_loss         | -4.98       |
|    explained_variance   | 0.272       |
|    learning_rate        | 0.0001      |
|    loss                 | 1.61e+03    |
|    n_updates            | 3541        |
|    policy_gradient_loss | 0.000212    |
|    std                  | 0.841       |
|    value_loss           | 2.83e+03    |
-----------------------------------------
Early stopping at step 0 due to reaching max kl: 0.03
Eval num_timesteps=1980000, episode_reward=243.40 +/- 197.28
Episode length: 88.60 +/- 10.56
-----------------------------------------
| eval/                   |             |
|    mean_ep_length       | 88.6        |
|    mean_reward          | 243         |
| time/                   |             |
|    total_timesteps      | 1980000     |
| train/                  |             |
|    approx_kl            | 0.008231125 |
|    clip_fraction        | 0.105       |
|    clip_range           | 0.2         |
|    entropy_loss         | -4.98       |
|    explained_variance   | 0.438       |
|    learning_rate        | 0.0001      |
|    loss                 | 1.6e+03     |
|    n_updates            | 3542        |
|    policy_gradient_loss | 0.00254     |
|    std                  | 0.841       |
|    value_loss           | 3.17e+03    |
-----------------------------------------
---------------------------------
| rollout/           |          |
|    ep_len_mean     | 81.5     |
|    ep_rew_mean     | 271      |
| time/              |          |
|    fps             | 173      |
|    iterations      | 484      |
|    time_elapsed    | 11410    |
|    total_timesteps | 1982464  |
---------------------------------
-----------------------------------------
| rollout/                |             |
|    ep_len_mean          | 84.5        |
|    ep_rew_mean          | 271         |
| time/                   |             |
|    fps                  | 173         |
|    iterations           | 485         |
|    time_elapsed         | 11439       |
|    total_timesteps      | 1986560     |
| train/                  |             |
|    approx_kl            | 0.012177762 |
|    clip_fraction        | 0.0777      |
|    clip_range           | 0.2         |
|    entropy_loss         | -4.98       |
|    explained_variance   | 0.419       |
|    learning_rate        | 0.0001      |
|    loss                 | 518         |
|    n_updates            | 3552        |
|    policy_gradient_loss | -0.00628    |
|    std                  | 0.842       |
|    value_loss           | 2.38e+03    |
-----------------------------------------
Early stopping at step 7 due to reaching max kl: 0.03
-----------------------------------------
| rollout/                |             |
|    ep_len_mean          | 85.2        |
|    ep_rew_mean          | 269         |
| time/                   |             |
|    fps                  | 173         |
|    iterations           | 486         |
|    time_elapsed         | 11462       |
|    total_timesteps      | 1990656     |
| train/                  |             |
|    approx_kl            | 0.030222423 |
|    clip_fraction        | 0.123       |
|    clip_range           | 0.2         |
|    entropy_loss         | -4.98       |
|    explained_variance   | 0.258       |
|    learning_rate        | 0.0001      |
|    loss                 | 1.93e+03    |
|    n_updates            | 3560        |
|    policy_gradient_loss | -0.00167    |
|    std                  | 0.841       |
|    value_loss           | 3.06e+03    |
-----------------------------------------
---------------------------------------
| rollout/                |           |
|    ep_len_mean          | 84.2      |
|    ep_rew_mean          | 261       |
| time/                   |           |
|    fps                  | 173       |
|    iterations           | 487       |
|    time_elapsed         | 11493     |
|    total_timesteps      | 1994752   |
| train/                  |           |
|    approx_kl            | 0.0059706 |
|    clip_fraction        | 0.042     |
|    clip_range           | 0.2       |
|    entropy_loss         | -4.98     |
|    explained_variance   | 0.58      |
|    learning_rate        | 0.0001    |
|    loss                 | 532       |
|    n_updates            | 3570      |
|    policy_gradient_loss | -0.00617  |
|    std                  | 0.84      |
|    value_loss           | 2.05e+03  |
---------------------------------------
Early stopping at step 9 due to reaching max kl: 0.04
-----------------------------------------
| rollout/                |             |
|    ep_len_mean          | 85.4        |
|    ep_rew_mean          | 271         |
| time/                   |             |
|    fps                  | 173         |
|    iterations           | 488         |
|    time_elapsed         | 11522       |
|    total_timesteps      | 1998848     |
| train/                  |             |
|    approx_kl            | 0.014150661 |
|    clip_fraction        | 0.0894      |
|    clip_range           | 0.2         |
|    entropy_loss         | -4.97       |
|    explained_variance   | 0.525       |
|    learning_rate        | 0.0001      |
|    loss                 | 1.48e+03    |
|    n_updates            | 3580        |
|    policy_gradient_loss | -0.00566    |
|    std                  | 0.84        |
|    value_loss           | 2.54e+03    |
-----------------------------------------
Eval num_timesteps=2000000, episode_reward=94.55 +/- 14.38
Episode length: 95.00 +/- 10.22
----------------------------------------
| eval/                   |            |
|    mean_ep_length       | 95         |
|    mean_reward          | 94.6       |
| time/                   |            |
|    total_timesteps      | 2000000    |
| train/                  |            |
|    approx_kl            | 0.01383658 |
|    clip_fraction        | 0.0816     |
|    clip_range           | 0.2        |
|    entropy_loss         | -4.97      |
|    explained_variance   | 0.491      |
|    learning_rate        | 0.0001     |
|    loss                 | 1.94e+03   |
|    n_updates            | 3590       |
|    policy_gradient_loss | -0.00566   |
|    std                  | 0.84       |
|    value_loss           | 2.53e+03   |
----------------------------------------
---------------------------------
| rollout/           |          |
|    ep_len_mean     | 86.5     |
|    ep_rew_mean     | 294      |
| time/              |          |
|    fps             | 173      |
|    iterations      | 489      |
|    time_elapsed    | 11554    |
|    total_timesteps | 2002944  |
---------------------------------

Done. Saved to results_recurrent/run_20260904_141500

