nohup: ignoring input
pybullet build time: Sep  1 2026 14:01:00
/home/yashwanth/mtp/drone-landing-rl/drone-landing-rl-venv/lib/python3.12/site-packages/gymnasium/spaces/box.py:231: UserWarning: [33mWARN: Box low's precision lowered by casting to float32, current low.dtype=float64[0m
  gym.logger.warn(
/home/yashwanth/mtp/drone-landing-rl/drone-landing-rl-venv/lib/python3.12/site-packages/gymnasium/spaces/box.py:297: UserWarning: [33mWARN: Box high's precision lowered by casting to float32, current high.dtype=float64[0m
  gym.logger.warn(
[INFO] BaseAviary.__init__() loaded parameters from the drone's .urdf:
[INFO] m 0.027000, L 0.039700,
[INFO] ixx 0.000014, iyy 0.000014, izz 0.000022,
[INFO] kf 3.160000e-10, km 7.940000e-12,
[INFO] t2w 2.250000, max_speed_kmh 30.000000,
[INFO] gnd_eff_coeff 11.368590, prop_radius 0.023135,
[INFO] drag_xy_coeff 0.000001, drag_z_coeff 0.000001,
[INFO] dw_coeff_1 2267.180000, dw_coeff_2 0.160000, dw_coeff_3 -0.110000
[INFO] BaseAviary.__init__() loaded parameters from the drone's .urdf:
[INFO] m 0.027000, L 0.039700,
[INFO] ixx 0.000014, iyy 0.000014, izz 0.000022,
[INFO] kf 3.160000e-10, km 7.940000e-12,
[INFO] t2w 2.250000, max_speed_kmh 30.000000,
[INFO] gnd_eff_coeff 11.368590, prop_radius 0.023135,
[INFO] drag_xy_coeff 0.000001, drag_z_coeff 0.000001,
[INFO] dw_coeff_1 2267.180000, dw_coeff_2 0.160000, dw_coeff_3 -0.110000
[INFO] BaseAviary.__init__() loaded parameters from the drone's .urdf:
[INFO] m 0.027000, L 0.039700,
[INFO] ixx 0.000014, iyy 0.000014, izz 0.000022,
[INFO] kf 3.160000e-10, km 7.940000e-12,
[INFO] t2w 2.250000, max_speed_kmh 30.000000,
[INFO] gnd_eff_coeff 11.368590, prop_radius 0.023135,
[INFO] drag_xy_coeff 0.000001, drag_z_coeff 0.000001,
[INFO] dw_coeff_1 2267.180000, dw_coeff_2 0.160000, dw_coeff_3 -0.110000
[INFO] BaseAviary.__init__() loaded parameters from the drone's .urdf:
[INFO] m 0.027000, L 0.039700,
[INFO] ixx 0.000014, iyy 0.000014, izz 0.000022,
[INFO] kf 3.160000e-10, km 7.940000e-12,
[INFO] t2w 2.250000, max_speed_kmh 30.000000,
[INFO] gnd_eff_coeff 11.368590, prop_radius 0.023135,
[INFO] drag_xy_coeff 0.000001, drag_z_coeff 0.000001,
[INFO] dw_coeff_1 2267.180000, dw_coeff_2 0.160000, dw_coeff_3 -0.110000
[INFO] BaseAviary.__init__() loaded parameters from the drone's .urdf:
[INFO] m 0.027000, L 0.039700,
[INFO] ixx 0.000014, iyy 0.000014, izz 0.000022,
[INFO] kf 3.160000e-10, km 7.940000e-12,
[INFO] t2w 2.250000, max_speed_kmh 30.000000,
[INFO] gnd_eff_coeff 11.368590, prop_radius 0.023135,
[INFO] drag_xy_coeff 0.000001, drag_z_coeff 0.000001,
[INFO] dw_coeff_1 2267.180000, dw_coeff_2 0.160000, dw_coeff_3 -0.110000
Using cpu device

Training recurrent policy for 3000000 steps.
Output: results_recurrent/run_20260903_152009

Logging to results_recurrent/run_20260903_152009/tb/RecurrentPPO_1
---------------------------------
| rollout/           |          |
|    ep_len_mean     | 11.5     |
|    ep_rew_mean     | 7.08     |
| time/              |          |
|    fps             | 605      |
|    iterations      | 1        |
|    time_elapsed    | 6        |
|    total_timesteps | 4096     |
---------------------------------
-----------------------------------------
| rollout/                |             |
|    ep_len_mean          | 13.6        |
|    ep_rew_mean          | 7.61        |
| time/                   |             |
|    fps                  | 371         |
|    iterations           | 2           |
|    time_elapsed         | 22          |
|    total_timesteps      | 8192        |
| train/                  |             |
|    approx_kl            | 0.014902296 |
|    clip_fraction        | 0.0828      |
|    clip_range           | 0.2         |
|    entropy_loss         | -5.65       |
|    explained_variance   | -0.00191    |
|    learning_rate        | 0.0003      |
|    loss                 | 2.23        |
|    n_updates            | 10          |
|    policy_gradient_loss | -0.013      |
|    std                  | 0.988       |
|    value_loss           | 6.04        |
-----------------------------------------
-----------------------------------------
| rollout/                |             |
|    ep_len_mean          | 17.1        |
|    ep_rew_mean          | 8.84        |
| time/                   |             |
|    fps                  | 324         |
|    iterations           | 3           |
|    time_elapsed         | 37          |
|    total_timesteps      | 12288       |
| train/                  |             |
|    approx_kl            | 0.019686159 |
|    clip_fraction        | 0.197       |
|    clip_range           | 0.2         |
|    entropy_loss         | -5.61       |
|    explained_variance   | 0.382       |
|    learning_rate        | 0.0003      |
|    loss                 | 1.36        |
|    n_updates            | 20          |
|    policy_gradient_loss | -0.0272     |
|    std                  | 0.98        |
|    value_loss           | 3.92        |
-----------------------------------------
-----------------------------------------
| rollout/                |             |
|    ep_len_mean          | 20.8        |
|    ep_rew_mean          | 10.1        |
| time/                   |             |
|    fps                  | 300         |
|    iterations           | 4           |
|    time_elapsed         | 54          |
|    total_timesteps      | 16384       |
| train/                  |             |
|    approx_kl            | 0.018453555 |
|    clip_fraction        | 0.189       |
|    clip_range           | 0.2         |
|    entropy_loss         | -5.59       |
|    explained_variance   | 0.529       |
|    learning_rate        | 0.0003      |
|    loss                 | 1.99        |
|    n_updates            | 30          |
|    policy_gradient_loss | -0.0275     |
|    std                  | 0.978       |
|    value_loss           | 5.11        |
-----------------------------------------
/home/yashwanth/mtp/drone-landing-rl/drone-landing-rl-venv/lib/python3.12/site-packages/stable_baselines3/common/evaluation.py:71: UserWarning: Evaluation environment is not wrapped with a ``Monitor`` wrapper. This may result in reporting modified episode lengths and rewards, if other wrappers happen to modify these. Consider wrapping environment first with ``Monitor`` wrapper.
  warnings.warn(
Eval num_timesteps=20000, episode_reward=54.90 +/- 3.70
Episode length: 109.00 +/- 12.18
-----------------------------------------
| eval/                   |             |
|    mean_ep_length       | 109         |
|    mean_reward          | 54.9        |
| time/                   |             |
|    total_timesteps      | 20000       |
| train/                  |             |
|    approx_kl            | 0.018925194 |
|    clip_fraction        | 0.214       |
|    clip_range           | 0.2         |
|    entropy_loss         | -5.57       |
|    explained_variance   | 0.655       |
|    learning_rate        | 0.0003      |
|    loss                 | 3.25        |
|    n_updates            | 40          |
|    policy_gradient_loss | -0.0316     |
|    std                  | 0.972       |
|    value_loss           | 6.15        |
-----------------------------------------
New best mean reward!
---------------------------------
| rollout/           |          |
|    ep_len_mean     | 24.4     |
|    ep_rew_mean     | 12.8     |
| time/              |          |
|    fps             | 305      |
|    iterations      | 5        |
|    time_elapsed    | 66       |
|    total_timesteps | 20480    |
---------------------------------
-----------------------------------------
| rollout/                |             |
|    ep_len_mean          | 29.6        |
|    ep_rew_mean          | 13          |
| time/                   |             |
|    fps                  | 289         |
|    iterations           | 6           |
|    time_elapsed         | 84          |
|    total_timesteps      | 24576       |
| train/                  |             |
|    approx_kl            | 0.019906975 |
|    clip_fraction        | 0.217       |
|    clip_range           | 0.2         |
|    entropy_loss         | -5.55       |
|    explained_variance   | 0.681       |
|    learning_rate        | 0.0003      |
|    loss                 | 1.06        |
|    n_updates            | 50          |
|    policy_gradient_loss | -0.0311     |
|    std                  | 0.965       |
|    value_loss           | 6.88        |
-----------------------------------------
-----------------------------------------
| rollout/                |             |
|    ep_len_mean          | 37.2        |
|    ep_rew_mean          | 18.8        |
| time/                   |             |
|    fps                  | 277         |
|    iterations           | 7           |
|    time_elapsed         | 103         |
|    total_timesteps      | 28672       |
| train/                  |             |
|    approx_kl            | 0.020788357 |
|    clip_fraction        | 0.236       |
|    clip_range           | 0.2         |
|    entropy_loss         | -5.52       |
|    explained_variance   | 0.707       |
|    learning_rate        | 0.0003      |
|    loss                 | 1.47        |
|    n_updates            | 60          |
|    policy_gradient_loss | -0.0321     |
|    std                  | 0.959       |
|    value_loss           | 7.47        |
-----------------------------------------
-----------------------------------------
| rollout/                |             |
|    ep_len_mean          | 39.8        |
|    ep_rew_mean          | 23.8        |
| time/                   |             |
|    fps                  | 264         |
|    iterations           | 8           |
|    time_elapsed         | 123         |
|    total_timesteps      | 32768       |
| train/                  |             |
|    approx_kl            | 0.017444994 |
|    clip_fraction        | 0.207       |
|    clip_range           | 0.2         |
|    entropy_loss         | -5.5        |
|    explained_variance   | 0.737       |
|    learning_rate        | 0.0003      |
|    loss                 | 2.12        |
|    n_updates            | 70          |
|    policy_gradient_loss | -0.0301     |
|    std                  | 0.954       |
|    value_loss           | 8.13        |
-----------------------------------------
-----------------------------------------
| rollout/                |             |
|    ep_len_mean          | 44.1        |
|    ep_rew_mean          | 23.8        |
| time/                   |             |
|    fps                  | 261         |
|    iterations           | 9           |
|    time_elapsed         | 140         |
|    total_timesteps      | 36864       |
| train/                  |             |
|    approx_kl            | 0.015437797 |
|    clip_fraction        | 0.169       |
|    clip_range           | 0.2         |
|    entropy_loss         | -5.48       |
|    explained_variance   | 0.0321      |
|    learning_rate        | 0.0003      |
|    loss                 | 7.83        |
|    n_updates            | 80          |
|    policy_gradient_loss | -0.0237     |
|    std                  | 0.949       |
|    value_loss           | 251         |
-----------------------------------------
/home/yashwanth/mtp/drone-landing-rl/drone-landing-rl-venv/lib/python3.12/site-packages/stable_baselines3/common/evaluation.py:71: UserWarning: Evaluation environment is not wrapped with a ``Monitor`` wrapper. This may result in reporting modified episode lengths and rewards, if other wrappers happen to modify these. Consider wrapping environment first with ``Monitor`` wrapper.
  warnings.warn(
Eval num_timesteps=40000, episode_reward=64.95 +/- 5.58
Episode length: 86.60 +/- 9.05
-----------------------------------------
| eval/                   |             |
|    mean_ep_length       | 86.6        |
|    mean_reward          | 65          |
| time/                   |             |
|    total_timesteps      | 40000       |
| train/                  |             |
|    approx_kl            | 0.017607372 |
|    clip_fraction        | 0.174       |
|    clip_range           | 0.2         |
|    entropy_loss         | -5.46       |
|    explained_variance   | 0.722       |
|    learning_rate        | 0.0003      |
|    loss                 | 3.15        |
|    n_updates            | 90          |
|    policy_gradient_loss | -0.0263     |
|    std                  | 0.944       |
|    value_loss           | 11.2        |
-----------------------------------------
New best mean reward!
---------------------------------
| rollout/           |          |
|    ep_len_mean     | 48.9     |
|    ep_rew_mean     | 28.9     |
| time/              |          |
|    fps             | 246      |
|    iterations      | 10       |
|    time_elapsed    | 165      |
|    total_timesteps | 40960    |
---------------------------------
-----------------------------------------
| rollout/                |             |
|    ep_len_mean          | 49.8        |
|    ep_rew_mean          | 31.1        |
| time/                   |             |
|    fps                  | 236         |
|    iterations           | 11          |
|    time_elapsed         | 190         |
|    total_timesteps      | 45056       |
| train/                  |             |
|    approx_kl            | 0.013686003 |
|    clip_fraction        | 0.15        |
|    clip_range           | 0.2         |
|    entropy_loss         | -5.44       |
|    explained_variance   | 0.731       |
|    learning_rate        | 0.0003      |
|    loss                 | 3.41        |
|    n_updates            | 100         |
|    policy_gradient_loss | -0.0228     |
|    std                  | 0.941       |
|    value_loss           | 14.1        |
-----------------------------------------
-----------------------------------------
| rollout/                |             |
|    ep_len_mean          | 58          |
|    ep_rew_mean          | 49.7        |
| time/                   |             |
|    fps                  | 227         |
|    iterations           | 12          |
|    time_elapsed         | 216         |
|    total_timesteps      | 49152       |
| train/                  |             |
|    approx_kl            | 0.012565522 |
|    clip_fraction        | 0.136       |
|    clip_range           | 0.2         |
|    entropy_loss         | -5.42       |
|    explained_variance   | 0.693       |
|    learning_rate        | 0.0003      |
|    loss                 | 5.36        |
|    n_updates            | 110         |
|    policy_gradient_loss | -0.0221     |
|    std                  | 0.937       |
|    value_loss           | 15.9        |
-----------------------------------------
----------------------------------------
| rollout/                |            |
|    ep_len_mean          | 64.7       |
|    ep_rew_mean          | 47.8       |
| time/                   |            |
|    fps                  | 218        |
|    iterations           | 13         |
|    time_elapsed         | 243        |
|    total_timesteps      | 53248      |
| train/                  |            |
|    approx_kl            | 0.01599475 |
|    clip_fraction        | 0.169      |
|    clip_range           | 0.2        |
|    entropy_loss         | -5.41      |
|    explained_variance   | -0.00441   |
|    learning_rate        | 0.0003     |
|    loss                 | 7.11       |
|    n_updates            | 120        |
|    policy_gradient_loss | -0.0199    |
|    std                  | 0.935      |
|    value_loss           | 748        |
----------------------------------------
-----------------------------------------
| rollout/                |             |
|    ep_len_mean          | 71.9        |
|    ep_rew_mean          | 57.4        |
| time/                   |             |
|    fps                  | 209         |
|    iterations           | 14          |
|    time_elapsed         | 273         |
|    total_timesteps      | 57344       |
| train/                  |             |
|    approx_kl            | 0.013169209 |
|    clip_fraction        | 0.15        |
|    clip_range           | 0.2         |
|    entropy_loss         | -5.4        |
|    explained_variance   | 0.177       |
|    learning_rate        | 0.0003      |
|    loss                 | 1.83e+03    |
|    n_updates            | 130         |
|    policy_gradient_loss | -0.024      |
|    std                  | 0.93        |
|    value_loss           | 252         |
-----------------------------------------
Eval num_timesteps=60000, episode_reward=135.57 +/- 60.40
Episode length: 197.60 +/- 56.42
-----------------------------------------
| eval/                   |             |
|    mean_ep_length       | 198         |
|    mean_reward          | 136         |
| time/                   |             |
|    total_timesteps      | 60000       |
| train/                  |             |
|    approx_kl            | 0.015836202 |
|    clip_fraction        | 0.172       |
|    clip_range           | 0.2         |
|    entropy_loss         | -5.38       |
|    explained_variance   | 0.0905      |
|    learning_rate        | 0.0003      |
|    loss                 | 11.9        |
|    n_updates            | 140         |
|    policy_gradient_loss | -0.0198     |
|    std                  | 0.928       |
|    value_loss           | 703         |
-----------------------------------------
New best mean reward!
---------------------------------
| rollout/           |          |
|    ep_len_mean     | 82.4     |
|    ep_rew_mean     | 75.3     |
| time/              |          |
|    fps             | 200      |
|    iterations      | 15       |
|    time_elapsed    | 305      |
|    total_timesteps | 61440    |
---------------------------------
-----------------------------------------
| rollout/                |             |
|    ep_len_mean          | 91.6        |
|    ep_rew_mean          | 101         |
| time/                   |             |
|    fps                  | 191         |
|    iterations           | 16          |
|    time_elapsed         | 341         |
|    total_timesteps      | 65536       |
| train/                  |             |
|    approx_kl            | 0.014870321 |
|    clip_fraction        | 0.147       |
|    clip_range           | 0.2         |
|    entropy_loss         | -5.37       |
|    explained_variance   | 0.0259      |
|    learning_rate        | 0.0003      |
|    loss                 | 12.3        |
|    n_updates            | 150         |
|    policy_gradient_loss | -0.0177     |
|    std                  | 0.925       |
|    value_loss           | 810         |
-----------------------------------------
-----------------------------------------
| rollout/                |             |
|    ep_len_mean          | 97.9        |
|    ep_rew_mean          | 118         |
| time/                   |             |
|    fps                  | 185         |
|    iterations           | 17          |
|    time_elapsed         | 375         |
|    total_timesteps      | 69632       |
| train/                  |             |
|    approx_kl            | 0.012791172 |
|    clip_fraction        | 0.135       |
|    clip_range           | 0.2         |
|    entropy_loss         | -5.36       |
|    explained_variance   | -0.00307    |
|    learning_rate        | 0.0003      |
|    loss                 | 23.2        |
|    n_updates            | 160         |
|    policy_gradient_loss | -0.0128     |
|    std                  | 0.925       |
|    value_loss           | 1.96e+03    |
-----------------------------------------
----------------------------------------
| rollout/                |            |
|    ep_len_mean          | 104        |
|    ep_rew_mean          | 141        |
| time/                   |            |
|    fps                  | 177        |
|    iterations           | 18         |
|    time_elapsed         | 416        |
|    total_timesteps      | 73728      |
| train/                  |            |
|    approx_kl            | 0.01624133 |
|    clip_fraction        | 0.179      |
|    clip_range           | 0.2        |
|    entropy_loss         | -5.36      |
|    explained_variance   | 0.0806     |
|    learning_rate        | 0.0003     |
|    loss                 | 2.16e+03   |
|    n_updates            | 170        |
|    policy_gradient_loss | -0.0126    |
|    std                  | 0.924      |
|    value_loss           | 828        |
----------------------------------------
-----------------------------------------
| rollout/                |             |
|    ep_len_mean          | 112         |
|    ep_rew_mean          | 148         |
| time/                   |             |
|    fps                  | 171         |
|    iterations           | 19          |
|    time_elapsed         | 453         |
|    total_timesteps      | 77824       |
| train/                  |             |
|    approx_kl            | 0.016308336 |
|    clip_fraction        | 0.136       |
|    clip_range           | 0.2         |
|    entropy_loss         | -5.36       |
|    explained_variance   | 0.0222      |
|    learning_rate        | 0.0003      |
|    loss                 | 3.73e+03    |
|    n_updates            | 180         |
|    policy_gradient_loss | -0.0123     |
|    std                  | 0.923       |
|    value_loss           | 2.37e+03    |
-----------------------------------------
Eval num_timesteps=80000, episode_reward=65.52 +/- 18.54
Episode length: 88.20 +/- 28.95
-----------------------------------------
| eval/                   |             |
|    mean_ep_length       | 88.2        |
|    mean_reward          | 65.5        |
| time/                   |             |
|    total_timesteps      | 80000       |
| train/                  |             |
|    approx_kl            | 0.014851637 |
|    clip_fraction        | 0.131       |
|    clip_range           | 0.2         |
|    entropy_loss         | -5.35       |
|    explained_variance   | 0.0836      |
|    learning_rate        | 0.0003      |
|    loss                 | 2.15e+03    |
|    n_updates            | 190         |
|    policy_gradient_loss | -0.0121     |
|    std                  | 0.921       |
|    value_loss           | 1.47e+03    |
-----------------------------------------
---------------------------------
| rollout/           |          |
|    ep_len_mean     | 117      |
|    ep_rew_mean     | 184      |
| time/              |          |
|    fps             | 165      |
|    iterations      | 20       |
|    time_elapsed    | 494      |
|    total_timesteps | 81920    |
---------------------------------
-----------------------------------------
| rollout/                |             |
|    ep_len_mean          | 115         |
|    ep_rew_mean          | 151         |
| time/                   |             |
|    fps                  | 161         |
|    iterations           | 21          |
|    time_elapsed         | 532         |
|    total_timesteps      | 86016       |
| train/                  |             |
|    approx_kl            | 0.046590198 |
|    clip_fraction        | 0.361       |
|    clip_range           | 0.2         |
|    entropy_loss         | -5.35       |
|    explained_variance   | -0.0382     |
|    learning_rate        | 0.0003      |
|    loss                 | 2.17e+03    |
|    n_updates            | 200         |
|    policy_gradient_loss | 0.0185      |
|    std                  | 0.921       |
|    value_loss           | 3.61e+03    |
-----------------------------------------
----------------------------------------
| rollout/                |            |
|    ep_len_mean          | 105        |
|    ep_rew_mean          | 118        |
| time/                   |            |
|    fps                  | 157        |
|    iterations           | 22         |
|    time_elapsed         | 571        |
|    total_timesteps      | 90112      |
| train/                  |            |
|    approx_kl            | 0.11655843 |
|    clip_fraction        | 0.55       |
|    clip_range           | 0.2        |
|    entropy_loss         | -5.34      |
|    explained_variance   | -0.000144  |
|    learning_rate        | 0.0003     |
|    loss                 | 70         |
|    n_updates            | 210        |
|    policy_gradient_loss | 0.0174     |
|    std                  | 0.92       |
|    value_loss           | 282        |
----------------------------------------
----------------------------------------
| rollout/                |            |
|    ep_len_mean          | 87.1       |
|    ep_rew_mean          | 74.6       |
| time/                   |            |
|    fps                  | 155        |
|    iterations           | 23         |
|    time_elapsed         | 606        |
|    total_timesteps      | 94208      |
| train/                  |            |
|    approx_kl            | 0.08262601 |
|    clip_fraction        | 0.476      |
|    clip_range           | 0.2        |
|    entropy_loss         | -5.36      |
|    explained_variance   | 0.00081    |
|    learning_rate        | 0.0003     |
|    loss                 | 35.4       |
|    n_updates            | 220        |
|    policy_gradient_loss | 0.0234     |
|    std                  | 0.928      |
|    value_loss           | 1.11e+03   |
----------------------------------------
------------------------------------------
| rollout/                |              |
|    ep_len_mean          | 76.3         |
|    ep_rew_mean          | 54.3         |
| time/                   |              |
|    fps                  | 154          |
|    iterations           | 24           |
|    time_elapsed         | 637          |
|    total_timesteps      | 98304        |
| train/                  |              |
|    approx_kl            | 0.0067410776 |
|    clip_fraction        | 0.0859       |
|    clip_range           | 0.2          |
|    entropy_loss         | -5.37        |
|    explained_variance   | 0.0406       |
|    learning_rate        | 0.0003       |
|    loss                 | 21.3         |
|    n_updates            | 230          |
|    policy_gradient_loss | -0.0058      |
|    std                  | 0.928        |
|    value_loss           | 460          |
------------------------------------------
Eval num_timesteps=100000, episode_reward=193.37 +/- 134.11
Episode length: 195.00 +/- 49.14
------------------------------------------
| eval/                   |              |
|    mean_ep_length       | 195          |
|    mean_reward          | 193          |
| time/                   |              |
|    total_timesteps      | 100000       |
| train/                  |              |
|    approx_kl            | 0.0087085385 |
|    clip_fraction        | 0.0796       |
|    clip_range           | 0.2          |
|    entropy_loss         | -5.37        |
|    explained_variance   | 0.146        |
|    learning_rate        | 0.0003       |
|    loss                 | 12           |
|    n_updates            | 240          |
|    policy_gradient_loss | -0.0121      |
|    std                  | 0.927        |
|    value_loss           | 226          |
------------------------------------------
New best mean reward!
---------------------------------
| rollout/           |          |
|    ep_len_mean     | 74.9     |
|    ep_rew_mean     | 65.2     |
| time/              |          |
|    fps             | 152      |
|    iterations      | 25       |
|    time_elapsed    | 673      |
|    total_timesteps | 102400   |
---------------------------------
------------------------------------------
| rollout/                |              |
|    ep_len_mean          | 77.3         |
|    ep_rew_mean          | 71.7         |
| time/                   |              |
|    fps                  | 151          |
|    iterations           | 26           |
|    time_elapsed         | 704          |
|    total_timesteps      | 106496       |
| train/                  |              |
|    approx_kl            | 0.0070001343 |
|    clip_fraction        | 0.0333       |
|    clip_range           | 0.2          |
|    entropy_loss         | -5.37        |
|    explained_variance   | -0.0166      |
|    learning_rate        | 0.0003       |
|    loss                 | 1.41e+03     |
|    n_updates            | 250          |
|    policy_gradient_loss | -0.00771     |
|    std                  | 0.927        |
|    value_loss           | 738          |
------------------------------------------
------------------------------------------
| rollout/                |              |
|    ep_len_mean          | 79.3         |
|    ep_rew_mean          | 70.6         |
| time/                   |              |
|    fps                  | 149          |
|    iterations           | 27           |
|    time_elapsed         | 738          |
|    total_timesteps      | 110592       |
| train/                  |              |
|    approx_kl            | 0.0073366906 |
|    clip_fraction        | 0.0526       |
|    clip_range           | 0.2          |
|    entropy_loss         | -5.37        |
|    explained_variance   | 0.0262       |
|    learning_rate        | 0.0003       |
|    loss                 | 1.63e+03     |
|    n_updates            | 260          |
|    policy_gradient_loss | -0.0117      |
|    std                  | 0.925        |
|    value_loss           | 666          |
------------------------------------------
-----------------------------------------
| rollout/                |             |
|    ep_len_mean          | 78.6        |
|    ep_rew_mean          | 81.9        |
| time/                   |             |
|    fps                  | 148         |
|    iterations           | 28          |
|    time_elapsed         | 770         |
|    total_timesteps      | 114688      |
| train/                  |             |
|    approx_kl            | 0.012200296 |
|    clip_fraction        | 0.0978      |
|    clip_range           | 0.2         |
|    entropy_loss         | -5.36       |
|    explained_variance   | 0.141       |
|    learning_rate        | 0.0003      |
|    loss                 | 4.04        |
|    n_updates            | 270         |
|    policy_gradient_loss | -0.0166     |
|    std                  | 0.924       |
|    value_loss           | 466         |
-----------------------------------------
-----------------------------------------
| rollout/                |             |
|    ep_len_mean          | 81          |
|    ep_rew_mean          | 107         |
| time/                   |             |
|    fps                  | 147         |
|    iterations           | 29          |
|    time_elapsed         | 803         |
|    total_timesteps      | 118784      |
| train/                  |             |
|    approx_kl            | 0.009539983 |
|    clip_fraction        | 0.0767      |
|    clip_range           | 0.2         |
|    entropy_loss         | -5.36       |
|    explained_variance   | 0.0807      |
|    learning_rate        | 0.0003      |
|    loss                 | 1.7e+03     |
|    n_updates            | 280         |
|    policy_gradient_loss | -0.013      |
|    std                  | 0.922       |
|    value_loss           | 1.23e+03    |
-----------------------------------------
Eval num_timesteps=120000, episode_reward=208.54 +/- 66.50
Episode length: 233.60 +/- 71.61
-----------------------------------------
| eval/                   |             |
|    mean_ep_length       | 234         |
|    mean_reward          | 209         |
| time/                   |             |
|    total_timesteps      | 120000      |
| train/                  |             |
|    approx_kl            | 0.011122439 |
|    clip_fraction        | 0.0823      |
|    clip_range           | 0.2         |
|    entropy_loss         | -5.35       |
|    explained_variance   | -0.0302     |
|    learning_rate        | 0.0003      |
|    loss                 | 1.98e+03    |
|    n_updates            | 290         |
|    policy_gradient_loss | -0.0118     |
|    std                  | 0.922       |
|    value_loss           | 1.7e+03     |
-----------------------------------------
New best mean reward!
---------------------------------
| rollout/           |          |
|    ep_len_mean     | 85.4     |
|    ep_rew_mean     | 129      |
| time/              |          |
|    fps             | 146      |
|    iterations      | 30       |
|    time_elapsed    | 836      |
|    total_timesteps | 122880   |
---------------------------------
-----------------------------------------
| rollout/                |             |
|    ep_len_mean          | 87.3        |
|    ep_rew_mean          | 140         |
| time/                   |             |
|    fps                  | 146         |
|    iterations           | 31          |
|    time_elapsed         | 869         |
|    total_timesteps      | 126976      |
| train/                  |             |
|    approx_kl            | 0.008707871 |
|    clip_fraction        | 0.0779      |
|    clip_range           | 0.2         |
|    entropy_loss         | -5.35       |
|    explained_variance   | -0.0477     |
|    learning_rate        | 0.0003      |
|    loss                 | 16.5        |
|    n_updates            | 300         |
|    policy_gradient_loss | -0.0108     |
|    std                  | 0.922       |
|    value_loss           | 2.22e+03    |
-----------------------------------------
-----------------------------------------
| rollout/                |             |
|    ep_len_mean          | 86          |
|    ep_rew_mean          | 139         |
| time/                   |             |
|    fps                  | 145         |
|    iterations           | 32          |
|    time_elapsed         | 903         |
|    total_timesteps      | 131072      |
| train/                  |             |
|    approx_kl            | 0.011930032 |
|    clip_fraction        | 0.0792      |
|    clip_range           | 0.2         |
|    entropy_loss         | -5.35       |
|    explained_variance   | 0.011       |
|    learning_rate        | 0.0003      |
|    loss                 | 8.33        |
|    n_updates            | 310         |
|    policy_gradient_loss | -0.00927    |
|    std                  | 0.921       |
|    value_loss           | 2.32e+03    |
-----------------------------------------
-----------------------------------------
| rollout/                |             |
|    ep_len_mean          | 84.8        |
|    ep_rew_mean          | 129         |
| time/                   |             |
|    fps                  | 145         |
|    iterations           | 33          |
|    time_elapsed         | 932         |
|    total_timesteps      | 135168      |
| train/                  |             |
|    approx_kl            | 0.011065594 |
|    clip_fraction        | 0.0974      |
|    clip_range           | 0.2         |
|    entropy_loss         | -5.35       |
|    explained_variance   | -0.0455     |
|    learning_rate        | 0.0003      |
|    loss                 | 9.99        |
|    n_updates            | 320         |
|    policy_gradient_loss | -0.00956    |
|    std                  | 0.921       |
|    value_loss           | 1.74e+03    |
-----------------------------------------
-----------------------------------------
| rollout/                |             |
|    ep_len_mean          | 93.4        |
|    ep_rew_mean          | 144         |
| time/                   |             |
|    fps                  | 144         |
|    iterations           | 34          |
|    time_elapsed         | 966         |
|    total_timesteps      | 139264      |
| train/                  |             |
|    approx_kl            | 0.007356951 |
|    clip_fraction        | 0.045       |
|    clip_range           | 0.2         |
|    entropy_loss         | -5.34       |
|    explained_variance   | -0.0379     |
|    learning_rate        | 0.0003      |
|    loss                 | 14.8        |
|    n_updates            | 330         |
|    policy_gradient_loss | -0.00969    |
|    std                  | 0.92        |
|    value_loss           | 1.77e+03    |
-----------------------------------------
Eval num_timesteps=140000, episode_reward=398.30 +/- 133.15
Episode length: 252.00 +/- 62.41
-----------------------------------------
| eval/                   |             |
|    mean_ep_length       | 252         |
|    mean_reward          | 398         |
| time/                   |             |
|    total_timesteps      | 140000      |
| train/                  |             |
|    approx_kl            | 0.008269938 |
|    clip_fraction        | 0.0526      |
|    clip_range           | 0.2         |
|    entropy_loss         | -5.34       |
|    explained_variance   | 0.0262      |
|    learning_rate        | 0.0003      |
|    loss                 | 1.61e+03    |
|    n_updates            | 340         |
|    policy_gradient_loss | -0.00907    |
|    std                  | 0.92        |
|    value_loss           | 1.83e+03    |
-----------------------------------------
New best mean reward!
---------------------------------
| rollout/           |          |
|    ep_len_mean     | 91.7     |
|    ep_rew_mean     | 165      |
| time/              |          |
|    fps             | 142      |
|    iterations      | 35       |
|    time_elapsed    | 1005     |
|    total_timesteps | 143360   |
---------------------------------
-----------------------------------------
| rollout/                |             |
|    ep_len_mean          | 91.6        |
|    ep_rew_mean          | 184         |
| time/                   |             |
|    fps                  | 142         |
|    iterations           | 36          |
|    time_elapsed         | 1037        |
|    total_timesteps      | 147456      |
| train/                  |             |
|    approx_kl            | 0.008850593 |
|    clip_fraction        | 0.0511      |
|    clip_range           | 0.2         |
|    entropy_loss         | -5.34       |
|    explained_variance   | 0.0199      |
|    learning_rate        | 0.0003      |
|    loss                 | 1.32e+03    |
|    n_updates            | 350         |
|    policy_gradient_loss | -0.00782    |
|    std                  | 0.92        |
|    value_loss           | 2.48e+03    |
-----------------------------------------
-----------------------------------------
| rollout/                |             |
|    ep_len_mean          | 101         |
|    ep_rew_mean          | 230         |
| time/                   |             |
|    fps                  | 141         |
|    iterations           | 37          |
|    time_elapsed         | 1072        |
|    total_timesteps      | 151552      |
| train/                  |             |
|    approx_kl            | 0.019379685 |
|    clip_fraction        | 0.0878      |
|    clip_range           | 0.2         |
|    entropy_loss         | -5.34       |
|    explained_variance   | -0.115      |
|    learning_rate        | 0.0003      |
|    loss                 | 3.22e+03    |
|    n_updates            | 360         |
|    policy_gradient_loss | -0.00881    |
|    std                  | 0.92        |
|    value_loss           | 3.3e+03     |
-----------------------------------------
-----------------------------------------
| rollout/                |             |
|    ep_len_mean          | 108         |
|    ep_rew_mean          | 283         |
| time/                   |             |
|    fps                  | 140         |
|    iterations           | 38          |
|    time_elapsed         | 1110        |
|    total_timesteps      | 155648      |
| train/                  |             |
|    approx_kl            | 0.009226106 |
|    clip_fraction        | 0.089       |
|    clip_range           | 0.2         |
|    entropy_loss         | -5.34       |
|    explained_variance   | 0.0326      |
|    learning_rate        | 0.0003      |
|    loss                 | 3.21e+03    |
|    n_updates            | 370         |
|    policy_gradient_loss | -0.011      |
|    std                  | 0.919       |
|    value_loss           | 3.88e+03    |
-----------------------------------------
----------------------------------------
| rollout/                |            |
|    ep_len_mean          | 107        |
|    ep_rew_mean          | 280        |
| time/                   |            |
|    fps                  | 139        |
|    iterations           | 39         |
|    time_elapsed         | 1147       |
|    total_timesteps      | 159744     |
| train/                  |            |
|    approx_kl            | 0.01092655 |
|    clip_fraction        | 0.121      |
|    clip_range           | 0.2        |
|    entropy_loss         | -5.34      |
|    explained_variance   | -0.0464    |
|    learning_rate        | 0.0003     |
|    loss                 | 4.1e+03    |
|    n_updates            | 380        |
|    policy_gradient_loss | -0.0117    |
|    std                  | 0.919      |
|    value_loss           | 4.43e+03   |
----------------------------------------
Eval num_timesteps=160000, episode_reward=158.14 +/- 38.99
Episode length: 209.80 +/- 56.14
----------------------------------------
| eval/                   |            |
|    mean_ep_length       | 210        |
|    mean_reward          | 158        |
| time/                   |            |
|    total_timesteps      | 160000     |
| train/                  |            |
|    approx_kl            | 0.25431365 |
|    clip_fraction        | 0.471      |
|    clip_range           | 0.2        |
|    entropy_loss         | -5.34      |
|    explained_variance   | -0.00972   |
|    learning_rate        | 0.0003     |
|    loss                 | 1.67e+03   |
|    n_updates            | 390        |
|    policy_gradient_loss | 0.0343     |
|    std                  | 0.923      |
|    value_loss           | 3.63e+03   |
----------------------------------------
---------------------------------
| rollout/           |          |
|    ep_len_mean     | 94.2     |
|    ep_rew_mean     | 167      |
| time/              |          |
|    fps             | 138      |
|    iterations      | 40       |
|    time_elapsed    | 1185     |
|    total_timesteps | 163840   |
---------------------------------
-----------------------------------------
| rollout/                |             |
|    ep_len_mean          | 70.3        |
|    ep_rew_mean          | 63.2        |
| time/                   |             |
|    fps                  | 137         |
|    iterations           | 41          |
|    time_elapsed         | 1219        |
|    total_timesteps      | 167936      |
| train/                  |             |
|    approx_kl            | 0.124960445 |
|    clip_fraction        | 0.497       |
|    clip_range           | 0.2         |
|    entropy_loss         | -5.34       |
|    explained_variance   | -0.000256   |
|    learning_rate        | 0.0003      |
|    loss                 | 60.7        |
|    n_updates            | 400         |
|    policy_gradient_loss | 0.0272      |
|    std                  | 0.92        |
|    value_loss           | 625         |
-----------------------------------------
-----------------------------------------
| rollout/                |             |
|    ep_len_mean          | 66.3        |
|    ep_rew_mean          | 60.1        |
| time/                   |             |
|    fps                  | 137         |
|    iterations           | 42          |
|    time_elapsed         | 1247        |
|    total_timesteps      | 172032      |
| train/                  |             |
|    approx_kl            | 0.015786208 |
|    clip_fraction        | 0.145       |
|    clip_range           | 0.2         |
|    entropy_loss         | -5.33       |
|    explained_variance   | -0.00636    |
|    learning_rate        | 0.0003      |
|    loss                 | 11.1        |
|    n_updates            | 410         |
|    policy_gradient_loss | -0.0119     |
|    std                  | 0.916       |
|    value_loss           | 684         |
-----------------------------------------
-----------------------------------------
| rollout/                |             |
|    ep_len_mean          | 64.2        |
|    ep_rew_mean          | 51          |
| time/                   |             |
|    fps                  | 137         |
|    iterations           | 43          |
|    time_elapsed         | 1278        |
|    total_timesteps      | 176128      |
| train/                  |             |
|    approx_kl            | 0.008274758 |
|    clip_fraction        | 0.0613      |
|    clip_range           | 0.2         |
|    entropy_loss         | -5.32       |
|    explained_variance   | 0.072       |
|    learning_rate        | 0.0003      |
|    loss                 | 8.75        |
|    n_updates            | 420         |
|    policy_gradient_loss | -0.012      |
|    std                  | 0.915       |
|    value_loss           | 630         |
-----------------------------------------
Eval num_timesteps=180000, episode_reward=126.82 +/- 11.79
Episode length: 152.40 +/- 23.06
------------------------------------------
| eval/                   |              |
|    mean_ep_length       | 152          |
|    mean_reward          | 127          |
| time/                   |              |
|    total_timesteps      | 180000       |
| train/                  |              |
|    approx_kl            | 0.0104200505 |
|    clip_fraction        | 0.0951       |
|    clip_range           | 0.2          |
|    entropy_loss         | -5.32        |
|    explained_variance   | 0.773        |
|    learning_rate        | 0.0003       |
|    loss                 | 9.12         |
|    n_updates            | 430          |
|    policy_gradient_loss | -0.0165      |
|    std                  | 0.914        |
|    value_loss           | 29.2         |
------------------------------------------
---------------------------------
| rollout/           |          |
|    ep_len_mean     | 62.2     |
|    ep_rew_mean     | 61.3     |
| time/              |          |
|    fps             | 137      |
|    iterations      | 44       |
|    time_elapsed    | 1309     |
|    total_timesteps | 180224   |
---------------------------------
-----------------------------------------
| rollout/                |             |
|    ep_len_mean          | 65          |
|    ep_rew_mean          | 84.2        |
| time/                   |             |
|    fps                  | 137         |
|    iterations           | 45          |
|    time_elapsed         | 1339        |
|    total_timesteps      | 184320      |
| train/                  |             |
|    approx_kl            | 0.013848138 |
|    clip_fraction        | 0.101       |
|    clip_range           | 0.2         |
|    entropy_loss         | -5.32       |
|    explained_variance   | -0.006      |
|    learning_rate        | 0.0003      |
|    loss                 | 10.8        |
|    n_updates            | 440         |
|    policy_gradient_loss | -0.0136     |
|    std                  | 0.914       |
|    value_loss           | 993         |
-----------------------------------------
-----------------------------------------
| rollout/                |             |
|    ep_len_mean          | 67.8        |
|    ep_rew_mean          | 90.2        |
| time/                   |             |
|    fps                  | 137         |
|    iterations           | 46          |
|    time_elapsed         | 1369        |
|    total_timesteps      | 188416      |
| train/                  |             |
|    approx_kl            | 0.008078776 |
|    clip_fraction        | 0.0708      |
|    clip_range           | 0.2         |
|    entropy_loss         | -5.31       |
|    explained_variance   | -0.133      |
|    learning_rate        | 0.0003      |
|    loss                 | 1.01e+03    |
|    n_updates            | 450         |
|    policy_gradient_loss | -0.0101     |
|    std                  | 0.912       |
|    value_loss           | 1.15e+03    |
-----------------------------------------
-----------------------------------------
| rollout/                |             |
|    ep_len_mean          | 71.6        |
|    ep_rew_mean          | 97.2        |
| time/                   |             |
|    fps                  | 137         |
|    iterations           | 47          |
|    time_elapsed         | 1400        |
|    total_timesteps      | 192512      |
| train/                  |             |
|    approx_kl            | 0.009980438 |
|    clip_fraction        | 0.093       |
|    clip_range           | 0.2         |
|    entropy_loss         | -5.31       |
|    explained_variance   | 0.114       |
|    learning_rate        | 0.0003      |
|    loss                 | 11.1        |
|    n_updates            | 460         |
|    policy_gradient_loss | -0.0138     |
|    std                  | 0.911       |
|    value_loss           | 1.05e+03    |
-----------------------------------------
-----------------------------------------
| rollout/                |             |
|    ep_len_mean          | 74.7        |
|    ep_rew_mean          | 131         |
| time/                   |             |
|    fps                  | 137         |
|    iterations           | 48          |
|    time_elapsed         | 1431        |
|    total_timesteps      | 196608      |
| train/                  |             |
|    approx_kl            | 0.010016836 |
|    clip_fraction        | 0.0944      |
|    clip_range           | 0.2         |
|    entropy_loss         | -5.3        |
|    explained_variance   | 0.0284      |
|    learning_rate        | 0.0003      |
|    loss                 | 1.13e+03    |
|    n_updates            | 470         |
|    policy_gradient_loss | -0.013      |
|    std                  | 0.909       |
|    value_loss           | 1.39e+03    |
-----------------------------------------
Eval num_timesteps=200000, episode_reward=406.59 +/- 271.51
Episode length: 132.80 +/- 47.11
-----------------------------------------
| eval/                   |             |
|    mean_ep_length       | 133         |
|    mean_reward          | 407         |
| time/                   |             |
|    total_timesteps      | 200000      |
| train/                  |             |
|    approx_kl            | 0.011255704 |
|    clip_fraction        | 0.0788      |
|    clip_range           | 0.2         |
|    entropy_loss         | -5.29       |
|    explained_variance   | 0.0849      |
|    learning_rate        | 0.0003      |
|    loss                 | 1.36e+03    |
|    n_updates            | 480         |
|    policy_gradient_loss | -0.0101     |
|    std                  | 0.908       |
|    value_loss           | 2.41e+03    |
-----------------------------------------
New best mean reward!
---------------------------------
| rollout/           |          |
|    ep_len_mean     | 74       |
|    ep_rew_mean     | 109      |
| time/              |          |
|    fps             | 137      |
|    iterations      | 49       |
|    time_elapsed    | 1462     |
|    total_timesteps | 200704   |
---------------------------------
-----------------------------------------
| rollout/                |             |
|    ep_len_mean          | 78.2        |
|    ep_rew_mean          | 122         |
| time/                   |             |
|    fps                  | 136         |
|    iterations           | 50          |
|    time_elapsed         | 1495        |
|    total_timesteps      | 204800      |
| train/                  |             |
|    approx_kl            | 0.014414833 |
|    clip_fraction        | 0.108       |
|    clip_range           | 0.2         |
|    entropy_loss         | -5.29       |
|    explained_variance   | 0.0398      |
|    learning_rate        | 0.0003      |
|    loss                 | 11.9        |
|    n_updates            | 490         |
|    policy_gradient_loss | -0.0139     |
|    std                  | 0.907       |
|    value_loss           | 575         |
-----------------------------------------
-----------------------------------------
| rollout/                |             |
|    ep_len_mean          | 75.7        |
|    ep_rew_mean          | 155         |
| time/                   |             |
|    fps                  | 136         |
|    iterations           | 51          |
|    time_elapsed         | 1528        |
|    total_timesteps      | 208896      |
| train/                  |             |
|    approx_kl            | 0.018532397 |
|    clip_fraction        | 0.233       |
|    clip_range           | 0.2         |
|    entropy_loss         | -5.28       |
|    explained_variance   | 0.0397      |
|    learning_rate        | 0.0003      |
|    loss                 | 1.71e+03    |
|    n_updates            | 500         |
|    policy_gradient_loss | -0.00759    |
|    std                  | 0.906       |
|    value_loss           | 2.19e+03    |
-----------------------------------------
-----------------------------------------
| rollout/                |             |
|    ep_len_mean          | 77.7        |
|    ep_rew_mean          | 154         |
| time/                   |             |
|    fps                  | 136         |
|    iterations           | 52          |
|    time_elapsed         | 1560        |
|    total_timesteps      | 212992      |
| train/                  |             |
|    approx_kl            | 0.012121555 |
|    clip_fraction        | 0.127       |
|    clip_range           | 0.2         |
|    entropy_loss         | -5.28       |
|    explained_variance   | -0.00402    |
|    learning_rate        | 0.0003      |
|    loss                 | 22.9        |
|    n_updates            | 510         |
|    policy_gradient_loss | -0.014      |
|    std                  | 0.906       |
|    value_loss           | 2.75e+03    |
-----------------------------------------
-----------------------------------------
| rollout/                |             |
|    ep_len_mean          | 81.5        |
|    ep_rew_mean          | 181         |
| time/                   |             |
|    fps                  | 136         |
|    iterations           | 53          |
|    time_elapsed         | 1591        |
|    total_timesteps      | 217088      |
| train/                  |             |
|    approx_kl            | 0.020081613 |
|    clip_fraction        | 0.126       |
|    clip_range           | 0.2         |
|    entropy_loss         | -5.28       |
|    explained_variance   | -0.0142     |
|    learning_rate        | 0.0003      |
|    loss                 | 11.9        |
|    n_updates            | 520         |
|    policy_gradient_loss | -0.00682    |
|    std                  | 0.905       |
|    value_loss           | 1.59e+03    |
-----------------------------------------
Eval num_timesteps=220000, episode_reward=349.45 +/- 216.86
Episode length: 168.80 +/- 36.33
------------------------------------------
| eval/                   |              |
|    mean_ep_length       | 169          |
|    mean_reward          | 349          |
| time/                   |              |
|    total_timesteps      | 220000       |
| train/                  |              |
|    approx_kl            | 0.0067251157 |
|    clip_fraction        | 0.0671       |
|    clip_range           | 0.2          |
|    entropy_loss         | -5.27        |
|    explained_variance   | -0.187       |
|    learning_rate        | 0.0003       |
|    loss                 | 1.91e+03     |
|    n_updates            | 530          |
|    policy_gradient_loss | -0.00941     |
|    std                  | 0.904        |
|    value_loss           | 3.68e+03     |
------------------------------------------
---------------------------------
| rollout/           |          |
|    ep_len_mean     | 77.6     |
|    ep_rew_mean     | 175      |
| time/              |          |
|    fps             | 136      |
|    iterations      | 54       |
|    time_elapsed    | 1624     |
|    total_timesteps | 221184   |
---------------------------------
----------------------------------------
| rollout/                |            |
|    ep_len_mean          | 81.2       |
|    ep_rew_mean          | 189        |
| time/                   |            |
|    fps                  | 135        |
|    iterations           | 55         |
|    time_elapsed         | 1657       |
|    total_timesteps      | 225280     |
| train/                  |            |
|    approx_kl            | 0.02774173 |
|    clip_fraction        | 0.104      |
|    clip_range           | 0.2        |
|    entropy_loss         | -5.27      |
|    explained_variance   | -0.00238   |
|    learning_rate        | 0.0003     |
|    loss                 | 2.2        |
|    n_updates            | 540        |
|    policy_gradient_loss | -0.00888   |
|    std                  | 0.903      |
|    value_loss           | 2.15e+03   |
----------------------------------------
-----------------------------------------
| rollout/                |             |
|    ep_len_mean          | 85.9        |
|    ep_rew_mean          | 234         |
| time/                   |             |
|    fps                  | 135         |
|    iterations           | 56          |
|    time_elapsed         | 1693        |
|    total_timesteps      | 229376      |
| train/                  |             |
|    approx_kl            | 0.010554501 |
|    clip_fraction        | 0.228       |
|    clip_range           | 0.2         |
|    entropy_loss         | -5.27       |
|    explained_variance   | -0.00169    |
|    learning_rate        | 0.0003      |
|    loss                 | 2.77e+03    |
|    n_updates            | 550         |
|    policy_gradient_loss | -0.00306    |
|    std                  | 0.904       |
|    value_loss           | 3.96e+03    |
-----------------------------------------
-----------------------------------------
| rollout/                |             |
|    ep_len_mean          | 88.3        |
|    ep_rew_mean          | 239         |
| time/                   |             |
|    fps                  | 135         |
|    iterations           | 57          |
|    time_elapsed         | 1726        |
|    total_timesteps      | 233472      |
| train/                  |             |
|    approx_kl            | 0.009998111 |
|    clip_fraction        | 0.0791      |
|    clip_range           | 0.2         |
|    entropy_loss         | -5.27       |
|    explained_variance   | -0.00186    |
|    learning_rate        | 0.0003      |
|    loss                 | 1.76e+03    |
|    n_updates            | 560         |
|    policy_gradient_loss | -0.0141     |
|    std                  | 0.902       |
|    value_loss           | 3.68e+03    |
-----------------------------------------
----------------------------------------
| rollout/                |            |
|    ep_len_mean          | 88.2       |
|    ep_rew_mean          | 231        |
| time/                   |            |
|    fps                  | 134        |
|    iterations           | 58         |
|    time_elapsed         | 1760       |
|    total_timesteps      | 237568     |
| train/                  |            |
|    approx_kl            | 0.01639573 |
|    clip_fraction        | 0.162      |
|    clip_range           | 0.2        |
|    entropy_loss         | -5.26      |
|    explained_variance   | -0.0318    |
|    learning_rate        | 0.0003     |
|    loss                 | 145        |
|    n_updates            | 570        |
|    policy_gradient_loss | -0.0138    |
|    std                  | 0.9        |
|    value_loss           | 3.32e+03   |
----------------------------------------
Eval num_timesteps=240000, episode_reward=577.28 +/- 280.36
Episode length: 148.60 +/- 45.29
----------------------------------------
| eval/                   |            |
|    mean_ep_length       | 149        |
|    mean_reward          | 577        |
| time/                   |            |
|    total_timesteps      | 240000     |
| train/                  |            |
|    approx_kl            | 0.02499789 |
|    clip_fraction        | 0.381      |
|    clip_range           | 0.2        |
|    entropy_loss         | -5.24      |
|    explained_variance   | -0.0159    |
|    learning_rate        | 0.0003     |
|    loss                 | 2.52e+03   |
|    n_updates            | 580        |
|    policy_gradient_loss | 0.0106     |
|    std                  | 0.895      |
|    value_loss           | 3.25e+03   |
----------------------------------------
New best mean reward!
---------------------------------
| rollout/           |          |
|    ep_len_mean     | 84.7     |
|    ep_rew_mean     | 235      |
| time/              |          |
|    fps             | 134      |
|    iterations      | 59       |
|    time_elapsed    | 1794     |
|    total_timesteps | 241664   |
---------------------------------
-----------------------------------------
| rollout/                |             |
|    ep_len_mean          | 80.1        |
|    ep_rew_mean          | 216         |
| time/                   |             |
|    fps                  | 134         |
|    iterations           | 60          |
|    time_elapsed         | 1826        |
|    total_timesteps      | 245760      |
| train/                  |             |
|    approx_kl            | 0.012847074 |
|    clip_fraction        | 0.172       |
|    clip_range           | 0.2         |
|    entropy_loss         | -5.23       |
|    explained_variance   | -0.00601    |
|    learning_rate        | 0.0003      |
|    loss                 | 1.21e+03    |
|    n_updates            | 590         |
|    policy_gradient_loss | -0.0114     |
|    std                  | 0.894       |
|    value_loss           | 3.77e+03    |
-----------------------------------------
-----------------------------------------
| rollout/                |             |
|    ep_len_mean          | 84.3        |
|    ep_rew_mean          | 220         |
| time/                   |             |
|    fps                  | 134         |
|    iterations           | 61          |
|    time_elapsed         | 1858        |
|    total_timesteps      | 249856      |
| train/                  |             |
|    approx_kl            | 0.012766121 |
|    clip_fraction        | 0.169       |
|    clip_range           | 0.2         |
|    entropy_loss         | -5.22       |
|    explained_variance   | 0.0443      |
|    learning_rate        | 0.0003      |
|    loss                 | 2.58e+03    |
|    n_updates            | 600         |
|    policy_gradient_loss | -0.0146     |
|    std                  | 0.891       |
|    value_loss           | 3.34e+03    |
-----------------------------------------
-----------------------------------------
| rollout/                |             |
|    ep_len_mean          | 83          |
|    ep_rew_mean          | 253         |
| time/                   |             |
|    fps                  | 134         |
|    iterations           | 62          |
|    time_elapsed         | 1892        |
|    total_timesteps      | 253952      |
| train/                  |             |
|    approx_kl            | 0.014157869 |
|    clip_fraction        | 0.167       |
|    clip_range           | 0.2         |
|    entropy_loss         | -5.21       |
|    explained_variance   | 0.0645      |
|    learning_rate        | 0.0003      |
|    loss                 | 3.79e+03    |
|    n_updates            | 610         |
|    policy_gradient_loss | -0.017      |
|    std                  | 0.888       |
|    value_loss           | 3.56e+03    |
-----------------------------------------
-----------------------------------------
| rollout/                |             |
|    ep_len_mean          | 80.3        |
|    ep_rew_mean          | 243         |
| time/                   |             |
|    fps                  | 134         |
|    iterations           | 63          |
|    time_elapsed         | 1922        |
|    total_timesteps      | 258048      |
| train/                  |             |
|    approx_kl            | 0.011905692 |
|    clip_fraction        | 0.117       |
|    clip_range           | 0.2         |
|    entropy_loss         | -5.19       |
|    explained_variance   | -0.0654     |
|    learning_rate        | 0.0003      |
|    loss                 | 1.42e+03    |
|    n_updates            | 620         |
|    policy_gradient_loss | -0.0141     |
|    std                  | 0.885       |
|    value_loss           | 4.3e+03     |
-----------------------------------------
Eval num_timesteps=260000, episode_reward=261.13 +/- 156.72
Episode length: 169.60 +/- 29.59
----------------------------------------
| eval/                   |            |
|    mean_ep_length       | 170        |
|    mean_reward          | 261        |
| time/                   |            |
|    total_timesteps      | 260000     |
| train/                  |            |
|    approx_kl            | 0.01880312 |
|    clip_fraction        | 0.178      |
|    clip_range           | 0.2        |
|    entropy_loss         | -5.18      |
|    explained_variance   | 0.00729    |
|    learning_rate        | 0.0003     |
|    loss                 | 1e+03      |
|    n_updates            | 630        |
|    policy_gradient_loss | -0.0118    |
|    std                  | 0.882      |
|    value_loss           | 3.08e+03   |
----------------------------------------
---------------------------------
| rollout/           |          |
|    ep_len_mean     | 81.8     |
|    ep_rew_mean     | 228      |
| time/              |          |
|    fps             | 134      |
|    iterations      | 64       |
|    time_elapsed    | 1954     |
|    total_timesteps | 262144   |
---------------------------------
-----------------------------------------
| rollout/                |             |
|    ep_len_mean          | 78.8        |
|    ep_rew_mean          | 206         |
| time/                   |             |
|    fps                  | 134         |
|    iterations           | 65          |
|    time_elapsed         | 1980        |
|    total_timesteps      | 266240      |
| train/                  |             |
|    approx_kl            | 0.069398195 |
|    clip_fraction        | 0.231       |
|    clip_range           | 0.2         |
|    entropy_loss         | -5.18       |
|    explained_variance   | 0.0986      |
|    learning_rate        | 0.0003      |
|    loss                 | 1.39e+03    |
|    n_updates            | 640         |
|    policy_gradient_loss | -0.0026     |
|    std                  | 0.886       |
|    value_loss           | 3.43e+03    |
-----------------------------------------
-----------------------------------------
| rollout/                |             |
|    ep_len_mean          | 74.4        |
|    ep_rew_mean          | 166         |
| time/                   |             |
|    fps                  | 134         |
|    iterations           | 66          |
|    time_elapsed         | 2012        |
|    total_timesteps      | 270336      |
| train/                  |             |
|    approx_kl            | 0.018277083 |
|    clip_fraction        | 0.206       |
|    clip_range           | 0.2         |
|    entropy_loss         | -5.18       |
|    explained_variance   | 0.0774      |
|    learning_rate        | 0.0003      |
|    loss                 | 43.9        |
|    n_updates            | 650         |
|    policy_gradient_loss | -0.0162     |
|    std                  | 0.883       |
|    value_loss           | 2.13e+03    |
-----------------------------------------
-----------------------------------------
| rollout/                |             |
|    ep_len_mean          | 81          |
|    ep_rew_mean          | 240         |
| time/                   |             |
|    fps                  | 134         |
|    iterations           | 67          |
|    time_elapsed         | 2043        |
|    total_timesteps      | 274432      |
| train/                  |             |
|    approx_kl            | 0.009394028 |
|    clip_fraction        | 0.112       |
|    clip_range           | 0.2         |
|    entropy_loss         | -5.17       |
|    explained_variance   | 0.0886      |
|    learning_rate        | 0.0003      |
|    loss                 | 1.56e+03    |
|    n_updates            | 660         |
|    policy_gradient_loss | -0.0118     |
|    std                  | 0.881       |
|    value_loss           | 2.29e+03    |
-----------------------------------------
-----------------------------------------
| rollout/                |             |
|    ep_len_mean          | 80.2        |
|    ep_rew_mean          | 236         |
| time/                   |             |
|    fps                  | 134         |
|    iterations           | 68          |
|    time_elapsed         | 2077        |
|    total_timesteps      | 278528      |
| train/                  |             |
|    approx_kl            | 0.014998349 |
|    clip_fraction        | 0.302       |
|    clip_range           | 0.2         |
|    entropy_loss         | -5.17       |
|    explained_variance   | 0.0306      |
|    learning_rate        | 0.0003      |
|    loss                 | 2.81e+03    |
|    n_updates            | 670         |
|    policy_gradient_loss | 0.000742    |
|    std                  | 0.881       |
|    value_loss           | 4.51e+03    |
-----------------------------------------
Eval num_timesteps=280000, episode_reward=545.76 +/- 52.66
Episode length: 107.00 +/- 27.43
-----------------------------------------
| eval/                   |             |
|    mean_ep_length       | 107         |
|    mean_reward          | 546         |
| time/                   |             |
|    total_timesteps      | 280000      |
| train/                  |             |
|    approx_kl            | 0.020185944 |
|    clip_fraction        | 0.252       |
|    clip_range           | 0.2         |
|    entropy_loss         | -5.16       |
|    explained_variance   | 0.0556      |
|    learning_rate        | 0.0003      |
|    loss                 | 1.76e+03    |
|    n_updates            | 680         |
|    policy_gradient_loss | -0.0113     |
|    std                  | 0.878       |
|    value_loss           | 2.57e+03    |
-----------------------------------------
---------------------------------
| rollout/           |          |
|    ep_len_mean     | 73.3     |
|    ep_rew_mean     | 199      |
| time/              |          |
|    fps             | 133      |
|    iterations      | 69       |
|    time_elapsed    | 2110     |
|    total_timesteps | 282624   |
---------------------------------
-----------------------------------------
| rollout/                |             |
|    ep_len_mean          | 74          |
|    ep_rew_mean          | 213         |
| time/                   |             |
|    fps                  | 133         |
|    iterations           | 70          |
|    time_elapsed         | 2141        |
|    total_timesteps      | 286720      |
| train/                  |             |
|    approx_kl            | 0.014330595 |
|    clip_fraction        | 0.15        |
|    clip_range           | 0.2         |
|    entropy_loss         | -5.15       |
|    explained_variance   | 0.11        |
|    learning_rate        | 0.0003      |
|    loss                 | 1.53e+03    |
|    n_updates            | 690         |
|    policy_gradient_loss | -0.0163     |
|    std                  | 0.875       |
|    value_loss           | 3.19e+03    |
-----------------------------------------
-----------------------------------------
| rollout/                |             |
|    ep_len_mean          | 77.3        |
|    ep_rew_mean          | 239         |
| time/                   |             |
|    fps                  | 133         |
|    iterations           | 71          |
|    time_elapsed         | 2173        |
|    total_timesteps      | 290816      |
| train/                  |             |
|    approx_kl            | 0.012990628 |
|    clip_fraction        | 0.149       |
|    clip_range           | 0.2         |
|    entropy_loss         | -5.14       |
|    explained_variance   | 0.0827      |
|    learning_rate        | 0.0003      |
|    loss                 | 232         |
|    n_updates            | 700         |
|    policy_gradient_loss | -0.0188     |
|    std                  | 0.875       |
|    value_loss           | 3.12e+03    |
-----------------------------------------
-----------------------------------------
| rollout/                |             |
|    ep_len_mean          | 80          |
|    ep_rew_mean          | 268         |
| time/                   |             |
|    fps                  | 133         |
|    iterations           | 72          |
|    time_elapsed         | 2208        |
|    total_timesteps      | 294912      |
| train/                  |             |
|    approx_kl            | 0.012763895 |
|    clip_fraction        | 0.146       |
|    clip_range           | 0.2         |
|    entropy_loss         | -5.13       |
|    explained_variance   | 0.104       |
|    learning_rate        | 0.0003      |
|    loss                 | 3.31e+03    |
|    n_updates            | 710         |
|    policy_gradient_loss | -0.0178     |
|    std                  | 0.869       |
|    value_loss           | 4.18e+03    |
-----------------------------------------
-----------------------------------------
| rollout/                |             |
|    ep_len_mean          | 78.1        |
|    ep_rew_mean          | 235         |
| time/                   |             |
|    fps                  | 133         |
|    iterations           | 73          |
|    time_elapsed         | 2241        |
|    total_timesteps      | 299008      |
| train/                  |             |
|    approx_kl            | 0.018983213 |
|    clip_fraction        | 0.16        |
|    clip_range           | 0.2         |
|    entropy_loss         | -5.1        |
|    explained_variance   | 0.0833      |
|    learning_rate        | 0.0003      |
|    loss                 | 2.66e+03    |
|    n_updates            | 720         |
|    policy_gradient_loss | -0.0179     |
|    std                  | 0.863       |
|    value_loss           | 3.61e+03    |
-----------------------------------------
Eval num_timesteps=300000, episode_reward=455.42 +/- 187.95
Episode length: 116.00 +/- 36.36
-----------------------------------------
| eval/                   |             |
|    mean_ep_length       | 116         |
|    mean_reward          | 455         |
| time/                   |             |
|    total_timesteps      | 300000      |
| train/                  |             |
|    approx_kl            | 0.014314041 |
|    clip_fraction        | 0.189       |
|    clip_range           | 0.2         |
|    entropy_loss         | -5.08       |
|    explained_variance   | 0.0324      |
|    learning_rate        | 0.0003      |
|    loss                 | 2.36e+03    |
|    n_updates            | 730         |
|    policy_gradient_loss | -0.0182     |
|    std                  | 0.858       |
|    value_loss           | 2.89e+03    |
-----------------------------------------
---------------------------------
| rollout/           |          |
|    ep_len_mean     | 77.2     |
|    ep_rew_mean     | 218      |
| time/              |          |
|    fps             | 133      |
|    iterations      | 74       |
|    time_elapsed    | 2274     |
|    total_timesteps | 303104   |
---------------------------------
-----------------------------------------
| rollout/                |             |
|    ep_len_mean          | 82.8        |
|    ep_rew_mean          | 272         |
| time/                   |             |
|    fps                  | 133         |
|    iterations           | 75          |
|    time_elapsed         | 2305        |
|    total_timesteps      | 307200      |
| train/                  |             |
|    approx_kl            | 0.017744495 |
|    clip_fraction        | 0.16        |
|    clip_range           | 0.2         |
|    entropy_loss         | -5.06       |
|    explained_variance   | 0.044       |
|    learning_rate        | 0.0003      |
|    loss                 | 2.76e+03    |
|    n_updates            | 740         |
|    policy_gradient_loss | -0.017      |
|    std                  | 0.858       |
|    value_loss           | 2.99e+03    |
-----------------------------------------
-----------------------------------------
| rollout/                |             |
|    ep_len_mean          | 89.5        |
|    ep_rew_mean          | 325         |
| time/                   |             |
|    fps                  | 133         |
|    iterations           | 76          |
|    time_elapsed         | 2339        |
|    total_timesteps      | 311296      |
| train/                  |             |
|    approx_kl            | 0.025043713 |
|    clip_fraction        | 0.192       |
|    clip_range           | 0.2         |
|    entropy_loss         | -5.06       |
|    explained_variance   | 0.124       |
|    learning_rate        | 0.0003      |
|    loss                 | 1.77e+03    |
|    n_updates            | 750         |
|    policy_gradient_loss | -0.0191     |
|    std                  | 0.856       |
|    value_loss           | 3.82e+03    |
-----------------------------------------
-----------------------------------------
| rollout/                |             |
|    ep_len_mean          | 87.5        |
|    ep_rew_mean          | 297         |
| time/                   |             |
|    fps                  | 132         |
|    iterations           | 77          |
|    time_elapsed         | 2375        |
|    total_timesteps      | 315392      |
| train/                  |             |
|    approx_kl            | 0.015694924 |
|    clip_fraction        | 0.181       |
|    clip_range           | 0.2         |
|    entropy_loss         | -5.05       |
|    explained_variance   | 0.101       |
|    learning_rate        | 0.0003      |
|    loss                 | 2.76e+03    |
|    n_updates            | 760         |
|    policy_gradient_loss | -0.0179     |
|    std                  | 0.855       |
|    value_loss           | 4.03e+03    |
-----------------------------------------
-----------------------------------------
| rollout/                |             |
|    ep_len_mean          | 88.1        |
|    ep_rew_mean          | 321         |
| time/                   |             |
|    fps                  | 132         |
|    iterations           | 78          |
|    time_elapsed         | 2406        |
|    total_timesteps      | 319488      |
| train/                  |             |
|    approx_kl            | 0.015651142 |
|    clip_fraction        | 0.164       |
|    clip_range           | 0.2         |
|    entropy_loss         | -5.05       |
|    explained_variance   | 0.115       |
|    learning_rate        | 0.0003      |
|    loss                 | 12.3        |
|    n_updates            | 770         |
|    policy_gradient_loss | -0.0164     |
|    std                  | 0.853       |
|    value_loss           | 2.93e+03    |
-----------------------------------------
Eval num_timesteps=320000, episode_reward=580.38 +/- 56.72
Episode length: 135.60 +/- 7.06
-----------------------------------------
| eval/                   |             |
|    mean_ep_length       | 136         |
|    mean_reward          | 580         |
| time/                   |             |
|    total_timesteps      | 320000      |
| train/                  |             |
|    approx_kl            | 0.015109279 |
|    clip_fraction        | 0.141       |
|    clip_range           | 0.2         |
|    entropy_loss         | -5.04       |
|    explained_variance   | 0.00627     |
|    learning_rate        | 0.0003      |
|    loss                 | 1.11e+03    |
|    n_updates            | 780         |
|    policy_gradient_loss | -0.0159     |
|    std                  | 0.853       |
|    value_loss           | 4.56e+03    |
-----------------------------------------
New best mean reward!
---------------------------------
| rollout/           |          |
|    ep_len_mean     | 85.8     |
|    ep_rew_mean     | 338      |
| time/              |          |
|    fps             | 132      |
|    iterations      | 79       |
|    time_elapsed    | 2437     |
|    total_timesteps | 323584   |
---------------------------------
-----------------------------------------
| rollout/                |             |
|    ep_len_mean          | 81.5        |
|    ep_rew_mean          | 287         |
| time/                   |             |
|    fps                  | 132         |
|    iterations           | 80          |
|    time_elapsed         | 2468        |
|    total_timesteps      | 327680      |
| train/                  |             |
|    approx_kl            | 0.020648986 |
|    clip_fraction        | 0.217       |
|    clip_range           | 0.2         |
|    entropy_loss         | -5.03       |
|    explained_variance   | 0.114       |
|    learning_rate        | 0.0003      |
|    loss                 | 2.65e+03    |
|    n_updates            | 790         |
|    policy_gradient_loss | -0.0185     |
|    std                  | 0.849       |
|    value_loss           | 3.61e+03    |
-----------------------------------------
-----------------------------------------
| rollout/                |             |
|    ep_len_mean          | 78.9        |
|    ep_rew_mean          | 284         |
| time/                   |             |
|    fps                  | 132         |
|    iterations           | 81          |
|    time_elapsed         | 2501        |
|    total_timesteps      | 331776      |
| train/                  |             |
|    approx_kl            | 0.013449798 |
|    clip_fraction        | 0.119       |
|    clip_range           | 0.2         |
|    entropy_loss         | -5.02       |
|    explained_variance   | 0.0976      |
|    learning_rate        | 0.0003      |
|    loss                 | 1.44e+03    |
|    n_updates            | 800         |
|    policy_gradient_loss | -0.0137     |
|    std                  | 0.847       |
|    value_loss           | 3.54e+03    |
-----------------------------------------
------------------------------------------
| rollout/                |              |
|    ep_len_mean          | 80.8         |
|    ep_rew_mean          | 326          |
| time/                   |              |
|    fps                  | 132          |
|    iterations           | 82           |
|    time_elapsed         | 2533         |
|    total_timesteps      | 335872       |
| train/                  |              |
|    approx_kl            | 0.0123352725 |
|    clip_fraction        | 0.117        |
|    clip_range           | 0.2          |
|    entropy_loss         | -5           |
|    explained_variance   | 0.0171       |
|    learning_rate        | 0.0003       |
|    loss                 | 2.51e+03     |
|    n_updates            | 810          |
|    policy_gradient_loss | -0.0155      |
|    std                  | 0.842        |
|    value_loss           | 3.52e+03     |
------------------------------------------
-----------------------------------------
| rollout/                |             |
|    ep_len_mean          | 84.4        |
|    ep_rew_mean          | 339         |
| time/                   |             |
|    fps                  | 132         |
|    iterations           | 83          |
|    time_elapsed         | 2564        |
|    total_timesteps      | 339968      |
| train/                  |             |
|    approx_kl            | 0.014062772 |
|    clip_fraction        | 0.127       |
|    clip_range           | 0.2         |
|    entropy_loss         | -4.98       |
|    explained_variance   | 0.143       |
|    learning_rate        | 0.0003      |
|    loss                 | 753         |
|    n_updates            | 820         |
|    policy_gradient_loss | -0.0169     |
|    std                  | 0.837       |
|    value_loss           | 4.05e+03    |
-----------------------------------------
Eval num_timesteps=340000, episode_reward=439.06 +/- 146.27
Episode length: 108.60 +/- 25.85
-----------------------------------------
| eval/                   |             |
|    mean_ep_length       | 109         |
|    mean_reward          | 439         |
| time/                   |             |
|    total_timesteps      | 340000      |
| train/                  |             |
|    approx_kl            | 0.013720841 |
|    clip_fraction        | 0.168       |
|    clip_range           | 0.2         |
|    entropy_loss         | -4.96       |
|    explained_variance   | 0.129       |
|    learning_rate        | 0.0003      |
|    loss                 | 1.86e+03    |
|    n_updates            | 830         |
|    policy_gradient_loss | -0.0168     |
|    std                  | 0.834       |
|    value_loss           | 3.24e+03    |
-----------------------------------------
---------------------------------
| rollout/           |          |
|    ep_len_mean     | 82.8     |
|    ep_rew_mean     | 308      |
| time/              |          |
|    fps             | 132      |
|    iterations      | 84       |
|    time_elapsed    | 2596     |
|    total_timesteps | 344064   |
---------------------------------
----------------------------------------
| rollout/                |            |
|    ep_len_mean          | 76.4       |
|    ep_rew_mean          | 283        |
| time/                   |            |
|    fps                  | 132        |
|    iterations           | 85         |
|    time_elapsed         | 2627       |
|    total_timesteps      | 348160     |
| train/                  |            |
|    approx_kl            | 0.01657518 |
|    clip_fraction        | 0.22       |
|    clip_range           | 0.2        |
|    entropy_loss         | -4.94      |
|    explained_variance   | 0.0619     |
|    learning_rate        | 0.0003     |
|    loss                 | 1.06e+03   |
|    n_updates            | 840        |
|    policy_gradient_loss | -0.0155    |
|    std                  | 0.83       |
|    value_loss           | 3.52e+03   |
----------------------------------------
-----------------------------------------
| rollout/                |             |
|    ep_len_mean          | 76.9        |
|    ep_rew_mean          | 285         |
| time/                   |             |
|    fps                  | 132         |
|    iterations           | 86          |
|    time_elapsed         | 2651        |
|    total_timesteps      | 352256      |
| train/                  |             |
|    approx_kl            | 0.017158879 |
|    clip_fraction        | 0.202       |
|    clip_range           | 0.2         |
|    entropy_loss         | -4.93       |
|    explained_variance   | 0.07        |
|    learning_rate        | 0.0003      |
|    loss                 | 1.41e+03    |
|    n_updates            | 850         |
|    policy_gradient_loss | -0.0127     |
|    std                  | 0.828       |
|    value_loss           | 3.47e+03    |
-----------------------------------------
-----------------------------------------
| rollout/                |             |
|    ep_len_mean          | 77.6        |
|    ep_rew_mean          | 293         |
| time/                   |             |
|    fps                  | 132         |
|    iterations           | 87          |
|    time_elapsed         | 2681        |
|    total_timesteps      | 356352      |
| train/                  |             |
|    approx_kl            | 0.016145494 |
|    clip_fraction        | 0.223       |
|    clip_range           | 0.2         |
|    entropy_loss         | -4.91       |
|    explained_variance   | 0.0838      |
|    learning_rate        | 0.0003      |
|    loss                 | 1.49e+03    |
|    n_updates            | 860         |
|    policy_gradient_loss | -0.0132     |
|    std                  | 0.824       |
|    value_loss           | 3.11e+03    |
-----------------------------------------
Eval num_timesteps=360000, episode_reward=516.19 +/- 83.68
Episode length: 98.60 +/- 25.27
----------------------------------------
| eval/                   |            |
|    mean_ep_length       | 98.6       |
|    mean_reward          | 516        |
| time/                   |            |
|    total_timesteps      | 360000     |
| train/                  |            |
|    approx_kl            | 0.01765972 |
|    clip_fraction        | 0.216      |
|    clip_range           | 0.2        |
|    entropy_loss         | -4.88      |
|    explained_variance   | 0.149      |
|    learning_rate        | 0.0003     |
|    loss                 | 2.42e+03   |
|    n_updates            | 870        |
|    policy_gradient_loss | -0.0238    |
|    std                  | 0.815      |
|    value_loss           | 3.63e+03   |
----------------------------------------
---------------------------------
| rollout/           |          |
|    ep_len_mean     | 79.5     |
|    ep_rew_mean     | 343      |
| time/              |          |
|    fps             | 132      |
|    iterations      | 88       |
|    time_elapsed    | 2712     |
|    total_timesteps | 360448   |
---------------------------------
-----------------------------------------
| rollout/                |             |
|    ep_len_mean          | 77.9        |
|    ep_rew_mean          | 338         |
| time/                   |             |
|    fps                  | 132         |
|    iterations           | 89          |
|    time_elapsed         | 2744        |
|    total_timesteps      | 364544      |
| train/                  |             |
|    approx_kl            | 0.013315121 |
|    clip_fraction        | 0.143       |
|    clip_range           | 0.2         |
|    entropy_loss         | -4.85       |
|    explained_variance   | 0.0732      |
|    learning_rate        | 0.0003      |
|    loss                 | 2.42e+03    |
|    n_updates            | 880         |
|    policy_gradient_loss | -0.0207     |
|    std                  | 0.809       |
|    value_loss           | 3.88e+03    |
-----------------------------------------
-----------------------------------------
| rollout/                |             |
|    ep_len_mean          | 76.8        |
|    ep_rew_mean          | 329         |
| time/                   |             |
|    fps                  | 132         |
|    iterations           | 90          |
|    time_elapsed         | 2775        |
|    total_timesteps      | 368640      |
| train/                  |             |
|    approx_kl            | 0.053626608 |
|    clip_fraction        | 0.312       |
|    clip_range           | 0.2         |
|    entropy_loss         | -4.83       |
|    explained_variance   | 0.144       |
|    learning_rate        | 0.0003      |
|    loss                 | 2.26e+03    |
|    n_updates            | 890         |
|    policy_gradient_loss | -0.00882    |
|    std                  | 0.808       |
|    value_loss           | 3.81e+03    |
-----------------------------------------
-----------------------------------------
| rollout/                |             |
|    ep_len_mean          | 79          |
|    ep_rew_mean          | 309         |
| time/                   |             |
|    fps                  | 132         |
|    iterations           | 91          |
|    time_elapsed         | 2805        |
|    total_timesteps      | 372736      |
| train/                  |             |
|    approx_kl            | 0.018888991 |
|    clip_fraction        | 0.287       |
|    clip_range           | 0.2         |
|    entropy_loss         | -4.83       |
|    explained_variance   | 0.115       |
|    learning_rate        | 0.0003      |
|    loss                 | 2.23e+03    |
|    n_updates            | 900         |
|    policy_gradient_loss | -0.0195     |
|    std                  | 0.808       |
|    value_loss           | 3.5e+03     |
-----------------------------------------
-----------------------------------------
| rollout/                |             |
|    ep_len_mean          | 77          |
|    ep_rew_mean          | 292         |
| time/                   |             |
|    fps                  | 132         |
|    iterations           | 92          |
|    time_elapsed         | 2834        |
|    total_timesteps      | 376832      |
| train/                  |             |
|    approx_kl            | 0.019716935 |
|    clip_fraction        | 0.178       |
|    clip_range           | 0.2         |
|    entropy_loss         | -4.82       |
|    explained_variance   | 0.0607      |
|    learning_rate        | 0.0003      |
|    loss                 | 2.87e+03    |
|    n_updates            | 910         |
|    policy_gradient_loss | -0.0169     |
|    std                  | 0.805       |
|    value_loss           | 3.44e+03    |
-----------------------------------------
Eval num_timesteps=380000, episode_reward=503.75 +/- 66.46
Episode length: 87.80 +/- 19.00
-----------------------------------------
| eval/                   |             |
|    mean_ep_length       | 87.8        |
|    mean_reward          | 504         |
| time/                   |             |
|    total_timesteps      | 380000      |
| train/                  |             |
|    approx_kl            | 0.017152715 |
|    clip_fraction        | 0.201       |
|    clip_range           | 0.2         |
|    entropy_loss         | -4.81       |
|    explained_variance   | 0.0341      |
|    learning_rate        | 0.0003      |
|    loss                 | 1.55e+03    |
|    n_updates            | 920         |
|    policy_gradient_loss | -0.0155     |
|    std                  | 0.805       |
|    value_loss           | 3.17e+03    |
-----------------------------------------
---------------------------------
| rollout/           |          |
|    ep_len_mean     | 73.7     |
|    ep_rew_mean     | 295      |
| time/              |          |
|    fps             | 132      |
|    iterations      | 93       |
|    time_elapsed    | 2866     |
|    total_timesteps | 380928   |
---------------------------------
-----------------------------------------
| rollout/                |             |
|    ep_len_mean          | 71.3        |
|    ep_rew_mean          | 287         |
| time/                   |             |
|    fps                  | 132         |
|    iterations           | 94          |
|    time_elapsed         | 2897        |
|    total_timesteps      | 385024      |
| train/                  |             |
|    approx_kl            | 0.013443571 |
|    clip_fraction        | 0.15        |
|    clip_range           | 0.2         |
|    entropy_loss         | -4.8        |
|    explained_variance   | 0.0132      |
|    learning_rate        | 0.0003      |
|    loss                 | 1.09e+03    |
|    n_updates            | 930         |
|    policy_gradient_loss | -0.0191     |
|    std                  | 0.801       |
|    value_loss           | 3.2e+03     |
-----------------------------------------
---------------------------------------
| rollout/                |           |
|    ep_len_mean          | 76.4      |
|    ep_rew_mean          | 317       |
| time/                   |           |
|    fps                  | 133       |
|    iterations           | 95        |
|    time_elapsed         | 2925      |
|    total_timesteps      | 389120    |
| train/                  |           |
|    approx_kl            | 0.0126883 |
|    clip_fraction        | 0.137     |
|    clip_range           | 0.2       |
|    entropy_loss         | -4.79     |
|    explained_variance   | 0.0992    |
|    learning_rate        | 0.0003    |
|    loss                 | 1.91e+03  |
|    n_updates            | 940       |
|    policy_gradient_loss | -0.018    |
|    std                  | 0.802     |
|    value_loss           | 3.35e+03  |
---------------------------------------
-----------------------------------------
| rollout/                |             |
|    ep_len_mean          | 80.3        |
|    ep_rew_mean          | 345         |
| time/                   |             |
|    fps                  | 133         |
|    iterations           | 96          |
|    time_elapsed         | 2956        |
|    total_timesteps      | 393216      |
| train/                  |             |
|    approx_kl            | 0.012636552 |
|    clip_fraction        | 0.153       |
|    clip_range           | 0.2         |
|    entropy_loss         | -4.79       |
|    explained_variance   | 0.0677      |
|    learning_rate        | 0.0003      |
|    loss                 | 2.37e+03    |
|    n_updates            | 950         |
|    policy_gradient_loss | -0.0167     |
|    std                  | 0.801       |
|    value_loss           | 3.49e+03    |
-----------------------------------------
----------------------------------------
| rollout/                |            |
|    ep_len_mean          | 74.8       |
|    ep_rew_mean          | 313        |
| time/                   |            |
|    fps                  | 133        |
|    iterations           | 97         |
|    time_elapsed         | 2986       |
|    total_timesteps      | 397312     |
| train/                  |            |
|    approx_kl            | 0.01867888 |
|    clip_fraction        | 0.183      |
|    clip_range           | 0.2        |
|    entropy_loss         | -4.78      |
|    explained_variance   | 0.179      |
|    learning_rate        | 0.0003     |
|    loss                 | 1.49e+03   |
|    n_updates            | 960        |
|    policy_gradient_loss | -0.027     |
|    std                  | 0.799      |
|    value_loss           | 3.18e+03   |
----------------------------------------
Eval num_timesteps=400000, episode_reward=345.77 +/- 198.24
Episode length: 92.40 +/- 14.32
-----------------------------------------
| eval/                   |             |
|    mean_ep_length       | 92.4        |
|    mean_reward          | 346         |
| time/                   |             |
|    total_timesteps      | 400000      |
| train/                  |             |
|    approx_kl            | 0.014293602 |
|    clip_fraction        | 0.146       |
|    clip_range           | 0.2         |
|    entropy_loss         | -4.76       |
|    explained_variance   | 0.133       |
|    learning_rate        | 0.0003      |
|    loss                 | 897         |
|    n_updates            | 970         |
|    policy_gradient_loss | -0.0213     |
|    std                  | 0.794       |
|    value_loss           | 3.53e+03    |
-----------------------------------------
---------------------------------
| rollout/           |          |
|    ep_len_mean     | 72.8     |
|    ep_rew_mean     | 334      |
| time/              |          |
|    fps             | 133      |
|    iterations      | 98       |
|    time_elapsed    | 3014     |
|    total_timesteps | 401408   |
---------------------------------
-----------------------------------------
| rollout/                |             |
|    ep_len_mean          | 71.1        |
|    ep_rew_mean          | 321         |
| time/                   |             |
|    fps                  | 133         |
|    iterations           | 99          |
|    time_elapsed         | 3043        |
|    total_timesteps      | 405504      |
| train/                  |             |
|    approx_kl            | 0.020394877 |
|    clip_fraction        | 0.191       |
|    clip_range           | 0.2         |
|    entropy_loss         | -4.74       |
|    explained_variance   | 0.208       |
|    learning_rate        | 0.0003      |
|    loss                 | 1.52e+03    |
|    n_updates            | 980         |
|    policy_gradient_loss | -0.0216     |
|    std                  | 0.786       |
|    value_loss           | 3.04e+03    |
-----------------------------------------
-----------------------------------------
| rollout/                |             |
|    ep_len_mean          | 66.9        |
|    ep_rew_mean          | 286         |
| time/                   |             |
|    fps                  | 133         |
|    iterations           | 100         |
|    time_elapsed         | 3073        |
|    total_timesteps      | 409600      |
| train/                  |             |
|    approx_kl            | 0.017992266 |
|    clip_fraction        | 0.217       |
|    clip_range           | 0.2         |
|    entropy_loss         | -4.7        |
|    explained_variance   | 0.215       |
|    learning_rate        | 0.0003      |
|    loss                 | 1.31e+03    |
|    n_updates            | 990         |
|    policy_gradient_loss | -0.0255     |
|    std                  | 0.782       |
|    value_loss           | 2.85e+03    |
-----------------------------------------
-----------------------------------------
| rollout/                |             |
|    ep_len_mean          | 68.3        |
|    ep_rew_mean          | 303         |
| time/                   |             |
|    fps                  | 133         |
|    iterations           | 101         |
|    time_elapsed         | 3100        |
|    total_timesteps      | 413696      |
| train/                  |             |
|    approx_kl            | 0.027841639 |
|    clip_fraction        | 0.233       |
|    clip_range           | 0.2         |
|    entropy_loss         | -4.68       |
|    explained_variance   | 0.132       |
|    learning_rate        | 0.0003      |
|    loss                 | 1.55e+03    |
|    n_updates            | 1000        |
|    policy_gradient_loss | -0.0217     |
|    std                  | 0.776       |
|    value_loss           | 3.12e+03    |
-----------------------------------------
-----------------------------------------
| rollout/                |             |
|    ep_len_mean          | 70.8        |
|    ep_rew_mean          | 311         |
| time/                   |             |
|    fps                  | 133         |
|    iterations           | 102         |
|    time_elapsed         | 3129        |
|    total_timesteps      | 417792      |
| train/                  |             |
|    approx_kl            | 0.015164428 |
|    clip_fraction        | 0.229       |
|    clip_range           | 0.2         |
|    entropy_loss         | -4.66       |
|    explained_variance   | 0.196       |
|    learning_rate        | 0.0003      |
|    loss                 | 1.42e+03    |
|    n_updates            | 1010        |
|    policy_gradient_loss | -0.019      |
|    std                  | 0.774       |
|    value_loss           | 3.04e+03    |
-----------------------------------------
Eval num_timesteps=420000, episode_reward=384.65 +/- 192.87
Episode length: 67.80 +/- 33.16
-----------------------------------------
| eval/                   |             |
|    mean_ep_length       | 67.8        |
|    mean_reward          | 385         |
| time/                   |             |
|    total_timesteps      | 420000      |
| train/                  |             |
|    approx_kl            | 0.018294882 |
|    clip_fraction        | 0.181       |
|    clip_range           | 0.2         |
|    entropy_loss         | -4.64       |
|    explained_variance   | 0.337       |
|    learning_rate        | 0.0003      |
|    loss                 | 2.47e+03    |
|    n_updates            | 1020        |
|    policy_gradient_loss | -0.019      |
|    std                  | 0.772       |
|    value_loss           | 3.04e+03    |
-----------------------------------------
---------------------------------
| rollout/           |          |
|    ep_len_mean     | 71.1     |
|    ep_rew_mean     | 334      |
| time/              |          |
|    fps             | 133      |
|    iterations      | 103      |
|    time_elapsed    | 3159     |
|    total_timesteps | 421888   |
---------------------------------
-----------------------------------------
| rollout/                |             |
|    ep_len_mean          | 71.1        |
|    ep_rew_mean          | 371         |
| time/                   |             |
|    fps                  | 133         |
|    iterations           | 104         |
|    time_elapsed         | 3188        |
|    total_timesteps      | 425984      |
| train/                  |             |
|    approx_kl            | 0.020707278 |
|    clip_fraction        | 0.181       |
|    clip_range           | 0.2         |
|    entropy_loss         | -4.63       |
|    explained_variance   | 0.19        |
|    learning_rate        | 0.0003      |
|    loss                 | 1.51e+03    |
|    n_updates            | 1030        |
|    policy_gradient_loss | -0.0169     |
|    std                  | 0.769       |
|    value_loss           | 3.49e+03    |
-----------------------------------------
-----------------------------------------
| rollout/                |             |
|    ep_len_mean          | 69.8        |
|    ep_rew_mean          | 367         |
| time/                   |             |
|    fps                  | 133         |
|    iterations           | 105         |
|    time_elapsed         | 3215        |
|    total_timesteps      | 430080      |
| train/                  |             |
|    approx_kl            | 0.014992023 |
|    clip_fraction        | 0.153       |
|    clip_range           | 0.2         |
|    entropy_loss         | -4.62       |
|    explained_variance   | 0.2         |
|    learning_rate        | 0.0003      |
|    loss                 | 2.35e+03    |
|    n_updates            | 1040        |
|    policy_gradient_loss | -0.0206     |
|    std                  | 0.768       |
|    value_loss           | 3.8e+03     |
-----------------------------------------
-----------------------------------------
| rollout/                |             |
|    ep_len_mean          | 66.7        |
|    ep_rew_mean          | 330         |
| time/                   |             |
|    fps                  | 133         |
|    iterations           | 106         |
|    time_elapsed         | 3242        |
|    total_timesteps      | 434176      |
| train/                  |             |
|    approx_kl            | 0.017484672 |
|    clip_fraction        | 0.183       |
|    clip_range           | 0.2         |
|    entropy_loss         | -4.61       |
|    explained_variance   | 0.167       |
|    learning_rate        | 0.0003      |
|    loss                 | 2.63e+03    |
|    n_updates            | 1050        |
|    policy_gradient_loss | -0.0176     |
|    std                  | 0.765       |
|    value_loss           | 3.39e+03    |
-----------------------------------------
------------------------------------------
| rollout/                |              |
|    ep_len_mean          | 68.2         |
|    ep_rew_mean          | 326          |
| time/                   |              |
|    fps                  | 134          |
|    iterations           | 107          |
|    time_elapsed         | 3270         |
|    total_timesteps      | 438272       |
| train/                  |              |
|    approx_kl            | 0.0151815135 |
|    clip_fraction        | 0.164        |
|    clip_range           | 0.2          |
|    entropy_loss         | -4.6         |
|    explained_variance   | 0.0916       |
|    learning_rate        | 0.0003       |
|    loss                 | 1.42e+03     |
|    n_updates            | 1060         |
|    policy_gradient_loss | -0.0131      |
|    std                  | 0.763        |
|    value_loss           | 3.38e+03     |
------------------------------------------
Eval num_timesteps=440000, episode_reward=473.04 +/- 50.51
Episode length: 73.00 +/- 8.51
-----------------------------------------
| eval/                   |             |
|    mean_ep_length       | 73          |
|    mean_reward          | 473         |
| time/                   |             |
|    total_timesteps      | 440000      |
| train/                  |             |
|    approx_kl            | 0.014120152 |
|    clip_fraction        | 0.144       |
|    clip_range           | 0.2         |
|    entropy_loss         | -4.58       |
|    explained_variance   | 0.292       |
|    learning_rate        | 0.0003      |
|    loss                 | 1.13e+03    |
|    n_updates            | 1070        |
|    policy_gradient_loss | -0.0181     |
|    std                  | 0.757       |
|    value_loss           | 2.86e+03    |
-----------------------------------------
---------------------------------
| rollout/           |          |
|    ep_len_mean     | 70.2     |
|    ep_rew_mean     | 338      |
| time/              |          |
|    fps             | 134      |
|    iterations      | 108      |
|    time_elapsed    | 3298     |
|    total_timesteps | 442368   |
---------------------------------
-----------------------------------------
| rollout/                |             |
|    ep_len_mean          | 69.6        |
|    ep_rew_mean          | 362         |
| time/                   |             |
|    fps                  | 134         |
|    iterations           | 109         |
|    time_elapsed         | 3325        |
|    total_timesteps      | 446464      |
| train/                  |             |
|    approx_kl            | 0.019216057 |
|    clip_fraction        | 0.197       |
|    clip_range           | 0.2         |
|    entropy_loss         | -4.56       |
|    explained_variance   | 0.21        |
|    learning_rate        | 0.0003      |
|    loss                 | 1.29e+03    |
|    n_updates            | 1080        |
|    policy_gradient_loss | -0.0159     |
|    std                  | 0.754       |
|    value_loss           | 3.28e+03    |
-----------------------------------------
-----------------------------------------
| rollout/                |             |
|    ep_len_mean          | 68.5        |
|    ep_rew_mean          | 370         |
| time/                   |             |
|    fps                  | 134         |
|    iterations           | 110         |
|    time_elapsed         | 3353        |
|    total_timesteps      | 450560      |
| train/                  |             |
|    approx_kl            | 0.015449262 |
|    clip_fraction        | 0.187       |
|    clip_range           | 0.2         |
|    entropy_loss         | -4.54       |
|    explained_variance   | 0.278       |
|    learning_rate        | 0.0003      |
|    loss                 | 1.01e+03    |
|    n_updates            | 1090        |
|    policy_gradient_loss | -0.0192     |
|    std                  | 0.751       |
|    value_loss           | 2.98e+03    |
-----------------------------------------
-----------------------------------------
| rollout/                |             |
|    ep_len_mean          | 67.8        |
|    ep_rew_mean          | 361         |
| time/                   |             |
|    fps                  | 134         |
|    iterations           | 111         |
|    time_elapsed         | 3380        |
|    total_timesteps      | 454656      |
| train/                  |             |
|    approx_kl            | 0.015018491 |
|    clip_fraction        | 0.184       |
|    clip_range           | 0.2         |
|    entropy_loss         | -4.51       |
|    explained_variance   | 0.216       |
|    learning_rate        | 0.0003      |
|    loss                 | 1.2e+03     |
|    n_updates            | 1100        |
|    policy_gradient_loss | -0.0248     |
|    std                  | 0.746       |
|    value_loss           | 3.04e+03    |
-----------------------------------------
-----------------------------------------
| rollout/                |             |
|    ep_len_mean          | 67.8        |
|    ep_rew_mean          | 346         |
| time/                   |             |
|    fps                  | 134         |
|    iterations           | 112         |
|    time_elapsed         | 3408        |
|    total_timesteps      | 458752      |
| train/                  |             |
|    approx_kl            | 0.018936055 |
|    clip_fraction        | 0.227       |
|    clip_range           | 0.2         |
|    entropy_loss         | -4.48       |
|    explained_variance   | 0.238       |
|    learning_rate        | 0.0003      |
|    loss                 | 1.44e+03    |
|    n_updates            | 1110        |
|    policy_gradient_loss | -0.0217     |
|    std                  | 0.739       |
|    value_loss           | 2.74e+03    |
-----------------------------------------
Eval num_timesteps=460000, episode_reward=458.22 +/- 46.85
Episode length: 74.60 +/- 12.63
-----------------------------------------
| eval/                   |             |
|    mean_ep_length       | 74.6        |
|    mean_reward          | 458         |
| time/                   |             |
|    total_timesteps      | 460000      |
| train/                  |             |
|    approx_kl            | 0.020445496 |
|    clip_fraction        | 0.221       |
|    clip_range           | 0.2         |
|    entropy_loss         | -4.45       |
|    explained_variance   | 0.314       |
|    learning_rate        | 0.0003      |
|    loss                 | 1.15e+03    |
|    n_updates            | 1120        |
|    policy_gradient_loss | -0.02       |
|    std                  | 0.735       |
|    value_loss           | 2.56e+03    |
-----------------------------------------
---------------------------------
| rollout/           |          |
|    ep_len_mean     | 67.9     |
|    ep_rew_mean     | 345      |
| time/              |          |
|    fps             | 134      |
|    iterations      | 113      |
|    time_elapsed    | 3436     |
|    total_timesteps | 462848   |
---------------------------------
-----------------------------------------
| rollout/                |             |
|    ep_len_mean          | 68.9        |
|    ep_rew_mean          | 382         |
| time/                   |             |
|    fps                  | 134         |
|    iterations           | 114         |
|    time_elapsed         | 3464        |
|    total_timesteps      | 466944      |
| train/                  |             |
|    approx_kl            | 0.017569512 |
|    clip_fraction        | 0.243       |
|    clip_range           | 0.2         |
|    entropy_loss         | -4.44       |
|    explained_variance   | 0.24        |
|    learning_rate        | 0.0003      |
|    loss                 | 746         |
|    n_updates            | 1130        |
|    policy_gradient_loss | -0.00451    |
|    std                  | 0.733       |
|    value_loss           | 3.1e+03     |
-----------------------------------------
-----------------------------------------
| rollout/                |             |
|    ep_len_mean          | 71.3        |
|    ep_rew_mean          | 411         |
| time/                   |             |
|    fps                  | 134         |
|    iterations           | 115         |
|    time_elapsed         | 3491        |
|    total_timesteps      | 471040      |
| train/                  |             |
|    approx_kl            | 0.018484788 |
|    clip_fraction        | 0.215       |
|    clip_range           | 0.2         |
|    entropy_loss         | -4.41       |
|    explained_variance   | 0.249       |
|    learning_rate        | 0.0003      |
|    loss                 | 988         |
|    n_updates            | 1140        |
|    policy_gradient_loss | -0.0289     |
|    std                  | 0.725       |
|    value_loss           | 3.14e+03    |
-----------------------------------------
-----------------------------------------
| rollout/                |             |
|    ep_len_mean          | 67.1        |
|    ep_rew_mean          | 378         |
| time/                   |             |
|    fps                  | 135         |
|    iterations           | 116         |
|    time_elapsed         | 3518        |
|    total_timesteps      | 475136      |
| train/                  |             |
|    approx_kl            | 0.017734619 |
|    clip_fraction        | 0.187       |
|    clip_range           | 0.2         |
|    entropy_loss         | -4.38       |
|    explained_variance   | 0.32        |
|    learning_rate        | 0.0003      |
|    loss                 | 1.13e+03    |
|    n_updates            | 1150        |
|    policy_gradient_loss | -0.0275     |
|    std                  | 0.721       |
|    value_loss           | 2.28e+03    |
-----------------------------------------
-----------------------------------------
| rollout/                |             |
|    ep_len_mean          | 64.2        |
|    ep_rew_mean          | 346         |
| time/                   |             |
|    fps                  | 135         |
|    iterations           | 117         |
|    time_elapsed         | 3546        |
|    total_timesteps      | 479232      |
| train/                  |             |
|    approx_kl            | 0.018381588 |
|    clip_fraction        | 0.212       |
|    clip_range           | 0.2         |
|    entropy_loss         | -4.35       |
|    explained_variance   | 0.311       |
|    learning_rate        | 0.0003      |
|    loss                 | 551         |
|    n_updates            | 1160        |
|    policy_gradient_loss | -0.0202     |
|    std                  | 0.717       |
|    value_loss           | 2.37e+03    |
-----------------------------------------
Eval num_timesteps=480000, episode_reward=475.80 +/- 40.34
Episode length: 76.20 +/- 8.01
-----------------------------------------
| eval/                   |             |
|    mean_ep_length       | 76.2        |
|    mean_reward          | 476         |
| time/                   |             |
|    total_timesteps      | 480000      |
| train/                  |             |
|    approx_kl            | 0.025881756 |
|    clip_fraction        | 0.27        |
|    clip_range           | 0.2         |
|    entropy_loss         | -4.32       |
|    explained_variance   | 0.23        |
|    learning_rate        | 0.0003      |
|    loss                 | 1.01e+03    |
|    n_updates            | 1170        |
|    policy_gradient_loss | -0.024      |
|    std                  | 0.71        |
|    value_loss           | 2.15e+03    |
-----------------------------------------
---------------------------------
| rollout/           |          |
|    ep_len_mean     | 61.9     |
|    ep_rew_mean     | 322      |
| time/              |          |
|    fps             | 135      |
|    iterations      | 118      |
|    time_elapsed    | 3572     |
|    total_timesteps | 483328   |
---------------------------------
-----------------------------------------
| rollout/                |             |
|    ep_len_mean          | 63.8        |
|    ep_rew_mean          | 365         |
| time/                   |             |
|    fps                  | 135         |
|    iterations           | 119         |
|    time_elapsed         | 3598        |
|    total_timesteps      | 487424      |
| train/                  |             |
|    approx_kl            | 0.020054745 |
|    clip_fraction        | 0.228       |
|    clip_range           | 0.2         |
|    entropy_loss         | -4.28       |
|    explained_variance   | 0.345       |
|    learning_rate        | 0.0003      |
|    loss                 | 700         |
|    n_updates            | 1180        |
|    policy_gradient_loss | -0.0237     |
|    std                  | 0.702       |
|    value_loss           | 2.09e+03    |
-----------------------------------------
-----------------------------------------
| rollout/                |             |
|    ep_len_mean          | 66.2        |
|    ep_rew_mean          | 371         |
| time/                   |             |
|    fps                  | 135         |
|    iterations           | 120         |
|    time_elapsed         | 3625        |
|    total_timesteps      | 491520      |
| train/                  |             |
|    approx_kl            | 0.016358927 |
|    clip_fraction        | 0.192       |
|    clip_range           | 0.2         |
|    entropy_loss         | -4.24       |
|    explained_variance   | 0.293       |
|    learning_rate        | 0.0003      |
|    loss                 | 816         |
|    n_updates            | 1190        |
|    policy_gradient_loss | -0.021      |
|    std                  | 0.696       |
|    value_loss           | 2.04e+03    |
-----------------------------------------
-----------------------------------------
| rollout/                |             |
|    ep_len_mean          | 65.1        |
|    ep_rew_mean          | 356         |
| time/                   |             |
|    fps                  | 135         |
|    iterations           | 121         |
|    time_elapsed         | 3651        |
|    total_timesteps      | 495616      |
| train/                  |             |
|    approx_kl            | 0.027550455 |
|    clip_fraction        | 0.266       |
|    clip_range           | 0.2         |
|    entropy_loss         | -4.23       |
|    explained_variance   | 0.273       |
|    learning_rate        | 0.0003      |
|    loss                 | 729         |
|    n_updates            | 1200        |
|    policy_gradient_loss | -0.0199     |
|    std                  | 0.697       |
|    value_loss           | 2.21e+03    |
-----------------------------------------
-----------------------------------------
| rollout/                |             |
|    ep_len_mean          | 63.8        |
|    ep_rew_mean          | 340         |
| time/                   |             |
|    fps                  | 135         |
|    iterations           | 122         |
|    time_elapsed         | 3678        |
|    total_timesteps      | 499712      |
| train/                  |             |
|    approx_kl            | 0.014872559 |
|    clip_fraction        | 0.176       |
|    clip_range           | 0.2         |
|    entropy_loss         | -4.21       |
|    explained_variance   | 0.283       |
|    learning_rate        | 0.0003      |
|    loss                 | 1.46e+03    |
|    n_updates            | 1210        |
|    policy_gradient_loss | -0.0189     |
|    std                  | 0.691       |
|    value_loss           | 2.38e+03    |
-----------------------------------------
Eval num_timesteps=500000, episode_reward=389.80 +/- 177.62
Episode length: 67.00 +/- 8.05
-----------------------------------------
| eval/                   |             |
|    mean_ep_length       | 67          |
|    mean_reward          | 390         |
| time/                   |             |
|    total_timesteps      | 500000      |
| train/                  |             |
|    approx_kl            | 0.024854975 |
|    clip_fraction        | 0.253       |
|    clip_range           | 0.2         |
|    entropy_loss         | -4.18       |
|    explained_variance   | 0.342       |
|    learning_rate        | 0.0003      |
|    loss                 | 1.34e+03    |
|    n_updates            | 1220        |
|    policy_gradient_loss | -0.0228     |
|    std                  | 0.685       |
|    value_loss           | 1.97e+03    |
-----------------------------------------
---------------------------------
| rollout/           |          |
|    ep_len_mean     | 63.8     |
|    ep_rew_mean     | 341      |
| time/              |          |
|    fps             | 136      |
|    iterations      | 123      |
|    time_elapsed    | 3703     |
|    total_timesteps | 503808   |
---------------------------------
-----------------------------------------
| rollout/                |             |
|    ep_len_mean          | 61.9        |
|    ep_rew_mean          | 306         |
| time/                   |             |
|    fps                  | 136         |
|    iterations           | 124         |
|    time_elapsed         | 3729        |
|    total_timesteps      | 507904      |
| train/                  |             |
|    approx_kl            | 0.016621437 |
|    clip_fraction        | 0.225       |
|    clip_range           | 0.2         |
|    entropy_loss         | -4.16       |
|    explained_variance   | 0.153       |
|    learning_rate        | 0.0003      |
|    loss                 | 1.62e+03    |
|    n_updates            | 1230        |
|    policy_gradient_loss | -0.0203     |
|    std                  | 0.683       |
|    value_loss           | 2.91e+03    |
-----------------------------------------
-----------------------------------------
| rollout/                |             |
|    ep_len_mean          | 64.3        |
|    ep_rew_mean          | 338         |
| time/                   |             |
|    fps                  | 136         |
|    iterations           | 125         |
|    time_elapsed         | 3756        |
|    total_timesteps      | 512000      |
| train/                  |             |
|    approx_kl            | 0.018129926 |
|    clip_fraction        | 0.186       |
|    clip_range           | 0.2         |
|    entropy_loss         | -4.14       |
|    explained_variance   | 0.182       |
|    learning_rate        | 0.0003      |
|    loss                 | 3.1e+03     |
|    n_updates            | 1240        |
|    policy_gradient_loss | -0.0171     |
|    std                  | 0.68        |
|    value_loss           | 2.75e+03    |
-----------------------------------------
-----------------------------------------
| rollout/                |             |
|    ep_len_mean          | 63.9        |
|    ep_rew_mean          | 333         |
| time/                   |             |
|    fps                  | 136         |
|    iterations           | 126         |
|    time_elapsed         | 3772        |
|    total_timesteps      | 516096      |
| train/                  |             |
|    approx_kl            | 0.022534002 |
|    clip_fraction        | 0.249       |
|    clip_range           | 0.2         |
|    entropy_loss         | -4.12       |
|    explained_variance   | 0.386       |
|    learning_rate        | 0.0003      |
|    loss                 | 460         |
|    n_updates            | 1250        |
|    policy_gradient_loss | -0.0231     |
|    std                  | 0.677       |
|    value_loss           | 1.86e+03    |
-----------------------------------------
Eval num_timesteps=520000, episode_reward=456.48 +/- 44.00
Episode length: 72.00 +/- 2.45
---------------------------------------
| eval/                   |           |
|    mean_ep_length       | 72        |
|    mean_reward          | 456       |
| time/                   |           |
|    total_timesteps      | 520000    |
| train/                  |           |
|    approx_kl            | 0.0319175 |
|    clip_fraction        | 0.243     |
|    clip_range           | 0.2       |
|    entropy_loss         | -4.09     |
|    explained_variance   | 0.202     |
|    learning_rate        | 0.0003    |
|    loss                 | 748       |
|    n_updates            | 1260      |
|    policy_gradient_loss | -0.0175   |
|    std                  | 0.672     |
|    value_loss           | 2.5e+03   |
---------------------------------------
---------------------------------
| rollout/           |          |
|    ep_len_mean     | 66.1     |
|    ep_rew_mean     | 321      |
| time/              |          |
|    fps             | 137      |
|    iterations      | 127      |
|    time_elapsed    | 3789     |
|    total_timesteps | 520192   |
---------------------------------
-----------------------------------------
| rollout/                |             |
|    ep_len_mean          | 67          |
|    ep_rew_mean          | 340         |
| time/                   |             |
|    fps                  | 137         |
|    iterations           | 128         |
|    time_elapsed         | 3815        |
|    total_timesteps      | 524288      |
| train/                  |             |
|    approx_kl            | 0.008510635 |
|    clip_fraction        | 0.0984      |
|    clip_range           | 0.2         |
|    entropy_loss         | -4.08       |
|    explained_variance   | -0.00905    |
|    learning_rate        | 0.0003      |
|    loss                 | 1.34e+03    |
|    n_updates            | 1270        |
|    policy_gradient_loss | -0.0115     |
|    std                  | 0.671       |
|    value_loss           | 3.09e+03    |
-----------------------------------------
-----------------------------------------
| rollout/                |             |
|    ep_len_mean          | 62.9        |
|    ep_rew_mean          | 319         |
| time/                   |             |
|    fps                  | 137         |
|    iterations           | 129         |
|    time_elapsed         | 3841        |
|    total_timesteps      | 528384      |
| train/                  |             |
|    approx_kl            | 0.017958615 |
|    clip_fraction        | 0.167       |
|    clip_range           | 0.2         |
|    entropy_loss         | -4.07       |
|    explained_variance   | 0.0783      |
|    learning_rate        | 0.0003      |
|    loss                 | 1.37e+03    |
|    n_updates            | 1280        |
|    policy_gradient_loss | -0.0156     |
|    std                  | 0.669       |
|    value_loss           | 2.49e+03    |
-----------------------------------------
----------------------------------------
| rollout/                |            |
|    ep_len_mean          | 62.5       |
|    ep_rew_mean          | 325        |
| time/                   |            |
|    fps                  | 137        |
|    iterations           | 130        |
|    time_elapsed         | 3867       |
|    total_timesteps      | 532480     |
| train/                  |            |
|    approx_kl            | 0.01697404 |
|    clip_fraction        | 0.166      |
|    clip_range           | 0.2        |
|    entropy_loss         | -4.06      |
|    explained_variance   | 0.335      |
|    learning_rate        | 0.0003     |
|    loss                 | 808        |
|    n_updates            | 1290       |
|    policy_gradient_loss | -0.0189    |
|    std                  | 0.665      |
|    value_loss           | 2.28e+03   |
----------------------------------------
-----------------------------------------
| rollout/                |             |
|    ep_len_mean          | 61.8        |
|    ep_rew_mean          | 319         |
| time/                   |             |
|    fps                  | 137         |
|    iterations           | 131         |
|    time_elapsed         | 3893        |
|    total_timesteps      | 536576      |
| train/                  |             |
|    approx_kl            | 0.024421204 |
|    clip_fraction        | 0.24        |
|    clip_range           | 0.2         |
|    entropy_loss         | -4.04       |
|    explained_variance   | 0.423       |
|    learning_rate        | 0.0003      |
|    loss                 | 494         |
|    n_updates            | 1300        |
|    policy_gradient_loss | -0.0185     |
|    std                  | 0.665       |
|    value_loss           | 1.88e+03    |
-----------------------------------------
Eval num_timesteps=540000, episode_reward=466.59 +/- 48.45
Episode length: 70.20 +/- 11.09
-----------------------------------------
| eval/                   |             |
|    mean_ep_length       | 70.2        |
|    mean_reward          | 467         |
| time/                   |             |
|    total_timesteps      | 540000      |
| train/                  |             |
|    approx_kl            | 0.019230478 |
|    clip_fraction        | 0.211       |
|    clip_range           | 0.2         |
|    entropy_loss         | -4.04       |
|    explained_variance   | 0.275       |
|    learning_rate        | 0.0003      |
|    loss                 | 1.72e+03    |
|    n_updates            | 1310        |
|    policy_gradient_loss | -0.0205     |
|    std                  | 0.664       |
|    value_loss           | 2.76e+03    |
-----------------------------------------
---------------------------------
| rollout/           |          |
|    ep_len_mean     | 64.4     |
|    ep_rew_mean     | 358      |
| time/              |          |
|    fps             | 137      |
|    iterations      | 132      |
|    time_elapsed    | 3920     |
|    total_timesteps | 540672   |
---------------------------------
-----------------------------------------
| rollout/                |             |
|    ep_len_mean          | 65.2        |
|    ep_rew_mean          | 371         |
| time/                   |             |
|    fps                  | 138         |
|    iterations           | 133         |
|    time_elapsed         | 3947        |
|    total_timesteps      | 544768      |
| train/                  |             |
|    approx_kl            | 0.024696976 |
|    clip_fraction        | 0.217       |
|    clip_range           | 0.2         |
|    entropy_loss         | -4.01       |
|    explained_variance   | 0.499       |
|    learning_rate        | 0.0003      |
|    loss                 | 421         |
|    n_updates            | 1320        |
|    policy_gradient_loss | -0.0245     |
|    std                  | 0.655       |
|    value_loss           | 1.27e+03    |
-----------------------------------------
----------------------------------------
| rollout/                |            |
|    ep_len_mean          | 63.8       |
|    ep_rew_mean          | 330        |
| time/                   |            |
|    fps                  | 138        |
|    iterations           | 134        |
|    time_elapsed         | 3973       |
|    total_timesteps      | 548864     |
| train/                  |            |
|    approx_kl            | 0.03949941 |
|    clip_fraction        | 0.287      |
|    clip_range           | 0.2        |
|    entropy_loss         | -3.97      |
|    explained_variance   | 0.365      |
|    learning_rate        | 0.0003     |
|    loss                 | 1.88e+03   |
|    n_updates            | 1330       |
|    policy_gradient_loss | -0.0219    |
|    std                  | 0.652      |
|    value_loss           | 1.92e+03   |
----------------------------------------
-----------------------------------------
| rollout/                |             |
|    ep_len_mean          | 61.2        |
|    ep_rew_mean          | 310         |
| time/                   |             |
|    fps                  | 138         |
|    iterations           | 135         |
|    time_elapsed         | 3999        |
|    total_timesteps      | 552960      |
| train/                  |             |
|    approx_kl            | 0.023027416 |
|    clip_fraction        | 0.263       |
|    clip_range           | 0.2         |
|    entropy_loss         | -3.95       |
|    explained_variance   | 0.228       |
|    learning_rate        | 0.0003      |
|    loss                 | 847         |
|    n_updates            | 1340        |
|    policy_gradient_loss | -0.019      |
|    std                  | 0.649       |
|    value_loss           | 1.98e+03    |
-----------------------------------------
----------------------------------------
| rollout/                |            |
|    ep_len_mean          | 63.5       |
|    ep_rew_mean          | 329        |
| time/                   |            |
|    fps                  | 138        |
|    iterations           | 136        |
|    time_elapsed         | 4025       |
|    total_timesteps      | 557056     |
| train/                  |            |
|    approx_kl            | 0.03301832 |
|    clip_fraction        | 0.336      |
|    clip_range           | 0.2        |
|    entropy_loss         | -3.95      |
|    explained_variance   | 0.266      |
|    learning_rate        | 0.0003     |
|    loss                 | 1.31e+03   |
|    n_updates            | 1350       |
|    policy_gradient_loss | -0.0137    |
|    std                  | 0.65       |
|    value_loss           | 1.92e+03   |
----------------------------------------
Eval num_timesteps=560000, episode_reward=364.27 +/- 170.05
Episode length: 64.60 +/- 9.31
----------------------------------------
| eval/                   |            |
|    mean_ep_length       | 64.6       |
|    mean_reward          | 364        |
| time/                   |            |
|    total_timesteps      | 560000     |
| train/                  |            |
|    approx_kl            | 0.02681841 |
|    clip_fraction        | 0.237      |
|    clip_range           | 0.2        |
|    entropy_loss         | -3.94      |
|    explained_variance   | 0.28       |
|    learning_rate        | 0.0003     |
|    loss                 | 412        |
|    n_updates            | 1360       |
|    policy_gradient_loss | -0.00851   |
|    std                  | 0.645      |
|    value_loss           | 1.93e+03   |
----------------------------------------
---------------------------------
| rollout/           |          |
|    ep_len_mean     | 65.1     |
|    ep_rew_mean     | 339      |
| time/              |          |
|    fps             | 138      |
|    iterations      | 137      |
|    time_elapsed    | 4051     |
|    total_timesteps | 561152   |
---------------------------------
-----------------------------------------
| rollout/                |             |
|    ep_len_mean          | 63.6        |
|    ep_rew_mean          | 342         |
| time/                   |             |
|    fps                  | 138         |
|    iterations           | 138         |
|    time_elapsed         | 4078        |
|    total_timesteps      | 565248      |
| train/                  |             |
|    approx_kl            | 0.019056255 |
|    clip_fraction        | 0.194       |
|    clip_range           | 0.2         |
|    entropy_loss         | -3.92       |
|    explained_variance   | 0.239       |
|    learning_rate        | 0.0003      |
|    loss                 | 1.71e+03    |
|    n_updates            | 1370        |
|    policy_gradient_loss | -0.0181     |
|    std                  | 0.643       |
|    value_loss           | 2.44e+03    |
-----------------------------------------
-----------------------------------------
| rollout/                |             |
|    ep_len_mean          | 67.1        |
|    ep_rew_mean          | 383         |
| time/                   |             |
|    fps                  | 138         |
|    iterations           | 139         |
|    time_elapsed         | 4103        |
|    total_timesteps      | 569344      |
| train/                  |             |
|    approx_kl            | 0.030434545 |
|    clip_fraction        | 0.312       |
|    clip_range           | 0.2         |
|    entropy_loss         | -3.89       |
|    explained_variance   | 0.264       |
|    learning_rate        | 0.0003      |
|    loss                 | 391         |
|    n_updates            | 1380        |
|    policy_gradient_loss | -0.0116     |
|    std                  | 0.637       |
|    value_loss           | 1.63e+03    |
-----------------------------------------
----------------------------------------
| rollout/                |            |
|    ep_len_mean          | 63         |
|    ep_rew_mean          | 367        |
| time/                   |            |
|    fps                  | 139        |
|    iterations           | 140        |
|    time_elapsed         | 4120       |
|    total_timesteps      | 573440     |
| train/                  |            |
|    approx_kl            | 0.02686073 |
|    clip_fraction        | 0.294      |
|    clip_range           | 0.2        |
|    entropy_loss         | -3.85      |
|    explained_variance   | 0.336      |
|    learning_rate        | 0.0003     |
|    loss                 | 659        |
|    n_updates            | 1390       |
|    policy_gradient_loss | -0.0123    |
|    std                  | 0.632      |
|    value_loss           | 1.79e+03   |
----------------------------------------
-----------------------------------------
| rollout/                |             |
|    ep_len_mean          | 61.5        |
|    ep_rew_mean          | 342         |
| time/                   |             |
|    fps                  | 139         |
|    iterations           | 141         |
|    time_elapsed         | 4146        |
|    total_timesteps      | 577536      |
| train/                  |             |
|    approx_kl            | 0.021338139 |
|    clip_fraction        | 0.238       |
|    clip_range           | 0.2         |
|    entropy_loss         | -3.83       |
|    explained_variance   | 0.329       |
|    learning_rate        | 0.0003      |
|    loss                 | 2.78e+03    |
|    n_updates            | 1400        |
|    policy_gradient_loss | -0.0189     |
|    std                  | 0.629       |
|    value_loss           | 1.52e+03    |
-----------------------------------------
Eval num_timesteps=580000, episode_reward=189.07 +/- 205.34
Episode length: 44.80 +/- 21.87
-----------------------------------------
| eval/                   |             |
|    mean_ep_length       | 44.8        |
|    mean_reward          | 189         |
| time/                   |             |
|    total_timesteps      | 580000      |
| train/                  |             |
|    approx_kl            | 0.025685607 |
|    clip_fraction        | 0.283       |
|    clip_range           | 0.2         |
|    entropy_loss         | -3.82       |
|    explained_variance   | 0.508       |
|    learning_rate        | 0.0003      |
|    loss                 | 232         |
|    n_updates            | 1410        |
|    policy_gradient_loss | -0.0176     |
|    std                  | 0.63        |
|    value_loss           | 1.15e+03    |
-----------------------------------------
---------------------------------
| rollout/           |          |
|    ep_len_mean     | 60.5     |
|    ep_rew_mean     | 331      |
| time/              |          |
|    fps             | 139      |
|    iterations      | 142      |
|    time_elapsed    | 4172     |
|    total_timesteps | 581632   |
---------------------------------
----------------------------------------
| rollout/                |            |
|    ep_len_mean          | 61.5       |
|    ep_rew_mean          | 329        |
| time/                   |            |
|    fps                  | 139        |
|    iterations           | 143        |
|    time_elapsed         | 4191       |
|    total_timesteps      | 585728     |
| train/                  |            |
|    approx_kl            | 0.02553564 |
|    clip_fraction        | 0.283      |
|    clip_range           | 0.2        |
|    entropy_loss         | -3.79      |
|    explained_variance   | 0.406      |
|    learning_rate        | 0.0003     |
|    loss                 | 416        |
|    n_updates            | 1420       |
|    policy_gradient_loss | -0.019     |
|    std                  | 0.62       |
|    value_loss           | 1.56e+03   |
----------------------------------------
----------------------------------------
| rollout/                |            |
|    ep_len_mean          | 55.7       |
|    ep_rew_mean          | 281        |
| time/                   |            |
|    fps                  | 139        |
|    iterations           | 144        |
|    time_elapsed         | 4217       |
|    total_timesteps      | 589824     |
| train/                  |            |
|    approx_kl            | 0.05120403 |
|    clip_fraction        | 0.291      |
|    clip_range           | 0.2        |
|    entropy_loss         | -3.73      |
|    explained_variance   | 0.386      |
|    learning_rate        | 0.0003     |
|    loss                 | 567        |
|    n_updates            | 1430       |
|    policy_gradient_loss | -0.019     |
|    std                  | 0.612      |
|    value_loss           | 1.47e+03   |
----------------------------------------
-----------------------------------------
| rollout/                |             |
|    ep_len_mean          | 58.3        |
|    ep_rew_mean          | 292         |
| time/                   |             |
|    fps                  | 139         |
|    iterations           | 145         |
|    time_elapsed         | 4243        |
|    total_timesteps      | 593920      |
| train/                  |             |
|    approx_kl            | 0.020913385 |
|    clip_fraction        | 0.249       |
|    clip_range           | 0.2         |
|    entropy_loss         | -3.7        |
|    explained_variance   | 0.199       |
|    learning_rate        | 0.0003      |
|    loss                 | 312         |
|    n_updates            | 1440        |
|    policy_gradient_loss | -0.0139     |
|    std                  | 0.61        |
|    value_loss           | 2.14e+03    |
-----------------------------------------
-----------------------------------------
| rollout/                |             |
|    ep_len_mean          | 57.6        |
|    ep_rew_mean          | 267         |
| time/                   |             |
|    fps                  | 140         |
|    iterations           | 146         |
|    time_elapsed         | 4268        |
|    total_timesteps      | 598016      |
| train/                  |             |
|    approx_kl            | 0.038883008 |
|    clip_fraction        | 0.232       |
|    clip_range           | 0.2         |
|    entropy_loss         | -3.69       |
|    explained_variance   | 0.212       |
|    learning_rate        | 0.0003      |
|    loss                 | 277         |
|    n_updates            | 1450        |
|    policy_gradient_loss | -0.0111     |
|    std                  | 0.608       |
|    value_loss           | 2.14e+03    |
-----------------------------------------
Eval num_timesteps=600000, episode_reward=335.79 +/- 163.92
Episode length: 56.20 +/- 17.42
---------------------------------------
| eval/                   |           |
|    mean_ep_length       | 56.2      |
|    mean_reward          | 336       |
| time/                   |           |
|    total_timesteps      | 600000    |
| train/                  |           |
|    approx_kl            | 0.0497412 |
|    clip_fraction        | 0.281     |
|    clip_range           | 0.2       |
|    entropy_loss         | -3.68     |
|    explained_variance   | 0.29      |
|    learning_rate        | 0.0003    |
|    loss                 | 202       |
|    n_updates            | 1460      |
|    policy_gradient_loss | -0.00888  |
|    std                  | 0.608     |
|    value_loss           | 1.55e+03  |
---------------------------------------
---------------------------------
| rollout/           |          |
|    ep_len_mean     | 58.6     |
|    ep_rew_mean     | 262      |
| time/              |          |
|    fps             | 140      |
|    iterations      | 147      |
|    time_elapsed    | 4293     |
|    total_timesteps | 602112   |
---------------------------------
-----------------------------------------
| rollout/                |             |
|    ep_len_mean          | 60          |
|    ep_rew_mean          | 307         |
| time/                   |             |
|    fps                  | 140         |
|    iterations           | 148         |
|    time_elapsed         | 4317        |
|    total_timesteps      | 606208      |
| train/                  |             |
|    approx_kl            | 0.027259208 |
|    clip_fraction        | 0.255       |
|    clip_range           | 0.2         |
|    entropy_loss         | -3.68       |
|    explained_variance   | 0.178       |
|    learning_rate        | 0.0003      |
|    loss                 | 248         |
|    n_updates            | 1470        |
|    policy_gradient_loss | -0.0106     |
|    std                  | 0.606       |
|    value_loss           | 1.61e+03    |
-----------------------------------------
-----------------------------------------
| rollout/                |             |
|    ep_len_mean          | 63.1        |
|    ep_rew_mean          | 336         |
| time/                   |             |
|    fps                  | 140         |
|    iterations           | 149         |
|    time_elapsed         | 4344        |
|    total_timesteps      | 610304      |
| train/                  |             |
|    approx_kl            | 0.011031137 |
|    clip_fraction        | 0.154       |
|    clip_range           | 0.2         |
|    entropy_loss         | -3.66       |
|    explained_variance   | 0.0188      |
|    learning_rate        | 0.0003      |
|    loss                 | 221         |
|    n_updates            | 1480        |
|    policy_gradient_loss | -0.00965    |
|    std                  | 0.604       |
|    value_loss           | 1.98e+03    |
-----------------------------------------
----------------------------------------
| rollout/                |            |
|    ep_len_mean          | 62.4       |
|    ep_rew_mean          | 317        |
| time/                   |            |
|    fps                  | 140        |
|    iterations           | 150        |
|    time_elapsed         | 4371       |
|    total_timesteps      | 614400     |
| train/                  |            |
|    approx_kl            | 0.04117142 |
|    clip_fraction        | 0.242      |
|    clip_range           | 0.2        |
|    entropy_loss         | -3.66      |
|    explained_variance   | 0.343      |
|    learning_rate        | 0.0003     |
|    loss                 | 283        |
|    n_updates            | 1490       |
|    policy_gradient_loss | -0.0128    |
|    std                  | 0.605      |
|    value_loss           | 1.63e+03   |
----------------------------------------
-----------------------------------------
| rollout/                |             |
|    ep_len_mean          | 63.8        |
|    ep_rew_mean          | 331         |
| time/                   |             |
|    fps                  | 140         |
|    iterations           | 151         |
|    time_elapsed         | 4397        |
|    total_timesteps      | 618496      |
| train/                  |             |
|    approx_kl            | 0.022998711 |
|    clip_fraction        | 0.251       |
|    clip_range           | 0.2         |
|    entropy_loss         | -3.66       |
|    explained_variance   | 0.263       |
|    learning_rate        | 0.0003      |
|    loss                 | 106         |
|    n_updates            | 1500        |
|    policy_gradient_loss | -0.0174     |
|    std                  | 0.603       |
|    value_loss           | 1.86e+03    |
-----------------------------------------
Eval num_timesteps=620000, episode_reward=355.10 +/- 174.62
Episode length: 60.20 +/- 18.08
-----------------------------------------
| eval/                   |             |
|    mean_ep_length       | 60.2        |
|    mean_reward          | 355         |
| time/                   |             |
|    total_timesteps      | 620000      |
| train/                  |             |
|    approx_kl            | 0.025911292 |
|    clip_fraction        | 0.228       |
|    clip_range           | 0.2         |
|    entropy_loss         | -3.64       |
|    explained_variance   | 0.311       |
|    learning_rate        | 0.0003      |
|    loss                 | 1.5e+03     |
|    n_updates            | 1510        |
|    policy_gradient_loss | -0.0138     |
|    std                  | 0.599       |
|    value_loss           | 1.64e+03    |
-----------------------------------------
---------------------------------
| rollout/           |          |
|    ep_len_mean     | 65.8     |
|    ep_rew_mean     | 360      |
| time/              |          |
|    fps             | 140      |
|    iterations      | 152      |
|    time_elapsed    | 4423     |
|    total_timesteps | 622592   |
---------------------------------
-----------------------------------------
| rollout/                |             |
|    ep_len_mean          | 66.4        |
|    ep_rew_mean          | 346         |
| time/                   |             |
|    fps                  | 140         |
|    iterations           | 153         |
|    time_elapsed         | 4448        |
|    total_timesteps      | 626688      |
| train/                  |             |
|    approx_kl            | 0.028427413 |
|    clip_fraction        | 0.255       |
|    clip_range           | 0.2         |
|    entropy_loss         | -3.61       |
|    explained_variance   | 0.365       |
|    learning_rate        | 0.0003      |
|    loss                 | 1.59e+03    |
|    n_updates            | 1520        |
|    policy_gradient_loss | -0.0224     |
|    std                  | 0.596       |
|    value_loss           | 1.68e+03    |
-----------------------------------------
----------------------------------------
| rollout/                |            |
|    ep_len_mean          | 65.5       |
|    ep_rew_mean          | 341        |
| time/                   |            |
|    fps                  | 140        |
|    iterations           | 154        |
|    time_elapsed         | 4475       |
|    total_timesteps      | 630784     |
| train/                  |            |
|    approx_kl            | 0.02263151 |
|    clip_fraction        | 0.198      |
|    clip_range           | 0.2        |
|    entropy_loss         | -3.59      |
|    explained_variance   | 0.306      |
|    learning_rate        | 0.0003     |
|    loss                 | 221        |
|    n_updates            | 1530       |
|    policy_gradient_loss | -0.0158    |
|    std                  | 0.592      |
|    value_loss           | 1.8e+03    |
----------------------------------------
-----------------------------------------
| rollout/                |             |
|    ep_len_mean          | 61.7        |
|    ep_rew_mean          | 343         |
| time/                   |             |
|    fps                  | 141         |
|    iterations           | 155         |
|    time_elapsed         | 4501        |
|    total_timesteps      | 634880      |
| train/                  |             |
|    approx_kl            | 0.030536922 |
|    clip_fraction        | 0.316       |
|    clip_range           | 0.2         |
|    entropy_loss         | -3.57       |
|    explained_variance   | 0.397       |
|    learning_rate        | 0.0003      |
|    loss                 | 733         |
|    n_updates            | 1540        |
|    policy_gradient_loss | -0.0061     |
|    std                  | 0.59        |
|    value_loss           | 1.58e+03    |
-----------------------------------------
-----------------------------------------
| rollout/                |             |
|    ep_len_mean          | 63.8        |
|    ep_rew_mean          | 356         |
| time/                   |             |
|    fps                  | 141         |
|    iterations           | 156         |
|    time_elapsed         | 4526        |
|    total_timesteps      | 638976      |
| train/                  |             |
|    approx_kl            | 0.049757656 |
|    clip_fraction        | 0.295       |
|    clip_range           | 0.2         |
|    entropy_loss         | -3.56       |
|    explained_variance   | 0.448       |
|    learning_rate        | 0.0003      |
|    loss                 | 238         |
|    n_updates            | 1550        |
|    policy_gradient_loss | -0.00897    |
|    std                  | 0.589       |
|    value_loss           | 1.33e+03    |
-----------------------------------------
Eval num_timesteps=640000, episode_reward=196.17 +/- 206.09
Episode length: 46.80 +/- 29.11
---------------------------------------
| eval/                   |           |
|    mean_ep_length       | 46.8      |
|    mean_reward          | 196       |
| time/                   |           |
|    total_timesteps      | 640000    |
| train/                  |           |
|    approx_kl            | 0.0660775 |
|    clip_fraction        | 0.453     |
|    clip_range           | 0.2       |
|    entropy_loss         | -3.55     |
|    explained_variance   | 0.434     |
|    learning_rate        | 0.0003    |
|    loss                 | 130       |
|    n_updates            | 1560      |
|    policy_gradient_loss | 0.000991  |
|    std                  | 0.587     |
|    value_loss           | 1.28e+03  |
---------------------------------------
---------------------------------
| rollout/           |          |
|    ep_len_mean     | 62.2     |
|    ep_rew_mean     | 320      |
| time/              |          |
|    fps             | 141      |
|    iterations      | 157      |
|    time_elapsed    | 4552     |
|    total_timesteps | 643072   |
---------------------------------
-----------------------------------------
| rollout/                |             |
|    ep_len_mean          | 60.5        |
|    ep_rew_mean          | 309         |
| time/                   |             |
|    fps                  | 141         |
|    iterations           | 158         |
|    time_elapsed         | 4579        |
|    total_timesteps      | 647168      |
| train/                  |             |
|    approx_kl            | 0.023555847 |
|    clip_fraction        | 0.281       |
|    clip_range           | 0.2         |
|    entropy_loss         | -3.53       |
|    explained_variance   | 0.292       |
|    learning_rate        | 0.0003      |
|    loss                 | 225         |
|    n_updates            | 1570        |
|    policy_gradient_loss | -0.0175     |
|    std                  | 0.584       |
|    value_loss           | 1.75e+03    |
-----------------------------------------
----------------------------------------
| rollout/                |            |
|    ep_len_mean          | 56         |
|    ep_rew_mean          | 290        |
| time/                   |            |
|    fps                  | 141        |
|    iterations           | 159        |
|    time_elapsed         | 4604       |
|    total_timesteps      | 651264     |
| train/                  |            |
|    approx_kl            | 0.03979581 |
|    clip_fraction        | 0.31       |
|    clip_range           | 0.2        |
|    entropy_loss         | -3.53      |
|    explained_variance   | 0.379      |
|    learning_rate        | 0.0003     |
|    loss                 | 85.5       |
|    n_updates            | 1580       |
|    policy_gradient_loss | -0.0111    |
|    std                  | 0.585      |
|    value_loss           | 1.19e+03   |
----------------------------------------
-----------------------------------------
| rollout/                |             |
|    ep_len_mean          | 58.5        |
|    ep_rew_mean          | 288         |
| time/                   |             |
|    fps                  | 141         |
|    iterations           | 160         |
|    time_elapsed         | 4627        |
|    total_timesteps      | 655360      |
| train/                  |             |
|    approx_kl            | 0.031994484 |
|    clip_fraction        | 0.246       |
|    clip_range           | 0.2         |
|    entropy_loss         | -3.52       |
|    explained_variance   | 0.439       |
|    learning_rate        | 0.0003      |
|    loss                 | 185         |
|    n_updates            | 1590        |
|    policy_gradient_loss | -0.0129     |
|    std                  | 0.582       |
|    value_loss           | 1.26e+03    |
-----------------------------------------
-----------------------------------------
| rollout/                |             |
|    ep_len_mean          | 60.2        |
|    ep_rew_mean          | 297         |
| time/                   |             |
|    fps                  | 141         |
|    iterations           | 161         |
|    time_elapsed         | 4651        |
|    total_timesteps      | 659456      |
| train/                  |             |
|    approx_kl            | 0.023167856 |
|    clip_fraction        | 0.246       |
|    clip_range           | 0.2         |
|    entropy_loss         | -3.49       |
|    explained_variance   | 0.382       |
|    learning_rate        | 0.0003      |
|    loss                 | 45.7        |
|    n_updates            | 1600        |
|    policy_gradient_loss | -0.0163     |
|    std                  | 0.578       |
|    value_loss           | 1.28e+03    |
-----------------------------------------
Eval num_timesteps=660000, episode_reward=288.46 +/- 212.72
Episode length: 60.80 +/- 27.36
-----------------------------------------
| eval/                   |             |
|    mean_ep_length       | 60.8        |
|    mean_reward          | 288         |
| time/                   |             |
|    total_timesteps      | 660000      |
| train/                  |             |
|    approx_kl            | 0.038204078 |
|    clip_fraction        | 0.335       |
|    clip_range           | 0.2         |
|    entropy_loss         | -3.47       |
|    explained_variance   | 0.49        |
|    learning_rate        | 0.0003      |
|    loss                 | 142         |
|    n_updates            | 1610        |
|    policy_gradient_loss | -0.0154     |
|    std                  | 0.574       |
|    value_loss           | 1.1e+03     |
-----------------------------------------
---------------------------------
| rollout/           |          |
|    ep_len_mean     | 56.5     |
|    ep_rew_mean     | 280      |
| time/              |          |
|    fps             | 141      |
|    iterations      | 162      |
|    time_elapsed    | 4679     |
|    total_timesteps | 663552   |
---------------------------------
-----------------------------------------
| rollout/                |             |
|    ep_len_mean          | 63.7        |
|    ep_rew_mean          | 322         |
| time/                   |             |
|    fps                  | 141         |
|    iterations           | 163         |
|    time_elapsed         | 4704        |
|    total_timesteps      | 667648      |
| train/                  |             |
|    approx_kl            | 0.044964798 |
|    clip_fraction        | 0.331       |
|    clip_range           | 0.2         |
|    entropy_loss         | -3.44       |
|    explained_variance   | 0.405       |
|    learning_rate        | 0.0003      |
|    loss                 | 191         |
|    n_updates            | 1620        |
|    policy_gradient_loss | -0.0101     |
|    std                  | 0.57        |
|    value_loss           | 1.24e+03    |
-----------------------------------------
-----------------------------------------
| rollout/                |             |
|    ep_len_mean          | 55.4        |
|    ep_rew_mean          | 247         |
| time/                   |             |
|    fps                  | 141         |
|    iterations           | 164         |
|    time_elapsed         | 4731        |
|    total_timesteps      | 671744      |
| train/                  |             |
|    approx_kl            | 0.055724874 |
|    clip_fraction        | 0.357       |
|    clip_range           | 0.2         |
|    entropy_loss         | -3.41       |
|    explained_variance   | 0.424       |
|    learning_rate        | 0.0003      |
|    loss                 | 336         |
|    n_updates            | 1630        |
|    policy_gradient_loss | -0.00845    |
|    std                  | 0.567       |
|    value_loss           | 1.14e+03    |
-----------------------------------------
-----------------------------------------
| rollout/                |             |
|    ep_len_mean          | 55.7        |
|    ep_rew_mean          | 241         |
| time/                   |             |
|    fps                  | 142         |
|    iterations           | 165         |
|    time_elapsed         | 4756        |
|    total_timesteps      | 675840      |
| train/                  |             |
|    approx_kl            | 0.046747945 |
|    clip_fraction        | 0.292       |
|    clip_range           | 0.2         |
|    entropy_loss         | -3.4        |
|    explained_variance   | 0.3         |
|    learning_rate        | 0.0003      |
|    loss                 | 227         |
|    n_updates            | 1640        |
|    policy_gradient_loss | -0.00797    |
|    std                  | 0.565       |
|    value_loss           | 1.43e+03    |
-----------------------------------------
----------------------------------------
| rollout/                |            |
|    ep_len_mean          | 56.6       |
|    ep_rew_mean          | 268        |
| time/                   |            |
|    fps                  | 142        |
|    iterations           | 166        |
|    time_elapsed         | 4783       |
|    total_timesteps      | 679936     |
| train/                  |            |
|    approx_kl            | 0.02850558 |
|    clip_fraction        | 0.242      |
|    clip_range           | 0.2        |
|    entropy_loss         | -3.38      |
|    explained_variance   | 0.233      |
|    learning_rate        | 0.0003     |
|    loss                 | 88.9       |
|    n_updates            | 1650       |
|    policy_gradient_loss | -0.0113    |
|    std                  | 0.563      |
|    value_loss           | 1.69e+03   |
----------------------------------------
Eval num_timesteps=680000, episode_reward=165.63 +/- 192.81
Episode length: 36.40 +/- 27.82
----------------------------------------
| eval/                   |            |
|    mean_ep_length       | 36.4       |
|    mean_reward          | 166        |
| time/                   |            |
|    total_timesteps      | 680000     |
| train/                  |            |
|    approx_kl            | 0.06090316 |
|    clip_fraction        | 0.278      |
|    clip_range           | 0.2        |
|    entropy_loss         | -3.36      |
|    explained_variance   | 0.579      |
|    learning_rate        | 0.0003     |
|    loss                 | 379        |
|    n_updates            | 1660       |
|    policy_gradient_loss | -0.0135    |
|    std                  | 0.558      |
|    value_loss           | 940        |
----------------------------------------
---------------------------------
| rollout/           |          |
|    ep_len_mean     | 55.5     |
|    ep_rew_mean     | 258      |
| time/              |          |
|    fps             | 142      |
|    iterations      | 167      |
|    time_elapsed    | 4810     |
|    total_timesteps | 684032   |
---------------------------------
-----------------------------------------
| rollout/                |             |
|    ep_len_mean          | 58.2        |
|    ep_rew_mean          | 279         |
| time/                   |             |
|    fps                  | 142         |
|    iterations           | 168         |
|    time_elapsed         | 4836        |
|    total_timesteps      | 688128      |
| train/                  |             |
|    approx_kl            | 0.019571735 |
|    clip_fraction        | 0.264       |
|    clip_range           | 0.2         |
|    entropy_loss         | -3.33       |
|    explained_variance   | 0.319       |
|    learning_rate        | 0.0003      |
|    loss                 | 212         |
|    n_updates            | 1670        |
|    policy_gradient_loss | -0.00713    |
|    std                  | 0.556       |
|    value_loss           | 1.59e+03    |
-----------------------------------------
----------------------------------------
| rollout/                |            |
|    ep_len_mean          | 57.2       |
|    ep_rew_mean          | 223        |
| time/                   |            |
|    fps                  | 142        |
|    iterations           | 169        |
|    time_elapsed         | 4863       |
|    total_timesteps      | 692224     |
| train/                  |            |
|    approx_kl            | 0.14319019 |
|    clip_fraction        | 0.239      |
|    clip_range           | 0.2        |
|    entropy_loss         | -3.32      |
|    explained_variance   | 0.477      |
|    learning_rate        | 0.0003     |
|    loss                 | 1.74e+03   |
|    n_updates            | 1680       |
|    policy_gradient_loss | 0.00281    |
|    std                  | 0.554      |
|    value_loss           | 1.18e+03   |
----------------------------------------
-----------------------------------------
| rollout/                |             |
|    ep_len_mean          | 56.7        |
|    ep_rew_mean          | 228         |
| time/                   |             |
|    fps                  | 142         |
|    iterations           | 170         |
|    time_elapsed         | 4889        |
|    total_timesteps      | 696320      |
| train/                  |             |
|    approx_kl            | 0.008755361 |
|    clip_fraction        | 0.166       |
|    clip_range           | 0.2         |
|    entropy_loss         | -3.31       |
|    explained_variance   | 0.234       |
|    learning_rate        | 0.0003      |
|    loss                 | 1.89e+03    |
|    n_updates            | 1690        |
|    policy_gradient_loss | -0.0042     |
|    std                  | 0.554       |
|    value_loss           | 1.89e+03    |
-----------------------------------------
Eval num_timesteps=700000, episode_reward=194.91 +/- 198.71
Episode length: 51.80 +/- 18.41
-----------------------------------------
| eval/                   |             |
|    mean_ep_length       | 51.8        |
|    mean_reward          | 195         |
| time/                   |             |
|    total_timesteps      | 700000      |
| train/                  |             |
|    approx_kl            | 0.009904046 |
|    clip_fraction        | 0.0782      |
|    clip_range           | 0.2         |
|    entropy_loss         | -3.31       |
|    explained_variance   | 0.312       |
|    learning_rate        | 0.0003      |
|    loss                 | 783         |
|    n_updates            | 1700        |
|    policy_gradient_loss | -0.00944    |
|    std                  | 0.553       |
|    value_loss           | 1.83e+03    |
-----------------------------------------
---------------------------------
| rollout/           |          |
|    ep_len_mean     | 55.3     |
|    ep_rew_mean     | 239      |
| time/              |          |
|    fps             | 142      |
|    iterations      | 171      |
|    time_elapsed    | 4915     |
|    total_timesteps | 700416   |
---------------------------------
-----------------------------------------
| rollout/                |             |
|    ep_len_mean          | 51.1        |
|    ep_rew_mean          | 184         |
| time/                   |             |
|    fps                  | 142         |
|    iterations           | 172         |
|    time_elapsed         | 4941        |
|    total_timesteps      | 704512      |
| train/                  |             |
|    approx_kl            | 0.010461116 |
|    clip_fraction        | 0.0864      |
|    clip_range           | 0.2         |
|    entropy_loss         | -3.3        |
|    explained_variance   | 0.256       |
|    learning_rate        | 0.0003      |
|    loss                 | 180         |
|    n_updates            | 1710        |
|    policy_gradient_loss | -0.0082     |
|    std                  | 0.553       |
|    value_loss           | 1.43e+03    |
-----------------------------------------
-----------------------------------------
| rollout/                |             |
|    ep_len_mean          | 53.1        |
|    ep_rew_mean          | 203         |
| time/                   |             |
|    fps                  | 142         |
|    iterations           | 173         |
|    time_elapsed         | 4967        |
|    total_timesteps      | 708608      |
| train/                  |             |
|    approx_kl            | 0.009327104 |
|    clip_fraction        | 0.0898      |
|    clip_range           | 0.2         |
|    entropy_loss         | -3.3        |
|    explained_variance   | 0.209       |
|    learning_rate        | 0.0003      |
|    loss                 | 138         |
|    n_updates            | 1720        |
|    policy_gradient_loss | -0.0122     |
|    std                  | 0.552       |
|    value_loss           | 2.31e+03    |
-----------------------------------------
-----------------------------------------
| rollout/                |             |
|    ep_len_mean          | 55.4        |
|    ep_rew_mean          | 242         |
| time/                   |             |
|    fps                  | 142         |
|    iterations           | 174         |
|    time_elapsed         | 4992        |
|    total_timesteps      | 712704      |
| train/                  |             |
|    approx_kl            | 0.019447366 |
|    clip_fraction        | 0.16        |
|    clip_range           | 0.2         |
|    entropy_loss         | -3.29       |
|    explained_variance   | 0.17        |
|    learning_rate        | 0.0003      |
|    loss                 | 50.5        |
|    n_updates            | 1730        |
|    policy_gradient_loss | -0.0102     |
|    std                  | 0.551       |
|    value_loss           | 1.3e+03     |
-----------------------------------------
-----------------------------------------
| rollout/                |             |
|    ep_len_mean          | 53.3        |
|    ep_rew_mean          | 232         |
| time/                   |             |
|    fps                  | 142         |
|    iterations           | 175         |
|    time_elapsed         | 5018        |
|    total_timesteps      | 716800      |
| train/                  |             |
|    approx_kl            | 0.026990777 |
|    clip_fraction        | 0.2         |
|    clip_range           | 0.2         |
|    entropy_loss         | -3.29       |
|    explained_variance   | 0.517       |
|    learning_rate        | 0.0003      |
|    loss                 | 183         |
|    n_updates            | 1740        |
|    policy_gradient_loss | -0.0136     |
|    std                  | 0.551       |
|    value_loss           | 982         |
-----------------------------------------
Eval num_timesteps=720000, episode_reward=358.92 +/- 135.14
Episode length: 65.60 +/- 7.84
----------------------------------------
| eval/                   |            |
|    mean_ep_length       | 65.6       |
|    mean_reward          | 359        |
| time/                   |            |
|    total_timesteps      | 720000     |
| train/                  |            |
|    approx_kl            | 0.05290004 |
|    clip_fraction        | 0.28       |
|    clip_range           | 0.2        |
|    entropy_loss         | -3.28      |
|    explained_variance   | 0.275      |
|    learning_rate        | 0.0003     |
|    loss                 | 105        |
|    n_updates            | 1750       |
|    policy_gradient_loss | -0.00105   |
|    std                  | 0.549      |
|    value_loss           | 1.47e+03   |
----------------------------------------
---------------------------------
| rollout/           |          |
|    ep_len_mean     | 50.4     |
|    ep_rew_mean     | 214      |
| time/              |          |
|    fps             | 143      |
|    iterations      | 176      |
|    time_elapsed    | 5040     |
|    total_timesteps | 720896   |
---------------------------------
----------------------------------------
| rollout/                |            |
|    ep_len_mean          | 48.4       |
|    ep_rew_mean          | 202        |
| time/                   |            |
|    fps                  | 143        |
|    iterations           | 177        |
|    time_elapsed         | 5065       |
|    total_timesteps      | 724992     |
| train/                  |            |
|    approx_kl            | 0.03883344 |
|    clip_fraction        | 0.338      |
|    clip_range           | 0.2        |
|    entropy_loss         | -3.28      |
|    explained_variance   | 0.312      |
|    learning_rate        | 0.0003     |
|    loss                 | 224        |
|    n_updates            | 1760       |
|    policy_gradient_loss | -0.0008    |
|    std                  | 0.55       |
|    value_loss           | 1.51e+03   |
----------------------------------------
-----------------------------------------
| rollout/                |             |
|    ep_len_mean          | 53.5        |
|    ep_rew_mean          | 249         |
| time/                   |             |
|    fps                  | 143         |
|    iterations           | 178         |
|    time_elapsed         | 5090        |
|    total_timesteps      | 729088      |
| train/                  |             |
|    approx_kl            | 0.020734793 |
|    clip_fraction        | 0.149       |
|    clip_range           | 0.2         |
|    entropy_loss         | -3.28       |
|    explained_variance   | 0.245       |
|    learning_rate        | 0.0003      |
|    loss                 | 221         |
|    n_updates            | 1770        |
|    policy_gradient_loss | -0.00772    |
|    std                  | 0.549       |
|    value_loss           | 1.17e+03    |
-----------------------------------------
-----------------------------------------
| rollout/                |             |
|    ep_len_mean          | 52.1        |
|    ep_rew_mean          | 226         |
| time/                   |             |
|    fps                  | 143         |
|    iterations           | 179         |
|    time_elapsed         | 5115        |
|    total_timesteps      | 733184      |
| train/                  |             |
|    approx_kl            | 0.083508626 |
|    clip_fraction        | 0.316       |
|    clip_range           | 0.2         |
|    entropy_loss         | -3.27       |
|    explained_variance   | 0.34        |
|    learning_rate        | 0.0003      |
|    loss                 | 113         |
|    n_updates            | 1780        |
|    policy_gradient_loss | -0.0069     |
|    std                  | 0.547       |
|    value_loss           | 1.36e+03    |
-----------------------------------------
----------------------------------------
| rollout/                |            |
|    ep_len_mean          | 43.6       |
|    ep_rew_mean          | 147        |
| time/                   |            |
|    fps                  | 143        |
|    iterations           | 180        |
|    time_elapsed         | 5141       |
|    total_timesteps      | 737280     |
| train/                  |            |
|    approx_kl            | 0.03855665 |
|    clip_fraction        | 0.371      |
|    clip_range           | 0.2        |
|    entropy_loss         | -3.26      |
|    explained_variance   | 0.334      |
|    learning_rate        | 0.0003     |
|    loss                 | 68.5       |
|    n_updates            | 1790       |
|    policy_gradient_loss | 0.00874    |
|    std                  | 0.544      |
|    value_loss           | 1.15e+03   |
----------------------------------------
Eval num_timesteps=740000, episode_reward=21.44 +/- 19.87
Episode length: 27.00 +/- 22.05
-----------------------------------------
| eval/                   |             |
|    mean_ep_length       | 27          |
|    mean_reward          | 21.4        |
| time/                   |             |
|    total_timesteps      | 740000      |
| train/                  |             |
|    approx_kl            | 0.030278433 |
|    clip_fraction        | 0.38        |
|    clip_range           | 0.2         |
|    entropy_loss         | -3.24       |
|    explained_variance   | 0.117       |
|    learning_rate        | 0.0003      |
|    loss                 | 262         |
|    n_updates            | 1800        |
|    policy_gradient_loss | 0.0172      |
|    std                  | 0.545       |
|    value_loss           | 1.41e+03    |
-----------------------------------------
---------------------------------
| rollout/           |          |
|    ep_len_mean     | 43.9     |
|    ep_rew_mean     | 178      |
| time/              |          |
|    fps             | 143      |
|    iterations      | 181      |
|    time_elapsed    | 5167     |
|    total_timesteps | 741376   |
---------------------------------
-----------------------------------------
| rollout/                |             |
|    ep_len_mean          | 45          |
|    ep_rew_mean          | 187         |
| time/                   |             |
|    fps                  | 143         |
|    iterations           | 182         |
|    time_elapsed         | 5191        |
|    total_timesteps      | 745472      |
| train/                  |             |
|    approx_kl            | 0.032009743 |
|    clip_fraction        | 0.299       |
|    clip_range           | 0.2         |
|    entropy_loss         | -3.24       |
|    explained_variance   | 0.507       |
|    learning_rate        | 0.0003      |
|    loss                 | 52.3        |
|    n_updates            | 1810        |
|    policy_gradient_loss | -0.00118    |
|    std                  | 0.543       |
|    value_loss           | 992         |
-----------------------------------------
----------------------------------------
| rollout/                |            |
|    ep_len_mean          | 41         |
|    ep_rew_mean          | 133        |
| time/                   |            |
|    fps                  | 143        |
|    iterations           | 183        |
|    time_elapsed         | 5217       |
|    total_timesteps      | 749568     |
| train/                  |            |
|    approx_kl            | 0.05976989 |
|    clip_fraction        | 0.35       |
|    clip_range           | 0.2        |
|    entropy_loss         | -3.23      |
|    explained_variance   | 0.146      |
|    learning_rate        | 0.0003     |
|    loss                 | 152        |
|    n_updates            | 1820       |
|    policy_gradient_loss | 0.00412    |
|    std                  | 0.543      |
|    value_loss           | 1.38e+03   |
----------------------------------------
-----------------------------------------
| rollout/                |             |
|    ep_len_mean          | 45.8        |
|    ep_rew_mean          | 201         |
| time/                   |             |
|    fps                  | 143         |
|    iterations           | 184         |
|    time_elapsed         | 5240        |
|    total_timesteps      | 753664      |
| train/                  |             |
|    approx_kl            | 0.040975586 |
|    clip_fraction        | 0.314       |
|    clip_range           | 0.2         |
|    entropy_loss         | -3.22       |
|    explained_variance   | 0.295       |
|    learning_rate        | 0.0003      |
|    loss                 | 28.2        |
|    n_updates            | 1830        |
|    policy_gradient_loss | 0.00348     |
|    std                  | 0.542       |
|    value_loss           | 1.31e+03    |
-----------------------------------------
-----------------------------------------
| rollout/                |             |
|    ep_len_mean          | 44.5        |
|    ep_rew_mean          | 174         |
| time/                   |             |
|    fps                  | 143         |
|    iterations           | 185         |
|    time_elapsed         | 5264        |
|    total_timesteps      | 757760      |
| train/                  |             |
|    approx_kl            | 0.109441236 |
|    clip_fraction        | 0.319       |
|    clip_range           | 0.2         |
|    entropy_loss         | -3.22       |
|    explained_variance   | 0.217       |
|    learning_rate        | 0.0003      |
|    loss                 | 282         |
|    n_updates            | 1840        |
|    policy_gradient_loss | 0.0126      |
|    std                  | 0.542       |
|    value_loss           | 1.62e+03    |
-----------------------------------------
Eval num_timesteps=760000, episode_reward=13.48 +/- 6.90
Episode length: 20.40 +/- 7.55
-----------------------------------------
| eval/                   |             |
|    mean_ep_length       | 20.4        |
|    mean_reward          | 13.5        |
| time/                   |             |
|    total_timesteps      | 760000      |
| train/                  |             |
|    approx_kl            | 0.011504841 |
|    clip_fraction        | 0.186       |
|    clip_range           | 0.2         |
|    entropy_loss         | -3.22       |
|    explained_variance   | 0.39        |
|    learning_rate        | 0.0003      |
|    loss                 | 254         |
|    n_updates            | 1850        |
|    policy_gradient_loss | 0.000272    |
|    std                  | 0.541       |
|    value_loss           | 1.48e+03    |
-----------------------------------------
---------------------------------
| rollout/           |          |
|    ep_len_mean     | 44.2     |
|    ep_rew_mean     | 184      |
| time/              |          |
|    fps             | 144      |
|    iterations      | 186      |
|    time_elapsed    | 5289     |
|    total_timesteps | 761856   |
---------------------------------
-----------------------------------------
| rollout/                |             |
|    ep_len_mean          | 48.9        |
|    ep_rew_mean          | 213         |
| time/                   |             |
|    fps                  | 144         |
|    iterations           | 187         |
|    time_elapsed         | 5314        |
|    total_timesteps      | 765952      |
| train/                  |             |
|    approx_kl            | 0.010271579 |
|    clip_fraction        | 0.112       |
|    clip_range           | 0.2         |
|    entropy_loss         | -3.21       |
|    explained_variance   | 0.43        |
|    learning_rate        | 0.0003      |
|    loss                 | 163         |
|    n_updates            | 1860        |
|    policy_gradient_loss | -0.00948    |
|    std                  | 0.54        |
|    value_loss           | 1.2e+03     |
-----------------------------------------
-----------------------------------------
| rollout/                |             |
|    ep_len_mean          | 45.2        |
|    ep_rew_mean          | 182         |
| time/                   |             |
|    fps                  | 144         |
|    iterations           | 188         |
|    time_elapsed         | 5331        |
|    total_timesteps      | 770048      |
| train/                  |             |
|    approx_kl            | 0.041441076 |
|    clip_fraction        | 0.196       |
|    clip_range           | 0.2         |
|    entropy_loss         | -3.2        |
|    explained_variance   | 0.139       |
|    learning_rate        | 0.0003      |
|    loss                 | 63          |
|    n_updates            | 1870        |
|    policy_gradient_loss | -0.00599    |
|    std                  | 0.538       |
|    value_loss           | 1.93e+03    |
-----------------------------------------
-----------------------------------------
| rollout/                |             |
|    ep_len_mean          | 47.4        |
|    ep_rew_mean          | 183         |
| time/                   |             |
|    fps                  | 144         |
|    iterations           | 189         |
|    time_elapsed         | 5356        |
|    total_timesteps      | 774144      |
| train/                  |             |
|    approx_kl            | 0.014887615 |
|    clip_fraction        | 0.137       |
|    clip_range           | 0.2         |
|    entropy_loss         | -3.2        |
|    explained_variance   | 0.298       |
|    learning_rate        | 0.0003      |
|    loss                 | 254         |
|    n_updates            | 1880        |
|    policy_gradient_loss | -0.0115     |
|    std                  | 0.538       |
|    value_loss           | 1.34e+03    |
-----------------------------------------
-----------------------------------------
| rollout/                |             |
|    ep_len_mean          | 40.2        |
|    ep_rew_mean          | 142         |
| time/                   |             |
|    fps                  | 144         |
|    iterations           | 190         |
|    time_elapsed         | 5382        |
|    total_timesteps      | 778240      |
| train/                  |             |
|    approx_kl            | 0.018811148 |
|    clip_fraction        | 0.166       |
|    clip_range           | 0.2         |
|    entropy_loss         | -3.19       |
|    explained_variance   | 0.253       |
|    learning_rate        | 0.0003      |
|    loss                 | 702         |
|    n_updates            | 1890        |
|    policy_gradient_loss | -0.00855    |
|    std                  | 0.537       |
|    value_loss           | 1.46e+03    |
-----------------------------------------
Eval num_timesteps=780000, episode_reward=178.14 +/- 212.41
Episode length: 32.00 +/- 21.18
-----------------------------------------
| eval/                   |             |
|    mean_ep_length       | 32          |
|    mean_reward          | 178         |
| time/                   |             |
|    total_timesteps      | 780000      |
| train/                  |             |
|    approx_kl            | 0.043896083 |
|    clip_fraction        | 0.288       |
|    clip_range           | 0.2         |
|    entropy_loss         | -3.18       |
|    explained_variance   | 0.697       |
|    learning_rate        | 0.0003      |
|    loss                 | 141         |
|    n_updates            | 1900        |
|    policy_gradient_loss | -0.00885    |
|    std                  | 0.535       |
|    value_loss           | 700         |
-----------------------------------------
---------------------------------
| rollout/           |          |
|    ep_len_mean     | 41.4     |
|    ep_rew_mean     | 149      |
| time/              |          |
|    fps             | 144      |
|    iterations      | 191      |
|    time_elapsed    | 5407     |
|    total_timesteps | 782336   |
---------------------------------
-----------------------------------------
| rollout/                |             |
|    ep_len_mean          | 39.5        |
|    ep_rew_mean          | 143         |
| time/                   |             |
|    fps                  | 144         |
|    iterations           | 192         |
|    time_elapsed         | 5432        |
|    total_timesteps      | 786432      |
| train/                  |             |
|    approx_kl            | 0.029597016 |
|    clip_fraction        | 0.265       |
|    clip_range           | 0.2         |
|    entropy_loss         | -3.16       |
|    explained_variance   | 0.478       |
|    learning_rate        | 0.0003      |
|    loss                 | 55.8        |
|    n_updates            | 1910        |
|    policy_gradient_loss | -0.00832    |
|    std                  | 0.532       |
|    value_loss           | 827         |
-----------------------------------------
-----------------------------------------
| rollout/                |             |
|    ep_len_mean          | 35.4        |
|    ep_rew_mean          | 138         |
| time/                   |             |
|    fps                  | 144         |
|    iterations           | 193         |
|    time_elapsed         | 5457        |
|    total_timesteps      | 790528      |
| train/                  |             |
|    approx_kl            | 0.025821004 |
|    clip_fraction        | 0.228       |
|    clip_range           | 0.2         |
|    entropy_loss         | -3.14       |
|    explained_variance   | 0.505       |
|    learning_rate        | 0.0003      |
|    loss                 | 475         |
|    n_updates            | 1920        |
|    policy_gradient_loss | -0.0111     |
|    std                  | 0.53        |
|    value_loss           | 975         |
-----------------------------------------
----------------------------------------
| rollout/                |            |
|    ep_len_mean          | 36.9       |
|    ep_rew_mean          | 130        |
| time/                   |            |
|    fps                  | 144        |
|    iterations           | 194        |
|    time_elapsed         | 5480       |
|    total_timesteps      | 794624     |
| train/                  |            |
|    approx_kl            | 0.10347298 |
|    clip_fraction        | 0.446      |
|    clip_range           | 0.2        |
|    entropy_loss         | -3.12      |
|    explained_variance   | 0.614      |
|    learning_rate        | 0.0003     |
|    loss                 | 28.2       |
|    n_updates            | 1930       |
|    policy_gradient_loss | 0.00403    |
|    std                  | 0.527      |
|    value_loss           | 461        |
----------------------------------------
----------------------------------------
| rollout/                |            |
|    ep_len_mean          | 35.1       |
|    ep_rew_mean          | 127        |
| time/                   |            |
|    fps                  | 145        |
|    iterations           | 195        |
|    time_elapsed         | 5505       |
|    total_timesteps      | 798720     |
| train/                  |            |
|    approx_kl            | 0.06366578 |
|    clip_fraction        | 0.485      |
|    clip_range           | 0.2        |
|    entropy_loss         | -3.11      |
|    explained_variance   | 0.549      |
|    learning_rate        | 0.0003     |
|    loss                 | 13         |
|    n_updates            | 1940       |
|    policy_gradient_loss | 0.031      |
|    std                  | 0.525      |
|    value_loss           | 633        |
----------------------------------------
Eval num_timesteps=800000, episode_reward=337.06 +/- 168.67
Episode length: 52.60 +/- 23.17
----------------------------------------
| eval/                   |            |
|    mean_ep_length       | 52.6       |
|    mean_reward          | 337        |
| time/                   |            |
|    total_timesteps      | 800000     |
| train/                  |            |
|    approx_kl            | 0.11594441 |
|    clip_fraction        | 0.436      |
|    clip_range           | 0.2        |
|    entropy_loss         | -3.1       |
|    explained_variance   | 0.429      |
|    learning_rate        | 0.0003     |
|    loss                 | 6.31       |
|    n_updates            | 1950       |
|    policy_gradient_loss | 0.00562    |
|    std                  | 0.528      |
|    value_loss           | 1.28e+03   |
----------------------------------------
---------------------------------
| rollout/           |          |
|    ep_len_mean     | 28.2     |
|    ep_rew_mean     | 80.6     |
| time/              |          |
|    fps             | 145      |
|    iterations      | 196      |
|    time_elapsed    | 5530     |
|    total_timesteps | 802816   |
---------------------------------
----------------------------------------
| rollout/                |            |
|    ep_len_mean          | 32.2       |
|    ep_rew_mean          | 83         |
| time/                   |            |
|    fps                  | 145        |
|    iterations           | 197        |
|    time_elapsed         | 5554       |
|    total_timesteps      | 806912     |
| train/                  |            |
|    approx_kl            | 0.08344672 |
|    clip_fraction        | 0.451      |
|    clip_range           | 0.2        |
|    entropy_loss         | -3.11      |
|    explained_variance   | 0.651      |
|    learning_rate        | 0.0003     |
|    loss                 | 12         |
|    n_updates            | 1960       |
|    policy_gradient_loss | 0.00361    |
|    std                  | 0.526      |
|    value_loss           | 277        |
----------------------------------------
-----------------------------------------
| rollout/                |             |
|    ep_len_mean          | 30.4        |
|    ep_rew_mean          | 80.4        |
| time/                   |             |
|    fps                  | 145         |
|    iterations           | 198         |
|    time_elapsed         | 5579        |
|    total_timesteps      | 811008      |
| train/                  |             |
|    approx_kl            | 0.029933687 |
|    clip_fraction        | 0.235       |
|    clip_range           | 0.2         |
|    entropy_loss         | -3.1        |
|    explained_variance   | 0.163       |
|    learning_rate        | 0.0003      |
|    loss                 | 248         |
|    n_updates            | 1970        |
|    policy_gradient_loss | -0.00991    |
|    std                  | 0.526       |
|    value_loss           | 1.41e+03    |
-----------------------------------------
----------------------------------------
| rollout/                |            |
|    ep_len_mean          | 33.1       |
|    ep_rew_mean          | 101        |
| time/                   |            |
|    fps                  | 145        |
|    iterations           | 199        |
|    time_elapsed         | 5603       |
|    total_timesteps      | 815104     |
| train/                  |            |
|    approx_kl            | 0.04407335 |
|    clip_fraction        | 0.277      |
|    clip_range           | 0.2        |
|    entropy_loss         | -3.1       |
|    explained_variance   | 0.459      |
|    learning_rate        | 0.0003     |
|    loss                 | 33.3       |
|    n_updates            | 1980       |
|    policy_gradient_loss | -0.0168    |
|    std                  | 0.524      |
|    value_loss           | 375        |
----------------------------------------
----------------------------------------
| rollout/                |            |
|    ep_len_mean          | 29.5       |
|    ep_rew_mean          | 68.3       |
| time/                   |            |
|    fps                  | 145        |
|    iterations           | 200        |
|    time_elapsed         | 5627       |
|    total_timesteps      | 819200     |
| train/                  |            |
|    approx_kl            | 0.03355573 |
|    clip_fraction        | 0.28       |
|    clip_range           | 0.2        |
|    entropy_loss         | -3.08      |
|    explained_variance   | 0.546      |
|    learning_rate        | 0.0003     |
|    loss                 | 30.5       |
|    n_updates            | 1990       |
|    policy_gradient_loss | -0.0133    |
|    std                  | 0.521      |
|    value_loss           | 471        |
----------------------------------------
Eval num_timesteps=820000, episode_reward=91.34 +/- 160.31
Episode length: 21.60 +/- 14.15
-----------------------------------------
| eval/                   |             |
|    mean_ep_length       | 21.6        |
|    mean_reward          | 91.3        |
| time/                   |             |
|    total_timesteps      | 820000      |
| train/                  |             |
|    approx_kl            | 0.048978955 |
|    clip_fraction        | 0.337       |
|    clip_range           | 0.2         |
|    entropy_loss         | -3.06       |
|    explained_variance   | 0.373       |
|    learning_rate        | 0.0003      |
|    loss                 | 12.6        |
|    n_updates            | 2000        |
|    policy_gradient_loss | -0.013      |
|    std                  | 0.519       |
|    value_loss           | 585         |
-----------------------------------------
---------------------------------
| rollout/           |          |
|    ep_len_mean     | 27.4     |
|    ep_rew_mean     | 57.3     |
| time/              |          |
|    fps             | 145      |
|    iterations      | 201      |
|    time_elapsed    | 5651     |
|    total_timesteps | 823296   |
---------------------------------
-----------------------------------------
| rollout/                |             |
|    ep_len_mean          | 25          |
|    ep_rew_mean          | 32.6        |
| time/                   |             |
|    fps                  | 145         |
|    iterations           | 202         |
|    time_elapsed         | 5673        |
|    total_timesteps      | 827392      |
| train/                  |             |
|    approx_kl            | 0.058720328 |
|    clip_fraction        | 0.381       |
|    clip_range           | 0.2         |
|    entropy_loss         | -3.06       |
|    explained_variance   | 0.423       |
|    learning_rate        | 0.0003      |
|    loss                 | 7.13        |
|    n_updates            | 2010        |
|    policy_gradient_loss | -0.00197    |
|    std                  | 0.521       |
|    value_loss           | 530         |
-----------------------------------------
-----------------------------------------
| rollout/                |             |
|    ep_len_mean          | 26.6        |
|    ep_rew_mean          | 60.4        |
| time/                   |             |
|    fps                  | 146         |
|    iterations           | 203         |
|    time_elapsed         | 5693        |
|    total_timesteps      | 831488      |
| train/                  |             |
|    approx_kl            | 0.057539962 |
|    clip_fraction        | 0.418       |
|    clip_range           | 0.2         |
|    entropy_loss         | -3.07       |
|    explained_variance   | 0.674       |
|    learning_rate        | 0.0003      |
|    loss                 | 18.4        |
|    n_updates            | 2020        |
|    policy_gradient_loss | -0.00612    |
|    std                  | 0.52        |
|    value_loss           | 274         |
-----------------------------------------
----------------------------------------
| rollout/                |            |
|    ep_len_mean          | 23.6       |
|    ep_rew_mean          | 30.9       |
| time/                   |            |
|    fps                  | 146        |
|    iterations           | 204        |
|    time_elapsed         | 5716       |
|    total_timesteps      | 835584     |
| train/                  |            |
|    approx_kl            | 0.05693184 |
|    clip_fraction        | 0.369      |
|    clip_range           | 0.2        |
|    entropy_loss         | -3.04      |
|    explained_variance   | 0.592      |
|    learning_rate        | 0.0003     |
|    loss                 | 1.46e+03   |
|    n_updates            | 2030       |
|    policy_gradient_loss | -0.0119    |
|    std                  | 0.515      |
|    value_loss           | 474        |
----------------------------------------
-----------------------------------------
| rollout/                |             |
|    ep_len_mean          | 25.1        |
|    ep_rew_mean          | 43.4        |
| time/                   |             |
|    fps                  | 146         |
|    iterations           | 205         |
|    time_elapsed         | 5730        |
|    total_timesteps      | 839680      |
| train/                  |             |
|    approx_kl            | 0.054911204 |
|    clip_fraction        | 0.403       |
|    clip_range           | 0.2         |
|    entropy_loss         | -3.03       |
|    explained_variance   | 0.47        |
|    learning_rate        | 0.0003      |
|    loss                 | 14.2        |
|    n_updates            | 2040        |
|    policy_gradient_loss | -0.014      |
|    std                  | 0.516       |
|    value_loss           | 435         |
-----------------------------------------
Eval num_timesteps=840000, episode_reward=16.51 +/- 7.36
Episode length: 22.60 +/- 8.82
----------------------------------------
| eval/                   |            |
|    mean_ep_length       | 22.6       |
|    mean_reward          | 16.5       |
| time/                   |            |
|    total_timesteps      | 840000     |
| train/                  |            |
|    approx_kl            | 0.13891089 |
|    clip_fraction        | 0.4        |
|    clip_range           | 0.2        |
|    entropy_loss         | -3.03      |
|    explained_variance   | 0.309      |
|    learning_rate        | 0.0003     |
|    loss                 | 294        |
|    n_updates            | 2050       |
|    policy_gradient_loss | 0.00305    |
|    std                  | 0.516      |
|    value_loss           | 592        |
----------------------------------------
---------------------------------
| rollout/           |          |
|    ep_len_mean     | 20.1     |
|    ep_rew_mean     | 24.5     |
| time/              |          |
|    fps             | 146      |
|    iterations      | 206      |
|    time_elapsed    | 5754     |
|    total_timesteps | 843776   |
---------------------------------
----------------------------------------
| rollout/                |            |
|    ep_len_mean          | 20.9       |
|    ep_rew_mean          | 26.7       |
| time/                   |            |
|    fps                  | 146        |
|    iterations           | 207        |
|    time_elapsed         | 5774       |
|    total_timesteps      | 847872     |
| train/                  |            |
|    approx_kl            | 0.10490948 |
|    clip_fraction        | 0.542      |
|    clip_range           | 0.2        |
|    entropy_loss         | -3.01      |
|    explained_variance   | 0.917      |
|    learning_rate        | 0.0003     |
|    loss                 | 3.29       |
|    n_updates            | 2060       |
|    policy_gradient_loss | 0.00163    |
|    std                  | 0.513      |
|    value_loss           | 23.9       |
----------------------------------------
---------------------------------------
| rollout/                |           |
|    ep_len_mean          | 17.8      |
|    ep_rew_mean          | 12.5      |
| time/                   |           |
|    fps                  | 147       |
|    iterations           | 208       |
|    time_elapsed         | 5795      |
|    total_timesteps      | 851968    |
| train/                  |           |
|    approx_kl            | 0.1204281 |
|    clip_fraction        | 0.436     |
|    clip_range           | 0.2       |
|    entropy_loss         | -3        |
|    explained_variance   | 0.596     |
|    learning_rate        | 0.0003    |
|    loss                 | 2.16      |
|    n_updates            | 2070      |
|    policy_gradient_loss | -0.0103   |
|    std                  | 0.512     |
|    value_loss           | 209       |
---------------------------------------
---------------------------------------
| rollout/                |           |
|    ep_len_mean          | 17.3      |
|    ep_rew_mean          | 11        |
| time/                   |           |
|    fps                  | 147       |
|    iterations           | 209       |
|    time_elapsed         | 5813      |
|    total_timesteps      | 856064    |
| train/                  |           |
|    approx_kl            | 0.0825668 |
|    clip_fraction        | 0.521     |
|    clip_range           | 0.2       |
|    entropy_loss         | -2.98     |
|    explained_variance   | 0.932     |
|    learning_rate        | 0.0003    |
|    loss                 | 2.6       |
|    n_updates            | 2080      |
|    policy_gradient_loss | -0.00773  |
|    std                  | 0.51      |
|    value_loss           | 12.7      |
---------------------------------------
Eval num_timesteps=860000, episode_reward=7.80 +/- 1.43
Episode length: 15.20 +/- 5.08
----------------------------------------
| eval/                   |            |
|    mean_ep_length       | 15.2       |
|    mean_reward          | 7.8        |
| time/                   |            |
|    total_timesteps      | 860000     |
| train/                  |            |
|    approx_kl            | 0.08384469 |
|    clip_fraction        | 0.465      |
|    clip_range           | 0.2        |
|    entropy_loss         | -2.97      |
|    explained_variance   | 0.401      |
|    learning_rate        | 0.0003     |
|    loss                 | 2.07       |
|    n_updates            | 2090       |
|    policy_gradient_loss | -0.0227    |
|    std                  | 0.507      |
|    value_loss           | 216        |
----------------------------------------
---------------------------------
| rollout/           |          |
|    ep_len_mean     | 15.6     |
|    ep_rew_mean     | 10.9     |
| time/              |          |
|    fps             | 147      |
|    iterations      | 210      |
|    time_elapsed    | 5833     |
|    total_timesteps | 860160   |
---------------------------------
----------------------------------------
| rollout/                |            |
|    ep_len_mean          | 16.6       |
|    ep_rew_mean          | 10.6       |
| time/                   |            |
|    fps                  | 147        |
|    iterations           | 211        |
|    time_elapsed         | 5848       |
|    total_timesteps      | 864256     |
| train/                  |            |
|    approx_kl            | 0.09006306 |
|    clip_fraction        | 0.519      |
|    clip_range           | 0.2        |
|    entropy_loss         | -2.97      |
|    explained_variance   | 0.953      |
|    learning_rate        | 0.0003     |
|    loss                 | 1.12       |
|    n_updates            | 2100       |
|    policy_gradient_loss | -0.0177    |
|    std                  | 0.509      |
|    value_loss           | 4.11       |
----------------------------------------
----------------------------------------
| rollout/                |            |
|    ep_len_mean          | 16.7       |
|    ep_rew_mean          | 11.7       |
| time/                   |            |
|    fps                  | 148        |
|    iterations           | 212        |
|    time_elapsed         | 5865       |
|    total_timesteps      | 868352     |
| train/                  |            |
|    approx_kl            | 0.06973249 |
|    clip_fraction        | 0.415      |
|    clip_range           | 0.2        |
|    entropy_loss         | -2.97      |
|    explained_variance   | 0.965      |
|    learning_rate        | 0.0003     |
|    loss                 | 2.72       |
|    n_updates            | 2110       |
|    policy_gradient_loss | -0.0294    |
|    std                  | 0.508      |
|    value_loss           | 4.95       |
----------------------------------------
----------------------------------------
| rollout/                |            |
|    ep_len_mean          | 15.6       |
|    ep_rew_mean          | 10.3       |
| time/                   |            |
|    fps                  | 148        |
|    iterations           | 213        |
|    time_elapsed         | 5883       |
|    total_timesteps      | 872448     |
| train/                  |            |
|    approx_kl            | 0.07425812 |
|    clip_fraction        | 0.462      |
|    clip_range           | 0.2        |
|    entropy_loss         | -2.97      |
|    explained_variance   | 0.971      |
|    learning_rate        | 0.0003     |
|    loss                 | 0.624      |
|    n_updates            | 2120       |
|    policy_gradient_loss | -0.0233    |
|    std                  | 0.508      |
|    value_loss           | 3.69       |
----------------------------------------
----------------------------------------
| rollout/                |            |
|    ep_len_mean          | 14.5       |
|    ep_rew_mean          | 9.19       |
| time/                   |            |
|    fps                  | 148        |
|    iterations           | 214        |
|    time_elapsed         | 5900       |
|    total_timesteps      | 876544     |
| train/                  |            |
|    approx_kl            | 0.09895106 |
|    clip_fraction        | 0.443      |
|    clip_range           | 0.2        |
|    entropy_loss         | -2.96      |
|    explained_variance   | 0.968      |
|    learning_rate        | 0.0003     |
|    loss                 | 1.45       |
|    n_updates            | 2130       |
|    policy_gradient_loss | -0.0283    |
|    std                  | 0.506      |
|    value_loss           | 3.48       |
----------------------------------------
Eval num_timesteps=880000, episode_reward=14.29 +/- 6.89
Episode length: 16.60 +/- 3.61
----------------------------------------
| eval/                   |            |
|    mean_ep_length       | 16.6       |
|    mean_reward          | 14.3       |
| time/                   |            |
|    total_timesteps      | 880000     |
| train/                  |            |
|    approx_kl            | 0.07566416 |
|    clip_fraction        | 0.444      |
|    clip_range           | 0.2        |
|    entropy_loss         | -2.93      |
|    explained_variance   | 0.977      |
|    learning_rate        | 0.0003     |
|    loss                 | 1.37       |
|    n_updates            | 2140       |
|    policy_gradient_loss | -0.0326    |
|    std                  | 0.502      |
|    value_loss           | 2.61       |
----------------------------------------
---------------------------------
| rollout/           |          |
|    ep_len_mean     | 15.1     |
|    ep_rew_mean     | 9.81     |
| time/              |          |
|    fps             | 148      |
|    iterations      | 215      |
|    time_elapsed    | 5918     |
|    total_timesteps | 880640   |
---------------------------------
-----------------------------------------
| rollout/                |             |
|    ep_len_mean          | 14.6        |
|    ep_rew_mean          | 10          |
| time/                   |             |
|    fps                  | 149         |
|    iterations           | 216         |
|    time_elapsed         | 5936        |
|    total_timesteps      | 884736      |
| train/                  |             |
|    approx_kl            | 0.062797114 |
|    clip_fraction        | 0.436       |
|    clip_range           | 0.2         |
|    entropy_loss         | -2.91       |
|    explained_variance   | 0.976       |
|    learning_rate        | 0.0003      |
|    loss                 | 0.578       |
|    n_updates            | 2150        |
|    policy_gradient_loss | -0.0344     |
|    std                  | 0.499       |
|    value_loss           | 2.51        |
-----------------------------------------
----------------------------------------
| rollout/                |            |
|    ep_len_mean          | 15.4       |
|    ep_rew_mean          | 10         |
| time/                   |            |
|    fps                  | 149        |
|    iterations           | 217        |
|    time_elapsed         | 5953       |
|    total_timesteps      | 888832     |
| train/                  |            |
|    approx_kl            | 0.08695796 |
|    clip_fraction        | 0.468      |
|    clip_range           | 0.2        |
|    entropy_loss         | -2.88      |
|    explained_variance   | 0.973      |
|    learning_rate        | 0.0003     |
|    loss                 | 1.07       |
|    n_updates            | 2160       |
|    policy_gradient_loss | -0.0313    |
|    std                  | 0.497      |
|    value_loss           | 2.65       |
----------------------------------------
-----------------------------------------
| rollout/                |             |
|    ep_len_mean          | 14.7        |
|    ep_rew_mean          | 10.3        |
| time/                   |             |
|    fps                  | 149         |
|    iterations           | 218         |
|    time_elapsed         | 5970        |
|    total_timesteps      | 892928      |
| train/                  |             |
|    approx_kl            | 0.062677115 |
|    clip_fraction        | 0.412       |
|    clip_range           | 0.2         |
|    entropy_loss         | -2.88       |
|    explained_variance   | 0.973       |
|    learning_rate        | 0.0003      |
|    loss                 | 0.839       |
|    n_updates            | 2170        |
|    policy_gradient_loss | -0.038      |
|    std                  | 0.496       |
|    value_loss           | 2.33        |
-----------------------------------------
-----------------------------------------
| rollout/                |             |
|    ep_len_mean          | 13.9        |
|    ep_rew_mean          | 9.26        |
| time/                   |             |
|    fps                  | 149         |
|    iterations           | 219         |
|    time_elapsed         | 5983        |
|    total_timesteps      | 897024      |
| train/                  |             |
|    approx_kl            | 0.045863602 |
|    clip_fraction        | 0.429       |
|    clip_range           | 0.2         |
|    entropy_loss         | -2.86       |
|    explained_variance   | 0.973       |
|    learning_rate        | 0.0003      |
|    loss                 | 0.507       |
|    n_updates            | 2180        |
|    policy_gradient_loss | -0.0332     |
|    std                  | 0.494       |
|    value_loss           | 2.76        |
-----------------------------------------
Eval num_timesteps=900000, episode_reward=6.14 +/- 2.19
Episode length: 11.60 +/- 4.50
-----------------------------------------
| eval/                   |             |
|    mean_ep_length       | 11.6        |
|    mean_reward          | 6.14        |
| time/                   |             |
|    total_timesteps      | 900000      |
| train/                  |             |
|    approx_kl            | 0.078586414 |
|    clip_fraction        | 0.407       |
|    clip_range           | 0.2         |
|    entropy_loss         | -2.84       |
|    explained_variance   | 0.973       |
|    learning_rate        | 0.0003      |
|    loss                 | 0.499       |
|    n_updates            | 2190        |
|    policy_gradient_loss | -0.0347     |
|    std                  | 0.49        |
|    value_loss           | 3.05        |
-----------------------------------------
---------------------------------
| rollout/           |          |
|    ep_len_mean     | 15.2     |
|    ep_rew_mean     | 10.4     |
| time/              |          |
|    fps             | 150      |
|    iterations      | 220      |
|    time_elapsed    | 6001     |
|    total_timesteps | 901120   |
---------------------------------
----------------------------------------
| rollout/                |            |
|    ep_len_mean          | 15.4       |
|    ep_rew_mean          | 15.1       |
| time/                   |            |
|    fps                  | 150        |
|    iterations           | 221        |
|    time_elapsed         | 6017       |
|    total_timesteps      | 905216     |
| train/                  |            |
|    approx_kl            | 0.06636321 |
|    clip_fraction        | 0.423      |
|    clip_range           | 0.2        |
|    entropy_loss         | -2.82      |
|    explained_variance   | 0.974      |
|    learning_rate        | 0.0003     |
|    loss                 | 0.376      |
|    n_updates            | 2200       |
|    policy_gradient_loss | -0.0337    |
|    std                  | 0.49       |
|    value_loss           | 2.28       |
----------------------------------------
-----------------------------------------
| rollout/                |             |
|    ep_len_mean          | 14.5        |
|    ep_rew_mean          | 9.78        |
| time/                   |             |
|    fps                  | 150         |
|    iterations           | 222         |
|    time_elapsed         | 6035        |
|    total_timesteps      | 909312      |
| train/                  |             |
|    approx_kl            | 0.045933705 |
|    clip_fraction        | 0.378       |
|    clip_range           | 0.2         |
|    entropy_loss         | -2.81       |
|    explained_variance   | 0.976       |
|    learning_rate        | 0.0003      |
|    loss                 | 0.616       |
|    n_updates            | 2210        |
|    policy_gradient_loss | -0.0402     |
|    std                  | 0.488       |
|    value_loss           | 3.7         |
-----------------------------------------
-----------------------------------------
| rollout/                |             |
|    ep_len_mean          | 14.8        |
|    ep_rew_mean          | 9.68        |
| time/                   |             |
|    fps                  | 150         |
|    iterations           | 223         |
|    time_elapsed         | 6053        |
|    total_timesteps      | 913408      |
| train/                  |             |
|    approx_kl            | 0.051263176 |
|    clip_fraction        | 0.409       |
|    clip_range           | 0.2         |
|    entropy_loss         | -2.79       |
|    explained_variance   | 0.974       |
|    learning_rate        | 0.0003      |
|    loss                 | 1.72        |
|    n_updates            | 2220        |
|    policy_gradient_loss | -0.0369     |
|    std                  | 0.486       |
|    value_loss           | 3.07        |
-----------------------------------------
-----------------------------------------
| rollout/                |             |
|    ep_len_mean          | 14.5        |
|    ep_rew_mean          | 9.88        |
| time/                   |             |
|    fps                  | 151         |
|    iterations           | 224         |
|    time_elapsed         | 6066        |
|    total_timesteps      | 917504      |
| train/                  |             |
|    approx_kl            | 0.057953216 |
|    clip_fraction        | 0.389       |
|    clip_range           | 0.2         |
|    entropy_loss         | -2.76       |
|    explained_variance   | 0.977       |
|    learning_rate        | 0.0003      |
|    loss                 | 0.701       |
|    n_updates            | 2230        |
|    policy_gradient_loss | -0.0393     |
|    std                  | 0.481       |
|    value_loss           | 3.05        |
-----------------------------------------
Eval num_timesteps=920000, episode_reward=11.81 +/- 4.10
Episode length: 15.60 +/- 3.61
-----------------------------------------
| eval/                   |             |
|    mean_ep_length       | 15.6        |
|    mean_reward          | 11.8        |
| time/                   |             |
|    total_timesteps      | 920000      |
| train/                  |             |
|    approx_kl            | 0.057377778 |
|    clip_fraction        | 0.382       |
|    clip_range           | 0.2         |
|    entropy_loss         | -2.75       |
|    explained_variance   | 0.972       |
|    learning_rate        | 0.0003      |
|    loss                 | 0.405       |
|    n_updates            | 2240        |
|    policy_gradient_loss | -0.0445     |
|    std                  | 0.481       |
|    value_loss           | 2.69        |
-----------------------------------------
---------------------------------
| rollout/           |          |
|    ep_len_mean     | 14.4     |
|    ep_rew_mean     | 9.57     |
| time/              |          |
|    fps             | 151      |
|    iterations      | 225      |
|    time_elapsed    | 6081     |
|    total_timesteps | 921600   |
---------------------------------
---------------------------------------
| rollout/                |           |
|    ep_len_mean          | 15.3      |
|    ep_rew_mean          | 14.4      |
| time/                   |           |
|    fps                  | 151       |
|    iterations           | 226       |
|    time_elapsed         | 6099      |
|    total_timesteps      | 925696    |
| train/                  |           |
|    approx_kl            | 0.0490414 |
|    clip_fraction        | 0.357     |
|    clip_range           | 0.2       |
|    entropy_loss         | -2.73     |
|    explained_variance   | 0.416     |
|    learning_rate        | 0.0003    |
|    loss                 | 0.772     |
|    n_updates            | 2250      |
|    policy_gradient_loss | -0.0335   |
|    std                  | 0.479     |
|    value_loss           | 146       |
---------------------------------------
----------------------------------------
| rollout/                |            |
|    ep_len_mean          | 13.9       |
|    ep_rew_mean          | 9.45       |
| time/                   |            |
|    fps                  | 151        |
|    iterations           | 227        |
|    time_elapsed         | 6120       |
|    total_timesteps      | 929792     |
| train/                  |            |
|    approx_kl            | 0.04184419 |
|    clip_fraction        | 0.322      |
|    clip_range           | 0.2        |
|    entropy_loss         | -2.72      |
|    explained_variance   | 0.888      |
|    learning_rate        | 0.0003     |
|    loss                 | 0.94       |
|    n_updates            | 2260       |
|    policy_gradient_loss | -0.0345    |
|    std                  | 0.476      |
|    value_loss           | 16.3       |
----------------------------------------
-----------------------------------------
| rollout/                |             |
|    ep_len_mean          | 14.4        |
|    ep_rew_mean          | 9.51        |
| time/                   |             |
|    fps                  | 152         |
|    iterations           | 228         |
|    time_elapsed         | 6138        |
|    total_timesteps      | 933888      |
| train/                  |             |
|    approx_kl            | 0.043987855 |
|    clip_fraction        | 0.365       |
|    clip_range           | 0.2         |
|    entropy_loss         | -2.69       |
|    explained_variance   | 0.357       |
|    learning_rate        | 0.0003      |
|    loss                 | 0.875       |
|    n_updates            | 2270        |
|    policy_gradient_loss | -0.0309     |
|    std                  | 0.473       |
|    value_loss           | 200         |
-----------------------------------------
-----------------------------------------
| rollout/                |             |
|    ep_len_mean          | 15.3        |
|    ep_rew_mean          | 18.1        |
| time/                   |             |
|    fps                  | 152         |
|    iterations           | 229         |
|    time_elapsed         | 6158        |
|    total_timesteps      | 937984      |
| train/                  |             |
|    approx_kl            | 0.035595648 |
|    clip_fraction        | 0.334       |
|    clip_range           | 0.2         |
|    entropy_loss         | -2.67       |
|    explained_variance   | 0.386       |
|    learning_rate        | 0.0003      |
|    loss                 | 1.1         |
|    n_updates            | 2280        |
|    policy_gradient_loss | -0.0313     |
|    std                  | 0.471       |
|    value_loss           | 169         |
-----------------------------------------
Eval num_timesteps=940000, episode_reward=6.83 +/- 3.96
Episode length: 10.40 +/- 3.07
-----------------------------------------
| eval/                   |             |
|    mean_ep_length       | 10.4        |
|    mean_reward          | 6.83        |
| time/                   |             |
|    total_timesteps      | 940000      |
| train/                  |             |
|    approx_kl            | 0.046594568 |
|    clip_fraction        | 0.344       |
|    clip_range           | 0.2         |
|    entropy_loss         | -2.65       |
|    explained_variance   | 0.92        |
|    learning_rate        | 0.0003      |
|    loss                 | 1.88        |
|    n_updates            | 2290        |
|    policy_gradient_loss | -0.0325     |
|    std                  | 0.468       |
|    value_loss           | 7.87        |
-----------------------------------------
---------------------------------
| rollout/           |          |
|    ep_len_mean     | 14.9     |
|    ep_rew_mean     | 13.6     |
| time/              |          |
|    fps             | 152      |
|    iterations      | 230      |
|    time_elapsed    | 6178     |
|    total_timesteps | 942080   |
---------------------------------
----------------------------------------
| rollout/                |            |
|    ep_len_mean          | 15.7       |
|    ep_rew_mean          | 10.2       |
| time/                   |            |
|    fps                  | 152        |
|    iterations           | 231        |
|    time_elapsed         | 6196       |
|    total_timesteps      | 946176     |
| train/                  |            |
|    approx_kl            | 0.06259423 |
|    clip_fraction        | 0.391      |
|    clip_range           | 0.2        |
|    entropy_loss         | -2.63      |
|    explained_variance   | 0.936      |
|    learning_rate        | 0.0003     |
|    loss                 | 0.519      |
|    n_updates            | 2300       |
|    policy_gradient_loss | -0.0397    |
|    std                  | 0.466      |
|    value_loss           | 5.25       |
----------------------------------------
----------------------------------------
| rollout/                |            |
|    ep_len_mean          | 15.6       |
|    ep_rew_mean          | 13.7       |
| time/                   |            |
|    fps                  | 152        |
|    iterations           | 232        |
|    time_elapsed         | 6214       |
|    total_timesteps      | 950272     |
| train/                  |            |
|    approx_kl            | 0.06885944 |
|    clip_fraction        | 0.403      |
|    clip_range           | 0.2        |
|    entropy_loss         | -2.6       |
|    explained_variance   | 0.272      |
|    learning_rate        | 0.0003     |
|    loss                 | 0.329      |
|    n_updates            | 2310       |
|    policy_gradient_loss | -0.0329    |
|    std                  | 0.462      |
|    value_loss           | 166        |
----------------------------------------
----------------------------------------
| rollout/                |            |
|    ep_len_mean          | 16.2       |
|    ep_rew_mean          | 11.3       |
| time/                   |            |
|    fps                  | 153        |
|    iterations           | 233        |
|    time_elapsed         | 6233       |
|    total_timesteps      | 954368     |
| train/                  |            |
|    approx_kl            | 0.08492319 |
|    clip_fraction        | 0.401      |
|    clip_range           | 0.2        |
|    entropy_loss         | -2.57      |
|    explained_variance   | 0.894      |
|    learning_rate        | 0.0003     |
|    loss                 | 0.615      |
|    n_updates            | 2320       |
|    policy_gradient_loss | -0.0296    |
|    std                  | 0.46       |
|    value_loss           | 8.48       |
----------------------------------------
----------------------------------------
| rollout/                |            |
|    ep_len_mean          | 14.4       |
|    ep_rew_mean          | 10         |
| time/                   |            |
|    fps                  | 153        |
|    iterations           | 234        |
|    time_elapsed         | 6253       |
|    total_timesteps      | 958464     |
| train/                  |            |
|    approx_kl            | 0.05431495 |
|    clip_fraction        | 0.401      |
|    clip_range           | 0.2        |
|    entropy_loss         | -2.56      |
|    explained_variance   | 0.978      |
|    learning_rate        | 0.0003     |
|    loss                 | 1.16       |
|    n_updates            | 2330       |
|    policy_gradient_loss | -0.0402    |
|    std                  | 0.459      |
|    value_loss           | 3.42       |
----------------------------------------
Eval num_timesteps=960000, episode_reward=7.80 +/- 3.07
Episode length: 13.80 +/- 4.66
---------------------------------------
| eval/                   |           |
|    mean_ep_length       | 13.8      |
|    mean_reward          | 7.8       |
| time/                   |           |
|    total_timesteps      | 960000    |
| train/                  |           |
|    approx_kl            | 0.1104642 |
|    clip_fraction        | 0.462     |
|    clip_range           | 0.2       |
|    entropy_loss         | -2.55     |
|    explained_variance   | 0.403     |
|    learning_rate        | 0.0003    |
|    loss                 | 4.34      |
|    n_updates            | 2340      |
|    policy_gradient_loss | -0.0323   |
|    std                  | 0.458     |
|    value_loss           | 112       |
---------------------------------------
---------------------------------
| rollout/           |          |
|    ep_len_mean     | 13.2     |
|    ep_rew_mean     | 8.86     |
| time/              |          |
|    fps             | 153      |
|    iterations      | 235      |
|    time_elapsed    | 6271     |
|    total_timesteps | 962560   |
---------------------------------
----------------------------------------
| rollout/                |            |
|    ep_len_mean          | 14.3       |
|    ep_rew_mean          | 10.3       |
| time/                   |            |
|    fps                  | 153        |
|    iterations           | 236        |
|    time_elapsed         | 6289       |
|    total_timesteps      | 966656     |
| train/                  |            |
|    approx_kl            | 0.07985106 |
|    clip_fraction        | 0.453      |
|    clip_range           | 0.2        |
|    entropy_loss         | -2.55      |
|    explained_variance   | 0.29       |
|    learning_rate        | 0.0003     |
|    loss                 | 173        |
|    n_updates            | 2350       |
|    policy_gradient_loss | -0.0323    |
|    std                  | 0.457      |
|    value_loss           | 35.6       |
----------------------------------------
-----------------------------------------
| rollout/                |             |
|    ep_len_mean          | 14.5        |
|    ep_rew_mean          | 13.3        |
| time/                   |             |
|    fps                  | 153         |
|    iterations           | 237         |
|    time_elapsed         | 6309        |
|    total_timesteps      | 970752      |
| train/                  |             |
|    approx_kl            | 0.076910034 |
|    clip_fraction        | 0.434       |
|    clip_range           | 0.2         |
|    entropy_loss         | -2.54       |
|    explained_variance   | 0.775       |
|    learning_rate        | 0.0003      |
|    loss                 | 1.38        |
|    n_updates            | 2360        |
|    policy_gradient_loss | -0.0237     |
|    std                  | 0.456       |
|    value_loss           | 10.1        |
-----------------------------------------
-----------------------------------------
| rollout/                |             |
|    ep_len_mean          | 14.5        |
|    ep_rew_mean          | 10.9        |
| time/                   |             |
|    fps                  | 154         |
|    iterations           | 238         |
|    time_elapsed         | 6327        |
|    total_timesteps      | 974848      |
| train/                  |             |
|    approx_kl            | 0.056790814 |
|    clip_fraction        | 0.427       |
|    clip_range           | 0.2         |
|    entropy_loss         | -2.52       |
|    explained_variance   | 0.94        |
|    learning_rate        | 0.0003      |
|    loss                 | 1.81        |
|    n_updates            | 2370        |
|    policy_gradient_loss | -0.0325     |
|    std                  | 0.455       |
|    value_loss           | 5.03        |
-----------------------------------------
----------------------------------------
| rollout/                |            |
|    ep_len_mean          | 13.3       |
|    ep_rew_mean          | 8.5        |
| time/                   |            |
|    fps                  | 154        |
|    iterations           | 239        |
|    time_elapsed         | 6343       |
|    total_timesteps      | 978944     |
| train/                  |            |
|    approx_kl            | 0.05789449 |
|    clip_fraction        | 0.383      |
|    clip_range           | 0.2        |
|    entropy_loss         | -2.5       |
|    explained_variance   | 0.965      |
|    learning_rate        | 0.0003     |
|    loss                 | 0.928      |
|    n_updates            | 2380       |
|    policy_gradient_loss | -0.0347    |
|    std                  | 0.452      |
|    value_loss           | 5.24       |
----------------------------------------
Eval num_timesteps=980000, episode_reward=5.83 +/- 4.11
Episode length: 9.00 +/- 2.83
----------------------------------------
| eval/                   |            |
|    mean_ep_length       | 9          |
|    mean_reward          | 5.83       |
| time/                   |            |
|    total_timesteps      | 980000     |
| train/                  |            |
|    approx_kl            | 0.05461664 |
|    clip_fraction        | 0.369      |
|    clip_range           | 0.2        |
|    entropy_loss         | -2.48      |
|    explained_variance   | 0.971      |
|    learning_rate        | 0.0003     |
|    loss                 | 1.13       |
|    n_updates            | 2390       |
|    policy_gradient_loss | -0.0291    |
|    std                  | 0.449      |
|    value_loss           | 6.13       |
----------------------------------------
---------------------------------
| rollout/           |          |
|    ep_len_mean     | 14.8     |
|    ep_rew_mean     | 13.9     |
| time/              |          |
|    fps             | 154      |
|    iterations      | 240      |
|    time_elapsed    | 6363     |
|    total_timesteps | 983040   |
---------------------------------
-----------------------------------------
| rollout/                |             |
|    ep_len_mean          | 14.8        |
|    ep_rew_mean          | 10.5        |
| time/                   |             |
|    fps                  | 154         |
|    iterations           | 241         |
|    time_elapsed         | 6383        |
|    total_timesteps      | 987136      |
| train/                  |             |
|    approx_kl            | 0.045941282 |
|    clip_fraction        | 0.342       |
|    clip_range           | 0.2         |
|    entropy_loss         | -2.46       |
|    explained_variance   | 0.973       |
|    learning_rate        | 0.0003      |
|    loss                 | 1.41        |
|    n_updates            | 2400        |
|    policy_gradient_loss | -0.0383     |
|    std                  | 0.447       |
|    value_loss           | 4.74        |
-----------------------------------------
-----------------------------------------
| rollout/                |             |
|    ep_len_mean          | 13.5        |
|    ep_rew_mean          | 9.1         |
| time/                   |             |
|    fps                  | 154         |
|    iterations           | 242         |
|    time_elapsed         | 6404        |
|    total_timesteps      | 991232      |
| train/                  |             |
|    approx_kl            | 0.053124078 |
|    clip_fraction        | 0.357       |
|    clip_range           | 0.2         |
|    entropy_loss         | -2.44       |
|    explained_variance   | -0.164      |
|    learning_rate        | 0.0003      |
|    loss                 | 16.6        |
|    n_updates            | 2410        |
|    policy_gradient_loss | -0.0227     |
|    std                  | 0.444       |
|    value_loss           | 640         |
-----------------------------------------
----------------------------------------
| rollout/                |            |
|    ep_len_mean          | 16.3       |
|    ep_rew_mean          | 11.4       |
| time/                   |            |
|    fps                  | 154        |
|    iterations           | 243        |
|    time_elapsed         | 6423       |
|    total_timesteps      | 995328     |
| train/                  |            |
|    approx_kl            | 0.07720933 |
|    clip_fraction        | 0.415      |
|    clip_range           | 0.2        |
|    entropy_loss         | -2.4       |
|    explained_variance   | 0.958      |
|    learning_rate        | 0.0003     |
|    loss                 | 0.902      |
|    n_updates            | 2420       |
|    policy_gradient_loss | -0.0356    |
|    std                  | 0.44       |
|    value_loss           | 5.67       |
----------------------------------------
----------------------------------------
| rollout/                |            |
|    ep_len_mean          | 15.2       |
|    ep_rew_mean          | 10.4       |
| time/                   |            |
|    fps                  | 155        |
|    iterations           | 244        |
|    time_elapsed         | 6443       |
|    total_timesteps      | 999424     |
| train/                  |            |
|    approx_kl            | 0.13796416 |
|    clip_fraction        | 0.449      |
|    clip_range           | 0.2        |
|    entropy_loss         | -2.38      |
|    explained_variance   | -0.0596    |
|    learning_rate        | 0.0003     |
|    loss                 | 24         |
|    n_updates            | 2430       |
|    policy_gradient_loss | -0.00638   |
|    std                  | 0.439      |
|    value_loss           | 235        |
----------------------------------------
Eval num_timesteps=1000000, episode_reward=9.04 +/- 5.36
Episode length: 11.20 +/- 3.49
-----------------------------------------
| eval/                   |             |
|    mean_ep_length       | 11.2        |
|    mean_reward          | 9.04        |
| time/                   |             |
|    total_timesteps      | 1000000     |
| train/                  |             |
|    approx_kl            | 0.028142717 |
|    clip_fraction        | 0.275       |
|    clip_range           | 0.2         |
|    entropy_loss         | -2.37       |
|    explained_variance   | 0.524       |
|    learning_rate        | 0.0003      |
|    loss                 | 159         |
|    n_updates            | 2440        |
|    policy_gradient_loss | -0.0059     |
|    std                  | 0.438       |
|    value_loss           | 274         |
-----------------------------------------
---------------------------------
| rollout/           |          |
|    ep_len_mean     | 16       |
|    ep_rew_mean     | 21.4     |
| time/              |          |
|    fps             | 155      |
|    iterations      | 245      |
|    time_elapsed    | 6458     |
|    total_timesteps | 1003520  |
---------------------------------
-----------------------------------------
| rollout/                |             |
|    ep_len_mean          | 15.6        |
|    ep_rew_mean          | 10.7        |
| time/                   |             |
|    fps                  | 155         |
|    iterations           | 246         |
|    time_elapsed         | 6479        |
|    total_timesteps      | 1007616     |
| train/                  |             |
|    approx_kl            | 0.009443145 |
|    clip_fraction        | 0.113       |
|    clip_range           | 0.2         |
|    entropy_loss         | -2.37       |
|    explained_variance   | 0.199       |
|    learning_rate        | 0.0003      |
|    loss                 | 7.61        |
|    n_updates            | 2450        |
|    policy_gradient_loss | -0.0135     |
|    std                  | 0.439       |
|    value_loss           | 548         |
-----------------------------------------
-----------------------------------------
| rollout/                |             |
|    ep_len_mean          | 16.4        |
|    ep_rew_mean          | 14.4        |
| time/                   |             |
|    fps                  | 155         |
|    iterations           | 247         |
|    time_elapsed         | 6499        |
|    total_timesteps      | 1011712     |
| train/                  |             |
|    approx_kl            | 0.009078328 |
|    clip_fraction        | 0.0837      |
|    clip_range           | 0.2         |
|    entropy_loss         | -2.37       |
|    explained_variance   | 0.459       |
|    learning_rate        | 0.0003      |
|    loss                 | 22.6        |
|    n_updates            | 2460        |
|    policy_gradient_loss | -0.0169     |
|    std                  | 0.438       |
|    value_loss           | 220         |
-----------------------------------------
-----------------------------------------
| rollout/                |             |
|    ep_len_mean          | 15.3        |
|    ep_rew_mean          | 10.5        |
| time/                   |             |
|    fps                  | 155         |
|    iterations           | 248         |
|    time_elapsed         | 6519        |
|    total_timesteps      | 1015808     |
| train/                  |             |
|    approx_kl            | 0.011307936 |
|    clip_fraction        | 0.101       |
|    clip_range           | 0.2         |
|    entropy_loss         | -2.37       |
|    explained_variance   | 0.696       |
|    learning_rate        | 0.0003      |
|    loss                 | 30.6        |
|    n_updates            | 2470        |
|    policy_gradient_loss | -0.0236     |
|    std                  | 0.438       |
|    value_loss           | 111         |
-----------------------------------------
-----------------------------------------
| rollout/                |             |
|    ep_len_mean          | 13.8        |
|    ep_rew_mean          | 9.02        |
| time/                   |             |
|    fps                  | 155         |
|    iterations           | 249         |
|    time_elapsed         | 6538        |
|    total_timesteps      | 1019904     |
| train/                  |             |
|    approx_kl            | 0.014922569 |
|    clip_fraction        | 0.148       |
|    clip_range           | 0.2         |
|    entropy_loss         | -2.36       |
|    explained_variance   | 0.332       |
|    learning_rate        | 0.0003      |
|    loss                 | 19          |
|    n_updates            | 2480        |
|    policy_gradient_loss | -0.0268     |
|    std                  | 0.437       |
|    value_loss           | 248         |
-----------------------------------------
Eval num_timesteps=1020000, episode_reward=7.26 +/- 4.60
Episode length: 12.80 +/- 4.96
----------------------------------------
| eval/                   |            |
|    mean_ep_length       | 12.8       |
|    mean_reward          | 7.26       |
| time/                   |            |
|    total_timesteps      | 1020000    |
| train/                  |            |
|    approx_kl            | 0.02195648 |
|    clip_fraction        | 0.175      |
|    clip_range           | 0.2        |
|    entropy_loss         | -2.36      |
|    explained_variance   | 0.756      |
|    learning_rate        | 0.0003     |
|    loss                 | 6.29       |
|    n_updates            | 2490       |
|    policy_gradient_loss | -0.0316    |
|    std                  | 0.437      |
|    value_loss           | 44.4       |
----------------------------------------
---------------------------------
| rollout/           |          |
|    ep_len_mean     | 14.9     |
|    ep_rew_mean     | 9.99     |
| time/              |          |
|    fps             | 156      |
|    iterations      | 250      |
|    time_elapsed    | 6556     |
|    total_timesteps | 1024000  |
---------------------------------
-----------------------------------------
| rollout/                |             |
|    ep_len_mean          | 14.5        |
|    ep_rew_mean          | 17.8        |
| time/                   |             |
|    fps                  | 156         |
|    iterations           | 251         |
|    time_elapsed         | 6575        |
|    total_timesteps      | 1028096     |
| train/                  |             |
|    approx_kl            | 0.018425565 |
|    clip_fraction        | 0.198       |
|    clip_range           | 0.2         |
|    entropy_loss         | -2.36       |
|    explained_variance   | 0.537       |
|    learning_rate        | 0.0003      |
|    loss                 | 182         |
|    n_updates            | 2500        |
|    policy_gradient_loss | -0.0271     |
|    std                  | 0.437       |
|    value_loss           | 140         |
-----------------------------------------
-----------------------------------------
| rollout/                |             |
|    ep_len_mean          | 14.2        |
|    ep_rew_mean          | 9.94        |
| time/                   |             |
|    fps                  | 156         |
|    iterations           | 252         |
|    time_elapsed         | 6597        |
|    total_timesteps      | 1032192     |
| train/                  |             |
|    approx_kl            | 0.015070212 |
|    clip_fraction        | 0.17        |
|    clip_range           | 0.2         |
|    entropy_loss         | -2.35       |
|    explained_variance   | 0.607       |
|    learning_rate        | 0.0003      |
|    loss                 | 20.5        |
|    n_updates            | 2510        |
|    policy_gradient_loss | -0.019      |
|    std                  | 0.436       |
|    value_loss           | 277         |
-----------------------------------------
-----------------------------------------
| rollout/                |             |
|    ep_len_mean          | 13.7        |
|    ep_rew_mean          | 9.41        |
| time/                   |             |
|    fps                  | 156         |
|    iterations           | 253         |
|    time_elapsed         | 6617        |
|    total_timesteps      | 1036288     |
| train/                  |             |
|    approx_kl            | 0.021089211 |
|    clip_fraction        | 0.211       |
|    clip_range           | 0.2         |
|    entropy_loss         | -2.35       |
|    explained_variance   | 0.407       |
|    learning_rate        | 0.0003      |
|    loss                 | 9.43        |
|    n_updates            | 2520        |
|    policy_gradient_loss | -0.0256     |
|    std                  | 0.435       |
|    value_loss           | 149         |
-----------------------------------------
Eval num_timesteps=1040000, episode_reward=10.40 +/- 4.89
Episode length: 11.80 +/- 3.54
-----------------------------------------
| eval/                   |             |
|    mean_ep_length       | 11.8        |
|    mean_reward          | 10.4        |
| time/                   |             |
|    total_timesteps      | 1040000     |
| train/                  |             |
|    approx_kl            | 0.023066621 |
|    clip_fraction        | 0.228       |
|    clip_range           | 0.2         |
|    entropy_loss         | -2.33       |
|    explained_variance   | 0.824       |
|    learning_rate        | 0.0003      |
|    loss                 | 12.2        |
|    n_updates            | 2530        |
|    policy_gradient_loss | -0.0265     |
|    std                  | 0.433       |
|    value_loss           | 66.1        |
-----------------------------------------
---------------------------------
| rollout/           |          |
|    ep_len_mean     | 13.1     |
|    ep_rew_mean     | 8.26     |
| time/              |          |
|    fps             | 156      |
|    iterations      | 254      |
|    time_elapsed    | 6636     |
|    total_timesteps | 1040384  |
---------------------------------
-----------------------------------------
| rollout/                |             |
|    ep_len_mean          | 13.5        |
|    ep_rew_mean          | 8.94        |
| time/                   |             |
|    fps                  | 156         |
|    iterations           | 255         |
|    time_elapsed         | 6654        |
|    total_timesteps      | 1044480     |
| train/                  |             |
|    approx_kl            | 0.024233893 |
|    clip_fraction        | 0.25        |
|    clip_range           | 0.2         |
|    entropy_loss         | -2.31       |
|    explained_variance   | 0.885       |
|    learning_rate        | 0.0003      |
|    loss                 | 5.49        |
|    n_updates            | 2540        |
|    policy_gradient_loss | -0.0277     |
|    std                  | 0.431       |
|    value_loss           | 70          |
-----------------------------------------
---------------------------------------
| rollout/                |           |
|    ep_len_mean          | 13.9      |
|    ep_rew_mean          | 12.8      |
| time/                   |           |
|    fps                  | 157       |
|    iterations           | 256       |
|    time_elapsed         | 6671      |
|    total_timesteps      | 1048576   |
| train/                  |           |
|    approx_kl            | 0.0282582 |
|    clip_fraction        | 0.234     |
|    clip_range           | 0.2       |
|    entropy_loss         | -2.3      |
|    explained_variance   | 0.902     |
|    learning_rate        | 0.0003    |
|    loss                 | 35.5      |
|    n_updates            | 2550      |
|    policy_gradient_loss | -0.0328   |
|    std                  | 0.431     |
|    value_loss           | 52.8      |
---------------------------------------
-----------------------------------------
| rollout/                |             |
|    ep_len_mean          | 12.6        |
|    ep_rew_mean          | 8.38        |
| time/                   |             |
|    fps                  | 157         |
|    iterations           | 257         |
|    time_elapsed         | 6690        |
|    total_timesteps      | 1052672     |
| train/                  |             |
|    approx_kl            | 0.029823814 |
|    clip_fraction        | 0.264       |
|    clip_range           | 0.2         |
|    entropy_loss         | -2.3        |
|    explained_variance   | 0.883       |
|    learning_rate        | 0.0003      |
|    loss                 | 35.1        |
|    n_updates            | 2560        |
|    policy_gradient_loss | -0.0279     |
|    std                  | 0.431       |
|    value_loss           | 49.4        |
-----------------------------------------
-----------------------------------------
| rollout/                |             |
|    ep_len_mean          | 12          |
|    ep_rew_mean          | 8.1         |
| time/                   |             |
|    fps                  | 157         |
|    iterations           | 258         |
|    time_elapsed         | 6708        |
|    total_timesteps      | 1056768     |
| train/                  |             |
|    approx_kl            | 0.027203403 |
|    clip_fraction        | 0.257       |
|    clip_range           | 0.2         |
|    entropy_loss         | -2.3        |
|    explained_variance   | 0.683       |
|    learning_rate        | 0.0003      |
|    loss                 | 60.6        |
|    n_updates            | 2570        |
|    policy_gradient_loss | -0.0294     |
|    std                  | 0.43        |
|    value_loss           | 91.7        |
-----------------------------------------
Eval num_timesteps=1060000, episode_reward=7.69 +/- 5.22
Episode length: 11.00 +/- 5.06
-----------------------------------------
| eval/                   |             |
|    mean_ep_length       | 11          |
|    mean_reward          | 7.69        |
| time/                   |             |
|    total_timesteps      | 1060000     |
| train/                  |             |
|    approx_kl            | 0.053508956 |
|    clip_fraction        | 0.339       |
|    clip_range           | 0.2         |
|    entropy_loss         | -2.28       |
|    explained_variance   | 0.915       |
|    learning_rate        | 0.0003      |
|    loss                 | 12.4        |
|    n_updates            | 2580        |
|    policy_gradient_loss | -0.0256     |
|    std                  | 0.428       |
|    value_loss           | 34.2        |
-----------------------------------------
---------------------------------
| rollout/           |          |
|    ep_len_mean     | 12       |
|    ep_rew_mean     | 7.57     |
| time/              |          |
|    fps             | 157      |
|    iterations      | 259      |
|    time_elapsed    | 6726     |
|    total_timesteps | 1060864  |
---------------------------------
-----------------------------------------
| rollout/                |             |
|    ep_len_mean          | 12          |
|    ep_rew_mean          | 7.89        |
| time/                   |             |
|    fps                  | 157         |
|    iterations           | 260         |
|    time_elapsed         | 6743        |
|    total_timesteps      | 1064960     |
| train/                  |             |
|    approx_kl            | 0.039657183 |
|    clip_fraction        | 0.319       |
|    clip_range           | 0.2         |
|    entropy_loss         | -2.27       |
|    explained_variance   | 0.888       |
|    learning_rate        | 0.0003      |
|    loss                 | 7.95        |
|    n_updates            | 2590        |
|    policy_gradient_loss | -0.0282     |
|    std                  | 0.427       |
|    value_loss           | 28.1        |
-----------------------------------------
-----------------------------------------
| rollout/                |             |
|    ep_len_mean          | 12.1        |
|    ep_rew_mean          | 7.62        |
| time/                   |             |
|    fps                  | 158         |
|    iterations           | 261         |
|    time_elapsed         | 6761        |
|    total_timesteps      | 1069056     |
| train/                  |             |
|    approx_kl            | 0.053451452 |
|    clip_fraction        | 0.336       |
|    clip_range           | 0.2         |
|    entropy_loss         | -2.26       |
|    explained_variance   | 0.936       |
|    learning_rate        | 0.0003      |
|    loss                 | 4.56        |
|    n_updates            | 2600        |
|    policy_gradient_loss | -0.037      |
|    std                  | 0.426       |
|    value_loss           | 18.7        |
-----------------------------------------
-----------------------------------------
| rollout/                |             |
|    ep_len_mean          | 12.5        |
|    ep_rew_mean          | 7.81        |
| time/                   |             |
|    fps                  | 158         |
|    iterations           | 262         |
|    time_elapsed         | 6778        |
|    total_timesteps      | 1073152     |
| train/                  |             |
|    approx_kl            | 0.046232373 |
|    clip_fraction        | 0.351       |
|    clip_range           | 0.2         |
|    entropy_loss         | -2.25       |
|    explained_variance   | 0.897       |
|    learning_rate        | 0.0003      |
|    loss                 | 27.8        |
|    n_updates            | 2610        |
|    policy_gradient_loss | -0.0314     |
|    std                  | 0.425       |
|    value_loss           | 26.1        |
-----------------------------------------
---------------------------------------
| rollout/                |           |
|    ep_len_mean          | 12.2      |
|    ep_rew_mean          | 7.65      |
| time/                   |           |
|    fps                  | 158       |
|    iterations           | 263       |
|    time_elapsed         | 6795      |
|    total_timesteps      | 1077248   |
| train/                  |           |
|    approx_kl            | 0.0481029 |
|    clip_fraction        | 0.358     |
|    clip_range           | 0.2       |
|    entropy_loss         | -2.23     |
|    explained_variance   | 0.936     |
|    learning_rate        | 0.0003    |
|    loss                 | 6.59      |
|    n_updates            | 2620      |
|    policy_gradient_loss | -0.0302   |
|    std                  | 0.422     |
|    value_loss           | 19.7      |
---------------------------------------
Eval num_timesteps=1080000, episode_reward=5.85 +/- 3.15
Episode length: 10.40 +/- 4.13
---------------------------------------
| eval/                   |           |
|    mean_ep_length       | 10.4      |
|    mean_reward          | 5.85      |
| time/                   |           |
|    total_timesteps      | 1080000   |
| train/                  |           |
|    approx_kl            | 0.0606025 |
|    clip_fraction        | 0.425     |
|    clip_range           | 0.2       |
|    entropy_loss         | -2.22     |
|    explained_variance   | 0.938     |
|    learning_rate        | 0.0003    |
|    loss                 | 1.71      |
|    n_updates            | 2630      |
|    policy_gradient_loss | -0.0255   |
|    std                  | 0.423     |
|    value_loss           | 15.3      |
---------------------------------------
---------------------------------
| rollout/           |          |
|    ep_len_mean     | 12.2     |
|    ep_rew_mean     | 7.84     |
| time/              |          |
|    fps             | 158      |
|    iterations      | 264      |
|    time_elapsed    | 6813     |
|    total_timesteps | 1081344  |
---------------------------------
---------------------------------------
| rollout/                |           |
|    ep_len_mean          | 13.1      |
|    ep_rew_mean          | 8.24      |
| time/                   |           |
|    fps                  | 158       |
|    iterations           | 265       |
|    time_elapsed         | 6830      |
|    total_timesteps      | 1085440   |
| train/                  |           |
|    approx_kl            | 0.0731101 |
|    clip_fraction        | 0.405     |
|    clip_range           | 0.2       |
|    entropy_loss         | -2.21     |
|    explained_variance   | 0.937     |
|    learning_rate        | 0.0003    |
|    loss                 | 3.38      |
|    n_updates            | 2640      |
|    policy_gradient_loss | -0.029    |
|    std                  | 0.419     |
|    value_loss           | 16.5      |
---------------------------------------
-----------------------------------------
| rollout/                |             |
|    ep_len_mean          | 11.2        |
|    ep_rew_mean          | 6.99        |
| time/                   |             |
|    fps                  | 159         |
|    iterations           | 266         |
|    time_elapsed         | 6847        |
|    total_timesteps      | 1089536     |
| train/                  |             |
|    approx_kl            | 0.043133378 |
|    clip_fraction        | 0.38        |
|    clip_range           | 0.2         |
|    entropy_loss         | -2.19       |
|    explained_variance   | 0.916       |
|    learning_rate        | 0.0003      |
|    loss                 | 6.63        |
|    n_updates            | 2650        |
|    policy_gradient_loss | -0.0252     |
|    std                  | 0.419       |
|    value_loss           | 18.1        |
-----------------------------------------
----------------------------------------
| rollout/                |            |
|    ep_len_mean          | 12.1       |
|    ep_rew_mean          | 7.67       |
| time/                   |            |
|    fps                  | 159        |
|    iterations           | 267        |
|    time_elapsed         | 6863       |
|    total_timesteps      | 1093632    |
| train/                  |            |
|    approx_kl            | 0.06031225 |
|    clip_fraction        | 0.347      |
|    clip_range           | 0.2        |
|    entropy_loss         | -2.18      |
|    explained_variance   | 0.922      |
|    learning_rate        | 0.0003     |
|    loss                 | 5.28       |
|    n_updates            | 2660       |
|    policy_gradient_loss | -0.034     |
|    std                  | 0.417      |
|    value_loss           | 16.9       |
----------------------------------------
----------------------------------------
| rollout/                |            |
|    ep_len_mean          | 11.4       |
|    ep_rew_mean          | 7.56       |
| time/                   |            |
|    fps                  | 159        |
|    iterations           | 268        |
|    time_elapsed         | 6880       |
|    total_timesteps      | 1097728    |
| train/                  |            |
|    approx_kl            | 0.06983973 |
|    clip_fraction        | 0.448      |
|    clip_range           | 0.2        |
|    entropy_loss         | -2.16      |
|    explained_variance   | 0.945      |
|    learning_rate        | 0.0003     |
|    loss                 | 1.77       |
|    n_updates            | 2670       |
|    policy_gradient_loss | -0.0258    |
|    std                  | 0.416      |
|    value_loss           | 11.2       |
----------------------------------------
Eval num_timesteps=1100000, episode_reward=8.61 +/- 3.70
Episode length: 13.80 +/- 5.19
----------------------------------------
| eval/                   |            |
|    mean_ep_length       | 13.8       |
|    mean_reward          | 8.61       |
| time/                   |            |
|    total_timesteps      | 1100000    |
| train/                  |            |
|    approx_kl            | 0.04528986 |
|    clip_fraction        | 0.368      |
|    clip_range           | 0.2        |
|    entropy_loss         | -2.16      |
|    explained_variance   | 0.946      |
|    learning_rate        | 0.0003     |
|    loss                 | 4.19       |
|    n_updates            | 2680       |
|    policy_gradient_loss | -0.0319    |
|    std                  | 0.416      |
|    value_loss           | 12.9       |
----------------------------------------
---------------------------------
| rollout/           |          |
|    ep_len_mean     | 11.6     |
|    ep_rew_mean     | 7.28     |
| time/              |          |
|    fps             | 159      |
|    iterations      | 269      |
|    time_elapsed    | 6898     |
|    total_timesteps | 1101824  |
---------------------------------
----------------------------------------
| rollout/                |            |
|    ep_len_mean          | 10.8       |
|    ep_rew_mean          | 6.89       |
| time/                   |            |
|    fps                  | 159        |
|    iterations           | 270        |
|    time_elapsed         | 6914       |
|    total_timesteps      | 1105920    |
| train/                  |            |
|    approx_kl            | 0.07966035 |
|    clip_fraction        | 0.42       |
|    clip_range           | 0.2        |
|    entropy_loss         | -2.15      |
|    explained_variance   | 0.961      |
|    learning_rate        | 0.0003     |
|    loss                 | 3.02       |
|    n_updates            | 2690       |
|    policy_gradient_loss | -0.0209    |
|    std                  | 0.413      |
|    value_loss           | 11.9       |
----------------------------------------
-----------------------------------------
| rollout/                |             |
|    ep_len_mean          | 11.3        |
|    ep_rew_mean          | 7.7         |
| time/                   |             |
|    fps                  | 160         |
|    iterations           | 271         |
|    time_elapsed         | 6930        |
|    total_timesteps      | 1110016     |
| train/                  |             |
|    approx_kl            | 0.050103147 |
|    clip_fraction        | 0.371       |
|    clip_range           | 0.2         |
|    entropy_loss         | -2.12       |
|    explained_variance   | 0.947       |
|    learning_rate        | 0.0003      |
|    loss                 | 5.01        |
|    n_updates            | 2700        |
|    policy_gradient_loss | -0.0349     |
|    std                  | 0.41        |
|    value_loss           | 11.8        |
-----------------------------------------
----------------------------------------
| rollout/                |            |
|    ep_len_mean          | 11.2       |
|    ep_rew_mean          | 7.38       |
| time/                   |            |
|    fps                  | 160        |
|    iterations           | 272        |
|    time_elapsed         | 6946       |
|    total_timesteps      | 1114112    |
| train/                  |            |
|    approx_kl            | 0.09945079 |
|    clip_fraction        | 0.445      |
|    clip_range           | 0.2        |
|    entropy_loss         | -2.1       |
|    explained_variance   | 0.954      |
|    learning_rate        | 0.0003     |
|    loss                 | 2.88       |
|    n_updates            | 2710       |
|    policy_gradient_loss | -0.0307    |
|    std                  | 0.409      |
|    value_loss           | 9.9        |
----------------------------------------
----------------------------------------
| rollout/                |            |
|    ep_len_mean          | 11.4       |
|    ep_rew_mean          | 6.86       |
| time/                   |            |
|    fps                  | 160        |
|    iterations           | 273        |
|    time_elapsed         | 6964       |
|    total_timesteps      | 1118208    |
| train/                  |            |
|    approx_kl            | 0.07047039 |
|    clip_fraction        | 0.42       |
|    clip_range           | 0.2        |
|    entropy_loss         | -2.07      |
|    explained_variance   | 0.954      |
|    learning_rate        | 0.0003     |
|    loss                 | 2.84       |
|    n_updates            | 2720       |
|    policy_gradient_loss | -0.0312    |
|    std                  | 0.405      |
|    value_loss           | 10.1       |
----------------------------------------
Eval num_timesteps=1120000, episode_reward=6.33 +/- 3.42
Episode length: 11.20 +/- 2.32
----------------------------------------
| eval/                   |            |
|    mean_ep_length       | 11.2       |
|    mean_reward          | 6.33       |
| time/                   |            |
|    total_timesteps      | 1120000    |
| train/                  |            |
|    approx_kl            | 0.06036377 |
|    clip_fraction        | 0.403      |
|    clip_range           | 0.2        |
|    entropy_loss         | -2.04      |
|    explained_variance   | 0.954      |
|    learning_rate        | 0.0003     |
|    loss                 | 1.71       |
|    n_updates            | 2730       |
|    policy_gradient_loss | -0.0375    |
|    std                  | 0.402      |
|    value_loss           | 9.05       |
----------------------------------------
---------------------------------
| rollout/           |          |
|    ep_len_mean     | 11.1     |
|    ep_rew_mean     | 7.22     |
| time/              |          |
|    fps             | 160      |
|    iterations      | 274      |
|    time_elapsed    | 6980     |
|    total_timesteps | 1122304  |
---------------------------------
----------------------------------------
| rollout/                |            |
|    ep_len_mean          | 10.5       |
|    ep_rew_mean          | 6.85       |
| time/                   |            |
|    fps                  | 160        |
|    iterations           | 275        |
|    time_elapsed         | 6998       |
|    total_timesteps      | 1126400    |
| train/                  |            |
|    approx_kl            | 0.07633524 |
|    clip_fraction        | 0.483      |
|    clip_range           | 0.2        |
|    entropy_loss         | -2.02      |
|    explained_variance   | 0.959      |
|    learning_rate        | 0.0003     |
|    loss                 | 1.67       |
|    n_updates            | 2740       |
|    policy_gradient_loss | -0.0294    |
|    std                  | 0.4        |
|    value_loss           | 8.62       |
----------------------------------------
-----------------------------------------
| rollout/                |             |
|    ep_len_mean          | 10.2        |
|    ep_rew_mean          | 6.83        |
| time/                   |             |
|    fps                  | 161         |
|    iterations           | 276         |
|    time_elapsed         | 7011        |
|    total_timesteps      | 1130496     |
| train/                  |             |
|    approx_kl            | 0.092132635 |
|    clip_fraction        | 0.477       |
|    clip_range           | 0.2         |
|    entropy_loss         | -2          |
|    explained_variance   | 0.947       |
|    learning_rate        | 0.0003      |
|    loss                 | 2.78        |
|    n_updates            | 2750        |
|    policy_gradient_loss | -0.0348     |
|    std                  | 0.399       |
|    value_loss           | 7.99        |
-----------------------------------------
-----------------------------------------
| rollout/                |             |
|    ep_len_mean          | 10.6        |
|    ep_rew_mean          | 7.04        |
| time/                   |             |
|    fps                  | 161         |
|    iterations           | 277         |
|    time_elapsed         | 7024        |
|    total_timesteps      | 1134592     |
| train/                  |             |
|    approx_kl            | 0.119289935 |
|    clip_fraction        | 0.465       |
|    clip_range           | 0.2         |
|    entropy_loss         | -1.98       |
|    explained_variance   | 0.957       |
|    learning_rate        | 0.0003      |
|    loss                 | 2.62        |
|    n_updates            | 2760        |
|    policy_gradient_loss | -0.0326     |
|    std                  | 0.396       |
|    value_loss           | 7.65        |
-----------------------------------------
----------------------------------------
| rollout/                |            |
|    ep_len_mean          | 10.7       |
|    ep_rew_mean          | 6.47       |
| time/                   |            |
|    fps                  | 161        |
|    iterations           | 278        |
|    time_elapsed         | 7037       |
|    total_timesteps      | 1138688    |
| train/                  |            |
|    approx_kl            | 0.10878466 |
|    clip_fraction        | 0.528      |
|    clip_range           | 0.2        |
|    entropy_loss         | -1.95      |
|    explained_variance   | 0.956      |
|    learning_rate        | 0.0003     |
|    loss                 | 1.56       |
|    n_updates            | 2770       |
|    policy_gradient_loss | -0.0261    |
|    std                  | 0.393      |
|    value_loss           | 5.85       |
----------------------------------------
Eval num_timesteps=1140000, episode_reward=5.58 +/- 3.64
Episode length: 9.40 +/- 4.50
----------------------------------------
| eval/                   |            |
|    mean_ep_length       | 9.4        |
|    mean_reward          | 5.58       |
| time/                   |            |
|    total_timesteps      | 1140000    |
| train/                  |            |
|    approx_kl            | 0.07005906 |
|    clip_fraction        | 0.404      |
|    clip_range           | 0.2        |
|    entropy_loss         | -1.93      |
|    explained_variance   | 0.961      |
|    learning_rate        | 0.0003     |
|    loss                 | 2.35       |
|    n_updates            | 2780       |
|    policy_gradient_loss | -0.0365    |
|    std                  | 0.391      |
|    value_loss           | 7.37       |
----------------------------------------
---------------------------------
| rollout/           |          |
|    ep_len_mean     | 9.77     |
|    ep_rew_mean     | 6.08     |
| time/              |          |
|    fps             | 161      |
|    iterations      | 279      |
|    time_elapsed    | 7054     |
|    total_timesteps | 1142784  |
---------------------------------
-----------------------------------------
| rollout/                |             |
|    ep_len_mean          | 9.92        |
|    ep_rew_mean          | 6.32        |
| time/                   |             |
|    fps                  | 162         |
|    iterations           | 280         |
|    time_elapsed         | 7069        |
|    total_timesteps      | 1146880     |
| train/                  |             |
|    approx_kl            | 0.073707804 |
|    clip_fraction        | 0.455       |
|    clip_range           | 0.2         |
|    entropy_loss         | -1.9        |
|    explained_variance   | 0.966       |
|    learning_rate        | 0.0003      |
|    loss                 | 2.55        |
|    n_updates            | 2790        |
|    policy_gradient_loss | -0.0307     |
|    std                  | 0.39        |
|    value_loss           | 5.81        |
-----------------------------------------
-----------------------------------------
| rollout/                |             |
|    ep_len_mean          | 10.1        |
|    ep_rew_mean          | 6.38        |
| time/                   |             |
|    fps                  | 162         |
|    iterations           | 281         |
|    time_elapsed         | 7082        |
|    total_timesteps      | 1150976     |
| train/                  |             |
|    approx_kl            | 0.082128495 |
|    clip_fraction        | 0.449       |
|    clip_range           | 0.2         |
|    entropy_loss         | -1.89       |
|    explained_variance   | 0.963       |
|    learning_rate        | 0.0003      |
|    loss                 | 2.67        |
|    n_updates            | 2800        |
|    policy_gradient_loss | -0.0325     |
|    std                  | 0.388       |
|    value_loss           | 5.81        |
-----------------------------------------
----------------------------------------
| rollout/                |            |
|    ep_len_mean          | 10.2       |
|    ep_rew_mean          | 6.59       |
| time/                   |            |
|    fps                  | 162        |
|    iterations           | 282        |
|    time_elapsed         | 7098       |
|    total_timesteps      | 1155072    |
| train/                  |            |
|    approx_kl            | 0.08197574 |
|    clip_fraction        | 0.429      |
|    clip_range           | 0.2        |
|    entropy_loss         | -1.86      |
|    explained_variance   | 0.964      |
|    learning_rate        | 0.0003     |
|    loss                 | 2.14       |
|    n_updates            | 2810       |
|    policy_gradient_loss | -0.0336    |
|    std                  | 0.384      |
|    value_loss           | 5.16       |
----------------------------------------
--------------------------------------
| rollout/                |          |
|    ep_len_mean          | 9.76     |
|    ep_rew_mean          | 5.69     |
| time/                   |          |
|    fps                  | 162      |
|    iterations           | 283      |
|    time_elapsed         | 7114     |
|    total_timesteps      | 1159168  |
| train/                  |          |
|    approx_kl            | 0.127595 |
|    clip_fraction        | 0.488    |
|    clip_range           | 0.2      |
|    entropy_loss         | -1.82    |
|    explained_variance   | 0.963    |
|    learning_rate        | 0.0003   |
|    loss                 | 0.94     |
|    n_updates            | 2820     |
|    policy_gradient_loss | -0.0328  |
|    std                  | 0.38     |
|    value_loss           | 4.39     |
--------------------------------------
Eval num_timesteps=1160000, episode_reward=4.78 +/- 2.07
Episode length: 7.80 +/- 3.19
----------------------------------------
| eval/                   |            |
|    mean_ep_length       | 7.8        |
|    mean_reward          | 4.78       |
| time/                   |            |
|    total_timesteps      | 1160000    |
| train/                  |            |
|    approx_kl            | 0.10108304 |
|    clip_fraction        | 0.46       |
|    clip_range           | 0.2        |
|    entropy_loss         | -1.79      |
|    explained_variance   | 0.97       |
|    learning_rate        | 0.0003     |
|    loss                 | 0.924      |
|    n_updates            | 2830       |
|    policy_gradient_loss | -0.0329    |
|    std                  | 0.377      |
|    value_loss           | 4.31       |
----------------------------------------
---------------------------------
| rollout/           |          |
|    ep_len_mean     | 9.62     |
|    ep_rew_mean     | 5.85     |
| time/              |          |
|    fps             | 163      |
|    iterations      | 284      |
|    time_elapsed    | 7127     |
|    total_timesteps | 1163264  |
---------------------------------
----------------------------------------
| rollout/                |            |
|    ep_len_mean          | 10.1       |
|    ep_rew_mean          | 6.62       |
| time/                   |            |
|    fps                  | 163        |
|    iterations           | 285        |
|    time_elapsed         | 7140       |
|    total_timesteps      | 1167360    |
| train/                  |            |
|    approx_kl            | 0.08057904 |
|    clip_fraction        | 0.45       |
|    clip_range           | 0.2        |
|    entropy_loss         | -1.77      |
|    explained_variance   | 0.969      |
|    learning_rate        | 0.0003     |
|    loss                 | 1.7        |
|    n_updates            | 2840       |
|    policy_gradient_loss | -0.0297    |
|    std                  | 0.377      |
|    value_loss           | 4.17       |
----------------------------------------
----------------------------------------
| rollout/                |            |
|    ep_len_mean          | 10         |
|    ep_rew_mean          | 6.01       |
| time/                   |            |
|    fps                  | 163        |
|    iterations           | 286        |
|    time_elapsed         | 7156       |
|    total_timesteps      | 1171456    |
| train/                  |            |
|    approx_kl            | 0.10190731 |
|    clip_fraction        | 0.449      |
|    clip_range           | 0.2        |
|    entropy_loss         | -1.75      |
|    explained_variance   | 0.971      |
|    learning_rate        | 0.0003     |
|    loss                 | 1.31       |
|    n_updates            | 2850       |
|    policy_gradient_loss | -0.0282    |
|    std                  | 0.376      |
|    value_loss           | 4.2        |
----------------------------------------
----------------------------------------
| rollout/                |            |
|    ep_len_mean          | 9.91       |
|    ep_rew_mean          | 6.23       |
| time/                   |            |
|    fps                  | 163        |
|    iterations           | 287        |
|    time_elapsed         | 7172       |
|    total_timesteps      | 1175552    |
| train/                  |            |
|    approx_kl            | 0.09862134 |
|    clip_fraction        | 0.517      |
|    clip_range           | 0.2        |
|    entropy_loss         | -1.74      |
|    explained_variance   | 0.977      |
|    learning_rate        | 0.0003     |
|    loss                 | 0.837      |
|    n_updates            | 2860       |
|    policy_gradient_loss | -0.0263    |
|    std                  | 0.374      |
|    value_loss           | 3.15       |
----------------------------------------
----------------------------------------
| rollout/                |            |
|    ep_len_mean          | 9.93       |
|    ep_rew_mean          | 6.31       |
| time/                   |            |
|    fps                  | 164        |
|    iterations           | 288        |
|    time_elapsed         | 7187       |
|    total_timesteps      | 1179648    |
| train/                  |            |
|    approx_kl            | 0.08607988 |
|    clip_fraction        | 0.49       |
|    clip_range           | 0.2        |
|    entropy_loss         | -1.72      |
|    explained_variance   | 0.98       |
|    learning_rate        | 0.0003     |
|    loss                 | 2.35       |
|    n_updates            | 2870       |
|    policy_gradient_loss | -0.0302    |
|    std                  | 0.371      |
|    value_loss           | 2.97       |
----------------------------------------
Eval num_timesteps=1180000, episode_reward=6.39 +/- 2.49
Episode length: 13.60 +/- 2.24
----------------------------------------
| eval/                   |            |
|    mean_ep_length       | 13.6       |
|    mean_reward          | 6.39       |
| time/                   |            |
|    total_timesteps      | 1180000    |
| train/                  |            |
|    approx_kl            | 0.10368109 |
|    clip_fraction        | 0.449      |
|    clip_range           | 0.2        |
|    entropy_loss         | -1.68      |
|    explained_variance   | 0.976      |
|    learning_rate        | 0.0003     |
|    loss                 | 1.7        |
|    n_updates            | 2880       |
|    policy_gradient_loss | -0.0248    |
|    std                  | 0.367      |
|    value_loss           | 3.91       |
----------------------------------------
---------------------------------
| rollout/           |          |
|    ep_len_mean     | 9.95     |
|    ep_rew_mean     | 6.51     |
| time/              |          |
|    fps             | 164      |
|    iterations      | 289      |
|    time_elapsed    | 7201     |
|    total_timesteps | 1183744  |
---------------------------------
----------------------------------------
| rollout/                |            |
|    ep_len_mean          | 9.95       |
|    ep_rew_mean          | 6.26       |
| time/                   |            |
|    fps                  | 164        |
|    iterations           | 290        |
|    time_elapsed         | 7216       |
|    total_timesteps      | 1187840    |
| train/                  |            |
|    approx_kl            | 0.06915369 |
|    clip_fraction        | 0.437      |
|    clip_range           | 0.2        |
|    entropy_loss         | -1.65      |
|    explained_variance   | 0.978      |
|    learning_rate        | 0.0003     |
|    loss                 | 0.94       |
|    n_updates            | 2890       |
|    policy_gradient_loss | -0.0335    |
|    std                  | 0.365      |
|    value_loss           | 3.03       |
----------------------------------------
-----------------------------------------
| rollout/                |             |
|    ep_len_mean          | 9.1         |
|    ep_rew_mean          | 5.8         |
| time/                   |             |
|    fps                  | 164         |
|    iterations           | 291         |
|    time_elapsed         | 7232        |
|    total_timesteps      | 1191936     |
| train/                  |             |
|    approx_kl            | 0.056617238 |
|    clip_fraction        | 0.423       |
|    clip_range           | 0.2         |
|    entropy_loss         | -1.62       |
|    explained_variance   | 0.974       |
|    learning_rate        | 0.0003      |
|    loss                 | 1.55        |
|    n_updates            | 2900        |
|    policy_gradient_loss | -0.0325     |
|    std                  | 0.363       |
|    value_loss           | 3.45        |
-----------------------------------------
-----------------------------------------
| rollout/                |             |
|    ep_len_mean          | 9.52        |
|    ep_rew_mean          | 5.81        |
| time/                   |             |
|    fps                  | 165         |
|    iterations           | 292         |
|    time_elapsed         | 7247        |
|    total_timesteps      | 1196032     |
| train/                  |             |
|    approx_kl            | 0.063295946 |
|    clip_fraction        | 0.45        |
|    clip_range           | 0.2         |
|    entropy_loss         | -1.6        |
|    explained_variance   | 0.973       |
|    learning_rate        | 0.0003      |
|    loss                 | 1.35        |
|    n_updates            | 2910        |
|    policy_gradient_loss | -0.0308     |
|    std                  | 0.361       |
|    value_loss           | 3.73        |
-----------------------------------------
Eval num_timesteps=1200000, episode_reward=5.36 +/- 1.52
Episode length: 11.00 +/- 2.10
----------------------------------------
| eval/                   |            |
|    mean_ep_length       | 11         |
|    mean_reward          | 5.36       |
| time/                   |            |
|    total_timesteps      | 1200000    |
| train/                  |            |
|    approx_kl            | 0.06949584 |
|    clip_fraction        | 0.421      |
|    clip_range           | 0.2        |
|    entropy_loss         | -1.58      |
|    explained_variance   | 0.976      |
|    learning_rate        | 0.0003     |
|    loss                 | 0.605      |
|    n_updates            | 2920       |
|    policy_gradient_loss | -0.0356    |
|    std                  | 0.359      |
|    value_loss           | 3.33       |
----------------------------------------
---------------------------------
| rollout/           |          |
|    ep_len_mean     | 10.3     |
|    ep_rew_mean     | 6.81     |
| time/              |          |
|    fps             | 165      |
|    iterations      | 293      |
|    time_elapsed    | 7263     |
|    total_timesteps | 1200128  |
---------------------------------
-----------------------------------------
| rollout/                |             |
|    ep_len_mean          | 9.72        |
|    ep_rew_mean          | 6.54        |
| time/                   |             |
|    fps                  | 165         |
|    iterations           | 294         |
|    time_elapsed         | 7276        |
|    total_timesteps      | 1204224     |
| train/                  |             |
|    approx_kl            | 0.104368255 |
|    clip_fraction        | 0.499       |
|    clip_range           | 0.2         |
|    entropy_loss         | -1.56       |
|    explained_variance   | 0.983       |
|    learning_rate        | 0.0003      |
|    loss                 | 0.807       |
|    n_updates            | 2930        |
|    policy_gradient_loss | -0.0296     |
|    std                  | 0.358       |
|    value_loss           | 2.21        |
-----------------------------------------
-----------------------------------------
| rollout/                |             |
|    ep_len_mean          | 9.17        |
|    ep_rew_mean          | 5.31        |
| time/                   |             |
|    fps                  | 165         |
|    iterations           | 295         |
|    time_elapsed         | 7291        |
|    total_timesteps      | 1208320     |
| train/                  |             |
|    approx_kl            | 0.110540695 |
|    clip_fraction        | 0.475       |
|    clip_range           | 0.2         |
|    entropy_loss         | -1.54       |
|    explained_variance   | 0.978       |
|    learning_rate        | 0.0003      |
|    loss                 | 0.547       |
|    n_updates            | 2940        |
|    policy_gradient_loss | -0.03       |
|    std                  | 0.354       |
|    value_loss           | 2.43        |
-----------------------------------------
----------------------------------------
| rollout/                |            |
|    ep_len_mean          | 9.94       |
|    ep_rew_mean          | 5.79       |
| time/                   |            |
|    fps                  | 165        |
|    iterations           | 296        |
|    time_elapsed         | 7308       |
|    total_timesteps      | 1212416    |
| train/                  |            |
|    approx_kl            | 0.09447369 |
|    clip_fraction        | 0.486      |
|    clip_range           | 0.2        |
|    entropy_loss         | -1.51      |
|    explained_variance   | 0.98       |
|    learning_rate        | 0.0003     |
|    loss                 | 1.22       |
|    n_updates            | 2950       |
|    policy_gradient_loss | -0.0253    |
|    std                  | 0.353      |
|    value_loss           | 2.38       |
----------------------------------------
-----------------------------------------
| rollout/                |             |
|    ep_len_mean          | 9.84        |
|    ep_rew_mean          | 6.18        |
| time/                   |             |
|    fps                  | 166         |
|    iterations           | 297         |
|    time_elapsed         | 7324        |
|    total_timesteps      | 1216512     |
| train/                  |             |
|    approx_kl            | 0.094816774 |
|    clip_fraction        | 0.415       |
|    clip_range           | 0.2         |
|    entropy_loss         | -1.48       |
|    explained_variance   | 0.981       |
|    learning_rate        | 0.0003      |
|    loss                 | 0.88        |
|    n_updates            | 2960        |
|    policy_gradient_loss | -0.0283     |
|    std                  | 0.35        |
|    value_loss           | 2.91        |
-----------------------------------------
Eval num_timesteps=1220000, episode_reward=7.88 +/- 3.67
Episode length: 10.80 +/- 1.72
----------------------------------------
| eval/                   |            |
|    mean_ep_length       | 10.8       |
|    mean_reward          | 7.88       |
| time/                   |            |
|    total_timesteps      | 1220000    |
| train/                  |            |
|    approx_kl            | 0.07034302 |
|    clip_fraction        | 0.475      |
|    clip_range           | 0.2        |
|    entropy_loss         | -1.46      |
|    explained_variance   | 0.979      |
|    learning_rate        | 0.0003     |
|    loss                 | 1.35       |
|    n_updates            | 2970       |
|    policy_gradient_loss | -0.0276    |
|    std                  | 0.348      |
|    value_loss           | 2.43       |
----------------------------------------
---------------------------------
| rollout/           |          |
|    ep_len_mean     | 9.8      |
|    ep_rew_mean     | 6.49     |
| time/              |          |
|    fps             | 166      |
|    iterations      | 298      |
|    time_elapsed    | 7337     |
|    total_timesteps | 1220608  |
---------------------------------
-----------------------------------------
| rollout/                |             |
|    ep_len_mean          | 9.21        |
|    ep_rew_mean          | 5.9         |
| time/                   |             |
|    fps                  | 166         |
|    iterations           | 299         |
|    time_elapsed         | 7351        |
|    total_timesteps      | 1224704     |
| train/                  |             |
|    approx_kl            | 0.083924115 |
|    clip_fraction        | 0.437       |
|    clip_range           | 0.2         |
|    entropy_loss         | -1.42       |
|    explained_variance   | 0.979       |
|    learning_rate        | 0.0003      |
|    loss                 | 0.62        |
|    n_updates            | 2980        |
|    policy_gradient_loss | -0.0378     |
|    std                  | 0.344       |
|    value_loss           | 2.39        |
-----------------------------------------
----------------------------------------
| rollout/                |            |
|    ep_len_mean          | 8.99       |
|    ep_rew_mean          | 5.93       |
| time/                   |            |
|    fps                  | 166        |
|    iterations           | 300        |
|    time_elapsed         | 7368       |
|    total_timesteps      | 1228800    |
| train/                  |            |
|    approx_kl            | 0.11535083 |
|    clip_fraction        | 0.484      |
|    clip_range           | 0.2        |
|    entropy_loss         | -1.4       |
|    explained_variance   | 0.979      |
|    learning_rate        | 0.0003     |
|    loss                 | 1.58       |
|    n_updates            | 2990       |
|    policy_gradient_loss | -0.0232    |
|    std                  | 0.344      |
|    value_loss           | 3.06       |
----------------------------------------
----------------------------------------
| rollout/                |            |
|    ep_len_mean          | 8.85       |
|    ep_rew_mean          | 5.95       |
| time/                   |            |
|    fps                  | 166        |
|    iterations           | 301        |
|    time_elapsed         | 7384       |
|    total_timesteps      | 1232896    |
| train/                  |            |
|    approx_kl            | 0.07881235 |
|    clip_fraction        | 0.474      |
|    clip_range           | 0.2        |
|    entropy_loss         | -1.39      |
|    explained_variance   | 0.975      |
|    learning_rate        | 0.0003     |
|    loss                 | 0.622      |
|    n_updates            | 3000       |
|    policy_gradient_loss | -0.029     |
|    std                  | 0.342      |
|    value_loss           | 2.68       |
----------------------------------------
----------------------------------------
| rollout/                |            |
|    ep_len_mean          | 10.1       |
|    ep_rew_mean          | 6.5        |
| time/                   |            |
|    fps                  | 167        |
|    iterations           | 302        |
|    time_elapsed         | 7399       |
|    total_timesteps      | 1236992    |
| train/                  |            |
|    approx_kl            | 0.08960308 |
|    clip_fraction        | 0.477      |
|    clip_range           | 0.2        |
|    entropy_loss         | -1.36      |
|    explained_variance   | 0.981      |
|    learning_rate        | 0.0003     |
|    loss                 | 0.892      |
|    n_updates            | 3010       |
|    policy_gradient_loss | -0.029     |
|    std                  | 0.339      |
|    value_loss           | 2.34       |
----------------------------------------
Eval num_timesteps=1240000, episode_reward=5.12 +/- 2.97
Episode length: 9.60 +/- 2.58
----------------------------------------
| eval/                   |            |
|    mean_ep_length       | 9.6        |
|    mean_reward          | 5.12       |
| time/                   |            |
|    total_timesteps      | 1240000    |
| train/                  |            |
|    approx_kl            | 0.09285703 |
|    clip_fraction        | 0.421      |
|    clip_range           | 0.2        |
|    entropy_loss         | -1.33      |
|    explained_variance   | 0.979      |
|    learning_rate        | 0.0003     |
|    loss                 | 0.655      |
|    n_updates            | 3020       |
|    policy_gradient_loss | -0.0336    |
|    std                  | 0.338      |
|    value_loss           | 2.42       |
----------------------------------------
---------------------------------
| rollout/           |          |
|    ep_len_mean     | 9.67     |
|    ep_rew_mean     | 6.23     |
| time/              |          |
|    fps             | 167      |
|    iterations      | 303      |
|    time_elapsed    | 7412     |
|    total_timesteps | 1241088  |
---------------------------------
----------------------------------------
| rollout/                |            |
|    ep_len_mean          | 9.89       |
|    ep_rew_mean          | 6.41       |
| time/                   |            |
|    fps                  | 167        |
|    iterations           | 304        |
|    time_elapsed         | 7429       |
|    total_timesteps      | 1245184    |
| train/                  |            |
|    approx_kl            | 0.08564637 |
|    clip_fraction        | 0.456      |
|    clip_range           | 0.2        |
|    entropy_loss         | -1.32      |
|    explained_variance   | 0.978      |
|    learning_rate        | 0.0003     |
|    loss                 | 0.372      |
|    n_updates            | 3030       |
|    policy_gradient_loss | -0.0305    |
|    std                  | 0.336      |
|    value_loss           | 2.48       |
----------------------------------------
----------------------------------------
| rollout/                |            |
|    ep_len_mean          | 9.62       |
|    ep_rew_mean          | 6.14       |
| time/                   |            |
|    fps                  | 167        |
|    iterations           | 305        |
|    time_elapsed         | 7442       |
|    total_timesteps      | 1249280    |
| train/                  |            |
|    approx_kl            | 0.12533137 |
|    clip_fraction        | 0.494      |
|    clip_range           | 0.2        |
|    entropy_loss         | -1.3       |
|    explained_variance   | 0.982      |
|    learning_rate        | 0.0003     |
|    loss                 | 1.22       |
|    n_updates            | 3040       |
|    policy_gradient_loss | -0.0272    |
|    std                  | 0.335      |
|    value_loss           | 2.24       |
----------------------------------------
-----------------------------------------
| rollout/                |             |
|    ep_len_mean          | 9.51        |
|    ep_rew_mean          | 6.19        |
| time/                   |             |
|    fps                  | 168         |
|    iterations           | 306         |
|    time_elapsed         | 7458        |
|    total_timesteps      | 1253376     |
| train/                  |             |
|    approx_kl            | 0.078100756 |
|    clip_fraction        | 0.452       |
|    clip_range           | 0.2         |
|    entropy_loss         | -1.28       |
|    explained_variance   | 0.973       |
|    learning_rate        | 0.0003      |
|    loss                 | 0.702       |
|    n_updates            | 3050        |
|    policy_gradient_loss | -0.0276     |
|    std                  | 0.333       |
|    value_loss           | 2.84        |
-----------------------------------------
----------------------------------------
| rollout/                |            |
|    ep_len_mean          | 9.31       |
|    ep_rew_mean          | 5.54       |
| time/                   |            |
|    fps                  | 168        |
|    iterations           | 307        |
|    time_elapsed         | 7471       |
|    total_timesteps      | 1257472    |
| train/                  |            |
|    approx_kl            | 0.12683842 |
|    clip_fraction        | 0.511      |
|    clip_range           | 0.2        |
|    entropy_loss         | -1.26      |
|    explained_variance   | 0.976      |
|    learning_rate        | 0.0003     |
|    loss                 | 0.318      |
|    n_updates            | 3060       |
|    policy_gradient_loss | -0.0283    |
|    std                  | 0.331      |
|    value_loss           | 2.55       |
----------------------------------------
Eval num_timesteps=1260000, episode_reward=3.70 +/- 0.76
Episode length: 10.00 +/- 4.00
----------------------------------------
| eval/                   |            |
|    mean_ep_length       | 10         |
|    mean_reward          | 3.7        |
| time/                   |            |
|    total_timesteps      | 1260000    |
| train/                  |            |
|    approx_kl            | 0.13097693 |
|    clip_fraction        | 0.504      |
|    clip_range           | 0.2        |
|    entropy_loss         | -1.25      |
|    explained_variance   | 0.978      |
|    learning_rate        | 0.0003     |
|    loss                 | 0.66       |
|    n_updates            | 3070       |
|    policy_gradient_loss | -0.0291    |
|    std                  | 0.33       |
|    value_loss           | 2.27       |
----------------------------------------
---------------------------------
| rollout/           |          |
|    ep_len_mean     | 9.64     |
|    ep_rew_mean     | 6.14     |
| time/              |          |
|    fps             | 168      |
|    iterations      | 308      |
|    time_elapsed    | 7484     |
|    total_timesteps | 1261568  |
---------------------------------
-----------------------------------------
| rollout/                |             |
|    ep_len_mean          | 9.43        |
|    ep_rew_mean          | 6.43        |
| time/                   |             |
|    fps                  | 168         |
|    iterations           | 309         |
|    time_elapsed         | 7497        |
|    total_timesteps      | 1265664     |
| train/                  |             |
|    approx_kl            | 0.069958046 |
|    clip_fraction        | 0.452       |
|    clip_range           | 0.2         |
|    entropy_loss         | -1.23       |
|    explained_variance   | 0.98        |
|    learning_rate        | 0.0003      |
|    loss                 | 1.22        |
|    n_updates            | 3080        |
|    policy_gradient_loss | -0.026      |
|    std                  | 0.328       |
|    value_loss           | 2.1         |
-----------------------------------------
-----------------------------------------
| rollout/                |             |
|    ep_len_mean          | 9.28        |
|    ep_rew_mean          | 5.8         |
| time/                   |             |
|    fps                  | 169         |
|    iterations           | 310         |
|    time_elapsed         | 7512        |
|    total_timesteps      | 1269760     |
| train/                  |             |
|    approx_kl            | 0.113169365 |
|    clip_fraction        | 0.539       |
|    clip_range           | 0.2         |
|    entropy_loss         | -1.21       |
|    explained_variance   | 0.979       |
|    learning_rate        | 0.0003      |
|    loss                 | 0.861       |
|    n_updates            | 3090        |
|    policy_gradient_loss | -0.0231     |
|    std                  | 0.327       |
|    value_loss           | 1.89        |
-----------------------------------------
-----------------------------------------
| rollout/                |             |
|    ep_len_mean          | 9.19        |
|    ep_rew_mean          | 6.15        |
| time/                   |             |
|    fps                  | 169         |
|    iterations           | 311         |
|    time_elapsed         | 7527        |
|    total_timesteps      | 1273856     |
| train/                  |             |
|    approx_kl            | 0.091405265 |
|    clip_fraction        | 0.435       |
|    clip_range           | 0.2         |
|    entropy_loss         | -1.19       |
|    explained_variance   | 0.97        |
|    learning_rate        | 0.0003      |
|    loss                 | 0.524       |
|    n_updates            | 3100        |
|    policy_gradient_loss | -0.0341     |
|    std                  | 0.326       |
|    value_loss           | 2.51        |
-----------------------------------------
----------------------------------------
| rollout/                |            |
|    ep_len_mean          | 9.28       |
|    ep_rew_mean          | 5.6        |
| time/                   |            |
|    fps                  | 169        |
|    iterations           | 312        |
|    time_elapsed         | 7543       |
|    total_timesteps      | 1277952    |
| train/                  |            |
|    approx_kl            | 0.13478155 |
|    clip_fraction        | 0.501      |
|    clip_range           | 0.2        |
|    entropy_loss         | -1.18      |
|    explained_variance   | 0.972      |
|    learning_rate        | 0.0003     |
|    loss                 | 0.514      |
|    n_updates            | 3110       |
|    policy_gradient_loss | -0.0212    |
|    std                  | 0.326      |
|    value_loss           | 2.29       |
----------------------------------------
Eval num_timesteps=1280000, episode_reward=7.23 +/- 3.53
Episode length: 8.20 +/- 2.79
----------------------------------------
| eval/                   |            |
|    mean_ep_length       | 8.2        |
|    mean_reward          | 7.23       |
| time/                   |            |
|    total_timesteps      | 1280000    |
| train/                  |            |
|    approx_kl            | 0.08986808 |
|    clip_fraction        | 0.497      |
|    clip_range           | 0.2        |
|    entropy_loss         | -1.17      |
|    explained_variance   | 0.978      |
|    learning_rate        | 0.0003     |
|    loss                 | 0.449      |
|    n_updates            | 3120       |
|    policy_gradient_loss | -0.0305    |
|    std                  | 0.324      |
|    value_loss           | 1.85       |
----------------------------------------
---------------------------------
| rollout/           |          |
|    ep_len_mean     | 9.3      |
|    ep_rew_mean     | 5.98     |
| time/              |          |
|    fps             | 169      |
|    iterations      | 313      |
|    time_elapsed    | 7560     |
|    total_timesteps | 1282048  |
---------------------------------
---------------------------------------
| rollout/                |           |
|    ep_len_mean          | 9.15      |
|    ep_rew_mean          | 6.08      |
| time/                   |           |
|    fps                  | 169       |
|    iterations           | 314       |
|    time_elapsed         | 7576      |
|    total_timesteps      | 1286144   |
| train/                  |           |
|    approx_kl            | 0.1421371 |
|    clip_fraction        | 0.466     |
|    clip_range           | 0.2       |
|    entropy_loss         | -1.14     |
|    explained_variance   | 0.978     |
|    learning_rate        | 0.0003    |
|    loss                 | 0.661     |
|    n_updates            | 3130      |
|    policy_gradient_loss | -0.0361   |
|    std                  | 0.321     |
|    value_loss           | 2.19      |
---------------------------------------
----------------------------------------
| rollout/                |            |
|    ep_len_mean          | 9.26       |
|    ep_rew_mean          | 5.85       |
| time/                   |            |
|    fps                  | 169        |
|    iterations           | 315        |
|    time_elapsed         | 7593       |
|    total_timesteps      | 1290240    |
| train/                  |            |
|    approx_kl            | 0.08737562 |
|    clip_fraction        | 0.507      |
|    clip_range           | 0.2        |
|    entropy_loss         | -1.1       |
|    explained_variance   | 0.974      |
|    learning_rate        | 0.0003     |
|    loss                 | 0.651      |
|    n_updates            | 3140       |
|    policy_gradient_loss | -0.0249    |
|    std                  | 0.318      |
|    value_loss           | 2.15       |
----------------------------------------
----------------------------------------
| rollout/                |            |
|    ep_len_mean          | 8.79       |
|    ep_rew_mean          | 5.8        |
| time/                   |            |
|    fps                  | 170        |
|    iterations           | 316        |
|    time_elapsed         | 7607       |
|    total_timesteps      | 1294336    |
| train/                  |            |
|    approx_kl            | 0.08150172 |
|    clip_fraction        | 0.446      |
|    clip_range           | 0.2        |
|    entropy_loss         | -1.08      |
|    explained_variance   | 0.975      |
|    learning_rate        | 0.0003     |
|    loss                 | 0.418      |
|    n_updates            | 3150       |
|    policy_gradient_loss | -0.0331    |
|    std                  | 0.316      |
|    value_loss           | 2.32       |
----------------------------------------
----------------------------------------
| rollout/                |            |
|    ep_len_mean          | 8.89       |
|    ep_rew_mean          | 5.63       |
| time/                   |            |
|    fps                  | 170        |
|    iterations           | 317        |
|    time_elapsed         | 7621       |
|    total_timesteps      | 1298432    |
| train/                  |            |
|    approx_kl            | 0.14873503 |
|    clip_fraction        | 0.514      |
|    clip_range           | 0.2        |
|    entropy_loss         | -1.06      |
|    explained_variance   | 0.978      |
|    learning_rate        | 0.0003     |
|    loss                 | 0.661      |
|    n_updates            | 3160       |
|    policy_gradient_loss | -0.0307    |
|    std                  | 0.316      |
|    value_loss           | 1.9        |
----------------------------------------
Eval num_timesteps=1300000, episode_reward=6.73 +/- 1.50
Episode length: 9.80 +/- 2.32
---------------------------------------
| eval/                   |           |
|    mean_ep_length       | 9.8       |
|    mean_reward          | 6.73      |
| time/                   |           |
|    total_timesteps      | 1300000   |
| train/                  |           |
|    approx_kl            | 0.1295355 |
|    clip_fraction        | 0.522     |
|    clip_range           | 0.2       |
|    entropy_loss         | -1.05     |
|    explained_variance   | 0.974     |
|    learning_rate        | 0.0003    |
|    loss                 | 0.44      |
|    n_updates            | 3170      |
|    policy_gradient_loss | -0.0275   |
|    std                  | 0.314     |
|    value_loss           | 2.04      |
---------------------------------------
---------------------------------
| rollout/           |          |
|    ep_len_mean     | 8.18     |
|    ep_rew_mean     | 5.56     |
| time/              |          |
|    fps             | 170      |
|    iterations      | 318      |
|    time_elapsed    | 7635     |
|    total_timesteps | 1302528  |
---------------------------------
----------------------------------------
| rollout/                |            |
|    ep_len_mean          | 8.88       |
|    ep_rew_mean          | 5.25       |
| time/                   |            |
|    fps                  | 170        |
|    iterations           | 319        |
|    time_elapsed         | 7649       |
|    total_timesteps      | 1306624    |
| train/                  |            |
|    approx_kl            | 0.09473187 |
|    clip_fraction        | 0.5        |
|    clip_range           | 0.2        |
|    entropy_loss         | -1.03      |
|    explained_variance   | 0.975      |
|    learning_rate        | 0.0003     |
|    loss                 | 0.506      |
|    n_updates            | 3180       |
|    policy_gradient_loss | -0.0273    |
|    std                  | 0.313      |
|    value_loss           | 1.93       |
----------------------------------------
-----------------------------------------
| rollout/                |             |
|    ep_len_mean          | 9.19        |
|    ep_rew_mean          | 5.68        |
| time/                   |             |
|    fps                  | 171         |
|    iterations           | 320         |
|    time_elapsed         | 7664        |
|    total_timesteps      | 1310720     |
| train/                  |             |
|    approx_kl            | 0.108601764 |
|    clip_fraction        | 0.493       |
|    clip_range           | 0.2         |
|    entropy_loss         | -1.01       |
|    explained_variance   | 0.973       |
|    learning_rate        | 0.0003      |
|    loss                 | 0.532       |
|    n_updates            | 3190        |
|    policy_gradient_loss | -0.0274     |
|    std                  | 0.312       |
|    value_loss           | 2.46        |
-----------------------------------------
--------------------------------------
| rollout/                |          |
|    ep_len_mean          | 8.49     |
|    ep_rew_mean          | 5.71     |
| time/                   |          |
|    fps                  | 171      |
|    iterations           | 321      |
|    time_elapsed         | 7681     |
|    total_timesteps      | 1314816  |
| train/                  |          |
|    approx_kl            | 0.101833 |
|    clip_fraction        | 0.466    |
|    clip_range           | 0.2      |
|    entropy_loss         | -0.994   |
|    explained_variance   | 0.975    |
|    learning_rate        | 0.0003   |
|    loss                 | 0.459    |
|    n_updates            | 3200     |
|    policy_gradient_loss | -0.0434  |
|    std                  | 0.31     |
|    value_loss           | 2.25     |
--------------------------------------
----------------------------------------
| rollout/                |            |
|    ep_len_mean          | 8.24       |
|    ep_rew_mean          | 5.1        |
| time/                   |            |
|    fps                  | 171        |
|    iterations           | 322        |
|    time_elapsed         | 7695       |
|    total_timesteps      | 1318912    |
| train/                  |            |
|    approx_kl            | 0.12035841 |
|    clip_fraction        | 0.509      |
|    clip_range           | 0.2        |
|    entropy_loss         | -0.966     |
|    explained_variance   | 0.973      |
|    learning_rate        | 0.0003     |
|    loss                 | 0.479      |
|    n_updates            | 3210       |
|    policy_gradient_loss | -0.0327    |
|    std                  | 0.308      |
|    value_loss           | 1.96       |
----------------------------------------
Eval num_timesteps=1320000, episode_reward=5.08 +/- 0.92
Episode length: 10.20 +/- 1.94
----------------------------------------
| eval/                   |            |
|    mean_ep_length       | 10.2       |
|    mean_reward          | 5.08       |
| time/                   |            |
|    total_timesteps      | 1320000    |
| train/                  |            |
|    approx_kl            | 0.12495944 |
|    clip_fraction        | 0.504      |
|    clip_range           | 0.2        |
|    entropy_loss         | -0.935     |
|    explained_variance   | 0.968      |
|    learning_rate        | 0.0003     |
|    loss                 | 0.889      |
|    n_updates            | 3220       |
|    policy_gradient_loss | -0.0319    |
|    std                  | 0.305      |
|    value_loss           | 2.6        |
----------------------------------------
---------------------------------
| rollout/           |          |
|    ep_len_mean     | 8.13     |
|    ep_rew_mean     | 5.42     |
| time/              |          |
|    fps             | 171      |
|    iterations      | 323      |
|    time_elapsed    | 7709     |
|    total_timesteps | 1323008  |
---------------------------------
---------------------------------------
| rollout/                |           |
|    ep_len_mean          | 8.7       |
|    ep_rew_mean          | 5.8       |
| time/                   |           |
|    fps                  | 171       |
|    iterations           | 324       |
|    time_elapsed         | 7723      |
|    total_timesteps      | 1327104   |
| train/                  |           |
|    approx_kl            | 0.0786839 |
|    clip_fraction        | 0.461     |
|    clip_range           | 0.2       |
|    entropy_loss         | -0.914    |
|    explained_variance   | 0.965     |
|    learning_rate        | 0.0003    |
|    loss                 | 0.839     |
|    n_updates            | 3230      |
|    policy_gradient_loss | -0.0346   |
|    std                  | 0.304     |
|    value_loss           | 2.72      |
---------------------------------------
----------------------------------------
| rollout/                |            |
|    ep_len_mean          | 8.63       |
|    ep_rew_mean          | 5.34       |
| time/                   |            |
|    fps                  | 172        |
|    iterations           | 325        |
|    time_elapsed         | 7739       |
|    total_timesteps      | 1331200    |
| train/                  |            |
|    approx_kl            | 0.11133288 |
|    clip_fraction        | 0.48       |
|    clip_range           | 0.2        |
|    entropy_loss         | -0.895     |
|    explained_variance   | 0.974      |
|    learning_rate        | 0.0003     |
|    loss                 | 0.614      |
|    n_updates            | 3240       |
|    policy_gradient_loss | -0.0357    |
|    std                  | 0.302      |
|    value_loss           | 2.17       |
----------------------------------------
-----------------------------------------
| rollout/                |             |
|    ep_len_mean          | 8.38        |
|    ep_rew_mean          | 5.84        |
| time/                   |             |
|    fps                  | 172         |
|    iterations           | 326         |
|    time_elapsed         | 7756        |
|    total_timesteps      | 1335296     |
| train/                  |             |
|    approx_kl            | 0.115323745 |
|    clip_fraction        | 0.497       |
|    clip_range           | 0.2         |
|    entropy_loss         | -0.882      |
|    explained_variance   | 0.972       |
|    learning_rate        | 0.0003      |
|    loss                 | 0.336       |
|    n_updates            | 3250        |
|    policy_gradient_loss | -0.0296     |
|    std                  | 0.303       |
|    value_loss           | 2.04        |
-----------------------------------------
----------------------------------------
| rollout/                |            |
|    ep_len_mean          | 8.91       |
|    ep_rew_mean          | 5.73       |
| time/                   |            |
|    fps                  | 172        |
|    iterations           | 327        |
|    time_elapsed         | 7769       |
|    total_timesteps      | 1339392    |
| train/                  |            |
|    approx_kl            | 0.10169507 |
|    clip_fraction        | 0.461      |
|    clip_range           | 0.2        |
|    entropy_loss         | -0.861     |
|    explained_variance   | 0.968      |
|    learning_rate        | 0.0003     |
|    loss                 | 0.455      |
|    n_updates            | 3260       |
|    policy_gradient_loss | -0.0367    |
|    std                  | 0.299      |
|    value_loss           | 2.28       |
----------------------------------------
Eval num_timesteps=1340000, episode_reward=4.21 +/- 2.13
Episode length: 6.20 +/- 0.98
----------------------------------------
| eval/                   |            |
|    mean_ep_length       | 6.2        |
|    mean_reward          | 4.21       |
| time/                   |            |
|    total_timesteps      | 1340000    |
| train/                  |            |
|    approx_kl            | 0.10535169 |
|    clip_fraction        | 0.49       |
|    clip_range           | 0.2        |
|    entropy_loss         | -0.828     |
|    explained_variance   | 0.971      |
|    learning_rate        | 0.0003     |
|    loss                 | 0.466      |
|    n_updates            | 3270       |
|    policy_gradient_loss | -0.0338    |
|    std                  | 0.298      |
|    value_loss           | 2.54       |
----------------------------------------
---------------------------------
| rollout/           |          |
|    ep_len_mean     | 8.08     |
|    ep_rew_mean     | 5.52     |
| time/              |          |
|    fps             | 172      |
|    iterations      | 328      |
|    time_elapsed    | 7784     |
|    total_timesteps | 1343488  |
---------------------------------
---------------------------------------
| rollout/                |           |
|    ep_len_mean          | 9.15      |
|    ep_rew_mean          | 6.01      |
| time/                   |           |
|    fps                  | 172       |
|    iterations           | 329       |
|    time_elapsed         | 7801      |
|    total_timesteps      | 1347584   |
| train/                  |           |
|    approx_kl            | 0.1338523 |
|    clip_fraction        | 0.499     |
|    clip_range           | 0.2       |
|    entropy_loss         | -0.796    |
|    explained_variance   | 0.924     |
|    learning_rate        | 0.0003    |
|    loss                 | 0.48      |
|    n_updates            | 3280      |
|    policy_gradient_loss | -0.0354   |
|    std                  | 0.295     |
|    value_loss           | 3.28      |
---------------------------------------
---------------------------------------
| rollout/                |           |
|    ep_len_mean          | 7.81      |
|    ep_rew_mean          | 5.57      |
| time/                   |           |
|    fps                  | 172       |
|    iterations           | 330       |
|    time_elapsed         | 7816      |
|    total_timesteps      | 1351680   |
| train/                  |           |
|    approx_kl            | 0.1205803 |
|    clip_fraction        | 0.486     |
|    clip_range           | 0.2       |
|    entropy_loss         | -0.761    |
|    explained_variance   | 0.97      |
|    learning_rate        | 0.0003    |
|    loss                 | 1.08      |
|    n_updates            | 3290      |
|    policy_gradient_loss | -0.041    |
|    std                  | 0.292     |
|    value_loss           | 2.22      |
---------------------------------------
----------------------------------------
| rollout/                |            |
|    ep_len_mean          | 8.11       |
|    ep_rew_mean          | 5.12       |
| time/                   |            |
|    fps                  | 173        |
|    iterations           | 331        |
|    time_elapsed         | 7830       |
|    total_timesteps      | 1355776    |
| train/                  |            |
|    approx_kl            | 0.18405247 |
|    clip_fraction        | 0.525      |
|    clip_range           | 0.2        |
|    entropy_loss         | -0.734     |
|    explained_variance   | 0.971      |
|    learning_rate        | 0.0003     |
|    loss                 | 0.989      |
|    n_updates            | 3300       |
|    policy_gradient_loss | -0.0313    |
|    std                  | 0.29       |
|    value_loss           | 1.96       |
----------------------------------------
----------------------------------------
| rollout/                |            |
|    ep_len_mean          | 8.11       |
|    ep_rew_mean          | 5.59       |
| time/                   |            |
|    fps                  | 173        |
|    iterations           | 332        |
|    time_elapsed         | 7844       |
|    total_timesteps      | 1359872    |
| train/                  |            |
|    approx_kl            | 0.13229203 |
|    clip_fraction        | 0.496      |
|    clip_range           | 0.2        |
|    entropy_loss         | -0.706     |
|    explained_variance   | 0.962      |
|    learning_rate        | 0.0003     |
|    loss                 | 0.5        |
|    n_updates            | 3310       |
|    policy_gradient_loss | -0.0388    |
|    std                  | 0.289      |
|    value_loss           | 2.18       |
----------------------------------------
Eval num_timesteps=1360000, episode_reward=5.01 +/- 3.57
Episode length: 10.00 +/- 3.29
----------------------------------------
| eval/                   |            |
|    mean_ep_length       | 10         |
|    mean_reward          | 5.01       |
| time/                   |            |
|    total_timesteps      | 1360000    |
| train/                  |            |
|    approx_kl            | 0.38262248 |
|    clip_fraction        | 0.564      |
|    clip_range           | 0.2        |
|    entropy_loss         | -0.687     |
|    explained_variance   | 0.969      |
|    learning_rate        | 0.0003     |
|    loss                 | 0.675      |
|    n_updates            | 3320       |
|    policy_gradient_loss | -0.0284    |
|    std                  | 0.287      |
|    value_loss           | 1.9        |
----------------------------------------
---------------------------------
| rollout/           |          |
|    ep_len_mean     | 7.83     |
|    ep_rew_mean     | 4.74     |
| time/              |          |
|    fps             | 173      |
|    iterations      | 333      |
|    time_elapsed    | 7859     |
|    total_timesteps | 1363968  |
---------------------------------
----------------------------------------
| rollout/                |            |
|    ep_len_mean          | 8.04       |
|    ep_rew_mean          | 5          |
| time/                   |            |
|    fps                  | 173        |
|    iterations           | 334        |
|    time_elapsed         | 7873       |
|    total_timesteps      | 1368064    |
| train/                  |            |
|    approx_kl            | 0.16910046 |
|    clip_fraction        | 0.516      |
|    clip_range           | 0.2        |
|    entropy_loss         | -0.667     |
|    explained_variance   | 0.961      |
|    learning_rate        | 0.0003     |
|    loss                 | 0.44       |
|    n_updates            | 3330       |
|    policy_gradient_loss | -0.0307    |
|    std                  | 0.286      |
|    value_loss           | 2.15       |
----------------------------------------
----------------------------------------
| rollout/                |            |
|    ep_len_mean          | 7.86       |
|    ep_rew_mean          | 5.15       |
| time/                   |            |
|    fps                  | 173        |
|    iterations           | 335        |
|    time_elapsed         | 7888       |
|    total_timesteps      | 1372160    |
| train/                  |            |
|    approx_kl            | 0.12992787 |
|    clip_fraction        | 0.502      |
|    clip_range           | 0.2        |
|    entropy_loss         | -0.637     |
|    explained_variance   | 0.971      |
|    learning_rate        | 0.0003     |
|    loss                 | 0.281      |
|    n_updates            | 3340       |
|    policy_gradient_loss | -0.0391    |
|    std                  | 0.283      |
|    value_loss           | 1.83       |
----------------------------------------
----------------------------------------
| rollout/                |            |
|    ep_len_mean          | 8.33       |
|    ep_rew_mean          | 5.46       |
| time/                   |            |
|    fps                  | 174        |
|    iterations           | 336        |
|    time_elapsed         | 7902       |
|    total_timesteps      | 1376256    |
| train/                  |            |
|    approx_kl            | 0.21376526 |
|    clip_fraction        | 0.572      |
|    clip_range           | 0.2        |
|    entropy_loss         | -0.612     |
|    explained_variance   | 0.966      |
|    learning_rate        | 0.0003     |
|    loss                 | 0.374      |
|    n_updates            | 3350       |
|    policy_gradient_loss | -0.0334    |
|    std                  | 0.283      |
|    value_loss           | 1.68       |
----------------------------------------
Eval num_timesteps=1380000, episode_reward=6.46 +/- 4.99
Episode length: 8.60 +/- 3.20
----------------------------------------
| eval/                   |            |
|    mean_ep_length       | 8.6        |
|    mean_reward          | 6.46       |
| time/                   |            |
|    total_timesteps      | 1380000    |
| train/                  |            |
|    approx_kl            | 0.10784248 |
|    clip_fraction        | 0.487      |
|    clip_range           | 0.2        |
|    entropy_loss         | -0.602     |
|    explained_variance   | 0.965      |
|    learning_rate        | 0.0003     |
|    loss                 | 0.321      |
|    n_updates            | 3360       |
|    policy_gradient_loss | -0.0414    |
|    std                  | 0.281      |
|    value_loss           | 2.09       |
----------------------------------------
---------------------------------
| rollout/           |          |
|    ep_len_mean     | 7.52     |
|    ep_rew_mean     | 4.75     |
| time/              |          |
|    fps             | 174      |
|    iterations      | 337      |
|    time_elapsed    | 7917     |
|    total_timesteps | 1380352  |
---------------------------------
----------------------------------------
| rollout/                |            |
|    ep_len_mean          | 7.61       |
|    ep_rew_mean          | 5.03       |
| time/                   |            |
|    fps                  | 174        |
|    iterations           | 338        |
|    time_elapsed         | 7932       |
|    total_timesteps      | 1384448    |
| train/                  |            |
|    approx_kl            | 0.18922278 |
|    clip_fraction        | 0.497      |
|    clip_range           | 0.2        |
|    entropy_loss         | -0.59      |
|    explained_variance   | 0.964      |
|    learning_rate        | 0.0003     |
|    loss                 | 0.623      |
|    n_updates            | 3370       |
|    policy_gradient_loss | -0.0385    |
|    std                  | 0.281      |
|    value_loss           | 2.2        |
----------------------------------------
----------------------------------------
| rollout/                |            |
|    ep_len_mean          | 7.93       |
|    ep_rew_mean          | 5.04       |
| time/                   |            |
|    fps                  | 174        |
|    iterations           | 339        |
|    time_elapsed         | 7946       |
|    total_timesteps      | 1388544    |
| train/                  |            |
|    approx_kl            | 0.10066836 |
|    clip_fraction        | 0.504      |
|    clip_range           | 0.2        |
|    entropy_loss         | -0.591     |
|    explained_variance   | 0.97       |
|    learning_rate        | 0.0003     |
|    loss                 | 0.543      |
|    n_updates            | 3380       |
|    policy_gradient_loss | -0.0338    |
|    std                  | 0.281      |
|    value_loss           | 2.09       |
----------------------------------------
----------------------------------------
| rollout/                |            |
|    ep_len_mean          | 7.98       |
|    ep_rew_mean          | 5.27       |
| time/                   |            |
|    fps                  | 174        |
|    iterations           | 340        |
|    time_elapsed         | 7961       |
|    total_timesteps      | 1392640    |
| train/                  |            |
|    approx_kl            | 0.11098427 |
|    clip_fraction        | 0.495      |
|    clip_range           | 0.2        |
|    entropy_loss         | -0.583     |
|    explained_variance   | 0.959      |
|    learning_rate        | 0.0003     |
|    loss                 | 0.829      |
|    n_updates            | 3390       |
|    policy_gradient_loss | -0.0354    |
|    std                  | 0.28       |
|    value_loss           | 2.29       |
----------------------------------------
----------------------------------------
| rollout/                |            |
|    ep_len_mean          | 7.73       |
|    ep_rew_mean          | 4.75       |
| time/                   |            |
|    fps                  | 175        |
|    iterations           | 341        |
|    time_elapsed         | 7979       |
|    total_timesteps      | 1396736    |
| train/                  |            |
|    approx_kl            | 0.12641516 |
|    clip_fraction        | 0.489      |
|    clip_range           | 0.2        |
|    entropy_loss         | -0.552     |
|    explained_variance   | 0.967      |
|    learning_rate        | 0.0003     |
|    loss                 | 0.721      |
|    n_updates            | 3400       |
|    policy_gradient_loss | -0.0416    |
|    std                  | 0.277      |
|    value_loss           | 2.01       |
----------------------------------------
Eval num_timesteps=1400000, episode_reward=3.23 +/- 1.02
Episode length: 5.60 +/- 1.36
----------------------------------------
| eval/                   |            |
|    mean_ep_length       | 5.6        |
|    mean_reward          | 3.23       |
| time/                   |            |
|    total_timesteps      | 1400000    |
| train/                  |            |
|    approx_kl            | 0.17823938 |
|    clip_fraction        | 0.5        |
|    clip_range           | 0.2        |
|    entropy_loss         | -0.525     |
|    explained_variance   | 0.97       |
|    learning_rate        | 0.0003     |
|    loss                 | 0.236      |
|    n_updates            | 3410       |
|    policy_gradient_loss | -0.0454    |
|    std                  | 0.276      |
|    value_loss           | 1.72       |
----------------------------------------
---------------------------------
| rollout/           |          |
|    ep_len_mean     | 7.37     |
|    ep_rew_mean     | 5.21     |
| time/              |          |
|    fps             | 175      |
|    iterations      | 342      |
|    time_elapsed    | 7994     |
|    total_timesteps | 1400832  |
---------------------------------
----------------------------------------
| rollout/                |            |
|    ep_len_mean          | 8.26       |
|    ep_rew_mean          | 5.39       |
| time/                   |            |
|    fps                  | 175        |
|    iterations           | 343        |
|    time_elapsed         | 8009       |
|    total_timesteps      | 1404928    |
| train/                  |            |
|    approx_kl            | 0.13136324 |
|    clip_fraction        | 0.5        |
|    clip_range           | 0.2        |
|    entropy_loss         | -0.509     |
|    explained_variance   | 0.958      |
|    learning_rate        | 0.0003     |
|    loss                 | 0.324      |
|    n_updates            | 3420       |
|    policy_gradient_loss | -0.0363    |
|    std                  | 0.275      |
|    value_loss           | 2.12       |
----------------------------------------
----------------------------------------
| rollout/                |            |
|    ep_len_mean          | 7.74       |
|    ep_rew_mean          | 5          |
| time/                   |            |
|    fps                  | 175        |
|    iterations           | 344        |
|    time_elapsed         | 8024       |
|    total_timesteps      | 1409024    |
| train/                  |            |
|    approx_kl            | 0.18470922 |
|    clip_fraction        | 0.567      |
|    clip_range           | 0.2        |
|    entropy_loss         | -0.486     |
|    explained_variance   | 0.967      |
|    learning_rate        | 0.0003     |
|    loss                 | 0.807      |
|    n_updates            | 3430       |
|    policy_gradient_loss | -0.0302    |
|    std                  | 0.273      |
|    value_loss           | 1.62       |
----------------------------------------
----------------------------------------
| rollout/                |            |
|    ep_len_mean          | 8.01       |
|    ep_rew_mean          | 5.26       |
| time/                   |            |
|    fps                  | 175        |
|    iterations           | 345        |
|    time_elapsed         | 8038       |
|    total_timesteps      | 1413120    |
| train/                  |            |
|    approx_kl            | 0.17677799 |
|    clip_fraction        | 0.558      |
|    clip_range           | 0.2        |
|    entropy_loss         | -0.468     |
|    explained_variance   | 0.973      |
|    learning_rate        | 0.0003     |
|    loss                 | 0.484      |
|    n_updates            | 3440       |
|    policy_gradient_loss | -0.027     |
|    std                  | 0.272      |
|    value_loss           | 1.59       |
----------------------------------------
----------------------------------------
| rollout/                |            |
|    ep_len_mean          | 8.22       |
|    ep_rew_mean          | 5.09       |
| time/                   |            |
|    fps                  | 175        |
|    iterations           | 346        |
|    time_elapsed         | 8056       |
|    total_timesteps      | 1417216    |
| train/                  |            |
|    approx_kl            | 0.14590415 |
|    clip_fraction        | 0.528      |
|    clip_range           | 0.2        |
|    entropy_loss         | -0.453     |
|    explained_variance   | 0.969      |
|    learning_rate        | 0.0003     |
|    loss                 | 0.552      |
|    n_updates            | 3450       |
|    policy_gradient_loss | -0.0386    |
|    std                  | 0.271      |
|    value_loss           | 1.56       |
----------------------------------------
Eval num_timesteps=1420000, episode_reward=4.59 +/- 2.47
Episode length: 9.40 +/- 4.08
----------------------------------------
| eval/                   |            |
|    mean_ep_length       | 9.4        |
|    mean_reward          | 4.59       |
| time/                   |            |
|    total_timesteps      | 1420000    |
| train/                  |            |
|    approx_kl            | 0.18111627 |
|    clip_fraction        | 0.568      |
|    clip_range           | 0.2        |
|    entropy_loss         | -0.432     |
|    explained_variance   | 0.967      |
|    learning_rate        | 0.0003     |
|    loss                 | 0.377      |
|    n_updates            | 3460       |
|    policy_gradient_loss | -0.0267    |
|    std                  | 0.27       |
|    value_loss           | 1.58       |
----------------------------------------
---------------------------------
| rollout/           |          |
|    ep_len_mean     | 8.09     |
|    ep_rew_mean     | 5.14     |
| time/              |          |
|    fps             | 176      |
|    iterations      | 347      |
|    time_elapsed    | 8071     |
|    total_timesteps | 1421312  |
---------------------------------
----------------------------------------
| rollout/                |            |
|    ep_len_mean          | 7.8        |
|    ep_rew_mean          | 5.37       |
| time/                   |            |
|    fps                  | 176        |
|    iterations           | 348        |
|    time_elapsed         | 8086       |
|    total_timesteps      | 1425408    |
| train/                  |            |
|    approx_kl            | 0.25092405 |
|    clip_fraction        | 0.527      |
|    clip_range           | 0.2        |
|    entropy_loss         | -0.415     |
|    explained_variance   | 0.959      |
|    learning_rate        | 0.0003     |
|    loss                 | 0.297      |
|    n_updates            | 3470       |
|    policy_gradient_loss | -0.0353    |
|    std                  | 0.269      |
|    value_loss           | 1.72       |
----------------------------------------
---------------------------------------
| rollout/                |           |
|    ep_len_mean          | 7.39      |
|    ep_rew_mean          | 4.88      |
| time/                   |           |
|    fps                  | 176       |
|    iterations           | 349       |
|    time_elapsed         | 8101      |
|    total_timesteps      | 1429504   |
| train/                  |           |
|    approx_kl            | 0.1571589 |
|    clip_fraction        | 0.52      |
|    clip_range           | 0.2       |
|    entropy_loss         | -0.387    |
|    explained_variance   | 0.969     |
|    learning_rate        | 0.0003    |
|    loss                 | 0.189     |
|    n_updates            | 3480      |
|    policy_gradient_loss | -0.0423   |
|    std                  | 0.266     |
|    value_loss           | 1.44      |
---------------------------------------
----------------------------------------
| rollout/                |            |
|    ep_len_mean          | 7.68       |
|    ep_rew_mean          | 4.61       |
| time/                   |            |
|    fps                  | 176        |
|    iterations           | 350        |
|    time_elapsed         | 8118       |
|    total_timesteps      | 1433600    |
| train/                  |            |
|    approx_kl            | 0.19430509 |
|    clip_fraction        | 0.6        |
|    clip_range           | 0.2        |
|    entropy_loss         | -0.352     |
|    explained_variance   | 0.962      |
|    learning_rate        | 0.0003     |
|    loss                 | 0.391      |
|    n_updates            | 3490       |
|    policy_gradient_loss | -0.0279    |
|    std                  | 0.264      |
|    value_loss           | 1.69       |
----------------------------------------
----------------------------------------
| rollout/                |            |
|    ep_len_mean          | 7.75       |
|    ep_rew_mean          | 4.59       |
| time/                   |            |
|    fps                  | 176        |
|    iterations           | 351        |
|    time_elapsed         | 8133       |
|    total_timesteps      | 1437696    |
| train/                  |            |
|    approx_kl            | 0.17040268 |
|    clip_fraction        | 0.5        |
|    clip_range           | 0.2        |
|    entropy_loss         | -0.336     |
|    explained_variance   | 0.964      |
|    learning_rate        | 0.0003     |
|    loss                 | 0.351      |
|    n_updates            | 3500       |
|    policy_gradient_loss | -0.0406    |
|    std                  | 0.263      |
|    value_loss           | 1.44       |
----------------------------------------
Eval num_timesteps=1440000, episode_reward=2.37 +/- 0.55
Episode length: 5.60 +/- 0.80
----------------------------------------
| eval/                   |            |
|    mean_ep_length       | 5.6        |
|    mean_reward          | 2.37       |
| time/                   |            |
|    total_timesteps      | 1440000    |
| train/                  |            |
|    approx_kl            | 0.11825773 |
|    clip_fraction        | 0.503      |
|    clip_range           | 0.2        |
|    entropy_loss         | -0.293     |
|    explained_variance   | 0.957      |
|    learning_rate        | 0.0003     |
|    loss                 | 0.385      |
|    n_updates            | 3510       |
|    policy_gradient_loss | -0.0426    |
|    std                  | 0.26       |
|    value_loss           | 2.05       |
----------------------------------------
---------------------------------
| rollout/           |          |
|    ep_len_mean     | 7.62     |
|    ep_rew_mean     | 4.89     |
| time/              |          |
|    fps             | 176      |
|    iterations      | 352      |
|    time_elapsed    | 8148     |
|    total_timesteps | 1441792  |
---------------------------------
----------------------------------------
| rollout/                |            |
|    ep_len_mean          | 8.2        |
|    ep_rew_mean          | 5.39       |
| time/                   |            |
|    fps                  | 177        |
|    iterations           | 353        |
|    time_elapsed         | 8163       |
|    total_timesteps      | 1445888    |
| train/                  |            |
|    approx_kl            | 0.16181533 |
|    clip_fraction        | 0.549      |
|    clip_range           | 0.2        |
|    entropy_loss         | -0.256     |
|    explained_variance   | 0.961      |
|    learning_rate        | 0.0003     |
|    loss                 | 0.625      |
|    n_updates            | 3520       |
|    policy_gradient_loss | -0.0371    |
|    std                  | 0.258      |
|    value_loss           | 1.91       |
----------------------------------------
----------------------------------------
| rollout/                |            |
|    ep_len_mean          | 7.87       |
|    ep_rew_mean          | 5.2        |
| time/                   |            |
|    fps                  | 177        |
|    iterations           | 354        |
|    time_elapsed         | 8178       |
|    total_timesteps      | 1449984    |
| train/                  |            |
|    approx_kl            | 0.16357976 |
|    clip_fraction        | 0.578      |
|    clip_range           | 0.2        |
|    entropy_loss         | -0.239     |
|    explained_variance   | 0.962      |
|    learning_rate        | 0.0003     |
|    loss                 | 0.284      |
|    n_updates            | 3530       |
|    policy_gradient_loss | -0.0314    |
|    std                  | 0.257      |
|    value_loss           | 1.34       |
----------------------------------------
----------------------------------------
| rollout/                |            |
|    ep_len_mean          | 8.2        |
|    ep_rew_mean          | 5.53       |
| time/                   |            |
|    fps                  | 177        |
|    iterations           | 355        |
|    time_elapsed         | 8193       |
|    total_timesteps      | 1454080    |
| train/                  |            |
|    approx_kl            | 0.18462959 |
|    clip_fraction        | 0.57       |
|    clip_range           | 0.2        |
|    entropy_loss         | -0.221     |
|    explained_variance   | 0.967      |
|    learning_rate        | 0.0003     |
|    loss                 | 0.365      |
|    n_updates            | 3540       |
|    policy_gradient_loss | -0.038     |
|    std                  | 0.256      |
|    value_loss           | 1.37       |
----------------------------------------
----------------------------------------
| rollout/                |            |
|    ep_len_mean          | 7.02       |
|    ep_rew_mean          | 4.59       |
| time/                   |            |
|    fps                  | 177        |
|    iterations           | 356        |
|    time_elapsed         | 8209       |
|    total_timesteps      | 1458176    |
| train/                  |            |
|    approx_kl            | 0.19351307 |
|    clip_fraction        | 0.547      |
|    clip_range           | 0.2        |
|    entropy_loss         | -0.197     |
|    explained_variance   | 0.958      |
|    learning_rate        | 0.0003     |
|    loss                 | 0.587      |
|    n_updates            | 3550       |
|    policy_gradient_loss | -0.037     |
|    std                  | 0.254      |
|    value_loss           | 1.65       |
----------------------------------------
Eval num_timesteps=1460000, episode_reward=4.41 +/- 3.09
Episode length: 5.60 +/- 0.80
----------------------------------------
| eval/                   |            |
|    mean_ep_length       | 5.6        |
|    mean_reward          | 4.41       |
| time/                   |            |
|    total_timesteps      | 1460000    |
| train/                  |            |
|    approx_kl            | 0.15849453 |
|    clip_fraction        | 0.568      |
|    clip_range           | 0.2        |
|    entropy_loss         | -0.176     |
|    explained_variance   | 0.965      |
|    learning_rate        | 0.0003     |
|    loss                 | 0.221      |
|    n_updates            | 3560       |
|    policy_gradient_loss | -0.0375    |
|    std                  | 0.253      |
|    value_loss           | 1.25       |
----------------------------------------
---------------------------------
| rollout/           |          |
|    ep_len_mean     | 7.57     |
|    ep_rew_mean     | 4.99     |
| time/              |          |
|    fps             | 177      |
|    iterations      | 357      |
|    time_elapsed    | 8227     |
|    total_timesteps | 1462272  |
---------------------------------
----------------------------------------
| rollout/                |            |
|    ep_len_mean          | 7.43       |
|    ep_rew_mean          | 4.9        |
| time/                   |            |
|    fps                  | 177        |
|    iterations           | 358        |
|    time_elapsed         | 8242       |
|    total_timesteps      | 1466368    |
| train/                  |            |
|    approx_kl            | 0.21960032 |
|    clip_fraction        | 0.552      |
|    clip_range           | 0.2        |
|    entropy_loss         | -0.159     |
|    explained_variance   | 0.96       |
|    learning_rate        | 0.0003     |
|    loss                 | 0.387      |
|    n_updates            | 3570       |
|    policy_gradient_loss | -0.0374    |
|    std                  | 0.252      |
|    value_loss           | 1.48       |
----------------------------------------
---------------------------------------
| rollout/                |           |
|    ep_len_mean          | 7.33      |
|    ep_rew_mean          | 4.89      |
| time/                   |           |
|    fps                  | 178       |
|    iterations           | 359       |
|    time_elapsed         | 8257      |
|    total_timesteps      | 1470464   |
| train/                  |           |
|    approx_kl            | 0.2538663 |
|    clip_fraction        | 0.581     |
|    clip_range           | 0.2       |
|    entropy_loss         | -0.13     |
|    explained_variance   | 0.962     |
|    learning_rate        | 0.0003    |
|    loss                 | 0.135     |
|    n_updates            | 3580      |
|    policy_gradient_loss | -0.0354   |
|    std                  | 0.25      |
|    value_loss           | 1.2       |
---------------------------------------
----------------------------------------
| rollout/                |            |
|    ep_len_mean          | 7.23       |
|    ep_rew_mean          | 4.4        |
| time/                   |            |
|    fps                  | 178        |
|    iterations           | 360        |
|    time_elapsed         | 8275       |
|    total_timesteps      | 1474560    |
| train/                  |            |
|    approx_kl            | 0.21806973 |
|    clip_fraction        | 0.584      |
|    clip_range           | 0.2        |
|    entropy_loss         | -0.11      |
|    explained_variance   | 0.96       |
|    learning_rate        | 0.0003     |
|    loss                 | 0.156      |
|    n_updates            | 3590       |
|    policy_gradient_loss | -0.0274    |
|    std                  | 0.249      |
|    value_loss           | 1.38       |
----------------------------------------
----------------------------------------
| rollout/                |            |
|    ep_len_mean          | 7.23       |
|    ep_rew_mean          | 4.8        |
| time/                   |            |
|    fps                  | 178        |
|    iterations           | 361        |
|    time_elapsed         | 8291       |
|    total_timesteps      | 1478656    |
| train/                  |            |
|    approx_kl            | 0.17243053 |
|    clip_fraction        | 0.549      |
|    clip_range           | 0.2        |
|    entropy_loss         | -0.098     |
|    explained_variance   | 0.96       |
|    learning_rate        | 0.0003     |
|    loss                 | 0.239      |
|    n_updates            | 3600       |
|    policy_gradient_loss | -0.0437    |
|    std                  | 0.248      |
|    value_loss           | 1.27       |
----------------------------------------
Eval num_timesteps=1480000, episode_reward=5.35 +/- 3.16
Episode length: 8.00 +/- 2.90
----------------------------------------
| eval/                   |            |
|    mean_ep_length       | 8          |
|    mean_reward          | 5.35       |
| time/                   |            |
|    total_timesteps      | 1480000    |
| train/                  |            |
|    approx_kl            | 0.37389624 |
|    clip_fraction        | 0.62       |
|    clip_range           | 0.2        |
|    entropy_loss         | -0.0783    |
|    explained_variance   | 0.967      |
|    learning_rate        | 0.0003     |
|    loss                 | 0.261      |
|    n_updates            | 3610       |
|    policy_gradient_loss | -0.0214    |
|    std                  | 0.247      |
|    value_loss           | 1.15       |
----------------------------------------
---------------------------------
| rollout/           |          |
|    ep_len_mean     | 7.63     |
|    ep_rew_mean     | 5.12     |
| time/              |          |
|    fps             | 178      |
|    iterations      | 362      |
|    time_elapsed    | 8306     |
|    total_timesteps | 1482752  |
---------------------------------
----------------------------------------
| rollout/                |            |
|    ep_len_mean          | 7.02       |
|    ep_rew_mean          | 4.69       |
| time/                   |            |
|    fps                  | 178        |
|    iterations           | 363        |
|    time_elapsed         | 8322       |
|    total_timesteps      | 1486848    |
| train/                  |            |
|    approx_kl            | 0.17254195 |
|    clip_fraction        | 0.572      |
|    clip_range           | 0.2        |
|    entropy_loss         | -0.07      |
|    explained_variance   | 0.968      |
|    learning_rate        | 0.0003     |
|    loss                 | 0.274      |
|    n_updates            | 3620       |
|    policy_gradient_loss | -0.0407    |
|    std                  | 0.247      |
|    value_loss           | 1.02       |
----------------------------------------
----------------------------------------
| rollout/                |            |
|    ep_len_mean          | 7.26       |
|    ep_rew_mean          | 4.43       |
| time/                   |            |
|    fps                  | 178        |
|    iterations           | 364        |
|    time_elapsed         | 8337       |
|    total_timesteps      | 1490944    |
| train/                  |            |
|    approx_kl            | 0.21182701 |
|    clip_fraction        | 0.61       |
|    clip_range           | 0.2        |
|    entropy_loss         | -0.0648    |
|    explained_variance   | 0.968      |
|    learning_rate        | 0.0003     |
|    loss                 | 0.161      |
|    n_updates            | 3630       |
|    policy_gradient_loss | -0.0228    |
|    std                  | 0.247      |
|    value_loss           | 1.26       |
----------------------------------------
---------------------------------------
| rollout/                |           |
|    ep_len_mean          | 7.55      |
|    ep_rew_mean          | 4.92      |
| time/                   |           |
|    fps                  | 178       |
|    iterations           | 365       |
|    time_elapsed         | 8356      |
|    total_timesteps      | 1495040   |
| train/                  |           |
|    approx_kl            | 0.3312459 |
|    clip_fraction        | 0.608     |
|    clip_range           | 0.2       |
|    entropy_loss         | -0.0472   |
|    explained_variance   | 0.963     |
|    learning_rate        | 0.0003    |
|    loss                 | 0.123     |
|    n_updates            | 3640      |
|    policy_gradient_loss | -0.0276   |
|    std                  | 0.245     |
|    value_loss           | 1.17      |
---------------------------------------
---------------------------------------
| rollout/                |           |
|    ep_len_mean          | 7.41      |
|    ep_rew_mean          | 4.76      |
| time/                   |           |
|    fps                  | 179       |
|    iterations           | 366       |
|    time_elapsed         | 8373      |
|    total_timesteps      | 1499136   |
| train/                  |           |
|    approx_kl            | 0.2259908 |
|    clip_fraction        | 0.563     |
|    clip_range           | 0.2       |
|    entropy_loss         | -0.0318   |
|    explained_variance   | 0.961     |
|    learning_rate        | 0.0003    |
|    loss                 | 0.281     |
|    n_updates            | 3650      |
|    policy_gradient_loss | -0.0362   |
|    std                  | 0.244     |
|    value_loss           | 1.32      |
---------------------------------------
Eval num_timesteps=1500000, episode_reward=3.15 +/- 2.08
Episode length: 5.60 +/- 1.20
----------------------------------------
| eval/                   |            |
|    mean_ep_length       | 5.6        |
|    mean_reward          | 3.15       |
| time/                   |            |
|    total_timesteps      | 1500000    |
| train/                  |            |
|    approx_kl            | 0.18973124 |
|    clip_fraction        | 0.53       |
|    clip_range           | 0.2        |
|    entropy_loss         | -0.0034    |
|    explained_variance   | 0.961      |
|    learning_rate        | 0.0003     |
|    loss                 | 0.255      |
|    n_updates            | 3660       |
|    policy_gradient_loss | -0.0428    |
|    std                  | 0.242      |
|    value_loss           | 1.22       |
----------------------------------------
---------------------------------
| rollout/           |          |
|    ep_len_mean     | 7.71     |
|    ep_rew_mean     | 4.88     |
| time/              |          |
|    fps             | 179      |
|    iterations      | 367      |
|    time_elapsed    | 8392     |
|    total_timesteps | 1503232  |
---------------------------------
----------------------------------------
| rollout/                |            |
|    ep_len_mean          | 6.97       |
|    ep_rew_mean          | 4.66       |
| time/                   |            |
|    fps                  | 179        |
|    iterations           | 368        |
|    time_elapsed         | 8409       |
|    total_timesteps      | 1507328    |
| train/                  |            |
|    approx_kl            | 0.22358435 |
|    clip_fraction        | 0.544      |
|    clip_range           | 0.2        |
|    entropy_loss         | 0.0211     |
|    explained_variance   | 0.962      |
|    learning_rate        | 0.0003     |
|    loss                 | 0.266      |
|    n_updates            | 3670       |
|    policy_gradient_loss | -0.0416    |
|    std                  | 0.241      |
|    value_loss           | 1.19       |
----------------------------------------
--------------------------------------
| rollout/                |          |
|    ep_len_mean          | 7.06     |
|    ep_rew_mean          | 4.67     |
| time/                   |          |
|    fps                  | 179      |
|    iterations           | 369      |
|    time_elapsed         | 8425     |
|    total_timesteps      | 1511424  |
| train/                  |          |
|    approx_kl            | 0.134701 |
|    clip_fraction        | 0.546    |
|    clip_range           | 0.2      |
|    entropy_loss         | 0.029    |
|    explained_variance   | 0.966    |
|    learning_rate        | 0.0003   |
|    loss                 | 0.181    |
|    n_updates            | 3680     |
|    policy_gradient_loss | -0.0361  |
|    std                  | 0.24     |
|    value_loss           | 1.14     |
--------------------------------------
--------------------------------------
| rollout/                |          |
|    ep_len_mean          | 7.27     |
|    ep_rew_mean          | 4.21     |
| time/                   |          |
|    fps                  | 179      |
|    iterations           | 370      |
|    time_elapsed         | 8442     |
|    total_timesteps      | 1515520  |
| train/                  |          |
|    approx_kl            | 0.183418 |
|    clip_fraction        | 0.536    |
|    clip_range           | 0.2      |
|    entropy_loss         | 0.0417   |
|    explained_variance   | 0.961    |
|    learning_rate        | 0.0003   |
|    loss                 | 0.241    |
|    n_updates            | 3690     |
|    policy_gradient_loss | -0.0358  |
|    std                  | 0.239    |
|    value_loss           | 1.26     |
--------------------------------------
----------------------------------------
| rollout/                |            |
|    ep_len_mean          | 6.96       |
|    ep_rew_mean          | 4.47       |
| time/                   |            |
|    fps                  | 179        |
|    iterations           | 371        |
|    time_elapsed         | 8458       |
|    total_timesteps      | 1519616    |
| train/                  |            |
|    approx_kl            | 0.19570309 |
|    clip_fraction        | 0.558      |
|    clip_range           | 0.2        |
|    entropy_loss         | 0.0505     |
|    explained_variance   | 0.95       |
|    learning_rate        | 0.0003     |
|    loss                 | 0.146      |
|    n_updates            | 3700       |
|    policy_gradient_loss | -0.0375    |
|    std                  | 0.239      |
|    value_loss           | 1.49       |
----------------------------------------
Eval num_timesteps=1520000, episode_reward=3.94 +/- 3.23
Episode length: 7.60 +/- 3.67
----------------------------------------
| eval/                   |            |
|    mean_ep_length       | 7.6        |
|    mean_reward          | 3.94       |
| time/                   |            |
|    total_timesteps      | 1520000    |
| train/                  |            |
|    approx_kl            | 0.31164247 |
|    clip_fraction        | 0.587      |
|    clip_range           | 0.2        |
|    entropy_loss         | 0.0532     |
|    explained_variance   | 0.959      |
|    learning_rate        | 0.0003     |
|    loss                 | 0.414      |
|    n_updates            | 3710       |
|    policy_gradient_loss | -0.0316    |
|    std                  | 0.239      |
|    value_loss           | 1.24       |
----------------------------------------
---------------------------------
| rollout/           |          |
|    ep_len_mean     | 6.95     |
|    ep_rew_mean     | 4.77     |
| time/              |          |
|    fps             | 179      |
|    iterations      | 372      |
|    time_elapsed    | 8477     |
|    total_timesteps | 1523712  |
---------------------------------
---------------------------------------
| rollout/                |           |
|    ep_len_mean          | 6.96      |
|    ep_rew_mean          | 4.38      |
| time/                   |           |
|    fps                  | 179       |
|    iterations           | 373       |
|    time_elapsed         | 8492      |
|    total_timesteps      | 1527808   |
| train/                  |           |
|    approx_kl            | 0.2668776 |
|    clip_fraction        | 0.604     |
|    clip_range           | 0.2       |
|    entropy_loss         | 0.0426    |
|    explained_variance   | 0.967     |
|    learning_rate        | 0.0003    |
|    loss                 | 0.212     |
|    n_updates            | 3720      |
|    policy_gradient_loss | -0.0345   |
|    std                  | 0.24      |
|    value_loss           | 1.19      |
---------------------------------------
----------------------------------------
| rollout/                |            |
|    ep_len_mean          | 7.39       |
|    ep_rew_mean          | 4.79       |
| time/                   |            |
|    fps                  | 180        |
|    iterations           | 374        |
|    time_elapsed         | 8508       |
|    total_timesteps      | 1531904    |
| train/                  |            |
|    approx_kl            | 0.17093912 |
|    clip_fraction        | 0.533      |
|    clip_range           | 0.2        |
|    entropy_loss         | 0.0452     |
|    explained_variance   | 0.965      |
|    learning_rate        | 0.0003     |
|    loss                 | 0.468      |
|    n_updates            | 3730       |
|    policy_gradient_loss | -0.0469    |
|    std                  | 0.239      |
|    value_loss           | 1.19       |
----------------------------------------
----------------------------------------
| rollout/                |            |
|    ep_len_mean          | 7.47       |
|    ep_rew_mean          | 4.79       |
| time/                   |            |
|    fps                  | 180        |
|    iterations           | 375        |
|    time_elapsed         | 8523       |
|    total_timesteps      | 1536000    |
| train/                  |            |
|    approx_kl            | 0.23617123 |
|    clip_fraction        | 0.562      |
|    clip_range           | 0.2        |
|    entropy_loss         | 0.0744     |
|    explained_variance   | 0.96       |
|    learning_rate        | 0.0003     |
|    loss                 | 0.274      |
|    n_updates            | 3740       |
|    policy_gradient_loss | -0.0371    |
|    std                  | 0.237      |
|    value_loss           | 1.26       |
----------------------------------------
Eval num_timesteps=1540000, episode_reward=3.90 +/- 1.90
Episode length: 5.60 +/- 0.49
----------------------------------------
| eval/                   |            |
|    mean_ep_length       | 5.6        |
|    mean_reward          | 3.9        |
| time/                   |            |
|    total_timesteps      | 1540000    |
| train/                  |            |
|    approx_kl            | 0.22435918 |
|    clip_fraction        | 0.555      |
|    clip_range           | 0.2        |
|    entropy_loss         | 0.104      |
|    explained_variance   | 0.96       |
|    learning_rate        | 0.0003     |
|    loss                 | 0.176      |
|    n_updates            | 3750       |
|    policy_gradient_loss | -0.0464    |
|    std                  | 0.236      |
|    value_loss           | 1.18       |
----------------------------------------
---------------------------------
| rollout/           |          |
|    ep_len_mean     | 6.93     |
|    ep_rew_mean     | 5.05     |
| time/              |          |
|    fps             | 180      |
|    iterations      | 376      |
|    time_elapsed    | 8539     |
|    total_timesteps | 1540096  |
---------------------------------
----------------------------------------
| rollout/                |            |
|    ep_len_mean          | 7.32       |
|    ep_rew_mean          | 4.56       |
| time/                   |            |
|    fps                  | 180        |
|    iterations           | 377        |
|    time_elapsed         | 8555       |
|    total_timesteps      | 1544192    |
| train/                  |            |
|    approx_kl            | 0.16088742 |
|    clip_fraction        | 0.543      |
|    clip_range           | 0.2        |
|    entropy_loss         | 0.135      |
|    explained_variance   | 0.957      |
|    learning_rate        | 0.0003     |
|    loss                 | 0.315      |
|    n_updates            | 3760       |
|    policy_gradient_loss | -0.0474    |
|    std                  | 0.233      |
|    value_loss           | 1.27       |
----------------------------------------
----------------------------------------
| rollout/                |            |
|    ep_len_mean          | 7.23       |
|    ep_rew_mean          | 5.04       |
| time/                   |            |
|    fps                  | 180        |
|    iterations           | 378        |
|    time_elapsed         | 8574       |
|    total_timesteps      | 1548288    |
| train/                  |            |
|    approx_kl            | 0.23031211 |
|    clip_fraction        | 0.595      |
|    clip_range           | 0.2        |
|    entropy_loss         | 0.182      |
|    explained_variance   | 0.965      |
|    learning_rate        | 0.0003     |
|    loss                 | 0.271      |
|    n_updates            | 3770       |
|    policy_gradient_loss | -0.0463    |
|    std                  | 0.23       |
|    value_loss           | 1.02       |
----------------------------------------
----------------------------------------
| rollout/                |            |
|    ep_len_mean          | 6.68       |
|    ep_rew_mean          | 4.12       |
| time/                   |            |
|    fps                  | 180        |
|    iterations           | 379        |
|    time_elapsed         | 8593       |
|    total_timesteps      | 1552384    |
| train/                  |            |
|    approx_kl            | 0.21158187 |
|    clip_fraction        | 0.564      |
|    clip_range           | 0.2        |
|    entropy_loss         | 0.219      |
|    explained_variance   | 0.952      |
|    learning_rate        | 0.0003     |
|    loss                 | 0.292      |
|    n_updates            | 3780       |
|    policy_gradient_loss | -0.0263    |
|    std                  | 0.229      |
|    value_loss           | 1.57       |
----------------------------------------
----------------------------------------
| rollout/                |            |
|    ep_len_mean          | 7.35       |
|    ep_rew_mean          | 4.96       |
| time/                   |            |
|    fps                  | 180        |
|    iterations           | 380        |
|    time_elapsed         | 8611       |
|    total_timesteps      | 1556480    |
| train/                  |            |
|    approx_kl            | 0.32576394 |
|    clip_fraction        | 0.601      |
|    clip_range           | 0.2        |
|    entropy_loss         | 0.221      |
|    explained_variance   | 0.951      |
|    learning_rate        | 0.0003     |
|    loss                 | 0.378      |
|    n_updates            | 3790       |
|    policy_gradient_loss | -0.033     |
|    std                  | 0.229      |
|    value_loss           | 1.59       |
----------------------------------------
Eval num_timesteps=1560000, episode_reward=6.04 +/- 4.73
Episode length: 8.40 +/- 3.88
----------------------------------------
| eval/                   |            |
|    mean_ep_length       | 8.4        |
|    mean_reward          | 6.04       |
| time/                   |            |
|    total_timesteps      | 1560000    |
| train/                  |            |
|    approx_kl            | 0.30196422 |
|    clip_fraction        | 0.604      |
|    clip_range           | 0.2        |
|    entropy_loss         | 0.239      |
|    explained_variance   | 0.957      |
|    learning_rate        | 0.0003     |
|    loss                 | 0.203      |
|    n_updates            | 3800       |
|    policy_gradient_loss | -0.038     |
|    std                  | 0.227      |
|    value_loss           | 1.19       |
----------------------------------------
---------------------------------
| rollout/           |          |
|    ep_len_mean     | 7.12     |
|    ep_rew_mean     | 4.54     |
| time/              |          |
|    fps             | 180      |
|    iterations      | 381      |
|    time_elapsed    | 8630     |
|    total_timesteps | 1560576  |
---------------------------------
----------------------------------------
| rollout/                |            |
|    ep_len_mean          | 6.75       |
|    ep_rew_mean          | 4.33       |
| time/                   |            |
|    fps                  | 180        |
|    iterations           | 382        |
|    time_elapsed         | 8645       |
|    total_timesteps      | 1564672    |
| train/                  |            |
|    approx_kl            | 0.48643842 |
|    clip_fraction        | 0.614      |
|    clip_range           | 0.2        |
|    entropy_loss         | 0.264      |
|    explained_variance   | 0.96       |
|    learning_rate        | 0.0003     |
|    loss                 | 0.168      |
|    n_updates            | 3810       |
|    policy_gradient_loss | -0.0354    |
|    std                  | 0.227      |
|    value_loss           | 0.99       |
----------------------------------------
----------------------------------------
| rollout/                |            |
|    ep_len_mean          | 6.92       |
|    ep_rew_mean          | 4.54       |
| time/                   |            |
|    fps                  | 181        |
|    iterations           | 383        |
|    time_elapsed         | 8661       |
|    total_timesteps      | 1568768    |
| train/                  |            |
|    approx_kl            | 0.33658984 |
|    clip_fraction        | 0.62       |
|    clip_range           | 0.2        |
|    entropy_loss         | 0.272      |
|    explained_variance   | 0.956      |
|    learning_rate        | 0.0003     |
|    loss                 | 0.131      |
|    n_updates            | 3820       |
|    policy_gradient_loss | -0.0316    |
|    std                  | 0.227      |
|    value_loss           | 1.05       |
----------------------------------------
----------------------------------------
| rollout/                |            |
|    ep_len_mean          | 6.61       |
|    ep_rew_mean          | 4.39       |
| time/                   |            |
|    fps                  | 181        |
|    iterations           | 384        |
|    time_elapsed         | 8680       |
|    total_timesteps      | 1572864    |
| train/                  |            |
|    approx_kl            | 0.32702428 |
|    clip_fraction        | 0.593      |
|    clip_range           | 0.2        |
|    entropy_loss         | 0.278      |
|    explained_variance   | 0.948      |
|    learning_rate        | 0.0003     |
|    loss                 | 0.289      |
|    n_updates            | 3830       |
|    policy_gradient_loss | -0.0311    |
|    std                  | 0.226      |
|    value_loss           | 1.55       |
----------------------------------------
---------------------------------------
| rollout/                |           |
|    ep_len_mean          | 7.19      |
|    ep_rew_mean          | 4.91      |
| time/                   |           |
|    fps                  | 181       |
|    iterations           | 385       |
|    time_elapsed         | 8699      |
|    total_timesteps      | 1576960   |
| train/                  |           |
|    approx_kl            | 0.2446217 |
|    clip_fraction        | 0.577     |
|    clip_range           | 0.2       |
|    entropy_loss         | 0.292     |
|    explained_variance   | 0.949     |
|    learning_rate        | 0.0003    |
|    loss                 | 0.402     |
|    n_updates            | 3840      |
|    policy_gradient_loss | -0.04     |
|    std                  | 0.225     |
|    value_loss           | 1.32      |
---------------------------------------
Eval num_timesteps=1580000, episode_reward=5.64 +/- 4.65
Episode length: 8.60 +/- 6.28
---------------------------------------
| eval/                   |           |
|    mean_ep_length       | 8.6       |
|    mean_reward          | 5.64      |
| time/                   |           |
|    total_timesteps      | 1580000   |
| train/                  |           |
|    approx_kl            | 0.4594609 |
|    clip_fraction        | 0.612     |
|    clip_range           | 0.2       |
|    entropy_loss         | 0.305     |
|    explained_variance   | 0.952     |
|    learning_rate        | 0.0003    |
|    loss                 | 0.257     |
|    n_updates            | 3850      |
|    policy_gradient_loss | -0.0368   |
|    std                  | 0.225     |
|    value_loss           | 1.19      |
---------------------------------------
---------------------------------
| rollout/           |          |
|    ep_len_mean     | 6.46     |
|    ep_rew_mean     | 4.34     |
| time/              |          |
|    fps             | 181      |
|    iterations      | 386      |
|    time_elapsed    | 8715     |
|    total_timesteps | 1581056  |
---------------------------------
----------------------------------------
| rollout/                |            |
|    ep_len_mean          | 7.27       |
|    ep_rew_mean          | 4.91       |
| time/                   |            |
|    fps                  | 181        |
|    iterations           | 387        |
|    time_elapsed         | 8734       |
|    total_timesteps      | 1585152    |
| train/                  |            |
|    approx_kl            | 0.46335977 |
|    clip_fraction        | 0.621      |
|    clip_range           | 0.2        |
|    entropy_loss         | 0.311      |
|    explained_variance   | 0.947      |
|    learning_rate        | 0.0003     |
|    loss                 | 0.276      |
|    n_updates            | 3860       |
|    policy_gradient_loss | -0.0304    |
|    std                  | 0.224      |
|    value_loss           | 1.24       |
----------------------------------------
----------------------------------------
| rollout/                |            |
|    ep_len_mean          | 7.06       |
|    ep_rew_mean          | 5.19       |
| time/                   |            |
|    fps                  | 181        |
|    iterations           | 388        |
|    time_elapsed         | 8750       |
|    total_timesteps      | 1589248    |
| train/                  |            |
|    approx_kl            | 0.38653645 |
|    clip_fraction        | 0.628      |
|    clip_range           | 0.2        |
|    entropy_loss         | 0.333      |
|    explained_variance   | 0.958      |
|    learning_rate        | 0.0003     |
|    loss                 | 0.101      |
|    n_updates            | 3870       |
|    policy_gradient_loss | -0.0383    |
|    std                  | 0.223      |
|    value_loss           | 0.905      |
----------------------------------------
---------------------------------------
| rollout/                |           |
|    ep_len_mean          | 7.12      |
|    ep_rew_mean          | 4.93      |
| time/                   |           |
|    fps                  | 181       |
|    iterations           | 389       |
|    time_elapsed         | 8768      |
|    total_timesteps      | 1593344   |
| train/                  |           |
|    approx_kl            | 0.2628491 |
|    clip_fraction        | 0.626     |
|    clip_range           | 0.2       |
|    entropy_loss         | 0.356     |
|    explained_variance   | 0.964     |
|    learning_rate        | 0.0003    |
|    loss                 | 0.151     |
|    n_updates            | 3880      |
|    policy_gradient_loss | -0.0387   |
|    std                  | 0.221     |
|    value_loss           | 0.895     |
---------------------------------------
----------------------------------------
| rollout/                |            |
|    ep_len_mean          | 6.74       |
|    ep_rew_mean          | 4.54       |
| time/                   |            |
|    fps                  | 181        |
|    iterations           | 390        |
|    time_elapsed         | 8788       |
|    total_timesteps      | 1597440    |
| train/                  |            |
|    approx_kl            | 0.22888726 |
|    clip_fraction        | 0.586      |
|    clip_range           | 0.2        |
|    entropy_loss         | 0.399      |
|    explained_variance   | 0.949      |
|    learning_rate        | 0.0003     |
|    loss                 | 0.247      |
|    n_updates            | 3890       |
|    policy_gradient_loss | -0.0432    |
|    std                  | 0.218      |
|    value_loss           | 1.24       |
----------------------------------------
Eval num_timesteps=1600000, episode_reward=5.95 +/- 4.23
Episode length: 6.40 +/- 3.01
----------------------------------------
| eval/                   |            |
|    mean_ep_length       | 6.4        |
|    mean_reward          | 5.95       |
| time/                   |            |
|    total_timesteps      | 1600000    |
| train/                  |            |
|    approx_kl            | 0.24945837 |
|    clip_fraction        | 0.578      |
|    clip_range           | 0.2        |
|    entropy_loss         | 0.424      |
|    explained_variance   | 0.939      |
|    learning_rate        | 0.0003     |
|    loss                 | 0.201      |
|    n_updates            | 3900       |
|    policy_gradient_loss | -0.0393    |
|    std                  | 0.217      |
|    value_loss           | 1.51       |
----------------------------------------
---------------------------------
| rollout/           |          |
|    ep_len_mean     | 6.76     |
|    ep_rew_mean     | 4.61     |
| time/              |          |
|    fps             | 181      |
|    iterations      | 391      |
|    time_elapsed    | 8803     |
|    total_timesteps | 1601536  |
---------------------------------
----------------------------------------
| rollout/                |            |
|    ep_len_mean          | 7          |
|    ep_rew_mean          | 4.71       |
| time/                   |            |
|    fps                  | 181        |
|    iterations           | 392        |
|    time_elapsed         | 8823       |
|    total_timesteps      | 1605632    |
| train/                  |            |
|    approx_kl            | 0.33422363 |
|    clip_fraction        | 0.612      |
|    clip_range           | 0.2        |
|    entropy_loss         | 0.453      |
|    explained_variance   | 0.949      |
|    learning_rate        | 0.0003     |
|    loss                 | 0.26       |
|    n_updates            | 3910       |
|    policy_gradient_loss | -0.0361    |
|    std                  | 0.215      |
|    value_loss           | 1.26       |
----------------------------------------
----------------------------------------
| rollout/                |            |
|    ep_len_mean          | 7.15       |
|    ep_rew_mean          | 4.94       |
| time/                   |            |
|    fps                  | 182        |
|    iterations           | 393        |
|    time_elapsed         | 8841       |
|    total_timesteps      | 1609728    |
| train/                  |            |
|    approx_kl            | 0.26349518 |
|    clip_fraction        | 0.628      |
|    clip_range           | 0.2        |
|    entropy_loss         | 0.482      |
|    explained_variance   | 0.942      |
|    learning_rate        | 0.0003     |
|    loss                 | 0.187      |
|    n_updates            | 3920       |
|    policy_gradient_loss | -0.0257    |
|    std                  | 0.214      |
|    value_loss           | 1.37       |
----------------------------------------
---------------------------------------
| rollout/                |           |
|    ep_len_mean          | 7.11      |
|    ep_rew_mean          | 4.84      |
| time/                   |           |
|    fps                  | 182       |
|    iterations           | 394       |
|    time_elapsed         | 8857      |
|    total_timesteps      | 1613824   |
| train/                  |           |
|    approx_kl            | 0.4841863 |
|    clip_fraction        | 0.625     |
|    clip_range           | 0.2       |
|    entropy_loss         | 0.506     |
|    explained_variance   | 0.957     |
|    learning_rate        | 0.0003    |
|    loss                 | 0.174     |
|    n_updates            | 3930      |
|    policy_gradient_loss | -0.024    |
|    std                  | 0.213     |
|    value_loss           | 0.997     |
---------------------------------------
----------------------------------------
| rollout/                |            |
|    ep_len_mean          | 6.77       |
|    ep_rew_mean          | 4.56       |
| time/                   |            |
|    fps                  | 182        |
|    iterations           | 395        |
|    time_elapsed         | 8873       |
|    total_timesteps      | 1617920    |
| train/                  |            |
|    approx_kl            | 0.31122154 |
|    clip_fraction        | 0.612      |
|    clip_range           | 0.2        |
|    entropy_loss         | 0.509      |
|    explained_variance   | 0.952      |
|    learning_rate        | 0.0003     |
|    loss                 | 0.366      |
|    n_updates            | 3940       |
|    policy_gradient_loss | -0.0328    |
|    std                  | 0.213      |
|    value_loss           | 1.17       |
----------------------------------------
Eval num_timesteps=1620000, episode_reward=4.08 +/- 2.21
Episode length: 7.80 +/- 2.93
----------------------------------------
| eval/                   |            |
|    mean_ep_length       | 7.8        |
|    mean_reward          | 4.08       |
| time/                   |            |
|    total_timesteps      | 1620000    |
| train/                  |            |
|    approx_kl            | 0.29654807 |
|    clip_fraction        | 0.618      |
|    clip_range           | 0.2        |
|    entropy_loss         | 0.521      |
|    explained_variance   | 0.956      |
|    learning_rate        | 0.0003     |
|    loss                 | 0.289      |
|    n_updates            | 3950       |
|    policy_gradient_loss | -0.0477    |
|    std                  | 0.212      |
|    value_loss           | 0.946      |
----------------------------------------
---------------------------------
| rollout/           |          |
|    ep_len_mean     | 6.74     |
|    ep_rew_mean     | 4.37     |
| time/              |          |
|    fps             | 182      |
|    iterations      | 396      |
|    time_elapsed    | 8889     |
|    total_timesteps | 1622016  |
---------------------------------
---------------------------------------
| rollout/                |           |
|    ep_len_mean          | 6.45      |
|    ep_rew_mean          | 4.07      |
| time/                   |           |
|    fps                  | 182       |
|    iterations           | 397       |
|    time_elapsed         | 8908      |
|    total_timesteps      | 1626112   |
| train/                  |           |
|    approx_kl            | 0.3501555 |
|    clip_fraction        | 0.603     |
|    clip_range           | 0.2       |
|    entropy_loss         | 0.546     |
|    explained_variance   | 0.956     |
|    learning_rate        | 0.0003    |
|    loss                 | 0.226     |
|    n_updates            | 3960      |
|    policy_gradient_loss | -0.0408   |
|    std                  | 0.211     |
|    value_loss           | 1.01      |
---------------------------------------
----------------------------------------
| rollout/                |            |
|    ep_len_mean          | 6.79       |
|    ep_rew_mean          | 4.44       |
| time/                   |            |
|    fps                  | 182        |
|    iterations           | 398        |
|    time_elapsed         | 8924       |
|    total_timesteps      | 1630208    |
| train/                  |            |
|    approx_kl            | 0.26475024 |
|    clip_fraction        | 0.583      |
|    clip_range           | 0.2        |
|    entropy_loss         | 0.571      |
|    explained_variance   | 0.955      |
|    learning_rate        | 0.0003     |
|    loss                 | 0.134      |
|    n_updates            | 3970       |
|    policy_gradient_loss | -0.0426    |
|    std                  | 0.209      |
|    value_loss           | 1.01       |
----------------------------------------
---------------------------------------
| rollout/                |           |
|    ep_len_mean          | 6.75      |
|    ep_rew_mean          | 4.4       |
| time/                   |           |
|    fps                  | 182       |
|    iterations           | 399       |
|    time_elapsed         | 8943      |
|    total_timesteps      | 1634304   |
| train/                  |           |
|    approx_kl            | 0.4075148 |
|    clip_fraction        | 0.624     |
|    clip_range           | 0.2       |
|    entropy_loss         | 0.588     |
|    explained_variance   | 0.951     |
|    learning_rate        | 0.0003    |
|    loss                 | 0.244     |
|    n_updates            | 3980      |
|    policy_gradient_loss | -0.0322   |
|    std                  | 0.209     |
|    value_loss           | 1.08      |
---------------------------------------
----------------------------------------
| rollout/                |            |
|    ep_len_mean          | 7.08       |
|    ep_rew_mean          | 4.9        |
| time/                   |            |
|    fps                  | 182        |
|    iterations           | 400        |
|    time_elapsed         | 8958       |
|    total_timesteps      | 1638400    |
| train/                  |            |
|    approx_kl            | 0.39996508 |
|    clip_fraction        | 0.639      |
|    clip_range           | 0.2        |
|    entropy_loss         | 0.604      |
|    explained_variance   | 0.963      |
|    learning_rate        | 0.0003     |
|    loss                 | 0.085      |
|    n_updates            | 3990       |
|    policy_gradient_loss | -0.0288    |
|    std                  | 0.207      |
|    value_loss           | 0.872      |
----------------------------------------
Eval num_timesteps=1640000, episode_reward=2.64 +/- 0.84
Episode length: 5.80 +/- 1.72
----------------------------------------
| eval/                   |            |
|    mean_ep_length       | 5.8        |
|    mean_reward          | 2.64       |
| time/                   |            |
|    total_timesteps      | 1640000    |
| train/                  |            |
|    approx_kl            | 0.33145407 |
|    clip_fraction        | 0.621      |
|    clip_range           | 0.2        |
|    entropy_loss         | 0.624      |
|    explained_variance   | 0.954      |
|    learning_rate        | 0.0003     |
|    loss                 | 0.211      |
|    n_updates            | 4000       |
|    policy_gradient_loss | -0.0233    |
|    std                  | 0.207      |
|    value_loss           | 1.06       |
----------------------------------------
---------------------------------
| rollout/           |          |
|    ep_len_mean     | 7.17     |
|    ep_rew_mean     | 4.73     |
| time/              |          |
|    fps             | 183      |
|    iterations      | 401      |
|    time_elapsed    | 8974     |
|    total_timesteps | 1642496  |
---------------------------------
----------------------------------------
| rollout/                |            |
|    ep_len_mean          | 6.71       |
|    ep_rew_mean          | 4.17       |
| time/                   |            |
|    fps                  | 183        |
|    iterations           | 402        |
|    time_elapsed         | 8990       |
|    total_timesteps      | 1646592    |
| train/                  |            |
|    approx_kl            | 0.29588085 |
|    clip_fraction        | 0.61       |
|    clip_range           | 0.2        |
|    entropy_loss         | 0.635      |
|    explained_variance   | 0.956      |
|    learning_rate        | 0.0003     |
|    loss                 | 0.269      |
|    n_updates            | 4010       |
|    policy_gradient_loss | -0.0415    |
|    std                  | 0.207      |
|    value_loss           | 1.01       |
----------------------------------------
----------------------------------------
| rollout/                |            |
|    ep_len_mean          | 6.63       |
|    ep_rew_mean          | 4.23       |
| time/                   |            |
|    fps                  | 183        |
|    iterations           | 403        |
|    time_elapsed         | 9006       |
|    total_timesteps      | 1650688    |
| train/                  |            |
|    approx_kl            | 0.32002407 |
|    clip_fraction        | 0.608      |
|    clip_range           | 0.2        |
|    entropy_loss         | 0.641      |
|    explained_variance   | 0.958      |
|    learning_rate        | 0.0003     |
|    loss                 | 0.0728     |
|    n_updates            | 4020       |
|    policy_gradient_loss | -0.043     |
|    std                  | 0.206      |
|    value_loss           | 0.897      |
----------------------------------------
---------------------------------------
| rollout/                |           |
|    ep_len_mean          | 6.62      |
|    ep_rew_mean          | 4.46      |
| time/                   |           |
|    fps                  | 183       |
|    iterations           | 404       |
|    time_elapsed         | 9022      |
|    total_timesteps      | 1654784   |
| train/                  |           |
|    approx_kl            | 0.4283672 |
|    clip_fraction        | 0.634     |
|    clip_range           | 0.2       |
|    entropy_loss         | 0.661     |
|    explained_variance   | 0.959     |
|    learning_rate        | 0.0003    |
|    loss                 | 0.113     |
|    n_updates            | 4030      |
|    policy_gradient_loss | -0.0329   |
|    std                  | 0.205     |
|    value_loss           | 0.792     |
---------------------------------------
----------------------------------------
| rollout/                |            |
|    ep_len_mean          | 6.72       |
|    ep_rew_mean          | 4.25       |
| time/                   |            |
|    fps                  | 183        |
|    iterations           | 405        |
|    time_elapsed         | 9038       |
|    total_timesteps      | 1658880    |
| train/                  |            |
|    approx_kl            | 0.33925223 |
|    clip_fraction        | 0.594      |
|    clip_range           | 0.2        |
|    entropy_loss         | 0.689      |
|    explained_variance   | 0.947      |
|    learning_rate        | 0.0003     |
|    loss                 | 0.375      |
|    n_updates            | 4040       |
|    policy_gradient_loss | -0.0388    |
|    std                  | 0.203      |
|    value_loss           | 1.13       |
----------------------------------------
Eval num_timesteps=1660000, episode_reward=3.70 +/- 2.56
Episode length: 6.20 +/- 2.04
----------------------------------------
| eval/                   |            |
|    mean_ep_length       | 6.2        |
|    mean_reward          | 3.7        |
| time/                   |            |
|    total_timesteps      | 1660000    |
| train/                  |            |
|    approx_kl            | 0.20646551 |
|    clip_fraction        | 0.579      |
|    clip_range           | 0.2        |
|    entropy_loss         | 0.713      |
|    explained_variance   | 0.952      |
|    learning_rate        | 0.0003     |
|    loss                 | 0.131      |
|    n_updates            | 4050       |
|    policy_gradient_loss | -0.0486    |
|    std                  | 0.202      |
|    value_loss           | 0.942      |
----------------------------------------
---------------------------------
| rollout/           |          |
|    ep_len_mean     | 6.6      |
|    ep_rew_mean     | 4.28     |
| time/              |          |
|    fps             | 183      |
|    iterations      | 406      |
|    time_elapsed    | 9058     |
|    total_timesteps | 1662976  |
---------------------------------
----------------------------------------
| rollout/                |            |
|    ep_len_mean          | 6.78       |
|    ep_rew_mean          | 4.32       |
| time/                   |            |
|    fps                  | 183        |
|    iterations           | 407        |
|    time_elapsed         | 9073       |
|    total_timesteps      | 1667072    |
| train/                  |            |
|    approx_kl            | 0.36846894 |
|    clip_fraction        | 0.626      |
|    clip_range           | 0.2        |
|    entropy_loss         | 0.747      |
|    explained_variance   | 0.957      |
|    learning_rate        | 0.0003     |
|    loss                 | 0.126      |
|    n_updates            | 4060       |
|    policy_gradient_loss | -0.0401    |
|    std                  | 0.2        |
|    value_loss           | 0.784      |
----------------------------------------
----------------------------------------
| rollout/                |            |
|    ep_len_mean          | 7.32       |
|    ep_rew_mean          | 4.93       |
| time/                   |            |
|    fps                  | 183        |
|    iterations           | 408        |
|    time_elapsed         | 9090       |
|    total_timesteps      | 1671168    |
| train/                  |            |
|    approx_kl            | 0.32279572 |
|    clip_fraction        | 0.621      |
|    clip_range           | 0.2        |
|    entropy_loss         | 0.784      |
|    explained_variance   | 0.954      |
|    learning_rate        | 0.0003     |
|    loss                 | 0.105      |
|    n_updates            | 4070       |
|    policy_gradient_loss | -0.0351    |
|    std                  | 0.198      |
|    value_loss           | 1.08       |
----------------------------------------
----------------------------------------
| rollout/                |            |
|    ep_len_mean          | 6.88       |
|    ep_rew_mean          | 4.59       |
| time/                   |            |
|    fps                  | 183        |
|    iterations           | 409        |
|    time_elapsed         | 9108       |
|    total_timesteps      | 1675264    |
| train/                  |            |
|    approx_kl            | 0.53705776 |
|    clip_fraction        | 0.614      |
|    clip_range           | 0.2        |
|    entropy_loss         | 0.806      |
|    explained_variance   | 0.946      |
|    learning_rate        | 0.0003     |
|    loss                 | 0.0982     |
|    n_updates            | 4080       |
|    policy_gradient_loss | -0.0288    |
|    std                  | 0.198      |
|    value_loss           | 1.24       |
----------------------------------------
---------------------------------------
| rollout/                |           |
|    ep_len_mean          | 6.49      |
|    ep_rew_mean          | 4.28      |
| time/                   |           |
|    fps                  | 184       |
|    iterations           | 410       |
|    time_elapsed         | 9124      |
|    total_timesteps      | 1679360   |
| train/                  |           |
|    approx_kl            | 0.3830899 |
|    clip_fraction        | 0.615     |
|    clip_range           | 0.2       |
|    entropy_loss         | 0.804     |
|    explained_variance   | 0.952     |
|    learning_rate        | 0.0003    |
|    loss                 | 0.0798    |
|    n_updates            | 4090      |
|    policy_gradient_loss | -0.0308   |
|    std                  | 0.198     |
|    value_loss           | 0.985     |
---------------------------------------
Eval num_timesteps=1680000, episode_reward=3.99 +/- 2.87
Episode length: 6.00 +/- 2.28
----------------------------------------
| eval/                   |            |
|    mean_ep_length       | 6          |
|    mean_reward          | 3.99       |
| time/                   |            |
|    total_timesteps      | 1680000    |
| train/                  |            |
|    approx_kl            | 0.31854734 |
|    clip_fraction        | 0.62       |
|    clip_range           | 0.2        |
|    entropy_loss         | 0.818      |
|    explained_variance   | 0.947      |
|    learning_rate        | 0.0003     |
|    loss                 | 0.144      |
|    n_updates            | 4100       |
|    policy_gradient_loss | -0.0349    |
|    std                  | 0.197      |
|    value_loss           | 1.23       |
----------------------------------------
---------------------------------
| rollout/           |          |
|    ep_len_mean     | 6.64     |
|    ep_rew_mean     | 4.26     |
| time/              |          |
|    fps             | 184      |
|    iterations      | 411      |
|    time_elapsed    | 9142     |
|    total_timesteps | 1683456  |
---------------------------------
----------------------------------------
| rollout/                |            |
|    ep_len_mean          | 6.39       |
|    ep_rew_mean          | 4.08       |
| time/                   |            |
|    fps                  | 184        |
|    iterations           | 412        |
|    time_elapsed         | 9158       |
|    total_timesteps      | 1687552    |
| train/                  |            |
|    approx_kl            | 0.33778328 |
|    clip_fraction        | 0.596      |
|    clip_range           | 0.2        |
|    entropy_loss         | 0.84       |
|    explained_variance   | 0.951      |
|    learning_rate        | 0.0003     |
|    loss                 | 0.153      |
|    n_updates            | 4110       |
|    policy_gradient_loss | -0.037     |
|    std                  | 0.195      |
|    value_loss           | 1.02       |
----------------------------------------
----------------------------------------
| rollout/                |            |
|    ep_len_mean          | 6.6        |
|    ep_rew_mean          | 4.28       |
| time/                   |            |
|    fps                  | 184        |
|    iterations           | 413        |
|    time_elapsed         | 9177       |
|    total_timesteps      | 1691648    |
| train/                  |            |
|    approx_kl            | 0.44444695 |
|    clip_fraction        | 0.619      |
|    clip_range           | 0.2        |
|    entropy_loss         | 0.864      |
|    explained_variance   | 0.957      |
|    learning_rate        | 0.0003     |
|    loss                 | 0.0951     |
|    n_updates            | 4120       |
|    policy_gradient_loss | -0.0311    |
|    std                  | 0.194      |
|    value_loss           | 0.896      |
----------------------------------------
----------------------------------------
| rollout/                |            |
|    ep_len_mean          | 6.98       |
|    ep_rew_mean          | 4.53       |
| time/                   |            |
|    fps                  | 184        |
|    iterations           | 414        |
|    time_elapsed         | 9196       |
|    total_timesteps      | 1695744    |
| train/                  |            |
|    approx_kl            | 0.36698008 |
|    clip_fraction        | 0.643      |
|    clip_range           | 0.2        |
|    entropy_loss         | 0.88       |
|    explained_variance   | 0.963      |
|    learning_rate        | 0.0003     |
|    loss                 | 0.115      |
|    n_updates            | 4130       |
|    policy_gradient_loss | -0.0382    |
|    std                  | 0.194      |
|    value_loss           | 0.682      |
----------------------------------------
----------------------------------------
| rollout/                |            |
|    ep_len_mean          | 6.33       |
|    ep_rew_mean          | 4.37       |
| time/                   |            |
|    fps                  | 184        |
|    iterations           | 415        |
|    time_elapsed         | 9211       |
|    total_timesteps      | 1699840    |
| train/                  |            |
|    approx_kl            | 0.30624956 |
|    clip_fraction        | 0.633      |
|    clip_range           | 0.2        |
|    entropy_loss         | 0.894      |
|    explained_variance   | 0.961      |
|    learning_rate        | 0.0003     |
|    loss                 | 0.0547     |
|    n_updates            | 4140       |
|    policy_gradient_loss | -0.0349    |
|    std                  | 0.194      |
|    value_loss           | 0.81       |
----------------------------------------
Eval num_timesteps=1700000, episode_reward=3.66 +/- 0.83
Episode length: 4.80 +/- 0.40
----------------------------------------
| eval/                   |            |
|    mean_ep_length       | 4.8        |
|    mean_reward          | 3.66       |
| time/                   |            |
|    total_timesteps      | 1700000    |
| train/                  |            |
|    approx_kl            | 0.39909726 |
|    clip_fraction        | 0.612      |
|    clip_range           | 0.2        |
|    entropy_loss         | 0.911      |
|    explained_variance   | 0.958      |
|    learning_rate        | 0.0003     |
|    loss                 | 0.18       |
|    n_updates            | 4150       |
|    policy_gradient_loss | -0.0375    |
|    std                  | 0.192      |
|    value_loss           | 0.949      |
----------------------------------------
---------------------------------
| rollout/           |          |
|    ep_len_mean     | 6.41     |
|    ep_rew_mean     | 4.3      |
| time/              |          |
|    fps             | 184      |
|    iterations      | 416      |
|    time_elapsed    | 9228     |
|    total_timesteps | 1703936  |
---------------------------------
----------------------------------------
| rollout/                |            |
|    ep_len_mean          | 6.78       |
|    ep_rew_mean          | 4.74       |
| time/                   |            |
|    fps                  | 184        |
|    iterations           | 417        |
|    time_elapsed         | 9244       |
|    total_timesteps      | 1708032    |
| train/                  |            |
|    approx_kl            | 0.31187922 |
|    clip_fraction        | 0.612      |
|    clip_range           | 0.2        |
|    entropy_loss         | 0.942      |
|    explained_variance   | 0.947      |
|    learning_rate        | 0.0003     |
|    loss                 | 0.192      |
|    n_updates            | 4160       |
|    policy_gradient_loss | -0.0381    |
|    std                  | 0.191      |
|    value_loss           | 1.02       |
----------------------------------------
---------------------------------------
| rollout/                |           |
|    ep_len_mean          | 6.64      |
|    ep_rew_mean          | 4.09      |
| time/                   |           |
|    fps                  | 184       |
|    iterations           | 418       |
|    time_elapsed         | 9260      |
|    total_timesteps      | 1712128   |
| train/                  |           |
|    approx_kl            | 0.3392746 |
|    clip_fraction        | 0.632     |
|    clip_range           | 0.2       |
|    entropy_loss         | 0.966     |
|    explained_variance   | 0.952     |
|    learning_rate        | 0.0003    |
|    loss                 | 0.176     |
|    n_updates            | 4170      |
|    policy_gradient_loss | -0.0359   |
|    std                  | 0.189     |
|    value_loss           | 0.827     |
---------------------------------------
---------------------------------------
| rollout/                |           |
|    ep_len_mean          | 7.02      |
|    ep_rew_mean          | 4.62      |
| time/                   |           |
|    fps                  | 185       |
|    iterations           | 419       |
|    time_elapsed         | 9276      |
|    total_timesteps      | 1716224   |
| train/                  |           |
|    approx_kl            | 0.3371015 |
|    clip_fraction        | 0.624     |
|    clip_range           | 0.2       |
|    entropy_loss         | 0.992     |
|    explained_variance   | 0.952     |
|    learning_rate        | 0.0003    |
|    loss                 | 0.128     |
|    n_updates            | 4180      |
|    policy_gradient_loss | -0.0411   |
|    std                  | 0.188     |
|    value_loss           | 0.867     |
---------------------------------------
Eval num_timesteps=1720000, episode_reward=5.57 +/- 3.10
Episode length: 6.80 +/- 3.25
--------------------------------------
| eval/                   |          |
|    mean_ep_length       | 6.8      |
|    mean_reward          | 5.57     |
| time/                   |          |
|    total_timesteps      | 1720000  |
| train/                  |          |
|    approx_kl            | 0.381914 |
|    clip_fraction        | 0.603    |
|    clip_range           | 0.2      |
|    entropy_loss         | 1        |
|    explained_variance   | 0.941    |
|    learning_rate        | 0.0003   |
|    loss                 | 0.288    |
|    n_updates            | 4190     |
|    policy_gradient_loss | -0.0332  |
|    std                  | 0.188    |
|    value_loss           | 1.13     |
--------------------------------------
---------------------------------
| rollout/           |          |
|    ep_len_mean     | 6.35     |
|    ep_rew_mean     | 4.17     |
| time/              |          |
|    fps             | 185      |
|    iterations      | 420      |
|    time_elapsed    | 9293     |
|    total_timesteps | 1720320  |
---------------------------------
---------------------------------------
| rollout/                |           |
|    ep_len_mean          | 6.58      |
|    ep_rew_mean          | 4.23      |
| time/                   |           |
|    fps                  | 185       |
|    iterations           | 421       |
|    time_elapsed         | 9311      |
|    total_timesteps      | 1724416   |
| train/                  |           |
|    approx_kl            | 0.3515817 |
|    clip_fraction        | 0.634     |
|    clip_range           | 0.2       |
|    entropy_loss         | 1.03      |
|    explained_variance   | 0.967     |
|    learning_rate        | 0.0003    |
|    loss                 | 0.129     |
|    n_updates            | 4200      |
|    policy_gradient_loss | -0.0346   |
|    std                  | 0.187     |
|    value_loss           | 0.769     |
---------------------------------------
----------------------------------------
| rollout/                |            |
|    ep_len_mean          | 6.17       |
|    ep_rew_mean          | 4.18       |
| time/                   |            |
|    fps                  | 185        |
|    iterations           | 422        |
|    time_elapsed         | 9327       |
|    total_timesteps      | 1728512    |
| train/                  |            |
|    approx_kl            | 0.43363646 |
|    clip_fraction        | 0.643      |
|    clip_range           | 0.2        |
|    entropy_loss         | 1.05       |
|    explained_variance   | 0.96       |
|    learning_rate        | 0.0003     |
|    loss                 | 0.0756     |
|    n_updates            | 4210       |
|    policy_gradient_loss | -0.0344    |
|    std                  | 0.186      |
|    value_loss           | 0.739      |
----------------------------------------
----------------------------------------
| rollout/                |            |
|    ep_len_mean          | 6.02       |
|    ep_rew_mean          | 3.93       |
| time/                   |            |
|    fps                  | 185        |
|    iterations           | 423        |
|    time_elapsed         | 9343       |
|    total_timesteps      | 1732608    |
| train/                  |            |
|    approx_kl            | 0.32307154 |
|    clip_fraction        | 0.653      |
|    clip_range           | 0.2        |
|    entropy_loss         | 1.07       |
|    explained_variance   | 0.97       |
|    learning_rate        | 0.0003     |
|    loss                 | 0.0981     |
|    n_updates            | 4220       |
|    policy_gradient_loss | -0.0283    |
|    std                  | 0.185      |
|    value_loss           | 0.687      |
----------------------------------------
----------------------------------------
| rollout/                |            |
|    ep_len_mean          | 6.55       |
|    ep_rew_mean          | 4.46       |
| time/                   |            |
|    fps                  | 185        |
|    iterations           | 424        |
|    time_elapsed         | 9361       |
|    total_timesteps      | 1736704    |
| train/                  |            |
|    approx_kl            | 0.36913237 |
|    clip_fraction        | 0.627      |
|    clip_range           | 0.2        |
|    entropy_loss         | 1.08       |
|    explained_variance   | 0.963      |
|    learning_rate        | 0.0003     |
|    loss                 | 0.144      |
|    n_updates            | 4230       |
|    policy_gradient_loss | -0.0396    |
|    std                  | 0.185      |
|    value_loss           | 0.717      |
----------------------------------------
Eval num_timesteps=1740000, episode_reward=4.05 +/- 4.02
Episode length: 7.40 +/- 3.77
---------------------------------------
| eval/                   |           |
|    mean_ep_length       | 7.4       |
|    mean_reward          | 4.05      |
| time/                   |           |
|    total_timesteps      | 1740000   |
| train/                  |           |
|    approx_kl            | 0.3448999 |
|    clip_fraction        | 0.64      |
|    clip_range           | 0.2       |
|    entropy_loss         | 1.09      |
|    explained_variance   | 0.962     |
|    learning_rate        | 0.0003    |
|    loss                 | 0.221     |
|    n_updates            | 4240      |
|    policy_gradient_loss | -0.046    |
|    std                  | 0.183     |
|    value_loss           | 0.78      |
---------------------------------------
---------------------------------
| rollout/           |          |
|    ep_len_mean     | 6.56     |
|    ep_rew_mean     | 4.42     |
| time/              |          |
|    fps             | 185      |
|    iterations      | 425      |
|    time_elapsed    | 9380     |
|    total_timesteps | 1740800  |
---------------------------------
----------------------------------------
| rollout/                |            |
|    ep_len_mean          | 6.55       |
|    ep_rew_mean          | 4.53       |
| time/                   |            |
|    fps                  | 185        |
|    iterations           | 426        |
|    time_elapsed         | 9399       |
|    total_timesteps      | 1744896    |
| train/                  |            |
|    approx_kl            | 0.44845206 |
|    clip_fraction        | 0.67       |
|    clip_range           | 0.2        |
|    entropy_loss         | 1.11       |
|    explained_variance   | 0.963      |
|    learning_rate        | 0.0003     |
|    loss                 | 0.155      |
|    n_updates            | 4250       |
|    policy_gradient_loss | -0.0258    |
|    std                  | 0.183      |
|    value_loss           | 0.795      |
----------------------------------------
----------------------------------------
| rollout/                |            |
|    ep_len_mean          | 6.28       |
|    ep_rew_mean          | 3.79       |
| time/                   |            |
|    fps                  | 185        |
|    iterations           | 427        |
|    time_elapsed         | 9415       |
|    total_timesteps      | 1748992    |
| train/                  |            |
|    approx_kl            | 0.52764034 |
|    clip_fraction        | 0.667      |
|    clip_range           | 0.2        |
|    entropy_loss         | 1.13       |
|    explained_variance   | 0.96       |
|    learning_rate        | 0.0003     |
|    loss                 | 0.0361     |
|    n_updates            | 4260       |
|    policy_gradient_loss | -0.0255    |
|    std                  | 0.182      |
|    value_loss           | 0.743      |
----------------------------------------
----------------------------------------
| rollout/                |            |
|    ep_len_mean          | 6.38       |
|    ep_rew_mean          | 4.27       |
| time/                   |            |
|    fps                  | 185        |
|    iterations           | 428        |
|    time_elapsed         | 9434       |
|    total_timesteps      | 1753088    |
| train/                  |            |
|    approx_kl            | 0.32464582 |
|    clip_fraction        | 0.639      |
|    clip_range           | 0.2        |
|    entropy_loss         | 1.15       |
|    explained_variance   | 0.95       |
|    learning_rate        | 0.0003     |
|    loss                 | 0.136      |
|    n_updates            | 4270       |
|    policy_gradient_loss | -0.0316    |
|    std                  | 0.182      |
|    value_loss           | 0.856      |
----------------------------------------
----------------------------------------
| rollout/                |            |
|    ep_len_mean          | 6.64       |
|    ep_rew_mean          | 4.65       |
| time/                   |            |
|    fps                  | 185        |
|    iterations           | 429        |
|    time_elapsed         | 9451       |
|    total_timesteps      | 1757184    |
| train/                  |            |
|    approx_kl            | 0.41596177 |
|    clip_fraction        | 0.645      |
|    clip_range           | 0.2        |
|    entropy_loss         | 1.17       |
|    explained_variance   | 0.961      |
|    learning_rate        | 0.0003     |
|    loss                 | 0.115      |
|    n_updates            | 4280       |
|    policy_gradient_loss | -0.039     |
|    std                  | 0.18       |
|    value_loss           | 0.772      |
----------------------------------------
Eval num_timesteps=1760000, episode_reward=3.95 +/- 1.14
Episode length: 6.60 +/- 2.06
----------------------------------------
| eval/                   |            |
|    mean_ep_length       | 6.6        |
|    mean_reward          | 3.95       |
| time/                   |            |
|    total_timesteps      | 1760000    |
| train/                  |            |
|    approx_kl            | 0.45137817 |
|    clip_fraction        | 0.653      |
|    clip_range           | 0.2        |
|    entropy_loss         | 1.21       |
|    explained_variance   | 0.959      |
|    learning_rate        | 0.0003     |
|    loss                 | 0.0832     |
|    n_updates            | 4290       |
|    policy_gradient_loss | -0.0324    |
|    std                  | 0.178      |
|    value_loss           | 0.739      |
----------------------------------------
---------------------------------
| rollout/           |          |
|    ep_len_mean     | 6.3      |
|    ep_rew_mean     | 4.21     |
| time/              |          |
|    fps             | 185      |
|    iterations      | 430      |
|    time_elapsed    | 9469     |
|    total_timesteps | 1761280  |
---------------------------------
----------------------------------------
| rollout/                |            |
|    ep_len_mean          | 6.21       |
|    ep_rew_mean          | 4.29       |
| time/                   |            |
|    fps                  | 186        |
|    iterations           | 431        |
|    time_elapsed         | 9485       |
|    total_timesteps      | 1765376    |
| train/                  |            |
|    approx_kl            | 0.32206407 |
|    clip_fraction        | 0.592      |
|    clip_range           | 0.2        |
|    entropy_loss         | 1.23       |
|    explained_variance   | 0.955      |
|    learning_rate        | 0.0003     |
|    loss                 | 0.16       |
|    n_updates            | 4300       |
|    policy_gradient_loss | -0.0358    |
|    std                  | 0.177      |
|    value_loss           | 0.868      |
----------------------------------------
----------------------------------------
| rollout/                |            |
|    ep_len_mean          | 6.36       |
|    ep_rew_mean          | 3.93       |
| time/                   |            |
|    fps                  | 186        |
|    iterations           | 432        |
|    time_elapsed         | 9504       |
|    total_timesteps      | 1769472    |
| train/                  |            |
|    approx_kl            | 0.30684492 |
|    clip_fraction        | 0.624      |
|    clip_range           | 0.2        |
|    entropy_loss         | 1.27       |
|    explained_variance   | 0.967      |
|    learning_rate        | 0.0003     |
|    loss                 | 0.034      |
|    n_updates            | 4310       |
|    policy_gradient_loss | -0.0385    |
|    std                  | 0.176      |
|    value_loss           | 0.772      |
----------------------------------------
----------------------------------------
| rollout/                |            |
|    ep_len_mean          | 6.31       |
|    ep_rew_mean          | 3.55       |
| time/                   |            |
|    fps                  | 186        |
|    iterations           | 433        |
|    time_elapsed         | 9523       |
|    total_timesteps      | 1773568    |
| train/                  |            |
|    approx_kl            | 0.44475845 |
|    clip_fraction        | 0.676      |
|    clip_range           | 0.2        |
|    entropy_loss         | 1.29       |
|    explained_variance   | 0.967      |
|    learning_rate        | 0.0003     |
|    loss                 | 0.0324     |
|    n_updates            | 4320       |
|    policy_gradient_loss | -0.0291    |
|    std                  | 0.175      |
|    value_loss           | 0.582      |
----------------------------------------
----------------------------------------
| rollout/                |            |
|    ep_len_mean          | 6.27       |
|    ep_rew_mean          | 4.48       |
| time/                   |            |
|    fps                  | 186        |
|    iterations           | 434        |
|    time_elapsed         | 9539       |
|    total_timesteps      | 1777664    |
| train/                  |            |
|    approx_kl            | 0.32666236 |
|    clip_fraction        | 0.631      |
|    clip_range           | 0.2        |
|    entropy_loss         | 1.3        |
|    explained_variance   | 0.955      |
|    learning_rate        | 0.0003     |
|    loss                 | 0.0755     |
|    n_updates            | 4330       |
|    policy_gradient_loss | -0.0385    |
|    std                  | 0.174      |
|    value_loss           | 0.797      |
----------------------------------------
Eval num_timesteps=1780000, episode_reward=4.25 +/- 2.33
Episode length: 7.80 +/- 3.31
----------------------------------------
| eval/                   |            |
|    mean_ep_length       | 7.8        |
|    mean_reward          | 4.25       |
| time/                   |            |
|    total_timesteps      | 1780000    |
| train/                  |            |
|    approx_kl            | 0.57115525 |
|    clip_fraction        | 0.657      |
|    clip_range           | 0.2        |
|    entropy_loss         | 1.33       |
|    explained_variance   | 0.96       |
|    learning_rate        | 0.0003     |
|    loss                 | 0.0487     |
|    n_updates            | 4340       |
|    policy_gradient_loss | -0.0352    |
|    std                  | 0.173      |
|    value_loss           | 0.68       |
----------------------------------------
---------------------------------
| rollout/           |          |
|    ep_len_mean     | 6.15     |
|    ep_rew_mean     | 4.14     |
| time/              |          |
|    fps             | 186      |
|    iterations      | 435      |
|    time_elapsed    | 9558     |
|    total_timesteps | 1781760  |
---------------------------------
----------------------------------------
| rollout/                |            |
|    ep_len_mean          | 6.43       |
|    ep_rew_mean          | 3.93       |
| time/                   |            |
|    fps                  | 186        |
|    iterations           | 436        |
|    time_elapsed         | 9577       |
|    total_timesteps      | 1785856    |
| train/                  |            |
|    approx_kl            | 0.34681517 |
|    clip_fraction        | 0.634      |
|    clip_range           | 0.2        |
|    entropy_loss         | 1.35       |
|    explained_variance   | 0.961      |
|    learning_rate        | 0.0003     |
|    loss                 | 0.375      |
|    n_updates            | 4350       |
|    policy_gradient_loss | -0.0367    |
|    std                  | 0.172      |
|    value_loss           | 0.698      |
----------------------------------------
---------------------------------------
| rollout/                |           |
|    ep_len_mean          | 6.62      |
|    ep_rew_mean          | 4.44      |
| time/                   |           |
|    fps                  | 186       |
|    iterations           | 437       |
|    time_elapsed         | 9593      |
|    total_timesteps      | 1789952   |
| train/                  |           |
|    approx_kl            | 0.4087334 |
|    clip_fraction        | 0.656     |
|    clip_range           | 0.2       |
|    entropy_loss         | 1.37      |
|    explained_variance   | 0.966     |
|    learning_rate        | 0.0003    |
|    loss                 | 0.0663    |
|    n_updates            | 4360      |
|    policy_gradient_loss | -0.0398   |
|    std                  | 0.172     |
|    value_loss           | 0.614     |
---------------------------------------
---------------------------------------
| rollout/                |           |
|    ep_len_mean          | 6.11      |
|    ep_rew_mean          | 4.08      |
| time/                   |           |
|    fps                  | 186       |
|    iterations           | 438       |
|    time_elapsed         | 9609      |
|    total_timesteps      | 1794048   |
| train/                  |           |
|    approx_kl            | 0.3249878 |
|    clip_fraction        | 0.651     |
|    clip_range           | 0.2       |
|    entropy_loss         | 1.38      |
|    explained_variance   | 0.962     |
|    learning_rate        | 0.0003    |
|    loss                 | 0.0346    |
|    n_updates            | 4370      |
|    policy_gradient_loss | -0.0388   |
|    std                  | 0.171     |
|    value_loss           | 0.72      |
---------------------------------------
----------------------------------------
| rollout/                |            |
|    ep_len_mean          | 6.2        |
|    ep_rew_mean          | 4.29       |
| time/                   |            |
|    fps                  | 186        |
|    iterations           | 439        |
|    time_elapsed         | 9625       |
|    total_timesteps      | 1798144    |
| train/                  |            |
|    approx_kl            | 0.43694928 |
|    clip_fraction        | 0.678      |
|    clip_range           | 0.2        |
|    entropy_loss         | 1.4        |
|    explained_variance   | 0.964      |
|    learning_rate        | 0.0003     |
|    loss                 | 0.102      |
|    n_updates            | 4380       |
|    policy_gradient_loss | -0.0201    |
|    std                  | 0.17       |
|    value_loss           | 0.626      |
----------------------------------------
Eval num_timesteps=1800000, episode_reward=3.90 +/- 1.27
Episode length: 6.80 +/- 2.23
----------------------------------------
| eval/                   |            |
|    mean_ep_length       | 6.8        |
|    mean_reward          | 3.9        |
| time/                   |            |
|    total_timesteps      | 1800000    |
| train/                  |            |
|    approx_kl            | 0.27493015 |
|    clip_fraction        | 0.621      |
|    clip_range           | 0.2        |
|    entropy_loss         | 1.42       |
|    explained_variance   | 0.956      |
|    learning_rate        | 0.0003     |
|    loss                 | 0.159      |
|    n_updates            | 4390       |
|    policy_gradient_loss | -0.035     |
|    std                  | 0.169      |
|    value_loss           | 0.896      |
----------------------------------------
---------------------------------
| rollout/           |          |
|    ep_len_mean     | 6.53     |
|    ep_rew_mean     | 4.42     |
| time/              |          |
|    fps             | 186      |
|    iterations      | 440      |
|    time_elapsed    | 9643     |
|    total_timesteps | 1802240  |
---------------------------------
----------------------------------------
| rollout/                |            |
|    ep_len_mean          | 6.88       |
|    ep_rew_mean          | 4.55       |
| time/                   |            |
|    fps                  | 186        |
|    iterations           | 441        |
|    time_elapsed         | 9662       |
|    total_timesteps      | 1806336    |
| train/                  |            |
|    approx_kl            | 0.34349504 |
|    clip_fraction        | 0.62       |
|    clip_range           | 0.2        |
|    entropy_loss         | 1.43       |
|    explained_variance   | 0.962      |
|    learning_rate        | 0.0003     |
|    loss                 | 0.051      |
|    n_updates            | 4400       |
|    policy_gradient_loss | -0.0436    |
|    std                  | 0.169      |
|    value_loss           | 0.792      |
----------------------------------------
----------------------------------------
| rollout/                |            |
|    ep_len_mean          | 6.65       |
|    ep_rew_mean          | 4.45       |
| time/                   |            |
|    fps                  | 187        |
|    iterations           | 442        |
|    time_elapsed         | 9677       |
|    total_timesteps      | 1810432    |
| train/                  |            |
|    approx_kl            | 0.47721067 |
|    clip_fraction        | 0.66       |
|    clip_range           | 0.2        |
|    entropy_loss         | 1.44       |
|    explained_variance   | 0.955      |
|    learning_rate        | 0.0003     |
|    loss                 | 0.167      |
|    n_updates            | 4410       |
|    policy_gradient_loss | -0.0251    |
|    std                  | 0.168      |
|    value_loss           | 0.693      |
----------------------------------------
----------------------------------------
| rollout/                |            |
|    ep_len_mean          | 6.63       |
|    ep_rew_mean          | 4.59       |
| time/                   |            |
|    fps                  | 187        |
|    iterations           | 443        |
|    time_elapsed         | 9693       |
|    total_timesteps      | 1814528    |
| train/                  |            |
|    approx_kl            | 0.42741233 |
|    clip_fraction        | 0.644      |
|    clip_range           | 0.2        |
|    entropy_loss         | 1.46       |
|    explained_variance   | 0.963      |
|    learning_rate        | 0.0003     |
|    loss                 | 0.189      |
|    n_updates            | 4420       |
|    policy_gradient_loss | -0.0356    |
|    std                  | 0.167      |
|    value_loss           | 0.721      |
----------------------------------------
---------------------------------------
| rollout/                |           |
|    ep_len_mean          | 6.7       |
|    ep_rew_mean          | 4.28      |
| time/                   |           |
|    fps                  | 187       |
|    iterations           | 444       |
|    time_elapsed         | 9708      |
|    total_timesteps      | 1818624   |
| train/                  |           |
|    approx_kl            | 0.6124828 |
|    clip_fraction        | 0.687     |
|    clip_range           | 0.2       |
|    entropy_loss         | 1.47      |
|    explained_variance   | 0.962     |
|    learning_rate        | 0.0003    |
|    loss                 | 0.125     |
|    n_updates            | 4430      |
|    policy_gradient_loss | -0.00905  |
|    std                  | 0.167     |
|    value_loss           | 0.639     |
---------------------------------------
Eval num_timesteps=1820000, episode_reward=3.51 +/- 2.15
Episode length: 6.00 +/- 1.26
----------------------------------------
| eval/                   |            |
|    mean_ep_length       | 6          |
|    mean_reward          | 3.51       |
| time/                   |            |
|    total_timesteps      | 1820000    |
| train/                  |            |
|    approx_kl            | 0.46942472 |
|    clip_fraction        | 0.666      |
|    clip_range           | 0.2        |
|    entropy_loss         | 1.49       |
|    explained_variance   | 0.962      |
|    learning_rate        | 0.0003     |
|    loss                 | 0.11       |
|    n_updates            | 4440       |
|    policy_gradient_loss | -0.0201    |
|    std                  | 0.166      |
|    value_loss           | 0.688      |
----------------------------------------
---------------------------------
| rollout/           |          |
|    ep_len_mean     | 6.43     |
|    ep_rew_mean     | 4.22     |
| time/              |          |
|    fps             | 187      |
|    iterations      | 445      |
|    time_elapsed    | 9725     |
|    total_timesteps | 1822720  |
---------------------------------
----------------------------------------
| rollout/                |            |
|    ep_len_mean          | 6.57       |
|    ep_rew_mean          | 4.24       |
| time/                   |            |
|    fps                  | 187        |
|    iterations           | 446        |
|    time_elapsed         | 9740       |
|    total_timesteps      | 1826816    |
| train/                  |            |
|    approx_kl            | 0.49443513 |
|    clip_fraction        | 0.66       |
|    clip_range           | 0.2        |
|    entropy_loss         | 1.5        |
|    explained_variance   | 0.962      |
|    learning_rate        | 0.0003     |
|    loss                 | 0.0861     |
|    n_updates            | 4450       |
|    policy_gradient_loss | -0.0356    |
|    std                  | 0.166      |
|    value_loss           | 0.598      |
----------------------------------------
----------------------------------------
| rollout/                |            |
|    ep_len_mean          | 6.74       |
|    ep_rew_mean          | 4.34       |
| time/                   |            |
|    fps                  | 187        |
|    iterations           | 447        |
|    time_elapsed         | 9756       |
|    total_timesteps      | 1830912    |
| train/                  |            |
|    approx_kl            | 0.27816105 |
|    clip_fraction        | 0.608      |
|    clip_range           | 0.2        |
|    entropy_loss         | 1.52       |
|    explained_variance   | 0.957      |
|    learning_rate        | 0.0003     |
|    loss                 | 0.273      |
|    n_updates            | 4460       |
|    policy_gradient_loss | -0.0455    |
|    std                  | 0.165      |
|    value_loss           | 0.884      |
----------------------------------------
----------------------------------------
| rollout/                |            |
|    ep_len_mean          | 6.42       |
|    ep_rew_mean          | 3.97       |
| time/                   |            |
|    fps                  | 187        |
|    iterations           | 448        |
|    time_elapsed         | 9771       |
|    total_timesteps      | 1835008    |
| train/                  |            |
|    approx_kl            | 0.77239174 |
|    clip_fraction        | 0.635      |
|    clip_range           | 0.2        |
|    entropy_loss         | 1.53       |
|    explained_variance   | 0.959      |
|    learning_rate        | 0.0003     |
|    loss                 | 0.14       |
|    n_updates            | 4470       |
|    policy_gradient_loss | -0.0296    |
|    std                  | 0.165      |
|    value_loss           | 0.789      |
----------------------------------------
----------------------------------------
| rollout/                |            |
|    ep_len_mean          | 6.5        |
|    ep_rew_mean          | 4.08       |
| time/                   |            |
|    fps                  | 187        |
|    iterations           | 449        |
|    time_elapsed         | 9787       |
|    total_timesteps      | 1839104    |
| train/                  |            |
|    approx_kl            | 0.35608146 |
|    clip_fraction        | 0.627      |
|    clip_range           | 0.2        |
|    entropy_loss         | 1.55       |
|    explained_variance   | 0.958      |
|    learning_rate        | 0.0003     |
|    loss                 | 0.145      |
|    n_updates            | 4480       |
|    policy_gradient_loss | -0.0347    |
|    std                  | 0.164      |
|    value_loss           | 0.822      |
----------------------------------------
Eval num_timesteps=1840000, episode_reward=4.71 +/- 1.52
Episode length: 7.00 +/- 1.41
---------------------------------------
| eval/                   |           |
|    mean_ep_length       | 7         |
|    mean_reward          | 4.71      |
| time/                   |           |
|    total_timesteps      | 1840000   |
| train/                  |           |
|    approx_kl            | 0.5556963 |
|    clip_fraction        | 0.636     |
|    clip_range           | 0.2       |
|    entropy_loss         | 1.57      |
|    explained_variance   | 0.958     |
|    learning_rate        | 0.0003    |
|    loss                 | 0.129     |
|    n_updates            | 4490      |
|    policy_gradient_loss | -0.0348   |
|    std                  | 0.162     |
|    value_loss           | 0.774     |
---------------------------------------
---------------------------------
| rollout/           |          |
|    ep_len_mean     | 6.46     |
|    ep_rew_mean     | 4.5      |
| time/              |          |
|    fps             | 188      |
|    iterations      | 450      |
|    time_elapsed    | 9802     |
|    total_timesteps | 1843200  |
---------------------------------
----------------------------------------
| rollout/                |            |
|    ep_len_mean          | 6.86       |
|    ep_rew_mean          | 4.5        |
| time/                   |            |
|    fps                  | 188        |
|    iterations           | 451        |
|    time_elapsed         | 9818       |
|    total_timesteps      | 1847296    |
| train/                  |            |
|    approx_kl            | 0.43104893 |
|    clip_fraction        | 0.65       |
|    clip_range           | 0.2        |
|    entropy_loss         | 1.61       |
|    explained_variance   | 0.957      |
|    learning_rate        | 0.0003     |
|    loss                 | 0.122      |
|    n_updates            | 4500       |
|    policy_gradient_loss | -0.0301    |
|    std                  | 0.162      |
|    value_loss           | 0.846      |
----------------------------------------
----------------------------------------
| rollout/                |            |
|    ep_len_mean          | 6.92       |
|    ep_rew_mean          | 4.47       |
| time/                   |            |
|    fps                  | 188        |
|    iterations           | 452        |
|    time_elapsed         | 9833       |
|    total_timesteps      | 1851392    |
| train/                  |            |
|    approx_kl            | 0.35016465 |
|    clip_fraction        | 0.671      |
|    clip_range           | 0.2        |
|    entropy_loss         | 1.62       |
|    explained_variance   | 0.953      |
|    learning_rate        | 0.0003     |
|    loss                 | 0.107      |
|    n_updates            | 4510       |
|    policy_gradient_loss | -0.0239    |
|    std                  | 0.161      |
|    value_loss           | 0.77       |
----------------------------------------
---------------------------------------
| rollout/                |           |
|    ep_len_mean          | 6.66      |
|    ep_rew_mean          | 4.47      |
| time/                   |           |
|    fps                  | 188       |
|    iterations           | 453       |
|    time_elapsed         | 9852      |
|    total_timesteps      | 1855488   |
| train/                  |           |
|    approx_kl            | 0.4190196 |
|    clip_fraction        | 0.617     |
|    clip_range           | 0.2       |
|    entropy_loss         | 1.64      |
|    explained_variance   | 0.965     |
|    learning_rate        | 0.0003    |
|    loss                 | 0.1       |
|    n_updates            | 4520      |
|    policy_gradient_loss | -0.044    |
|    std                  | 0.16      |
|    value_loss           | 0.693     |
---------------------------------------
---------------------------------------
| rollout/                |           |
|    ep_len_mean          | 6.2       |
|    ep_rew_mean          | 4.26      |
| time/                   |           |
|    fps                  | 188       |
|    iterations           | 454       |
|    time_elapsed         | 9867      |
|    total_timesteps      | 1859584   |
| train/                  |           |
|    approx_kl            | 0.5042633 |
|    clip_fraction        | 0.69      |
|    clip_range           | 0.2       |
|    entropy_loss         | 1.66      |
|    explained_variance   | 0.96      |
|    learning_rate        | 0.0003    |
|    loss                 | 0.00339   |
|    n_updates            | 4530      |
|    policy_gradient_loss | -0.0227   |
|    std                  | 0.16      |
|    value_loss           | 0.654     |
---------------------------------------
Eval num_timesteps=1860000, episode_reward=3.67 +/- 1.64
Episode length: 5.20 +/- 0.75
----------------------------------------
| eval/                   |            |
|    mean_ep_length       | 5.2        |
|    mean_reward          | 3.67       |
| time/                   |            |
|    total_timesteps      | 1860000    |
| train/                  |            |
|    approx_kl            | 0.41720766 |
|    clip_fraction        | 0.647      |
|    clip_range           | 0.2        |
|    entropy_loss         | 1.66       |
|    explained_variance   | 0.959      |
|    learning_rate        | 0.0003     |
|    loss                 | 0.0805     |
|    n_updates            | 4540       |
|    policy_gradient_loss | -0.0264    |
|    std                  | 0.16       |
|    value_loss           | 0.796      |
----------------------------------------
---------------------------------
| rollout/           |          |
|    ep_len_mean     | 6.83     |
|    ep_rew_mean     | 4.7      |
| time/              |          |
|    fps             | 188      |
|    iterations      | 455      |
|    time_elapsed    | 9886     |
|    total_timesteps | 1863680  |
---------------------------------
----------------------------------------
| rollout/                |            |
|    ep_len_mean          | 6.43       |
|    ep_rew_mean          | 4.02       |
| time/                   |            |
|    fps                  | 188        |
|    iterations           | 456        |
|    time_elapsed         | 9905       |
|    total_timesteps      | 1867776    |
| train/                  |            |
|    approx_kl            | 0.40992475 |
|    clip_fraction        | 0.65       |
|    clip_range           | 0.2        |
|    entropy_loss         | 1.67       |
|    explained_variance   | 0.958      |
|    learning_rate        | 0.0003     |
|    loss                 | 0.277      |
|    n_updates            | 4550       |
|    policy_gradient_loss | -0.0247    |
|    std                  | 0.159      |
|    value_loss           | 0.811      |
----------------------------------------
----------------------------------------
| rollout/                |            |
|    ep_len_mean          | 6.71       |
|    ep_rew_mean          | 4.41       |
| time/                   |            |
|    fps                  | 188        |
|    iterations           | 457        |
|    time_elapsed         | 9920       |
|    total_timesteps      | 1871872    |
| train/                  |            |
|    approx_kl            | 0.49665394 |
|    clip_fraction        | 0.663      |
|    clip_range           | 0.2        |
|    entropy_loss         | 1.69       |
|    explained_variance   | 0.963      |
|    learning_rate        | 0.0003     |
|    loss                 | 0.0128     |
|    n_updates            | 4560       |
|    policy_gradient_loss | -0.0275    |
|    std                  | 0.158      |
|    value_loss           | 0.644      |
----------------------------------------
----------------------------------------
| rollout/                |            |
|    ep_len_mean          | 6.8        |
|    ep_rew_mean          | 4.7        |
| time/                   |            |
|    fps                  | 188        |
|    iterations           | 458        |
|    time_elapsed         | 9936       |
|    total_timesteps      | 1875968    |
| train/                  |            |
|    approx_kl            | 0.76348096 |
|    clip_fraction        | 0.71       |
|    clip_range           | 0.2        |
|    entropy_loss         | 1.71       |
|    explained_variance   | 0.967      |
|    learning_rate        | 0.0003     |
|    loss                 | 0.0387     |
|    n_updates            | 4570       |
|    policy_gradient_loss | -0.0122    |
|    std                  | 0.157      |
|    value_loss           | 0.602      |
----------------------------------------
Eval num_timesteps=1880000, episode_reward=5.13 +/- 3.49
Episode length: 6.00 +/- 2.10
---------------------------------------
| eval/                   |           |
|    mean_ep_length       | 6         |
|    mean_reward          | 5.13      |
| time/                   |           |
|    total_timesteps      | 1880000   |
| train/                  |           |
|    approx_kl            | 0.3849396 |
|    clip_fraction        | 0.663     |
|    clip_range           | 0.2       |
|    entropy_loss         | 1.72      |
|    explained_variance   | 0.964     |
|    learning_rate        | 0.0003    |
|    loss                 | 0.282     |
|    n_updates            | 4580      |
|    policy_gradient_loss | -0.0196   |
|    std                  | 0.157     |
|    value_loss           | 0.779     |
---------------------------------------
---------------------------------
| rollout/           |          |
|    ep_len_mean     | 6.58     |
|    ep_rew_mean     | 4.02     |
| time/              |          |
|    fps             | 188      |
|    iterations      | 459      |
|    time_elapsed    | 9952     |
|    total_timesteps | 1880064  |
---------------------------------
----------------------------------------
| rollout/                |            |
|    ep_len_mean          | 6.37       |
|    ep_rew_mean          | 4.2        |
| time/                   |            |
|    fps                  | 189        |
|    iterations           | 460        |
|    time_elapsed         | 9968       |
|    total_timesteps      | 1884160    |
| train/                  |            |
|    approx_kl            | 0.42804325 |
|    clip_fraction        | 0.657      |
|    clip_range           | 0.2        |
|    entropy_loss         | 1.73       |
|    explained_variance   | 0.954      |
|    learning_rate        | 0.0003     |
|    loss                 | 0.136      |
|    n_updates            | 4590       |
|    policy_gradient_loss | -0.0308    |
|    std                  | 0.157      |
|    value_loss           | 0.919      |
----------------------------------------
---------------------------------------
| rollout/                |           |
|    ep_len_mean          | 6.54      |
|    ep_rew_mean          | 4.5       |
| time/                   |           |
|    fps                  | 189       |
|    iterations           | 461       |
|    time_elapsed         | 9984      |
|    total_timesteps      | 1888256   |
| train/                  |           |
|    approx_kl            | 0.6407866 |
|    clip_fraction        | 0.647     |
|    clip_range           | 0.2       |
|    entropy_loss         | 1.75      |
|    explained_variance   | 0.96      |
|    learning_rate        | 0.0003    |
|    loss                 | 0.15      |
|    n_updates            | 4600      |
|    policy_gradient_loss | -0.0271   |
|    std                  | 0.156     |
|    value_loss           | 0.734     |
---------------------------------------
----------------------------------------
| rollout/                |            |
|    ep_len_mean          | 6.87       |
|    ep_rew_mean          | 4.37       |
| time/                   |            |
|    fps                  | 189        |
|    iterations           | 462        |
|    time_elapsed         | 9999       |
|    total_timesteps      | 1892352    |
| train/                  |            |
|    approx_kl            | 0.49423033 |
|    clip_fraction        | 0.625      |
|    clip_range           | 0.2        |
|    entropy_loss         | 1.77       |
|    explained_variance   | 0.964      |
|    learning_rate        | 0.0003     |
|    loss                 | 0.102      |
|    n_updates            | 4610       |
|    policy_gradient_loss | -0.0368    |
|    std                  | 0.155      |
|    value_loss           | 0.747      |
----------------------------------------
----------------------------------------
| rollout/                |            |
|    ep_len_mean          | 6.7        |
|    ep_rew_mean          | 4.51       |
| time/                   |            |
|    fps                  | 189        |
|    iterations           | 463        |
|    time_elapsed         | 10015      |
|    total_timesteps      | 1896448    |
| train/                  |            |
|    approx_kl            | 0.43671787 |
|    clip_fraction        | 0.67       |
|    clip_range           | 0.2        |
|    entropy_loss         | 1.79       |
|    explained_variance   | 0.958      |
|    learning_rate        | 0.0003     |
|    loss                 | 0.0771     |
|    n_updates            | 4620       |
|    policy_gradient_loss | -0.0305    |
|    std                  | 0.155      |
|    value_loss           | 0.737      |
----------------------------------------
Eval num_timesteps=1900000, episode_reward=3.87 +/- 2.23
Episode length: 5.40 +/- 0.80
----------------------------------------
| eval/                   |            |
|    mean_ep_length       | 5.4        |
|    mean_reward          | 3.87       |
| time/                   |            |
|    total_timesteps      | 1900000    |
| train/                  |            |
|    approx_kl            | 0.48692164 |
|    clip_fraction        | 0.668      |
|    clip_range           | 0.2        |
|    entropy_loss         | 1.81       |
|    explained_variance   | 0.969      |
|    learning_rate        | 0.0003     |
|    loss                 | 0.046      |
|    n_updates            | 4630       |
|    policy_gradient_loss | -0.0341    |
|    std                  | 0.153      |
|    value_loss           | 0.562      |
----------------------------------------
---------------------------------
| rollout/           |          |
|    ep_len_mean     | 6.36     |
|    ep_rew_mean     | 4.09     |
| time/              |          |
|    fps             | 189      |
|    iterations      | 464      |
|    time_elapsed    | 10030    |
|    total_timesteps | 1900544  |
---------------------------------
---------------------------------------
| rollout/                |           |
|    ep_len_mean          | 6.68      |
|    ep_rew_mean          | 4.52      |
| time/                   |           |
|    fps                  | 189       |
|    iterations           | 465       |
|    time_elapsed         | 10045     |
|    total_timesteps      | 1904640   |
| train/                  |           |
|    approx_kl            | 0.3130187 |
|    clip_fraction        | 0.645     |
|    clip_range           | 0.2       |
|    entropy_loss         | 1.84      |
|    explained_variance   | 0.955     |
|    learning_rate        | 0.0003    |
|    loss                 | 0.0495    |
|    n_updates            | 4640      |
|    policy_gradient_loss | -0.0319   |
|    std                  | 0.152     |
|    value_loss           | 0.686     |
---------------------------------------
---------------------------------------
| rollout/                |           |
|    ep_len_mean          | 6.94      |
|    ep_rew_mean          | 4.6       |
| time/                   |           |
|    fps                  | 189       |
|    iterations           | 466       |
|    time_elapsed         | 10061     |
|    total_timesteps      | 1908736   |
| train/                  |           |
|    approx_kl            | 0.4218733 |
|    clip_fraction        | 0.67      |
|    clip_range           | 0.2       |
|    entropy_loss         | 1.85      |
|    explained_variance   | 0.967     |
|    learning_rate        | 0.0003    |
|    loss                 | 0.152     |
|    n_updates            | 4650      |
|    policy_gradient_loss | -0.0247   |
|    std                  | 0.153     |
|    value_loss           | 0.678     |
---------------------------------------
---------------------------------------
| rollout/                |           |
|    ep_len_mean          | 6.78      |
|    ep_rew_mean          | 4.25      |
| time/                   |           |
|    fps                  | 189       |
|    iterations           | 467       |
|    time_elapsed         | 10076     |
|    total_timesteps      | 1912832   |
| train/                  |           |
|    approx_kl            | 0.4144436 |
|    clip_fraction        | 0.669     |
|    clip_range           | 0.2       |
|    entropy_loss         | 1.85      |
|    explained_variance   | 0.963     |
|    learning_rate        | 0.0003    |
|    loss                 | 0.059     |
|    n_updates            | 4660      |
|    policy_gradient_loss | -0.0303   |
|    std                  | 0.152     |
|    value_loss           | 0.692     |
---------------------------------------
----------------------------------------
| rollout/                |            |
|    ep_len_mean          | 6.95       |
|    ep_rew_mean          | 4.69       |
| time/                   |            |
|    fps                  | 189        |
|    iterations           | 468        |
|    time_elapsed         | 10092      |
|    total_timesteps      | 1916928    |
| train/                  |            |
|    approx_kl            | 0.41540134 |
|    clip_fraction        | 0.665      |
|    clip_range           | 0.2        |
|    entropy_loss         | 1.87       |
|    explained_variance   | 0.97       |
|    learning_rate        | 0.0003     |
|    loss                 | 0.146      |
|    n_updates            | 4670       |
|    policy_gradient_loss | -0.0273    |
|    std                  | 0.151      |
|    value_loss           | 0.641      |
----------------------------------------
Eval num_timesteps=1920000, episode_reward=6.58 +/- 2.62
Episode length: 8.00 +/- 2.10
----------------------------------------
| eval/                   |            |
|    mean_ep_length       | 8          |
|    mean_reward          | 6.58       |
| time/                   |            |
|    total_timesteps      | 1920000    |
| train/                  |            |
|    approx_kl            | 0.51894635 |
|    clip_fraction        | 0.649      |
|    clip_range           | 0.2        |
|    entropy_loss         | 1.89       |
|    explained_variance   | 0.972      |
|    learning_rate        | 0.0003     |
|    loss                 | 0.0607     |
|    n_updates            | 4680       |
|    policy_gradient_loss | -0.0364    |
|    std                  | 0.15       |
|    value_loss           | 0.557      |
----------------------------------------
---------------------------------
| rollout/           |          |
|    ep_len_mean     | 6.97     |
|    ep_rew_mean     | 4.58     |
| time/              |          |
|    fps             | 190      |
|    iterations      | 469      |
|    time_elapsed    | 10108    |
|    total_timesteps | 1921024  |
---------------------------------
----------------------------------------
| rollout/                |            |
|    ep_len_mean          | 6.6        |
|    ep_rew_mean          | 4.29       |
| time/                   |            |
|    fps                  | 190        |
|    iterations           | 470        |
|    time_elapsed         | 10123      |
|    total_timesteps      | 1925120    |
| train/                  |            |
|    approx_kl            | 0.58302194 |
|    clip_fraction        | 0.675      |
|    clip_range           | 0.2        |
|    entropy_loss         | 1.93       |
|    explained_variance   | 0.966      |
|    learning_rate        | 0.0003     |
|    loss                 | 0.0251     |
|    n_updates            | 4690       |
|    policy_gradient_loss | -0.0261    |
|    std                  | 0.149      |
|    value_loss           | 0.624      |
----------------------------------------
----------------------------------------
| rollout/                |            |
|    ep_len_mean          | 6.73       |
|    ep_rew_mean          | 4.55       |
| time/                   |            |
|    fps                  | 190        |
|    iterations           | 471        |
|    time_elapsed         | 10138      |
|    total_timesteps      | 1929216    |
| train/                  |            |
|    approx_kl            | 0.34701902 |
|    clip_fraction        | 0.613      |
|    clip_range           | 0.2        |
|    entropy_loss         | 1.94       |
|    explained_variance   | 0.962      |
|    learning_rate        | 0.0003     |
|    loss                 | 0.0394     |
|    n_updates            | 4700       |
|    policy_gradient_loss | -0.0384    |
|    std                  | 0.149      |
|    value_loss           | 0.709      |
----------------------------------------
----------------------------------------
| rollout/                |            |
|    ep_len_mean          | 6.66       |
|    ep_rew_mean          | 3.48       |
| time/                   |            |
|    fps                  | 190        |
|    iterations           | 472        |
|    time_elapsed         | 10156      |
|    total_timesteps      | 1933312    |
| train/                  |            |
|    approx_kl            | 0.49246553 |
|    clip_fraction        | 0.665      |
|    clip_range           | 0.2        |
|    entropy_loss         | 1.97       |
|    explained_variance   | 0.966      |
|    learning_rate        | 0.0003     |
|    loss                 | 0.0554     |
|    n_updates            | 4710       |
|    policy_gradient_loss | -0.027     |
|    std                  | 0.147      |
|    value_loss           | 0.563      |
----------------------------------------
---------------------------------------
| rollout/                |           |
|    ep_len_mean          | 6.77      |
|    ep_rew_mean          | 4.43      |
| time/                   |           |
|    fps                  | 190       |
|    iterations           | 473       |
|    time_elapsed         | 10172     |
|    total_timesteps      | 1937408   |
| train/                  |           |
|    approx_kl            | 0.5630194 |
|    clip_fraction        | 0.674     |
|    clip_range           | 0.2       |
|    entropy_loss         | 1.99      |
|    explained_variance   | 0.96      |
|    learning_rate        | 0.0003    |
|    loss                 | 0.0901    |
|    n_updates            | 4720      |
|    policy_gradient_loss | -0.0237   |
|    std                  | 0.147     |
|    value_loss           | 0.716     |
---------------------------------------
Eval num_timesteps=1940000, episode_reward=6.15 +/- 2.40
Episode length: 6.80 +/- 1.83
----------------------------------------
| eval/                   |            |
|    mean_ep_length       | 6.8        |
|    mean_reward          | 6.15       |
| time/                   |            |
|    total_timesteps      | 1940000    |
| train/                  |            |
|    approx_kl            | 0.54424506 |
|    clip_fraction        | 0.673      |
|    clip_range           | 0.2        |
|    entropy_loss         | 1.98       |
|    explained_variance   | 0.972      |
|    learning_rate        | 0.0003     |
|    loss                 | 0.0397     |
|    n_updates            | 4730       |
|    policy_gradient_loss | -0.0266    |
|    std                  | 0.147      |
|    value_loss           | 0.522      |
----------------------------------------
---------------------------------
| rollout/           |          |
|    ep_len_mean     | 6.59     |
|    ep_rew_mean     | 4.04     |
| time/              |          |
|    fps             | 190      |
|    iterations      | 474      |
|    time_elapsed    | 10190    |
|    total_timesteps | 1941504  |
---------------------------------
---------------------------------------
| rollout/                |           |
|    ep_len_mean          | 6.68      |
|    ep_rew_mean          | 4.49      |
| time/                   |           |
|    fps                  | 190       |
|    iterations           | 475       |
|    time_elapsed         | 10207     |
|    total_timesteps      | 1945600   |
| train/                  |           |
|    approx_kl            | 0.5431732 |
|    clip_fraction        | 0.705     |
|    clip_range           | 0.2       |
|    entropy_loss         | 2.01      |
|    explained_variance   | 0.973     |
|    learning_rate        | 0.0003    |
|    loss                 | 0.0356    |
|    n_updates            | 4740      |
|    policy_gradient_loss | -0.023    |
|    std                  | 0.146     |
|    value_loss           | 0.546     |
---------------------------------------
----------------------------------------
| rollout/                |            |
|    ep_len_mean          | 7.15       |
|    ep_rew_mean          | 4.75       |
| time/                   |            |
|    fps                  | 190        |
|    iterations           | 476        |
|    time_elapsed         | 10223      |
|    total_timesteps      | 1949696    |
| train/                  |            |
|    approx_kl            | 0.45146865 |
|    clip_fraction        | 0.668      |
|    clip_range           | 0.2        |
|    entropy_loss         | 2.05       |
|    explained_variance   | 0.969      |
|    learning_rate        | 0.0003     |
|    loss                 | 0.0918     |
|    n_updates            | 4750       |
|    policy_gradient_loss | -0.029     |
|    std                  | 0.144      |
|    value_loss           | 0.571      |
----------------------------------------
----------------------------------------
| rollout/                |            |
|    ep_len_mean          | 6.87       |
|    ep_rew_mean          | 4.52       |
| time/                   |            |
|    fps                  | 190        |
|    iterations           | 477        |
|    time_elapsed         | 10238      |
|    total_timesteps      | 1953792    |
| train/                  |            |
|    approx_kl            | 0.44425195 |
|    clip_fraction        | 0.661      |
|    clip_range           | 0.2        |
|    entropy_loss         | 2.08       |
|    explained_variance   | 0.967      |
|    learning_rate        | 0.0003     |
|    loss                 | 0.0714     |
|    n_updates            | 4760       |
|    policy_gradient_loss | -0.0324    |
|    std                  | 0.144      |
|    value_loss           | 0.623      |
----------------------------------------
---------------------------------------
| rollout/                |           |
|    ep_len_mean          | 6.95      |
|    ep_rew_mean          | 4.44      |
| time/                   |           |
|    fps                  | 190       |
|    iterations           | 478       |
|    time_elapsed         | 10256     |
|    total_timesteps      | 1957888   |
| train/                  |           |
|    approx_kl            | 0.6569397 |
|    clip_fraction        | 0.698     |
|    clip_range           | 0.2       |
|    entropy_loss         | 2.1       |
|    explained_variance   | 0.965     |
|    learning_rate        | 0.0003    |
|    loss                 | 0.0258    |
|    n_updates            | 4770      |
|    policy_gradient_loss | -0.02     |
|    std                  | 0.143     |
|    value_loss           | 0.661     |
---------------------------------------
Eval num_timesteps=1960000, episode_reward=6.22 +/- 3.14
Episode length: 7.80 +/- 2.56
----------------------------------------
| eval/                   |            |
|    mean_ep_length       | 7.8        |
|    mean_reward          | 6.22       |
| time/                   |            |
|    total_timesteps      | 1960000    |
| train/                  |            |
|    approx_kl            | 0.40522003 |
|    clip_fraction        | 0.683      |
|    clip_range           | 0.2        |
|    entropy_loss         | 2.12       |
|    explained_variance   | 0.976      |
|    learning_rate        | 0.0003     |
|    loss                 | 0.0497     |
|    n_updates            | 4780       |
|    policy_gradient_loss | -0.0231    |
|    std                  | 0.142      |
|    value_loss           | 0.5        |
----------------------------------------
---------------------------------
| rollout/           |          |
|    ep_len_mean     | 6.97     |
|    ep_rew_mean     | 4.7      |
| time/              |          |
|    fps             | 191      |
|    iterations      | 479      |
|    time_elapsed    | 10272    |
|    total_timesteps | 1961984  |
---------------------------------
----------------------------------------
| rollout/                |            |
|    ep_len_mean          | 6.72       |
|    ep_rew_mean          | 4.52       |
| time/                   |            |
|    fps                  | 191        |
|    iterations           | 480        |
|    time_elapsed         | 10287      |
|    total_timesteps      | 1966080    |
| train/                  |            |
|    approx_kl            | 0.48300385 |
|    clip_fraction        | 0.649      |
|    clip_range           | 0.2        |
|    entropy_loss         | 2.14       |
|    explained_variance   | 0.969      |
|    learning_rate        | 0.0003     |
|    loss                 | 0.0648     |
|    n_updates            | 4790       |
|    policy_gradient_loss | -0.0354    |
|    std                  | 0.141      |
|    value_loss           | 0.554      |
----------------------------------------
---------------------------------------
| rollout/                |           |
|    ep_len_mean          | 6.74      |
|    ep_rew_mean          | 4.24      |
| time/                   |           |
|    fps                  | 191       |
|    iterations           | 481       |
|    time_elapsed         | 10302     |
|    total_timesteps      | 1970176   |
| train/                  |           |
|    approx_kl            | 0.7378678 |
|    clip_fraction        | 0.684     |
|    clip_range           | 0.2       |
|    entropy_loss         | 2.16      |
|    explained_variance   | 0.966     |
|    learning_rate        | 0.0003    |
|    loss                 | 0.0778    |
|    n_updates            | 4800      |
|    policy_gradient_loss | -0.0194   |
|    std                  | 0.141     |
|    value_loss           | 0.588     |
---------------------------------------
---------------------------------------
| rollout/                |           |
|    ep_len_mean          | 6.86      |
|    ep_rew_mean          | 4.42      |
| time/                   |           |
|    fps                  | 191       |
|    iterations           | 482       |
|    time_elapsed         | 10317     |
|    total_timesteps      | 1974272   |
| train/                  |           |
|    approx_kl            | 0.3466879 |
|    clip_fraction        | 0.645     |
|    clip_range           | 0.2       |
|    entropy_loss         | 2.17      |
|    explained_variance   | 0.957     |
|    learning_rate        | 0.0003    |
|    loss                 | 0.0836    |
|    n_updates            | 4810      |
|    policy_gradient_loss | -0.029    |
|    std                  | 0.141     |
|    value_loss           | 0.68      |
---------------------------------------
----------------------------------------
| rollout/                |            |
|    ep_len_mean          | 6.8        |
|    ep_rew_mean          | 4.16       |
| time/                   |            |
|    fps                  | 191        |
|    iterations           | 483        |
|    time_elapsed         | 10332      |
|    total_timesteps      | 1978368    |
| train/                  |            |
|    approx_kl            | 0.47000182 |
|    clip_fraction        | 0.649      |
|    clip_range           | 0.2        |
|    entropy_loss         | 2.17       |
|    explained_variance   | 0.967      |
|    learning_rate        | 0.0003     |
|    loss                 | 0.0833     |
|    n_updates            | 4820       |
|    policy_gradient_loss | -0.032     |
|    std                  | 0.14       |
|    value_loss           | 0.576      |
----------------------------------------
Eval num_timesteps=1980000, episode_reward=2.96 +/- 2.39
Episode length: 6.40 +/- 2.24
----------------------------------------
| eval/                   |            |
|    mean_ep_length       | 6.4        |
|    mean_reward          | 2.96       |
| time/                   |            |
|    total_timesteps      | 1980000    |
| train/                  |            |
|    approx_kl            | 0.37861642 |
|    clip_fraction        | 0.649      |
|    clip_range           | 0.2        |
|    entropy_loss         | 2.19       |
|    explained_variance   | 0.966      |
|    learning_rate        | 0.0003     |
|    loss                 | 0.0869     |
|    n_updates            | 4830       |
|    policy_gradient_loss | -0.0326    |
|    std                  | 0.14       |
|    value_loss           | 0.657      |
----------------------------------------
---------------------------------
| rollout/           |          |
|    ep_len_mean     | 6.75     |
|    ep_rew_mean     | 4.2      |
| time/              |          |
|    fps             | 191      |
|    iterations      | 484      |
|    time_elapsed    | 10348    |
|    total_timesteps | 1982464  |
---------------------------------
---------------------------------------
| rollout/                |           |
|    ep_len_mean          | 6.76      |
|    ep_rew_mean          | 4.35      |
| time/                   |           |
|    fps                  | 191       |
|    iterations           | 485       |
|    time_elapsed         | 10363     |
|    total_timesteps      | 1986560   |
| train/                  |           |
|    approx_kl            | 0.7464819 |
|    clip_fraction        | 0.719     |
|    clip_range           | 0.2       |
|    entropy_loss         | 2.21      |
|    explained_variance   | 0.977     |
|    learning_rate        | 0.0003    |
|    loss                 | 0.0394    |
|    n_updates            | 4840      |
|    policy_gradient_loss | -0.0224   |
|    std                  | 0.139     |
|    value_loss           | 0.451     |
---------------------------------------
---------------------------------------
| rollout/                |           |
|    ep_len_mean          | 7.13      |
|    ep_rew_mean          | 4.57      |
| time/                   |           |
|    fps                  | 191       |
|    iterations           | 486       |
|    time_elapsed         | 10379     |
|    total_timesteps      | 1990656   |
| train/                  |           |
|    approx_kl            | 0.6239525 |
|    clip_fraction        | 0.717     |
|    clip_range           | 0.2       |
|    entropy_loss         | 2.23      |
|    explained_variance   | 0.966     |
|    learning_rate        | 0.0003    |
|    loss                 | 0.117     |
|    n_updates            | 4850      |
|    policy_gradient_loss | -0.0192   |
|    std                  | 0.138     |
|    value_loss           | 0.551     |
---------------------------------------
---------------------------------------
| rollout/                |           |
|    ep_len_mean          | 7.24      |
|    ep_rew_mean          | 5.02      |
| time/                   |           |
|    fps                  | 191       |
|    iterations           | 487       |
|    time_elapsed         | 10394     |
|    total_timesteps      | 1994752   |
| train/                  |           |
|    approx_kl            | 0.5517366 |
|    clip_fraction        | 0.674     |
|    clip_range           | 0.2       |
|    entropy_loss         | 2.25      |
|    explained_variance   | 0.965     |
|    learning_rate        | 0.0003    |
|    loss                 | -0.0276   |
|    n_updates            | 4860      |
|    policy_gradient_loss | -0.0279   |
|    std                  | 0.138     |
|    value_loss           | 0.576     |
---------------------------------------
----------------------------------------
| rollout/                |            |
|    ep_len_mean          | 7.12       |
|    ep_rew_mean          | 4.59       |
| time/                   |            |
|    fps                  | 192        |
|    iterations           | 488        |
|    time_elapsed         | 10409      |
|    total_timesteps      | 1998848    |
| train/                  |            |
|    approx_kl            | 0.45803404 |
|    clip_fraction        | 0.695      |
|    clip_range           | 0.2        |
|    entropy_loss         | 2.27       |
|    explained_variance   | 0.97       |
|    learning_rate        | 0.0003     |
|    loss                 | 0.0872     |
|    n_updates            | 4870       |
|    policy_gradient_loss | -0.022     |
|    std                  | 0.137      |
|    value_loss           | 0.496      |
----------------------------------------
Eval num_timesteps=2000000, episode_reward=4.49 +/- 3.72
Episode length: 6.80 +/- 2.48
----------------------------------------
| eval/                   |            |
|    mean_ep_length       | 6.8        |
|    mean_reward          | 4.49       |
| time/                   |            |
|    total_timesteps      | 2000000    |
| train/                  |            |
|    approx_kl            | 0.58901423 |
|    clip_fraction        | 0.679      |
|    clip_range           | 0.2        |
|    entropy_loss         | 2.29       |
|    explained_variance   | 0.972      |
|    learning_rate        | 0.0003     |
|    loss                 | 0.0235     |
|    n_updates            | 4880       |
|    policy_gradient_loss | -0.0294    |
|    std                  | 0.136      |
|    value_loss           | 0.527      |
----------------------------------------
---------------------------------
| rollout/           |          |
|    ep_len_mean     | 7        |
|    ep_rew_mean     | 4.87     |
| time/              |          |
|    fps             | 192      |
|    iterations      | 489      |
|    time_elapsed    | 10427    |
|    total_timesteps | 2002944  |
---------------------------------
---------------------------------------
| rollout/                |           |
|    ep_len_mean          | 6.59      |
|    ep_rew_mean          | 4.46      |
| time/                   |           |
|    fps                  | 192       |
|    iterations           | 490       |
|    time_elapsed         | 10442     |
|    total_timesteps      | 2007040   |
| train/                  |           |
|    approx_kl            | 0.5565097 |
|    clip_fraction        | 0.682     |
|    clip_range           | 0.2       |
|    entropy_loss         | 2.31      |
|    explained_variance   | 0.966     |
|    learning_rate        | 0.0003    |
|    loss                 | -0.0386   |
|    n_updates            | 4890      |
|    policy_gradient_loss | -0.0141   |
|    std                  | 0.136     |
|    value_loss           | 0.593     |
---------------------------------------
---------------------------------------
| rollout/                |           |
|    ep_len_mean          | 7.54      |
|    ep_rew_mean          | 4.97      |
| time/                   |           |
|    fps                  | 192       |
|    iterations           | 491       |
|    time_elapsed         | 10457     |
|    total_timesteps      | 2011136   |
| train/                  |           |
|    approx_kl            | 0.7187759 |
|    clip_fraction        | 0.707     |
|    clip_range           | 0.2       |
|    entropy_loss         | 2.32      |
|    explained_variance   | 0.971     |
|    learning_rate        | 0.0003    |
|    loss                 | 0.0219    |
|    n_updates            | 4900      |
|    policy_gradient_loss | -0.0118   |
|    std                  | 0.136     |
|    value_loss           | 0.51      |
---------------------------------------
---------------------------------------
| rollout/                |           |
|    ep_len_mean          | 6.73      |
|    ep_rew_mean          | 4.57      |
| time/                   |           |
|    fps                  | 192       |
|    iterations           | 492       |
|    time_elapsed         | 10475     |
|    total_timesteps      | 2015232   |
| train/                  |           |
|    approx_kl            | 1.1737411 |
|    clip_fraction        | 0.717     |
|    clip_range           | 0.2       |
|    entropy_loss         | 2.3       |
|    explained_variance   | 0.973     |
|    learning_rate        | 0.0003    |
|    loss                 | 0.00836   |
|    n_updates            | 4910      |
|    policy_gradient_loss | -0.0255   |
|    std                  | 0.136     |
|    value_loss           | 0.432     |
---------------------------------------
----------------------------------------
| rollout/                |            |
|    ep_len_mean          | 6.86       |
|    ep_rew_mean          | 4.19       |
| time/                   |            |
|    fps                  | 192        |
|    iterations           | 493        |
|    time_elapsed         | 10490      |
|    total_timesteps      | 2019328    |
| train/                  |            |
|    approx_kl            | 0.39317277 |
|    clip_fraction        | 0.652      |
|    clip_range           | 0.2        |
|    entropy_loss         | 2.3        |
|    explained_variance   | 0.969      |
|    learning_rate        | 0.0003     |
|    loss                 | 0.0297     |
|    n_updates            | 4920       |
|    policy_gradient_loss | -0.0363    |
|    std                  | 0.136      |
|    value_loss           | 0.544      |
----------------------------------------
Eval num_timesteps=2020000, episode_reward=6.51 +/- 4.22
Episode length: 7.40 +/- 2.87
--------------------------------------
| eval/                   |          |
|    mean_ep_length       | 7.4      |
|    mean_reward          | 6.51     |
| time/                   |          |
|    total_timesteps      | 2020000  |
| train/                  |          |
|    approx_kl            | 0.860131 |
|    clip_fraction        | 0.701    |
|    clip_range           | 0.2      |
|    entropy_loss         | 2.33     |
|    explained_variance   | 0.977    |
|    learning_rate        | 0.0003   |
|    loss                 | 0.0314   |
|    n_updates            | 4930     |
|    policy_gradient_loss | -0.024   |
|    std                  | 0.134    |
|    value_loss           | 0.412    |
--------------------------------------
---------------------------------
| rollout/           |          |
|    ep_len_mean     | 7.07     |
|    ep_rew_mean     | 4.73     |
| time/              |          |
|    fps             | 192      |
|    iterations      | 494      |
|    time_elapsed    | 10505    |
|    total_timesteps | 2023424  |
---------------------------------
---------------------------------------
| rollout/                |           |
|    ep_len_mean          | 6.54      |
|    ep_rew_mean          | 4.08      |
| time/                   |           |
|    fps                  | 192       |
|    iterations           | 495       |
|    time_elapsed         | 10520     |
|    total_timesteps      | 2027520   |
| train/                  |           |
|    approx_kl            | 0.4378832 |
|    clip_fraction        | 0.703     |
|    clip_range           | 0.2       |
|    entropy_loss         | 2.36      |
|    explained_variance   | 0.969     |
|    learning_rate        | 0.0003    |
|    loss                 | 0.0304    |
|    n_updates            | 4940      |
|    policy_gradient_loss | -0.00551  |
|    std                  | 0.134     |
|    value_loss           | 0.547     |
---------------------------------------
----------------------------------------
| rollout/                |            |
|    ep_len_mean          | 6.9        |
|    ep_rew_mean          | 4.57       |
| time/                   |            |
|    fps                  | 192        |
|    iterations           | 496        |
|    time_elapsed         | 10535      |
|    total_timesteps      | 2031616    |
| train/                  |            |
|    approx_kl            | 0.37997898 |
|    clip_fraction        | 0.661      |
|    clip_range           | 0.2        |
|    entropy_loss         | 2.38       |
|    explained_variance   | 0.964      |
|    learning_rate        | 0.0003     |
|    loss                 | 0.0364     |
|    n_updates            | 4950       |
|    policy_gradient_loss | -0.0316    |
|    std                  | 0.133      |
|    value_loss           | 0.549      |
----------------------------------------
---------------------------------------
| rollout/                |           |
|    ep_len_mean          | 7.17      |
|    ep_rew_mean          | 4.61      |
| time/                   |           |
|    fps                  | 192       |
|    iterations           | 497       |
|    time_elapsed         | 10550     |
|    total_timesteps      | 2035712   |
| train/                  |           |
|    approx_kl            | 0.4952292 |
|    clip_fraction        | 0.651     |
|    clip_range           | 0.2       |
|    entropy_loss         | 2.4       |
|    explained_variance   | 0.971     |
|    learning_rate        | 0.0003    |
|    loss                 | 0.0463    |
|    n_updates            | 4960      |
|    policy_gradient_loss | -0.0319   |
|    std                  | 0.133     |
|    value_loss           | 0.449     |
---------------------------------------
----------------------------------------
| rollout/                |            |
|    ep_len_mean          | 7.37       |
|    ep_rew_mean          | 4.84       |
| time/                   |            |
|    fps                  | 193        |
|    iterations           | 498        |
|    time_elapsed         | 10565      |
|    total_timesteps      | 2039808    |
| train/                  |            |
|    approx_kl            | 0.66148406 |
|    clip_fraction        | 0.703      |
|    clip_range           | 0.2        |
|    entropy_loss         | 2.4        |
|    explained_variance   | 0.971      |
|    learning_rate        | 0.0003     |
|    loss                 | 0.00683    |
|    n_updates            | 4970       |
|    policy_gradient_loss | -0.0199    |
|    std                  | 0.133      |
|    value_loss           | 0.476      |
----------------------------------------
Eval num_timesteps=2040000, episode_reward=5.35 +/- 3.20
Episode length: 7.60 +/- 2.33
----------------------------------------
| eval/                   |            |
|    mean_ep_length       | 7.6        |
|    mean_reward          | 5.35       |
| time/                   |            |
|    total_timesteps      | 2040000    |
| train/                  |            |
|    approx_kl            | 0.43824607 |
|    clip_fraction        | 0.655      |
|    clip_range           | 0.2        |
|    entropy_loss         | 2.4        |
|    explained_variance   | 0.966      |
|    learning_rate        | 0.0003     |
|    loss                 | 0.065      |
|    n_updates            | 4980       |
|    policy_gradient_loss | -0.0333    |
|    std                  | 0.132      |
|    value_loss           | 0.551      |
----------------------------------------
---------------------------------
| rollout/           |          |
|    ep_len_mean     | 7.02     |
|    ep_rew_mean     | 4.53     |
| time/              |          |
|    fps             | 193      |
|    iterations      | 499      |
|    time_elapsed    | 10580    |
|    total_timesteps | 2043904  |
---------------------------------
----------------------------------------
| rollout/                |            |
|    ep_len_mean          | 7.31       |
|    ep_rew_mean          | 4.74       |
| time/                   |            |
|    fps                  | 193        |
|    iterations           | 500        |
|    time_elapsed         | 10595      |
|    total_timesteps      | 2048000    |
| train/                  |            |
|    approx_kl            | 0.51354957 |
|    clip_fraction        | 0.672      |
|    clip_range           | 0.2        |
|    entropy_loss         | 2.42       |
|    explained_variance   | 0.972      |
|    learning_rate        | 0.0003     |
|    loss                 | 0.0604     |
|    n_updates            | 4990       |
|    policy_gradient_loss | -0.0322    |
|    std                  | 0.132      |
|    value_loss           | 0.397      |
----------------------------------------
---------------------------------------
| rollout/                |           |
|    ep_len_mean          | 6.91      |
|    ep_rew_mean          | 4.87      |
| time/                   |           |
|    fps                  | 193       |
|    iterations           | 501       |
|    time_elapsed         | 10612     |
|    total_timesteps      | 2052096   |
| train/                  |           |
|    approx_kl            | 0.5790142 |
|    clip_fraction        | 0.717     |
|    clip_range           | 0.2       |
|    entropy_loss         | 2.41      |
|    explained_variance   | 0.967     |
|    learning_rate        | 0.0003    |
|    loss                 | 0.0185    |
|    n_updates            | 5000      |
|    policy_gradient_loss | -0.0175   |
|    std                  | 0.133     |
|    value_loss           | 0.455     |
---------------------------------------
----------------------------------------
| rollout/                |            |
|    ep_len_mean          | 7.13       |
|    ep_rew_mean          | 4.7        |
| time/                   |            |
|    fps                  | 193        |
|    iterations           | 502        |
|    time_elapsed         | 10627      |
|    total_timesteps      | 2056192    |
| train/                  |            |
|    approx_kl            | 0.40876415 |
|    clip_fraction        | 0.644      |
|    clip_range           | 0.2        |
|    entropy_loss         | 2.4        |
|    explained_variance   | 0.972      |
|    learning_rate        | 0.0003     |
|    loss                 | 0.0557     |
|    n_updates            | 5010       |
|    policy_gradient_loss | -0.0316    |
|    std                  | 0.133      |
|    value_loss           | 0.412      |
----------------------------------------
Eval num_timesteps=2060000, episode_reward=5.44 +/- 3.07
Episode length: 8.00 +/- 2.28
---------------------------------------
| eval/                   |           |
|    mean_ep_length       | 8         |
|    mean_reward          | 5.44      |
| time/                   |           |
|    total_timesteps      | 2060000   |
| train/                  |           |
|    approx_kl            | 0.9010432 |
|    clip_fraction        | 0.677     |
|    clip_range           | 0.2       |
|    entropy_loss         | 2.4       |
|    explained_variance   | 0.968     |
|    learning_rate        | 0.0003    |
|    loss                 | 0.241     |
|    n_updates            | 5020      |
|    policy_gradient_loss | -0.0196   |
|    std                  | 0.133     |
|    value_loss           | 0.524     |
---------------------------------------
---------------------------------
| rollout/           |          |
|    ep_len_mean     | 6.79     |
|    ep_rew_mean     | 4.36     |
| time/              |          |
|    fps             | 193      |
|    iterations      | 503      |
|    time_elapsed    | 10642    |
|    total_timesteps | 2060288  |
---------------------------------
----------------------------------------
| rollout/                |            |
|    ep_len_mean          | 6.94       |
|    ep_rew_mean          | 4.44       |
| time/                   |            |
|    fps                  | 193        |
|    iterations           | 504        |
|    time_elapsed         | 10657      |
|    total_timesteps      | 2064384    |
| train/                  |            |
|    approx_kl            | 0.39786047 |
|    clip_fraction        | 0.656      |
|    clip_range           | 0.2        |
|    entropy_loss         | 2.41       |
|    explained_variance   | 0.96       |
|    learning_rate        | 0.0003     |
|    loss                 | 0.0441     |
|    n_updates            | 5030       |
|    policy_gradient_loss | -0.0347    |
|    std                  | 0.132      |
|    value_loss           | 0.599      |
----------------------------------------
---------------------------------------
| rollout/                |           |
|    ep_len_mean          | 6.97      |
|    ep_rew_mean          | 4.75      |
| time/                   |           |
|    fps                  | 193       |
|    iterations           | 505       |
|    time_elapsed         | 10672     |
|    total_timesteps      | 2068480   |
| train/                  |           |
|    approx_kl            | 0.6352308 |
|    clip_fraction        | 0.699     |
|    clip_range           | 0.2       |
|    entropy_loss         | 2.43      |
|    explained_variance   | 0.969     |
|    learning_rate        | 0.0003    |
|    loss                 | -0.0277   |
|    n_updates            | 5040      |
|    policy_gradient_loss | -0.0242   |
|    std                  | 0.132     |
|    value_loss           | 0.368     |
---------------------------------------
----------------------------------------
| rollout/                |            |
|    ep_len_mean          | 7.09       |
|    ep_rew_mean          | 4.69       |
| time/                   |            |
|    fps                  | 193        |
|    iterations           | 506        |
|    time_elapsed         | 10687      |
|    total_timesteps      | 2072576    |
| train/                  |            |
|    approx_kl            | 0.42416206 |
|    clip_fraction        | 0.683      |
|    clip_range           | 0.2        |
|    entropy_loss         | 2.45       |
|    explained_variance   | 0.972      |
|    learning_rate        | 0.0003     |
|    loss                 | 0.0872     |
|    n_updates            | 5050       |
|    policy_gradient_loss | -0.0353    |
|    std                  | 0.131      |
|    value_loss           | 0.408      |
----------------------------------------
----------------------------------------
| rollout/                |            |
|    ep_len_mean          | 7.25       |
|    ep_rew_mean          | 4.69       |
| time/                   |            |
|    fps                  | 194        |
|    iterations           | 507        |
|    time_elapsed         | 10702      |
|    total_timesteps      | 2076672    |
| train/                  |            |
|    approx_kl            | 0.38128164 |
|    clip_fraction        | 0.644      |
|    clip_range           | 0.2        |
|    entropy_loss         | 2.46       |
|    explained_variance   | 0.966      |
|    learning_rate        | 0.0003     |
|    loss                 | 0.0636     |
|    n_updates            | 5060       |
|    policy_gradient_loss | -0.0309    |
|    std                  | 0.131      |
|    value_loss           | 0.553      |
----------------------------------------
Eval num_timesteps=2080000, episode_reward=4.74 +/- 2.27
Episode length: 6.60 +/- 1.74
----------------------------------------
| eval/                   |            |
|    mean_ep_length       | 6.6        |
|    mean_reward          | 4.74       |
| time/                   |            |
|    total_timesteps      | 2080000    |
| train/                  |            |
|    approx_kl            | 0.85791147 |
|    clip_fraction        | 0.71       |
|    clip_range           | 0.2        |
|    entropy_loss         | 2.49       |
|    explained_variance   | 0.96       |
|    learning_rate        | 0.0003     |
|    loss                 | 0.105      |
|    n_updates            | 5070       |
|    policy_gradient_loss | -0.0182    |
|    std                  | 0.13       |
|    value_loss           | 0.554      |
----------------------------------------
---------------------------------
| rollout/           |          |
|    ep_len_mean     | 7.1      |
|    ep_rew_mean     | 4.57     |
| time/              |          |
|    fps             | 194      |
|    iterations      | 508      |
|    time_elapsed    | 10717    |
|    total_timesteps | 2080768  |
---------------------------------
----------------------------------------
| rollout/                |            |
|    ep_len_mean          | 7.04       |
|    ep_rew_mean          | 4.93       |
| time/                   |            |
|    fps                  | 194        |
|    iterations           | 509        |
|    time_elapsed         | 10731      |
|    total_timesteps      | 2084864    |
| train/                  |            |
|    approx_kl            | 0.37716436 |
|    clip_fraction        | 0.653      |
|    clip_range           | 0.2        |
|    entropy_loss         | 2.51       |
|    explained_variance   | 0.967      |
|    learning_rate        | 0.0003     |
|    loss                 | 0.0746     |
|    n_updates            | 5080       |
|    policy_gradient_loss | -0.0379    |
|    std                  | 0.129      |
|    value_loss           | 0.461      |
----------------------------------------
---------------------------------------
| rollout/                |           |
|    ep_len_mean          | 7         |
|    ep_rew_mean          | 4.75      |
| time/                   |           |
|    fps                  | 194       |
|    iterations           | 510       |
|    time_elapsed         | 10746     |
|    total_timesteps      | 2088960   |
| train/                  |           |
|    approx_kl            | 0.5031891 |
|    clip_fraction        | 0.709     |
|    clip_range           | 0.2       |
|    entropy_loss         | 2.52      |
|    explained_variance   | 0.971     |
|    learning_rate        | 0.0003    |
|    loss                 | 0.118     |
|    n_updates            | 5090      |
|    policy_gradient_loss | -0.00886  |
|    std                  | 0.129     |
|    value_loss           | 0.437     |
---------------------------------------
----------------------------------------
| rollout/                |            |
|    ep_len_mean          | 7.07       |
|    ep_rew_mean          | 4.53       |
| time/                   |            |
|    fps                  | 194        |
|    iterations           | 511        |
|    time_elapsed         | 10761      |
|    total_timesteps      | 2093056    |
| train/                  |            |
|    approx_kl            | 0.48829773 |
|    clip_fraction        | 0.668      |
|    clip_range           | 0.2        |
|    entropy_loss         | 2.53       |
|    explained_variance   | 0.965      |
|    learning_rate        | 0.0003     |
|    loss                 | 0.0716     |
|    n_updates            | 5100       |
|    policy_gradient_loss | -0.0256    |
|    std                  | 0.129      |
|    value_loss           | 0.527      |
----------------------------------------
---------------------------------------
| rollout/                |           |
|    ep_len_mean          | 7.15      |
|    ep_rew_mean          | 4.71      |
| time/                   |           |
|    fps                  | 194       |
|    iterations           | 512       |
|    time_elapsed         | 10775     |
|    total_timesteps      | 2097152   |
| train/                  |           |
|    approx_kl            | 0.5689658 |
|    clip_fraction        | 0.691     |
|    clip_range           | 0.2       |
|    entropy_loss         | 2.52      |
|    explained_variance   | 0.955     |
|    learning_rate        | 0.0003    |
|    loss                 | 0.0976    |
|    n_updates            | 5110      |
|    policy_gradient_loss | -0.0131   |
|    std                  | 0.129     |
|    value_loss           | 0.617     |
---------------------------------------
Eval num_timesteps=2100000, episode_reward=8.56 +/- 3.88
Episode length: 9.00 +/- 1.90
---------------------------------------
| eval/                   |           |
|    mean_ep_length       | 9         |
|    mean_reward          | 8.56      |
| time/                   |           |
|    total_timesteps      | 2100000   |
| train/                  |           |
|    approx_kl            | 0.5341612 |
|    clip_fraction        | 0.665     |
|    clip_range           | 0.2       |
|    entropy_loss         | 2.53      |
|    explained_variance   | 0.96      |
|    learning_rate        | 0.0003    |
|    loss                 | 0.0635    |
|    n_updates            | 5120      |
|    policy_gradient_loss | -0.0246   |
|    std                  | 0.128     |
|    value_loss           | 0.541     |
---------------------------------------
---------------------------------
| rollout/           |          |
|    ep_len_mean     | 6.98     |
|    ep_rew_mean     | 4.43     |
| time/              |          |
|    fps             | 194      |
|    iterations      | 513      |
|    time_elapsed    | 10790    |
|    total_timesteps | 2101248  |
---------------------------------
----------------------------------------
| rollout/                |            |
|    ep_len_mean          | 7.11       |
|    ep_rew_mean          | 4.43       |
| time/                   |            |
|    fps                  | 194        |
|    iterations           | 514        |
|    time_elapsed         | 10806      |
|    total_timesteps      | 2105344    |
| train/                  |            |
|    approx_kl            | 0.57348883 |
|    clip_fraction        | 0.69       |
|    clip_range           | 0.2        |
|    entropy_loss         | 2.56       |
|    explained_variance   | 0.971      |
|    learning_rate        | 0.0003     |
|    loss                 | -0.0095    |
|    n_updates            | 5130       |
|    policy_gradient_loss | -0.0331    |
|    std                  | 0.127      |
|    value_loss           | 0.423      |
----------------------------------------
---------------------------------------
| rollout/                |           |
|    ep_len_mean          | 7.68      |
|    ep_rew_mean          | 4.82      |
| time/                   |           |
|    fps                  | 194       |
|    iterations           | 515       |
|    time_elapsed         | 10820     |
|    total_timesteps      | 2109440   |
| train/                  |           |
|    approx_kl            | 0.5054599 |
|    clip_fraction        | 0.686     |
|    clip_range           | 0.2       |
|    entropy_loss         | 2.58      |
|    explained_variance   | 0.972     |
|    learning_rate        | 0.0003    |
|    loss                 | 0.0945    |
|    n_updates            | 5140      |
|    policy_gradient_loss | -0.0252   |
|    std                  | 0.127     |
|    value_loss           | 0.459     |
---------------------------------------
----------------------------------------
| rollout/                |            |
|    ep_len_mean          | 6.98       |
|    ep_rew_mean          | 4.36       |
| time/                   |            |
|    fps                  | 195        |
|    iterations           | 516        |
|    time_elapsed         | 10835      |
|    total_timesteps      | 2113536    |
| train/                  |            |
|    approx_kl            | 0.55352056 |
|    clip_fraction        | 0.679      |
|    clip_range           | 0.2        |
|    entropy_loss         | 2.58       |
|    explained_variance   | 0.971      |
|    learning_rate        | 0.0003     |
|    loss                 | 0.0128     |
|    n_updates            | 5150       |
|    policy_gradient_loss | -0.0255    |
|    std                  | 0.127      |
|    value_loss           | 0.459      |
----------------------------------------
---------------------------------------
| rollout/                |           |
|    ep_len_mean          | 7.35      |
|    ep_rew_mean          | 4.77      |
| time/                   |           |
|    fps                  | 195       |
|    iterations           | 517       |
|    time_elapsed         | 10850     |
|    total_timesteps      | 2117632   |
| train/                  |           |
|    approx_kl            | 0.4608153 |
|    clip_fraction        | 0.706     |
|    clip_range           | 0.2       |
|    entropy_loss         | 2.59      |
|    explained_variance   | 0.969     |
|    learning_rate        | 0.0003    |
|    loss                 | 0.0266    |
|    n_updates            | 5160      |
|    policy_gradient_loss | -0.0255   |
|    std                  | 0.127     |
|    value_loss           | 0.472     |
---------------------------------------
Eval num_timesteps=2120000, episode_reward=4.25 +/- 2.64
Episode length: 7.20 +/- 2.79
----------------------------------------
| eval/                   |            |
|    mean_ep_length       | 7.2        |
|    mean_reward          | 4.25       |
| time/                   |            |
|    total_timesteps      | 2120000    |
| train/                  |            |
|    approx_kl            | 0.36408293 |
|    clip_fraction        | 0.661      |
|    clip_range           | 0.2        |
|    entropy_loss         | 2.6        |
|    explained_variance   | 0.957      |
|    learning_rate        | 0.0003     |
|    loss                 | 0.0651     |
|    n_updates            | 5170       |
|    policy_gradient_loss | -0.0299    |
|    std                  | 0.126      |
|    value_loss           | 0.552      |
----------------------------------------
---------------------------------
| rollout/           |          |
|    ep_len_mean     | 7.54     |
|    ep_rew_mean     | 5.27     |
| time/              |          |
|    fps             | 195      |
|    iterations      | 518      |
|    time_elapsed    | 10865    |
|    total_timesteps | 2121728  |
---------------------------------
---------------------------------------
| rollout/                |           |
|    ep_len_mean          | 6.9       |
|    ep_rew_mean          | 4.46      |
| time/                   |           |
|    fps                  | 195       |
|    iterations           | 519       |
|    time_elapsed         | 10880     |
|    total_timesteps      | 2125824   |
| train/                  |           |
|    approx_kl            | 0.6046678 |
|    clip_fraction        | 0.704     |
|    clip_range           | 0.2       |
|    entropy_loss         | 2.61      |
|    explained_variance   | 0.967     |
|    learning_rate        | 0.0003    |
|    loss                 | 0.0921    |
|    n_updates            | 5180      |
|    policy_gradient_loss | -0.0188   |
|    std                  | 0.126     |
|    value_loss           | 0.44      |
---------------------------------------
----------------------------------------
| rollout/                |            |
|    ep_len_mean          | 7.3        |
|    ep_rew_mean          | 4.27       |
| time/                   |            |
|    fps                  | 195        |
|    iterations           | 520        |
|    time_elapsed         | 10897      |
|    total_timesteps      | 2129920    |
| train/                  |            |
|    approx_kl            | 0.60574377 |
|    clip_fraction        | 0.707      |
|    clip_range           | 0.2        |
|    entropy_loss         | 2.61       |
|    explained_variance   | 0.97       |
|    learning_rate        | 0.0003     |
|    loss                 | 0.022      |
|    n_updates            | 5190       |
|    policy_gradient_loss | -0.0195    |
|    std                  | 0.126      |
|    value_loss           | 0.443      |
----------------------------------------
----------------------------------------
| rollout/                |            |
|    ep_len_mean          | 6.93       |
|    ep_rew_mean          | 4.52       |
| time/                   |            |
|    fps                  | 195        |
|    iterations           | 521        |
|    time_elapsed         | 10913      |
|    total_timesteps      | 2134016    |
| train/                  |            |
|    approx_kl            | 0.37083977 |
|    clip_fraction        | 0.663      |
|    clip_range           | 0.2        |
|    entropy_loss         | 2.62       |
|    explained_variance   | 0.965      |
|    learning_rate        | 0.0003     |
|    loss                 | 0.0202     |
|    n_updates            | 5200       |
|    policy_gradient_loss | -0.0325    |
|    std                  | 0.126      |
|    value_loss           | 0.509      |
----------------------------------------
---------------------------------------
| rollout/                |           |
|    ep_len_mean          | 6.72      |
|    ep_rew_mean          | 4.32      |
| time/                   |           |
|    fps                  | 195       |
|    iterations           | 522       |
|    time_elapsed         | 10931     |
|    total_timesteps      | 2138112   |
| train/                  |           |
|    approx_kl            | 0.6100334 |
|    clip_fraction        | 0.686     |
|    clip_range           | 0.2       |
|    entropy_loss         | 2.63      |
|    explained_variance   | 0.966     |
|    learning_rate        | 0.0003    |
|    loss                 | 0.204     |
|    n_updates            | 5210      |
|    policy_gradient_loss | -0.0262   |
|    std                  | 0.125     |
|    value_loss           | 0.509     |
---------------------------------------
Eval num_timesteps=2140000, episode_reward=5.16 +/- 1.78
Episode length: 7.40 +/- 2.24
----------------------------------------
| eval/                   |            |
|    mean_ep_length       | 7.4        |
|    mean_reward          | 5.16       |
| time/                   |            |
|    total_timesteps      | 2140000    |
| train/                  |            |
|    approx_kl            | 0.51077795 |
|    clip_fraction        | 0.702      |
|    clip_range           | 0.2        |
|    entropy_loss         | 2.64       |
|    explained_variance   | 0.976      |
|    learning_rate        | 0.0003     |
|    loss                 | -0.00256   |
|    n_updates            | 5220       |
|    policy_gradient_loss | -0.026     |
|    std                  | 0.125      |
|    value_loss           | 0.434      |
----------------------------------------
---------------------------------
| rollout/           |          |
|    ep_len_mean     | 7.27     |
|    ep_rew_mean     | 4.89     |
| time/              |          |
|    fps             | 195      |
|    iterations      | 523      |
|    time_elapsed    | 10946    |
|    total_timesteps | 2142208  |
---------------------------------
----------------------------------------
| rollout/                |            |
|    ep_len_mean          | 6.96       |
|    ep_rew_mean          | 4.67       |
| time/                   |            |
|    fps                  | 195        |
|    iterations           | 524        |
|    time_elapsed         | 10961      |
|    total_timesteps      | 2146304    |
| train/                  |            |
|    approx_kl            | 0.44792578 |
|    clip_fraction        | 0.669      |
|    clip_range           | 0.2        |
|    entropy_loss         | 2.67       |
|    explained_variance   | 0.968      |
|    learning_rate        | 0.0003     |
|    loss                 | 0.088      |
|    n_updates            | 5230       |
|    policy_gradient_loss | -0.0342    |
|    std                  | 0.124      |
|    value_loss           | 0.511      |
----------------------------------------
----------------------------------------
| rollout/                |            |
|    ep_len_mean          | 6.99       |
|    ep_rew_mean          | 4.78       |
| time/                   |            |
|    fps                  | 195        |
|    iterations           | 525        |
|    time_elapsed         | 10975      |
|    total_timesteps      | 2150400    |
| train/                  |            |
|    approx_kl            | 0.48317134 |
|    clip_fraction        | 0.704      |
|    clip_range           | 0.2        |
|    entropy_loss         | 2.7        |
|    explained_variance   | 0.97       |
|    learning_rate        | 0.0003     |
|    loss                 | 0.0289     |
|    n_updates            | 5240       |
|    policy_gradient_loss | -0.0215    |
|    std                  | 0.123      |
|    value_loss           | 0.463      |
----------------------------------------
---------------------------------------
| rollout/                |           |
|    ep_len_mean          | 7.01      |
|    ep_rew_mean          | 4.51      |
| time/                   |           |
|    fps                  | 196       |
|    iterations           | 526       |
|    time_elapsed         | 10990     |
|    total_timesteps      | 2154496   |
| train/                  |           |
|    approx_kl            | 0.4221123 |
|    clip_fraction        | 0.678     |
|    clip_range           | 0.2       |
|    entropy_loss         | 2.72      |
|    explained_variance   | 0.964     |
|    learning_rate        | 0.0003    |
|    loss                 | 0.151     |
|    n_updates            | 5250      |
|    policy_gradient_loss | -0.0277   |
|    std                  | 0.123     |
|    value_loss           | 0.505     |
---------------------------------------
--------------------------------------
| rollout/                |          |
|    ep_len_mean          | 6.9      |
|    ep_rew_mean          | 4.28     |
| time/                   |          |
|    fps                  | 196      |
|    iterations           | 527      |
|    time_elapsed         | 11005    |
|    total_timesteps      | 2158592  |
| train/                  |          |
|    approx_kl            | 0.522545 |
|    clip_fraction        | 0.715    |
|    clip_range           | 0.2      |
|    entropy_loss         | 2.73     |
|    explained_variance   | 0.966    |
|    learning_rate        | 0.0003   |
|    loss                 | 0.0759   |
|    n_updates            | 5260     |
|    policy_gradient_loss | -0.0194  |
|    std                  | 0.122    |
|    value_loss           | 0.534    |
--------------------------------------
Eval num_timesteps=2160000, episode_reward=3.28 +/- 1.19
Episode length: 6.20 +/- 2.14
---------------------------------------
| eval/                   |           |
|    mean_ep_length       | 6.2       |
|    mean_reward          | 3.28      |
| time/                   |           |
|    total_timesteps      | 2160000   |
| train/                  |           |
|    approx_kl            | 0.5040027 |
|    clip_fraction        | 0.695     |
|    clip_range           | 0.2       |
|    entropy_loss         | 2.75      |
|    explained_variance   | 0.969     |
|    learning_rate        | 0.0003    |
|    loss                 | 0.0406    |
|    n_updates            | 5270      |
|    policy_gradient_loss | -0.0289   |
|    std                  | 0.122     |
|    value_loss           | 0.497     |
---------------------------------------
---------------------------------
| rollout/           |          |
|    ep_len_mean     | 6.81     |
|    ep_rew_mean     | 4.5      |
| time/              |          |
|    fps             | 196      |
|    iterations      | 528      |
|    time_elapsed    | 11020    |
|    total_timesteps | 2162688  |
---------------------------------
----------------------------------------
| rollout/                |            |
|    ep_len_mean          | 7.03       |
|    ep_rew_mean          | 4.74       |
| time/                   |            |
|    fps                  | 196        |
|    iterations           | 529        |
|    time_elapsed         | 11035      |
|    total_timesteps      | 2166784    |
| train/                  |            |
|    approx_kl            | 0.55617523 |
|    clip_fraction        | 0.677      |
|    clip_range           | 0.2        |
|    entropy_loss         | 2.76       |
|    explained_variance   | 0.963      |
|    learning_rate        | 0.0003     |
|    loss                 | 0.0121     |
|    n_updates            | 5280       |
|    policy_gradient_loss | -0.0335    |
|    std                  | 0.121      |
|    value_loss           | 0.571      |
----------------------------------------
---------------------------------------
| rollout/                |           |
|    ep_len_mean          | 7.2       |
|    ep_rew_mean          | 4.98      |
| time/                   |           |
|    fps                  | 196       |
|    iterations           | 530       |
|    time_elapsed         | 11050     |
|    total_timesteps      | 2170880   |
| train/                  |           |
|    approx_kl            | 0.7427358 |
|    clip_fraction        | 0.726     |
|    clip_range           | 0.2       |
|    entropy_loss         | 2.77      |
|    explained_variance   | 0.967     |
|    learning_rate        | 0.0003    |
|    loss                 | 0.102     |
|    n_updates            | 5290      |
|    policy_gradient_loss | -0.0195   |
|    std                  | 0.121     |
|    value_loss           | 0.545     |
---------------------------------------
----------------------------------------
| rollout/                |            |
|    ep_len_mean          | 6.9        |
|    ep_rew_mean          | 5.05       |
| time/                   |            |
|    fps                  | 196        |
|    iterations           | 531        |
|    time_elapsed         | 11065      |
|    total_timesteps      | 2174976    |
| train/                  |            |
|    approx_kl            | 0.56570756 |
|    clip_fraction        | 0.702      |
|    clip_range           | 0.2        |
|    entropy_loss         | 2.79       |
|    explained_variance   | 0.964      |
|    learning_rate        | 0.0003     |
|    loss                 | 0.0603     |
|    n_updates            | 5300       |
|    policy_gradient_loss | -0.0123    |
|    std                  | 0.12       |
|    value_loss           | 0.49       |
----------------------------------------
---------------------------------------
| rollout/                |           |
|    ep_len_mean          | 7.16      |
|    ep_rew_mean          | 4.74      |
| time/                   |           |
|    fps                  | 196       |
|    iterations           | 532       |
|    time_elapsed         | 11082     |
|    total_timesteps      | 2179072   |
| train/                  |           |
|    approx_kl            | 0.5198403 |
|    clip_fraction        | 0.694     |
|    clip_range           | 0.2       |
|    entropy_loss         | 2.8       |
|    explained_variance   | 0.965     |
|    learning_rate        | 0.0003    |
|    loss                 | 0.0199    |
|    n_updates            | 5310      |
|    policy_gradient_loss | -0.0294   |
|    std                  | 0.12      |
|    value_loss           | 0.515     |
---------------------------------------
Eval num_timesteps=2180000, episode_reward=5.70 +/- 3.26
Episode length: 7.40 +/- 2.58
---------------------------------------
| eval/                   |           |
|    mean_ep_length       | 7.4       |
|    mean_reward          | 5.7       |
| time/                   |           |
|    total_timesteps      | 2180000   |
| train/                  |           |
|    approx_kl            | 0.8327537 |
|    clip_fraction        | 0.698     |
|    clip_range           | 0.2       |
|    entropy_loss         | 2.8       |
|    explained_variance   | 0.971     |
|    learning_rate        | 0.0003    |
|    loss                 | 0.00401   |
|    n_updates            | 5320      |
|    policy_gradient_loss | -0.0239   |
|    std                  | 0.12      |
|    value_loss           | 0.511     |
---------------------------------------
---------------------------------
| rollout/           |          |
|    ep_len_mean     | 6.97     |
|    ep_rew_mean     | 4.77     |
| time/              |          |
|    fps             | 196      |
|    iterations      | 533      |
|    time_elapsed    | 11100    |
|    total_timesteps | 2183168  |
---------------------------------
---------------------------------------
| rollout/                |           |
|    ep_len_mean          | 6.82      |
|    ep_rew_mean          | 4.46      |
| time/                   |           |
|    fps                  | 196       |
|    iterations           | 534       |
|    time_elapsed         | 11117     |
|    total_timesteps      | 2187264   |
| train/                  |           |
|    approx_kl            | 0.5522535 |
|    clip_fraction        | 0.706     |
|    clip_range           | 0.2       |
|    entropy_loss         | 2.81      |
|    explained_variance   | 0.965     |
|    learning_rate        | 0.0003    |
|    loss                 | 0.0806    |
|    n_updates            | 5330      |
|    policy_gradient_loss | -0.0176   |
|    std                  | 0.12      |
|    value_loss           | 0.501     |
---------------------------------------
----------------------------------------
| rollout/                |            |
|    ep_len_mean          | 6.28       |
|    ep_rew_mean          | 3.96       |
| time/                   |            |
|    fps                  | 196        |
|    iterations           | 535        |
|    time_elapsed         | 11135      |
|    total_timesteps      | 2191360    |
| train/                  |            |
|    approx_kl            | 0.53714335 |
|    clip_fraction        | 0.656      |
|    clip_range           | 0.2        |
|    entropy_loss         | 2.82       |
|    explained_variance   | 0.953      |
|    learning_rate        | 0.0003     |
|    loss                 | 0.118      |
|    n_updates            | 5340       |
|    policy_gradient_loss | -0.0236    |
|    std                  | 0.12       |
|    value_loss           | 0.648      |
----------------------------------------
---------------------------------------
| rollout/                |           |
|    ep_len_mean          | 6.92      |
|    ep_rew_mean          | 4.59      |
| time/                   |           |
|    fps                  | 196       |
|    iterations           | 536       |
|    time_elapsed         | 11150     |
|    total_timesteps      | 2195456   |
| train/                  |           |
|    approx_kl            | 0.5917092 |
|    clip_fraction        | 0.717     |
|    clip_range           | 0.2       |
|    entropy_loss         | 2.84      |
|    explained_variance   | 0.968     |
|    learning_rate        | 0.0003    |
|    loss                 | 0.132     |
|    n_updates            | 5350      |
|    policy_gradient_loss | -0.0151   |
|    std                  | 0.119     |
|    value_loss           | 0.522     |
---------------------------------------
---------------------------------------
| rollout/                |           |
|    ep_len_mean          | 7.05      |
|    ep_rew_mean          | 4.47      |
| time/                   |           |
|    fps                  | 196       |
|    iterations           | 537       |
|    time_elapsed         | 11165     |
|    total_timesteps      | 2199552   |
| train/                  |           |
|    approx_kl            | 0.6082455 |
|    clip_fraction        | 0.7       |
|    clip_range           | 0.2       |
|    entropy_loss         | 2.87      |
|    explained_variance   | 0.973     |
|    learning_rate        | 0.0003    |
|    loss                 | 0.043     |
|    n_updates            | 5360      |
|    policy_gradient_loss | -0.0307   |
|    std                  | 0.118     |
|    value_loss           | 0.436     |
---------------------------------------
Eval num_timesteps=2200000, episode_reward=5.54 +/- 2.01
Episode length: 7.00 +/- 2.19
---------------------------------------
| eval/                   |           |
|    mean_ep_length       | 7         |
|    mean_reward          | 5.54      |
| time/                   |           |
|    total_timesteps      | 2200000   |
| train/                  |           |
|    approx_kl            | 0.5567497 |
|    clip_fraction        | 0.699     |
|    clip_range           | 0.2       |
|    entropy_loss         | 2.88      |
|    explained_variance   | 0.976     |
|    learning_rate        | 0.0003    |
|    loss                 | 0.0816    |
|    n_updates            | 5370      |
|    policy_gradient_loss | -0.0166   |
|    std                  | 0.118     |
|    value_loss           | 0.42      |
---------------------------------------
---------------------------------
| rollout/           |          |
|    ep_len_mean     | 6.66     |
|    ep_rew_mean     | 4.82     |
| time/              |          |
|    fps             | 197      |
|    iterations      | 538      |
|    time_elapsed    | 11183    |
|    total_timesteps | 2203648  |
---------------------------------
---------------------------------------
| rollout/                |           |
|    ep_len_mean          | 6.4       |
|    ep_rew_mean          | 4.04      |
| time/                   |           |
|    fps                  | 197       |
|    iterations           | 539       |
|    time_elapsed         | 11198     |
|    total_timesteps      | 2207744   |
| train/                  |           |
|    approx_kl            | 0.5918905 |
|    clip_fraction        | 0.709     |
|    clip_range           | 0.2       |
|    entropy_loss         | 2.88      |
|    explained_variance   | 0.968     |
|    learning_rate        | 0.0003    |
|    loss                 | -0.063    |
|    n_updates            | 5380      |
|    policy_gradient_loss | -0.0251   |
|    std                  | 0.118     |
|    value_loss           | 0.488     |
---------------------------------------
----------------------------------------
| rollout/                |            |
|    ep_len_mean          | 6.83       |
|    ep_rew_mean          | 4.53       |
| time/                   |            |
|    fps                  | 197        |
|    iterations           | 540        |
|    time_elapsed         | 11214      |
|    total_timesteps      | 2211840    |
| train/                  |            |
|    approx_kl            | 0.71389204 |
|    clip_fraction        | 0.743      |
|    clip_range           | 0.2        |
|    entropy_loss         | 2.9        |
|    explained_variance   | 0.972      |
|    learning_rate        | 0.0003     |
|    loss                 | 0.0786     |
|    n_updates            | 5390       |
|    policy_gradient_loss | -0.0104    |
|    std                  | 0.117      |
|    value_loss           | 0.468      |
----------------------------------------
----------------------------------------
| rollout/                |            |
|    ep_len_mean          | 6.79       |
|    ep_rew_mean          | 4.01       |
| time/                   |            |
|    fps                  | 197        |
|    iterations           | 541        |
|    time_elapsed         | 11229      |
|    total_timesteps      | 2215936    |
| train/                  |            |
|    approx_kl            | 0.58057916 |
|    clip_fraction        | 0.706      |
|    clip_range           | 0.2        |
|    entropy_loss         | 2.93       |
|    explained_variance   | 0.975      |
|    learning_rate        | 0.0003     |
|    loss                 | 0.0574     |
|    n_updates            | 5400       |
|    policy_gradient_loss | -0.0245    |
|    std                  | 0.116      |
|    value_loss           | 0.379      |
----------------------------------------
Eval num_timesteps=2220000, episode_reward=4.15 +/- 2.22
Episode length: 6.60 +/- 1.96
---------------------------------------
| eval/                   |           |
|    mean_ep_length       | 6.6       |
|    mean_reward          | 4.15      |
| time/                   |           |
|    total_timesteps      | 2220000   |
| train/                  |           |
|    approx_kl            | 0.5520543 |
|    clip_fraction        | 0.707     |
|    clip_range           | 0.2       |
|    entropy_loss         | 2.95      |
|    explained_variance   | 0.976     |
|    learning_rate        | 0.0003    |
|    loss                 | 0.011     |
|    n_updates            | 5410      |
|    policy_gradient_loss | -0.0251   |
|    std                  | 0.116     |
|    value_loss           | 0.424     |
---------------------------------------
---------------------------------
| rollout/           |          |
|    ep_len_mean     | 7.25     |
|    ep_rew_mean     | 4.72     |
| time/              |          |
|    fps             | 197      |
|    iterations      | 542      |
|    time_elapsed    | 11244    |
|    total_timesteps | 2220032  |
---------------------------------
---------------------------------------
| rollout/                |           |
|    ep_len_mean          | 6.8       |
|    ep_rew_mean          | 4.46      |
| time/                   |           |
|    fps                  | 197       |
|    iterations           | 543       |
|    time_elapsed         | 11259     |
|    total_timesteps      | 2224128   |
| train/                  |           |
|    approx_kl            | 0.6734299 |
|    clip_fraction        | 0.747     |
|    clip_range           | 0.2       |
|    entropy_loss         | 2.97      |
|    explained_variance   | 0.975     |
|    learning_rate        | 0.0003    |
|    loss                 | 0.0668    |
|    n_updates            | 5420      |
|    policy_gradient_loss | -0.0165   |
|    std                  | 0.115     |
|    value_loss           | 0.392     |
---------------------------------------
---------------------------------------
| rollout/                |           |
|    ep_len_mean          | 6.71      |
|    ep_rew_mean          | 4.46      |
| time/                   |           |
|    fps                  | 197       |
|    iterations           | 544       |
|    time_elapsed         | 11274     |
|    total_timesteps      | 2228224   |
| train/                  |           |
|    approx_kl            | 0.8896608 |
|    clip_fraction        | 0.669     |
|    clip_range           | 0.2       |
|    entropy_loss         | 2.99      |
|    explained_variance   | 0.973     |
|    learning_rate        | 0.0003    |
|    loss                 | 0.0489    |
|    n_updates            | 5430      |
|    policy_gradient_loss | -0.0289   |
|    std                  | 0.115     |
|    value_loss           | 0.418     |
---------------------------------------
---------------------------------------
| rollout/                |           |
|    ep_len_mean          | 7.27      |
|    ep_rew_mean          | 4.6       |
| time/                   |           |
|    fps                  | 197       |
|    iterations           | 545       |
|    time_elapsed         | 11289     |
|    total_timesteps      | 2232320   |
| train/                  |           |
|    approx_kl            | 0.6728311 |
|    clip_fraction        | 0.687     |
|    clip_range           | 0.2       |
|    entropy_loss         | 3.01      |
|    explained_variance   | 0.972     |
|    learning_rate        | 0.0003    |
|    loss                 | 0.143     |
|    n_updates            | 5440      |
|    policy_gradient_loss | -0.0207   |
|    std                  | 0.114     |
|    value_loss           | 0.463     |
---------------------------------------
----------------------------------------
| rollout/                |            |
|    ep_len_mean          | 6.72       |
|    ep_rew_mean          | 4.55       |
| time/                   |            |
|    fps                  | 197        |
|    iterations           | 546        |
|    time_elapsed         | 11305      |
|    total_timesteps      | 2236416    |
| train/                  |            |
|    approx_kl            | 0.49353388 |
|    clip_fraction        | 0.667      |
|    clip_range           | 0.2        |
|    entropy_loss         | 3.05       |
|    explained_variance   | 0.973      |
|    learning_rate        | 0.0003     |
|    loss                 | 0.0628     |
|    n_updates            | 5450       |
|    policy_gradient_loss | -0.0378    |
|    std                  | 0.113      |
|    value_loss           | 0.449      |
----------------------------------------
Eval num_timesteps=2240000, episode_reward=5.44 +/- 1.78
Episode length: 7.60 +/- 2.33
----------------------------------------
| eval/                   |            |
|    mean_ep_length       | 7.6        |
|    mean_reward          | 5.44       |
| time/                   |            |
|    total_timesteps      | 2240000    |
| train/                  |            |
|    approx_kl            | 0.71660894 |
|    clip_fraction        | 0.753      |
|    clip_range           | 0.2        |
|    entropy_loss         | 3.07       |
|    explained_variance   | 0.979      |
|    learning_rate        | 0.0003     |
|    loss                 | 0.00239    |
|    n_updates            | 5460       |
|    policy_gradient_loss | -0.00363   |
|    std                  | 0.113      |
|    value_loss           | 0.381      |
----------------------------------------
---------------------------------
| rollout/           |          |
|    ep_len_mean     | 7.06     |
|    ep_rew_mean     | 4.25     |
| time/              |          |
|    fps             | 197      |
|    iterations      | 547      |
|    time_elapsed    | 11320    |
|    total_timesteps | 2240512  |
---------------------------------
---------------------------------------
| rollout/                |           |
|    ep_len_mean          | 6.83      |
|    ep_rew_mean          | 4.37      |
| time/                   |           |
|    fps                  | 198       |
|    iterations           | 548       |
|    time_elapsed         | 11335     |
|    total_timesteps      | 2244608   |
| train/                  |           |
|    approx_kl            | 0.7732966 |
|    clip_fraction        | 0.719     |
|    clip_range           | 0.2       |
|    entropy_loss         | 3.07      |
|    explained_variance   | 0.975     |
|    learning_rate        | 0.0003    |
|    loss                 | -0.00877  |
|    n_updates            | 5470      |
|    policy_gradient_loss | -0.0076   |
|    std                  | 0.113     |
|    value_loss           | 0.436     |
---------------------------------------
----------------------------------------
| rollout/                |            |
|    ep_len_mean          | 7.45       |
|    ep_rew_mean          | 4.96       |
| time/                   |            |
|    fps                  | 198        |
|    iterations           | 549        |
|    time_elapsed         | 11350      |
|    total_timesteps      | 2248704    |
| train/                  |            |
|    approx_kl            | 0.56235427 |
|    clip_fraction        | 0.687      |
|    clip_range           | 0.2        |
|    entropy_loss         | 3.08       |
|    explained_variance   | 0.973      |
|    learning_rate        | 0.0003     |
|    loss                 | -0.00765   |
|    n_updates            | 5480       |
|    policy_gradient_loss | -0.022     |
|    std                  | 0.112      |
|    value_loss           | 0.428      |
----------------------------------------
----------------------------------------
| rollout/                |            |
|    ep_len_mean          | 7.22       |
|    ep_rew_mean          | 5.05       |
| time/                   |            |
|    fps                  | 198        |
|    iterations           | 550        |
|    time_elapsed         | 11364      |
|    total_timesteps      | 2252800    |
| train/                  |            |
|    approx_kl            | 0.70997834 |
|    clip_fraction        | 0.733      |
|    clip_range           | 0.2        |
|    entropy_loss         | 3.09       |
|    explained_variance   | 0.978      |
|    learning_rate        | 0.0003     |
|    loss                 | 0.108      |
|    n_updates            | 5490       |
|    policy_gradient_loss | -0.0133    |
|    std                  | 0.112      |
|    value_loss           | 0.411      |
----------------------------------------
----------------------------------------
| rollout/                |            |
|    ep_len_mean          | 6.58       |
|    ep_rew_mean          | 4.17       |
| time/                   |            |
|    fps                  | 198        |
|    iterations           | 551        |
|    time_elapsed         | 11382      |
|    total_timesteps      | 2256896    |
| train/                  |            |
|    approx_kl            | 0.70176506 |
|    clip_fraction        | 0.703      |
|    clip_range           | 0.2        |
|    entropy_loss         | 3.11       |
|    explained_variance   | 0.98       |
|    learning_rate        | 0.0003     |
|    loss                 | 0.104      |
|    n_updates            | 5500       |
|    policy_gradient_loss | -0.021     |
|    std                  | 0.111      |
|    value_loss           | 0.379      |
----------------------------------------
Eval num_timesteps=2260000, episode_reward=3.30 +/- 2.26
Episode length: 5.60 +/- 1.62
----------------------------------------
| eval/                   |            |
|    mean_ep_length       | 5.6        |
|    mean_reward          | 3.3        |
| time/                   |            |
|    total_timesteps      | 2260000    |
| train/                  |            |
|    approx_kl            | 0.69084585 |
|    clip_fraction        | 0.715      |
|    clip_range           | 0.2        |
|    entropy_loss         | 3.11       |
|    explained_variance   | 0.973      |
|    learning_rate        | 0.0003     |
|    loss                 | 0.0824     |
|    n_updates            | 5510       |
|    policy_gradient_loss | -0.00144   |
|    std                  | 0.112      |
|    value_loss           | 0.488      |
----------------------------------------
---------------------------------
| rollout/           |          |
|    ep_len_mean     | 6.71     |
|    ep_rew_mean     | 4.46     |
| time/              |          |
|    fps             | 198      |
|    iterations      | 552      |
|    time_elapsed    | 11397    |
|    total_timesteps | 2260992  |
---------------------------------
---------------------------------------
| rollout/                |           |
|    ep_len_mean          | 7.37      |
|    ep_rew_mean          | 5.08      |
| time/                   |           |
|    fps                  | 198       |
|    iterations           | 553       |
|    time_elapsed         | 11412     |
|    total_timesteps      | 2265088   |
| train/                  |           |
|    approx_kl            | 0.8503951 |
|    clip_fraction        | 0.73      |
|    clip_range           | 0.2       |
|    entropy_loss         | 3.1       |
|    explained_variance   | 0.975     |
|    learning_rate        | 0.0003    |
|    loss                 | 0.083     |
|    n_updates            | 5520      |
|    policy_gradient_loss | -0.0084   |
|    std                  | 0.112     |
|    value_loss           | 0.478     |
---------------------------------------
---------------------------------------
| rollout/                |           |
|    ep_len_mean          | 6.94      |
|    ep_rew_mean          | 4.55      |
| time/                   |           |
|    fps                  | 198       |
|    iterations           | 554       |
|    time_elapsed         | 11427     |
|    total_timesteps      | 2269184   |
| train/                  |           |
|    approx_kl            | 0.5971643 |
|    clip_fraction        | 0.7       |
|    clip_range           | 0.2       |
|    entropy_loss         | 3.11      |
|    explained_variance   | 0.968     |
|    learning_rate        | 0.0003    |
|    loss                 | 0.0596    |
|    n_updates            | 5530      |
|    policy_gradient_loss | -0.0108   |
|    std                  | 0.112     |
|    value_loss           | 0.603     |
---------------------------------------
----------------------------------------
| rollout/                |            |
|    ep_len_mean          | 7.03       |
|    ep_rew_mean          | 4.85       |
| time/                   |            |
|    fps                  | 198        |
|    iterations           | 555        |
|    time_elapsed         | 11442      |
|    total_timesteps      | 2273280    |
| train/                  |            |
|    approx_kl            | 0.42060298 |
|    clip_fraction        | 0.652      |
|    clip_range           | 0.2        |
|    entropy_loss         | 3.12       |
|    explained_variance   | 0.972      |
|    learning_rate        | 0.0003     |
|    loss                 | 0.152      |
|    n_updates            | 5540       |
|    policy_gradient_loss | -0.0314    |
|    std                  | 0.112      |
|    value_loss           | 0.557      |
----------------------------------------
---------------------------------------
| rollout/                |           |
|    ep_len_mean          | 7.13      |
|    ep_rew_mean          | 4.54      |
| time/                   |           |
|    fps                  | 198       |
|    iterations           | 556       |
|    time_elapsed         | 11460     |
|    total_timesteps      | 2277376   |
| train/                  |           |
|    approx_kl            | 0.4088764 |
|    clip_fraction        | 0.654     |
|    clip_range           | 0.2       |
|    entropy_loss         | 3.13      |
|    explained_variance   | 0.976     |
|    learning_rate        | 0.0003    |
|    loss                 | 0.0711    |
|    n_updates            | 5550      |
|    policy_gradient_loss | -0.0272   |
|    std                  | 0.111     |
|    value_loss           | 0.612     |
---------------------------------------
Eval num_timesteps=2280000, episode_reward=5.63 +/- 3.27
Episode length: 7.20 +/- 3.19
----------------------------------------
| eval/                   |            |
|    mean_ep_length       | 7.2        |
|    mean_reward          | 5.63       |
| time/                   |            |
|    total_timesteps      | 2280000    |
| train/                  |            |
|    approx_kl            | 0.49010724 |
|    clip_fraction        | 0.645      |
|    clip_range           | 0.2        |
|    entropy_loss         | 3.14       |
|    explained_variance   | 0.98       |
|    learning_rate        | 0.0003     |
|    loss                 | 0.0524     |
|    n_updates            | 5560       |
|    policy_gradient_loss | -0.0339    |
|    std                  | 0.111      |
|    value_loss           | 0.489      |
----------------------------------------
---------------------------------
| rollout/           |          |
|    ep_len_mean     | 7.04     |
|    ep_rew_mean     | 4.53     |
| time/              |          |
|    fps             | 198      |
|    iterations      | 557      |
|    time_elapsed    | 11478    |
|    total_timesteps | 2281472  |
---------------------------------
---------------------------------------
| rollout/                |           |
|    ep_len_mean          | 7.12      |
|    ep_rew_mean          | 4.74      |
| time/                   |           |
|    fps                  | 198       |
|    iterations           | 558       |
|    time_elapsed         | 11492     |
|    total_timesteps      | 2285568   |
| train/                  |           |
|    approx_kl            | 1.0254261 |
|    clip_fraction        | 0.727     |
|    clip_range           | 0.2       |
|    entropy_loss         | 3.15      |
|    explained_variance   | 0.98      |
|    learning_rate        | 0.0003    |
|    loss                 | 0.0427    |
|    n_updates            | 5570      |
|    policy_gradient_loss | -0.0216   |
|    std                  | 0.11      |
|    value_loss           | 0.434     |
---------------------------------------
----------------------------------------
| rollout/                |            |
|    ep_len_mean          | 7.37       |
|    ep_rew_mean          | 4.82       |
| time/                   |            |
|    fps                  | 198        |
|    iterations           | 559        |
|    time_elapsed         | 11507      |
|    total_timesteps      | 2289664    |
| train/                  |            |
|    approx_kl            | 0.61984104 |
|    clip_fraction        | 0.726      |
|    clip_range           | 0.2        |
|    entropy_loss         | 3.16       |
|    explained_variance   | 0.978      |
|    learning_rate        | 0.0003     |
|    loss                 | 0.115      |
|    n_updates            | 5580       |
|    policy_gradient_loss | -0.00503   |
|    std                  | 0.111      |
|    value_loss           | 0.504      |
----------------------------------------
---------------------------------------
| rollout/                |           |
|    ep_len_mean          | 7.48      |
|    ep_rew_mean          | 5.12      |
| time/                   |           |
|    fps                  | 199       |
|    iterations           | 560       |
|    time_elapsed         | 11522     |
|    total_timesteps      | 2293760   |
| train/                  |           |
|    approx_kl            | 0.4594379 |
|    clip_fraction        | 0.682     |
|    clip_range           | 0.2       |
|    entropy_loss         | 3.15      |
|    explained_variance   | 0.969     |
|    learning_rate        | 0.0003    |
|    loss                 | 0.0361    |
|    n_updates            | 5590      |
|    policy_gradient_loss | -0.0146   |
|    std                  | 0.11      |
|    value_loss           | 0.541     |
---------------------------------------
----------------------------------------
| rollout/                |            |
|    ep_len_mean          | 6.84       |
|    ep_rew_mean          | 4.42       |
| time/                   |            |
|    fps                  | 199        |
|    iterations           | 561        |
|    time_elapsed         | 11537      |
|    total_timesteps      | 2297856    |
| train/                  |            |
|    approx_kl            | 0.48069197 |
|    clip_fraction        | 0.68       |
|    clip_range           | 0.2        |
|    entropy_loss         | 3.17       |
|    explained_variance   | 0.98       |
|    learning_rate        | 0.0003     |
|    loss                 | 0.0209     |
|    n_updates            | 5600       |
|    policy_gradient_loss | -0.0332    |
|    std                  | 0.11       |
|    value_loss           | 0.446      |
----------------------------------------
Eval num_timesteps=2300000, episode_reward=4.92 +/- 2.67
Episode length: 7.80 +/- 2.71
----------------------------------------
| eval/                   |            |
|    mean_ep_length       | 7.8        |
|    mean_reward          | 4.92       |
| time/                   |            |
|    total_timesteps      | 2300000    |
| train/                  |            |
|    approx_kl            | 0.54663324 |
|    clip_fraction        | 0.71       |
|    clip_range           | 0.2        |
|    entropy_loss         | 3.19       |
|    explained_variance   | 0.978      |
|    learning_rate        | 0.0003     |
|    loss                 | 0.0201     |
|    n_updates            | 5610       |
|    policy_gradient_loss | -0.0188    |
|    std                  | 0.109      |
|    value_loss           | 0.568      |
----------------------------------------
---------------------------------
| rollout/           |          |
|    ep_len_mean     | 7.24     |
|    ep_rew_mean     | 4.56     |
| time/              |          |
|    fps             | 199      |
|    iterations      | 562      |
|    time_elapsed    | 11552    |
|    total_timesteps | 2301952  |
---------------------------------
----------------------------------------
| rollout/                |            |
|    ep_len_mean          | 7.14       |
|    ep_rew_mean          | 4.6        |
| time/                   |            |
|    fps                  | 199        |
|    iterations           | 563        |
|    time_elapsed         | 11567      |
|    total_timesteps      | 2306048    |
| train/                  |            |
|    approx_kl            | 0.53918797 |
|    clip_fraction        | 0.698      |
|    clip_range           | 0.2        |
|    entropy_loss         | 3.2        |
|    explained_variance   | 0.978      |
|    learning_rate        | 0.0003     |
|    loss                 | 0.101      |
|    n_updates            | 5620       |
|    policy_gradient_loss | -0.0214    |
|    std                  | 0.109      |
|    value_loss           | 0.642      |
----------------------------------------
---------------------------------------
| rollout/                |           |
|    ep_len_mean          | 7.29      |
|    ep_rew_mean          | 5.23      |
| time/                   |           |
|    fps                  | 199       |
|    iterations           | 564       |
|    time_elapsed         | 11581     |
|    total_timesteps      | 2310144   |
| train/                  |           |
|    approx_kl            | 0.5510329 |
|    clip_fraction        | 0.681     |
|    clip_range           | 0.2       |
|    entropy_loss         | 3.22      |
|    explained_variance   | 0.978     |
|    learning_rate        | 0.0003    |
|    loss                 | 0.0589    |
|    n_updates            | 5630      |
|    policy_gradient_loss | -0.0249   |
|    std                  | 0.109     |
|    value_loss           | 0.535     |
---------------------------------------
----------------------------------------
| rollout/                |            |
|    ep_len_mean          | 6.95       |
|    ep_rew_mean          | 4.19       |
| time/                   |            |
|    fps                  | 199        |
|    iterations           | 565        |
|    time_elapsed         | 11596      |
|    total_timesteps      | 2314240    |
| train/                  |            |
|    approx_kl            | 0.53884107 |
|    clip_fraction        | 0.693      |
|    clip_range           | 0.2        |
|    entropy_loss         | 3.23       |
|    explained_variance   | 0.969      |
|    learning_rate        | 0.0003     |
|    loss                 | 0.135      |
|    n_updates            | 5640       |
|    policy_gradient_loss | -0.0168    |
|    std                  | 0.108      |
|    value_loss           | 0.811      |
----------------------------------------
---------------------------------------
| rollout/                |           |
|    ep_len_mean          | 7.05      |
|    ep_rew_mean          | 4.39      |
| time/                   |           |
|    fps                  | 199       |
|    iterations           | 566       |
|    time_elapsed         | 11611     |
|    total_timesteps      | 2318336   |
| train/                  |           |
|    approx_kl            | 0.6928553 |
|    clip_fraction        | 0.699     |
|    clip_range           | 0.2       |
|    entropy_loss         | 3.22      |
|    explained_variance   | 0.973     |
|    learning_rate        | 0.0003    |
|    loss                 | 0.271     |
|    n_updates            | 5650      |
|    policy_gradient_loss | -0.0219   |
|    std                  | 0.109     |
|    value_loss           | 0.666     |
---------------------------------------
Eval num_timesteps=2320000, episode_reward=3.45 +/- 1.81
Episode length: 7.00 +/- 2.10
----------------------------------------
| eval/                   |            |
|    mean_ep_length       | 7          |
|    mean_reward          | 3.45       |
| time/                   |            |
|    total_timesteps      | 2320000    |
| train/                  |            |
|    approx_kl            | 0.46606955 |
|    clip_fraction        | 0.672      |
|    clip_range           | 0.2        |
|    entropy_loss         | 3.22       |
|    explained_variance   | 0.978      |
|    learning_rate        | 0.0003     |
|    loss                 | 0.0586     |
|    n_updates            | 5660       |
|    policy_gradient_loss | -0.0307    |
|    std                  | 0.108      |
|    value_loss           | 0.599      |
----------------------------------------
---------------------------------
| rollout/           |          |
|    ep_len_mean     | 7.09     |
|    ep_rew_mean     | 4.99     |
| time/              |          |
|    fps             | 199      |
|    iterations      | 567      |
|    time_elapsed    | 11626    |
|    total_timesteps | 2322432  |
---------------------------------
---------------------------------------
| rollout/                |           |
|    ep_len_mean          | 7.12      |
|    ep_rew_mean          | 4.57      |
| time/                   |           |
|    fps                  | 199       |
|    iterations           | 568       |
|    time_elapsed         | 11641     |
|    total_timesteps      | 2326528   |
| train/                  |           |
|    approx_kl            | 0.9160586 |
|    clip_fraction        | 0.75      |
|    clip_range           | 0.2       |
|    entropy_loss         | 3.22      |
|    explained_variance   | 0.974     |
|    learning_rate        | 0.0003    |
|    loss                 | 0.0809    |
|    n_updates            | 5670      |
|    policy_gradient_loss | 0.00486   |
|    std                  | 0.109     |
|    value_loss           | 0.651     |
---------------------------------------
--------------------------------------
| rollout/                |          |
|    ep_len_mean          | 6.88     |
|    ep_rew_mean          | 4.6      |
| time/                   |          |
|    fps                  | 199      |
|    iterations           | 569      |
|    time_elapsed         | 11656    |
|    total_timesteps      | 2330624  |
| train/                  |          |
|    approx_kl            | 0.573095 |
|    clip_fraction        | 0.708    |
|    clip_range           | 0.2      |
|    entropy_loss         | 3.22     |
|    explained_variance   | 0.97     |
|    learning_rate        | 0.0003   |
|    loss                 | 0.0315   |
|    n_updates            | 5680     |
|    policy_gradient_loss | -0.00312 |
|    std                  | 0.109    |
|    value_loss           | 0.768    |
--------------------------------------
----------------------------------------
| rollout/                |            |
|    ep_len_mean          | 7.29       |
|    ep_rew_mean          | 4.8        |
| time/                   |            |
|    fps                  | 200        |
|    iterations           | 570        |
|    time_elapsed         | 11673      |
|    total_timesteps      | 2334720    |
| train/                  |            |
|    approx_kl            | 0.49254087 |
|    clip_fraction        | 0.684      |
|    clip_range           | 0.2        |
|    entropy_loss         | 3.24       |
|    explained_variance   | 0.975      |
|    learning_rate        | 0.0003     |
|    loss                 | 0.073      |
|    n_updates            | 5690       |
|    policy_gradient_loss | -0.0278    |
|    std                  | 0.108      |
|    value_loss           | 0.692      |
----------------------------------------
----------------------------------------
| rollout/                |            |
|    ep_len_mean          | 6.93       |
|    ep_rew_mean          | 4.35       |
| time/                   |            |
|    fps                  | 200        |
|    iterations           | 571        |
|    time_elapsed         | 11688      |
|    total_timesteps      | 2338816    |
| train/                  |            |
|    approx_kl            | 0.50475276 |
|    clip_fraction        | 0.662      |
|    clip_range           | 0.2        |
|    entropy_loss         | 3.26       |
|    explained_variance   | 0.978      |
|    learning_rate        | 0.0003     |
|    loss                 | 0.301      |
|    n_updates            | 5700       |
|    policy_gradient_loss | -0.0277    |
|    std                  | 0.108      |
|    value_loss           | 0.725      |
----------------------------------------
Eval num_timesteps=2340000, episode_reward=4.78 +/- 2.89
Episode length: 7.40 +/- 2.87
----------------------------------------
| eval/                   |            |
|    mean_ep_length       | 7.4        |
|    mean_reward          | 4.78       |
| time/                   |            |
|    total_timesteps      | 2340000    |
| train/                  |            |
|    approx_kl            | 0.63508236 |
|    clip_fraction        | 0.718      |
|    clip_range           | 0.2        |
|    entropy_loss         | 3.25       |
|    explained_variance   | 0.981      |
|    learning_rate        | 0.0003     |
|    loss                 | 0.0554     |
|    n_updates            | 5710       |
|    policy_gradient_loss | -0.0117    |
|    std                  | 0.108      |
|    value_loss           | 0.577      |
----------------------------------------
---------------------------------
| rollout/           |          |
|    ep_len_mean     | 6.77     |
|    ep_rew_mean     | 4.4      |
| time/              |          |
|    fps             | 200      |
|    iterations      | 572      |
|    time_elapsed    | 11703    |
|    total_timesteps | 2342912  |
---------------------------------
----------------------------------------
| rollout/                |            |
|    ep_len_mean          | 7.01       |
|    ep_rew_mean          | 4.81       |
| time/                   |            |
|    fps                  | 200        |
|    iterations           | 573        |
|    time_elapsed         | 11718      |
|    total_timesteps      | 2347008    |
| train/                  |            |
|    approx_kl            | 0.52012515 |
|    clip_fraction        | 0.705      |
|    clip_range           | 0.2        |
|    entropy_loss         | 3.25       |
|    explained_variance   | 0.978      |
|    learning_rate        | 0.0003     |
|    loss                 | 0.174      |
|    n_updates            | 5720       |
|    policy_gradient_loss | -0.0223    |
|    std                  | 0.108      |
|    value_loss           | 0.622      |
----------------------------------------
----------------------------------------
| rollout/                |            |
|    ep_len_mean          | 7.02       |
|    ep_rew_mean          | 4.24       |
| time/                   |            |
|    fps                  | 200        |
|    iterations           | 574        |
|    time_elapsed         | 11733      |
|    total_timesteps      | 2351104    |
| train/                  |            |
|    approx_kl            | 0.54788196 |
|    clip_fraction        | 0.707      |
|    clip_range           | 0.2        |
|    entropy_loss         | 3.26       |
|    explained_variance   | 0.981      |
|    learning_rate        | 0.0003     |
|    loss                 | 0.163      |
|    n_updates            | 5730       |
|    policy_gradient_loss | -0.0337    |
|    std                  | 0.107      |
|    value_loss           | 0.553      |
----------------------------------------
----------------------------------------
| rollout/                |            |
|    ep_len_mean          | 6.75       |
|    ep_rew_mean          | 4.47       |
| time/                   |            |
|    fps                  | 200        |
|    iterations           | 575        |
|    time_elapsed         | 11747      |
|    total_timesteps      | 2355200    |
| train/                  |            |
|    approx_kl            | 0.68609416 |
|    clip_fraction        | 0.717      |
|    clip_range           | 0.2        |
|    entropy_loss         | 3.27       |
|    explained_variance   | 0.977      |
|    learning_rate        | 0.0003     |
|    loss                 | 0.332      |
|    n_updates            | 5740       |
|    policy_gradient_loss | -0.0232    |
|    std                  | 0.107      |
|    value_loss           | 0.646      |
----------------------------------------
----------------------------------------
| rollout/                |            |
|    ep_len_mean          | 6.84       |
|    ep_rew_mean          | 4.45       |
| time/                   |            |
|    fps                  | 200        |
|    iterations           | 576        |
|    time_elapsed         | 11765      |
|    total_timesteps      | 2359296    |
| train/                  |            |
|    approx_kl            | 0.66944337 |
|    clip_fraction        | 0.705      |
|    clip_range           | 0.2        |
|    entropy_loss         | 3.3        |
|    explained_variance   | 0.977      |
|    learning_rate        | 0.0003     |
|    loss                 | 0.141      |
|    n_updates            | 5750       |
|    policy_gradient_loss | -0.0197    |
|    std                  | 0.106      |
|    value_loss           | 0.61       |
----------------------------------------
Eval num_timesteps=2360000, episode_reward=7.82 +/- 2.04
Episode length: 9.20 +/- 2.48
---------------------------------------
| eval/                   |           |
|    mean_ep_length       | 9.2       |
|    mean_reward          | 7.82      |
| time/                   |           |
|    total_timesteps      | 2360000   |
| train/                  |           |
|    approx_kl            | 1.2246811 |
|    clip_fraction        | 0.725     |
|    clip_range           | 0.2       |
|    entropy_loss         | 3.32      |
|    explained_variance   | 0.973     |
|    learning_rate        | 0.0003    |
|    loss                 | 0.025     |
|    n_updates            | 5760      |
|    policy_gradient_loss | -0.0124   |
|    std                  | 0.106     |
|    value_loss           | 0.603     |
---------------------------------------
---------------------------------
| rollout/           |          |
|    ep_len_mean     | 7.3      |
|    ep_rew_mean     | 4.58     |
| time/              |          |
|    fps             | 200      |
|    iterations      | 577      |
|    time_elapsed    | 11783    |
|    total_timesteps | 2363392  |
---------------------------------
---------------------------------------
| rollout/                |           |
|    ep_len_mean          | 7.07      |
|    ep_rew_mean          | 5.01      |
| time/                   |           |
|    fps                  | 200       |
|    iterations           | 578       |
|    time_elapsed         | 11798     |
|    total_timesteps      | 2367488   |
| train/                  |           |
|    approx_kl            | 2.0631602 |
|    clip_fraction        | 0.736     |
|    clip_range           | 0.2       |
|    entropy_loss         | 3.32      |
|    explained_variance   | 0.976     |
|    learning_rate        | 0.0003    |
|    loss                 | -0.0106   |
|    n_updates            | 5770      |
|    policy_gradient_loss | -0.0184   |
|    std                  | 0.106     |
|    value_loss           | 0.505     |
---------------------------------------
---------------------------------------
| rollout/                |           |
|    ep_len_mean          | 7.19      |
|    ep_rew_mean          | 4.9       |
| time/                   |           |
|    fps                  | 200       |
|    iterations           | 579       |
|    time_elapsed         | 11813     |
|    total_timesteps      | 2371584   |
| train/                  |           |
|    approx_kl            | 0.8568369 |
|    clip_fraction        | 0.744     |
|    clip_range           | 0.2       |
|    entropy_loss         | 3.34      |
|    explained_variance   | 0.978     |
|    learning_rate        | 0.0003    |
|    loss                 | 0.0156    |
|    n_updates            | 5780      |
|    policy_gradient_loss | -0.00767  |
|    std                  | 0.105     |
|    value_loss           | 0.513     |
---------------------------------------
----------------------------------------
| rollout/                |            |
|    ep_len_mean          | 7.31       |
|    ep_rew_mean          | 5.29       |
| time/                   |            |
|    fps                  | 200        |
|    iterations           | 580        |
|    time_elapsed         | 11827      |
|    total_timesteps      | 2375680    |
| train/                  |            |
|    approx_kl            | 0.84778106 |
|    clip_fraction        | 0.742      |
|    clip_range           | 0.2        |
|    entropy_loss         | 3.35       |
|    explained_variance   | 0.971      |
|    learning_rate        | 0.0003     |
|    loss                 | 0.073      |
|    n_updates            | 5790       |
|    policy_gradient_loss | -0.00916   |
|    std                  | 0.105      |
|    value_loss           | 0.633      |
----------------------------------------
----------------------------------------
| rollout/                |            |
|    ep_len_mean          | 6.88       |
|    ep_rew_mean          | 4.56       |
| time/                   |            |
|    fps                  | 200        |
|    iterations           | 581        |
|    time_elapsed         | 11842      |
|    total_timesteps      | 2379776    |
| train/                  |            |
|    approx_kl            | 0.49461412 |
|    clip_fraction        | 0.678      |
|    clip_range           | 0.2        |
|    entropy_loss         | 3.36       |
|    explained_variance   | 0.963      |
|    learning_rate        | 0.0003     |
|    loss                 | 0.0521     |
|    n_updates            | 5800       |
|    policy_gradient_loss | -0.0323    |
|    std                  | 0.105      |
|    value_loss           | 0.678      |
----------------------------------------
Eval num_timesteps=2380000, episode_reward=9.04 +/- 2.40
Episode length: 9.40 +/- 2.42
----------------------------------------
| eval/                   |            |
|    mean_ep_length       | 9.4        |
|    mean_reward          | 9.04       |
| time/                   |            |
|    total_timesteps      | 2380000    |
| train/                  |            |
|    approx_kl            | 0.82656395 |
|    clip_fraction        | 0.741      |
|    clip_range           | 0.2        |
|    entropy_loss         | 3.38       |
|    explained_variance   | 0.975      |
|    learning_rate        | 0.0003     |
|    loss                 | 0.0241     |
|    n_updates            | 5810       |
|    policy_gradient_loss | -0.0157    |
|    std                  | 0.104      |
|    value_loss           | 0.484      |
----------------------------------------
---------------------------------
| rollout/           |          |
|    ep_len_mean     | 7.32     |
|    ep_rew_mean     | 4.81     |
| time/              |          |
|    fps             | 201      |
|    iterations      | 582      |
|    time_elapsed    | 11858    |
|    total_timesteps | 2383872  |
---------------------------------
----------------------------------------
| rollout/                |            |
|    ep_len_mean          | 7.64       |
|    ep_rew_mean          | 5.33       |
| time/                   |            |
|    fps                  | 201        |
|    iterations           | 583        |
|    time_elapsed         | 11872      |
|    total_timesteps      | 2387968    |
| train/                  |            |
|    approx_kl            | 0.64622337 |
|    clip_fraction        | 0.726      |
|    clip_range           | 0.2        |
|    entropy_loss         | 3.39       |
|    explained_variance   | 0.978      |
|    learning_rate        | 0.0003     |
|    loss                 | 0.164      |
|    n_updates            | 5820       |
|    policy_gradient_loss | -0.00867   |
|    std                  | 0.104      |
|    value_loss           | 0.418      |
----------------------------------------
----------------------------------------
| rollout/                |            |
|    ep_len_mean          | 7.03       |
|    ep_rew_mean          | 4.88       |
| time/                   |            |
|    fps                  | 201        |
|    iterations           | 584        |
|    time_elapsed         | 11887      |
|    total_timesteps      | 2392064    |
| train/                  |            |
|    approx_kl            | 0.54221463 |
|    clip_fraction        | 0.719      |
|    clip_range           | 0.2        |
|    entropy_loss         | 3.39       |
|    explained_variance   | 0.97       |
|    learning_rate        | 0.0003     |
|    loss                 | 0.0885     |
|    n_updates            | 5830       |
|    policy_gradient_loss | -0.00907   |
|    std                  | 0.104      |
|    value_loss           | 0.546      |
----------------------------------------
---------------------------------------
| rollout/                |           |
|    ep_len_mean          | 7.1       |
|    ep_rew_mean          | 4.51      |
| time/                   |           |
|    fps                  | 201       |
|    iterations           | 585       |
|    time_elapsed         | 11904     |
|    total_timesteps      | 2396160   |
| train/                  |           |
|    approx_kl            | 1.1045179 |
|    clip_fraction        | 0.7       |
|    clip_range           | 0.2       |
|    entropy_loss         | 3.39      |
|    explained_variance   | 0.968     |
|    learning_rate        | 0.0003    |
|    loss                 | -0.00153  |
|    n_updates            | 5840      |
|    policy_gradient_loss | -0.0376   |
|    std                  | 0.104     |
|    value_loss           | 0.554     |
---------------------------------------
Eval num_timesteps=2400000, episode_reward=3.83 +/- 1.55
Episode length: 5.80 +/- 1.60
----------------------------------------
| eval/                   |            |
|    mean_ep_length       | 5.8        |
|    mean_reward          | 3.83       |
| time/                   |            |
|    total_timesteps      | 2400000    |
| train/                  |            |
|    approx_kl            | 0.63411343 |
|    clip_fraction        | 0.696      |
|    clip_range           | 0.2        |
|    entropy_loss         | 3.41       |
|    explained_variance   | 0.973      |
|    learning_rate        | 0.0003     |
|    loss                 | 0.0904     |
|    n_updates            | 5850       |
|    policy_gradient_loss | -0.0214    |
|    std                  | 0.103      |
|    value_loss           | 0.47       |
----------------------------------------
---------------------------------
| rollout/           |          |
|    ep_len_mean     | 6.98     |
|    ep_rew_mean     | 4.68     |
| time/              |          |
|    fps             | 201      |
|    iterations      | 586      |
|    time_elapsed    | 11922    |
|    total_timesteps | 2400256  |
---------------------------------
----------------------------------------
| rollout/                |            |
|    ep_len_mean          | 6.64       |
|    ep_rew_mean          | 4.25       |
| time/                   |            |
|    fps                  | 201        |
|    iterations           | 587        |
|    time_elapsed         | 11937      |
|    total_timesteps      | 2404352    |
| train/                  |            |
|    approx_kl            | 0.64116955 |
|    clip_fraction        | 0.727      |
|    clip_range           | 0.2        |
|    entropy_loss         | 3.43       |
|    explained_variance   | 0.975      |
|    learning_rate        | 0.0003     |
|    loss                 | 0.148      |
|    n_updates            | 5860       |
|    policy_gradient_loss | -0.0227    |
|    std                  | 0.102      |
|    value_loss           | 0.425      |
----------------------------------------
----------------------------------------
| rollout/                |            |
|    ep_len_mean          | 7.06       |
|    ep_rew_mean          | 4.34       |
| time/                   |            |
|    fps                  | 201        |
|    iterations           | 588        |
|    time_elapsed         | 11951      |
|    total_timesteps      | 2408448    |
| train/                  |            |
|    approx_kl            | 0.71592176 |
|    clip_fraction        | 0.741      |
|    clip_range           | 0.2        |
|    entropy_loss         | 3.45       |
|    explained_variance   | 0.976      |
|    learning_rate        | 0.0003     |
|    loss                 | -0.00339   |
|    n_updates            | 5870       |
|    policy_gradient_loss | -0.0248    |
|    std                  | 0.102      |
|    value_loss           | 0.427      |
----------------------------------------
----------------------------------------
| rollout/                |            |
|    ep_len_mean          | 7.12       |
|    ep_rew_mean          | 4.66       |
| time/                   |            |
|    fps                  | 201        |
|    iterations           | 589        |
|    time_elapsed         | 11966      |
|    total_timesteps      | 2412544    |
| train/                  |            |
|    approx_kl            | 0.74578327 |
|    clip_fraction        | 0.721      |
|    clip_range           | 0.2        |
|    entropy_loss         | 3.47       |
|    explained_variance   | 0.969      |
|    learning_rate        | 0.0003     |
|    loss                 | 0.0429     |
|    n_updates            | 5880       |
|    policy_gradient_loss | -0.00278   |
|    std                  | 0.102      |
|    value_loss           | 0.543      |
----------------------------------------
--------------------------------------
| rollout/                |          |
|    ep_len_mean          | 6.84     |
|    ep_rew_mean          | 4.53     |
| time/                   |          |
|    fps                  | 201      |
|    iterations           | 590      |
|    time_elapsed         | 11981    |
|    total_timesteps      | 2416640  |
| train/                  |          |
|    approx_kl            | 0.587972 |
|    clip_fraction        | 0.722    |
|    clip_range           | 0.2      |
|    entropy_loss         | 3.49     |
|    explained_variance   | 0.977    |
|    learning_rate        | 0.0003   |
|    loss                 | 0.0548   |
|    n_updates            | 5890     |
|    policy_gradient_loss | -0.0206  |
|    std                  | 0.101    |
|    value_loss           | 0.505    |
--------------------------------------
Eval num_timesteps=2420000, episode_reward=6.93 +/- 3.03
Episode length: 9.60 +/- 2.50
----------------------------------------
| eval/                   |            |
|    mean_ep_length       | 9.6        |
|    mean_reward          | 6.93       |
| time/                   |            |
|    total_timesteps      | 2420000    |
| train/                  |            |
|    approx_kl            | 0.95205957 |
|    clip_fraction        | 0.745      |
|    clip_range           | 0.2        |
|    entropy_loss         | 3.51       |
|    explained_variance   | 0.978      |
|    learning_rate        | 0.0003     |
|    loss                 | 0.00855    |
|    n_updates            | 5900       |
|    policy_gradient_loss | -0.0104    |
|    std                  | 0.1        |
|    value_loss           | 0.373      |
----------------------------------------
---------------------------------
| rollout/           |          |
|    ep_len_mean     | 7.5      |
|    ep_rew_mean     | 4.85     |
| time/              |          |
|    fps             | 201      |
|    iterations      | 591      |
|    time_elapsed    | 11995    |
|    total_timesteps | 2420736  |
---------------------------------
---------------------------------------
| rollout/                |           |
|    ep_len_mean          | 6.99      |
|    ep_rew_mean          | 4.71      |
| time/                   |           |
|    fps                  | 201       |
|    iterations           | 592       |
|    time_elapsed         | 12010     |
|    total_timesteps      | 2424832   |
| train/                  |           |
|    approx_kl            | 0.7306735 |
|    clip_fraction        | 0.744     |
|    clip_range           | 0.2       |
|    entropy_loss         | 3.52      |
|    explained_variance   | 0.973     |
|    learning_rate        | 0.0003    |
|    loss                 | 0.124     |
|    n_updates            | 5910      |
|    policy_gradient_loss | -0.00418  |
|    std                  | 0.101     |
|    value_loss           | 0.438     |
---------------------------------------
----------------------------------------
| rollout/                |            |
|    ep_len_mean          | 7.5        |
|    ep_rew_mean          | 4.94       |
| time/                   |            |
|    fps                  | 201        |
|    iterations           | 593        |
|    time_elapsed         | 12025      |
|    total_timesteps      | 2428928    |
| train/                  |            |
|    approx_kl            | 0.80490243 |
|    clip_fraction        | 0.728      |
|    clip_range           | 0.2        |
|    entropy_loss         | 3.53       |
|    explained_variance   | 0.978      |
|    learning_rate        | 0.0003     |
|    loss                 | 0.114      |
|    n_updates            | 5920       |
|    policy_gradient_loss | -0.00958   |
|    std                  | 0.1        |
|    value_loss           | 0.464      |
----------------------------------------
---------------------------------------
| rollout/                |           |
|    ep_len_mean          | 6.8       |
|    ep_rew_mean          | 4.51      |
| time/                   |           |
|    fps                  | 202       |
|    iterations           | 594       |
|    time_elapsed         | 12042     |
|    total_timesteps      | 2433024   |
| train/                  |           |
|    approx_kl            | 1.0278367 |
|    clip_fraction        | 0.732     |
|    clip_range           | 0.2       |
|    entropy_loss         | 3.55      |
|    explained_variance   | 0.978     |
|    learning_rate        | 0.0003    |
|    loss                 | 0.039     |
|    n_updates            | 5930      |
|    policy_gradient_loss | -0.0163   |
|    std                  | 0.0999    |
|    value_loss           | 0.44      |
---------------------------------------
---------------------------------------
| rollout/                |           |
|    ep_len_mean          | 6.85      |
|    ep_rew_mean          | 4.53      |
| time/                   |           |
|    fps                  | 202       |
|    iterations           | 595       |
|    time_elapsed         | 12057     |
|    total_timesteps      | 2437120   |
| train/                  |           |
|    approx_kl            | 0.5426448 |
|    clip_fraction        | 0.689     |
|    clip_range           | 0.2       |
|    entropy_loss         | 3.55      |
|    explained_variance   | 0.973     |
|    learning_rate        | 0.0003    |
|    loss                 | 0.0803    |
|    n_updates            | 5940      |
|    policy_gradient_loss | -0.0224   |
|    std                  | 0.0996    |
|    value_loss           | 0.506     |
---------------------------------------
Eval num_timesteps=2440000, episode_reward=2.84 +/- 1.10
Episode length: 5.80 +/- 1.33
---------------------------------------
| eval/                   |           |
|    mean_ep_length       | 5.8       |
|    mean_reward          | 2.84      |
| time/                   |           |
|    total_timesteps      | 2440000   |
| train/                  |           |
|    approx_kl            | 0.7174449 |
|    clip_fraction        | 0.722     |
|    clip_range           | 0.2       |
|    entropy_loss         | 3.57      |
|    explained_variance   | 0.974     |
|    learning_rate        | 0.0003    |
|    loss                 | 0.00597   |
|    n_updates            | 5950      |
|    policy_gradient_loss | -0.016    |
|    std                  | 0.0991    |
|    value_loss           | 0.417     |
---------------------------------------
---------------------------------
| rollout/           |          |
|    ep_len_mean     | 7.26     |
|    ep_rew_mean     | 5.03     |
| time/              |          |
|    fps             | 202      |
|    iterations      | 596      |
|    time_elapsed    | 12071    |
|    total_timesteps | 2441216  |
---------------------------------
----------------------------------------
| rollout/                |            |
|    ep_len_mean          | 7.12       |
|    ep_rew_mean          | 4.77       |
| time/                   |            |
|    fps                  | 202        |
|    iterations           | 597        |
|    time_elapsed         | 12086      |
|    total_timesteps      | 2445312    |
| train/                  |            |
|    approx_kl            | 0.72904646 |
|    clip_fraction        | 0.72       |
|    clip_range           | 0.2        |
|    entropy_loss         | 3.59       |
|    explained_variance   | 0.981      |
|    learning_rate        | 0.0003     |
|    loss                 | 0.0915     |
|    n_updates            | 5960       |
|    policy_gradient_loss | -0.0128    |
|    std                  | 0.0987     |
|    value_loss           | 0.434      |
----------------------------------------
---------------------------------------
| rollout/                |           |
|    ep_len_mean          | 7.13      |
|    ep_rew_mean          | 5.07      |
| time/                   |           |
|    fps                  | 202       |
|    iterations           | 598       |
|    time_elapsed         | 12101     |
|    total_timesteps      | 2449408   |
| train/                  |           |
|    approx_kl            | 0.6439389 |
|    clip_fraction        | 0.716     |
|    clip_range           | 0.2       |
|    entropy_loss         | 3.61      |
|    explained_variance   | 0.978     |
|    learning_rate        | 0.0003    |
|    loss                 | 0.101     |
|    n_updates            | 5970      |
|    policy_gradient_loss | -0.0268   |
|    std                  | 0.0981    |
|    value_loss           | 0.462     |
---------------------------------------
---------------------------------------
| rollout/                |           |
|    ep_len_mean          | 7.19      |
|    ep_rew_mean          | 4.97      |
| time/                   |           |
|    fps                  | 202       |
|    iterations           | 599       |
|    time_elapsed         | 12116     |
|    total_timesteps      | 2453504   |
| train/                  |           |
|    approx_kl            | 0.8604777 |
|    clip_fraction        | 0.766     |
|    clip_range           | 0.2       |
|    entropy_loss         | 3.61      |
|    explained_variance   | 0.98      |
|    learning_rate        | 0.0003    |
|    loss                 | 0.0724    |
|    n_updates            | 5980      |
|    policy_gradient_loss | -0.0012   |
|    std                  | 0.0983    |
|    value_loss           | 0.379     |
---------------------------------------
---------------------------------------
| rollout/                |           |
|    ep_len_mean          | 7.2       |
|    ep_rew_mean          | 4.61      |
| time/                   |           |
|    fps                  | 202       |
|    iterations           | 600       |
|    time_elapsed         | 12131     |
|    total_timesteps      | 2457600   |
| train/                  |           |
|    approx_kl            | 0.7049391 |
|    clip_fraction        | 0.713     |
|    clip_range           | 0.2       |
|    entropy_loss         | 3.62      |
|    explained_variance   | 0.98      |
|    learning_rate        | 0.0003    |
|    loss                 | 0.0986    |
|    n_updates            | 5990      |
|    policy_gradient_loss | -0.0215   |
|    std                  | 0.0984    |
|    value_loss           | 0.436     |
---------------------------------------
Eval num_timesteps=2460000, episode_reward=3.38 +/- 1.69
Episode length: 6.80 +/- 1.47
----------------------------------------
| eval/                   |            |
|    mean_ep_length       | 6.8        |
|    mean_reward          | 3.38       |
| time/                   |            |
|    total_timesteps      | 2460000    |
| train/                  |            |
|    approx_kl            | 0.68494314 |
|    clip_fraction        | 0.704      |
|    clip_range           | 0.2        |
|    entropy_loss         | 3.61       |
|    explained_variance   | 0.978      |
|    learning_rate        | 0.0003     |
|    loss                 | 0.0571     |
|    n_updates            | 6000       |
|    policy_gradient_loss | -0.0257    |
|    std                  | 0.0981     |
|    value_loss           | 0.499      |
----------------------------------------
---------------------------------
| rollout/           |          |
|    ep_len_mean     | 7.44     |
|    ep_rew_mean     | 4.93     |
| time/              |          |
|    fps             | 202      |
|    iterations      | 601      |
|    time_elapsed    | 12145    |
|    total_timesteps | 2461696  |
---------------------------------
----------------------------------------
| rollout/                |            |
|    ep_len_mean          | 7.4        |
|    ep_rew_mean          | 5.16       |
| time/                   |            |
|    fps                  | 202        |
|    iterations           | 602        |
|    time_elapsed         | 12160      |
|    total_timesteps      | 2465792    |
| train/                  |            |
|    approx_kl            | 0.77476275 |
|    clip_fraction        | 0.709      |
|    clip_range           | 0.2        |
|    entropy_loss         | 3.62       |
|    explained_variance   | 0.974      |
|    learning_rate        | 0.0003     |
|    loss                 | 0.12       |
|    n_updates            | 6010       |
|    policy_gradient_loss | -0.0178    |
|    std                  | 0.0979     |
|    value_loss           | 0.52       |
----------------------------------------
---------------------------------------
| rollout/                |           |
|    ep_len_mean          | 6.91      |
|    ep_rew_mean          | 4.47      |
| time/                   |           |
|    fps                  | 202       |
|    iterations           | 603       |
|    time_elapsed         | 12175     |
|    total_timesteps      | 2469888   |
| train/                  |           |
|    approx_kl            | 0.7105924 |
|    clip_fraction        | 0.757     |
|    clip_range           | 0.2       |
|    entropy_loss         | 3.63      |
|    explained_variance   | 0.977     |
|    learning_rate        | 0.0003    |
|    loss                 | 0.0453    |
|    n_updates            | 6020      |
|    policy_gradient_loss | 0.00626   |
|    std                  | 0.0979    |
|    value_loss           | 0.444     |
---------------------------------------
---------------------------------------
| rollout/                |           |
|    ep_len_mean          | 6.92      |
|    ep_rew_mean          | 4.6       |
| time/                   |           |
|    fps                  | 202       |
|    iterations           | 604       |
|    time_elapsed         | 12191     |
|    total_timesteps      | 2473984   |
| train/                  |           |
|    approx_kl            | 0.6120522 |
|    clip_fraction        | 0.717     |
|    clip_range           | 0.2       |
|    entropy_loss         | 3.62      |
|    explained_variance   | 0.985     |
|    learning_rate        | 0.0003    |
|    loss                 | 0.0721    |
|    n_updates            | 6030      |
|    policy_gradient_loss | -0.028    |
|    std                  | 0.0978    |
|    value_loss           | 0.392     |
---------------------------------------
--------------------------------------
| rollout/                |          |
|    ep_len_mean          | 7.38     |
|    ep_rew_mean          | 4.59     |
| time/                   |          |
|    fps                  | 203      |
|    iterations           | 605      |
|    time_elapsed         | 12207    |
|    total_timesteps      | 2478080  |
| train/                  |          |
|    approx_kl            | 0.762844 |
|    clip_fraction        | 0.721    |
|    clip_range           | 0.2      |
|    entropy_loss         | 3.64     |
|    explained_variance   | 0.973    |
|    learning_rate        | 0.0003   |
|    loss                 | 0.174    |
|    n_updates            | 6040     |
|    policy_gradient_loss | -0.00909 |
|    std                  | 0.0975   |
|    value_loss           | 0.513    |
--------------------------------------
Eval num_timesteps=2480000, episode_reward=5.67 +/- 1.72
Episode length: 7.60 +/- 2.42
---------------------------------------
| eval/                   |           |
|    mean_ep_length       | 7.6       |
|    mean_reward          | 5.67      |
| time/                   |           |
|    total_timesteps      | 2480000   |
| train/                  |           |
|    approx_kl            | 0.8012469 |
|    clip_fraction        | 0.738     |
|    clip_range           | 0.2       |
|    entropy_loss         | 3.64      |
|    explained_variance   | 0.981     |
|    learning_rate        | 0.0003    |
|    loss                 | 0.0593    |
|    n_updates            | 6050      |
|    policy_gradient_loss | -0.00423  |
|    std                  | 0.0978    |
|    value_loss           | 0.395     |
---------------------------------------
---------------------------------
| rollout/           |          |
|    ep_len_mean     | 7.63     |
|    ep_rew_mean     | 5.33     |
| time/              |          |
|    fps             | 203      |
|    iterations      | 606      |
|    time_elapsed    | 12221    |
|    total_timesteps | 2482176  |
---------------------------------
---------------------------------------
| rollout/                |           |
|    ep_len_mean          | 6.89      |
|    ep_rew_mean          | 4.45      |
| time/                   |           |
|    fps                  | 203       |
|    iterations           | 607       |
|    time_elapsed         | 12236     |
|    total_timesteps      | 2486272   |
| train/                  |           |
|    approx_kl            | 0.7768057 |
|    clip_fraction        | 0.725     |
|    clip_range           | 0.2       |
|    entropy_loss         | 3.64      |
|    explained_variance   | 0.975     |
|    learning_rate        | 0.0003    |
|    loss                 | 0.0821    |
|    n_updates            | 6060      |
|    policy_gradient_loss | -0.0126   |
|    std                  | 0.0974    |
|    value_loss           | 0.416     |
---------------------------------------
--------------------------------------
| rollout/                |          |
|    ep_len_mean          | 7.48     |
|    ep_rew_mean          | 5.17     |
| time/                   |          |
|    fps                  | 203      |
|    iterations           | 608      |
|    time_elapsed         | 12251    |
|    total_timesteps      | 2490368  |
| train/                  |          |
|    approx_kl            | 0.90774  |
|    clip_fraction        | 0.731    |
|    clip_range           | 0.2      |
|    entropy_loss         | 3.66     |
|    explained_variance   | 0.978    |
|    learning_rate        | 0.0003   |
|    loss                 | 0.0743   |
|    n_updates            | 6070     |
|    policy_gradient_loss | -0.0185  |
|    std                  | 0.0966   |
|    value_loss           | 0.467    |
--------------------------------------
----------------------------------------
| rollout/                |            |
|    ep_len_mean          | 6.78       |
|    ep_rew_mean          | 4.53       |
| time/                   |            |
|    fps                  | 203        |
|    iterations           | 609        |
|    time_elapsed         | 12266      |
|    total_timesteps      | 2494464    |
| train/                  |            |
|    approx_kl            | 0.82948583 |
|    clip_fraction        | 0.708      |
|    clip_range           | 0.2        |
|    entropy_loss         | 3.68       |
|    explained_variance   | 0.977      |
|    learning_rate        | 0.0003     |
|    loss                 | -0.0268    |
|    n_updates            | 6080       |
|    policy_gradient_loss | -0.0205    |
|    std                  | 0.0966     |
|    value_loss           | 0.443      |
----------------------------------------
----------------------------------------
| rollout/                |            |
|    ep_len_mean          | 7.24       |
|    ep_rew_mean          | 4.8        |
| time/                   |            |
|    fps                  | 203        |
|    iterations           | 610        |
|    time_elapsed         | 12281      |
|    total_timesteps      | 2498560    |
| train/                  |            |
|    approx_kl            | 0.93063235 |
|    clip_fraction        | 0.747      |
|    clip_range           | 0.2        |
|    entropy_loss         | 3.69       |
|    explained_variance   | 0.976      |
|    learning_rate        | 0.0003     |
|    loss                 | -0.00699   |
|    n_updates            | 6090       |
|    policy_gradient_loss | -0.0177    |
|    std                  | 0.0965     |
|    value_loss           | 0.399      |
----------------------------------------
Eval num_timesteps=2500000, episode_reward=2.99 +/- 0.82
Episode length: 5.80 +/- 2.14
----------------------------------------
| eval/                   |            |
|    mean_ep_length       | 5.8        |
|    mean_reward          | 2.99       |
| time/                   |            |
|    total_timesteps      | 2500000    |
| train/                  |            |
|    approx_kl            | 0.89289296 |
|    clip_fraction        | 0.718      |
|    clip_range           | 0.2        |
|    entropy_loss         | 3.7        |
|    explained_variance   | 0.976      |
|    learning_rate        | 0.0003     |
|    loss                 | 0.0573     |
|    n_updates            | 6100       |
|    policy_gradient_loss | -0.0139    |
|    std                  | 0.0961     |
|    value_loss           | 0.523      |
----------------------------------------
---------------------------------
| rollout/           |          |
|    ep_len_mean     | 6.7      |
|    ep_rew_mean     | 4.24     |
| time/              |          |
|    fps             | 203      |
|    iterations      | 611      |
|    time_elapsed    | 12295    |
|    total_timesteps | 2502656  |
---------------------------------
----------------------------------------
| rollout/                |            |
|    ep_len_mean          | 7.09       |
|    ep_rew_mean          | 4.67       |
| time/                   |            |
|    fps                  | 203        |
|    iterations           | 612        |
|    time_elapsed         | 12310      |
|    total_timesteps      | 2506752    |
| train/                  |            |
|    approx_kl            | 0.54358304 |
|    clip_fraction        | 0.696      |
|    clip_range           | 0.2        |
|    entropy_loss         | 3.7        |
|    explained_variance   | 0.974      |
|    learning_rate        | 0.0003     |
|    loss                 | 0.0274     |
|    n_updates            | 6110       |
|    policy_gradient_loss | -0.0296    |
|    std                  | 0.096      |
|    value_loss           | 0.495      |
----------------------------------------
---------------------------------------
| rollout/                |           |
|    ep_len_mean          | 7.18      |
|    ep_rew_mean          | 4.7       |
| time/                   |           |
|    fps                  | 203       |
|    iterations           | 613       |
|    time_elapsed         | 12325     |
|    total_timesteps      | 2510848   |
| train/                  |           |
|    approx_kl            | 0.8321583 |
|    clip_fraction        | 0.737     |
|    clip_range           | 0.2       |
|    entropy_loss         | 3.71      |
|    explained_variance   | 0.98      |
|    learning_rate        | 0.0003    |
|    loss                 | 0.119     |
|    n_updates            | 6120      |
|    policy_gradient_loss | -0.0113   |
|    std                  | 0.0959    |
|    value_loss           | 0.479     |
---------------------------------------
---------------------------------------
| rollout/                |           |
|    ep_len_mean          | 6.97      |
|    ep_rew_mean          | 4.5       |
| time/                   |           |
|    fps                  | 203       |
|    iterations           | 614       |
|    time_elapsed         | 12339     |
|    total_timesteps      | 2514944   |
| train/                  |           |
|    approx_kl            | 0.8935212 |
|    clip_fraction        | 0.736     |
|    clip_range           | 0.2       |
|    entropy_loss         | 3.73      |
|    explained_variance   | 0.978     |
|    learning_rate        | 0.0003    |
|    loss                 | 0.0269    |
|    n_updates            | 6130      |
|    policy_gradient_loss | -0.0141   |
|    std                  | 0.095     |
|    value_loss           | 0.398     |
---------------------------------------
---------------------------------------
| rollout/                |           |
|    ep_len_mean          | 7.31      |
|    ep_rew_mean          | 4.92      |
| time/                   |           |
|    fps                  | 203       |
|    iterations           | 615       |
|    time_elapsed         | 12354     |
|    total_timesteps      | 2519040   |
| train/                  |           |
|    approx_kl            | 0.8320358 |
|    clip_fraction        | 0.737     |
|    clip_range           | 0.2       |
|    entropy_loss         | 3.76      |
|    explained_variance   | 0.979     |
|    learning_rate        | 0.0003    |
|    loss                 | 0.0303    |
|    n_updates            | 6140      |
|    policy_gradient_loss | -0.0164   |
|    std                  | 0.0944    |
|    value_loss           | 0.373     |
---------------------------------------
Eval num_timesteps=2520000, episode_reward=4.70 +/- 2.56
Episode length: 6.60 +/- 3.26
---------------------------------------
| eval/                   |           |
|    mean_ep_length       | 6.6       |
|    mean_reward          | 4.7       |
| time/                   |           |
|    total_timesteps      | 2520000   |
| train/                  |           |
|    approx_kl            | 0.7232163 |
|    clip_fraction        | 0.725     |
|    clip_range           | 0.2       |
|    entropy_loss         | 3.78      |
|    explained_variance   | 0.978     |
|    learning_rate        | 0.0003    |
|    loss                 | 0.0477    |
|    n_updates            | 6150      |
|    policy_gradient_loss | -0.0131   |
|    std                  | 0.0942    |
|    value_loss           | 0.433     |
---------------------------------------
---------------------------------
| rollout/           |          |
|    ep_len_mean     | 7.23     |
|    ep_rew_mean     | 4.95     |
| time/              |          |
|    fps             | 203      |
|    iterations      | 616      |
|    time_elapsed    | 12368    |
|    total_timesteps | 2523136  |
---------------------------------
---------------------------------------
| rollout/                |           |
|    ep_len_mean          | 7.43      |
|    ep_rew_mean          | 4.91      |
| time/                   |           |
|    fps                  | 204       |
|    iterations           | 617       |
|    time_elapsed         | 12385     |
|    total_timesteps      | 2527232   |
| train/                  |           |
|    approx_kl            | 0.6999135 |
|    clip_fraction        | 0.729     |
|    clip_range           | 0.2       |
|    entropy_loss         | 3.79      |
|    explained_variance   | 0.981     |
|    learning_rate        | 0.0003    |
|    loss                 | 0.0814    |
|    n_updates            | 6160      |
|    policy_gradient_loss | -0.0281   |
|    std                  | 0.0938    |
|    value_loss           | 0.374     |
---------------------------------------
---------------------------------------
| rollout/                |           |
|    ep_len_mean          | 7.61      |
|    ep_rew_mean          | 5.2       |
| time/                   |           |
|    fps                  | 204       |
|    iterations           | 618       |
|    time_elapsed         | 12399     |
|    total_timesteps      | 2531328   |
| train/                  |           |
|    approx_kl            | 0.7393757 |
|    clip_fraction        | 0.707     |
|    clip_range           | 0.2       |
|    entropy_loss         | 3.8       |
|    explained_variance   | 0.976     |
|    learning_rate        | 0.0003    |
|    loss                 | 0.124     |
|    n_updates            | 6170      |
|    policy_gradient_loss | -0.02     |
|    std                  | 0.0936    |
|    value_loss           | 0.478     |
---------------------------------------
---------------------------------------
| rollout/                |           |
|    ep_len_mean          | 6.98      |
|    ep_rew_mean          | 4.41      |
| time/                   |           |
|    fps                  | 204       |
|    iterations           | 619       |
|    time_elapsed         | 12414     |
|    total_timesteps      | 2535424   |
| train/                  |           |
|    approx_kl            | 0.7169117 |
|    clip_fraction        | 0.753     |
|    clip_range           | 0.2       |
|    entropy_loss         | 3.8       |
|    explained_variance   | 0.978     |
|    learning_rate        | 0.0003    |
|    loss                 | 0.00823   |
|    n_updates            | 6180      |
|    policy_gradient_loss | 0.0121    |
|    std                  | 0.094     |
|    value_loss           | 0.382     |
---------------------------------------
--------------------------------------
| rollout/                |          |
|    ep_len_mean          | 7.23     |
|    ep_rew_mean          | 4.79     |
| time/                   |          |
|    fps                  | 204      |
|    iterations           | 620      |
|    time_elapsed         | 12429    |
|    total_timesteps      | 2539520  |
| train/                  |          |
|    approx_kl            | 0.781638 |
|    clip_fraction        | 0.736    |
|    clip_range           | 0.2      |
|    entropy_loss         | 3.8      |
|    explained_variance   | 0.977    |
|    learning_rate        | 0.0003   |
|    loss                 | -0.00512 |
|    n_updates            | 6190     |
|    policy_gradient_loss | -0.0108  |
|    std                  | 0.0935   |
|    value_loss           | 0.389    |
--------------------------------------
Eval num_timesteps=2540000, episode_reward=4.38 +/- 2.80
Episode length: 6.40 +/- 1.85
----------------------------------------
| eval/                   |            |
|    mean_ep_length       | 6.4        |
|    mean_reward          | 4.38       |
| time/                   |            |
|    total_timesteps      | 2540000    |
| train/                  |            |
|    approx_kl            | 0.73354816 |
|    clip_fraction        | 0.744      |
|    clip_range           | 0.2        |
|    entropy_loss         | 3.8        |
|    explained_variance   | 0.978      |
|    learning_rate        | 0.0003     |
|    loss                 | -0.0115    |
|    n_updates            | 6200       |
|    policy_gradient_loss | -0.00958   |
|    std                  | 0.0937     |
|    value_loss           | 0.402      |
----------------------------------------
---------------------------------
| rollout/           |          |
|    ep_len_mean     | 7.63     |
|    ep_rew_mean     | 5.09     |
| time/              |          |
|    fps             | 204      |
|    iterations      | 621      |
|    time_elapsed    | 12443    |
|    total_timesteps | 2543616  |
---------------------------------
----------------------------------------
| rollout/                |            |
|    ep_len_mean          | 7.32       |
|    ep_rew_mean          | 4.74       |
| time/                   |            |
|    fps                  | 204        |
|    iterations           | 622        |
|    time_elapsed         | 12458      |
|    total_timesteps      | 2547712    |
| train/                  |            |
|    approx_kl            | 0.74824846 |
|    clip_fraction        | 0.735      |
|    clip_range           | 0.2        |
|    entropy_loss         | 3.81       |
|    explained_variance   | 0.978      |
|    learning_rate        | 0.0003     |
|    loss                 | 0.00478    |
|    n_updates            | 6210       |
|    policy_gradient_loss | -0.0164    |
|    std                  | 0.0935     |
|    value_loss           | 0.368      |
----------------------------------------
---------------------------------------
| rollout/                |           |
|    ep_len_mean          | 7.54      |
|    ep_rew_mean          | 5.2       |
| time/                   |           |
|    fps                  | 204       |
|    iterations           | 623       |
|    time_elapsed         | 12472     |
|    total_timesteps      | 2551808   |
| train/                  |           |
|    approx_kl            | 0.6829097 |
|    clip_fraction        | 0.721     |
|    clip_range           | 0.2       |
|    entropy_loss         | 3.81      |
|    explained_variance   | 0.972     |
|    learning_rate        | 0.0003    |
|    loss                 | 0.0586    |
|    n_updates            | 6220      |
|    policy_gradient_loss | -0.0158   |
|    std                  | 0.0937    |
|    value_loss           | 0.463     |
---------------------------------------
----------------------------------------
| rollout/                |            |
|    ep_len_mean          | 7.4        |
|    ep_rew_mean          | 5.35       |
| time/                   |            |
|    fps                  | 204        |
|    iterations           | 624        |
|    time_elapsed         | 12486      |
|    total_timesteps      | 2555904    |
| train/                  |            |
|    approx_kl            | 0.96752024 |
|    clip_fraction        | 0.758      |
|    clip_range           | 0.2        |
|    entropy_loss         | 3.8        |
|    explained_variance   | 0.975      |
|    learning_rate        | 0.0003     |
|    loss                 | 0.098      |
|    n_updates            | 6230       |
|    policy_gradient_loss | -0.0066    |
|    std                  | 0.0935     |
|    value_loss           | 0.364      |
----------------------------------------
Eval num_timesteps=2560000, episode_reward=3.96 +/- 1.27
Episode length: 7.00 +/- 1.79
---------------------------------------
| eval/                   |           |
|    mean_ep_length       | 7         |
|    mean_reward          | 3.96      |
| time/                   |           |
|    total_timesteps      | 2560000   |
| train/                  |           |
|    approx_kl            | 1.0809014 |
|    clip_fraction        | 0.727     |
|    clip_range           | 0.2       |
|    entropy_loss         | 3.82      |
|    explained_variance   | 0.979     |
|    learning_rate        | 0.0003    |
|    loss                 | 0.0847    |
|    n_updates            | 6240      |
|    policy_gradient_loss | -0.0225   |
|    std                  | 0.0928    |
|    value_loss           | 0.396     |
---------------------------------------
---------------------------------
| rollout/           |          |
|    ep_len_mean     | 6.91     |
|    ep_rew_mean     | 4.63     |
| time/              |          |
|    fps             | 204      |
|    iterations      | 625      |
|    time_elapsed    | 12501    |
|    total_timesteps | 2560000  |
---------------------------------
----------------------------------------
| rollout/                |            |
|    ep_len_mean          | 7.08       |
|    ep_rew_mean          | 4.62       |
| time/                   |            |
|    fps                  | 204        |
|    iterations           | 626        |
|    time_elapsed         | 12516      |
|    total_timesteps      | 2564096    |
| train/                  |            |
|    approx_kl            | 0.91332203 |
|    clip_fraction        | 0.764      |
|    clip_range           | 0.2        |
|    entropy_loss         | 3.85       |
|    explained_variance   | 0.98       |
|    learning_rate        | 0.0003     |
|    loss                 | 0.0451     |
|    n_updates            | 6250       |
|    policy_gradient_loss | -0.0202    |
|    std                  | 0.0922     |
|    value_loss           | 0.372      |
----------------------------------------
--------------------------------------
| rollout/                |          |
|    ep_len_mean          | 7.42     |
|    ep_rew_mean          | 4.66     |
| time/                   |          |
|    fps                  | 204      |
|    iterations           | 627      |
|    time_elapsed         | 12530    |
|    total_timesteps      | 2568192  |
| train/                  |          |
|    approx_kl            | 0.663798 |
|    clip_fraction        | 0.724    |
|    clip_range           | 0.2      |
|    entropy_loss         | 3.86     |
|    explained_variance   | 0.977    |
|    learning_rate        | 0.0003   |
|    loss                 | 0.123    |
|    n_updates            | 6260     |
|    policy_gradient_loss | -0.0259  |
|    std                  | 0.0922   |
|    value_loss           | 0.427    |
--------------------------------------
---------------------------------------
| rollout/                |           |
|    ep_len_mean          | 7.16      |
|    ep_rew_mean          | 4.41      |
| time/                   |           |
|    fps                  | 205       |
|    iterations           | 628       |
|    time_elapsed         | 12545     |
|    total_timesteps      | 2572288   |
| train/                  |           |
|    approx_kl            | 0.6637409 |
|    clip_fraction        | 0.708     |
|    clip_range           | 0.2       |
|    entropy_loss         | 3.88      |
|    explained_variance   | 0.977     |
|    learning_rate        | 0.0003    |
|    loss                 | 0.0327    |
|    n_updates            | 6270      |
|    policy_gradient_loss | -0.0319   |
|    std                  | 0.0916    |
|    value_loss           | 0.463     |
---------------------------------------
----------------------------------------
| rollout/                |            |
|    ep_len_mean          | 6.79       |
|    ep_rew_mean          | 4.13       |
| time/                   |            |
|    fps                  | 205        |
|    iterations           | 629        |
|    time_elapsed         | 12560      |
|    total_timesteps      | 2576384    |
| train/                  |            |
|    approx_kl            | 0.66077113 |
|    clip_fraction        | 0.717      |
|    clip_range           | 0.2        |
|    entropy_loss         | 3.91       |
|    explained_variance   | 0.976      |
|    learning_rate        | 0.0003     |
|    loss                 | 0.0164     |
|    n_updates            | 6280       |
|    policy_gradient_loss | -0.0219    |
|    std                  | 0.0911     |
|    value_loss           | 0.444      |
----------------------------------------
Eval num_timesteps=2580000, episode_reward=5.10 +/- 3.08
Episode length: 6.00 +/- 1.79
---------------------------------------
| eval/                   |           |
|    mean_ep_length       | 6         |
|    mean_reward          | 5.1       |
| time/                   |           |
|    total_timesteps      | 2580000   |
| train/                  |           |
|    approx_kl            | 0.943206  |
|    clip_fraction        | 0.746     |
|    clip_range           | 0.2       |
|    entropy_loss         | 3.91      |
|    explained_variance   | 0.98      |
|    learning_rate        | 0.0003    |
|    loss                 | 0.0386    |
|    n_updates            | 6290      |
|    policy_gradient_loss | -0.000679 |
|    std                  | 0.0909    |
|    value_loss           | 0.376     |
---------------------------------------
---------------------------------
| rollout/           |          |
|    ep_len_mean     | 7.41     |
|    ep_rew_mean     | 5.03     |
| time/              |          |
|    fps             | 205      |
|    iterations      | 630      |
|    time_elapsed    | 12574    |
|    total_timesteps | 2580480  |
---------------------------------
----------------------------------------
| rollout/                |            |
|    ep_len_mean          | 7.21       |
|    ep_rew_mean          | 4.7        |
| time/                   |            |
|    fps                  | 205        |
|    iterations           | 631        |
|    time_elapsed         | 12589      |
|    total_timesteps      | 2584576    |
| train/                  |            |
|    approx_kl            | 0.82589144 |
|    clip_fraction        | 0.743      |
|    clip_range           | 0.2        |
|    entropy_loss         | 3.93       |
|    explained_variance   | 0.982      |
|    learning_rate        | 0.0003     |
|    loss                 | 0.0525     |
|    n_updates            | 6300       |
|    policy_gradient_loss | -0.0147    |
|    std                  | 0.0903     |
|    value_loss           | 0.387      |
----------------------------------------
----------------------------------------
| rollout/                |            |
|    ep_len_mean          | 7.18       |
|    ep_rew_mean          | 4.8        |
| time/                   |            |
|    fps                  | 205        |
|    iterations           | 632        |
|    time_elapsed         | 12605      |
|    total_timesteps      | 2588672    |
| train/                  |            |
|    approx_kl            | 0.97818995 |
|    clip_fraction        | 0.749      |
|    clip_range           | 0.2        |
|    entropy_loss         | 3.95       |
|    explained_variance   | 0.981      |
|    learning_rate        | 0.0003     |
|    loss                 | 0.0201     |
|    n_updates            | 6310       |
|    policy_gradient_loss | -0.0152    |
|    std                  | 0.09       |
|    value_loss           | 0.413      |
----------------------------------------
----------------------------------------
| rollout/                |            |
|    ep_len_mean          | 7.48       |
|    ep_rew_mean          | 5.13       |
| time/                   |            |
|    fps                  | 205        |
|    iterations           | 633        |
|    time_elapsed         | 12619      |
|    total_timesteps      | 2592768    |
| train/                  |            |
|    approx_kl            | 0.76012474 |
|    clip_fraction        | 0.725      |
|    clip_range           | 0.2        |
|    entropy_loss         | 3.96       |
|    explained_variance   | 0.979      |
|    learning_rate        | 0.0003     |
|    loss                 | 0.0286     |
|    n_updates            | 6320       |
|    policy_gradient_loss | -0.0203    |
|    std                  | 0.0899     |
|    value_loss           | 0.432      |
----------------------------------------
---------------------------------------
| rollout/                |           |
|    ep_len_mean          | 6.5       |
|    ep_rew_mean          | 4.48      |
| time/                   |           |
|    fps                  | 205       |
|    iterations           | 634       |
|    time_elapsed         | 12634     |
|    total_timesteps      | 2596864   |
| train/                  |           |
|    approx_kl            | 0.6798861 |
|    clip_fraction        | 0.744     |
|    clip_range           | 0.2       |
|    entropy_loss         | 3.95      |
|    explained_variance   | 0.973     |
|    learning_rate        | 0.0003    |
|    loss                 | 0.036     |
|    n_updates            | 6330      |
|    policy_gradient_loss | -0.0223   |
|    std                  | 0.0903    |
|    value_loss           | 0.452     |
---------------------------------------
Eval num_timesteps=2600000, episode_reward=4.22 +/- 2.15
Episode length: 6.20 +/- 1.33
----------------------------------------
| eval/                   |            |
|    mean_ep_length       | 6.2        |
|    mean_reward          | 4.22       |
| time/                   |            |
|    total_timesteps      | 2600000    |
| train/                  |            |
|    approx_kl            | 0.75150937 |
|    clip_fraction        | 0.75       |
|    clip_range           | 0.2        |
|    entropy_loss         | 3.94       |
|    explained_variance   | 0.983      |
|    learning_rate        | 0.0003     |
|    loss                 | 0.0328     |
|    n_updates            | 6340       |
|    policy_gradient_loss | 0.00149    |
|    std                  | 0.0904     |
|    value_loss           | 0.397      |
----------------------------------------
---------------------------------
| rollout/           |          |
|    ep_len_mean     | 7.1      |
|    ep_rew_mean     | 4.76     |
| time/              |          |
|    fps             | 205      |
|    iterations      | 635      |
|    time_elapsed    | 12649    |
|    total_timesteps | 2600960  |
---------------------------------
----------------------------------------
| rollout/                |            |
|    ep_len_mean          | 7.45       |
|    ep_rew_mean          | 4.91       |
| time/                   |            |
|    fps                  | 205        |
|    iterations           | 636        |
|    time_elapsed         | 12663      |
|    total_timesteps      | 2605056    |
| train/                  |            |
|    approx_kl            | 0.84878564 |
|    clip_fraction        | 0.726      |
|    clip_range           | 0.2        |
|    entropy_loss         | 3.93       |
|    explained_variance   | 0.976      |
|    learning_rate        | 0.0003     |
|    loss                 | -0.0154    |
|    n_updates            | 6350       |
|    policy_gradient_loss | -0.0207    |
|    std                  | 0.0906     |
|    value_loss           | 0.43       |
----------------------------------------
---------------------------------------
| rollout/                |           |
|    ep_len_mean          | 7.3       |
|    ep_rew_mean          | 4.74      |
| time/                   |           |
|    fps                  | 205       |
|    iterations           | 637       |
|    time_elapsed         | 12678     |
|    total_timesteps      | 2609152   |
| train/                  |           |
|    approx_kl            | 0.8913603 |
|    clip_fraction        | 0.718     |
|    clip_range           | 0.2       |
|    entropy_loss         | 3.93      |
|    explained_variance   | 0.977     |
|    learning_rate        | 0.0003    |
|    loss                 | 0.0612    |
|    n_updates            | 6360      |
|    policy_gradient_loss | -0.0141   |
|    std                  | 0.0906    |
|    value_loss           | 0.461     |
---------------------------------------
--------------------------------------
| rollout/                |          |
|    ep_len_mean          | 7.1      |
|    ep_rew_mean          | 4.38     |
| time/                   |          |
|    fps                  | 205      |
|    iterations           | 638      |
|    time_elapsed         | 12693    |
|    total_timesteps      | 2613248  |
| train/                  |          |
|    approx_kl            | 0.581399 |
|    clip_fraction        | 0.727    |
|    clip_range           | 0.2      |
|    entropy_loss         | 3.94     |
|    explained_variance   | 0.978    |
|    learning_rate        | 0.0003   |
|    loss                 | 0.128    |
|    n_updates            | 6370     |
|    policy_gradient_loss | -0.0228  |
|    std                  | 0.0904   |
|    value_loss           | 0.451    |
--------------------------------------
----------------------------------------
| rollout/                |            |
|    ep_len_mean          | 7.01       |
|    ep_rew_mean          | 4.63       |
| time/                   |            |
|    fps                  | 205        |
|    iterations           | 639        |
|    time_elapsed         | 12707      |
|    total_timesteps      | 2617344    |
| train/                  |            |
|    approx_kl            | 0.78082204 |
|    clip_fraction        | 0.737      |
|    clip_range           | 0.2        |
|    entropy_loss         | 3.95       |
|    explained_variance   | 0.979      |
|    learning_rate        | 0.0003     |
|    loss                 | 0.0337     |
|    n_updates            | 6380       |
|    policy_gradient_loss | -0.00237   |
|    std                  | 0.0901     |
|    value_loss           | 0.412      |
----------------------------------------
Eval num_timesteps=2620000, episode_reward=5.78 +/- 3.25
Episode length: 9.80 +/- 2.48
----------------------------------------
| eval/                   |            |
|    mean_ep_length       | 9.8        |
|    mean_reward          | 5.78       |
| time/                   |            |
|    total_timesteps      | 2620000    |
| train/                  |            |
|    approx_kl            | 0.97933763 |
|    clip_fraction        | 0.763      |
|    clip_range           | 0.2        |
|    entropy_loss         | 3.94       |
|    explained_variance   | 0.978      |
|    learning_rate        | 0.0003     |
|    loss                 | 0.0573     |
|    n_updates            | 6390       |
|    policy_gradient_loss | -0.0136    |
|    std                  | 0.0905     |
|    value_loss           | 0.358      |
----------------------------------------
---------------------------------
| rollout/           |          |
|    ep_len_mean     | 7        |
|    ep_rew_mean     | 4.73     |
| time/              |          |
|    fps             | 206      |
|    iterations      | 640      |
|    time_elapsed    | 12721    |
|    total_timesteps | 2621440  |
---------------------------------
---------------------------------------
| rollout/                |           |
|    ep_len_mean          | 7.28      |
|    ep_rew_mean          | 4.78      |
| time/                   |           |
|    fps                  | 206       |
|    iterations           | 641       |
|    time_elapsed         | 12736     |
|    total_timesteps      | 2625536   |
| train/                  |           |
|    approx_kl            | 0.7509271 |
|    clip_fraction        | 0.739     |
|    clip_range           | 0.2       |
|    entropy_loss         | 3.94      |
|    explained_variance   | 0.977     |
|    learning_rate        | 0.0003    |
|    loss                 | 0.015     |
|    n_updates            | 6400      |
|    policy_gradient_loss | -0.0135   |
|    std                  | 0.0904    |
|    value_loss           | 0.447     |
---------------------------------------
----------------------------------------
| rollout/                |            |
|    ep_len_mean          | 6.93       |
|    ep_rew_mean          | 4.86       |
| time/                   |            |
|    fps                  | 206        |
|    iterations           | 642        |
|    time_elapsed         | 12753      |
|    total_timesteps      | 2629632    |
| train/                  |            |
|    approx_kl            | 0.65858567 |
|    clip_fraction        | 0.743      |
|    clip_range           | 0.2        |
|    entropy_loss         | 3.93       |
|    explained_variance   | 0.981      |
|    learning_rate        | 0.0003     |
|    loss                 | 0.0339     |
|    n_updates            | 6410       |
|    policy_gradient_loss | -0.0239    |
|    std                  | 0.0907     |
|    value_loss           | 0.368      |
----------------------------------------
---------------------------------------
| rollout/                |           |
|    ep_len_mean          | 6.83      |
|    ep_rew_mean          | 4.62      |
| time/                   |           |
|    fps                  | 206       |
|    iterations           | 643       |
|    time_elapsed         | 12770     |
|    total_timesteps      | 2633728   |
| train/                  |           |
|    approx_kl            | 0.6232344 |
|    clip_fraction        | 0.713     |
|    clip_range           | 0.2       |
|    entropy_loss         | 3.94      |
|    explained_variance   | 0.98      |
|    learning_rate        | 0.0003    |
|    loss                 | 0.0336    |
|    n_updates            | 6420      |
|    policy_gradient_loss | -0.0274   |
|    std                  | 0.0903    |
|    value_loss           | 0.409     |
---------------------------------------
---------------------------------------
| rollout/                |           |
|    ep_len_mean          | 7.19      |
|    ep_rew_mean          | 4.56      |
| time/                   |           |
|    fps                  | 206       |
|    iterations           | 644       |
|    time_elapsed         | 12789     |
|    total_timesteps      | 2637824   |
| train/                  |           |
|    approx_kl            | 0.8747845 |
|    clip_fraction        | 0.741     |
|    clip_range           | 0.2       |
|    entropy_loss         | 3.95      |
|    explained_variance   | 0.979     |
|    learning_rate        | 0.0003    |
|    loss                 | 0.0553    |
|    n_updates            | 6430      |
|    policy_gradient_loss | -0.0115   |
|    std                  | 0.0902    |
|    value_loss           | 0.429     |
---------------------------------------
Eval num_timesteps=2640000, episode_reward=4.26 +/- 2.34
Episode length: 6.40 +/- 2.24
----------------------------------------
| eval/                   |            |
|    mean_ep_length       | 6.4        |
|    mean_reward          | 4.26       |
| time/                   |            |
|    total_timesteps      | 2640000    |
| train/                  |            |
|    approx_kl            | 0.80136824 |
|    clip_fraction        | 0.711      |
|    clip_range           | 0.2        |
|    entropy_loss         | 3.97       |
|    explained_variance   | 0.971      |
|    learning_rate        | 0.0003     |
|    loss                 | 0.118      |
|    n_updates            | 6440       |
|    policy_gradient_loss | -0.0197    |
|    std                  | 0.0897     |
|    value_loss           | 0.499      |
----------------------------------------
---------------------------------
| rollout/           |          |
|    ep_len_mean     | 7.05     |
|    ep_rew_mean     | 4.49     |
| time/              |          |
|    fps             | 206      |
|    iterations      | 645      |
|    time_elapsed    | 12804    |
|    total_timesteps | 2641920  |
---------------------------------
--------------------------------------
| rollout/                |          |
|    ep_len_mean          | 7.34     |
|    ep_rew_mean          | 4.88     |
| time/                   |          |
|    fps                  | 206      |
|    iterations           | 646      |
|    time_elapsed         | 12819    |
|    total_timesteps      | 2646016  |
| train/                  |          |
|    approx_kl            | 0.911572 |
|    clip_fraction        | 0.746    |
|    clip_range           | 0.2      |
|    entropy_loss         | 3.99     |
|    explained_variance   | 0.982    |
|    learning_rate        | 0.0003   |
|    loss                 | 0.00148  |
|    n_updates            | 6450     |
|    policy_gradient_loss | -0.0153  |
|    std                  | 0.089    |
|    value_loss           | 0.356    |
--------------------------------------
--------------------------------------
| rollout/                |          |
|    ep_len_mean          | 6.96     |
|    ep_rew_mean          | 4.52     |
| time/                   |          |
|    fps                  | 206      |
|    iterations           | 647      |
|    time_elapsed         | 12834    |
|    total_timesteps      | 2650112  |
| train/                  |          |
|    approx_kl            | 1.060061 |
|    clip_fraction        | 0.755    |
|    clip_range           | 0.2      |
|    entropy_loss         | 4.02     |
|    explained_variance   | 0.975    |
|    learning_rate        | 0.0003   |
|    loss                 | 0.121    |
|    n_updates            | 6460     |
|    policy_gradient_loss | -0.00118 |
|    std                  | 0.0885   |
|    value_loss           | 0.424    |
--------------------------------------
---------------------------------------
| rollout/                |           |
|    ep_len_mean          | 7.19      |
|    ep_rew_mean          | 4.54      |
| time/                   |           |
|    fps                  | 206       |
|    iterations           | 648       |
|    time_elapsed         | 12849     |
|    total_timesteps      | 2654208   |
| train/                  |           |
|    approx_kl            | 0.8911871 |
|    clip_fraction        | 0.746     |
|    clip_range           | 0.2       |
|    entropy_loss         | 4.04      |
|    explained_variance   | 0.98      |
|    learning_rate        | 0.0003    |
|    loss                 | 0.0917    |
|    n_updates            | 6470      |
|    policy_gradient_loss | -0.0106   |
|    std                  | 0.0881    |
|    value_loss           | 0.398     |
---------------------------------------
---------------------------------------
| rollout/                |           |
|    ep_len_mean          | 7.41      |
|    ep_rew_mean          | 4.79      |
| time/                   |           |
|    fps                  | 206       |
|    iterations           | 649       |
|    time_elapsed         | 12866     |
|    total_timesteps      | 2658304   |
| train/                  |           |
|    approx_kl            | 0.7924204 |
|    clip_fraction        | 0.749     |
|    clip_range           | 0.2       |
|    entropy_loss         | 4.04      |
|    explained_variance   | 0.975     |
|    learning_rate        | 0.0003    |
|    loss                 | 0.1       |
|    n_updates            | 6480      |
|    policy_gradient_loss | 0.000683  |
|    std                  | 0.0884    |
|    value_loss           | 0.432     |
---------------------------------------
Eval num_timesteps=2660000, episode_reward=4.90 +/- 2.78
Episode length: 6.60 +/- 3.26
----------------------------------------
| eval/                   |            |
|    mean_ep_length       | 6.6        |
|    mean_reward          | 4.9        |
| time/                   |            |
|    total_timesteps      | 2660000    |
| train/                  |            |
|    approx_kl            | 0.73565173 |
|    clip_fraction        | 0.741      |
|    clip_range           | 0.2        |
|    entropy_loss         | 4.05       |
|    explained_variance   | 0.973      |
|    learning_rate        | 0.0003     |
|    loss                 | 0.0225     |
|    n_updates            | 6490       |
|    policy_gradient_loss | -0.00782   |
|    std                  | 0.0879     |
|    value_loss           | 0.527      |
----------------------------------------
---------------------------------
| rollout/           |          |
|    ep_len_mean     | 7.21     |
|    ep_rew_mean     | 4.83     |
| time/              |          |
|    fps             | 206      |
|    iterations      | 650      |
|    time_elapsed    | 12883    |
|    total_timesteps | 2662400  |
---------------------------------
---------------------------------------
| rollout/                |           |
|    ep_len_mean          | 7.33      |
|    ep_rew_mean          | 4.7       |
| time/                   |           |
|    fps                  | 206       |
|    iterations           | 651       |
|    time_elapsed         | 12898     |
|    total_timesteps      | 2666496   |
| train/                  |           |
|    approx_kl            | 0.7233455 |
|    clip_fraction        | 0.739     |
|    clip_range           | 0.2       |
|    entropy_loss         | 4.06      |
|    explained_variance   | 0.97      |
|    learning_rate        | 0.0003    |
|    loss                 | 0.0504    |
|    n_updates            | 6500      |
|    policy_gradient_loss | -0.00728  |
|    std                  | 0.0879    |
|    value_loss           | 0.415     |
---------------------------------------
---------------------------------------
| rollout/                |           |
|    ep_len_mean          | 7.16      |
|    ep_rew_mean          | 4.83      |
| time/                   |           |
|    fps                  | 206       |
|    iterations           | 652       |
|    time_elapsed         | 12912     |
|    total_timesteps      | 2670592   |
| train/                  |           |
|    approx_kl            | 0.5584826 |
|    clip_fraction        | 0.713     |
|    clip_range           | 0.2       |
|    entropy_loss         | 4.06      |
|    explained_variance   | 0.965     |
|    learning_rate        | 0.0003    |
|    loss                 | 0.12      |
|    n_updates            | 6510      |
|    policy_gradient_loss | -0.0239   |
|    std                  | 0.0879    |
|    value_loss           | 0.512     |
---------------------------------------
---------------------------------------
| rollout/                |           |
|    ep_len_mean          | 7.48      |
|    ep_rew_mean          | 4.65      |
| time/                   |           |
|    fps                  | 206       |
|    iterations           | 653       |
|    time_elapsed         | 12927     |
|    total_timesteps      | 2674688   |
| train/                  |           |
|    approx_kl            | 0.8838427 |
|    clip_fraction        | 0.732     |
|    clip_range           | 0.2       |
|    entropy_loss         | 4.06      |
|    explained_variance   | 0.959     |
|    learning_rate        | 0.0003    |
|    loss                 | 0.0614    |
|    n_updates            | 6520      |
|    policy_gradient_loss | -0.00265  |
|    std                  | 0.0879    |
|    value_loss           | 0.647     |
---------------------------------------
---------------------------------------
| rollout/                |           |
|    ep_len_mean          | 7.51      |
|    ep_rew_mean          | 4.88      |
| time/                   |           |
|    fps                  | 206       |
|    iterations           | 654       |
|    time_elapsed         | 12941     |
|    total_timesteps      | 2678784   |
| train/                  |           |
|    approx_kl            | 0.8146432 |
|    clip_fraction        | 0.725     |
|    clip_range           | 0.2       |
|    entropy_loss         | 4.06      |
|    explained_variance   | 0.966     |
|    learning_rate        | 0.0003    |
|    loss                 | 0.0937    |
|    n_updates            | 6530      |
|    policy_gradient_loss | -0.0153   |
|    std                  | 0.0879    |
|    value_loss           | 0.532     |
---------------------------------------
Eval num_timesteps=2680000, episode_reward=6.44 +/- 4.21
Episode length: 6.40 +/- 2.87
---------------------------------------
| eval/                   |           |
|    mean_ep_length       | 6.4       |
|    mean_reward          | 6.44      |
| time/                   |           |
|    total_timesteps      | 2680000   |
| train/                  |           |
|    approx_kl            | 1.1263671 |
|    clip_fraction        | 0.755     |
|    clip_range           | 0.2       |
|    entropy_loss         | 4.06      |
|    explained_variance   | 0.955     |
|    learning_rate        | 0.0003    |
|    loss                 | 0.029     |
|    n_updates            | 6540      |
|    policy_gradient_loss | 0.00654   |
|    std                  | 0.0878    |
|    value_loss           | 0.516     |
---------------------------------------
---------------------------------
| rollout/           |          |
|    ep_len_mean     | 7.46     |
|    ep_rew_mean     | 4.81     |
| time/              |          |
|    fps             | 207      |
|    iterations      | 655      |
|    time_elapsed    | 12956    |
|    total_timesteps | 2682880  |
---------------------------------
---------------------------------------
| rollout/                |           |
|    ep_len_mean          | 6.94      |
|    ep_rew_mean          | 4.31      |
| time/                   |           |
|    fps                  | 207       |
|    iterations           | 656       |
|    time_elapsed         | 12971     |
|    total_timesteps      | 2686976   |
| train/                  |           |
|    approx_kl            | 1.0251018 |
|    clip_fraction        | 0.747     |
|    clip_range           | 0.2       |
|    entropy_loss         | 4.06      |
|    explained_variance   | 0.973     |
|    learning_rate        | 0.0003    |
|    loss                 | 0.191     |
|    n_updates            | 6550      |
|    policy_gradient_loss | 0.0173    |
|    std                  | 0.0879    |
|    value_loss           | 0.498     |
---------------------------------------
----------------------------------------
| rollout/                |            |
|    ep_len_mean          | 7.3        |
|    ep_rew_mean          | 5.13       |
| time/                   |            |
|    fps                  | 207        |
|    iterations           | 657        |
|    time_elapsed         | 12986      |
|    total_timesteps      | 2691072    |
| train/                  |            |
|    approx_kl            | 0.96477026 |
|    clip_fraction        | 0.74       |
|    clip_range           | 0.2        |
|    entropy_loss         | 4.07       |
|    explained_variance   | 0.959      |
|    learning_rate        | 0.0003     |
|    loss                 | 0.14       |
|    n_updates            | 6560       |
|    policy_gradient_loss | -0.0107    |
|    std                  | 0.0876     |
|    value_loss           | 0.551      |
----------------------------------------
---------------------------------------
| rollout/                |           |
|    ep_len_mean          | 6.72      |
|    ep_rew_mean          | 4.04      |
| time/                   |           |
|    fps                  | 207       |
|    iterations           | 658       |
|    time_elapsed         | 13001     |
|    total_timesteps      | 2695168   |
| train/                  |           |
|    approx_kl            | 1.0080813 |
|    clip_fraction        | 0.746     |
|    clip_range           | 0.2       |
|    entropy_loss         | 4.07      |
|    explained_variance   | 0.972     |
|    learning_rate        | 0.0003    |
|    loss                 | 0.0329    |
|    n_updates            | 6570      |
|    policy_gradient_loss | -0.0134   |
|    std                  | 0.0877    |
|    value_loss           | 0.425     |
---------------------------------------
----------------------------------------
| rollout/                |            |
|    ep_len_mean          | 6.77       |
|    ep_rew_mean          | 4.57       |
| time/                   |            |
|    fps                  | 207        |
|    iterations           | 659        |
|    time_elapsed         | 13015      |
|    total_timesteps      | 2699264    |
| train/                  |            |
|    approx_kl            | 0.94756293 |
|    clip_fraction        | 0.735      |
|    clip_range           | 0.2        |
|    entropy_loss         | 4.07       |
|    explained_variance   | 0.972      |
|    learning_rate        | 0.0003     |
|    loss                 | 0.0695     |
|    n_updates            | 6580       |
|    policy_gradient_loss | -0.0194    |
|    std                  | 0.0875     |
|    value_loss           | 0.482      |
----------------------------------------
Eval num_timesteps=2700000, episode_reward=7.64 +/- 2.44
Episode length: 8.80 +/- 3.19
---------------------------------------
| eval/                   |           |
|    mean_ep_length       | 8.8       |
|    mean_reward          | 7.64      |
| time/                   |           |
|    total_timesteps      | 2700000   |
| train/                  |           |
|    approx_kl            | 0.9235796 |
|    clip_fraction        | 0.739     |
|    clip_range           | 0.2       |
|    entropy_loss         | 4.09      |
|    explained_variance   | 0.967     |
|    learning_rate        | 0.0003    |
|    loss                 | 0.108     |
|    n_updates            | 6590      |
|    policy_gradient_loss | -0.023    |
|    std                  | 0.0871    |
|    value_loss           | 0.45      |
---------------------------------------
---------------------------------
| rollout/           |          |
|    ep_len_mean     | 6.91     |
|    ep_rew_mean     | 4.56     |
| time/              |          |
|    fps             | 207      |
|    iterations      | 660      |
|    time_elapsed    | 13030    |
|    total_timesteps | 2703360  |
---------------------------------
---------------------------------------
| rollout/                |           |
|    ep_len_mean          | 6.93      |
|    ep_rew_mean          | 4.32      |
| time/                   |           |
|    fps                  | 207       |
|    iterations           | 661       |
|    time_elapsed         | 13045     |
|    total_timesteps      | 2707456   |
| train/                  |           |
|    approx_kl            | 1.2324033 |
|    clip_fraction        | 0.788     |
|    clip_range           | 0.2       |
|    entropy_loss         | 4.1       |
|    explained_variance   | 0.964     |
|    learning_rate        | 0.0003    |
|    loss                 | 0.066     |
|    n_updates            | 6600      |
|    policy_gradient_loss | 0.000844  |
|    std                  | 0.087     |
|    value_loss           | 0.462     |
---------------------------------------
---------------------------------------
| rollout/                |           |
|    ep_len_mean          | 7.04      |
|    ep_rew_mean          | 4.51      |
| time/                   |           |
|    fps                  | 207       |
|    iterations           | 662       |
|    time_elapsed         | 13060     |
|    total_timesteps      | 2711552   |
| train/                  |           |
|    approx_kl            | 0.7340646 |
|    clip_fraction        | 0.724     |
|    clip_range           | 0.2       |
|    entropy_loss         | 4.11      |
|    explained_variance   | 0.968     |
|    learning_rate        | 0.0003    |
|    loss                 | 0.0768    |
|    n_updates            | 6610      |
|    policy_gradient_loss | -0.0282   |
|    std                  | 0.0866    |
|    value_loss           | 0.552     |
---------------------------------------
---------------------------------------
| rollout/                |           |
|    ep_len_mean          | 6.87      |
|    ep_rew_mean          | 4.44      |
| time/                   |           |
|    fps                  | 207       |
|    iterations           | 663       |
|    time_elapsed         | 13075     |
|    total_timesteps      | 2715648   |
| train/                  |           |
|    approx_kl            | 1.4540677 |
|    clip_fraction        | 0.759     |
|    clip_range           | 0.2       |
|    entropy_loss         | 4.13      |
|    explained_variance   | 0.964     |
|    learning_rate        | 0.0003    |
|    loss                 | 0.119     |
|    n_updates            | 6620      |
|    policy_gradient_loss | -0.00452  |
|    std                  | 0.0861    |
|    value_loss           | 0.464     |
---------------------------------------
---------------------------------------
| rollout/                |           |
|    ep_len_mean          | 7.1       |
|    ep_rew_mean          | 4.46      |
| time/                   |           |
|    fps                  | 207       |
|    iterations           | 664       |
|    time_elapsed         | 13090     |
|    total_timesteps      | 2719744   |
| train/                  |           |
|    approx_kl            | 0.9365739 |
|    clip_fraction        | 0.746     |
|    clip_range           | 0.2       |
|    entropy_loss         | 4.14      |
|    explained_variance   | 0.97      |
|    learning_rate        | 0.0003    |
|    loss                 | 0.0849    |
|    n_updates            | 6630      |
|    policy_gradient_loss | -0.0278   |
|    std                  | 0.0858    |
|    value_loss           | 0.434     |
---------------------------------------
Eval num_timesteps=2720000, episode_reward=5.15 +/- 2.94
Episode length: 6.20 +/- 1.72
--------------------------------------
| eval/                   |          |
|    mean_ep_length       | 6.2      |
|    mean_reward          | 5.15     |
| time/                   |          |
|    total_timesteps      | 2720000  |
| train/                  |          |
|    approx_kl            | 0.85614  |
|    clip_fraction        | 0.759    |
|    clip_range           | 0.2      |
|    entropy_loss         | 4.16     |
|    explained_variance   | 0.962    |
|    learning_rate        | 0.0003   |
|    loss                 | 0.113    |
|    n_updates            | 6640     |
|    policy_gradient_loss | 0.00345  |
|    std                  | 0.0856   |
|    value_loss           | 0.553    |
--------------------------------------
---------------------------------
| rollout/           |          |
|    ep_len_mean     | 6.89     |
|    ep_rew_mean     | 4.47     |
| time/              |          |
|    fps             | 207      |
|    iterations      | 665      |
|    time_elapsed    | 13105    |
|    total_timesteps | 2723840  |
---------------------------------
---------------------------------------
| rollout/                |           |
|    ep_len_mean          | 7.21      |
|    ep_rew_mean          | 4.52      |
| time/                   |           |
|    fps                  | 207       |
|    iterations           | 666       |
|    time_elapsed         | 13120     |
|    total_timesteps      | 2727936   |
| train/                  |           |
|    approx_kl            | 1.1143754 |
|    clip_fraction        | 0.771     |
|    clip_range           | 0.2       |
|    entropy_loss         | 4.16      |
|    explained_variance   | 0.949     |
|    learning_rate        | 0.0003    |
|    loss                 | 0.211     |
|    n_updates            | 6650      |
|    policy_gradient_loss | -0.00515  |
|    std                  | 0.0856    |
|    value_loss           | 0.516     |
---------------------------------------
---------------------------------------
| rollout/                |           |
|    ep_len_mean          | 7.19      |
|    ep_rew_mean          | 4.66      |
| time/                   |           |
|    fps                  | 207       |
|    iterations           | 667       |
|    time_elapsed         | 13135     |
|    total_timesteps      | 2732032   |
| train/                  |           |
|    approx_kl            | 1.0393682 |
|    clip_fraction        | 0.774     |
|    clip_range           | 0.2       |
|    entropy_loss         | 4.16      |
|    explained_variance   | 0.972     |
|    learning_rate        | 0.0003    |
|    loss                 | 0.13      |
|    n_updates            | 6660      |
|    policy_gradient_loss | -0.00566  |
|    std                  | 0.0855    |
|    value_loss           | 0.364     |
---------------------------------------
----------------------------------------
| rollout/                |            |
|    ep_len_mean          | 7.06       |
|    ep_rew_mean          | 4.68       |
| time/                   |            |
|    fps                  | 208        |
|    iterations           | 668        |
|    time_elapsed         | 13150      |
|    total_timesteps      | 2736128    |
| train/                  |            |
|    approx_kl            | 0.75475377 |
|    clip_fraction        | 0.739      |
|    clip_range           | 0.2        |
|    entropy_loss         | 4.16       |
|    explained_variance   | 0.965      |
|    learning_rate        | 0.0003     |
|    loss                 | 0.0475     |
|    n_updates            | 6670       |
|    policy_gradient_loss | -0.0228    |
|    std                  | 0.0854     |
|    value_loss           | 0.456      |
----------------------------------------
Eval num_timesteps=2740000, episode_reward=2.59 +/- 0.36
Episode length: 5.60 +/- 1.02
---------------------------------------
| eval/                   |           |
|    mean_ep_length       | 5.6       |
|    mean_reward          | 2.59      |
| time/                   |           |
|    total_timesteps      | 2740000   |
| train/                  |           |
|    approx_kl            | 0.8948393 |
|    clip_fraction        | 0.747     |
|    clip_range           | 0.2       |
|    entropy_loss         | 4.18      |
|    explained_variance   | 0.962     |
|    learning_rate        | 0.0003    |
|    loss                 | 0.103     |
|    n_updates            | 6680      |
|    policy_gradient_loss | -0.019    |
|    std                  | 0.0853    |
|    value_loss           | 0.513     |
---------------------------------------
---------------------------------
| rollout/           |          |
|    ep_len_mean     | 7.31     |
|    ep_rew_mean     | 4.57     |
| time/              |          |
|    fps             | 208      |
|    iterations      | 669      |
|    time_elapsed    | 13164    |
|    total_timesteps | 2740224  |
---------------------------------
----------------------------------------
| rollout/                |            |
|    ep_len_mean          | 6.93       |
|    ep_rew_mean          | 4.67       |
| time/                   |            |
|    fps                  | 208        |
|    iterations           | 670        |
|    time_elapsed         | 13180      |
|    total_timesteps      | 2744320    |
| train/                  |            |
|    approx_kl            | 0.80646193 |
|    clip_fraction        | 0.755      |
|    clip_range           | 0.2        |
|    entropy_loss         | 4.18       |
|    explained_variance   | 0.962      |
|    learning_rate        | 0.0003     |
|    loss                 | 0.0217     |
|    n_updates            | 6690       |
|    policy_gradient_loss | -0.0102    |
|    std                  | 0.085      |
|    value_loss           | 0.515      |
----------------------------------------
----------------------------------------
| rollout/                |            |
|    ep_len_mean          | 7.45       |
|    ep_rew_mean          | 5.19       |
| time/                   |            |
|    fps                  | 208        |
|    iterations           | 671        |
|    time_elapsed         | 13194      |
|    total_timesteps      | 2748416    |
| train/                  |            |
|    approx_kl            | 0.85693234 |
|    clip_fraction        | 0.754      |
|    clip_range           | 0.2        |
|    entropy_loss         | 4.2        |
|    explained_variance   | 0.953      |
|    learning_rate        | 0.0003     |
|    loss                 | 0.156      |
|    n_updates            | 6700       |
|    policy_gradient_loss | -0.0128    |
|    std                  | 0.0846     |
|    value_loss           | 0.508      |
----------------------------------------
----------------------------------------
| rollout/                |            |
|    ep_len_mean          | 7.15       |
|    ep_rew_mean          | 4.76       |
| time/                   |            |
|    fps                  | 208        |
|    iterations           | 672        |
|    time_elapsed         | 13209      |
|    total_timesteps      | 2752512    |
| train/                  |            |
|    approx_kl            | 0.89507353 |
|    clip_fraction        | 0.757      |
|    clip_range           | 0.2        |
|    entropy_loss         | 4.21       |
|    explained_variance   | 0.956      |
|    learning_rate        | 0.0003     |
|    loss                 | 0.0114     |
|    n_updates            | 6710       |
|    policy_gradient_loss | 0.00567    |
|    std                  | 0.0843     |
|    value_loss           | 0.516      |
----------------------------------------
---------------------------------------
| rollout/                |           |
|    ep_len_mean          | 7.06      |
|    ep_rew_mean          | 4.26      |
| time/                   |           |
|    fps                  | 208       |
|    iterations           | 673       |
|    time_elapsed         | 13227     |
|    total_timesteps      | 2756608   |
| train/                  |           |
|    approx_kl            | 0.9673728 |
|    clip_fraction        | 0.758     |
|    clip_range           | 0.2       |
|    entropy_loss         | 4.23      |
|    explained_variance   | 0.954     |
|    learning_rate        | 0.0003    |
|    loss                 | 0.0469    |
|    n_updates            | 6720      |
|    policy_gradient_loss | -0.0211   |
|    std                  | 0.084     |
|    value_loss           | 0.465     |
---------------------------------------
Eval num_timesteps=2760000, episode_reward=5.37 +/- 2.30
Episode length: 7.00 +/- 1.26
---------------------------------------
| eval/                   |           |
|    mean_ep_length       | 7         |
|    mean_reward          | 5.37      |
| time/                   |           |
|    total_timesteps      | 2760000   |
| train/                  |           |
|    approx_kl            | 0.7187437 |
|    clip_fraction        | 0.729     |
|    clip_range           | 0.2       |
|    entropy_loss         | 4.23      |
|    explained_variance   | 0.959     |
|    learning_rate        | 0.0003    |
|    loss                 | 0.0226    |
|    n_updates            | 6730      |
|    policy_gradient_loss | -0.0184   |
|    std                  | 0.0839    |
|    value_loss           | 0.453     |
---------------------------------------
---------------------------------
| rollout/           |          |
|    ep_len_mean     | 6.69     |
|    ep_rew_mean     | 4.56     |
| time/              |          |
|    fps             | 208      |
|    iterations      | 674      |
|    time_elapsed    | 13242    |
|    total_timesteps | 2760704  |
---------------------------------
---------------------------------------
| rollout/                |           |
|    ep_len_mean          | 7.25      |
|    ep_rew_mean          | 4.86      |
| time/                   |           |
|    fps                  | 208       |
|    iterations           | 675       |
|    time_elapsed         | 13257     |
|    total_timesteps      | 2764800   |
| train/                  |           |
|    approx_kl            | 0.8530798 |
|    clip_fraction        | 0.758     |
|    clip_range           | 0.2       |
|    entropy_loss         | 4.24      |
|    explained_variance   | 0.944     |
|    learning_rate        | 0.0003    |
|    loss                 | 0.00747   |
|    n_updates            | 6740      |
|    policy_gradient_loss | -0.0123   |
|    std                  | 0.0839    |
|    value_loss           | 0.485     |
---------------------------------------
---------------------------------------
| rollout/                |           |
|    ep_len_mean          | 7.08      |
|    ep_rew_mean          | 4.74      |
| time/                   |           |
|    fps                  | 208       |
|    iterations           | 676       |
|    time_elapsed         | 13272     |
|    total_timesteps      | 2768896   |
| train/                  |           |
|    approx_kl            | 0.9662374 |
|    clip_fraction        | 0.76      |
|    clip_range           | 0.2       |
|    entropy_loss         | 4.24      |
|    explained_variance   | 0.954     |
|    learning_rate        | 0.0003    |
|    loss                 | 0.0583    |
|    n_updates            | 6750      |
|    policy_gradient_loss | -0.013    |
|    std                  | 0.0838    |
|    value_loss           | 0.493     |
---------------------------------------
---------------------------------------
| rollout/                |           |
|    ep_len_mean          | 7.2       |
|    ep_rew_mean          | 4.31      |
| time/                   |           |
|    fps                  | 208       |
|    iterations           | 677       |
|    time_elapsed         | 13287     |
|    total_timesteps      | 2772992   |
| train/                  |           |
|    approx_kl            | 0.8212265 |
|    clip_fraction        | 0.746     |
|    clip_range           | 0.2       |
|    entropy_loss         | 4.24      |
|    explained_variance   | 0.937     |
|    learning_rate        | 0.0003    |
|    loss                 | 0.0766    |
|    n_updates            | 6760      |
|    policy_gradient_loss | -0.00473  |
|    std                  | 0.084     |
|    value_loss           | 0.654     |
---------------------------------------
---------------------------------------
| rollout/                |           |
|    ep_len_mean          | 6.95      |
|    ep_rew_mean          | 4.84      |
| time/                   |           |
|    fps                  | 208       |
|    iterations           | 678       |
|    time_elapsed         | 13302     |
|    total_timesteps      | 2777088   |
| train/                  |           |
|    approx_kl            | 0.8770908 |
|    clip_fraction        | 0.771     |
|    clip_range           | 0.2       |
|    entropy_loss         | 4.24      |
|    explained_variance   | 0.953     |
|    learning_rate        | 0.0003    |
|    loss                 | 0.206     |
|    n_updates            | 6770      |
|    policy_gradient_loss | -0.017    |
|    std                  | 0.0837    |
|    value_loss           | 0.517     |
---------------------------------------
Eval num_timesteps=2780000, episode_reward=5.79 +/- 3.96
Episode length: 6.80 +/- 2.32
--------------------------------------
| eval/                   |          |
|    mean_ep_length       | 6.8      |
|    mean_reward          | 5.79     |
| time/                   |          |
|    total_timesteps      | 2780000  |
| train/                  |          |
|    approx_kl            | 0.744903 |
|    clip_fraction        | 0.747    |
|    clip_range           | 0.2      |
|    entropy_loss         | 4.25     |
|    explained_variance   | 0.956    |
|    learning_rate        | 0.0003   |
|    loss                 | 0.0587   |
|    n_updates            | 6780     |
|    policy_gradient_loss | -0.0178  |
|    std                  | 0.0836   |
|    value_loss           | 0.498    |
--------------------------------------
---------------------------------
| rollout/           |          |
|    ep_len_mean     | 7.11     |
|    ep_rew_mean     | 4.46     |
| time/              |          |
|    fps             | 208      |
|    iterations      | 679      |
|    time_elapsed    | 13316    |
|    total_timesteps | 2781184  |
---------------------------------
---------------------------------------
| rollout/                |           |
|    ep_len_mean          | 6.88      |
|    ep_rew_mean          | 4.9       |
| time/                   |           |
|    fps                  | 208       |
|    iterations           | 680       |
|    time_elapsed         | 13331     |
|    total_timesteps      | 2785280   |
| train/                  |           |
|    approx_kl            | 1.2282789 |
|    clip_fraction        | 0.782     |
|    clip_range           | 0.2       |
|    entropy_loss         | 4.25      |
|    explained_variance   | 0.95      |
|    learning_rate        | 0.0003    |
|    loss                 | 0.0633    |
|    n_updates            | 6790      |
|    policy_gradient_loss | 0.00403   |
|    std                  | 0.0835    |
|    value_loss           | 0.485     |
---------------------------------------
---------------------------------------
| rollout/                |           |
|    ep_len_mean          | 7.29      |
|    ep_rew_mean          | 4.78      |
| time/                   |           |
|    fps                  | 208       |
|    iterations           | 681       |
|    time_elapsed         | 13346     |
|    total_timesteps      | 2789376   |
| train/                  |           |
|    approx_kl            | 0.9280778 |
|    clip_fraction        | 0.757     |
|    clip_range           | 0.2       |
|    entropy_loss         | 4.26      |
|    explained_variance   | 0.948     |
|    learning_rate        | 0.0003    |
|    loss                 | 0.148     |
|    n_updates            | 6800      |
|    policy_gradient_loss | 0.00494   |
|    std                  | 0.0833    |
|    value_loss           | 0.58      |
---------------------------------------
---------------------------------------
| rollout/                |           |
|    ep_len_mean          | 6.99      |
|    ep_rew_mean          | 5         |
| time/                   |           |
|    fps                  | 209       |
|    iterations           | 682       |
|    time_elapsed         | 13361     |
|    total_timesteps      | 2793472   |
| train/                  |           |
|    approx_kl            | 1.3326125 |
|    clip_fraction        | 0.769     |
|    clip_range           | 0.2       |
|    entropy_loss         | 4.27      |
|    explained_variance   | 0.948     |
|    learning_rate        | 0.0003    |
|    loss                 | 0.119     |
|    n_updates            | 6810      |
|    policy_gradient_loss | 0.0353    |
|    std                  | 0.0833    |
|    value_loss           | 0.531     |
---------------------------------------
---------------------------------------
| rollout/                |           |
|    ep_len_mean          | 7.02      |
|    ep_rew_mean          | 4.44      |
| time/                   |           |
|    fps                  | 209       |
|    iterations           | 683       |
|    time_elapsed         | 13376     |
|    total_timesteps      | 2797568   |
| train/                  |           |
|    approx_kl            | 0.7121778 |
|    clip_fraction        | 0.723     |
|    clip_range           | 0.2       |
|    entropy_loss         | 4.27      |
|    explained_variance   | 0.949     |
|    learning_rate        | 0.0003    |
|    loss                 | 0.062     |
|    n_updates            | 6820      |
|    policy_gradient_loss | -0.0292   |
|    std                  | 0.0832    |
|    value_loss           | 0.527     |
---------------------------------------
Eval num_timesteps=2800000, episode_reward=3.52 +/- 1.85
Episode length: 6.60 +/- 2.87
----------------------------------------
| eval/                   |            |
|    mean_ep_length       | 6.6        |
|    mean_reward          | 3.52       |
| time/                   |            |
|    total_timesteps      | 2800000    |
| train/                  |            |
|    approx_kl            | 0.96043026 |
|    clip_fraction        | 0.74       |
|    clip_range           | 0.2        |
|    entropy_loss         | 4.27       |
|    explained_variance   | 0.95       |
|    learning_rate        | 0.0003     |
|    loss                 | 0.0249     |
|    n_updates            | 6830       |
|    policy_gradient_loss | -0.0157    |
|    std                  | 0.0834     |
|    value_loss           | 0.475      |
----------------------------------------
---------------------------------
| rollout/           |          |
|    ep_len_mean     | 7.07     |
|    ep_rew_mean     | 4.55     |
| time/              |          |
|    fps             | 209      |
|    iterations      | 684      |
|    time_elapsed    | 13391    |
|    total_timesteps | 2801664  |
---------------------------------
----------------------------------------
| rollout/                |            |
|    ep_len_mean          | 7.03       |
|    ep_rew_mean          | 4.39       |
| time/                   |            |
|    fps                  | 209        |
|    iterations           | 685        |
|    time_elapsed         | 13406      |
|    total_timesteps      | 2805760    |
| train/                  |            |
|    approx_kl            | 0.77495795 |
|    clip_fraction        | 0.725      |
|    clip_range           | 0.2        |
|    entropy_loss         | 4.28       |
|    explained_variance   | 0.951      |
|    learning_rate        | 0.0003     |
|    loss                 | -0.000668  |
|    n_updates            | 6840       |
|    policy_gradient_loss | -0.0203    |
|    std                  | 0.0827     |
|    value_loss           | 0.485      |
----------------------------------------
----------------------------------------
| rollout/                |            |
|    ep_len_mean          | 6.88       |
|    ep_rew_mean          | 4.76       |
| time/                   |            |
|    fps                  | 209        |
|    iterations           | 686        |
|    time_elapsed         | 13421      |
|    total_timesteps      | 2809856    |
| train/                  |            |
|    approx_kl            | 0.98565793 |
|    clip_fraction        | 0.747      |
|    clip_range           | 0.2        |
|    entropy_loss         | 4.3        |
|    explained_variance   | 0.958      |
|    learning_rate        | 0.0003     |
|    loss                 | 0.0728     |
|    n_updates            | 6850       |
|    policy_gradient_loss | -0.00612   |
|    std                  | 0.0824     |
|    value_loss           | 0.407      |
----------------------------------------
---------------------------------------
| rollout/                |           |
|    ep_len_mean          | 7.26      |
|    ep_rew_mean          | 4.71      |
| time/                   |           |
|    fps                  | 209       |
|    iterations           | 687       |
|    time_elapsed         | 13439     |
|    total_timesteps      | 2813952   |
| train/                  |           |
|    approx_kl            | 0.7074746 |
|    clip_fraction        | 0.755     |
|    clip_range           | 0.2       |
|    entropy_loss         | 4.31      |
|    explained_variance   | 0.953     |
|    learning_rate        | 0.0003    |
|    loss                 | 0.0381    |
|    n_updates            | 6860      |
|    policy_gradient_loss | -0.0205   |
|    std                  | 0.0822    |
|    value_loss           | 0.485     |
---------------------------------------
--------------------------------------
| rollout/                |          |
|    ep_len_mean          | 7.06     |
|    ep_rew_mean          | 4.61     |
| time/                   |          |
|    fps                  | 209      |
|    iterations           | 688      |
|    time_elapsed         | 13453    |
|    total_timesteps      | 2818048  |
| train/                  |          |
|    approx_kl            | 1.379118 |
|    clip_fraction        | 0.762    |
|    clip_range           | 0.2      |
|    entropy_loss         | 4.31     |
|    explained_variance   | 0.955    |
|    learning_rate        | 0.0003   |
|    loss                 | 0.0309   |
|    n_updates            | 6870     |
|    policy_gradient_loss | -0.00646 |
|    std                  | 0.0822   |
|    value_loss           | 0.482    |
--------------------------------------
Eval num_timesteps=2820000, episode_reward=5.02 +/- 1.27
Episode length: 9.60 +/- 2.94
--------------------------------------
| eval/                   |          |
|    mean_ep_length       | 9.6      |
|    mean_reward          | 5.02     |
| time/                   |          |
|    total_timesteps      | 2820000  |
| train/                  |          |
|    approx_kl            | 0.913355 |
|    clip_fraction        | 0.773    |
|    clip_range           | 0.2      |
|    entropy_loss         | 4.33     |
|    explained_variance   | 0.963    |
|    learning_rate        | 0.0003   |
|    loss                 | 0.0729   |
|    n_updates            | 6880     |
|    policy_gradient_loss | -0.0199  |
|    std                  | 0.0817   |
|    value_loss           | 0.462    |
--------------------------------------
---------------------------------
| rollout/           |          |
|    ep_len_mean     | 7.6      |
|    ep_rew_mean     | 4.8      |
| time/              |          |
|    fps             | 209      |
|    iterations      | 689      |
|    time_elapsed    | 13468    |
|    total_timesteps | 2822144  |
---------------------------------
----------------------------------------
| rollout/                |            |
|    ep_len_mean          | 7.71       |
|    ep_rew_mean          | 5.24       |
| time/                   |            |
|    fps                  | 209        |
|    iterations           | 690        |
|    time_elapsed         | 13482      |
|    total_timesteps      | 2826240    |
| train/                  |            |
|    approx_kl            | 0.98471487 |
|    clip_fraction        | 0.768      |
|    clip_range           | 0.2        |
|    entropy_loss         | 4.35       |
|    explained_variance   | 0.941      |
|    learning_rate        | 0.0003     |
|    loss                 | 0.0753     |
|    n_updates            | 6890       |
|    policy_gradient_loss | 0.00105    |
|    std                  | 0.0816     |
|    value_loss           | 0.495      |
----------------------------------------
---------------------------------------
| rollout/                |           |
|    ep_len_mean          | 6.84      |
|    ep_rew_mean          | 4.72      |
| time/                   |           |
|    fps                  | 209       |
|    iterations           | 691       |
|    time_elapsed         | 13497     |
|    total_timesteps      | 2830336   |
| train/                  |           |
|    approx_kl            | 1.0328807 |
|    clip_fraction        | 0.757     |
|    clip_range           | 0.2       |
|    entropy_loss         | 4.36      |
|    explained_variance   | 0.954     |
|    learning_rate        | 0.0003    |
|    loss                 | 0.0458    |
|    n_updates            | 6900      |
|    policy_gradient_loss | -0.00851  |
|    std                  | 0.0811    |
|    value_loss           | 0.452     |
---------------------------------------
---------------------------------------
| rollout/                |           |
|    ep_len_mean          | 7.81      |
|    ep_rew_mean          | 5.15      |
| time/                   |           |
|    fps                  | 209       |
|    iterations           | 692       |
|    time_elapsed         | 13512     |
|    total_timesteps      | 2834432   |
| train/                  |           |
|    approx_kl            | 1.1237723 |
|    clip_fraction        | 0.771     |
|    clip_range           | 0.2       |
|    entropy_loss         | 4.37      |
|    explained_variance   | 0.964     |
|    learning_rate        | 0.0003    |
|    loss                 | 0.033     |
|    n_updates            | 6910      |
|    policy_gradient_loss | -0.00686  |
|    std                  | 0.0811    |
|    value_loss           | 0.369     |
---------------------------------------
---------------------------------------
| rollout/                |           |
|    ep_len_mean          | 7.47      |
|    ep_rew_mean          | 5.21      |
| time/                   |           |
|    fps                  | 209       |
|    iterations           | 693       |
|    time_elapsed         | 13526     |
|    total_timesteps      | 2838528   |
| train/                  |           |
|    approx_kl            | 1.0945535 |
|    clip_fraction        | 0.758     |
|    clip_range           | 0.2       |
|    entropy_loss         | 4.38      |
|    explained_variance   | 0.952     |
|    learning_rate        | 0.0003    |
|    loss                 | 0.0124    |
|    n_updates            | 6920      |
|    policy_gradient_loss | -0.000977 |
|    std                  | 0.0808    |
|    value_loss           | 0.449     |
---------------------------------------
Eval num_timesteps=2840000, episode_reward=3.98 +/- 2.09
Episode length: 7.40 +/- 2.50
---------------------------------------
| eval/                   |           |
|    mean_ep_length       | 7.4       |
|    mean_reward          | 3.98      |
| time/                   |           |
|    total_timesteps      | 2840000   |
| train/                  |           |
|    approx_kl            | 0.9206315 |
|    clip_fraction        | 0.755     |
|    clip_range           | 0.2       |
|    entropy_loss         | 4.4       |
|    explained_variance   | 0.948     |
|    learning_rate        | 0.0003    |
|    loss                 | 0.0674    |
|    n_updates            | 6930      |
|    policy_gradient_loss | -0.0109   |
|    std                  | 0.0804    |
|    value_loss           | 0.446     |
---------------------------------------
---------------------------------
| rollout/           |          |
|    ep_len_mean     | 7.57     |
|    ep_rew_mean     | 5.3      |
| time/              |          |
|    fps             | 209      |
|    iterations      | 694      |
|    time_elapsed    | 13541    |
|    total_timesteps | 2842624  |
---------------------------------
---------------------------------------
| rollout/                |           |
|    ep_len_mean          | 7.14      |
|    ep_rew_mean          | 4.79      |
| time/                   |           |
|    fps                  | 209       |
|    iterations           | 695       |
|    time_elapsed         | 13556     |
|    total_timesteps      | 2846720   |
| train/                  |           |
|    approx_kl            | 0.6883663 |
|    clip_fraction        | 0.755     |
|    clip_range           | 0.2       |
|    entropy_loss         | 4.41      |
|    explained_variance   | 0.949     |
|    learning_rate        | 0.0003    |
|    loss                 | 0.000751  |
|    n_updates            | 6940      |
|    policy_gradient_loss | -0.00796  |
|    std                  | 0.0802    |
|    value_loss           | 0.484     |
---------------------------------------
---------------------------------------
| rollout/                |           |
|    ep_len_mean          | 7.55      |
|    ep_rew_mean          | 4.89      |
| time/                   |           |
|    fps                  | 210       |
|    iterations           | 696       |
|    time_elapsed         | 13570     |
|    total_timesteps      | 2850816   |
| train/                  |           |
|    approx_kl            | 0.8286397 |
|    clip_fraction        | 0.769     |
|    clip_range           | 0.2       |
|    entropy_loss         | 4.43      |
|    explained_variance   | 0.953     |
|    learning_rate        | 0.0003    |
|    loss                 | 0.0938    |
|    n_updates            | 6950      |
|    policy_gradient_loss | -0.0147   |
|    std                  | 0.08      |
|    value_loss           | 0.447     |
---------------------------------------
---------------------------------------
| rollout/                |           |
|    ep_len_mean          | 7.46      |
|    ep_rew_mean          | 4.31      |
| time/                   |           |
|    fps                  | 210       |
|    iterations           | 697       |
|    time_elapsed         | 13587     |
|    total_timesteps      | 2854912   |
| train/                  |           |
|    approx_kl            | 0.8578819 |
|    clip_fraction        | 0.778     |
|    clip_range           | 0.2       |
|    entropy_loss         | 4.42      |
|    explained_variance   | 0.967     |
|    learning_rate        | 0.0003    |
|    loss                 | 0.0607    |
|    n_updates            | 6960      |
|    policy_gradient_loss | 0.00714   |
|    std                  | 0.0803    |
|    value_loss           | 0.391     |
---------------------------------------
----------------------------------------
| rollout/                |            |
|    ep_len_mean          | 7.18       |
|    ep_rew_mean          | 4.65       |
| time/                   |            |
|    fps                  | 210        |
|    iterations           | 698        |
|    time_elapsed         | 13602      |
|    total_timesteps      | 2859008    |
| train/                  |            |
|    approx_kl            | 0.91628826 |
|    clip_fraction        | 0.76       |
|    clip_range           | 0.2        |
|    entropy_loss         | 4.42       |
|    explained_variance   | 0.945      |
|    learning_rate        | 0.0003     |
|    loss                 | 0.0873     |
|    n_updates            | 6970       |
|    policy_gradient_loss | -0.0211    |
|    std                  | 0.0801     |
|    value_loss           | 0.461      |
----------------------------------------
Eval num_timesteps=2860000, episode_reward=4.42 +/- 2.09
Episode length: 7.40 +/- 3.01
---------------------------------------
| eval/                   |           |
|    mean_ep_length       | 7.4       |
|    mean_reward          | 4.42      |
| time/                   |           |
|    total_timesteps      | 2860000   |
| train/                  |           |
|    approx_kl            | 0.8816662 |
|    clip_fraction        | 0.772     |
|    clip_range           | 0.2       |
|    entropy_loss         | 4.43      |
|    explained_variance   | 0.965     |
|    learning_rate        | 0.0003    |
|    loss                 | 0.0399    |
|    n_updates            | 6980      |
|    policy_gradient_loss | -0.0019   |
|    std                  | 0.08      |
|    value_loss           | 0.365     |
---------------------------------------
---------------------------------
| rollout/           |          |
|    ep_len_mean     | 7.13     |
|    ep_rew_mean     | 4.49     |
| time/              |          |
|    fps             | 210      |
|    iterations      | 699      |
|    time_elapsed    | 13617    |
|    total_timesteps | 2863104  |
---------------------------------
---------------------------------------
| rollout/                |           |
|    ep_len_mean          | 7.6       |
|    ep_rew_mean          | 4.87      |
| time/                   |           |
|    fps                  | 210       |
|    iterations           | 700       |
|    time_elapsed         | 13632     |
|    total_timesteps      | 2867200   |
| train/                  |           |
|    approx_kl            | 0.9733906 |
|    clip_fraction        | 0.761     |
|    clip_range           | 0.2       |
|    entropy_loss         | 4.43      |
|    explained_variance   | 0.942     |
|    learning_rate        | 0.0003    |
|    loss                 | 0.0738    |
|    n_updates            | 6990      |
|    policy_gradient_loss | 0.00109   |
|    std                  | 0.08      |
|    value_loss           | 0.616     |
---------------------------------------
---------------------------------------
| rollout/                |           |
|    ep_len_mean          | 7.57      |
|    ep_rew_mean          | 4.97      |
| time/                   |           |
|    fps                  | 210       |
|    iterations           | 701       |
|    time_elapsed         | 13647     |
|    total_timesteps      | 2871296   |
| train/                  |           |
|    approx_kl            | 0.8485196 |
|    clip_fraction        | 0.739     |
|    clip_range           | 0.2       |
|    entropy_loss         | 4.44      |
|    explained_variance   | 0.955     |
|    learning_rate        | 0.0003    |
|    loss                 | 0.00951   |
|    n_updates            | 7000      |
|    policy_gradient_loss | -0.0258   |
|    std                  | 0.0797    |
|    value_loss           | 0.398     |
---------------------------------------
---------------------------------------
| rollout/                |           |
|    ep_len_mean          | 6.78      |
|    ep_rew_mean          | 4.5       |
| time/                   |           |
|    fps                  | 210       |
|    iterations           | 702       |
|    time_elapsed         | 13663     |
|    total_timesteps      | 2875392   |
| train/                  |           |
|    approx_kl            | 0.8152697 |
|    clip_fraction        | 0.761     |
|    clip_range           | 0.2       |
|    entropy_loss         | 4.44      |
|    explained_variance   | 0.963     |
|    learning_rate        | 0.0003    |
|    loss                 | 0.107     |
|    n_updates            | 7010      |
|    policy_gradient_loss | -0.000609 |
|    std                  | 0.0801    |
|    value_loss           | 0.441     |
---------------------------------------
----------------------------------------
| rollout/                |            |
|    ep_len_mean          | 7.1        |
|    ep_rew_mean          | 5.02       |
| time/                   |            |
|    fps                  | 210        |
|    iterations           | 703        |
|    time_elapsed         | 13678      |
|    total_timesteps      | 2879488    |
| train/                  |            |
|    approx_kl            | 0.78301424 |
|    clip_fraction        | 0.724      |
|    clip_range           | 0.2        |
|    entropy_loss         | 4.43       |
|    explained_variance   | 0.959      |
|    learning_rate        | 0.0003     |
|    loss                 | 0.0995     |
|    n_updates            | 7020       |
|    policy_gradient_loss | -0.0179    |
|    std                  | 0.08       |
|    value_loss           | 0.461      |
----------------------------------------
Eval num_timesteps=2880000, episode_reward=2.72 +/- 2.00
Episode length: 4.40 +/- 0.49
----------------------------------------
| eval/                   |            |
|    mean_ep_length       | 4.4        |
|    mean_reward          | 2.72       |
| time/                   |            |
|    total_timesteps      | 2880000    |
| train/                  |            |
|    approx_kl            | 0.75362885 |
|    clip_fraction        | 0.756      |
|    clip_range           | 0.2        |
|    entropy_loss         | 4.44       |
|    explained_variance   | 0.948      |
|    learning_rate        | 0.0003     |
|    loss                 | 0.045      |
|    n_updates            | 7030       |
|    policy_gradient_loss | -0.0231    |
|    std                  | 0.0798     |
|    value_loss           | 0.43       |
----------------------------------------
---------------------------------
| rollout/           |          |
|    ep_len_mean     | 7.25     |
|    ep_rew_mean     | 4.6      |
| time/              |          |
|    fps             | 210      |
|    iterations      | 704      |
|    time_elapsed    | 13692    |
|    total_timesteps | 2883584  |
---------------------------------
----------------------------------------
| rollout/                |            |
|    ep_len_mean          | 7.23       |
|    ep_rew_mean          | 5.07       |
| time/                   |            |
|    fps                  | 210        |
|    iterations           | 705        |
|    time_elapsed         | 13708      |
|    total_timesteps      | 2887680    |
| train/                  |            |
|    approx_kl            | 0.78663194 |
|    clip_fraction        | 0.745      |
|    clip_range           | 0.2        |
|    entropy_loss         | 4.45       |
|    explained_variance   | 0.963      |
|    learning_rate        | 0.0003     |
|    loss                 | 0.0134     |
|    n_updates            | 7040       |
|    policy_gradient_loss | -0.0267    |
|    std                  | 0.0795     |
|    value_loss           | 0.402      |
----------------------------------------
---------------------------------------
| rollout/                |           |
|    ep_len_mean          | 7.45      |
|    ep_rew_mean          | 5.1       |
| time/                   |           |
|    fps                  | 210       |
|    iterations           | 706       |
|    time_elapsed         | 13722     |
|    total_timesteps      | 2891776   |
| train/                  |           |
|    approx_kl            | 2.0662642 |
|    clip_fraction        | 0.788     |
|    clip_range           | 0.2       |
|    entropy_loss         | 4.47      |
|    explained_variance   | 0.965     |
|    learning_rate        | 0.0003    |
|    loss                 | 0.0786    |
|    n_updates            | 7050      |
|    policy_gradient_loss | -0.00053  |
|    std                  | 0.0791    |
|    value_loss           | 0.349     |
---------------------------------------
--------------------------------------
| rollout/                |          |
|    ep_len_mean          | 6.82     |
|    ep_rew_mean          | 4.67     |
| time/                   |          |
|    fps                  | 210      |
|    iterations           | 707      |
|    time_elapsed         | 13738    |
|    total_timesteps      | 2895872  |
| train/                  |          |
|    approx_kl            | 1.033618 |
|    clip_fraction        | 0.784    |
|    clip_range           | 0.2      |
|    entropy_loss         | 4.48     |
|    explained_variance   | 0.953    |
|    learning_rate        | 0.0003   |
|    loss                 | 0.00608  |
|    n_updates            | 7060     |
|    policy_gradient_loss | 9.68e-05 |
|    std                  | 0.0789   |
|    value_loss           | 0.394    |
--------------------------------------
----------------------------------------
| rollout/                |            |
|    ep_len_mean          | 7.7        |
|    ep_rew_mean          | 5.19       |
| time/                   |            |
|    fps                  | 210        |
|    iterations           | 708        |
|    time_elapsed         | 13754      |
|    total_timesteps      | 2899968    |
| train/                  |            |
|    approx_kl            | 0.84633803 |
|    clip_fraction        | 0.775      |
|    clip_range           | 0.2        |
|    entropy_loss         | 4.5        |
|    explained_variance   | 0.956      |
|    learning_rate        | 0.0003     |
|    loss                 | 0.0279     |
|    n_updates            | 7070       |
|    policy_gradient_loss | 0.000554   |
|    std                  | 0.0786     |
|    value_loss           | 0.425      |
----------------------------------------
Eval num_timesteps=2900000, episode_reward=4.07 +/- 1.07
Episode length: 7.00 +/- 2.10
---------------------------------------
| eval/                   |           |
|    mean_ep_length       | 7         |
|    mean_reward          | 4.07      |
| time/                   |           |
|    total_timesteps      | 2900000   |
| train/                  |           |
|    approx_kl            | 1.5264989 |
|    clip_fraction        | 0.785     |
|    clip_range           | 0.2       |
|    entropy_loss         | 4.5       |
|    explained_variance   | 0.955     |
|    learning_rate        | 0.0003    |
|    loss                 | 0.0355    |
|    n_updates            | 7080      |
|    policy_gradient_loss | 0.0162    |
|    std                  | 0.0787    |
|    value_loss           | 0.358     |
---------------------------------------
---------------------------------
| rollout/           |          |
|    ep_len_mean     | 6.97     |
|    ep_rew_mean     | 4.39     |
| time/              |          |
|    fps             | 210      |
|    iterations      | 709      |
|    time_elapsed    | 13770    |
|    total_timesteps | 2904064  |
---------------------------------
---------------------------------------
| rollout/                |           |
|    ep_len_mean          | 7.21      |
|    ep_rew_mean          | 4.75      |
| time/                   |           |
|    fps                  | 210       |
|    iterations           | 710       |
|    time_elapsed         | 13787     |
|    total_timesteps      | 2908160   |
| train/                  |           |
|    approx_kl            | 1.0405322 |
|    clip_fraction        | 0.755     |
|    clip_range           | 0.2       |
|    entropy_loss         | 4.5       |
|    explained_variance   | 0.96      |
|    learning_rate        | 0.0003    |
|    loss                 | 0.186     |
|    n_updates            | 7090      |
|    policy_gradient_loss | -0.00462  |
|    std                  | 0.0787    |
|    value_loss           | 0.427     |
---------------------------------------
---------------------------------------
| rollout/                |           |
|    ep_len_mean          | 6.62      |
|    ep_rew_mean          | 3.95      |
| time/                   |           |
|    fps                  | 210       |
|    iterations           | 711       |
|    time_elapsed         | 13802     |
|    total_timesteps      | 2912256   |
| train/                  |           |
|    approx_kl            | 0.9398513 |
|    clip_fraction        | 0.742     |
|    clip_range           | 0.2       |
|    entropy_loss         | 4.5       |
|    explained_variance   | 0.955     |
|    learning_rate        | 0.0003    |
|    loss                 | 0.0308    |
|    n_updates            | 7100      |
|    policy_gradient_loss | -0.0268   |
|    std                  | 0.0784    |
|    value_loss           | 0.389     |
---------------------------------------
---------------------------------------
| rollout/                |           |
|    ep_len_mean          | 6.86      |
|    ep_rew_mean          | 4.52      |
| time/                   |           |
|    fps                  | 211       |
|    iterations           | 712       |
|    time_elapsed         | 13819     |
|    total_timesteps      | 2916352   |
| train/                  |           |
|    approx_kl            | 1.1085509 |
|    clip_fraction        | 0.788     |
|    clip_range           | 0.2       |
|    entropy_loss         | 4.51      |
|    explained_variance   | 0.939     |
|    learning_rate        | 0.0003    |
|    loss                 | 0.0494    |
|    n_updates            | 7110      |
|    policy_gradient_loss | 0.00229   |
|    std                  | 0.0786    |
|    value_loss           | 0.466     |
---------------------------------------
Eval num_timesteps=2920000, episode_reward=4.95 +/- 1.77
Episode length: 7.40 +/- 3.01
----------------------------------------
| eval/                   |            |
|    mean_ep_length       | 7.4        |
|    mean_reward          | 4.95       |
| time/                   |            |
|    total_timesteps      | 2920000    |
| train/                  |            |
|    approx_kl            | 0.83650386 |
|    clip_fraction        | 0.741      |
|    clip_range           | 0.2        |
|    entropy_loss         | 4.52       |
|    explained_variance   | 0.963      |
|    learning_rate        | 0.0003     |
|    loss                 | 0.108      |
|    n_updates            | 7120       |
|    policy_gradient_loss | -0.0131    |
|    std                  | 0.078      |
|    value_loss           | 0.373      |
----------------------------------------
---------------------------------
| rollout/           |          |
|    ep_len_mean     | 6.84     |
|    ep_rew_mean     | 4.42     |
| time/              |          |
|    fps             | 211      |
|    iterations      | 713      |
|    time_elapsed    | 13835    |
|    total_timesteps | 2920448  |
---------------------------------
---------------------------------------
| rollout/                |           |
|    ep_len_mean          | 7.67      |
|    ep_rew_mean          | 5.08      |
| time/                   |           |
|    fps                  | 211       |
|    iterations           | 714       |
|    time_elapsed         | 13851     |
|    total_timesteps      | 2924544   |
| train/                  |           |
|    approx_kl            | 1.3199885 |
|    clip_fraction        | 0.777     |
|    clip_range           | 0.2       |
|    entropy_loss         | 4.53      |
|    explained_variance   | 0.955     |
|    learning_rate        | 0.0003    |
|    loss                 | 0.122     |
|    n_updates            | 7130      |
|    policy_gradient_loss | 0.00297   |
|    std                  | 0.0783    |
|    value_loss           | 0.369     |
---------------------------------------
---------------------------------------
| rollout/                |           |
|    ep_len_mean          | 7.28      |
|    ep_rew_mean          | 4.78      |
| time/                   |           |
|    fps                  | 211       |
|    iterations           | 715       |
|    time_elapsed         | 13866     |
|    total_timesteps      | 2928640   |
| train/                  |           |
|    approx_kl            | 1.1080027 |
|    clip_fraction        | 0.773     |
|    clip_range           | 0.2       |
|    entropy_loss         | 4.52      |
|    explained_variance   | 0.955     |
|    learning_rate        | 0.0003    |
|    loss                 | 0.0676    |
|    n_updates            | 7140      |
|    policy_gradient_loss | -0.00589  |
|    std                  | 0.0782    |
|    value_loss           | 0.375     |
---------------------------------------
----------------------------------------
| rollout/                |            |
|    ep_len_mean          | 6.78       |
|    ep_rew_mean          | 4.35       |
| time/                   |            |
|    fps                  | 211        |
|    iterations           | 716        |
|    time_elapsed         | 13883      |
|    total_timesteps      | 2932736    |
| train/                  |            |
|    approx_kl            | 0.74362326 |
|    clip_fraction        | 0.752      |
|    clip_range           | 0.2        |
|    entropy_loss         | 4.52       |
|    explained_variance   | 0.961      |
|    learning_rate        | 0.0003     |
|    loss                 | 0.0432     |
|    n_updates            | 7150       |
|    policy_gradient_loss | -0.0159    |
|    std                  | 0.0782     |
|    value_loss           | 0.383      |
----------------------------------------
---------------------------------------
| rollout/                |           |
|    ep_len_mean          | 7.76      |
|    ep_rew_mean          | 5.1       |
| time/                   |           |
|    fps                  | 211       |
|    iterations           | 717       |
|    time_elapsed         | 13902     |
|    total_timesteps      | 2936832   |
| train/                  |           |
|    approx_kl            | 1.1813874 |
|    clip_fraction        | 0.754     |
|    clip_range           | 0.2       |
|    entropy_loss         | 4.53      |
|    explained_variance   | 0.965     |
|    learning_rate        | 0.0003    |
|    loss                 | 0.105     |
|    n_updates            | 7160      |
|    policy_gradient_loss | -0.00691  |
|    std                  | 0.0781    |
|    value_loss           | 0.329     |
---------------------------------------
Eval num_timesteps=2940000, episode_reward=5.27 +/- 2.94
Episode length: 7.00 +/- 2.68
---------------------------------------
| eval/                   |           |
|    mean_ep_length       | 7         |
|    mean_reward          | 5.27      |
| time/                   |           |
|    total_timesteps      | 2940000   |
| train/                  |           |
|    approx_kl            | 1.3475337 |
|    clip_fraction        | 0.752     |
|    clip_range           | 0.2       |
|    entropy_loss         | 4.54      |
|    explained_variance   | 0.963     |
|    learning_rate        | 0.0003    |
|    loss                 | 6.07e-05  |
|    n_updates            | 7170      |
|    policy_gradient_loss | -0.0139   |
|    std                  | 0.0777    |
|    value_loss           | 0.38      |
---------------------------------------
---------------------------------
| rollout/           |          |
|    ep_len_mean     | 7.14     |
|    ep_rew_mean     | 4.38     |
| time/              |          |
|    fps             | 211      |
|    iterations      | 718      |
|    time_elapsed    | 13918    |
|    total_timesteps | 2940928  |
---------------------------------
---------------------------------------
| rollout/                |           |
|    ep_len_mean          | 7.46      |
|    ep_rew_mean          | 5.14      |
| time/                   |           |
|    fps                  | 211       |
|    iterations           | 719       |
|    time_elapsed         | 13934     |
|    total_timesteps      | 2945024   |
| train/                  |           |
|    approx_kl            | 0.9388424 |
|    clip_fraction        | 0.752     |
|    clip_range           | 0.2       |
|    entropy_loss         | 4.54      |
|    explained_variance   | 0.964     |
|    learning_rate        | 0.0003    |
|    loss                 | 0.0503    |
|    n_updates            | 7180      |
|    policy_gradient_loss | -0.0217   |
|    std                  | 0.0778    |
|    value_loss           | 0.37      |
---------------------------------------
---------------------------------------
| rollout/                |           |
|    ep_len_mean          | 6.74      |
|    ep_rew_mean          | 4.76      |
| time/                   |           |
|    fps                  | 211       |
|    iterations           | 720       |
|    time_elapsed         | 13952     |
|    total_timesteps      | 2949120   |
| train/                  |           |
|    approx_kl            | 1.0061018 |
|    clip_fraction        | 0.768     |
|    clip_range           | 0.2       |
|    entropy_loss         | 4.55      |
|    explained_variance   | 0.969     |
|    learning_rate        | 0.0003    |
|    loss                 | 0.0609    |
|    n_updates            | 7190      |
|    policy_gradient_loss | -0.0134   |
|    std                  | 0.0774    |
|    value_loss           | 0.335     |
---------------------------------------
---------------------------------------
| rollout/                |           |
|    ep_len_mean          | 7.49      |
|    ep_rew_mean          | 4.64      |
| time/                   |           |
|    fps                  | 211       |
|    iterations           | 721       |
|    time_elapsed         | 13967     |
|    total_timesteps      | 2953216   |
| train/                  |           |
|    approx_kl            | 0.9591013 |
|    clip_fraction        | 0.782     |
|    clip_range           | 0.2       |
|    entropy_loss         | 4.56      |
|    explained_variance   | 0.959     |
|    learning_rate        | 0.0003    |
|    loss                 | 0.167     |
|    n_updates            | 7200      |
|    policy_gradient_loss | 0.00559   |
|    std                  | 0.0776    |
|    value_loss           | 0.363     |
---------------------------------------
---------------------------------------
| rollout/                |           |
|    ep_len_mean          | 7.53      |
|    ep_rew_mean          | 4.94      |
| time/                   |           |
|    fps                  | 211       |
|    iterations           | 722       |
|    time_elapsed         | 13982     |
|    total_timesteps      | 2957312   |
| train/                  |           |
|    approx_kl            | 1.0467606 |
|    clip_fraction        | 0.772     |
|    clip_range           | 0.2       |
|    entropy_loss         | 4.55      |
|    explained_variance   | 0.97      |
|    learning_rate        | 0.0003    |
|    loss                 | 0.0665    |
|    n_updates            | 7210      |
|    policy_gradient_loss | 0.0016    |
|    std                  | 0.0776    |
|    value_loss           | 0.335     |
---------------------------------------
Eval num_timesteps=2960000, episode_reward=6.37 +/- 4.50
Episode length: 7.20 +/- 3.19
---------------------------------------
| eval/                   |           |
|    mean_ep_length       | 7.2       |
|    mean_reward          | 6.37      |
| time/                   |           |
|    total_timesteps      | 2960000   |
| train/                  |           |
|    approx_kl            | 1.0404363 |
|    clip_fraction        | 0.779     |
|    clip_range           | 0.2       |
|    entropy_loss         | 4.55      |
|    explained_variance   | 0.967     |
|    learning_rate        | 0.0003    |
|    loss                 | 0.0281    |
|    n_updates            | 7220      |
|    policy_gradient_loss | 0.00914   |
|    std                  | 0.0778    |
|    value_loss           | 0.351     |
---------------------------------------
---------------------------------
| rollout/           |          |
|    ep_len_mean     | 7.54     |
|    ep_rew_mean     | 4.9      |
| time/              |          |
|    fps             | 211      |
|    iterations      | 723      |
|    time_elapsed    | 13998    |
|    total_timesteps | 2961408  |
---------------------------------
--------------------------------------
| rollout/                |          |
|    ep_len_mean          | 7.63     |
|    ep_rew_mean          | 4.99     |
| time/                   |          |
|    fps                  | 211      |
|    iterations           | 724      |
|    time_elapsed         | 14013    |
|    total_timesteps      | 2965504  |
| train/                  |          |
|    approx_kl            | 1.301763 |
|    clip_fraction        | 0.796    |
|    clip_range           | 0.2      |
|    entropy_loss         | 4.54     |
|    explained_variance   | 0.963    |
|    learning_rate        | 0.0003   |
|    loss                 | 0.0968   |
|    n_updates            | 7230     |
|    policy_gradient_loss | 0.0241   |
|    std                  | 0.0778   |
|    value_loss           | 0.34     |
--------------------------------------
---------------------------------------
| rollout/                |           |
|    ep_len_mean          | 7.65      |
|    ep_rew_mean          | 4.66      |
| time/                   |           |
|    fps                  | 211       |
|    iterations           | 725       |
|    time_elapsed         | 14028     |
|    total_timesteps      | 2969600   |
| train/                  |           |
|    approx_kl            | 1.0395612 |
|    clip_fraction        | 0.764     |
|    clip_range           | 0.2       |
|    entropy_loss         | 4.54      |
|    explained_variance   | 0.971     |
|    learning_rate        | 0.0003    |
|    loss                 | 0.0634    |
|    n_updates            | 7240      |
|    policy_gradient_loss | -0.0154   |
|    std                  | 0.0778    |
|    value_loss           | 0.359     |
---------------------------------------
----------------------------------------
| rollout/                |            |
|    ep_len_mean          | 6.84       |
|    ep_rew_mean          | 4.49       |
| time/                   |            |
|    fps                  | 211        |
|    iterations           | 726        |
|    time_elapsed         | 14044      |
|    total_timesteps      | 2973696    |
| train/                  |            |
|    approx_kl            | 0.91095555 |
|    clip_fraction        | 0.756      |
|    clip_range           | 0.2        |
|    entropy_loss         | 4.55       |
|    explained_variance   | 0.965      |
|    learning_rate        | 0.0003     |
|    loss                 | 0.0764     |
|    n_updates            | 7250       |
|    policy_gradient_loss | -0.0208    |
|    std                  | 0.0772     |
|    value_loss           | 0.33       |
----------------------------------------
----------------------------------------
| rollout/                |            |
|    ep_len_mean          | 7.81       |
|    ep_rew_mean          | 5.55       |
| time/                   |            |
|    fps                  | 211        |
|    iterations           | 727        |
|    time_elapsed         | 14059      |
|    total_timesteps      | 2977792    |
| train/                  |            |
|    approx_kl            | 0.81334555 |
|    clip_fraction        | 0.753      |
|    clip_range           | 0.2        |
|    entropy_loss         | 4.57       |
|    explained_variance   | 0.962      |
|    learning_rate        | 0.0003     |
|    loss                 | 0.000807   |
|    n_updates            | 7260       |
|    policy_gradient_loss | -0.011     |
|    std                  | 0.0772     |
|    value_loss           | 0.358      |
----------------------------------------
Eval num_timesteps=2980000, episode_reward=2.97 +/- 1.73
Episode length: 6.40 +/- 3.83
--------------------------------------
| eval/                   |          |
|    mean_ep_length       | 6.4      |
|    mean_reward          | 2.97     |
| time/                   |          |
|    total_timesteps      | 2980000  |
| train/                  |          |
|    approx_kl            | 0.896892 |
|    clip_fraction        | 0.751    |
|    clip_range           | 0.2      |
|    entropy_loss         | 4.58     |
|    explained_variance   | 0.965    |
|    learning_rate        | 0.0003   |
|    loss                 | 0.0267   |
|    n_updates            | 7270     |
|    policy_gradient_loss | -0.0145  |
|    std                  | 0.0769   |
|    value_loss           | 0.327    |
--------------------------------------
---------------------------------
| rollout/           |          |
|    ep_len_mean     | 7.42     |
|    ep_rew_mean     | 4.48     |
| time/              |          |
|    fps             | 211      |
|    iterations      | 728      |
|    time_elapsed    | 14077    |
|    total_timesteps | 2981888  |
---------------------------------
---------------------------------------
| rollout/                |           |
|    ep_len_mean          | 7.36      |
|    ep_rew_mean          | 5.33      |
| time/                   |           |
|    fps                  | 211       |
|    iterations           | 729       |
|    time_elapsed         | 14092     |
|    total_timesteps      | 2985984   |
| train/                  |           |
|    approx_kl            | 0.9397532 |
|    clip_fraction        | 0.745     |
|    clip_range           | 0.2       |
|    entropy_loss         | 4.59      |
|    explained_variance   | 0.956     |
|    learning_rate        | 0.0003    |
|    loss                 | 0.0772    |
|    n_updates            | 7280      |
|    policy_gradient_loss | -0.011    |
|    std                  | 0.0768    |
|    value_loss           | 0.39      |
---------------------------------------
---------------------------------------
| rollout/                |           |
|    ep_len_mean          | 7.17      |
|    ep_rew_mean          | 4.38      |
| time/                   |           |
|    fps                  | 211       |
|    iterations           | 730       |
|    time_elapsed         | 14110     |
|    total_timesteps      | 2990080   |
| train/                  |           |
|    approx_kl            | 1.6333919 |
|    clip_fraction        | 0.769     |
|    clip_range           | 0.2       |
|    entropy_loss         | 4.6       |
|    explained_variance   | 0.97      |
|    learning_rate        | 0.0003    |
|    loss                 | 0.0175    |
|    n_updates            | 7290      |
|    policy_gradient_loss | -0.00735  |
|    std                  | 0.0768    |
|    value_loss           | 0.272     |
---------------------------------------
---------------------------------------
| rollout/                |           |
|    ep_len_mean          | 7.21      |
|    ep_rew_mean          | 4.91      |
| time/                   |           |
|    fps                  | 211       |
|    iterations           | 731       |
|    time_elapsed         | 14125     |
|    total_timesteps      | 2994176   |
| train/                  |           |
|    approx_kl            | 1.1215403 |
|    clip_fraction        | 0.752     |
|    clip_range           | 0.2       |
|    entropy_loss         | 4.6       |
|    explained_variance   | 0.961     |
|    learning_rate        | 0.0003    |
|    loss                 | 0.0956    |
|    n_updates            | 7300      |
|    policy_gradient_loss | 0.00491   |
|    std                  | 0.0769    |
|    value_loss           | 0.388     |
---------------------------------------
---------------------------------------
| rollout/                |           |
|    ep_len_mean          | 7.04      |
|    ep_rew_mean          | 4.79      |
| time/                   |           |
|    fps                  | 212       |
|    iterations           | 732       |
|    time_elapsed         | 14140     |
|    total_timesteps      | 2998272   |
| train/                  |           |
|    approx_kl            | 1.0634907 |
|    clip_fraction        | 0.78      |
|    clip_range           | 0.2       |
|    entropy_loss         | 4.6       |
|    explained_variance   | 0.964     |
|    learning_rate        | 0.0003    |
|    loss                 | -0.00451  |
|    n_updates            | 7310      |
|    policy_gradient_loss | -0.00449  |
|    std                  | 0.0766    |
|    value_loss           | 0.34      |
---------------------------------------
Eval num_timesteps=3000000, episode_reward=4.75 +/- 2.00
Episode length: 6.60 +/- 1.85
---------------------------------------
| eval/                   |           |
|    mean_ep_length       | 6.6       |
|    mean_reward          | 4.75      |
| time/                   |           |
|    total_timesteps      | 3000000   |
| train/                  |           |
|    approx_kl            | 1.0474039 |
|    clip_fraction        | 0.777     |
|    clip_range           | 0.2       |
|    entropy_loss         | 4.6       |
|    explained_variance   | 0.966     |
|    learning_rate        | 0.0003    |
|    loss                 | 0.0407    |
|    n_updates            | 7320      |
|    policy_gradient_loss | -0.00643  |
|    std                  | 0.0766    |
|    value_loss           | 0.324     |
---------------------------------------
---------------------------------
| rollout/           |          |
|    ep_len_mean     | 7.57     |
|    ep_rew_mean     | 4.86     |
| time/              |          |
|    fps             | 212      |
|    iterations      | 733      |
|    time_elapsed    | 14158    |
|    total_timesteps | 3002368  |
---------------------------------

Done. Saved to results_recurrent/run_20260903_152009

