nohup: ignoring input
pybullet build time: Sep  1 2026 14:01:00
/home/yashwanth/mtp/drone-landing-rl/drone-landing-rl-venv/lib/python3.12/site-packages/gymnasium/spaces/box.py:231: UserWarning: [33mWARN: Box low's precision lowered by casting to float32, current low.dtype=float64[0m
  gym.logger.warn(
/home/yashwanth/mtp/drone-landing-rl/drone-landing-rl-venv/lib/python3.12/site-packages/gymnasium/spaces/box.py:297: UserWarning: [33mWARN: Box high's precision lowered by casting to float32, current high.dtype=float64[0m
  gym.logger.warn(
[INFO] BaseAviary.__init__() loaded parameters from the drone's .urdf:
[INFO] m 0.027000, L 0.039700,
[INFO] ixx 0.000014, iyy 0.000014, izz 0.000022,
[INFO] kf 3.160000e-10, km 7.940000e-12,
[INFO] t2w 2.250000, max_speed_kmh 30.000000,
[INFO] gnd_eff_coeff 11.368590, prop_radius 0.023135,
[INFO] drag_xy_coeff 0.000001, drag_z_coeff 0.000001,
[INFO] dw_coeff_1 2267.180000, dw_coeff_2 0.160000, dw_coeff_3 -0.110000
[INFO] BaseAviary.__init__() loaded parameters from the drone's .urdf:
[INFO] m 0.027000, L 0.039700,
[INFO] ixx 0.000014, iyy 0.000014, izz 0.000022,
[INFO] kf 3.160000e-10, km 7.940000e-12,
[INFO] t2w 2.250000, max_speed_kmh 30.000000,
[INFO] gnd_eff_coeff 11.368590, prop_radius 0.023135,
[INFO] drag_xy_coeff 0.000001, drag_z_coeff 0.000001,
[INFO] dw_coeff_1 2267.180000, dw_coeff_2 0.160000, dw_coeff_3 -0.110000
[INFO] BaseAviary.__init__() loaded parameters from the drone's .urdf:
[INFO] m 0.027000, L 0.039700,
[INFO] ixx 0.000014, iyy 0.000014, izz 0.000022,
[INFO] kf 3.160000e-10, km 7.940000e-12,
[INFO] t2w 2.250000, max_speed_kmh 30.000000,
[INFO] gnd_eff_coeff 11.368590, prop_radius 0.023135,
[INFO] drag_xy_coeff 0.000001, drag_z_coeff 0.000001,
[INFO] dw_coeff_1 2267.180000, dw_coeff_2 0.160000, dw_coeff_3 -0.110000
[INFO] BaseAviary.__init__() loaded parameters from the drone's .urdf:
[INFO] m 0.027000, L 0.039700,
[INFO] ixx 0.000014, iyy 0.000014, izz 0.000022,
[INFO] kf 3.160000e-10, km 7.940000e-12,
[INFO] t2w 2.250000, max_speed_kmh 30.000000,
[INFO] gnd_eff_coeff 11.368590, prop_radius 0.023135,
[INFO] drag_xy_coeff 0.000001, drag_z_coeff 0.000001,
[INFO] dw_coeff_1 2267.180000, dw_coeff_2 0.160000, dw_coeff_3 -0.110000
[INFO] BaseAviary.__init__() loaded parameters from the drone's .urdf:
[INFO] m 0.027000, L 0.039700,
[INFO] ixx 0.000014, iyy 0.000014, izz 0.000022,
[INFO] kf 3.160000e-10, km 7.940000e-12,
[INFO] t2w 2.250000, max_speed_kmh 30.000000,
[INFO] gnd_eff_coeff 11.368590, prop_radius 0.023135,
[INFO] drag_xy_coeff 0.000001, drag_z_coeff 0.000001,
[INFO] dw_coeff_1 2267.180000, dw_coeff_2 0.160000, dw_coeff_3 -0.110000
Using cpu device

Training recurrent policy for 1500000 steps.
Output: results_recurrent/run_20260903_111746

Logging to results_recurrent/run_20260903_111746/tb/RecurrentPPO_1
---------------------------------
| rollout/           |          |
|    ep_len_mean     | 12.1     |
|    ep_rew_mean     | 6.9      |
| time/              |          |
|    fps             | 592      |
|    iterations      | 1        |
|    time_elapsed    | 6        |
|    total_timesteps | 4096     |
---------------------------------
-----------------------------------------
| rollout/                |             |
|    ep_len_mean          | 14          |
|    ep_rew_mean          | 7.64        |
| time/                   |             |
|    fps                  | 426         |
|    iterations           | 2           |
|    time_elapsed         | 19          |
|    total_timesteps      | 8192        |
| train/                  |             |
|    approx_kl            | 0.011956861 |
|    clip_fraction        | 0.0753      |
|    clip_range           | 0.2         |
|    entropy_loss         | -5.67       |
|    explained_variance   | -0.00163    |
|    learning_rate        | 0.0003      |
|    loss                 | 7.01        |
|    n_updates            | 10          |
|    policy_gradient_loss | -0.0132     |
|    std                  | 0.998       |
|    value_loss           | 7.11        |
-----------------------------------------
-----------------------------------------
| rollout/                |             |
|    ep_len_mean          | 16.2        |
|    ep_rew_mean          | 8.4         |
| time/                   |             |
|    fps                  | 341         |
|    iterations           | 3           |
|    time_elapsed         | 35          |
|    total_timesteps      | 12288       |
| train/                  |             |
|    approx_kl            | 0.017739538 |
|    clip_fraction        | 0.182       |
|    clip_range           | 0.2         |
|    entropy_loss         | -5.66       |
|    explained_variance   | 0.362       |
|    learning_rate        | 0.0003      |
|    loss                 | 2.68        |
|    n_updates            | 20          |
|    policy_gradient_loss | -0.0267     |
|    std                  | 0.992       |
|    value_loss           | 5.12        |
-----------------------------------------
-----------------------------------------
| rollout/                |             |
|    ep_len_mean          | 21.4        |
|    ep_rew_mean          | 10.3        |
| time/                   |             |
|    fps                  | 317         |
|    iterations           | 4           |
|    time_elapsed         | 51          |
|    total_timesteps      | 16384       |
| train/                  |             |
|    approx_kl            | 0.021553267 |
|    clip_fraction        | 0.229       |
|    clip_range           | 0.2         |
|    entropy_loss         | -5.63       |
|    explained_variance   | 0.493       |
|    learning_rate        | 0.0003      |
|    loss                 | 2.23        |
|    n_updates            | 30          |
|    policy_gradient_loss | -0.0335     |
|    std                  | 0.985       |
|    value_loss           | 6.02        |
-----------------------------------------
/home/yashwanth/mtp/drone-landing-rl/drone-landing-rl-venv/lib/python3.12/site-packages/stable_baselines3/common/evaluation.py:71: UserWarning: Evaluation environment is not wrapped with a ``Monitor`` wrapper. This may result in reporting modified episode lengths and rewards, if other wrappers happen to modify these. Consider wrapping environment first with ``Monitor`` wrapper.
  warnings.warn(
Eval num_timesteps=20000, episode_reward=33.20 +/- 4.63
Episode length: 58.80 +/- 7.47
-----------------------------------------
| eval/                   |             |
|    mean_ep_length       | 58.8        |
|    mean_reward          | 33.2        |
| time/                   |             |
|    total_timesteps      | 20000       |
| train/                  |             |
|    approx_kl            | 0.017961074 |
|    clip_fraction        | 0.189       |
|    clip_range           | 0.2         |
|    entropy_loss         | -5.61       |
|    explained_variance   | 0.584       |
|    learning_rate        | 0.0003      |
|    loss                 | 3.21        |
|    n_updates            | 40          |
|    policy_gradient_loss | -0.0275     |
|    std                  | 0.98        |
|    value_loss           | 6.38        |
-----------------------------------------
New best mean reward!
---------------------------------
| rollout/           |          |
|    ep_len_mean     | 25.1     |
|    ep_rew_mean     | 11       |
| time/              |          |
|    fps             | 297      |
|    iterations      | 5        |
|    time_elapsed    | 68       |
|    total_timesteps | 20480    |
---------------------------------
-----------------------------------------
| rollout/                |             |
|    ep_len_mean          | 29.8        |
|    ep_rew_mean          | 13.9        |
| time/                   |             |
|    fps                  | 282         |
|    iterations           | 6           |
|    time_elapsed         | 87          |
|    total_timesteps      | 24576       |
| train/                  |             |
|    approx_kl            | 0.018252393 |
|    clip_fraction        | 0.191       |
|    clip_range           | 0.2         |
|    entropy_loss         | -5.58       |
|    explained_variance   | 0.66        |
|    learning_rate        | 0.0003      |
|    loss                 | 1.95        |
|    n_updates            | 50          |
|    policy_gradient_loss | -0.0274     |
|    std                  | 0.973       |
|    value_loss           | 5           |
-----------------------------------------
-----------------------------------------
| rollout/                |             |
|    ep_len_mean          | 31.6        |
|    ep_rew_mean          | 15.5        |
| time/                   |             |
|    fps                  | 271         |
|    iterations           | 7           |
|    time_elapsed         | 105         |
|    total_timesteps      | 28672       |
| train/                  |             |
|    approx_kl            | 0.016163591 |
|    clip_fraction        | 0.193       |
|    clip_range           | 0.2         |
|    entropy_loss         | -5.56       |
|    explained_variance   | 0.682       |
|    learning_rate        | 0.0003      |
|    loss                 | 1.67        |
|    n_updates            | 60          |
|    policy_gradient_loss | -0.0288     |
|    std                  | 0.968       |
|    value_loss           | 6.34        |
-----------------------------------------
----------------------------------------
| rollout/                |            |
|    ep_len_mean          | 35.7       |
|    ep_rew_mean          | 21.5       |
| time/                   |            |
|    fps                  | 277        |
|    iterations           | 8          |
|    time_elapsed         | 117        |
|    total_timesteps      | 32768      |
| train/                  |            |
|    approx_kl            | 0.01594838 |
|    clip_fraction        | 0.182      |
|    clip_range           | 0.2        |
|    entropy_loss         | -5.54      |
|    explained_variance   | 0.671      |
|    learning_rate        | 0.0003     |
|    loss                 | 2.45       |
|    n_updates            | 70         |
|    policy_gradient_loss | -0.0268    |
|    std                  | 0.963      |
|    value_loss           | 7.69       |
----------------------------------------
-----------------------------------------
| rollout/                |             |
|    ep_len_mean          | 36.4        |
|    ep_rew_mean          | 20.1        |
| time/                   |             |
|    fps                  | 282         |
|    iterations           | 9           |
|    time_elapsed         | 130         |
|    total_timesteps      | 36864       |
| train/                  |             |
|    approx_kl            | 0.017831638 |
|    clip_fraction        | 0.178       |
|    clip_range           | 0.2         |
|    entropy_loss         | -5.51       |
|    explained_variance   | 0.058       |
|    learning_rate        | 0.0003      |
|    loss                 | 2.32        |
|    n_updates            | 80          |
|    policy_gradient_loss | -0.0253     |
|    std                  | 0.958       |
|    value_loss           | 270         |
-----------------------------------------
/home/yashwanth/mtp/drone-landing-rl/drone-landing-rl-venv/lib/python3.12/site-packages/stable_baselines3/common/evaluation.py:71: UserWarning: Evaluation environment is not wrapped with a ``Monitor`` wrapper. This may result in reporting modified episode lengths and rewards, if other wrappers happen to modify these. Consider wrapping environment first with ``Monitor`` wrapper.
  warnings.warn(
Eval num_timesteps=40000, episode_reward=46.85 +/- 5.84
Episode length: 63.80 +/- 17.19
-----------------------------------------
| eval/                   |             |
|    mean_ep_length       | 63.8        |
|    mean_reward          | 46.8        |
| time/                   |             |
|    total_timesteps      | 40000       |
| train/                  |             |
|    approx_kl            | 0.017631263 |
|    clip_fraction        | 0.175       |
|    clip_range           | 0.2         |
|    entropy_loss         | -5.5        |
|    explained_variance   | 0.692       |
|    learning_rate        | 0.0003      |
|    loss                 | 3.23        |
|    n_updates            | 90          |
|    policy_gradient_loss | -0.0249     |
|    std                  | 0.953       |
|    value_loss           | 11          |
-----------------------------------------
New best mean reward!
---------------------------------
| rollout/           |          |
|    ep_len_mean     | 41.4     |
|    ep_rew_mean     | 25       |
| time/              |          |
|    fps             | 268      |
|    iterations      | 10       |
|    time_elapsed    | 152      |
|    total_timesteps | 40960    |
---------------------------------
-----------------------------------------
| rollout/                |             |
|    ep_len_mean          | 46.8        |
|    ep_rew_mean          | 27.2        |
| time/                   |             |
|    fps                  | 256         |
|    iterations           | 11          |
|    time_elapsed         | 175         |
|    total_timesteps      | 45056       |
| train/                  |             |
|    approx_kl            | 0.019170847 |
|    clip_fraction        | 0.174       |
|    clip_range           | 0.2         |
|    entropy_loss         | -5.48       |
|    explained_variance   | 0.727       |
|    learning_rate        | 0.0003      |
|    loss                 | 4.34        |
|    n_updates            | 100         |
|    policy_gradient_loss | -0.0274     |
|    std                  | 0.949       |
|    value_loss           | 12.2        |
-----------------------------------------
----------------------------------------
| rollout/                |            |
|    ep_len_mean          | 53.6       |
|    ep_rew_mean          | 37.3       |
| time/                   |            |
|    fps                  | 249        |
|    iterations           | 12         |
|    time_elapsed         | 197        |
|    total_timesteps      | 49152      |
| train/                  |            |
|    approx_kl            | 0.01747861 |
|    clip_fraction        | 0.183      |
|    clip_range           | 0.2        |
|    entropy_loss         | -5.46      |
|    explained_variance   | 0.687      |
|    learning_rate        | 0.0003     |
|    loss                 | 5.01       |
|    n_updates            | 110        |
|    policy_gradient_loss | -0.0268    |
|    std                  | 0.946      |
|    value_loss           | 12.1       |
----------------------------------------
-----------------------------------------
| rollout/                |             |
|    ep_len_mean          | 60          |
|    ep_rew_mean          | 46.1        |
| time/                   |             |
|    fps                  | 239         |
|    iterations           | 13          |
|    time_elapsed         | 221         |
|    total_timesteps      | 53248       |
| train/                  |             |
|    approx_kl            | 0.016053855 |
|    clip_fraction        | 0.164       |
|    clip_range           | 0.2         |
|    entropy_loss         | -5.45       |
|    explained_variance   | 0.151       |
|    learning_rate        | 0.0003      |
|    loss                 | 4.33        |
|    n_updates            | 120         |
|    policy_gradient_loss | -0.0258     |
|    std                  | 0.942       |
|    value_loss           | 296         |
-----------------------------------------
----------------------------------------
| rollout/                |            |
|    ep_len_mean          | 65.2       |
|    ep_rew_mean          | 65.9       |
| time/                   |            |
|    fps                  | 229        |
|    iterations           | 14         |
|    time_elapsed         | 250        |
|    total_timesteps      | 57344      |
| train/                  |            |
|    approx_kl            | 0.01522526 |
|    clip_fraction        | 0.164      |
|    clip_range           | 0.2        |
|    entropy_loss         | -5.43      |
|    explained_variance   | 0.0858     |
|    learning_rate        | 0.0003     |
|    loss                 | 1.73e+03   |
|    n_updates            | 130        |
|    policy_gradient_loss | -0.0226    |
|    std                  | 0.938      |
|    value_loss           | 485        |
----------------------------------------
Eval num_timesteps=60000, episode_reward=96.79 +/- 30.50
Episode length: 110.40 +/- 22.95
-----------------------------------------
| eval/                   |             |
|    mean_ep_length       | 110         |
|    mean_reward          | 96.8        |
| time/                   |             |
|    total_timesteps      | 60000       |
| train/                  |             |
|    approx_kl            | 0.011598958 |
|    clip_fraction        | 0.127       |
|    clip_range           | 0.2         |
|    entropy_loss         | -5.42       |
|    explained_variance   | 0.0358      |
|    learning_rate        | 0.0003      |
|    loss                 | 12.8        |
|    n_updates            | 140         |
|    policy_gradient_loss | -0.0148     |
|    std                  | 0.938       |
|    value_loss           | 1.3e+03     |
-----------------------------------------
New best mean reward!
---------------------------------
| rollout/           |          |
|    ep_len_mean     | 68.7     |
|    ep_rew_mean     | 87.6     |
| time/              |          |
|    fps             | 218      |
|    iterations      | 15       |
|    time_elapsed    | 281      |
|    total_timesteps | 61440    |
---------------------------------
----------------------------------------
| rollout/                |            |
|    ep_len_mean          | 73.5       |
|    ep_rew_mean          | 74.9       |
| time/                   |            |
|    fps                  | 210        |
|    iterations           | 16         |
|    time_elapsed         | 310        |
|    total_timesteps      | 65536      |
| train/                  |            |
|    approx_kl            | 0.01073734 |
|    clip_fraction        | 0.1        |
|    clip_range           | 0.2        |
|    entropy_loss         | -5.42      |
|    explained_variance   | 0.019      |
|    learning_rate        | 0.0003     |
|    loss                 | 17.1       |
|    n_updates            | 150        |
|    policy_gradient_loss | -0.0165    |
|    std                  | 0.937      |
|    value_loss           | 1.4e+03    |
----------------------------------------
----------------------------------------
| rollout/                |            |
|    ep_len_mean          | 73.8       |
|    ep_rew_mean          | 80.7       |
| time/                   |            |
|    fps                  | 205        |
|    iterations           | 17         |
|    time_elapsed         | 339        |
|    total_timesteps      | 69632      |
| train/                  |            |
|    approx_kl            | 0.01627855 |
|    clip_fraction        | 0.147      |
|    clip_range           | 0.2        |
|    entropy_loss         | -5.41      |
|    explained_variance   | 0.177      |
|    learning_rate        | 0.0003     |
|    loss                 | 9.36       |
|    n_updates            | 160        |
|    policy_gradient_loss | -0.0184    |
|    std                  | 0.935      |
|    value_loss           | 588        |
----------------------------------------
------------------------------------------
| rollout/                |              |
|    ep_len_mean          | 75.8         |
|    ep_rew_mean          | 101          |
| time/                   |              |
|    fps                  | 206          |
|    iterations           | 18           |
|    time_elapsed         | 357          |
|    total_timesteps      | 73728        |
| train/                  |              |
|    approx_kl            | 0.0105615305 |
|    clip_fraction        | 0.127        |
|    clip_range           | 0.2          |
|    entropy_loss         | -5.4         |
|    explained_variance   | 0.0778       |
|    learning_rate        | 0.0003       |
|    loss                 | 5.04         |
|    n_updates            | 170          |
|    policy_gradient_loss | -0.013       |
|    std                  | 0.934        |
|    value_loss           | 1.18e+03     |
------------------------------------------
------------------------------------------
| rollout/                |              |
|    ep_len_mean          | 81.4         |
|    ep_rew_mean          | 116          |
| time/                   |              |
|    fps                  | 201          |
|    iterations           | 19           |
|    time_elapsed         | 385          |
|    total_timesteps      | 77824        |
| train/                  |              |
|    approx_kl            | 0.0112783965 |
|    clip_fraction        | 0.115        |
|    clip_range           | 0.2          |
|    entropy_loss         | -5.4         |
|    explained_variance   | 0.0115       |
|    learning_rate        | 0.0003       |
|    loss                 | 13.5         |
|    n_updates            | 180          |
|    policy_gradient_loss | -0.0135      |
|    std                  | 0.933        |
|    value_loss           | 1.84e+03     |
------------------------------------------
Eval num_timesteps=80000, episode_reward=281.85 +/- 200.47
Episode length: 133.20 +/- 24.57
-----------------------------------------
| eval/                   |             |
|    mean_ep_length       | 133         |
|    mean_reward          | 282         |
| time/                   |             |
|    total_timesteps      | 80000       |
| train/                  |             |
|    approx_kl            | 0.012250533 |
|    clip_fraction        | 0.113       |
|    clip_range           | 0.2         |
|    entropy_loss         | -5.4        |
|    explained_variance   | 0.0557      |
|    learning_rate        | 0.0003      |
|    loss                 | 1.65e+03    |
|    n_updates            | 190         |
|    policy_gradient_loss | -0.0125     |
|    std                  | 0.932       |
|    value_loss           | 1.56e+03    |
-----------------------------------------
New best mean reward!
---------------------------------
| rollout/           |          |
|    ep_len_mean     | 85.1     |
|    ep_rew_mean     | 116      |
| time/              |          |
|    fps             | 196      |
|    iterations      | 20       |
|    time_elapsed    | 417      |
|    total_timesteps | 81920    |
---------------------------------
-----------------------------------------
| rollout/                |             |
|    ep_len_mean          | 90.6        |
|    ep_rew_mean          | 153         |
| time/                   |             |
|    fps                  | 190         |
|    iterations           | 21          |
|    time_elapsed         | 451         |
|    total_timesteps      | 86016       |
| train/                  |             |
|    approx_kl            | 0.014918972 |
|    clip_fraction        | 0.13        |
|    clip_range           | 0.2         |
|    entropy_loss         | -5.39       |
|    explained_variance   | 0.117       |
|    learning_rate        | 0.0003      |
|    loss                 | 12.6        |
|    n_updates            | 200         |
|    policy_gradient_loss | -0.0119     |
|    std                  | 0.933       |
|    value_loss           | 1.55e+03    |
-----------------------------------------
-----------------------------------------
| rollout/                |             |
|    ep_len_mean          | 91.4        |
|    ep_rew_mean          | 148         |
| time/                   |             |
|    fps                  | 185         |
|    iterations           | 22          |
|    time_elapsed         | 485         |
|    total_timesteps      | 90112       |
| train/                  |             |
|    approx_kl            | 0.008991599 |
|    clip_fraction        | 0.0838      |
|    clip_range           | 0.2         |
|    entropy_loss         | -5.4        |
|    explained_variance   | 0.0143      |
|    learning_rate        | 0.0003      |
|    loss                 | 3.4e+03     |
|    n_updates            | 210         |
|    policy_gradient_loss | -0.00799    |
|    std                  | 0.933       |
|    value_loss           | 3.22e+03    |
-----------------------------------------
-----------------------------------------
| rollout/                |             |
|    ep_len_mean          | 89.7        |
|    ep_rew_mean          | 138         |
| time/                   |             |
|    fps                  | 181         |
|    iterations           | 23          |
|    time_elapsed         | 519         |
|    total_timesteps      | 94208       |
| train/                  |             |
|    approx_kl            | 0.012612159 |
|    clip_fraction        | 0.127       |
|    clip_range           | 0.2         |
|    entropy_loss         | -5.39       |
|    explained_variance   | 0.147       |
|    learning_rate        | 0.0003      |
|    loss                 | 14.9        |
|    n_updates            | 220         |
|    policy_gradient_loss | -0.0124     |
|    std                  | 0.931       |
|    value_loss           | 1.25e+03    |
-----------------------------------------
-----------------------------------------
| rollout/                |             |
|    ep_len_mean          | 88.3        |
|    ep_rew_mean          | 153         |
| time/                   |             |
|    fps                  | 178         |
|    iterations           | 24          |
|    time_elapsed         | 552         |
|    total_timesteps      | 98304       |
| train/                  |             |
|    approx_kl            | 0.013981341 |
|    clip_fraction        | 0.106       |
|    clip_range           | 0.2         |
|    entropy_loss         | -5.39       |
|    explained_variance   | 0.0246      |
|    learning_rate        | 0.0003      |
|    loss                 | 99.8        |
|    n_updates            | 230         |
|    policy_gradient_loss | -0.0103     |
|    std                  | 0.93        |
|    value_loss           | 2.26e+03    |
-----------------------------------------
Eval num_timesteps=100000, episode_reward=327.32 +/- 275.59
Episode length: 112.60 +/- 25.15
----------------------------------------
| eval/                   |            |
|    mean_ep_length       | 113        |
|    mean_reward          | 327        |
| time/                   |            |
|    total_timesteps      | 100000     |
| train/                  |            |
|    approx_kl            | 0.01399029 |
|    clip_fraction        | 0.102      |
|    clip_range           | 0.2        |
|    entropy_loss         | -5.38      |
|    explained_variance   | -0.0691    |
|    learning_rate        | 0.0003     |
|    loss                 | 1.34e+03   |
|    n_updates            | 240        |
|    policy_gradient_loss | -0.00969   |
|    std                  | 0.929      |
|    value_loss           | 2.36e+03   |
----------------------------------------
New best mean reward!
---------------------------------
| rollout/           |          |
|    ep_len_mean     | 87.9     |
|    ep_rew_mean     | 164      |
| time/              |          |
|    fps             | 175      |
|    iterations      | 25       |
|    time_elapsed    | 583      |
|    total_timesteps | 102400   |
---------------------------------
----------------------------------------
| rollout/                |            |
|    ep_len_mean          | 87.6       |
|    ep_rew_mean          | 177        |
| time/                   |            |
|    fps                  | 172        |
|    iterations           | 26         |
|    time_elapsed         | 615        |
|    total_timesteps      | 106496     |
| train/                  |            |
|    approx_kl            | 0.00838314 |
|    clip_fraction        | 0.0724     |
|    clip_range           | 0.2        |
|    entropy_loss         | -5.38      |
|    explained_variance   | -0.0322    |
|    learning_rate        | 0.0003     |
|    loss                 | 2.7e+03    |
|    n_updates            | 250        |
|    policy_gradient_loss | -0.00828   |
|    std                  | 0.928      |
|    value_loss           | 3e+03      |
----------------------------------------
-----------------------------------------
| rollout/                |             |
|    ep_len_mean          | 89.4        |
|    ep_rew_mean          | 204         |
| time/                   |             |
|    fps                  | 170         |
|    iterations           | 27          |
|    time_elapsed         | 648         |
|    total_timesteps      | 110592      |
| train/                  |             |
|    approx_kl            | 0.010151299 |
|    clip_fraction        | 0.118       |
|    clip_range           | 0.2         |
|    entropy_loss         | -5.38       |
|    explained_variance   | -0.0254     |
|    learning_rate        | 0.0003      |
|    loss                 | 2.89e+03    |
|    n_updates            | 260         |
|    policy_gradient_loss | -0.00979    |
|    std                  | 0.928       |
|    value_loss           | 3.11e+03    |
-----------------------------------------
---------------------------------------
| rollout/                |           |
|    ep_len_mean          | 94.8      |
|    ep_rew_mean          | 202       |
| time/                   |           |
|    fps                  | 167       |
|    iterations           | 28        |
|    time_elapsed         | 683       |
|    total_timesteps      | 114688    |
| train/                  |           |
|    approx_kl            | 0.0538435 |
|    clip_fraction        | 0.127     |
|    clip_range           | 0.2       |
|    entropy_loss         | -5.38     |
|    explained_variance   | 0.0385    |
|    learning_rate        | 0.0003    |
|    loss                 | 3.37e+03  |
|    n_updates            | 270       |
|    policy_gradient_loss | -0.00871  |
|    std                  | 0.927     |
|    value_loss           | 3.74e+03  |
---------------------------------------
-----------------------------------------
| rollout/                |             |
|    ep_len_mean          | 92.8        |
|    ep_rew_mean          | 177         |
| time/                   |             |
|    fps                  | 168         |
|    iterations           | 29          |
|    time_elapsed         | 705         |
|    total_timesteps      | 118784      |
| train/                  |             |
|    approx_kl            | 0.008467585 |
|    clip_fraction        | 0.1         |
|    clip_range           | 0.2         |
|    entropy_loss         | -5.37       |
|    explained_variance   | 0.0605      |
|    learning_rate        | 0.0003      |
|    loss                 | 29.9        |
|    n_updates            | 280         |
|    policy_gradient_loss | -0.0116     |
|    std                  | 0.926       |
|    value_loss           | 2.57e+03    |
-----------------------------------------
Eval num_timesteps=120000, episode_reward=255.73 +/- 273.86
Episode length: 134.20 +/- 38.72
-----------------------------------------
| eval/                   |             |
|    mean_ep_length       | 134         |
|    mean_reward          | 256         |
| time/                   |             |
|    total_timesteps      | 120000      |
| train/                  |             |
|    approx_kl            | 0.011797469 |
|    clip_fraction        | 0.0894      |
|    clip_range           | 0.2         |
|    entropy_loss         | -5.37       |
|    explained_variance   | -0.0133     |
|    learning_rate        | 0.0003      |
|    loss                 | 1.8e+03     |
|    n_updates            | 290         |
|    policy_gradient_loss | -0.00992    |
|    std                  | 0.926       |
|    value_loss           | 2.61e+03    |
-----------------------------------------
---------------------------------
| rollout/           |          |
|    ep_len_mean     | 91.9     |
|    ep_rew_mean     | 185      |
| time/              |          |
|    fps             | 165      |
|    iterations      | 30       |
|    time_elapsed    | 740      |
|    total_timesteps | 122880   |
---------------------------------
------------------------------------------
| rollout/                |              |
|    ep_len_mean          | 93.9         |
|    ep_rew_mean          | 224          |
| time/                   |              |
|    fps                  | 163          |
|    iterations           | 31           |
|    time_elapsed         | 774          |
|    total_timesteps      | 126976       |
| train/                  |              |
|    approx_kl            | 0.0110229235 |
|    clip_fraction        | 0.0906       |
|    clip_range           | 0.2          |
|    entropy_loss         | -5.37        |
|    explained_variance   | 0.0472       |
|    learning_rate        | 0.0003       |
|    loss                 | 1.33e+03     |
|    n_updates            | 300          |
|    policy_gradient_loss | -0.0113      |
|    std                  | 0.927        |
|    value_loss           | 3.32e+03     |
------------------------------------------
-----------------------------------------
| rollout/                |             |
|    ep_len_mean          | 95          |
|    ep_rew_mean          | 201         |
| time/                   |             |
|    fps                  | 162         |
|    iterations           | 32          |
|    time_elapsed         | 807         |
|    total_timesteps      | 131072      |
| train/                  |             |
|    approx_kl            | 0.010990985 |
|    clip_fraction        | 0.129       |
|    clip_range           | 0.2         |
|    entropy_loss         | -5.37       |
|    explained_variance   | 0.00333     |
|    learning_rate        | 0.0003      |
|    loss                 | 1.29e+03    |
|    n_updates            | 310         |
|    policy_gradient_loss | -0.0105     |
|    std                  | 0.927       |
|    value_loss           | 4.26e+03    |
-----------------------------------------
----------------------------------------
| rollout/                |            |
|    ep_len_mean          | 91.7       |
|    ep_rew_mean          | 178        |
| time/                   |            |
|    fps                  | 162        |
|    iterations           | 33         |
|    time_elapsed         | 829        |
|    total_timesteps      | 135168     |
| train/                  |            |
|    approx_kl            | 0.02646531 |
|    clip_fraction        | 0.156      |
|    clip_range           | 0.2        |
|    entropy_loss         | -5.37      |
|    explained_variance   | 0.084      |
|    learning_rate        | 0.0003     |
|    loss                 | 35.2       |
|    n_updates            | 320        |
|    policy_gradient_loss | -0.0104    |
|    std                  | 0.925      |
|    value_loss           | 1.93e+03   |
----------------------------------------
-----------------------------------------
| rollout/                |             |
|    ep_len_mean          | 90.4        |
|    ep_rew_mean          | 209         |
| time/                   |             |
|    fps                  | 163         |
|    iterations           | 34          |
|    time_elapsed         | 851         |
|    total_timesteps      | 139264      |
| train/                  |             |
|    approx_kl            | 0.011917893 |
|    clip_fraction        | 0.113       |
|    clip_range           | 0.2         |
|    entropy_loss         | -5.36       |
|    explained_variance   | -0.0653     |
|    learning_rate        | 0.0003      |
|    loss                 | 16          |
|    n_updates            | 330         |
|    policy_gradient_loss | -0.0116     |
|    std                  | 0.924       |
|    value_loss           | 2.97e+03    |
-----------------------------------------
Eval num_timesteps=140000, episode_reward=481.21 +/- 205.81
Episode length: 112.80 +/- 16.86
-----------------------------------------
| eval/                   |             |
|    mean_ep_length       | 113         |
|    mean_reward          | 481         |
| time/                   |             |
|    total_timesteps      | 140000      |
| train/                  |             |
|    approx_kl            | 0.017548395 |
|    clip_fraction        | 0.117       |
|    clip_range           | 0.2         |
|    entropy_loss         | -5.36       |
|    explained_variance   | -0.0535     |
|    learning_rate        | 0.0003      |
|    loss                 | 4.27e+03    |
|    n_updates            | 340         |
|    policy_gradient_loss | -0.00814    |
|    std                  | 0.923       |
|    value_loss           | 3.7e+03     |
-----------------------------------------
New best mean reward!
---------------------------------
| rollout/           |          |
|    ep_len_mean     | 90.2     |
|    ep_rew_mean     | 234      |
| time/              |          |
|    fps             | 164      |
|    iterations      | 35       |
|    time_elapsed    | 871      |
|    total_timesteps | 143360   |
---------------------------------
-----------------------------------------
| rollout/                |             |
|    ep_len_mean          | 89.3        |
|    ep_rew_mean          | 233         |
| time/                   |             |
|    fps                  | 163         |
|    iterations           | 36          |
|    time_elapsed         | 902         |
|    total_timesteps      | 147456      |
| train/                  |             |
|    approx_kl            | 0.012544764 |
|    clip_fraction        | 0.128       |
|    clip_range           | 0.2         |
|    entropy_loss         | -5.35       |
|    explained_variance   | 0.0515      |
|    learning_rate        | 0.0003      |
|    loss                 | 2.58e+03    |
|    n_updates            | 350         |
|    policy_gradient_loss | -0.0125     |
|    std                  | 0.92        |
|    value_loss           | 3.92e+03    |
-----------------------------------------
-----------------------------------------
| rollout/                |             |
|    ep_len_mean          | 86          |
|    ep_rew_mean          | 202         |
| time/                   |             |
|    fps                  | 162         |
|    iterations           | 37          |
|    time_elapsed         | 931         |
|    total_timesteps      | 151552      |
| train/                  |             |
|    approx_kl            | 0.010890459 |
|    clip_fraction        | 0.104       |
|    clip_range           | 0.2         |
|    entropy_loss         | -5.34       |
|    explained_variance   | -0.0477     |
|    learning_rate        | 0.0003      |
|    loss                 | 25.1        |
|    n_updates            | 360         |
|    policy_gradient_loss | -0.00971    |
|    std                  | 0.919       |
|    value_loss           | 3.08e+03    |
-----------------------------------------
-----------------------------------------
| rollout/                |             |
|    ep_len_mean          | 84.1        |
|    ep_rew_mean          | 209         |
| time/                   |             |
|    fps                  | 161         |
|    iterations           | 38          |
|    time_elapsed         | 961         |
|    total_timesteps      | 155648      |
| train/                  |             |
|    approx_kl            | 0.009982189 |
|    clip_fraction        | 0.0834      |
|    clip_range           | 0.2         |
|    entropy_loss         | -5.33       |
|    explained_variance   | 0.00219     |
|    learning_rate        | 0.0003      |
|    loss                 | 1.81e+03    |
|    n_updates            | 370         |
|    policy_gradient_loss | -0.0122     |
|    std                  | 0.916       |
|    value_loss           | 3.04e+03    |
-----------------------------------------
-----------------------------------------
| rollout/                |             |
|    ep_len_mean          | 87.8        |
|    ep_rew_mean          | 242         |
| time/                   |             |
|    fps                  | 160         |
|    iterations           | 39          |
|    time_elapsed         | 993         |
|    total_timesteps      | 159744      |
| train/                  |             |
|    approx_kl            | 0.031087104 |
|    clip_fraction        | 0.129       |
|    clip_range           | 0.2         |
|    entropy_loss         | -5.32       |
|    explained_variance   | -0.0669     |
|    learning_rate        | 0.0003      |
|    loss                 | 2.51e+03    |
|    n_updates            | 380         |
|    policy_gradient_loss | -0.00982    |
|    std                  | 0.914       |
|    value_loss           | 3.7e+03     |
-----------------------------------------
Eval num_timesteps=160000, episode_reward=343.34 +/- 176.39
Episode length: 95.00 +/- 11.26
-----------------------------------------
| eval/                   |             |
|    mean_ep_length       | 95          |
|    mean_reward          | 343         |
| time/                   |             |
|    total_timesteps      | 160000      |
| train/                  |             |
|    approx_kl            | 0.027726956 |
|    clip_fraction        | 0.292       |
|    clip_range           | 0.2         |
|    entropy_loss         | -5.31       |
|    explained_variance   | 0.04        |
|    learning_rate        | 0.0003      |
|    loss                 | 2.48e+03    |
|    n_updates            | 390         |
|    policy_gradient_loss | -0.00387    |
|    std                  | 0.913       |
|    value_loss           | 4.27e+03    |
-----------------------------------------
---------------------------------
| rollout/           |          |
|    ep_len_mean     | 79.4     |
|    ep_rew_mean     | 218      |
| time/              |          |
|    fps             | 159      |
|    iterations      | 40       |
|    time_elapsed    | 1026     |
|    total_timesteps | 163840   |
---------------------------------
-----------------------------------------
| rollout/                |             |
|    ep_len_mean          | 74.7        |
|    ep_rew_mean          | 188         |
| time/                   |             |
|    fps                  | 159         |
|    iterations           | 41          |
|    time_elapsed         | 1053        |
|    total_timesteps      | 167936      |
| train/                  |             |
|    approx_kl            | 0.013228812 |
|    clip_fraction        | 0.179       |
|    clip_range           | 0.2         |
|    entropy_loss         | -5.31       |
|    explained_variance   | 0.00933     |
|    learning_rate        | 0.0003      |
|    loss                 | 40.1        |
|    n_updates            | 400         |
|    policy_gradient_loss | -0.0108     |
|    std                  | 0.912       |
|    value_loss           | 3.32e+03    |
-----------------------------------------
-----------------------------------------
| rollout/                |             |
|    ep_len_mean          | 58.6        |
|    ep_rew_mean          | 115         |
| time/                   |             |
|    fps                  | 158         |
|    iterations           | 42          |
|    time_elapsed         | 1082        |
|    total_timesteps      | 172032      |
| train/                  |             |
|    approx_kl            | 0.109281175 |
|    clip_fraction        | 0.319       |
|    clip_range           | 0.2         |
|    entropy_loss         | -5.31       |
|    explained_variance   | 0.0249      |
|    learning_rate        | 0.0003      |
|    loss                 | 2.03e+03    |
|    n_updates            | 410         |
|    policy_gradient_loss | -0.00188    |
|    std                  | 0.913       |
|    value_loss           | 3.14e+03    |
-----------------------------------------
-----------------------------------------
| rollout/                |             |
|    ep_len_mean          | 56.3        |
|    ep_rew_mean          | 105         |
| time/                   |             |
|    fps                  | 158         |
|    iterations           | 43          |
|    time_elapsed         | 1109        |
|    total_timesteps      | 176128      |
| train/                  |             |
|    approx_kl            | 0.023946982 |
|    clip_fraction        | 0.282       |
|    clip_range           | 0.2         |
|    entropy_loss         | -5.31       |
|    explained_variance   | 0.0592      |
|    learning_rate        | 0.0003      |
|    loss                 | 1.99e+03    |
|    n_updates            | 420         |
|    policy_gradient_loss | -0.00261    |
|    std                  | 0.912       |
|    value_loss           | 1.39e+03    |
-----------------------------------------
Eval num_timesteps=180000, episode_reward=202.74 +/- 182.10
Episode length: 69.60 +/- 5.28
----------------------------------------
| eval/                   |            |
|    mean_ep_length       | 69.6       |
|    mean_reward          | 203        |
| time/                   |            |
|    total_timesteps      | 180000     |
| train/                  |            |
|    approx_kl            | 0.03345362 |
|    clip_fraction        | 0.352      |
|    clip_range           | 0.2        |
|    entropy_loss         | -5.3       |
|    explained_variance   | 0.065      |
|    learning_rate        | 0.0003     |
|    loss                 | 226        |
|    n_updates            | 430        |
|    policy_gradient_loss | 0.00478    |
|    std                  | 0.909      |
|    value_loss           | 1.9e+03    |
----------------------------------------
---------------------------------
| rollout/           |          |
|    ep_len_mean     | 54.9     |
|    ep_rew_mean     | 87.9     |
| time/              |          |
|    fps             | 158      |
|    iterations      | 44       |
|    time_elapsed    | 1135     |
|    total_timesteps | 180224   |
---------------------------------
---------------------------------------
| rollout/                |           |
|    ep_len_mean          | 50.9      |
|    ep_rew_mean          | 77.2      |
| time/                   |           |
|    fps                  | 159       |
|    iterations           | 45        |
|    time_elapsed         | 1158      |
|    total_timesteps      | 184320    |
| train/                  |           |
|    approx_kl            | 0.0367536 |
|    clip_fraction        | 0.421     |
|    clip_range           | 0.2       |
|    entropy_loss         | -5.29     |
|    explained_variance   | 0.111     |
|    learning_rate        | 0.0003    |
|    loss                 | 1.46e+03  |
|    n_updates            | 440       |
|    policy_gradient_loss | 0.0205    |
|    std                  | 0.91      |
|    value_loss           | 1.51e+03  |
---------------------------------------
----------------------------------------
| rollout/                |            |
|    ep_len_mean          | 54.5       |
|    ep_rew_mean          | 106        |
| time/                   |            |
|    fps                  | 159        |
|    iterations           | 46         |
|    time_elapsed         | 1182       |
|    total_timesteps      | 188416     |
| train/                  |            |
|    approx_kl            | 0.03694102 |
|    clip_fraction        | 0.235      |
|    clip_range           | 0.2        |
|    entropy_loss         | -5.29      |
|    explained_variance   | 0.0683     |
|    learning_rate        | 0.0003     |
|    loss                 | 331        |
|    n_updates            | 450        |
|    policy_gradient_loss | -0.0114    |
|    std                  | 0.907      |
|    value_loss           | 1.55e+03   |
----------------------------------------
---------------------------------------
| rollout/                |           |
|    ep_len_mean          | 53.4      |
|    ep_rew_mean          | 91.6      |
| time/                   |           |
|    fps                  | 160       |
|    iterations           | 47        |
|    time_elapsed         | 1199      |
|    total_timesteps      | 192512    |
| train/                  |           |
|    approx_kl            | 0.0297421 |
|    clip_fraction        | 0.256     |
|    clip_range           | 0.2       |
|    entropy_loss         | -5.28     |
|    explained_variance   | 0.0177    |
|    learning_rate        | 0.0003    |
|    loss                 | 1.1e+03   |
|    n_updates            | 460       |
|    policy_gradient_loss | -0.00667  |
|    std                  | 0.903     |
|    value_loss           | 2.11e+03  |
---------------------------------------
-----------------------------------------
| rollout/                |             |
|    ep_len_mean          | 53          |
|    ep_rew_mean          | 87.5        |
| time/                   |             |
|    fps                  | 161         |
|    iterations           | 48          |
|    time_elapsed         | 1221        |
|    total_timesteps      | 196608      |
| train/                  |             |
|    approx_kl            | 0.107436314 |
|    clip_fraction        | 0.229       |
|    clip_range           | 0.2         |
|    entropy_loss         | -5.27       |
|    explained_variance   | 0.195       |
|    learning_rate        | 0.0003      |
|    loss                 | 1.31e+03    |
|    n_updates            | 470         |
|    policy_gradient_loss | -0.00481    |
|    std                  | 0.904       |
|    value_loss           | 1.27e+03    |
-----------------------------------------
Eval num_timesteps=200000, episode_reward=115.54 +/- 137.38
Episode length: 57.40 +/- 12.77
-----------------------------------------
| eval/                   |             |
|    mean_ep_length       | 57.4        |
|    mean_reward          | 116         |
| time/                   |             |
|    total_timesteps      | 200000      |
| train/                  |             |
|    approx_kl            | 0.019905062 |
|    clip_fraction        | 0.252       |
|    clip_range           | 0.2         |
|    entropy_loss         | -5.27       |
|    explained_variance   | 0.0359      |
|    learning_rate        | 0.0003      |
|    loss                 | 1.2e+03     |
|    n_updates            | 480         |
|    policy_gradient_loss | -0.00845    |
|    std                  | 0.904       |
|    value_loss           | 1.93e+03    |
-----------------------------------------
---------------------------------
| rollout/           |          |
|    ep_len_mean     | 53.7     |
|    ep_rew_mean     | 101      |
| time/              |          |
|    fps             | 162      |
|    iterations      | 49       |
|    time_elapsed    | 1237     |
|    total_timesteps | 200704   |
---------------------------------
----------------------------------------
| rollout/                |            |
|    ep_len_mean          | 57.5       |
|    ep_rew_mean          | 112        |
| time/                   |            |
|    fps                  | 163        |
|    iterations           | 50         |
|    time_elapsed         | 1254       |
|    total_timesteps      | 204800     |
| train/                  |            |
|    approx_kl            | 0.01167679 |
|    clip_fraction        | 0.163      |
|    clip_range           | 0.2        |
|    entropy_loss         | -5.27      |
|    explained_variance   | 0.0393     |
|    learning_rate        | 0.0003     |
|    loss                 | 5.83       |
|    n_updates            | 490        |
|    policy_gradient_loss | -0.00876   |
|    std                  | 0.901      |
|    value_loss           | 1.85e+03   |
----------------------------------------
-----------------------------------------
| rollout/                |             |
|    ep_len_mean          | 55          |
|    ep_rew_mean          | 150         |
| time/                   |             |
|    fps                  | 164         |
|    iterations           | 51          |
|    time_elapsed         | 1270        |
|    total_timesteps      | 208896      |
| train/                  |             |
|    approx_kl            | 0.009716457 |
|    clip_fraction        | 0.0769      |
|    clip_range           | 0.2         |
|    entropy_loss         | -5.26       |
|    explained_variance   | 0.045       |
|    learning_rate        | 0.0003      |
|    loss                 | 31.1        |
|    n_updates            | 500         |
|    policy_gradient_loss | -0.00965    |
|    std                  | 0.9         |
|    value_loss           | 2.3e+03     |
-----------------------------------------
------------------------------------------
| rollout/                |              |
|    ep_len_mean          | 58.5         |
|    ep_rew_mean          | 127          |
| time/                   |              |
|    fps                  | 165          |
|    iterations           | 52           |
|    time_elapsed         | 1286         |
|    total_timesteps      | 212992       |
| train/                  |              |
|    approx_kl            | 0.0065660044 |
|    clip_fraction        | 0.0389       |
|    clip_range           | 0.2          |
|    entropy_loss         | -5.25        |
|    explained_variance   | -0.074       |
|    learning_rate        | 0.0003       |
|    loss                 | 64           |
|    n_updates            | 510          |
|    policy_gradient_loss | -0.00755     |
|    std                  | 0.898        |
|    value_loss           | 3.16e+03     |
------------------------------------------
-----------------------------------------
| rollout/                |             |
|    ep_len_mean          | 58.5        |
|    ep_rew_mean          | 112         |
| time/                   |             |
|    fps                  | 165         |
|    iterations           | 53          |
|    time_elapsed         | 1313        |
|    total_timesteps      | 217088      |
| train/                  |             |
|    approx_kl            | 0.006739756 |
|    clip_fraction        | 0.0477      |
|    clip_range           | 0.2         |
|    entropy_loss         | -5.24       |
|    explained_variance   | -0.04       |
|    learning_rate        | 0.0003      |
|    loss                 | 878         |
|    n_updates            | 520         |
|    policy_gradient_loss | -0.00995    |
|    std                  | 0.897       |
|    value_loss           | 1.93e+03    |
-----------------------------------------
Eval num_timesteps=220000, episode_reward=183.16 +/- 162.65
Episode length: 55.00 +/- 24.31
-----------------------------------------
| eval/                   |             |
|    mean_ep_length       | 55          |
|    mean_reward          | 183         |
| time/                   |             |
|    total_timesteps      | 220000      |
| train/                  |             |
|    approx_kl            | 0.008822413 |
|    clip_fraction        | 0.0665      |
|    clip_range           | 0.2         |
|    entropy_loss         | -5.24       |
|    explained_variance   | 0.00376     |
|    learning_rate        | 0.0003      |
|    loss                 | 117         |
|    n_updates            | 530         |
|    policy_gradient_loss | -0.0114     |
|    std                  | 0.896       |
|    value_loss           | 1.88e+03    |
-----------------------------------------
---------------------------------
| rollout/           |          |
|    ep_len_mean     | 54.8     |
|    ep_rew_mean     | 121      |
| time/              |          |
|    fps             | 165      |
|    iterations      | 54       |
|    time_elapsed    | 1340     |
|    total_timesteps | 221184   |
---------------------------------
------------------------------------------
| rollout/                |              |
|    ep_len_mean          | 58.5         |
|    ep_rew_mean          | 122          |
| time/                   |              |
|    fps                  | 164          |
|    iterations           | 55           |
|    time_elapsed         | 1365         |
|    total_timesteps      | 225280       |
| train/                  |              |
|    approx_kl            | 0.0091600325 |
|    clip_fraction        | 0.0709       |
|    clip_range           | 0.2          |
|    entropy_loss         | -5.23        |
|    explained_variance   | 0.0482       |
|    learning_rate        | 0.0003       |
|    loss                 | 416          |
|    n_updates            | 540          |
|    policy_gradient_loss | -0.0106      |
|    std                  | 0.893        |
|    value_loss           | 2.22e+03     |
------------------------------------------
----------------------------------------
| rollout/                |            |
|    ep_len_mean          | 64.7       |
|    ep_rew_mean          | 156        |
| time/                   |            |
|    fps                  | 164        |
|    iterations           | 56         |
|    time_elapsed         | 1393       |
|    total_timesteps      | 229376     |
| train/                  |            |
|    approx_kl            | 0.00755167 |
|    clip_fraction        | 0.0621     |
|    clip_range           | 0.2        |
|    entropy_loss         | -5.22      |
|    explained_variance   | 0.051      |
|    learning_rate        | 0.0003     |
|    loss                 | 929        |
|    n_updates            | 550        |
|    policy_gradient_loss | -0.00975   |
|    std                  | 0.891      |
|    value_loss           | 2.52e+03   |
----------------------------------------
-----------------------------------------
| rollout/                |             |
|    ep_len_mean          | 65.5        |
|    ep_rew_mean          | 166         |
| time/                   |             |
|    fps                  | 164         |
|    iterations           | 57          |
|    time_elapsed         | 1421        |
|    total_timesteps      | 233472      |
| train/                  |             |
|    approx_kl            | 0.008297731 |
|    clip_fraction        | 0.0548      |
|    clip_range           | 0.2         |
|    entropy_loss         | -5.21       |
|    explained_variance   | 0.156       |
|    learning_rate        | 0.0003      |
|    loss                 | 44.7        |
|    n_updates            | 560         |
|    policy_gradient_loss | -0.00869    |
|    std                  | 0.89        |
|    value_loss           | 2.11e+03    |
-----------------------------------------
-----------------------------------------
| rollout/                |             |
|    ep_len_mean          | 61.3        |
|    ep_rew_mean          | 168         |
| time/                   |             |
|    fps                  | 163         |
|    iterations           | 58          |
|    time_elapsed         | 1449        |
|    total_timesteps      | 237568      |
| train/                  |             |
|    approx_kl            | 0.013661003 |
|    clip_fraction        | 0.19        |
|    clip_range           | 0.2         |
|    entropy_loss         | -5.21       |
|    explained_variance   | -0.0558     |
|    learning_rate        | 0.0003      |
|    loss                 | 1.87e+03    |
|    n_updates            | 570         |
|    policy_gradient_loss | -0.00433    |
|    std                  | 0.89        |
|    value_loss           | 2.85e+03    |
-----------------------------------------
Eval num_timesteps=240000, episode_reward=226.44 +/- 180.14
Episode length: 79.00 +/- 7.40
-----------------------------------------
| eval/                   |             |
|    mean_ep_length       | 79          |
|    mean_reward          | 226         |
| time/                   |             |
|    total_timesteps      | 240000      |
| train/                  |             |
|    approx_kl            | 0.015760984 |
|    clip_fraction        | 0.178       |
|    clip_range           | 0.2         |
|    entropy_loss         | -5.21       |
|    explained_variance   | -0.158      |
|    learning_rate        | 0.0003      |
|    loss                 | 1.33e+03    |
|    n_updates            | 580         |
|    policy_gradient_loss | -0.0141     |
|    std                  | 0.888       |
|    value_loss           | 2.76e+03    |
-----------------------------------------
---------------------------------
| rollout/           |          |
|    ep_len_mean     | 62.2     |
|    ep_rew_mean     | 187      |
| time/              |          |
|    fps             | 164      |
|    iterations      | 59       |
|    time_elapsed    | 1472     |
|    total_timesteps | 241664   |
---------------------------------
-----------------------------------------
| rollout/                |             |
|    ep_len_mean          | 65.2        |
|    ep_rew_mean          | 227         |
| time/                   |             |
|    fps                  | 163         |
|    iterations           | 60          |
|    time_elapsed         | 1502        |
|    total_timesteps      | 245760      |
| train/                  |             |
|    approx_kl            | 0.011166721 |
|    clip_fraction        | 0.117       |
|    clip_range           | 0.2         |
|    entropy_loss         | -5.19       |
|    explained_variance   | 0.0685      |
|    learning_rate        | 0.0003      |
|    loss                 | 3.4e+03     |
|    n_updates            | 590         |
|    policy_gradient_loss | -0.0133     |
|    std                  | 0.885       |
|    value_loss           | 3.91e+03    |
-----------------------------------------
-----------------------------------------
| rollout/                |             |
|    ep_len_mean          | 64          |
|    ep_rew_mean          | 202         |
| time/                   |             |
|    fps                  | 163         |
|    iterations           | 61          |
|    time_elapsed         | 1527        |
|    total_timesteps      | 249856      |
| train/                  |             |
|    approx_kl            | 0.012990072 |
|    clip_fraction        | 0.176       |
|    clip_range           | 0.2         |
|    entropy_loss         | -5.18       |
|    explained_variance   | 0.0392      |
|    learning_rate        | 0.0003      |
|    loss                 | 2.84e+03    |
|    n_updates            | 600         |
|    policy_gradient_loss | -0.00947    |
|    std                  | 0.883       |
|    value_loss           | 4.04e+03    |
-----------------------------------------
------------------------------------------
| rollout/                |              |
|    ep_len_mean          | 60.7         |
|    ep_rew_mean          | 204          |
| time/                   |              |
|    fps                  | 163          |
|    iterations           | 62           |
|    time_elapsed         | 1551         |
|    total_timesteps      | 253952       |
| train/                  |              |
|    approx_kl            | 0.0151116885 |
|    clip_fraction        | 0.168        |
|    clip_range           | 0.2          |
|    entropy_loss         | -5.17        |
|    explained_variance   | 0.0787       |
|    learning_rate        | 0.0003       |
|    loss                 | 1.09e+03     |
|    n_updates            | 610          |
|    policy_gradient_loss | -0.0139      |
|    std                  | 0.881        |
|    value_loss           | 2.92e+03     |
------------------------------------------
-----------------------------------------
| rollout/                |             |
|    ep_len_mean          | 62.8        |
|    ep_rew_mean          | 230         |
| time/                   |             |
|    fps                  | 163         |
|    iterations           | 63          |
|    time_elapsed         | 1573        |
|    total_timesteps      | 258048      |
| train/                  |             |
|    approx_kl            | 0.028116498 |
|    clip_fraction        | 0.19        |
|    clip_range           | 0.2         |
|    entropy_loss         | -5.16       |
|    explained_variance   | 0.0696      |
|    learning_rate        | 0.0003      |
|    loss                 | 1.84e+03    |
|    n_updates            | 620         |
|    policy_gradient_loss | -0.0141     |
|    std                  | 0.878       |
|    value_loss           | 4.15e+03    |
-----------------------------------------
Eval num_timesteps=260000, episode_reward=427.40 +/- 35.20
Episode length: 66.40 +/- 10.31
-----------------------------------------
| eval/                   |             |
|    mean_ep_length       | 66.4        |
|    mean_reward          | 427         |
| time/                   |             |
|    total_timesteps      | 260000      |
| train/                  |             |
|    approx_kl            | 0.014471941 |
|    clip_fraction        | 0.23        |
|    clip_range           | 0.2         |
|    entropy_loss         | -5.16       |
|    explained_variance   | 0.025       |
|    learning_rate        | 0.0003      |
|    loss                 | 1.86e+03    |
|    n_updates            | 630         |
|    policy_gradient_loss | -0.00806    |
|    std                  | 0.878       |
|    value_loss           | 3.6e+03     |
-----------------------------------------
---------------------------------
| rollout/           |          |
|    ep_len_mean     | 64.1     |
|    ep_rew_mean     | 254      |
| time/              |          |
|    fps             | 163      |
|    iterations      | 64       |
|    time_elapsed    | 1600     |
|    total_timesteps | 262144   |
---------------------------------
-----------------------------------------
| rollout/                |             |
|    ep_len_mean          | 66.8        |
|    ep_rew_mean          | 251         |
| time/                   |             |
|    fps                  | 164         |
|    iterations           | 65          |
|    time_elapsed         | 1621        |
|    total_timesteps      | 266240      |
| train/                  |             |
|    approx_kl            | 0.012148742 |
|    clip_fraction        | 0.193       |
|    clip_range           | 0.2         |
|    entropy_loss         | -5.15       |
|    explained_variance   | 0.0926      |
|    learning_rate        | 0.0003      |
|    loss                 | 1.98e+03    |
|    n_updates            | 640         |
|    policy_gradient_loss | -0.015      |
|    std                  | 0.875       |
|    value_loss           | 4.69e+03    |
-----------------------------------------
-----------------------------------------
| rollout/                |             |
|    ep_len_mean          | 63.3        |
|    ep_rew_mean          | 235         |
| time/                   |             |
|    fps                  | 164         |
|    iterations           | 66          |
|    time_elapsed         | 1647        |
|    total_timesteps      | 270336      |
| train/                  |             |
|    approx_kl            | 0.016740784 |
|    clip_fraction        | 0.184       |
|    clip_range           | 0.2         |
|    entropy_loss         | -5.12       |
|    explained_variance   | 0.055       |
|    learning_rate        | 0.0003      |
|    loss                 | 1.82e+03    |
|    n_updates            | 650         |
|    policy_gradient_loss | -0.0145     |
|    std                  | 0.865       |
|    value_loss           | 3.5e+03     |
-----------------------------------------
-----------------------------------------
| rollout/                |             |
|    ep_len_mean          | 61.3        |
|    ep_rew_mean          | 268         |
| time/                   |             |
|    fps                  | 163         |
|    iterations           | 67          |
|    time_elapsed         | 1674        |
|    total_timesteps      | 274432      |
| train/                  |             |
|    approx_kl            | 0.015226801 |
|    clip_fraction        | 0.183       |
|    clip_range           | 0.2         |
|    entropy_loss         | -5.09       |
|    explained_variance   | 0.0755      |
|    learning_rate        | 0.0003      |
|    loss                 | 1.42e+03    |
|    n_updates            | 660         |
|    policy_gradient_loss | -0.0173     |
|    std                  | 0.863       |
|    value_loss           | 3.93e+03    |
-----------------------------------------
-----------------------------------------
| rollout/                |             |
|    ep_len_mean          | 62.6        |
|    ep_rew_mean          | 274         |
| time/                   |             |
|    fps                  | 164         |
|    iterations           | 68          |
|    time_elapsed         | 1697        |
|    total_timesteps      | 278528      |
| train/                  |             |
|    approx_kl            | 0.010399043 |
|    clip_fraction        | 0.125       |
|    clip_range           | 0.2         |
|    entropy_loss         | -5.07       |
|    explained_variance   | 0.0969      |
|    learning_rate        | 0.0003      |
|    loss                 | 545         |
|    n_updates            | 670         |
|    policy_gradient_loss | -0.015      |
|    std                  | 0.858       |
|    value_loss           | 4.44e+03    |
-----------------------------------------
Eval num_timesteps=280000, episode_reward=443.04 +/- 16.36
Episode length: 66.40 +/- 4.76
-----------------------------------------
| eval/                   |             |
|    mean_ep_length       | 66.4        |
|    mean_reward          | 443         |
| time/                   |             |
|    total_timesteps      | 280000      |
| train/                  |             |
|    approx_kl            | 0.017924909 |
|    clip_fraction        | 0.157       |
|    clip_range           | 0.2         |
|    entropy_loss         | -5.05       |
|    explained_variance   | 0.0123      |
|    learning_rate        | 0.0003      |
|    loss                 | 2.22e+03    |
|    n_updates            | 680         |
|    policy_gradient_loss | -0.0161     |
|    std                  | 0.852       |
|    value_loss           | 4.7e+03     |
-----------------------------------------
---------------------------------
| rollout/           |          |
|    ep_len_mean     | 65.9     |
|    ep_rew_mean     | 271      |
| time/              |          |
|    fps             | 164      |
|    iterations      | 69       |
|    time_elapsed    | 1719     |
|    total_timesteps | 282624   |
---------------------------------
-----------------------------------------
| rollout/                |             |
|    ep_len_mean          | 65.8        |
|    ep_rew_mean          | 306         |
| time/                   |             |
|    fps                  | 164         |
|    iterations           | 70          |
|    time_elapsed         | 1746        |
|    total_timesteps      | 286720      |
| train/                  |             |
|    approx_kl            | 0.020374779 |
|    clip_fraction        | 0.255       |
|    clip_range           | 0.2         |
|    entropy_loss         | -5.02       |
|    explained_variance   | 0.0272      |
|    learning_rate        | 0.0003      |
|    loss                 | 2.8e+03     |
|    n_updates            | 690         |
|    policy_gradient_loss | -0.0161     |
|    std                  | 0.847       |
|    value_loss           | 3.98e+03    |
-----------------------------------------
-----------------------------------------
| rollout/                |             |
|    ep_len_mean          | 64          |
|    ep_rew_mean          | 286         |
| time/                   |             |
|    fps                  | 163         |
|    iterations           | 71          |
|    time_elapsed         | 1773        |
|    total_timesteps      | 290816      |
| train/                  |             |
|    approx_kl            | 0.010966973 |
|    clip_fraction        | 0.11        |
|    clip_range           | 0.2         |
|    entropy_loss         | -5          |
|    explained_variance   | -0.0733     |
|    learning_rate        | 0.0003      |
|    loss                 | 2.92e+03    |
|    n_updates            | 700         |
|    policy_gradient_loss | -0.0186     |
|    std                  | 0.844       |
|    value_loss           | 4.55e+03    |
-----------------------------------------
-----------------------------------------
| rollout/                |             |
|    ep_len_mean          | 68.5        |
|    ep_rew_mean          | 327         |
| time/                   |             |
|    fps                  | 163         |
|    iterations           | 72          |
|    time_elapsed         | 1800        |
|    total_timesteps      | 294912      |
| train/                  |             |
|    approx_kl            | 0.016531844 |
|    clip_fraction        | 0.16        |
|    clip_range           | 0.2         |
|    entropy_loss         | -4.99       |
|    explained_variance   | 0.0749      |
|    learning_rate        | 0.0003      |
|    loss                 | 2.11e+03    |
|    n_updates            | 710         |
|    policy_gradient_loss | -0.0182     |
|    std                  | 0.842       |
|    value_loss           | 3.84e+03    |
-----------------------------------------
-----------------------------------------
| rollout/                |             |
|    ep_len_mean          | 69          |
|    ep_rew_mean          | 363         |
| time/                   |             |
|    fps                  | 163         |
|    iterations           | 73          |
|    time_elapsed         | 1827        |
|    total_timesteps      | 299008      |
| train/                  |             |
|    approx_kl            | 0.011700714 |
|    clip_fraction        | 0.115       |
|    clip_range           | 0.2         |
|    entropy_loss         | -4.98       |
|    explained_variance   | 0.11        |
|    learning_rate        | 0.0003      |
|    loss                 | 2.35e+03    |
|    n_updates            | 720         |
|    policy_gradient_loss | -0.0204     |
|    std                  | 0.838       |
|    value_loss           | 4.65e+03    |
-----------------------------------------
Eval num_timesteps=300000, episode_reward=433.18 +/- 36.19
Episode length: 67.00 +/- 7.62
------------------------------------------
| eval/                   |              |
|    mean_ep_length       | 67           |
|    mean_reward          | 433          |
| time/                   |              |
|    total_timesteps      | 300000       |
| train/                  |              |
|    approx_kl            | 0.0144534735 |
|    clip_fraction        | 0.143        |
|    clip_range           | 0.2          |
|    entropy_loss         | -4.96        |
|    explained_variance   | 0.102        |
|    learning_rate        | 0.0003       |
|    loss                 | 2.69e+03     |
|    n_updates            | 730          |
|    policy_gradient_loss | -0.0189      |
|    std                  | 0.835        |
|    value_loss           | 4.43e+03     |
------------------------------------------
---------------------------------
| rollout/           |          |
|    ep_len_mean     | 66.2     |
|    ep_rew_mean     | 305      |
| time/              |          |
|    fps             | 164      |
|    iterations      | 74       |
|    time_elapsed    | 1844     |
|    total_timesteps | 303104   |
---------------------------------
-----------------------------------------
| rollout/                |             |
|    ep_len_mean          | 66.8        |
|    ep_rew_mean          | 315         |
| time/                   |             |
|    fps                  | 164         |
|    iterations           | 75          |
|    time_elapsed         | 1871        |
|    total_timesteps      | 307200      |
| train/                  |             |
|    approx_kl            | 0.022426803 |
|    clip_fraction        | 0.232       |
|    clip_range           | 0.2         |
|    entropy_loss         | -4.95       |
|    explained_variance   | 0.0656      |
|    learning_rate        | 0.0003      |
|    loss                 | 1.87e+03    |
|    n_updates            | 740         |
|    policy_gradient_loss | -0.0161     |
|    std                  | 0.834       |
|    value_loss           | 3.78e+03    |
-----------------------------------------
-----------------------------------------
| rollout/                |             |
|    ep_len_mean          | 67.8        |
|    ep_rew_mean          | 302         |
| time/                   |             |
|    fps                  | 164         |
|    iterations           | 76          |
|    time_elapsed         | 1897        |
|    total_timesteps      | 311296      |
| train/                  |             |
|    approx_kl            | 0.017382922 |
|    clip_fraction        | 0.17        |
|    clip_range           | 0.2         |
|    entropy_loss         | -4.95       |
|    explained_variance   | 0.202       |
|    learning_rate        | 0.0003      |
|    loss                 | 1.84e+03    |
|    n_updates            | 750         |
|    policy_gradient_loss | -0.0142     |
|    std                  | 0.832       |
|    value_loss           | 4.1e+03     |
-----------------------------------------
-----------------------------------------
| rollout/                |             |
|    ep_len_mean          | 70.7        |
|    ep_rew_mean          | 334         |
| time/                   |             |
|    fps                  | 164         |
|    iterations           | 77          |
|    time_elapsed         | 1919        |
|    total_timesteps      | 315392      |
| train/                  |             |
|    approx_kl            | 0.026529254 |
|    clip_fraction        | 0.246       |
|    clip_range           | 0.2         |
|    entropy_loss         | -4.94       |
|    explained_variance   | 0.171       |
|    learning_rate        | 0.0003      |
|    loss                 | 2.23e+03    |
|    n_updates            | 760         |
|    policy_gradient_loss | -0.0104     |
|    std                  | 0.831       |
|    value_loss           | 3.64e+03    |
-----------------------------------------
-----------------------------------------
| rollout/                |             |
|    ep_len_mean          | 68.7        |
|    ep_rew_mean          | 353         |
| time/                   |             |
|    fps                  | 164         |
|    iterations           | 78          |
|    time_elapsed         | 1945        |
|    total_timesteps      | 319488      |
| train/                  |             |
|    approx_kl            | 0.036786105 |
|    clip_fraction        | 0.193       |
|    clip_range           | 0.2         |
|    entropy_loss         | -4.92       |
|    explained_variance   | 0.122       |
|    learning_rate        | 0.0003      |
|    loss                 | 1.96e+03    |
|    n_updates            | 770         |
|    policy_gradient_loss | -0.0126     |
|    std                  | 0.825       |
|    value_loss           | 4e+03       |
-----------------------------------------
Eval num_timesteps=320000, episode_reward=447.45 +/- 32.14
Episode length: 62.40 +/- 6.25
-----------------------------------------
| eval/                   |             |
|    mean_ep_length       | 62.4        |
|    mean_reward          | 447         |
| time/                   |             |
|    total_timesteps      | 320000      |
| train/                  |             |
|    approx_kl            | 0.014354408 |
|    clip_fraction        | 0.161       |
|    clip_range           | 0.2         |
|    entropy_loss         | -4.9        |
|    explained_variance   | 0.181       |
|    learning_rate        | 0.0003      |
|    loss                 | 2.03e+03    |
|    n_updates            | 780         |
|    policy_gradient_loss | -0.0186     |
|    std                  | 0.822       |
|    value_loss           | 3.95e+03    |
-----------------------------------------
---------------------------------
| rollout/           |          |
|    ep_len_mean     | 66.8     |
|    ep_rew_mean     | 310      |
| time/              |          |
|    fps             | 164      |
|    iterations      | 79       |
|    time_elapsed    | 1972     |
|    total_timesteps | 323584   |
---------------------------------
-----------------------------------------
| rollout/                |             |
|    ep_len_mean          | 63.7        |
|    ep_rew_mean          | 301         |
| time/                   |             |
|    fps                  | 163         |
|    iterations           | 80          |
|    time_elapsed         | 1999        |
|    total_timesteps      | 327680      |
| train/                  |             |
|    approx_kl            | 0.012885674 |
|    clip_fraction        | 0.155       |
|    clip_range           | 0.2         |
|    entropy_loss         | -4.88       |
|    explained_variance   | 0.139       |
|    learning_rate        | 0.0003      |
|    loss                 | 1.83e+03    |
|    n_updates            | 790         |
|    policy_gradient_loss | -0.0182     |
|    std                  | 0.819       |
|    value_loss           | 3.69e+03    |
-----------------------------------------
-----------------------------------------
| rollout/                |             |
|    ep_len_mean          | 65          |
|    ep_rew_mean          | 331         |
| time/                   |             |
|    fps                  | 163         |
|    iterations           | 81          |
|    time_elapsed         | 2023        |
|    total_timesteps      | 331776      |
| train/                  |             |
|    approx_kl            | 0.014615816 |
|    clip_fraction        | 0.135       |
|    clip_range           | 0.2         |
|    entropy_loss         | -4.86       |
|    explained_variance   | 0.145       |
|    learning_rate        | 0.0003      |
|    loss                 | 1.4e+03     |
|    n_updates            | 800         |
|    policy_gradient_loss | -0.0143     |
|    std                  | 0.814       |
|    value_loss           | 3.79e+03    |
-----------------------------------------
-----------------------------------------
| rollout/                |             |
|    ep_len_mean          | 67          |
|    ep_rew_mean          | 314         |
| time/                   |             |
|    fps                  | 163         |
|    iterations           | 82          |
|    time_elapsed         | 2050        |
|    total_timesteps      | 335872      |
| train/                  |             |
|    approx_kl            | 0.016882313 |
|    clip_fraction        | 0.239       |
|    clip_range           | 0.2         |
|    entropy_loss         | -4.84       |
|    explained_variance   | 0.0916      |
|    learning_rate        | 0.0003      |
|    loss                 | 1.81e+03    |
|    n_updates            | 810         |
|    policy_gradient_loss | -0.014      |
|    std                  | 0.811       |
|    value_loss           | 3.99e+03    |
-----------------------------------------
-----------------------------------------
| rollout/                |             |
|    ep_len_mean          | 63.5        |
|    ep_rew_mean          | 304         |
| time/                   |             |
|    fps                  | 163         |
|    iterations           | 83          |
|    time_elapsed         | 2076        |
|    total_timesteps      | 339968      |
| train/                  |             |
|    approx_kl            | 0.015435571 |
|    clip_fraction        | 0.2         |
|    clip_range           | 0.2         |
|    entropy_loss         | -4.83       |
|    explained_variance   | 0.165       |
|    learning_rate        | 0.0003      |
|    loss                 | 1.79e+03    |
|    n_updates            | 820         |
|    policy_gradient_loss | -0.0167     |
|    std                  | 0.807       |
|    value_loss           | 3.64e+03    |
-----------------------------------------
Eval num_timesteps=340000, episode_reward=430.93 +/- 18.59
Episode length: 58.00 +/- 2.83
-----------------------------------------
| eval/                   |             |
|    mean_ep_length       | 58          |
|    mean_reward          | 431         |
| time/                   |             |
|    total_timesteps      | 340000      |
| train/                  |             |
|    approx_kl            | 0.016542299 |
|    clip_fraction        | 0.195       |
|    clip_range           | 0.2         |
|    entropy_loss         | -4.79       |
|    explained_variance   | 0.17        |
|    learning_rate        | 0.0003      |
|    loss                 | 1.44e+03    |
|    n_updates            | 830         |
|    policy_gradient_loss | -0.0171     |
|    std                  | 0.798       |
|    value_loss           | 3.48e+03    |
-----------------------------------------
---------------------------------
| rollout/           |          |
|    ep_len_mean     | 59.7     |
|    ep_rew_mean     | 295      |
| time/              |          |
|    fps             | 163      |
|    iterations      | 84       |
|    time_elapsed    | 2098     |
|    total_timesteps | 344064   |
---------------------------------
-----------------------------------------
| rollout/                |             |
|    ep_len_mean          | 61.8        |
|    ep_rew_mean          | 314         |
| time/                   |             |
|    fps                  | 164         |
|    iterations           | 85          |
|    time_elapsed         | 2113        |
|    total_timesteps      | 348160      |
| train/                  |             |
|    approx_kl            | 0.025257934 |
|    clip_fraction        | 0.214       |
|    clip_range           | 0.2         |
|    entropy_loss         | -4.75       |
|    explained_variance   | 0.152       |
|    learning_rate        | 0.0003      |
|    loss                 | 1.98e+03    |
|    n_updates            | 840         |
|    policy_gradient_loss | -0.0148     |
|    std                  | 0.789       |
|    value_loss           | 3.25e+03    |
-----------------------------------------
-----------------------------------------
| rollout/                |             |
|    ep_len_mean          | 61.5        |
|    ep_rew_mean          | 338         |
| time/                   |             |
|    fps                  | 165         |
|    iterations           | 86          |
|    time_elapsed         | 2129        |
|    total_timesteps      | 352256      |
| train/                  |             |
|    approx_kl            | 0.019858839 |
|    clip_fraction        | 0.249       |
|    clip_range           | 0.2         |
|    entropy_loss         | -4.72       |
|    explained_variance   | 0.18        |
|    learning_rate        | 0.0003      |
|    loss                 | 1.45e+03    |
|    n_updates            | 850         |
|    policy_gradient_loss | -0.0181     |
|    std                  | 0.785       |
|    value_loss           | 3.5e+03     |
-----------------------------------------
----------------------------------------
| rollout/                |            |
|    ep_len_mean          | 60.3       |
|    ep_rew_mean          | 339        |
| time/                   |            |
|    fps                  | 166        |
|    iterations           | 87         |
|    time_elapsed         | 2144       |
|    total_timesteps      | 356352     |
| train/                  |            |
|    approx_kl            | 0.01797805 |
|    clip_fraction        | 0.232      |
|    clip_range           | 0.2        |
|    entropy_loss         | -4.71      |
|    explained_variance   | 0.129      |
|    learning_rate        | 0.0003     |
|    loss                 | 1.77e+03   |
|    n_updates            | 860        |
|    policy_gradient_loss | -0.0216    |
|    std                  | 0.786      |
|    value_loss           | 3.49e+03   |
----------------------------------------
Eval num_timesteps=360000, episode_reward=427.63 +/- 15.18
Episode length: 59.00 +/- 5.55
-----------------------------------------
| eval/                   |             |
|    mean_ep_length       | 59          |
|    mean_reward          | 428         |
| time/                   |             |
|    total_timesteps      | 360000      |
| train/                  |             |
|    approx_kl            | 0.014532786 |
|    clip_fraction        | 0.217       |
|    clip_range           | 0.2         |
|    entropy_loss         | -4.71       |
|    explained_variance   | 0.152       |
|    learning_rate        | 0.0003      |
|    loss                 | 1.43e+03    |
|    n_updates            | 870         |
|    policy_gradient_loss | -0.0178     |
|    std                  | 0.785       |
|    value_loss           | 3.48e+03    |
-----------------------------------------
---------------------------------
| rollout/           |          |
|    ep_len_mean     | 60.1     |
|    ep_rew_mean     | 318      |
| time/              |          |
|    fps             | 166      |
|    iterations      | 88       |
|    time_elapsed    | 2159     |
|    total_timesteps | 360448   |
---------------------------------
-----------------------------------------
| rollout/                |             |
|    ep_len_mean          | 63.2        |
|    ep_rew_mean          | 348         |
| time/                   |             |
|    fps                  | 167         |
|    iterations           | 89          |
|    time_elapsed         | 2175        |
|    total_timesteps      | 364544      |
| train/                  |             |
|    approx_kl            | 0.018117268 |
|    clip_fraction        | 0.204       |
|    clip_range           | 0.2         |
|    entropy_loss         | -4.68       |
|    explained_variance   | 0.144       |
|    learning_rate        | 0.0003      |
|    loss                 | 837         |
|    n_updates            | 880         |
|    policy_gradient_loss | -0.0201     |
|    std                  | 0.778       |
|    value_loss           | 3.1e+03     |
-----------------------------------------
-----------------------------------------
| rollout/                |             |
|    ep_len_mean          | 63.5        |
|    ep_rew_mean          | 363         |
| time/                   |             |
|    fps                  | 168         |
|    iterations           | 90          |
|    time_elapsed         | 2190        |
|    total_timesteps      | 368640      |
| train/                  |             |
|    approx_kl            | 0.017470255 |
|    clip_fraction        | 0.203       |
|    clip_range           | 0.2         |
|    entropy_loss         | -4.66       |
|    explained_variance   | 0.214       |
|    learning_rate        | 0.0003      |
|    loss                 | 1.59e+03    |
|    n_updates            | 890         |
|    policy_gradient_loss | -0.0186     |
|    std                  | 0.773       |
|    value_loss           | 3.36e+03    |
-----------------------------------------
-----------------------------------------
| rollout/                |             |
|    ep_len_mean          | 60.7        |
|    ep_rew_mean          | 330         |
| time/                   |             |
|    fps                  | 168         |
|    iterations           | 91          |
|    time_elapsed         | 2214        |
|    total_timesteps      | 372736      |
| train/                  |             |
|    approx_kl            | 0.012517555 |
|    clip_fraction        | 0.156       |
|    clip_range           | 0.2         |
|    entropy_loss         | -4.64       |
|    explained_variance   | 0.143       |
|    learning_rate        | 0.0003      |
|    loss                 | 1.53e+03    |
|    n_updates            | 900         |
|    policy_gradient_loss | -0.0165     |
|    std                  | 0.772       |
|    value_loss           | 3.36e+03    |
-----------------------------------------
-----------------------------------------
| rollout/                |             |
|    ep_len_mean          | 60.7        |
|    ep_rew_mean          | 327         |
| time/                   |             |
|    fps                  | 168         |
|    iterations           | 92          |
|    time_elapsed         | 2239        |
|    total_timesteps      | 376832      |
| train/                  |             |
|    approx_kl            | 0.021064162 |
|    clip_fraction        | 0.238       |
|    clip_range           | 0.2         |
|    entropy_loss         | -4.63       |
|    explained_variance   | 0.19        |
|    learning_rate        | 0.0003      |
|    loss                 | 1.68e+03    |
|    n_updates            | 910         |
|    policy_gradient_loss | -0.0143     |
|    std                  | 0.767       |
|    value_loss           | 2.92e+03    |
-----------------------------------------
Eval num_timesteps=380000, episode_reward=422.62 +/- 31.71
Episode length: 58.20 +/- 2.93
-----------------------------------------
| eval/                   |             |
|    mean_ep_length       | 58.2        |
|    mean_reward          | 423         |
| time/                   |             |
|    total_timesteps      | 380000      |
| train/                  |             |
|    approx_kl            | 0.016931087 |
|    clip_fraction        | 0.21        |
|    clip_range           | 0.2         |
|    entropy_loss         | -4.59       |
|    explained_variance   | 0.117       |
|    learning_rate        | 0.0003      |
|    loss                 | 1.39e+03    |
|    n_updates            | 920         |
|    policy_gradient_loss | -0.0172     |
|    std                  | 0.76        |
|    value_loss           | 3.43e+03    |
-----------------------------------------
---------------------------------
| rollout/           |          |
|    ep_len_mean     | 61.5     |
|    ep_rew_mean     | 348      |
| time/              |          |
|    fps             | 168      |
|    iterations      | 93       |
|    time_elapsed    | 2264     |
|    total_timesteps | 380928   |
---------------------------------
----------------------------------------
| rollout/                |            |
|    ep_len_mean          | 61.5       |
|    ep_rew_mean          | 349        |
| time/                   |            |
|    fps                  | 168        |
|    iterations           | 94         |
|    time_elapsed         | 2285       |
|    total_timesteps      | 385024     |
| train/                  |            |
|    approx_kl            | 0.01887792 |
|    clip_fraction        | 0.202      |
|    clip_range           | 0.2        |
|    entropy_loss         | -4.56      |
|    explained_variance   | 0.142      |
|    learning_rate        | 0.0003     |
|    loss                 | 1.24e+03   |
|    n_updates            | 930        |
|    policy_gradient_loss | -0.0199    |
|    std                  | 0.753      |
|    value_loss           | 3.15e+03   |
----------------------------------------
-----------------------------------------
| rollout/                |             |
|    ep_len_mean          | 61          |
|    ep_rew_mean          | 318         |
| time/                   |             |
|    fps                  | 169         |
|    iterations           | 95          |
|    time_elapsed         | 2300        |
|    total_timesteps      | 389120      |
| train/                  |             |
|    approx_kl            | 0.021224337 |
|    clip_fraction        | 0.196       |
|    clip_range           | 0.2         |
|    entropy_loss         | -4.53       |
|    explained_variance   | 0.198       |
|    learning_rate        | 0.0003      |
|    loss                 | 1.51e+03    |
|    n_updates            | 940         |
|    policy_gradient_loss | -0.0187     |
|    std                  | 0.75        |
|    value_loss           | 3.03e+03    |
-----------------------------------------
-----------------------------------------
| rollout/                |             |
|    ep_len_mean          | 60.3        |
|    ep_rew_mean          | 326         |
| time/                   |             |
|    fps                  | 169         |
|    iterations           | 96          |
|    time_elapsed         | 2315        |
|    total_timesteps      | 393216      |
| train/                  |             |
|    approx_kl            | 0.027290199 |
|    clip_fraction        | 0.256       |
|    clip_range           | 0.2         |
|    entropy_loss         | -4.51       |
|    explained_variance   | 0.227       |
|    learning_rate        | 0.0003      |
|    loss                 | 1.63e+03    |
|    n_updates            | 950         |
|    policy_gradient_loss | -0.0142     |
|    std                  | 0.744       |
|    value_loss           | 3.02e+03    |
-----------------------------------------
-----------------------------------------
| rollout/                |             |
|    ep_len_mean          | 59.9        |
|    ep_rew_mean          | 315         |
| time/                   |             |
|    fps                  | 170         |
|    iterations           | 97          |
|    time_elapsed         | 2330        |
|    total_timesteps      | 397312      |
| train/                  |             |
|    approx_kl            | 0.020704202 |
|    clip_fraction        | 0.209       |
|    clip_range           | 0.2         |
|    entropy_loss         | -4.49       |
|    explained_variance   | 0.231       |
|    learning_rate        | 0.0003      |
|    loss                 | 2.06e+03    |
|    n_updates            | 960         |
|    policy_gradient_loss | -0.0162     |
|    std                  | 0.744       |
|    value_loss           | 2.76e+03    |
-----------------------------------------
Eval num_timesteps=400000, episode_reward=424.17 +/- 18.07
Episode length: 56.00 +/- 6.36
-----------------------------------------
| eval/                   |             |
|    mean_ep_length       | 56          |
|    mean_reward          | 424         |
| time/                   |             |
|    total_timesteps      | 400000      |
| train/                  |             |
|    approx_kl            | 0.019088302 |
|    clip_fraction        | 0.215       |
|    clip_range           | 0.2         |
|    entropy_loss         | -4.48       |
|    explained_variance   | 0.109       |
|    learning_rate        | 0.0003      |
|    loss                 | 1.16e+03    |
|    n_updates            | 970         |
|    policy_gradient_loss | -0.0152     |
|    std                  | 0.741       |
|    value_loss           | 2.97e+03    |
-----------------------------------------
---------------------------------
| rollout/           |          |
|    ep_len_mean     | 58.4     |
|    ep_rew_mean     | 313      |
| time/              |          |
|    fps             | 171      |
|    iterations      | 98       |
|    time_elapsed    | 2346     |
|    total_timesteps | 401408   |
---------------------------------
-----------------------------------------
| rollout/                |             |
|    ep_len_mean          | 55.5        |
|    ep_rew_mean          | 318         |
| time/                   |             |
|    fps                  | 171         |
|    iterations           | 99          |
|    time_elapsed         | 2360        |
|    total_timesteps      | 405504      |
| train/                  |             |
|    approx_kl            | 0.030491939 |
|    clip_fraction        | 0.289       |
|    clip_range           | 0.2         |
|    entropy_loss         | -4.46       |
|    explained_variance   | 0.183       |
|    learning_rate        | 0.0003      |
|    loss                 | 1.52e+03    |
|    n_updates            | 980         |
|    policy_gradient_loss | -0.0132     |
|    std                  | 0.737       |
|    value_loss           | 2.83e+03    |
-----------------------------------------
-----------------------------------------
| rollout/                |             |
|    ep_len_mean          | 57.4        |
|    ep_rew_mean          | 344         |
| time/                   |             |
|    fps                  | 171         |
|    iterations           | 100         |
|    time_elapsed         | 2383        |
|    total_timesteps      | 409600      |
| train/                  |             |
|    approx_kl            | 0.032078505 |
|    clip_fraction        | 0.26        |
|    clip_range           | 0.2         |
|    entropy_loss         | -4.43       |
|    explained_variance   | 0.131       |
|    learning_rate        | 0.0003      |
|    loss                 | 1.06e+03    |
|    n_updates            | 990         |
|    policy_gradient_loss | -0.00462    |
|    std                  | 0.729       |
|    value_loss           | 2.84e+03    |
-----------------------------------------
-----------------------------------------
| rollout/                |             |
|    ep_len_mean          | 57.7        |
|    ep_rew_mean          | 300         |
| time/                   |             |
|    fps                  | 171         |
|    iterations           | 101         |
|    time_elapsed         | 2406        |
|    total_timesteps      | 413696      |
| train/                  |             |
|    approx_kl            | 0.043230902 |
|    clip_fraction        | 0.152       |
|    clip_range           | 0.2         |
|    entropy_loss         | -4.39       |
|    explained_variance   | 0.0815      |
|    learning_rate        | 0.0003      |
|    loss                 | 1.16e+03    |
|    n_updates            | 1000        |
|    policy_gradient_loss | -0.00821    |
|    std                  | 0.724       |
|    value_loss           | 2.71e+03    |
-----------------------------------------
-----------------------------------------
| rollout/                |             |
|    ep_len_mean          | 57.9        |
|    ep_rew_mean          | 305         |
| time/                   |             |
|    fps                  | 172         |
|    iterations           | 102         |
|    time_elapsed         | 2425        |
|    total_timesteps      | 417792      |
| train/                  |             |
|    approx_kl            | 0.015793843 |
|    clip_fraction        | 0.187       |
|    clip_range           | 0.2         |
|    entropy_loss         | -4.38       |
|    explained_variance   | 0.257       |
|    learning_rate        | 0.0003      |
|    loss                 | 1.84e+03    |
|    n_updates            | 1010        |
|    policy_gradient_loss | -0.00687    |
|    std                  | 0.723       |
|    value_loss           | 3.16e+03    |
-----------------------------------------
Eval num_timesteps=420000, episode_reward=407.05 +/- 27.52
Episode length: 55.60 +/- 8.11
------------------------------------------
| eval/                   |              |
|    mean_ep_length       | 55.6         |
|    mean_reward          | 407          |
| time/                   |              |
|    total_timesteps      | 420000       |
| train/                  |              |
|    approx_kl            | 0.0140149845 |
|    clip_fraction        | 0.155        |
|    clip_range           | 0.2          |
|    entropy_loss         | -4.38        |
|    explained_variance   | 0.231        |
|    learning_rate        | 0.0003       |
|    loss                 | 918          |
|    n_updates            | 1020         |
|    policy_gradient_loss | -0.0142      |
|    std                  | 0.722        |
|    value_loss           | 2.88e+03     |
------------------------------------------
---------------------------------
| rollout/           |          |
|    ep_len_mean     | 57.8     |
|    ep_rew_mean     | 332      |
| time/              |          |
|    fps             | 172      |
|    iterations      | 103      |
|    time_elapsed    | 2449     |
|    total_timesteps | 421888   |
---------------------------------
----------------------------------------
| rollout/                |            |
|    ep_len_mean          | 57.3       |
|    ep_rew_mean          | 307        |
| time/                   |            |
|    fps                  | 172        |
|    iterations           | 104        |
|    time_elapsed         | 2472       |
|    total_timesteps      | 425984     |
| train/                  |            |
|    approx_kl            | 0.03004434 |
|    clip_fraction        | 0.261      |
|    clip_range           | 0.2        |
|    entropy_loss         | -4.37      |
|    explained_variance   | 0.299      |
|    learning_rate        | 0.0003     |
|    loss                 | 1.86e+03   |
|    n_updates            | 1030       |
|    policy_gradient_loss | -0.00485   |
|    std                  | 0.722      |
|    value_loss           | 2.64e+03   |
----------------------------------------
-----------------------------------------
| rollout/                |             |
|    ep_len_mean          | 58.2        |
|    ep_rew_mean          | 330         |
| time/                   |             |
|    fps                  | 172         |
|    iterations           | 105         |
|    time_elapsed         | 2492        |
|    total_timesteps      | 430080      |
| train/                  |             |
|    approx_kl            | 0.017649451 |
|    clip_fraction        | 0.26        |
|    clip_range           | 0.2         |
|    entropy_loss         | -4.37       |
|    explained_variance   | 0.234       |
|    learning_rate        | 0.0003      |
|    loss                 | 2.18e+03    |
|    n_updates            | 1040        |
|    policy_gradient_loss | -0.00387    |
|    std                  | 0.72        |
|    value_loss           | 2.74e+03    |
-----------------------------------------
-----------------------------------------
| rollout/                |             |
|    ep_len_mean          | 58.2        |
|    ep_rew_mean          | 351         |
| time/                   |             |
|    fps                  | 172         |
|    iterations           | 106         |
|    time_elapsed         | 2512        |
|    total_timesteps      | 434176      |
| train/                  |             |
|    approx_kl            | 0.021486152 |
|    clip_fraction        | 0.233       |
|    clip_range           | 0.2         |
|    entropy_loss         | -4.36       |
|    explained_variance   | 0.208       |
|    learning_rate        | 0.0003      |
|    loss                 | 1.46e+03    |
|    n_updates            | 1050        |
|    policy_gradient_loss | -0.0159     |
|    std                  | 0.72        |
|    value_loss           | 2.67e+03    |
-----------------------------------------
----------------------------------------
| rollout/                |            |
|    ep_len_mean          | 57.2       |
|    ep_rew_mean          | 348        |
| time/                   |            |
|    fps                  | 173        |
|    iterations           | 107        |
|    time_elapsed         | 2533       |
|    total_timesteps      | 438272     |
| train/                  |            |
|    approx_kl            | 0.03320336 |
|    clip_fraction        | 0.221      |
|    clip_range           | 0.2        |
|    entropy_loss         | -4.35      |
|    explained_variance   | 0.258      |
|    learning_rate        | 0.0003     |
|    loss                 | 1.49e+03   |
|    n_updates            | 1060       |
|    policy_gradient_loss | -0.0145    |
|    std                  | 0.717      |
|    value_loss           | 2.31e+03   |
----------------------------------------
Eval num_timesteps=440000, episode_reward=328.07 +/- 163.97
Episode length: 45.40 +/- 19.02
----------------------------------------
| eval/                   |            |
|    mean_ep_length       | 45.4       |
|    mean_reward          | 328        |
| time/                   |            |
|    total_timesteps      | 440000     |
| train/                  |            |
|    approx_kl            | 0.02127957 |
|    clip_fraction        | 0.227      |
|    clip_range           | 0.2        |
|    entropy_loss         | -4.32      |
|    explained_variance   | 0.153      |
|    learning_rate        | 0.0003     |
|    loss                 | 726        |
|    n_updates            | 1070       |
|    policy_gradient_loss | -0.0139    |
|    std                  | 0.71       |
|    value_loss           | 2.33e+03   |
----------------------------------------
---------------------------------
| rollout/           |          |
|    ep_len_mean     | 56.9     |
|    ep_rew_mean     | 328      |
| time/              |          |
|    fps             | 172      |
|    iterations      | 108      |
|    time_elapsed    | 2557     |
|    total_timesteps | 442368   |
---------------------------------
-----------------------------------------
| rollout/                |             |
|    ep_len_mean          | 57.6        |
|    ep_rew_mean          | 346         |
| time/                   |             |
|    fps                  | 173         |
|    iterations           | 109         |
|    time_elapsed         | 2578        |
|    total_timesteps      | 446464      |
| train/                  |             |
|    approx_kl            | 0.018232912 |
|    clip_fraction        | 0.203       |
|    clip_range           | 0.2         |
|    entropy_loss         | -4.3        |
|    explained_variance   | 0.238       |
|    learning_rate        | 0.0003      |
|    loss                 | 1.01e+03    |
|    n_updates            | 1080        |
|    policy_gradient_loss | -0.0097     |
|    std                  | 0.709       |
|    value_loss           | 2.56e+03    |
-----------------------------------------
----------------------------------------
| rollout/                |            |
|    ep_len_mean          | 58.3       |
|    ep_rew_mean          | 323        |
| time/                   |            |
|    fps                  | 173        |
|    iterations           | 110        |
|    time_elapsed         | 2602       |
|    total_timesteps      | 450560     |
| train/                  |            |
|    approx_kl            | 0.03184985 |
|    clip_fraction        | 0.25       |
|    clip_range           | 0.2        |
|    entropy_loss         | -4.29      |
|    explained_variance   | 0.182      |
|    learning_rate        | 0.0003     |
|    loss                 | 1.64e+03   |
|    n_updates            | 1090       |
|    policy_gradient_loss | -0.0152    |
|    std                  | 0.707      |
|    value_loss           | 2.29e+03   |
----------------------------------------
-----------------------------------------
| rollout/                |             |
|    ep_len_mean          | 60.1        |
|    ep_rew_mean          | 316         |
| time/                   |             |
|    fps                  | 173         |
|    iterations           | 111         |
|    time_elapsed         | 2626        |
|    total_timesteps      | 454656      |
| train/                  |             |
|    approx_kl            | 0.033882868 |
|    clip_fraction        | 0.247       |
|    clip_range           | 0.2         |
|    entropy_loss         | -4.28       |
|    explained_variance   | 0.193       |
|    learning_rate        | 0.0003      |
|    loss                 | 493         |
|    n_updates            | 1100        |
|    policy_gradient_loss | -0.00816    |
|    std                  | 0.705       |
|    value_loss           | 3.04e+03    |
-----------------------------------------
-----------------------------------------
| rollout/                |             |
|    ep_len_mean          | 57.6        |
|    ep_rew_mean          | 313         |
| time/                   |             |
|    fps                  | 173         |
|    iterations           | 112         |
|    time_elapsed         | 2649        |
|    total_timesteps      | 458752      |
| train/                  |             |
|    approx_kl            | 0.014032338 |
|    clip_fraction        | 0.162       |
|    clip_range           | 0.2         |
|    entropy_loss         | -4.27       |
|    explained_variance   | 0.106       |
|    learning_rate        | 0.0003      |
|    loss                 | 1.5e+03     |
|    n_updates            | 1110        |
|    policy_gradient_loss | -0.0083     |
|    std                  | 0.703       |
|    value_loss           | 3.37e+03    |
-----------------------------------------
Eval num_timesteps=460000, episode_reward=408.40 +/- 29.81
Episode length: 56.80 +/- 7.30
-----------------------------------------
| eval/                   |             |
|    mean_ep_length       | 56.8        |
|    mean_reward          | 408         |
| time/                   |             |
|    total_timesteps      | 460000      |
| train/                  |             |
|    approx_kl            | 0.013288862 |
|    clip_fraction        | 0.123       |
|    clip_range           | 0.2         |
|    entropy_loss         | -4.26       |
|    explained_variance   | 0.264       |
|    learning_rate        | 0.0003      |
|    loss                 | 562         |
|    n_updates            | 1120        |
|    policy_gradient_loss | -0.00784    |
|    std                  | 0.702       |
|    value_loss           | 2.21e+03    |
-----------------------------------------
---------------------------------
| rollout/           |          |
|    ep_len_mean     | 56.3     |
|    ep_rew_mean     | 304      |
| time/              |          |
|    fps             | 173      |
|    iterations      | 113      |
|    time_elapsed    | 2665     |
|    total_timesteps | 462848   |
---------------------------------
-----------------------------------------
| rollout/                |             |
|    ep_len_mean          | 58.4        |
|    ep_rew_mean          | 338         |
| time/                   |             |
|    fps                  | 174         |
|    iterations           | 114         |
|    time_elapsed         | 2680        |
|    total_timesteps      | 466944      |
| train/                  |             |
|    approx_kl            | 0.019343782 |
|    clip_fraction        | 0.215       |
|    clip_range           | 0.2         |
|    entropy_loss         | -4.24       |
|    explained_variance   | 0.192       |
|    learning_rate        | 0.0003      |
|    loss                 | 1.51e+03    |
|    n_updates            | 1130        |
|    policy_gradient_loss | -0.0116     |
|    std                  | 0.697       |
|    value_loss           | 2.77e+03    |
-----------------------------------------
-----------------------------------------
| rollout/                |             |
|    ep_len_mean          | 56.8        |
|    ep_rew_mean          | 324         |
| time/                   |             |
|    fps                  | 174         |
|    iterations           | 115         |
|    time_elapsed         | 2699        |
|    total_timesteps      | 471040      |
| train/                  |             |
|    approx_kl            | 0.021974478 |
|    clip_fraction        | 0.15        |
|    clip_range           | 0.2         |
|    entropy_loss         | -4.22       |
|    explained_variance   | 0.324       |
|    learning_rate        | 0.0003      |
|    loss                 | 665         |
|    n_updates            | 1140        |
|    policy_gradient_loss | -0.00844    |
|    std                  | 0.694       |
|    value_loss           | 2.27e+03    |
-----------------------------------------
-----------------------------------------
| rollout/                |             |
|    ep_len_mean          | 55.9        |
|    ep_rew_mean          | 333         |
| time/                   |             |
|    fps                  | 174         |
|    iterations           | 116         |
|    time_elapsed         | 2722        |
|    total_timesteps      | 475136      |
| train/                  |             |
|    approx_kl            | 0.020685572 |
|    clip_fraction        | 0.27        |
|    clip_range           | 0.2         |
|    entropy_loss         | -4.21       |
|    explained_variance   | 0.216       |
|    learning_rate        | 0.0003      |
|    loss                 | 1.5e+03     |
|    n_updates            | 1150        |
|    policy_gradient_loss | -0.00791    |
|    std                  | 0.693       |
|    value_loss           | 2.42e+03    |
-----------------------------------------
----------------------------------------
| rollout/                |            |
|    ep_len_mean          | 55.9       |
|    ep_rew_mean          | 338        |
| time/                   |            |
|    fps                  | 174        |
|    iterations           | 117        |
|    time_elapsed         | 2745       |
|    total_timesteps      | 479232     |
| train/                  |            |
|    approx_kl            | 0.04350815 |
|    clip_fraction        | 0.239      |
|    clip_range           | 0.2        |
|    entropy_loss         | -4.19      |
|    explained_variance   | 0.191      |
|    learning_rate        | 0.0003     |
|    loss                 | 1.16e+03   |
|    n_updates            | 1160       |
|    policy_gradient_loss | -0.00878   |
|    std                  | 0.688      |
|    value_loss           | 2.14e+03   |
----------------------------------------
Eval num_timesteps=480000, episode_reward=342.44 +/- 148.75
Episode length: 53.80 +/- 3.31
----------------------------------------
| eval/                   |            |
|    mean_ep_length       | 53.8       |
|    mean_reward          | 342        |
| time/                   |            |
|    total_timesteps      | 480000     |
| train/                  |            |
|    approx_kl            | 0.05431526 |
|    clip_fraction        | 0.315      |
|    clip_range           | 0.2        |
|    entropy_loss         | -4.17      |
|    explained_variance   | 0.402      |
|    learning_rate        | 0.0003     |
|    loss                 | 1.55e+03   |
|    n_updates            | 1170       |
|    policy_gradient_loss | 0.00586    |
|    std                  | 0.685      |
|    value_loss           | 1.87e+03   |
----------------------------------------
---------------------------------
| rollout/           |          |
|    ep_len_mean     | 56.5     |
|    ep_rew_mean     | 315      |
| time/              |          |
|    fps             | 174      |
|    iterations      | 118      |
|    time_elapsed    | 2763     |
|    total_timesteps | 483328   |
---------------------------------
-----------------------------------------
| rollout/                |             |
|    ep_len_mean          | 57.8        |
|    ep_rew_mean          | 330         |
| time/                   |             |
|    fps                  | 174         |
|    iterations           | 119         |
|    time_elapsed         | 2786        |
|    total_timesteps      | 487424      |
| train/                  |             |
|    approx_kl            | 0.036253482 |
|    clip_fraction        | 0.326       |
|    clip_range           | 0.2         |
|    entropy_loss         | -4.16       |
|    explained_variance   | 0.193       |
|    learning_rate        | 0.0003      |
|    loss                 | 1.47e+03    |
|    n_updates            | 1180        |
|    policy_gradient_loss | -0.000532   |
|    std                  | 0.684       |
|    value_loss           | 2.62e+03    |
-----------------------------------------
-----------------------------------------
| rollout/                |             |
|    ep_len_mean          | 57          |
|    ep_rew_mean          | 317         |
| time/                   |             |
|    fps                  | 174         |
|    iterations           | 120         |
|    time_elapsed         | 2809        |
|    total_timesteps      | 491520      |
| train/                  |             |
|    approx_kl            | 0.031145116 |
|    clip_fraction        | 0.253       |
|    clip_range           | 0.2         |
|    entropy_loss         | -4.14       |
|    explained_variance   | 0.252       |
|    learning_rate        | 0.0003      |
|    loss                 | 542         |
|    n_updates            | 1190        |
|    policy_gradient_loss | -0.00806    |
|    std                  | 0.68        |
|    value_loss           | 2.19e+03    |
-----------------------------------------
-----------------------------------------
| rollout/                |             |
|    ep_len_mean          | 54.5        |
|    ep_rew_mean          | 292         |
| time/                   |             |
|    fps                  | 174         |
|    iterations           | 121         |
|    time_elapsed         | 2833        |
|    total_timesteps      | 495616      |
| train/                  |             |
|    approx_kl            | 0.030344386 |
|    clip_fraction        | 0.263       |
|    clip_range           | 0.2         |
|    entropy_loss         | -4.12       |
|    explained_variance   | 0.162       |
|    learning_rate        | 0.0003      |
|    loss                 | 603         |
|    n_updates            | 1200        |
|    policy_gradient_loss | -0.00498    |
|    std                  | 0.677       |
|    value_loss           | 2.53e+03    |
-----------------------------------------
-----------------------------------------
| rollout/                |             |
|    ep_len_mean          | 56          |
|    ep_rew_mean          | 315         |
| time/                   |             |
|    fps                  | 175         |
|    iterations           | 122         |
|    time_elapsed         | 2847        |
|    total_timesteps      | 499712      |
| train/                  |             |
|    approx_kl            | 0.013302339 |
|    clip_fraction        | 0.246       |
|    clip_range           | 0.2         |
|    entropy_loss         | -4.11       |
|    explained_variance   | 0.209       |
|    learning_rate        | 0.0003      |
|    loss                 | 403         |
|    n_updates            | 1210        |
|    policy_gradient_loss | -0.0031     |
|    std                  | 0.676       |
|    value_loss           | 2.27e+03    |
-----------------------------------------
Eval num_timesteps=500000, episode_reward=397.98 +/- 15.25
Episode length: 54.60 +/- 2.33
-----------------------------------------
| eval/                   |             |
|    mean_ep_length       | 54.6        |
|    mean_reward          | 398         |
| time/                   |             |
|    total_timesteps      | 500000      |
| train/                  |             |
|    approx_kl            | 0.013917097 |
|    clip_fraction        | 0.147       |
|    clip_range           | 0.2         |
|    entropy_loss         | -4.1        |
|    explained_variance   | 0.294       |
|    learning_rate        | 0.0003      |
|    loss                 | 690         |
|    n_updates            | 1220        |
|    policy_gradient_loss | -0.00968    |
|    std                  | 0.675       |
|    value_loss           | 2.39e+03    |
-----------------------------------------
---------------------------------
| rollout/           |          |
|    ep_len_mean     | 57.8     |
|    ep_rew_mean     | 329      |
| time/              |          |
|    fps             | 175      |
|    iterations      | 123      |
|    time_elapsed    | 2868     |
|    total_timesteps | 503808   |
---------------------------------
-----------------------------------------
| rollout/                |             |
|    ep_len_mean          | 57          |
|    ep_rew_mean          | 317         |
| time/                   |             |
|    fps                  | 175         |
|    iterations           | 124         |
|    time_elapsed         | 2889        |
|    total_timesteps      | 507904      |
| train/                  |             |
|    approx_kl            | 0.017208297 |
|    clip_fraction        | 0.151       |
|    clip_range           | 0.2         |
|    entropy_loss         | -4.1        |
|    explained_variance   | 0.457       |
|    learning_rate        | 0.0003      |
|    loss                 | 1.12e+03    |
|    n_updates            | 1230        |
|    policy_gradient_loss | -0.00932    |
|    std                  | 0.675       |
|    value_loss           | 2.47e+03    |
-----------------------------------------
-----------------------------------------
| rollout/                |             |
|    ep_len_mean          | 56.1        |
|    ep_rew_mean          | 337         |
| time/                   |             |
|    fps                  | 176         |
|    iterations           | 125         |
|    time_elapsed         | 2904        |
|    total_timesteps      | 512000      |
| train/                  |             |
|    approx_kl            | 0.010816857 |
|    clip_fraction        | 0.19        |
|    clip_range           | 0.2         |
|    entropy_loss         | -4.09       |
|    explained_variance   | 0.204       |
|    learning_rate        | 0.0003      |
|    loss                 | 482         |
|    n_updates            | 1240        |
|    policy_gradient_loss | -0.00434    |
|    std                  | 0.673       |
|    value_loss           | 2.64e+03    |
-----------------------------------------
----------------------------------------
| rollout/                |            |
|    ep_len_mean          | 55.1       |
|    ep_rew_mean          | 308        |
| time/                   |            |
|    fps                  | 176        |
|    iterations           | 126        |
|    time_elapsed         | 2919       |
|    total_timesteps      | 516096     |
| train/                  |            |
|    approx_kl            | 0.02012433 |
|    clip_fraction        | 0.218      |
|    clip_range           | 0.2        |
|    entropy_loss         | -4.08      |
|    explained_variance   | 0.433      |
|    learning_rate        | 0.0003     |
|    loss                 | 350        |
|    n_updates            | 1250       |
|    policy_gradient_loss | -0.0125    |
|    std                  | 0.669      |
|    value_loss           | 1.81e+03   |
----------------------------------------
Eval num_timesteps=520000, episode_reward=411.85 +/- 33.52
Episode length: 55.80 +/- 6.52
-----------------------------------------
| eval/                   |             |
|    mean_ep_length       | 55.8        |
|    mean_reward          | 412         |
| time/                   |             |
|    total_timesteps      | 520000      |
| train/                  |             |
|    approx_kl            | 0.041401595 |
|    clip_fraction        | 0.226       |
|    clip_range           | 0.2         |
|    entropy_loss         | -4.06       |
|    explained_variance   | -0.0701     |
|    learning_rate        | 0.0003      |
|    loss                 | 1.81e+03    |
|    n_updates            | 1260        |
|    policy_gradient_loss | -0.00508    |
|    std                  | 0.667       |
|    value_loss           | 3.21e+03    |
-----------------------------------------
---------------------------------
| rollout/           |          |
|    ep_len_mean     | 56.6     |
|    ep_rew_mean     | 349      |
| time/              |          |
|    fps             | 177      |
|    iterations      | 127      |
|    time_elapsed    | 2934     |
|    total_timesteps | 520192   |
---------------------------------
-----------------------------------------
| rollout/                |             |
|    ep_len_mean          | 58.2        |
|    ep_rew_mean          | 375         |
| time/                   |             |
|    fps                  | 177         |
|    iterations           | 128         |
|    time_elapsed         | 2958        |
|    total_timesteps      | 524288      |
| train/                  |             |
|    approx_kl            | 0.014415939 |
|    clip_fraction        | 0.15        |
|    clip_range           | 0.2         |
|    entropy_loss         | -4.05       |
|    explained_variance   | 0.279       |
|    learning_rate        | 0.0003      |
|    loss                 | 1e+03       |
|    n_updates            | 1270        |
|    policy_gradient_loss | -0.0123     |
|    std                  | 0.665       |
|    value_loss           | 1.95e+03    |
-----------------------------------------
-----------------------------------------
| rollout/                |             |
|    ep_len_mean          | 58          |
|    ep_rew_mean          | 361         |
| time/                   |             |
|    fps                  | 177         |
|    iterations           | 129         |
|    time_elapsed         | 2981        |
|    total_timesteps      | 528384      |
| train/                  |             |
|    approx_kl            | 0.038227197 |
|    clip_fraction        | 0.274       |
|    clip_range           | 0.2         |
|    entropy_loss         | -4.03       |
|    explained_variance   | 0.409       |
|    learning_rate        | 0.0003      |
|    loss                 | 578         |
|    n_updates            | 1280        |
|    policy_gradient_loss | -0.0131     |
|    std                  | 0.66        |
|    value_loss           | 1.57e+03    |
-----------------------------------------
-----------------------------------------
| rollout/                |             |
|    ep_len_mean          | 57.7        |
|    ep_rew_mean          | 331         |
| time/                   |             |
|    fps                  | 177         |
|    iterations           | 130         |
|    time_elapsed         | 3003        |
|    total_timesteps      | 532480      |
| train/                  |             |
|    approx_kl            | 0.023396771 |
|    clip_fraction        | 0.251       |
|    clip_range           | 0.2         |
|    entropy_loss         | -4.01       |
|    explained_variance   | 0.255       |
|    learning_rate        | 0.0003      |
|    loss                 | 702         |
|    n_updates            | 1290        |
|    policy_gradient_loss | -0.016      |
|    std                  | 0.66        |
|    value_loss           | 2.33e+03    |
-----------------------------------------
-----------------------------------------
| rollout/                |             |
|    ep_len_mean          | 57.4        |
|    ep_rew_mean          | 329         |
| time/                   |             |
|    fps                  | 177         |
|    iterations           | 131         |
|    time_elapsed         | 3026        |
|    total_timesteps      | 536576      |
| train/                  |             |
|    approx_kl            | 0.017181715 |
|    clip_fraction        | 0.187       |
|    clip_range           | 0.2         |
|    entropy_loss         | -4          |
|    explained_variance   | 0.0284      |
|    learning_rate        | 0.0003      |
|    loss                 | 336         |
|    n_updates            | 1300        |
|    policy_gradient_loss | -0.0126     |
|    std                  | 0.657       |
|    value_loss           | 2.74e+03    |
-----------------------------------------
Eval num_timesteps=540000, episode_reward=336.88 +/- 149.80
Episode length: 52.60 +/- 4.76
-----------------------------------------
| eval/                   |             |
|    mean_ep_length       | 52.6        |
|    mean_reward          | 337         |
| time/                   |             |
|    total_timesteps      | 540000      |
| train/                  |             |
|    approx_kl            | 0.019791916 |
|    clip_fraction        | 0.199       |
|    clip_range           | 0.2         |
|    entropy_loss         | -3.99       |
|    explained_variance   | 0.394       |
|    learning_rate        | 0.0003      |
|    loss                 | 2.49e+03    |
|    n_updates            | 1310        |
|    policy_gradient_loss | -0.0136     |
|    std                  | 0.655       |
|    value_loss           | 1.87e+03    |
-----------------------------------------
---------------------------------
| rollout/           |          |
|    ep_len_mean     | 57.9     |
|    ep_rew_mean     | 345      |
| time/              |          |
|    fps             | 177      |
|    iterations      | 132      |
|    time_elapsed    | 3048     |
|    total_timesteps | 540672   |
---------------------------------
----------------------------------------
| rollout/                |            |
|    ep_len_mean          | 58         |
|    ep_rew_mean          | 370        |
| time/                   |            |
|    fps                  | 177        |
|    iterations           | 133        |
|    time_elapsed         | 3072       |
|    total_timesteps      | 544768     |
| train/                  |            |
|    approx_kl            | 0.02788454 |
|    clip_fraction        | 0.333      |
|    clip_range           | 0.2        |
|    entropy_loss         | -3.98      |
|    explained_variance   | 0.362      |
|    learning_rate        | 0.0003     |
|    loss                 | 1.12e+03   |
|    n_updates            | 1320       |
|    policy_gradient_loss | 0.0105     |
|    std                  | 0.655      |
|    value_loss           | 2e+03      |
----------------------------------------
----------------------------------------
| rollout/                |            |
|    ep_len_mean          | 57.5       |
|    ep_rew_mean          | 359        |
| time/                   |            |
|    fps                  | 177        |
|    iterations           | 134        |
|    time_elapsed         | 3095       |
|    total_timesteps      | 548864     |
| train/                  |            |
|    approx_kl            | 0.02268985 |
|    clip_fraction        | 0.266      |
|    clip_range           | 0.2        |
|    entropy_loss         | -3.97      |
|    explained_variance   | 0.218      |
|    learning_rate        | 0.0003     |
|    loss                 | 1.7e+03    |
|    n_updates            | 1330       |
|    policy_gradient_loss | -0.00541   |
|    std                  | 0.651      |
|    value_loss           | 1.67e+03   |
----------------------------------------
----------------------------------------
| rollout/                |            |
|    ep_len_mean          | 58.6       |
|    ep_rew_mean          | 368        |
| time/                   |            |
|    fps                  | 177        |
|    iterations           | 135        |
|    time_elapsed         | 3117       |
|    total_timesteps      | 552960     |
| train/                  |            |
|    approx_kl            | 0.02560783 |
|    clip_fraction        | 0.234      |
|    clip_range           | 0.2        |
|    entropy_loss         | -3.95      |
|    explained_variance   | 0.323      |
|    learning_rate        | 0.0003     |
|    loss                 | 1.24e+03   |
|    n_updates            | 1340       |
|    policy_gradient_loss | -0.0113    |
|    std                  | 0.648      |
|    value_loss           | 1.93e+03   |
----------------------------------------
-----------------------------------------
| rollout/                |             |
|    ep_len_mean          | 57.4        |
|    ep_rew_mean          | 335         |
| time/                   |             |
|    fps                  | 177         |
|    iterations           | 136         |
|    time_elapsed         | 3140        |
|    total_timesteps      | 557056      |
| train/                  |             |
|    approx_kl            | 0.029103203 |
|    clip_fraction        | 0.295       |
|    clip_range           | 0.2         |
|    entropy_loss         | -3.93       |
|    explained_variance   | 0.437       |
|    learning_rate        | 0.0003      |
|    loss                 | 317         |
|    n_updates            | 1350        |
|    policy_gradient_loss | -0.0113     |
|    std                  | 0.645       |
|    value_loss           | 1.19e+03    |
-----------------------------------------
Eval num_timesteps=560000, episode_reward=418.68 +/- 16.96
Episode length: 54.40 +/- 3.14
----------------------------------------
| eval/                   |            |
|    mean_ep_length       | 54.4       |
|    mean_reward          | 419        |
| time/                   |            |
|    total_timesteps      | 560000     |
| train/                  |            |
|    approx_kl            | 0.01803627 |
|    clip_fraction        | 0.265      |
|    clip_range           | 0.2        |
|    entropy_loss         | -3.92      |
|    explained_variance   | 0.167      |
|    learning_rate        | 0.0003     |
|    loss                 | 592        |
|    n_updates            | 1360       |
|    policy_gradient_loss | -0.0128    |
|    std                  | 0.645      |
|    value_loss           | 2.01e+03   |
----------------------------------------
---------------------------------
| rollout/           |          |
|    ep_len_mean     | 54.2     |
|    ep_rew_mean     | 344      |
| time/              |          |
|    fps             | 177      |
|    iterations      | 137      |
|    time_elapsed    | 3161     |
|    total_timesteps | 561152   |
---------------------------------
-----------------------------------------
| rollout/                |             |
|    ep_len_mean          | 55.7        |
|    ep_rew_mean          | 348         |
| time/                   |             |
|    fps                  | 177         |
|    iterations           | 138         |
|    time_elapsed         | 3179        |
|    total_timesteps      | 565248      |
| train/                  |             |
|    approx_kl            | 0.027252633 |
|    clip_fraction        | 0.303       |
|    clip_range           | 0.2         |
|    entropy_loss         | -3.91       |
|    explained_variance   | 0.395       |
|    learning_rate        | 0.0003      |
|    loss                 | 229         |
|    n_updates            | 1370        |
|    policy_gradient_loss | -0.00716    |
|    std                  | 0.643       |
|    value_loss           | 1.25e+03    |
-----------------------------------------
-----------------------------------------
| rollout/                |             |
|    ep_len_mean          | 55.5        |
|    ep_rew_mean          | 340         |
| time/                   |             |
|    fps                  | 178         |
|    iterations           | 139         |
|    time_elapsed         | 3193        |
|    total_timesteps      | 569344      |
| train/                  |             |
|    approx_kl            | 0.047265757 |
|    clip_fraction        | 0.33        |
|    clip_range           | 0.2         |
|    entropy_loss         | -3.89       |
|    explained_variance   | 0.338       |
|    learning_rate        | 0.0003      |
|    loss                 | 474         |
|    n_updates            | 1380        |
|    policy_gradient_loss | -0.00914    |
|    std                  | 0.636       |
|    value_loss           | 1.27e+03    |
-----------------------------------------
-----------------------------------------
| rollout/                |             |
|    ep_len_mean          | 56          |
|    ep_rew_mean          | 335         |
| time/                   |             |
|    fps                  | 178         |
|    iterations           | 140         |
|    time_elapsed         | 3207        |
|    total_timesteps      | 573440      |
| train/                  |             |
|    approx_kl            | 0.027429469 |
|    clip_fraction        | 0.327       |
|    clip_range           | 0.2         |
|    entropy_loss         | -3.85       |
|    explained_variance   | 0.361       |
|    learning_rate        | 0.0003      |
|    loss                 | 280         |
|    n_updates            | 1390        |
|    policy_gradient_loss | -0.0105     |
|    std                  | 0.631       |
|    value_loss           | 1.31e+03    |
-----------------------------------------
-----------------------------------------
| rollout/                |             |
|    ep_len_mean          | 54.6        |
|    ep_rew_mean          | 340         |
| time/                   |             |
|    fps                  | 179         |
|    iterations           | 141         |
|    time_elapsed         | 3221        |
|    total_timesteps      | 577536      |
| train/                  |             |
|    approx_kl            | 0.018694129 |
|    clip_fraction        | 0.245       |
|    clip_range           | 0.2         |
|    entropy_loss         | -3.83       |
|    explained_variance   | 0.284       |
|    learning_rate        | 0.0003      |
|    loss                 | 1.66e+03    |
|    n_updates            | 1400        |
|    policy_gradient_loss | -0.0104     |
|    std                  | 0.63        |
|    value_loss           | 1.93e+03    |
-----------------------------------------
Eval num_timesteps=580000, episode_reward=335.80 +/- 158.75
Episode length: 48.40 +/- 7.28
-----------------------------------------
| eval/                   |             |
|    mean_ep_length       | 48.4        |
|    mean_reward          | 336         |
| time/                   |             |
|    total_timesteps      | 580000      |
| train/                  |             |
|    approx_kl            | 0.024480583 |
|    clip_fraction        | 0.272       |
|    clip_range           | 0.2         |
|    entropy_loss         | -3.81       |
|    explained_variance   | 0.349       |
|    learning_rate        | 0.0003      |
|    loss                 | 146         |
|    n_updates            | 1410        |
|    policy_gradient_loss | -0.0117     |
|    std                  | 0.626       |
|    value_loss           | 1.47e+03    |
-----------------------------------------
---------------------------------
| rollout/           |          |
|    ep_len_mean     | 54.8     |
|    ep_rew_mean     | 347      |
| time/              |          |
|    fps             | 179      |
|    iterations      | 142      |
|    time_elapsed    | 3244     |
|    total_timesteps | 581632   |
---------------------------------
-----------------------------------------
| rollout/                |             |
|    ep_len_mean          | 56.5        |
|    ep_rew_mean          | 347         |
| time/                   |             |
|    fps                  | 179         |
|    iterations           | 143         |
|    time_elapsed         | 3267        |
|    total_timesteps      | 585728      |
| train/                  |             |
|    approx_kl            | 0.029720936 |
|    clip_fraction        | 0.323       |
|    clip_range           | 0.2         |
|    entropy_loss         | -3.81       |
|    explained_variance   | 0.286       |
|    learning_rate        | 0.0003      |
|    loss                 | 349         |
|    n_updates            | 1420        |
|    policy_gradient_loss | 0.000524    |
|    std                  | 0.628       |
|    value_loss           | 1.69e+03    |
-----------------------------------------
-----------------------------------------
| rollout/                |             |
|    ep_len_mean          | 55.9        |
|    ep_rew_mean          | 318         |
| time/                   |             |
|    fps                  | 179         |
|    iterations           | 144         |
|    time_elapsed         | 3290        |
|    total_timesteps      | 589824      |
| train/                  |             |
|    approx_kl            | 0.028158545 |
|    clip_fraction        | 0.225       |
|    clip_range           | 0.2         |
|    entropy_loss         | -3.8        |
|    explained_variance   | 0.353       |
|    learning_rate        | 0.0003      |
|    loss                 | 316         |
|    n_updates            | 1430        |
|    policy_gradient_loss | -0.00717    |
|    std                  | 0.623       |
|    value_loss           | 1.43e+03    |
-----------------------------------------
----------------------------------------
| rollout/                |            |
|    ep_len_mean          | 53.7       |
|    ep_rew_mean          | 321        |
| time/                   |            |
|    fps                  | 179        |
|    iterations           | 145        |
|    time_elapsed         | 3312       |
|    total_timesteps      | 593920     |
| train/                  |            |
|    approx_kl            | 0.04695448 |
|    clip_fraction        | 0.203      |
|    clip_range           | 0.2        |
|    entropy_loss         | -3.77      |
|    explained_variance   | 0.165      |
|    learning_rate        | 0.0003     |
|    loss                 | 1.09e+03   |
|    n_updates            | 1440       |
|    policy_gradient_loss | -0.00575   |
|    std                  | 0.621      |
|    value_loss           | 2.09e+03   |
----------------------------------------
-----------------------------------------
| rollout/                |             |
|    ep_len_mean          | 53          |
|    ep_rew_mean          | 318         |
| time/                   |             |
|    fps                  | 179         |
|    iterations           | 146         |
|    time_elapsed         | 3326        |
|    total_timesteps      | 598016      |
| train/                  |             |
|    approx_kl            | 0.031749103 |
|    clip_fraction        | 0.235       |
|    clip_range           | 0.2         |
|    entropy_loss         | -3.77       |
|    explained_variance   | 0.335       |
|    learning_rate        | 0.0003      |
|    loss                 | 314         |
|    n_updates            | 1450        |
|    policy_gradient_loss | -0.0035     |
|    std                  | 0.622       |
|    value_loss           | 1.43e+03    |
-----------------------------------------
Eval num_timesteps=600000, episode_reward=401.33 +/- 28.81
Episode length: 50.40 +/- 2.24
----------------------------------------
| eval/                   |            |
|    mean_ep_length       | 50.4       |
|    mean_reward          | 401        |
| time/                   |            |
|    total_timesteps      | 600000     |
| train/                  |            |
|    approx_kl            | 0.01317407 |
|    clip_fraction        | 0.154      |
|    clip_range           | 0.2        |
|    entropy_loss         | -3.77      |
|    explained_variance   | 0.236      |
|    learning_rate        | 0.0003     |
|    loss                 | 2.59e+03   |
|    n_updates            | 1460       |
|    policy_gradient_loss | -0.00755   |
|    std                  | 0.62       |
|    value_loss           | 2.04e+03   |
----------------------------------------
---------------------------------
| rollout/           |          |
|    ep_len_mean     | 54.8     |
|    ep_rew_mean     | 346      |
| time/              |          |
|    fps             | 180      |
|    iterations      | 147      |
|    time_elapsed    | 3341     |
|    total_timesteps | 602112   |
---------------------------------
-----------------------------------------
| rollout/                |             |
|    ep_len_mean          | 55.3        |
|    ep_rew_mean          | 356         |
| time/                   |             |
|    fps                  | 180         |
|    iterations           | 148         |
|    time_elapsed         | 3354        |
|    total_timesteps      | 606208      |
| train/                  |             |
|    approx_kl            | 0.044877283 |
|    clip_fraction        | 0.239       |
|    clip_range           | 0.2         |
|    entropy_loss         | -3.76       |
|    explained_variance   | 0.331       |
|    learning_rate        | 0.0003      |
|    loss                 | 423         |
|    n_updates            | 1470        |
|    policy_gradient_loss | -0.00435    |
|    std                  | 0.621       |
|    value_loss           | 1.73e+03    |
-----------------------------------------
----------------------------------------
| rollout/                |            |
|    ep_len_mean          | 53.4       |
|    ep_rew_mean          | 311        |
| time/                   |            |
|    fps                  | 181        |
|    iterations           | 149        |
|    time_elapsed         | 3368       |
|    total_timesteps      | 610304     |
| train/                  |            |
|    approx_kl            | 0.05106105 |
|    clip_fraction        | 0.321      |
|    clip_range           | 0.2        |
|    entropy_loss         | -3.75      |
|    explained_variance   | 0.568      |
|    learning_rate        | 0.0003     |
|    loss                 | 129        |
|    n_updates            | 1480       |
|    policy_gradient_loss | -0.0109    |
|    std                  | 0.618      |
|    value_loss           | 954        |
----------------------------------------
----------------------------------------
| rollout/                |            |
|    ep_len_mean          | 51.6       |
|    ep_rew_mean          | 315        |
| time/                   |            |
|    fps                  | 181        |
|    iterations           | 150        |
|    time_elapsed         | 3382       |
|    total_timesteps      | 614400     |
| train/                  |            |
|    approx_kl            | 0.06933073 |
|    clip_fraction        | 0.353      |
|    clip_range           | 0.2        |
|    entropy_loss         | -3.75      |
|    explained_variance   | 0.171      |
|    learning_rate        | 0.0003     |
|    loss                 | 411        |
|    n_updates            | 1490       |
|    policy_gradient_loss | 0.00362    |
|    std                  | 0.618      |
|    value_loss           | 1.96e+03   |
----------------------------------------
-----------------------------------------
| rollout/                |             |
|    ep_len_mean          | 54.5        |
|    ep_rew_mean          | 344         |
| time/                   |             |
|    fps                  | 182         |
|    iterations           | 151         |
|    time_elapsed         | 3396        |
|    total_timesteps      | 618496      |
| train/                  |             |
|    approx_kl            | 0.021171633 |
|    clip_fraction        | 0.266       |
|    clip_range           | 0.2         |
|    entropy_loss         | -3.74       |
|    explained_variance   | 0.346       |
|    learning_rate        | 0.0003      |
|    loss                 | 154         |
|    n_updates            | 1500        |
|    policy_gradient_loss | -0.00887    |
|    std                  | 0.616       |
|    value_loss           | 1.17e+03    |
-----------------------------------------
Eval num_timesteps=620000, episode_reward=336.09 +/- 149.55
Episode length: 51.60 +/- 3.14
-----------------------------------------
| eval/                   |             |
|    mean_ep_length       | 51.6        |
|    mean_reward          | 336         |
| time/                   |             |
|    total_timesteps      | 620000      |
| train/                  |             |
|    approx_kl            | 0.017512526 |
|    clip_fraction        | 0.219       |
|    clip_range           | 0.2         |
|    entropy_loss         | -3.72       |
|    explained_variance   | 0.37        |
|    learning_rate        | 0.0003      |
|    loss                 | 1.23e+03    |
|    n_updates            | 1510        |
|    policy_gradient_loss | -0.0069     |
|    std                  | 0.612       |
|    value_loss           | 1.72e+03    |
-----------------------------------------
---------------------------------
| rollout/           |          |
|    ep_len_mean     | 52.7     |
|    ep_rew_mean     | 307      |
| time/              |          |
|    fps             | 182      |
|    iterations      | 152      |
|    time_elapsed    | 3412     |
|    total_timesteps | 622592   |
---------------------------------
-----------------------------------------
| rollout/                |             |
|    ep_len_mean          | 53.6        |
|    ep_rew_mean          | 305         |
| time/                   |             |
|    fps                  | 182         |
|    iterations           | 153         |
|    time_elapsed         | 3434        |
|    total_timesteps      | 626688      |
| train/                  |             |
|    approx_kl            | 0.009341725 |
|    clip_fraction        | 0.0867      |
|    clip_range           | 0.2         |
|    entropy_loss         | -3.7        |
|    explained_variance   | 0.124       |
|    learning_rate        | 0.0003      |
|    loss                 | 264         |
|    n_updates            | 1520        |
|    policy_gradient_loss | -0.0105     |
|    std                  | 0.612       |
|    value_loss           | 2.52e+03    |
-----------------------------------------
-----------------------------------------
| rollout/                |             |
|    ep_len_mean          | 55          |
|    ep_rew_mean          | 339         |
| time/                   |             |
|    fps                  | 182         |
|    iterations           | 154         |
|    time_elapsed         | 3456        |
|    total_timesteps      | 630784      |
| train/                  |             |
|    approx_kl            | 0.008950871 |
|    clip_fraction        | 0.0748      |
|    clip_range           | 0.2         |
|    entropy_loss         | -3.7        |
|    explained_variance   | 0.368       |
|    learning_rate        | 0.0003      |
|    loss                 | 178         |
|    n_updates            | 1530        |
|    policy_gradient_loss | -0.0102     |
|    std                  | 0.612       |
|    value_loss           | 2.14e+03    |
-----------------------------------------
----------------------------------------
| rollout/                |            |
|    ep_len_mean          | 51.7       |
|    ep_rew_mean          | 289        |
| time/                   |            |
|    fps                  | 182        |
|    iterations           | 155        |
|    time_elapsed         | 3478       |
|    total_timesteps      | 634880     |
| train/                  |            |
|    approx_kl            | 0.12837279 |
|    clip_fraction        | 0.226      |
|    clip_range           | 0.2        |
|    entropy_loss         | -3.69      |
|    explained_variance   | 0.266      |
|    learning_rate        | 0.0003     |
|    loss                 | 256        |
|    n_updates            | 1540       |
|    policy_gradient_loss | -0.000512  |
|    std                  | 0.609      |
|    value_loss           | 1.88e+03   |
----------------------------------------
-----------------------------------------
| rollout/                |             |
|    ep_len_mean          | 52          |
|    ep_rew_mean          | 272         |
| time/                   |             |
|    fps                  | 182         |
|    iterations           | 156         |
|    time_elapsed         | 3495        |
|    total_timesteps      | 638976      |
| train/                  |             |
|    approx_kl            | 0.008210201 |
|    clip_fraction        | 0.166       |
|    clip_range           | 0.2         |
|    entropy_loss         | -3.69       |
|    explained_variance   | 0.11        |
|    learning_rate        | 0.0003      |
|    loss                 | 1.51e+03    |
|    n_updates            | 1550        |
|    policy_gradient_loss | -0.00215    |
|    std                  | 0.609       |
|    value_loss           | 2.42e+03    |
-----------------------------------------
Eval num_timesteps=640000, episode_reward=412.53 +/- 20.79
Episode length: 54.20 +/- 1.72
-----------------------------------------
| eval/                   |             |
|    mean_ep_length       | 54.2        |
|    mean_reward          | 413         |
| time/                   |             |
|    total_timesteps      | 640000      |
| train/                  |             |
|    approx_kl            | 0.006482953 |
|    clip_fraction        | 0.0656      |
|    clip_range           | 0.2         |
|    entropy_loss         | -3.69       |
|    explained_variance   | 0.0383      |
|    learning_rate        | 0.0003      |
|    loss                 | 359         |
|    n_updates            | 1560        |
|    policy_gradient_loss | -0.0093     |
|    std                  | 0.609       |
|    value_loss           | 3.46e+03    |
-----------------------------------------
---------------------------------
| rollout/           |          |
|    ep_len_mean     | 51.8     |
|    ep_rew_mean     | 295      |
| time/              |          |
|    fps             | 183      |
|    iterations      | 157      |
|    time_elapsed    | 3509     |
|    total_timesteps | 643072   |
---------------------------------
----------------------------------------
| rollout/                |            |
|    ep_len_mean          | 49.6       |
|    ep_rew_mean          | 299        |
| time/                   |            |
|    fps                  | 183        |
|    iterations           | 158        |
|    time_elapsed         | 3523       |
|    total_timesteps      | 647168     |
| train/                  |            |
|    approx_kl            | 0.01347407 |
|    clip_fraction        | 0.0951     |
|    clip_range           | 0.2        |
|    entropy_loss         | -3.68      |
|    explained_variance   | 0.226      |
|    learning_rate        | 0.0003     |
|    loss                 | 511        |
|    n_updates            | 1570       |
|    policy_gradient_loss | -0.00751   |
|    std                  | 0.609      |
|    value_loss           | 1.87e+03   |
----------------------------------------
-----------------------------------------
| rollout/                |             |
|    ep_len_mean          | 51.7        |
|    ep_rew_mean          | 258         |
| time/                   |             |
|    fps                  | 183         |
|    iterations           | 159         |
|    time_elapsed         | 3542        |
|    total_timesteps      | 651264      |
| train/                  |             |
|    approx_kl            | 0.056615297 |
|    clip_fraction        | 0.194       |
|    clip_range           | 0.2         |
|    entropy_loss         | -3.68       |
|    explained_variance   | 0.424       |
|    learning_rate        | 0.0003      |
|    loss                 | 222         |
|    n_updates            | 1580        |
|    policy_gradient_loss | -0.0024     |
|    std                  | 0.608       |
|    value_loss           | 2.09e+03    |
-----------------------------------------
-----------------------------------------
| rollout/                |             |
|    ep_len_mean          | 52.3        |
|    ep_rew_mean          | 296         |
| time/                   |             |
|    fps                  | 183         |
|    iterations           | 160         |
|    time_elapsed         | 3563        |
|    total_timesteps      | 655360      |
| train/                  |             |
|    approx_kl            | 0.008735655 |
|    clip_fraction        | 0.0504      |
|    clip_range           | 0.2         |
|    entropy_loss         | -3.68       |
|    explained_variance   | 0.25        |
|    learning_rate        | 0.0003      |
|    loss                 | 351         |
|    n_updates            | 1590        |
|    policy_gradient_loss | -0.00716    |
|    std                  | 0.609       |
|    value_loss           | 2.81e+03    |
-----------------------------------------
-----------------------------------------
| rollout/                |             |
|    ep_len_mean          | 51.9        |
|    ep_rew_mean          | 283         |
| time/                   |             |
|    fps                  | 183         |
|    iterations           | 161         |
|    time_elapsed         | 3584        |
|    total_timesteps      | 659456      |
| train/                  |             |
|    approx_kl            | 0.005710207 |
|    clip_fraction        | 0.0542      |
|    clip_range           | 0.2         |
|    entropy_loss         | -3.68       |
|    explained_variance   | -0.0163     |
|    learning_rate        | 0.0003      |
|    loss                 | 232         |
|    n_updates            | 1600        |
|    policy_gradient_loss | -0.00765    |
|    std                  | 0.609       |
|    value_loss           | 2.65e+03    |
-----------------------------------------
Eval num_timesteps=660000, episode_reward=328.42 +/- 145.18
Episode length: 49.40 +/- 1.85
-----------------------------------------
| eval/                   |             |
|    mean_ep_length       | 49.4        |
|    mean_reward          | 328         |
| time/                   |             |
|    total_timesteps      | 660000      |
| train/                  |             |
|    approx_kl            | 0.010943631 |
|    clip_fraction        | 0.0671      |
|    clip_range           | 0.2         |
|    entropy_loss         | -3.68       |
|    explained_variance   | 0.407       |
|    learning_rate        | 0.0003      |
|    loss                 | 367         |
|    n_updates            | 1610        |
|    policy_gradient_loss | -0.00679    |
|    std                  | 0.609       |
|    value_loss           | 2.27e+03    |
-----------------------------------------
---------------------------------
| rollout/           |          |
|    ep_len_mean     | 50.9     |
|    ep_rew_mean     | 310      |
| time/              |          |
|    fps             | 184      |
|    iterations      | 162      |
|    time_elapsed    | 3605     |
|    total_timesteps | 663552   |
---------------------------------
-----------------------------------------
| rollout/                |             |
|    ep_len_mean          | 51.8        |
|    ep_rew_mean          | 316         |
| time/                   |             |
|    fps                  | 184         |
|    iterations           | 163         |
|    time_elapsed         | 3619        |
|    total_timesteps      | 667648      |
| train/                  |             |
|    approx_kl            | 0.013899348 |
|    clip_fraction        | 0.171       |
|    clip_range           | 0.2         |
|    entropy_loss         | -3.69       |
|    explained_variance   | 0.188       |
|    learning_rate        | 0.0003      |
|    loss                 | 165         |
|    n_updates            | 1620        |
|    policy_gradient_loss | -0.00148    |
|    std                  | 0.611       |
|    value_loss           | 1.65e+03    |
-----------------------------------------
-----------------------------------------
| rollout/                |             |
|    ep_len_mean          | 52.5        |
|    ep_rew_mean          | 292         |
| time/                   |             |
|    fps                  | 184         |
|    iterations           | 164         |
|    time_elapsed         | 3632        |
|    total_timesteps      | 671744      |
| train/                  |             |
|    approx_kl            | 0.023778617 |
|    clip_fraction        | 0.295       |
|    clip_range           | 0.2         |
|    entropy_loss         | -3.69       |
|    explained_variance   | 0.425       |
|    learning_rate        | 0.0003      |
|    loss                 | 227         |
|    n_updates            | 1630        |
|    policy_gradient_loss | 0.00327     |
|    std                  | 0.609       |
|    value_loss           | 1.62e+03    |
-----------------------------------------
-----------------------------------------
| rollout/                |             |
|    ep_len_mean          | 51.9        |
|    ep_rew_mean          | 286         |
| time/                   |             |
|    fps                  | 185         |
|    iterations           | 165         |
|    time_elapsed         | 3651        |
|    total_timesteps      | 675840      |
| train/                  |             |
|    approx_kl            | 0.007393607 |
|    clip_fraction        | 0.101       |
|    clip_range           | 0.2         |
|    entropy_loss         | -3.68       |
|    explained_variance   | 0.116       |
|    learning_rate        | 0.0003      |
|    loss                 | 1.24e+03    |
|    n_updates            | 1640        |
|    policy_gradient_loss | -0.00678    |
|    std                  | 0.609       |
|    value_loss           | 3.59e+03    |
-----------------------------------------
----------------------------------------
| rollout/                |            |
|    ep_len_mean          | 51.6       |
|    ep_rew_mean          | 311        |
| time/                   |            |
|    fps                  | 185        |
|    iterations           | 166        |
|    time_elapsed         | 3674       |
|    total_timesteps      | 679936     |
| train/                  |            |
|    approx_kl            | 0.01110848 |
|    clip_fraction        | 0.0863     |
|    clip_range           | 0.2        |
|    entropy_loss         | -3.68      |
|    explained_variance   | 0.346      |
|    learning_rate        | 0.0003     |
|    loss                 | 1.48e+03   |
|    n_updates            | 1650       |
|    policy_gradient_loss | -0.00882   |
|    std                  | 0.608      |
|    value_loss           | 2.28e+03   |
----------------------------------------
Eval num_timesteps=680000, episode_reward=183.22 +/- 171.67
Episode length: 48.80 +/- 3.82
-----------------------------------------
| eval/                   |             |
|    mean_ep_length       | 48.8        |
|    mean_reward          | 183         |
| time/                   |             |
|    total_timesteps      | 680000      |
| train/                  |             |
|    approx_kl            | 0.039370544 |
|    clip_fraction        | 0.223       |
|    clip_range           | 0.2         |
|    entropy_loss         | -3.67       |
|    explained_variance   | 0.481       |
|    learning_rate        | 0.0003      |
|    loss                 | 351         |
|    n_updates            | 1660        |
|    policy_gradient_loss | -0.000456   |
|    std                  | 0.606       |
|    value_loss           | 1.95e+03    |
-----------------------------------------
---------------------------------
| rollout/           |          |
|    ep_len_mean     | 52.7     |
|    ep_rew_mean     | 301      |
| time/              |          |
|    fps             | 185      |
|    iterations      | 167      |
|    time_elapsed    | 3695     |
|    total_timesteps | 684032   |
---------------------------------
----------------------------------------
| rollout/                |            |
|    ep_len_mean          | 52.1       |
|    ep_rew_mean          | 307        |
| time/                   |            |
|    fps                  | 185        |
|    iterations           | 168        |
|    time_elapsed         | 3709       |
|    total_timesteps      | 688128     |
| train/                  |            |
|    approx_kl            | 0.05698531 |
|    clip_fraction        | 0.303      |
|    clip_range           | 0.2        |
|    entropy_loss         | -3.66      |
|    explained_variance   | 0.273      |
|    learning_rate        | 0.0003     |
|    loss                 | 167        |
|    n_updates            | 1670       |
|    policy_gradient_loss | 0.00384    |
|    std                  | 0.606      |
|    value_loss           | 2.28e+03   |
----------------------------------------
----------------------------------------
| rollout/                |            |
|    ep_len_mean          | 46.3       |
|    ep_rew_mean          | 80.1       |
| time/                   |            |
|    fps                  | 185        |
|    iterations           | 169        |
|    time_elapsed         | 3722       |
|    total_timesteps      | 692224     |
| train/                  |            |
|    approx_kl            | 0.96505463 |
|    clip_fraction        | 0.521      |
|    clip_range           | 0.2        |
|    entropy_loss         | -3.64      |
|    explained_variance   | 0.286      |
|    learning_rate        | 0.0003     |
|    loss                 | 638        |
|    n_updates            | 1680       |
|    policy_gradient_loss | 0.0759     |
|    std                  | 0.602      |
|    value_loss           | 1.89e+03   |
----------------------------------------
------------------------------------------
| rollout/                |              |
|    ep_len_mean          | 43.9         |
|    ep_rew_mean          | 78.3         |
| time/                   |              |
|    fps                  | 185          |
|    iterations           | 170          |
|    time_elapsed         | 3743         |
|    total_timesteps      | 696320       |
| train/                  |              |
|    approx_kl            | 0.0069913594 |
|    clip_fraction        | 0.113        |
|    clip_range           | 0.2          |
|    entropy_loss         | -3.64        |
|    explained_variance   | -0.245       |
|    learning_rate        | 0.0003       |
|    loss                 | 1.04e+03     |
|    n_updates            | 1690         |
|    policy_gradient_loss | -0.00684     |
|    std                  | 0.603        |
|    value_loss           | 2.56e+03     |
------------------------------------------
Eval num_timesteps=700000, episode_reward=30.28 +/- 17.60
Episode length: 37.40 +/- 15.82
-----------------------------------------
| eval/                   |             |
|    mean_ep_length       | 37.4        |
|    mean_reward          | 30.3        |
| time/                   |             |
|    total_timesteps      | 700000      |
| train/                  |             |
|    approx_kl            | 0.006758334 |
|    clip_fraction        | 0.0475      |
|    clip_range           | 0.2         |
|    entropy_loss         | -3.64       |
|    explained_variance   | 0.459       |
|    learning_rate        | 0.0003      |
|    loss                 | 237         |
|    n_updates            | 1700        |
|    policy_gradient_loss | -0.0079     |
|    std                  | 0.602       |
|    value_loss           | 1.38e+03    |
-----------------------------------------
---------------------------------
| rollout/           |          |
|    ep_len_mean     | 44.1     |
|    ep_rew_mean     | 79       |
| time/              |          |
|    fps             | 186      |
|    iterations      | 171      |
|    time_elapsed    | 3762     |
|    total_timesteps | 700416   |
---------------------------------
------------------------------------------
| rollout/                |              |
|    ep_len_mean          | 44.1         |
|    ep_rew_mean          | 80.8         |
| time/                   |              |
|    fps                  | 186          |
|    iterations           | 172          |
|    time_elapsed         | 3775         |
|    total_timesteps      | 704512       |
| train/                  |              |
|    approx_kl            | 0.0080513675 |
|    clip_fraction        | 0.0624       |
|    clip_range           | 0.2          |
|    entropy_loss         | -3.64        |
|    explained_variance   | 0.444        |
|    learning_rate        | 0.0003       |
|    loss                 | 224          |
|    n_updates            | 1710         |
|    policy_gradient_loss | -0.00814     |
|    std                  | 0.602        |
|    value_loss           | 1.28e+03     |
------------------------------------------
-----------------------------------------
| rollout/                |             |
|    ep_len_mean          | 41.8        |
|    ep_rew_mean          | 60.3        |
| time/                   |             |
|    fps                  | 187         |
|    iterations           | 173         |
|    time_elapsed         | 3788        |
|    total_timesteps      | 708608      |
| train/                  |             |
|    approx_kl            | 0.010204089 |
|    clip_fraction        | 0.0816      |
|    clip_range           | 0.2         |
|    entropy_loss         | -3.63       |
|    explained_variance   | 0.516       |
|    learning_rate        | 0.0003      |
|    loss                 | 427         |
|    n_updates            | 1720        |
|    policy_gradient_loss | -0.0111     |
|    std                  | 0.602       |
|    value_loss           | 1.46e+03    |
-----------------------------------------
-----------------------------------------
| rollout/                |             |
|    ep_len_mean          | 43          |
|    ep_rew_mean          | 66.5        |
| time/                   |             |
|    fps                  | 187         |
|    iterations           | 174         |
|    time_elapsed         | 3808        |
|    total_timesteps      | 712704      |
| train/                  |             |
|    approx_kl            | 0.012596734 |
|    clip_fraction        | 0.105       |
|    clip_range           | 0.2         |
|    entropy_loss         | -3.63       |
|    explained_variance   | 0.622       |
|    learning_rate        | 0.0003      |
|    loss                 | 333         |
|    n_updates            | 1730        |
|    policy_gradient_loss | -0.0128     |
|    std                  | 0.602       |
|    value_loss           | 625         |
-----------------------------------------
-----------------------------------------
| rollout/                |             |
|    ep_len_mean          | 41.1        |
|    ep_rew_mean          | 61.3        |
| time/                   |             |
|    fps                  | 187         |
|    iterations           | 175         |
|    time_elapsed         | 3822        |
|    total_timesteps      | 716800      |
| train/                  |             |
|    approx_kl            | 0.009020897 |
|    clip_fraction        | 0.0921      |
|    clip_range           | 0.2         |
|    entropy_loss         | -3.63       |
|    explained_variance   | 0.108       |
|    learning_rate        | 0.0003      |
|    loss                 | 693         |
|    n_updates            | 1740        |
|    policy_gradient_loss | -0.0097     |
|    std                  | 0.602       |
|    value_loss           | 1.26e+03    |
-----------------------------------------
Eval num_timesteps=720000, episode_reward=25.99 +/- 14.25
Episode length: 36.60 +/- 12.67
-----------------------------------------
| eval/                   |             |
|    mean_ep_length       | 36.6        |
|    mean_reward          | 26          |
| time/                   |             |
|    total_timesteps      | 720000      |
| train/                  |             |
|    approx_kl            | 0.012346497 |
|    clip_fraction        | 0.113       |
|    clip_range           | 0.2         |
|    entropy_loss         | -3.63       |
|    explained_variance   | 0.557       |
|    learning_rate        | 0.0003      |
|    loss                 | 71.2        |
|    n_updates            | 1750        |
|    policy_gradient_loss | -0.0102     |
|    std                  | 0.599       |
|    value_loss           | 557         |
-----------------------------------------
---------------------------------
| rollout/           |          |
|    ep_len_mean     | 40.5     |
|    ep_rew_mean     | 63.5     |
| time/              |          |
|    fps             | 187      |
|    iterations      | 176      |
|    time_elapsed    | 3838     |
|    total_timesteps | 720896   |
---------------------------------
-----------------------------------------
| rollout/                |             |
|    ep_len_mean          | 42.3        |
|    ep_rew_mean          | 59.9        |
| time/                   |             |
|    fps                  | 187         |
|    iterations           | 177         |
|    time_elapsed         | 3858        |
|    total_timesteps      | 724992      |
| train/                  |             |
|    approx_kl            | 0.011754222 |
|    clip_fraction        | 0.133       |
|    clip_range           | 0.2         |
|    entropy_loss         | -3.61       |
|    explained_variance   | 0.569       |
|    learning_rate        | 0.0003      |
|    loss                 | 133         |
|    n_updates            | 1760        |
|    policy_gradient_loss | -0.00977    |
|    std                  | 0.597       |
|    value_loss           | 558         |
-----------------------------------------
-----------------------------------------
| rollout/                |             |
|    ep_len_mean          | 43.8        |
|    ep_rew_mean          | 65.3        |
| time/                   |             |
|    fps                  | 187         |
|    iterations           | 178         |
|    time_elapsed         | 3878        |
|    total_timesteps      | 729088      |
| train/                  |             |
|    approx_kl            | 0.019837603 |
|    clip_fraction        | 0.143       |
|    clip_range           | 0.2         |
|    entropy_loss         | -3.6        |
|    explained_variance   | 0.29        |
|    learning_rate        | 0.0003      |
|    loss                 | 114         |
|    n_updates            | 1770        |
|    policy_gradient_loss | -0.00957    |
|    std                  | 0.594       |
|    value_loss           | 693         |
-----------------------------------------
-----------------------------------------
| rollout/                |             |
|    ep_len_mean          | 43.4        |
|    ep_rew_mean          | 66.6        |
| time/                   |             |
|    fps                  | 188         |
|    iterations           | 179         |
|    time_elapsed         | 3892        |
|    total_timesteps      | 733184      |
| train/                  |             |
|    approx_kl            | 0.010589619 |
|    clip_fraction        | 0.103       |
|    clip_range           | 0.2         |
|    entropy_loss         | -3.59       |
|    explained_variance   | 0.646       |
|    learning_rate        | 0.0003      |
|    loss                 | 130         |
|    n_updates            | 1780        |
|    policy_gradient_loss | -0.00946    |
|    std                  | 0.595       |
|    value_loss           | 707         |
-----------------------------------------
-----------------------------------------
| rollout/                |             |
|    ep_len_mean          | 43.6        |
|    ep_rew_mean          | 95          |
| time/                   |             |
|    fps                  | 188         |
|    iterations           | 180         |
|    time_elapsed         | 3905        |
|    total_timesteps      | 737280      |
| train/                  |             |
|    approx_kl            | 0.012293493 |
|    clip_fraction        | 0.128       |
|    clip_range           | 0.2         |
|    entropy_loss         | -3.58       |
|    explained_variance   | 0.621       |
|    learning_rate        | 0.0003      |
|    loss                 | 67.7        |
|    n_updates            | 1790        |
|    policy_gradient_loss | -0.0104     |
|    std                  | 0.593       |
|    value_loss           | 583         |
-----------------------------------------
Eval num_timesteps=740000, episode_reward=42.85 +/- 14.55
Episode length: 44.20 +/- 4.92
-----------------------------------------
| eval/                   |             |
|    mean_ep_length       | 44.2        |
|    mean_reward          | 42.9        |
| time/                   |             |
|    total_timesteps      | 740000      |
| train/                  |             |
|    approx_kl            | 0.014586763 |
|    clip_fraction        | 0.134       |
|    clip_range           | 0.2         |
|    entropy_loss         | -3.57       |
|    explained_variance   | 0.519       |
|    learning_rate        | 0.0003      |
|    loss                 | 94.2        |
|    n_updates            | 1800        |
|    policy_gradient_loss | -0.00922    |
|    std                  | 0.593       |
|    value_loss           | 543         |
-----------------------------------------
---------------------------------
| rollout/           |          |
|    ep_len_mean     | 44.9     |
|    ep_rew_mean     | 81.8     |
| time/              |          |
|    fps             | 188      |
|    iterations      | 181      |
|    time_elapsed    | 3923     |
|    total_timesteps | 741376   |
---------------------------------
-----------------------------------------
| rollout/                |             |
|    ep_len_mean          | 44.5        |
|    ep_rew_mean          | 105         |
| time/                   |             |
|    fps                  | 189         |
|    iterations           | 182         |
|    time_elapsed         | 3937        |
|    total_timesteps      | 745472      |
| train/                  |             |
|    approx_kl            | 0.013502579 |
|    clip_fraction        | 0.108       |
|    clip_range           | 0.2         |
|    entropy_loss         | -3.57       |
|    explained_variance   | 0.639       |
|    learning_rate        | 0.0003      |
|    loss                 | 65.9        |
|    n_updates            | 1810        |
|    policy_gradient_loss | -0.0137     |
|    std                  | 0.592       |
|    value_loss           | 546         |
-----------------------------------------
-----------------------------------------
| rollout/                |             |
|    ep_len_mean          | 46.2        |
|    ep_rew_mean          | 141         |
| time/                   |             |
|    fps                  | 189         |
|    iterations           | 183         |
|    time_elapsed         | 3957        |
|    total_timesteps      | 749568      |
| train/                  |             |
|    approx_kl            | 0.011689588 |
|    clip_fraction        | 0.104       |
|    clip_range           | 0.2         |
|    entropy_loss         | -3.57       |
|    explained_variance   | 0.491       |
|    learning_rate        | 0.0003      |
|    loss                 | 135         |
|    n_updates            | 1820        |
|    policy_gradient_loss | -0.0114     |
|    std                  | 0.592       |
|    value_loss           | 1.05e+03    |
-----------------------------------------
-----------------------------------------
| rollout/                |             |
|    ep_len_mean          | 48.3        |
|    ep_rew_mean          | 156         |
| time/                   |             |
|    fps                  | 189         |
|    iterations           | 184         |
|    time_elapsed         | 3978        |
|    total_timesteps      | 753664      |
| train/                  |             |
|    approx_kl            | 0.009027697 |
|    clip_fraction        | 0.0907      |
|    clip_range           | 0.2         |
|    entropy_loss         | -3.57       |
|    explained_variance   | 0.512       |
|    learning_rate        | 0.0003      |
|    loss                 | 615         |
|    n_updates            | 1830        |
|    policy_gradient_loss | -0.00956    |
|    std                  | 0.592       |
|    value_loss           | 1.29e+03    |
-----------------------------------------
-----------------------------------------
| rollout/                |             |
|    ep_len_mean          | 47.4        |
|    ep_rew_mean          | 197         |
| time/                   |             |
|    fps                  | 189         |
|    iterations           | 185         |
|    time_elapsed         | 3992        |
|    total_timesteps      | 757760      |
| train/                  |             |
|    approx_kl            | 0.010598072 |
|    clip_fraction        | 0.0842      |
|    clip_range           | 0.2         |
|    entropy_loss         | -3.57       |
|    explained_variance   | 0.567       |
|    learning_rate        | 0.0003      |
|    loss                 | 153         |
|    n_updates            | 1840        |
|    policy_gradient_loss | -0.00915    |
|    std                  | 0.592       |
|    value_loss           | 1.53e+03    |
-----------------------------------------
Eval num_timesteps=760000, episode_reward=186.24 +/- 161.67
Episode length: 47.00 +/- 4.60
-----------------------------------------
| eval/                   |             |
|    mean_ep_length       | 47          |
|    mean_reward          | 186         |
| time/                   |             |
|    total_timesteps      | 760000      |
| train/                  |             |
|    approx_kl            | 0.013058287 |
|    clip_fraction        | 0.108       |
|    clip_range           | 0.2         |
|    entropy_loss         | -3.57       |
|    explained_variance   | 0.562       |
|    learning_rate        | 0.0003      |
|    loss                 | 129         |
|    n_updates            | 1850        |
|    policy_gradient_loss | -0.0108     |
|    std                  | 0.592       |
|    value_loss           | 1.15e+03    |
-----------------------------------------
---------------------------------
| rollout/           |          |
|    ep_len_mean     | 48.4     |
|    ep_rew_mean     | 171      |
| time/              |          |
|    fps             | 190      |
|    iterations      | 186      |
|    time_elapsed    | 4006     |
|    total_timesteps | 761856   |
---------------------------------
-----------------------------------------
| rollout/                |             |
|    ep_len_mean          | 49.1        |
|    ep_rew_mean          | 210         |
| time/                   |             |
|    fps                  | 190         |
|    iterations           | 187         |
|    time_elapsed         | 4026        |
|    total_timesteps      | 765952      |
| train/                  |             |
|    approx_kl            | 0.018732093 |
|    clip_fraction        | 0.13        |
|    clip_range           | 0.2         |
|    entropy_loss         | -3.57       |
|    explained_variance   | 0.519       |
|    learning_rate        | 0.0003      |
|    loss                 | 811         |
|    n_updates            | 1860        |
|    policy_gradient_loss | -0.00886    |
|    std                  | 0.591       |
|    value_loss           | 1.67e+03    |
-----------------------------------------
------------------------------------------
| rollout/                |              |
|    ep_len_mean          | 47.1         |
|    ep_rew_mean          | 211          |
| time/                   |              |
|    fps                  | 190          |
|    iterations           | 188          |
|    time_elapsed         | 4047         |
|    total_timesteps      | 770048       |
| train/                  |              |
|    approx_kl            | 0.0117376605 |
|    clip_fraction        | 0.107        |
|    clip_range           | 0.2          |
|    entropy_loss         | -3.56        |
|    explained_variance   | 0.527        |
|    learning_rate        | 0.0003       |
|    loss                 | 234          |
|    n_updates            | 1870         |
|    policy_gradient_loss | -0.00907     |
|    std                  | 0.589        |
|    value_loss           | 1.21e+03     |
------------------------------------------
------------------------------------------
| rollout/                |              |
|    ep_len_mean          | 48.9         |
|    ep_rew_mean          | 206          |
| time/                   |              |
|    fps                  | 190          |
|    iterations           | 189          |
|    time_elapsed         | 4068         |
|    total_timesteps      | 774144       |
| train/                  |              |
|    approx_kl            | 0.0115897395 |
|    clip_fraction        | 0.0965       |
|    clip_range           | 0.2          |
|    entropy_loss         | -3.54        |
|    explained_variance   | 0.158        |
|    learning_rate        | 0.0003       |
|    loss                 | 317          |
|    n_updates            | 1880         |
|    policy_gradient_loss | -0.0092      |
|    std                  | 0.588        |
|    value_loss           | 1.43e+03     |
------------------------------------------
-----------------------------------------
| rollout/                |             |
|    ep_len_mean          | 51.5        |
|    ep_rew_mean          | 267         |
| time/                   |             |
|    fps                  | 190         |
|    iterations           | 190         |
|    time_elapsed         | 4081        |
|    total_timesteps      | 778240      |
| train/                  |             |
|    approx_kl            | 0.011989256 |
|    clip_fraction        | 0.101       |
|    clip_range           | 0.2         |
|    entropy_loss         | -3.54       |
|    explained_variance   | 0.502       |
|    learning_rate        | 0.0003      |
|    loss                 | 81          |
|    n_updates            | 1890        |
|    policy_gradient_loss | -0.0106     |
|    std                  | 0.587       |
|    value_loss           | 1.42e+03    |
-----------------------------------------
Eval num_timesteps=780000, episode_reward=240.87 +/- 178.34
Episode length: 45.20 +/- 12.01
-----------------------------------------
| eval/                   |             |
|    mean_ep_length       | 45.2        |
|    mean_reward          | 241         |
| time/                   |             |
|    total_timesteps      | 780000      |
| train/                  |             |
|    approx_kl            | 0.013344154 |
|    clip_fraction        | 0.131       |
|    clip_range           | 0.2         |
|    entropy_loss         | -3.53       |
|    explained_variance   | 0.422       |
|    learning_rate        | 0.0003      |
|    loss                 | 190         |
|    n_updates            | 1900        |
|    policy_gradient_loss | -0.00819    |
|    std                  | 0.586       |
|    value_loss           | 1.39e+03    |
-----------------------------------------
---------------------------------
| rollout/           |          |
|    ep_len_mean     | 51.3     |
|    ep_rew_mean     | 271      |
| time/              |          |
|    fps             | 190      |
|    iterations      | 191      |
|    time_elapsed    | 4102     |
|    total_timesteps | 782336   |
---------------------------------
-----------------------------------------
| rollout/                |             |
|    ep_len_mean          | 48.8        |
|    ep_rew_mean          | 263         |
| time/                   |             |
|    fps                  | 190         |
|    iterations           | 192         |
|    time_elapsed         | 4123        |
|    total_timesteps      | 786432      |
| train/                  |             |
|    approx_kl            | 0.011623119 |
|    clip_fraction        | 0.11        |
|    clip_range           | 0.2         |
|    entropy_loss         | -3.53       |
|    explained_variance   | 0.525       |
|    learning_rate        | 0.0003      |
|    loss                 | 194         |
|    n_updates            | 1910        |
|    policy_gradient_loss | -0.0055     |
|    std                  | 0.585       |
|    value_loss           | 1.46e+03    |
-----------------------------------------
-----------------------------------------
| rollout/                |             |
|    ep_len_mean          | 47.6        |
|    ep_rew_mean          | 257         |
| time/                   |             |
|    fps                  | 190         |
|    iterations           | 193         |
|    time_elapsed         | 4145        |
|    total_timesteps      | 790528      |
| train/                  |             |
|    approx_kl            | 0.042389646 |
|    clip_fraction        | 0.397       |
|    clip_range           | 0.2         |
|    entropy_loss         | -3.53       |
|    explained_variance   | 0.311       |
|    learning_rate        | 0.0003      |
|    loss                 | 160         |
|    n_updates            | 1920        |
|    policy_gradient_loss | 0.0277      |
|    std                  | 0.588       |
|    value_loss           | 1.97e+03    |
-----------------------------------------
-----------------------------------------
| rollout/                |             |
|    ep_len_mean          | 50.7        |
|    ep_rew_mean          | 300         |
| time/                   |             |
|    fps                  | 190         |
|    iterations           | 194         |
|    time_elapsed         | 4165        |
|    total_timesteps      | 794624      |
| train/                  |             |
|    approx_kl            | 0.050930284 |
|    clip_fraction        | 0.29        |
|    clip_range           | 0.2         |
|    entropy_loss         | -3.54       |
|    explained_variance   | 0.61        |
|    learning_rate        | 0.0003      |
|    loss                 | 1.72e+03    |
|    n_updates            | 1930        |
|    policy_gradient_loss | 0.00351     |
|    std                  | 0.586       |
|    value_loss           | 1.53e+03    |
-----------------------------------------
----------------------------------------
| rollout/                |            |
|    ep_len_mean          | 49.8       |
|    ep_rew_mean          | 270        |
| time/                   |            |
|    fps                  | 190        |
|    iterations           | 195        |
|    time_elapsed         | 4187       |
|    total_timesteps      | 798720     |
| train/                  |            |
|    approx_kl            | 0.14368102 |
|    clip_fraction        | 0.32       |
|    clip_range           | 0.2        |
|    entropy_loss         | -3.53      |
|    explained_variance   | 0.296      |
|    learning_rate        | 0.0003     |
|    loss                 | 3.05e+03   |
|    n_updates            | 1940       |
|    policy_gradient_loss | 0.00427    |
|    std                  | 0.585      |
|    value_loss           | 1.82e+03   |
----------------------------------------
Eval num_timesteps=800000, episode_reward=371.93 +/- 25.93
Episode length: 45.20 +/- 2.23
----------------------------------------
| eval/                   |            |
|    mean_ep_length       | 45.2       |
|    mean_reward          | 372        |
| time/                   |            |
|    total_timesteps      | 800000     |
| train/                  |            |
|    approx_kl            | 0.07829919 |
|    clip_fraction        | 0.446      |
|    clip_range           | 0.2        |
|    entropy_loss         | -3.53      |
|    explained_variance   | 0.359      |
|    learning_rate        | 0.0003     |
|    loss                 | 66.7       |
|    n_updates            | 1950       |
|    policy_gradient_loss | 0.0361     |
|    std                  | 0.585      |
|    value_loss           | 2.51e+03   |
----------------------------------------
---------------------------------
| rollout/           |          |
|    ep_len_mean     | 50.7     |
|    ep_rew_mean     | 248      |
| time/              |          |
|    fps             | 190      |
|    iterations      | 196      |
|    time_elapsed    | 4208     |
|    total_timesteps | 802816   |
---------------------------------
------------------------------------------
| rollout/                |              |
|    ep_len_mean          | 50           |
|    ep_rew_mean          | 229          |
| time/                   |              |
|    fps                  | 190          |
|    iterations           | 197          |
|    time_elapsed         | 4228         |
|    total_timesteps      | 806912       |
| train/                  |              |
|    approx_kl            | 0.0067865793 |
|    clip_fraction        | 0.0746       |
|    clip_range           | 0.2          |
|    entropy_loss         | -3.52        |
|    explained_variance   | 0.0892       |
|    learning_rate        | 0.0003       |
|    loss                 | 448          |
|    n_updates            | 1960         |
|    policy_gradient_loss | -0.00534     |
|    std                  | 0.586        |
|    value_loss           | 3.52e+03     |
------------------------------------------
-----------------------------------------
| rollout/                |             |
|    ep_len_mean          | 49.6        |
|    ep_rew_mean          | 276         |
| time/                   |             |
|    fps                  | 191         |
|    iterations           | 198         |
|    time_elapsed         | 4245        |
|    total_timesteps      | 811008      |
| train/                  |             |
|    approx_kl            | 0.004712061 |
|    clip_fraction        | 0.0225      |
|    clip_range           | 0.2         |
|    entropy_loss         | -3.52       |
|    explained_variance   | 0.198       |
|    learning_rate        | 0.0003      |
|    loss                 | 396         |
|    n_updates            | 1970        |
|    policy_gradient_loss | -0.00406    |
|    std                  | 0.585       |
|    value_loss           | 2.95e+03    |
-----------------------------------------
-----------------------------------------
| rollout/                |             |
|    ep_len_mean          | 48.5        |
|    ep_rew_mean          | 293         |
| time/                   |             |
|    fps                  | 191         |
|    iterations           | 199         |
|    time_elapsed         | 4265        |
|    total_timesteps      | 815104      |
| train/                  |             |
|    approx_kl            | 0.011115497 |
|    clip_fraction        | 0.0617      |
|    clip_range           | 0.2         |
|    entropy_loss         | -3.52       |
|    explained_variance   | 0.342       |
|    learning_rate        | 0.0003      |
|    loss                 | 174         |
|    n_updates            | 1980        |
|    policy_gradient_loss | -0.00599    |
|    std                  | 0.585       |
|    value_loss           | 2.41e+03    |
-----------------------------------------
----------------------------------------
| rollout/                |            |
|    ep_len_mean          | 49.3       |
|    ep_rew_mean          | 318        |
| time/                   |            |
|    fps                  | 191        |
|    iterations           | 200        |
|    time_elapsed         | 4286       |
|    total_timesteps      | 819200     |
| train/                  |            |
|    approx_kl            | 0.00850508 |
|    clip_fraction        | 0.0984     |
|    clip_range           | 0.2        |
|    entropy_loss         | -3.52      |
|    explained_variance   | 0.16       |
|    learning_rate        | 0.0003     |
|    loss                 | 249        |
|    n_updates            | 1990       |
|    policy_gradient_loss | -0.00763   |
|    std                  | 0.584      |
|    value_loss           | 2.18e+03   |
----------------------------------------
Eval num_timesteps=820000, episode_reward=415.74 +/- 32.87
Episode length: 48.00 +/- 3.35
-----------------------------------------
| eval/                   |             |
|    mean_ep_length       | 48          |
|    mean_reward          | 416         |
| time/                   |             |
|    total_timesteps      | 820000      |
| train/                  |             |
|    approx_kl            | 0.019569512 |
|    clip_fraction        | 0.157       |
|    clip_range           | 0.2         |
|    entropy_loss         | -3.51       |
|    explained_variance   | 0.206       |
|    learning_rate        | 0.0003      |
|    loss                 | 300         |
|    n_updates            | 2000        |
|    policy_gradient_loss | -0.00287    |
|    std                  | 0.581       |
|    value_loss           | 1.67e+03    |
-----------------------------------------
---------------------------------
| rollout/           |          |
|    ep_len_mean     | 48.1     |
|    ep_rew_mean     | 318      |
| time/              |          |
|    fps             | 191      |
|    iterations      | 201      |
|    time_elapsed    | 4307     |
|    total_timesteps | 823296   |
---------------------------------
---------------------------------------
| rollout/                |           |
|    ep_len_mean          | 45.9      |
|    ep_rew_mean          | 77.1      |
| time/                   |           |
|    fps                  | 191       |
|    iterations           | 202       |
|    time_elapsed         | 4327      |
|    total_timesteps      | 827392    |
| train/                  |           |
|    approx_kl            | 0.3865425 |
|    clip_fraction        | 0.268     |
|    clip_range           | 0.2       |
|    entropy_loss         | -3.49     |
|    explained_variance   | 0.412     |
|    learning_rate        | 0.0003    |
|    loss                 | 1.73e+03  |
|    n_updates            | 2010      |
|    policy_gradient_loss | 0.00948   |
|    std                  | 0.58      |
|    value_loss           | 1.48e+03  |
---------------------------------------
-----------------------------------------
| rollout/                |             |
|    ep_len_mean          | 44.1        |
|    ep_rew_mean          | 34.7        |
| time/                   |             |
|    fps                  | 191         |
|    iterations           | 203         |
|    time_elapsed         | 4345        |
|    total_timesteps      | 831488      |
| train/                  |             |
|    approx_kl            | 0.007031964 |
|    clip_fraction        | 0.102       |
|    clip_range           | 0.2         |
|    entropy_loss         | -3.49       |
|    explained_variance   | -0.0259     |
|    learning_rate        | 0.0003      |
|    loss                 | 888         |
|    n_updates            | 2020        |
|    policy_gradient_loss | -0.00429    |
|    std                  | 0.58        |
|    value_loss           | 2.45e+03    |
-----------------------------------------
-----------------------------------------
| rollout/                |             |
|    ep_len_mean          | 46.2        |
|    ep_rew_mean          | 37.6        |
| time/                   |             |
|    fps                  | 191         |
|    iterations           | 204         |
|    time_elapsed         | 4363        |
|    total_timesteps      | 835584      |
| train/                  |             |
|    approx_kl            | 0.047852695 |
|    clip_fraction        | 0.123       |
|    clip_range           | 0.2         |
|    entropy_loss         | -3.49       |
|    explained_variance   | 0.689       |
|    learning_rate        | 0.0003      |
|    loss                 | 78.2        |
|    n_updates            | 2030        |
|    policy_gradient_loss | -0.00668    |
|    std                  | 0.58        |
|    value_loss           | 827         |
-----------------------------------------
-----------------------------------------
| rollout/                |             |
|    ep_len_mean          | 46.8        |
|    ep_rew_mean          | 40.4        |
| time/                   |             |
|    fps                  | 191         |
|    iterations           | 205         |
|    time_elapsed         | 4383        |
|    total_timesteps      | 839680      |
| train/                  |             |
|    approx_kl            | 0.023995982 |
|    clip_fraction        | 0.194       |
|    clip_range           | 0.2         |
|    entropy_loss         | -3.49       |
|    explained_variance   | 0.577       |
|    learning_rate        | 0.0003      |
|    loss                 | 60.1        |
|    n_updates            | 2040        |
|    policy_gradient_loss | -0.00749    |
|    std                  | 0.579       |
|    value_loss           | 487         |
-----------------------------------------
Eval num_timesteps=840000, episode_reward=37.46 +/- 12.08
Episode length: 45.80 +/- 3.66
-----------------------------------------
| eval/                   |             |
|    mean_ep_length       | 45.8        |
|    mean_reward          | 37.5        |
| time/                   |             |
|    total_timesteps      | 840000      |
| train/                  |             |
|    approx_kl            | 0.034472115 |
|    clip_fraction        | 0.319       |
|    clip_range           | 0.2         |
|    entropy_loss         | -3.5        |
|    explained_variance   | 0.531       |
|    learning_rate        | 0.0003      |
|    loss                 | 3.71        |
|    n_updates            | 2050        |
|    policy_gradient_loss | -0.0137     |
|    std                  | 0.585       |
|    value_loss           | 131         |
-----------------------------------------
---------------------------------
| rollout/           |          |
|    ep_len_mean     | 44.3     |
|    ep_rew_mean     | 43.7     |
| time/              |          |
|    fps             | 191      |
|    iterations      | 206      |
|    time_elapsed    | 4405     |
|    total_timesteps | 843776   |
---------------------------------
----------------------------------------
| rollout/                |            |
|    ep_len_mean          | 44.6       |
|    ep_rew_mean          | 44         |
| time/                   |            |
|    fps                  | 191        |
|    iterations           | 207        |
|    time_elapsed         | 4426       |
|    total_timesteps      | 847872     |
| train/                  |            |
|    approx_kl            | 0.04849158 |
|    clip_fraction        | 0.435      |
|    clip_range           | 0.2        |
|    entropy_loss         | -3.54      |
|    explained_variance   | 0.169      |
|    learning_rate        | 0.0003     |
|    loss                 | 6.04       |
|    n_updates            | 2060       |
|    policy_gradient_loss | 0.00286    |
|    std                  | 0.59       |
|    value_loss           | 428        |
----------------------------------------
---------------------------------------
| rollout/                |           |
|    ep_len_mean          | 42.3      |
|    ep_rew_mean          | 37.7      |
| time/                   |           |
|    fps                  | 191       |
|    iterations           | 208       |
|    time_elapsed         | 4446      |
|    total_timesteps      | 851968    |
| train/                  |           |
|    approx_kl            | 0.1399903 |
|    clip_fraction        | 0.628     |
|    clip_range           | 0.2       |
|    entropy_loss         | -3.58     |
|    explained_variance   | 0.186     |
|    learning_rate        | 0.0003    |
|    loss                 | 5.27      |
|    n_updates            | 2070      |
|    policy_gradient_loss | 0.0482    |
|    std                  | 0.596     |
|    value_loss           | 401       |
---------------------------------------
----------------------------------------
| rollout/                |            |
|    ep_len_mean          | 41.8       |
|    ep_rew_mean          | 51.9       |
| time/                   |            |
|    fps                  | 191        |
|    iterations           | 209        |
|    time_elapsed         | 4459       |
|    total_timesteps      | 856064     |
| train/                  |            |
|    approx_kl            | 0.06709599 |
|    clip_fraction        | 0.339      |
|    clip_range           | 0.2        |
|    entropy_loss         | -3.59      |
|    explained_variance   | 0.558      |
|    learning_rate        | 0.0003     |
|    loss                 | 5.47       |
|    n_updates            | 2080       |
|    policy_gradient_loss | -0.0119    |
|    std                  | 0.593      |
|    value_loss           | 152        |
----------------------------------------
Eval num_timesteps=860000, episode_reward=28.03 +/- 16.94
Episode length: 34.00 +/- 12.85
----------------------------------------
| eval/                   |            |
|    mean_ep_length       | 34         |
|    mean_reward          | 28         |
| time/                   |            |
|    total_timesteps      | 860000     |
| train/                  |            |
|    approx_kl            | 0.07986258 |
|    clip_fraction        | 0.299      |
|    clip_range           | 0.2        |
|    entropy_loss         | -3.57      |
|    explained_variance   | 0.0733     |
|    learning_rate        | 0.0003     |
|    loss                 | 4.07       |
|    n_updates            | 2090       |
|    policy_gradient_loss | -0.00425   |
|    std                  | 0.591      |
|    value_loss           | 592        |
----------------------------------------
---------------------------------
| rollout/           |          |
|    ep_len_mean     | 40       |
|    ep_rew_mean     | 50.7     |
| time/              |          |
|    fps             | 192      |
|    iterations      | 210      |
|    time_elapsed    | 4473     |
|    total_timesteps | 860160   |
---------------------------------
-----------------------------------------
| rollout/                |             |
|    ep_len_mean          | 38.5        |
|    ep_rew_mean          | 46.8        |
| time/                   |             |
|    fps                  | 192         |
|    iterations           | 211         |
|    time_elapsed         | 4492        |
|    total_timesteps      | 864256      |
| train/                  |             |
|    approx_kl            | 0.029781153 |
|    clip_fraction        | 0.327       |
|    clip_range           | 0.2         |
|    entropy_loss         | -3.56       |
|    explained_variance   | 0.583       |
|    learning_rate        | 0.0003      |
|    loss                 | 5.96        |
|    n_updates            | 2100        |
|    policy_gradient_loss | -0.00601    |
|    std                  | 0.59        |
|    value_loss           | 361         |
-----------------------------------------
-----------------------------------------
| rollout/                |             |
|    ep_len_mean          | 38.4        |
|    ep_rew_mean          | 49.7        |
| time/                   |             |
|    fps                  | 192         |
|    iterations           | 212         |
|    time_elapsed         | 4506        |
|    total_timesteps      | 868352      |
| train/                  |             |
|    approx_kl            | 0.008810717 |
|    clip_fraction        | 0.102       |
|    clip_range           | 0.2         |
|    entropy_loss         | -3.56       |
|    explained_variance   | 0.224       |
|    learning_rate        | 0.0003      |
|    loss                 | 87.3        |
|    n_updates            | 2110        |
|    policy_gradient_loss | -0.00966    |
|    std                  | 0.591       |
|    value_loss           | 764         |
-----------------------------------------
-----------------------------------------
| rollout/                |             |
|    ep_len_mean          | 38.5        |
|    ep_rew_mean          | 48.6        |
| time/                   |             |
|    fps                  | 192         |
|    iterations           | 213         |
|    time_elapsed         | 4526        |
|    total_timesteps      | 872448      |
| train/                  |             |
|    approx_kl            | 0.011159215 |
|    clip_fraction        | 0.134       |
|    clip_range           | 0.2         |
|    entropy_loss         | -3.56       |
|    explained_variance   | 0.445       |
|    learning_rate        | 0.0003      |
|    loss                 | 39.8        |
|    n_updates            | 2120        |
|    policy_gradient_loss | -0.0116     |
|    std                  | 0.59        |
|    value_loss           | 653         |
-----------------------------------------
----------------------------------------
| rollout/                |            |
|    ep_len_mean          | 40.1       |
|    ep_rew_mean          | 47.7       |
| time/                   |            |
|    fps                  | 192        |
|    iterations           | 214        |
|    time_elapsed         | 4545       |
|    total_timesteps      | 876544     |
| train/                  |            |
|    approx_kl            | 0.01591437 |
|    clip_fraction        | 0.201      |
|    clip_range           | 0.2        |
|    entropy_loss         | -3.56      |
|    explained_variance   | 0.579      |
|    learning_rate        | 0.0003     |
|    loss                 | 20.6       |
|    n_updates            | 2130       |
|    policy_gradient_loss | -0.00722   |
|    std                  | 0.591      |
|    value_loss           | 485        |
----------------------------------------
Eval num_timesteps=880000, episode_reward=104.96 +/- 133.16
Episode length: 40.00 +/- 5.37
-----------------------------------------
| eval/                   |             |
|    mean_ep_length       | 40          |
|    mean_reward          | 105         |
| time/                   |             |
|    total_timesteps      | 880000      |
| train/                  |             |
|    approx_kl            | 0.019190261 |
|    clip_fraction        | 0.165       |
|    clip_range           | 0.2         |
|    entropy_loss         | -3.56       |
|    explained_variance   | 0.454       |
|    learning_rate        | 0.0003      |
|    loss                 | 53.9        |
|    n_updates            | 2140        |
|    policy_gradient_loss | -0.0128     |
|    std                  | 0.589       |
|    value_loss           | 451         |
-----------------------------------------
---------------------------------
| rollout/           |          |
|    ep_len_mean     | 39.1     |
|    ep_rew_mean     | 60.3     |
| time/              |          |
|    fps             | 192      |
|    iterations      | 215      |
|    time_elapsed    | 4564     |
|    total_timesteps | 880640   |
---------------------------------
-----------------------------------------
| rollout/                |             |
|    ep_len_mean          | 36.9        |
|    ep_rew_mean          | 56.4        |
| time/                   |             |
|    fps                  | 192         |
|    iterations           | 216         |
|    time_elapsed         | 4584        |
|    total_timesteps      | 884736      |
| train/                  |             |
|    approx_kl            | 0.013929505 |
|    clip_fraction        | 0.129       |
|    clip_range           | 0.2         |
|    entropy_loss         | -3.55       |
|    explained_variance   | 0.691       |
|    learning_rate        | 0.0003      |
|    loss                 | 94.8        |
|    n_updates            | 2150        |
|    policy_gradient_loss | -0.0125     |
|    std                  | 0.589       |
|    value_loss           | 372         |
-----------------------------------------
----------------------------------------
| rollout/                |            |
|    ep_len_mean          | 41.8       |
|    ep_rew_mean          | 64.5       |
| time/                   |            |
|    fps                  | 193        |
|    iterations           | 217        |
|    time_elapsed         | 4603       |
|    total_timesteps      | 888832     |
| train/                  |            |
|    approx_kl            | 0.00967909 |
|    clip_fraction        | 0.0872     |
|    clip_range           | 0.2        |
|    entropy_loss         | -3.55      |
|    explained_variance   | 0.706      |
|    learning_rate        | 0.0003     |
|    loss                 | 146        |
|    n_updates            | 2160       |
|    policy_gradient_loss | -0.00834   |
|    std                  | 0.588      |
|    value_loss           | 509        |
----------------------------------------
------------------------------------------
| rollout/                |              |
|    ep_len_mean          | 41.2         |
|    ep_rew_mean          | 68.9         |
| time/                   |              |
|    fps                  | 193          |
|    iterations           | 218          |
|    time_elapsed         | 4622         |
|    total_timesteps      | 892928       |
| train/                  |              |
|    approx_kl            | 0.0089390725 |
|    clip_fraction        | 0.0719       |
|    clip_range           | 0.2          |
|    entropy_loss         | -3.54        |
|    explained_variance   | 0.72         |
|    learning_rate        | 0.0003       |
|    loss                 | 29.3         |
|    n_updates            | 2170         |
|    policy_gradient_loss | -0.0099      |
|    std                  | 0.588        |
|    value_loss           | 470          |
------------------------------------------
-----------------------------------------
| rollout/                |             |
|    ep_len_mean          | 42.5        |
|    ep_rew_mean          | 75.8        |
| time/                   |             |
|    fps                  | 193         |
|    iterations           | 219         |
|    time_elapsed         | 4639        |
|    total_timesteps      | 897024      |
| train/                  |             |
|    approx_kl            | 0.010751806 |
|    clip_fraction        | 0.0926      |
|    clip_range           | 0.2         |
|    entropy_loss         | -3.54       |
|    explained_variance   | 0.756       |
|    learning_rate        | 0.0003      |
|    loss                 | 851         |
|    n_updates            | 2180        |
|    policy_gradient_loss | -0.0119     |
|    std                  | 0.588       |
|    value_loss           | 705         |
-----------------------------------------
Eval num_timesteps=900000, episode_reward=30.39 +/- 16.29
Episode length: 39.00 +/- 7.51
-----------------------------------------
| eval/                   |             |
|    mean_ep_length       | 39          |
|    mean_reward          | 30.4        |
| time/                   |             |
|    total_timesteps      | 900000      |
| train/                  |             |
|    approx_kl            | 0.004556234 |
|    clip_fraction        | 0.0285      |
|    clip_range           | 0.2         |
|    entropy_loss         | -3.54       |
|    explained_variance   | 0.622       |
|    learning_rate        | 0.0003      |
|    loss                 | 585         |
|    n_updates            | 2190        |
|    policy_gradient_loss | -0.00713    |
|    std                  | 0.587       |
|    value_loss           | 961         |
-----------------------------------------
---------------------------------
| rollout/           |          |
|    ep_len_mean     | 41.7     |
|    ep_rew_mean     | 74.9     |
| time/              |          |
|    fps             | 193      |
|    iterations      | 220      |
|    time_elapsed    | 4653     |
|    total_timesteps | 901120   |
---------------------------------
------------------------------------------
| rollout/                |              |
|    ep_len_mean          | 41.4         |
|    ep_rew_mean          | 70           |
| time/                   |              |
|    fps                  | 193          |
|    iterations           | 221          |
|    time_elapsed         | 4670         |
|    total_timesteps      | 905216       |
| train/                  |              |
|    approx_kl            | 0.0093195215 |
|    clip_fraction        | 0.0611       |
|    clip_range           | 0.2          |
|    entropy_loss         | -3.54        |
|    explained_variance   | 0.71         |
|    learning_rate        | 0.0003       |
|    loss                 | 1.47e+03     |
|    n_updates            | 2200         |
|    policy_gradient_loss | -0.00946     |
|    std                  | 0.586        |
|    value_loss           | 837          |
------------------------------------------
------------------------------------------
| rollout/                |              |
|    ep_len_mean          | 40.6         |
|    ep_rew_mean          | 77.1         |
| time/                   |              |
|    fps                  | 193          |
|    iterations           | 222          |
|    time_elapsed         | 4690         |
|    total_timesteps      | 909312       |
| train/                  |              |
|    approx_kl            | 0.0086061675 |
|    clip_fraction        | 0.063        |
|    clip_range           | 0.2          |
|    entropy_loss         | -3.53        |
|    explained_variance   | 0.816        |
|    learning_rate        | 0.0003       |
|    loss                 | 222          |
|    n_updates            | 2210         |
|    policy_gradient_loss | -0.00959     |
|    std                  | 0.586        |
|    value_loss           | 543          |
------------------------------------------
-----------------------------------------
| rollout/                |             |
|    ep_len_mean          | 41.2        |
|    ep_rew_mean          | 76.6        |
| time/                   |             |
|    fps                  | 193         |
|    iterations           | 223         |
|    time_elapsed         | 4711        |
|    total_timesteps      | 913408      |
| train/                  |             |
|    approx_kl            | 0.007009695 |
|    clip_fraction        | 0.0677      |
|    clip_range           | 0.2         |
|    entropy_loss         | -3.53       |
|    explained_variance   | 0.602       |
|    learning_rate        | 0.0003      |
|    loss                 | 106         |
|    n_updates            | 2220        |
|    policy_gradient_loss | -0.00944    |
|    std                  | 0.585       |
|    value_loss           | 892         |
-----------------------------------------
-----------------------------------------
| rollout/                |             |
|    ep_len_mean          | 40.4        |
|    ep_rew_mean          | 86.8        |
| time/                   |             |
|    fps                  | 194         |
|    iterations           | 224         |
|    time_elapsed         | 4724        |
|    total_timesteps      | 917504      |
| train/                  |             |
|    approx_kl            | 0.009651744 |
|    clip_fraction        | 0.0647      |
|    clip_range           | 0.2         |
|    entropy_loss         | -3.52       |
|    explained_variance   | 0.687       |
|    learning_rate        | 0.0003      |
|    loss                 | 246         |
|    n_updates            | 2230        |
|    policy_gradient_loss | -0.00931    |
|    std                  | 0.584       |
|    value_loss           | 1.04e+03    |
-----------------------------------------
Eval num_timesteps=920000, episode_reward=90.09 +/- 136.16
Episode length: 34.00 +/- 10.41
------------------------------------------
| eval/                   |              |
|    mean_ep_length       | 34           |
|    mean_reward          | 90.1         |
| time/                   |              |
|    total_timesteps      | 920000       |
| train/                  |              |
|    approx_kl            | 0.0072077326 |
|    clip_fraction        | 0.054        |
|    clip_range           | 0.2          |
|    entropy_loss         | -3.51        |
|    explained_variance   | 0.789        |
|    learning_rate        | 0.0003       |
|    loss                 | 116          |
|    n_updates            | 2240         |
|    policy_gradient_loss | -0.0109      |
|    std                  | 0.583        |
|    value_loss           | 583          |
------------------------------------------
---------------------------------
| rollout/           |          |
|    ep_len_mean     | 38.2     |
|    ep_rew_mean     | 81.7     |
| time/              |          |
|    fps             | 194      |
|    iterations      | 225      |
|    time_elapsed    | 4738     |
|    total_timesteps | 921600   |
---------------------------------
-----------------------------------------
| rollout/                |             |
|    ep_len_mean          | 38.5        |
|    ep_rew_mean          | 76.2        |
| time/                   |             |
|    fps                  | 194         |
|    iterations           | 226         |
|    time_elapsed         | 4759        |
|    total_timesteps      | 925696      |
| train/                  |             |
|    approx_kl            | 0.008415412 |
|    clip_fraction        | 0.0782      |
|    clip_range           | 0.2         |
|    entropy_loss         | -3.51       |
|    explained_variance   | 0.654       |
|    learning_rate        | 0.0003      |
|    loss                 | 112         |
|    n_updates            | 2250        |
|    policy_gradient_loss | -0.00982    |
|    std                  | 0.583       |
|    value_loss           | 1.04e+03    |
-----------------------------------------
-----------------------------------------
| rollout/                |             |
|    ep_len_mean          | 40.8        |
|    ep_rew_mean          | 94.9        |
| time/                   |             |
|    fps                  | 194         |
|    iterations           | 227         |
|    time_elapsed         | 4780        |
|    total_timesteps      | 929792      |
| train/                  |             |
|    approx_kl            | 0.011026399 |
|    clip_fraction        | 0.0882      |
|    clip_range           | 0.2         |
|    entropy_loss         | -3.5        |
|    explained_variance   | 0.67        |
|    learning_rate        | 0.0003      |
|    loss                 | 108         |
|    n_updates            | 2260        |
|    policy_gradient_loss | -0.0122     |
|    std                  | 0.582       |
|    value_loss           | 763         |
-----------------------------------------
------------------------------------------
| rollout/                |              |
|    ep_len_mean          | 42.7         |
|    ep_rew_mean          | 120          |
| time/                   |              |
|    fps                  | 194          |
|    iterations           | 228          |
|    time_elapsed         | 4801         |
|    total_timesteps      | 933888       |
| train/                  |              |
|    approx_kl            | 0.0099776685 |
|    clip_fraction        | 0.0868       |
|    clip_range           | 0.2          |
|    entropy_loss         | -3.5         |
|    explained_variance   | 0.626        |
|    learning_rate        | 0.0003       |
|    loss                 | 63.7         |
|    n_updates            | 2270         |
|    policy_gradient_loss | -0.0106      |
|    std                  | 0.582        |
|    value_loss           | 1.02e+03     |
------------------------------------------
-----------------------------------------
| rollout/                |             |
|    ep_len_mean          | 38.8        |
|    ep_rew_mean          | 111         |
| time/                   |             |
|    fps                  | 194         |
|    iterations           | 229         |
|    time_elapsed         | 4823        |
|    total_timesteps      | 937984      |
| train/                  |             |
|    approx_kl            | 0.007843546 |
|    clip_fraction        | 0.0589      |
|    clip_range           | 0.2         |
|    entropy_loss         | -3.5        |
|    explained_variance   | 0.491       |
|    learning_rate        | 0.0003      |
|    loss                 | 107         |
|    n_updates            | 2280        |
|    policy_gradient_loss | -0.00886    |
|    std                  | 0.581       |
|    value_loss           | 1.4e+03     |
-----------------------------------------
Eval num_timesteps=940000, episode_reward=26.37 +/- 12.12
Episode length: 35.20 +/- 14.51
----------------------------------------
| eval/                   |            |
|    mean_ep_length       | 35.2       |
|    mean_reward          | 26.4       |
| time/                   |            |
|    total_timesteps      | 940000     |
| train/                  |            |
|    approx_kl            | 0.01092034 |
|    clip_fraction        | 0.0929     |
|    clip_range           | 0.2        |
|    entropy_loss         | -3.5       |
|    explained_variance   | 0.594      |
|    learning_rate        | 0.0003     |
|    loss                 | 101        |
|    n_updates            | 2290       |
|    policy_gradient_loss | -0.0101    |
|    std                  | 0.581      |
|    value_loss           | 937        |
----------------------------------------
---------------------------------
| rollout/           |          |
|    ep_len_mean     | 38.8     |
|    ep_rew_mean     | 111      |
| time/              |          |
|    fps             | 194      |
|    iterations      | 230      |
|    time_elapsed    | 4844     |
|    total_timesteps | 942080   |
---------------------------------
-----------------------------------------
| rollout/                |             |
|    ep_len_mean          | 38.3        |
|    ep_rew_mean          | 104         |
| time/                   |             |
|    fps                  | 194         |
|    iterations           | 231         |
|    time_elapsed         | 4864        |
|    total_timesteps      | 946176      |
| train/                  |             |
|    approx_kl            | 0.013917266 |
|    clip_fraction        | 0.0917      |
|    clip_range           | 0.2         |
|    entropy_loss         | -3.49       |
|    explained_variance   | 0.567       |
|    learning_rate        | 0.0003      |
|    loss                 | 133         |
|    n_updates            | 2300        |
|    policy_gradient_loss | -0.011      |
|    std                  | 0.58        |
|    value_loss           | 1.01e+03    |
-----------------------------------------
-----------------------------------------
| rollout/                |             |
|    ep_len_mean          | 37.1        |
|    ep_rew_mean          | 109         |
| time/                   |             |
|    fps                  | 194         |
|    iterations           | 232         |
|    time_elapsed         | 4877        |
|    total_timesteps      | 950272      |
| train/                  |             |
|    approx_kl            | 0.009400668 |
|    clip_fraction        | 0.0813      |
|    clip_range           | 0.2         |
|    entropy_loss         | -3.48       |
|    explained_variance   | 0.505       |
|    learning_rate        | 0.0003      |
|    loss                 | 68.2        |
|    n_updates            | 2310        |
|    policy_gradient_loss | -0.00978    |
|    std                  | 0.578       |
|    value_loss           | 887         |
-----------------------------------------
----------------------------------------
| rollout/                |            |
|    ep_len_mean          | 38.6       |
|    ep_rew_mean          | 110        |
| time/                   |            |
|    fps                  | 194        |
|    iterations           | 233        |
|    time_elapsed         | 4898       |
|    total_timesteps      | 954368     |
| train/                  |            |
|    approx_kl            | 0.00997328 |
|    clip_fraction        | 0.105      |
|    clip_range           | 0.2        |
|    entropy_loss         | -3.47      |
|    explained_variance   | 0.331      |
|    learning_rate        | 0.0003     |
|    loss                 | 232        |
|    n_updates            | 2320       |
|    policy_gradient_loss | -0.00983   |
|    std                  | 0.576      |
|    value_loss           | 943        |
----------------------------------------
-----------------------------------------
| rollout/                |             |
|    ep_len_mean          | 39.6        |
|    ep_rew_mean          | 115         |
| time/                   |             |
|    fps                  | 195         |
|    iterations           | 234         |
|    time_elapsed         | 4911        |
|    total_timesteps      | 958464      |
| train/                  |             |
|    approx_kl            | 0.007905203 |
|    clip_fraction        | 0.0625      |
|    clip_range           | 0.2         |
|    entropy_loss         | -3.46       |
|    explained_variance   | 0.309       |
|    learning_rate        | 0.0003      |
|    loss                 | 54.1        |
|    n_updates            | 2330        |
|    policy_gradient_loss | -0.00953    |
|    std                  | 0.575       |
|    value_loss           | 1.28e+03    |
-----------------------------------------
Eval num_timesteps=960000, episode_reward=36.42 +/- 11.74
Episode length: 34.20 +/- 6.62
-----------------------------------------
| eval/                   |             |
|    mean_ep_length       | 34.2        |
|    mean_reward          | 36.4        |
| time/                   |             |
|    total_timesteps      | 960000      |
| train/                  |             |
|    approx_kl            | 0.010029467 |
|    clip_fraction        | 0.119       |
|    clip_range           | 0.2         |
|    entropy_loss         | -3.45       |
|    explained_variance   | 0.387       |
|    learning_rate        | 0.0003      |
|    loss                 | 421         |
|    n_updates            | 2340        |
|    policy_gradient_loss | -0.00875    |
|    std                  | 0.575       |
|    value_loss           | 1.31e+03    |
-----------------------------------------
---------------------------------
| rollout/           |          |
|    ep_len_mean     | 38.8     |
|    ep_rew_mean     | 113      |
| time/              |          |
|    fps             | 195      |
|    iterations      | 235      |
|    time_elapsed    | 4933     |
|    total_timesteps | 962560   |
---------------------------------
-----------------------------------------
| rollout/                |             |
|    ep_len_mean          | 40.5        |
|    ep_rew_mean          | 121         |
| time/                   |             |
|    fps                  | 195         |
|    iterations           | 236         |
|    time_elapsed         | 4946        |
|    total_timesteps      | 966656      |
| train/                  |             |
|    approx_kl            | 0.018575583 |
|    clip_fraction        | 0.0971      |
|    clip_range           | 0.2         |
|    entropy_loss         | -3.45       |
|    explained_variance   | 0.425       |
|    learning_rate        | 0.0003      |
|    loss                 | 350         |
|    n_updates            | 2350        |
|    policy_gradient_loss | -0.00811    |
|    std                  | 0.575       |
|    value_loss           | 1.02e+03    |
-----------------------------------------
-----------------------------------------
| rollout/                |             |
|    ep_len_mean          | 40.1        |
|    ep_rew_mean          | 133         |
| time/                   |             |
|    fps                  | 195         |
|    iterations           | 237         |
|    time_elapsed         | 4960        |
|    total_timesteps      | 970752      |
| train/                  |             |
|    approx_kl            | 0.010313617 |
|    clip_fraction        | 0.138       |
|    clip_range           | 0.2         |
|    entropy_loss         | -3.44       |
|    explained_variance   | 0.133       |
|    learning_rate        | 0.0003      |
|    loss                 | 95.8        |
|    n_updates            | 2360        |
|    policy_gradient_loss | -0.0044     |
|    std                  | 0.573       |
|    value_loss           | 1.5e+03     |
-----------------------------------------
----------------------------------------
| rollout/                |            |
|    ep_len_mean          | 39.1       |
|    ep_rew_mean          | 138        |
| time/                   |            |
|    fps                  | 195        |
|    iterations           | 238        |
|    time_elapsed         | 4974       |
|    total_timesteps      | 974848     |
| train/                  |            |
|    approx_kl            | 0.01091989 |
|    clip_fraction        | 0.0867     |
|    clip_range           | 0.2        |
|    entropy_loss         | -3.44      |
|    explained_variance   | 0.113      |
|    learning_rate        | 0.0003     |
|    loss                 | 332        |
|    n_updates            | 2370       |
|    policy_gradient_loss | -0.00893   |
|    std                  | 0.573      |
|    value_loss           | 1.19e+03   |
----------------------------------------
-----------------------------------------
| rollout/                |             |
|    ep_len_mean          | 40.1        |
|    ep_rew_mean          | 133         |
| time/                   |             |
|    fps                  | 195         |
|    iterations           | 239         |
|    time_elapsed         | 4995        |
|    total_timesteps      | 978944      |
| train/                  |             |
|    approx_kl            | 0.016574703 |
|    clip_fraction        | 0.116       |
|    clip_range           | 0.2         |
|    entropy_loss         | -3.44       |
|    explained_variance   | 0.433       |
|    learning_rate        | 0.0003      |
|    loss                 | 314         |
|    n_updates            | 2380        |
|    policy_gradient_loss | -0.00947    |
|    std                  | 0.573       |
|    value_loss           | 851         |
-----------------------------------------
Eval num_timesteps=980000, episode_reward=104.00 +/- 151.52
Episode length: 34.60 +/- 11.84
-----------------------------------------
| eval/                   |             |
|    mean_ep_length       | 34.6        |
|    mean_reward          | 104         |
| time/                   |             |
|    total_timesteps      | 980000      |
| train/                  |             |
|    approx_kl            | 0.022844898 |
|    clip_fraction        | 0.132       |
|    clip_range           | 0.2         |
|    entropy_loss         | -3.43       |
|    explained_variance   | 0.234       |
|    learning_rate        | 0.0003      |
|    loss                 | 103         |
|    n_updates            | 2390        |
|    policy_gradient_loss | -0.0139     |
|    std                  | 0.573       |
|    value_loss           | 1.46e+03    |
-----------------------------------------
---------------------------------
| rollout/           |          |
|    ep_len_mean     | 39       |
|    ep_rew_mean     | 121      |
| time/              |          |
|    fps             | 195      |
|    iterations      | 240      |
|    time_elapsed    | 5017     |
|    total_timesteps | 983040   |
---------------------------------
-----------------------------------------
| rollout/                |             |
|    ep_len_mean          | 41.5        |
|    ep_rew_mean          | 173         |
| time/                   |             |
|    fps                  | 196         |
|    iterations           | 241         |
|    time_elapsed         | 5035        |
|    total_timesteps      | 987136      |
| train/                  |             |
|    approx_kl            | 0.019515142 |
|    clip_fraction        | 0.167       |
|    clip_range           | 0.2         |
|    entropy_loss         | -3.43       |
|    explained_variance   | 0.625       |
|    learning_rate        | 0.0003      |
|    loss                 | 42.6        |
|    n_updates            | 2400        |
|    policy_gradient_loss | -0.00948    |
|    std                  | 0.57        |
|    value_loss           | 544         |
-----------------------------------------
-----------------------------------------
| rollout/                |             |
|    ep_len_mean          | 38.6        |
|    ep_rew_mean          | 135         |
| time/                   |             |
|    fps                  | 196         |
|    iterations           | 242         |
|    time_elapsed         | 5056        |
|    total_timesteps      | 991232      |
| train/                  |             |
|    approx_kl            | 0.050200548 |
|    clip_fraction        | 0.298       |
|    clip_range           | 0.2         |
|    entropy_loss         | -3.4        |
|    explained_variance   | 0.33        |
|    learning_rate        | 0.0003      |
|    loss                 | 102         |
|    n_updates            | 2410        |
|    policy_gradient_loss | -0.000581   |
|    std                  | 0.565       |
|    value_loss           | 1.15e+03    |
-----------------------------------------
----------------------------------------
| rollout/                |            |
|    ep_len_mean          | 39         |
|    ep_rew_mean          | 129        |
| time/                   |            |
|    fps                  | 195        |
|    iterations           | 243        |
|    time_elapsed         | 5078       |
|    total_timesteps      | 995328     |
| train/                  |            |
|    approx_kl            | 0.04829072 |
|    clip_fraction        | 0.247      |
|    clip_range           | 0.2        |
|    entropy_loss         | -3.38      |
|    explained_variance   | 0.408      |
|    learning_rate        | 0.0003     |
|    loss                 | 107        |
|    n_updates            | 2420       |
|    policy_gradient_loss | -0.00211   |
|    std                  | 0.564      |
|    value_loss           | 1.31e+03   |
----------------------------------------
-----------------------------------------
| rollout/                |             |
|    ep_len_mean          | 42.3        |
|    ep_rew_mean          | 192         |
| time/                   |             |
|    fps                  | 196         |
|    iterations           | 244         |
|    time_elapsed         | 5098        |
|    total_timesteps      | 999424      |
| train/                  |             |
|    approx_kl            | 0.028034013 |
|    clip_fraction        | 0.204       |
|    clip_range           | 0.2         |
|    entropy_loss         | -3.37       |
|    explained_variance   | 0.478       |
|    learning_rate        | 0.0003      |
|    loss                 | 1.02e+03    |
|    n_updates            | 2430        |
|    policy_gradient_loss | -0.00724    |
|    std                  | 0.563       |
|    value_loss           | 750         |
-----------------------------------------
Eval num_timesteps=1000000, episode_reward=178.03 +/- 180.96
Episode length: 42.00 +/- 16.07
----------------------------------------
| eval/                   |            |
|    mean_ep_length       | 42         |
|    mean_reward          | 178        |
| time/                   |            |
|    total_timesteps      | 1000000    |
| train/                  |            |
|    approx_kl            | 0.14326487 |
|    clip_fraction        | 0.405      |
|    clip_range           | 0.2        |
|    entropy_loss         | -3.38      |
|    explained_variance   | 0.46       |
|    learning_rate        | 0.0003     |
|    loss                 | 173        |
|    n_updates            | 2440       |
|    policy_gradient_loss | 0.0156     |
|    std                  | 0.568      |
|    value_loss           | 1.01e+03   |
----------------------------------------
---------------------------------
| rollout/           |          |
|    ep_len_mean     | 39.2     |
|    ep_rew_mean     | 156      |
| time/              |          |
|    fps             | 195      |
|    iterations      | 245      |
|    time_elapsed    | 5120     |
|    total_timesteps | 1003520  |
---------------------------------
-----------------------------------------
| rollout/                |             |
|    ep_len_mean          | 40.1        |
|    ep_rew_mean          | 160         |
| time/                   |             |
|    fps                  | 195         |
|    iterations           | 246         |
|    time_elapsed         | 5141        |
|    total_timesteps      | 1007616     |
| train/                  |             |
|    approx_kl            | 0.015243791 |
|    clip_fraction        | 0.372       |
|    clip_range           | 0.2         |
|    entropy_loss         | -3.41       |
|    explained_variance   | 0.326       |
|    learning_rate        | 0.0003      |
|    loss                 | 54.1        |
|    n_updates            | 2450        |
|    policy_gradient_loss | 0.0193      |
|    std                  | 0.569       |
|    value_loss           | 1.26e+03    |
-----------------------------------------
-----------------------------------------
| rollout/                |             |
|    ep_len_mean          | 40.2        |
|    ep_rew_mean          | 121         |
| time/                   |             |
|    fps                  | 196         |
|    iterations           | 247         |
|    time_elapsed         | 5161        |
|    total_timesteps      | 1011712     |
| train/                  |             |
|    approx_kl            | 0.036726467 |
|    clip_fraction        | 0.236       |
|    clip_range           | 0.2         |
|    entropy_loss         | -3.4        |
|    explained_variance   | 0.458       |
|    learning_rate        | 0.0003      |
|    loss                 | 59.4        |
|    n_updates            | 2460        |
|    policy_gradient_loss | 0.000514    |
|    std                  | 0.566       |
|    value_loss           | 843         |
-----------------------------------------
----------------------------------------
| rollout/                |            |
|    ep_len_mean          | 39.9       |
|    ep_rew_mean          | 113        |
| time/                   |            |
|    fps                  | 196        |
|    iterations           | 248        |
|    time_elapsed         | 5181       |
|    total_timesteps      | 1015808    |
| train/                  |            |
|    approx_kl            | 0.36075622 |
|    clip_fraction        | 0.338      |
|    clip_range           | 0.2        |
|    entropy_loss         | -3.4       |
|    explained_variance   | 0.244      |
|    learning_rate        | 0.0003     |
|    loss                 | 126        |
|    n_updates            | 2470       |
|    policy_gradient_loss | 0.0395     |
|    std                  | 0.57       |
|    value_loss           | 1.7e+03    |
----------------------------------------
-----------------------------------------
| rollout/                |             |
|    ep_len_mean          | 40.4        |
|    ep_rew_mean          | 123         |
| time/                   |             |
|    fps                  | 196         |
|    iterations           | 249         |
|    time_elapsed         | 5202        |
|    total_timesteps      | 1019904     |
| train/                  |             |
|    approx_kl            | 0.007466436 |
|    clip_fraction        | 0.176       |
|    clip_range           | 0.2         |
|    entropy_loss         | -3.42       |
|    explained_variance   | 0.383       |
|    learning_rate        | 0.0003      |
|    loss                 | 504         |
|    n_updates            | 2480        |
|    policy_gradient_loss | 0.0044      |
|    std                  | 0.57        |
|    value_loss           | 1.97e+03    |
-----------------------------------------
Eval num_timesteps=1020000, episode_reward=172.72 +/- 183.33
Episode length: 36.60 +/- 20.60
-----------------------------------------
| eval/                   |             |
|    mean_ep_length       | 36.6        |
|    mean_reward          | 173         |
| time/                   |             |
|    total_timesteps      | 1020000     |
| train/                  |             |
|    approx_kl            | 0.005082677 |
|    clip_fraction        | 0.0156      |
|    clip_range           | 0.2         |
|    entropy_loss         | -3.42       |
|    explained_variance   | 0.374       |
|    learning_rate        | 0.0003      |
|    loss                 | 3.18e+03    |
|    n_updates            | 2490        |
|    policy_gradient_loss | -0.0045     |
|    std                  | 0.57        |
|    value_loss           | 2.21e+03    |
-----------------------------------------
---------------------------------
| rollout/           |          |
|    ep_len_mean     | 42.1     |
|    ep_rew_mean     | 122      |
| time/              |          |
|    fps             | 196      |
|    iterations      | 250      |
|    time_elapsed    | 5223     |
|    total_timesteps | 1024000  |
---------------------------------
-----------------------------------------
| rollout/                |             |
|    ep_len_mean          | 42.5        |
|    ep_rew_mean          | 112         |
| time/                   |             |
|    fps                  | 196         |
|    iterations           | 251         |
|    time_elapsed         | 5243        |
|    total_timesteps      | 1028096     |
| train/                  |             |
|    approx_kl            | 0.005978111 |
|    clip_fraction        | 0.0337      |
|    clip_range           | 0.2         |
|    entropy_loss         | -3.42       |
|    explained_variance   | 0.485       |
|    learning_rate        | 0.0003      |
|    loss                 | 197         |
|    n_updates            | 2500        |
|    policy_gradient_loss | -0.00713    |
|    std                  | 0.57        |
|    value_loss           | 2.03e+03    |
-----------------------------------------
------------------------------------------
| rollout/                |              |
|    ep_len_mean          | 46           |
|    ep_rew_mean          | 145          |
| time/                   |              |
|    fps                  | 196          |
|    iterations           | 252          |
|    time_elapsed         | 5257         |
|    total_timesteps      | 1032192      |
| train/                  |              |
|    approx_kl            | 0.0059761824 |
|    clip_fraction        | 0.0369       |
|    clip_range           | 0.2          |
|    entropy_loss         | -3.42        |
|    explained_variance   | 0.407        |
|    learning_rate        | 0.0003       |
|    loss                 | 1e+03        |
|    n_updates            | 2510         |
|    policy_gradient_loss | -0.00684     |
|    std                  | 0.57         |
|    value_loss           | 2.62e+03     |
------------------------------------------
------------------------------------------
| rollout/                |              |
|    ep_len_mean          | 43.2         |
|    ep_rew_mean          | 176          |
| time/                   |              |
|    fps                  | 196          |
|    iterations           | 253          |
|    time_elapsed         | 5278         |
|    total_timesteps      | 1036288      |
| train/                  |              |
|    approx_kl            | 0.0055357236 |
|    clip_fraction        | 0.0294       |
|    clip_range           | 0.2          |
|    entropy_loss         | -3.42        |
|    explained_variance   | 0.418        |
|    learning_rate        | 0.0003       |
|    loss                 | 451          |
|    n_updates            | 2520         |
|    policy_gradient_loss | -0.00544     |
|    std                  | 0.57         |
|    value_loss           | 2.14e+03     |
------------------------------------------
Eval num_timesteps=1040000, episode_reward=93.69 +/- 144.21
Episode length: 35.00 +/- 15.94
-----------------------------------------
| eval/                   |             |
|    mean_ep_length       | 35          |
|    mean_reward          | 93.7        |
| time/                   |             |
|    total_timesteps      | 1040000     |
| train/                  |             |
|    approx_kl            | 0.005786804 |
|    clip_fraction        | 0.0221      |
|    clip_range           | 0.2         |
|    entropy_loss         | -3.41       |
|    explained_variance   | 0.429       |
|    learning_rate        | 0.0003      |
|    loss                 | 316         |
|    n_updates            | 2530        |
|    policy_gradient_loss | -0.00458    |
|    std                  | 0.569       |
|    value_loss           | 2.21e+03    |
-----------------------------------------
---------------------------------
| rollout/           |          |
|    ep_len_mean     | 44.4     |
|    ep_rew_mean     | 178      |
| time/              |          |
|    fps             | 196      |
|    iterations      | 254      |
|    time_elapsed    | 5298     |
|    total_timesteps | 1040384  |
---------------------------------
------------------------------------------
| rollout/                |              |
|    ep_len_mean          | 42.2         |
|    ep_rew_mean          | 166          |
| time/                   |              |
|    fps                  | 196          |
|    iterations           | 255          |
|    time_elapsed         | 5319         |
|    total_timesteps      | 1044480      |
| train/                  |              |
|    approx_kl            | 0.0069158636 |
|    clip_fraction        | 0.0435       |
|    clip_range           | 0.2          |
|    entropy_loss         | -3.41        |
|    explained_variance   | 0.388        |
|    learning_rate        | 0.0003       |
|    loss                 | 323          |
|    n_updates            | 2540         |
|    policy_gradient_loss | -0.00712     |
|    std                  | 0.568        |
|    value_loss           | 1.87e+03     |
------------------------------------------
------------------------------------------
| rollout/                |              |
|    ep_len_mean          | 45.3         |
|    ep_rew_mean          | 194          |
| time/                   |              |
|    fps                  | 196          |
|    iterations           | 256          |
|    time_elapsed         | 5341         |
|    total_timesteps      | 1048576      |
| train/                  |              |
|    approx_kl            | 0.0066249035 |
|    clip_fraction        | 0.0487       |
|    clip_range           | 0.2          |
|    entropy_loss         | -3.4         |
|    explained_variance   | 0.45         |
|    learning_rate        | 0.0003       |
|    loss                 | 233          |
|    n_updates            | 2550         |
|    policy_gradient_loss | -0.00744     |
|    std                  | 0.568        |
|    value_loss           | 2.01e+03     |
------------------------------------------
-----------------------------------------
| rollout/                |             |
|    ep_len_mean          | 46.2        |
|    ep_rew_mean          | 231         |
| time/                   |             |
|    fps                  | 196         |
|    iterations           | 257         |
|    time_elapsed         | 5362        |
|    total_timesteps      | 1052672     |
| train/                  |             |
|    approx_kl            | 0.006357898 |
|    clip_fraction        | 0.0375      |
|    clip_range           | 0.2         |
|    entropy_loss         | -3.4        |
|    explained_variance   | 0.483       |
|    learning_rate        | 0.0003      |
|    loss                 | 1.64e+03    |
|    n_updates            | 2560        |
|    policy_gradient_loss | -0.00731    |
|    std                  | 0.568       |
|    value_loss           | 1.93e+03    |
-----------------------------------------
-----------------------------------------
| rollout/                |             |
|    ep_len_mean          | 44.9        |
|    ep_rew_mean          | 246         |
| time/                   |             |
|    fps                  | 196         |
|    iterations           | 258         |
|    time_elapsed         | 5375        |
|    total_timesteps      | 1056768     |
| train/                  |             |
|    approx_kl            | 0.010906171 |
|    clip_fraction        | 0.0923      |
|    clip_range           | 0.2         |
|    entropy_loss         | -3.4        |
|    explained_variance   | 0.475       |
|    learning_rate        | 0.0003      |
|    loss                 | 1.28e+03    |
|    n_updates            | 2570        |
|    policy_gradient_loss | -0.00441    |
|    std                  | 0.567       |
|    value_loss           | 2.23e+03    |
-----------------------------------------
Eval num_timesteps=1060000, episode_reward=406.16 +/- 23.68
Episode length: 50.60 +/- 2.24
-----------------------------------------
| eval/                   |             |
|    mean_ep_length       | 50.6        |
|    mean_reward          | 406         |
| time/                   |             |
|    total_timesteps      | 1060000     |
| train/                  |             |
|    approx_kl            | 0.009973761 |
|    clip_fraction        | 0.0636      |
|    clip_range           | 0.2         |
|    entropy_loss         | -3.4        |
|    explained_variance   | 0.528       |
|    learning_rate        | 0.0003      |
|    loss                 | 581         |
|    n_updates            | 2580        |
|    policy_gradient_loss | -0.00661    |
|    std                  | 0.567       |
|    value_loss           | 1.74e+03    |
-----------------------------------------
---------------------------------
| rollout/           |          |
|    ep_len_mean     | 47.5     |
|    ep_rew_mean     | 292      |
| time/              |          |
|    fps             | 196      |
|    iterations      | 259      |
|    time_elapsed    | 5396     |
|    total_timesteps | 1060864  |
---------------------------------
-----------------------------------------
| rollout/                |             |
|    ep_len_mean          | 47.9        |
|    ep_rew_mean          | 305         |
| time/                   |             |
|    fps                  | 196         |
|    iterations           | 260         |
|    time_elapsed         | 5415        |
|    total_timesteps      | 1064960     |
| train/                  |             |
|    approx_kl            | 0.014069287 |
|    clip_fraction        | 0.144       |
|    clip_range           | 0.2         |
|    entropy_loss         | -3.39       |
|    explained_variance   | 0.575       |
|    learning_rate        | 0.0003      |
|    loss                 | 558         |
|    n_updates            | 2590        |
|    policy_gradient_loss | -0.00955    |
|    std                  | 0.565       |
|    value_loss           | 1.12e+03    |
-----------------------------------------
----------------------------------------
| rollout/                |            |
|    ep_len_mean          | 46.8       |
|    ep_rew_mean          | 272        |
| time/                   |            |
|    fps                  | 196        |
|    iterations           | 261        |
|    time_elapsed         | 5436       |
|    total_timesteps      | 1069056    |
| train/                  |            |
|    approx_kl            | 0.02354315 |
|    clip_fraction        | 0.216      |
|    clip_range           | 0.2        |
|    entropy_loss         | -3.39      |
|    explained_variance   | 0.532      |
|    learning_rate        | 0.0003     |
|    loss                 | 48.8       |
|    n_updates            | 2600       |
|    policy_gradient_loss | -0.00857   |
|    std                  | 0.565      |
|    value_loss           | 886        |
----------------------------------------
----------------------------------------
| rollout/                |            |
|    ep_len_mean          | 50.3       |
|    ep_rew_mean          | 300        |
| time/                   |            |
|    fps                  | 196        |
|    iterations           | 262        |
|    time_elapsed         | 5450       |
|    total_timesteps      | 1073152    |
| train/                  |            |
|    approx_kl            | 0.03514129 |
|    clip_fraction        | 0.283      |
|    clip_range           | 0.2        |
|    entropy_loss         | -3.37      |
|    explained_variance   | 0.348      |
|    learning_rate        | 0.0003     |
|    loss                 | 13.6       |
|    n_updates            | 2610       |
|    policy_gradient_loss | -0.00132   |
|    std                  | 0.561      |
|    value_loss           | 1.67e+03   |
----------------------------------------
-----------------------------------------
| rollout/                |             |
|    ep_len_mean          | 48.4        |
|    ep_rew_mean          | 298         |
| time/                   |             |
|    fps                  | 197         |
|    iterations           | 263         |
|    time_elapsed         | 5468        |
|    total_timesteps      | 1077248     |
| train/                  |             |
|    approx_kl            | 0.041799635 |
|    clip_fraction        | 0.444       |
|    clip_range           | 0.2         |
|    entropy_loss         | -3.36       |
|    explained_variance   | 0.316       |
|    learning_rate        | 0.0003      |
|    loss                 | 75          |
|    n_updates            | 2620        |
|    policy_gradient_loss | 0.0247      |
|    std                  | 0.563       |
|    value_loss           | 1.48e+03    |
-----------------------------------------
Eval num_timesteps=1080000, episode_reward=398.81 +/- 12.88
Episode length: 52.20 +/- 1.33
-----------------------------------------
| eval/                   |             |
|    mean_ep_length       | 52.2        |
|    mean_reward          | 399         |
| time/                   |             |
|    total_timesteps      | 1080000     |
| train/                  |             |
|    approx_kl            | 0.017418768 |
|    clip_fraction        | 0.207       |
|    clip_range           | 0.2         |
|    entropy_loss         | -3.36       |
|    explained_variance   | 0.455       |
|    learning_rate        | 0.0003      |
|    loss                 | 219         |
|    n_updates            | 2630        |
|    policy_gradient_loss | -0.00392    |
|    std                  | 0.561       |
|    value_loss           | 1.01e+03    |
-----------------------------------------
---------------------------------
| rollout/           |          |
|    ep_len_mean     | 47.6     |
|    ep_rew_mean     | 312      |
| time/              |          |
|    fps             | 197      |
|    iterations      | 264      |
|    time_elapsed    | 5488     |
|    total_timesteps | 1081344  |
---------------------------------
-----------------------------------------
| rollout/                |             |
|    ep_len_mean          | 49.7        |
|    ep_rew_mean          | 330         |
| time/                   |             |
|    fps                  | 196         |
|    iterations           | 265         |
|    time_elapsed         | 5509        |
|    total_timesteps      | 1085440     |
| train/                  |             |
|    approx_kl            | 0.036611132 |
|    clip_fraction        | 0.2         |
|    clip_range           | 0.2         |
|    entropy_loss         | -3.34       |
|    explained_variance   | 0.399       |
|    learning_rate        | 0.0003      |
|    loss                 | 21.6        |
|    n_updates            | 2640        |
|    policy_gradient_loss | -0.0107     |
|    std                  | 0.557       |
|    value_loss           | 1.06e+03    |
-----------------------------------------
-----------------------------------------
| rollout/                |             |
|    ep_len_mean          | 48.9        |
|    ep_rew_mean          | 308         |
| time/                   |             |
|    fps                  | 196         |
|    iterations           | 266         |
|    time_elapsed         | 5530        |
|    total_timesteps      | 1089536     |
| train/                  |             |
|    approx_kl            | 0.035216264 |
|    clip_fraction        | 0.397       |
|    clip_range           | 0.2         |
|    entropy_loss         | -3.33       |
|    explained_variance   | 0.669       |
|    learning_rate        | 0.0003      |
|    loss                 | 106         |
|    n_updates            | 2650        |
|    policy_gradient_loss | 0.0065      |
|    std                  | 0.557       |
|    value_loss           | 627         |
-----------------------------------------
-----------------------------------------
| rollout/                |             |
|    ep_len_mean          | 49.3        |
|    ep_rew_mean          | 305         |
| time/                   |             |
|    fps                  | 196         |
|    iterations           | 267         |
|    time_elapsed         | 5552        |
|    total_timesteps      | 1093632     |
| train/                  |             |
|    approx_kl            | 0.048319057 |
|    clip_fraction        | 0.292       |
|    clip_range           | 0.2         |
|    entropy_loss         | -3.33       |
|    explained_variance   | 0.368       |
|    learning_rate        | 0.0003      |
|    loss                 | 1.65e+03    |
|    n_updates            | 2660        |
|    policy_gradient_loss | -0.00482    |
|    std                  | 0.557       |
|    value_loss           | 1.69e+03    |
-----------------------------------------
-----------------------------------------
| rollout/                |             |
|    ep_len_mean          | 49.4        |
|    ep_rew_mean          | 301         |
| time/                   |             |
|    fps                  | 196         |
|    iterations           | 268         |
|    time_elapsed         | 5573        |
|    total_timesteps      | 1097728     |
| train/                  |             |
|    approx_kl            | 0.018487908 |
|    clip_fraction        | 0.251       |
|    clip_range           | 0.2         |
|    entropy_loss         | -3.31       |
|    explained_variance   | 0.437       |
|    learning_rate        | 0.0003      |
|    loss                 | 1.67e+03    |
|    n_updates            | 2670        |
|    policy_gradient_loss | -0.00607    |
|    std                  | 0.554       |
|    value_loss           | 1.38e+03    |
-----------------------------------------
Eval num_timesteps=1100000, episode_reward=329.77 +/- 146.67
Episode length: 52.00 +/- 4.94
----------------------------------------
| eval/                   |            |
|    mean_ep_length       | 52         |
|    mean_reward          | 330        |
| time/                   |            |
|    total_timesteps      | 1100000    |
| train/                  |            |
|    approx_kl            | 0.08236364 |
|    clip_fraction        | 0.252      |
|    clip_range           | 0.2        |
|    entropy_loss         | -3.31      |
|    explained_variance   | 0.452      |
|    learning_rate        | 0.0003     |
|    loss                 | 37.1       |
|    n_updates            | 2680       |
|    policy_gradient_loss | -0.00289   |
|    std                  | 0.555      |
|    value_loss           | 1.08e+03   |
----------------------------------------
---------------------------------
| rollout/           |          |
|    ep_len_mean     | 50       |
|    ep_rew_mean     | 317      |
| time/              |          |
|    fps             | 196      |
|    iterations      | 269      |
|    time_elapsed    | 5595     |
|    total_timesteps | 1101824  |
---------------------------------
-----------------------------------------
| rollout/                |             |
|    ep_len_mean          | 51.3        |
|    ep_rew_mean          | 329         |
| time/                   |             |
|    fps                  | 197         |
|    iterations           | 270         |
|    time_elapsed         | 5609        |
|    total_timesteps      | 1105920     |
| train/                  |             |
|    approx_kl            | 0.031182945 |
|    clip_fraction        | 0.304       |
|    clip_range           | 0.2         |
|    entropy_loss         | -3.31       |
|    explained_variance   | 0.355       |
|    learning_rate        | 0.0003      |
|    loss                 | 22          |
|    n_updates            | 2690        |
|    policy_gradient_loss | -0.00757    |
|    std                  | 0.554       |
|    value_loss           | 1.01e+03    |
-----------------------------------------
-----------------------------------------
| rollout/                |             |
|    ep_len_mean          | 51.3        |
|    ep_rew_mean          | 308         |
| time/                   |             |
|    fps                  | 197         |
|    iterations           | 271         |
|    time_elapsed         | 5628        |
|    total_timesteps      | 1110016     |
| train/                  |             |
|    approx_kl            | 0.042104706 |
|    clip_fraction        | 0.252       |
|    clip_range           | 0.2         |
|    entropy_loss         | -3.3        |
|    explained_variance   | 0.204       |
|    learning_rate        | 0.0003      |
|    loss                 | 63.5        |
|    n_updates            | 2700        |
|    policy_gradient_loss | -0.00629    |
|    std                  | 0.552       |
|    value_loss           | 1.41e+03    |
-----------------------------------------
-----------------------------------------
| rollout/                |             |
|    ep_len_mean          | 50.2        |
|    ep_rew_mean          | 326         |
| time/                   |             |
|    fps                  | 197         |
|    iterations           | 272         |
|    time_elapsed         | 5650        |
|    total_timesteps      | 1114112     |
| train/                  |             |
|    approx_kl            | 0.008318919 |
|    clip_fraction        | 0.18        |
|    clip_range           | 0.2         |
|    entropy_loss         | -3.29       |
|    explained_variance   | 0.133       |
|    learning_rate        | 0.0003      |
|    loss                 | 142         |
|    n_updates            | 2710        |
|    policy_gradient_loss | -0.00161    |
|    std                  | 0.552       |
|    value_loss           | 2.56e+03    |
-----------------------------------------
-----------------------------------------
| rollout/                |             |
|    ep_len_mean          | 51          |
|    ep_rew_mean          | 348         |
| time/                   |             |
|    fps                  | 197         |
|    iterations           | 273         |
|    time_elapsed         | 5664        |
|    total_timesteps      | 1118208     |
| train/                  |             |
|    approx_kl            | 0.036843076 |
|    clip_fraction        | 0.355       |
|    clip_range           | 0.2         |
|    entropy_loss         | -3.29       |
|    explained_variance   | 0.316       |
|    learning_rate        | 0.0003      |
|    loss                 | 83.5        |
|    n_updates            | 2720        |
|    policy_gradient_loss | -0.000907   |
|    std                  | 0.552       |
|    value_loss           | 1e+03       |
-----------------------------------------
Eval num_timesteps=1120000, episode_reward=341.41 +/- 156.86
Episode length: 53.80 +/- 4.96
-----------------------------------------
| eval/                   |             |
|    mean_ep_length       | 53.8        |
|    mean_reward          | 341         |
| time/                   |             |
|    total_timesteps      | 1120000     |
| train/                  |             |
|    approx_kl            | 0.030094203 |
|    clip_fraction        | 0.224       |
|    clip_range           | 0.2         |
|    entropy_loss         | -3.27       |
|    explained_variance   | 0.511       |
|    learning_rate        | 0.0003      |
|    loss                 | 77          |
|    n_updates            | 2730        |
|    policy_gradient_loss | -0.0129     |
|    std                  | 0.547       |
|    value_loss           | 392         |
-----------------------------------------
---------------------------------
| rollout/           |          |
|    ep_len_mean     | 50.4     |
|    ep_rew_mean     | 326      |
| time/              |          |
|    fps             | 197      |
|    iterations      | 274      |
|    time_elapsed    | 5685     |
|    total_timesteps | 1122304  |
---------------------------------
-----------------------------------------
| rollout/                |             |
|    ep_len_mean          | 48.1        |
|    ep_rew_mean          | 277         |
| time/                   |             |
|    fps                  | 197         |
|    iterations           | 275         |
|    time_elapsed         | 5706        |
|    total_timesteps      | 1126400     |
| train/                  |             |
|    approx_kl            | 0.022316484 |
|    clip_fraction        | 0.198       |
|    clip_range           | 0.2         |
|    entropy_loss         | -3.25       |
|    explained_variance   | 0.223       |
|    learning_rate        | 0.0003      |
|    loss                 | 900         |
|    n_updates            | 2740        |
|    policy_gradient_loss | -0.0121     |
|    std                  | 0.546       |
|    value_loss           | 1.6e+03     |
-----------------------------------------
-----------------------------------------
| rollout/                |             |
|    ep_len_mean          | 52.3        |
|    ep_rew_mean          | 329         |
| time/                   |             |
|    fps                  | 197         |
|    iterations           | 276         |
|    time_elapsed         | 5723        |
|    total_timesteps      | 1130496     |
| train/                  |             |
|    approx_kl            | 0.013639944 |
|    clip_fraction        | 0.153       |
|    clip_range           | 0.2         |
|    entropy_loss         | -3.24       |
|    explained_variance   | 0.339       |
|    learning_rate        | 0.0003      |
|    loss                 | 1.77e+03    |
|    n_updates            | 2750        |
|    policy_gradient_loss | -0.00976    |
|    std                  | 0.544       |
|    value_loss           | 1.6e+03     |
-----------------------------------------
-----------------------------------------
| rollout/                |             |
|    ep_len_mean          | 52          |
|    ep_rew_mean          | 365         |
| time/                   |             |
|    fps                  | 197         |
|    iterations           | 277         |
|    time_elapsed         | 5745        |
|    total_timesteps      | 1134592     |
| train/                  |             |
|    approx_kl            | 0.011683656 |
|    clip_fraction        | 0.156       |
|    clip_range           | 0.2         |
|    entropy_loss         | -3.22       |
|    explained_variance   | 0.361       |
|    learning_rate        | 0.0003      |
|    loss                 | 17.6        |
|    n_updates            | 2760        |
|    policy_gradient_loss | -0.00881    |
|    std                  | 0.542       |
|    value_loss           | 1.58e+03    |
-----------------------------------------
-----------------------------------------
| rollout/                |             |
|    ep_len_mean          | 50.2        |
|    ep_rew_mean          | 333         |
| time/                   |             |
|    fps                  | 197         |
|    iterations           | 278         |
|    time_elapsed         | 5766        |
|    total_timesteps      | 1138688     |
| train/                  |             |
|    approx_kl            | 0.024617877 |
|    clip_fraction        | 0.218       |
|    clip_range           | 0.2         |
|    entropy_loss         | -3.21       |
|    explained_variance   | 0.362       |
|    learning_rate        | 0.0003      |
|    loss                 | 64.6        |
|    n_updates            | 2770        |
|    policy_gradient_loss | -0.00733    |
|    std                  | 0.54        |
|    value_loss           | 1.17e+03    |
-----------------------------------------
Eval num_timesteps=1140000, episode_reward=406.58 +/- 12.43
Episode length: 50.80 +/- 3.19
-----------------------------------------
| eval/                   |             |
|    mean_ep_length       | 50.8        |
|    mean_reward          | 407         |
| time/                   |             |
|    total_timesteps      | 1140000     |
| train/                  |             |
|    approx_kl            | 0.021796871 |
|    clip_fraction        | 0.166       |
|    clip_range           | 0.2         |
|    entropy_loss         | -3.2        |
|    explained_variance   | 0.493       |
|    learning_rate        | 0.0003      |
|    loss                 | 76.2        |
|    n_updates            | 2780        |
|    policy_gradient_loss | -0.00975    |
|    std                  | 0.54        |
|    value_loss           | 1.36e+03    |
-----------------------------------------
---------------------------------
| rollout/           |          |
|    ep_len_mean     | 48.4     |
|    ep_rew_mean     | 324      |
| time/              |          |
|    fps             | 197      |
|    iterations      | 279      |
|    time_elapsed    | 5788     |
|    total_timesteps | 1142784  |
---------------------------------
-----------------------------------------
| rollout/                |             |
|    ep_len_mean          | 50.5        |
|    ep_rew_mean          | 326         |
| time/                   |             |
|    fps                  | 197         |
|    iterations           | 280         |
|    time_elapsed         | 5802        |
|    total_timesteps      | 1146880     |
| train/                  |             |
|    approx_kl            | 0.042913847 |
|    clip_fraction        | 0.34        |
|    clip_range           | 0.2         |
|    entropy_loss         | -3.18       |
|    explained_variance   | 0.467       |
|    learning_rate        | 0.0003      |
|    loss                 | 11.5        |
|    n_updates            | 2790        |
|    policy_gradient_loss | -0.00546    |
|    std                  | 0.536       |
|    value_loss           | 746         |
-----------------------------------------
-----------------------------------------
| rollout/                |             |
|    ep_len_mean          | 47.6        |
|    ep_rew_mean          | 321         |
| time/                   |             |
|    fps                  | 197         |
|    iterations           | 281         |
|    time_elapsed         | 5816        |
|    total_timesteps      | 1150976     |
| train/                  |             |
|    approx_kl            | 0.022804266 |
|    clip_fraction        | 0.378       |
|    clip_range           | 0.2         |
|    entropy_loss         | -3.17       |
|    explained_variance   | 0.29        |
|    learning_rate        | 0.0003      |
|    loss                 | 51.8        |
|    n_updates            | 2800        |
|    policy_gradient_loss | 0.0227      |
|    std                  | 0.535       |
|    value_loss           | 1.77e+03    |
-----------------------------------------
----------------------------------------
| rollout/                |            |
|    ep_len_mean          | 48.6       |
|    ep_rew_mean          | 322        |
| time/                   |            |
|    fps                  | 197        |
|    iterations           | 282        |
|    time_elapsed         | 5835       |
|    total_timesteps      | 1155072    |
| train/                  |            |
|    approx_kl            | 0.02216396 |
|    clip_fraction        | 0.199      |
|    clip_range           | 0.2        |
|    entropy_loss         | -3.16      |
|    explained_variance   | 0.527      |
|    learning_rate        | 0.0003     |
|    loss                 | 87         |
|    n_updates            | 2810       |
|    policy_gradient_loss | -0.011     |
|    std                  | 0.533      |
|    value_loss           | 776        |
----------------------------------------
-----------------------------------------
| rollout/                |             |
|    ep_len_mean          | 50.3        |
|    ep_rew_mean          | 331         |
| time/                   |             |
|    fps                  | 198         |
|    iterations           | 283         |
|    time_elapsed         | 5851        |
|    total_timesteps      | 1159168     |
| train/                  |             |
|    approx_kl            | 0.022667848 |
|    clip_fraction        | 0.276       |
|    clip_range           | 0.2         |
|    entropy_loss         | -3.14       |
|    explained_variance   | 0.316       |
|    learning_rate        | 0.0003      |
|    loss                 | 40.9        |
|    n_updates            | 2820        |
|    policy_gradient_loss | -0.00374    |
|    std                  | 0.531       |
|    value_loss           | 1.55e+03    |
-----------------------------------------
Eval num_timesteps=1160000, episode_reward=344.59 +/- 167.61
Episode length: 47.20 +/- 10.30
-----------------------------------------
| eval/                   |             |
|    mean_ep_length       | 47.2        |
|    mean_reward          | 345         |
| time/                   |             |
|    total_timesteps      | 1160000     |
| train/                  |             |
|    approx_kl            | 0.014929894 |
|    clip_fraction        | 0.173       |
|    clip_range           | 0.2         |
|    entropy_loss         | -3.13       |
|    explained_variance   | 0.187       |
|    learning_rate        | 0.0003      |
|    loss                 | 53.1        |
|    n_updates            | 2830        |
|    policy_gradient_loss | -0.0118     |
|    std                  | 0.53        |
|    value_loss           | 1.46e+03    |
-----------------------------------------
---------------------------------
| rollout/           |          |
|    ep_len_mean     | 49.6     |
|    ep_rew_mean     | 340      |
| time/              |          |
|    fps             | 198      |
|    iterations      | 284      |
|    time_elapsed    | 5865     |
|    total_timesteps | 1163264  |
---------------------------------
----------------------------------------
| rollout/                |            |
|    ep_len_mean          | 50.7       |
|    ep_rew_mean          | 343        |
| time/                   |            |
|    fps                  | 198        |
|    iterations           | 285        |
|    time_elapsed         | 5878       |
|    total_timesteps      | 1167360    |
| train/                  |            |
|    approx_kl            | 0.06096171 |
|    clip_fraction        | 0.271      |
|    clip_range           | 0.2        |
|    entropy_loss         | -3.12      |
|    explained_variance   | 0.485      |
|    learning_rate        | 0.0003     |
|    loss                 | 28.9       |
|    n_updates            | 2840       |
|    policy_gradient_loss | -0.00902   |
|    std                  | 0.528      |
|    value_loss           | 795        |
----------------------------------------
-----------------------------------------
| rollout/                |             |
|    ep_len_mean          | 50.3        |
|    ep_rew_mean          | 360         |
| time/                   |             |
|    fps                  | 198         |
|    iterations           | 286         |
|    time_elapsed         | 5893        |
|    total_timesteps      | 1171456     |
| train/                  |             |
|    approx_kl            | 0.030986749 |
|    clip_fraction        | 0.367       |
|    clip_range           | 0.2         |
|    entropy_loss         | -3.11       |
|    explained_variance   | 0.368       |
|    learning_rate        | 0.0003      |
|    loss                 | 1.72e+03    |
|    n_updates            | 2850        |
|    policy_gradient_loss | -0.000452   |
|    std                  | 0.526       |
|    value_loss           | 1.06e+03    |
-----------------------------------------
---------------------------------------
| rollout/                |           |
|    ep_len_mean          | 46        |
|    ep_rew_mean          | 300       |
| time/                   |           |
|    fps                  | 198       |
|    iterations           | 287       |
|    time_elapsed         | 5914      |
|    total_timesteps      | 1175552   |
| train/                  |           |
|    approx_kl            | 0.1441792 |
|    clip_fraction        | 0.421     |
|    clip_range           | 0.2       |
|    entropy_loss         | -3.09     |
|    explained_variance   | 0.482     |
|    learning_rate        | 0.0003    |
|    loss                 | 48.3      |
|    n_updates            | 2860      |
|    policy_gradient_loss | 0.0119    |
|    std                  | 0.524     |
|    value_loss           | 739       |
---------------------------------------
-----------------------------------------
| rollout/                |             |
|    ep_len_mean          | 45.7        |
|    ep_rew_mean          | 289         |
| time/                   |             |
|    fps                  | 198         |
|    iterations           | 288         |
|    time_elapsed         | 5934        |
|    total_timesteps      | 1179648     |
| train/                  |             |
|    approx_kl            | 0.017450076 |
|    clip_fraction        | 0.152       |
|    clip_range           | 0.2         |
|    entropy_loss         | -3.08       |
|    explained_variance   | 0.0902      |
|    learning_rate        | 0.0003      |
|    loss                 | 14.4        |
|    n_updates            | 2870        |
|    policy_gradient_loss | -0.0107     |
|    std                  | 0.524       |
|    value_loss           | 2.09e+03    |
-----------------------------------------
Eval num_timesteps=1180000, episode_reward=264.69 +/- 170.89
Episode length: 49.00 +/- 3.22
-----------------------------------------
| eval/                   |             |
|    mean_ep_length       | 49          |
|    mean_reward          | 265         |
| time/                   |             |
|    total_timesteps      | 1180000     |
| train/                  |             |
|    approx_kl            | 0.024996456 |
|    clip_fraction        | 0.177       |
|    clip_range           | 0.2         |
|    entropy_loss         | -3.08       |
|    explained_variance   | 0.0943      |
|    learning_rate        | 0.0003      |
|    loss                 | 1.91e+03    |
|    n_updates            | 2880        |
|    policy_gradient_loss | -0.00138    |
|    std                  | 0.524       |
|    value_loss           | 2.02e+03    |
-----------------------------------------
---------------------------------
| rollout/           |          |
|    ep_len_mean     | 46.1     |
|    ep_rew_mean     | 253      |
| time/              |          |
|    fps             | 198      |
|    iterations      | 289      |
|    time_elapsed    | 5955     |
|    total_timesteps | 1183744  |
---------------------------------
------------------------------------------
| rollout/                |              |
|    ep_len_mean          | 44.7         |
|    ep_rew_mean          | 258          |
| time/                   |              |
|    fps                  | 198          |
|    iterations           | 290          |
|    time_elapsed         | 5975         |
|    total_timesteps      | 1187840      |
| train/                  |              |
|    approx_kl            | 0.0069869943 |
|    clip_fraction        | 0.0597       |
|    clip_range           | 0.2          |
|    entropy_loss         | -3.08        |
|    explained_variance   | 0.456        |
|    learning_rate        | 0.0003       |
|    loss                 | 129          |
|    n_updates            | 2890         |
|    policy_gradient_loss | -0.00684     |
|    std                  | 0.524        |
|    value_loss           | 2.06e+03     |
------------------------------------------
-----------------------------------------
| rollout/                |             |
|    ep_len_mean          | 46          |
|    ep_rew_mean          | 288         |
| time/                   |             |
|    fps                  | 198         |
|    iterations           | 291         |
|    time_elapsed         | 5995        |
|    total_timesteps      | 1191936     |
| train/                  |             |
|    approx_kl            | 0.007080893 |
|    clip_fraction        | 0.0723      |
|    clip_range           | 0.2         |
|    entropy_loss         | -3.08       |
|    explained_variance   | 0.485       |
|    learning_rate        | 0.0003      |
|    loss                 | 98.1        |
|    n_updates            | 2900        |
|    policy_gradient_loss | -0.00675    |
|    std                  | 0.524       |
|    value_loss           | 2.33e+03    |
-----------------------------------------
-----------------------------------------
| rollout/                |             |
|    ep_len_mean          | 46          |
|    ep_rew_mean          | 286         |
| time/                   |             |
|    fps                  | 198         |
|    iterations           | 292         |
|    time_elapsed         | 6011        |
|    total_timesteps      | 1196032     |
| train/                  |             |
|    approx_kl            | 0.009739386 |
|    clip_fraction        | 0.0795      |
|    clip_range           | 0.2         |
|    entropy_loss         | -3.08       |
|    explained_variance   | 0.38        |
|    learning_rate        | 0.0003      |
|    loss                 | 553         |
|    n_updates            | 2910        |
|    policy_gradient_loss | -0.00872    |
|    std                  | 0.523       |
|    value_loss           | 1.52e+03    |
-----------------------------------------
Eval num_timesteps=1200000, episode_reward=328.83 +/- 134.53
Episode length: 50.80 +/- 2.48
----------------------------------------
| eval/                   |            |
|    mean_ep_length       | 50.8       |
|    mean_reward          | 329        |
| time/                   |            |
|    total_timesteps      | 1200000    |
| train/                  |            |
|    approx_kl            | 0.02501358 |
|    clip_fraction        | 0.159      |
|    clip_range           | 0.2        |
|    entropy_loss         | -3.07      |
|    explained_variance   | 0.574      |
|    learning_rate        | 0.0003     |
|    loss                 | 167        |
|    n_updates            | 2920       |
|    policy_gradient_loss | -0.004     |
|    std                  | 0.523      |
|    value_loss           | 1.24e+03   |
----------------------------------------
---------------------------------
| rollout/           |          |
|    ep_len_mean     | 47.8     |
|    ep_rew_mean     | 281      |
| time/              |          |
|    fps             | 198      |
|    iterations      | 293      |
|    time_elapsed    | 6032     |
|    total_timesteps | 1200128  |
---------------------------------
-----------------------------------------
| rollout/                |             |
|    ep_len_mean          | 44.3        |
|    ep_rew_mean          | 251         |
| time/                   |             |
|    fps                  | 198         |
|    iterations           | 294         |
|    time_elapsed         | 6054        |
|    total_timesteps      | 1204224     |
| train/                  |             |
|    approx_kl            | 0.008057118 |
|    clip_fraction        | 0.0881      |
|    clip_range           | 0.2         |
|    entropy_loss         | -3.08       |
|    explained_variance   | 0.558       |
|    learning_rate        | 0.0003      |
|    loss                 | 179         |
|    n_updates            | 2930        |
|    policy_gradient_loss | -0.00717    |
|    std                  | 0.523       |
|    value_loss           | 1.91e+03    |
-----------------------------------------
-----------------------------------------
| rollout/                |             |
|    ep_len_mean          | 46.2        |
|    ep_rew_mean          | 291         |
| time/                   |             |
|    fps                  | 198         |
|    iterations           | 295         |
|    time_elapsed         | 6073        |
|    total_timesteps      | 1208320     |
| train/                  |             |
|    approx_kl            | 0.032892875 |
|    clip_fraction        | 0.132       |
|    clip_range           | 0.2         |
|    entropy_loss         | -3.08       |
|    explained_variance   | 0.586       |
|    learning_rate        | 0.0003      |
|    loss                 | 2.24e+03    |
|    n_updates            | 2940        |
|    policy_gradient_loss | -0.00642    |
|    std                  | 0.523       |
|    value_loss           | 1.97e+03    |
-----------------------------------------
-----------------------------------------
| rollout/                |             |
|    ep_len_mean          | 48.2        |
|    ep_rew_mean          | 311         |
| time/                   |             |
|    fps                  | 198         |
|    iterations           | 296         |
|    time_elapsed         | 6094        |
|    total_timesteps      | 1212416     |
| train/                  |             |
|    approx_kl            | 0.008971668 |
|    clip_fraction        | 0.0736      |
|    clip_range           | 0.2         |
|    entropy_loss         | -3.08       |
|    explained_variance   | 0.526       |
|    learning_rate        | 0.0003      |
|    loss                 | 108         |
|    n_updates            | 2950        |
|    policy_gradient_loss | -0.00685    |
|    std                  | 0.522       |
|    value_loss           | 1.7e+03     |
-----------------------------------------
------------------------------------------
| rollout/                |              |
|    ep_len_mean          | 47.7         |
|    ep_rew_mean          | 311          |
| time/                   |              |
|    fps                  | 198          |
|    iterations           | 297          |
|    time_elapsed         | 6114         |
|    total_timesteps      | 1216512      |
| train/                  |              |
|    approx_kl            | 0.0073406096 |
|    clip_fraction        | 0.0527       |
|    clip_range           | 0.2          |
|    entropy_loss         | -3.07        |
|    explained_variance   | 0.536        |
|    learning_rate        | 0.0003       |
|    loss                 | 963          |
|    n_updates            | 2960         |
|    policy_gradient_loss | -0.00722     |
|    std                  | 0.522        |
|    value_loss           | 1.82e+03     |
------------------------------------------
Eval num_timesteps=1220000, episode_reward=254.37 +/- 183.31
Episode length: 49.80 +/- 4.17
------------------------------------------
| eval/                   |              |
|    mean_ep_length       | 49.8         |
|    mean_reward          | 254          |
| time/                   |              |
|    total_timesteps      | 1220000      |
| train/                  |              |
|    approx_kl            | 0.0105220545 |
|    clip_fraction        | 0.0964       |
|    clip_range           | 0.2          |
|    entropy_loss         | -3.07        |
|    explained_variance   | 0.448        |
|    learning_rate        | 0.0003       |
|    loss                 | 1.82e+03     |
|    n_updates            | 2970         |
|    policy_gradient_loss | -0.0118      |
|    std                  | 0.523        |
|    value_loss           | 1.64e+03     |
------------------------------------------
---------------------------------
| rollout/           |          |
|    ep_len_mean     | 48.4     |
|    ep_rew_mean     | 317      |
| time/              |          |
|    fps             | 199      |
|    iterations      | 298      |
|    time_elapsed    | 6128     |
|    total_timesteps | 1220608  |
---------------------------------
----------------------------------------
| rollout/                |            |
|    ep_len_mean          | 50.4       |
|    ep_rew_mean          | 358        |
| time/                   |            |
|    fps                  | 199        |
|    iterations           | 299        |
|    time_elapsed         | 6148       |
|    total_timesteps      | 1224704    |
| train/                  |            |
|    approx_kl            | 0.02084577 |
|    clip_fraction        | 0.174      |
|    clip_range           | 0.2        |
|    entropy_loss         | -3.07      |
|    explained_variance   | 0.507      |
|    learning_rate        | 0.0003     |
|    loss                 | 2.01e+03   |
|    n_updates            | 2980       |
|    policy_gradient_loss | -0.013     |
|    std                  | 0.523      |
|    value_loss           | 1.41e+03   |
----------------------------------------
-----------------------------------------
| rollout/                |             |
|    ep_len_mean          | 49.8        |
|    ep_rew_mean          | 344         |
| time/                   |             |
|    fps                  | 199         |
|    iterations           | 300         |
|    time_elapsed         | 6169        |
|    total_timesteps      | 1228800     |
| train/                  |             |
|    approx_kl            | 0.057838168 |
|    clip_fraction        | 0.283       |
|    clip_range           | 0.2         |
|    entropy_loss         | -3.07       |
|    explained_variance   | 0.501       |
|    learning_rate        | 0.0003      |
|    loss                 | 251         |
|    n_updates            | 2990        |
|    policy_gradient_loss | -0.00279    |
|    std                  | 0.522       |
|    value_loss           | 1.12e+03    |
-----------------------------------------
-----------------------------------------
| rollout/                |             |
|    ep_len_mean          | 51.8        |
|    ep_rew_mean          | 371         |
| time/                   |             |
|    fps                  | 199         |
|    iterations           | 301         |
|    time_elapsed         | 6190        |
|    total_timesteps      | 1232896     |
| train/                  |             |
|    approx_kl            | 0.023501921 |
|    clip_fraction        | 0.225       |
|    clip_range           | 0.2         |
|    entropy_loss         | -3.06       |
|    explained_variance   | 0.357       |
|    learning_rate        | 0.0003      |
|    loss                 | 75.4        |
|    n_updates            | 3000        |
|    policy_gradient_loss | -0.0111     |
|    std                  | 0.521       |
|    value_loss           | 1.22e+03    |
-----------------------------------------
----------------------------------------
| rollout/                |            |
|    ep_len_mean          | 48.7       |
|    ep_rew_mean          | 325        |
| time/                   |            |
|    fps                  | 199        |
|    iterations           | 302        |
|    time_elapsed         | 6211       |
|    total_timesteps      | 1236992    |
| train/                  |            |
|    approx_kl            | 0.03922003 |
|    clip_fraction        | 0.334      |
|    clip_range           | 0.2        |
|    entropy_loss         | -3.04      |
|    explained_variance   | 0.444      |
|    learning_rate        | 0.0003     |
|    loss                 | 29.9       |
|    n_updates            | 3010       |
|    policy_gradient_loss | -0.00228   |
|    std                  | 0.518      |
|    value_loss           | 660        |
----------------------------------------
Eval num_timesteps=1240000, episode_reward=255.66 +/- 189.91
Episode length: 45.00 +/- 10.71
-----------------------------------------
| eval/                   |             |
|    mean_ep_length       | 45          |
|    mean_reward          | 256         |
| time/                   |             |
|    total_timesteps      | 1240000     |
| train/                  |             |
|    approx_kl            | 0.039091278 |
|    clip_fraction        | 0.301       |
|    clip_range           | 0.2         |
|    entropy_loss         | -3.04       |
|    explained_variance   | 0.198       |
|    learning_rate        | 0.0003      |
|    loss                 | 147         |
|    n_updates            | 3020        |
|    policy_gradient_loss | 0.00497     |
|    std                  | 0.518       |
|    value_loss           | 1.61e+03    |
-----------------------------------------
---------------------------------
| rollout/           |          |
|    ep_len_mean     | 49.4     |
|    ep_rew_mean     | 310      |
| time/              |          |
|    fps             | 199      |
|    iterations      | 303      |
|    time_elapsed    | 6224     |
|    total_timesteps | 1241088  |
---------------------------------
----------------------------------------
| rollout/                |            |
|    ep_len_mean          | 49.6       |
|    ep_rew_mean          | 322        |
| time/                   |            |
|    fps                  | 199        |
|    iterations           | 304        |
|    time_elapsed         | 6245       |
|    total_timesteps      | 1245184    |
| train/                  |            |
|    approx_kl            | 0.01801648 |
|    clip_fraction        | 0.214      |
|    clip_range           | 0.2        |
|    entropy_loss         | -3.04      |
|    explained_variance   | 0.0781     |
|    learning_rate        | 0.0003     |
|    loss                 | 985        |
|    n_updates            | 3030       |
|    policy_gradient_loss | -0.00104   |
|    std                  | 0.519      |
|    value_loss           | 1.77e+03   |
----------------------------------------
-----------------------------------------
| rollout/                |             |
|    ep_len_mean          | 48.3        |
|    ep_rew_mean          | 309         |
| time/                   |             |
|    fps                  | 199         |
|    iterations           | 305         |
|    time_elapsed         | 6267        |
|    total_timesteps      | 1249280     |
| train/                  |             |
|    approx_kl            | 0.048846286 |
|    clip_fraction        | 0.238       |
|    clip_range           | 0.2         |
|    entropy_loss         | -3.04       |
|    explained_variance   | 0.331       |
|    learning_rate        | 0.0003      |
|    loss                 | 171         |
|    n_updates            | 3040        |
|    policy_gradient_loss | -0.00555    |
|    std                  | 0.519       |
|    value_loss           | 1.23e+03    |
-----------------------------------------
-----------------------------------------
| rollout/                |             |
|    ep_len_mean          | 48.4        |
|    ep_rew_mean          | 297         |
| time/                   |             |
|    fps                  | 199         |
|    iterations           | 306         |
|    time_elapsed         | 6289        |
|    total_timesteps      | 1253376     |
| train/                  |             |
|    approx_kl            | 0.020120148 |
|    clip_fraction        | 0.189       |
|    clip_range           | 0.2         |
|    entropy_loss         | -3.05       |
|    explained_variance   | 0.437       |
|    learning_rate        | 0.0003      |
|    loss                 | 108         |
|    n_updates            | 3050        |
|    policy_gradient_loss | -0.00747    |
|    std                  | 0.518       |
|    value_loss           | 1.11e+03    |
-----------------------------------------
----------------------------------------
| rollout/                |            |
|    ep_len_mean          | 49         |
|    ep_rew_mean          | 284        |
| time/                   |            |
|    fps                  | 199        |
|    iterations           | 307        |
|    time_elapsed         | 6310       |
|    total_timesteps      | 1257472    |
| train/                  |            |
|    approx_kl            | 0.01053301 |
|    clip_fraction        | 0.093      |
|    clip_range           | 0.2        |
|    entropy_loss         | -3.04      |
|    explained_variance   | 0.238      |
|    learning_rate        | 0.0003     |
|    loss                 | 115        |
|    n_updates            | 3060       |
|    policy_gradient_loss | -0.0076    |
|    std                  | 0.518      |
|    value_loss           | 1.82e+03   |
----------------------------------------
Eval num_timesteps=1260000, episode_reward=346.06 +/- 150.23
Episode length: 53.60 +/- 2.58
-----------------------------------------
| eval/                   |             |
|    mean_ep_length       | 53.6        |
|    mean_reward          | 346         |
| time/                   |             |
|    total_timesteps      | 1260000     |
| train/                  |             |
|    approx_kl            | 0.016731273 |
|    clip_fraction        | 0.146       |
|    clip_range           | 0.2         |
|    entropy_loss         | -3.04       |
|    explained_variance   | 0.225       |
|    learning_rate        | 0.0003      |
|    loss                 | 113         |
|    n_updates            | 3070        |
|    policy_gradient_loss | -0.0084     |
|    std                  | 0.519       |
|    value_loss           | 1.56e+03    |
-----------------------------------------
---------------------------------
| rollout/           |          |
|    ep_len_mean     | 49.5     |
|    ep_rew_mean     | 308      |
| time/              |          |
|    fps             | 199      |
|    iterations      | 308      |
|    time_elapsed    | 6329     |
|    total_timesteps | 1261568  |
---------------------------------
-----------------------------------------
| rollout/                |             |
|    ep_len_mean          | 48.4        |
|    ep_rew_mean          | 311         |
| time/                   |             |
|    fps                  | 199         |
|    iterations           | 309         |
|    time_elapsed         | 6349        |
|    total_timesteps      | 1265664     |
| train/                  |             |
|    approx_kl            | 0.051147386 |
|    clip_fraction        | 0.201       |
|    clip_range           | 0.2         |
|    entropy_loss         | -3.04       |
|    explained_variance   | 0.29        |
|    learning_rate        | 0.0003      |
|    loss                 | 262         |
|    n_updates            | 3080        |
|    policy_gradient_loss | -0.00099    |
|    std                  | 0.517       |
|    value_loss           | 1.59e+03    |
-----------------------------------------
-----------------------------------------
| rollout/                |             |
|    ep_len_mean          | 50.8        |
|    ep_rew_mean          | 348         |
| time/                   |             |
|    fps                  | 199         |
|    iterations           | 310         |
|    time_elapsed         | 6362        |
|    total_timesteps      | 1269760     |
| train/                  |             |
|    approx_kl            | 0.023150615 |
|    clip_fraction        | 0.156       |
|    clip_range           | 0.2         |
|    entropy_loss         | -3.04       |
|    explained_variance   | 0.32        |
|    learning_rate        | 0.0003      |
|    loss                 | 2.11e+03    |
|    n_updates            | 3090        |
|    policy_gradient_loss | -0.0067     |
|    std                  | 0.517       |
|    value_loss           | 1.18e+03    |
-----------------------------------------
-----------------------------------------
| rollout/                |             |
|    ep_len_mean          | 49.3        |
|    ep_rew_mean          | 311         |
| time/                   |             |
|    fps                  | 199         |
|    iterations           | 311         |
|    time_elapsed         | 6376        |
|    total_timesteps      | 1273856     |
| train/                  |             |
|    approx_kl            | 0.058874227 |
|    clip_fraction        | 0.359       |
|    clip_range           | 0.2         |
|    entropy_loss         | -3.03       |
|    explained_variance   | 0.614       |
|    learning_rate        | 0.0003      |
|    loss                 | 28.9        |
|    n_updates            | 3100        |
|    policy_gradient_loss | 0.00247     |
|    std                  | 0.518       |
|    value_loss           | 825         |
-----------------------------------------
-----------------------------------------
| rollout/                |             |
|    ep_len_mean          | 49.8        |
|    ep_rew_mean          | 276         |
| time/                   |             |
|    fps                  | 199         |
|    iterations           | 312         |
|    time_elapsed         | 6391        |
|    total_timesteps      | 1277952     |
| train/                  |             |
|    approx_kl            | 0.045419805 |
|    clip_fraction        | 0.307       |
|    clip_range           | 0.2         |
|    entropy_loss         | -3.04       |
|    explained_variance   | 0.19        |
|    learning_rate        | 0.0003      |
|    loss                 | 1.22e+03    |
|    n_updates            | 3110        |
|    policy_gradient_loss | 0.013       |
|    std                  | 0.518       |
|    value_loss           | 2.03e+03    |
-----------------------------------------
Eval num_timesteps=1280000, episode_reward=279.31 +/- 168.93
Episode length: 53.80 +/- 2.32
------------------------------------------
| eval/                   |              |
|    mean_ep_length       | 53.8         |
|    mean_reward          | 279          |
| time/                   |              |
|    total_timesteps      | 1280000      |
| train/                  |              |
|    approx_kl            | 0.0045324243 |
|    clip_fraction        | 0.118        |
|    clip_range           | 0.2          |
|    entropy_loss         | -3.04        |
|    explained_variance   | 0.284        |
|    learning_rate        | 0.0003       |
|    loss                 | 57.2         |
|    n_updates            | 3120         |
|    policy_gradient_loss | 0.00375      |
|    std                  | 0.518        |
|    value_loss           | 2.83e+03     |
------------------------------------------
---------------------------------
| rollout/           |          |
|    ep_len_mean     | 50.8     |
|    ep_rew_mean     | 308      |
| time/              |          |
|    fps             | 200      |
|    iterations      | 313      |
|    time_elapsed    | 6407     |
|    total_timesteps | 1282048  |
---------------------------------
-----------------------------------------
| rollout/                |             |
|    ep_len_mean          | 52          |
|    ep_rew_mean          | 331         |
| time/                   |             |
|    fps                  | 200         |
|    iterations           | 314         |
|    time_elapsed         | 6428        |
|    total_timesteps      | 1286144     |
| train/                  |             |
|    approx_kl            | 0.009630887 |
|    clip_fraction        | 0.0669      |
|    clip_range           | 0.2         |
|    entropy_loss         | -3.04       |
|    explained_variance   | 0.375       |
|    learning_rate        | 0.0003      |
|    loss                 | 276         |
|    n_updates            | 3130        |
|    policy_gradient_loss | -0.00548    |
|    std                  | 0.518       |
|    value_loss           | 2.06e+03    |
-----------------------------------------
------------------------------------------
| rollout/                |              |
|    ep_len_mean          | 49.9         |
|    ep_rew_mean          | 294          |
| time/                   |              |
|    fps                  | 200          |
|    iterations           | 315          |
|    time_elapsed         | 6447         |
|    total_timesteps      | 1290240      |
| train/                  |              |
|    approx_kl            | 0.0128511805 |
|    clip_fraction        | 0.106        |
|    clip_range           | 0.2          |
|    entropy_loss         | -3.04        |
|    explained_variance   | 0.299        |
|    learning_rate        | 0.0003       |
|    loss                 | 47.7         |
|    n_updates            | 3140         |
|    policy_gradient_loss | -0.00993     |
|    std                  | 0.516        |
|    value_loss           | 1.55e+03     |
------------------------------------------
-----------------------------------------
| rollout/                |             |
|    ep_len_mean          | 50.9        |
|    ep_rew_mean          | 304         |
| time/                   |             |
|    fps                  | 200         |
|    iterations           | 316         |
|    time_elapsed         | 6468        |
|    total_timesteps      | 1294336     |
| train/                  |             |
|    approx_kl            | 0.008164423 |
|    clip_fraction        | 0.0799      |
|    clip_range           | 0.2         |
|    entropy_loss         | -3.03       |
|    explained_variance   | 0.417       |
|    learning_rate        | 0.0003      |
|    loss                 | 112         |
|    n_updates            | 3150        |
|    policy_gradient_loss | -0.00664    |
|    std                  | 0.517       |
|    value_loss           | 1.68e+03    |
-----------------------------------------
------------------------------------------
| rollout/                |              |
|    ep_len_mean          | 51.5         |
|    ep_rew_mean          | 289          |
| time/                   |              |
|    fps                  | 200          |
|    iterations           | 317          |
|    time_elapsed         | 6487         |
|    total_timesteps      | 1298432      |
| train/                  |              |
|    approx_kl            | 0.0118974075 |
|    clip_fraction        | 0.113        |
|    clip_range           | 0.2          |
|    entropy_loss         | -3.02        |
|    explained_variance   | 0.565        |
|    learning_rate        | 0.0003       |
|    loss                 | 664          |
|    n_updates            | 3160         |
|    policy_gradient_loss | -0.00491     |
|    std                  | 0.515        |
|    value_loss           | 1.53e+03     |
------------------------------------------
Eval num_timesteps=1300000, episode_reward=257.14 +/- 187.61
Episode length: 43.80 +/- 15.51
------------------------------------------
| eval/                   |              |
|    mean_ep_length       | 43.8         |
|    mean_reward          | 257          |
| time/                   |              |
|    total_timesteps      | 1300000      |
| train/                  |              |
|    approx_kl            | 0.0074423887 |
|    clip_fraction        | 0.0971       |
|    clip_range           | 0.2          |
|    entropy_loss         | -3.01        |
|    explained_variance   | 0.327        |
|    learning_rate        | 0.0003       |
|    loss                 | 119          |
|    n_updates            | 3170         |
|    policy_gradient_loss | -0.00273     |
|    std                  | 0.515        |
|    value_loss           | 2.04e+03     |
------------------------------------------
---------------------------------
| rollout/           |          |
|    ep_len_mean     | 50.3     |
|    ep_rew_mean     | 303      |
| time/              |          |
|    fps             | 200      |
|    iterations      | 318      |
|    time_elapsed    | 6509     |
|    total_timesteps | 1302528  |
---------------------------------
-----------------------------------------
| rollout/                |             |
|    ep_len_mean          | 50.3        |
|    ep_rew_mean          | 328         |
| time/                   |             |
|    fps                  | 200         |
|    iterations           | 319         |
|    time_elapsed         | 6530        |
|    total_timesteps      | 1306624     |
| train/                  |             |
|    approx_kl            | 0.012160927 |
|    clip_fraction        | 0.102       |
|    clip_range           | 0.2         |
|    entropy_loss         | -3.01       |
|    explained_variance   | 0.501       |
|    learning_rate        | 0.0003      |
|    loss                 | 747         |
|    n_updates            | 3180        |
|    policy_gradient_loss | -0.00813    |
|    std                  | 0.515       |
|    value_loss           | 1.86e+03    |
-----------------------------------------
-----------------------------------------
| rollout/                |             |
|    ep_len_mean          | 51.9        |
|    ep_rew_mean          | 328         |
| time/                   |             |
|    fps                  | 200         |
|    iterations           | 320         |
|    time_elapsed         | 6551        |
|    total_timesteps      | 1310720     |
| train/                  |             |
|    approx_kl            | 0.017647147 |
|    clip_fraction        | 0.099       |
|    clip_range           | 0.2         |
|    entropy_loss         | -3.01       |
|    explained_variance   | 0.526       |
|    learning_rate        | 0.0003      |
|    loss                 | 815         |
|    n_updates            | 3190        |
|    policy_gradient_loss | -0.00935    |
|    std                  | 0.513       |
|    value_loss           | 1.27e+03    |
-----------------------------------------
------------------------------------------
| rollout/                |              |
|    ep_len_mean          | 49.5         |
|    ep_rew_mean          | 336          |
| time/                   |              |
|    fps                  | 200          |
|    iterations           | 321          |
|    time_elapsed         | 6573         |
|    total_timesteps      | 1314816      |
| train/                  |              |
|    approx_kl            | 0.0107718315 |
|    clip_fraction        | 0.108        |
|    clip_range           | 0.2          |
|    entropy_loss         | -3           |
|    explained_variance   | 0.231        |
|    learning_rate        | 0.0003       |
|    loss                 | 1.85e+03     |
|    n_updates            | 3200         |
|    policy_gradient_loss | -0.00898     |
|    std                  | 0.512        |
|    value_loss           | 2.44e+03     |
------------------------------------------
------------------------------------------
| rollout/                |              |
|    ep_len_mean          | 50.8         |
|    ep_rew_mean          | 344          |
| time/                   |              |
|    fps                  | 199          |
|    iterations           | 322          |
|    time_elapsed         | 6595         |
|    total_timesteps      | 1318912      |
| train/                  |              |
|    approx_kl            | 0.0155486595 |
|    clip_fraction        | 0.15         |
|    clip_range           | 0.2          |
|    entropy_loss         | -2.99        |
|    explained_variance   | 0.463        |
|    learning_rate        | 0.0003       |
|    loss                 | 536          |
|    n_updates            | 3210         |
|    policy_gradient_loss | -0.012       |
|    std                  | 0.51         |
|    value_loss           | 863          |
------------------------------------------
Eval num_timesteps=1320000, episode_reward=416.89 +/- 22.25
Episode length: 52.00 +/- 1.41
----------------------------------------
| eval/                   |            |
|    mean_ep_length       | 52         |
|    mean_reward          | 417        |
| time/                   |            |
|    total_timesteps      | 1320000    |
| train/                  |            |
|    approx_kl            | 0.04272197 |
|    clip_fraction        | 0.296      |
|    clip_range           | 0.2        |
|    entropy_loss         | -2.97      |
|    explained_variance   | 0.469      |
|    learning_rate        | 0.0003     |
|    loss                 | 32         |
|    n_updates            | 3220       |
|    policy_gradient_loss | -0.0111    |
|    std                  | 0.51       |
|    value_loss           | 883        |
----------------------------------------
---------------------------------
| rollout/           |          |
|    ep_len_mean     | 52.1     |
|    ep_rew_mean     | 333      |
| time/              |          |
|    fps             | 200      |
|    iterations      | 323      |
|    time_elapsed    | 6610     |
|    total_timesteps | 1323008  |
---------------------------------
----------------------------------------
| rollout/                |            |
|    ep_len_mean          | 51.4       |
|    ep_rew_mean          | 341        |
| time/                   |            |
|    fps                  | 200        |
|    iterations           | 324        |
|    time_elapsed         | 6631       |
|    total_timesteps      | 1327104    |
| train/                  |            |
|    approx_kl            | 0.02370582 |
|    clip_fraction        | 0.28       |
|    clip_range           | 0.2        |
|    entropy_loss         | -2.98      |
|    explained_variance   | 0.165      |
|    learning_rate        | 0.0003     |
|    loss                 | 46.4       |
|    n_updates            | 3230       |
|    policy_gradient_loss | -0.007     |
|    std                  | 0.51       |
|    value_loss           | 2.32e+03   |
----------------------------------------
-----------------------------------------
| rollout/                |             |
|    ep_len_mean          | 51.8        |
|    ep_rew_mean          | 373         |
| time/                   |             |
|    fps                  | 200         |
|    iterations           | 325         |
|    time_elapsed         | 6652        |
|    total_timesteps      | 1331200     |
| train/                  |             |
|    approx_kl            | 0.022689857 |
|    clip_fraction        | 0.178       |
|    clip_range           | 0.2         |
|    entropy_loss         | -2.97       |
|    explained_variance   | 0.521       |
|    learning_rate        | 0.0003      |
|    loss                 | 50.3        |
|    n_updates            | 3240        |
|    policy_gradient_loss | -0.00846    |
|    std                  | 0.508       |
|    value_loss           | 1.07e+03    |
-----------------------------------------
-----------------------------------------
| rollout/                |             |
|    ep_len_mean          | 51          |
|    ep_rew_mean          | 352         |
| time/                   |             |
|    fps                  | 200         |
|    iterations           | 326         |
|    time_elapsed         | 6670        |
|    total_timesteps      | 1335296     |
| train/                  |             |
|    approx_kl            | 0.022269689 |
|    clip_fraction        | 0.177       |
|    clip_range           | 0.2         |
|    entropy_loss         | -2.96       |
|    explained_variance   | 0.312       |
|    learning_rate        | 0.0003      |
|    loss                 | 2.11e+03    |
|    n_updates            | 3250        |
|    policy_gradient_loss | -0.00916    |
|    std                  | 0.507       |
|    value_loss           | 934         |
-----------------------------------------
-----------------------------------------
| rollout/                |             |
|    ep_len_mean          | 52.5        |
|    ep_rew_mean          | 346         |
| time/                   |             |
|    fps                  | 200         |
|    iterations           | 327         |
|    time_elapsed         | 6683        |
|    total_timesteps      | 1339392     |
| train/                  |             |
|    approx_kl            | 0.021537706 |
|    clip_fraction        | 0.216       |
|    clip_range           | 0.2         |
|    entropy_loss         | -2.95       |
|    explained_variance   | 0.377       |
|    learning_rate        | 0.0003      |
|    loss                 | 22.6        |
|    n_updates            | 3260        |
|    policy_gradient_loss | -0.00559    |
|    std                  | 0.507       |
|    value_loss           | 1.34e+03    |
-----------------------------------------
Eval num_timesteps=1340000, episode_reward=415.36 +/- 17.63
Episode length: 51.20 +/- 3.31
-----------------------------------------
| eval/                   |             |
|    mean_ep_length       | 51.2        |
|    mean_reward          | 415         |
| time/                   |             |
|    total_timesteps      | 1340000     |
| train/                  |             |
|    approx_kl            | 0.028466076 |
|    clip_fraction        | 0.241       |
|    clip_range           | 0.2         |
|    entropy_loss         | -2.94       |
|    explained_variance   | 0.268       |
|    learning_rate        | 0.0003      |
|    loss                 | 116         |
|    n_updates            | 3270        |
|    policy_gradient_loss | -0.01       |
|    std                  | 0.503       |
|    value_loss           | 1.49e+03    |
-----------------------------------------
---------------------------------
| rollout/           |          |
|    ep_len_mean     | 53.7     |
|    ep_rew_mean     | 367      |
| time/              |          |
|    fps             | 200      |
|    iterations      | 328      |
|    time_elapsed    | 6698     |
|    total_timesteps | 1343488  |
---------------------------------
----------------------------------------
| rollout/                |            |
|    ep_len_mean          | 50.5       |
|    ep_rew_mean          | 344        |
| time/                   |            |
|    fps                  | 200        |
|    iterations           | 329        |
|    time_elapsed         | 6712       |
|    total_timesteps      | 1347584    |
| train/                  |            |
|    approx_kl            | 0.08037263 |
|    clip_fraction        | 0.422      |
|    clip_range           | 0.2        |
|    entropy_loss         | -2.93      |
|    explained_variance   | 0.469      |
|    learning_rate        | 0.0003     |
|    loss                 | 45.5       |
|    n_updates            | 3280       |
|    policy_gradient_loss | -0.00211   |
|    std                  | 0.506      |
|    value_loss           | 984        |
----------------------------------------
----------------------------------------
| rollout/                |            |
|    ep_len_mean          | 48.8       |
|    ep_rew_mean          | 329        |
| time/                   |            |
|    fps                  | 200        |
|    iterations           | 330        |
|    time_elapsed         | 6725       |
|    total_timesteps      | 1351680    |
| train/                  |            |
|    approx_kl            | 0.13376597 |
|    clip_fraction        | 0.371      |
|    clip_range           | 0.2        |
|    entropy_loss         | -2.95      |
|    explained_variance   | 0.17       |
|    learning_rate        | 0.0003     |
|    loss                 | 1.69e+03   |
|    n_updates            | 3290       |
|    policy_gradient_loss | 0.00503    |
|    std                  | 0.507      |
|    value_loss           | 2.12e+03   |
----------------------------------------
------------------------------------------
| rollout/                |              |
|    ep_len_mean          | 47           |
|    ep_rew_mean          | 309          |
| time/                   |              |
|    fps                  | 201          |
|    iterations           | 331          |
|    time_elapsed         | 6744         |
|    total_timesteps      | 1355776      |
| train/                  |              |
|    approx_kl            | 0.0147426445 |
|    clip_fraction        | 0.109        |
|    clip_range           | 0.2          |
|    entropy_loss         | -2.95        |
|    explained_variance   | 0.0841       |
|    learning_rate        | 0.0003       |
|    loss                 | 66.1         |
|    n_updates            | 3300         |
|    policy_gradient_loss | -0.00934     |
|    std                  | 0.507        |
|    value_loss           | 1.69e+03     |
------------------------------------------
-----------------------------------------
| rollout/                |             |
|    ep_len_mean          | 49.1        |
|    ep_rew_mean          | 308         |
| time/                   |             |
|    fps                  | 201         |
|    iterations           | 332         |
|    time_elapsed         | 6764        |
|    total_timesteps      | 1359872     |
| train/                  |             |
|    approx_kl            | 0.015212687 |
|    clip_fraction        | 0.137       |
|    clip_range           | 0.2         |
|    entropy_loss         | -2.95       |
|    explained_variance   | 0.178       |
|    learning_rate        | 0.0003      |
|    loss                 | 88.6        |
|    n_updates            | 3310        |
|    policy_gradient_loss | -0.0092     |
|    std                  | 0.506       |
|    value_loss           | 1.49e+03    |
-----------------------------------------
Eval num_timesteps=1360000, episode_reward=401.34 +/- 38.54
Episode length: 49.20 +/- 3.37
-----------------------------------------
| eval/                   |             |
|    mean_ep_length       | 49.2        |
|    mean_reward          | 401         |
| time/                   |             |
|    total_timesteps      | 1360000     |
| train/                  |             |
|    approx_kl            | 0.009880276 |
|    clip_fraction        | 0.0956      |
|    clip_range           | 0.2         |
|    entropy_loss         | -2.94       |
|    explained_variance   | 0.181       |
|    learning_rate        | 0.0003      |
|    loss                 | 250         |
|    n_updates            | 3320        |
|    policy_gradient_loss | -0.00934    |
|    std                  | 0.505       |
|    value_loss           | 2e+03       |
-----------------------------------------
---------------------------------
| rollout/           |          |
|    ep_len_mean     | 48.9     |
|    ep_rew_mean     | 316      |
| time/              |          |
|    fps             | 201      |
|    iterations      | 333      |
|    time_elapsed    | 6784     |
|    total_timesteps | 1363968  |
---------------------------------
-----------------------------------------
| rollout/                |             |
|    ep_len_mean          | 48.6        |
|    ep_rew_mean          | 320         |
| time/                   |             |
|    fps                  | 201         |
|    iterations           | 334         |
|    time_elapsed         | 6806        |
|    total_timesteps      | 1368064     |
| train/                  |             |
|    approx_kl            | 0.048294093 |
|    clip_fraction        | 0.239       |
|    clip_range           | 0.2         |
|    entropy_loss         | -2.93       |
|    explained_variance   | 0.313       |
|    learning_rate        | 0.0003      |
|    loss                 | 32.6        |
|    n_updates            | 3330        |
|    policy_gradient_loss | -0.00143    |
|    std                  | 0.502       |
|    value_loss           | 1.19e+03    |
-----------------------------------------
----------------------------------------
| rollout/                |            |
|    ep_len_mean          | 48.1       |
|    ep_rew_mean          | 303        |
| time/                   |            |
|    fps                  | 200        |
|    iterations           | 335        |
|    time_elapsed         | 6826       |
|    total_timesteps      | 1372160    |
| train/                  |            |
|    approx_kl            | 0.01381624 |
|    clip_fraction        | 0.175      |
|    clip_range           | 0.2        |
|    entropy_loss         | -2.91      |
|    explained_variance   | 0.358      |
|    learning_rate        | 0.0003     |
|    loss                 | 369        |
|    n_updates            | 3340       |
|    policy_gradient_loss | -0.00353   |
|    std                  | 0.501      |
|    value_loss           | 1.19e+03   |
----------------------------------------
-----------------------------------------
| rollout/                |             |
|    ep_len_mean          | 49.4        |
|    ep_rew_mean          | 332         |
| time/                   |             |
|    fps                  | 200         |
|    iterations           | 336         |
|    time_elapsed         | 6847        |
|    total_timesteps      | 1376256     |
| train/                  |             |
|    approx_kl            | 0.014911697 |
|    clip_fraction        | 0.119       |
|    clip_range           | 0.2         |
|    entropy_loss         | -2.91       |
|    explained_variance   | 0.407       |
|    learning_rate        | 0.0003      |
|    loss                 | 1.68e+03    |
|    n_updates            | 3350        |
|    policy_gradient_loss | -0.00855    |
|    std                  | 0.501       |
|    value_loss           | 1.83e+03    |
-----------------------------------------
Eval num_timesteps=1380000, episode_reward=317.93 +/- 155.69
Episode length: 45.20 +/- 8.86
----------------------------------------
| eval/                   |            |
|    mean_ep_length       | 45.2       |
|    mean_reward          | 318        |
| time/                   |            |
|    total_timesteps      | 1380000    |
| train/                  |            |
|    approx_kl            | 0.03170751 |
|    clip_fraction        | 0.159      |
|    clip_range           | 0.2        |
|    entropy_loss         | -2.9       |
|    explained_variance   | 0.388      |
|    learning_rate        | 0.0003     |
|    loss                 | 57.1       |
|    n_updates            | 3360       |
|    policy_gradient_loss | -0.00457   |
|    std                  | 0.5        |
|    value_loss           | 1.25e+03   |
----------------------------------------
---------------------------------
| rollout/           |          |
|    ep_len_mean     | 48.8     |
|    ep_rew_mean     | 319      |
| time/              |          |
|    fps             | 200      |
|    iterations      | 337      |
|    time_elapsed    | 6868     |
|    total_timesteps | 1380352  |
---------------------------------
-----------------------------------------
| rollout/                |             |
|    ep_len_mean          | 49.5        |
|    ep_rew_mean          | 328         |
| time/                   |             |
|    fps                  | 200         |
|    iterations           | 338         |
|    time_elapsed         | 6889        |
|    total_timesteps      | 1384448     |
| train/                  |             |
|    approx_kl            | 0.008012594 |
|    clip_fraction        | 0.13        |
|    clip_range           | 0.2         |
|    entropy_loss         | -2.89       |
|    explained_variance   | 0.162       |
|    learning_rate        | 0.0003      |
|    loss                 | 249         |
|    n_updates            | 3370        |
|    policy_gradient_loss | -0.00718    |
|    std                  | 0.499       |
|    value_loss           | 1.92e+03    |
-----------------------------------------
-----------------------------------------
| rollout/                |             |
|    ep_len_mean          | 47.5        |
|    ep_rew_mean          | 298         |
| time/                   |             |
|    fps                  | 200         |
|    iterations           | 339         |
|    time_elapsed         | 6909        |
|    total_timesteps      | 1388544     |
| train/                  |             |
|    approx_kl            | 0.015544012 |
|    clip_fraction        | 0.182       |
|    clip_range           | 0.2         |
|    entropy_loss         | -2.89       |
|    explained_variance   | 0.016       |
|    learning_rate        | 0.0003      |
|    loss                 | 770         |
|    n_updates            | 3380        |
|    policy_gradient_loss | -0.0068     |
|    std                  | 0.498       |
|    value_loss           | 1.92e+03    |
-----------------------------------------
----------------------------------------
| rollout/                |            |
|    ep_len_mean          | 49.3       |
|    ep_rew_mean          | 325        |
| time/                   |            |
|    fps                  | 200        |
|    iterations           | 340        |
|    time_elapsed         | 6930       |
|    total_timesteps      | 1392640    |
| train/                  |            |
|    approx_kl            | 0.03428696 |
|    clip_fraction        | 0.171      |
|    clip_range           | 0.2        |
|    entropy_loss         | -2.89      |
|    explained_variance   | 0.307      |
|    learning_rate        | 0.0003     |
|    loss                 | 14.6       |
|    n_updates            | 3390       |
|    policy_gradient_loss | -0.00172   |
|    std                  | 0.499      |
|    value_loss           | 1.52e+03   |
----------------------------------------
-----------------------------------------
| rollout/                |             |
|    ep_len_mean          | 49.6        |
|    ep_rew_mean          | 336         |
| time/                   |             |
|    fps                  | 200         |
|    iterations           | 341         |
|    time_elapsed         | 6951        |
|    total_timesteps      | 1396736     |
| train/                  |             |
|    approx_kl            | 0.041202914 |
|    clip_fraction        | 0.341       |
|    clip_range           | 0.2         |
|    entropy_loss         | -2.89       |
|    explained_variance   | 0.436       |
|    learning_rate        | 0.0003      |
|    loss                 | 208         |
|    n_updates            | 3400        |
|    policy_gradient_loss | 0.0105      |
|    std                  | 0.498       |
|    value_loss           | 1.33e+03    |
-----------------------------------------
Eval num_timesteps=1400000, episode_reward=251.47 +/- 196.82
Episode length: 35.60 +/- 17.78
------------------------------------------
| eval/                   |              |
|    mean_ep_length       | 35.6         |
|    mean_reward          | 251          |
| time/                   |              |
|    total_timesteps      | 1400000      |
| train/                  |              |
|    approx_kl            | 0.0122841075 |
|    clip_fraction        | 0.129        |
|    clip_range           | 0.2          |
|    entropy_loss         | -2.88        |
|    explained_variance   | 0.452        |
|    learning_rate        | 0.0003       |
|    loss                 | 144          |
|    n_updates            | 3410         |
|    policy_gradient_loss | -0.00781     |
|    std                  | 0.498        |
|    value_loss           | 1.9e+03      |
------------------------------------------
---------------------------------
| rollout/           |          |
|    ep_len_mean     | 46.6     |
|    ep_rew_mean     | 275      |
| time/              |          |
|    fps             | 200      |
|    iterations      | 342      |
|    time_elapsed    | 6969     |
|    total_timesteps | 1400832  |
---------------------------------
-----------------------------------------
| rollout/                |             |
|    ep_len_mean          | 48.6        |
|    ep_rew_mean          | 299         |
| time/                   |             |
|    fps                  | 200         |
|    iterations           | 343         |
|    time_elapsed         | 6989        |
|    total_timesteps      | 1404928     |
| train/                  |             |
|    approx_kl            | 0.047636908 |
|    clip_fraction        | 0.21        |
|    clip_range           | 0.2         |
|    entropy_loss         | -2.88       |
|    explained_variance   | 0.379       |
|    learning_rate        | 0.0003      |
|    loss                 | 33.8        |
|    n_updates            | 3420        |
|    policy_gradient_loss | 0.00206     |
|    std                  | 0.497       |
|    value_loss           | 2.71e+03    |
-----------------------------------------
-----------------------------------------
| rollout/                |             |
|    ep_len_mean          | 49.6        |
|    ep_rew_mean          | 296         |
| time/                   |             |
|    fps                  | 200         |
|    iterations           | 344         |
|    time_elapsed         | 7010        |
|    total_timesteps      | 1409024     |
| train/                  |             |
|    approx_kl            | 0.024512025 |
|    clip_fraction        | 0.156       |
|    clip_range           | 0.2         |
|    entropy_loss         | -2.87       |
|    explained_variance   | 0.113       |
|    learning_rate        | 0.0003      |
|    loss                 | 248         |
|    n_updates            | 3430        |
|    policy_gradient_loss | -0.00401    |
|    std                  | 0.495       |
|    value_loss           | 2.49e+03    |
-----------------------------------------
-----------------------------------------
| rollout/                |             |
|    ep_len_mean          | 49.1        |
|    ep_rew_mean          | 338         |
| time/                   |             |
|    fps                  | 200         |
|    iterations           | 345         |
|    time_elapsed         | 7030        |
|    total_timesteps      | 1413120     |
| train/                  |             |
|    approx_kl            | 0.011718513 |
|    clip_fraction        | 0.175       |
|    clip_range           | 0.2         |
|    entropy_loss         | -2.86       |
|    explained_variance   | 0.118       |
|    learning_rate        | 0.0003      |
|    loss                 | 1.83e+03    |
|    n_updates            | 3440        |
|    policy_gradient_loss | -0.00459    |
|    std                  | 0.495       |
|    value_loss           | 2.26e+03    |
-----------------------------------------
----------------------------------------
| rollout/                |            |
|    ep_len_mean          | 49.5       |
|    ep_rew_mean          | 332        |
| time/                   |            |
|    fps                  | 201        |
|    iterations           | 346        |
|    time_elapsed         | 7050       |
|    total_timesteps      | 1417216    |
| train/                  |            |
|    approx_kl            | 0.06983984 |
|    clip_fraction        | 0.398      |
|    clip_range           | 0.2        |
|    entropy_loss         | -2.86      |
|    explained_variance   | 0.424      |
|    learning_rate        | 0.0003     |
|    loss                 | 26         |
|    n_updates            | 3450       |
|    policy_gradient_loss | 0.0303     |
|    std                  | 0.496      |
|    value_loss           | 1.39e+03   |
----------------------------------------
Eval num_timesteps=1420000, episode_reward=418.95 +/- 45.21
Episode length: 46.40 +/- 3.20
-----------------------------------------
| eval/                   |             |
|    mean_ep_length       | 46.4        |
|    mean_reward          | 419         |
| time/                   |             |
|    total_timesteps      | 1420000     |
| train/                  |             |
|    approx_kl            | 0.014975125 |
|    clip_fraction        | 0.133       |
|    clip_range           | 0.2         |
|    entropy_loss         | -2.87       |
|    explained_variance   | 0.393       |
|    learning_rate        | 0.0003      |
|    loss                 | 90.5        |
|    n_updates            | 3460        |
|    policy_gradient_loss | -0.00721    |
|    std                  | 0.496       |
|    value_loss           | 1.78e+03    |
-----------------------------------------
---------------------------------
| rollout/           |          |
|    ep_len_mean     | 48       |
|    ep_rew_mean     | 338      |
| time/              |          |
|    fps             | 201      |
|    iterations      | 347      |
|    time_elapsed    | 7063     |
|    total_timesteps | 1421312  |
---------------------------------
-----------------------------------------
| rollout/                |             |
|    ep_len_mean          | 48.6        |
|    ep_rew_mean          | 361         |
| time/                   |             |
|    fps                  | 201         |
|    iterations           | 348         |
|    time_elapsed         | 7083        |
|    total_timesteps      | 1425408     |
| train/                  |             |
|    approx_kl            | 0.046053372 |
|    clip_fraction        | 0.3         |
|    clip_range           | 0.2         |
|    entropy_loss         | -2.87       |
|    explained_variance   | 0.451       |
|    learning_rate        | 0.0003      |
|    loss                 | 40.1        |
|    n_updates            | 3470        |
|    policy_gradient_loss | 0.00309     |
|    std                  | 0.497       |
|    value_loss           | 858         |
-----------------------------------------
-----------------------------------------
| rollout/                |             |
|    ep_len_mean          | 47.8        |
|    ep_rew_mean          | 331         |
| time/                   |             |
|    fps                  | 201         |
|    iterations           | 349         |
|    time_elapsed         | 7101        |
|    total_timesteps      | 1429504     |
| train/                  |             |
|    approx_kl            | 0.020852199 |
|    clip_fraction        | 0.202       |
|    clip_range           | 0.2         |
|    entropy_loss         | -2.87       |
|    explained_variance   | 0.491       |
|    learning_rate        | 0.0003      |
|    loss                 | 13.1        |
|    n_updates            | 3480        |
|    policy_gradient_loss | -0.00525    |
|    std                  | 0.496       |
|    value_loss           | 643         |
-----------------------------------------
-----------------------------------------
| rollout/                |             |
|    ep_len_mean          | 48.4        |
|    ep_rew_mean          | 321         |
| time/                   |             |
|    fps                  | 201         |
|    iterations           | 350         |
|    time_elapsed         | 7122        |
|    total_timesteps      | 1433600     |
| train/                  |             |
|    approx_kl            | 0.036734477 |
|    clip_fraction        | 0.384       |
|    clip_range           | 0.2         |
|    entropy_loss         | -2.86       |
|    explained_variance   | 0.343       |
|    learning_rate        | 0.0003      |
|    loss                 | 30.4        |
|    n_updates            | 3490        |
|    policy_gradient_loss | 0.0163      |
|    std                  | 0.494       |
|    value_loss           | 1.22e+03    |
-----------------------------------------
-----------------------------------------
| rollout/                |             |
|    ep_len_mean          | 48.2        |
|    ep_rew_mean          | 345         |
| time/                   |             |
|    fps                  | 201         |
|    iterations           | 351         |
|    time_elapsed         | 7139        |
|    total_timesteps      | 1437696     |
| train/                  |             |
|    approx_kl            | 0.027574826 |
|    clip_fraction        | 0.286       |
|    clip_range           | 0.2         |
|    entropy_loss         | -2.85       |
|    explained_variance   | 0.275       |
|    learning_rate        | 0.0003      |
|    loss                 | 51.8        |
|    n_updates            | 3500        |
|    policy_gradient_loss | 0.00806     |
|    std                  | 0.495       |
|    value_loss           | 1.3e+03     |
-----------------------------------------
Eval num_timesteps=1440000, episode_reward=194.19 +/- 212.62
Episode length: 38.20 +/- 15.22
-----------------------------------------
| eval/                   |             |
|    mean_ep_length       | 38.2        |
|    mean_reward          | 194         |
| time/                   |             |
|    total_timesteps      | 1440000     |
| train/                  |             |
|    approx_kl            | 0.030643944 |
|    clip_fraction        | 0.213       |
|    clip_range           | 0.2         |
|    entropy_loss         | -2.85       |
|    explained_variance   | 0.0941      |
|    learning_rate        | 0.0003      |
|    loss                 | 96.9        |
|    n_updates            | 3510        |
|    policy_gradient_loss | -0.006      |
|    std                  | 0.493       |
|    value_loss           | 1.38e+03    |
-----------------------------------------
---------------------------------
| rollout/           |          |
|    ep_len_mean     | 47.9     |
|    ep_rew_mean     | 332      |
| time/              |          |
|    fps             | 201      |
|    iterations      | 352      |
|    time_elapsed    | 7160     |
|    total_timesteps | 1441792  |
---------------------------------
----------------------------------------
| rollout/                |            |
|    ep_len_mean          | 50.3       |
|    ep_rew_mean          | 340        |
| time/                   |            |
|    fps                  | 201        |
|    iterations           | 353        |
|    time_elapsed         | 7174       |
|    total_timesteps      | 1445888    |
| train/                  |            |
|    approx_kl            | 0.06846172 |
|    clip_fraction        | 0.206      |
|    clip_range           | 0.2        |
|    entropy_loss         | -2.84      |
|    explained_variance   | 0.397      |
|    learning_rate        | 0.0003     |
|    loss                 | 119        |
|    n_updates            | 3520       |
|    policy_gradient_loss | -0.00299   |
|    std                  | 0.492      |
|    value_loss           | 1.42e+03   |
----------------------------------------
-----------------------------------------
| rollout/                |             |
|    ep_len_mean          | 49.9        |
|    ep_rew_mean          | 355         |
| time/                   |             |
|    fps                  | 201         |
|    iterations           | 354         |
|    time_elapsed         | 7193        |
|    total_timesteps      | 1449984     |
| train/                  |             |
|    approx_kl            | 0.018078761 |
|    clip_fraction        | 0.188       |
|    clip_range           | 0.2         |
|    entropy_loss         | -2.84       |
|    explained_variance   | 0.45        |
|    learning_rate        | 0.0003      |
|    loss                 | 1.74e+03    |
|    n_updates            | 3530        |
|    policy_gradient_loss | -0.0107     |
|    std                  | 0.492       |
|    value_loss           | 1.2e+03     |
-----------------------------------------
-----------------------------------------
| rollout/                |             |
|    ep_len_mean          | 49.5        |
|    ep_rew_mean          | 338         |
| time/                   |             |
|    fps                  | 201         |
|    iterations           | 355         |
|    time_elapsed         | 7215        |
|    total_timesteps      | 1454080     |
| train/                  |             |
|    approx_kl            | 0.033776794 |
|    clip_fraction        | 0.249       |
|    clip_range           | 0.2         |
|    entropy_loss         | -2.83       |
|    explained_variance   | 0.497       |
|    learning_rate        | 0.0003      |
|    loss                 | 160         |
|    n_updates            | 3540        |
|    policy_gradient_loss | -0.00813    |
|    std                  | 0.49        |
|    value_loss           | 1.03e+03    |
-----------------------------------------
-----------------------------------------
| rollout/                |             |
|    ep_len_mean          | 49.8        |
|    ep_rew_mean          | 346         |
| time/                   |             |
|    fps                  | 201         |
|    iterations           | 356         |
|    time_elapsed         | 7231        |
|    total_timesteps      | 1458176     |
| train/                  |             |
|    approx_kl            | 0.040544707 |
|    clip_fraction        | 0.303       |
|    clip_range           | 0.2         |
|    entropy_loss         | -2.81       |
|    explained_variance   | 0.425       |
|    learning_rate        | 0.0003      |
|    loss                 | 20.5        |
|    n_updates            | 3550        |
|    policy_gradient_loss | -0.00645    |
|    std                  | 0.487       |
|    value_loss           | 933         |
-----------------------------------------
Eval num_timesteps=1460000, episode_reward=396.75 +/- 19.89
Episode length: 47.80 +/- 2.14
-----------------------------------------
| eval/                   |             |
|    mean_ep_length       | 47.8        |
|    mean_reward          | 397         |
| time/                   |             |
|    total_timesteps      | 1460000     |
| train/                  |             |
|    approx_kl            | 0.036704864 |
|    clip_fraction        | 0.274       |
|    clip_range           | 0.2         |
|    entropy_loss         | -2.8        |
|    explained_variance   | 0.35        |
|    learning_rate        | 0.0003      |
|    loss                 | 101         |
|    n_updates            | 3560        |
|    policy_gradient_loss | -0.00879    |
|    std                  | 0.487       |
|    value_loss           | 689         |
-----------------------------------------
---------------------------------
| rollout/           |          |
|    ep_len_mean     | 48.4     |
|    ep_rew_mean     | 352      |
| time/              |          |
|    fps             | 201      |
|    iterations      | 357      |
|    time_elapsed    | 7252     |
|    total_timesteps | 1462272  |
---------------------------------
-----------------------------------------
| rollout/                |             |
|    ep_len_mean          | 48.4        |
|    ep_rew_mean          | 316         |
| time/                   |             |
|    fps                  | 201         |
|    iterations           | 358         |
|    time_elapsed         | 7272        |
|    total_timesteps      | 1466368     |
| train/                  |             |
|    approx_kl            | 0.022647064 |
|    clip_fraction        | 0.31        |
|    clip_range           | 0.2         |
|    entropy_loss         | -2.79       |
|    explained_variance   | 0.404       |
|    learning_rate        | 0.0003      |
|    loss                 | 77.4        |
|    n_updates            | 3570        |
|    policy_gradient_loss | -0.00347    |
|    std                  | 0.488       |
|    value_loss           | 767         |
-----------------------------------------
-----------------------------------------
| rollout/                |             |
|    ep_len_mean          | 50.2        |
|    ep_rew_mean          | 347         |
| time/                   |             |
|    fps                  | 201         |
|    iterations           | 359         |
|    time_elapsed         | 7293        |
|    total_timesteps      | 1470464     |
| train/                  |             |
|    approx_kl            | 0.024327707 |
|    clip_fraction        | 0.204       |
|    clip_range           | 0.2         |
|    entropy_loss         | -2.79       |
|    explained_variance   | 0.282       |
|    learning_rate        | 0.0003      |
|    loss                 | 80.1        |
|    n_updates            | 3580        |
|    policy_gradient_loss | -0.00541    |
|    std                  | 0.486       |
|    value_loss           | 1.57e+03    |
-----------------------------------------
-----------------------------------------
| rollout/                |             |
|    ep_len_mean          | 49.5        |
|    ep_rew_mean          | 316         |
| time/                   |             |
|    fps                  | 201         |
|    iterations           | 360         |
|    time_elapsed         | 7313        |
|    total_timesteps      | 1474560     |
| train/                  |             |
|    approx_kl            | 0.039586388 |
|    clip_fraction        | 0.191       |
|    clip_range           | 0.2         |
|    entropy_loss         | -2.78       |
|    explained_variance   | 0.466       |
|    learning_rate        | 0.0003      |
|    loss                 | 1.77e+03    |
|    n_updates            | 3590        |
|    policy_gradient_loss | -0.00338    |
|    std                  | 0.485       |
|    value_loss           | 1.31e+03    |
-----------------------------------------
-----------------------------------------
| rollout/                |             |
|    ep_len_mean          | 50.3        |
|    ep_rew_mean          | 304         |
| time/                   |             |
|    fps                  | 201         |
|    iterations           | 361         |
|    time_elapsed         | 7334        |
|    total_timesteps      | 1478656     |
| train/                  |             |
|    approx_kl            | 0.015220372 |
|    clip_fraction        | 0.151       |
|    clip_range           | 0.2         |
|    entropy_loss         | -2.77       |
|    explained_variance   | 0.228       |
|    learning_rate        | 0.0003      |
|    loss                 | 168         |
|    n_updates            | 3600        |
|    policy_gradient_loss | -0.00648    |
|    std                  | 0.484       |
|    value_loss           | 2e+03       |
-----------------------------------------
Eval num_timesteps=1480000, episode_reward=422.66 +/- 14.61
Episode length: 50.20 +/- 2.32
-----------------------------------------
| eval/                   |             |
|    mean_ep_length       | 50.2        |
|    mean_reward          | 423         |
| time/                   |             |
|    total_timesteps      | 1480000     |
| train/                  |             |
|    approx_kl            | 0.013493234 |
|    clip_fraction        | 0.137       |
|    clip_range           | 0.2         |
|    entropy_loss         | -2.77       |
|    explained_variance   | 0.478       |
|    learning_rate        | 0.0003      |
|    loss                 | 59.5        |
|    n_updates            | 3610        |
|    policy_gradient_loss | -0.00295    |
|    std                  | 0.484       |
|    value_loss           | 2.09e+03    |
-----------------------------------------
---------------------------------
| rollout/           |          |
|    ep_len_mean     | 49.3     |
|    ep_rew_mean     | 329      |
| time/              |          |
|    fps             | 201      |
|    iterations      | 362      |
|    time_elapsed    | 7355     |
|    total_timesteps | 1482752  |
---------------------------------
-----------------------------------------
| rollout/                |             |
|    ep_len_mean          | 49.2        |
|    ep_rew_mean          | 295         |
| time/                   |             |
|    fps                  | 201         |
|    iterations           | 363         |
|    time_elapsed         | 7375        |
|    total_timesteps      | 1486848     |
| train/                  |             |
|    approx_kl            | 0.036482163 |
|    clip_fraction        | 0.19        |
|    clip_range           | 0.2         |
|    entropy_loss         | -2.76       |
|    explained_variance   | 0.541       |
|    learning_rate        | 0.0003      |
|    loss                 | 338         |
|    n_updates            | 3620        |
|    policy_gradient_loss | -0.00307    |
|    std                  | 0.483       |
|    value_loss           | 1.43e+03    |
-----------------------------------------
-----------------------------------------
| rollout/                |             |
|    ep_len_mean          | 51          |
|    ep_rew_mean          | 304         |
| time/                   |             |
|    fps                  | 201         |
|    iterations           | 364         |
|    time_elapsed         | 7396        |
|    total_timesteps      | 1490944     |
| train/                  |             |
|    approx_kl            | 0.009133962 |
|    clip_fraction        | 0.0991      |
|    clip_range           | 0.2         |
|    entropy_loss         | -2.76       |
|    explained_variance   | 0.335       |
|    learning_rate        | 0.0003      |
|    loss                 | 88.5        |
|    n_updates            | 3630        |
|    policy_gradient_loss | -0.00392    |
|    std                  | 0.482       |
|    value_loss           | 1.85e+03    |
-----------------------------------------
-----------------------------------------
| rollout/                |             |
|    ep_len_mean          | 49.4        |
|    ep_rew_mean          | 286         |
| time/                   |             |
|    fps                  | 201         |
|    iterations           | 365         |
|    time_elapsed         | 7416        |
|    total_timesteps      | 1495040     |
| train/                  |             |
|    approx_kl            | 0.007408374 |
|    clip_fraction        | 0.0633      |
|    clip_range           | 0.2         |
|    entropy_loss         | -2.75       |
|    explained_variance   | 0.281       |
|    learning_rate        | 0.0003      |
|    loss                 | 422         |
|    n_updates            | 3640        |
|    policy_gradient_loss | -0.00764    |
|    std                  | 0.482       |
|    value_loss           | 2.47e+03    |
-----------------------------------------
-----------------------------------------
| rollout/                |             |
|    ep_len_mean          | 49.7        |
|    ep_rew_mean          | 318         |
| time/                   |             |
|    fps                  | 201         |
|    iterations           | 366         |
|    time_elapsed         | 7437        |
|    total_timesteps      | 1499136     |
| train/                  |             |
|    approx_kl            | 0.008451215 |
|    clip_fraction        | 0.0642      |
|    clip_range           | 0.2         |
|    entropy_loss         | -2.75       |
|    explained_variance   | 0.348       |
|    learning_rate        | 0.0003      |
|    loss                 | 62.2        |
|    n_updates            | 3650        |
|    policy_gradient_loss | -0.00859    |
|    std                  | 0.482       |
|    value_loss           | 1.88e+03    |
-----------------------------------------
Eval num_timesteps=1500000, episode_reward=269.05 +/- 165.69
Episode length: 49.40 +/- 2.33
-----------------------------------------
| eval/                   |             |
|    mean_ep_length       | 49.4        |
|    mean_reward          | 269         |
| time/                   |             |
|    total_timesteps      | 1500000     |
| train/                  |             |
|    approx_kl            | 0.013625609 |
|    clip_fraction        | 0.116       |
|    clip_range           | 0.2         |
|    entropy_loss         | -2.75       |
|    explained_variance   | 0.199       |
|    learning_rate        | 0.0003      |
|    loss                 | 87.8        |
|    n_updates            | 3660        |
|    policy_gradient_loss | -0.00843    |
|    std                  | 0.482       |
|    value_loss           | 2.17e+03    |
-----------------------------------------
---------------------------------
| rollout/           |          |
|    ep_len_mean     | 49.2     |
|    ep_rew_mean     | 304      |
| time/              |          |
|    fps             | 201      |
|    iterations      | 367      |
|    time_elapsed    | 7458     |
|    total_timesteps | 1503232  |
---------------------------------

Done. Saved to results_recurrent/run_20260903_111746

