update,global_step,wall_s,sps,rollout_s,learn_s,level,c,window_n,window_success,episodes,n_success,n_crash_ground,n_crash_platform,n_tilt,n_drift,n_timeout,strict_success,impact_vz_mean,ep_len_mean,reward_mean,r_active_mean,pg,v,ent,est,kl,clipfrac,grad_norm,kl_first,explained_var,lr,log_std_mean
1,4096,2.9,1397.8,2.65,0.28,10,0.125,106,0.0,106,0,54,1,1,50,0,0,,35.056603773584904,-1.5620572566986084,0.0,0.002432229137048125,267.41211318969727,3.6731719732284547,0.0,0.01909048477828037,0.228369140625,61.812109756469724,-5.820766091346741e-11,0.005893051624298096,0.0003,-0.5016769170761108
2,8192,5.9,1373.0,2.83,0.15,10,0.125,225,0.0,119,0,66,2,4,47,0,0,,35.554621848739494,-1.5416202545166016,0.0,-0.007071679644286633,212.5852279663086,3.6650359511375425,0.0,0.011948319259681739,0.15322265625,96.50302085876464,-1.7462298274040222e-10,0.01662003993988037,0.00029938650306748465,-0.5038904547691345
3,12288,8.7,1454.6,2.67,0.15,10,0.125,333,0.006006006006006006,108,2,69,2,1,34,0,2,-1.2144368105554806,37.24074074074074,-1.4591257572174072,0.0,-0.007695536967366934,163.66574249267578,3.6562793135643004,0.0,0.00939226830669213,0.13203125,121.19444618225097,-5.820766091346741e-11,0.07346916198730469,0.0002987730061349693,-0.5057388544082642
4,16384,11.4,1550.3,2.5,0.14,10,0.125,435,0.009195402298850575,102,2,69,0,1,30,0,2,-1.9362058684116343,39.61764705882353,-1.4111945629119873,0.0,-0.006713661784306169,127.22522430419922,3.651062512397766,0.0,0.006656710657989606,0.08701171875,131.32034301757812,-1.7462298274040222e-10,0.03679734468460083,0.00029815950920245395,-0.5064889192581177
5,20480,14.1,1505.8,2.57,0.15,10,0.125,30,0.0,107,4,80,1,2,20,0,3,-1.7654953398826048,38.074766355140184,-1.3980587720870972,0.0,-0.0055826103780418634,92.61416759490967,3.6485942244529723,0.0,0.006749237678013742,0.08828125,122.4238899230957,-5.820766091346741e-11,0.16143500804901123,0.00029754601226993863,-0.5072972178459167
6,24576,16.8,1535.4,2.52,0.15,10,0.125,139,0.0,109,0,94,1,1,13,0,0,,38.0,-1.3721864223480225,0.0,-0.00544846230186522,59.638488578796384,3.6443849086761473,0.0,0.010456051657092758,0.139501953125,81.17470369338989,0.0,0.09570914506912231,0.0002969325153374233,-0.5084198117256165
7,28672,19.5,1505.8,2.57,0.15,10,0.125,237,0.016877637130801686,98,4,76,3,3,12,0,2,-2.2632606715409946,41.58163265306123,-1.3204522132873535,0.0,0.004583150940015912,60.53169288635254,3.641245758533478,0.0,0.015489378847996704,0.192822265625,53.01650967597961,-5.820766091346741e-11,0.2206079363822937,0.00029631901840490793,-0.5089401006698608
8,32768,22.1,1572.1,2.46,0.15,10,0.125,342,0.017543859649122806,105,2,91,2,2,8,0,1,-1.398243942687381,38.80952380952381,-1.3447270393371582,0.0,0.0002986581064760685,50.95193462371826,3.639485704898834,0.0,0.013260309747420252,0.181298828125,28.860081124305726,0.0,0.34741902351379395,0.0002957055214723926,-0.509174108505249
9,36864,24.9,1476.2,2.63,0.15,10,0.125,435,0.029885057471264367,93,7,68,3,1,14,0,6,-1.9430820949457195,44.81720430107527,-1.2737616300582886,0.0,0.001250937907025218,67.2709457397461,3.6373262643814086,0.0,0.014959146696492098,0.190478515625,25.405855965614318,-5.820766091346741e-11,0.3885498046875,0.00029509202453987724,-0.5103960037231445
10,40960,27.6,1523.5,2.54,0.15,10,0.125,19,0.05263157894736842,96,5,78,4,2,7,0,2,-2.006411749701599,42.854166666666664,-1.2631721496582031,0.0,0.0011942380573600531,59.483646392822266,3.630091679096222,0.0,0.022273468447383492,0.22177734375,20.227956652641296,0.0,0.41097909212112427,0.0002944785276073619,-0.5126091837882996
11,45056,30.1,1639.0,2.35,0.15,10,0.125,118,0.09322033898305085,99,10,77,2,2,8,0,6,-2.342400263047595,39.535353535353536,-1.216026782989502,0.0,0.0025840367190539835,69.64124641418456,3.6217904448509217,0.0,0.017264497626456432,0.224072265625,26.245978784561157,-5.820766091346741e-11,0.39463841915130615,0.0002938650306748466,-0.5148369073867798
12,49152,32.7,1563.6,2.47,0.15,10,0.125,221,0.07239819004524888,103,5,90,7,0,1,0,3,-2.0818520146290007,40.349514563106794,-1.252953052520752,0.0,0.0020854209084063768,43.28154830932617,3.612479031085968,0.0,0.021043945010751484,0.259326171875,14.151312208175659,0.0,0.5449991822242737,0.00029325153374233127,-0.5165947079658508
13,53248,35.5,1482.5,2.62,0.14,10,0.125,335,0.0626865671641791,114,5,93,4,5,7,0,4,-2.628632698974428,37.60526315789474,-1.2380177974700928,0.0,0.004267878923565149,50.56834239959717,3.6067912220954894,0.0,0.01991286752745509,0.241552734375,26.19709403514862,0.0,0.492489755153656,0.00029263803680981595,-0.5179644227027893
14,57344,38.0,1629.8,2.36,0.16,10,0.125,443,0.05417607223476298,108,3,92,6,4,3,0,2,-2.075671408720455,37.43518518518518,-1.2487821578979492,0.0,0.0008836762513965368,32.209366130828855,3.6040008783340456,0.0,0.016761774505721406,0.2048828125,10.627992701530456,-1.1641532182693481e-10,0.5863257646560669,0.0002920245398773006,-0.5179849863052368
15,61440,40.7,1498.9,2.58,0.15,10,0.125,43,0.046511627906976744,112,8,92,10,2,0,0,5,-3.0953534988619023,36.5,-1.204395055770874,0.0,0.006054115924052894,42.60735635757446,3.6050617337226867,0.0,0.03119167184922844,0.314306640625,18.48148822784424,0.0,0.5214004516601562,0.00029141104294478525,-0.5174344778060913
16,65536,43.3,1572.1,2.46,0.15,10,0.125,163,0.049079754601226995,120,6,105,4,5,0,0,2,-2.3996328459942515,33.775,-1.2162659168243408,0.0,-0.0036192227620631457,30.15738124847412,3.6068258762359617,0.0,0.013828239144640975,0.192431640625,15.373119926452636,-5.820766091346741e-11,0.5850805640220642,0.0002907975460122699,-0.5177342891693115
17,69632,45.9,1588.9,2.43,0.15,10,0.125,292,0.07534246575342465,129,14,103,5,7,0,0,6,-3.003651815951701,32.30232558139535,-1.154637336730957,0.0,-0.0016726538073271514,37.92803010940552,3.60335294008255,0.0,0.01097234122280497,0.14345703125,26.79344129562378,0.0,0.5020723342895508,0.00029018404907975455,-0.5183058977127075
18,73728,48.5,1600.7,2.42,0.14,10,0.125,422,0.0947867298578199,130,18,98,7,7,0,0,11,-2.6734729633042607,31.79230769230769,-1.1320401430130005,0.0,-0.004393888078629971,37.43711957931519,3.6009586453437805,0.0,0.014107695021084509,0.186962890625,13.078513526916504,0.0,0.4950008988380432,0.00028957055214723923,-0.519733190536499
19,77824,51.1,1553.6,2.5,0.14,10,0.125,34,0.17647058823529413,124,17,94,8,5,0,0,8,-3.139705343855395,32.274193548387096,-1.0879127979278564,0.0,0.002829168550670147,36.90812864303589,3.5931434988975526,0.0,0.01640123825054616,0.223486328125,15.521901786327362,0.0,0.44736039638519287,0.0002889570552147239,-0.5215268135070801
20,81920,53.7,1577.9,2.46,0.14,10,0.125,169,0.14201183431952663,135,18,111,3,3,0,0,12,-3.2309958396695238,31.133333333333333,-1.1003479957580566,0.0,0.0012072463985532522,34.079438877105716,3.585370147228241,0.0,0.01406807596795261,0.18076171875,12.056359279155732,-2.3283064365386963e-10,0.4602716565132141,0.0002883435582822086,-0.5239408016204834
21,86016,56.4,1530.5,2.53,0.15,10,0.125,302,0.1390728476821192,133,18,102,6,7,0,0,13,-2.770188417206689,30.37593984962406,-1.1052582263946533,0.0,-0.00028086891397833825,35.052254581451415,3.5759321093559264,0.0,0.022312975209206342,0.25078125,10.059455227851867,-1.1641532182693481e-10,0.450308620929718,0.0002877300613496932,-0.5259886980056763
22,90112,59.0,1619.5,2.38,0.15,10,0.125,443,0.12641083521444696,141,14,110,7,10,0,0,8,-3.4018973537581467,28.907801418439718,-1.1333718299865723,0.0,-0.0020985158160328867,29.4420147895813,3.5684488892555235,0.0,0.012694489629939198,0.171923828125,10.537201237678527,0.0,0.45970606803894043,0.0002871165644171779,-0.5279437303543091
23,94208,61.5,1599.9,2.41,0.15,10,0.125,69,0.11594202898550725,138,13,112,8,5,0,0,6,-3.1263535704501635,30.028985507246375,-1.1279709339141846,0.0,-0.005096661113202572,26.82746515274048,3.559595012664795,0.0,0.01130291170848068,0.158837890625,12.404914355278015,0.0,0.4965295195579529,0.0002865030674846625,-0.5301693081855774
24,98304,64.2,1539.8,2.52,0.14,10,0.125,215,0.13953488372093023,146,22,110,4,10,0,0,12,-3.3825402025755777,28.527397260273972,-1.080654501914978,0.0,-0.0010578508488833904,36.825039291381835,3.5509511470794677,0.0,0.010061811699415557,0.140087890625,15.210452020168304,-5.820766091346741e-11,0.41309040784835815,0.0002858895705521472,-0.5324851274490356
25,102400,66.2,2012.2,1.89,0.15,10,0.125,359,0.12256267409470752,144,14,107,8,15,0,0,12,-2.7453160780222574,28.083333333333332,-1.109046459197998,0.0,-0.00033013615757226944,27.978689765930177,3.541659426689148,0.0,0.010156903840834276,0.13828125,12.843453812599183,-1.1641532182693481e-10,0.42613160610198975,0.00028527607361963187,-0.5344301462173462
26,106496,68.8,1569.1,2.46,0.15,10,0.125,499,0.156312625250501,140,34,92,6,8,0,0,19,-3.3591876005203383,28.585714285714285,-0.9813180565834045,0.0,-0.004514857847243548,45.790062713623044,3.534955656528473,0.0,0.0084532072476577,0.11787109375,15.073241496086121,-1.7462298274040222e-10,0.3861773610115051,0.00028466257668711655,-0.5362280607223511
27,110592,71.5,1520.2,2.55,0.15,10,0.125,142,0.20422535211267606,155,29,104,7,15,0,0,16,-3.259040459637451,27.206451612903226,-1.0041515827178955,0.0,-0.001990289753302932,37.298385334014895,3.52893522977829,0.0,0.007625148139777593,0.102197265625,15.61974287033081,0.0,0.37700939178466797,0.00028404907975460123,-0.5369623899459839
28,114688,74.2,1569.7,2.46,0.15,10,0.125,293,0.22184300341296928,151,36,87,7,21,0,0,23,-2.7988831095617215,26.71523178807947,-0.9506112933158875,0.0,-0.0024032238870859146,40.50953006744385,3.527627670764923,0.0,0.011856855935184285,0.15947265625,12.183874452114106,-1.1641532182693481e-10,0.35747379064559937,0.00028343558282208585,-0.5371687412261963
29,118784,76.8,1554.3,2.49,0.14,10,0.125,452,0.22787610619469026,159,38,80,21,20,0,0,25,-3.0853216501777547,25.836477987421382,-0.9429603815078735,0.0,-0.0032076969277113677,40.10530500411987,3.526286470890045,0.0,0.008579711220227182,0.1125,12.302026176452637,-5.820766091346741e-11,0.33888089656829834,0.00028282208588957053,-0.5377458930015564
30,122880,79.4,1577.5,2.45,0.15,10,0.125,94,0.2765957446808511,154,38,91,7,18,0,0,15,-3.5495280720636373,26.746753246753247,-0.9457278251647949,0.0,0.002818755619227886,41.77300605773926,3.521548795700073,0.0,0.011350619912263937,0.158154296875,12.917812085151672,-5.820766091346741e-11,0.2954580783843994,0.00028220858895705516,-0.5396603345870972
31,126976,82.0,1568.1,2.47,0.14,10,0.125,259,0.23166023166023167,165,34,91,13,27,0,0,22,-3.706968997861727,25.12727272727273,-0.9861041307449341,0.0,0.0024249338544905185,39.25994682312012,3.512650489807129,0.0,0.016263787899515592,0.210107421875,12.368067312240601,-5.820766091346741e-11,0.2885715365409851,0.00028159509202453983,-0.5422123670578003
32,131072,84.7,1503.9,2.58,0.15,10,0.125,421,0.24465558194774348,162,43,78,13,28,0,0,24,-3.4188347775642756,25.09259259259259,-0.9248993992805481,0.0,-0.001353361364454031,42.355540084838864,3.5000969529151917,0.0,0.013605158048449084,0.185595703125,8.405070734024047,-1.1641532182693481e-10,0.3136807084083557,0.0002809815950920245,-0.5462279319763184
33,135168,87.4,1558.6,2.48,0.15,10,0.125,75,0.12,166,30,102,7,27,0,0,16,-3.4743996574525,24.64457831325301,-0.9851366281509399,0.0,-0.002176400413736701,33.64406871795654,3.484062063694,0.0,0.012724607126438059,0.1720703125,11.721814894676209,-5.820766091346741e-11,0.2914543151855469,0.0002803680981595092,-0.5490944385528564
34,139264,90.1,1511.2,2.57,0.14,10,0.125,250,0.124,175,22,104,13,36,0,0,12,-3.2961130809259784,23.65142857142857,-1.048719882965088,0.0,-0.0022868534550070764,26.903562831878663,3.4774423360824587,0.0,0.010091489506885409,0.137451171875,8.844401168823243,0.0,0.32148993015289307,0.0002797546012269938,-0.5502748489379883
35,143360,92.7,1558.0,2.48,0.15,10,0.125,428,0.1705607476635514,178,42,95,15,26,0,0,26,-3.7224733721694814,22.713483146067414,-0.9427931308746338,0.0,-0.001833926932886243,42.21051425933838,3.4718218088150024,0.0,0.009802157426020131,0.134716796875,13.402744221687318,0.0,0.2700954079627991,0.0002791411042944785,-0.5518803596496582
36,147456,95.4,1556.4,2.48,0.15,10,0.125,92,0.2608695652173913,176,39,103,11,23,0,0,24,-3.797408362775932,23.198863636363637,-0.9536765813827515,0.0,0.0008723269682377576,38.052800464630124,3.4646796345710755,0.0,0.013422751307371073,0.1787109375,8.205407333374023,-5.820766091346741e-11,0.250962495803833,0.00027852760736196317,-0.554006040096283
37,151552,98.0,1544.7,2.5,0.15,10,0.125,271,0.21033210332103322,179,33,110,12,24,0,0,15,-3.587629819351502,23.553072625698324,-1.0009257793426514,0.0,-0.0010214662179350853,34.21711444854736,3.456055533885956,0.0,0.01211966490955092,0.16533203125,9.458989202976227,-1.1641532182693481e-10,0.2634389400482178,0.00027791411042944785,-0.5558394193649292
38,155648,100.8,1500.3,2.58,0.15,10,0.125,450,0.20222222222222222,179,34,98,11,36,0,0,23,-3.7157170241266435,22.620111731843576,-0.9933170080184937,0.0,0.004593762662261724,37.281625270843506,3.451705551147461,0.0,0.019047390716150404,0.233349609375,8.539545941352845,-5.820766091346741e-11,0.25462400913238525,0.0002773006134969325,-0.5559549331665039
39,159744,103.4,1529.0,2.53,0.15,10,0.125,113,0.23893805309734514,175,37,94,14,30,0,0,21,-3.7082872994659994,23.405714285714286,-0.9583209753036499,0.0,0.0003114912426099181,37.65632934570313,3.4523367643356324,0.0,0.015169950897688977,0.2009765625,8.839291954040528,-5.820766091346741e-11,0.27411192655563354,0.00027668711656441715,-0.5556412935256958
40,163840,106.1,1517.9,2.55,0.14,10,0.125,290,0.21724137931034482,177,36,103,4,34,0,0,19,-3.4860470479075065,22.774011299435028,-0.9384543895721436,0.0,-6.665568798780441e-05,35.72633361816406,3.4512649536132813,0.0,0.011043139215325936,0.14384765625,8.209029150009155,-1.1641532182693481e-10,0.253537654876709,0.00027607361963190183,-0.5571879744529724
41,167936,108.5,1764.6,2.17,0.15,10,0.125,473,0.21141649048625794,183,37,109,9,28,0,0,24,-3.541511472978901,22.442622950819672,-0.9571885466575623,0.0,-0.005144405225291848,37.84425821304321,3.442642426490784,0.0,0.009260893968166784,0.12314453125,8.409873676300048,-1.1641532182693481e-10,0.24900329113006592,0.00027546012269938645,-0.5596070289611816
42,172032,110.3,2307.9,1.68,0.1,10,0.125,150,0.2,189,41,98,14,36,0,0,28,-3.737946525498609,21.98941798941799,-0.9469093680381775,0.0,-0.002360828500241041,38.07154912948609,3.4324209570884703,0.0,0.007638059236342087,0.09912109375,10.559534442424773,0.0,0.2555782198905945,0.00027484662576687113,-0.5624276995658875
43,176128,113.0,1502.9,2.58,0.15,10,0.125,328,0.21951219512195122,178,42,91,14,31,0,0,26,-3.7786508652195,22.314606741573034,-0.9112626314163208,0.0,-0.002418205002322793,39.472761154174805,3.4205236434936523,0.0,0.010340695627382957,0.140673828125,10.994333481788635,-5.820766091346741e-11,0.24609416723251343,0.0002742331288343558,-0.565117597579956
44,180224,115.7,1521.3,2.54,0.15,10,0.125,8,0.125,192,47,93,12,40,0,0,26,-3.6640558899331577,21.807291666666668,-0.8964041471481323,0.0,-0.0016083722934126855,39.776030921936034,3.412351381778717,0.0,0.007931465315050446,0.106005859375,10.099718320369721,-5.820766091346741e-11,0.23214751482009888,0.0002736196319018405,-0.5664474964141846
45,184320,118.4,1527.8,2.54,0.14,10,0.125,196,0.25,188,48,95,11,34,0,0,26,-3.6825954497030255,21.856382978723403,-0.8837432861328125,0.0,-0.0038471462205052374,41.64441184997558,3.407246971130371,0.0,0.009621853099088185,0.134228515625,11.020247161388397,-5.820766091346741e-11,0.20325148105621338,0.00027300613496932517,-0.5677889585494995
46,188416,120.9,1592.7,2.43,0.14,10,0.125,378,0.25925925925925924,182,49,84,12,37,0,0,25,-3.8829851951521825,22.67032967032967,-0.8681694269180298,0.0,-0.002449947455897927,42.99095792770386,3.4022207379341127,0.0,0.006400605881935917,0.079638671875,12.654893970489502,-1.1641532182693481e-10,0.25214529037475586,0.0002723926380368098,-0.5690320134162903
47,192512,123.6,1553.4,2.5,0.14,10,0.125,54,0.25925925925925924,188,49,84,12,43,0,0,29,-3.6737217568023786,21.420212765957448,-0.8769142031669617,0.0,-0.0023067140486091376,41.071339988708495,3.3977227330207826,0.0,0.008036347266170196,0.10478515625,12.5379558801651,0.0,0.26147037744522095,0.00027177914110429447,-0.5700863599777222
48,196608,125.7,1959.1,1.94,0.15,10,0.125,246,0.2601626016260163,192,50,85,20,37,0,0,28,-3.699802886161424,21.479166666666668,-0.8659010529518127,0.0,-0.004587583965621889,41.03523168563843,3.3930358052253724,0.0,0.010465738631319254,0.138671875,11.011102879047394,-1.1641532182693481e-10,0.23593932390213013,0.0002711656441717791,-0.5715537071228027
49,200704,128.4,1528.7,2.53,0.15,10,0.125,440,0.24772727272727274,194,45,86,15,48,0,0,29,-4.2367289561557815,21.40721649484536,-0.9058507084846497,0.0,0.0007479079999029636,38.28158769607544,3.383633887767792,0.0,0.010410381233668886,0.14453125,13.683802485466003,-5.820766091346741e-11,0.24439877271652222,0.00027055214723926377,-0.5744892358779907
50,204800,131.1,1502.0,2.58,0.15,10,0.125,117,0.23931623931623933,189,48,83,12,46,0,0,32,-3.581882341879364,21.544973544973544,-0.875791072845459,0.0,-0.0034542737994343042,39.35095443725586,3.3726871609687805,0.0,0.007239281790680252,0.093212890625,9.852597272396087,-5.820766091346741e-11,0.25203073024749756,0.00026993865030674845,-0.5773144960403442
51,208896,133.8,1526.9,2.54,0.14,10,0.125,304,0.26644736842105265,187,53,81,22,31,0,0,39,-3.9287515058782483,21.55614973262032,-0.8347861766815186,0.0,-0.00268020685762167,42.709482192993164,3.3622634410858154,0.0,0.007018104832968675,0.087255859375,11.231348776817322,-5.820766091346741e-11,0.2168419361114502,0.00026932515337423313,-0.579431414604187
52,212992,136.4,1568.1,2.47,0.14,10,0.125,503,0.26043737574552683,199,50,90,20,39,0,0,34,-4.022663886932225,20.99497487437186,-0.8475837707519531,0.0,-0.0011930249631404877,40.248311805725095,3.355017971992493,0.0,0.010806291998596862,0.145263671875,7.696480655670166,-1.1641532182693481e-10,0.17818808555603027,0.0002687116564417178,-0.5808860063552856
53,217088,139.1,1513.8,2.56,0.15,10,0.125,177,0.3107344632768362,186,57,73,14,42,0,0,35,-4.033314578882455,21.489247311827956,-0.7908099293708801,0.0,-0.0035315519664436577,41.28076019287109,3.3491249680519104,0.0,0.007478175475262106,0.098291015625,10.303482341766358,-5.820766091346741e-11,0.20980840921401978,0.00026809815950920243,-0.58266282081604
54,221184,141.9,1474.5,2.63,0.15,10,0.125,373,0.2868632707774799,196,52,77,16,51,0,0,31,-4.071086243773607,21.112244897959183,-0.8447535634040833,0.0,-0.0027696315199136736,39.10631351470947,3.3399467945098875,0.0,0.008199222461553291,0.111767578125,7.720041751861572,-2.3283064365386963e-10,0.21574890613555908,0.0002674846625766871,-0.5854220986366272
55,225280,144.6,1506.8,2.57,0.15,10,0.125,59,0.1694915254237288,198,38,84,19,57,0,0,24,-4.207631288806655,20.833333333333332,-0.9518853425979614,0.0,-0.002212414611130953,34.55684423446655,3.3307046055793763,0.0,0.008903872323571704,0.12080078125,13.526034355163574,-1.7462298274040222e-10,0.20542913675308228,0.00026687116564417173,-0.5869728922843933
56,229376,147.3,1545.4,2.51,0.14,10,0.125,257,0.2529182879377432,198,55,85,12,46,0,0,31,-3.630685418119266,20.696969696969695,-0.8507407307624817,0.0,-0.000914139999076724,40.967694473266604,3.324719476699829,0.0,0.009587781870504842,0.13193359375,10.193650782108307,-1.1641532182693481e-10,0.23977959156036377,0.0002662576687116564,-0.5887474417686462
57,233472,150.0,1485.5,2.61,0.15,10,0.125,456,0.26973684210526316,199,58,77,18,46,0,0,44,-3.9159338257727994,20.030150753768844,-0.8113336563110352,0.0,0.0011311445385217666,42.3340841293335,3.3173025488853454,0.0,0.009481246993527748,0.1294921875,10.590472257137298,-1.7462298274040222e-10,0.22035342454910278,0.0002656441717791411,-0.5905526876449585
58,237568,152.7,1530.4,2.53,0.15,10,0.125,159,0.2578616352201258,215,59,74,21,61,0,0,37,-3.7255066255950804,19.49767441860465,-0.881656289100647,0.0,-0.003373216721229255,41.5234694480896,3.309222769737244,0.0,0.006672690168488771,0.082421875,10.336914944648743,-1.1641532182693481e-10,0.17926472425460815,0.00026503067484662577,-0.5928710699081421
59,241664,155.4,1520.3,2.55,0.15,10,0.125,353,0.3059490084985836,194,67,74,18,35,0,0,45,-4.056098816750791,20.81958762886598,-0.7395408153533936,0.0,-0.0035635790321975947,45.224092674255374,3.2999803185462953,0.0,0.006766675019753166,0.0873046875,8.755034232139588,-3.4924596548080444e-10,0.1805049180984497,0.0002644171779141104,-0.5952235460281372
60,245760,158.1,1511.6,2.56,0.15,10,0.125,52,0.21153846153846154,211,52,79,18,62,0,0,36,-4.134800706992172,19.682464454976305,-0.8886851072311401,0.0,-0.0014550351537764073,38.83846530914307,3.290574371814728,0.0,0.010180314246099442,0.139697265625,10.459136199951171,-2.3283064365386963e-10,0.22226017713546753,0.00026380368098159507,-0.5973719358444214
61,249856,160.4,1844.4,2.07,0.15,10,0.125,256,0.2890625,204,63,61,26,54,0,0,41,-3.7969137271835214,20.09313725490196,-0.7879593372344971,0.0,-0.0033985060639679433,41.696533584594725,3.282843828201294,0.0,0.008182204584591091,0.107421875,10.935015618801117,-2.3283064365386963e-10,0.24744290113449097,0.00026319018404907975,-0.5992786884307861
62,253952,162.3,2142.6,1.78,0.13,10,0.125,463,0.28509719222462204,207,58,81,18,50,0,0,36,-4.245803865041176,19.806763285024154,-0.8174260854721069,0.0,-0.0023505964782088995,40.138244438171384,3.276124095916748,0.0,0.009513086802326143,0.133154296875,8.458394408226013,-5.820766091346741e-11,0.18869417905807495,0.00026257668711656437,-0.6004531383514404
63,258048,164.9,1592.0,2.42,0.15,10,0.125,143,0.3146853146853147,192,59,68,24,41,0,0,38,-3.9535765796903095,20.875,-0.7582419514656067,0.0,-0.0007427160628139973,42.13182601928711,3.270521891117096,0.0,0.008940445221378468,0.122802734375,10.740635633468628,-5.820766091346741e-11,0.20387035608291626,0.00026196319018404905,-0.6025984287261963
64,262144,167.6,1513.0,2.56,0.15,10,0.125,353,0.32011331444759206,210,68,69,16,57,0,0,42,-3.9872528394974136,19.833333333333332,-0.7611604928970337,0.0,-0.0038983871228992937,42.706420516967775,3.2626043558120728,0.0,0.005225149285979569,0.05791015625,12.17605255842209,-2.3283064365386963e-10,0.201555073261261,0.00026134969325153373,-0.6037091016769409
65,266240,170.2,1597.2,2.42,0.14,10,0.125,46,0.30434782608695654,205,76,66,18,45,0,0,51,-3.9420800100869355,19.98048780487805,-0.722789466381073,0.0,-0.002833948779152706,47.10230045318603,3.25965039730072,0.0,0.009047562739579008,0.1181640625,10.208295917510986,-1.7462298274040222e-10,0.21283209323883057,0.0002607361963190184,-0.6045452952384949
66,270336,172.8,1530.3,2.53,0.15,10,0.125,267,0.3408239700374532,221,77,62,16,66,0,0,48,-4.152602609855892,18.262443438914026,-0.718475341796875,0.0,-0.005595037806779146,42.32426242828369,3.25576251745224,0.0,0.007640523818554357,0.099658203125,9.869630074501037,-2.9103830456733704e-10,0.21974509954452515,0.00026012269938650303,-0.6054741144180298
67,274432,175.5,1524.1,2.54,0.15,10,0.125,479,0.34237995824634654,212,73,66,15,58,0,0,52,-3.952512894142787,19.721698113207548,-0.7502566576004028,0.0,-0.003921664296649396,44.789156913757324,3.2513203501701353,0.0,0.006902455925592221,0.090087890625,8.707031559944152,-1.7462298274040222e-10,0.17899155616760254,0.0002595092024539877,-0.6067485213279724
68,278528,178.2,1544.8,2.51,0.14,10,0.125,170,0.2823529411764706,203,62,74,15,52,0,0,47,-3.969108485761185,20.23152709359606,-0.7500115036964417,0.0,-0.0032927181571722032,40.926329612731934,3.2489495992660524,0.0,0.009306342963827773,0.1189453125,7.420390176773071,-2.9103830456733704e-10,0.20661413669586182,0.0002588957055214724,-0.606597900390625
69,282624,180.9,1505.9,2.57,0.15,10,0.125,382,0.3089005235602094,212,70,71,15,56,0,0,41,-3.939362458927097,19.183962264150942,-0.7348469495773315,0.0,-0.0035035301465541125,40.012193870544436,3.248111343383789,0.0,0.008244057474075816,0.111572265625,9.560465109348296,-2.9103830456733704e-10,0.21692508459091187,0.000258282208588957,-0.6075477600097656
70,286720,183.6,1549.6,2.49,0.15,10,0.125,76,0.3815789473684211,206,69,70,21,46,0,0,41,-4.0174909642106895,19.800970873786408,-0.7153334021568298,0.0,-0.0038025351241230965,44.82513790130615,3.2410523891448975,0.0,0.008709376762271858,0.115283203125,10.669513988494874,-1.7462298274040222e-10,0.13989651203155518,0.0002576687116564417,-0.6101394295692444
71,290816,185.4,2192.1,1.76,0.11,10,0.125,277,0.3574007220216607,201,70,72,16,43,0,0,44,-4.355399329457484,20.393034825870647,-0.7037719488143921,0.0,-0.005168984876945615,43.16865348815918,3.228557014465332,0.0,0.008062993723433465,0.1083984375,8.05889972448349,-2.3283064365386963e-10,0.1627197265625,0.00025705521472392637,-0.6138213872909546
72,294912,187.6,1858.4,2.06,0.14,10,0.125,483,0.37267080745341613,206,81,61,19,45,0,0,52,-3.9718065919548144,19.980582524271846,-0.642993688583374,0.0,-0.0030830693896859883,41.94254608154297,3.213524115085602,0.0,0.006578215496847406,0.083984375,10.74049254655838,-1.7462298274040222e-10,0.22892123460769653,0.00025644171779141105,-0.6172727346420288
73,299008,190.3,1529.3,2.53,0.15,10,0.125,170,0.4117647058823529,199,83,57,22,37,0,0,55,-4.038467590200143,20.668341708542712,-0.6294260025024414,0.0,-0.004508858220651746,44.177693939208986,3.2024046301841738,0.0,0.00862049763672985,0.116259765625,6.678400838375092,-5.820766091346741e-11,0.18863922357559204,0.00025582822085889567,-0.6192513704299927
74,303104,193.1,1483.6,2.61,0.15,10,0.125,366,0.42349726775956287,196,85,59,6,46,0,0,58,-4.0170254202667115,20.790816326530614,-0.6239650249481201,0.0,-0.0031584372278302907,43.2584150314331,3.195394289493561,0.0,0.011099511690554209,0.1498046875,9.882576847076416,-1.7462298274040222e-10,0.23356622457504272,0.00025521472392638035,-0.621213436126709
75,307200,195.8,1531.6,2.53,0.15,10,0.125,50,0.36,196,68,70,22,36,0,0,42,-3.9388403662719367,20.933673469387756,-0.682044267654419,0.0,-0.0036577715072780848,43.51064910888672,3.1873786568641664,0.0,0.00718301908345893,0.09384765625,10.9309703707695,-1.1641532182693481e-10,0.15736281871795654,0.000254601226993865,-0.6229820847511292
76,311296,198.5,1489.5,2.6,0.15,10,0.125,245,0.3510204081632653,195,68,73,15,39,0,0,44,-4.277815284881697,20.846153846153847,-0.6727083921432495,0.0,-0.0015660798177123069,42.76797924041748,3.1809869527816774,0.0,0.006977372796973214,0.08876953125,10.310454869270325,-2.3283064365386963e-10,0.15417790412902832,0.00025398773006134965,-0.6244280338287354
77,315392,201.2,1522.1,2.54,0.15,10,0.125,457,0.3347921225382932,212,67,71,23,51,0,0,47,-4.1580714948512325,19.528301886792452,-0.7250834703445435,0.0,-0.0021717718103900553,41.35494136810303,3.175864064693451,0.0,0.007239680670318193,0.095849609375,11.597959220409393,-5.238689482212067e-10,0.18549776077270508,0.00025337423312883433,-0.6256680488586426
78,319488,203.9,1537.7,2.52,0.14,10,0.125,149,0.38926174496644295,204,82,62,15,45,0,0,52,-4.07546687562749,19.926470588235293,-0.6168537139892578,0.0,-0.0009725274983793497,42.85880260467529,3.170248556137085,0.0,0.009650074844830669,0.1240234375,11.847431194782256,-1.7462298274040222e-10,0.22715085744857788,0.000252760736196319,-0.627032458782196
79,323584,206.6,1538.3,2.51,0.15,10,0.125,350,0.41714285714285715,201,88,63,11,39,0,0,53,-4.206189197317704,20.378109452736318,-0.5719213485717773,0.0,-0.0029384989058598874,45.25068473815918,3.1653743743896485,0.0,0.007117827431648039,0.094775390625,10.150094830989838,-1.7462298274040222e-10,0.20433837175369263,0.0002521472392638037,-0.6283161640167236
80,327680,209.1,1622.6,2.38,0.14,10,0.125,48,0.2916666666666667,210,79,75,14,42,0,0,45,-4.021520530144784,19.37142857142857,-0.6603919267654419,0.0,-0.0032370002940297128,42.7161584854126,3.1601949453353884,0.0,0.005795300012687221,0.07041015625,11.432703733444214,-2.3283064365386963e-10,0.21608203649520874,0.0002515337423312883,-0.6295305490493774
81,331776,211.7,1586.9,2.44,0.14,10,0.125,245,0.39591836734693875,197,83,63,17,34,0,0,59,-4.006255601041527,20.81218274111675,-0.6054131984710693,0.0,-0.0027780582662671805,45.036737060546876,3.1527354240417482,0.0,0.007836662049521692,0.106982421875,8.767001366615295,-2.9103830456733704e-10,0.17570245265960693,0.000250920245398773,-0.632455587387085
82,335872,214.6,1388.2,2.8,0.15,10,0.125,443,0.4040632054176072,198,82,68,12,36,0,0,53,-4.204134097350443,20.964646464646464,-0.6158446669578552,0.0,-0.0032939933706074955,46.135522079467776,3.13949568271637,0.0,0.00899504116969183,0.122607421875,11.42215496301651,-3.4924596548080444e-10,0.1698123812675476,0.00025030674846625767,-0.6354576349258423
83,339968,217.3,1554.8,2.49,0.15,10,0.125,143,0.3776223776223776,212,77,66,18,51,0,0,55,-3.73978427934855,19.38679245283019,-0.646812915802002,0.0,-0.0029149895068258046,41.656287002563474,3.1301717877388002,0.0,0.005395135868457146,0.066357421875,11.55090012550354,-3.4924596548080444e-10,0.17656099796295166,0.0002496932515337423,-0.6375460624694824
84,344064,219.8,1624.1,2.37,0.15,10,0.125,343,0.3673469387755102,200,72,71,21,36,0,0,49,-4.1245279780132185,20.31,-0.6526684761047363,0.0,-0.002030489267781377,43.418954849243164,3.120004177093506,0.0,0.00872615261177998,0.119970703125,8.946230149269104,-5.820766091346741e-11,0.15317094326019287,0.00024907975460122697,-0.640531063079834
85,348160,221.5,2430.1,1.57,0.12,10,0.125,33,0.21212121212121213,202,70,65,19,48,0,0,45,-4.216756887678896,20.26732673267327,-0.6622565984725952,0.0,-0.002692738035693765,40.14876537322998,3.108378601074219,0.0,0.007679581944830716,0.102783203125,9.25445740222931,-2.3283064365386963e-10,0.19293969869613647,0.00024846625766871165,-0.6434572339057922
86,352256,224.2,1547.4,2.51,0.14,10,0.125,225,0.40444444444444444,192,84,61,14,33,0,0,54,-4.2141729924910045,21.526041666666668,-0.5582610368728638,0.0,-0.0001870008185505867,46.82852001190186,3.0977476239204407,0.0,0.0071133425430161875,0.094873046875,14.100597858428955,-1.1641532182693481e-10,0.17756962776184082,0.0002478527607361963,-0.6453245878219604
87,356352,226.8,1546.3,2.5,0.15,10,0.125,432,0.4166666666666667,207,89,46,35,37,0,0,62,-4.080271049558336,19.78743961352657,-0.5683480501174927,0.0,-0.0036509584635496138,45.96367492675781,3.090159368515015,0.0,0.009727229975396767,0.127685546875,10.882567667961121,-3.4924596548080444e-10,0.1818510890007019,0.00024723926380368095,-0.6477718353271484
88,360448,229.5,1546.0,2.5,0.15,10,0.125,130,0.4461538461538462,210,91,50,24,45,0,0,62,-3.985509982651075,19.504761904761907,-0.5680629014968872,0.0,-0.002180970087647438,42.28399848937988,3.0809720039367674,0.0,0.007692060855333693,0.10087890625,10.176517963409424,-4.0745362639427185e-10,0.2091001272201538,0.00024662576687116563,-0.6495392918586731
89,364544,232.2,1515.7,2.56,0.14,10,0.125,328,0.4451219512195122,198,88,52,24,34,0,0,66,-4.2976413363821555,20.358585858585858,-0.5457173585891724,0.0,-0.0015142196556553245,42.10777473449707,3.073643350601196,0.0,0.008407081541372463,0.119287109375,12.967448973655701,-1.1641532182693481e-10,0.197482168674469,0.00024601226993865025,-0.6516407132148743
90,368640,234.9,1515.3,2.55,0.15,10,0.125,21,0.42857142857142855,205,87,57,20,41,0,0,61,-4.082446329871387,20.297560975609755,-0.5746252536773682,0.0,-0.002267051907256246,44.107228469848636,3.0645371675491333,0.0,0.00840051960258279,0.1146484375,10.264212059974671,-5.238689482212067e-10,0.1831551194190979,0.00024539877300613493,-0.6542519330978394
91,372736,237.5,1548.2,2.5,0.15,10,0.125,221,0.4298642533936652,200,86,57,25,32,0,0,55,-4.157265310747723,20.125,-0.5373947024345398,0.0,0.0008522924035787582,45.457275199890134,3.0536442399024963,0.0,0.009571745659923182,0.126806640625,10.84685447216034,-3.4924596548080444e-10,0.15161669254302979,0.0002447852760736196,-0.6568138003349304
92,376832,240.2,1550.6,2.5,0.14,10,0.125,433,0.40415704387990764,212,80,61,24,47,0,0,60,-3.9305007604940956,19.52358490566038,-0.6172752380371094,0.0,-0.0038248674711212514,43.500671577453616,3.044717848300934,0.0,0.006807371746981516,0.085546875,10.265779519081116,-4.656612873077393e-10,0.1682179570198059,0.0002441717791411043,-0.6586799621582031
93,380928,242.9,1519.6,2.55,0.15,10,0.125,121,0.5289256198347108,200,105,47,20,28,0,0,71,-4.110274933076395,20.56,-0.4347989559173584,0.0,-0.001795004471205175,46.35716571807861,3.0384169101715086,0.0,0.008466054769814945,0.111181640625,11.992163145542145,-2.3283064365386963e-10,0.18777382373809814,0.00024355828220858894,-0.6600463390350342
94,385024,245.1,1863.7,2.05,0.15,10,0.125,329,0.49240121580547114,208,98,44,21,45,0,0,62,-4.153673896623852,19.629807692307693,-0.5062445998191833,0.0,-0.0017911438597366213,43.0547607421875,3.0325263500213624,0.0,0.006800893065519631,0.088916015625,9.115497434139252,-1.1641532182693481e-10,0.18065929412841797,0.0002429447852760736,-0.661959707736969
95,389120,247.2,1944.6,1.96,0.15,10,0.125,23,0.43478260869565216,206,95,43,23,45,0,0,71,-4.205230062670621,19.660194174757283,-0.5243562459945679,0.0,-0.0022168987430632114,41.241006469726564,3.0242118000984193,0.0,0.0071139498264528814,0.08984375,9.317369723320008,-2.3283064365386963e-10,0.19259101152420044,0.00024233128834355827,-0.6637471914291382
96,393216,249.9,1509.9,2.56,0.15,10,0.125,232,0.4482758620689655,209,94,49,25,41,0,0,57,-3.9345623613472718,19.942583732057415,-0.5356662273406982,0.0,-0.00212333588860929,42.88493595123291,3.0161447167396545,0.0,0.008593036350794137,0.116064453125,10.551161623001098,-6.984919309616089e-10,0.195806086063385,0.00024171779141104292,-0.6662794351577759
97,397312,252.6,1522.6,2.54,0.15,10,0.125,431,0.4593967517401392,199,94,50,22,33,0,0,62,-4.252024436784121,20.477386934673365,-0.49625879526138306,0.0,-0.003942210832610727,42.70064296722412,3.0073278307914735,0.0,0.008758879199740477,0.117236328125,8.941825342178344,-6.402842700481415e-10,0.19788306951522827,0.0002411042944785276,-0.6678029298782349
98,401408,255.3,1541.7,2.52,0.14,10,0.125,118,0.5254237288135594,199,112,39,22,26,0,0,75,-4.20064533499369,20.693467336683415,-0.3875000774860382,0.0,-0.000766995269805193,44.15164909362793,3.002113604545593,0.0,0.008740469012991525,0.115576171875,12.079561352729797,-4.0745362639427185e-10,0.21446865797042847,0.00024049079754601225,-0.6690638065338135
99,405504,258.0,1489.5,2.6,0.15,10,0.125,328,0.4695121951219512,210,92,39,26,53,0,0,71,-4.107083549197535,19.252380952380953,-0.5257667303085327,0.0,-0.003195468056946993,41.49296703338623,2.9962803721427917,0.0,0.007852104998892172,0.101513671875,12.908201766014098,-6.984919309616089e-10,0.2121814489364624,0.00023987730061349693,-0.6708532571792603
100,409600,260.8,1494.2,2.59,0.15,10,0.125,31,0.6129032258064516,215,110,42,15,48,0,0,76,-4.066399166404352,19.12093023255814,-0.4525672197341919,0.0,-0.00426043700426817,42.24343986511231,2.9893352031707763,0.0,0.007296636019600555,0.0958984375,11.942917609214783,-4.656612873077393e-10,0.2736279368400574,0.0002392638036809816,-0.6724668741226196
101,413696,263.6,1480.2,2.62,0.15,10,0.125,240,0.48333333333333334,209,97,42,24,46,0,0,74,-4.170985933952506,19.440191387559807,-0.49559879302978516,0.0,-0.0036523372400552034,41.2479169845581,2.983642613887787,0.0,0.007323974865721538,0.09677734375,10.34265604019165,-5.238689482212067e-10,0.25352901220321655,0.00023865030674846623,-0.6735184192657471
102,417792,266.3,1486.9,2.61,0.14,10,0.125,445,0.46292134831460674,205,90,45,32,38,0,0,57,-4.005612862830973,20.37560975609756,-0.5399270057678223,0.0,-0.0015020191669464112,45.301086616516116,2.9804672479629515,0.0,0.007121757126878947,0.091552734375,12.730583238601685,-4.0745362639427185e-10,0.13969576358795166,0.00023803680981595088,-0.6742396950721741
103,421888,269.2,1437.1,2.7,0.15,10,0.125,128,0.5625,195,104,32,26,33,0,0,76,-3.8144654672654945,20.933333333333334,-0.42057451605796814,0.0,-0.0038046085275709627,44.10921516418457,2.9756468653678896,0.0,0.008508165847160853,0.1158203125,13.350485157966613,-2.9103830456733704e-10,0.19716274738311768,0.00023742331288343556,-0.6759089231491089
104,425984,271.9,1523.7,2.54,0.15,10,0.125,338,0.5355029585798816,210,109,36,19,46,0,0,84,-4.024081820633375,19.604761904761904,-0.4239223599433899,0.0,-0.002688971068710089,41.35171661376953,2.9699786067008973,0.0,0.006079736043466255,0.074658203125,8.548774790763854,-3.4924596548080444e-10,0.2141895890235901,0.00023680981595092024,-0.6769939661026001
105,430080,274.5,1560.5,2.48,0.15,10,0.125,25,0.64,199,106,38,25,30,0,0,83,-3.8830923364917975,20.311557788944725,-0.4116617441177368,0.0,-0.0027026981115341187,39.3635332107544,2.9650267243385313,0.0,0.007977581993327477,0.107177734375,12.595688104629517,-1.7462298274040222e-10,0.2400227189064026,0.0002361963190184049,-0.6784479022026062
106,434176,277.2,1501.9,2.58,0.15,10,0.125,236,0.5211864406779662,211,107,54,17,33,0,0,79,-4.097137839768897,19.554502369668246,-0.4295254945755005,0.0,-0.0006204951554536819,44.52324657440185,2.9586430191993713,0.0,0.010183199000312015,0.142578125,10.223594737052917,-4.656612873077393e-10,0.21485668420791626,0.00023558282208588956,-0.6801364421844482
107,438272,279.8,1564.2,2.47,0.15,10,0.125,435,0.5195402298850574,199,103,38,13,45,0,0,73,-3.9763336851389064,20.251256281407034,-0.4112127423286438,0.0,-0.0017283105291426182,40.784049606323244,2.9523229122161867,0.0,0.006666102734743618,0.083349609375,8.558433544635772,-5.238689482212067e-10,0.20893090963363647,0.00023496932515337424,-0.681740939617157
108,442368,281.5,2498.2,1.53,0.11,10,0.125,124,0.5967741935483871,201,114,41,21,25,0,0,82,-4.118255654318927,20.736318407960198,-0.3552744388580322,0.0,-0.0013923007994890214,42.854648399353025,2.946370553970337,0.0,0.006998833542456851,0.092529296875,9.874363613128661,-4.656612873077393e-10,0.22838950157165527,0.00023435582822085887,-0.6828668117523193
109,446464,284.0,1671.4,2.31,0.14,10,0.125,318,0.5786163522012578,194,110,34,19,31,0,0,74,-3.9495773139483403,21.02577319587629,-0.37073421478271484,0.0,-0.002771107666194439,38.93772659301758,2.9420220971107485,0.0,0.006513290497241542,0.08125,9.924003744125367,-5.820766091346741e-10,0.22971278429031372,0.00023374233128834352,-0.6841855049133301
110,450560,286.6,1543.4,2.51,0.15,10,0.125,3,0.3333333333333333,197,102,37,16,42,0,0,77,-3.8643894759878425,20.6497461928934,-0.42861926555633545,0.0,-0.004307880904525519,41.08327083587646,2.9353582739830015,0.0,0.006195532294805161,0.081201171875,12.26549813747406,-4.656612873077393e-10,0.2176041603088379,0.0002331288343558282,-0.6860178709030151
111,454656,289.3,1551.1,2.49,0.15,10,0.125,208,0.5144230769230769,205,106,43,17,39,0,0,74,-3.861712110804768,19.970731707317075,-0.41518139839172363,0.0,-0.0033982982859015465,39.192833518981935,2.92944974899292,0.0,0.006848512002034113,0.090966796875,8.904954481124879,-6.984919309616089e-10,0.2382076382637024,0.00023251533742331287,-0.687073290348053
112,458752,291.9,1561.3,2.48,0.15,10,0.125,407,0.5307125307125307,199,109,32,25,33,0,0,68,-3.7491613009041798,20.77386934673367,-0.3861067295074463,0.0,-0.003759220102801919,39.24181575775147,2.9245036363601686,0.0,0.006574565832852386,0.085546875,10.111475515365601,-2.9103830456733704e-10,0.23465073108673096,0.00023190184049079753,-0.6889208555221558
113,462848,294.5,1553.6,2.49,0.15,10,0.125,95,0.5368421052631579,200,101,33,29,37,0,0,79,-4.052588098660623,20.35,-0.4180455505847931,0.0,-0.0032541318330913784,40.35950965881348,2.9158756136894226,0.0,0.008168832591036335,0.108203125,10.897752583026886,-5.820766091346741e-10,0.2312977910041809,0.0002312883435582822,-0.6909737586975098
114,466944,297.2,1513.4,2.56,0.15,10,0.125,294,0.5272108843537415,199,104,46,24,25,0,0,71,-3.9330627298698295,20.668341708542712,-0.416626513004303,0.0,9.463327005505562e-05,41.46280632019043,2.9092761754989622,0.0,0.008671905231312848,0.116650390625,12.036914849281311,-7.566995918750763e-10,0.18767374753952026,0.00023067484662576683,-0.6923930048942566
115,471040,299.9,1556.6,2.48,0.15,10,0.125,492,0.5386178861788617,198,110,33,27,28,0,0,81,-3.8260925284838962,20.954545454545453,-0.36872348189353943,0.0,-0.0038535121362656354,39.58156604766846,2.903553545475006,0.0,0.005976998741971329,0.075390625,11.310263180732727,-1.1641532182693481e-10,0.21460437774658203,0.0002300613496932515,-0.6936221122741699
116,475136,302.6,1524.8,2.54,0.15,10,0.125,184,0.5543478260869565,204,114,39,17,34,0,0,85,-4.07521166650271,19.67156862745098,-0.3603857159614563,0.0,-0.0022132722195237877,38.71300296783447,2.898932862281799,0.0,0.005731662645121105,0.070947265625,10.802823758125305,-5.238689482212067e-10,0.25080180168151855,0.00022944785276073616,-0.6950180530548096
117,479232,305.0,1714.0,2.24,0.15,10,0.125,385,0.5792207792207792,201,121,33,22,25,0,0,82,-3.9485164517045535,20.567164179104477,-0.29462867975234985,0.0,-0.004823915241286158,38.80881614685059,2.8918301463127136,0.0,0.006992233078926801,0.091943359375,9.96470775604248,-5.238689482212067e-10,0.20767253637313843,0.00022883435582822084,-0.6971768736839294
118,483328,306.6,2469.8,1.56,0.1,10,0.125,61,0.5409836065573771,188,106,40,23,19,0,0,79,-3.8639209436348074,21.664893617021278,-0.3571159541606903,0.0,-0.0019280044361948967,38.24972438812256,2.883704137802124,0.0,0.007111221164814196,0.092919921875,9.00249515771866,-4.656612873077393e-10,0.2255592942237854,0.00022822085889570551,-0.698822021484375
119,487424,309.3,1540.5,2.51,0.15,10,0.125,254,0.562992125984252,193,110,35,19,29,0,0,84,-3.9055214525990785,21.27461139896373,-0.3566148281097412,0.0,-0.003411127859726548,38.575700187683104,2.8762718200683595,0.0,0.0077429488039342685,0.101025390625,9.004420399665833,-4.0745362639427185e-10,0.23131978511810303,0.00022760736196319017,-0.7011801600456238
120,491520,311.9,1556.9,2.48,0.15,10,0.125,443,0.5846501128668171,189,116,34,12,27,0,0,88,-3.948118454556077,21.566137566137566,-0.30476701259613037,0.0,-0.0030098038259893656,36.92261848449707,2.8671731114387513,0.0,0.005998185271164402,0.07392578125,11.377078485488891,-4.0745362639427185e-10,0.26035410165786743,0.00022699386503067484,-0.7030208706855774
121,495616,314.7,1470.1,2.64,0.15,10,0.125,130,0.5384615384615384,199,110,36,21,32,0,0,85,-3.8278465949462177,20.86934673366834,-0.36322343349456787,0.0,-0.004975449573248625,36.79959659576416,2.8591332912445067,0.0,0.007080353039782494,0.09375,9.256573057174682,-1.1641532182693481e-09,0.2666913866996765,0.0002263803680981595,-0.7056314945220947
122,499712,317.4,1528.6,2.53,0.15,10,0.125,316,0.5632911392405063,186,108,39,26,13,0,0,81,-3.9783628604911354,21.768817204301076,-0.3505043685436249,0.0,-0.003772726282477379,38.185214614868165,2.8504358172416686,0.0,0.007095163426129147,0.090625,10.55410361289978,-7.566995918750763e-10,0.20574575662612915,0.00022576687116564415,-0.7067668437957764
123,503808,320.0,1587.2,2.43,0.15,10,0.125,0,,196,128,28,20,20,0,0,94,-4.005968336898817,20.729591836734695,-0.2722098231315613,0.0,-0.0031610664445906878,34.28553485870361,2.8468542218208315,0.0,0.004334265342913568,0.0451171875,15.115560841560363,-5.820766091346741e-10,0.28669172525405884,0.0002251533742331288,-0.7079386711120605
124,507904,322.7,1533.0,2.53,0.14,10,0.125,195,0.5333333333333333,195,104,37,32,22,0,0,72,-3.9403394161503895,21.48205128205128,-0.38223016262054443,0.0,-0.0046760584227740765,40.64655303955078,2.8402886986732483,0.0,0.006970475241541862,0.086279296875,12.807662105560302,-6.984919309616089e-10,0.20988601446151733,0.00022453987730061348,-0.7099006175994873
125,512000,325.3,1572.9,2.46,0.14,10,0.125,396,0.5555555555555556,201,116,32,20,33,0,0,81,-3.9178503549950188,20.253731343283583,-0.34198376536369324,0.0,-0.0036435744259506464,38.69850444793701,2.8334450483322144,0.0,0.005555540439672768,0.064697265625,10.708017826080322,-8.731149137020111e-10,0.25247007608413696,0.00022392638036809815,-0.7112003564834595
126,516096,327.9,1587.0,2.44,0.15,10,0.125,84,0.4523809523809524,200,110,35,21,34,0,0,80,-3.9721354142827794,20.565,-0.35777634382247925,0.0,-0.002708421275019646,39.1292760848999,2.8292369484901427,0.0,0.006048365970491432,0.074072265625,10.68524103164673,-5.820766091346741e-10,0.24332916736602783,0.0002233128834355828,-0.7120571136474609
127,520192,330.5,1544.1,2.51,0.14,10,0.125,284,0.5246478873239436,200,111,45,12,32,0,0,84,-3.976313237230916,20.365,-0.3632192611694336,0.0,-0.0030678755603730677,40.85122375488281,2.8256365299224853,0.0,0.008813445194391534,0.116650390625,11.423773181438445,-7.566995918750763e-10,0.21661561727523804,0.00022269938650306746,-0.712973952293396
128,524288,333.1,1570.6,2.46,0.14,10,0.125,481,0.5634095634095634,197,122,30,18,27,0,0,94,-4.099739279928495,20.629441624365484,-0.2851848900318146,0.0,-0.001545597007498145,35.30867862701416,2.8225968956947325,0.0,0.007782094340655021,0.100390625,10.91815252304077,-5.238689482212067e-10,0.29075270891189575,0.00022208588957055213,-0.7137645483016968
129,528384,335.8,1525.4,2.54,0.15,10,0.125,165,0.6121212121212121,196,123,29,12,32,0,0,98,-3.74925519679197,20.81122448979592,-0.2587510943412781,0.0,-0.004862507153302431,36.40372343063355,2.8170982956886292,0.0,0.006707690411712974,0.08369140625,9.817763304710388,-4.0745362639427185e-10,0.27038949728012085,0.0002214723926380368,-0.7159088850021362
130,532480,338.5,1536.6,2.52,0.15,10,0.125,358,0.6201117318435754,193,121,27,27,18,0,0,85,-3.8004596409108027,21.512953367875646,-0.27485713362693787,0.0,-0.003977473452687263,35.932983207702634,2.8084863781929017,0.0,0.00566100851574447,0.07041015625,15.420494198799133,-1.1641532182693481e-10,0.21588915586471558,0.00022085889570552144,-0.7175629138946533
131,536576,341.1,1556.4,2.49,0.14,10,0.125,38,0.631578947368421,192,113,28,18,33,0,0,88,-3.8000315031932876,20.9375,-0.30862993001937866,0.0,-0.00453441571444273,37.70814514160156,2.803274929523468,0.0,0.0072553177393274385,0.095703125,12.04252028465271,-8.149072527885437e-10,0.24403250217437744,0.00022024539877300611,-0.7187564373016357
132,540672,343.8,1573.5,2.46,0.14,10,0.125,236,0.6059322033898306,198,119,28,18,33,0,0,83,-4.073402547833921,20.53030303030303,-0.3066837787628174,0.0,-0.005153712444007396,35.32511835098266,2.7979888796806334,0.0,0.006826758795068599,0.086962890625,9.324652099609375,-6.402842700481415e-10,0.2486196756362915,0.0002196319018404908,-0.7203366756439209
133,544768,346.3,1627.3,2.37,0.15,10,0.125,429,0.6037296037296037,193,116,29,11,37,0,0,91,-3.869681396643129,21.54922279792746,-0.3127230405807495,0.0,-0.004181218147277832,35.99653253555298,2.791111981868744,0.0,0.005759750085417181,0.06533203125,9.647792339324951,-3.4924596548080444e-10,0.2977386713027954,0.00021901840490797544,-0.7219176888465881
134,548864,348.9,1539.4,2.51,0.15,10,0.125,107,0.6728971962616822,190,125,29,18,18,0,0,91,-3.704526872261795,21.7,-0.24595467746257782,0.0,-0.004495577677153051,35.33569974899292,2.7857425093650816,0.0,0.008546908185235225,0.111572265625,11.339195060729981,-6.984919309616089e-10,0.28348565101623535,0.0002184049079754601,-0.7233095765113831
135,552960,351.4,1672.0,2.31,0.14,10,0.125,306,0.6535947712418301,199,128,23,19,29,0,0,93,-3.854825334811422,20.467336683417084,-0.23048865795135498,0.0,-0.00385971674695611,37.03867683410645,2.7784454941749575,0.0,0.008234593120869249,0.107373046875,9.371921825408936,-4.656612873077393e-10,0.26420289278030396,0.00021779141104294477,-0.725462794303894
136,557056,353.0,2487.2,1.52,0.13,10,0.125,500,0.634,194,117,35,18,24,0,0,98,-3.8080030121300914,21.18041237113402,-0.29040277004241943,0.0,-0.00018835593946278095,36.20618801116943,2.7711792469024656,0.0,0.00884315898292698,0.11884765625,13.81460063457489,-4.656612873077393e-10,0.27634793519973755,0.00021717791411042945,-0.7267947793006897
137,561152,355.8,1516.4,2.55,0.15,10,0.125,186,0.6451612903225806,198,126,27,19,26,0,0,98,-3.9120374847230153,20.762626262626263,-0.24802348017692566,0.0,-0.005294686695560813,35.395789337158206,2.766405689716339,0.0,0.008509441220667213,0.114892578125,10.453694224357605,-8.149072527885437e-10,0.29223817586898804,0.00021656441717791408,-0.727881908416748
138,565248,358.4,1529.0,2.53,0.15,10,0.125,382,0.6361256544502618,196,123,22,23,28,0,0,95,-3.7230283911701987,20.882653061224488,-0.24489060044288635,0.0,-0.0027586343698203565,33.70598974227905,2.7611929416656493,0.0,0.007916848416789435,0.10556640625,10.16524908542633,-2.9103830456733704e-10,0.30017560720443726,0.00021595092024539875,-0.7297282218933105
139,569344,361.2,1499.5,2.59,0.15,10,0.125,65,0.6307692307692307,195,125,21,21,28,0,0,90,-3.9391107492598536,21.117948717948718,-0.25764065980911255,0.0,-0.005392549000680447,36.434822940826415,2.7534180164337156,0.0,0.008240907327854074,0.114892578125,12.537156248092652,-5.238689482212067e-10,0.2914871573448181,0.00021533742331288343,-0.73122239112854
140,573440,363.8,1582.9,2.44,0.15,10,0.125,249,0.6706827309236948,184,126,24,16,18,0,0,93,-3.799960258211325,22.08695652173913,-0.20953333377838135,0.0,-0.005375624890439213,31.887554454803468,2.7481494188308715,0.0,0.005725765225361101,0.069921875,9.045236468315125,-9.89530235528946e-10,0.2953740954399109,0.00021472392638036808,-0.7327834963798523
141,577536,366.4,1559.0,2.48,0.14,10,0.125,440,0.6590909090909091,191,123,24,20,24,0,0,102,-3.5771663091677044,21.308900523560208,-0.24241124093532562,0.0,-0.005540044605731964,33.12952785491943,2.7410951614379884,0.0,0.00836528318177443,0.1130859375,10.865723395347596,-5.820766091346741e-10,0.30112600326538086,0.00021411042944785273,-0.7347536087036133
142,581632,369.1,1511.3,2.56,0.15,10,0.125,129,0.5813953488372093,201,126,22,19,34,0,0,99,-3.852961442012922,20.328358208955223,-0.2561902105808258,0.0,-0.004149149917066097,34.27757816314697,2.731569004058838,0.0,0.007375709849293343,0.0958984375,8.923661494255066,-7.566995918750763e-10,0.28276705741882324,0.0002134969325153374,-0.7376388311386108
143,585728,371.7,1574.6,2.45,0.15,10,0.125,318,0.6257861635220126,189,124,33,15,17,0,0,102,-3.5882038273940915,21.761904761904763,-0.22127074003219604,0.0,-0.003010585205629468,33.4994179725647,2.721322774887085,0.0,0.008996419719187543,0.1162109375,11.317780101299286,-4.656612873077393e-10,0.31806302070617676,0.0002128834355828221,-0.7391611933708191
144,589824,374.4,1547.7,2.5,0.15,10,0.125,0,,194,133,25,12,24,0,0,111,-3.9222684233356273,21.123711340206185,-0.2009337842464447,0.0,-0.002736246306449175,30.789390277862548,2.7167471766471865,0.0,0.011994810559554026,0.16337890625,12.950726413726807,-5.820766091346741e-10,0.33705371618270874,0.00021226993865030672,-0.7404437065124512
145,593920,377.1,1484.9,2.61,0.15,10,0.125,193,0.6580310880829016,193,127,24,14,28,0,0,102,-3.9039912005249446,21.40414507772021,-0.22473564743995667,0.0,-0.0037879738956689835,33.49105424880982,2.7113133549690245,0.0,0.006917113883537241,0.087255859375,9.452235627174378,-6.984919309616089e-10,0.2846909761428833,0.00021165644171779137,-0.7419966459274292
146,598016,379.9,1467.1,2.64,0.15,10,0.125,390,0.6512820512820513,197,127,24,16,30,0,0,103,-3.864105293465969,20.84771573604061,-0.21999531984329224,0.0,-0.003953856881707907,30.945442485809327,2.7045365810394286,0.0,0.0071566020022146406,0.09130859375,8.50913679599762,-2.3283064365386963e-10,0.3446996212005615,0.00021104294478527604,-0.7436521649360657
147,602112,382.6,1522.5,2.54,0.15,10,0.125,72,0.7083333333333334,194,130,28,13,23,0,0,101,-3.956185675814567,20.628865979381445,-0.19850945472717285,0.0,-0.0020861429162323474,31.455596733093262,2.6987048983573914,0.0,0.006971941256779246,0.08779296875,13.246267795562744,-3.4924596548080444e-10,0.3079735040664673,0.00021042944785276072,-0.7449363470077515
148,606208,385.3,1560.7,2.48,0.14,10,0.125,272,0.6764705882352942,200,133,20,16,31,0,0,93,-4.009351189749019,20.72,-0.1928536593914032,0.0,-0.0035101318266242743,32.3106011390686,2.694732105731964,0.0,0.006608928661444224,0.083154296875,12.014203476905823,-1.1641532182693481e-09,0.2753075361251831,0.00020981595092024537,-0.7454667091369629
149,610304,387.9,1556.4,2.49,0.14,10,0.125,460,0.6934782608695652,188,135,17,12,24,0,0,102,-3.838421343424858,21.49468085106383,-0.15755760669708252,0.0,-0.006294511072337627,26.71164150238037,2.6928184151649477,0.0,0.007933725925977343,0.107861328125,10.61984932422638,-1.3387762010097504e-09,0.3512806296348572,0.00020920245398773005,-0.746052086353302
150,614400,390.6,1542.4,2.51,0.15,10,0.125,134,0.7164179104477612,186,134,23,10,19,0,0,106,-3.857144434460719,22.102150537634408,-0.1708860993385315,0.0,-0.0030849890783429144,29.739561748504638,2.6902018427848815,0.0,0.006078417535172775,0.075146484375,11.811976170539856,-9.313225746154785e-10,0.26991546154022217,0.00020858895705521473,-0.746817946434021
151,618496,393.3,1530.8,2.53,0.15,10,0.125,320,0.728125,186,137,20,9,20,0,0,106,-3.7121190386081593,22.381720430107528,-0.1452338993549347,0.0,-0.005948737822473049,28.643269729614257,2.686701464653015,0.0,0.005869823388638906,0.0734375,12.846342086791992,-3.4924596548080444e-10,0.2966281771659851,0.00020797546012269935,-0.7478206157684326
152,622592,395.9,1561.3,2.47,0.15,10,0.125,3,1.0,195,129,26,13,27,0,0,100,-3.8297957669257827,20.8,-0.19021838903427124,0.0,-0.0037286728620529175,29.426983642578126,2.682732045650482,0.0,0.006706291803857312,0.084326171875,9.697194409370422,-6.984919309616089e-10,0.33522701263427734,0.000207361963190184,-0.7486595511436462
153,626688,398.7,1482.0,2.62,0.15,10,0.125,191,0.7015706806282722,188,131,32,12,13,0,0,100,-3.7064477861629146,22.05851063829787,-0.16344796121120453,0.0,-0.0017035153694450855,31.970696926116943,2.6788058996200563,0.0,0.009939846699126065,0.136474609375,13.2632826089859,-9.313225746154785e-10,0.3083498477935791,0.00020674846625766868,-0.749813973903656
154,630784,401.3,1536.2,2.52,0.14,10,0.125,373,0.710455764075067,182,131,23,17,11,0,0,107,-3.5682641742474144,22.35164835164835,-0.15502110123634338,0.0,-0.0025178561452776195,29.203984260559082,2.6734811544418333,0.0,0.008535445650340989,0.115087890625,10.853499674797058,-3.4924596548080444e-10,0.28992825746536255,0.00020613496932515336,-0.7514438629150391
155,634880,404.0,1518.0,2.55,0.15,10,0.125,49,0.6530612244897959,188,126,28,16,18,0,0,103,-3.7257111821277316,22.0,-0.19079598784446716,0.0,-0.00288339895196259,33.27649745941162,2.666895306110382,0.0,0.00707032069331035,0.09091796875,11.438258051872253,-6.984919309616089e-10,0.2931780219078064,0.00020552147239263801,-0.7529798746109009
156,638976,406.7,1534.6,2.52,0.15,10,0.125,233,0.6738197424892703,184,125,22,13,24,0,0,107,-3.576635339338756,21.804347826086957,-0.18313086032867432,0.0,-0.003570154728367925,30.890701484680175,2.6609912514686584,0.0,0.006937415103311651,0.091455078125,11.914489817619323,-9.313225746154785e-10,0.32961779832839966,0.0002049079754601227,-0.7544376850128174
157,643072,409.3,1594.2,2.42,0.15,10,0.125,423,0.6761229314420804,190,129,24,17,20,0,0,108,-3.616006929759091,21.63684210526316,-0.18366505205631256,0.0,-0.005126875499263406,32.624961376190186,2.654566252231598,0.0,0.006729192362399772,0.0873046875,12.463896179199219,-4.0745362639427185e-10,0.29443997144699097,0.00020429447852760737,-0.7562987208366394
158,647168,411.9,1537.4,2.52,0.15,10,0.125,90,0.7222222222222222,179,130,18,15,16,0,0,108,-3.731855250969722,23.033519553072626,-0.15065836906433105,0.0,-0.003767628176137805,29.77784605026245,2.647429656982422,0.0,0.005713312095031143,0.0701171875,12.170083141326904,-6.984919309616089e-10,0.3056983947753906,0.000203680981595092,-0.7580248117446899
159,651264,414.5,1580.6,2.44,0.15,10,0.125,281,0.697508896797153,191,131,19,16,25,0,0,106,-3.824971566155033,21.298429319371728,-0.16054148972034454,0.0,-0.0046229145489633085,29.229745388031006,2.6409819960594176,0.0,0.009278497649938799,0.12060546875,10.644107437133789,-5.820766091346741e-10,0.3478471040725708,0.00020306748466257665,-0.7592371702194214
160,655360,417.3,1510.4,2.56,0.15,10,0.125,467,0.7323340471092077,186,146,16,12,12,0,0,120,-3.7669680238052976,21.838709677419356,-0.07684557884931564,0.0,-0.00323645519092679,26.95245704650879,2.636881923675537,0.0,0.007578837007167749,0.098291015625,12.365444803237915,-6.402842700481415e-10,0.27605974674224854,0.00020245398773006132,-0.7604219317436218
161,659456,420.1,1451.6,2.67,0.15,10,0.125,151,0.6821192052980133,196,131,27,15,23,0,0,100,-3.6420752673467622,21.1734693877551,-0.17098413407802582,0.0,-0.004097151104360819,30.906765365600585,2.6299882769584655,0.0,0.007309376620105468,0.0939453125,12.21268072128296,-4.0745362639427185e-10,0.3094455599784851,0.000201840490797546,-0.7627743482589722
162,663552,422.8,1536.8,2.52,0.15,10,0.125,342,0.6929824561403509,191,134,22,10,25,0,0,109,-3.5905977664172486,21.32460732984293,-0.14211159944534302,0.0,-0.005087649542838335,27.265503215789796,2.62028546333313,0.0,0.005476100105443038,0.06708984375,10.144122886657716,-8.731149137020111e-10,0.3205118179321289,0.00020122699386503065,-0.7649524807929993
163,667648,425.2,1685.8,2.28,0.15,10,0.125,18,0.7777777777777778,188,131,17,18,22,0,0,104,-3.9241419507073934,21.867021276595743,-0.1481558233499527,0.0,-0.005062123201787472,32.59595079421997,2.6121906876564025,0.0,0.006106949970126152,0.074658203125,13.463997626304627,-7.566995918750763e-10,0.24852466583251953,0.00020061349693251533,-0.7668514847755432
164,671744,427.6,1687.5,2.29,0.14,10,0.125,211,0.6966824644549763,193,133,25,17,18,0,0,106,-3.591553878753831,21.409326424870468,-0.143803209066391,0.0,-0.005273156007751823,29.392798614501952,2.6060587525367738,0.0,0.005854940140852705,0.074267578125,13.080951738357545,-8.149072527885437e-10,0.32046663761138916,0.0002,-0.7680537700653076
165,675840,430.3,1525.0,2.54,0.15,10,0.125,402,0.7089552238805971,191,138,16,13,24,0,0,111,-3.698233874866174,21.115183246073297,-0.12030218541622162,0.0,-0.001961698476225138,28.331274700164794,2.6015848517417908,0.0,0.006546033939230256,0.08076171875,11.659559392929078,-5.820766091346741e-10,0.3313419818878174,0.00019938650306748466,-0.7690260410308838
166,679936,433.0,1536.3,2.52,0.15,10,0.125,87,0.6896551724137931,197,137,16,20,24,0,0,107,-3.6968738674626187,21.055837563451778,-0.14444947242736816,0.0,-0.0028073722962290047,29.636145305633544,2.597736620903015,0.0,0.007625394136994146,0.1,12.703474712371825,-6.402842700481415e-10,0.30538439750671387,0.00019877300613496928,-0.7700987458229065
167,684032,435.6,1608.3,2.4,0.15,10,0.125,274,0.7116788321167883,187,135,19,19,14,0,0,116,-3.6959429522884775,21.88235294117647,-0.11238417774438858,0.0,-0.0015964354504831135,30.352707958221437,2.5933995723724363,0.0,0.007777903974056244,0.103759765625,12.387258994579316,-5.238689482212067e-10,0.29298555850982666,0.00019815950920245396,-0.7711187601089478
168,688128,438.2,1540.8,2.51,0.15,10,0.125,459,0.7037037037037037,185,128,20,23,14,0,0,102,-3.538739207276799,21.94054054054054,-0.14204397797584534,0.0,-0.0033207377418875694,28.791423892974855,2.5881717681884764,0.0,0.006712164881173521,0.084521484375,12.299326181411743,-1.1059455573558807e-09,0.31267982721328735,0.00019754601226993864,-0.7728462219238281
169,692224,440.9,1543.5,2.51,0.14,10,0.125,135,0.8296296296296296,188,155,12,12,9,0,0,134,-3.76064601872665,22.25531914893617,-0.015310708433389664,0.0,-0.0033445563167333603,23.397308349609375,2.581103038787842,0.0,0.0047619928605854515,0.054150390625,13.544767451286315,0.0,0.30945658683776855,0.0001969325153374233,-0.7745914459228516
170,696320,443.6,1529.9,2.53,0.15,10,0.125,325,0.7661538461538462,190,137,21,14,18,0,0,113,-3.7397364860060316,21.305263157894736,-0.12277767062187195,0.0,-0.005079572554677725,25.947562980651856,2.574538326263428,0.0,0.00788425057544373,0.097412109375,12.278367519378662,-5.820766091346741e-10,0.3571339249610901,0.00019631901840490794,-0.7760237455368042
171,700416,446.2,1535.1,2.52,0.15,10,0.125,1,1.0,188,141,19,17,11,0,0,113,-3.671298611387742,21.77127659574468,-0.08797549456357956,0.0,-0.00239238366484642,26.686656379699706,2.5688048243522643,0.0,0.006471489934483543,0.080517578125,14.491858673095702,-3.4924596548080444e-10,0.3001306653022766,0.00019570552147239265,-0.7775133848190308
172,704512,448.9,1532.1,2.53,0.14,10,0.125,186,0.7849462365591398,185,145,16,10,14,0,0,122,-3.602321166430234,22.16216216216216,-0.03754034638404846,0.0,-0.004150161100551486,25.09222297668457,2.563568079471588,0.0,0.007444648415548727,0.10185546875,9.846408796310424,-8.149072527885437e-10,0.3144634962081909,0.0001950920245398773,-0.7785967588424683
173,708608,451.6,1541.4,2.51,0.15,10,0.125,375,0.736,189,130,18,21,20,0,0,107,-3.825948456836261,21.502645502645503,-0.14118556678295135,0.0,-0.0027314263861626387,30.184135246276856,2.5587049245834352,0.0,0.009260810908745042,0.122705078125,14.17848310470581,-1.0477378964424133e-09,0.29490023851394653,0.00019447852760736192,-0.7800496816635132
174,712704,454.3,1518.2,2.55,0.15,10,0.125,55,0.8,192,148,12,21,11,0,0,122,-3.715294185032802,21.494791666666668,-0.05542543902993202,0.0,-0.0035567380022257567,26.95264959335327,2.5527699470520018,0.0,0.00659067491942551,0.082373046875,12.239930129051208,-8.149072527885437e-10,0.2682915925979614,0.0001938650306748466,-0.7814050912857056
175,716800,456.9,1544.0,2.51,0.14,10,0.125,246,0.7398373983739838,191,138,17,23,13,0,0,112,-3.684206527126112,21.2565445026178,-0.11280586570501328,0.0,-0.004104460030794144,27.719074535369874,2.548361563682556,0.0,0.005385787450359203,0.06171875,12.957870411872864,-7.566995918750763e-10,0.3341500163078308,0.00019325153374233128,-0.7822040915489197
176,720896,459.6,1511.2,2.56,0.15,10,0.125,439,0.7084282460136674,193,129,27,17,20,0,0,98,-3.6586336781036604,21.22279792746114,-0.18675477802753448,0.0,-0.004468402359634638,30.961148929595947,2.5450868010520935,0.0,0.006241162368678488,0.079443359375,12.923951053619385,-1.2223608791828156e-09,0.30739355087280273,0.00019263803680981593,-0.7834380865097046
177,724992,461.3,2529.9,1.51,0.11,10,0.125,120,0.7333333333333333,193,145,22,9,17,0,0,126,-3.7136628458148464,21.507772020725387,-0.07618159800767899,0.0,-0.004158041346818209,25.235679721832277,2.540053462982178,0.0,0.005527414684183896,0.069482421875,15.65366747379303,-5.820766091346741e-11,0.3942871689796448,0.00019202453987730058,-0.7843204736709595
178,729088,463.7,1681.7,2.29,0.15,10,0.125,304,0.743421052631579,184,138,17,14,15,0,0,112,-3.570517651490825,22.0,-0.06899787485599518,0.0,-0.005654207430779934,25.8474684715271,2.5362994194030763,0.0,0.006143427727511153,0.076318359375,12.916654562950134,-1.4551915228366852e-09,0.34573274850845337,0.00019141104294478526,-0.7856239080429077
179,733184,466.4,1547.6,2.51,0.14,10,0.125,490,0.7326530612244898,186,133,19,23,11,0,0,112,-3.5582684751556366,22.252688172043012,-0.11698313057422638,0.0,-0.004082693904638291,29.416538047790528,2.5309648633003237,0.0,0.006460266772774048,0.080908203125,13.427817869186402,-1.3969838619232178e-09,0.2655128836631775,0.00019079754601226994,-0.7867664098739624
180,737280,469.1,1531.0,2.53,0.15,10,0.125,165,0.7757575757575758,187,145,15,8,19,0,0,117,-3.5475363882381106,21.657754010695186,-0.03659436106681824,0.0,-0.002992671076208353,27.546545219421386,2.527358591556549,0.0,0.005952654933207668,0.075,15.691383337974548,-1.280568540096283e-09,0.24804961681365967,0.00019018404907975456,-0.787524402141571
181,741376,471.7,1553.5,2.49,0.15,10,0.125,352,0.7414772727272727,187,133,19,17,18,0,0,110,-3.5985793343725376,21.83957219251337,-0.11907909065485,0.0,-0.00554271787405014,28.573108005523682,2.5238884925842284,0.0,0.007800129207316786,0.102734375,15.930594992637634,-4.656612873077393e-10,0.3205341100692749,0.00018957055214723924,-0.7884492874145508
182,745472,474.4,1538.9,2.52,0.15,10,0.125,32,0.71875,192,129,22,20,21,0,0,107,-3.6147584933622148,21.328125,-0.1497003436088562,0.0,-0.0011185126379132271,28.05255718231201,2.5194916844367983,0.0,0.008395658130757511,0.114404296875,10.569094467163087,-9.89530235528946e-10,0.3496473431587219,0.00018895705521472392,-0.789917528629303
183,749568,477.1,1524.8,2.54,0.15,10,0.125,220,0.7272727272727273,188,137,20,22,9,0,0,118,-3.4471863842841812,22.111702127659573,-0.09523332864046097,0.0,-0.005408870568498969,28.352540016174316,2.512312591075897,0.0,0.008658696073689498,0.11416015625,10.9027569770813,-7.566995918750763e-10,0.29319852590560913,0.00018834355828220857,-0.7918339967727661
184,753664,479.7,1526.4,2.54,0.15,10,0.125,411,0.7250608272506083,191,138,17,10,26,0,0,122,-3.6071898394283353,21.465968586387433,-0.10816054046154022,0.0,-0.0051715105772018434,27.496258449554443,2.5050403237342835,0.0,0.006478795580915175,0.0794921875,12.786169052124023,0.0,0.34646183252334595,0.00018773006134969322,-0.7936269044876099
185,757760,482.4,1553.1,2.49,0.15,10,0.125,87,0.8045977011494253,188,147,16,12,13,0,0,124,-3.8055333271515916,21.638297872340427,-0.03623860329389572,0.0,-0.004844021936878562,22.967685794830324,2.4973140120506288,0.0,0.006302726006833836,0.07978515625,13.980130743980407,-5.820766091346741e-10,0.37036192417144775,0.0001871165644171779,-0.7957425117492676
186,761856,484.7,1742.6,2.2,0.15,10,0.125,277,0.740072202166065,190,135,16,18,21,0,0,108,-3.6105702743829036,21.33684210526316,-0.09363557398319244,0.0,-0.002210126258432865,29.108498668670656,2.4896989703178405,0.0,0.008320902340346947,0.112353515625,13.082868337631226,-2.3283064365386963e-10,0.3073144555091858,0.00018650306748466258,-0.7972542643547058
187,765952,486.6,2261.6,1.71,0.1,10,0.125,465,0.7483870967741936,188,143,19,14,12,0,0,124,-3.639213307638162,21.845744680851062,-0.05875322222709656,0.0,-0.002148771844804287,26.793840408325195,2.484310579299927,0.0,0.00852761589048896,0.10888671875,12.764262008666993,-2.9103830456733704e-10,0.30907750129699707,0.0001858895705521472,-0.7984445095062256
188,770048,489.2,1557.5,2.48,0.15,10,0.125,140,0.7714285714285715,187,140,11,15,21,0,0,121,-3.5240497615550512,21.802139037433154,-0.07810163497924805,0.0,-0.0021425360813736916,24.747158145904542,2.4794328451156615,0.0,0.006632347728009335,0.078271484375,11.293763303756714,-2.9103830456733704e-10,0.3306512236595154,0.00018527607361963188,-0.7999148964881897
189,774144,491.9,1515.0,2.56,0.15,10,0.125,332,0.7590361445783133,192,144,15,15,18,0,0,112,-3.723166004399383,21.640625,-0.05945412442088127,0.0,-0.003304250165820122,25.48632574081421,2.4715927481651305,0.0,0.007140781613998115,0.092822265625,9.217291665077209,-1.0477378964424133e-09,0.34541571140289307,0.00018466257668711656,-0.8023051619529724
190,778240,494.6,1541.6,2.51,0.15,10,0.125,510,0.7784313725490196,178,145,14,11,8,0,0,121,-3.491387561448908,23.028089887640448,-0.02231031283736229,0.0,-0.0049675772432237865,21.45831665992737,2.462736976146698,0.0,0.00791536754113622,0.101123046875,13.201676726341248,-4.656612873077393e-10,0.35901129245758057,0.0001840490797546012,-0.8040508031845093
191,782336,497.2,1540.5,2.51,0.15,10,0.125,184,0.7228260869565217,186,135,13,18,20,0,0,114,-3.7059201247157203,21.956989247311828,-0.09195965528488159,0.0,-0.0059277808759361506,26.133703994750977,2.4578783392906187,0.0,0.0074570964236045255,0.095458984375,15.021056127548217,-2.3283064365386963e-10,0.33525925874710083,0.00018343558282208586,-0.8048432469367981
192,786432,500.0,1509.9,2.56,0.15,10,0.125,366,0.73224043715847,182,135,18,15,14,0,0,113,-3.6610003998751894,22.543956043956044,-0.07346807420253754,0.0,-0.0029484096448868513,27.46727752685547,2.454405426979065,0.0,0.005757210333831609,0.067138671875,13.240834474563599,-1.1059455573558807e-09,0.2669755816459656,0.00018282208588957054,-0.806003987789154
193,790528,502.7,1485.5,2.61,0.15,10,0.125,45,0.8444444444444444,191,148,12,13,18,0,0,119,-3.529369673379664,21.528795811518325,-0.054840438067913055,0.0,-0.0053200704045593735,23.874712657928466,2.448614501953125,0.0,0.007154733070638031,0.09443359375,9.261543869972229,1.1641532182693481e-10,0.33242881298065186,0.00018220858895705522,-0.8077991008758545
194,794624,505.3,1581.9,2.45,0.14,10,0.125,227,0.788546255506608,182,141,9,17,15,0,0,120,-3.4751643074595595,22.225274725274726,-0.04164418205618858,0.0,-0.0037191436626017095,24.11239652633667,2.4406366467475893,0.0,0.00583888835972175,0.073779296875,10.551469731330872,-2.3283064365386963e-10,0.31847846508026123,0.00018159509202453987,-0.8098393082618713
195,798720,507.9,1567.1,2.47,0.15,10,0.125,417,0.7865707434052758,190,149,15,10,16,0,0,121,-3.6421780677944082,21.826315789473686,-0.017583947628736496,0.0,-0.0030821680556982756,22.12130937576294,2.4329185128211974,0.0,0.006367494331789203,0.081103515625,12.736541676521302,-5.238689482212067e-10,0.34080415964126587,0.0001809815950920245,-0.8115635514259338
196,802816,510.6,1556.0,2.48,0.15,10,0.125,94,0.776595744680851,189,147,10,13,19,0,0,124,-3.635781741342831,21.47089947089947,-0.0282343327999115,0.0,-0.003323222277686,22.133892154693605,2.4267442345619203,0.0,0.008271516425884329,0.109912109375,10.334140920639038,-8.149072527885437e-10,0.33274364471435547,0.0001803680981595092,-0.8129762411117554
197,806912,513.3,1493.3,2.6,0.14,10,0.125,282,0.7659574468085106,188,143,12,15,18,0,0,114,-3.673105165272594,21.819148936170212,-0.04148164018988609,0.0,-0.0026274579111486675,24.74764919281006,2.422133719921112,0.0,0.00854935409151949,0.11318359375,11.776965761184693,-1.2223608791828156e-09,0.32260948419570923,0.00017975460122699385,-0.8137455582618713
198,811008,516.0,1523.6,2.54,0.15,10,0.125,467,0.7687366167023555,185,143,15,11,16,0,0,123,-3.6088155449805015,22.21081081081081,-0.04742325469851494,0.0,-0.004364029131829738,23.77252025604248,2.4197400212287903,0.0,0.009315553691703827,0.126611328125,13.597932720184327,-1.0477378964424133e-09,0.33974534273147583,0.0001791411042944785,-0.8142382502555847
199,815104,518.7,1503.0,2.59,0.14,10,0.125,146,0.773972602739726,191,152,9,7,23,0,0,130,-3.514141605957861,21.534031413612567,-0.016805198043584824,0.0,-0.005360059160739184,20.689090967178345,2.4171035170555113,0.0,0.01169358731713146,0.157958984375,12.372517132759095,-4.0745362639427185e-10,0.3843933939933777,0.00017852760736196318,-0.8152364492416382
200,819200,520.7,2117.9,1.78,0.15,10,0.125,342,0.7573099415204678,196,146,12,11,27,0,0,122,-3.525308710733872,20.73469387755102,-0.039023492485284805,0.0,-0.004384578531607985,24.77509136199951,2.411528134346008,0.0,0.006781895557651296,0.091796875,12.325347900390625,-1.3969838619232178e-09,0.34675133228302,0.00017791411042944786,-0.8171252012252808
201,823296,522.8,1926.1,1.98,0.15,10,0.125,20,0.75,190,144,12,17,17,0,0,121,-3.5999686661330923,21.510526315789473,-0.04708215221762657,0.0,-0.0051035807002335785,27.33796892166138,2.40413236618042,0.0,0.007368835472152569,0.095751953125,13.654148936271667,-6.984919309616089e-10,0.30248844623565674,0.0001773006134969325,-0.8186190724372864
202,827392,525.5,1522.0,2.54,0.15,10,0.125,211,0.7677725118483413,191,147,8,18,18,0,0,123,-3.489577132463515,21.45026178010471,-0.027540523558855057,0.0,-0.00314163260627538,22.012929153442382,2.398315417766571,0.0,0.007619607294327579,0.0931640625,13.209189772605896,-1.0477378964424133e-09,0.3435332179069519,0.00017668711656441713,-0.8201605081558228
203,831488,528.1,1582.6,2.44,0.15,10,0.125,398,0.7462311557788944,187,135,15,17,20,0,0,119,-3.6617051545287325,22.080213903743317,-0.10052798688411713,0.0,-0.0032483127899467943,28.009159278869628,2.3922194719314573,0.0,0.008858962220256218,0.1216796875,15.281679511070251,-9.313225746154785e-10,0.33017414808273315,0.0001760736196319018,-0.8216291069984436
204,835584,530.7,1562.5,2.47,0.15,10,0.125,71,0.7323943661971831,185,138,16,14,17,0,0,118,-3.4918303838575477,22.0,-0.06657199561595917,0.0,-0.004189795907586813,24.308535480499266,2.385385608673096,0.0,0.00604550962743815,0.0744140625,13.508954381942749,-9.313225746154785e-10,0.3454376459121704,0.0001754601226993865,-0.823736846446991
205,839680,533.4,1517.8,2.55,0.15,10,0.125,258,0.7868217054263565,187,151,8,13,15,0,0,134,-3.5771011309376677,22.171122994652407,0.01621406525373459,0.0,-0.0033983403351157903,20.094451808929442,2.377225935459137,0.0,0.0072634937503607945,0.093603515625,14.974227690696717,-5.820766091346741e-10,0.3999609351158142,0.00017484662576687114,-0.8254813551902771
206,843776,536.1,1564.5,2.47,0.15,10,0.125,448,0.78125,190,147,8,19,16,0,0,120,-3.4796740732955724,21.31578947368421,-0.020884983241558075,0.0,-0.0031440628226846457,22.82907838821411,2.372017562389374,0.0,0.008218166374717839,0.109716796875,9.863151812553406,-8.731149137020111e-10,0.35547399520874023,0.00017423312883435582,-0.8262512683868408
207,847872,538.8,1501.2,2.59,0.14,10,0.125,127,0.8661417322834646,191,163,9,9,10,0,0,130,-3.6741239374277948,21.63350785340314,0.0753614529967308,0.0,-0.005569691397249698,17.623857307434083,2.3685572743415833,0.0,0.006584066979121417,0.0853515625,10.870119333267212,-2.9103830456733704e-10,0.33672600984573364,0.0001736196319018405,-0.8277034163475037
208,851968,541.4,1560.3,2.48,0.14,10,0.125,313,0.8594249201277955,186,159,9,9,9,0,0,124,-3.631849736068649,21.725806451612904,0.07484103739261627,0.0,-0.006007147487252951,18.773103952407837,2.3610792756080627,0.0,0.010107853126828558,0.141259765625,9.841174125671387,-8.731149137020111e-10,0.27231961488723755,0.00017300613496932515,-0.8296788930892944
209,856064,544.1,1564.9,2.47,0.15,10,0.125,502,0.8207171314741036,189,143,17,20,9,0,0,117,-3.5321936897600477,22.005291005291006,-0.047031745314598083,0.0,0.00042435131035745144,26.543127059936523,2.35426949262619,0.0,0.010041603064746597,0.13994140625,17.17464473247528,-1.3387762010097504e-09,0.31944262981414795,0.00017239263803680977,-0.8310749530792236
210,860160,545.7,2444.9,1.53,0.15,20,0.25,0,,189,147,10,16,16,0,0,119,-3.513859643593872,21.476190476190474,0.00036058854311704636,0.0,-0.002806177455931902,22.88785047531128,2.350051462650299,0.0,0.007244587253080681,0.090380859375,12.57333002090454,-1.0477378964424133e-09,0.30265575647354126,0.00017177914110429445,-0.8317185640335083
211,864256,548.2,1689.7,2.28,0.15,20,0.25,165,0.7151515151515152,181,131,22,15,13,0,0,107,-3.474179644411837,22.867403314917127,-0.11158278584480286,0.0,-0.00437203561887145,28.3308988571167,2.3473028182983398,0.0,0.00992197717714589,0.136181640625,13.63958785533905,-1.2223608791828156e-09,0.3535687327384949,0.00017116564417177913,-0.8325784206390381
212,868352,550.8,1580.9,2.44,0.15,20,0.25,345,0.7333333333333333,180,135,11,17,17,0,0,106,-3.561755061554442,22.572222222222223,-0.07726402580738068,0.0,-0.0037801133468747137,24.355262184143065,2.3427008032798766,0.0,0.005994520478998311,0.0775390625,14.616336107254028,-1.6880221664905548e-09,0.3683950901031494,0.00017055214723926378,-0.8341152667999268
213,872448,553.4,1569.7,2.46,0.15,20,0.25,21,0.8571428571428571,188,139,7,19,23,0,0,116,-3.467954728363143,21.70744680851064,-0.09010528028011322,0.0,-0.005310333659872412,26.429753494262695,2.337262582778931,0.0,0.006268108179210685,0.077197265625,11.985375761985779,-1.7462298274040222e-10,0.34227490425109863,0.00016993865030674846,-0.8350623250007629
214,876544,556.0,1592.8,2.42,0.15,20,0.25,205,0.7560975609756098,184,137,11,17,19,0,0,110,-3.6079494900580764,22.195652173913043,-0.07910382747650146,0.0,-0.0036963155958801507,26.47296781539917,2.3332194805145265,0.0,0.00654208327177912,0.083056640625,12.523245358467102,-1.1641532182693481e-09,0.3042728900909424,0.00016932515337423314,-0.8364490866661072
215,880640,558.6,1564.4,2.47,0.15,20,0.25,384,0.78125,179,145,8,13,13,0,0,114,-3.5039234908612698,22.83240223463687,-0.01158999651670456,0.0,-0.003422626433894038,19.75739288330078,2.326641118526459,0.0,0.0072471401450457055,0.098486328125,13.701126646995544,-1.1641532182693481e-09,0.41340482234954834,0.0001687116564417178,-0.8383585810661316
216,884736,561.3,1505.2,2.57,0.15,20,0.25,54,0.8518518518518519,182,140,13,16,13,0,0,118,-3.5792566290108576,22.802197802197803,-0.054620735347270966,0.0,-0.004332026559859514,27.193957710266112,2.319646894931793,0.0,0.0082815717702033,0.11083984375,13.761888599395752,-4.0745362639427185e-10,0.2713690996170044,0.0001680981595092024,-0.8394687175750732
217,888832,564.1,1455.9,2.66,0.15,20,0.25,231,0.8051948051948052,177,140,7,17,13,0,0,119,-3.4112768460589415,23.01129943502825,-0.03290417790412903,0.0,-0.004031169507652521,22.159814834594727,2.3154878497123716,0.0,0.008519653737312182,0.11640625,11.587460827827453,-1.5133991837501526e-09,0.333931028842926,0.0001674846625766871,-0.8409749269485474
218,892928,566.9,1486.3,2.62,0.14,20,0.25,406,0.7832512315270936,175,132,15,12,16,0,0,113,-3.648087902755392,23.222857142857144,-0.08426761627197266,0.0,-0.005644160229712725,24.708585453033447,2.3082448720932005,0.0,0.010776099015492946,0.144482421875,13.903874945640563,-2.3865140974521637e-09,0.3299482464790344,0.00016687116564417177,-0.8427389860153198
219,897024,569.6,1509.6,2.56,0.15,20,0.25,80,0.7625,186,148,14,11,13,0,0,127,-3.4893481707934506,22.344086021505376,-0.005540163721889257,0.0,-0.0031151372008025647,21.749939107894896,2.302244281768799,0.0,0.005729195376625284,0.069677734375,13.840990090370179,-8.731149137020111e-10,0.36806005239486694,0.00016625766871165642,-0.8440854549407959
220,901120,571.7,2008.3,1.89,0.15,20,0.25,264,0.7310606060606061,184,132,13,23,16,0,0,103,-3.4262001791636663,22.081521739130434,-0.09125405550003052,0.0,-0.0038057737518101932,30.359039306640625,2.296479594707489,0.0,0.005681132175959646,0.06962890625,15.286757850646973,-4.0745362639427185e-10,0.24571919441223145,0.00016564417177914107,-0.8458184003829956
221,905216,574.2,1623.9,2.37,0.15,20,0.25,447,0.7449664429530202,183,140,15,12,16,0,0,120,-3.575121917639518,22.382513661202186,-0.044777676463127136,0.0,-0.004424931015819311,23.73814001083374,2.2881399989128113,0.0,0.005919928741059266,0.071337890625,12.13072419166565,-2.3283064365386963e-10,0.3704202175140381,0.00016503067484662578,-0.8481248617172241
222,909312,577.0,1432.7,2.71,0.15,20,0.25,116,0.8448275862068966,181,145,12,14,10,0,0,123,-3.4688511922519787,22.54696132596685,-0.008007481694221497,0.0,-0.0034548034425824882,19.480681657791138,2.2796274423599243,0.0,0.008826464021694846,0.119287109375,13.480827927589417,-1.3387762010097504e-09,0.42950236797332764,0.00016441717791411043,-0.8498580455780029
223,913408,579.8,1488.0,2.6,0.15,20,0.25,301,0.7674418604651163,185,133,10,20,22,0,0,114,-3.518786315579221,22.205405405405404,-0.08777974545955658,0.0,-0.0025927396956831215,27.99168281555176,2.2740112781524657,0.0,0.009759558844962157,0.13330078125,15.038665938377381,-1.8044374883174896e-09,0.2858244776725769,0.00016380368098159505,-0.8508837223052979
224,917504,582.5,1514.4,2.56,0.15,20,0.25,480,0.79375,179,150,7,11,11,0,0,134,-3.4202970616380344,22.424581005586592,0.03094368241727352,0.0,-0.0037820870522409676,19.877871894836424,2.2705631017684937,0.0,0.006540556790423579,0.08466796875,15.15839421749115,-4.0745362639427185e-10,0.36430853605270386,0.00016319018404907973,-0.8518759608268738
225,921600,585.3,1449.8,2.68,0.14,20,0.25,157,0.732484076433121,189,142,12,17,18,0,0,119,-3.5818085449006403,22.116402116402117,-0.05461205542087555,0.0,-0.001672433689236641,26.896674060821532,2.2657628655433655,0.0,0.007902844407362863,0.10234375,15.56660282611847,-9.313225746154785e-10,0.3144828677177429,0.0001625766871165644,-0.8530907034873962
226,925696,588.1,1474.8,2.63,0.15,20,0.25,343,0.7813411078717201,186,153,15,8,10,0,0,132,-3.447115264426981,22.112903225806452,0.022482920438051224,0.0,-0.00413609801325947,18.299955797195434,2.2614706635475157,0.0,0.0067794982867781075,0.084765625,11.913717699050903,-1.1641532182693481e-10,0.4178352355957031,0.00016196319018404906,-0.854119062423706
227,929792,590.8,1520.1,2.55,0.15,20,0.25,14,0.7142857142857143,183,130,12,22,19,0,0,105,-3.5495440296246588,22.37704918032787,-0.0948716253042221,0.0,-0.003661570465192199,27.129535484313966,2.256844973564148,0.0,0.00795720010646619,0.10615234375,15.247630643844605,-8.149072527885437e-10,0.3510317802429199,0.0001613496932515337,-0.8554264903068542
228,933888,593.5,1539.2,2.51,0.15,20,0.25,197,0.751269035532995,183,138,8,14,23,0,0,113,-3.42576861077417,21.846994535519126,-0.05154624208807945,0.0,-0.003339773672632873,25.414070034027098,2.2505497217178343,0.0,0.007979150538449175,0.107568359375,14.854491233825684,-1.7462298274040222e-09,0.325411319732666,0.0001607361963190184,-0.8574363589286804
229,937984,595.2,2360.7,1.63,0.11,20,0.25,384,0.7682291666666666,187,147,19,9,12,0,0,124,-3.3400871545246233,22.497326203208555,-0.02056181989610195,0.0,-0.005584077630192042,22.301326847076417,2.2417765855789185,0.0,0.010694955801591277,0.139501953125,12.695103359222411,-9.313225746154785e-10,0.41592884063720703,0.00016012269938650307,-0.8595989942550659
230,942080,597.6,1713.1,2.24,0.15,20,0.25,55,0.7636363636363637,183,146,10,16,11,0,0,122,-3.4411043760319977,22.333333333333332,-0.01235477440059185,0.0,-0.004236883157864213,23.33041353225708,2.2346302390098574,0.0,0.006106662156525999,0.07373046875,10.90751302242279,-8.731149137020111e-10,0.35881710052490234,0.00015950920245398772,-0.8610250949859619
231,946176,600.3,1516.3,2.55,0.15,20,0.25,228,0.8070175438596491,173,142,4,20,7,0,0,112,-3.366064866891888,23.54913294797688,-0.02067834697663784,0.0,-0.0032740178983658554,23.031366205215456,2.228343939781189,0.0,0.010865054797613993,0.152685546875,11.500821709632874,-6.402842700481415e-10,0.260067343711853,0.0001588957055214724,-0.86275315284729
232,950272,603.1,1487.2,2.61,0.15,20,0.25,402,0.8059701492537313,174,140,10,14,10,0,0,124,-3.4752695720181768,23.224137931034484,0.009933199733495712,0.0,-0.0028400664683431386,21.593007946014403,2.2217876076698304,0.0,0.009323696393403224,0.130908203125,8.22567880153656,-9.89530235528946e-10,0.28501152992248535,0.00015828220858895705,-0.8641357421875
233,954368,605.9,1461.9,2.65,0.15,30,0.375,0,,174,138,16,11,9,0,0,118,-3.4097361693482706,23.689655172413794,-0.00913146510720253,0.0,-0.004241304146125913,21.424389791488647,2.2171026706695556,0.0,0.00810086027777288,0.1103515625,12.66386091709137,-1.1641532182693481e-10,0.33883076906204224,0.0001576687116564417,-0.8652307987213135
234,958464,608.5,1554.5,2.49,0.15,30,0.375,164,0.725609756097561,180,131,13,17,19,0,0,109,-3.250517713493188,23.066666666666666,-0.08998289704322815,0.0,-0.003400481725111604,26.351885414123537,2.2121788024902345,0.0,0.006261091222404503,0.080615234375,13.691998839378357,-6.402842700481415e-10,0.31393903493881226,0.00015705521472392635,-0.866674542427063
235,962560,611.1,1586.1,2.43,0.15,30,0.375,337,0.7388724035608308,173,130,12,16,15,0,0,109,-3.4017194102933845,23.277456647398843,-0.0769675076007843,0.0,-0.004188290424644947,22.763985252380373,2.2057711720466613,0.0,0.007828428939683362,0.10654296875,14.202400541305542,-1.1641532182693481e-09,0.3917089104652405,0.00015644171779141103,-0.8683782815933228
236,966656,613.7,1600.4,2.41,0.15,30,0.375,4,1.0,179,133,15,19,12,0,0,118,-3.35837483331824,22.966480446927374,-0.07963761687278748,0.0,-0.0045133031671866775,27.194744968414305,2.1996109247207642,0.0,0.00627014891942963,0.078515625,16.347833728790285,-2.9103830456733704e-10,0.3528827428817749,0.0001558282208588957,-0.8696402311325073
237,970752,616.4,1516.9,2.55,0.15,30,0.375,177,0.7909604519774012,173,136,14,13,10,0,0,115,-3.2841820788301157,23.566473988439306,-0.04427801072597504,0.0,-0.0041397817898541685,22.232688331604002,2.194118058681488,0.0,0.006407027124078013,0.084521484375,15.244440746307372,-5.820766091346741e-11,0.34058326482772827,0.00015521472392638036,-0.8714393377304077
238,974848,619.0,1557.1,2.49,0.14,30,0.375,347,0.8011527377521613,170,138,12,11,9,0,0,119,-3.309478334418727,24.423529411764704,-0.01942294090986252,0.0,-0.004329031938686967,19.743469715118408,2.187714385986328,0.0,0.007301881970488466,0.098828125,13.25625422000885,-5.820766091346741e-10,0.3828282952308655,0.00015460122699386504,-0.8723737001419067
239,978944,621.7,1568.8,2.47,0.14,40,0.5,0,,172,139,11,8,14,0,0,117,-3.3356614214920666,23.819767441860463,-0.024731207638978958,0.0,-0.0067080074921250345,21.076790952682494,2.185602104663849,0.0,0.007797486567869783,0.101806640625,11.288003301620483,-9.313225746154785e-10,0.3468022346496582,0.00015398773006134971,-0.8727226257324219
240,983040,624.3,1531.3,2.52,0.15,40,0.5,151,0.7814569536423841,167,132,15,10,10,0,0,110,-3.2672092641643857,24.311377245508982,-0.08385105431079865,0.0,-0.005624208739027381,21.400277185440064,2.18329142332077,0.0,0.009103118398343213,0.114501953125,11.745386815071106,-2.3283064365386963e-10,0.5024138689041138,0.00015337423312883434,-0.8738024234771729
241,987136,627.0,1561.3,2.47,0.15,40,0.5,315,0.726984126984127,164,111,18,20,15,0,0,94,-3.255541287371369,24.841463414634145,-0.16976024210453033,0.0,-0.0028280788101255894,29.575771427154542,2.1782713770866393,0.0,0.005248609188129194,0.064501953125,19.14498291015625,-6.402842700481415e-10,0.34134262800216675,0.000152760736196319,-0.8749516010284424
242,991232,629.6,1559.0,2.48,0.15,40,0.5,482,0.7199170124481328,167,118,22,15,12,0,0,98,-3.187246467169289,24.898203592814372,-0.16092613339424133,0.0,-0.005129083339124918,28.82951192855835,2.1746419429779054,0.0,0.006404681369895115,0.0798828125,15.465172243118285,-2.9103830456733704e-10,0.4147789478302002,0.00015214723926380367,-0.8755871653556824
243,995328,632.3,1540.0,2.51,0.15,40,0.5,133,0.706766917293233,163,118,15,15,15,0,0,102,-3.249575057374922,25.116564417177916,-0.15488864481449127,0.0,-0.00608413815498352,25.70736598968506,2.171435070037842,0.0,0.0065713876800145956,0.08525390625,12.716368579864502,-1.3387762010097504e-09,0.4598698019981384,0.00015153374233128835,-0.8768297433853149
244,999424,635.0,1524.7,2.54,0.15,40,0.5,299,0.7090301003344481,166,118,15,11,22,0,0,96,-3.136161914114367,24.10843373493976,-0.14637644588947296,0.0,-0.005842316616326571,26.144915676116945,2.1655232548713683,0.0,0.0074532876460580155,0.098681640625,13.02117338180542,-6.402842700481415e-10,0.38341253995895386,0.000150920245398773,-0.87826007604599
245,1003520,637.8,1432.6,2.71,0.15,40,0.5,464,0.7306034482758621,165,127,11,17,10,0,0,101,-3.1463077093524685,25.078787878787878,-0.09574031829833984,0.0,-0.004798754910007119,24.957859897613524,2.1611373662948608,0.0,0.006583564044558443,0.08642578125,14.615340209007263,-1.57160684466362e-09,0.34829890727996826,0.00015030674846625762,-0.8789392113685608
246,1007616,640.3,1680.2,2.29,0.15,40,0.5,124,0.7096774193548387,172,123,15,14,20,0,0,104,-3.116964114697365,24.046511627906977,-0.12054020911455154,0.0,-0.006842856900766492,26.417595958709718,2.1590918779373167,0.0,0.006499664159491658,0.083251953125,14.592215061187744,-2.270098775625229e-09,0.4296589493751526,0.0001496932515337423,-0.8795222043991089
247,1011712,641.9,2469.2,1.56,0.1,40,0.5,293,0.7372013651877133,169,128,11,15,15,0,0,102,-3.1199336195523792,24.29585798816568,-0.0996694266796112,0.0,-0.006163966981694103,24.99156837463379,2.1565086603164674,0.0,0.007888158767309505,0.109423828125,14.061967158317566,-1.8917489796876907e-09,0.4453650712966919,0.00014907975460122698,-0.8800305724143982
248,1015808,644.6,1531.6,2.53,0.15,40,0.5,458,0.7445414847161572,165,125,17,12,11,0,0,109,-3.323525544684941,24.64242424242424,-0.09291407465934753,0.0,-0.006336204288527369,22.25946922302246,2.154078507423401,0.0,0.006561945349676535,0.086962890625,13.027152037620544,-6.984919309616089e-10,0.442199170589447,0.00014846625766871163,-0.8810056447982788
249,1019904,647.3,1515.1,2.56,0.15,40,0.5,106,0.7169811320754716,160,121,11,18,10,0,0,102,-3.2017776125139386,25.23125,-0.09833782911300659,0.0,-0.004393709916621446,21.653799867630006,2.1487870454788207,0.0,0.007200567185645923,0.093310546875,13.263297748565673,-2.5029294192790985e-09,0.44837653636932373,0.0001478527607361963,-0.8825687170028687
250,1024000,650.0,1548.6,2.51,0.14,40,0.5,270,0.737037037037037,164,123,15,16,10,0,0,106,-3.1356213127100196,25.176829268292682,-0.10290054976940155,0.0,-0.004984573926776648,23.64615068435669,2.1429164171218873,0.0,0.007688166745356284,0.101220703125,14.410773634910583,-6.402842700481415e-10,0.4392777681350708,0.00014723926380368098,-0.8838965892791748
251,1028096,652.6,1551.8,2.49,0.15,40,0.5,429,0.7668997668997669,159,130,9,8,12,0,0,111,-3.248718983958408,25.67295597484277,-0.05967366695404053,0.0,-0.0052857684902846815,23.943991327285765,2.1377795815467833,0.0,0.004608014439872932,0.053662109375,15.290207672119141,3.2014213502407074e-10,0.44105225801467896,0.00014662576687116564,-0.8851873874664307
252,1032192,655.3,1510.0,2.56,0.15,40,0.5,90,0.7,173,126,13,16,18,0,0,117,-3.219177116284582,23.85549132947977,-0.11662489920854568,0.0,-0.00507022556848824,24.003495502471925,2.1325191259384155,0.0,0.007988660031696782,0.105224609375,16.91155858039856,-6.984919309616089e-10,0.4420984983444214,0.00014601226993865031,-0.8864585757255554
253,1036288,658.1,1481.9,2.61,0.15,40,0.5,246,0.7723577235772358,156,127,10,9,10,0,0,115,-2.9726891974755043,25.57051282051282,-0.06117074936628342,0.0,-0.005355102382600308,19.867084169387816,2.1282541513442994,0.0,0.006850017607212067,0.089404296875,14.045202398300171,-1.3387762010097504e-09,0.4612146019935608,0.00014539877300613494,-0.8872696161270142
254,1040384,660.8,1542.2,2.51,0.15,40,0.5,410,0.7780487804878049,164,129,9,19,7,0,0,117,-3.1681935295863424,25.6890243902439,-0.07449774444103241,0.0,-0.006476753205060959,20.605047988891602,2.125150036811829,0.0,0.005377647622663062,0.0650390625,12.416871428489685,-1.6589183360338211e-09,0.4090675711631775,0.00014478527607361962,-0.8881970047950745
255,1044480,663.4,1578.6,2.45,0.15,40,0.5,62,0.8548387096774194,164,129,7,14,14,0,0,117,-3.0507608807846696,24.890243902439025,-0.07039697468280792,0.0,-0.006187482737004757,20.258334159851074,2.120676612854004,0.0,0.010647358192363754,0.143603515625,11.659994459152221,-1.4551915228366852e-09,0.4349444508552551,0.00014417177914110427,-0.8892841339111328
256,1048576,665.4,2000.9,1.91,0.14,40,0.5,223,0.7668161434977578,161,118,11,15,17,0,0,103,-2.9920531894814113,25.527950310559007,-0.12723486125469208,0.0,-0.005745995324105024,26.642066955566406,2.1164698004722595,0.0,0.007554479155805894,0.101708984375,14.022274208068847,-1.57160684466362e-09,0.3860316276550293,0.00014355828220858895,-0.8905258774757385
257,1052672,667.4,2048.7,1.86,0.14,40,0.5,389,0.7686375321336761,166,128,8,14,16,0,0,112,-3.0706034071610797,24.373493975903614,-0.06593793630599976,0.0,-0.006283302232623101,22.226310539245606,2.1113739371299745,0.0,0.008007429071585647,0.10546875,15.525301027297974,-7.8580342233181e-10,0.4191320538520813,0.0001429447852760736,-0.8916719555854797
258,1056768,670.1,1514.9,2.56,0.15,40,0.5,43,0.7906976744186046,166,135,9,7,15,0,0,120,-3.1721870605488482,25.072289156626507,-0.03691982477903366,0.0,-0.005365762859582901,21.799047565460206,2.107008767127991,0.0,0.006989359008730389,0.091796875,16.111747360229494,-5.820766091346741e-11,0.3861039876937866,0.00014233128834355828,-0.8928407430648804
259,1060864,672.8,1524.6,2.54,0.14,40,0.5,208,0.7884615384615384,165,130,9,12,14,0,0,109,-2.9585104434381706,24.21212121212121,-0.047276321798563004,0.0,-0.0050686165690422055,21.585408687591553,2.1017322897911073,0.0,0.007073718917672523,0.09306640625,16.48481388092041,5.820766091346741e-11,0.39273297786712646,0.00014171779141104295,-0.8942050933837891
260,1064960,675.5,1553.7,2.5,0.14,40,0.5,376,0.824468085106383,168,146,10,4,8,0,0,127,-3.0078111176245463,25.041666666666668,0.02595771849155426,0.0,-0.005700842477381229,17.18561735153198,2.0963680028915403,0.0,0.005783312511630357,0.07060546875,10.756582236289978,-1.4551915228366852e-09,0.43329739570617676,0.00014110429447852758,-0.8955391049385071
261,1069056,678.2,1505.3,2.57,0.15,50,0.625,0,,157,131,9,9,8,0,0,112,-3.223744894458576,26.070063694267517,-0.024066975340247154,0.0,-0.005177732370793819,18.401400899887086,2.091410183906555,0.0,0.005289638251997531,0.06494140625,15.632613730430602,-2.6193447411060333e-10,0.40489184856414795,0.00014049079754601226,-0.8965774774551392
262,1073152,680.8,1586.7,2.43,0.15,50,0.625,143,0.8181818181818182,159,130,11,9,9,0,0,110,-2.8497948042019026,25.71698113207547,-0.07253573089838028,0.0,-0.005817768443375826,19.410866594314577,2.0882904529571533,0.0,0.009625181154115125,0.125048828125,13.834408807754517,-5.820766091346741e-10,0.45159775018692017,0.0001398773006134969,-0.897072434425354
263,1077248,683.4,1544.8,2.5,0.15,50,0.625,292,0.7842465753424658,149,112,10,10,16,1,0,95,-2.7382056483574324,27.12751677852349,-0.15405455231666565,0.0,-0.005875860434025526,30.115105533599852,2.086608874797821,0.0,0.005987976501637604,0.07548828125,19.72057776451111,-2.9103830456733704e-11,0.42177814245224,0.00013926380368098159,-0.8975746631622314
264,1081344,686.1,1572.6,2.46,0.15,50,0.625,441,0.7913832199546486,149,120,10,11,8,0,0,100,-2.7845151140629705,27.335570469798657,-0.0987691730260849,0.0,-0.0056404824368655685,22.433879947662355,2.084338092803955,0.0,0.007211240941251163,0.094384765625,14.885611748695373,1.1641532182693481e-10,0.40771639347076416,0.00013865030674846624,-0.8981946110725403
265,1085440,688.7,1578.2,2.44,0.15,50,0.625,85,0.6941176470588235,156,105,17,20,14,0,0,82,-3.1814101755320805,26.42948717948718,-0.21047478914260864,0.0,-0.005945622827857733,28.85285186767578,2.0819623708724975,0.0,0.007907918129058089,0.107421875,19.106646823883057,-1.775333657860756e-09,0.37087512016296387,0.00013803680981595091,-0.8987124562263489
266,1089536,691.3,1559.3,2.48,0.14,50,0.625,240,0.7333333333333333,155,117,9,20,9,0,0,107,-2.9171173364798504,26.825806451612902,-0.11225487291812897,0.0,-0.005519436113536358,26.696552562713624,2.079453480243683,0.0,0.005587372221634723,0.067041015625,13.882386112213135,-2.066371962428093e-09,0.41642576456069946,0.00013742331288343557,-0.8996118903160095
267,1093632,693.9,1546.9,2.51,0.14,50,0.625,397,0.7405541561712846,157,118,8,16,15,0,0,108,-2.822648801324782,26.32484076433121,-0.11151666939258575,0.0,-0.006998585537075996,25.259856128692626,2.07556334733963,0.0,0.007285775769560132,0.094189453125,12.473862361907958,-1.862645149230957e-09,0.42012864351272583,0.00013680981595092024,-0.9004604816436768
268,1097728,696.5,1580.5,2.45,0.14,50,0.625,35,0.7142857142857143,150,111,8,16,15,0,0,89,-2.9363700201892793,26.706666666666667,-0.1474912464618683,0.0,-0.007391574326902628,27.14100103378296,2.0726533770561217,0.0,0.007547392479318659,0.098779296875,16.152497625350954,-1.3969838619232178e-09,0.4218566417694092,0.00013619631901840492,-0.9011154174804688
269,1101824,699.1,1590.9,2.43,0.14,50,0.625,189,0.783068783068783,154,123,12,10,9,0,0,100,-2.904442929838618,26.51298701298701,-0.07903777062892914,0.0,-0.0053827406372874975,20.40059757232666,2.0699780344963075,0.0,0.008298811383428983,0.109326171875,16.675180983543395,-1.280568540096283e-09,0.47966110706329346,0.00013558282208588955,-0.9018741846084595
270,1105920,701.0,2200.0,1.74,0.12,50,0.625,349,0.7793696275071633,160,124,10,16,10,0,0,107,-3.0529754959088833,25.775,-0.08170756697654724,0.0,-0.007314774324186146,24.272558879852294,2.0664377212524414,0.0,0.0072599496939801614,0.093896484375,10.989986801147461,2.9103830456733704e-10,0.3678123950958252,0.00013496932515337422,-0.9028835892677307
271,1110016,703.2,1855.6,2.06,0.15,50,0.625,509,0.7740667976424361,160,122,11,14,13,0,0,107,-3.0255258633059228,25.86875,-0.11076516658067703,0.0,-0.0038334533572196962,23.833183336257935,2.062571632862091,0.0,0.007176258003164548,0.09150390625,14.483697009086608,-4.3655745685100555e-10,0.4137219786643982,0.00013435582822085888,-0.9035983681678772
272,1114112,705.8,1546.1,2.5,0.15,50,0.625,160,0.73125,163,119,9,16,19,0,0,105,-3.0867762732787547,24.822085889570552,-0.1342136412858963,0.0,-0.004444040171802044,25.695124340057372,2.059830605983734,0.0,0.006422684391145595,0.07666015625,14.589536666870117,-2.9103830456733704e-10,0.3955996036529541,0.00013374233128834355,-0.9044486284255981
273,1118208,708.5,1549.0,2.5,0.15,50,0.625,321,0.7476635514018691,161,123,17,8,13,0,0,103,-3.223602524961824,25.51552795031056,-0.0893993228673935,0.0,-0.004896084219217301,23.421671867370605,2.05572304725647,0.0,0.00584339373599505,0.072412109375,13.285793590545655,-1.8044374883174896e-09,0.4257354140281677,0.0001331288343558282,-0.9057177901268005
274,1122304,711.1,1561.8,2.47,0.15,50,0.625,478,0.7510460251046025,157,119,10,12,16,0,0,100,-2.8684402602995602,25.554140127388536,-0.11293825507164001,0.0,-0.0050125706009566786,22.7652889251709,2.050959658622742,0.0,0.008932766849466135,0.1203125,10.842739367485047,-1.0186340659856796e-09,0.39373964071273804,0.00013251533742331288,-0.9065436720848083
275,1126400,713.8,1555.0,2.49,0.14,50,0.625,119,0.7142857142857143,153,109,12,16,16,0,0,88,-3.0539066435042677,26.797385620915033,-0.15639612078666687,0.0,-0.0033032908104360104,26.42490682601929,2.047969675064087,0.0,0.007410161507141311,0.094482421875,16.083909225463866,-8.731149137020111e-10,0.36697518825531006,0.00013190184049079756,-0.9075247645378113
276,1130496,716.5,1479.8,2.62,0.15,50,0.625,278,0.7446043165467626,159,122,10,13,14,0,0,106,-2.8930013460711854,26.0062893081761,-0.09765902161598206,0.0,-0.006068406533449889,21.260618019104005,2.0434803485870363,0.0,0.007209156987664755,0.09306640625,15.862251043319702,-1.0186340659856796e-09,0.43267786502838135,0.00013128834355828219,-0.9086705446243286
277,1134592,719.1,1572.4,2.46,0.15,50,0.625,434,0.7465437788018433,156,117,14,17,8,0,0,103,-2.922664833086103,26.576923076923077,-0.10833820700645447,0.0,-0.006824265443719923,23.881796073913574,2.038556957244873,0.0,0.008033762342529371,0.1099609375,12.718502163887024,-6.693881005048752e-10,0.36828523874282837,0.00013067484662576686,-0.9100633263587952
278,1138688,721.7,1580.1,2.44,0.15,50,0.625,70,0.8428571428571429,148,118,9,13,8,0,0,107,-2.8643547083883396,26.9527027027027,-0.07975722849369049,0.0,-0.00596425486728549,21.495277404785156,2.032736349105835,0.0,0.008150401314196642,0.10947265625,12.730084419250488,-8.440110832452774e-10,0.4297439455986023,0.00013006134969325152,-0.9114828705787659
279,1142784,724.4,1533.9,2.53,0.14,50,0.625,223,0.7847533632286996,153,116,16,10,11,0,0,93,-2.82672796848414,27.058823529411764,-0.11849220097064972,0.0,-0.006533763231709599,24.685840845108032,2.0280991792678833,0.0,0.00653201588866068,0.08330078125,16.868899440765382,-1.57160684466362e-09,0.4335790276527405,0.0001294478527607362,-0.9122760891914368
280,1146880,726.1,2494.6,1.52,0.12,50,0.625,373,0.7613941018766756,150,109,12,11,18,0,0,90,-2.8631252875517643,27.633333333333333,-0.14617763459682465,0.0,-0.005879706237465143,24.728959560394287,2.0250799298286437,0.0,0.007774656591936946,0.100390625,15.652057695388795,-1.3969838619232178e-09,0.4247586727142334,0.00012883435582822084,-0.9132078289985657
281,1150976,728.6,1606.7,2.41,0.14,50,0.625,15,0.6666666666666666,154,117,10,9,18,0,0,100,-2.988328300229766,26.24025974025974,-0.09907200932502747,0.0,-0.004250943986698985,20.330645513534545,2.020379960536957,0.0,0.006801960099255666,0.08857421875,13.408720326423644,-1.4551915228366852e-09,0.4814099073410034,0.00012822085889570552,-0.9146270751953125
282,1155072,731.2,1599.5,2.41,0.15,50,0.625,170,0.7764705882352941,155,122,8,13,12,0,0,111,-2.7930994574345593,26.47741935483871,-0.07719768583774567,0.0,-0.00599131784401834,21.43434543609619,2.014970624446869,0.0,0.006930148179526441,0.087060546875,14.538365292549134,2.9103830456733704e-11,0.39737576246261597,0.00012760736196319015,-0.9157207012176514
283,1159168,733.7,1622.5,2.38,0.15,50,0.625,319,0.7931034482758621,149,121,7,7,14,0,0,101,-3.0366237086108883,27.563758389261746,-0.07378131151199341,0.0,-0.004633133090101183,19.992502403259277,2.010067641735077,0.0,0.004959257133305073,0.06123046875,13.521470999717712,-8.440110832452774e-10,0.4175713062286377,0.00012699386503067483,-0.9173235297203064
284,1163264,736.3,1569.5,2.46,0.15,50,0.625,473,0.7822410147991543,154,117,13,13,11,0,0,104,-2.8431638745997714,27.16883116883117,-0.11829175800085068,0.0,-0.00589159238152206,23.583838844299315,2.0044245958328246,0.0,0.005794335699465592,0.070166015625,14.184109926223755,-2.6193447411060333e-09,0.4484316110610962,0.0001263803680981595,-0.9182246923446655
285,1167360,739.0,1541.6,2.51,0.15,50,0.625,113,0.8053097345132744,152,122,8,12,10,0,0,101,-3.020370636839432,26.36842105263158,-0.07068565487861633,0.0,-0.005240716505795717,21.93827180862427,2.0015204668045046,0.0,0.006369016940880101,0.077197265625,11.358530974388122,2.0372681319713593e-10,0.4095888137817383,0.00012576687116564415,-0.9189890623092651
286,1171456,741.7,1531.3,2.54,0.14,50,0.625,266,0.7744360902255639,153,115,8,16,14,0,0,98,-2.892020596545846,26.908496732026144,-0.13010746240615845,0.0,-0.007574161421507597,25.53361883163452,1.9978032410144806,0.0,0.00806459411396645,0.1103515625,15.464299941062928,-1.5133991837501526e-09,0.3895121216773987,0.00012515337423312883,-0.9201120734214783
287,1175552,744.4,1506.7,2.57,0.15,50,0.625,421,0.7743467933491687,155,120,9,17,9,0,0,103,-2.8475620136746205,26.2,-0.08359048515558243,0.0,-0.004972136858850717,22.04165596961975,1.9932415723800658,0.0,0.005608424487581943,0.068896484375,12.647975945472718,-1.2514647096395493e-09,0.37845271825790405,0.00012453987730061348,-0.9210978150367737
288,1179648,747.1,1547.7,2.5,0.15,50,0.625,52,0.9038461538461539,143,125,8,5,5,0,0,107,-2.7228956350602522,28.41958041958042,-0.036792997270822525,0.0,-0.005339810345321894,17.043191814422606,1.9902170658111573,0.0,0.008556539689016063,0.118115234375,14.280650758743286,-7.566995918750763e-10,0.42752331495285034,0.00012392638036809816,-0.9216334223747253
289,1183744,749.6,1593.6,2.42,0.15,50,0.625,203,0.8029556650246306,151,116,8,17,10,0,0,96,-2.9340891007110046,27.33112582781457,-0.10297475755214691,0.0,-0.004817185737192631,24.19845018386841,1.987947154045105,0.0,0.007753525651060045,0.102099609375,15.351668214797973,-1.1641532182693481e-09,0.41063594818115234,0.0001233128834355828,-0.9223197102546692
290,1187840,752.3,1553.1,2.49,0.15,50,0.625,352,0.8181818181818182,149,125,9,11,4,0,0,108,-2.810165208078141,27.201342281879196,-0.037064794450998306,0.0,-0.006073741521686315,18.467949628829956,1.9842310309410096,0.0,0.006036365346517414,0.07646484375,12.015697884559632,-1.6298145055770874e-09,0.42448776960372925,0.00012269938650306746,-0.9236230850219727
291,1191936,754.9,1552.8,2.5,0.14,50,0.625,501,0.812375249500998,149,119,7,12,11,0,0,102,-2.901124009069745,28.033557046979865,-0.07836812734603882,0.0,-0.0052025993820279835,21.18377842903137,1.979119563102722,0.0,0.006593706764397212,0.082861328125,15.052669358253478,4.0745362639427185e-10,0.3957037925720215,0.00012208588957055212,-0.924659013748169
292,1196032,757.5,1572.9,2.46,0.14,60,0.75,0,,148,116,10,14,8,0,0,106,-2.8685307312403943,27.60135135135135,-0.10974091291427612,0.0,-0.005173171730712056,21.916887187957762,1.9756002306938172,0.0,0.00500294439989375,0.0572265625,15.391274738311768,-8.731149137020111e-10,0.48983830213546753,0.0001214723926380368,-0.9254324436187744
293,1200128,760.0,1660.4,2.32,0.15,60,0.75,126,0.8253968253968254,142,115,9,11,7,0,0,104,-2.6466082552954346,28.91549295774648,-0.12126527726650238,0.0,-0.005944393761456013,20.08245325088501,1.9726150810718537,0.0,0.0064163141141762026,0.080224609375,14.033711528778076,-8.149072527885437e-10,0.516481339931488,0.00012085889570552147,-0.9262293577194214
294,1204224,761.7,2490.0,1.51,0.13,60,0.75,261,0.7931034482758621,135,103,9,14,9,0,0,83,-2.710500788980341,29.992592592592594,-0.17371472716331482,0.0,-0.005338514177128673,22.700839710235595,1.969467544555664,0.0,0.007175073279358912,0.095263671875,15.958176755905152,-4.0745362639427185e-10,0.480985164642334,0.00012024539877300612,-0.9269239902496338
295,1208320,764.2,1593.0,2.42,0.15,60,0.75,401,0.7755610972568578,140,104,10,7,19,0,0,87,-2.744272902795224,29.007142857142856,-0.17755064368247986,0.0,-0.007319641206413508,24.840748882293703,1.966457223892212,0.0,0.007558993580460083,0.09775390625,14.445244789123535,-7.8580342233181e-10,0.48881471157073975,0.0001196319018404908,-0.9278465509414673
296,1212416,766.8,1565.4,2.47,0.15,60,0.75,23,0.8260869565217391,134,105,10,15,4,0,0,87,-2.7058262930351646,29.791044776119403,-0.1440213918685913,0.0,-0.005727523751556873,22.240035438537596,1.962564504146576,0.0,0.00522838528995635,0.0646484375,14.57504711151123,-9.89530235528946e-10,0.4480988383293152,0.00011901840490797544,-0.9287679195404053
297,1216512,769.4,1619.1,2.39,0.14,60,0.75,168,0.7857142857142857,145,113,11,12,9,0,0,95,-2.7869029849027998,29.110344827586207,-0.12635678052902222,0.0,-0.0058865773025900126,20.249902486801147,1.9592437088489532,0.0,0.00557322734821355,0.068017578125,14.962405037879943,-4.3655745685100555e-10,0.4514738917350769,0.00011840490797546012,-0.9294694066047668
298,1220608,772.0,1572.1,2.46,0.14,60,0.75,314,0.7834394904458599,146,114,11,11,10,0,0,96,-2.898433328023297,28.095890410958905,-0.1149495467543602,0.0,-0.00637544235214591,24.550507926940917,1.9577463805675506,0.0,0.006123046309221536,0.07783203125,16.05137767791748,-1.7462298274040222e-09,0.4916432499885559,0.00011779141104294476,-0.9294513463973999
299,1224704,774.6,1578.3,2.46,0.14,60,0.75,466,0.776824034334764,152,116,10,12,14,0,0,99,-2.7385287512728307,27.05921052631579,-0.11919749528169632,0.0,-0.0041333977598696945,22.014978885650635,1.9571583092212677,0.0,0.008032393423491158,0.108984375,13.270473742485047,4.656612873077393e-10,0.46385639905929565,0.00011717791411042943,-0.9299544095993042
300,1228800,777.2,1562.1,2.48,0.14,60,0.75,100,0.76,146,113,13,11,9,0,0,93,-2.829648911026932,28.47945205479452,-0.124159075319767,0.0,-0.005069459974765778,22.55571641921997,1.9550314664840698,0.0,0.005773048021364957,0.069921875,16.742667150497436,-1.280568540096283e-09,0.460111141204834,0.00011656441717791411,-0.9303663969039917
301,1232896,780.0,1495.8,2.59,0.15,60,0.75,243,0.7654320987654321,143,110,11,10,12,0,0,99,-2.874862119819769,28.125874125874127,-0.14695170521736145,0.0,-0.006715347827412188,20.36137671470642,1.9535578608512878,0.0,0.006158841462456622,0.077880859375,14.428836250305176,-1.57160684466362e-09,0.522874116897583,0.00011595092024539876,-0.9308353066444397
302,1236992,782.6,1542.3,2.52,0.14,60,0.75,382,0.7696335078534031,139,108,10,12,9,0,0,86,-2.7473452211222895,29.60431654676259,-0.13651227951049805,0.0,-0.005235075950622559,23.00289182662964,1.9516161680221558,0.0,0.006256092760304454,0.080517578125,16.49150142669678,-1.2223608791828156e-09,0.399985671043396,0.00011533742331288344,-0.9312400817871094
303,1241088,784.9,1823.6,2.09,0.15,60,0.75,15,0.9333333333333333,145,112,12,12,9,0,0,93,-2.7968461709209245,28.744827586206895,-0.1163758710026741,0.0,-0.007875380478799343,20.688660764694212,1.9493401288986205,0.0,0.007278800650965422,0.09716796875,15.266244196891785,-1.8044374883174896e-09,0.44780975580215454,0.00011472392638036808,-0.9321063756942749
304,1245184,786.7,2213.1,1.71,0.14,60,0.75,155,0.7741935483870968,140,106,9,10,15,0,0,86,-2.9756559973484276,28.978571428571428,-0.14527256786823273,0.0,-0.005333617236465216,24.990199089050293,1.9455569386482239,0.0,0.007332994081662036,0.09833984375,20.428668594360353,4.3655745685100555e-10,0.4214898943901062,0.00011411042944785276,-0.9330736994743347
305,1249280,789.4,1553.0,2.49,0.15,60,0.75,297,0.7643097643097643,142,107,9,11,15,0,0,88,-2.861451847767606,28.683098591549296,-0.15273591876029968,0.0,-0.00435798023827374,25.98489785194397,1.9417119562625884,0.0,0.0069053521423484195,0.093310546875,19.57233386039734,-1.8335413187742233e-09,0.4811689257621765,0.00011349693251533741,-0.9338861107826233
306,1253376,792.0,1567.0,2.47,0.15,60,0.75,438,0.7671232876712328,141,109,13,10,9,0,0,86,-2.843632932208322,28.45390070921986,-0.13882683217525482,0.0,-0.006473902473226189,22.706023597717284,1.9388151288032531,0.0,0.007092400567489676,0.094091796875,12.758670616149903,-5.820766091346741e-10,0.46054530143737793,0.00011288343558282207,-0.9346219897270203
307,1257472,794.6,1577.5,2.45,0.15,60,0.75,76,0.7236842105263158,150,119,6,15,10,0,0,102,-2.777250608005153,27.926666666666666,-0.09048542380332947,0.0,-0.006923889159224927,21.138952112197877,1.9363471746444703,0.0,0.00822375942079816,0.114453125,13.530209565162659,-1.979060471057892e-09,0.42633819580078125,0.00011226993865030672,-0.935075581073761
308,1261568,797.4,1491.5,2.6,0.15,60,0.75,220,0.7772727272727272,144,116,9,10,9,0,0,98,-2.9205217810413746,28.03472222222222,-0.10385583341121674,0.0,-0.006234641280025243,20.0893675327301,1.933919256925583,0.0,0.007309941718995105,0.09873046875,13.895183300971985,-9.313225746154785e-10,0.4363192915916443,0.0001116564417177914,-0.9360190629959106
309,1265664,800.0,1553.2,2.49,0.15,60,0.75,355,0.7718309859154929,135,103,11,12,9,0,0,89,-2.6671229693527607,30.762962962962963,-0.1752164363861084,0.0,-0.006114874756895006,28.202931308746336,1.9297339856624602,0.0,0.0057884663416189145,0.070556640625,17.569821977615355,-4.3655745685100555e-10,0.43656229972839355,0.00011104294478527608,-0.9370262622833252
310,1269760,802.5,1632.0,2.37,0.14,60,0.75,496,0.782258064516129,141,114,6,13,8,0,0,98,-2.889688819226875,29.22695035460993,-0.09519559144973755,0.0,-0.004814940644428134,22.328375148773194,1.9260464370250703,0.0,0.005024582738406025,0.06142578125,14.178600311279297,-1.3096723705530167e-09,0.4270511865615845,0.00011042944785276072,-0.9378423690795898
311,1273856,805.0,1621.2,2.38,0.15,60,0.75,129,0.7751937984496124,145,110,9,20,6,0,0,97,-2.778491672444486,28.124137931034483,-0.10954178869724274,0.0,-0.005534904263913632,22.698206996917726,1.922646051645279,0.0,0.006008517104783095,0.07529296875,16.701463627815247,-1.1641532182693481e-09,0.448844850063324,0.0001098159509202454,-0.9387193918228149
312,1277952,807.7,1547.5,2.5,0.14,60,0.75,279,0.7706093189964157,150,115,11,13,11,0,0,95,-2.7728942823092844,27.80666666666667,-0.12268820405006409,0.0,-0.007650600560009479,20.77163076400757,1.9186128497123718,0.0,0.00778824294829974,0.10322265625,13.932641005516052,3.4924596548080444e-10,0.5312384366989136,0.00010920245398773005,-0.939910888671875
313,1282048,810.3,1604.4,2.4,0.15,60,0.75,421,0.7410926365795725,142,97,16,21,8,0,0,79,-3.151413859934675,28.485915492957748,-0.18181347846984863,0.0,-0.003759389743208885,32.79939422607422,1.9146826088428497,0.0,0.004996001967811026,0.059033203125,24.410449838638307,-2.2118911147117615e-09,0.4529438614845276,0.00010858895705521473,-0.940581202507019
314,1286144,812.2,2108.4,1.81,0.13,60,0.75,61,0.7868852459016393,152,114,9,10,19,0,0,102,-2.628520863241214,26.93421052631579,-0.12765836715698242,0.0,-0.005584064824506641,22.20371732711792,1.9122444927692412,0.0,0.005474590438825544,0.067626953125,17.645712637901305,-9.313225746154785e-10,0.4939920902252197,0.00010797546012269936,-0.9413014054298401
315,1290240,814.8,1569.8,2.46,0.15,60,0.75,203,0.7733990147783252,142,109,9,11,13,0,0,89,-2.7172267793079024,28.112676056338028,-0.11698410660028458,0.0,-0.005586196947842836,23.011607456207276,1.9090058982372284,0.0,0.005673224356723949,0.0662109375,15.934717655181885,-5.238689482212067e-10,0.5071569681167603,0.00010736196319018404,-0.9420616626739502
316,1294336,817.5,1523.5,2.54,0.15,60,0.75,356,0.7780898876404494,153,120,10,12,11,0,0,97,-2.895581311826654,27.18300653594771,-0.0975358635187149,0.0,-0.00629567876458168,23.40722188949585,1.9061951220035553,0.0,0.006449441600125283,0.082763671875,14.462713050842286,-1.1641532182693481e-09,0.4931270480155945,0.00010674846625766872,-0.9427492618560791
317,1298432,820.1,1604.6,2.4,0.15,60,0.75,496,0.7862903225806451,140,113,7,14,6,0,0,99,-2.7754424492017002,29.185714285714287,-0.10540833324193954,0.0,-0.006682777451351285,24.258417320251464,1.9036330103874206,0.0,0.008708312682574614,0.118896484375,16.60500009059906,-1.5133991837501526e-09,0.47857576608657837,0.00010613496932515336,-0.9433776140213013
318,1302528,822.8,1497.5,2.59,0.15,60,0.75,127,0.905511811023622,143,128,7,8,0,0,0,113,-2.7779957313514005,29.062937062937063,-0.006180800497531891,0.0,-0.005511500081047416,15.69800591468811,1.9009283185005188,0.0,0.006846065323043149,0.090234375,15.603883361816406,-1.979060471057892e-09,0.49664920568466187,0.00010552147239263804,-0.9440594911575317
319,1306624,825.6,1474.0,2.64,0.14,60,0.75,273,0.8205128205128205,146,109,11,19,7,0,0,87,-2.916470177809945,27.445205479452056,-0.13540738821029663,0.0,-0.005379842268303037,25.585984420776366,1.8982770264148712,0.0,0.006132913858164102,0.079248046875,18.83588833808899,-1.6298145055770874e-09,0.3920186161994934,0.00010490797546012269,-0.9447053074836731
320,1310720,828.3,1502.2,2.58,0.15,60,0.75,419,0.801909307875895,146,112,13,11,10,0,0,89,-2.877605892513938,28.226027397260275,-0.12361389398574829,0.0,-0.006333431787788868,23.22572078704834,1.8954179227352141,0.0,0.005878832688904367,0.0724609375,14.885384893417358,2.9103830456733704e-11,0.4491235017776489,0.00010429447852760737,-0.9455606341362
321,1314816,831.0,1537.7,2.52,0.14,60,0.75,58,0.7068965517241379,151,103,13,19,16,0,0,89,-2.878652705090428,27.4635761589404,-0.19077572226524353,0.0,-0.0046424494124948975,27.191367530822752,1.8920230567455292,0.0,0.004649428463017103,0.052783203125,15.214328241348266,-1.1350493878126144e-09,0.39765065908432007,0.000103680981595092,-0.9463441371917725
322,1318912,833.6,1572.9,2.46,0.14,60,0.75,204,0.7598039215686274,146,114,6,15,11,0,0,102,-2.827708232422522,28.089041095890412,-0.1002555713057518,0.0,-0.00671629779972136,22.11240382194519,1.8890840709209442,0.0,0.007305926908156834,0.096826171875,13.622132158279419,-1.4551915228366852e-09,0.3991672396659851,0.00010306748466257668,-0.9469956755638123
323,1323008,835.3,2390.8,1.6,0.12,60,0.75,349,0.7679083094555874,145,113,7,15,10,0,0,100,-2.8914976917676696,27.96551724137931,-0.08523775637149811,0.0,-0.004158871155232191,19.14469289779663,1.886790293455124,0.0,0.005691575766832102,0.0693359375,16.46137490272522,-1.0186340659856796e-09,0.4876521825790405,0.00010245398773006133,-0.9475138187408447
324,1327104,837.6,1794.4,2.14,0.14,60,0.75,495,0.7636363636363637,146,110,16,13,7,0,0,93,-2.849027909383154,28.143835616438356,-0.12649808824062347,0.0,-0.005002597905695438,20.696682739257813,1.8837117671966552,0.0,0.007739319697429891,0.10234375,13.798785543441772,-1.2514647096395493e-09,0.4803769588470459,0.000101840490797546,-0.9485746622085571
325,1331200,840.2,1566.7,2.47,0.14,60,0.75,131,0.8244274809160306,148,122,3,13,10,0,0,104,-2.853793638567127,27.716216216216218,-0.06552992761135101,0.0,-0.0043178582563996315,17.5669162273407,1.8797185659408568,0.0,0.006741281671565957,0.086181640625,12.804915881156921,7.566995918750763e-10,0.49688881635665894,0.00010122699386503068,-0.9494892358779907
326,1335296,842.8,1615.9,2.39,0.15,60,0.75,276,0.8007246376811594,145,113,7,15,10,0,0,99,-2.8493748307886198,28.137931034482758,-0.0939568430185318,0.0,-0.00612442446872592,19.829060363769532,1.8764823913574218,0.0,0.007303904266154859,0.096484375,14.588078784942628,2.6193447411060333e-10,0.4768404960632324,0.00010061349693251533,-0.9501389265060425
327,1339392,845.3,1596.8,2.42,0.15,60,0.75,421,0.7980997624703088,145,115,9,10,11,0,0,99,-2.84424491625954,27.958620689655174,-0.07826028764247894,0.0,-0.005332145839929581,20.707993984222412,1.873916709423065,0.0,0.0063486623839708045,0.079638671875,14.716134834289551,-2.3283064365386963e-10,0.41192787885665894,0.0001,-0.9509260058403015
328,1343488,847.9,1584.4,2.44,0.15,60,0.75,58,0.7413793103448276,149,116,13,12,8,0,0,104,-2.9892369456751244,27.76510067114094,-0.07692290842533112,0.0,-0.00504685053601861,21.96779947280884,1.8703227937221527,0.0,0.006125034572323784,0.07802734375,16.3588764667511,0.0,0.44011157751083374,9.938650306748464e-05,-0.9518333077430725
329,1347584,850.6,1524.1,2.54,0.15,60,0.75,202,0.7722772277227723,144,113,7,15,9,0,0,102,-2.8451855152363117,28.319444444444443,-0.07232075929641724,0.0,-0.004031757730990649,19.53388648033142,1.8663237750530244,0.0,0.005991037550847978,0.076171875,12.824155020713807,-9.89530235528946e-10,0.40941697359085083,9.877300613496932e-05,-0.952958345413208
330,1351680,853.1,1633.2,2.36,0.15,60,0.75,348,0.7902298850574713,146,119,4,18,5,0,0,102,-2.89227163284816,28.465753424657535,-0.04995010793209076,0.0,-0.006296306196600199,20.151744031906127,1.8623583674430848,0.0,0.008900060043379199,0.123046875,11.394616651535035,-1.4551915228366852e-10,0.35248464345932007,9.815950920245397e-05,-0.9536840915679932
331,1355776,855.8,1529.6,2.53,0.15,60,0.75,495,0.8121212121212121,147,127,4,8,8,0,0,118,-2.8561609443831015,27.829931972789115,-0.01939389295876026,0.0,-0.004747926164418459,13.775106739997863,1.859870481491089,0.0,0.006820011128729675,0.085009765625,14.96080539226532,-4.0745362639427185e-10,0.5258546471595764,9.754601226993865e-05,-0.9543611407279968
332,1359872,858.4,1612.1,2.39,0.15,70,0.875,0,,141,118,5,7,11,0,0,104,-2.7316539430371125,28.53900709219858,-0.05131208896636963,0.0,-0.004449364496394992,15.30304594039917,1.8564602553844451,0.0,0.0073953468658146445,0.09853515625,10.069141125679016,-2.1827872842550278e-09,0.5389409065246582,9.693251533742329e-05,-0.9554303288459778
333,1363968,861.0,1536.8,2.52,0.15,70,0.875,119,0.7563025210084033,135,103,13,8,11,0,0,84,-2.8272536694104202,30.377777777777776,-0.14573869109153748,0.0,-0.005605342239141465,27.995732688903807,1.8522529661655427,0.0,0.0065193609349080365,0.08896484375,22.107403683662415,-1.7462298274040222e-09,0.45851463079452515,9.631901840490797e-05,-0.9562731981277466
334,1368064,863.7,1524.6,2.55,0.14,70,0.875,255,0.7490196078431373,136,101,13,15,7,0,0,95,-2.5966418931929067,30.683823529411764,-0.1745225489139557,0.0,-0.005896693980321288,23.494046020507813,1.849056899547577,0.0,0.005955859665118623,0.075146484375,14.502650547027589,-1.4260876923799515e-09,0.4666018486022949,9.570552147239264e-05,-0.9572383761405945
335,1372160,866.4,1545.6,2.5,0.15,70,0.875,382,0.7486910994764397,127,95,7,14,11,0,0,82,-2.467399094878356,31.724409448818896,-0.16431565582752228,0.0,-0.005733531806617976,22.8408145904541,1.845226275920868,0.0,0.006539790747046937,0.08505859375,18.10027413368225,-2.764863893389702e-09,0.4840308427810669,9.509202453987728e-05,-0.9579832553863525
336,1376256,869.1,1512.7,2.56,0.15,70,0.875,511,0.7416829745596869,129,93,17,9,10,0,0,71,-2.6667158736718175,31.558139534883722,-0.18242397904396057,0.0,-0.005599311459809542,23.37023458480835,1.843091070652008,0.0,0.00610229696467286,0.0779296875,17.75583086013794,-1.1350493878126144e-09,0.49327749013900757,9.447852760736196e-05,-0.9583131074905396
337,1380352,871.7,1571.0,2.46,0.15,70,0.875,138,0.7898550724637681,139,110,5,13,11,0,0,97,-2.693234405101781,29.949640287769785,-0.1141853779554367,0.0,-0.005916715878993273,21.171625423431397,1.841857409477234,0.0,0.00606750901642954,0.07880859375,17.052721309661866,-1.367880031466484e-09,0.5038775205612183,9.386503067484661e-05,-0.9587079286575317
338,1384448,874.3,1560.1,2.48,0.14,70,0.875,277,0.7725631768953068,139,105,10,14,10,0,0,85,-2.7153160613854173,29.230215827338128,-0.15108653903007507,0.0,-0.005282125342637301,22.483108282089233,1.8398115515708924,0.0,0.0046030387034988966,0.05107421875,12.737201189994812,-1.1932570487260818e-09,0.5035390257835388,9.325153374233129e-05,-0.9593203067779541
339,1388544,876.9,1606.1,2.4,0.15,70,0.875,405,0.762962962962963,128,95,15,13,5,0,0,80,-2.610610851054365,32.1015625,-0.176423579454422,0.0,-0.006863127183169127,22.63759078979492,1.8371851325035096,0.0,0.00583338138385443,0.073388671875,16.17290496826172,-1.3969838619232178e-09,0.508797287940979,9.263803680981593e-05,-0.9600635170936584
340,1392640,879.5,1584.0,2.44,0.15,70,0.875,33,0.8484848484848485,140,120,7,12,1,0,0,103,-2.7084284908425196,29.664285714285715,-0.05151769518852234,0.0,-0.005026275618001818,15.58978886604309,1.8336332619190217,0.0,0.0058467238151934,0.0732421875,14.18045608997345,-1.3387762010097504e-09,0.5704997777938843,9.20245398773006e-05,-0.9611043930053711
341,1396736,881.3,2258.7,1.7,0.11,70,0.875,162,0.7592592592592593,129,95,10,16,8,0,0,84,-2.6558737763647193,30.74418604651163,-0.180989608168602,0.0,-0.005113903153687716,20.13309645652771,1.8291658163070679,0.0,0.006695758599380497,0.088525390625,13.78679404258728,-9.604264050722122e-10,0.5725946426391602,9.141104294478528e-05,-0.9621838927268982
342,1400832,883.5,1834.3,2.08,0.15,70,0.875,290,0.7724137931034483,128,101,8,12,7,0,0,83,-2.5111865950573615,31.6875,-0.13071490824222565,0.0,-0.005513450130820274,21.012552642822264,1.82584747672081,0.0,0.005738938224385493,0.070654296875,16.63399863243103,-1.2514647096395493e-09,0.46410661935806274,9.079754601226993e-05,-0.9627305269241333
343,1404928,886.1,1584.5,2.44,0.15,70,0.875,425,0.7741176470588236,135,105,8,12,10,0,0,89,-2.6425193373177516,30.348148148148148,-0.13942307233810425,0.0,-0.005214288923889398,22.35296368598938,1.823793762922287,0.0,0.005064011485956144,0.060498046875,17.263517332077026,-1.775333657860756e-09,0.490772008895874,9.01840490797546e-05,-0.9633349180221558
344,1409024,888.8,1526.5,2.54,0.14,70,0.875,51,0.7843137254901961,138,110,10,12,6,0,0,95,-2.6764230112985463,29.963768115942027,-0.13241589069366455,0.0,-0.006060682609677315,19.807389736175537,1.820876133441925,0.0,0.005694026290439069,0.070703125,16.180422711372376,-1.1932570487260818e-09,0.5543369054794312,8.957055214723925e-05,-0.9641958475112915
345,1413120,891.4,1596.4,2.42,0.15,70,0.875,184,0.8097826086956522,133,109,8,7,9,0,0,94,-2.534544763156372,30.48872180451128,-0.10916085541248322,0.0,-0.004814653843641281,17.62894997596741,1.8171102285385132,0.0,0.005351215763948858,0.0634765625,12.844882583618164,-4.94765117764473e-10,0.5473276376724243,8.895705521472393e-05,-0.9651700258255005
346,1417216,894.0,1553.4,2.5,0.14,70,0.875,322,0.8167701863354038,138,114,6,12,6,0,0,103,-2.779373569921274,30.13768115942029,-0.08362040668725967,0.0,-0.007064238516613841,18.511774730682372,1.8135846912860871,0.0,0.007988055983150843,0.1013671875,12.824736404418946,-1.0477378964424133e-09,0.5192052125930786,8.834355828220857e-05,-0.9658536314964294
347,1421312,896.7,1530.2,2.53,0.15,70,0.875,462,0.8138528138528138,140,113,7,9,11,0,0,93,-2.766459583392815,29.707142857142856,-0.1060250997543335,0.0,-0.005845833732746541,20.527194118499757,1.8116886079311372,0.0,0.005963699115091004,0.074853515625,15.117318201065064,-1.3969838619232178e-09,0.49420350790023804,8.773006134969324e-05,-0.9661597609519958
348,1425408,899.5,1498.7,2.59,0.14,80,1.0,0,,132,97,10,14,11,0,0,81,-2.5119290817573536,30.37878787878788,-0.17386409640312195,0.0,-0.005711283162236213,24.030435276031493,1.8105716705322266,0.0,0.005033662538335193,0.058984375,18.945991945266723,-1.1641532182693481e-10,0.48730725049972534,8.71165644171779e-05,-0.9664788246154785
349,1429504,902.1,1542.9,2.5,0.15,80,1.0,100,0.77,116,87,13,11,5,0,0,75,-2.578408158565945,33.543103448275865,-0.20954661071300507,0.0,-0.006322060152888298,27.235365009307863,1.8088200569152832,0.0,0.006338909755868372,0.08125,18.184005451202392,-1.0186340659856796e-09,0.4902770519256592,8.650306748466257e-05,-0.9670852422714233
350,1433600,904.7,1593.4,2.43,0.15,80,1.0,228,0.7543859649122807,128,95,15,12,6,0,0,78,-2.6653898034409558,33.09375,-0.19143810868263245,0.0,-0.005616268794983626,26.43510684967041,1.8065432250499724,0.0,0.005848440983390902,0.072265625,20.60642056465149,2.6193447411060333e-10,0.5868053436279297,8.588957055214725e-05,-0.9674345254898071
351,1437696,906.4,2471.1,1.53,0.13,80,1.0,354,0.7598870056497176,126,97,10,11,7,1,0,85,-2.4561302914194125,33.611111111111114,-0.1691662073135376,0.0,-0.006888137478381395,18.69004006385803,1.8053761661052703,0.0,0.006336002689204178,0.08232421875,14.539049363136291,-2.3283064365386963e-09,0.6032253503799438,8.527607361963189e-05,-0.9678853750228882
352,1441792,908.9,1589.9,2.43,0.15,80,1.0,481,0.7754677754677755,127,104,5,9,9,0,0,82,-2.608696456311859,31.15748031496063,-0.13202419877052307,0.0,-0.007189175765961409,20.083307790756226,1.8029165029525758,0.0,0.005394124935264699,0.06416015625,17.32359311580658,-5.820766091346741e-10,0.5844120979309082,8.466257668711657e-05,-0.9685803055763245
353,1445888,911.6,1557.3,2.48,0.15,80,1.0,101,0.7821782178217822,132,102,9,15,5,1,0,87,-2.578327459271359,31.90909090909091,-0.12730564177036285,0.0,-0.004901198344305158,21.684597301483155,1.8000911235809327,0.0,0.0069887526653474195,0.08984375,17.344833087921142,-4.3655745685100555e-10,0.4632173180580139,8.40490797546012e-05,-0.96932452917099
354,1449984,914.2,1567.2,2.47,0.15,80,1.0,218,0.7935779816513762,117,94,7,11,4,1,0,78,-2.453662078083205,34.56410256410256,-0.16650420427322388,0.0,-0.004859092365950346,20.604295396804808,1.7971166491508483,0.0,0.007133009165409021,0.093798828125,16.631041741371156,-2.35741026699543e-09,0.5823568105697632,8.343558282208588e-05,-0.9700096249580383
355,1454080,916.9,1534.7,2.52,0.15,80,1.0,333,0.8048048048048048,115,95,6,10,4,0,0,77,-2.425391375336124,35.10434782608696,-0.12830257415771484,0.0,-0.0054648686200380325,17.73390245437622,1.7943554520606995,0.0,0.006493392867560033,0.08408203125,15.203285646438598,-1.5425030142068863e-09,0.5389337539672852,8.282208588957054e-05,-0.970771849155426
356,1458176,919.6,1508.5,2.57,0.15,80,1.0,466,0.7896995708154506,133,100,8,17,8,0,0,85,-2.5565952443861137,31.383458646616543,-0.1541188657283783,0.0,-0.005668058851733803,23.80008182525635,1.7909573554992675,0.0,0.0068024632259039205,0.08857421875,15.41052463054657,-1.8044374883174896e-09,0.46321141719818115,8.220858895705521e-05,-0.9716266393661499
357,1462272,922.1,1637.2,2.35,0.15,80,1.0,92,0.7065217391304348,138,101,12,17,8,0,0,91,-2.6237604824983918,30.369565217391305,-0.17263370752334595,0.0,-0.005921544041484594,24.369046211242676,1.7881423354148864,0.0,0.00726173887233017,0.09599609375,18.22704186439514,-1.0186340659856796e-09,0.5546352863311768,8.159509202453985e-05,-0.9721826314926147
358,1466368,924.7,1557.3,2.49,0.14,80,1.0,220,0.7681818181818182,128,104,6,11,7,0,0,96,-2.356180048716605,32.0390625,-0.11549471318721771,0.0,-0.006469899695366621,20.391173934936525,1.7859212517738343,0.0,0.0058468743096455,0.07412109375,18.536194920539856,-1.1059455573558807e-09,0.532986044883728,8.098159509202453e-05,-0.9727909564971924
359,1470464,927.4,1538.6,2.51,0.15,80,1.0,348,0.7787356321839081,128,102,10,12,4,0,0,84,-2.5779671069320638,31.546875,-0.1393149495124817,0.0,-0.005827971780672669,20.48029022216797,1.7834204018115998,0.0,0.006759982572111767,0.083935546875,16.357740092277528,5.820766091346741e-11,0.5358748435974121,8.036809815950921e-05,-0.9734171628952026
360,1474560,930.0,1587.7,2.44,0.14,80,1.0,482,0.7883817427385892,134,109,7,8,10,0,0,94,-2.7913697441214578,30.917910447761194,-0.09890683740377426,0.0,-0.006171935936436057,18.232738256454468,1.7808243691921235,0.0,0.006874159778817557,0.08984375,17.20399966239929,-2.153683453798294e-09,0.5669513940811157,7.975460122699386e-05,-0.974061131477356
361,1478656,932.7,1532.2,2.52,0.15,80,1.0,99,0.7878787878787878,129,103,6,13,7,0,0,94,-2.57668076442688,31.2015503875969,-0.10837356001138687,0.0,-0.007305573532357812,21.09731125831604,1.778516012430191,0.0,0.0077273104863706974,0.10673828125,14.735392951965332,-7.275957614183426e-10,0.4640185832977295,7.914110429447852e-05,-0.974565327167511
362,1482752,935.4,1523.3,2.55,0.14,80,1.0,222,0.7747747747747747,123,94,10,10,9,0,0,78,-2.474055370759592,33.642276422764226,-0.19005900621414185,0.0,-0.005207229312509299,21.857540607452393,1.7762389659881592,0.0,0.005697775179578457,0.072900390625,17.66202578544617,-5.820766091346741e-10,0.5199698209762573,7.852760736196317e-05,-0.9752962589263916
363,1486848,938.0,1578.7,2.45,0.15,80,1.0,345,0.7652173913043478,123,92,12,12,7,0,0,83,-2.4825255704046323,33.642276422764226,-0.1677432805299759,0.0,-0.004973243921995163,21.286252880096434,1.773260623216629,0.0,0.007855512306559832,0.104931640625,16.211963605880737,-6.111804395914078e-10,0.5170143842697144,7.791411042944785e-05,-0.9759301543235779
364,1490944,940.3,1756.9,2.18,0.15,80,1.0,476,0.7521008403361344,131,94,18,11,8,0,0,81,-2.6823903988425872,30.46564885496183,-0.18442800641059875,0.0,-0.0060645447112619875,26.750577449798584,1.771729791164398,0.0,0.0064777024948853065,0.085009765625,17.201840686798096,-3.7834979593753815e-10,0.4921778440475464,7.730061349693249e-05,-0.9760158061981201
365,1495040,941.9,2494.4,1.54,0.11,80,1.0,97,0.7525773195876289,133,101,8,15,9,0,0,87,-2.7095796673844985,31.225563909774436,-0.15828916430473328,0.0,-0.006550516653805971,21.770807552337647,1.7711835741996764,0.0,0.0062385107798036184,0.079931640625,15.411159586906432,-9.313225746154785e-10,0.540239691734314,7.668711656441717e-05,-0.9763959646224976
366,1499136,944.6,1536.3,2.53,0.14,80,1.0,227,0.762114537444934,130,100,12,12,6,0,0,89,-2.750843027402517,31.323076923076922,-0.12999063730239868,0.0,-0.0052919618785381315,22.439279651641847,1.769008868932724,0.0,0.005462011776398867,0.06708984375,14.479140543937683,-2.0954757928848267e-09,0.48876887559890747,7.607361963190185e-05,-0.9770528078079224
367,1503232,947.2,1598.5,2.41,0.15,80,1.0,356,0.7612359550561798,129,98,9,15,7,0,0,82,-2.4816782352727116,31.348837209302324,-0.1494605541229248,0.0,-0.006191551499068737,20.729290294647218,1.7663560807704926,0.0,0.0068868083384586495,0.09091796875,16.317486333847047,-2.240994945168495e-09,0.5266364812850952,7.54601226993865e-05,-0.9775862097740173
368,1507328,949.7,1621.6,2.38,0.15,80,1.0,476,0.7794117647058824,120,100,5,10,5,0,0,87,-2.6447721783165274,34.075,-0.13007214665412903,0.0,-0.005434255488216877,20.506484842300416,1.7641762733459472,0.0,0.005301735979446676,0.064453125,18.06344690322876,-4.656612873077393e-10,0.5330430269241333,7.484662576687118e-05,-0.9783064723014832
369,1511424,952.4,1544.1,2.5,0.15,80,1.0,88,0.6931818181818182,124,89,15,14,6,0,0,74,-2.666709055893152,32.70967741935484,-0.1897255778312683,0.0,-0.004947572434321046,24.268653297424315,1.760838621854782,0.0,0.004011194678605534,0.041357421875,17.051319742202757,-1.4260876923799515e-09,0.5114689469337463,7.423312883435581e-05,-0.9791944026947021
370,1515520,954.9,1597.4,2.42,0.15,80,1.0,216,0.7361111111111112,128,98,9,16,5,0,0,81,-2.4972693145999436,32.9453125,-0.14628124237060547,0.0,-0.0062525983899831775,25.959817314147948,1.7577524960041047,0.0,0.00720974964206107,0.09560546875,17.714025211334228,-1.862645149230957e-09,0.4302285313606262,7.361963190184049e-05,-0.9797647595405579
371,1519616,957.5,1571.1,2.46,0.15,80,1.0,346,0.7687861271676301,130,107,8,11,4,0,0,92,-2.776858953710273,31.123076923076923,-0.10869899392127991,0.0,-0.005477043893188238,21.65298728942871,1.7558888077735901,0.0,0.005662039239541628,0.073681640625,17.241358089447022,-4.0745362639427185e-10,0.4507286548614502,7.300613496932513e-05,-0.9802181124687195
372,1523712,960.1,1602.3,2.41,0.15,80,1.0,476,0.7773109243697479,130,104,10,10,6,0,0,80,-2.553248365256519,31.376923076923077,-0.09946295619010925,0.0,-0.005860049230977893,22.913708305358888,1.7539995849132537,0.0,0.006688373116776347,0.08876953125,17.2167866230011,-8.731149137020111e-10,0.393382728099823,7.239263803680981e-05,-0.9806951284408569
373,1527808,962.6,1615.9,2.39,0.15,80,1.0,84,0.7738095238095238,120,93,9,12,6,0,0,74,-2.5798475915638654,34.96666666666667,-0.163177952170372,0.0,-0.005129785975441337,22.553763961791994,1.751520562171936,0.0,0.006335542195301969,0.082080078125,15.958025979995728,-8.731149137020111e-10,0.4889425039291382,7.177914110429446e-05,-0.9815245866775513
374,1531904,964.3,2501.9,1.53,0.11,80,1.0,211,0.7725118483412322,127,98,12,11,6,0,0,81,-2.54909198114464,31.53543307086614,-0.16164067387580872,0.0,-0.005021476652473211,19.593038320541382,1.74850190281868,0.0,0.005452747912204359,0.06669921875,15.553917694091798,-1.5133991837501526e-09,0.5628560185432434,7.116564417177914e-05,-0.982081949710846
375,1536000,966.9,1574.1,2.46,0.14,80,1.0,336,0.7589285714285714,125,92,12,15,6,0,0,71,-2.667320934289626,33.64,-0.17749959230422974,0.0,-0.005781805142760277,25.45716247558594,1.7460885643959045,0.0,0.005721953719330486,0.06982421875,17.759186244010927,-1.8335413187742233e-09,0.46215277910232544,7.055214723926382e-05,-0.9828810691833496
376,1540096,969.5,1594.6,2.43,0.14,80,1.0,458,0.7751091703056768,122,100,5,12,5,0,0,86,-2.732711624224781,32.459016393442624,-0.12438653409481049,0.0,-0.005363065609708428,18.723614406585693,1.742844784259796,0.0,0.005351060358225368,0.066015625,16.472489070892333,-1.7462298274040222e-09,0.5493135452270508,6.993865030674845e-05,-0.9835349321365356
377,1544192,972.0,1614.3,2.39,0.15,80,1.0,79,0.7721518987341772,133,93,17,9,14,0,0,72,-2.7205330774960346,31.56390977443609,-0.1918073147535324,0.0,-0.005647134594619274,25.108179378509522,1.7406042516231537,0.0,0.006745657660940196,0.08974609375,18.596186661720274,1.1641532182693481e-10,0.4566894769668579,6.932515337423313e-05,-0.9840616583824158
378,1548288,974.6,1584.0,2.44,0.15,80,1.0,205,0.8195121951219512,126,107,7,7,4,1,0,89,-2.615669328383682,31.928571428571427,-0.11180320382118225,0.0,-0.006110402569174766,20.08685431480408,1.7386334776878356,0.0,0.007388942546094767,0.096142578125,19.761305952072142,-2.1827872842550278e-09,0.5862120985984802,6.871165644171778e-05,-0.9844930768013
379,1552384,977.2,1552.2,2.49,0.15,80,1.0,325,0.803076923076923,120,93,12,9,6,0,0,75,-2.608154516897109,34.2,-0.16746222972869873,0.0,-0.005331275891512633,23.695863246917725,1.7372984528541564,0.0,0.00537413693673443,0.066162109375,16.44505982398987,-6.111804395914078e-10,0.48539215326309204,6.809815950920246e-05,-0.9846818447113037
380,1556480,979.8,1603.5,2.41,0.15,80,1.0,454,0.7775330396475771,129,92,10,19,8,0,0,74,-2.7361523233835237,31.627906976744185,-0.16836771368980408,0.0,-0.005683564953505993,22.860513401031493,1.7366041123867035,0.0,0.006041561038000509,0.076513671875,15.760038137435913,-7.275957614183426e-10,0.48838526010513306,6.74846625766871e-05,-0.9849418997764587
381,1560576,982.4,1598.8,2.41,0.15,80,1.0,74,0.7837837837837838,132,107,5,13,7,0,0,92,-2.550870517801722,31.522727272727273,-0.10221948474645615,0.0,-0.004905555630102754,21.340432977676393,1.7352469623088838,0.0,0.005355546221835539,0.065283203125,19.02799859046936,-1.6298145055770874e-09,0.4384796619415283,6.687116564417178e-05,-0.9853359460830688
382,1564672,985.0,1548.7,2.5,0.15,80,1.0,199,0.7688442211055276,125,95,12,11,7,0,0,80,-2.7804345893067732,32.632,-0.15451958775520325,0.0,-0.005312541406601668,21.47565655708313,1.7341157793998718,0.0,0.005734327813843265,0.072607421875,19.896706056594848,-1.4260876923799515e-09,0.5259698033332825,6.625766871165641e-05,-0.9854223728179932
383,1568768,987.6,1576.2,2.45,0.15,80,1.0,330,0.7757575757575758,131,103,10,9,9,0,0,79,-2.670003941122041,31.51145038167939,-0.10607002675533295,0.0,-0.0051339460536837574,19.871831750869752,1.7338868498802185,0.0,0.004460770032892469,0.051953125,15.765456533432006,-1.6298145055770874e-09,0.49238157272338867,6.564417177914109e-05,-0.9855774641036987
384,1572864,990.3,1517.7,2.55,0.14,80,1.0,462,0.7857142857142857,132,107,5,10,10,0,0,91,-2.716787484112904,30.984848484848484,-0.09780809283256531,0.0,-0.006295658089220524,18.48470821380615,1.7327139139175416,0.0,0.00648305302602239,0.083740234375,16.938710689544678,-1.6589183360338211e-09,0.5187029838562012,6.503067484662577e-05,-0.9859763383865356
385,1576960,993.0,1551.1,2.5,0.14,80,1.0,78,0.8076923076923077,128,104,10,8,6,0,0,88,-2.486873645295042,32.0859375,-0.09645862877368927,0.0,-0.006667659990489483,18.889714336395265,1.7309530079364777,0.0,0.007897511670307722,0.105029296875,13.944872093200683,-2.35741026699543e-09,0.5083735585212708,6.441717791411042e-05,-0.9864310026168823
386,1581056,995.7,1524.7,2.54,0.15,80,1.0,205,0.8292682926829268,127,107,6,10,4,0,0,92,-2.717484087046226,31.299212598425196,-0.06929540634155273,0.0,-0.006172372587025165,19.7242223739624,1.729333657026291,0.0,0.006692027545068413,0.08603515625,16.562838864326476,-7.566995918750763e-10,0.45285218954086304,6.38036809815951e-05,-0.9868242144584656
387,1585152,998.2,1598.5,2.41,0.15,80,1.0,333,0.8168168168168168,128,102,9,13,4,0,0,75,-2.93055351451744,32.453125,-0.12986907362937927,0.0,-0.004439912224188447,21.461796474456786,1.7276573419570922,0.0,0.004292991402326152,0.048095703125,16.47692608833313,-1.7462298274040222e-09,0.4487745761871338,6.319018404907974e-05,-0.9872376918792725
388,1589248,1000.1,2225.9,1.7,0.14,80,1.0,460,0.8,127,96,8,14,9,0,0,78,-2.76916198642291,32.330708661417326,-0.1451384723186493,0.0,-0.004465802875347436,22.497415351867676,1.7256868541240693,0.0,0.004945732113264966,0.059716796875,17.864901733398437,-1.6298145055770874e-09,0.42863643169403076,6.257668711656442e-05,-0.9878800511360168
389,1593344,1002.3,1842.7,2.07,0.15,80,1.0,77,0.7922077922077922,129,102,12,11,4,0,0,86,-2.796475485987803,31.96124031007752,-0.11594462394714355,0.0,-0.007221164926886558,17.46774125099182,1.7232163369655609,0.0,0.005886624504637439,0.076416015625,16.368737244606017,-2.5320332497358322e-09,0.5793730616569519,6.196319018404905e-05,-0.9883650541305542
390,1597440,1004.9,1582.1,2.44,0.15,80,1.0,203,0.7881773399014779,126,99,4,19,4,0,0,82,-2.6498312903294305,32.36507936507937,-0.12985175848007202,0.0,-0.006580209173262119,27.521609687805174,1.7216285943984986,0.0,0.006558915555069688,0.085986328125,22.558825421333314,-7.566995918750763e-10,0.4370155334472656,6.134969325153373e-05,-0.988713264465332
391,1601536,1007.5,1581.8,2.44,0.15,80,1.0,333,0.7747747747747747,130,98,9,16,7,0,0,83,-2.4647001489119726,30.915384615384614,-0.12152956426143646,0.0,-0.004922900022938848,23.751851654052736,1.7202420651912689,0.0,0.00619247873837594,0.078564453125,17.83845465183258,-2.1245796233415604e-09,0.4233563542366028,6.073619631901842e-05,-0.989075243473053
392,1605632,1010.1,1593.1,2.42,0.15,80,1.0,457,0.7724288840262582,124,95,9,12,8,0,0,75,-2.520266924610591,33.645161290322584,-0.15905913710594177,0.0,-0.006476615928113461,21.435130214691164,1.7186609387397767,0.0,0.006340693618403748,0.0767578125,14.787932062149048,-7.566995918750763e-10,0.5161454081535339,6.012269938650306e-05,-0.9895268678665161
393,1609728,1012.7,1552.7,2.49,0.15,80,1.0,66,0.7272727272727273,121,90,13,14,4,0,0,80,-2.803444685592012,33.78512396694215,-0.16290956735610962,0.0,-0.003781300550326705,25.631039333343505,1.717057740688324,0.0,0.0036569198840879836,0.040576171875,16.567322158813475,-1.3096723705530167e-09,0.4579136371612549,5.950920245398773e-05,-0.9898177981376648
394,1613824,1015.3,1589.8,2.43,0.15,80,1.0,192,0.7447916666666666,126,95,11,15,5,0,0,86,-2.526158384980664,32.166666666666664,-0.13768479228019714,0.0,-0.006726019736379385,20.007499551773073,1.7155800342559815,0.0,0.007398037140956148,0.097216796875,17.492479467391966,-1.3387762010097504e-09,0.49912482500076294,5.889570552147238e-05,-0.9903250932693481
395,1617920,1018.0,1536.7,2.52,0.15,80,1.0,322,0.7329192546583851,130,93,15,11,11,0,0,78,-2.5888522025617786,31.776923076923076,-0.18757131695747375,0.0,-0.004606428323313594,24.263382339477538,1.7135635018348694,0.0,0.004157157416921109,0.048046875,19.39778776168823,-1.0477378964424133e-09,0.567672848701477,5.8282208588957056e-05,-0.9908151030540466
396,1622016,1020.7,1529.8,2.54,0.14,80,1.0,451,0.753880266075388,129,104,10,10,5,0,0,85,-2.582097799669173,32.21705426356589,-0.10249842703342438,0.0,-0.0069036561530083414,23.232251977920534,1.7116085886955261,0.0,0.004589344988926314,0.0541015625,19.765843868255615,-2.7939677238464355e-09,0.477661669254303,5.76687116564417e-05,-0.9912606477737427
397,1626112,1023.2,1586.8,2.44,0.15,80,1.0,69,0.6521739130434783,130,94,7,20,9,0,0,81,-2.4879676621024642,31.43076923076923,-0.17428436875343323,0.0,-0.005983638996258378,24.10215473175049,1.709640908241272,0.0,0.007304424028552603,0.101171875,19.33695545196533,-2.9103830456733704e-11,0.4452562928199768,5.705521472392638e-05,-0.9918470978736877
398,1630208,1024.9,2495.6,1.53,0.11,80,1.0,196,0.7448979591836735,127,101,5,17,4,0,0,86,-2.5322548970397323,32.24409448818898,-0.11869528889656067,0.0,-0.005099491262808442,19.58645396232605,1.7074244141578674,0.0,0.006276918141520582,0.080029296875,16.54463858604431,-1.3387762010097504e-09,0.5242415070533752,5.644171779141102e-05,-0.9922798275947571
399,1634304,1027.4,1646.1,2.34,0.15,80,1.0,323,0.7647058823529411,127,101,6,14,6,0,0,86,-2.5189450255812686,31.905511811023622,-0.12974542379379272,0.0,-0.0061399279162287716,20.951957988739014,1.7059276461601258,0.0,0.006361262968857773,0.08388671875,17.098882102966307,-1.0477378964424133e-09,0.49453556537628174,5.58282208588957e-05,-0.9926697611808777
400,1638400,1030.0,1568.1,2.46,0.15,80,1.0,456,0.7675438596491229,133,103,7,11,12,0,0,89,-2.7933636397546295,30.774436090225564,-0.1053687036037445,0.0,-0.0070275349076837305,22.049014568328857,1.7041799426078796,0.0,0.006022585602477193,0.0763671875,16.406255674362182,-2.6193447411060333e-09,0.5580644607543945,5.521472392638038e-05,-0.9931450486183167
401,1642496,1032.6,1585.2,2.43,0.15,80,1.0,77,0.7142857142857143,133,101,11,14,7,0,0,80,-2.6587007795561792,30.887218045112782,-0.12959647178649902,0.0,-0.004646028485149145,24.618828582763673,1.702264952659607,0.0,0.004479958931915462,0.054296875,14.169260382652283,-1.4842953532934189e-09,0.4450732469558716,5.4601226993865024e-05,-0.9936155080795288
402,1646592,1035.1,1653.2,2.33,0.15,80,1.0,210,0.7285714285714285,133,98,10,17,8,0,0,74,-2.6903619517599164,31.225563909774436,-0.14155855774879456,0.0,-0.003701609349809587,23.41361026763916,1.7004798293113708,0.0,0.004264575417619198,0.050634765625,16.891856718063355,-9.604264050722122e-10,0.4481593370437622,5.39877300613497e-05,-0.9940855503082275
403,1650688,1037.7,1584.9,2.44,0.15,80,1.0,337,0.7418397626112759,127,97,12,8,10,0,0,75,-2.5445918863081154,32.22047244094488,-0.12577226758003235,0.0,-0.004514484480023384,21.229187631607054,1.698647803068161,0.0,0.004671221606258769,0.0544921875,15.266174387931823,-1.6589183360338211e-09,0.4709271192550659,5.337423312883434e-05,-0.9944459199905396
404,1654784,1040.3,1555.7,2.49,0.14,80,1.0,467,0.7516059957173448,130,101,12,10,7,0,0,81,-2.6970870314809448,31.092307692307692,-0.12969917058944702,0.0,-0.006630274560302496,21.952185249328615,1.6974314033985138,0.0,0.0054313775122864175,0.068896484375,17.567137145996092,-7.275957614183426e-10,0.513939380645752,5.276073619631902e-05,-0.9947121143341064
405,1658880,1042.9,1599.5,2.41,0.15,80,1.0,90,0.8111111111111111,135,103,11,13,8,0,0,90,-2.7059015614283934,30.05925925925926,-0.1108318567276001,0.0,-0.005724966432899237,21.543394470214842,1.6964889764785767,0.0,0.00667092899675481,0.086181640625,14.42409782409668,-2.735760062932968e-09,0.4502779245376587,5.214723926380366e-05,-0.9949136972427368
406,1662976,1045.5,1564.4,2.47,0.15,80,1.0,221,0.751131221719457,131,93,12,17,9,0,0,80,-2.723480852349988,31.9618320610687,-0.17365342378616333,0.0,-0.006260263174772263,26.74979085922241,1.6957312643527984,0.0,0.006047378257790115,0.07646484375,19.884893894195557,-2.9103830456733704e-10,0.5075235366821289,5.153374233128834e-05,-0.9951143860816956
407,1667072,1048.1,1593.1,2.42,0.15,80,1.0,343,0.749271137026239,122,91,11,13,7,0,0,79,-2.5928367478114613,32.72950819672131,-0.16405394673347473,0.0,-0.006258140038698912,24.575950717926027,1.6948236227035522,0.0,0.005794295712257735,0.07666015625,20.961306047439574,-2.735760062932968e-09,0.5210046172142029,5.0920245398772985e-05,-0.995369553565979
408,1671168,1050.7,1535.1,2.52,0.14,80,1.0,474,0.7383966244725738,131,93,11,15,12,0,0,75,-2.777568023102721,31.366412213740457,-0.15795964002609253,0.0,-0.003984835837036372,21.66821575164795,1.6936250448226928,0.0,0.00457696029334329,0.05380859375,18.069451379776,-1.1932570487260818e-09,0.5356423854827881,5.030674846625766e-05,-0.9957783818244934
409,1675264,1053.3,1577.8,2.45,0.15,80,1.0,103,0.6990291262135923,141,101,15,14,11,0,0,86,-2.6505272724564866,29.638297872340427,-0.134848952293396,0.0,-0.006142420670948922,23.772570514678954,1.6916007220745086,0.0,0.006887408450711519,0.090673828125,16.80300760269165,1.2514647096395493e-09,0.5152291059494019,4.969325153374234e-05,-0.9963291883468628
410,1679360,1055.9,1608.2,2.4,0.15,80,1.0,230,0.7478260869565218,127,100,10,12,5,0,0,80,-2.6845791758952227,32.023622047244096,-0.12167185544967651,0.0,-0.0044497975148260595,24.384872055053712,1.689741426706314,0.0,0.005133060814114287,0.064111328125,18.84773178100586,-1.2514647096395493e-09,0.4171178936958313,4.9079754601226986e-05,-0.9966490268707275
411,1683456,1058.6,1495.0,2.59,0.15,80,1.0,354,0.7570621468926554,124,96,14,11,3,0,0,78,-2.6883130218669584,32.83064516129032,-0.12034127116203308,0.0,-0.005134920263662935,21.28165488243103,1.688533467054367,0.0,0.005619191931327805,0.0744140625,17.01912055015564,-6.402842700481415e-10,0.4291573762893677,4.8466257668711664e-05,-0.9969927668571472
412,1687552,1061.3,1521.3,2.54,0.15,80,1.0,484,0.7541322314049587,130,97,15,16,2,0,0,81,-2.7149126584520142,31.753846153846155,-0.13506390154361725,0.0,-0.005743090808391571,22.991917896270753,1.6870194971561432,0.0,0.005553225165931508,0.072314453125,20.312024736404418,-1.1059455573558807e-09,0.47460150718688965,4.78527607361963e-05,-0.9974318146705627
413,1691648,1063.8,1662.0,2.33,0.14,80,1.0,101,0.693069306930693,129,91,10,20,8,0,0,77,-2.7232820956479213,31.07751937984496,-0.17766569554805756,0.0,-0.0050886321347206834,29.196372985839844,1.6854419946670531,0.0,0.0068400294636376206,0.091015625,22.767236089706422,-2.9103830456733704e-11,0.39154374599456787,4.723926380368098e-05,-0.9976818561553955
414,1695744,1066.4,1569.9,2.47,0.14,80,1.0,240,0.75,139,110,13,10,6,0,0,92,-2.772594301651429,29.913669064748202,-0.06908993422985077,0.0,-0.0034302178770303725,22.444635105133056,1.6846036672592164,0.0,0.0030737293607671747,0.030517578125,20.6598849773407,-1.0477378964424133e-09,0.3916773200035095,4.6625766871165624e-05,-0.9979385137557983
415,1699840,1068.8,1707.0,2.26,0.14,80,1.0,366,0.7486338797814208,126,94,9,15,8,0,0,84,-2.5347203105670353,32.04761904761905,-0.15122270584106445,0.0,-0.00508301155641675,25.394890689849852,1.6834219932556151,0.0,0.004242593633534852,0.05048828125,18.381602621078493,-1.7462298274040222e-09,0.3814723491668701,4.60122699386503e-05,-0.9982458353042603
416,1703936,1070.5,2471.4,1.54,0.12,80,1.0,493,0.7545638945233266,127,98,16,8,5,0,0,81,-2.710615591622636,32.67716535433071,-0.12093248218297958,0.0,-0.005571582261472941,21.29897427558899,1.682347548007965,0.0,0.005371142222429626,0.06806640625,16.797495794296264,-4.3655745685100555e-10,0.4495779871940613,4.539877300613498e-05,-0.9984379410743713
417,1708032,1073.0,1607.0,2.41,0.14,80,1.0,110,0.6909090909090909,129,89,16,17,7,0,0,78,-2.564764418850472,31.899224806201552,-0.18205714225769043,0.0,-0.0035794819705188274,24.91331281661987,1.6815823078155518,0.0,0.00392679495998891,0.04306640625,23.246483039855956,-6.693881005048752e-10,0.4737645387649536,4.4785276073619625e-05,-0.9986963272094727
418,1712128,1075.6,1589.6,2.44,0.14,80,1.0,238,0.7142857142857143,128,94,13,13,8,0,0,80,-2.6189395685954966,32.1328125,-0.14621686935424805,0.0,-0.004375424701720476,24.607349586486816,1.6803427457809448,0.0,0.003897344027063809,0.043505859375,16.089656639099122,-1.3096723705530167e-09,0.4401828646659851,4.4171779141104304e-05,-0.9990232586860657
419,1716224,1078.2,1583.1,2.44,0.15,80,1.0,362,0.7430939226519337,124,99,9,13,3,0,0,78,-2.735302026429408,31.95967741935484,-0.110530786216259,0.0,-0.0051583870314061645,24.2323317527771,1.6790911972522735,0.0,0.0043512010204722175,0.0490234375,16.67400245666504,-1.979060471057892e-09,0.4334847331047058,4.355828220858895e-05,-0.9993083477020264
420,1720320,1080.8,1564.5,2.47,0.14,80,1.0,498,0.7730923694779116,136,116,7,8,5,0,0,102,-2.7427341186485807,30.36764705882353,-0.042660463601350784,0.0,-0.004475059313699603,18.012698221206666,1.67807679772377,0.0,0.004478675483551342,0.052978515625,21.934798336029054,-1.4260876923799515e-09,0.5293073058128357,4.2944785276073626e-05,-0.9995269775390625
421,1724416,1083.5,1535.5,2.52,0.15,80,1.0,119,0.8151260504201681,133,107,9,14,3,0,0,93,-2.684810403297469,31.81203007518797,-0.07395464181900024,0.0,-0.005128816328942775,21.135733890533448,1.6771881997585296,0.0,0.0056519982303143475,0.070361328125,15.227986335754395,-7.566995918750763e-10,0.42543554306030273,4.233128834355827e-05,-0.9997512102127075
422,1728512,1085.7,1900.9,2.01,0.14,80,1.0,247,0.8016194331983806,128,101,11,8,8,0,0,85,-2.6987917894420064,31.234375,-0.11821053177118301,0.0,-0.004890588950365782,22.121304941177367,1.6761849999427796,0.0,0.005376870042528026,0.06640625,20.451733684539796,-2.0372681319713593e-09,0.5004136562347412,4.171779141104294e-05,-1.00005042552948
423,1732608,1088.3,1539.5,2.51,0.15,80,1.0,374,0.7967914438502673,127,100,14,9,4,0,0,87,-2.3956259847085764,32.15748031496063,-0.12070456892251968,0.0,-0.004152511851862073,22.811936855316162,1.6750787377357483,0.0,0.004011077639006544,0.045654296875,18.986801147460938,-2.153683453798294e-09,0.5073549747467041,4.1104294478527586e-05,-1.0002695322036743
424,1736704,1090.8,1693.2,2.27,0.15,80,1.0,506,0.7924901185770751,132,103,8,13,8,0,0,79,-2.7774269390354744,31.416666666666668,-0.11594489961862564,0.0,-0.0029614795465022327,21.159509468078614,1.6743191838264466,0.0,0.003143109116354026,0.03134765625,19.068150281906128,-3.259629011154175e-09,0.495624303817749,4.0490797546012265e-05,-1.0004714727401733
425,1740800,1093.4,1565.8,2.47,0.15,80,1.0,116,0.75,122,92,15,11,4,0,0,77,-2.682390248233652,33.450819672131146,-0.1606660783290863,0.0,-0.004448094591498375,23.34259376525879,1.6731825113296508,0.0,0.00398675448668655,0.044140625,20.137628984451293,-1.9208528101444244e-09,0.48928457498550415,3.987730061349694e-05,-1.000852346420288
426,1744896,1096.0,1575.3,2.45,0.15,80,1.0,250,0.768,134,105,11,14,4,0,0,88,-2.6806476191609048,30.686567164179106,-0.0912734791636467,0.0,-0.003194147627800703,20.92272882461548,1.6718252062797547,0.0,0.0033342070513754153,0.035791015625,18.584690809249878,-1.367880031466484e-09,0.44699591398239136,3.926380368098159e-05,-1.0011045932769775
427,1748992,1098.7,1519.2,2.55,0.15,80,1.0,383,0.762402088772846,133,100,9,13,11,0,0,88,-2.467099216790155,30.992481203007518,-0.12048821896314621,0.0,-0.006046561896800995,22.381053400039672,1.6709476172924043,0.0,0.005575015924114269,0.0720703125,18.80068507194519,-9.89530235528946e-10,0.41260164976119995,3.8650306748466266e-05,-1.001328706741333
428,1753088,1101.3,1566.1,2.47,0.14,80,1.0,509,0.7721021611001965,126,101,6,13,6,0,0,84,-2.643831759034308,32.3968253968254,-0.10717801004648209,0.0,-0.004801729740574956,16.748957538604735,1.6700600743293763,0.0,0.00418117022345541,0.05,17.679236555099486,-1.1932570487260818e-09,0.5857825875282288,3.803680981595091e-05,-1.0015010833740234
429,1757184,1103.9,1569.6,2.47,0.14,80,1.0,130,0.7769230769230769,133,104,12,13,4,0,0,85,-2.66397323902274,30.8796992481203,-0.11191052198410034,0.0,-0.005170846916735172,23.04805917739868,1.6693819522857667,0.0,0.0055474023261922415,0.07109375,19.902552437782287,-2.0954757928848267e-09,0.47587257623672485,3.742331288343559e-05,-1.0017273426055908
430,1761280,1106.6,1540.3,2.51,0.15,80,1.0,259,0.7799227799227799,129,101,9,16,3,0,0,84,-2.5518543832856575,31.689922480620154,-0.11579927802085876,0.0,-0.005547761544585228,19.84358983039856,1.6681565284729003,0.0,0.005599955574143678,0.0705078125,16.59365658760071,-8.440110832452774e-10,0.5639538764953613,3.680981595092023e-05,-1.0021259784698486
431,1765376,1109.3,1509.9,2.56,0.15,80,1.0,386,0.7590673575129534,127,91,7,24,5,0,0,72,-2.589034991239583,31.52755905511811,-0.15906260907649994,0.0,-0.0044867778196930885,25.545925521850585,1.6667912125587463,0.0,0.004145834411610849,0.04912109375,20.782919120788574,-1.367880031466484e-09,0.3994578719139099,3.6196319018404904e-05,-1.002314805984497
432,1769472,1111.9,1590.0,2.43,0.15,80,1.0,4,0.75,130,105,8,10,7,0,0,90,-2.6605910675737436,31.784615384615385,-0.08235646784305573,0.0,-0.003247873205691576,19.93776578903198,1.6662436783313752,0.0,0.0040366482382523826,0.0451171875,18.918086957931518,-8.440110832452774e-10,0.5309616327285767,3.558282208588958e-05,-1.0024667978286743
433,1773568,1114.4,1611.9,2.39,0.15,80,1.0,128,0.8046875,124,100,5,12,7,0,0,83,-2.4898894669420013,32.306451612903224,-0.11305651068687439,0.0,-0.004819563869386911,18.655271434783934,1.6652535676956177,0.0,0.004371565526525956,0.049267578125,14.767362642288209,-5.820766091346741e-11,0.5242083668708801,3.496932515337423e-05,-1.0028560161590576
434,1777664,1117.1,1511.3,2.56,0.15,80,1.0,262,0.8091603053435115,134,109,6,16,3,0,0,93,-2.4933779972647967,31.791044776119403,-0.07164347916841507,0.0,-0.005984402401372791,17.81099405288696,1.6637021362781526,0.0,0.006258423035615124,0.08046875,14.435206031799316,-2.3865140974521637e-09,0.49638527631759644,3.4355828220858905e-05,-1.0031441450119019
435,1781760,1119.7,1603.9,2.4,0.15,80,1.0,396,0.8131313131313131,134,110,6,14,4,0,0,103,-2.5259401302923488,30.813432835820894,-0.06177571788430214,0.0,-0.005095865298062563,18.756440830230712,1.6625478208065032,0.0,0.005589226222946308,0.07109375,12.602262496948242,-1.1059455573558807e-09,0.46839964389801025,3.374233128834355e-05,-1.0034867525100708
436,1785856,1121.3,2532.2,1.51,0.1,80,1.0,14,1.0,130,108,8,11,3,0,0,93,-2.514425903272811,31.23846153846154,-0.07577504217624664,0.0,-0.0046852970030158755,18.19479455947876,1.6611283898353577,0.0,0.003831982918200083,0.04423828125,15.903894567489624,-1.9208528101444244e-09,0.49344515800476074,3.312883435582823e-05,-1.0038537979125977
437,1789952,1123.8,1663.6,2.32,0.14,80,1.0,148,0.7702702702702703,134,100,6,17,11,0,0,88,-2.564341018923833,30.634328358208954,-0.13805030286312103,0.0,-0.004208422172814608,21.51407289505005,1.6597314298152923,0.0,0.004791999807639513,0.061328125,15.967484140396119,-2.3865140974521637e-09,0.47559982538223267,3.251533742331287e-05,-1.0041818618774414
438,1794048,1126.3,1621.4,2.38,0.15,80,1.0,272,0.7941176470588235,124,102,5,11,6,0,0,91,-2.638518676143623,32.596774193548384,-0.08798447251319885,0.0,-0.0042414749972522255,18.669263982772826,1.6584086298942566,0.0,0.00461762221675599,0.053759765625,17.3833025932312,-2.0081643015146255e-09,0.5395314693450928,3.190184049079755e-05,-1.004518985748291
439,1798144,1128.9,1574.2,2.45,0.15,80,1.0,396,0.7803030303030303,124,93,9,14,8,0,0,83,-2.6762755687022457,32.556451612903224,-0.1433124989271164,0.0,-0.004364558774977922,21.57673568725586,1.6570089280605316,0.0,0.00411362915619975,0.048193359375,17.072528386116026,-1.4551915228366852e-09,0.5255897641181946,3.1288343558282195e-05,-1.0048683881759644
440,1802240,1131.6,1551.1,2.49,0.15,80,1.0,9,0.8888888888888888,125,100,9,15,1,0,0,87,-2.5300891062982207,33.064,-0.09891305863857269,0.0,-0.003688975889235735,21.465263843536377,1.65578351020813,0.0,0.0034011879964964465,0.03662109375,19.372608375549316,-1.7171259969472885e-09,0.407403826713562,3.0674846625766866e-05,-1.0051145553588867
441,1806336,1134.2,1588.3,2.43,0.15,80,1.0,135,0.837037037037037,126,105,8,10,3,0,0,90,-2.734935653166613,32.23809523809524,-0.07815949618816376,0.0,-0.0042623400688171385,16.6465980052948,1.654981404542923,0.0,0.0036894187243888153,0.0404296875,17.19686689376831,-4.0745362639427185e-10,0.5229682922363281,3.0061349693251548e-05,-1.0052720308303833
442,1810432,1136.8,1569.0,2.46,0.15,80,1.0,268,0.8208955223880597,133,107,8,13,5,0,0,96,-2.6729060795608346,31.24812030075188,-0.08979211747646332,0.0,-0.006399554759263992,20.470755195617677,1.6541639924049378,0.0,0.004980762426566798,0.0626953125,13.473908257484435,4.94765117764473e-10,0.5001798272132874,2.944785276073619e-05,-1.0055569410324097
443,1814528,1139.4,1545.2,2.51,0.14,80,1.0,394,0.8197969543147208,126,103,5,13,5,0,0,90,-2.571138203694643,32.36507936507937,-0.07745420932769775,0.0,-0.004835939547047019,17.09032893180847,1.6530189156532287,0.0,0.004956460508401506,0.06015625,17.38676471710205,5.820766091346741e-11,0.4805762767791748,2.8834355828220867e-05,-1.005786657333374
444,1818624,1142.2,1511.3,2.56,0.15,80,1.0,12,0.8333333333333334,130,100,9,14,7,0,0,84,-2.7435263975267112,31.869230769230768,-0.11212942749261856,0.0,-0.005538507527671754,21.09388828277588,1.652141010761261,0.0,0.0046226993174059315,0.0560546875,19.0109512090683,-1.57160684466362e-09,0.48379725217819214,2.822085889570551e-05,-1.0060620307922363
445,1822720,1144.6,1679.1,2.29,0.15,80,1.0,134,0.8656716417910447,122,106,1,9,5,1,0,97,-2.735865057340663,33.049180327868854,-0.05967908725142479,0.0,-0.005198525404557586,22.261411714553834,1.6511301457881928,0.0,0.004770100563473534,0.057861328125,21.04845142364502,-1.2514647096395493e-09,0.5789145231246948,2.760736196319019e-05,-1.006211280822754
446,1826816,1146.2,2538.2,1.51,0.1,80,1.0,263,0.844106463878327,129,106,7,9,7,0,0,92,-2.6202940659933533,32.03875968992248,-0.08200208842754364,0.0,-0.00465572215616703,18.198115015029906,1.6506876170635223,0.0,0.0060771839474909935,0.079931640625,13.959013748168946,-4.0745362639427185e-10,0.5135045051574707,2.6993865030674834e-05,-1.0063236951828003
447,1830912,1148.8,1577.0,2.45,0.15,80,1.0,395,0.8430379746835444,132,111,6,12,3,0,0,96,-2.6360710197854282,30.924242424242426,-0.05709805339574814,0.0,-0.0040561327477917075,18.352515077590944,1.6499735057353973,0.0,0.00365390576334903,0.03984375,14.449593544006348,-6.402842700481415e-10,0.48280197381973267,2.638036809815951e-05,-1.0066194534301758
448,1835008,1151.5,1551.5,2.5,0.14,80,1.0,19,0.9473684210526315,136,110,9,11,6,0,0,97,-2.58868851565198,30.580882352941178,-0.06607618927955627,0.0,-0.004701097868382931,20.458182954788207,1.648719358444214,0.0,0.0034955284019815734,0.03994140625,16.13091022968292,-2.5320332497358322e-09,0.4227299094200134,2.5766871165644153e-05,-1.0068929195404053
449,1839104,1154.2,1528.0,2.53,0.15,80,1.0,149,0.8590604026845637,130,110,6,9,5,0,0,96,-2.655772997698885,30.915384615384614,-0.06225688382983208,0.0,-0.005156734911724925,15.066883516311645,1.6477966845035552,0.0,0.004459867779223714,0.054638671875,14.329560327529908,2.0372681319713593e-10,0.576278567314148,2.515337423312883e-05,-1.0071004629135132
450,1843200,1156.8,1556.9,2.48,0.15,80,1.0,277,0.8267148014440433,128,101,7,9,11,0,0,84,-2.8303387346722935,31.65625,-0.11064659059047699,0.0,-0.004140349570661783,22.259174156188966,1.6470436573028564,0.0,0.003736355699948035,0.0421875,18.67932586669922,-1.4551915228366852e-09,0.4588918089866638,2.453987730061351e-05,-1.0072435140609741
451,1847296,1159.4,1549.5,2.5,0.15,80,1.0,413,0.8111380145278451,136,106,7,12,11,0,0,90,-2.6554930359116926,30.610294117647058,-0.0941782295703888,0.0,-0.004590716911479831,21.154933738708497,1.646435660123825,0.0,0.005311849911231547,0.06728515625,14.433244776725768,-4.94765117764473e-10,0.4316022992134094,2.392638036809815e-05,-1.007451057434082
452,1851392,1162.1,1563.8,2.47,0.15,80,1.0,29,0.8620689655172413,128,110,5,9,4,0,0,90,-2.7075392989210236,31.4765625,-0.06437312066555023,0.0,-0.003466867096722126,16.948235845565797,1.6454108476638794,0.0,0.003445216662657913,0.036767578125,14.889411211013794,-1.367880031466484e-09,0.5161322355270386,2.331288343558283e-05,-1.0077271461486816
453,1855488,1164.7,1548.2,2.5,0.14,80,1.0,161,0.8385093167701864,132,110,8,12,2,0,0,94,-2.637956281946889,32.265151515151516,-0.06382977962493896,0.0,-0.003924833424389362,19.65445132255554,1.6445405304431915,0.0,0.002513959199131932,0.025634765625,16.509152603149413,-2.0372681319713593e-09,0.4883577227592468,2.2699386503067474e-05,-1.007853627204895
454,1859584,1167.4,1512.2,2.56,0.15,80,1.0,283,0.833922261484099,122,101,7,6,8,0,0,85,-2.571072344381622,32.40163934426229,-0.09865698963403702,0.0,-0.005274520465172827,16.02726879119873,1.6439959824085235,0.0,0.004866123288229574,0.061767578125,13.19408404827118,-2.5320332497358322e-09,0.5182582139968872,2.2085889570552152e-05,-1.0080896615982056
455,1863680,1170.2,1479.4,2.62,0.15,80,1.0,409,0.823960880195599,126,101,5,11,9,0,0,89,-2.418086391204211,33.38095238095238,-0.09100805968046188,0.0,-0.0035410234704613686,19.247314977645875,1.6429262042045594,0.0,0.004296348181378562,0.051708984375,17.41421959400177,-1.1059455573558807e-09,0.4726634621620178,2.1472392638036796e-05,-1.0083087682724
456,1867776,1172.8,1597.2,2.42,0.14,80,1.0,26,0.7307692307692307,129,107,8,10,4,0,0,91,-2.708852495917699,31.472868217054263,-0.06134268641471863,0.0,-0.003475635498762131,17.544210958480836,1.6420917451381682,0.0,0.002599448012188077,0.025244140625,16.546904611587525,-1.6880221664905548e-09,0.48148977756500244,2.085889570552147e-05,-1.008566975593567
457,1871872,1175.3,1597.3,2.42,0.15,80,1.0,154,0.7922077922077922,128,103,8,12,5,0,0,89,-2.5220091637865765,32.0859375,-0.09698653221130371,0.0,-0.003656879160553217,18.139044570922852,1.641060048341751,0.0,0.003879036859143525,0.0431640625,17.923587322235107,-6.984919309616089e-10,0.5033698081970215,2.024539877300615e-05,-1.0087642669677734
458,1875968,1178.0,1547.0,2.51,0.14,80,1.0,280,0.7892857142857143,126,99,8,14,5,0,0,82,-2.680017599516941,32.13492063492063,-0.11630943417549133,0.0,-0.003708816133439541,20.75512328147888,1.640277725458145,0.0,0.002905553100572433,0.028564453125,17.118046712875366,-1.7462298274040222e-09,0.4791424870491028,1.9631901840490794e-05,-1.009007215499878
459,1880064,1180.0,2005.1,1.89,0.15,80,1.0,422,0.8056872037914692,142,119,4,13,6,0,0,92,-2.7656357657889736,29.366197183098592,-0.03920360654592514,0.0,-0.002845885790884495,17.57631015777588,1.639278531074524,0.0,0.0023821546405088157,0.02080078125,15.114652490615844,-1.0477378964424133e-09,0.4523087739944458,1.9018404907975472e-05,-1.0092322826385498
460,1884160,1182.1,1956.3,1.94,0.15,80,1.0,37,0.8108108108108109,127,99,9,14,5,0,0,82,-2.6557981236512576,31.52755905511811,-0.11100303381681442,0.0,-0.003903867630288005,20.77115683555603,1.6384057462215424,0.0,0.003006796955014579,0.034765625,17.145782279968262,-1.1059455573558807e-09,0.4473773241043091,1.8404907975460116e-05,-1.0094544887542725
461,1888256,1184.6,1632.8,2.36,0.15,80,1.0,167,0.7245508982035929,130,91,9,23,7,0,0,78,-2.6482690321221445,32.08461538461538,-0.17683783173561096,0.0,-0.0022133605554699896,27.716589736938477,1.63762423992157,0.0,0.0015029440270154736,0.008154296875,25.58700747489929,-2.2992026060819626e-09,0.37174177169799805,1.779141104294479e-05,-1.0096111297607422
462,1892352,1187.3,1577.0,2.45,0.15,80,1.0,295,0.7593220338983051,128,103,4,10,11,0,0,91,-2.5956313007055885,31.7109375,-0.09923981130123138,0.0,-0.0035718726459890602,21.087317180633544,1.63702934384346,0.0,0.0023193869594251735,0.0232421875,16.374014806747436,-1.367880031466484e-09,0.5232949256896973,1.7177914110429436e-05,-1.009757399559021
463,1896448,1190.0,1499.8,2.58,0.15,80,1.0,428,0.7686915887850467,133,105,9,13,6,0,0,91,-2.7139968918806283,30.81954887218045,-0.07334301620721817,0.0,-0.003713457100093365,20.477694034576416,1.6364502906799316,0.0,0.002323831821558997,0.020556640625,16.100830936431883,-1.1641532182693481e-10,0.45589935779571533,1.6564417177914114e-05,-1.0099155902862549
464,1900544,1192.6,1569.2,2.47,0.14,80,1.0,48,0.7916666666666666,132,107,11,8,6,0,0,90,-2.706699006324927,30.78030303030303,-0.07496993243694305,0.0,-0.004242969769984483,19.067176866531373,1.6358468234539032,0.0,0.003328449130640365,0.036328125,14.343737125396729,-1.57160684466362e-09,0.5152409076690674,1.5950920245398758e-05,-1.0100313425064087
465,1904640,1195.2,1574.3,2.46,0.14,80,1.0,179,0.7877094972067039,131,103,8,15,5,0,0,87,-2.4597812462280997,30.61832061068702,-0.11078577488660812,0.0,-0.004596058558672666,25.103161430358888,1.6354021668434142,0.0,0.002994341829617042,0.033447265625,17.891204595565796,-2.3865140974521637e-09,0.39225196838378906,1.5337423312883433e-05,-1.0101563930511475
466,1908736,1197.8,1560.5,2.48,0.14,80,1.0,310,0.7967741935483871,131,106,7,14,4,0,0,91,-2.559458188578974,31.87786259541985,-0.0813523679971695,0.0,-0.00211519505828619,20.499129199981688,1.6348308503627778,0.0,0.0012486480132793075,0.005517578125,16.863254642486574,-1.7171259969472885e-09,0.4443305730819702,1.4723926380368111e-05,-1.010317325592041
467,1912832,1200.4,1579.8,2.45,0.14,80,1.0,443,0.8058690744920993,133,110,7,10,6,0,0,99,-2.5968531703255375,31.090225563909776,-0.07518425583839417,0.0,-0.0027998200617730617,16.11864628791809,1.634177839756012,0.0,0.0012678956554736942,0.0091796875,15.84208149909973,-8.440110832452774e-10,0.5846548080444336,1.4110429447852756e-05,-1.010474443435669
468,1916928,1203.1,1544.1,2.5,0.15,80,1.0,65,0.7076923076923077,134,101,13,16,4,0,0,88,-2.6971050760045467,30.91044776119403,-0.10027296841144562,0.0,-0.0019186539109796285,23.69738359451294,1.6336708188056945,0.0,0.0011166198295541109,0.00546875,20.54863519668579,-1.3387762010097504e-09,0.4501616954803467,1.3496932515337432e-05,-1.0105611085891724
469,1921024,1204.9,2304.8,1.65,0.12,80,1.0,189,0.7566137566137566,124,97,10,12,5,0,0,86,-2.467782157247898,32.33064516129032,-0.1406318098306656,0.0,-0.0034278205595910547,20.162871026992796,1.633288073539734,0.0,0.0016008721344405786,0.012158203125,14.299871397018432,1.1641532182693481e-10,0.5167338848114014,1.2883435582822077e-05,-1.0106921195983887
470,1925120,1207.3,1705.2,2.25,0.15,80,1.0,325,0.7846153846153846,136,112,5,13,6,0,0,99,-2.6726869907230144,29.764705882352942,-0.05505295470356941,0.0,-0.0020012104883790015,17.128454971313477,1.6327145636081695,0.0,0.000919026711198967,0.0037109375,17.938691997528075,-2.35741026699543e-09,0.5265874862670898,1.2269938650306755e-05,-1.010833501815796
471,1929216,1210.0,1536.4,2.52,0.15,80,1.0,456,0.7828947368421053,131,102,7,16,6,0,0,84,-2.608383832554895,31.595419847328245,-0.10717545449733734,0.0,-0.004260208550840616,18.842961740493774,1.6322362542152404,0.0,0.0030780290646362117,0.032373046875,13.223543500900268,-9.022187441587448e-10,0.5316507816314697,1.1656441717791398e-05,-1.0109236240386963
472,1933312,1212.7,1538.1,2.52,0.15,80,1.0,71,0.8450704225352113,127,106,8,8,5,0,0,88,-2.403113432788244,33.653543307086615,-0.07863609492778778,0.0,-0.002351362956687808,17.134791803359985,1.6319074928760529,0.0,0.0019355172975338065,0.014697265625,14.412013483047485,-8.731149137020111e-11,0.504095733165741,1.1042944785276076e-05,-1.0110044479370117
473,1937408,1215.3,1568.8,2.47,0.14,80,1.0,199,0.8190954773869347,128,103,7,13,5,0,0,90,-2.6929195599043085,30.296875,-0.08921609818935394,0.0,-0.0032514802180230616,18.51188154220581,1.6314906120300292,0.0,0.0017256451261346228,0.014453125,14.450682425498963,-2.0081643015146255e-09,0.5569465160369873,1.042944785276072e-05,-1.011141061782837
474,1941504,1217.9,1554.2,2.5,0.14,80,1.0,333,0.8168168168168168,134,109,9,11,5,0,0,86,-2.7228942238005702,31.46268656716418,-0.07496599107980728,0.0,-0.002519636880606413,17.256073331832887,1.6310144424438477,0.0,0.0012776236748322845,0.00888671875,16.805787801742554,-2.270098775625229e-09,0.5351911783218384,9.815950920245397e-06,-1.0112228393554688
475,1945600,1220.5,1581.4,2.45,0.14,80,1.0,460,0.7956521739130434,127,94,3,23,7,0,0,83,-2.46991113982214,31.11023622047244,-0.12824216485023499,0.0,-0.0019060863647609948,21.84124574661255,1.6307462930679322,0.0,0.0010190887638600542,0.00498046875,23.596777057647706,-8.731149137020111e-11,0.3974929451942444,9.202453987730073e-06,-1.0112859010696411
476,1949696,1223.1,1567.2,2.47,0.14,80,1.0,81,0.8518518518518519,133,112,7,8,6,0,0,97,-2.5860075366643733,31.30075187969925,-0.06427352875471115,0.0,-0.001169884391129017,17.696688652038574,1.6305025041103363,0.0,0.0002746450831182301,4.8828125e-05,17.248575353622435,-2.240994945168495e-09,0.48190003633499146,8.588957055214718e-06,-1.0113409757614136
477,1953792,1225.8,1525.3,2.54,0.15,80,1.0,214,0.8130841121495327,133,105,11,7,10,0,0,85,-2.5521541800459095,30.834586466165412,-0.0936998724937439,0.0,-0.002083348948508501,18.491093778610228,1.630268830060959,0.0,0.0010833526888745838,0.005810546875,17.259844398498537,-7.566995918750763e-10,0.4789612293243408,7.975460122699396e-06,-1.0114121437072754
478,1957888,1228.3,1627.9,2.38,0.14,80,1.0,347,0.8069164265129684,133,106,8,12,7,0,0,89,-2.685984285518547,31.195488721804512,-0.0848347395658493,0.0,-0.0037289259489625692,18.221409130096436,1.629948800802231,0.0,0.0023497359463362953,0.023193359375,13.269592785835266,-2.153683453798294e-09,0.5377806425094604,7.36196319018404e-06,-1.0114936828613281
479,1961984,1230.9,1606.7,2.4,0.15,80,1.0,471,0.8067940552016986,124,100,8,13,3,0,0,85,-2.7405857980328894,33.314516129032256,-0.09811156243085861,0.0,-0.0016200080513954162,21.291817951202393,1.6296944200992585,0.0,0.0004986389700206928,0.000244140625,18.43611192703247,-7.566995918750763e-10,0.43012797832489014,6.748466257668716e-06,-1.0115315914154053
480,1966080,1233.6,1535.2,2.53,0.14,80,1.0,100,0.82,141,114,9,10,8,0,0,96,-2.670501142812753,28.929078014184398,-0.04353460669517517,0.0,-0.001378278760239482,18.329409790039062,1.629526722431183,0.0,0.000352088495856151,0.000244140625,13.506829571723937,-2.1245796233415604e-09,0.4704577922821045,6.1349693251533605e-06,-1.0115962028503418
481,1970176,1236.2,1535.9,2.52,0.15,80,1.0,226,0.8230088495575221,126,104,11,7,4,0,0,87,-2.7278432306746967,31.857142857142858,-0.08732199668884277,0.0,-0.002172056399285793,18.73735384941101,1.6292813122272491,0.0,0.0010522772950935177,0.00361328125,13.253565526008606,-2.2118911147117615e-09,0.48137909173965454,5.521472392638038e-06,-1.0116353034973145
482,1974272,1238.8,1610.6,2.4,0.14,80,1.0,363,0.8044077134986226,137,106,5,18,8,0,0,88,-2.5256523103654263,29.94160583941606,-0.08252155780792236,0.0,-0.0017276797909289599,18.19579062461853,1.6291550755500794,0.0,0.0005519940328667872,0.000830078125,14.370292043685913,-1.3387762010097504e-09,0.49854087829589844,4.907975460122715e-06,-1.0116677284240723
483,1978368,1240.8,1995.3,1.9,0.15,80,1.0,495,0.804040404040404,132,106,9,12,5,0,0,95,-2.589471583568092,30.977272727272727,-0.08324272930622101,0.0,-0.002555276453495026,19.709543323516847,1.6290375351905824,0.0,0.000718037923797965,0.002392578125,15.924007654190063,2.9103830456733704e-11,0.4707232713699341,4.294478527607359e-06,-1.0116883516311646
484,1982464,1242.8,2089.9,1.83,0.13,80,1.0,119,0.8487394957983193,136,108,7,15,6,0,0,93,-2.806955002291073,30.25735294117647,-0.07852865755558014,0.0,-0.0006763296667486429,18.941247606277464,1.6289764165878295,0.0,0.00037479157763300466,4.8828125e-05,15.089308977127075,-4.656612873077393e-10,0.45587944984436035,3.6809815950920363e-06,-1.0117018222808838
485,1986560,1245.5,1523.0,2.54,0.15,80,1.0,249,0.8353413654618473,130,107,2,17,4,0,0,96,-2.677920387538694,31.307692307692307,-0.07141255587339401,0.0,-0.0006729034706950187,18.480967044830322,1.628907972574234,0.0,0.00015818511019460857,0.0,16.699408626556398,-1.0477378964424133e-09,0.48715174198150635,3.0674846625766803e-06,-1.011725902557373
486,1990656,1248.2,1498.4,2.59,0.15,80,1.0,379,0.8390501319261213,130,110,5,11,4,0,0,95,-2.717726702562911,31.93846153846154,-0.06492103636264801,0.0,-0.0013451811857521534,17.720109748840333,1.6288073718547822,0.0,0.00026498313673073426,0.0,15.79721519947052,-9.313225746154785e-10,0.5126572847366333,2.4539877300613577e-06,-1.011746883392334
487,1994752,1251.0,1505.2,2.57,0.15,80,1.0,506,0.8379446640316206,127,106,5,11,5,0,0,96,-2.5860480203230627,31.700787401574804,-0.06065463274717331,0.0,-0.0008658635430037976,17.153289985656738,1.628750389814377,0.0,0.0001968410550034605,0.0,15.862976026535033,-1.076841726899147e-09,0.5017621517181396,1.8404907975460014e-06,-1.0117549896240234
488,1998848,1253.6,1557.1,2.49,0.14,80,1.0,123,0.7642276422764228,129,97,8,19,5,0,0,78,-2.701509078151719,32.41860465116279,-0.13459280133247375,0.0,-0.00022102505899965764,21.42749967575073,1.6287222921848297,0.0,2.4052782100625338e-05,0.0,16.452929162979125,-1.4551915228366852e-09,0.5092658996582031,1.2269938650306788e-06,-1.0117621421813965
489,2002944,1256.1,1616.8,2.38,0.15,80,1.0,256,0.7890625,133,108,3,17,5,0,0,90,-2.7150394193366276,31.172932330827066,-0.07388129830360413,0.0,-6.847826298326254e-05,18.25095443725586,1.6286945939064026,0.0,2.711833803914487e-06,0.0,14.522508978843689,-2.735760062932968e-09,0.47488969564437866,6.134969325153227e-07,-1.0117685794830322
