episode,step,height_above_pad,horizontal_error,cam_u,cam_v,corners_in_frame,fully_in_frame,centre_in_frame,px_per_cell,loss_cause,aruco_detected,aruco_pos_err
0,1,0.49896,0.22381,-0.4809,0.0351,4,True,True,5.67,,True,0.020097548866131295
0,2,0.49607,0.22913,-0.5591,0.0784,4,True,True,6.13,,True,0.011487111782711843
0,3,0.49107,0.23391,-0.6389,0.1195,4,True,True,6.59,,True,0.011841777207449456
0,4,0.48498,0.23762,-0.6759,0.1096,3,False,True,6.84,tilt,False,nan
0,5,0.4792,0.23993,-0.658,0.0511,4,True,True,6.68,,False,nan
0,6,0.47355,0.24103,-0.644,0.0148,4,True,True,6.43,,True,0.021305306904172185
0,7,0.46742,0.2412,-0.6784,0.011,2,False,True,6.68,tilt,False,nan
0,8,0.4606,0.24034,-0.7058,-0.0222,2,False,True,7.08,tilt,False,nan
0,9,0.45377,0.23821,-0.6781,-0.0849,2,False,True,6.97,tilt,False,nan
0,10,0.44683,0.235,-0.6035,-0.1151,4,True,True,6.67,,True,0.017524972747583516
0,11,0.44007,0.23121,-0.5362,-0.1131,4,True,True,6.44,,True,0.013359577894504914
0,12,0.43426,0.22737,-0.51,-0.0918,4,True,True,6.31,,True,0.016695638425430186
0,13,0.42845,0.22372,-0.5287,-0.0666,4,True,True,6.56,,True,0.017778836252416056
0,14,0.42192,0.22018,-0.5462,-0.0158,4,True,True,6.67,,True,0.01077344224083416
0,15,0.41563,0.2166,-0.5201,0.0262,4,True,True,6.58,,True,0.011986076270735625
0,16,0.41041,0.21315,-0.5027,0.0078,4,True,True,6.67,,True,0.014299165003041403
0,17,0.40552,0.20997,-0.5337,-0.0053,4,True,True,7.01,,True,0.01022441442520211
0,18,0.39955,0.20686,-0.566,0.0355,4,True,True,7.26,,True,0.010796671903054849
0,19,0.39298,0.20355,-0.5568,0.0658,4,True,True,7.3,,True,0.01043180777427131
0,20,0.38703,0.20006,-0.509,0.0363,4,True,True,7.24,,True,0.008720176126926767
0,21,0.38178,0.19674,-0.4743,0.0156,4,True,True,7.25,,True,0.009400974728006448
0,22,0.37692,0.19389,-0.4857,0.0341,4,True,True,7.3,,True,0.00885525258915419
0,23,0.37166,0.19147,-0.4961,0.0337,4,True,True,7.31,,True,0.009335697926849898
0,24,0.36597,0.18937,-0.4783,-0.0118,4,True,True,7.35,,True,0.007585304296365303
0,25,0.36034,0.18774,-0.478,-0.0418,4,True,True,7.5,,True,0.012836498394864958
0,26,0.35474,0.18662,-0.5273,-0.0138,4,True,True,7.75,,True,0.009701779809308638
0,27,0.34835,0.18572,-0.5794,0.0124,4,True,True,8.16,,True,0.007118736616050747
0,28,0.34158,0.18466,-0.5893,-0.017,4,True,True,8.32,,True,0.007814299566402836
0,29,0.33537,0.18339,-0.5676,-0.0379,4,True,True,8.32,,True,0.009881266740324681
0,30,0.32999,0.18207,-0.5666,0.0034,4,True,True,8.42,,True,0.010465676695018085
0,31,0.32508,0.18081,-0.6174,0.0382,2,False,True,9.01,tilt,False,nan
0,32,0.31903,0.17936,-0.6724,0.0151,2,False,True,9.55,too_close,False,nan
0,33,0.31197,0.17738,-0.6812,-0.0142,2,False,True,9.73,too_close,False,nan
0,34,0.30488,0.17478,-0.635,-0.0346,2,False,True,9.49,too_close,False,nan
0,35,0.29828,0.17185,-0.5961,-0.0316,2,False,True,9.48,too_close,False,nan
0,36,0.29268,0.16895,-0.6084,-0.0447,2,False,True,9.9,too_close,False,nan
0,37,0.28691,0.16607,-0.6151,-0.0801,2,False,True,9.91,too_close,False,nan
0,38,0.2805,0.16315,-0.5731,-0.1156,2,False,True,9.82,too_close,False,nan
0,39,0.27432,0.16042,-0.5439,-0.121,4,True,True,9.79,,False,nan
0,40,0.26878,0.15817,-0.5603,-0.0929,2,False,True,10.03,too_close,False,nan
0,41,0.26286,0.15634,-0.5826,-0.0908,2,False,True,10.76,too_close,False,nan
0,42,0.2563,0.15483,-0.5705,-0.1218,2,False,True,11.06,too_close,False,nan
0,43,0.25011,0.15376,-0.5711,-0.1374,2,False,True,10.96,too_close,False,nan
0,44,0.24437,0.1532,-0.6187,-0.1312,2,False,True,11.46,too_close,False,nan
0,45,0.23794,0.15294,-0.6618,-0.154,2,False,True,12.47,too_close,False,nan
0,46,0.23109,0.15278,-0.6602,-0.2091,2,False,True,12.71,too_close,False,nan
0,47,0.22479,0.15274,-0.6737,-0.2331,2,False,True,12.55,too_close,False,nan
0,48,0.21902,0.15281,-0.7352,-0.2263,2,False,True,13.36,too_close,False,nan
0,49,0.21253,0.15282,-0.7892,-0.2526,2,False,True,14.6,too_close,False,nan
0,50,0.20549,0.15256,-0.7961,-0.3093,2,False,True,14.93,too_close,False,nan
0,51,0.19911,0.15198,-0.7937,-0.326,1,False,True,15.26,too_close,False,nan
0,52,0.1937,0.15119,-0.8319,-0.3593,1,False,True,16.72,too_close,False,nan
0,53,0.18816,0.15013,-0.851,-0.4232,1,False,True,17.58,too_close,False,nan
0,54,0.18205,0.14867,-0.7905,-0.4461,1,False,True,16.47,too_close,False,nan
0,55,0.17644,0.14706,-0.7479,-0.4542,1,False,True,16.02,too_close,False,nan
0,56,0.17141,0.1456,-0.7882,-0.4913,1,False,True,17.63,too_close,False,nan
0,57,0.16597,0.14419,-0.8189,-0.5295,1,False,True,19.02,too_close,False,nan
0,58,0.16017,0.14266,-0.7905,-0.5456,1,False,True,18.47,too_close,False,nan
0,59,0.15459,0.14116,-0.7977,-0.5681,1,False,True,18.63,too_close,False,nan
0,60,0.14847,0.13973,-0.8978,-0.6213,1,False,True,21.52,too_close,False,nan
0,61,0.14192,0.13806,-0.9813,-0.6697,1,False,True,24.33,too_close,False,nan
0,62,0.13509,0.13589,-0.9447,-0.6792,1,False,True,23.21,too_close,False,nan
0,63,0.12893,0.1334,-0.9174,-0.687,1,False,True,23.26,too_close,False,nan
0,64,0.12292,0.13085,-1.0059,-0.7326,1,False,False,25.77,too_close,False,nan
0,65,0.11638,0.12811,-1.0819,-0.7767,1,False,False,28.87,too_close,False,nan
0,66,0.10949,0.12501,-1.0263,-0.7884,1,False,False,28.4,lateral,False,nan
0,67,0.10338,0.12182,-0.9858,-0.8098,1,False,True,29.76,lateral,False,nan
0,68,0.09746,0.11884,-1.0786,-0.8835,1,False,False,32.05,lateral,False,nan
0,69,0.09133,0.11592,-1.1559,-0.9581,1,False,False,34.99,lateral,False,nan
0,70,0.08508,0.11291,-1.1211,-1.0568,1,False,False,36.86,lateral,False,nan
0,71,0.07906,0.10994,-1.1071,-1.1469,1,False,False,39.23,lateral,False,nan
0,72,0.07308,0.10709,-1.2426,-1.2523,1,False,False,45.36,lateral,False,nan
0,73,0.06693,0.10427,-1.3758,-1.3586,1,False,False,51.52,lateral,False,nan
0,74,0.06082,0.10138,-1.4297,-1.5121,0,False,False,57.36,lateral,False,nan
0,75,0.05487,0.09848,-1.5714,-1.7026,0,False,False,66.15,lateral,False,nan
0,76,0.04855,0.09556,-1.9172,-1.9414,0,False,False,82.7,lateral,False,nan
0,77,0.04229,0.09253,-2.1996,-2.1287,0,False,False,93.15,lateral,False,nan
0,78,0.03671,0.08947,-2.3036,-2.256,0,False,False,98.64,lateral,False,nan
0,79,0.03081,0.08668,-2.846,-2.7655,0,False,False,158.11,lateral,False,nan
0,80,0.02447,0.08425,-4.4898,-4.1269,0,False,False,305.62,lateral,False,nan
0,81,0.01859,0.08203,-7.8203,-6.7655,0,False,False,380.15,lateral,False,nan
0,82,0.01333,0.08005,-52.2452,-43.6394,0,False,False,3473.56,behind,False,nan
0,83,0.01457,0.07938,-21.5166,-18.5751,0,False,False,953.92,behind,False,nan
1,1,0.4974,0.13959,0.1131,0.2727,4,True,True,5.55,,True,0.02127540567477397
1,2,0.49178,0.13371,0.1012,0.2722,4,True,True,5.6,,True,0.02507009272346393
1,3,0.48508,0.12776,0.0902,0.2607,4,True,True,5.7,,True,0.02058112944058374
1,4,0.47823,0.12179,0.0778,0.2362,4,True,True,5.75,,True,0.014361744790067152
1,5,0.47114,0.11592,0.083,0.2197,4,True,True,5.88,,True,0.017200276833012448
1,6,0.4637,0.11025,0.0797,0.1985,4,True,True,6.07,,True,0.0190882050329082
1,7,0.45625,0.10485,0.0892,0.1793,4,True,True,6.05,,True,0.016931693759777405
1,8,0.4491,0.09981,0.0936,0.196,4,True,True,6.11,,True,0.015315219726080255
1,9,0.44179,0.09494,0.0543,0.21,4,True,True,6.29,,True,0.007587759155734259
1,10,0.43447,0.09015,0.0225,0.1843,4,True,True,6.48,,True,0.011319091779486992
1,11,0.42725,0.08565,0.0352,0.1597,4,True,True,6.44,,True,0.00948076979159412
1,12,0.42026,0.08162,0.0432,0.1705,4,True,True,6.52,,True,0.010985215131317788
1,13,0.41315,0.0779,0.0425,0.1794,4,True,True,6.73,,True,0.007389203969983486
1,14,0.40561,0.07434,0.0741,0.1517,4,True,True,6.97,,True,0.010597252917332798
1,15,0.39818,0.071,0.1072,0.127,4,True,True,6.98,,True,0.010315516395985897
1,16,0.39104,0.06791,0.103,0.1395,4,True,True,7.12,,True,0.008528962231810029
1,17,0.38384,0.06493,0.0822,0.1515,4,True,True,7.21,,True,0.009655073104943186
1,18,0.37645,0.06198,0.0866,0.1264,4,True,True,7.45,,True,0.01200313919968326
1,19,0.36921,0.0592,0.091,0.1034,4,True,True,7.54,,True,0.006937330306991289
1,20,0.36195,0.0567,0.0991,0.1201,4,True,True,7.84,,True,0.010855281752504395
1,21,0.35445,0.05433,0.0973,0.1361,4,True,True,7.91,,True,0.008131331606238995
1,22,0.34699,0.05189,0.0698,0.1145,4,True,True,7.98,,True,0.009805391838557316
1,23,0.33955,0.0496,0.0591,0.094,4,True,True,8.29,,True,0.011536321008327709
1,24,0.33213,0.04769,0.085,0.1114,4,True,True,8.71,,True,0.008618647531616678
1,25,0.32474,0.04593,0.1019,0.1276,4,True,True,8.81,,True,0.00809240711097995
1,26,0.31744,0.04404,0.0822,0.1062,4,True,True,8.83,,True,0.006398694686864345
1,27,0.31013,0.0422,0.0707,0.086,4,True,True,9.22,,True,0.007219351953544463
1,28,0.30285,0.04063,0.0955,0.1039,4,True,True,9.68,,True,0.012848425965372
1,29,0.29564,0.03913,0.111,0.1213,4,True,True,9.8,,True,0.008014156067262189
1,30,0.28857,0.03742,0.0888,0.1009,4,True,True,9.8,,True,0.007286157080873631
1,31,0.28154,0.03572,0.0738,0.0814,4,True,True,10.22,,True,0.004608174377380587
1,32,0.27444,0.0343,0.059,0.0981,4,True,True,10.67,,True,0.0070179811466589675
1,33,0.26726,0.03314,0.008,0.1116,4,True,True,10.74,,True,0.008126885087101918
1,34,0.25989,0.03227,-0.039,0.1278,4,True,True,10.9,,True,0.0072497806418381355
1,35,0.25241,0.03167,-0.0417,0.1383,4,True,True,11.48,,True,0.005746255530625273
1,36,0.24493,0.03126,-0.0052,0.1112,4,True,True,11.98,,True,0.006981262374296275
1,37,0.23797,0.03117,0.0243,0.0893,4,True,True,12.04,,True,0.006153709345348501
1,38,0.23119,0.03155,0.0187,0.1063,4,True,True,12.28,,True,0.006596125629534164
1,39,0.22398,0.03235,0.0238,0.1195,4,True,True,12.85,,True,0.010097835107538162
1,40,0.2165,0.03352,0.0694,0.1393,4,True,True,13.56,,True,0.005189365562579404
1,41,0.2092,0.03487,0.1056,0.1575,4,True,True,13.81,,True,0.006867884561540154
1,42,0.20207,0.03615,0.1031,0.1749,4,True,True,14.15,,True,0.005859194409991634
1,43,0.19474,0.03734,0.1125,0.1798,4,True,True,14.85,,True,0.005926417349223654
1,44,0.1873,0.03845,0.1616,0.1914,4,True,True,15.85,,True,0.006191595995668271
1,45,0.18014,0.03931,0.1968,0.2043,3,False,True,16.34,tilt,False,nan
1,46,0.17315,0.03973,0.1892,0.2196,2,False,True,17.17,tilt,False,nan
1,47,0.16594,0.03975,0.1718,0.2233,2,False,True,17.63,too_close,False,nan
1,48,0.15853,0.03951,0.1768,0.2349,1,False,True,18.59,too_close,False,nan
1,49,0.15125,0.03904,0.1657,0.2476,1,False,True,19.61,too_close,False,nan
1,50,0.14388,0.03837,0.157,0.2615,1,False,True,21.17,too_close,False,nan
1,51,0.13649,0.03757,0.1746,0.263,1,False,True,22.16,too_close,False,nan
1,52,0.12913,0.03662,0.1743,0.266,1,False,True,23.0,too_close,False,nan
1,53,0.12187,0.0356,0.1713,0.2696,1,False,True,24.56,too_close,False,nan
1,54,0.1145,0.0346,0.2088,0.2791,1,False,True,26.62,too_close,False,nan
1,55,0.10726,0.03352,0.2528,0.2752,0,False,True,28.86,too_close,False,nan
1,56,0.10019,0.03226,0.2558,0.2749,0,False,True,31.88,too_close,False,nan
1,57,0.09303,0.03089,0.2505,0.2824,0,False,True,34.2,too_close,False,nan
1,58,0.08564,0.02952,0.2547,0.3079,0,False,True,37.0,too_close,False,nan
1,59,0.07863,0.02818,0.2372,0.3261,0,False,True,41.26,too_close,False,nan
1,60,0.07164,0.02696,0.2361,0.3456,0,False,True,46.45,too_close,False,nan
1,61,0.06437,0.02599,0.2617,0.4186,0,False,True,51.1,too_close,False,nan
1,62,0.05707,0.02508,0.2811,0.5079,0,False,True,64.2,too_close,False,nan
1,63,0.04986,0.02404,0.3078,0.5779,0,False,True,74.9,too_close,False,nan
1,64,0.04263,0.02284,0.3715,0.687,0,False,True,93.13,too_close,False,nan
1,65,0.03553,0.02144,0.4569,0.8502,0,False,True,128.96,too_close,False,nan
1,66,0.02887,0.0198,0.4887,1.0296,0,False,False,166.86,lateral,False,nan
1,67,0.02211,0.01822,0.5538,1.5097,0,False,False,451.49,lateral,False,nan
1,68,0.0154,0.01703,1.2869,4.2026,0,False,False,6213.51,lateral,False,nan
1,69,0.01344,0.01643,3.5397,10.7687,0,False,False,3533.83,behind,False,nan
2,1,0.49743,0.12043,0.2587,0.0646,4,True,True,5.61,,True,0.02111494990615979
2,2,0.49185,0.11665,0.2622,0.0956,4,True,True,5.73,,True,0.014265003831705788
2,3,0.48529,0.11258,0.2708,0.1121,4,True,True,5.85,,True,0.015398055032659433
2,4,0.47825,0.10805,0.2766,0.1125,4,True,True,5.98,,True,0.014874471610081628
2,5,0.4713,0.10294,0.2402,0.0964,4,True,True,5.98,,True,0.012768630060591767
2,6,0.46462,0.09747,0.2046,0.0906,4,True,True,5.97,,True,0.012434821898956894
2,7,0.45796,0.09197,0.2091,0.0762,4,True,True,6.18,,True,0.01709897232445797
2,8,0.45096,0.08644,0.2122,0.0565,4,True,True,6.17,,True,0.016234794190901913
2,9,0.4441,0.08081,0.1745,0.0316,4,True,True,6.22,,True,0.016483994594944044
2,10,0.43754,0.07538,0.14,0.0179,4,True,True,6.28,,True,0.014555703674554976
2,11,0.43087,0.07047,0.1449,-0.0017,4,True,True,6.52,,True,0.013565647332410483
2,12,0.4238,0.06607,0.1459,-0.0228,4,True,True,6.52,,True,0.01714869740725775
2,13,0.41669,0.06211,0.1085,-0.0481,4,True,True,6.58,,True,0.013098514098133287
2,14,0.40974,0.0588,0.0785,-0.0639,4,True,True,6.76,,True,0.015397552670486881
2,15,0.40266,0.05635,0.0879,-0.0845,4,True,True,7.04,,True,0.01352082580758961
2,16,0.39529,0.05457,0.0908,-0.103,4,True,True,7.07,,True,0.013166615022496851
2,17,0.38771,0.05323,0.0998,-0.0818,4,True,True,7.13,,True,0.009602018533819768
2,18,0.38008,0.05222,0.1085,-0.0609,4,True,True,7.4,,True,0.011885170146885941
2,19,0.3726,0.0515,0.0819,-0.0764,4,True,True,7.68,,True,0.012154304562117295
2,20,0.36526,0.05123,0.0577,-0.0911,4,True,True,7.68,,True,0.011293233593870886
2,21,0.35787,0.05151,0.0715,-0.0694,4,True,True,7.71,,True,0.011630807908994723
2,22,0.35046,0.05237,0.0852,-0.0504,4,True,True,8.04,,True,0.008545632364962441
2,23,0.34322,0.05381,0.1057,-0.071,4,True,True,8.38,,True,0.01055991291429726
2,24,0.33612,0.05567,0.1613,-0.0952,4,True,True,8.51,,True,0.010773464323236724
2,25,0.32922,0.05745,0.2125,-0.085,4,True,True,8.65,,True,0.00765322334073321
2,26,0.32234,0.05887,0.2283,-0.0732,4,True,True,9.03,,True,0.008092023833751709
2,27,0.3154,0.05996,0.2053,-0.0992,4,True,True,9.34,,True,0.010074881208483944
2,28,0.30843,0.06086,0.1812,-0.1308,4,True,True,9.34,,True,0.010779263620715998
2,29,0.30155,0.06167,0.1916,-0.1681,4,True,True,9.52,,True,0.008752949651999128
2,30,0.29483,0.06225,0.2028,-0.194,4,True,True,10.05,,True,0.008604501408661739
2,31,0.288,0.0624,0.1728,-0.182,4,True,True,10.26,,True,0.008455514608432944
2,32,0.28128,0.06239,0.1399,-0.1827,4,True,True,10.16,,True,0.007622080363600098
2,33,0.27473,0.06249,0.1314,-0.2216,4,True,True,10.3,,True,0.0068675455955189675
2,34,0.26811,0.06258,0.1169,-0.2515,4,True,True,10.8,,True,0.007899388497159881
2,35,0.26133,0.0625,0.1051,-0.2455,4,True,True,11.17,,True,0.007338422206263226
2,36,0.2545,0.06233,0.08,-0.2472,4,True,True,11.15,,True,0.008089832063915251
2,37,0.24761,0.06222,0.064,-0.2411,4,True,True,11.27,,True,0.005853425245937282
2,38,0.2408,0.0623,0.0623,-0.2372,4,True,True,11.73,,True,0.007489073841050148
2,39,0.23407,0.06268,0.0732,-0.275,4,True,True,12.36,,True,0.0068297666465088076
2,40,0.22713,0.06313,0.1124,-0.3153,4,True,True,12.85,,True,0.006971258634748876
2,41,0.22026,0.06327,0.1485,-0.3164,4,True,True,13.28,,False,nan
2,42,0.21365,0.06296,0.1596,-0.3154,4,True,True,13.68,,False,nan
2,43,0.20692,0.06229,0.1302,-0.3074,4,True,True,14.15,,False,nan
2,44,0.19999,0.06146,0.0931,-0.2769,4,True,True,14.1,,False,nan
2,45,0.19339,0.06095,0.0969,-0.2618,4,True,True,14.69,,True,0.005822943879086501
2,46,0.18697,0.061,0.1517,-0.2825,3,False,True,15.31,too_close,False,nan
2,47,0.18031,0.0614,0.2016,-0.2987,2,False,True,16.38,too_close,False,nan
2,48,0.17375,0.06189,0.203,-0.3252,2,False,True,16.71,too_close,False,nan
2,49,0.16703,0.06243,0.2132,-0.3463,1,False,True,17.32,too_close,False,nan
2,50,0.16029,0.06296,0.2791,-0.3657,1,False,True,18.77,too_close,False,nan
2,51,0.15359,0.06327,0.3384,-0.3787,1,False,True,20.45,too_close,False,nan
2,52,0.14697,0.06313,0.3407,-0.4034,1,False,True,21.06,too_close,False,nan
2,53,0.14021,0.06252,0.3495,-0.42,1,False,True,22.18,too_close,False,nan
2,54,0.13339,0.06147,0.3656,-0.3778,1,False,True,22.71,too_close,False,nan
2,55,0.12686,0.06024,0.3545,-0.341,1,False,True,23.79,too_close,False,nan
2,56,0.12035,0.0592,0.3542,-0.3679,1,False,True,24.97,too_close,False,nan
2,57,0.11372,0.05845,0.4034,-0.3984,1,False,True,27.19,too_close,False,nan
2,58,0.10723,0.05779,0.4665,-0.4236,1,False,True,29.56,too_close,False,nan
2,59,0.10053,0.057,0.4928,-0.4957,1,False,True,32.85,too_close,False,nan
2,60,0.09346,0.05586,0.5094,-0.5918,1,False,True,38.18,too_close,False,nan
2,61,0.08656,0.05414,0.5142,-0.6357,0,False,True,42.09,too_close,False,nan
2,62,0.07986,0.05182,0.5429,-0.5989,0,False,True,42.72,too_close,False,nan
2,63,0.0734,0.04919,0.5684,-0.5625,0,False,True,45.55,too_close,False,nan
2,64,0.06706,0.04651,0.5971,-0.6051,0,False,True,50.22,too_close,False,nan
2,65,0.06056,0.04382,0.6986,-0.6634,0,False,True,60.16,too_close,False,nan
2,66,0.05381,0.04087,0.8323,-0.6629,0,False,True,74.34,too_close,False,nan
2,67,0.04722,0.03753,0.9136,-0.6773,0,False,True,95.99,too_close,False,nan
2,68,0.04096,0.03386,0.9127,-0.7894,0,False,True,100.56,too_close,False,nan
2,69,0.03467,0.03003,0.9413,-0.9424,0,False,True,121.07,too_close,False,nan
2,70,0.02842,0.02616,1.121,-1.0864,0,False,False,190.11,lateral,False,nan
2,71,0.02209,0.02238,1.4816,-1.4762,0,False,False,641.88,lateral,False,nan
2,72,0.01597,0.01888,2.6716,-3.4528,0,False,False,1291.49,lateral,False,nan
2,73,0.0131,0.0163,6.2868,-11.7696,0,False,False,13206.15,behind,False,nan
3,1,0.49895,0.29392,-0.0024,-0.6269,4,True,True,5.6,,True,0.01764672987927184
3,2,0.49584,0.29379,0.0607,-0.7044,3,False,True,5.88,tilt,False,nan
3,3,0.4907,0.29325,0.0997,-0.7862,2,False,True,6.28,tilt,False,nan
3,4,0.48422,0.29177,0.1101,-0.8153,2,False,True,6.48,tilt,False,nan
3,5,0.47715,0.28908,0.1131,-0.7816,2,False,True,6.43,tilt,False,nan
3,6,0.47058,0.28519,0.0741,-0.7515,2,False,True,6.36,tilt,False,nan
3,7,0.46471,0.28027,0.0102,-0.7815,2,False,True,6.56,tilt,False,nan
3,8,0.45829,0.27429,-0.0146,-0.8064,2,False,True,6.81,tilt,False,nan
3,9,0.45095,0.2671,0.0283,-0.7712,2,False,True,6.77,tilt,False,nan
3,10,0.44341,0.25876,0.0587,-0.6794,3,False,True,6.53,tilt,False,nan
3,11,0.43597,0.24973,0.0338,-0.5969,4,True,True,6.52,,True,0.021756685464904137
3,12,0.42862,0.24058,-0.0166,-0.5661,4,True,True,6.56,,True,0.023411357821630976
3,13,0.42155,0.23151,-0.0413,-0.5743,4,True,True,6.62,,True,0.02077998155234182
3,14,0.41475,0.22245,-0.0336,-0.5674,4,True,True,6.97,,True,0.018131231907440655
3,15,0.40763,0.21336,-0.0129,-0.5155,4,True,True,6.96,,True,0.011513875166429054
3,16,0.40006,0.20449,-0.0142,-0.4708,4,True,True,6.81,,True,0.01783819851597276
3,17,0.39235,0.19613,-0.006,-0.4679,4,True,True,7.1,,True,0.011617277779336195
3,18,0.3846,0.18828,0.0582,-0.4591,4,True,True,7.26,,True,0.01522127409214002
3,19,0.37703,0.18089,0.1328,-0.4413,4,True,True,7.37,,True,0.014229873867172997
3,20,0.36971,0.17393,0.1666,-0.4547,4,True,True,7.78,,True,0.011669436876465013
3,21,0.3622,0.16718,0.1431,-0.4652,4,True,True,7.87,,True,0.013769397902369066
3,22,0.35448,0.16044,0.1188,-0.4326,4,True,True,7.84,,True,0.010375774825385311
3,23,0.34663,0.15389,0.1031,-0.4029,4,True,True,7.98,,True,0.008951030016040728
3,24,0.33905,0.14774,0.0911,-0.4193,4,True,True,8.29,,True,0.011479279245489481
3,25,0.33152,0.14184,0.0979,-0.4396,4,True,True,8.42,,True,0.012766583462044168
3,26,0.3238,0.13594,0.1009,-0.4195,4,True,True,8.83,,True,0.00903016455996705
3,27,0.3159,0.1301,0.0836,-0.4018,4,True,True,8.89,,True,0.009029150296186872
3,28,0.30822,0.12444,0.0685,-0.3806,4,True,True,9.01,,True,0.008814679753409459
3,29,0.30056,0.11908,0.0363,-0.3663,4,True,True,9.33,,True,0.009381207983699888
3,30,0.29272,0.11412,0.0129,-0.3631,4,True,True,9.73,,True,0.011614582978270067
3,31,0.28484,0.10957,0.0062,-0.3792,4,True,True,9.84,,True,0.008810032626124386
3,32,0.27713,0.10529,0.0065,-0.3921,4,True,True,10.08,,True,0.007844412234224956
3,33,0.26944,0.10112,0.0271,-0.3665,4,True,True,10.42,,True,0.008215671869746045
3,34,0.26171,0.09716,0.0439,-0.3494,4,True,True,10.86,,True,0.007977373907244569
3,35,0.25396,0.09355,0.0389,-0.3292,4,True,True,11.08,,True,0.008528244754440199
3,36,0.24667,0.09046,0.0397,-0.319,4,True,True,11.45,,True,0.009398418858062325
3,37,0.23936,0.08795,0.0659,-0.3313,4,True,True,11.84,,True,0.007842236141255848
3,38,0.23159,0.08592,0.0891,-0.3429,4,True,True,12.3,,True,0.007185058024259907
3,39,0.22366,0.08427,0.089,-0.3297,4,True,True,12.8,,True,0.006208937918937065
3,40,0.21609,0.08315,0.0934,-0.3279,4,True,True,13.3,,True,0.0060289769843690525
3,41,0.2085,0.08264,0.083,-0.3739,4,True,True,13.72,,False,nan
3,42,0.20071,0.08251,0.0386,-0.4179,2,False,True,14.23,too_close,False,nan
3,43,0.19324,0.08257,0.0163,-0.4638,2,False,True,14.88,too_close,False,nan
3,44,0.18604,0.08262,0.0303,-0.5026,2,False,True,15.89,too_close,False,nan
3,45,0.17862,0.08249,0.0328,-0.4989,2,False,True,16.13,too_close,False,nan
3,46,0.17125,0.08231,0.0369,-0.5013,2,False,True,16.76,too_close,False,nan
3,47,0.16394,0.08223,0.0882,-0.5494,2,False,True,17.96,too_close,False,nan
3,48,0.15655,0.08208,0.1326,-0.5919,2,False,True,19.51,too_close,False,nan
3,49,0.14919,0.08166,0.1165,-0.6422,2,False,True,20.68,too_close,False,nan
3,50,0.14179,0.08086,0.1109,-0.6843,1,False,True,22.24,too_close,False,nan
3,51,0.13439,0.0796,0.1728,-0.6683,1,False,True,22.87,too_close,False,nan
3,52,0.12708,0.07803,0.2304,-0.6577,1,False,True,24.64,too_close,False,nan
3,53,0.11982,0.07634,0.2273,-0.7043,1,False,True,26.02,too_close,False,nan
3,54,0.11251,0.07447,0.2318,-0.745,1,False,True,27.79,too_close,False,nan
3,55,0.10519,0.07235,0.2595,-0.787,0,False,True,30.9,too_close,False,nan
3,56,0.09797,0.06993,0.2752,-0.8265,0,False,True,34.14,too_close,False,nan
3,57,0.09075,0.06716,0.2662,-0.8909,0,False,True,37.6,too_close,False,nan
3,58,0.08345,0.06398,0.2703,-0.952,0,False,True,42.63,too_close,False,nan
3,59,0.07611,0.06032,0.2891,-0.9333,0,False,True,44.65,too_close,False,nan
3,60,0.0688,0.05644,0.2718,-0.9245,0,False,True,48.84,too_close,False,nan
3,61,0.06145,0.05266,0.2413,-1.0205,0,False,False,55.38,lateral,False,nan
3,62,0.05404,0.04899,0.2638,-1.1462,0,False,False,65.37,lateral,False,nan
3,63,0.04666,0.0453,0.3222,-1.2103,0,False,False,83.5,lateral,False,nan
3,64,0.03944,0.04181,0.3285,-1.3273,0,False,False,115.9,lateral,False,nan
3,65,0.03215,0.03881,0.2952,-1.7229,0,False,False,159.68,lateral,False,nan
3,66,0.0249,0.03629,0.2371,-2.7086,0,False,False,218.63,lateral,False,nan
3,67,0.01771,0.03402,0.1496,-5.9557,0,False,False,1156.67,lateral,False,nan
3,68,0.01304,0.03216,0.3365,-24.2754,0,False,False,6823.14,behind,False,nan
3,69,0.01308,0.03103,-0.958,-27.7561,0,False,False,3351.09,behind,False,nan
4,1,0.49728,0.18658,-0.3758,-0.1103,4,True,True,5.62,,True,0.019255805898600147
4,2,0.49151,0.185,-0.413,-0.1222,4,True,True,5.87,,True,0.020790956075609057
4,3,0.48486,0.1832,-0.449,-0.1538,4,True,True,6.14,,True,0.016939995483633785
4,4,0.47776,0.18081,-0.4397,-0.181,4,True,True,6.44,,True,0.017422048209545044
4,5,0.47041,0.17776,-0.423,-0.1894,4,True,True,6.41,,True,0.020115012967427237
4,6,0.46309,0.17411,-0.4424,-0.2133,4,True,True,6.48,,True,0.016566743038157937
4,7,0.45586,0.16964,-0.4612,-0.2654,4,True,True,6.83,,True,0.012103789056800032
4,8,0.44823,0.16407,-0.4456,-0.2942,4,True,True,7.22,,True,0.016783371846970135
4,9,0.44009,0.15732,-0.3803,-0.2826,4,True,True,7.16,,True,0.019747002819123945
4,10,0.43221,0.14968,-0.3053,-0.2471,4,True,True,6.78,,True,0.010757919436073914
4,11,0.42455,0.14172,-0.2704,-0.2159,4,True,True,6.63,,True,0.01467415434689678
4,12,0.4169,0.13378,-0.2827,-0.21,4,True,True,6.96,,True,0.011182288679092123
4,13,0.40913,0.12573,-0.2866,-0.1974,4,True,True,7.23,,True,0.011286314279528352
4,14,0.40137,0.11747,-0.24,-0.1536,4,True,True,6.98,,True,0.018023060369934413
4,15,0.39371,0.10932,-0.1983,-0.1107,4,True,True,6.87,,True,0.009429688649031185
4,16,0.38609,0.10171,-0.1984,-0.0948,4,True,True,7.11,,True,0.008346111909898741
4,17,0.37853,0.09467,-0.1915,-0.0743,4,True,True,7.35,,True,0.006916694784406764
4,18,0.37098,0.08817,-0.1595,-0.0649,4,True,True,7.37,,True,0.010534124834746281
4,19,0.36364,0.08242,-0.1451,-0.0901,4,True,True,7.56,,True,0.008046519569905888
4,20,0.35632,0.07736,-0.1316,-0.1063,4,True,True,7.6,,True,0.014563533331908499
4,21,0.34865,0.07289,-0.1227,-0.0897,4,True,True,7.85,,True,0.0082180002645465
4,22,0.34086,0.06909,-0.1487,-0.0857,4,True,True,8.13,,True,0.011646085417665422
4,23,0.33333,0.06577,-0.1736,-0.0781,4,True,True,8.59,,True,0.007164362268519917
4,24,0.32579,0.06266,-0.1651,-0.0696,4,True,True,8.63,,True,0.00829347196255845
4,25,0.31801,0.05976,-0.159,-0.0598,4,True,True,8.73,,True,0.010260859104277832
4,26,0.31023,0.05714,-0.1881,-0.0643,4,True,True,9.3,,True,0.007355364580781021
4,27,0.30274,0.05452,-0.2146,-0.0654,4,True,True,9.85,,True,0.0068799845957498995
4,28,0.29526,0.0516,-0.2045,-0.064,4,True,True,9.91,,True,0.006955872378685868
4,29,0.28751,0.0484,-0.1562,-0.0556,4,True,True,9.69,,True,0.016604628092905683
4,30,0.27959,0.04525,-0.1103,-0.0171,4,True,True,9.99,,True,0.006408448506918311
4,31,0.27176,0.04264,-0.1022,0.0084,4,True,True,10.41,,True,0.006226761852522798
4,32,0.26428,0.04076,-0.1327,-0.0043,4,True,True,10.95,,True,0.005934567403052208
4,33,0.25684,0.03931,-0.1603,-0.0105,4,True,True,11.17,,True,0.006762942520929632
4,34,0.24921,0.03797,-0.1533,-0.0239,4,True,True,11.41,,True,0.005294533043534353
4,35,0.24145,0.03674,-0.1494,-0.041,4,True,True,12.01,,True,0.004952433489825228
4,36,0.23389,0.03562,-0.1804,-0.0637,4,True,True,12.79,,True,0.006989803813265885
4,37,0.22648,0.03436,-0.208,-0.0767,4,True,True,13.14,,True,0.004528103161501974
4,38,0.219,0.03268,-0.1967,-0.0956,4,True,True,13.37,,True,0.0074806741934998104
4,39,0.21137,0.03064,-0.1405,-0.1163,4,True,True,14.0,,True,0.007500340881839919
4,40,0.20369,0.02852,-0.0855,-0.1392,4,True,True,14.75,,True,0.004896922990672436
4,41,0.19596,0.02658,-0.0726,-0.1513,4,True,True,15.14,,True,0.003518541973231611
4,42,0.18832,0.02474,-0.0792,-0.166,4,True,True,15.74,,True,0.0035870359671985284
4,43,0.18069,0.02281,-0.059,-0.1753,4,True,True,16.55,,True,0.002464519662016644
4,44,0.17291,0.0207,-0.0423,-0.1576,4,True,True,17.11,,False,nan
4,45,0.1653,0.01852,-0.0253,-0.1539,3,False,True,17.97,tilt,False,nan
4,46,0.15772,0.01637,0.0331,-0.1445,3,False,True,19.2,too_close,False,nan
4,47,0.15,0.01437,0.0936,-0.0951,2,False,True,20.36,too_close,False,nan
4,48,0.14244,0.01273,0.1143,-0.0484,2,False,True,21.71,too_close,False,nan
4,49,0.13501,0.01152,0.0897,-0.042,2,False,True,22.78,too_close,False,nan
4,50,0.12756,0.01065,0.0625,-0.0386,0,False,True,24.26,too_close,False,nan
4,51,0.12011,0.01016,0.0249,-0.0463,0,False,True,25.82,too_close,False,nan
4,52,0.11262,0.01015,-0.0078,-0.0524,0,False,True,27.88,too_close,False,nan
4,53,0.10511,0.01065,-0.0126,-0.0685,0,False,True,30.19,too_close,False,nan
4,54,0.09749,0.01162,-0.0305,-0.1297,0,False,True,31.93,too_close,False,nan
4,55,0.08982,0.01274,-0.0456,-0.1921,0,False,True,36.18,too_close,False,nan
4,56,0.08231,0.01368,-0.0134,-0.2169,0,False,True,39.89,too_close,False,nan
4,57,0.07502,0.01445,0.0296,-0.2512,0,False,True,44.19,too_close,False,nan
4,58,0.0676,0.01506,0.0537,-0.335,0,False,True,55.82,too_close,False,nan
4,59,0.05995,0.01521,0.0581,-0.4189,0,False,True,75.04,too_close,False,nan
4,60,0.05229,0.01472,0.0748,-0.4545,0,False,True,96.27,too_close,False,nan
4,61,0.04472,0.01386,0.1723,-0.4287,0,False,True,100.97,too_close,False,nan
4,62,0.03727,0.0133,0.3952,-0.3937,0,False,True,111.98,too_close,False,nan
4,63,0.02986,0.01332,0.765,-0.4046,0,False,True,214.71,too_close,False,nan
4,64,0.02232,0.01355,1.4879,-0.4323,0,False,False,1128.78,lateral,False,nan
4,65,0.01509,0.01374,4.5521,-0.4835,0,False,False,1238.97,lateral,False,nan
4,66,0.01369,0.01369,8.4942,-0.258,0,False,False,2932.66,behind,False,nan
5,1,0.4978,0.1688,0.2774,0.2467,4,True,True,5.65,,True,0.02935752052933057
5,2,0.49288,0.16757,0.3077,0.3107,4,True,True,6.0,,True,0.017623018568786307
5,3,0.48688,0.16608,0.3087,0.3801,4,True,True,6.17,,True,0.017149085890380777
5,4,0.48074,0.16381,0.2667,0.402,4,True,True,6.2,,True,0.015454781732067257
5,5,0.47444,0.16076,0.2126,0.3773,4,True,True,6.08,,True,0.019293308335049855
5,6,0.4679,0.15728,0.1817,0.3608,4,True,True,6.06,,True,0.01644142049279467
5,7,0.46131,0.15361,0.1836,0.3914,4,True,True,6.27,,True,0.020510905448961326
5,8,0.4548,0.14954,0.1631,0.4213,4,True,True,6.46,,True,0.022263236503479587
5,9,0.44849,0.14479,0.1051,0.4025,4,True,True,6.5,,True,0.012503213797083
5,10,0.44219,0.13959,0.0691,0.3575,4,True,True,6.43,,True,0.015550836834347121
5,11,0.43604,0.1343,0.0744,0.3333,4,True,True,6.38,,True,0.015380122309050292
5,12,0.42998,0.12907,0.068,0.3433,4,True,True,6.55,,True,0.017094441565647763
5,13,0.42386,0.12378,0.0295,0.3417,4,True,True,6.66,,True,0.012957616013351006
5,14,0.41757,0.11842,0.0108,0.2992,4,True,True,6.69,,True,0.014610778280035451
5,15,0.41151,0.11325,0.0287,0.2636,4,True,True,6.95,,True,0.011391493624038322
5,16,0.40568,0.10851,0.0342,0.2675,4,True,True,7.02,,True,0.015445912847128436
5,17,0.39961,0.10413,-0.0016,0.2652,4,True,True,6.91,,True,0.017169302036835955
5,18,0.39352,0.10009,-0.0264,0.2226,4,True,True,7.01,,True,0.015605045169406714
5,19,0.38793,0.0967,-0.0052,0.1849,4,True,True,7.14,,True,0.01793202312812112
5,20,0.38266,0.09432,0.0107,0.1849,4,True,True,7.33,,True,0.012302944211591069
5,21,0.37694,0.09295,-0.0147,0.2211,4,True,True,7.36,,True,0.014938365965430907
5,22,0.37111,0.09233,-0.0736,0.2531,4,True,True,7.45,,True,0.013935117188619563
5,23,0.36497,0.0921,-0.1175,0.2513,4,True,True,7.83,,True,0.016190659783702245
5,24,0.35837,0.09211,-0.1249,0.2545,4,True,True,8.13,,True,0.012039142750880218
5,25,0.35179,0.09226,-0.1457,0.28,4,True,True,8.17,,True,0.013826870494475438
5,26,0.34557,0.09228,-0.1894,0.2922,4,True,True,8.35,,True,0.008950970778722476
5,27,0.33903,0.0919,-0.2054,0.2715,4,True,True,8.69,,True,0.013370205160779334
5,28,0.33237,0.09116,-0.1823,0.254,4,True,True,8.92,,True,0.016623239420612446
5,29,0.32596,0.09024,-0.1717,0.2671,4,True,True,8.86,,True,0.013422301710774845
5,30,0.31954,0.08914,-0.1937,0.277,4,True,True,8.94,,True,0.01225551479785678
5,31,0.31272,0.08771,-0.1963,0.2555,4,True,True,9.33,,True,0.011844041586032455
5,32,0.3064,0.08604,-0.1598,0.2373,4,True,True,9.52,,True,0.034677882586674307
5,33,0.30063,0.08443,-0.1358,0.2508,4,True,True,9.39,,True,0.012482462156995642
5,34,0.2945,0.08299,-0.1459,0.2612,4,True,True,9.52,,True,0.007804037905070884
5,35,0.28806,0.08164,-0.1808,0.2422,4,True,True,9.84,,True,0.010397256128447224
5,36,0.28175,0.08037,-0.2113,0.2288,4,True,True,10.25,,True,0.015399252851677188
5,37,0.27542,0.07911,-0.2133,0.2448,4,True,True,10.33,,True,0.010270630206371634
5,38,0.26916,0.07779,-0.2169,0.2568,4,True,True,10.81,,True,0.011718380261339794
5,39,0.26298,0.07636,-0.2454,0.2403,4,True,True,11.0,,True,0.008539507303221087
5,40,0.25686,0.07484,-0.2694,0.1846,4,True,True,11.03,,True,0.013493829924384316
5,41,0.25139,0.07336,-0.2608,0.1233,4,True,True,11.32,,True,0.008957848033317986
5,42,0.24627,0.07225,-0.2563,0.1035,4,True,True,11.78,,True,0.013101055549677026
5,43,0.24072,0.07165,-0.2879,0.1068,4,True,True,12.1,,True,0.012043757368582632
5,44,0.23483,0.07137,-0.3114,0.0931,4,True,True,12.27,,True,0.010452967601254502
5,45,0.22967,0.07126,-0.2936,0.0812,4,True,True,12.47,,True,0.012094695731081165
5,46,0.22527,0.07149,-0.2818,0.0958,4,True,True,12.34,,True,0.010388867569867441
5,47,0.22047,0.07216,-0.3079,0.1091,4,True,True,12.94,,True,0.01194663700479241
5,48,0.21483,0.07314,-0.3691,0.1018,3,False,True,13.39,tilt,False,nan
5,49,0.20931,0.07408,-0.4247,0.0992,2,False,True,14.23,too_close,False,nan
5,50,0.20363,0.07466,-0.4413,0.0764,2,False,True,14.68,too_close,False,nan
5,51,0.19774,0.07485,-0.4409,0.0408,2,False,True,15.14,too_close,False,nan
5,52,0.1924,0.07474,-0.4656,0.047,2,False,True,15.48,too_close,False,nan
5,53,0.18655,0.07432,-0.4904,0.0516,2,False,True,16.18,too_close,False,nan
5,54,0.18024,0.07348,-0.4741,0.0017,2,False,True,16.44,too_close,False,nan
5,55,0.1748,0.07235,-0.4636,-0.0376,2,False,True,17.0,too_close,False,nan
5,56,0.1694,0.07113,-0.5008,-0.0177,2,False,True,17.89,too_close,False,nan
5,57,0.1628,0.06965,-0.5396,-0.0008,2,False,True,19.41,too_close,False,nan
5,58,0.15563,0.0677,-0.5345,-0.04,2,False,True,20.08,too_close,False,nan
5,59,0.1492,0.06527,-0.477,-0.0764,1,False,True,19.79,too_close,False,nan
5,60,0.1433,0.06279,-0.4265,-0.0582,1,False,True,19.91,too_close,False,nan
5,61,0.13716,0.06075,-0.4265,-0.0498,1,False,True,21.31,too_close,False,nan
5,62,0.1306,0.05927,-0.476,-0.1046,1,False,True,22.9,too_close,False,nan
5,63,0.1242,0.05811,-0.5228,-0.161,1,False,True,25.51,too_close,False,nan
5,64,0.11768,0.05698,-0.5284,-0.1645,0,False,True,27.06,too_close,False,nan
5,65,0.11085,0.05599,-0.4919,-0.1742,0,False,True,28.43,too_close,False,nan
5,66,0.10457,0.05565,-0.4621,-0.2506,0,False,True,29.02,too_close,False,nan
5,67,0.09839,0.05623,-0.4886,-0.3616,0,False,True,30.7,too_close,False,nan
5,68,0.09193,0.05755,-0.5355,-0.4443,0,False,True,33.09,too_close,False,nan
5,69,0.08557,0.05936,-0.5663,-0.5449,0,False,True,37.02,too_close,False,nan
5,70,0.07952,0.06158,-0.6056,-0.6818,0,False,True,41.16,too_close,False,nan
5,71,0.07357,0.06397,-0.7092,-0.8735,0,False,True,50.43,too_close,False,nan
5,72,0.06755,0.06615,-0.8611,-1.0809,0,False,False,64.54,too_close,False,nan
5,73,0.06143,0.06772,-0.932,-1.2124,0,False,False,67.77,lateral,False,nan
5,74,0.056,0.06874,-0.9417,-1.3973,0,False,False,71.26,lateral,False,nan
5,75,0.05099,0.06939,-1.0665,-1.7844,0,False,False,99.18,lateral,False,nan
5,76,0.04479,0.06956,-1.3556,-2.3613,0,False,False,181.19,lateral,False,nan
5,77,0.03753,0.06897,-1.7315,-2.9313,0,False,False,238.43,lateral,False,nan
5,78,0.03081,0.06763,-2.1024,-3.622,0,False,False,241.8,lateral,False,nan
5,79,0.02476,0.06586,-3.0821,-5.9267,0,False,False,334.41,lateral,False,nan
5,80,0.01837,0.06381,-5.7838,-12.4641,0,False,False,571.31,lateral,False,nan
5,81,0.01294,0.06189,-132.3034,-274.6054,0,False,False,1452.29,behind,False,nan
6,1,0.49734,0.13405,0.2518,-0.1276,4,True,True,5.58,,True,0.017503540250861663
6,2,0.49153,0.12971,0.2556,-0.0894,4,True,True,5.67,,True,0.022794331813268554
6,3,0.48475,0.1254,0.267,-0.067,4,True,True,5.8,,True,0.016454045282608184
6,4,0.4776,0.12111,0.2729,-0.0856,4,True,True,5.99,,True,0.01822534623911012
6,5,0.47038,0.1167,0.2422,-0.0957,4,True,True,6.08,,True,0.018013262889432533
6,6,0.46352,0.11229,0.2199,-0.0827,4,True,True,5.98,,True,0.01372441788048972
6,7,0.45662,0.10809,0.2295,-0.094,4,True,True,6.12,,True,0.013998378751669142
6,8,0.44931,0.10402,0.2251,-0.1103,4,True,True,6.2,,True,0.016118423988826593
6,9,0.44215,0.10001,0.1822,-0.09,4,True,True,6.28,,True,0.014340353528122265
6,10,0.43562,0.09648,0.1478,-0.0689,4,True,True,6.33,,True,0.015529203749210636
6,11,0.42921,0.09387,0.1511,-0.0877,4,True,True,6.53,,True,0.02005438735543225
6,12,0.42224,0.09214,0.147,-0.1101,4,True,True,6.57,,True,0.01602507696991201
6,13,0.41538,0.09123,0.1043,-0.1389,4,True,True,6.58,,True,0.01430973879532772
6,14,0.40896,0.09128,0.0717,-0.1605,4,True,True,6.78,,True,0.01709562476806788
6,15,0.40258,0.09226,0.0783,-0.1889,4,True,True,7.02,,True,0.013482211147392044
6,16,0.39577,0.09395,0.0745,-0.2171,4,True,True,7.01,,True,0.014873069626569532
6,17,0.38911,0.09609,0.0456,-0.2501,4,True,True,7.08,,True,0.014948648777833943
6,18,0.38252,0.09852,0.0408,-0.277,4,True,True,7.32,,True,0.014953787849335112
6,19,0.37558,0.10103,0.0744,-0.3102,4,True,True,7.65,,True,0.013194642513253967
6,20,0.3685,0.1033,0.0919,-0.3406,4,True,True,7.78,,True,0.013040731895306792
6,21,0.36161,0.10505,0.0738,-0.3279,4,True,True,7.8,,True,0.01307831366723675
6,22,0.35497,0.10644,0.0599,-0.3162,4,True,True,7.85,,True,0.012727529485098863
6,23,0.34843,0.10771,0.072,-0.3454,4,True,True,8.19,,True,0.01626519193030213
6,24,0.3416,0.10874,0.0986,-0.3756,4,True,True,8.41,,True,0.009815260330928709
6,25,0.33476,0.10926,0.1144,-0.365,4,True,True,8.53,,True,0.013310851339860924
6,26,0.32807,0.10933,0.1081,-0.3544,4,True,True,8.57,,True,0.013570710673790237
6,27,0.32138,0.10916,0.1028,-0.341,4,True,True,8.79,,True,0.011202288695040094
6,28,0.31471,0.10891,0.08,-0.3361,4,True,True,8.78,,True,0.01243711302310907
6,29,0.30805,0.10877,0.0648,-0.3647,4,True,True,9.16,,True,0.011787650611746454
6,30,0.30127,0.10864,0.1017,-0.3812,4,True,True,9.34,,True,0.012940506250596326
6,31,0.29418,0.10837,0.1317,-0.3556,4,True,True,9.64,,True,0.010465329207663283
6,32,0.28724,0.10811,0.1105,-0.3377,4,True,True,9.7,,True,0.028938946887489693
6,33,0.28078,0.10815,0.0962,-0.359,4,True,True,9.99,,True,0.010846842159592245
6,34,0.27434,0.10847,0.1294,-0.4182,4,True,True,10.35,,True,0.009897020588183921
6,35,0.26777,0.10864,0.1519,-0.472,3,False,True,11.05,tilt,False,nan
6,36,0.26102,0.10826,0.1461,-0.4868,2,False,True,11.36,tilt,False,nan
6,37,0.25445,0.10726,0.128,-0.455,4,True,True,11.27,,False,nan
6,38,0.24831,0.10591,0.1333,-0.4217,4,True,True,11.31,,False,nan
6,39,0.242,0.10458,0.1498,-0.4303,4,True,True,11.87,,False,nan
6,40,0.23537,0.10326,0.1656,-0.4419,2,False,True,12.06,tilt,False,nan
6,41,0.22891,0.10187,0.1774,-0.4523,2,False,True,12.47,too_close,False,nan
6,42,0.2225,0.10038,0.1696,-0.4441,2,False,True,12.85,too_close,False,nan
6,43,0.21607,0.09888,0.1679,-0.4453,2,False,True,13.44,too_close,False,nan
6,44,0.2095,0.09748,0.1876,-0.4538,2,False,True,13.69,too_close,False,nan
6,45,0.203,0.09615,0.2036,-0.4204,2,False,True,14.01,too_close,False,nan
6,46,0.19698,0.09513,0.1992,-0.3849,3,False,True,14.43,too_close,False,nan
6,47,0.19089,0.09476,0.2027,-0.3974,3,False,True,14.92,too_close,False,nan
6,48,0.18426,0.09511,0.2322,-0.4229,2,False,True,15.37,too_close,False,nan
6,49,0.17789,0.09607,0.3038,-0.464,1,False,True,16.29,too_close,False,nan
6,50,0.17194,0.09735,0.3916,-0.4956,1,False,True,17.72,too_close,False,nan
6,51,0.16588,0.09854,0.4408,-0.5325,1,False,True,19.12,too_close,False,nan
6,52,0.15951,0.09944,0.4224,-0.5746,1,False,True,19.22,too_close,False,nan
6,53,0.15364,0.10003,0.4086,-0.6209,1,False,True,19.56,too_close,False,nan
6,54,0.14772,0.10037,0.4622,-0.6549,1,False,True,21.29,too_close,False,nan
6,55,0.14156,0.10032,0.5113,-0.6987,1,False,True,23.27,too_close,False,nan
6,56,0.13535,0.09973,0.4818,-0.7429,1,False,True,23.57,too_close,False,nan
6,57,0.1295,0.09863,0.4585,-0.7892,1,False,True,24.73,too_close,False,nan
6,58,0.12359,0.09709,0.5121,-0.821,1,False,True,26.79,too_close,False,nan
6,59,0.11744,0.09504,0.5404,-0.7899,1,False,True,27.3,too_close,False,nan
6,60,0.11183,0.09263,0.4842,-0.7673,1,False,True,27.02,too_close,False,nan
6,61,0.10639,0.09026,0.4473,-0.8024,1,False,True,28.38,too_close,False,nan
6,62,0.10046,0.08807,0.4902,-0.8304,1,False,True,30.15,too_close,False,nan
6,63,0.09442,0.08603,0.5316,-0.8731,1,False,True,32.63,too_close,False,nan
6,64,0.08826,0.08411,0.5121,-0.9979,0,False,True,36.23,too_close,False,nan
6,65,0.08185,0.08212,0.5126,-1.1315,0,False,False,42.76,lateral,False,nan
6,66,0.07533,0.07988,0.6047,-1.19,0,False,False,46.96,lateral,False,nan
6,67,0.06896,0.07736,0.713,-1.2607,0,False,False,52.8,lateral,False,nan
6,68,0.06248,0.07452,0.8467,-1.4985,0,False,False,72.69,lateral,False,nan
6,69,0.056,0.07104,1.0264,-1.79,0,False,False,114.08,lateral,False,nan
6,70,0.0495,0.06656,1.2885,-1.9566,0,False,False,178.68,lateral,False,nan
6,71,0.0427,0.06101,1.5144,-2.0071,0,False,False,213.01,lateral,False,nan
6,72,0.03595,0.05455,1.5798,-2.092,0,False,False,190.21,lateral,False,nan
6,73,0.02942,0.04752,1.7274,-2.4144,0,False,False,221.83,lateral,False,nan
6,74,0.02273,0.04019,2.4207,-3.3328,0,False,False,390.14,lateral,False,nan
6,75,0.01593,0.03263,5.7299,-7.7907,0,False,False,1371.0,lateral,False,nan
6,76,0.01316,0.02576,16.104,-25.1736,0,False,False,2037.99,behind,False,nan
7,1,0.4972,0.15795,0.2699,-0.1875,4,True,True,5.58,,True,0.01741047561693085
7,2,0.49121,0.14984,0.2685,-0.1332,4,True,True,5.65,,True,0.02291971829686981
7,3,0.48415,0.14189,0.2343,-0.0852,4,True,True,5.7,,True,0.021989398052186686
7,4,0.47715,0.13451,0.2057,-0.084,4,True,True,5.82,,True,0.021254979459967058
7,5,0.47036,0.12787,0.2174,-0.0794,4,True,True,6.08,,True,0.021109596863491592
7,6,0.4633,0.12183,0.228,-0.0724,4,True,True,6.1,,True,0.01716958459137596
7,7,0.4559,0.11628,0.2011,-0.095,4,True,True,6.05,,True,0.021512516036989615
7,8,0.44866,0.1112,0.1748,-0.1162,4,True,True,6.24,,True,0.016818866004697553
7,9,0.44171,0.10665,0.186,-0.1011,4,True,True,6.51,,True,0.016788688289954768
7,10,0.43457,0.10261,0.197,-0.0843,4,True,True,6.54,,True,0.01759122875642023
7,11,0.42709,0.09909,0.1716,-0.1055,4,True,True,6.49,,True,0.0186645073757872
7,12,0.41986,0.0962,0.147,-0.1346,4,True,True,6.72,,True,0.01927670924407894
7,13,0.41313,0.09395,0.1364,-0.1598,4,True,True,6.95,,True,0.0188607223343271
7,14,0.40622,0.09224,0.1111,-0.1775,4,True,True,6.91,,True,0.018767050009945194
7,15,0.39899,0.09106,0.0901,-0.1807,4,True,True,6.91,,True,0.017935450286458973
7,16,0.39171,0.09048,0.0764,-0.202,4,True,True,7.22,,True,0.01719105969391372
7,17,0.38465,0.09042,0.0757,-0.2421,4,True,True,7.54,,True,0.017924451510836815
7,18,0.37758,0.09053,0.0754,-0.2619,4,True,True,7.56,,True,0.01795372466408466
7,19,0.37024,0.09063,0.038,-0.2437,4,True,True,7.55,,True,0.01832196027715914
7,20,0.36327,0.09095,-0.0025,-0.2334,4,True,True,7.86,,True,0.017370823744616556
7,21,0.35663,0.0917,-0.0043,-0.2615,4,True,True,8.22,,True,0.01833532118031981
7,22,0.34972,0.09267,0.0066,-0.286,4,True,True,8.29,,True,0.016992176572460212
7,23,0.34241,0.09366,0.0014,-0.2734,4,True,True,8.15,,True,0.013700332191631427
7,24,0.33525,0.0948,0.0045,-0.2679,4,True,True,8.21,,True,0.016518175254116314
7,25,0.32815,0.09625,0.037,-0.3046,4,True,True,8.65,,True,0.015357598439759028
7,26,0.32139,0.09775,0.0692,-0.3383,4,True,True,9.1,,True,0.01477104184684865
7,27,0.31465,0.09902,0.0806,-0.3312,4,True,True,9.11,,True,0.015109689715002789
7,28,0.30759,0.10012,0.082,-0.3303,4,True,True,9.15,,True,0.015480120760655369
7,29,0.30047,0.10119,0.0973,-0.3724,4,True,True,9.64,,True,0.01564460037988249
7,30,0.29351,0.10199,0.1541,-0.4083,4,True,True,10.2,,True,0.016961755325922517
7,31,0.28657,0.10218,0.2229,-0.3967,4,True,True,10.38,,False,nan
7,32,0.27922,0.10171,0.2512,-0.374,4,True,True,10.53,,True,0.013062905187301669
7,33,0.27172,0.10071,0.2258,-0.3857,4,True,True,10.92,,False,nan
7,34,0.2645,0.09928,0.162,-0.3883,4,True,True,11.12,,False,nan
7,35,0.25759,0.09761,0.1174,-0.3431,4,True,True,10.9,,True,0.012487356692552357
7,36,0.25092,0.09622,0.1105,-0.3081,4,True,True,11.26,,True,0.013472803111021385
7,37,0.2444,0.09553,0.0894,-0.3201,4,True,True,11.57,,True,0.011864200818889748
7,38,0.23808,0.09562,0.0337,-0.3752,4,True,True,11.86,,True,0.012379960988032053
7,39,0.23173,0.09625,-0.0007,-0.4283,3,False,True,12.12,tilt,False,nan
7,40,0.22524,0.09713,0.0037,-0.4412,3,False,True,12.75,too_close,False,nan
7,41,0.21895,0.09823,0.0315,-0.449,3,False,True,12.86,too_close,False,nan
7,42,0.21305,0.09958,0.0603,-0.4937,2,False,True,13.31,too_close,False,nan
7,43,0.20693,0.10097,0.0763,-0.5358,2,False,True,14.12,too_close,False,nan
7,44,0.20057,0.10226,0.0976,-0.5348,2,False,True,14.74,too_close,False,nan
7,45,0.19471,0.10355,0.1389,-0.5479,2,False,True,14.95,too_close,False,nan
7,46,0.189,0.10492,0.1842,-0.6047,2,False,True,15.64,too_close,False,nan
7,47,0.18275,0.10612,0.2194,-0.6448,2,False,True,16.75,too_close,False,nan
7,48,0.17627,0.10697,0.2548,-0.6374,2,False,True,17.45,too_close,False,nan
7,49,0.17036,0.10759,0.3066,-0.6547,1,False,True,17.94,too_close,False,nan
7,50,0.16461,0.108,0.3589,-0.6704,1,False,True,18.52,too_close,False,nan
7,51,0.15891,0.10812,0.3967,-0.6749,1,False,True,19.54,too_close,False,nan
7,52,0.15312,0.108,0.3834,-0.6653,1,False,True,19.83,too_close,False,nan
7,53,0.1475,0.10782,0.3501,-0.6823,1,False,True,19.61,too_close,False,nan
7,54,0.14198,0.10782,0.3649,-0.7034,1,False,True,20.36,too_close,False,nan
7,55,0.13647,0.10806,0.4273,-0.7224,1,False,True,21.51,too_close,False,nan
7,56,0.1306,0.10849,0.4679,-0.7593,1,False,True,22.81,too_close,False,nan
7,57,0.12437,0.10907,0.4805,-0.7854,1,False,True,23.61,too_close,False,nan
7,58,0.11888,0.10991,0.5454,-0.8327,1,False,True,25.7,too_close,False,nan
7,59,0.11366,0.11095,0.6622,-0.9305,1,False,True,28.1,too_close,False,nan
7,60,0.10768,0.11184,0.7336,-1.0215,1,False,False,31.32,too_close,False,nan
7,61,0.10133,0.11238,0.7513,-1.0819,1,False,False,31.96,lateral,False,nan
7,62,0.09555,0.11261,0.834,-1.1798,1,False,False,35.18,lateral,False,nan
7,63,0.08996,0.11251,1.0068,-1.3506,1,False,False,44.3,lateral,False,nan
7,64,0.08361,0.11176,1.1386,-1.5302,1,False,False,53.99,lateral,False,nan
7,65,0.07658,0.11016,1.1976,-1.6999,1,False,False,60.68,lateral,False,nan
7,66,0.07,0.10763,1.377,-1.9862,1,False,False,82.33,lateral,False,nan
7,67,0.06354,0.10403,1.7217,-2.3537,0,False,False,144.48,lateral,False,nan
7,68,0.05639,0.09919,1.9197,-2.5456,0,False,False,173.48,lateral,False,nan
7,69,0.04934,0.09308,1.8842,-2.5717,0,False,False,140.17,lateral,False,nan
7,70,0.04253,0.08605,2.0617,-2.8036,0,False,False,161.03,lateral,False,nan
7,71,0.0354,0.07837,2.7496,-3.5168,0,False,False,396.17,lateral,False,nan
7,72,0.02771,0.07,3.8321,-4.7743,0,False,False,1436.15,lateral,False,nan
7,73,0.02013,0.06098,5.8086,-7.5331,0,False,False,1349.28,lateral,False,nan
7,74,0.01303,0.05167,18.6807,-24.8333,0,False,False,5499.16,behind,False,nan
7,75,0.01244,0.04378,19.2355,-23.4224,0,False,False,6790.4,behind,False,nan
8,1,0.50196,0.26869,-0.4605,0.37,4,True,True,5.66,,True,0.03276557935553277
8,2,0.50396,0.27059,-0.5606,0.4246,4,True,True,6.33,,True,0.012142752275381875
8,3,0.50215,0.27218,-0.6631,0.4865,3,False,True,7.14,tilt,False,nan
8,4,0.49843,0.27254,-0.7099,0.5066,2,False,True,7.47,tilt,False,nan
8,5,0.49781,0.27047,-0.6913,0.437,3,False,True,7.19,tilt,False,nan
8,6,0.50112,0.26618,-0.5957,0.3105,4,True,True,6.25,,True,0.01863481163230836
8,7,0.50659,0.26098,-0.5032,0.2213,4,True,True,5.62,,True,0.013027078535474435
8,8,0.51281,0.25596,-0.4679,0.1749,4,True,True,5.57,,True,0.011359069560969813
8,9,0.51874,0.25151,-0.4834,0.1483,4,True,True,5.46,,True,0.01590343755294008
8,10,0.52215,0.24756,-0.4957,0.1208,4,True,True,5.38,,True,0.009165257172788975
8,11,0.52562,0.24393,-0.4554,0.0745,4,True,True,5.36,,True,0.022064323321520998
8,12,0.5314,0.24088,-0.418,0.0303,4,True,True,5.33,,True,0.012983138730667997
8,13,0.53773,0.23869,-0.4233,0.006,4,True,True,5.18,,True,0.029221416238533665
8,14,0.54219,0.2372,-0.4252,-0.019,4,True,True,5.05,,True,0.0262968362866073
8,15,0.54678,0.23633,-0.4032,-0.0614,4,True,True,5.11,,True,0.011644263715991995
8,16,0.55289,0.23619,-0.3969,-0.1011,4,True,True,5.2,,True,0.019101758060733373
8,17,0.55826,0.2367,-0.4245,-0.1223,4,True,True,5.16,,True,0.012371276810396327
8,18,0.56289,0.23754,-0.4452,-0.1094,4,True,True,5.06,,True,0.028129677787431646
8,19,0.56756,0.23839,-0.4292,-0.0449,4,True,True,4.94,,True,0.016532117202170654
8,20,0.57241,0.23928,-0.4225,0.0107,4,True,True,4.86,,True,0.020569440635234887
8,21,0.5776,0.24022,-0.4612,0.0105,4,True,True,4.86,,True,0.02348622448105391
8,22,0.58151,0.24097,-0.4986,-0.0246,4,True,True,5.03,,True,0.028866168466299243
8,23,0.58492,0.24115,-0.4938,-0.0348,4,True,True,4.97,,True,0.025954392311462994
8,24,0.58974,0.24063,-0.4401,-0.0094,4,True,True,4.74,,True,0.030277308337851607
8,25,0.59528,0.23983,-0.3911,-0.0064,4,True,True,4.63,,True,0.0164708164219719
8,26,0.60109,0.23918,-0.3837,-0.0369,4,True,True,4.67,,True,0.028343780842774703
8,27,0.60584,0.23873,-0.405,-0.0495,4,True,True,4.63,,True,0.023625416034322444
8,28,0.60933,0.23829,-0.4122,-0.0213,4,True,True,4.54,,True,0.03328339381551218
8,29,0.6132,0.23777,-0.3758,0.0344,4,True,True,4.48,,True,0.011222006586523742
8,30,0.61679,0.23741,-0.3446,0.0747,4,True,True,4.57,,True,0.01590779062832781
8,31,0.6189,0.23752,-0.3498,0.0852,4,True,True,4.67,,True,0.015573224316875942
8,32,0.62067,0.2382,-0.3756,0.0743,4,True,True,4.61,,True,0.01814232760530221
8,33,0.6238,0.23935,-0.3848,0.0222,4,True,True,4.44,,True,0.02663280705131355
8,34,0.62822,0.24081,-0.3536,-0.0413,4,True,True,4.37,,True,0.029610559414037278
8,35,0.63327,0.24276,-0.3282,-0.0768,4,True,True,4.34,,True,0.022477293723064447
8,36,0.63788,0.24536,-0.345,-0.1106,4,True,True,4.24,,True,0.03873039061800133
8,37,0.64136,0.24841,-0.396,-0.1432,4,True,True,4.33,,True,0.02425827794040954
8,38,0.64308,0.25149,-0.44,-0.1917,4,True,True,4.5,,True,0.01603983601653524
8,39,0.64439,0.25408,-0.4471,-0.2254,4,True,True,4.56,,True,0.03235210042045805
8,40,0.64722,0.25587,-0.4157,-0.1974,4,True,True,4.46,,True,0.029879177069755933
8,41,0.65195,0.25711,-0.3883,-0.1585,4,True,True,4.39,,True,0.030564747022493843
8,42,0.65704,0.2582,-0.3982,-0.1611,4,True,True,4.34,,True,0.038085843586836254
8,43,0.66068,0.25913,-0.4074,-0.1989,4,True,True,4.37,,True,0.027432950034884024
8,44,0.66378,0.2597,-0.3841,-0.214,4,True,True,4.42,,True,0.02862166414513434
8,45,0.66842,0.25998,-0.3625,-0.1929,4,True,True,4.36,,True,0.04630851757713489
8,46,0.67384,0.26022,-0.3699,-0.1523,4,True,True,4.18,,True,0.027287467507460503
8,47,0.67708,0.26047,-0.3868,-0.114,4,True,True,4.04,,True,0.02869306191250438
8,48,0.67942,0.26065,-0.3781,-0.0958,4,True,True,4.04,,True,0.030404957778770274
8,49,0.68371,0.26085,-0.375,-0.1076,4,True,True,4.08,,True,0.04096420332176359
8,50,0.68816,0.26106,-0.4069,-0.1267,4,True,True,4.06,,True,0.03031607129622684
8,51,0.6902,0.26106,-0.4365,-0.1155,4,True,True,4.26,,True,0.031443725390598656
8,52,0.69101,0.26058,-0.4316,-0.0955,4,True,True,4.21,,True,0.022925269247181555
8,53,0.69333,0.25953,-0.3831,-0.1075,4,True,True,3.97,,True,0.026220284940410798
8,54,0.69794,0.25825,-0.3357,-0.1269,4,True,True,3.86,,True,0.028024290419449684
8,55,0.70335,0.25713,-0.3279,-0.1113,4,True,True,3.8,,True,0.020234818311342422
8,56,0.70793,0.25628,-0.3637,-0.0494,4,True,True,3.86,,True,0.025457252206480523
8,57,0.71004,0.25552,-0.3996,0.0446,4,True,True,4.0,,True,0.03723360326726205
8,58,0.70855,0.2547,-0.4074,0.1237,4,True,True,4.15,,True,0.014714674538050141
8,59,0.70375,0.25387,-0.3837,0.1666,4,True,True,4.27,,True,0.023024303913355117
8,60,0.69723,0.2533,-0.3601,0.1841,4,True,True,4.24,,True,0.024721809246895536
8,61,0.69225,0.2535,-0.3785,0.1563,4,True,True,4.27,,True,0.028811553313185925
8,62,0.68919,0.25451,-0.3979,0.0711,4,True,True,4.36,,True,0.019836607617733305
8,63,0.6873,0.25615,-0.3723,-0.0497,4,True,True,4.23,,True,0.04941345164245924
8,64,0.68695,0.25845,-0.3568,-0.1503,4,True,True,4.02,,True,0.027617746476042187
8,65,0.68807,0.26125,-0.3829,-0.2174,4,True,True,4.13,,True,0.037031883019163825
8,66,0.68798,0.26422,-0.4039,-0.3006,4,True,True,4.27,,True,0.03534996974271764
8,67,0.68618,0.26688,-0.3928,-0.3723,4,True,True,4.36,,True,0.03011114372005674
8,68,0.68498,0.26872,-0.3584,-0.3826,4,True,True,4.38,,True,0.029363834327585124
8,69,0.68654,0.26966,-0.3274,-0.3499,4,True,True,4.29,,True,0.028414661360568697
8,70,0.68871,0.27011,-0.3228,-0.3354,4,True,True,4.14,,True,0.022978823926791594
8,71,0.68839,0.2703,-0.3205,-0.3555,4,True,True,4.13,,True,0.043206324163709474
8,72,0.687,0.27007,-0.3008,-0.3529,4,True,True,4.14,,True,0.03800842962563743
8,73,0.68781,0.26937,-0.286,-0.3097,4,True,True,4.06,,True,0.0295788197494331
8,74,0.68941,0.26854,-0.2988,-0.2837,4,True,True,3.96,,True,0.024606502720927105
8,75,0.68849,0.26766,-0.314,-0.2928,4,True,True,4.11,,True,0.027885515758928555
8,76,0.68625,0.26658,-0.3045,-0.2815,4,True,True,4.06,,True,0.022813612005125303
8,77,0.68586,0.26534,-0.3083,-0.2204,4,True,True,3.92,,True,0.027457420367315362
8,78,0.68697,0.26423,-0.3517,-0.1701,4,True,True,4.02,,True,0.03641728835322388
8,79,0.68663,0.26319,-0.3924,-0.1674,4,True,True,4.12,,True,0.0349004086559476
8,80,0.68474,0.26196,-0.3991,-0.1946,4,True,True,4.14,,True,0.02486851506943459
8,81,0.68254,0.26033,-0.3692,-0.2057,4,True,True,4.17,,True,0.046674438762322086
8,82,0.68195,0.25835,-0.3389,-0.1861,4,True,True,4.08,,True,0.04457403618092637
8,83,0.68153,0.2563,-0.3407,-0.1857,4,True,True,4.1,,True,0.03170976132396372
8,84,0.6791,0.25426,-0.3413,-0.2194,4,True,True,4.26,,True,0.02761871213200804
8,85,0.67579,0.25206,-0.3124,-0.234,4,True,True,4.19,,True,0.03553334056406652
8,86,0.67349,0.24976,-0.2987,-0.1966,4,True,True,3.99,,True,0.013617710936877803
8,87,0.67344,0.24764,-0.3275,-0.169,4,True,True,4.17,,True,0.03451616841688311
8,88,0.67367,0.24565,-0.3523,-0.1912,4,True,True,4.27,,True,0.016608414753539365
8,89,0.67275,0.24349,-0.3318,-0.2175,4,True,True,4.12,,True,0.041988690902694005
8,90,0.67045,0.24111,-0.2977,-0.2058,4,True,True,4.19,,True,0.014587329608397705
8,91,0.66588,0.23875,-0.2939,-0.1872,4,True,True,4.23,,True,0.038699973038014104
8,92,0.65994,0.23653,-0.3056,-0.192,4,True,True,4.12,,True,0.034348624210863876
8,93,0.65496,0.23442,-0.2837,-0.1898,4,True,True,4.2,,True,0.01821065479475506
8,94,0.65182,0.23255,-0.2562,-0.1831,4,True,True,4.09,,True,0.0242419727269784
8,95,0.64861,0.23112,-0.2671,-0.1969,4,True,True,4.12,,True,0.028540927991986233
8,96,0.64518,0.23002,-0.2891,-0.2176,4,True,True,4.32,,True,0.030314179978392464
8,97,0.64286,0.22903,-0.2741,-0.2166,4,True,True,4.38,,True,0.035117634981859
8,98,0.64252,0.22823,-0.2514,-0.1872,4,True,True,4.19,,True,0.026809011835343878
8,99,0.64138,0.22782,-0.2636,-0.1592,4,True,True,4.18,,True,0.02675163368827928
8,100,0.63766,0.22781,-0.3147,-0.1543,4,True,True,4.29,,True,0.02888863182147878
8,101,0.63316,0.228,-0.3606,-0.1857,4,True,True,4.45,,True,0.028936861084750295
8,102,0.6287,0.22793,-0.3591,-0.2226,4,True,True,4.55,,True,0.02289203858852548
8,103,0.6238,0.22745,-0.3246,-0.2187,4,True,True,4.63,,True,0.02743754836023581
8,104,0.61797,0.22677,-0.3089,-0.2066,4,True,True,4.59,,True,0.014197454663087881
8,105,0.61253,0.22609,-0.3389,-0.2243,4,True,True,4.53,,True,0.024999257917766318
8,106,0.60765,0.22521,-0.36,-0.241,4,True,True,4.75,,True,0.01995610157086832
8,107,0.60283,0.22388,-0.3257,-0.2289,4,True,True,4.58,,True,0.030940363132534288
8,108,0.59736,0.22235,-0.2938,-0.217,4,True,True,4.58,,True,0.03000885893694902
8,109,0.59178,0.22092,-0.3093,-0.23,4,True,True,4.65,,True,0.02572437070198989
8,110,0.58707,0.21951,-0.3342,-0.2387,4,True,True,4.85,,True,0.014369538771547667
8,111,0.58269,0.2179,-0.3187,-0.219,4,True,True,4.69,,True,0.027285479950412753
8,112,0.57717,0.21623,-0.3051,-0.1994,4,True,True,4.8,,True,0.025850725361110365
8,113,0.57072,0.21469,-0.3369,-0.2037,4,True,True,4.85,,True,0.026959287583616376
8,114,0.56463,0.21313,-0.363,-0.2339,4,True,True,5.02,,True,0.01994015032025237
8,115,0.55892,0.21122,-0.3366,-0.2599,4,True,True,5.03,,True,0.020508023469272267
8,116,0.55335,0.20895,-0.3135,-0.2435,4,True,True,5.16,,True,0.021682965336212032
8,117,0.54705,0.20656,-0.3382,-0.2184,4,True,True,5.24,,True,0.0252710791051393
8,118,0.54005,0.20407,-0.362,-0.2229,4,True,True,5.21,,True,0.024434685867783003
8,119,0.53355,0.20127,-0.337,-0.226,4,True,True,5.18,,True,0.022518372758482993
8,120,0.52757,0.19827,-0.3073,-0.2018,4,True,True,5.28,,True,0.018187823364828826
8,121,0.52092,0.19539,-0.3185,-0.1798,4,True,True,5.41,,True,0.027337408627674215
8,122,0.5136,0.1927,-0.3311,-0.1816,4,True,True,5.35,,True,0.016053996583221604
8,123,0.50774,0.19014,-0.302,-0.1987,4,True,True,5.49,,True,0.027198732605139248
8,124,0.5053,0.18785,-0.2686,-0.2048,4,True,True,5.36,,True,0.025498635307207217
8,125,0.50391,0.18599,-0.2735,-0.2125,4,True,True,5.32,,True,0.011267538039693903
8,126,0.50294,0.18447,-0.327,-0.2361,4,True,True,5.68,,True,0.014600720397189614
8,127,0.50035,0.18289,-0.3818,-0.2508,4,True,True,6.08,,True,0.01866869570972118
8,128,0.49508,0.18083,-0.3894,-0.2411,4,True,True,6.08,,True,0.0180374784313186
8,129,0.48843,0.17812,-0.355,-0.2367,4,True,True,5.88,,True,0.019000410678599505
8,130,0.48183,0.17493,-0.3348,-0.2406,4,True,True,5.92,,True,0.015202827265829
8,131,0.47619,0.17137,-0.3533,-0.2251,4,True,True,6.06,,True,0.012885231172062268
8,132,0.46991,0.16745,-0.3598,-0.1953,4,True,True,6.04,,True,0.020513748591280287
8,133,0.4624,0.16322,-0.3296,-0.176,4,True,True,6.18,,True,0.027677575253369183
8,134,0.45511,0.15888,-0.3127,-0.1803,4,True,True,6.08,,True,0.009510115926399632
8,135,0.44859,0.15456,-0.3318,-0.1832,4,True,True,6.25,,True,0.013677086860680544
8,136,0.44169,0.1501,-0.3364,-0.1621,4,True,True,6.44,,True,0.013921296828575676
8,137,0.43396,0.14548,-0.3023,-0.1426,4,True,True,6.57,,True,0.005478290511397823
8,138,0.42676,0.14097,-0.2801,-0.1481,4,True,True,6.45,,True,0.012186461674884502
8,139,0.42046,0.13673,-0.2942,-0.152,4,True,True,6.56,,True,0.017180229722427356
8,140,0.41374,0.1326,-0.2961,-0.1312,4,True,True,6.75,,True,0.010426322427748328
8,141,0.40612,0.12858,-0.2607,-0.1129,4,True,True,6.89,,True,0.011086875229615285
8,142,0.39961,0.125,-0.2371,-0.1216,4,True,True,6.73,,True,0.012240050959502646
8,143,0.39431,0.12206,-0.2508,-0.1292,4,True,True,6.98,,True,0.012684323284375737
8,144,0.38838,0.11953,-0.2951,-0.1143,4,True,True,7.11,,True,0.008921833138268859
8,145,0.38121,0.1171,-0.3353,-0.1043,4,True,True,7.44,,True,0.012549086982974966
8,146,0.37345,0.11446,-0.34,-0.1178,4,True,True,7.79,,True,0.009089130189247617
8,147,0.3662,0.11146,-0.3091,-0.1264,4,True,True,8.05,,True,0.009497904471882899
8,148,0.36111,0.10826,-0.2818,-0.1086,4,True,True,7.88,,True,0.01045855357899407
8,149,0.35577,0.10515,-0.2908,-0.0912,4,True,True,7.85,,True,0.009213751027252057
8,150,0.34864,0.10212,-0.2974,-0.0966,4,True,True,8.2,,True,0.007284210080590381
8,151,0.34161,0.0991,-0.2783,-0.0973,4,True,True,8.38,,True,0.00916579213176008
8,152,0.33535,0.09621,-0.27,-0.0723,4,True,True,8.19,,True,0.00550822369897745
8,153,0.3285,0.09356,-0.2988,-0.0493,4,True,True,8.75,,True,0.007991941638524434
8,154,0.32066,0.09099,-0.3236,-0.0501,4,True,True,9.0,,True,0.00709734001800697
8,155,0.31311,0.08824,-0.3062,-0.0413,4,True,True,8.95,,True,0.007536141892043792
8,156,0.30684,0.08538,-0.2906,-0.0184,4,True,True,9.17,,True,0.010840532787441952
8,157,0.30031,0.08257,-0.312,-0.0084,4,True,True,9.55,,True,0.005172733176329547
8,158,0.2927,0.07967,-0.3261,-0.0215,4,True,True,9.95,,True,0.011915564340070024
8,159,0.28531,0.07646,-0.2955,-0.0302,4,True,True,10.39,,True,0.008441546974569919
8,160,0.27934,0.07312,-0.2652,-0.0125,4,True,True,10.29,,True,0.006295961426166927
8,161,0.27309,0.06996,-0.2716,0.0036,4,True,True,10.35,,True,0.00855713295377318
8,162,0.26565,0.06694,-0.2713,-0.0051,4,True,True,10.86,,True,0.005756872585814765
8,163,0.25837,0.06407,-0.231,-0.0079,4,True,True,11.09,,True,0.009917750236103579
8,164,0.25219,0.06176,-0.196,0.0197,4,True,True,10.99,,True,0.011139858388047107
8,165,0.24573,0.06031,-0.1995,0.0484,4,True,True,11.64,,True,0.008816285957960728
8,166,0.23839,0.0597,-0.2387,0.0542,4,True,True,12.11,,True,0.008636255177197545
8,167,0.23073,0.0597,-0.2718,0.0763,4,True,True,12.53,,True,0.009806699540214965
8,168,0.22302,0.06008,-0.2642,0.1362,4,True,True,13.2,,True,0.010850488040761237
8,169,0.21566,0.0608,-0.2651,0.1826,4,True,True,13.58,,True,0.008770872454633516
8,170,0.20823,0.06176,-0.2802,0.2281,4,True,True,14.13,,True,0.008923334722493627
8,171,0.20042,0.06277,-0.2613,0.2727,4,True,True,14.82,,False,nan
8,172,0.19337,0.06371,-0.2359,0.3353,2,False,True,15.67,tilt,False,nan
8,173,0.18636,0.06448,-0.2504,0.3972,2,False,True,16.93,too_close,False,nan
8,174,0.1786,0.06473,-0.2753,0.4559,1,False,True,18.62,too_close,False,nan
8,175,0.17046,0.06405,-0.2541,0.5042,1,False,True,20.1,too_close,False,nan
8,176,0.16229,0.06223,-0.2103,0.5096,1,False,True,20.7,too_close,False,nan
8,177,0.15424,0.05937,-0.2043,0.4835,1,False,True,21.03,too_close,False,nan
8,178,0.14627,0.05571,-0.2099,0.4658,1,False,True,22.01,too_close,False,nan
8,179,0.13809,0.05143,-0.1664,0.4374,1,False,True,22.6,too_close,False,nan
8,180,0.12979,0.04686,-0.1018,0.371,1,False,True,23.37,too_close,False,nan
8,181,0.1219,0.04266,-0.0556,0.3115,0,False,True,25.45,too_close,False,nan
8,182,0.11408,0.03949,0.0015,0.2983,0,False,True,27.83,too_close,False,nan
8,183,0.10611,0.03767,0.0616,0.3217,0,False,True,30.25,too_close,False,nan
8,184,0.0981,0.03712,0.1018,0.3832,0,False,True,31.92,too_close,False,nan
8,185,0.09011,0.03747,0.1542,0.4504,0,False,True,35.55,too_close,False,nan
8,186,0.08209,0.03841,0.2413,0.492,0,False,True,38.88,too_close,False,nan
8,187,0.07396,0.03985,0.3911,0.5048,0,False,True,47.6,too_close,False,nan
8,188,0.06585,0.04171,0.5867,0.5322,0,False,True,66.19,too_close,False,nan
8,189,0.05771,0.04376,0.7776,0.6416,0,False,True,87.13,too_close,False,nan
8,190,0.04961,0.04571,0.9458,0.8953,0,False,True,93.72,too_close,False,nan
8,191,0.04212,0.04732,1.1893,1.2614,0,False,False,110.71,lateral,False,nan
8,192,0.03479,0.04848,1.7105,1.7571,0,False,False,194.37,lateral,False,nan
8,193,0.02705,0.04914,2.8554,2.9801,0,False,False,4941.71,lateral,False,nan
8,194,0.01925,0.04922,7.7833,9.5746,0,False,False,382.43,lateral,False,nan
8,195,0.01326,0.04885,11.5551,16.4841,0,False,False,1198.98,behind,False,nan
9,1,0.4975,0.18,0.1802,0.3494,4,True,True,5.62,,True,0.011425513507789337
9,2,0.49216,0.18089,0.2346,0.4103,4,True,True,5.94,,True,0.014532668624705678
9,3,0.48565,0.18108,0.2775,0.4742,4,True,True,6.31,,True,0.0156219122094262
9,4,0.47864,0.17998,0.2876,0.4873,4,True,True,6.47,,True,0.016214783602773227
9,5,0.47142,0.17737,0.2737,0.4419,4,True,True,6.45,,True,0.013419480339046946
9,6,0.46418,0.17354,0.2628,0.406,4,True,True,6.59,,True,0.007999167499632235
9,7,0.45692,0.16879,0.2728,0.4272,4,True,True,6.76,,True,0.013608783547201053
9,8,0.44953,0.163,0.2619,0.4471,4,True,True,6.74,,True,0.016503283288816596
9,9,0.4421,0.15601,0.2158,0.4146,4,True,True,6.64,,True,0.012305214180175245
9,10,0.43475,0.14808,0.1491,0.3779,4,True,True,6.54,,True,0.011277577217037805
9,11,0.42825,0.13958,0.0878,0.3804,4,True,True,6.71,,True,0.010188648925889965
9,12,0.42261,0.13067,0.0483,0.3789,4,True,True,6.74,,True,0.013644217595830923
9,13,0.41669,0.12133,0.0479,0.3352,4,True,True,6.74,,True,0.01185612548835395
9,14,0.40998,0.11171,0.0582,0.279,4,True,True,6.72,,True,0.011824808851725054
9,15,0.40308,0.10206,0.0334,0.2488,4,True,True,6.89,,True,0.009352283186673067
9,16,0.39697,0.0926,0.0051,0.2138,4,True,True,6.94,,True,0.011365906201036094
9,17,0.39065,0.0835,0.0138,0.177,4,True,True,7.22,,True,0.005598777988814924
9,18,0.3834,0.07486,0.0247,0.1727,4,True,True,7.29,,True,0.015831015521361777
9,19,0.3766,0.06665,0.0397,0.1639,4,True,True,7.37,,True,0.004573346118216228
9,20,0.36972,0.05875,0.0472,0.1193,4,True,True,7.64,,True,0.006065101257860022
9,21,0.36238,0.05135,0.0503,0.079,4,True,True,7.83,,True,0.007071501996213642
9,22,0.35495,0.04473,0.0419,0.0739,4,True,True,7.82,,True,0.009277891420861668
9,23,0.34866,0.03901,0.0371,0.0647,4,True,True,8.1,,True,0.01192075417748974
9,24,0.3424,0.0343,0.0644,0.0234,4,True,True,8.18,,True,0.012034882522580373
9,25,0.33512,0.03079,0.0861,-0.0099,4,True,True,8.44,,True,0.009251441566111959
9,26,0.32752,0.02852,0.0708,-0.0076,4,True,True,8.56,,True,0.011303120294818954
9,27,0.32094,0.02756,0.0595,-0.0085,4,True,True,8.76,,True,0.012481257319371043
9,28,0.31447,0.02788,0.0844,-0.0403,4,True,True,8.96,,True,0.0047621523541490265
9,29,0.30731,0.02914,0.1035,-0.0642,4,True,True,9.46,,True,0.008804871989583593
9,30,0.29995,0.03092,0.0823,-0.0527,4,True,True,9.5,,True,0.008525725733570215
9,31,0.29339,0.03321,0.0657,-0.0449,4,True,True,9.56,,True,0.0067112876481397726
9,32,0.28707,0.03612,0.0877,-0.0698,4,True,True,10.0,,True,0.008679407155323685
9,33,0.28006,0.03944,0.1451,-0.0917,4,True,True,10.49,,True,0.004526908536203199
9,34,0.27269,0.04268,0.1924,-0.0834,4,True,True,10.58,,True,0.007077345913228852
9,35,0.26549,0.04557,0.1985,-0.0797,4,True,True,10.77,,True,0.005619870691231765
9,36,0.2586,0.0482,0.2092,-0.1059,4,True,True,11.13,,True,0.008609960950895924
9,37,0.25165,0.05058,0.2119,-0.1279,4,True,True,11.61,,True,0.00845813445822833
9,38,0.24474,0.05272,0.212,-0.1652,4,True,True,11.74,,True,0.005718294256287802
9,39,0.23784,0.05458,0.2074,-0.2004,4,True,True,12.23,,True,0.005672547906822874
9,40,0.23093,0.05611,0.1718,-0.2286,4,True,True,12.53,,True,0.033503234638549644
9,41,0.22409,0.05744,0.1384,-0.2507,4,True,True,12.89,,True,0.0057166482327661045
9,42,0.21723,0.05873,0.131,-0.2423,4,True,True,13.09,,True,0.005498993314564003
9,43,0.21059,0.06017,0.1464,-0.2393,4,True,True,13.81,,True,0.007021383774729382
9,44,0.20382,0.06181,0.1719,-0.2701,4,True,True,14.12,,True,0.005564009531553377
9,45,0.19667,0.06352,0.2054,-0.2994,4,True,True,14.74,,False,nan
9,46,0.18945,0.06507,0.2178,-0.3416,2,False,True,15.63,too_close,False,nan
9,47,0.18225,0.06631,0.239,-0.376,1,False,True,16.73,too_close,False,nan
9,48,0.17504,0.06709,0.2701,-0.3581,1,False,True,17.18,too_close,False,nan
9,49,0.16808,0.06751,0.2641,-0.3411,1,False,True,17.36,too_close,False,nan
9,50,0.16129,0.06788,0.2562,-0.3769,1,False,True,18.28,too_close,False,nan
9,51,0.15431,0.06825,0.2944,-0.4123,1,False,True,19.58,too_close,False,nan
9,52,0.1471,0.06845,0.3452,-0.3945,1,False,True,20.24,too_close,False,nan
9,53,0.13991,0.0685,0.3566,-0.3799,1,False,True,21.16,too_close,False,nan
9,54,0.13284,0.06862,0.3661,-0.4272,1,False,True,22.08,too_close,False,nan
9,55,0.12583,0.06879,0.4256,-0.4782,1,False,True,24.28,too_close,False,nan
9,56,0.11875,0.06875,0.4986,-0.471,1,False,True,26.63,too_close,False,nan
9,57,0.11166,0.06844,0.5262,-0.4683,1,False,True,28.85,too_close,False,nan
9,58,0.10458,0.06801,0.4958,-0.5292,1,False,True,29.54,too_close,False,nan
9,59,0.09725,0.06765,0.4727,-0.5966,0,False,True,30.91,too_close,False,nan
9,60,0.08996,0.06748,0.5247,-0.6735,0,False,True,34.62,too_close,False,nan
9,61,0.08263,0.0674,0.6587,-0.8483,0,False,True,45.19,too_close,False,nan
9,62,0.07536,0.06682,0.7782,-1.0862,0,False,False,65.85,too_close,False,nan
9,63,0.06833,0.06511,0.8214,-1.241,0,False,False,81.51,too_close,False,nan
9,64,0.06129,0.06218,0.8927,-1.2767,0,False,False,87.24,lateral,False,nan
9,65,0.05407,0.05822,0.9652,-1.3292,0,False,False,95.57,lateral,False,nan
9,66,0.04684,0.05344,0.9597,-1.5056,0,False,False,115.96,lateral,False,nan
9,67,0.03976,0.04796,0.9805,-1.7131,0,False,False,151.39,lateral,False,nan
9,68,0.03262,0.04192,1.1534,-1.872,0,False,False,168.72,lateral,False,nan
9,69,0.02542,0.03554,1.4676,-2.2673,0,False,False,243.92,lateral,False,nan
9,70,0.01831,0.02906,2.2034,-3.8973,0,False,False,483.81,lateral,False,nan
9,71,0.01332,0.02301,7.9751,-16.0896,0,False,False,12450.24,behind,False,nan
9,72,0.01304,0.01856,7.4021,-14.6573,0,False,False,3736.84,behind,False,nan
10,1,0.49789,0.27956,0.3164,0.5132,4,True,True,5.7,,True,0.013249764120757181
10,2,0.49294,0.28553,0.3921,0.5951,4,True,True,6.26,,True,0.01676921005113331
10,3,0.48668,0.29078,0.4421,0.6924,3,False,True,6.68,tilt,False,nan
10,4,0.47982,0.29471,0.4435,0.7307,2,False,True,6.81,tilt,False,nan
10,5,0.47262,0.29716,0.4365,0.6925,3,False,True,6.65,tilt,False,nan
10,6,0.46547,0.29835,0.448,0.668,3,False,True,6.67,tilt,False,nan
10,7,0.45822,0.29853,0.4397,0.7094,3,False,True,6.84,tilt,False,nan
10,8,0.4508,0.29765,0.3919,0.7311,2,False,True,6.82,tilt,False,nan
10,9,0.44366,0.29574,0.3705,0.6823,3,False,True,6.63,tilt,False,nan
10,10,0.43692,0.29313,0.3895,0.6514,4,True,True,6.65,,True,0.01135006927972907
10,11,0.4301,0.29007,0.387,0.6856,3,False,True,6.93,tilt,False,nan
10,12,0.42292,0.28648,0.3471,0.7032,2,False,True,7.08,tilt,False,nan
10,13,0.41588,0.28236,0.2895,0.6504,4,True,True,6.76,,True,0.04123227015813117
10,14,0.40964,0.27813,0.2388,0.6132,4,True,True,6.56,,True,0.011428494686710448
10,15,0.40366,0.27422,0.2099,0.6455,4,True,True,6.87,,True,0.009912264464604612
10,16,0.39717,0.27056,0.2124,0.6763,2,False,True,7.24,tilt,False,nan
10,17,0.39032,0.26696,0.2264,0.6487,4,True,True,7.21,,True,0.010723773360781832
10,18,0.38385,0.2635,0.2072,0.6237,4,True,True,7.07,,True,0.011797203522454804
10,19,0.37784,0.26044,0.1782,0.6588,3,False,True,7.31,too_close,False,nan
10,20,0.37151,0.25766,0.1921,0.6941,2,False,True,7.63,too_close,False,nan
10,21,0.36462,0.25494,0.259,0.6741,2,False,True,7.65,too_close,False,nan
10,22,0.35846,0.25223,0.3104,0.6607,2,False,True,7.83,too_close,False,nan
10,23,0.35239,0.24953,0.3045,0.7021,2,False,True,8.05,too_close,False,nan
10,24,0.34569,0.24668,0.2656,0.7308,2,False,True,8.22,too_close,False,nan
10,25,0.33913,0.2436,0.2535,0.6947,2,False,True,8.2,too_close,False,nan
10,26,0.33297,0.24053,0.2775,0.6728,2,False,True,8.48,too_close,False,nan
10,27,0.32655,0.2376,0.2814,0.7143,2,False,True,8.73,too_close,False,nan
10,28,0.31967,0.23465,0.2539,0.7438,2,False,True,8.86,too_close,False,nan
10,29,0.31296,0.23158,0.2547,0.7092,2,False,True,9.03,too_close,False,nan
10,30,0.30674,0.2286,0.2926,0.6904,2,False,True,9.34,too_close,False,nan
10,31,0.3003,0.22579,0.3093,0.7368,2,False,True,9.65,too_close,False,nan
10,32,0.29334,0.22294,0.2929,0.7701,2,False,True,9.81,too_close,False,nan
10,33,0.28652,0.21992,0.2628,0.7314,2,False,True,9.83,too_close,False,nan
10,34,0.28042,0.21704,0.2386,0.7059,2,False,True,9.91,too_close,False,nan
10,35,0.27457,0.21457,0.2347,0.7556,2,False,True,10.12,too_close,False,nan
10,36,0.26811,0.21236,0.2767,0.8089,2,False,True,10.59,too_close,False,nan
10,37,0.26123,0.21008,0.3435,0.7977,2,False,True,11.14,too_close,False,nan
10,38,0.25454,0.20767,0.3701,0.7874,2,False,True,11.51,too_close,False,nan
10,39,0.24803,0.20519,0.3354,0.8378,2,False,True,11.61,too_close,False,nan
10,40,0.24198,0.20257,0.3128,0.8757,2,False,True,12.02,too_close,False,nan
10,41,0.23601,0.19974,0.3599,0.8429,2,False,True,12.17,too_close,False,nan
10,42,0.22994,0.1968,0.4507,0.8345,1,False,True,13.05,too_close,False,nan
10,43,0.22377,0.19368,0.521,0.9041,1,False,True,14.25,too_close,False,nan
10,44,0.2173,0.19003,0.5497,0.9496,1,False,True,15.29,too_close,False,nan
10,45,0.2106,0.1856,0.5507,0.8946,1,False,True,15.05,too_close,False,nan
10,46,0.20416,0.18054,0.5165,0.8432,1,False,True,14.72,too_close,False,nan
10,47,0.19822,0.17518,0.4774,0.8837,1,False,True,15.21,too_close,False,nan
10,48,0.1923,0.16951,0.4828,0.9297,1,False,True,16.41,too_close,False,nan
10,49,0.1863,0.16335,0.5035,0.8891,1,False,True,16.82,too_close,False,nan
10,50,0.18024,0.15675,0.4811,0.834,1,False,True,16.63,too_close,False,nan
10,51,0.17422,0.14998,0.3991,0.8378,1,False,True,16.67,too_close,False,nan
10,52,0.16878,0.14322,0.3298,0.8301,1,False,True,16.86,too_close,False,nan
10,53,0.16332,0.13661,0.3299,0.7569,1,False,True,16.95,too_close,False,nan
10,54,0.15758,0.13043,0.3729,0.7087,1,False,True,18.0,too_close,False,nan
10,55,0.15188,0.12485,0.395,0.7326,1,False,True,19.1,too_close,False,nan
10,56,0.14553,0.11967,0.3587,0.7556,1,False,True,19.95,too_close,False,nan
10,57,0.13893,0.11488,0.2911,0.7366,1,False,True,20.55,too_close,False,nan
10,58,0.13291,0.11077,0.2646,0.7333,1,False,True,21.27,too_close,False,nan
10,59,0.12696,0.10751,0.29,0.8012,1,False,True,22.41,too_close,False,nan
10,60,0.12023,0.10479,0.3364,0.9014,1,False,True,24.69,too_close,False,nan
10,61,0.11292,0.1022,0.385,0.9516,1,False,True,26.97,too_close,False,nan
10,62,0.10565,0.09959,0.4514,0.9397,1,False,True,28.53,too_close,False,nan
10,63,0.0987,0.09708,0.5535,0.9712,1,False,True,32.1,too_close,False,nan
10,64,0.0915,0.09463,0.649,1.1174,1,False,False,37.83,lateral,False,nan
10,65,0.08409,0.09188,0.7106,1.2557,0,False,False,45.03,lateral,False,nan
10,66,0.07688,0.08855,0.8082,1.2843,0,False,False,49.47,lateral,False,nan
10,67,0.06942,0.08473,0.9122,1.3334,0,False,False,56.68,lateral,False,nan
10,68,0.06179,0.08049,0.9614,1.5142,0,False,False,66.02,lateral,False,nan
10,69,0.0548,0.07578,0.9964,1.7361,0,False,False,82.4,lateral,False,nan
10,70,0.04824,0.07055,1.1004,1.8723,0,False,False,95.14,lateral,False,nan
10,71,0.04106,0.06489,1.3489,2.0776,0,False,False,121.51,lateral,False,nan
10,72,0.03323,0.0589,1.5867,2.3536,0,False,False,152.58,lateral,False,nan
10,73,0.02548,0.05282,1.7381,2.7003,0,False,False,452.03,lateral,False,nan
10,74,0.01867,0.04732,2.5023,4.2528,0,False,False,455.99,lateral,False,nan
10,75,0.01299,0.04281,17.3663,34.4044,0,False,False,6968.92,behind,False,nan
11,1,0.49742,0.28854,-0.4441,0.4286,4,True,True,5.69,,True,0.021556032790661026
11,2,0.49186,0.28419,-0.5101,0.4743,4,True,True,6.25,,True,0.014319034934147237
11,3,0.48515,0.27929,-0.5538,0.535,4,True,True,6.61,,True,0.01103356363150168
11,4,0.47817,0.27325,-0.5446,0.5376,4,True,True,6.64,,True,0.011376991745752997
11,5,0.47098,0.26601,-0.5533,0.4729,4,True,True,6.6,,True,0.019119998261788805
11,6,0.46347,0.25776,-0.563,0.4057,4,True,True,6.6,,True,0.014053425430630885
11,7,0.45582,0.24869,-0.5126,0.341,4,True,True,6.43,,True,0.009381338697858916
11,8,0.44807,0.23922,-0.467,0.2846,4,True,True,6.42,,True,0.01842885283442088
11,9,0.44032,0.22982,-0.4767,0.2548,4,True,True,6.45,,True,0.010101231124321527
11,10,0.43283,0.22051,-0.4732,0.2208,4,True,True,6.56,,True,0.01700797346476849
11,11,0.42537,0.21131,-0.4173,0.2058,4,True,True,6.48,,True,0.017044644847972593
11,12,0.41782,0.20252,-0.3714,0.2282,4,True,True,6.43,,True,0.018876865618419718
11,13,0.41017,0.19429,-0.3749,0.2347,4,True,True,6.65,,True,0.005738637811935372
11,14,0.40255,0.18652,-0.3682,0.2034,4,True,True,6.8,,True,0.016784785468259643
11,15,0.39503,0.17925,-0.3592,0.1931,4,True,True,6.85,,True,0.011215356765463948
11,16,0.38743,0.17255,-0.3526,0.2206,4,True,True,7.02,,True,0.010546839964177655
11,17,0.3797,0.16626,-0.3628,0.2297,4,True,True,7.23,,True,0.006590557972056777
11,18,0.37203,0.16023,-0.3632,0.2005,4,True,True,7.42,,True,0.009628167699833079
11,19,0.36456,0.15448,-0.3419,0.1893,4,True,True,7.46,,True,0.006277199791657818
11,20,0.35708,0.14915,-0.3492,0.2146,4,True,True,7.84,,True,0.029526471118010926
11,21,0.34944,0.14406,-0.371,0.2219,4,True,True,7.97,,True,0.0077891994620145795
11,22,0.34195,0.13899,-0.3557,0.1905,4,True,True,8.05,,True,0.03009807313956412
11,23,0.33467,0.13406,-0.3381,0.179,4,True,True,8.44,,True,0.006707491613861701
11,24,0.32727,0.12942,-0.3635,0.2056,4,True,True,8.99,,True,0.03163329077884464
11,25,0.31969,0.12478,-0.3919,0.2139,4,True,True,9.25,,True,0.005538924209832646
11,26,0.31224,0.11985,-0.38,0.1745,4,True,True,9.13,,True,0.0060399212930683805
11,27,0.30529,0.11471,-0.3532,0.1483,4,True,True,9.18,,True,0.007044915741723762
11,28,0.29827,0.10963,-0.349,0.1515,4,True,True,9.62,,True,0.006386309941382894
11,29,0.29084,0.1046,-0.3403,0.1313,4,True,True,10.12,,True,0.0074946378782288865
11,30,0.28334,0.0997,-0.2972,0.105,4,True,True,10.03,,True,0.0060386428437654285
11,31,0.27621,0.09529,-0.2612,0.1222,4,True,True,9.98,,True,0.007248600662524102
11,32,0.26909,0.09154,-0.2604,0.1515,4,True,True,10.54,,True,0.005540007329664871
11,33,0.26161,0.08835,-0.2565,0.1461,4,True,True,11.1,,True,0.004887240972914539
11,34,0.25419,0.0857,-0.2651,0.1367,4,True,True,11.31,,True,0.005133575489448758
11,35,0.24687,0.08359,-0.2971,0.1641,4,True,True,11.5,,True,0.003916338112124244
11,36,0.23939,0.08171,-0.3045,0.1955,4,True,True,11.95,,True,0.005979510165385813
11,37,0.23179,0.07984,-0.317,0.1862,4,True,True,12.47,,True,0.00473460474974789
11,38,0.22418,0.07794,-0.3315,0.1701,4,True,True,12.74,,True,0.0053296298938343475
11,39,0.21682,0.07602,-0.309,0.1935,4,True,True,13.5,,True,0.004306275064754092
11,40,0.20971,0.07415,-0.2863,0.2259,4,True,True,13.81,,True,0.004632316225800116
11,41,0.20242,0.07241,-0.2997,0.2253,4,True,True,14.07,,True,0.0032756856781399318
11,42,0.19488,0.07074,-0.3156,0.2213,3,False,True,14.77,too_close,False,nan
11,43,0.18737,0.06907,-0.3353,0.2257,2,False,True,15.55,too_close,False,nan
11,44,0.17977,0.06735,-0.3392,0.2125,2,False,True,16.33,too_close,False,nan
11,45,0.17217,0.06561,-0.3283,0.2023,2,False,True,17.44,too_close,False,nan
11,46,0.16458,0.06407,-0.3508,0.2204,2,False,True,18.17,too_close,False,nan
11,47,0.15693,0.06264,-0.37,0.2361,1,False,True,19.02,too_close,False,nan
11,48,0.14924,0.0612,-0.3543,0.2709,1,False,True,20.34,too_close,False,nan
11,49,0.14158,0.0598,-0.3553,0.3014,1,False,True,21.95,too_close,False,nan
11,50,0.13395,0.05843,-0.3803,0.3265,1,False,True,23.11,too_close,False,nan
11,51,0.12631,0.057,-0.3702,0.3482,1,False,True,24.02,too_close,False,nan
11,52,0.11865,0.05557,-0.3497,0.3956,1,False,True,26.17,too_close,False,nan
11,53,0.11103,0.05419,-0.3761,0.4976,1,False,True,29.55,too_close,False,nan
11,54,0.10354,0.05244,-0.4142,0.5869,1,False,True,35.72,too_close,False,nan
11,55,0.09593,0.04991,-0.3913,0.6204,1,False,True,39.17,too_close,False,nan
11,56,0.08796,0.04662,-0.2837,0.6055,0,False,True,38.59,too_close,False,nan
11,57,0.07999,0.04309,-0.1807,0.5957,0,False,True,41.39,too_close,False,nan
11,58,0.07208,0.03978,-0.1456,0.6383,0,False,True,46.58,too_close,False,nan
11,59,0.06427,0.03675,-0.1508,0.6879,0,False,True,53.23,too_close,False,nan
11,60,0.05655,0.03385,-0.1233,0.7308,0,False,True,62.04,too_close,False,nan
11,61,0.04885,0.03114,-0.0531,0.8322,0,False,True,79.06,too_close,False,nan
11,62,0.04122,0.02859,-0.0254,0.9698,0,False,True,105.68,too_close,False,nan
11,63,0.03363,0.02614,-0.0634,1.1047,0,False,False,160.85,lateral,False,nan
11,64,0.02602,0.02403,-0.0904,1.4334,0,False,False,590.25,lateral,False,nan
11,65,0.01844,0.02257,-0.1999,2.7145,0,False,False,403.65,lateral,False,nan
11,66,0.0131,0.0218,-2.9594,19.0339,0,False,False,17740.0,behind,False,nan
12,1,0.49766,0.17723,-0.3238,-0.1806,4,True,True,5.64,,True,0.018919827516786815
12,2,0.49218,0.18124,-0.3806,-0.1735,4,True,True,5.96,,True,0.01724330024672409
12,3,0.48511,0.185,-0.4401,-0.1813,4,True,True,6.07,,True,0.00994398945898511
12,4,0.47778,0.18812,-0.4534,-0.1837,4,True,True,6.2,,True,0.01578889551868676
12,5,0.47059,0.19049,-0.4626,-0.2104,4,True,True,6.27,,True,0.016993658828151167
12,6,0.46306,0.19213,-0.4701,-0.275,4,True,True,6.49,,True,0.01791559759625992
12,7,0.45523,0.19282,-0.4564,-0.3149,4,True,True,6.77,,True,0.008911902582462284
12,8,0.44754,0.19249,-0.4494,-0.3195,4,True,True,6.95,,True,0.011193968875794826
12,9,0.43997,0.19122,-0.4724,-0.3528,4,True,True,7.15,,True,0.017111753355024975
12,10,0.43209,0.18886,-0.4929,-0.3801,4,True,True,7.36,,True,0.01084784765131157
12,11,0.42401,0.18516,-0.479,-0.3419,4,True,True,7.41,,True,0.015449589074071002
12,12,0.41624,0.18026,-0.4169,-0.2813,4,True,True,7.11,,True,0.01765811895748252
12,13,0.40868,0.17477,-0.3538,-0.26,4,True,True,6.74,,True,0.012510510310648525
12,14,0.40098,0.16926,-0.3365,-0.2773,4,True,True,6.88,,True,0.01337764958531607
12,15,0.39324,0.16382,-0.3704,-0.2753,4,True,True,7.19,,True,0.012279579186411446
12,16,0.38534,0.15823,-0.395,-0.2328,4,True,True,7.43,,True,0.012982813072548272
12,17,0.37723,0.15242,-0.3705,-0.2045,4,True,True,7.43,,True,0.029392535814200715
12,18,0.36919,0.14658,-0.3549,-0.2092,4,True,True,7.69,,True,0.012737244426823852
12,19,0.36143,0.14083,-0.3604,-0.1937,4,True,True,7.72,,True,0.01045652408969852
12,20,0.3539,0.13515,-0.3358,-0.1397,4,True,True,7.72,,True,0.029816300156315555
12,21,0.34629,0.12982,-0.312,-0.1053,4,True,True,8.05,,True,0.0067774922383092556
12,22,0.33839,0.1251,-0.3303,-0.1073,4,True,True,8.5,,True,0.006393513021193648
12,23,0.33053,0.1209,-0.3479,-0.0923,4,True,True,8.64,,True,0.008762085147849149
12,24,0.32306,0.11703,-0.3227,-0.0424,4,True,True,8.7,,True,0.009850654640619542
12,25,0.31575,0.11372,-0.3019,-0.0129,4,True,True,9.12,,True,0.00871828621984726
12,26,0.30796,0.1112,-0.3216,-0.021,4,True,True,9.65,,True,0.006482306253555887
12,27,0.29998,0.10938,-0.3378,-0.0152,4,True,True,9.86,,True,0.005793966613762603
12,28,0.29245,0.10811,-0.3588,-0.0115,4,True,True,9.89,,True,0.00596986602171242
12,29,0.28515,0.10728,-0.4003,-0.0147,4,True,True,10.33,,True,0.005306100654115607
12,30,0.27761,0.10661,-0.4227,-0.0409,4,True,True,10.89,,True,0.005118159398993382
12,31,0.26974,0.10598,-0.4031,-0.1045,4,True,True,11.06,,True,0.005385577261184776
12,32,0.26208,0.10549,-0.3936,-0.1493,4,True,True,10.93,,True,0.005616751122491435
12,33,0.25498,0.10519,-0.424,-0.1632,4,True,True,11.29,,True,0.006351412287081862
12,34,0.24808,0.10495,-0.4426,-0.2008,3,False,True,11.97,tilt,False,nan
12,35,0.24087,0.10465,-0.4211,-0.2735,4,True,True,12.26,,False,nan
12,36,0.23354,0.10422,-0.4163,-0.3257,3,False,True,12.8,tilt,False,nan
12,37,0.22637,0.10357,-0.4482,-0.3439,2,False,True,13.51,tilt,False,nan
12,38,0.21932,0.10248,-0.4597,-0.3829,1,False,True,14.24,tilt,False,nan
12,39,0.21195,0.10082,-0.4282,-0.4092,1,False,True,14.55,too_close,False,nan
12,40,0.20469,0.09862,-0.4014,-0.4223,1,False,True,14.9,too_close,False,nan
12,41,0.19768,0.09603,-0.3984,-0.4353,1,False,True,15.54,too_close,False,nan
12,42,0.19065,0.09306,-0.3624,-0.4175,1,False,True,15.41,too_close,False,nan
12,43,0.18401,0.08997,-0.2971,-0.3978,1,False,True,15.51,too_close,False,nan
12,44,0.17777,0.08722,-0.2659,-0.4104,2,False,True,15.82,too_close,False,nan
12,45,0.17133,0.08495,-0.2792,-0.4749,2,False,True,17.38,too_close,False,nan
12,46,0.16446,0.08278,-0.2707,-0.5481,1,False,True,18.96,too_close,False,nan
12,47,0.15717,0.08032,-0.237,-0.5694,1,False,True,19.9,too_close,False,nan
12,48,0.14995,0.0775,-0.2429,-0.5338,1,False,True,20.02,too_close,False,nan
12,49,0.14334,0.07451,-0.275,-0.5076,1,False,True,21.34,too_close,False,nan
12,50,0.13687,0.07147,-0.2721,-0.5091,1,False,True,22.02,too_close,False,nan
12,51,0.13024,0.06844,-0.232,-0.5315,1,False,True,22.83,too_close,False,nan
12,52,0.12354,0.06545,-0.2179,-0.5404,1,False,True,24.7,too_close,False,nan
12,53,0.11683,0.06252,-0.2444,-0.5556,0,False,True,27.09,too_close,False,nan
12,54,0.11006,0.0596,-0.2419,-0.5694,0,False,True,28.54,too_close,False,nan
12,55,0.10343,0.05662,-0.1922,-0.5858,0,False,True,29.61,too_close,False,nan
12,56,0.09692,0.05372,-0.1659,-0.5906,0,False,True,31.92,too_close,False,nan
12,57,0.09053,0.05097,-0.1808,-0.6097,0,False,True,34.82,too_close,False,nan
12,58,0.08392,0.04838,-0.1654,-0.6353,0,False,True,37.71,too_close,False,nan
12,59,0.07725,0.04594,-0.106,-0.6702,0,False,True,41.65,too_close,False,nan
12,60,0.07062,0.04371,-0.0743,-0.7695,0,False,True,48.18,too_close,False,nan
12,61,0.06394,0.04143,-0.09,-0.8803,0,False,True,60.59,too_close,False,nan
12,62,0.05709,0.03875,-0.0704,-0.9372,0,False,True,69.32,too_close,False,nan
12,63,0.05033,0.03567,-0.0036,-0.9832,0,False,True,79.01,too_close,False,nan
12,64,0.04366,0.03233,0.0228,-1.1076,0,False,False,109.56,lateral,False,nan
12,65,0.03688,0.02867,-0.0017,-1.2706,0,False,False,157.78,lateral,False,nan
12,66,0.03008,0.02459,0.0141,-1.3972,0,False,False,182.41,lateral,False,nan
12,67,0.02355,0.02035,0.0379,-1.6812,0,False,False,343.28,lateral,False,nan
12,68,0.01742,0.01625,-0.0443,-2.8947,0,False,False,5233.09,lateral,False,nan
12,69,0.01284,0.01262,-1.8455,-11.2371,0,False,False,17814.5,behind,False,nan
12,70,0.01345,0.01047,-1.6933,-7.4488,0,False,False,4960.3,behind,False,nan
13,1,0.49751,0.14552,-0.3122,-0.0233,4,True,True,5.65,,True,0.010178970022933474
13,2,0.49182,0.14952,-0.3713,0.0131,4,True,True,6.02,,True,0.013536534696316008
13,3,0.48463,0.15312,-0.4263,0.0574,4,True,True,6.24,,True,0.01473388999056273
13,4,0.47727,0.15596,-0.4392,0.0617,4,True,True,6.33,,True,0.010455086065468418
13,5,0.47007,0.15799,-0.4512,0.0097,4,True,True,6.38,,True,0.022027158069746967
13,6,0.46254,0.15926,-0.452,-0.0723,4,True,True,6.36,,True,0.011686968744430185
13,7,0.45475,0.15975,-0.4362,-0.129,4,True,True,6.69,,True,0.009861649737866903
13,8,0.44699,0.15952,-0.4396,-0.1544,4,True,True,6.96,,True,0.01430616257836892
13,9,0.43934,0.15852,-0.4306,-0.1999,4,True,True,6.98,,True,0.01356166224747098
13,10,0.43168,0.15675,-0.4045,-0.2344,4,True,True,6.93,,True,0.018088779991715827
13,11,0.42405,0.15427,-0.4089,-0.2124,4,True,True,7.13,,True,0.014012292877484558
13,12,0.41636,0.15112,-0.4093,-0.1916,4,True,True,7.3,,True,0.013256679868224213
13,13,0.40871,0.14733,-0.3615,-0.1943,4,True,True,7.06,,True,0.011737564818307194
13,14,0.40132,0.14321,-0.3203,-0.2087,4,True,True,7.02,,True,0.015255901974225966
13,15,0.39394,0.13908,-0.3274,-0.2014,4,True,True,7.27,,True,0.010255134063000382
13,16,0.38613,0.13497,-0.3272,-0.1542,4,True,True,7.41,,True,0.016411071760967497
13,17,0.3781,0.131,-0.3224,-0.1235,4,True,True,7.31,,True,0.013047818605418699
13,18,0.37007,0.12729,-0.3475,-0.0864,4,True,True,7.56,,True,0.02856555585710458
13,19,0.36195,0.12375,-0.3667,0.0004,4,True,True,7.87,,True,0.00849456681948798
13,20,0.354,0.12031,-0.3488,0.0792,4,True,True,8.17,,True,0.00809533048831074
13,21,0.34617,0.1171,-0.3406,0.1039,4,True,True,8.44,,True,0.00541335656229616
13,22,0.33797,0.1142,-0.3705,0.0914,4,True,True,8.95,,True,0.009412443142743502
13,23,0.3298,0.11135,-0.3906,0.0937,4,True,True,9.13,,True,0.006529341195547712
13,24,0.32217,0.10834,-0.3693,0.0834,4,True,True,9.19,,True,0.005271143349688252
13,25,0.31489,0.10532,-0.3564,0.0164,4,True,True,9.28,,True,0.005695781667376023
13,26,0.30747,0.10247,-0.3482,-0.0498,4,True,True,9.54,,True,0.007025072958392869
13,27,0.29999,0.0998,-0.3241,-0.0689,4,True,True,9.5,,True,0.007519833887363716
13,28,0.29297,0.09751,-0.3195,-0.0978,4,True,True,9.57,,True,0.007625560353563046
13,29,0.28598,0.09564,-0.3366,-0.1384,4,True,True,10.16,,True,0.007352361326524718
13,30,0.27862,0.09398,-0.3356,-0.1833,4,True,True,10.62,,True,0.003141150013217063
13,31,0.27117,0.09238,-0.3018,-0.2108,4,True,True,10.49,,True,0.005539041078234386
13,32,0.26427,0.09096,-0.2758,-0.2479,4,True,True,10.83,,True,0.004512079106323484
13,33,0.25738,0.08975,-0.2798,-0.2968,4,True,True,11.42,,True,0.0064638883630505845
13,34,0.24988,0.08849,-0.279,-0.3063,4,True,True,11.77,,True,0.004794020015651526
13,35,0.24241,0.08702,-0.2694,-0.3077,4,True,True,12.04,,True,0.007690871068701099
13,36,0.23518,0.0854,-0.2748,-0.3056,4,True,True,12.39,,True,0.004353919447294853
13,37,0.22794,0.08361,-0.3032,-0.278,4,True,True,12.96,,True,0.0035548624103635346
13,38,0.22049,0.08165,-0.3261,-0.255,3,False,True,13.9,tilt,False,nan
13,39,0.21314,0.07956,-0.3182,-0.2584,4,True,True,14.01,,False,nan
13,40,0.20615,0.07739,-0.3152,-0.3075,3,False,True,14.24,tilt,False,nan
13,41,0.19904,0.075,-0.2938,-0.3656,2,False,True,15.25,tilt,False,nan
13,42,0.19166,0.07216,-0.2743,-0.3781,2,False,True,15.85,too_close,False,nan
13,43,0.18424,0.06884,-0.285,-0.336,1,False,True,16.24,too_close,False,nan
13,44,0.1775,0.0652,-0.2708,-0.2975,1,False,True,16.57,too_close,False,nan
13,45,0.17115,0.06158,-0.2063,-0.3061,1,False,True,17.27,too_close,False,nan
13,46,0.16441,0.05823,-0.1497,-0.3185,2,False,True,18.16,too_close,False,nan
13,47,0.15747,0.05531,-0.1442,-0.339,2,False,True,18.73,too_close,False,nan
13,48,0.15049,0.05269,-0.1526,-0.3564,1,False,True,19.49,too_close,False,nan
13,49,0.14354,0.0502,-0.1211,-0.3353,1,False,True,20.82,too_close,False,nan
13,50,0.13692,0.04804,-0.0939,-0.317,1,False,True,22.15,too_close,False,nan
13,51,0.13051,0.04647,-0.1168,-0.3387,1,False,True,23.09,too_close,False,nan
13,52,0.12411,0.04542,-0.1287,-0.3586,1,False,True,24.53,too_close,False,nan
13,53,0.1178,0.04481,-0.0824,-0.3893,0,False,True,26.11,too_close,False,nan
13,54,0.11111,0.04468,-0.0113,-0.469,0,False,True,28.62,too_close,False,nan
13,55,0.10415,0.04474,0.0274,-0.5496,0,False,True,31.74,too_close,False,nan
13,56,0.09737,0.04461,0.0403,-0.5825,0,False,True,34.18,too_close,False,nan
13,57,0.09063,0.04424,0.093,-0.6177,0,False,True,37.32,too_close,False,nan
13,58,0.08357,0.04371,0.1912,-0.6521,0,False,True,41.61,too_close,False,nan
13,59,0.07656,0.04299,0.2616,-0.6584,0,False,True,44.03,too_close,False,nan
13,60,0.06997,0.04221,0.2948,-0.6803,0,False,True,46.89,too_close,False,nan
13,61,0.06316,0.04151,0.3763,-0.7596,0,False,True,55.53,too_close,False,nan
13,62,0.05573,0.04083,0.5321,-0.8713,0,False,True,71.73,too_close,False,nan
13,63,0.0483,0.03994,0.7423,-0.996,0,False,True,95.08,too_close,False,nan
13,64,0.04122,0.03863,1.0197,-1.1971,0,False,False,162.09,lateral,False,nan
13,65,0.03435,0.03666,1.4317,-1.5612,0,False,False,2986.64,lateral,False,nan
13,66,0.02722,0.03375,2.0993,-2.2484,0,False,False,561.14,lateral,False,nan
13,67,0.02008,0.02975,3.8525,-4.3164,0,False,False,505.49,lateral,False,nan
13,68,0.0143,0.02504,5.0614,-6.3296,0,False,False,3991.23,lateral,False,nan
14,1,0.4975,0.14622,-0.2027,0.2497,4,True,True,5.64,,True,0.024982938453895348
14,2,0.4919,0.1478,-0.2624,0.2977,4,True,True,6.0,,True,0.017758369732882025
14,3,0.48484,0.14879,-0.3067,0.3515,4,True,True,6.24,,True,0.014190083377080793
14,4,0.4777,0.14853,-0.3099,0.3594,4,True,True,6.35,,True,0.014840272880952781
14,5,0.47053,0.14691,-0.3062,0.3124,4,True,True,6.28,,True,0.01541820685665418
14,6,0.46308,0.14424,-0.3153,0.2737,4,True,True,6.3,,True,0.013951554674611523
14,7,0.45555,0.14071,-0.305,0.2835,4,True,True,6.45,,True,0.012521660324526037
14,8,0.44816,0.13631,-0.2714,0.2826,4,True,True,6.6,,True,0.01837519345376011
14,9,0.44079,0.13119,-0.2628,0.2401,4,True,True,6.57,,True,0.010214117515535045
14,10,0.43339,0.12561,-0.251,0.2059,4,True,True,6.51,,True,0.015246989457351671
14,11,0.42588,0.1198,-0.2309,0.2168,4,True,True,6.63,,True,0.005073527429838318
14,12,0.41829,0.11378,-0.2444,0.2215,4,True,True,6.83,,True,0.011732451345991471
14,13,0.41089,0.10738,-0.2607,0.1777,4,True,True,6.92,,True,0.012389229596563373
14,14,0.40361,0.1006,-0.238,0.1377,4,True,True,7.14,,True,0.0165790995413106
14,15,0.39614,0.09368,-0.2108,0.1438,4,True,True,7.21,,True,0.007704595730353733
14,16,0.38856,0.08672,-0.2129,0.1516,4,True,True,7.21,,True,0.023821183591914694
14,17,0.38131,0.07959,-0.212,0.1188,4,True,True,7.43,,True,0.012216160508074256
14,18,0.37408,0.07232,-0.1778,0.0824,4,True,True,7.4,,True,0.02149903229755135
14,19,0.36646,0.0652,-0.1479,0.0849,4,True,True,7.67,,True,0.020391230043409498
14,20,0.35892,0.0584,-0.1511,0.0902,4,True,True,7.75,,True,0.006905048038598551
14,21,0.35195,0.05189,-0.1501,0.0579,4,True,True,7.95,,True,0.018205332421579803
14,22,0.34505,0.04576,-0.1141,0.0245,4,True,True,8.05,,True,0.003061880734351497
14,23,0.3378,0.04045,-0.0801,-0.0107,4,True,True,8.36,,True,0.012665712444884278
14,24,0.33048,0.03649,-0.0836,-0.0358,4,True,True,8.41,,True,0.008179738368448
14,25,0.32357,0.034,-0.0852,-0.0644,4,True,True,8.66,,True,0.008083121369614362
14,26,0.31674,0.0329,-0.048,-0.0899,4,True,True,8.89,,True,0.006716466545603652
14,27,0.30955,0.0332,-0.0147,-0.1057,4,True,True,9.3,,True,0.006899436552318552
14,28,0.3023,0.03472,-0.0222,-0.146,4,True,True,9.44,,True,0.011675255021528913
14,29,0.29497,0.03687,-0.0251,-0.1792,4,True,True,9.79,,True,0.013619855987740707
14,30,0.28759,0.0391,-0.0256,-0.1747,4,True,True,10.04,,True,0.008932712937913312
14,31,0.28021,0.04124,-0.0624,-0.1731,4,True,True,10.51,,True,0.006109341007166974
14,32,0.27283,0.04318,-0.1024,-0.1641,4,True,True,10.65,,True,0.006537937916102083
14,33,0.26588,0.04488,-0.107,-0.1597,4,True,True,10.72,,True,0.006166094168819599
14,34,0.2592,0.04644,-0.1111,-0.1977,4,True,True,11.19,,True,0.005773363646086041
14,35,0.25216,0.04774,-0.1128,-0.2337,4,True,True,11.66,,True,0.006992696023986033
14,36,0.24497,0.04855,-0.1056,-0.2272,4,True,True,11.76,,True,0.008698869073652943
14,37,0.23828,0.04897,-0.1176,-0.2272,4,True,True,12.14,,True,0.007471105422376789
14,38,0.23156,0.04912,-0.1145,-0.2273,4,True,True,12.36,,True,0.00844594526677059
14,39,0.22462,0.04911,-0.0714,-0.2313,4,True,True,12.76,,True,0.00790268811702622
14,40,0.21787,0.04912,-0.0396,-0.2714,4,True,True,13.32,,True,0.006602918664685379
14,41,0.21102,0.049,-0.0409,-0.3085,3,False,True,14.19,tilt,False,nan
14,42,0.20382,0.04847,-0.0226,-0.3058,3,False,True,14.54,tilt,False,nan
14,43,0.19669,0.04752,-0.0065,-0.3037,2,False,True,15.02,tilt,False,nan
14,44,0.18957,0.04626,0.0032,-0.2952,2,False,True,15.61,tilt,False,nan
14,45,0.18265,0.04481,0.0149,-0.2476,3,False,True,16.27,too_close,False,nan
14,46,0.17627,0.04358,0.0034,-0.2069,4,True,True,16.64,,True,0.0031125755508685372
14,47,0.16966,0.043,-0.0024,-0.2093,4,True,True,17.38,,False,nan
14,48,0.16246,0.04325,0.0269,-0.2567,2,False,True,17.84,too_close,False,nan
14,49,0.15505,0.04412,0.1029,-0.3042,2,False,True,19.17,too_close,False,nan
14,50,0.14795,0.04521,0.1919,-0.3085,1,False,True,20.06,too_close,False,nan
14,51,0.14118,0.04629,0.2442,-0.315,1,False,True,21.8,too_close,False,nan
14,52,0.13427,0.04722,0.243,-0.3223,1,False,True,22.34,too_close,False,nan
14,53,0.12782,0.04808,0.2464,-0.3333,1,False,True,23.21,too_close,False,nan
14,54,0.12129,0.049,0.3046,-0.347,1,False,True,25.37,too_close,False,nan
14,55,0.11439,0.04989,0.3599,-0.3659,1,False,True,27.86,too_close,False,nan
14,56,0.10743,0.05063,0.4061,-0.3882,1,False,True,29.5,too_close,False,nan
14,57,0.10087,0.05116,0.4455,-0.4197,1,False,True,31.5,too_close,False,nan
14,58,0.09426,0.05142,0.5125,-0.4849,0,False,True,36.6,too_close,False,nan
14,59,0.08718,0.05121,0.5739,-0.5498,0,False,True,42.71,too_close,False,nan
14,60,0.08015,0.05026,0.6084,-0.5901,0,False,True,46.61,too_close,False,nan
14,61,0.07375,0.04859,0.6256,-0.6353,0,False,True,51.29,too_close,False,nan
14,62,0.06743,0.04629,0.6666,-0.6536,0,False,True,56.82,too_close,False,nan
14,63,0.06094,0.04344,0.7048,-0.6802,0,False,True,64.19,too_close,False,nan
14,64,0.05441,0.04009,0.7231,-0.7335,0,False,True,73.08,too_close,False,nan
14,65,0.04793,0.03632,0.7304,-0.7599,0,False,True,78.99,too_close,False,nan
14,66,0.04163,0.0323,0.7714,-0.7968,0,False,True,93.0,too_close,False,nan
14,67,0.03515,0.02817,0.9037,-0.8853,0,False,True,125.27,too_close,False,nan
14,68,0.02848,0.02388,1.0429,-1.0039,0,False,False,206.56,lateral,False,nan
14,69,0.02194,0.01956,1.2137,-1.2552,0,False,False,506.38,lateral,False,nan
14,70,0.016,0.01563,2.1039,-2.3691,0,False,False,807.6,lateral,False,nan
14,71,0.0132,0.01263,6.5198,-7.5021,0,False,False,3684.35,behind,False,nan
15,1,0.4975,0.23201,-0.3339,-0.3409,4,True,True,5.63,,True,0.023074882735720455
15,2,0.49182,0.23184,-0.3878,-0.2965,4,True,True,5.93,,True,0.020526242438588107
15,3,0.48471,0.23187,-0.4494,-0.2458,4,True,True,6.1,,True,0.02068587693883305
15,4,0.47737,0.23201,-0.4712,-0.2325,4,True,True,6.18,,True,0.021379576858697062
15,5,0.47012,0.23215,-0.4891,-0.279,4,True,True,6.32,,True,0.019818537600393715
15,6,0.46262,0.23204,-0.5012,-0.3236,4,True,True,6.47,,True,0.018975440211796087
15,7,0.45496,0.23139,-0.4775,-0.3082,4,True,True,6.4,,True,0.01560249109955931
15,8,0.44792,0.23034,-0.4597,-0.3056,4,True,True,6.5,,True,0.015332925590871675
15,9,0.44104,0.22908,-0.4786,-0.3634,4,True,True,6.75,,True,0.01960164962709382
15,10,0.43356,0.22737,-0.4954,-0.4132,4,True,True,7.01,,True,0.021910510465330532
15,11,0.42577,0.22491,-0.4796,-0.3988,4,True,True,7.13,,True,0.01725141799048165
15,12,0.4184,0.22175,-0.4699,-0.3961,4,True,True,7.29,,True,0.01629788014315257
15,13,0.41109,0.21804,-0.469,-0.4128,4,True,True,7.31,,True,0.018058379681645798
15,14,0.40329,0.21375,-0.4471,-0.4046,4,True,True,7.17,,True,0.01594493207860687
15,15,0.39541,0.20903,-0.3989,-0.3505,4,True,True,7.01,,True,0.01712600698016309
15,16,0.38817,0.20434,-0.3607,-0.3103,4,True,True,6.94,,True,0.016324656353904312
15,17,0.3811,0.20016,-0.358,-0.3325,4,True,True,7.03,,True,0.016678017862295336
15,18,0.37357,0.19646,-0.3631,-0.3519,4,True,True,7.37,,True,0.01613440553775779
15,19,0.36584,0.1931,-0.3477,-0.3172,4,True,True,7.33,,True,0.01660505195982024
15,20,0.35858,0.19035,-0.3406,-0.2951,4,True,True,7.42,,True,0.015230851933619166
15,21,0.35139,0.18841,-0.3688,-0.3347,4,True,True,7.92,,True,0.01399434780170851
15,22,0.34374,0.18699,-0.397,-0.3734,4,True,True,8.48,,True,0.015980385365973546
15,23,0.33589,0.18578,-0.397,-0.3563,4,True,True,8.55,,True,0.014439827440600374
15,24,0.32842,0.18489,-0.4114,-0.3403,4,True,True,8.51,,True,0.014205298026519406
15,25,0.32121,0.18443,-0.4685,-0.383,4,True,True,8.92,,True,0.013321835668772122
15,26,0.31385,0.18401,-0.5052,-0.4434,4,True,True,9.69,,True,0.015526741588148275
15,27,0.3062,0.18326,-0.4901,-0.4546,4,True,True,10.16,,True,0.013927451106675533
15,28,0.29866,0.18224,-0.4479,-0.4481,4,True,True,9.94,,True,0.01340134695800905
15,29,0.29167,0.18127,-0.4249,-0.4816,4,True,True,9.63,,True,0.012439993268369701
15,30,0.28483,0.18045,-0.4328,-0.5309,2,False,True,9.97,tilt,False,nan
15,31,0.27766,0.17959,-0.4087,-0.5499,2,False,True,10.3,too_close,False,nan
15,32,0.27045,0.17872,-0.3796,-0.5679,2,False,True,10.64,too_close,False,nan
15,33,0.26327,0.17797,-0.4098,-0.6226,2,False,True,10.95,too_close,False,nan
15,34,0.25611,0.17708,-0.4292,-0.6705,2,False,True,11.61,too_close,False,nan
15,35,0.24896,0.17582,-0.3768,-0.6726,2,False,True,11.52,too_close,False,nan
15,36,0.24207,0.17437,-0.3405,-0.6779,2,False,True,11.79,too_close,False,nan
15,37,0.23513,0.17295,-0.3737,-0.6683,2,False,True,11.96,too_close,False,nan
15,38,0.22814,0.17159,-0.4062,-0.6656,2,False,True,12.24,too_close,False,nan
15,39,0.22109,0.17034,-0.3801,-0.6963,2,False,True,12.82,too_close,False,nan
15,40,0.2139,0.16923,-0.3624,-0.6984,2,False,True,13.33,too_close,False,nan
15,41,0.2069,0.16842,-0.4178,-0.6995,1,False,True,13.72,too_close,False,nan
15,42,0.20004,0.16792,-0.4793,-0.7564,1,False,True,14.35,too_close,False,nan
15,43,0.19315,0.16746,-0.466,-0.8144,1,False,True,15.11,too_close,False,nan
15,44,0.1862,0.16693,-0.4494,-0.8111,1,False,True,15.72,too_close,False,nan
15,45,0.17946,0.16652,-0.5126,-0.8082,1,False,True,16.34,too_close,False,nan
15,46,0.17263,0.16631,-0.5862,-0.8692,1,False,True,17.33,too_close,False,nan
15,47,0.16563,0.1661,-0.5747,-0.9316,1,False,True,18.26,too_close,False,nan
15,48,0.1588,0.1658,-0.5698,-1.0028,1,False,False,19.31,too_close,False,nan
15,49,0.15199,0.16542,-0.6533,-1.0658,1,False,False,20.58,lateral,False,nan
15,50,0.14502,0.16479,-0.7367,-1.1468,1,False,False,22.72,lateral,False,nan
15,51,0.13815,0.16374,-0.7082,-1.2188,1,False,False,23.53,lateral,False,nan
15,52,0.13171,0.1623,-0.6375,-1.276,1,False,False,23.89,lateral,False,nan
15,53,0.12596,0.16062,-0.6617,-1.4153,1,False,False,26.68,lateral,False,nan
15,54,0.12069,0.15852,-0.7353,-1.5914,1,False,False,31.56,lateral,False,nan
15,55,0.11513,0.15569,-0.704,-1.6792,1,False,False,33.66,lateral,False,nan
15,56,0.10914,0.15206,-0.6302,-1.6186,1,False,False,31.69,lateral,False,nan
15,57,0.10318,0.14793,-0.6649,-1.5698,1,False,False,31.35,lateral,False,nan
15,58,0.09715,0.14355,-0.7243,-1.6456,1,False,False,34.92,lateral,False,nan
15,59,0.09117,0.13894,-0.6516,-1.6891,1,False,False,35.25,lateral,False,nan
15,60,0.08564,0.13418,-0.5905,-1.7411,0,False,False,36.79,lateral,False,nan
15,61,0.08029,0.12941,-0.6503,-1.7838,0,False,False,39.99,lateral,False,nan
15,62,0.07442,0.12464,-0.7156,-1.8598,0,False,False,44.76,lateral,False,nan
15,63,0.0685,0.1199,-0.7025,-2.111,0,False,False,51.19,lateral,False,nan
15,64,0.06263,0.11502,-0.6843,-2.4115,0,False,False,63.95,lateral,False,nan
15,65,0.05667,0.10983,-0.76,-2.5518,0,False,False,69.73,lateral,False,nan
15,66,0.05053,0.10434,-0.8482,-2.7629,0,False,False,79.06,lateral,False,nan
15,67,0.04433,0.09863,-0.8547,-3.3738,0,False,False,111.24,lateral,False,nan
15,68,0.03759,0.09258,-0.8431,-4.2926,0,False,False,210.3,lateral,False,nan
15,69,0.03032,0.08611,-1.004,-5.1432,0,False,False,1052.24,lateral,False,nan
15,70,0.02359,0.07937,-1.5879,-7.1042,0,False,False,680.46,lateral,False,nan
15,71,0.01726,0.07259,-3.6414,-15.1784,0,False,False,2039.19,lateral,False,nan
15,72,0.01281,0.06626,-10.9124,-38.0205,0,False,False,3363.79,behind,False,nan
16,1,0.49725,0.10823,-0.226,0.0646,4,True,True,5.6,,True,0.012954401487346437
16,2,0.49153,0.10516,-0.2608,0.09,4,True,True,5.83,,True,0.0091203826979835
16,3,0.48566,0.10159,-0.2838,0.1106,4,True,True,5.93,,True,0.011421038167317224
16,4,0.4795,0.09723,-0.2667,0.1096,4,True,True,6.13,,True,0.015575397650279082
16,5,0.47244,0.09214,-0.2571,0.1149,4,True,True,6.17,,True,0.01415276515088143
16,6,0.46561,0.08628,-0.2436,0.1028,4,True,True,6.15,,True,0.01654846138114399
16,7,0.45905,0.07977,-0.1882,0.0544,4,True,True,6.29,,True,0.013474444666016785
16,8,0.45197,0.07314,-0.1349,0.0189,4,True,True,6.28,,True,0.01111909004065036
16,9,0.44435,0.0669,-0.1193,0.0253,4,True,True,6.17,,True,0.01752665706503217
16,10,0.43744,0.06128,-0.1006,0.0255,4,True,True,6.33,,True,0.011580162421054203
16,11,0.43057,0.05638,-0.0882,-0.0155,4,True,True,6.4,,True,0.008737768592667589
16,12,0.42322,0.05234,-0.1135,-0.0518,4,True,True,6.54,,True,0.012632384727811311
16,13,0.41617,0.04891,-0.1371,-0.0485,4,True,True,6.8,,True,0.011718088465945149
16,14,0.40958,0.04578,-0.1253,-0.05,4,True,True,7.01,,True,0.012854964814505212
16,15,0.40261,0.04303,-0.0776,-0.0889,4,True,True,6.97,,True,0.010026144501550942
16,16,0.39501,0.0409,-0.0378,-0.1197,4,True,True,7.09,,True,0.009036829570949138
16,17,0.38711,0.03943,-0.0409,-0.1099,4,True,True,7.32,,True,0.012748530231742251
16,18,0.37961,0.03847,-0.041,-0.103,4,True,True,7.6,,True,0.01082105261280093
16,19,0.37215,0.03795,-0.0016,-0.0916,4,True,True,7.59,,True,0.010774353560935038
16,20,0.36437,0.03802,0.0331,-0.0829,4,True,True,7.65,,True,0.010659944084969116
16,21,0.3564,0.03884,0.0267,-0.0694,4,True,True,7.97,,True,0.012801730358580675
16,22,0.34872,0.04046,-0.0202,-0.0626,4,True,True,8.21,,True,0.00968558132600581
16,23,0.34162,0.04275,-0.0632,-0.0948,4,True,True,8.18,,True,0.00787489716316044
16,24,0.33466,0.04533,-0.0719,-0.124,4,True,True,8.37,,True,0.010319481382669311
16,25,0.32727,0.04796,-0.061,-0.1172,4,True,True,8.51,,True,0.009698852043903076
16,26,0.31968,0.05079,-0.0646,-0.1191,4,True,True,8.75,,True,0.010112639052780521
16,27,0.31217,0.05397,-0.0735,-0.1627,4,True,True,9.12,,True,0.008921478705056789
16,28,0.30469,0.05727,-0.0575,-0.2031,4,True,True,9.59,,True,0.00902010261510599
16,29,0.29698,0.0605,-0.0542,-0.2046,4,True,True,9.7,,True,0.007039234636776856
16,30,0.28947,0.06374,-0.0922,-0.211,4,True,True,9.72,,True,0.00927013249750286
16,31,0.2823,0.06706,-0.1226,-0.2581,4,True,True,10.08,,True,0.007835627337270772
16,32,0.27477,0.07023,-0.1041,-0.3038,4,True,True,10.6,,True,0.008721299174530536
16,33,0.26708,0.07306,-0.0454,-0.3542,4,True,True,11.17,,True,0.007231213631304784
16,34,0.25944,0.07539,-0.0033,-0.3976,4,True,True,11.56,,False,nan
16,35,0.2518,0.07701,0.0037,-0.3979,4,True,True,11.8,,False,nan
16,36,0.24441,0.07797,0.0097,-0.4016,3,False,True,12.16,tilt,False,nan
16,37,0.23723,0.07837,0.0356,-0.4467,2,False,True,12.95,tilt,False,nan
16,38,0.22979,0.07804,0.0405,-0.4864,2,False,True,13.66,tilt,False,nan
16,39,0.22203,0.07671,0.0528,-0.4758,2,False,True,14.0,tilt,False,nan
16,40,0.21427,0.07445,0.0802,-0.4522,2,False,True,14.27,too_close,False,nan
16,41,0.20659,0.07147,0.0659,-0.4084,2,False,True,14.72,too_close,False,nan
16,42,0.19938,0.06814,0.0418,-0.3713,3,False,True,14.75,too_close,False,nan
16,43,0.19233,0.06489,0.0578,-0.331,3,False,True,14.77,too_close,False,nan
16,44,0.1851,0.06211,0.1244,-0.2948,4,True,True,15.65,,False,nan
16,45,0.17762,0.05998,0.1924,-0.2987,2,False,True,16.53,too_close,False,nan
16,46,0.17002,0.05832,0.2128,-0.3019,1,False,True,17.38,too_close,False,nan
16,47,0.16265,0.05696,0.2372,-0.2637,2,False,True,18.74,too_close,False,nan
16,48,0.15562,0.05607,0.2661,-0.2244,2,False,True,20.17,too_close,False,nan
16,49,0.14836,0.05576,0.2997,-0.2337,1,False,True,21.36,too_close,False,nan
16,50,0.14071,0.05588,0.3228,-0.3025,1,False,True,22.17,too_close,False,nan
16,51,0.13323,0.05607,0.3223,-0.3699,1,False,True,23.23,too_close,False,nan
16,52,0.12585,0.05608,0.3507,-0.3867,1,False,True,24.37,too_close,False,nan
16,53,0.11843,0.05587,0.3735,-0.4116,1,False,True,26.16,too_close,False,nan
16,54,0.11096,0.05546,0.3424,-0.4944,1,False,True,28.44,too_close,False,nan
16,55,0.10341,0.05479,0.3207,-0.5756,1,False,True,32.21,too_close,False,nan
16,56,0.09593,0.05373,0.364,-0.5982,0,False,True,34.98,too_close,False,nan
16,57,0.08863,0.05227,0.4066,-0.6241,0,False,True,38.42,too_close,False,nan
16,58,0.08135,0.05041,0.3789,-0.6488,0,False,True,40.53,too_close,False,nan
16,59,0.07419,0.04836,0.3616,-0.6787,0,False,True,43.74,too_close,False,nan
16,60,0.06697,0.04633,0.4364,-0.759,0,False,True,53.11,too_close,False,nan
16,61,0.0595,0.04418,0.5349,-0.8429,0,False,True,65.81,too_close,False,nan
16,62,0.05196,0.04174,0.6293,-0.9027,0,False,True,74.94,too_close,False,nan
16,63,0.04456,0.03907,0.7624,-0.987,0,False,True,87.98,too_close,False,nan
16,64,0.03723,0.03624,0.9731,-1.1502,0,False,False,122.55,lateral,False,nan
16,65,0.02975,0.03327,1.369,-1.4492,0,False,False,202.15,lateral,False,nan
16,66,0.02218,0.03013,2.3752,-2.2176,0,False,False,444.22,lateral,False,nan
16,67,0.01508,0.02691,6.6409,-5.6222,0,False,False,1455.08,lateral,False,nan
16,68,0.01349,0.02435,17.598,-13.4606,0,False,False,2385.12,behind,False,nan
17,1,0.49804,0.24766,0.0362,-0.5288,4,True,True,5.62,,True,0.0197687792993059
17,2,0.49337,0.24679,0.0721,-0.5914,4,True,True,5.89,,True,0.021442110218675564
17,3,0.48701,0.24546,0.0625,-0.6513,4,True,True,6.13,,False,nan
17,4,0.47991,0.24321,0.06,-0.6596,4,True,True,6.25,,False,nan
17,5,0.4726,0.2399,0.109,-0.6358,4,True,True,6.28,,False,nan
17,6,0.46528,0.23562,0.1448,-0.6327,4,True,True,6.43,,False,nan
17,7,0.45765,0.23045,0.118,-0.6221,4,True,True,6.49,,False,nan
17,8,0.4499,0.22441,0.0674,-0.576,4,True,True,6.57,,True,0.01990109003566816
17,9,0.44256,0.21776,0.0532,-0.5446,4,True,True,6.47,,True,0.016517462150280906
17,10,0.43549,0.21074,0.0729,-0.5603,4,True,True,6.58,,True,0.02115635386190873
17,11,0.42815,0.20324,0.065,-0.5719,4,True,True,6.85,,True,0.0119012784082656
17,12,0.42039,0.19509,0.0234,-0.535,4,True,True,7.02,,True,0.018100904574339226
17,13,0.41275,0.18644,-0.0045,-0.5035,4,True,True,6.96,,True,0.016441372180279246
17,14,0.40532,0.17747,-0.0105,-0.4671,4,True,True,6.91,,True,0.014430191010826664
17,15,0.39775,0.16836,-0.0381,-0.435,4,True,True,7.15,,True,0.01388782084824089
17,16,0.39014,0.15929,-0.0542,-0.3951,4,True,True,7.35,,True,0.015136872723927294
17,17,0.38262,0.15044,-0.0174,-0.3599,4,True,True,7.26,,True,0.013634155421454361
17,18,0.37532,0.14201,0.013,-0.3636,4,True,True,7.33,,True,0.01346823266257373
17,19,0.36792,0.13388,-0.0068,-0.3609,4,True,True,7.65,,True,0.01252052254984852
17,20,0.36042,0.12592,-0.0181,-0.3161,4,True,True,7.86,,True,0.011551986357710469
17,21,0.35298,0.11837,-0.0104,-0.2777,4,True,True,7.84,,True,0.012998144366687866
17,22,0.34571,0.11148,-0.0317,-0.2786,4,True,True,8.02,,True,0.012567273424643402
17,23,0.33857,0.10521,-0.0584,-0.2752,4,True,True,8.23,,True,0.012529098761079906
17,24,0.33135,0.09951,-0.044,-0.2345,4,True,True,8.45,,True,0.012849262516848118
17,25,0.32386,0.09462,0.0172,-0.2,4,True,True,8.66,,True,0.008766561897431245
17,26,0.31629,0.09082,0.0737,-0.2035,4,True,True,8.9,,True,0.009814938002234328
17,27,0.30872,0.08802,0.0857,-0.2051,4,True,True,9.14,,True,0.010798660991609619
17,28,0.3012,0.08611,0.1007,-0.212,4,True,True,9.4,,True,0.009049438557367735
17,29,0.29361,0.08496,0.1184,-0.2555,4,True,True,9.59,,True,0.008846570777539843
17,30,0.28601,0.08416,0.1369,-0.2989,4,True,True,10.11,,True,0.008641092408129365
17,31,0.27828,0.08327,0.1353,-0.3088,4,True,True,10.2,,True,0.009933652039065904
17,32,0.27058,0.08221,0.0964,-0.2779,4,True,True,10.37,,True,0.008889064100624145
17,33,0.26354,0.08134,0.0743,-0.2491,4,True,True,10.66,,True,0.00703302003973635
17,34,0.25723,0.08106,0.0909,-0.2625,4,True,True,11.02,,True,0.0075938263992088775
17,35,0.2504,0.08131,0.1346,-0.2828,4,True,True,11.3,,True,0.00889384384002801
17,36,0.24288,0.08185,0.1735,-0.3139,4,True,True,11.76,,True,0.0072496302572993415
17,37,0.2352,0.08244,0.1871,-0.3364,4,True,True,12.44,,True,0.007570639394407041
17,38,0.22802,0.08291,0.1793,-0.3662,4,True,True,13.13,,False,nan
17,39,0.22082,0.08319,0.173,-0.4031,2,False,True,13.45,tilt,False,nan
17,40,0.21335,0.08315,0.161,-0.4,2,False,True,13.6,too_close,False,nan
17,41,0.20618,0.08291,0.1249,-0.3966,3,False,True,14.12,too_close,False,nan
17,42,0.19948,0.08274,0.0941,-0.4402,2,False,True,14.84,too_close,False,nan
17,43,0.19253,0.0826,0.0866,-0.4892,2,False,True,15.43,too_close,False,nan
17,44,0.18521,0.08229,0.1227,-0.4946,2,False,True,16.02,too_close,False,nan
17,45,0.17781,0.08179,0.1883,-0.5,2,False,True,16.79,too_close,False,nan
17,46,0.17027,0.08108,0.2215,-0.496,2,False,True,17.43,too_close,False,nan
17,47,0.1629,0.08021,0.2429,-0.5067,1,False,True,18.27,too_close,False,nan
17,48,0.15563,0.07922,0.311,-0.5164,1,False,True,19.81,too_close,False,nan
17,49,0.14828,0.07802,0.3937,-0.4704,1,False,True,21.39,too_close,False,nan
17,50,0.14109,0.07664,0.4352,-0.4266,1,False,True,23.31,too_close,False,nan
17,51,0.13393,0.07528,0.4206,-0.4385,1,False,True,24.3,too_close,False,nan
17,52,0.12671,0.07406,0.4147,-0.4999,1,False,True,25.07,too_close,False,nan
17,53,0.11943,0.07288,0.4704,-0.5525,1,False,True,26.85,too_close,False,nan
17,54,0.11216,0.07149,0.5043,-0.5615,1,False,True,29.55,too_close,False,nan
17,55,0.10505,0.06993,0.4598,-0.5906,1,False,True,31.29,too_close,False,nan
17,56,0.09776,0.06852,0.3747,-0.6741,0,False,True,31.5,too_close,False,nan
17,57,0.0901,0.06742,0.3304,-0.8244,0,False,True,36.25,too_close,False,nan
17,58,0.08233,0.06642,0.3352,-1.0117,0,False,False,47.54,too_close,False,nan
17,59,0.07476,0.06501,0.3468,-1.1775,0,False,False,60.62,too_close,False,nan
17,60,0.06736,0.06285,0.4122,-1.2741,0,False,False,67.49,lateral,False,nan
17,61,0.05999,0.05989,0.5342,-1.3047,0,False,False,71.1,lateral,False,nan
17,62,0.0527,0.0563,0.6289,-1.376,0,False,False,79.79,lateral,False,nan
17,63,0.04543,0.05225,0.6931,-1.6147,0,False,False,108.62,lateral,False,nan
17,64,0.0382,0.0477,0.8177,-1.9753,0,False,False,175.0,lateral,False,nan
17,65,0.03094,0.04252,1.0265,-2.3155,0,False,False,232.96,lateral,False,nan
17,66,0.02367,0.03688,1.3236,-3.0097,0,False,False,272.69,lateral,False,nan
17,67,0.01652,0.03105,2.8175,-7.2868,0,False,False,2827.75,lateral,False,nan
17,68,0.01283,0.02569,16.372,-44.3526,0,False,False,1767.98,behind,False,nan
17,69,0.01235,0.0216,13.2294,-32.5995,0,False,False,8103.37,behind,False,nan
18,1,0.49936,0.18323,0.0179,-0.3953,4,True,True,5.53,,True,0.016446098138684525
18,2,0.49751,0.18903,0.0024,-0.4699,4,True,True,5.75,,True,0.022189752537936137
18,3,0.49411,0.1943,0.0041,-0.5438,4,True,True,6.02,,True,0.015252312486407387
18,4,0.48975,0.19854,-0.0208,-0.5746,4,True,True,6.16,,True,0.010072806152252027
18,5,0.4852,0.20148,-0.0293,-0.5545,4,True,True,6.1,,True,0.023498087330687697
18,6,0.48213,0.20315,0.0183,-0.5375,4,True,True,6.04,,True,0.014284708685570614
18,7,0.48107,0.20371,0.056,-0.5634,4,True,True,6.31,,True,0.012864171352248365
18,8,0.4789,0.20331,0.0389,-0.5862,4,True,True,6.37,,True,0.013697762614796079
18,9,0.47441,0.20194,0.0041,-0.5688,4,True,True,6.26,,True,0.014055113394722213
18,10,0.46877,0.19958,0.0084,-0.5069,4,True,True,6.14,,True,0.02045319397723884
18,11,0.46542,0.19646,0.0271,-0.4548,4,True,True,6.01,,True,0.015403703962256713
18,12,0.46446,0.19303,0.0081,-0.4474,4,True,True,5.96,,True,0.008269547491696618
18,13,0.4618,0.18949,-0.0251,-0.4419,4,True,True,6.09,,True,0.021983897469049517
18,14,0.45684,0.18588,-0.0212,-0.4011,4,True,True,6.14,,True,0.017044239546111138
18,15,0.45253,0.18249,0.0253,-0.3681,4,True,True,6.02,,True,0.009584746910135647
18,16,0.4502,0.17963,0.0573,-0.3765,4,True,True,6.15,,True,0.022808468990036447
18,17,0.44711,0.17713,0.0759,-0.3882,4,True,True,6.16,,True,0.01568096147793064
18,18,0.44245,0.17484,0.0909,-0.3659,4,True,True,6.19,,True,0.012307767591185808
18,19,0.43767,0.17286,0.1071,-0.3479,4,True,True,6.33,,True,0.015506811890220452
18,20,0.43286,0.17133,0.1448,-0.3739,4,True,True,6.6,,True,0.008238084566470053
18,21,0.42766,0.16999,0.1628,-0.4018,4,True,True,6.63,,True,0.013288056762361028
18,22,0.42176,0.16856,0.1444,-0.3883,4,True,True,6.59,,True,0.015929206457847882
18,23,0.41586,0.16713,0.1465,-0.3757,4,True,True,6.67,,True,0.013636715899395867
18,24,0.41075,0.16582,0.1857,-0.4086,4,True,True,7.01,,True,0.010251482631138984
18,25,0.40604,0.16433,0.2024,-0.4444,4,True,True,7.12,,True,0.009092874309022246
18,26,0.40089,0.16235,0.1797,-0.4349,4,True,True,7.25,,True,0.010257037107992185
18,27,0.39566,0.15995,0.1364,-0.4033,4,True,True,7.11,,True,0.01024759293073596
18,28,0.39086,0.15743,0.0989,-0.4008,4,True,True,7.05,,True,0.011671907102582002
18,29,0.3857,0.15496,0.0821,-0.4026,4,True,True,7.31,,True,0.02805936727055527
18,30,0.38063,0.15256,0.0617,-0.3713,4,True,True,7.45,,True,0.007743148802076209
18,31,0.37659,0.15049,0.0598,-0.3479,4,True,True,7.31,,True,0.009700706751638689
18,32,0.37438,0.14905,0.0942,-0.3692,4,True,True,7.34,,True,0.00890714207195182
18,33,0.37303,0.14799,0.1104,-0.3912,4,True,True,7.59,,True,0.004452056924985682
18,34,0.37129,0.14702,0.0914,-0.372,4,True,True,7.72,,True,0.010390905821727595
18,35,0.3699,0.14629,0.051,-0.3576,4,True,True,7.53,,True,0.008991296532112648
18,36,0.36805,0.14596,0.0141,-0.3872,4,True,True,7.49,,True,0.008461542509165183
18,37,0.364,0.14588,-0.0029,-0.4205,4,True,True,7.79,,True,0.012090412262271557
18,38,0.35826,0.14588,0.0186,-0.4172,4,True,True,7.97,,True,0.012656581036467012
18,39,0.35385,0.14597,0.0522,-0.421,4,True,True,7.82,,True,0.008734737946130696
18,40,0.3503,0.14614,0.0698,-0.4667,4,True,True,8.18,,True,0.006965971328591582
18,41,0.34516,0.14613,0.0908,-0.5147,4,True,True,8.48,,True,0.010139820856401973
18,42,0.33857,0.14562,0.1433,-0.5249,4,True,True,8.76,,True,0.006952320330989884
18,43,0.33189,0.14438,0.2056,-0.4857,4,True,True,8.91,,True,0.008038454306585417
18,44,0.32641,0.14247,0.2261,-0.4491,4,True,True,9.06,,True,0.0053458741173566665
18,45,0.32103,0.14016,0.1942,-0.4581,4,True,True,8.92,,True,0.00386782149821813
18,46,0.31457,0.13756,0.1709,-0.4597,4,True,True,9.06,,True,0.00839807015940566
18,47,0.30767,0.1347,0.2012,-0.4128,4,True,True,9.13,,True,0.006051586326170899
18,48,0.30217,0.13181,0.2221,-0.3719,4,True,True,9.38,,True,0.005364705240127083
18,49,0.2975,0.12915,0.1912,-0.3778,4,True,True,9.5,,True,0.004533977135786062
18,50,0.29182,0.12675,0.1669,-0.4043,4,True,True,9.9,,True,0.0029963463691439238
18,51,0.2853,0.12451,0.1934,-0.4059,4,True,True,10.07,,True,0.0072474832765487005
18,52,0.27995,0.12237,0.2136,-0.4065,4,True,True,10.17,,True,0.00471813957049065
18,53,0.27483,0.12026,0.185,-0.4482,4,True,True,10.51,,True,0.005149518798054504
18,54,0.26859,0.11799,0.1551,-0.4839,3,False,True,10.87,tilt,False,nan
18,55,0.26178,0.11539,0.172,-0.4705,4,True,True,11.01,,False,nan
18,56,0.25563,0.11245,0.1797,-0.4492,4,True,True,11.32,,True,0.004280439813313932
18,57,0.24966,0.10931,0.1344,-0.4643,3,False,True,11.44,tilt,False,nan
18,58,0.24293,0.10603,0.099,-0.4723,2,False,True,11.79,tilt,False,nan
18,59,0.23587,0.10262,0.1203,-0.4318,3,False,True,12.1,too_close,False,nan
18,60,0.22917,0.09927,0.1373,-0.3954,4,True,True,12.61,,False,nan
18,61,0.22255,0.09625,0.1057,-0.4035,3,False,True,12.79,too_close,False,nan
18,62,0.2155,0.09358,0.0807,-0.4219,3,False,True,13.04,too_close,False,nan
18,63,0.20817,0.09124,0.1095,-0.4073,3,False,True,13.66,too_close,False,nan
18,64,0.20121,0.08929,0.1356,-0.398,3,False,True,14.24,too_close,False,nan
18,65,0.19423,0.0878,0.1139,-0.4345,2,False,True,14.55,too_close,False,nan
18,66,0.18691,0.08663,0.1038,-0.4659,2,False,True,15.35,too_close,False,nan
18,67,0.17948,0.08569,0.1534,-0.45,2,False,True,15.92,too_close,False,nan
18,68,0.17242,0.08507,0.2004,-0.4402,2,False,True,16.87,too_close,False,nan
18,69,0.16541,0.08488,0.1972,-0.4809,1,False,True,17.56,too_close,False,nan
18,70,0.15825,0.08498,0.2052,-0.5511,1,False,True,19.0,too_close,False,nan
18,71,0.15091,0.08512,0.2764,-0.5996,1,False,True,20.13,too_close,False,nan
18,72,0.14362,0.08498,0.3345,-0.5989,1,False,True,21.35,too_close,False,nan
18,73,0.13677,0.08457,0.3255,-0.607,1,False,True,22.84,too_close,False,nan
18,74,0.13013,0.08407,0.2974,-0.662,1,False,True,24.02,too_close,False,nan
18,75,0.12304,0.0835,0.3123,-0.7111,1,False,True,24.85,too_close,False,nan
18,76,0.11573,0.0828,0.36,-0.7219,1,False,True,26.24,too_close,False,nan
18,77,0.10922,0.08203,0.3697,-0.7533,1,False,True,28.75,too_close,False,nan
18,78,0.10291,0.08129,0.3441,-0.8401,1,False,True,30.88,too_close,False,nan
18,79,0.09587,0.08051,0.3593,-0.925,0,False,True,33.23,too_close,False,nan
18,80,0.08857,0.07961,0.4082,-0.9683,0,False,True,35.28,too_close,False,nan
18,81,0.08202,0.07863,0.41,-1.0375,0,False,False,39.46,lateral,False,nan
18,82,0.07556,0.0777,0.3815,-1.1884,0,False,False,44.16,lateral,False,nan
18,83,0.06848,0.07671,0.4156,-1.3599,0,False,False,52.17,lateral,False,nan
18,84,0.06124,0.07553,0.4906,-1.4863,0,False,False,56.89,lateral,False,nan
18,85,0.0547,0.07424,0.5075,-1.662,0,False,False,64.52,lateral,False,nan
18,86,0.04842,0.07294,0.5178,-2.0205,0,False,False,84.76,lateral,False,nan
18,87,0.04174,0.07151,0.6715,-2.5245,0,False,False,133.8,lateral,False,nan
18,88,0.03486,0.06983,1.0091,-3.0465,0,False,False,157.71,lateral,False,nan
18,89,0.02862,0.06799,1.612,-4.1336,0,False,False,208.93,lateral,False,nan
18,90,0.02312,0.06601,2.4142,-6.0968,0,False,False,349.25,lateral,False,nan
18,91,0.01775,0.06389,4.205,-10.7542,0,False,False,829.3,lateral,False,nan
18,92,0.01302,0.06195,14.8271,-35.3776,0,False,False,26400.11,behind,False,nan
18,93,0.01338,0.06095,23.3387,-48.5921,0,False,False,23814.85,behind,False,nan
19,1,0.49741,0.14086,0.2735,0.1402,4,True,True,5.64,,True,0.025540562690970315
19,2,0.4919,0.14157,0.3206,0.1929,4,True,True,5.99,,True,0.01830608303785282
19,3,0.48528,0.14181,0.3551,0.2536,4,True,True,6.19,,True,0.020544495681913785
19,4,0.47815,0.14102,0.3473,0.2722,4,True,True,6.28,,True,0.010276876337814959
19,5,0.47079,0.13906,0.3498,0.2767,4,True,True,6.41,,True,0.016016963065483066
19,6,0.46338,0.13589,0.3459,0.2901,4,True,True,6.56,,True,0.017335235585706595
19,7,0.45605,0.13142,0.289,0.2858,4,True,True,6.47,,True,0.01606226325901016
19,8,0.44887,0.12595,0.2354,0.2393,4,True,True,6.3,,True,0.014387532778790223
19,9,0.44189,0.12002,0.2283,0.1901,4,True,True,6.4,,True,0.019050526168892412
19,10,0.43519,0.11394,0.2159,0.1789,4,True,True,6.58,,True,0.023960967458939397
19,11,0.42831,0.10781,0.1627,0.2081,4,True,True,6.53,,True,0.019672631133487647
19,12,0.4215,0.10173,0.1194,0.2267,4,True,True,6.58,,True,0.016041628291855632
19,13,0.41463,0.09577,0.1236,0.2003,4,True,True,6.81,,True,0.013781800161039285
19,14,0.40779,0.08995,0.1366,0.1684,4,True,True,7.04,,True,0.01674166651857415
19,15,0.40088,0.08429,0.1196,0.168,4,True,True,7.04,,True,0.010481231293501727
19,16,0.39388,0.07881,0.1116,0.1587,4,True,True,7.07,,True,0.012399515101590299
19,17,0.38678,0.07351,0.1293,0.1077,4,True,True,7.33,,True,0.016639666757086734
19,18,0.37992,0.06852,0.1289,0.0623,4,True,True,7.54,,True,0.015182333566210952
19,19,0.37312,0.06399,0.1141,0.0583,4,True,True,7.51,,True,0.01096745144275535
19,20,0.36587,0.05999,0.0934,0.0907,4,True,True,7.55,,True,0.009913378546250472
19,21,0.35861,0.05642,0.0911,0.1137,4,True,True,7.91,,True,0.011765297201801363
19,22,0.35148,0.05311,0.1245,0.101,4,True,True,8.25,,True,0.009579886349973013
19,23,0.3443,0.0498,0.1498,0.0966,4,True,True,8.33,,True,0.013241784807154582
19,24,0.33683,0.04628,0.1395,0.1136,4,True,True,8.41,,True,0.010020363724663181
19,25,0.3294,0.04241,0.1115,0.1096,4,True,True,8.75,,True,0.010668154971576319
19,26,0.32252,0.03831,0.0977,0.0695,4,True,True,9.03,,True,0.017352205774599963
19,27,0.3158,0.03425,0.1176,0.0393,4,True,True,9.05,,True,0.011152070432656994
19,28,0.3086,0.03017,0.133,0.046,4,True,True,9.18,,True,0.011766614483268958
19,29,0.3012,0.02583,0.1122,0.0445,4,True,True,9.59,,True,0.008978027006673108
19,30,0.29434,0.02119,0.0764,0.0078,4,True,True,9.89,,True,0.011865224559409623
19,31,0.28783,0.01655,0.0629,-0.0198,4,True,True,9.87,,True,0.013194053298766039
19,32,0.28077,0.01205,0.0449,-0.0098,4,True,True,10.05,,True,0.016509545755615758
19,33,0.27357,0.00768,-0.01,-0.0033,4,True,True,10.38,,True,0.013150912334576706
19,34,0.26669,0.00371,-0.0603,-0.0246,4,True,True,10.87,,True,0.011773800801026945
19,35,0.25976,0.00077,-0.0709,-0.0368,4,True,True,11.03,,True,0.012393223231969917
19,36,0.25239,0.0021,-0.0833,-0.0103,4,True,True,11.39,,True,0.010392410594468077
19,37,0.24516,0.00378,-0.0913,0.0138,4,True,True,11.7,,True,0.014855453350692526
19,38,0.23809,0.00507,-0.0626,0.0002,4,True,True,11.98,,True,0.013817378141754252
19,39,0.23088,0.00627,-0.0361,-0.0128,4,True,True,12.34,,True,0.014376743009635219
19,40,0.22353,0.00761,-0.0447,0.0096,4,True,True,13.05,,True,0.0075041860498699904
19,41,0.21641,0.00939,-0.0545,0.026,4,True,True,13.65,,True,0.013809382303876742
19,42,0.20969,0.01197,-0.0322,0.0011,4,True,True,13.99,,True,0.006264338110509907
19,43,0.20283,0.01534,-0.0132,-0.0554,4,True,True,14.17,,True,0.008953743350725732
19,44,0.19604,0.01914,0.0114,-0.1033,4,True,True,14.93,,True,0.005702959716987544
19,45,0.18931,0.02307,0.0269,-0.1161,4,True,True,15.13,,True,0.01181245292946043
19,46,0.18289,0.02711,0.0032,-0.1368,4,True,True,15.74,,True,0.009148610135754869
19,47,0.1768,0.03139,-0.0105,-0.1978,3,False,True,16.42,tilt,False,nan
19,48,0.17041,0.03576,0.0151,-0.257,2,False,True,17.47,too_close,False,nan
19,49,0.16376,0.04,0.0705,-0.2817,2,False,True,18.09,too_close,False,nan
19,50,0.1573,0.04407,0.1235,-0.315,2,False,True,19.01,too_close,False,nan
19,51,0.15091,0.0479,0.1537,-0.3405,1,False,True,19.92,too_close,False,nan
19,52,0.14493,0.05148,0.1931,-0.3744,1,False,True,21.31,too_close,False,nan
19,53,0.1389,0.05483,0.2592,-0.4194,1,False,True,22.46,too_close,False,nan
19,54,0.13256,0.05774,0.3194,-0.426,1,False,True,23.35,too_close,False,nan
19,55,0.12684,0.06023,0.3509,-0.4242,1,False,True,24.65,too_close,False,nan
19,56,0.1213,0.06251,0.3514,-0.4672,1,False,True,26.13,too_close,False,nan
19,57,0.11524,0.0647,0.3469,-0.5291,1,False,True,27.1,too_close,False,nan
19,58,0.10931,0.06681,0.3612,-0.6211,1,False,True,28.45,too_close,False,nan
19,59,0.10343,0.06873,0.373,-0.7119,1,False,True,31.15,too_close,False,nan
19,60,0.09736,0.07033,0.374,-0.7989,0,False,True,34.15,too_close,False,nan
19,61,0.09086,0.07161,0.3845,-0.895,0,False,True,38.07,too_close,False,nan
19,62,0.08392,0.07257,0.405,-0.9652,0,False,True,40.5,too_close,False,nan
19,63,0.0774,0.07333,0.4902,-1.06,0,False,False,44.35,too_close,False,nan
19,64,0.07077,0.0739,0.7237,-1.2691,0,False,False,59.7,lateral,False,nan
19,65,0.06363,0.07387,1.021,-1.5561,0,False,False,99.09,lateral,False,nan
19,66,0.05648,0.07273,1.1746,-1.7749,0,False,False,127.56,lateral,False,nan
19,67,0.04974,0.07041,1.2428,-1.9558,0,False,False,130.44,lateral,False,nan
19,68,0.04307,0.06716,1.5206,-2.3528,0,False,False,220.77,lateral,False,nan
19,69,0.036,0.06301,2.141,-3.205,0,False,False,950.9,lateral,False,nan
19,70,0.02875,0.05775,2.8231,-4.4586,0,False,False,474.32,lateral,False,nan
19,71,0.02172,0.05144,4.0481,-6.9907,0,False,False,584.26,lateral,False,nan
19,72,0.01534,0.04447,10.2529,-18.1061,0,False,False,1627.05,behind,False,nan
19,73,0.01247,0.03793,289.4128,-526.5181,0,False,False,1513.34,behind,False,nan
20,1,0.49847,0.29859,0.6364,0.0329,4,True,True,5.61,,True,0.004887185694634091
20,2,0.49412,0.30223,0.7202,0.0365,2,False,True,6.05,tilt,False,nan
20,3,0.48753,0.30539,0.805,0.0325,2,False,True,6.61,tilt,False,nan
20,4,0.48016,0.30758,0.8376,0.0406,2,False,True,6.84,tilt,False,nan
20,5,0.47319,0.30853,0.8089,0.0353,2,False,True,6.72,tilt,False,nan
20,6,0.46697,0.30844,0.7854,-0.0142,2,False,True,6.52,tilt,False,nan
20,7,0.4606,0.30761,0.8209,-0.0391,2,False,True,6.96,tilt,False,nan
20,8,0.45346,0.30601,0.85,-0.0468,2,False,True,7.32,tilt,False,nan
20,9,0.44609,0.30344,0.8148,-0.0799,2,False,True,6.98,tilt,False,nan
20,10,0.43918,0.30002,0.7851,-0.125,2,False,True,6.91,too_close,False,nan
20,11,0.43218,0.296,0.8104,-0.1343,2,False,True,7.28,too_close,False,nan
20,12,0.42462,0.29131,0.8189,-0.1058,2,False,True,7.41,too_close,False,nan
20,13,0.41709,0.28586,0.7642,-0.1038,2,False,True,7.06,too_close,False,nan
20,14,0.41019,0.2799,0.7199,-0.129,2,False,True,6.96,too_close,False,nan
20,15,0.40325,0.27372,0.7344,-0.1209,2,False,True,7.25,too_close,False,nan
20,16,0.39584,0.26733,0.7374,-0.077,2,False,True,7.43,too_close,False,nan
20,17,0.38855,0.26065,0.6832,-0.0626,2,False,True,7.08,too_close,False,nan
20,18,0.38189,0.254,0.6386,-0.0785,4,True,True,7.0,,True,0.009784172563794715
20,19,0.37522,0.24766,0.6481,-0.0634,4,True,True,7.29,,False,nan
20,20,0.36821,0.2416,0.6495,-0.013,4,True,True,7.47,,False,nan
20,21,0.36135,0.23582,0.6014,0.0091,4,True,True,7.23,,True,0.007636819736026724
20,22,0.35516,0.23061,0.5617,-0.0001,4,True,True,7.19,,True,0.007873188063605447
20,23,0.34899,0.22625,0.5714,0.0191,4,True,True,7.35,,True,0.007935613775963616
20,24,0.34259,0.22268,0.6321,0.0471,3,False,True,8.02,too_close,False,nan
20,25,0.33603,0.2195,0.6921,0.0674,2,False,True,8.46,too_close,False,nan
20,26,0.32929,0.2163,0.7048,0.1247,2,False,True,9.11,too_close,False,nan
20,27,0.32307,0.21294,0.659,0.1971,2,False,True,9.02,too_close,False,nan
20,28,0.31853,0.20972,0.6181,0.2173,3,False,True,8.88,too_close,False,nan
20,29,0.31394,0.20691,0.6352,0.1714,3,False,True,8.99,too_close,False,nan
20,30,0.30763,0.20446,0.6786,0.0913,2,False,True,9.21,too_close,False,nan
20,31,0.30063,0.20223,0.6985,0.0369,2,False,True,9.52,too_close,False,nan
20,32,0.2941,0.20016,0.6893,0.0118,2,False,True,9.83,too_close,False,nan
20,33,0.28799,0.19835,0.7053,-0.048,2,False,True,10.03,too_close,False,nan
20,34,0.2815,0.19676,0.7811,-0.1198,2,False,True,11.0,too_close,False,nan
20,35,0.27481,0.19498,0.8592,-0.1375,2,False,True,12.35,too_close,False,nan
20,36,0.26849,0.19252,0.8776,-0.1587,2,False,True,13.08,too_close,False,nan
20,37,0.26196,0.1893,0.8349,-0.2386,2,False,True,13.05,too_close,False,nan
20,38,0.25486,0.18551,0.8064,-0.3012,2,False,True,13.24,too_close,False,nan
20,39,0.24743,0.18126,0.8441,-0.2915,2,False,True,14.3,too_close,False,nan
20,40,0.24024,0.17642,0.8598,-0.2353,2,False,True,14.58,too_close,False,nan
20,41,0.23319,0.17096,0.8034,-0.2022,2,False,True,13.51,too_close,False,nan
20,42,0.22609,0.1652,0.7613,-0.154,2,False,True,12.76,too_close,False,nan
20,43,0.21905,0.15948,0.7856,-0.0785,2,False,True,13.25,too_close,False,nan
20,44,0.21213,0.15378,0.8051,-0.0396,2,False,True,14.09,too_close,False,nan
20,45,0.20524,0.14799,0.7632,-0.024,2,False,True,13.98,too_close,False,nan
20,46,0.19832,0.14232,0.7319,0.0344,2,False,True,14.9,too_close,False,nan
20,47,0.19143,0.13699,0.7594,0.1198,2,False,True,16.21,too_close,False,nan
20,48,0.18447,0.13184,0.7808,0.1627,2,False,True,17.36,too_close,False,nan
20,49,0.17725,0.12667,0.7516,0.1301,2,False,True,17.49,too_close,False,nan
20,50,0.16998,0.12159,0.7349,0.1042,2,False,True,18.04,too_close,False,nan
20,51,0.16264,0.11675,0.7716,0.1026,1,False,True,18.95,too_close,False,nan
20,52,0.1555,0.11199,0.7985,0.0901,1,False,True,20.01,too_close,False,nan
20,53,0.14835,0.10718,0.7708,0.0311,1,False,True,20.27,too_close,False,nan
20,54,0.14097,0.1025,0.7571,-0.0203,1,False,True,21.14,too_close,False,nan
20,55,0.13356,0.09815,0.8055,-0.0489,0,False,True,22.47,too_close,False,nan
20,56,0.12625,0.09397,0.8461,-0.0796,0,False,True,24.02,too_close,False,nan
20,57,0.11898,0.08979,0.8226,-0.1477,0,False,True,25.26,too_close,False,nan
20,58,0.11155,0.08575,0.8147,-0.2411,0,False,True,28.08,too_close,False,nan
20,59,0.10413,0.08194,0.8848,-0.2937,0,False,True,32.97,too_close,False,nan
20,60,0.09676,0.07808,0.9437,-0.3038,0,False,True,36.39,too_close,False,nan
20,61,0.08934,0.07396,0.9241,-0.3421,0,False,True,37.76,too_close,False,nan
20,62,0.08185,0.06972,0.9288,-0.4184,0,False,True,43.19,too_close,False,nan
20,63,0.07443,0.06544,1.0314,-0.4609,0,False,False,53.53,too_close,False,nan
20,64,0.06706,0.06087,1.122,-0.4487,0,False,False,60.42,lateral,False,nan
20,65,0.05961,0.05589,1.1242,-0.461,0,False,False,63.26,lateral,False,nan
20,66,0.0521,0.05072,1.1748,-0.516,0,False,False,78.08,lateral,False,nan
20,67,0.04468,0.04551,1.2636,-0.5072,0,False,False,100.12,lateral,False,nan
20,68,0.03744,0.04045,1.3962,-0.4309,0,False,False,115.37,lateral,False,nan
20,69,0.03029,0.03587,1.7957,-0.4191,0,False,False,150.04,lateral,False,nan
20,70,0.02328,0.0318,2.6923,-0.3657,0,False,False,251.42,lateral,False,nan
20,71,0.01646,0.02822,5.2868,0.0548,0,False,False,1106.18,lateral,False,nan
20,72,0.01278,0.02571,35.5012,4.7351,0,False,False,6223.93,behind,False,nan
20,73,0.01285,0.02431,23.2,4.8831,0,False,False,31994.72,behind,False,nan
21,1,0.498,0.13834,-0.2576,0.0593,4,True,True,5.49,,True,0.022031350330032555
21,2,0.49362,0.12924,-0.1952,-0.0036,4,True,True,5.46,,True,0.02073862717347562
21,3,0.48756,0.12095,-0.1406,-0.0553,4,True,True,5.57,,True,0.019150566986624148
21,4,0.48036,0.11401,-0.1225,-0.0741,4,True,True,5.77,,True,0.02558447982883935
21,5,0.47269,0.10859,-0.137,-0.063,4,True,True,5.76,,True,0.018724420710200508
21,6,0.4655,0.10449,-0.1886,-0.0548,4,True,True,5.91,,True,0.01779475217903722
21,7,0.45928,0.10111,-0.2378,-0.075,4,True,True,6.27,,True,0.015146770409881136
21,8,0.45265,0.09782,-0.2483,-0.0911,4,True,True,6.57,,True,0.016786712935412472
21,9,0.44511,0.09441,-0.2163,-0.0771,4,True,True,6.48,,True,0.015140725554065716
21,10,0.43759,0.09103,-0.1894,-0.0284,4,True,True,6.37,,True,0.011557616032462624
21,11,0.43031,0.08789,-0.2014,0.0214,4,True,True,6.58,,True,0.013200823030083188
21,12,0.42301,0.08486,-0.2095,0.0362,4,True,True,6.8,,True,0.016724055294131075
21,13,0.41555,0.0818,-0.184,0.0092,4,True,True,6.72,,True,0.013388786406962538
21,14,0.4083,0.07888,-0.1663,-0.0089,4,True,True,6.7,,True,0.013039634911382473
21,15,0.40091,0.07626,-0.188,0.0182,4,True,True,6.99,,True,0.011381632530210298
21,16,0.39332,0.07375,-0.2071,0.0412,4,True,True,7.27,,True,0.011947159097068078
21,17,0.38564,0.07111,-0.1921,0.0222,4,True,True,7.24,,True,0.01368625526449742
21,18,0.37812,0.0684,-0.1783,0.0115,4,True,True,7.29,,True,0.01459171608261371
21,19,0.37054,0.06575,-0.178,0.0445,4,True,True,7.53,,True,0.010231272585923292
21,20,0.36279,0.0631,-0.1999,0.0699,4,True,True,7.87,,True,0.012443552893124795
21,21,0.35524,0.06021,-0.2196,0.05,4,True,True,8.0,,True,0.012221306223947645
21,22,0.3479,0.05685,-0.2018,0.0341,4,True,True,8.13,,True,0.012618161668878018
21,23,0.34037,0.05314,-0.1466,0.0478,4,True,True,8.2,,True,0.009703805388011414
21,24,0.33268,0.04949,-0.0993,0.0438,4,True,True,8.38,,True,0.010421456430980561
21,25,0.325,0.04636,-0.0932,-0.0038,4,True,True,8.44,,True,0.010537296512373007
21,26,0.31741,0.04388,-0.1069,-0.0472,4,True,True,8.86,,True,0.013272614234354448
21,27,0.30971,0.04184,-0.1054,-0.0511,4,True,True,9.04,,True,0.008460478666152385
21,28,0.30175,0.04016,-0.0934,-0.0213,4,True,True,9.17,,True,0.008190841576625347
21,29,0.29374,0.03893,-0.1062,-0.0022,4,True,True,9.62,,True,0.010496374198694553
21,30,0.28613,0.0381,-0.1142,-0.0223,4,True,True,10.1,,True,0.009132871611372191
21,31,0.27869,0.03758,-0.0872,-0.0374,4,True,True,10.14,,True,0.012959358793062281
21,32,0.27111,0.03754,-0.0664,-0.0198,4,True,True,10.27,,True,0.0105637939354516
21,33,0.26335,0.03825,-0.084,-0.0126,4,True,True,10.86,,True,0.012012866635557352
21,34,0.25563,0.03969,-0.1407,-0.0434,4,True,True,11.51,,True,0.009804252833619584
21,35,0.24797,0.04142,-0.1969,-0.0666,4,True,True,11.83,,True,0.01098657657120233
21,36,0.24019,0.04294,-0.2153,-0.0542,4,True,True,12.11,,True,0.009577454145324306
21,37,0.23242,0.04418,-0.2356,-0.0566,4,True,True,12.89,,True,0.010394346640655796
21,38,0.22494,0.04513,-0.2485,-0.0995,4,True,True,13.52,,True,0.009415832022613656
21,39,0.21752,0.04572,-0.2244,-0.1316,4,True,True,13.46,,True,0.009842529684859075
21,40,0.20996,0.04607,-0.2026,-0.1309,4,True,True,13.57,,True,0.00846024091709502
21,41,0.20228,0.04643,-0.2131,-0.1475,4,True,True,14.47,,True,0.008200417013955009
21,42,0.19475,0.04681,-0.2185,-0.2044,4,True,True,15.29,,False,nan
21,43,0.18725,0.04698,-0.1927,-0.2502,2,False,True,16.07,tilt,False,nan
21,44,0.17958,0.04687,-0.1695,-0.2596,2,False,True,16.64,tilt,False,nan
21,45,0.1718,0.04661,-0.1728,-0.2513,2,False,True,17.09,too_close,False,nan
21,46,0.16402,0.04626,-0.2152,-0.2574,1,False,True,18.11,too_close,False,nan
21,47,0.15639,0.04568,-0.2629,-0.2956,1,False,True,19.91,too_close,False,nan
21,48,0.14881,0.0445,-0.2638,-0.3269,1,False,True,21.58,too_close,False,nan
21,49,0.14113,0.04259,-0.2024,-0.32,1,False,True,21.87,too_close,False,nan
21,50,0.13362,0.04025,-0.1437,-0.3105,1,False,True,22.48,too_close,False,nan
21,51,0.12617,0.03784,-0.1359,-0.3321,1,False,True,24.49,too_close,False,nan
21,52,0.11859,0.03531,-0.1388,-0.3465,0,False,True,26.73,too_close,False,nan
21,53,0.11096,0.03251,-0.1008,-0.3175,0,False,True,27.62,too_close,False,nan
21,54,0.1036,0.02967,-0.071,-0.2879,0,False,True,28.98,too_close,False,nan
21,55,0.09626,0.0271,-0.0966,-0.2944,0,False,True,32.24,too_close,False,nan
21,56,0.0889,0.02472,-0.1344,-0.293,0,False,True,36.03,too_close,False,nan
21,57,0.08154,0.02242,-0.1346,-0.2494,0,False,True,39.36,too_close,False,nan
21,58,0.07457,0.02049,-0.1464,-0.2094,0,False,True,46.37,too_close,False,nan
21,59,0.06761,0.01925,-0.2174,-0.2106,0,False,True,52.75,too_close,False,nan
21,60,0.06056,0.01851,-0.2933,-0.2449,0,False,True,58.93,too_close,False,nan
21,61,0.05375,0.01788,-0.359,-0.2818,0,False,True,70.41,too_close,False,nan
21,62,0.04705,0.01711,-0.4115,-0.2998,0,False,True,94.91,too_close,False,nan
21,63,0.04057,0.01624,-0.4237,-0.341,0,False,True,116.95,too_close,False,nan
21,64,0.03476,0.01554,-0.4464,-0.4844,0,False,True,124.7,too_close,False,nan
21,65,0.02943,0.01507,-0.5262,-0.7361,0,False,True,178.21,too_close,False,nan
21,66,0.02389,0.01456,-0.65,-1.1093,0,False,False,285.37,lateral,False,nan
21,67,0.01854,0.01395,-0.8868,-1.9716,0,False,False,558.09,lateral,False,nan
21,68,0.01445,0.01339,-1.6868,-4.792,0,False,False,2639.63,behind,False,nan
21,69,0.01328,0.01303,-2.9191,-9.3788,0,False,False,4551.27,behind,False,nan
22,1,0.49723,0.28234,-0.4198,-0.403,4,True,True,5.61,,True,0.01600919845566735
22,2,0.49152,0.27607,-0.4436,-0.4118,4,True,True,5.82,,True,0.022289773604259766
22,3,0.48469,0.26974,-0.4716,-0.4006,4,True,True,6.0,,True,0.02684523990460868
22,4,0.47745,0.26322,-0.4559,-0.3938,4,True,True,6.18,,True,0.028499540803352878
22,5,0.46987,0.25658,-0.391,-0.4388,4,True,True,6.15,,True,0.021410762767012002
22,6,0.4621,0.24991,-0.328,-0.4837,4,True,True,6.09,,True,0.018853256564324638
22,7,0.45424,0.24323,-0.3131,-0.48,4,True,True,6.17,,True,0.02515514029967019
22,8,0.44628,0.23657,-0.2937,-0.4281,4,True,True,6.13,,True,0.021573485178569034
22,9,0.43879,0.23024,-0.2697,-0.3937,4,True,True,6.12,,True,0.028360293932842538
22,10,0.43266,0.22464,-0.2455,-0.4025,4,True,True,6.29,,True,0.022653765448351914
22,11,0.42632,0.21976,-0.2025,-0.4434,4,True,True,6.3,,True,0.020407507741619545
22,12,0.41891,0.21544,-0.1625,-0.4855,4,True,True,6.61,,True,0.017093022211418424
22,13,0.41089,0.21155,-0.1375,-0.4978,4,True,True,6.64,,True,0.02031514237574823
22,14,0.40271,0.20803,-0.1522,-0.4667,4,True,True,6.64,,True,0.015282648852499825
22,15,0.39543,0.20499,-0.1913,-0.4361,4,True,True,6.92,,True,0.017209707913207875
22,16,0.38826,0.2025,-0.2035,-0.4471,4,True,True,7.26,,True,0.017699374902866057
22,17,0.38042,0.20043,-0.2042,-0.4628,4,True,True,7.37,,True,0.01824092729812412
22,18,0.37298,0.19872,-0.2227,-0.4934,4,True,True,7.45,,True,0.015677837602008787
22,19,0.36585,0.19715,-0.2418,-0.567,4,True,True,7.87,,True,0.015398384460243171
22,20,0.35819,0.19524,-0.2468,-0.6281,2,False,True,8.51,tilt,False,nan
22,21,0.35001,0.19259,-0.2487,-0.6458,2,False,True,8.94,tilt,False,nan
22,22,0.34155,0.18907,-0.2557,-0.6295,2,False,True,8.96,tilt,False,nan
22,23,0.33382,0.18469,-0.2552,-0.618,2,False,True,9.0,tilt,False,nan
22,24,0.32619,0.17959,-0.238,-0.5891,2,False,True,9.19,tilt,False,nan
22,25,0.31803,0.17403,-0.218,-0.5203,4,True,True,9.17,,True,0.03401713366593097
22,26,0.30999,0.16845,-0.2157,-0.476,4,True,True,9.03,,True,0.015059876105847437
22,27,0.30295,0.16326,-0.2124,-0.4779,4,True,True,9.27,,True,0.014519559336353736
22,28,0.29584,0.15847,-0.1891,-0.4696,4,True,True,9.46,,True,0.01373018084595198
22,29,0.28797,0.15414,-0.1703,-0.4754,4,True,True,9.85,,True,0.012690731551772774
22,30,0.27987,0.15034,-0.1314,-0.5345,3,False,True,10.12,too_close,False,nan
22,31,0.27191,0.14678,-0.101,-0.5866,2,False,True,10.5,too_close,False,nan
22,32,0.26396,0.14314,-0.0896,-0.5872,2,False,True,10.98,too_close,False,nan
22,33,0.25592,0.13941,-0.0663,-0.5428,3,False,True,11.24,too_close,False,nan
22,34,0.24807,0.13591,-0.0497,-0.5116,3,False,True,11.24,too_close,False,nan
22,35,0.24105,0.13298,-0.032,-0.5297,2,False,True,11.6,too_close,False,nan
22,36,0.23395,0.13054,-0.0004,-0.5482,2,False,True,12.07,too_close,False,nan
22,37,0.22626,0.12847,0.0249,-0.5802,2,False,True,12.81,too_close,False,nan
22,38,0.21826,0.12667,0.0339,-0.611,2,False,True,13.08,too_close,False,nan
22,39,0.21069,0.12496,0.0004,-0.6494,2,False,True,13.67,too_close,False,nan
22,40,0.20355,0.12315,-0.0589,-0.6845,2,False,True,14.48,too_close,False,nan
22,41,0.19609,0.12105,-0.0777,-0.668,2,False,True,15.04,too_close,False,nan
22,42,0.18859,0.11881,-0.0743,-0.6631,2,False,True,15.18,too_close,False,nan
22,43,0.18155,0.11659,-0.0693,-0.7141,2,False,True,16.17,too_close,False,nan
22,44,0.17438,0.11421,-0.0544,-0.7616,2,False,True,17.39,too_close,False,nan
22,45,0.16675,0.11147,-0.0394,-0.7589,2,False,True,18.03,too_close,False,nan
22,46,0.15912,0.10845,-0.0319,-0.7465,2,False,True,18.31,too_close,False,nan
22,47,0.15193,0.10532,-0.0474,-0.774,2,False,True,19.52,too_close,False,nan
22,48,0.14485,0.10207,-0.075,-0.7954,1,False,True,20.72,too_close,False,nan
22,49,0.1375,0.09865,-0.0688,-0.7599,1,False,True,21.47,too_close,False,nan
22,50,0.13009,0.09532,-0.0457,-0.7403,0,False,True,22.76,too_close,False,nan
22,51,0.12287,0.09237,-0.0658,-0.7836,0,False,True,24.29,too_close,False,nan
22,52,0.11575,0.08975,-0.1127,-0.825,0,False,True,26.12,too_close,False,nan
22,53,0.10854,0.08734,-0.1185,-0.8801,0,False,True,27.89,too_close,False,nan
22,54,0.10126,0.08504,-0.0826,-0.941,0,False,True,30.14,too_close,False,nan
22,55,0.09412,0.08278,-0.0775,-1.0209,0,False,False,33.8,lateral,False,nan
22,56,0.08704,0.08049,-0.1031,-1.1009,0,False,False,37.11,lateral,False,nan
22,57,0.07978,0.07808,-0.0754,-1.146,0,False,False,39.57,lateral,False,nan
22,58,0.07249,0.0757,0.0028,-1.2544,0,False,False,45.04,lateral,False,nan
22,59,0.06544,0.07338,0.0495,-1.369,0,False,False,51.95,lateral,False,nan
22,60,0.05848,0.07113,0.065,-1.5308,0,False,False,59.0,lateral,False,nan
22,61,0.05132,0.069,0.1616,-1.8102,0,False,False,73.64,lateral,False,nan
22,62,0.04394,0.06691,0.3907,-2.1046,0,False,False,87.99,lateral,False,nan
22,63,0.03672,0.06489,0.6757,-2.5692,0,False,False,115.18,lateral,False,nan
22,64,0.02958,0.063,1.1912,-3.9953,0,False,False,255.95,lateral,False,nan
22,65,0.02255,0.06098,3.0671,-8.9483,0,False,False,618.66,lateral,False,nan
22,66,0.01558,0.05857,14.2176,-32.6978,0,False,False,1419.12,behind,False,nan
22,67,0.01353,0.05639,41.4317,-79.1374,0,False,False,4499.28,behind,False,nan
23,1,0.49772,0.20043,0.3935,-0.0194,4,True,True,5.45,,True,0.022284262797896904
23,2,0.49272,0.19429,0.3761,-0.0208,4,True,True,5.48,,True,0.026097671541005268
23,3,0.48705,0.18852,0.3542,-0.0682,4,True,True,5.58,,True,0.01601996425634067
23,4,0.48142,0.18319,0.339,-0.1453,4,True,True,5.66,,True,0.021259284380479308
23,5,0.47511,0.17825,0.3701,-0.2053,4,True,True,6.01,,True,0.02305691302225011
23,6,0.46811,0.1733,0.3932,-0.2278,4,True,True,6.34,,True,0.023185400963334678
23,7,0.46125,0.16798,0.3597,-0.2199,4,True,True,6.23,,True,0.017548201368897957
23,8,0.45453,0.16237,0.3294,-0.2092,4,True,True,6.21,,True,0.018503665159529246
23,9,0.44782,0.15668,0.3342,-0.1777,4,True,True,6.28,,True,0.021602111246520058
23,10,0.44062,0.15094,0.3272,-0.1473,4,True,True,6.32,,True,0.01974110489989913
23,11,0.43316,0.1452,0.3204,-0.1232,4,True,True,6.46,,True,0.01732373834894156
23,12,0.42622,0.13955,0.3076,-0.0844,4,True,True,6.71,,True,0.013678403926352601
23,13,0.41918,0.13409,0.3017,-0.0546,4,True,True,6.7,,True,0.019966690655762846
23,14,0.41177,0.1289,0.2914,-0.0596,4,True,True,6.67,,True,0.013534835322253372
23,15,0.40453,0.12401,0.2841,-0.0714,4,True,True,6.93,,True,0.014283594094787695
23,16,0.39822,0.11947,0.2712,-0.045,4,True,True,7.17,,True,0.017514316658227745
23,17,0.39174,0.11532,0.2632,-0.0097,4,True,True,7.16,,True,0.014424276827069205
23,18,0.38443,0.11162,0.2936,-0.011,4,True,True,7.29,,True,0.0159173567895
23,19,0.37767,0.10814,0.317,-0.0171,4,True,True,7.68,,True,0.017722388022663942
23,20,0.3718,0.10459,0.2993,0.0165,4,True,True,7.92,,True,0.012039474526543614
23,21,0.36535,0.10105,0.2564,0.0569,4,True,True,7.81,,True,0.009785381197678533
23,22,0.35817,0.09783,0.2306,0.0583,4,True,True,7.75,,True,0.010860343531331904
23,23,0.35119,0.09515,0.2463,0.0525,4,True,True,8.14,,True,0.010587969524497995
23,24,0.3451,0.09289,0.2576,0.0827,4,True,True,8.54,,True,0.011810645681259248
23,25,0.3387,0.09085,0.229,0.1163,4,True,True,8.5,,True,0.011350117380115028
23,26,0.33148,0.08914,0.2083,0.1094,4,True,True,8.47,,True,0.013287557278718326
23,27,0.32446,0.08796,0.2318,0.0953,4,True,True,8.9,,True,0.010160494019732519
23,28,0.31811,0.08724,0.2496,0.0881,4,True,True,9.28,,True,0.010656923589025398
23,29,0.31193,0.08682,0.2248,0.0612,4,True,True,9.1,,True,0.010379473871893374
23,30,0.30512,0.08692,0.2052,0.0344,4,True,True,9.01,,True,0.010485157270875782
23,31,0.29792,0.08784,0.2263,0.018,4,True,True,9.28,,True,0.01066279486005453
23,32,0.29096,0.0896,0.2881,-0.0127,4,True,True,9.54,,True,0.011013607374000128
23,33,0.28452,0.09179,0.3467,-0.0328,4,True,True,10.11,,True,0.01034036790098937
23,34,0.27806,0.09399,0.3639,-0.022,4,True,True,10.3,,True,0.011065995058221917
23,35,0.27122,0.09609,0.385,-0.0113,4,True,True,10.55,,True,0.010782928076365654
23,36,0.2643,0.09805,0.4477,-0.0231,3,False,True,11.48,tilt,False,nan
23,37,0.25792,0.09955,0.5015,-0.0315,2,False,True,12.38,tilt,False,nan
23,38,0.25142,0.10031,0.5044,-0.018,2,False,True,12.23,tilt,False,nan
23,39,0.24437,0.1004,0.5128,0.0352,2,False,True,12.6,tilt,False,nan
23,40,0.23724,0.09983,0.5131,0.1026,2,False,True,13.07,too_close,False,nan
23,41,0.22997,0.09864,0.4796,0.1309,2,False,True,13.03,too_close,False,nan
23,42,0.22254,0.09707,0.4672,0.1025,2,False,True,13.28,too_close,False,nan
23,43,0.21536,0.09532,0.5019,0.082,2,False,True,14.08,too_close,False,nan
23,44,0.20873,0.09325,0.5296,0.1188,2,False,True,14.64,too_close,False,nan
23,45,0.20199,0.09066,0.5122,0.147,2,False,True,15.06,too_close,False,nan
23,46,0.19489,0.08761,0.4913,0.1159,2,False,True,15.1,too_close,False,nan
23,47,0.1878,0.0843,0.5059,0.0933,2,False,True,15.81,too_close,False,nan
23,48,0.18095,0.08071,0.5107,0.1088,2,False,True,16.53,too_close,False,nan
23,49,0.17394,0.07677,0.4697,0.1011,2,False,True,17.32,too_close,False,nan
23,50,0.16655,0.07272,0.4395,0.0795,2,False,True,17.65,too_close,False,nan
23,51,0.15926,0.06883,0.4543,0.0533,2,False,True,18.32,too_close,False,nan
23,52,0.15216,0.06506,0.4639,0.0472,2,False,True,19.43,too_close,False,nan
23,53,0.14517,0.06128,0.4254,0.0531,2,False,True,20.37,too_close,False,nan
23,54,0.13783,0.05772,0.3914,0.0606,1,False,True,21.72,too_close,False,nan
23,55,0.13039,0.05464,0.4048,0.0914,0,False,True,22.82,too_close,False,nan
23,56,0.12339,0.05202,0.4173,0.1059,0,False,True,23.87,too_close,False,nan
23,57,0.11646,0.04972,0.3876,0.0845,0,False,True,24.93,too_close,False,nan
23,58,0.10915,0.048,0.3702,0.0835,0,False,True,26.0,too_close,False,nan
23,59,0.10143,0.04716,0.4111,0.0934,0,False,True,28.06,too_close,False,nan
23,60,0.09369,0.04718,0.519,0.0873,0,False,True,32.39,too_close,False,nan
23,61,0.08602,0.04765,0.6412,0.0624,0,False,True,37.69,too_close,False,nan
23,62,0.07828,0.04815,0.7289,0.0655,0,False,True,41.94,too_close,False,nan
23,63,0.07052,0.0486,0.849,0.1226,0,False,True,47.34,too_close,False,nan
23,64,0.06316,0.04888,1.0253,0.1563,0,False,False,59.87,too_close,False,nan
23,65,0.0559,0.04878,1.1846,0.1472,0,False,False,67.35,lateral,False,nan
23,66,0.04829,0.0483,1.4193,0.1955,0,False,False,85.66,lateral,False,nan
23,67,0.04077,0.04743,1.9448,0.3192,0,False,False,140.04,lateral,False,nan
23,68,0.03355,0.04583,2.8891,0.416,0,False,False,581.87,lateral,False,nan
23,69,0.02642,0.04314,4.3932,0.5211,0,False,False,2040.12,lateral,False,nan
23,70,0.01918,0.03943,9.6824,1.4404,0,False,False,2742.15,lateral,False,nan
23,71,0.01383,0.03523,16.9251,3.5674,0,False,False,3154.19,behind,False,nan
24,1,0.4991,0.16437,0.0475,0.3568,4,True,True,5.54,,True,0.011242133262736532
24,2,0.49574,0.16283,0.1089,0.3743,4,True,True,5.69,,True,0.01246280630449879
24,3,0.48983,0.16116,0.1577,0.3602,4,True,True,5.81,,True,0.013036831623902389
24,4,0.48299,0.15928,0.1742,0.35,4,True,True,5.9,,True,0.014084099925017853
24,5,0.47643,0.15715,0.162,0.3741,4,True,True,6.07,,True,0.009799232137872116
24,6,0.47129,0.15446,0.1457,0.3939,4,True,True,6.25,,True,0.02430264864141936
24,7,0.46697,0.15102,0.1453,0.3797,4,True,True,6.13,,True,0.010861989091210446
24,8,0.46133,0.14701,0.1414,0.3417,4,True,True,6.16,,True,0.018642195973042917
24,9,0.45462,0.14267,0.1156,0.3157,4,True,True,6.1,,True,0.010376356745111814
24,10,0.4484,0.13817,0.094,0.3325,4,True,True,6.21,,True,0.024652879815229095
24,11,0.44311,0.13342,0.0951,0.3506,4,True,True,6.47,,True,0.011584671504703055
24,12,0.43724,0.12824,0.094,0.3311,4,True,True,6.74,,True,0.013036456747018421
24,13,0.43051,0.12268,0.071,0.3151,4,True,True,6.76,,True,0.01397732257039475
24,14,0.42471,0.11679,0.0652,0.3351,4,True,True,6.68,,True,0.0132362143204716
24,15,0.41976,0.11035,0.0924,0.35,4,True,True,7.03,,True,0.014246687491109519
24,16,0.4137,0.10319,0.1002,0.3283,4,True,True,7.17,,True,0.011932822292182683
24,17,0.4068,0.09528,0.0578,0.2681,4,True,True,6.93,,True,0.011937216020285251
24,18,0.4004,0.08697,0.0216,0.2105,4,True,True,6.91,,True,0.00929130777969987
24,19,0.39402,0.07873,0.0289,0.1871,4,True,True,6.98,,True,0.013453268054822325
24,20,0.38709,0.07066,0.0315,0.1978,4,True,True,7.21,,True,0.010228071855073207
24,21,0.38092,0.06252,-0.002,0.1995,4,True,True,7.41,,True,0.015170623461427418
24,22,0.37719,0.05412,-0.0191,0.1555,4,True,True,7.65,,True,0.008597999818433136
24,23,0.37285,0.0457,0.0083,0.0751,4,True,True,7.6,,True,0.010199017431638055
24,24,0.36649,0.03776,0.0312,0.0015,4,True,True,7.74,,True,0.012530630199377595
24,25,0.3592,0.03081,0.0212,-0.0365,4,True,True,7.98,,True,0.011949810521162658
24,26,0.35181,0.02521,0.0169,-0.0381,4,True,True,8.13,,True,0.010535032394007703
24,27,0.34421,0.0209,0.0449,-0.0047,4,True,True,8.19,,True,0.011731267896094414
24,28,0.33641,0.0174,0.0648,0.0228,4,True,True,8.46,,True,0.010123744990845056
24,29,0.32863,0.01426,0.045,0.0147,4,True,True,8.54,,True,0.014344756453764724
24,30,0.32124,0.01164,0.0283,0.0096,4,True,True,8.66,,True,0.010375248227783872
24,31,0.31382,0.00994,0.0459,0.0369,4,True,True,9.15,,True,0.006212295694170409
24,32,0.30627,0.00954,0.0551,0.0556,4,True,True,9.59,,True,0.004838991402683074
24,33,0.29868,0.01104,0.0232,0.0352,4,True,True,9.6,,True,0.014455332936892645
24,34,0.29178,0.01465,-0.0014,-0.0278,4,True,True,9.67,,True,0.012275400151204187
24,35,0.28483,0.01946,0.0095,-0.0928,4,True,True,10.18,,True,0.0051933374620338
24,36,0.27712,0.02448,0.0159,-0.1258,4,True,True,10.68,,True,0.010839315975448889
24,37,0.26919,0.02928,0.0043,-0.1646,4,True,True,10.84,,True,0.010591705412973869
24,38,0.26136,0.03366,0.0062,-0.1996,4,True,True,11.15,,True,0.011748275948698783
24,39,0.25341,0.03746,0.0355,-0.1985,4,True,True,11.58,,True,0.007417947981053388
24,40,0.24548,0.04077,0.0577,-0.204,4,True,True,12.13,,True,0.010414930782314872
24,41,0.23751,0.04371,0.0492,-0.247,4,True,True,12.3,,True,0.007739672377536636
24,42,0.22971,0.04612,0.0421,-0.2865,4,True,True,12.99,,True,0.00865319628875598
24,43,0.22185,0.04784,0.0169,-0.2863,4,True,True,13.3,,True,0.006806440934254409
24,44,0.21402,0.04897,-0.0447,-0.2904,4,True,True,13.91,,True,0.006005566588327106
24,45,0.20667,0.04962,-0.0884,-0.335,3,False,True,14.85,tilt,False,nan
24,46,0.19942,0.04966,-0.0921,-0.3715,2,False,True,15.84,tilt,False,nan
24,47,0.19188,0.04897,-0.0668,-0.3606,2,False,True,16.24,tilt,False,nan
24,48,0.18403,0.0478,0.0049,-0.3057,2,False,True,15.97,too_close,False,nan
24,49,0.17633,0.04673,0.0882,-0.2562,3,False,True,16.53,too_close,False,nan
24,50,0.16887,0.04618,0.1368,-0.245,3,False,True,17.72,too_close,False,nan
24,51,0.16152,0.04622,0.1868,-0.28,1,False,True,18.69,too_close,False,nan
24,52,0.15443,0.04649,0.2774,-0.317,1,False,True,20.49,too_close,False,nan
24,53,0.14722,0.04643,0.3736,-0.3083,1,False,True,22.53,too_close,False,nan
24,54,0.13949,0.0456,0.4357,-0.2429,1,False,True,24.24,too_close,False,nan
24,55,0.13177,0.04388,0.4446,-0.1817,1,False,True,26.01,too_close,False,nan
24,56,0.12411,0.04141,0.3948,-0.1762,1,False,True,26.8,too_close,False,nan
24,57,0.1164,0.03851,0.3413,-0.1752,0,False,True,28.2,too_close,False,nan
24,58,0.10863,0.03554,0.3273,-0.1771,0,False,True,30.67,too_close,False,nan
24,59,0.10091,0.03273,0.3041,-0.2216,0,False,True,31.94,too_close,False,nan
24,60,0.09338,0.03012,0.2239,-0.2735,0,False,True,33.06,too_close,False,nan
24,61,0.08575,0.02793,0.1419,-0.3201,0,False,True,35.89,too_close,False,nan
24,62,0.07805,0.02634,0.112,-0.4001,0,False,True,43.7,too_close,False,nan
24,63,0.07078,0.02499,0.1212,-0.4822,0,False,True,54.27,too_close,False,nan
24,64,0.06358,0.02336,0.1038,-0.5179,0,False,True,62.52,too_close,False,nan
24,65,0.05616,0.02129,0.0439,-0.5564,0,False,True,77.04,too_close,False,nan
24,66,0.04869,0.01878,0.0162,-0.5842,0,False,True,99.26,too_close,False,nan
24,67,0.0412,0.01584,0.0481,-0.5741,0,False,True,109.79,too_close,False,nan
24,68,0.03376,0.01269,0.1112,-0.5953,0,False,True,137.26,too_close,False,nan
24,69,0.02644,0.00947,0.2029,-0.6262,0,False,True,187.78,too_close,False,nan
24,70,0.01918,0.00639,0.4057,-0.7374,0,False,True,429.62,too_close,False,nan
24,71,0.01287,0.00412,3.8897,-2.7081,0,False,False,3496.93,behind,False,nan
24,72,0.01357,0.00346,1.9987,-0.3824,0,False,False,2621.06,behind,False,nan
25,1,0.49963,0.28093,0.4217,-0.3889,4,True,True,5.44,,True,0.01887912115981473
25,2,0.49816,0.27972,0.3776,-0.4569,4,True,True,5.53,,True,0.01575631196438202
25,3,0.49527,0.27875,0.364,-0.518,4,True,True,5.85,,True,0.02964741735329726
25,4,0.49152,0.27776,0.3747,-0.551,4,True,True,6.05,,True,0.02883199977721295
25,5,0.48844,0.27641,0.3461,-0.5454,4,True,True,5.8,,True,0.019554236651778314
25,6,0.4867,0.27469,0.2784,-0.5317,4,True,True,5.63,,True,0.027564119943692723
25,7,0.48427,0.27294,0.2403,-0.5494,4,True,True,5.64,,True,0.017222292539418184
25,8,0.47983,0.27128,0.2601,-0.5536,4,True,True,5.76,,True,0.019820333403973874
25,9,0.47385,0.26966,0.3114,-0.5195,4,True,True,6.04,,True,0.016313368294081847
25,10,0.46758,0.26809,0.3379,-0.4527,4,True,True,5.95,,True,0.02370820146780779
25,11,0.46202,0.26678,0.3161,-0.4001,4,True,True,5.6,,True,0.025361290440471876
25,12,0.45646,0.26613,0.3074,-0.3867,4,True,True,5.88,,True,0.0185515089836174
25,13,0.45038,0.26631,0.3562,-0.4047,4,True,True,6.09,,True,0.016833184126834166
25,14,0.4441,0.26713,0.4658,-0.4075,4,True,True,6.29,,True,0.014962543528502218
25,15,0.43981,0.26806,0.559,-0.3667,4,True,True,6.73,,True,0.012778640732480055
25,16,0.4386,0.26875,0.5803,-0.3453,4,True,True,6.9,,True,0.01254020661423556
25,17,0.43919,0.2692,0.5542,-0.3575,4,True,True,6.78,,True,0.02471575072046744
25,18,0.43875,0.26952,0.5437,-0.3955,4,True,True,6.65,,True,0.016029344614523655
25,19,0.43634,0.26963,0.5684,-0.4464,4,True,True,7.04,,True,0.022011868950667052
25,20,0.43366,0.26918,0.5549,-0.4765,4,True,True,6.89,,True,0.01371215462998376
25,21,0.43188,0.26805,0.4879,-0.4715,4,True,True,6.78,,True,0.02147852383653854
25,22,0.43055,0.26656,0.4479,-0.4698,4,True,True,6.52,,True,0.021899901429084198
25,23,0.4287,0.26498,0.4584,-0.5054,4,True,True,6.65,,True,0.01264573538359454
25,24,0.42661,0.26313,0.4431,-0.5389,4,True,True,6.74,,True,0.018687030818823145
25,25,0.42447,0.26088,0.3812,-0.5168,4,True,True,6.47,,True,0.01256637630941531
25,26,0.42229,0.25854,0.3487,-0.4866,4,True,True,6.33,,True,0.018434221502363957
25,27,0.41974,0.25644,0.3603,-0.4995,4,True,True,6.61,,True,0.018144610286899992
25,28,0.41631,0.25452,0.3926,-0.5238,4,True,True,6.79,,True,0.011214392170165692
25,29,0.41333,0.2525,0.4159,-0.499,4,True,True,6.78,,True,0.01764990462640562
25,30,0.41174,0.25032,0.4114,-0.4594,4,True,True,6.8,,True,0.014260224563293754
25,31,0.40959,0.24818,0.4116,-0.4654,4,True,True,6.95,,True,0.017050921609567962
25,32,0.40573,0.24609,0.4342,-0.4883,4,True,True,7.06,,True,0.015283851641797883
25,33,0.40159,0.24387,0.4476,-0.4658,4,True,True,6.97,,True,0.01628384034135968
25,34,0.39783,0.24151,0.4376,-0.4251,4,True,True,6.99,,True,0.014035967932349826
25,35,0.39323,0.23924,0.4365,-0.4246,4,True,True,7.2,,True,0.016250202419700422
25,36,0.38737,0.23714,0.46,-0.4407,4,True,True,7.35,,True,0.015415201224504786
25,37,0.38154,0.23507,0.4702,-0.4154,4,True,True,7.26,,True,0.010789370556806375
25,38,0.37601,0.23309,0.4666,-0.3753,4,True,True,7.27,,True,0.01608036316591486
25,39,0.37003,0.23141,0.4857,-0.3827,4,True,True,7.58,,True,0.015594850718640836
25,40,0.36363,0.22998,0.5344,-0.4146,4,True,True,7.88,,True,0.009068173626250007
25,41,0.35815,0.22846,0.5705,-0.4011,4,True,True,8.19,,False,nan
25,42,0.35404,0.2267,0.5718,-0.3619,4,True,True,8.19,,False,nan
25,43,0.34988,0.22484,0.5823,-0.3694,4,True,True,8.39,,False,nan
25,44,0.345,0.22286,0.603,-0.4021,2,False,True,8.64,tilt,False,nan
25,45,0.34002,0.22054,0.593,-0.3896,3,False,True,8.63,tilt,False,nan
25,46,0.33563,0.21794,0.5487,-0.3545,4,True,True,8.37,,False,nan
25,47,0.33115,0.21544,0.5155,-0.3671,4,True,True,8.51,,True,0.013812060025633316
25,48,0.3258,0.21322,0.5137,-0.4063,4,True,True,8.68,,True,0.012956499244703186
25,49,0.32016,0.21121,0.5066,-0.4148,4,True,True,8.54,,True,0.012296082630072588
25,50,0.31511,0.20943,0.4748,-0.4116,4,True,True,8.43,,True,0.013624491155544687
25,51,0.30983,0.20806,0.463,-0.4425,4,True,True,8.72,,True,0.011911167388722749
25,52,0.30353,0.2071,0.4864,-0.4876,4,True,True,9.17,,True,0.013961133705107985
25,53,0.29698,0.20636,0.5392,-0.5089,4,True,True,9.5,,False,nan
25,54,0.29187,0.20553,0.5954,-0.5168,2,False,True,10.03,too_close,False,nan
25,55,0.28722,0.20436,0.6191,-0.5254,1,False,True,10.59,too_close,False,nan
25,56,0.28156,0.2028,0.6345,-0.5306,1,False,True,10.91,too_close,False,nan
25,57,0.27557,0.20079,0.6073,-0.5119,2,False,True,10.43,too_close,False,nan
25,58,0.26977,0.19852,0.5858,-0.4931,2,False,True,10.94,too_close,False,nan
25,59,0.26427,0.19625,0.5975,-0.4962,2,False,True,11.06,too_close,False,nan
25,60,0.25848,0.194,0.6365,-0.4881,2,False,True,11.05,too_close,False,nan
25,61,0.25266,0.19168,0.6689,-0.4522,2,False,True,11.54,too_close,False,nan
25,62,0.24733,0.1893,0.6455,-0.4403,2,False,True,11.87,too_close,False,nan
25,63,0.24202,0.18704,0.6375,-0.4696,2,False,True,12.24,too_close,False,nan
25,64,0.23634,0.18494,0.6503,-0.5169,1,False,True,12.06,too_close,False,nan
25,65,0.22984,0.18282,0.6665,-0.5671,1,False,True,12.82,too_close,False,nan
25,66,0.22288,0.18052,0.7004,-0.6138,1,False,True,13.64,too_close,False,nan
25,67,0.21652,0.1778,0.7139,-0.6038,1,False,True,13.97,too_close,False,nan
25,68,0.21094,0.17465,0.6955,-0.5552,1,False,True,13.65,too_close,False,nan
25,69,0.20537,0.17138,0.6948,-0.5616,1,False,True,14.11,too_close,False,nan
25,70,0.19904,0.16807,0.7271,-0.6087,1,False,True,15.01,too_close,False,nan
25,71,0.19246,0.16452,0.7426,-0.6041,1,False,True,15.47,too_close,False,nan
25,72,0.18633,0.16071,0.7263,-0.5613,1,False,True,15.49,too_close,False,nan
25,73,0.18011,0.15686,0.7291,-0.574,1,False,True,16.49,too_close,False,nan
25,74,0.17311,0.15305,0.7689,-0.6297,1,False,True,17.9,too_close,False,nan
25,75,0.16573,0.14906,0.7815,-0.644,1,False,True,18.32,too_close,False,nan
25,76,0.1587,0.14486,0.7773,-0.5957,1,False,True,18.26,too_close,False,nan
25,77,0.15208,0.14065,0.8148,-0.584,1,False,True,19.37,too_close,False,nan
25,78,0.14535,0.13647,0.8516,-0.647,1,False,True,21.04,too_close,False,nan
25,79,0.1381,0.13213,0.8424,-0.681,1,False,True,22.06,too_close,False,nan
25,80,0.13048,0.12762,0.8565,-0.6336,1,False,True,22.29,too_close,False,nan
25,81,0.12336,0.12314,0.9405,-0.6182,1,False,True,24.84,too_close,False,nan
25,82,0.11639,0.1186,1.025,-0.6966,1,False,False,28.46,too_close,False,nan
25,83,0.10889,0.11371,1.0521,-0.7511,1,False,False,31.48,too_close,False,nan
25,84,0.10108,0.10835,1.0854,-0.7088,1,False,False,32.62,lateral,False,nan
25,85,0.09361,0.10266,1.0953,-0.6684,1,False,False,34.07,lateral,False,nan
25,86,0.08625,0.09682,1.12,-0.7351,1,False,False,37.78,lateral,False,nan
25,87,0.07856,0.09088,1.1886,-0.8104,0,False,False,44.75,lateral,False,nan
25,88,0.07068,0.08473,1.2408,-0.7687,0,False,False,47.41,lateral,False,nan
25,89,0.06318,0.07852,1.3309,-0.73,0,False,False,52.22,lateral,False,nan
25,90,0.05596,0.07237,1.524,-0.8247,0,False,False,65.92,lateral,False,nan
25,91,0.04843,0.06611,1.7589,-0.9299,0,False,False,86.71,lateral,False,nan
25,92,0.04092,0.05954,1.9132,-0.8655,0,False,False,111.84,lateral,False,nan
25,93,0.03408,0.05288,2.1678,-0.8415,0,False,False,170.13,lateral,False,nan
25,94,0.02749,0.04635,3.0135,-1.1814,0,False,False,433.43,lateral,False,nan
25,95,0.02072,0.03967,5.6017,-2.2148,0,False,False,1096.65,lateral,False,nan
25,96,0.01424,0.03269,11.7926,-4.4915,0,False,False,12809.85,behind,False,nan
25,97,0.01345,0.02651,18.1031,-5.7221,0,False,False,1976.08,behind,False,nan
26,1,0.49729,0.27067,0.3725,-0.4125,4,True,True,5.57,,True,0.027082554134097752
26,2,0.49148,0.26174,0.3755,-0.3929,4,True,True,5.63,,True,0.020389261331516785
26,3,0.48472,0.25284,0.3783,-0.3746,4,True,True,5.75,,True,0.024396103750560366
26,4,0.47772,0.24397,0.3715,-0.3656,4,True,True,5.91,,True,0.03094543910585972
26,5,0.47068,0.23516,0.3467,-0.3392,4,True,True,5.85,,True,0.024795129310879314
26,6,0.46385,0.22657,0.3364,-0.3248,4,True,True,5.92,,True,0.02345915652930454
26,7,0.45693,0.21831,0.3076,-0.3198,4,True,True,5.99,,True,0.02032909979542286
26,8,0.45046,0.21048,0.2849,-0.3176,4,True,True,6.18,,True,0.021430839746193153
26,9,0.44394,0.20317,0.2715,-0.3024,4,True,True,6.13,,True,0.02459190613249966
26,10,0.4371,0.19645,0.2314,-0.2952,4,True,True,6.12,,True,0.02179255333784427
26,11,0.43037,0.19053,0.1937,-0.3111,4,True,True,6.28,,True,0.02377131105184433
26,12,0.42381,0.1855,0.1956,-0.3011,4,True,True,6.54,,True,0.023243963773398428
26,13,0.41704,0.18132,0.207,-0.289,4,True,True,6.57,,True,0.02356639139855754
26,14,0.41006,0.17802,0.1833,-0.3165,4,True,True,6.55,,True,0.016218929705490045
26,15,0.40324,0.17554,0.1524,-0.3485,4,True,True,6.83,,True,0.022258804747707764
26,16,0.39689,0.17378,0.1599,-0.3877,4,True,True,7.16,,True,0.020442560473305258
26,17,0.39038,0.17241,0.1808,-0.4183,4,True,True,7.23,,True,0.023118985453609676
26,18,0.38337,0.17111,0.1659,-0.4062,4,True,True,7.15,,True,0.022021122433898994
26,19,0.37679,0.17001,0.1448,-0.4073,4,True,True,7.34,,True,0.020881924553254477
26,20,0.37042,0.16923,0.1656,-0.4523,4,True,True,7.66,,True,0.019344910980329016
26,21,0.36367,0.16845,0.2437,-0.4875,4,True,True,7.95,,True,0.018456027954892776
26,22,0.35642,0.1672,0.3133,-0.479,4,True,True,8.33,,True,0.01609911184279852
26,23,0.34894,0.16526,0.3196,-0.4498,4,True,True,8.33,,True,0.01945765803836122
26,24,0.34191,0.16278,0.2867,-0.4335,4,True,True,8.44,,True,0.018948766012130715
26,25,0.3352,0.16005,0.2762,-0.4483,4,True,True,8.56,,True,0.019231874176866223
26,26,0.32834,0.15707,0.2982,-0.4635,4,True,True,9.12,,True,0.018499321789954476
26,27,0.32112,0.1537,0.2894,-0.4464,4,True,True,9.1,,True,0.018591653498249035
26,28,0.31409,0.15005,0.2344,-0.4332,4,True,True,8.87,,True,0.015276062461119773
26,29,0.30741,0.14641,0.1972,-0.4562,4,True,True,9.06,,True,0.015989635531905737
26,30,0.30063,0.14281,0.1981,-0.476,4,True,True,9.46,,False,nan
26,31,0.2936,0.13911,0.175,-0.4569,4,True,True,9.49,,True,0.016315474186194764
26,32,0.28691,0.13544,0.1163,-0.4404,4,True,True,9.73,,True,0.015317258290939934
26,33,0.28031,0.1321,0.0812,-0.4567,4,True,True,9.75,,False,nan
26,34,0.27341,0.1291,0.0811,-0.465,3,False,True,10.19,tilt,False,nan
26,35,0.26641,0.12641,0.0997,-0.437,4,True,True,10.27,,False,nan
26,36,0.25967,0.12417,0.1173,-0.4171,4,True,True,10.61,,True,0.014590221810459285
26,37,0.25311,0.12254,0.118,-0.437,4,True,True,10.82,,False,nan
26,38,0.24647,0.12146,0.123,-0.4553,3,False,True,11.38,too_close,False,nan
26,39,0.23982,0.12092,0.1479,-0.4399,3,False,True,11.41,too_close,False,nan
26,40,0.23343,0.12105,0.2155,-0.4333,4,True,True,11.91,,False,nan
26,41,0.22705,0.12184,0.3018,-0.4657,2,False,True,12.71,too_close,False,nan
26,42,0.22042,0.12289,0.3466,-0.4922,2,False,True,13.54,too_close,False,nan
26,43,0.21393,0.12396,0.3697,-0.4893,1,False,True,13.55,too_close,False,nan
26,44,0.20815,0.1251,0.3881,-0.4924,1,False,True,13.93,too_close,False,nan
26,45,0.20261,0.12636,0.4356,-0.5268,1,False,True,14.67,too_close,False,nan
26,46,0.19654,0.12756,0.5247,-0.5696,1,False,True,16.35,too_close,False,nan
26,47,0.19024,0.12829,0.5738,-0.5867,1,False,True,16.93,too_close,False,nan
26,48,0.18457,0.12837,0.569,-0.5943,1,False,True,16.9,too_close,False,nan
26,49,0.17908,0.12792,0.5448,-0.6186,1,False,True,17.46,too_close,False,nan
26,50,0.17324,0.12708,0.5205,-0.6433,1,False,True,18.03,too_close,False,nan
26,51,0.16715,0.12597,0.5058,-0.6514,1,False,True,18.01,too_close,False,nan
26,52,0.16126,0.12474,0.5339,-0.6774,1,False,True,18.56,too_close,False,nan
26,53,0.15526,0.12338,0.5798,-0.6807,1,False,True,19.58,too_close,False,nan
26,54,0.14921,0.12181,0.5793,-0.6826,1,False,True,19.94,too_close,False,nan
26,55,0.14311,0.12018,0.5615,-0.6999,1,False,True,20.29,too_close,False,nan
26,56,0.13701,0.11862,0.6015,-0.7336,1,False,True,22.28,too_close,False,nan
26,57,0.13075,0.11709,0.6684,-0.7418,1,False,True,23.67,too_close,False,nan
26,58,0.12466,0.11549,0.6838,-0.748,1,False,True,24.23,too_close,False,nan
26,59,0.11847,0.11393,0.676,-0.7802,1,False,True,25.83,too_close,False,nan
26,60,0.11225,0.11251,0.731,-0.8406,1,False,True,28.8,too_close,False,nan
26,61,0.10602,0.11116,0.8215,-0.8866,1,False,True,31.15,too_close,False,nan
26,62,0.09987,0.10969,0.8597,-0.9402,1,False,True,31.98,too_close,False,nan
26,63,0.09365,0.10811,0.8676,-1.0346,1,False,False,34.47,lateral,False,nan
26,64,0.08743,0.1064,0.955,-1.1836,1,False,False,39.63,lateral,False,nan
26,65,0.08113,0.10437,1.0968,-1.3094,1,False,False,47.28,lateral,False,nan
26,66,0.0748,0.10177,1.1616,-1.3997,1,False,False,52.33,lateral,False,nan
26,67,0.06815,0.09864,1.259,-1.6705,1,False,False,68.67,lateral,False,nan
26,68,0.06146,0.09477,1.5276,-2.0851,0,False,False,116.84,lateral,False,nan
26,69,0.05437,0.08984,1.89,-2.3894,0,False,False,212.0,lateral,False,nan
26,70,0.04701,0.08363,2.2296,-2.7174,0,False,False,424.45,lateral,False,nan
26,71,0.03939,0.07619,2.4979,-3.2593,0,False,False,913.97,lateral,False,nan
26,72,0.03162,0.06762,2.9427,-3.9265,0,False,False,1045.02,lateral,False,nan
26,73,0.02393,0.05816,4.2044,-4.9137,0,False,False,1415.02,lateral,False,nan
26,74,0.01645,0.04818,9.6823,-9.6618,0,False,False,32610.23,lateral,False,nan
26,75,0.012,0.03877,90.7696,-79.5356,0,False,False,1371.91,behind,False,nan
27,1,0.49778,0.24621,-0.4549,0.277,4,True,True,5.7,,True,0.019813472747171768
27,2,0.49312,0.24494,-0.5192,0.3387,4,True,True,6.27,,True,0.013968210046400155
27,3,0.4882,0.2429,-0.5637,0.4169,4,True,True,6.64,,True,0.014472166981485898
27,4,0.48333,0.23948,-0.5532,0.4427,4,True,True,6.69,,True,0.015667097808841922
27,5,0.47771,0.23464,-0.5089,0.3999,4,True,True,6.44,,True,0.020466943980385736
27,6,0.47159,0.22867,-0.4855,0.3478,4,True,True,6.38,,True,0.013016868663652488
27,7,0.46578,0.22182,-0.5076,0.3475,4,True,True,6.81,,True,0.011469424240699511
27,8,0.46054,0.21396,-0.5053,0.3599,4,True,True,6.91,,True,0.01828303322727401
27,9,0.45478,0.20503,-0.4465,0.3319,4,True,True,6.5,,True,0.0236329265612829
27,10,0.44826,0.19536,-0.3583,0.2958,4,True,True,6.19,,True,0.027851953665944024
27,11,0.44157,0.18549,-0.2894,0.2909,4,True,True,6.25,,True,0.011996581886302876
27,12,0.43496,0.17585,-0.2547,0.2893,4,True,True,6.37,,True,0.017477437056926542
27,13,0.42811,0.16659,-0.2436,0.2631,4,True,True,6.26,,True,0.017420075090588467
27,14,0.42117,0.15777,-0.2289,0.2413,4,True,True,6.42,,True,0.017278162483661794
27,15,0.41405,0.14946,-0.2225,0.247,4,True,True,6.49,,True,0.009890845887619501
27,16,0.40757,0.14164,-0.2457,0.2488,4,True,True,6.76,,True,0.0152468824529931
27,17,0.4015,0.13404,-0.2524,0.2196,4,True,True,6.93,,True,0.009250726657655016
27,18,0.39498,0.12658,-0.2229,0.1912,4,True,True,7.17,,True,0.017965490112549526
27,19,0.38787,0.11949,-0.206,0.1898,4,True,True,7.17,,True,0.012753094407869644
27,20,0.38106,0.11286,-0.2273,0.1803,4,True,True,7.2,,True,0.016871609126188746
27,21,0.37452,0.10657,-0.2373,0.138,4,True,True,7.44,,True,0.010003238857011838
27,22,0.36756,0.1006,-0.2099,0.0983,4,True,True,7.55,,True,0.014942571691833962
27,23,0.36003,0.09522,-0.19,0.0888,4,True,True,7.54,,True,0.01316346858592236
27,24,0.35251,0.09062,-0.2051,0.0779,4,True,True,7.85,,True,0.01066860998368441
27,25,0.34529,0.08673,-0.2122,0.0515,4,True,True,7.99,,True,0.012147934473527987
27,26,0.33809,0.08347,-0.2243,0.0373,4,True,True,8.32,,True,0.010583296795192008
27,27,0.33082,0.08071,-0.2527,0.0501,4,True,True,8.45,,True,0.009941410510412686
27,28,0.32443,0.07814,-0.2537,0.0572,4,True,True,8.71,,True,0.009069299627182196
27,29,0.31789,0.07564,-0.2518,0.0387,4,True,True,8.87,,True,0.012496347659783299
27,30,0.31066,0.07325,-0.2685,0.0248,4,True,True,9.36,,True,0.01019867806162391
27,31,0.30335,0.07084,-0.2656,0.0369,4,True,True,9.34,,True,0.007629902933090417
27,32,0.29619,0.06838,-0.2637,0.0467,4,True,True,9.66,,True,0.010237162000358555
27,33,0.28923,0.06592,-0.2882,0.0305,4,True,True,10.01,,True,0.010432976297163101
27,34,0.2821,0.06336,-0.2999,0.0109,4,True,True,10.57,,True,0.009085145960913928
27,35,0.27487,0.06064,-0.2695,-0.0031,4,True,True,10.52,,True,0.0076181956891305455
27,36,0.26742,0.05812,-0.2394,-0.0313,4,True,True,10.71,,True,0.01000828980178144
27,37,0.25999,0.05619,-0.2458,-0.087,4,True,True,11.27,,True,0.009647574429964086
27,38,0.25277,0.05488,-0.2441,-0.1401,4,True,True,11.96,,True,0.008166146468034263
27,39,0.24577,0.05405,-0.1923,-0.1629,4,True,True,11.84,,True,0.006775832115944235
27,40,0.23869,0.05398,-0.1409,-0.1867,4,True,True,11.85,,True,0.0071648115090113046
27,41,0.23161,0.05489,-0.1328,-0.2423,4,True,True,12.62,,True,0.007332842429372151
27,42,0.22476,0.05646,-0.1171,-0.293,4,True,True,13.32,,False,nan
27,43,0.21786,0.05831,-0.0883,-0.3084,4,True,True,13.39,,False,nan
27,44,0.21144,0.06032,-0.051,-0.3289,3,False,True,13.75,tilt,False,nan
27,45,0.20481,0.06248,-0.0307,-0.344,3,False,True,14.24,tilt,False,nan
27,46,0.19819,0.06476,-0.049,-0.3678,2,False,True,14.98,too_close,False,nan
27,47,0.19182,0.06707,-0.0478,-0.3885,2,False,True,15.12,too_close,False,nan
27,48,0.18554,0.06937,-0.0071,-0.414,2,False,True,15.57,too_close,False,nan
27,49,0.17895,0.07171,0.0172,-0.4844,2,False,True,16.84,too_close,False,nan
27,50,0.17206,0.07378,0.0342,-0.5508,2,False,True,18.24,too_close,False,nan
27,51,0.16522,0.07526,0.0569,-0.5677,2,False,True,18.89,too_close,False,nan
27,52,0.1587,0.07616,0.0858,-0.5897,2,False,True,19.71,too_close,False,nan
27,53,0.15209,0.07656,0.1301,-0.6135,1,False,True,20.77,too_close,False,nan
27,54,0.14521,0.07646,0.1697,-0.5901,1,False,True,20.85,too_close,False,nan
27,55,0.13866,0.07609,0.1922,-0.5652,1,False,True,21.5,too_close,False,nan
27,56,0.13208,0.07576,0.2176,-0.5948,1,False,True,23.22,too_close,False,nan
27,57,0.12522,0.07545,0.2349,-0.6351,1,False,True,24.41,too_close,False,nan
27,58,0.11855,0.07509,0.2278,-0.6846,1,False,True,25.63,too_close,False,nan
27,59,0.11174,0.07464,0.2506,-0.725,0,False,True,28.03,too_close,False,nan
27,60,0.10468,0.07405,0.3171,-0.7896,0,False,True,31.68,too_close,False,nan
27,61,0.0975,0.07319,0.3459,-0.8684,0,False,True,34.74,too_close,False,nan
27,62,0.09037,0.0719,0.3267,-0.9365,0,False,True,37.49,too_close,False,nan
27,63,0.08329,0.07023,0.3434,-0.977,0,False,True,40.65,too_close,False,nan
27,64,0.07628,0.06829,0.3511,-1.0312,0,False,False,44.9,lateral,False,nan
27,65,0.06918,0.06621,0.3232,-1.201,0,False,False,52.53,lateral,False,nan
27,66,0.06201,0.06384,0.3299,-1.4143,0,False,False,68.51,lateral,False,nan
27,67,0.0549,0.06092,0.3682,-1.5433,0,False,False,79.15,lateral,False,nan
27,68,0.04783,0.05749,0.3527,-1.7102,0,False,False,90.87,lateral,False,nan
27,69,0.0407,0.0537,0.2863,-2.1644,0,False,False,148.06,lateral,False,nan
27,70,0.03379,0.04936,0.2603,-2.8835,0,False,False,340.41,lateral,False,nan
27,71,0.02689,0.04426,0.3061,-3.7822,0,False,False,2499.76,lateral,False,nan
27,72,0.01972,0.03858,0.1636,-5.2903,0,False,False,534.16,lateral,False,nan
27,73,0.01336,0.03298,-2.5996,-31.572,0,False,False,8850.46,behind,False,nan
27,74,0.01386,0.0288,-2.9482,-14.949,0,False,False,672.34,behind,False,nan
28,1,0.49884,0.22409,0.4814,0.0322,4,True,True,5.59,,True,0.02925173708646279
28,2,0.49513,0.22926,0.5581,0.0244,4,True,True,5.92,,True,0.011952466088902372
28,3,0.48899,0.23394,0.6356,-0.0176,4,True,True,6.45,,True,0.010388470426394916
28,4,0.4818,0.23762,0.6694,-0.0545,3,False,True,6.78,tilt,False,nan
28,5,0.4744,0.24008,0.6518,-0.0423,4,True,True,6.76,,False,nan
28,6,0.46753,0.24142,0.6374,-0.0015,4,True,True,6.56,,True,0.01785594000284585
28,7,0.461,0.24186,0.671,0.0365,4,True,True,6.79,,False,nan
28,8,0.45386,0.24136,0.6958,0.0636,2,False,True,7.01,tilt,False,nan
28,9,0.44651,0.23975,0.6651,0.0755,4,True,True,6.89,,False,nan
28,10,0.43974,0.23716,0.628,0.0858,4,True,True,7.05,,False,nan
28,11,0.43344,0.2339,0.6257,0.0962,4,True,True,7.36,,False,nan
28,12,0.42666,0.23014,0.6094,0.0933,4,True,True,7.22,,True,0.014343547985275614
28,13,0.4199,0.22597,0.545,0.0475,4,True,True,6.69,,True,0.012004313355102091
28,14,0.41357,0.22181,0.4915,-0.0138,4,True,True,6.53,,True,0.01601228342658356
28,15,0.4072,0.21814,0.4853,-0.0344,4,True,True,6.69,,True,0.012054674322348581
28,16,0.40048,0.21502,0.5281,0.0021,4,True,True,6.96,,True,0.008747625198389328
28,17,0.39324,0.2122,0.5715,0.0344,4,True,True,7.3,,True,0.012526148904180915
28,18,0.38588,0.20934,0.5723,0.0097,4,True,True,7.54,,True,0.008876895823455631
28,19,0.37875,0.20645,0.5282,-0.0088,4,True,True,7.48,,True,0.00897937873449731
28,20,0.37326,0.2039,0.4924,-0.0118,4,True,True,7.15,,True,0.01396161511137499
28,21,0.36918,0.20204,0.505,-0.056,4,True,True,7.26,,True,0.007175686616086315
28,22,0.36416,0.20071,0.5536,-0.1205,4,True,True,7.73,,True,0.007572784933138552
28,23,0.35786,0.19956,0.5916,-0.1488,4,True,True,8.12,,False,nan
28,24,0.351,0.19829,0.5901,-0.1164,4,True,True,8.32,,False,nan
28,25,0.34521,0.19692,0.5984,-0.0958,3,False,True,8.59,tilt,False,nan
28,26,0.33943,0.19549,0.625,-0.0984,3,False,True,8.7,tilt,False,nan
28,27,0.33269,0.19385,0.6245,-0.0621,2,False,True,8.49,tilt,False,nan
28,28,0.32637,0.19203,0.6115,-0.0067,2,False,True,8.63,too_close,False,nan
28,29,0.32139,0.19019,0.6316,0.0047,2,False,True,8.98,too_close,False,nan
28,30,0.316,0.18829,0.6507,-0.0169,2,False,True,9.15,too_close,False,nan
28,31,0.30943,0.18622,0.6249,-0.0104,2,False,True,9.17,too_close,False,nan
28,32,0.30361,0.18417,0.6071,0.0124,2,False,True,9.22,too_close,False,nan
28,33,0.29886,0.18236,0.6401,-0.008,2,False,True,9.66,too_close,False,nan
28,34,0.29341,0.18064,0.6753,-0.0797,2,False,True,10.22,too_close,False,nan
28,35,0.28679,0.17876,0.6667,-0.1391,2,False,True,10.37,too_close,False,nan
28,36,0.28004,0.17671,0.6704,-0.1381,2,False,True,10.69,too_close,False,nan
28,37,0.27367,0.17452,0.6934,-0.133,2,False,True,11.12,too_close,False,nan
28,38,0.26702,0.17213,0.6769,-0.1396,2,False,True,10.71,too_close,False,nan
28,39,0.26021,0.16963,0.6651,-0.1462,2,False,True,11.06,too_close,False,nan
28,40,0.25334,0.16717,0.7056,-0.1653,2,False,True,11.46,too_close,False,nan
28,41,0.24657,0.16457,0.7305,-0.1893,2,False,True,12.04,too_close,False,nan
28,42,0.23973,0.16169,0.6872,-0.2111,2,False,True,12.16,too_close,False,nan
28,43,0.23291,0.15875,0.6509,-0.2384,2,False,True,12.48,too_close,False,nan
28,44,0.22608,0.156,0.6793,-0.2816,2,False,True,12.77,too_close,False,nan
28,45,0.21948,0.1533,0.7079,-0.2977,2,False,True,13.47,too_close,False,nan
28,46,0.21372,0.15048,0.6659,-0.272,2,False,True,13.37,too_close,False,nan
28,47,0.20877,0.14784,0.6204,-0.2781,2,False,True,12.9,too_close,False,nan
28,48,0.2033,0.14567,0.6324,-0.2844,2,False,True,13.25,too_close,False,nan
28,49,0.19722,0.14396,0.7131,-0.2752,2,False,True,14.51,too_close,False,nan
28,50,0.19136,0.14241,0.79,-0.2719,1,False,True,16.07,too_close,False,nan
28,51,0.18533,0.14067,0.7926,-0.2597,2,False,True,15.8,too_close,False,nan
28,52,0.17896,0.13879,0.7973,-0.2479,2,False,True,16.77,too_close,False,nan
28,53,0.17244,0.13687,0.8707,-0.2492,1,False,True,17.96,too_close,False,nan
28,54,0.16617,0.1347,0.9279,-0.2487,1,False,True,19.34,too_close,False,nan
28,55,0.15984,0.13209,0.908,-0.2814,1,False,True,19.55,too_close,False,nan
28,56,0.15312,0.12916,0.9004,-0.3063,1,False,True,20.47,too_close,False,nan
28,57,0.14631,0.12605,0.9403,-0.3071,1,False,True,21.53,too_close,False,nan
28,58,0.13993,0.12271,0.9411,-0.3227,1,False,True,21.96,too_close,False,nan
28,59,0.13356,0.11922,0.9061,-0.3941,1,False,True,22.29,too_close,False,nan
28,60,0.1268,0.11571,0.9191,-0.466,1,False,True,24.31,too_close,False,nan
28,61,0.11992,0.11217,0.9635,-0.4615,1,False,True,25.81,too_close,False,nan
28,62,0.11333,0.10852,0.9637,-0.4563,1,False,True,26.76,too_close,False,nan
28,63,0.10673,0.1049,0.9765,-0.5421,1,False,True,29.29,too_close,False,nan
28,64,0.09989,0.10128,1.0795,-0.6455,1,False,False,35.47,lateral,False,nan
28,65,0.09275,0.09732,1.2,-0.6608,1,False,False,40.77,lateral,False,nan
28,66,0.08549,0.09277,1.2347,-0.6441,0,False,False,42.31,lateral,False,nan
28,67,0.0781,0.08774,1.1782,-0.6879,0,False,False,42.97,lateral,False,nan
28,68,0.07057,0.08255,1.1491,-0.7248,0,False,False,44.88,lateral,False,nan
28,69,0.06305,0.07749,1.2593,-0.7546,0,False,False,51.55,lateral,False,nan
28,70,0.05556,0.07264,1.3805,-0.7855,0,False,False,58.35,lateral,False,nan
28,71,0.04814,0.06799,1.5003,-0.8945,0,False,False,68.22,lateral,False,nan
28,72,0.0407,0.06366,1.8153,-1.0821,0,False,False,91.7,lateral,False,nan
28,73,0.03353,0.05955,2.3471,-1.2745,0,False,False,137.7,lateral,False,nan
28,74,0.02657,0.05558,3.0966,-1.6354,0,False,False,173.99,lateral,False,nan
28,75,0.01945,0.05181,5.0064,-2.7842,0,False,False,333.3,lateral,False,nan
28,76,0.01285,0.04846,179.2928,-99.7651,0,False,False,11461.88,behind,False,nan
28,77,0.01401,0.04674,15.9313,-8.2088,0,False,False,2047.5,behind,False,nan
29,1,0.49787,0.23319,0.4396,-0.251,4,True,True,5.66,,True,0.0250878022225594
29,2,0.49278,0.23279,0.4955,-0.2757,4,True,True,5.97,,True,0.021153218688681797
29,3,0.48634,0.23183,0.5413,-0.2679,4,True,True,6.21,,True,0.022222631020148594
29,4,0.47983,0.22999,0.5491,-0.2448,4,True,True,6.33,,True,0.020830308595797833
29,5,0.47331,0.22729,0.5132,-0.257,4,True,True,6.42,,True,0.01707284209937509
29,6,0.46659,0.22393,0.4803,-0.3298,4,True,True,6.52,,True,0.024805016764815672
29,7,0.4595,0.21989,0.4953,-0.403,4,True,True,6.9,,True,0.020859344884436224
29,8,0.45207,0.21484,0.5156,-0.4148,4,True,True,7.37,,True,0.022231068811010033
29,9,0.44452,0.20851,0.4796,-0.3776,4,True,True,7.3,,True,0.013928253656231251
29,10,0.43718,0.20112,0.4272,-0.3556,4,True,True,6.98,,True,0.013163780419207134
29,11,0.42975,0.19306,0.4151,-0.3234,4,True,True,6.87,,True,0.012619660168464471
29,12,0.42232,0.1845,0.4104,-0.2782,4,True,True,7.03,,True,0.015816311047378132
29,13,0.41506,0.17557,0.3599,-0.2264,4,True,True,6.95,,True,0.012854314858026716
29,14,0.40809,0.16671,0.3082,-0.1962,4,True,True,6.71,,True,0.010239609688971748
29,15,0.40112,0.15837,0.2993,-0.1653,4,True,True,6.67,,True,0.019589564826778344
29,16,0.39402,0.15067,0.3345,-0.1291,4,True,True,6.99,,True,0.011869204910212783
29,17,0.38709,0.14345,0.3618,-0.1022,4,True,True,7.3,,True,0.012355253292470603
29,18,0.3802,0.13644,0.3456,-0.1017,4,True,True,7.52,,True,0.01319069997817859
29,19,0.37327,0.12963,0.3033,-0.0944,4,True,True,7.76,,True,0.00786597488914998
29,20,0.3663,0.12326,0.2783,-0.0806,4,True,True,7.79,,True,0.014792112816516184
29,21,0.35931,0.11749,0.2935,-0.0964,4,True,True,7.73,,True,0.0076888522190122904
29,22,0.35232,0.11209,0.3004,-0.112,4,True,True,7.93,,True,0.0075234035798251945
29,23,0.34523,0.10685,0.2607,-0.1012,4,True,True,7.98,,True,0.022960106010503332
29,24,0.33817,0.10198,0.2254,-0.093,4,True,True,8.14,,True,0.006234921322272655
29,25,0.33113,0.09777,0.2314,-0.1119,4,True,True,8.26,,True,0.00754814805536024
29,26,0.32402,0.0941,0.2329,-0.1268,4,True,True,8.65,,True,0.008447680689002257
29,27,0.31689,0.09082,0.2371,-0.157,4,True,True,8.79,,True,0.007176857006844481
29,28,0.30988,0.08775,0.2397,-0.183,4,True,True,9.06,,True,0.010949569274423553
29,29,0.30276,0.08467,0.2248,-0.1626,4,True,True,9.29,,True,0.00876086029304623
29,30,0.2959,0.08173,0.2268,-0.1508,4,True,True,9.65,,True,0.024986613796117003
29,31,0.28905,0.07893,0.2648,-0.1889,4,True,True,9.98,,True,0.007589606605312838
29,32,0.28255,0.07582,0.2995,-0.2203,4,True,True,10.59,,True,0.006287246696635
29,33,0.27596,0.07195,0.3018,-0.2006,4,True,True,10.85,,True,0.0067802059282280665
29,34,0.26899,0.06727,0.2601,-0.1427,4,True,True,10.86,,True,0.005552968127798865
29,35,0.26194,0.06219,0.1841,-0.0975,4,True,True,10.69,,True,0.006023168659415634
29,36,0.25473,0.05741,0.123,-0.0873,4,True,True,10.95,,True,0.005033559176354667
29,37,0.24754,0.05345,0.1053,-0.0666,4,True,True,11.3,,True,0.004625075746194602
29,38,0.24041,0.0505,0.1294,-0.0534,4,True,True,11.78,,True,0.004501848662422855
29,39,0.23321,0.04842,0.1519,-0.0837,4,True,True,12.09,,True,0.003841077232407571
29,40,0.22611,0.04687,0.1413,-0.1097,4,True,True,12.61,,True,0.004049765520891883
29,41,0.21904,0.04572,0.1427,-0.0934,4,True,True,12.84,,True,0.004905236801099491
29,42,0.21182,0.04504,0.1854,-0.0843,4,True,True,13.52,,True,0.0035059108533685053
29,43,0.20459,0.04464,0.2224,-0.1029,4,True,True,14.2,,True,0.004589887951567713
29,44,0.19749,0.04418,0.2214,-0.1031,4,True,True,15.04,,False,nan
29,45,0.19062,0.04371,0.1846,-0.1025,4,True,True,15.12,,True,0.003464835398339786
29,46,0.18387,0.04355,0.1542,-0.1451,4,True,True,15.29,,True,0.0031495083489933933
29,47,0.1768,0.04381,0.1587,-0.195,4,True,True,16.39,,False,nan
29,48,0.16948,0.04431,0.205,-0.2075,2,False,True,17.52,too_close,False,nan
29,49,0.16222,0.04477,0.258,-0.2163,1,False,True,18.44,too_close,False,nan
29,50,0.15499,0.04491,0.2687,-0.2182,1,False,True,19.3,too_close,False,nan
29,51,0.14786,0.04474,0.2467,-0.2169,1,False,True,19.91,too_close,False,nan
29,52,0.14089,0.04454,0.2463,-0.2023,1,False,True,21.23,too_close,False,nan
29,53,0.13426,0.04455,0.297,-0.1874,1,False,True,22.46,too_close,False,nan
29,54,0.1275,0.04471,0.3486,-0.2134,1,False,True,23.89,too_close,False,nan
29,55,0.12037,0.04475,0.3512,-0.2476,1,False,True,25.28,too_close,False,nan
29,56,0.11355,0.04463,0.3469,-0.2865,1,False,True,27.02,too_close,False,nan
29,57,0.10671,0.04442,0.3904,-0.3105,1,False,True,29.21,too_close,False,nan
29,58,0.09967,0.044,0.4246,-0.294,0,False,True,31.51,too_close,False,nan
29,59,0.09311,0.04347,0.3989,-0.2965,0,False,True,34.38,too_close,False,nan
29,60,0.08677,0.0432,0.383,-0.3464,0,False,True,36.25,too_close,False,nan
29,61,0.07988,0.04337,0.4386,-0.4421,0,False,True,39.29,too_close,False,nan
29,62,0.07245,0.04372,0.5464,-0.5605,0,False,True,50.06,too_close,False,nan
29,63,0.06499,0.04378,0.6225,-0.665,0,False,True,59.34,too_close,False,nan
29,64,0.05821,0.04333,0.7029,-0.782,0,False,True,71.8,too_close,False,nan
29,65,0.05164,0.04232,0.9123,-0.97,0,False,True,122.74,too_close,False,nan
29,66,0.04473,0.04034,1.1753,-1.2061,0,False,False,489.77,too_close,False,nan
29,67,0.03765,0.037,1.3033,-1.409,0,False,False,1598.75,lateral,False,nan
29,68,0.03053,0.0324,1.3398,-1.5668,0,False,False,348.23,lateral,False,nan
29,69,0.02382,0.02703,1.5987,-1.9017,0,False,False,437.5,lateral,False,nan
29,70,0.01722,0.0213,2.809,-3.2378,0,False,False,3244.33,lateral,False,nan
29,71,0.01272,0.01596,11.5711,-14.0231,0,False,False,27487.81,behind,False,nan
29,72,0.01366,0.01217,4.8799,-6.4443,0,False,False,23448.93,behind,False,nan
30,1,0.49725,0.16362,-0.147,-0.2884,4,True,True,5.53,,True,0.03046203711108513
30,2,0.49129,0.15564,-0.0996,-0.241,4,True,True,5.51,,True,0.028233688527096283
30,3,0.48405,0.14823,-0.0508,-0.2058,4,True,True,5.61,,True,0.0265449277032163
30,4,0.47647,0.14184,-0.0401,-0.208,4,True,True,5.87,,True,0.02417856197680145
30,5,0.46888,0.1365,-0.0347,-0.2056,4,True,True,5.92,,True,0.02806898628108182
30,6,0.46123,0.13215,-0.0014,-0.1688,4,True,True,5.91,,True,0.02003904372970443
30,7,0.45369,0.12917,0.0261,-0.1418,4,True,True,6.04,,True,0.02335166161191897
30,8,0.44591,0.12785,0.0195,-0.1551,4,True,True,6.14,,True,0.017030598960250273
30,9,0.43805,0.12812,-0.026,-0.208,4,True,True,6.22,,True,0.022768215105801473
30,10,0.43057,0.12946,-0.078,-0.2588,4,True,True,6.36,,True,0.022654028564479636
30,11,0.42359,0.13127,-0.0923,-0.2716,4,True,True,6.61,,True,0.02001511551375421
30,12,0.41652,0.13338,-0.1002,-0.2932,4,True,True,6.63,,True,0.015173969616011375
30,13,0.40914,0.13568,-0.1399,-0.3281,4,True,True,6.78,,True,0.011808002341861176
30,14,0.40201,0.13787,-0.1823,-0.3317,4,True,True,7.12,,True,0.0186772526080471
30,15,0.39549,0.13983,-0.1868,-0.3389,4,True,True,7.37,,True,0.020489586685012568
30,16,0.38868,0.14156,-0.1842,-0.3945,4,True,True,7.51,,True,0.015545931532062525
30,17,0.3812,0.14283,-0.1798,-0.4475,4,True,True,7.71,,True,0.018482026674955895
30,18,0.37341,0.1433,-0.1729,-0.4507,4,True,True,8.01,,True,0.01894046965005267
30,19,0.36567,0.14298,-0.1791,-0.4131,4,True,True,8.16,,True,0.018953584037032723
30,20,0.35857,0.14216,-0.1628,-0.3868,4,True,True,8.01,,True,0.016684986251593974
30,21,0.35138,0.14119,-0.1499,-0.3988,4,True,True,8.04,,True,0.01595091162964572
30,22,0.3437,0.14014,-0.1599,-0.3996,4,True,True,8.39,,True,0.019056366988231724
30,23,0.33615,0.13902,-0.1392,-0.3577,4,True,True,8.47,,True,0.017885937515597264
30,24,0.32915,0.13824,-0.1096,-0.3293,4,True,True,8.35,,True,0.01701052228021353
30,25,0.32252,0.13823,-0.12,-0.3442,4,True,True,8.55,,True,0.016362598154608596
30,26,0.31572,0.13893,-0.1407,-0.3978,4,True,True,8.82,,True,0.017761843809802134
30,27,0.30848,0.13999,-0.1635,-0.4537,4,True,True,9.36,,True,0.01585878659535832
30,28,0.30105,0.141,-0.1592,-0.4743,4,True,True,9.37,,True,0.01696691534130176
30,29,0.29382,0.14189,-0.1175,-0.4977,4,True,True,9.56,,False,nan
30,30,0.2864,0.14271,-0.1007,-0.5123,3,False,True,9.75,tilt,False,nan
30,31,0.27868,0.14353,-0.1187,-0.4967,4,True,True,10.03,,False,nan
30,32,0.27173,0.14455,-0.1566,-0.5069,4,True,True,10.24,,False,nan
30,33,0.26615,0.14579,-0.1946,-0.5672,2,False,True,10.95,too_close,False,nan
30,34,0.26003,0.14691,-0.2187,-0.6222,2,False,True,11.37,too_close,False,nan
30,35,0.25274,0.1476,-0.241,-0.6389,2,False,True,11.76,too_close,False,nan
30,36,0.24565,0.14776,-0.2256,-0.6404,2,False,True,12.11,too_close,False,nan
30,37,0.23875,0.14754,-0.1732,-0.6632,2,False,True,12.61,too_close,False,nan
30,38,0.23139,0.14707,-0.151,-0.6746,2,False,True,12.73,too_close,False,nan
30,39,0.22375,0.14644,-0.1758,-0.6363,2,False,True,12.57,too_close,False,nan
30,40,0.21699,0.14599,-0.2106,-0.6145,2,False,True,13.08,too_close,False,nan
30,41,0.21109,0.14599,-0.2105,-0.6504,2,False,True,13.75,too_close,False,nan
30,42,0.20479,0.14635,-0.1793,-0.7385,2,False,True,14.63,too_close,False,nan
30,43,0.19773,0.14675,-0.1807,-0.8236,2,False,True,15.2,too_close,False,nan
30,44,0.1904,0.14688,-0.2192,-0.8586,2,False,True,15.82,too_close,False,nan
30,45,0.1837,0.14662,-0.2224,-0.9064,1,False,True,16.69,too_close,False,nan
30,46,0.17703,0.14595,-0.1876,-0.9424,2,False,True,17.35,too_close,False,nan
30,47,0.17007,0.14487,-0.1678,-0.9624,2,False,True,17.82,too_close,False,nan
30,48,0.1632,0.14347,-0.1677,-1.0431,2,False,False,19.44,too_close,False,nan
30,49,0.1563,0.14159,-0.1642,-1.1351,1,False,False,21.55,too_close,False,nan
30,50,0.14945,0.13895,-0.1545,-1.1463,1,False,False,22.23,lateral,False,nan
30,51,0.14295,0.13558,-0.15,-1.1197,1,False,False,22.22,lateral,False,nan
30,52,0.13649,0.13176,-0.1436,-1.082,1,False,False,22.86,lateral,False,nan
30,53,0.13012,0.12775,-0.1351,-1.0857,1,False,False,23.59,lateral,False,nan
30,54,0.12377,0.12371,-0.1048,-1.0838,0,False,False,23.89,lateral,False,nan
30,55,0.11743,0.11973,-0.0611,-1.091,0,False,False,25.25,lateral,False,nan
30,56,0.11091,0.11597,-0.0517,-1.0957,0,False,False,26.99,lateral,False,nan
30,57,0.10431,0.11255,-0.0677,-1.1241,0,False,False,28.99,lateral,False,nan
30,58,0.09767,0.10953,-0.0347,-1.2084,0,False,False,31.25,lateral,False,nan
30,59,0.09106,0.10683,0.0359,-1.2579,0,False,False,33.96,lateral,False,nan
30,60,0.08445,0.10448,0.0544,-1.3331,0,False,False,37.3,lateral,False,nan
30,61,0.07747,0.10248,0.0357,-1.5485,0,False,False,40.76,lateral,False,nan
30,62,0.07006,0.10057,0.0895,-1.9757,0,False,False,58.04,lateral,False,nan
30,63,0.06253,0.09816,0.2137,-2.5808,0,False,False,98.14,lateral,False,nan
30,64,0.05517,0.0947,0.2523,-3.1585,0,False,False,161.06,lateral,False,nan
30,65,0.04794,0.08996,0.2595,-3.4575,0,False,False,179.54,lateral,False,nan
30,66,0.04062,0.08414,0.4594,-3.9468,0,False,False,235.64,lateral,False,nan
30,67,0.03316,0.07746,0.7258,-4.8032,0,False,False,371.65,lateral,False,nan
30,68,0.02559,0.07009,0.9697,-7.0154,0,False,False,850.97,lateral,False,nan
30,69,0.01809,0.06216,2.4305,-17.8731,0,False,False,3370.98,lateral,False,nan
30,70,0.01237,0.05422,1170.8213,-7329.4953,0,False,False,2227.45,behind,False,nan
30,71,0.01285,0.04772,3.7013,-21.9991,0,False,False,3423.6,behind,False,nan
31,1,0.49748,0.22201,-0.4371,0.1949,4,True,True,5.69,,True,0.015963060807695606
31,2,0.49237,0.21976,-0.4943,0.2463,4,True,True,6.2,,True,0.015240416783117796
31,3,0.487,0.21682,-0.5354,0.3122,4,True,True,6.5,,True,0.023711640477301406
31,4,0.48162,0.21263,-0.5249,0.3304,4,True,True,6.53,,True,0.02432052164574769
31,5,0.47539,0.20719,-0.4909,0.287,4,True,True,6.35,,True,0.01784156013246121
31,6,0.46856,0.20073,-0.4804,0.2373,4,True,True,6.37,,True,0.008256091917388826
31,7,0.46192,0.19342,-0.4631,0.2296,4,True,True,6.56,,True,0.013386448005455546
31,8,0.45517,0.18537,-0.393,0.23,4,True,True,6.3,,True,0.01414804085592783
31,9,0.44807,0.17697,-0.3297,0.1897,4,True,True,6.02,,True,0.012321348464174807
31,10,0.44089,0.16873,-0.3154,0.1417,4,True,True,6.18,,True,0.01731418403972523
31,11,0.43386,0.16094,-0.3231,0.133,4,True,True,6.48,,True,0.014015379507642681
31,12,0.42687,0.15348,-0.3101,0.1718,4,True,True,6.59,,True,0.010411963391631826
31,13,0.41991,0.1462,-0.3056,0.2023,4,True,True,6.73,,True,0.014422795434748024
31,14,0.41326,0.13895,-0.3031,0.1821,4,True,True,6.99,,True,0.011830781041931917
31,15,0.40643,0.13171,-0.2786,0.1489,4,True,True,7.11,,True,0.012385835759061334
31,16,0.39897,0.12467,-0.2692,0.15,4,True,True,7.13,,True,0.01166161340297158
31,17,0.3922,0.11789,-0.2855,0.1431,4,True,True,7.24,,True,0.016445391354449713
31,18,0.38573,0.11122,-0.2923,0.0878,4,True,True,7.46,,True,0.013243215966819006
31,19,0.3787,0.10464,-0.2637,0.038,4,True,True,7.57,,True,0.013021775863358334
31,20,0.37116,0.09838,-0.2412,0.0344,4,True,True,7.53,,True,0.015535156986945296
31,21,0.36372,0.09259,-0.2584,0.0531,4,True,True,7.71,,True,0.011386997160606645
31,22,0.35764,0.08706,-0.2708,0.0453,4,True,True,8.14,,True,0.011580452311010247
31,23,0.3516,0.08162,-0.2426,0.0014,4,True,True,8.33,,True,0.009748129738590579
31,24,0.34444,0.07645,-0.2198,-0.028,4,True,True,8.31,,True,0.01795619957466236
31,25,0.33695,0.07172,-0.2357,-0.0187,4,True,True,8.37,,True,0.011234712335696114
31,26,0.33064,0.06727,-0.2443,-0.0212,4,True,True,8.6,,True,0.0119453943468265
31,27,0.32431,0.06302,-0.2141,-0.063,4,True,True,8.78,,True,0.012835394976657036
31,28,0.31691,0.05916,-0.1916,-0.0942,4,True,True,8.9,,True,0.010006425071383489
31,29,0.30952,0.05584,-0.1622,-0.0874,4,True,True,8.98,,True,0.009652065784137243
31,30,0.30218,0.05327,-0.133,-0.0911,4,True,True,9.41,,True,0.009871696896823007
31,31,0.29529,0.05176,-0.1086,-0.1328,4,True,True,9.82,,True,0.009472975057303388
31,32,0.28824,0.0513,-0.1011,-0.1676,4,True,True,9.93,,True,0.010123552231963992
31,33,0.28109,0.05164,-0.0867,-0.1644,4,True,True,10.04,,True,0.007218993641617584
31,34,0.27403,0.05275,-0.0521,-0.1676,4,True,True,10.53,,True,0.008229735728444026
31,35,0.26683,0.05474,-0.0403,-0.2075,4,True,True,11.07,,True,0.008355451271229213
31,36,0.25951,0.05732,-0.0331,-0.2432,4,True,True,11.24,,True,0.009059926116853644
31,37,0.25223,0.06019,-0.0336,-0.243,4,True,True,11.27,,True,0.006313284293262158
31,38,0.24552,0.06337,-0.0226,-0.2489,4,True,True,11.63,,True,0.006624430968945274
31,39,0.23872,0.06693,0.0237,-0.2956,4,True,True,12.1,,True,0.008613926349760732
31,40,0.23138,0.07071,0.0508,-0.3412,4,True,True,12.38,,False,nan
31,41,0.22411,0.07445,0.0359,-0.3939,3,False,True,13.23,tilt,False,nan
31,42,0.21678,0.07792,-0.0039,-0.4442,2,False,True,13.74,too_close,False,nan
31,43,0.20986,0.08085,-0.0336,-0.4508,2,False,True,13.99,too_close,False,nan
31,44,0.20357,0.08333,-0.0368,-0.4606,2,False,True,14.28,too_close,False,nan
31,45,0.19709,0.08555,-0.0425,-0.5186,2,False,True,15.2,too_close,False,nan
31,46,0.18997,0.08736,-0.0365,-0.5768,2,False,True,16.27,too_close,False,nan
31,47,0.18285,0.08849,-0.0047,-0.5854,2,False,True,16.75,too_close,False,nan
31,48,0.17595,0.08906,0.0014,-0.596,2,False,True,17.18,too_close,False,nan
31,49,0.16912,0.08919,-0.0404,-0.655,2,False,True,18.58,too_close,False,nan
31,50,0.16206,0.08875,-0.0615,-0.7086,2,False,True,20.22,too_close,False,nan
31,51,0.15475,0.08757,-0.0076,-0.7032,2,False,True,20.55,too_close,False,nan
31,52,0.1474,0.08581,0.0876,-0.7019,2,False,True,21.41,too_close,False,nan
31,53,0.13985,0.08366,0.152,-0.698,1,False,True,22.41,too_close,False,nan
31,54,0.13245,0.08121,0.1716,-0.637,1,False,True,22.68,too_close,False,nan
31,55,0.12589,0.07892,0.171,-0.5769,1,False,True,24.31,too_close,False,nan
31,56,0.11954,0.07728,0.1754,-0.5764,0,False,True,25.77,too_close,False,nan
31,57,0.1126,0.07644,0.2041,-0.6527,0,False,True,27.36,too_close,False,nan
31,58,0.10539,0.07619,0.2369,-0.7486,0,False,True,29.24,too_close,False,nan
31,59,0.09815,0.0762,0.3106,-0.8576,0,False,True,32.48,too_close,False,nan
31,60,0.09073,0.07613,0.3791,-0.9679,0,False,True,37.51,too_close,False,nan
31,61,0.08338,0.07572,0.386,-1.065,0,False,False,40.9,lateral,False,nan
31,62,0.07636,0.07495,0.4289,-1.2239,0,False,False,49.11,lateral,False,nan
31,63,0.06938,0.07368,0.524,-1.4094,0,False,False,62.76,lateral,False,nan
31,64,0.06229,0.0717,0.5444,-1.5109,0,False,False,67.14,lateral,False,nan
31,65,0.05524,0.06911,0.5106,-1.683,0,False,False,75.4,lateral,False,nan
31,66,0.0482,0.06607,0.5557,-2.0285,0,False,False,104.21,lateral,False,nan
31,67,0.04102,0.06249,0.6798,-2.3964,0,False,False,141.5,lateral,False,nan
31,68,0.03383,0.05837,0.768,-2.9323,0,False,False,182.23,lateral,False,nan
31,69,0.02667,0.05386,0.795,-4.045,0,False,False,277.21,lateral,False,nan
31,70,0.01953,0.04908,0.9306,-6.2075,0,False,False,450.99,lateral,False,nan
31,71,0.01297,0.04447,6.3146,-58.1129,0,False,False,3372.71,behind,False,nan
31,72,0.01424,0.04138,1.8055,-14.913,0,False,False,5712.58,behind,False,nan
32,1,0.49768,0.21825,-0.004,0.4671,4,True,True,5.59,,True,0.017479203628906686
32,2,0.49233,0.21362,-0.0603,0.52,4,True,True,5.83,,True,0.013243010902748969
32,3,0.48534,0.20859,-0.0975,0.5719,4,True,True,6.15,,True,0.012891925934091693
32,4,0.47817,0.20262,-0.104,0.5739,4,True,True,6.28,,True,0.021579190727115366
32,5,0.47108,0.19554,-0.0947,0.5229,4,True,True,6.21,,True,0.013719735765286957
32,6,0.46378,0.18759,-0.0871,0.4803,4,True,True,6.18,,True,0.01292888133913782
32,7,0.45646,0.17902,-0.0867,0.4867,4,True,True,6.35,,True,0.011552562542123017
32,8,0.44927,0.1697,-0.0762,0.4859,4,True,True,6.5,,True,0.013597136466644011
32,9,0.44208,0.15953,-0.0482,0.4377,4,True,True,6.46,,True,0.012902846809325111
32,10,0.43471,0.14871,-0.0232,0.3971,4,True,True,6.52,,True,0.010617487372752596
32,11,0.42736,0.13746,-0.0177,0.3542,4,True,True,6.51,,True,0.0157923980321245
32,12,0.42019,0.12598,-0.0106,0.2737,4,True,True,6.62,,True,0.016279214182837533
32,13,0.41296,0.11477,0.0207,0.2024,4,True,True,6.69,,True,0.014918366052180965
32,14,0.40557,0.10434,0.0483,0.1723,4,True,True,6.85,,True,0.013317207643357603
32,15,0.39821,0.09487,0.0441,0.1742,4,True,True,6.97,,True,0.009918385441640797
32,16,0.39093,0.0862,-0.0011,0.1673,4,True,True,7.14,,True,0.013593362543923104
32,17,0.38356,0.07818,-0.0509,0.1259,4,True,True,7.29,,True,0.009244699404336367
32,18,0.3761,0.07097,-0.0648,0.091,4,True,True,7.5,,True,0.008141285508469405
32,19,0.36858,0.06477,-0.04,0.0945,4,True,True,7.62,,True,0.013196069263165777
32,20,0.36116,0.05949,-0.0217,0.1009,4,True,True,7.77,,True,0.006374816158723136
32,21,0.3539,0.05498,-0.0443,0.0757,4,True,True,7.97,,True,0.006606625932159145
32,22,0.34651,0.05132,-0.063,0.0551,4,True,True,8.2,,True,0.013763707856490472
32,23,0.33875,0.04866,-0.0442,0.0726,4,True,True,8.34,,True,0.007689507795509133
32,24,0.33093,0.04691,-0.0042,0.1273,4,True,True,8.43,,True,0.01283969349264378
32,25,0.32312,0.0456,0.0152,0.178,4,True,True,8.76,,True,0.00721189636843376
32,26,0.31508,0.04422,0.0033,0.1918,4,True,True,9.21,,True,0.006376710502583702
32,27,0.3072,0.04261,0.0091,0.1656,4,True,True,9.26,,True,0.007233205812880158
32,28,0.2998,0.04101,0.0548,0.1424,4,True,True,9.32,,True,0.008710037054654125
32,29,0.29284,0.03964,0.0933,0.1572,4,True,True,9.78,,True,0.006595205393563866
32,30,0.28564,0.03827,0.0985,0.1672,4,True,True,10.19,,True,0.007164161626387359
32,31,0.27824,0.03674,0.1164,0.1343,4,True,True,10.22,,True,0.009567603616848998
32,32,0.27117,0.03518,0.1297,0.1023,4,True,True,10.44,,True,0.008620957937726735
32,33,0.26426,0.03374,0.1007,0.0678,4,True,True,10.72,,True,0.008098651615420246
32,34,0.25715,0.03277,0.075,0.0357,4,True,True,11.15,,True,0.0051048913523343165
32,35,0.24983,0.0327,0.0879,0.0155,4,True,True,11.38,,True,0.007666877966059433
32,36,0.24257,0.03353,0.1379,-0.023,4,True,True,12.02,,True,0.008449935358501935
32,37,0.23567,0.03491,0.1852,-0.0492,4,True,True,12.72,,True,0.005480414857962051
32,38,0.22874,0.0364,0.1938,-0.0349,4,True,True,13.02,,True,0.010306186074225168
32,39,0.22155,0.03782,0.2054,-0.0298,4,True,True,13.41,,True,0.006845257371893891
32,40,0.21421,0.0391,0.2571,-0.0159,4,True,True,14.05,,False,nan
32,41,0.20714,0.0399,0.3031,0.028,3,False,True,14.64,tilt,False,nan
32,42,0.20021,0.03987,0.3056,0.0533,2,False,True,15.32,tilt,False,nan
32,43,0.19304,0.03902,0.2657,0.0745,2,False,True,15.18,tilt,False,nan
32,44,0.18566,0.0377,0.2253,0.0958,4,True,True,15.79,,False,nan
32,45,0.17825,0.03621,0.2181,0.1351,3,False,True,16.59,tilt,False,nan
32,46,0.17105,0.03454,0.2055,0.1699,2,False,True,17.61,tilt,False,nan
32,47,0.16396,0.0326,0.1597,0.1579,3,False,True,17.93,tilt,False,nan
32,48,0.15683,0.03069,0.1204,0.1536,3,False,True,18.49,too_close,False,nan
32,49,0.14969,0.02908,0.1165,0.1954,2,False,True,20.1,too_close,False,nan
32,50,0.14271,0.02753,0.1114,0.2315,1,False,True,21.86,too_close,False,nan
32,51,0.13578,0.02572,0.0792,0.2213,1,False,True,22.82,too_close,False,nan
32,52,0.12871,0.02373,0.0558,0.2147,0,False,True,24.16,too_close,False,nan
32,53,0.12163,0.02172,0.0665,0.2033,0,False,True,25.58,too_close,False,nan
32,54,0.11437,0.01971,0.0796,0.1502,0,False,True,27.22,too_close,False,nan
32,55,0.10689,0.01798,0.0659,0.0995,0,False,True,28.88,too_close,False,nan
32,56,0.09942,0.01703,0.0651,0.0903,0,False,True,31.4,too_close,False,nan
32,57,0.09209,0.01712,0.1123,0.0827,0,False,True,34.19,too_close,False,nan
32,58,0.08465,0.01817,0.2135,0.0825,0,False,True,38.2,too_close,False,nan
32,59,0.07723,0.0197,0.3288,0.0809,0,False,True,43.45,too_close,False,nan
32,60,0.06991,0.02112,0.4102,0.0459,0,False,True,52.28,too_close,False,nan
32,61,0.0625,0.02221,0.5086,0.038,0,False,True,66.11,too_close,False,nan
32,62,0.0551,0.02285,0.6168,0.0882,0,False,True,77.24,too_close,False,nan
32,63,0.04794,0.02285,0.6848,0.1246,0,False,True,82.64,too_close,False,nan
32,64,0.04103,0.02243,0.778,0.1336,0,False,True,105.77,too_close,False,nan
32,65,0.03397,0.02186,1.0111,0.2256,0,False,False,165.18,too_close,False,nan
32,66,0.0269,0.02118,1.5307,0.5109,0,False,False,319.59,lateral,False,nan
32,67,0.02028,0.02009,2.8098,1.1689,0,False,False,2799.63,lateral,False,nan
32,68,0.01401,0.01856,8.0088,4.1572,0,False,False,4452.39,behind,False,nan
32,69,0.01418,0.01777,7.9696,5.3403,0,False,False,7343.96,behind,False,nan
33,1,0.49948,0.16309,0.2803,0.233,4,True,True,5.59,,True,0.02875826701622083
33,2,0.49688,0.16994,0.3545,0.2598,4,True,True,5.87,,True,0.015009539079563794
33,3,0.49149,0.1763,0.4233,0.2577,4,True,True,6.1,,True,0.017100606270493052
33,4,0.48501,0.18171,0.4572,0.2521,4,True,True,6.32,,True,0.014937621468926795
33,5,0.47876,0.18596,0.4483,0.2826,4,True,True,6.47,,True,0.014838478522303784
33,6,0.47328,0.18897,0.4304,0.3258,4,True,True,6.39,,True,0.01738151368130828
33,7,0.46856,0.19078,0.4505,0.3293,4,True,True,6.51,,True,0.010207045210850413
33,8,0.46261,0.19156,0.4785,0.2796,4,True,True,6.68,,True,0.014186523751566886
33,9,0.45567,0.19136,0.4722,0.2249,4,True,True,6.56,,True,0.016230864221258356
33,10,0.44908,0.19038,0.421,0.2133,4,True,True,6.36,,True,0.013089411746276614
33,11,0.44337,0.18903,0.3722,0.2601,4,True,True,6.29,,True,0.012216885702302456
33,12,0.43871,0.18752,0.3688,0.3038,4,True,True,6.48,,True,0.014509954046896185
33,13,0.43314,0.18576,0.3743,0.2967,4,True,True,6.51,,True,0.013203740248315837
33,14,0.4269,0.18373,0.3423,0.2957,4,True,True,6.48,,True,0.013493630028008085
33,15,0.42186,0.18162,0.3035,0.3022,4,True,True,6.51,,True,0.014082512376072354
33,16,0.41762,0.17967,0.3045,0.2689,4,True,True,6.79,,True,0.010849749220934657
33,17,0.41266,0.17804,0.315,0.2281,4,True,True,6.83,,True,0.01384393379282227
33,18,0.40734,0.1769,0.3012,0.2168,4,True,True,6.59,,True,0.01562670304970658
33,19,0.40259,0.17648,0.2981,0.2518,4,True,True,6.58,,True,0.014072864839888191
33,20,0.39822,0.1767,0.3264,0.3004,4,True,True,6.85,,True,0.010285684652175482
33,21,0.39301,0.17719,0.3626,0.3135,4,True,True,7.11,,True,0.016021220394698898
33,22,0.38699,0.17769,0.3802,0.2742,4,True,True,7.1,,True,0.011421492950917888
33,23,0.38127,0.17826,0.406,0.2451,4,True,True,7.19,,True,0.008828328934908718
33,24,0.37549,0.17897,0.4574,0.2752,4,True,True,7.72,,True,0.009797189021700214
33,25,0.36922,0.17949,0.4978,0.3001,4,True,True,8.2,,True,0.008876390599803885
33,26,0.36284,0.17948,0.5032,0.2642,4,True,True,8.2,,True,0.009328920003030122
33,27,0.35694,0.17901,0.4999,0.2303,4,True,True,8.08,,True,0.008526073062116677
33,28,0.35136,0.1783,0.526,0.2553,4,True,True,8.34,,True,0.008777031413265734
33,29,0.34551,0.17723,0.551,0.2759,4,True,True,8.63,,True,0.007329054529179252
33,30,0.33948,0.17558,0.5372,0.2335,4,True,True,8.62,,True,0.010504865676514642
33,31,0.33377,0.17354,0.5296,0.202,4,True,True,8.83,,True,0.009712908646434891
33,32,0.3282,0.1713,0.5662,0.236,3,False,True,9.31,tilt,False,nan
33,33,0.32261,0.16863,0.5969,0.2697,2,False,True,9.74,tilt,False,nan
33,34,0.31705,0.16525,0.5826,0.2411,3,False,True,9.79,tilt,False,nan
33,35,0.31125,0.16132,0.5164,0.1726,4,True,True,9.2,,True,0.0076230694374342925
33,36,0.30587,0.15742,0.4555,0.1337,4,True,True,8.86,,True,0.011135880598222478
33,37,0.30216,0.15421,0.4452,0.1332,4,True,True,9.19,,True,0.008196845247487101
33,38,0.29842,0.15173,0.4855,0.1131,4,True,True,9.48,,True,0.01159673511514568
33,39,0.29319,0.14972,0.527,0.0518,4,True,True,9.72,,False,nan
33,40,0.28719,0.14795,0.5275,0.0067,4,True,True,9.9,,False,nan
33,41,0.28144,0.14644,0.5274,0.0212,3,False,True,10.14,too_close,False,nan
33,42,0.27643,0.1452,0.5597,0.0299,2,False,True,10.69,too_close,False,nan
33,43,0.27105,0.14403,0.5835,0.005,2,False,True,10.85,too_close,False,nan
33,44,0.2649,0.14277,0.5634,0.0063,2,False,True,10.61,too_close,False,nan
33,45,0.25962,0.14156,0.5499,0.025,2,False,True,10.78,too_close,False,nan
33,46,0.25506,0.14057,0.5849,0.0042,2,False,True,11.6,too_close,False,nan
33,47,0.24993,0.13964,0.6179,-0.0357,2,False,True,12.02,too_close,False,nan
33,48,0.24388,0.13859,0.6054,-0.0373,2,False,True,11.82,too_close,False,nan
33,49,0.23827,0.13749,0.6023,-0.0199,2,False,True,12.2,too_close,False,nan
33,50,0.23313,0.13646,0.65,-0.0378,2,False,True,13.34,too_close,False,nan
33,51,0.22764,0.13527,0.6919,-0.0728,2,False,True,14.02,too_close,False,nan
33,52,0.22134,0.1337,0.6821,-0.0726,2,False,True,13.71,too_close,False,nan
33,53,0.21513,0.13179,0.6522,-0.0364,2,False,True,13.5,too_close,False,nan
33,54,0.21018,0.12982,0.6521,-0.0306,2,False,True,13.78,too_close,False,nan
33,55,0.20495,0.1279,0.6483,-0.0499,2,False,True,13.89,too_close,False,nan
33,56,0.19892,0.12609,0.623,-0.0308,2,False,True,14.65,too_close,False,nan
33,57,0.19415,0.12473,0.6258,0.0048,2,False,True,15.11,too_close,False,nan
33,58,0.19027,0.12398,0.6824,-0.0066,2,False,True,16.04,too_close,False,nan
33,59,0.18534,0.12359,0.7453,-0.0883,2,False,True,17.39,too_close,False,nan
33,60,0.17899,0.12325,0.7665,-0.1703,2,False,True,18.21,too_close,False,nan
33,61,0.17211,0.12291,0.7407,-0.2123,2,False,True,17.72,too_close,False,nan
33,62,0.1665,0.12279,0.7275,-0.2835,1,False,True,17.16,too_close,False,nan
33,63,0.16129,0.12305,0.7643,-0.3922,1,False,True,18.91,too_close,False,nan
33,64,0.15516,0.12346,0.7957,-0.4653,1,False,True,20.24,too_close,False,nan
33,65,0.14914,0.12379,0.7785,-0.4526,1,False,True,19.66,too_close,False,nan
33,66,0.14544,0.12426,0.7654,-0.4524,1,False,True,19.29,too_close,False,nan
33,67,0.14157,0.1251,0.8117,-0.5463,1,False,True,21.09,too_close,False,nan
33,68,0.13579,0.12606,0.8707,-0.6453,1,False,True,23.36,too_close,False,nan
33,69,0.1298,0.12687,0.8825,-0.6488,1,False,True,23.26,too_close,False,nan
33,70,0.12522,0.12763,0.901,-0.6675,1,False,True,23.64,too_close,False,nan
33,71,0.12053,0.12848,0.9928,-0.8127,1,False,True,27.47,too_close,False,nan
33,72,0.11457,0.1291,1.1068,-0.9795,1,False,False,33.0,too_close,False,nan
33,73,0.10848,0.12906,1.1579,-1.0151,1,False,False,34.28,lateral,False,nan
33,74,0.10314,0.12833,1.0928,-0.9795,1,False,False,31.22,lateral,False,nan
33,75,0.09798,0.12736,1.0225,-1.0382,1,False,False,30.69,lateral,False,nan
33,76,0.09209,0.12649,1.0438,-1.1356,1,False,False,32.93,lateral,False,nan
33,77,0.086,0.12577,1.1696,-1.2376,1,False,False,36.37,lateral,False,nan
33,78,0.08053,0.1251,1.2349,-1.3045,1,False,False,38.21,lateral,False,nan
33,79,0.075,0.1245,1.2437,-1.4326,1,False,False,41.63,lateral,False,nan
33,80,0.06865,0.12408,1.3564,-1.6379,1,False,False,49.23,lateral,False,nan
33,81,0.06219,0.1238,1.5713,-1.8549,1,False,False,56.92,lateral,False,nan
33,82,0.05578,0.12361,1.8467,-2.2009,1,False,False,63.9,lateral,False,nan
33,83,0.04899,0.1234,2.2055,-2.7753,0,False,False,85.93,lateral,False,nan
33,84,0.04201,0.12305,2.8278,-3.5389,0,False,False,115.01,lateral,False,nan
33,85,0.03569,0.12246,3.9471,-4.6473,0,False,False,172.72,lateral,False,nan
33,86,0.0296,0.12157,6.202,-7.19,0,False,False,2222.18,lateral,False,nan
33,87,0.0233,0.12029,14.1143,-17.073,0,False,False,1526.62,lateral,False,nan
33,88,0.01722,0.1186,65.8655,-78.7057,0,False,False,702.14,behind,False,nan
33,89,0.01316,0.11676,28.8323,-31.7975,0,False,False,1701.08,behind,False,nan
33,90,0.0136,0.11539,-174.7798,190.6923,0,False,False,1264.32,behind,False,nan
33,91,0.01657,0.11399,30.0902,-32.3898,0,False,False,4144.31,behind,False,nan
33,92,0.01967,0.11239,24.558,-24.5173,0,False,False,779.55,lateral,False,nan
33,93,0.01899,0.11063,158.6231,-145.5287,0,False,False,393.49,behind,False,nan
33,94,0.01907,0.10839,21.3281,-18.8459,0,False,False,1721.93,lateral,False,nan
33,95,0.02135,0.10576,8.0179,-7.1903,0,False,False,704.11,lateral,False,nan
33,96,0.02186,0.10317,5.8044,-5.2375,0,False,False,544.99,lateral,False,nan
33,97,0.02261,0.10096,5.9581,-5.0563,0,False,False,596.25,lateral,False,nan
33,98,0.02379,0.09907,7.6173,-6.0072,0,False,False,542.22,lateral,False,nan
33,99,0.02166,0.09714,12.2427,-9.4631,0,False,False,19455.72,lateral,False,nan
33,100,0.0164,0.09499,98.434,-77.9284,0,False,False,3873.74,behind,False,nan
33,101,0.01303,0.09329,38.8168,-30.8202,0,False,False,1766.6,behind,False,nan
34,1,0.49839,0.23676,0.1587,-0.4868,4,True,True,5.64,,True,0.01877980451820941
34,2,0.49422,0.23789,0.2224,-0.5564,4,True,True,6.03,,True,0.018214128852549655
34,3,0.48818,0.23842,0.2617,-0.6336,4,True,True,6.39,,False,nan
34,4,0.48126,0.2377,0.2613,-0.6583,3,False,True,6.56,tilt,False,nan
34,5,0.47414,0.23551,0.243,-0.6177,4,True,True,6.43,,False,nan
34,6,0.46729,0.23204,0.2059,-0.5781,4,True,True,6.29,,True,0.025536106304859554
34,7,0.46074,0.22765,0.1711,-0.5951,4,True,True,6.4,,True,0.024461347341300368
34,8,0.45375,0.22241,0.1753,-0.6096,4,True,True,6.59,,True,0.02064663663842383
34,9,0.4463,0.2162,0.1928,-0.5688,4,True,True,6.64,,True,0.01248402569432236
34,10,0.439,0.20911,0.1697,-0.5291,4,True,True,6.73,,True,0.01579477674794336
34,11,0.43179,0.20144,0.1331,-0.5263,4,True,True,6.7,,True,0.0154599774667277
34,12,0.42425,0.1933,0.134,-0.5082,4,True,True,6.7,,True,0.016712405518539284
34,13,0.41651,0.18473,0.1485,-0.4415,4,True,True,6.78,,True,0.024146039959093733
34,14,0.40896,0.17604,0.1268,-0.3807,4,True,True,6.82,,True,0.015245947169382679
34,15,0.40173,0.16772,0.099,-0.3682,4,True,True,6.75,,True,0.015461098557692473
34,16,0.39443,0.15991,0.1128,-0.3525,4,True,True,6.93,,True,0.014191750381243677
34,17,0.38695,0.15258,0.1374,-0.3383,4,True,True,7.08,,True,0.010530144148047557
34,18,0.37954,0.14572,0.1537,-0.339,4,True,True,7.33,,True,0.02265414227413057
34,19,0.37203,0.13917,0.1826,-0.3235,4,True,True,7.48,,True,0.014957004513511854
34,20,0.36444,0.13287,0.2069,-0.2984,4,True,True,7.86,,True,0.006719346586283103
34,21,0.35687,0.12681,0.205,-0.2923,4,True,True,7.88,,True,0.01070514936570026
34,22,0.34944,0.12096,0.1753,-0.2821,4,True,True,7.95,,True,0.009650872918743619
34,23,0.34214,0.11537,0.1505,-0.2865,4,True,True,8.17,,True,0.024640626613579075
34,24,0.33471,0.11006,0.1661,-0.2874,4,True,True,8.59,,True,0.008372851649704615
34,25,0.32718,0.1049,0.1884,-0.2441,4,True,True,8.68,,True,0.008638625032074819
34,26,0.31974,0.10002,0.1734,-0.2068,4,True,True,8.82,,True,0.009540959853515829
34,27,0.31231,0.0957,0.1288,-0.2141,4,True,True,9.07,,True,0.009051368018247002
34,28,0.30483,0.09205,0.1026,-0.2168,4,True,True,9.43,,True,0.0095974699219355
34,29,0.29728,0.08912,0.1223,-0.2204,4,True,True,9.55,,True,0.009916327915840392
34,30,0.28991,0.08682,0.1379,-0.2624,4,True,True,9.73,,True,0.008422253505885005
34,31,0.28254,0.08475,0.1067,-0.3037,4,True,True,10.22,,True,0.008473244036150964
34,32,0.27496,0.08265,0.0821,-0.3034,4,True,True,10.65,,True,0.005168551358349665
34,33,0.26741,0.08058,0.1079,-0.3024,4,True,True,10.77,,True,0.008616920040377448
34,34,0.26005,0.07852,0.1264,-0.2934,4,True,True,10.92,,True,0.00683715422241825
34,35,0.25275,0.07644,0.0976,-0.2895,4,True,True,11.44,,True,0.007833816556289923
34,36,0.2454,0.07454,0.0797,-0.2779,4,True,True,11.93,,True,0.006890111681027799
34,37,0.23803,0.073,0.1128,-0.2661,4,True,True,12.07,,True,0.006455426197481859
34,38,0.23076,0.07191,0.1628,-0.2933,4,True,True,12.41,,True,0.00717234151506866
34,39,0.22354,0.07094,0.2232,-0.3248,4,True,True,13.38,,False,nan
34,40,0.21616,0.06966,0.2805,-0.3173,3,False,True,14.41,tilt,False,nan
34,41,0.20854,0.06783,0.3096,-0.2583,3,False,True,14.85,tilt,False,nan
34,42,0.20098,0.06562,0.2992,-0.2007,3,False,True,14.92,tilt,False,nan
34,43,0.19361,0.06337,0.2716,-0.1924,3,False,True,15.26,tilt,False,nan
34,44,0.18629,0.06132,0.2705,-0.184,3,False,True,15.93,tilt,False,nan
34,45,0.1789,0.05955,0.2698,-0.1746,3,False,True,16.59,too_close,False,nan
34,46,0.17168,0.05815,0.2754,-0.2113,2,False,True,17.11,too_close,False,nan
34,47,0.16456,0.05695,0.3133,-0.2629,1,False,True,18.31,too_close,False,nan
34,48,0.15718,0.05552,0.344,-0.2793,1,False,True,19.39,too_close,False,nan
34,49,0.14968,0.05364,0.3395,-0.2436,1,False,True,20.37,too_close,False,nan
34,50,0.14244,0.05155,0.291,-0.2153,1,False,True,21.36,too_close,False,nan
34,51,0.13521,0.04979,0.2414,-0.2447,1,False,True,22.2,too_close,False,nan
34,52,0.12796,0.04866,0.2351,-0.2977,1,False,True,23.27,too_close,False,nan
34,53,0.12078,0.04805,0.237,-0.3242,1,False,True,24.83,too_close,False,nan
34,54,0.11347,0.04793,0.2035,-0.3615,0,False,True,26.89,too_close,False,nan
34,55,0.10598,0.04839,0.1705,-0.4616,0,False,True,28.83,too_close,False,nan
34,56,0.09851,0.04921,0.1903,-0.5697,0,False,True,33.49,too_close,False,nan
34,57,0.09103,0.04993,0.2865,-0.63,0,False,True,37.43,too_close,False,nan
34,58,0.08352,0.05028,0.3945,-0.7043,0,False,True,44.07,too_close,False,nan
34,59,0.07607,0.04999,0.4488,-0.8446,0,False,True,56.59,too_close,False,nan
34,60,0.06872,0.04874,0.4562,-0.9724,0,False,True,70.28,too_close,False,nan
34,61,0.06133,0.0464,0.4957,-1.0152,0,False,False,78.11,too_close,False,nan
34,62,0.05394,0.04313,0.6004,-1.092,0,False,False,100.12,too_close,False,nan
34,63,0.04647,0.03895,0.6649,-1.1964,0,False,False,135.98,lateral,False,nan
34,64,0.03888,0.03389,0.6522,-1.2001,0,False,False,120.31,lateral,False,nan
34,65,0.03137,0.0284,0.6349,-1.2139,0,False,False,169.37,lateral,False,nan
34,66,0.02462,0.02313,0.716,-1.4034,0,False,False,383.43,lateral,False,nan
34,67,0.01819,0.01841,1.1739,-2.3296,0,False,False,302127.51,lateral,False,nan
34,68,0.01291,0.01433,6.3983,-12.1893,0,False,False,3469.66,behind,False,nan
34,69,0.01298,0.01189,5.4731,-11.3412,0,False,False,7022.08,behind,False,nan
35,1,0.49725,0.17563,0.1601,-0.2994,4,True,True,5.46,,True,0.027604668015443794
35,2,0.49191,0.17206,0.1506,-0.2895,4,True,True,5.51,,True,0.02269058373523647
35,3,0.48568,0.16874,0.1776,-0.32,4,True,True,5.67,,True,0.02419960672695608
35,4,0.47873,0.1654,0.206,-0.3443,4,True,True,5.91,,True,0.02166147566613871
35,5,0.4713,0.16169,0.1911,-0.329,4,True,True,5.94,,True,0.02354502020670982
35,6,0.46416,0.15768,0.174,-0.3229,4,True,True,6.01,,True,0.01918443368283914
35,7,0.45725,0.15349,0.2011,-0.3098,4,True,True,6.17,,True,0.01951299379185361
35,8,0.4499,0.14911,0.2351,-0.2519,4,True,True,6.26,,True,0.013175762524637659
35,9,0.44222,0.14478,0.2315,-0.2006,4,True,True,6.44,,True,0.014107534914511968
35,10,0.43468,0.14091,0.184,-0.1948,4,True,True,6.4,,True,0.0195482905693107
35,11,0.42784,0.13784,0.1366,-0.236,4,True,True,6.43,,True,0.016698820338265308
35,12,0.42119,0.13552,0.1285,-0.2743,4,True,True,6.73,,True,0.01582185793831323
35,13,0.41427,0.13366,0.1267,-0.2711,4,True,True,6.82,,True,0.015303441080257862
35,14,0.4072,0.13227,0.0977,-0.2713,4,True,True,6.74,,True,0.014867697998053013
35,15,0.40058,0.1315,0.0728,-0.316,4,True,True,7.01,,True,0.017538226483724027
35,16,0.39377,0.1311,0.0544,-0.3642,4,True,True,7.14,,True,0.015113301416694657
35,17,0.38658,0.13069,0.0198,-0.374,4,True,True,7.23,,True,0.013015679088650143
35,18,0.37978,0.13019,0.0043,-0.388,4,True,True,7.55,,True,0.014547566310006192
35,19,0.37273,0.12956,0.0211,-0.3987,4,True,True,7.83,,True,0.013362763229913487
35,20,0.36518,0.12869,0.0166,-0.3689,4,True,True,7.73,,True,0.011475295876430494
35,21,0.35798,0.12778,-0.0225,-0.3448,4,True,True,7.71,,True,0.012414256403334711
35,22,0.35137,0.12716,-0.0425,-0.3625,4,True,True,8.08,,True,0.016357026792264032
35,23,0.34477,0.12681,-0.0264,-0.3757,4,True,True,8.4,,True,0.014212569505665565
35,24,0.3377,0.12664,0.0135,-0.3957,4,True,True,8.45,,True,0.012192458773203747
35,25,0.33052,0.12652,0.0549,-0.4131,4,True,True,8.57,,True,0.013486859984209919
35,26,0.32342,0.12628,0.0786,-0.4352,4,True,True,9.05,,True,0.014257937094225619
35,27,0.31649,0.1258,0.1043,-0.453,4,True,True,9.51,,True,0.010980522968858923
35,28,0.30953,0.12496,0.146,-0.435,4,True,True,9.55,,True,0.011952435398960348
35,29,0.3026,0.12383,0.1767,-0.4258,4,True,True,9.53,,True,0.010514149850156609
35,30,0.29592,0.12245,0.1817,-0.4535,4,True,True,9.87,,True,0.011337535922880611
35,31,0.2891,0.12068,0.1887,-0.4776,4,True,True,10.24,,False,nan
35,32,0.28214,0.11832,0.2124,-0.4677,4,True,True,10.47,,False,nan
35,33,0.27524,0.11536,0.23,-0.4138,4,True,True,10.85,,False,nan
35,34,0.26848,0.11214,0.2239,-0.3572,4,True,True,10.84,,True,0.010257597822875648
35,35,0.26191,0.10911,0.1782,-0.3426,4,True,True,10.86,,True,0.010169332509571465
35,36,0.25523,0.10654,0.122,-0.3347,4,True,True,11.1,,True,0.00925194448918812
35,37,0.2487,0.1047,0.1029,-0.3363,4,True,True,11.56,,True,0.009845618747681225
35,38,0.24229,0.10367,0.0935,-0.3779,4,True,True,11.7,,True,0.009751517095189555
35,39,0.23555,0.10323,0.0863,-0.4218,4,True,True,11.93,,False,nan
35,40,0.22897,0.10312,0.098,-0.432,4,True,True,12.57,,False,nan
35,41,0.22279,0.1033,0.1066,-0.4499,2,False,True,13.18,too_close,False,nan
35,42,0.2167,0.1037,0.0974,-0.5108,2,False,True,13.41,too_close,False,nan
35,43,0.21012,0.10406,0.0913,-0.5738,2,False,True,14.2,too_close,False,nan
35,44,0.20315,0.10407,0.0995,-0.5988,2,False,True,14.84,too_close,False,nan
35,45,0.19677,0.10364,0.136,-0.5712,2,False,True,15.1,too_close,False,nan
35,46,0.19082,0.10297,0.1828,-0.5415,2,False,True,15.06,too_close,False,nan
35,47,0.18476,0.10232,0.2132,-0.5592,2,False,True,15.67,too_close,False,nan
35,48,0.1783,0.10168,0.2421,-0.5856,1,False,True,16.38,too_close,False,nan
35,49,0.17196,0.10094,0.2645,-0.5643,1,False,True,16.96,too_close,False,nan
35,50,0.16633,0.10025,0.269,-0.5348,1,False,True,17.4,too_close,False,nan
35,51,0.16045,0.0999,0.2823,-0.5585,1,False,True,18.27,too_close,False,nan
35,52,0.15377,0.09989,0.3175,-0.6018,1,False,True,19.27,too_close,False,nan
35,53,0.14724,0.10009,0.3657,-0.6215,1,False,True,20.32,too_close,False,nan
35,54,0.14134,0.10046,0.4103,-0.6503,1,False,True,22.06,too_close,False,nan
35,55,0.13546,0.10092,0.4435,-0.7161,1,False,True,22.9,too_close,False,nan
35,56,0.12886,0.10129,0.4783,-0.7981,1,False,True,24.4,too_close,False,nan
35,57,0.12223,0.10134,0.4555,-0.8456,1,False,True,26.0,too_close,False,nan
35,58,0.11656,0.10112,0.381,-0.8821,1,False,True,26.8,too_close,False,nan
35,59,0.11063,0.1009,0.3566,-0.9778,1,False,True,28.03,too_close,False,nan
35,60,0.10364,0.10062,0.4134,-1.0826,1,False,False,31.81,too_close,False,nan
35,61,0.09633,0.10013,0.5036,-1.1406,0,False,False,34.2,lateral,False,nan
35,62,0.08941,0.09938,0.6177,-1.2644,0,False,False,39.61,lateral,False,nan
35,63,0.08285,0.0982,0.7622,-1.4416,1,False,False,49.55,lateral,False,nan
35,64,0.07635,0.09627,0.9537,-1.644,0,False,False,67.03,lateral,False,nan
35,65,0.06955,0.09332,1.1922,-1.9045,0,False,False,104.72,lateral,False,nan
35,66,0.06254,0.08905,1.2941,-2.0752,0,False,False,133.38,lateral,False,nan
35,67,0.05569,0.08342,1.1988,-2.0366,0,False,False,103.98,lateral,False,nan
35,68,0.049,0.07683,1.1984,-2.0479,0,False,False,99.6,lateral,False,nan
35,69,0.04233,0.06966,1.4128,-2.4161,0,False,False,161.03,lateral,False,nan
35,70,0.03566,0.06182,1.6053,-2.9873,0,False,False,358.2,lateral,False,nan
35,71,0.02895,0.05319,1.616,-3.2837,0,False,False,284.89,lateral,False,nan
35,72,0.0224,0.04405,1.9627,-3.9336,0,False,False,336.14,lateral,False,nan
35,73,0.01581,0.03476,5.1797,-9.9897,0,False,False,26528.22,lateral,False,nan
35,74,0.01229,0.02601,67.7001,-133.6832,0,False,False,1853.44,behind,False,nan
36,1,0.49763,0.18045,0.2582,0.2986,4,True,True,5.67,,True,0.02124151024961452
36,2,0.49233,0.18602,0.3188,0.3675,4,True,True,6.11,,True,0.01826993044072841
36,3,0.48592,0.19094,0.3605,0.4461,4,True,True,6.38,,True,0.01509162442948932
36,4,0.47904,0.19459,0.3582,0.4773,4,True,True,6.51,,True,0.01244872797074072
36,5,0.47181,0.19684,0.3389,0.4543,4,True,True,6.41,,True,0.01417781822452154
36,6,0.4646,0.19793,0.3318,0.4463,4,True,True,6.43,,True,0.01832230329354981
36,7,0.45728,0.19808,0.3086,0.4924,4,True,True,6.6,,True,0.01675902293981508
36,8,0.45013,0.19718,0.2569,0.5247,4,True,True,6.66,,True,0.017299760496672992
36,9,0.44322,0.19523,0.2333,0.4991,4,True,True,6.6,,True,0.016728360347111157
36,10,0.43637,0.19249,0.2476,0.4687,4,True,True,6.62,,True,0.0103211554546233
36,11,0.42937,0.18917,0.2439,0.4781,4,True,True,6.82,,True,0.014543367273794868
36,12,0.42211,0.18526,0.206,0.4759,4,True,True,6.97,,True,0.018684300024282386
36,13,0.41502,0.18086,0.1493,0.4216,4,True,True,6.73,,True,0.012966479769795548
36,14,0.4085,0.1765,0.0996,0.3791,4,True,True,6.59,,True,0.016229648715699697
36,15,0.40219,0.17268,0.0762,0.3874,4,True,True,6.86,,True,0.01284488567078772
36,16,0.3955,0.16944,0.0545,0.3937,4,True,True,7.11,,True,0.01266669284972438
36,17,0.38863,0.16673,0.0573,0.3576,4,True,True,7.02,,True,0.014572572442034616
36,18,0.38207,0.16483,0.0993,0.33,4,True,True,7.07,,True,0.013105869608988232
36,19,0.37538,0.16386,0.1291,0.3478,4,True,True,7.38,,True,0.01137762298286709
36,20,0.36821,0.16361,0.1275,0.4063,4,True,True,7.74,,True,0.012023537659129327
36,21,0.36088,0.16373,0.1481,0.4571,4,True,True,7.84,,True,0.04229759861198327
36,22,0.35358,0.16383,0.2025,0.4692,4,True,True,7.99,,True,0.011548208131199555
36,23,0.34628,0.1637,0.2294,0.4566,4,True,True,8.42,,True,0.011566912016037927
36,24,0.33907,0.16341,0.2184,0.454,4,True,True,8.69,,True,0.012927633163387442
36,25,0.33197,0.16311,0.1884,0.4857,4,True,True,8.6,,True,0.012518004147544034
36,26,0.32532,0.16275,0.1586,0.5154,4,True,True,8.63,,True,0.01101127000824425
36,27,0.3188,0.16227,0.1414,0.5116,4,True,True,8.88,,True,0.010791596756859532
36,28,0.31216,0.16177,0.1216,0.5152,4,True,True,9.16,,True,0.010893886165807727
36,29,0.30551,0.16136,0.1291,0.5595,3,False,True,9.25,tilt,False,nan
36,30,0.29849,0.16085,0.1713,0.6029,2,False,True,9.78,tilt,False,nan
36,31,0.29118,0.15993,0.1816,0.6036,2,False,True,9.98,tilt,False,nan
36,32,0.28413,0.15859,0.1553,0.556,2,False,True,10.0,too_close,False,nan
36,33,0.27782,0.15727,0.1591,0.5129,4,True,True,9.81,,True,0.011849221086662812
36,34,0.27187,0.15638,0.2039,0.5203,3,False,True,10.15,too_close,False,nan
36,35,0.26544,0.15591,0.2273,0.5411,2,False,True,10.41,too_close,False,nan
36,36,0.2589,0.15574,0.2151,0.5241,3,False,True,10.59,too_close,False,nan
36,37,0.25321,0.15612,0.2321,0.5078,3,False,True,10.75,too_close,False,nan
36,38,0.24775,0.15725,0.2939,0.5439,2,False,True,11.39,too_close,False,nan
36,39,0.24155,0.15885,0.3498,0.594,2,False,True,11.95,too_close,False,nan
36,40,0.23499,0.1606,0.3686,0.5983,2,False,True,12.02,too_close,False,nan
36,41,0.22961,0.16253,0.3978,0.5959,2,False,True,12.3,too_close,False,nan
36,42,0.22467,0.16471,0.4672,0.654,1,False,True,13.28,too_close,False,nan
36,43,0.21876,0.16684,0.5099,0.7326,1,False,True,14.0,too_close,False,nan
36,44,0.21259,0.16854,0.4988,0.7457,1,False,True,14.19,too_close,False,nan
36,45,0.20749,0.16987,0.523,0.7436,1,False,True,14.22,too_close,False,nan
36,46,0.20248,0.17095,0.608,0.8163,1,False,True,15.78,too_close,False,nan
36,47,0.19629,0.17152,0.6616,0.9167,1,False,True,17.59,too_close,False,nan
36,48,0.18951,0.1712,0.6492,0.9353,1,False,True,17.75,too_close,False,nan
36,49,0.18329,0.16995,0.6089,0.872,1,False,True,16.66,too_close,False,nan
36,50,0.17848,0.16822,0.5783,0.8481,1,False,True,16.25,too_close,False,nan
36,51,0.17367,0.16637,0.5756,0.9071,1,False,True,17.2,too_close,False,nan
36,52,0.16779,0.16435,0.5708,0.943,1,False,True,17.88,too_close,False,nan
36,53,0.16202,0.16213,0.5973,0.8904,1,False,True,18.02,too_close,False,nan
36,54,0.15816,0.15992,0.6733,0.8671,1,False,True,19.24,too_close,False,nan
36,55,0.15438,0.15774,0.7412,0.9387,1,False,True,21.7,too_close,False,nan
36,56,0.14873,0.15531,0.7719,0.9968,1,False,True,23.62,too_close,False,nan
36,57,0.14309,0.15241,0.7556,0.9363,1,False,True,23.42,too_close,False,nan
36,58,0.1397,0.1493,0.7322,0.8922,1,False,True,23.3,too_close,False,nan
36,59,0.13651,0.14632,0.6941,0.9452,1,False,True,23.95,too_close,False,nan
36,60,0.13133,0.14347,0.6338,1.0321,1,False,False,24.02,lateral,False,nan
36,61,0.12544,0.14073,0.6159,1.077,1,False,False,23.81,lateral,False,nan
36,62,0.12156,0.13812,0.6102,1.0523,1,False,False,24.35,lateral,False,nan
36,63,0.12085,0.13585,0.5362,1.0337,1,False,False,24.63,lateral,False,nan
36,64,0.11927,0.13403,0.4383,1.0804,1,False,False,24.97,lateral,False,nan
36,65,0.11541,0.13265,0.4092,1.2078,1,False,False,26.08,lateral,False,nan
36,66,0.10999,0.1315,0.4682,1.3569,1,False,False,29.85,lateral,False,nan
36,67,0.10336,0.13024,0.4991,1.4375,1,False,False,31.95,lateral,False,nan
36,68,0.09908,0.12871,0.3874,1.376,0,False,False,29.77,lateral,False,nan
36,69,0.09758,0.12735,0.2899,1.2998,0,False,False,29.08,lateral,False,nan
36,70,0.09696,0.12659,0.3159,1.3109,0,False,False,29.42,lateral,False,nan
36,71,0.09399,0.1263,0.42,1.4408,0,False,False,32.38,lateral,False,nan
36,72,0.08764,0.12619,0.5599,1.663,0,False,False,38.35,lateral,False,nan
36,73,0.08066,0.12598,0.6717,1.8167,0,False,False,42.46,lateral,False,nan
36,74,0.07626,0.12555,0.7729,1.8892,0,False,False,44.7,lateral,False,nan
36,75,0.07362,0.125,0.9026,2.0127,0,False,False,50.09,lateral,False,nan
36,76,0.06905,0.12432,1.0575,2.2469,0,False,False,59.46,lateral,False,nan
36,77,0.06324,0.12336,1.1937,2.3585,0,False,False,61.92,lateral,False,nan
36,78,0.05917,0.1221,1.3211,2.2996,0,False,False,62.11,lateral,False,nan
36,79,0.05714,0.12078,1.5208,2.4226,0,False,False,67.37,lateral,False,nan
36,80,0.058,0.11929,1.643,2.5728,0,False,False,82.06,lateral,False,nan
36,81,0.05765,0.11746,1.803,2.7046,1,False,False,107.77,lateral,False,nan
36,82,0.05494,0.1151,2.212,3.0433,1,False,False,270.5,lateral,False,nan
36,83,0.05524,0.11151,2.5786,3.1959,1,False,False,840.82,lateral,False,nan
36,84,0.05821,0.10636,2.2739,2.7002,0,False,False,368.76,lateral,False,nan
36,85,0.05809,0.1003,1.7808,2.2201,0,False,False,126.96,lateral,False,nan
36,86,0.0539,0.09379,1.3241,1.9091,0,False,False,73.47,lateral,False,nan
36,87,0.04988,0.08728,0.9447,1.8197,0,False,False,66.74,lateral,False,nan
36,88,0.04675,0.08142,0.732,1.9742,0,False,False,72.73,lateral,False,nan
36,89,0.04213,0.07617,0.6672,2.2545,0,False,False,105.92,lateral,False,nan
36,90,0.03564,0.07139,0.6966,2.5265,0,False,False,176.19,lateral,False,nan
36,91,0.02931,0.06723,0.7339,2.6435,0,False,False,416.01,lateral,False,nan
36,92,0.02331,0.0641,0.889,3.0875,0,False,False,214.46,lateral,False,nan
36,93,0.01779,0.06234,1.9497,6.1931,0,False,False,4703.39,lateral,False,nan
37,1,0.49926,0.14532,-0.0634,-0.3153,4,True,True,5.54,,True,0.009511045780602252
37,2,0.49745,0.15186,-0.0696,-0.3896,4,True,True,5.75,,True,0.014982333719062883
37,3,0.49416,0.15789,-0.0462,-0.4626,4,True,True,5.98,,True,0.012408601280401318
37,4,0.48934,0.16299,-0.0413,-0.4958,4,True,True,6.12,,True,0.020762867024427208
37,5,0.4836,0.1669,-0.0306,-0.484,4,True,True,6.1,,True,0.008994450138956016
37,6,0.47847,0.1696,-0.0106,-0.4788,4,True,True,6.12,,True,0.010639040195209858
37,7,0.47413,0.17124,-0.0279,-0.4965,4,True,True,6.22,,True,0.018301128502492298
37,8,0.46937,0.1719,-0.0598,-0.493,4,True,True,6.27,,True,0.016225510781482662
37,9,0.46369,0.17175,-0.0524,-0.4463,4,True,True,6.15,,True,0.012234860454296762
37,10,0.4579,0.17113,0.0013,-0.4059,4,True,True,6.17,,True,0.01576107277745215
37,11,0.4536,0.17046,0.0418,-0.4077,4,True,True,6.17,,True,0.014123205807915587
37,12,0.44898,0.16982,0.0827,-0.4076,4,True,True,6.2,,True,0.013253137286602962
37,13,0.44373,0.16919,0.1306,-0.3667,4,True,True,6.27,,True,0.02325426898449396
37,14,0.43985,0.16879,0.1386,-0.3315,4,True,True,6.29,,True,0.009809956361395679
37,15,0.43717,0.1689,0.1383,-0.345,4,True,True,6.36,,True,0.0147419911449636
37,16,0.43372,0.16942,0.1748,-0.3633,4,True,True,6.68,,True,0.010890296739496505
37,17,0.43126,0.17016,0.2153,-0.3403,4,True,True,6.72,,True,0.01388446684235276
37,18,0.43203,0.17122,0.2173,-0.3188,4,True,True,6.54,,True,0.017216401272580496
37,19,0.43387,0.17269,0.1742,-0.3404,4,True,True,6.4,,True,0.009373928131324455
37,20,0.43457,0.17446,0.123,-0.391,4,True,True,6.39,,True,0.01287828027043746
37,21,0.43397,0.1763,0.1081,-0.4244,4,True,True,6.56,,True,0.00799206214354315
37,22,0.43391,0.17801,0.1035,-0.4099,4,True,True,6.38,,True,0.017786208273398503
37,23,0.43543,0.17969,0.0608,-0.3982,4,True,True,6.26,,True,0.017346580758675775
37,24,0.43766,0.18157,0.0092,-0.4329,4,True,True,6.38,,True,0.012152105379735831
37,25,0.43878,0.18355,-0.0036,-0.4665,4,True,True,6.58,,True,0.007225358105819123
37,26,0.43905,0.18537,0.0402,-0.4565,4,True,True,6.43,,True,0.0164301758111731
37,27,0.44074,0.18703,0.0782,-0.4502,4,True,True,6.34,,True,0.013777980172008148
37,28,0.44282,0.18855,0.1093,-0.4887,4,True,True,6.52,,True,0.012038701382206305
37,29,0.4434,0.18969,0.1842,-0.525,4,True,True,6.71,,True,0.012653860088405102
37,30,0.44322,0.19001,0.2733,-0.5124,4,True,True,6.85,,True,0.009972399229351506
37,31,0.44415,0.18918,0.3101,-0.4506,4,True,True,6.84,,True,0.012912415217013364
37,32,0.44672,0.18744,0.2812,-0.4008,4,True,True,6.49,,True,0.0143533661299216
37,33,0.44968,0.18533,0.2165,-0.3899,4,True,True,6.3,,True,0.018763893067084945
37,34,0.45181,0.18316,0.1705,-0.3893,4,True,True,6.25,,True,0.012522569572028727
37,35,0.45307,0.18102,0.1149,-0.3663,4,True,True,6.24,,True,0.008499111849740172
37,36,0.45474,0.17917,0.0516,-0.3575,4,True,True,6.06,,True,0.012276773387559241
37,37,0.45683,0.17781,0.028,-0.391,4,True,True,6.03,,True,0.01030015697384107
37,38,0.45733,0.17669,0.0185,-0.4235,4,True,True,6.22,,True,0.011438001323184196
37,39,0.45627,0.17551,-0.0256,-0.4184,4,True,True,6.32,,True,0.009433813495927347
37,40,0.45529,0.17436,-0.079,-0.3714,4,True,True,6.15,,True,0.014074418411423619
37,41,0.45466,0.1737,-0.0918,-0.3295,4,True,True,6.03,,True,0.018623423468563716
37,42,0.45463,0.17402,-0.0523,-0.3295,4,True,True,6.06,,True,0.018989955740353923
37,43,0.45421,0.17531,0.025,-0.37,4,True,True,6.19,,True,0.013736637191357558
37,44,0.45185,0.17715,0.1251,-0.4159,4,True,True,6.27,,True,0.02523050549821277
37,45,0.44854,0.17899,0.2241,-0.4286,4,True,True,6.45,,True,0.012986754410725767
37,46,0.44666,0.18037,0.2999,-0.3877,4,True,True,6.72,,True,0.01116182565894165
37,47,0.44739,0.18123,0.3287,-0.3484,4,True,True,6.81,,True,0.00434174227683241
37,48,0.4492,0.18176,0.303,-0.3582,4,True,True,6.61,,True,0.011280118017370954
37,49,0.44997,0.18203,0.2771,-0.3881,4,True,True,6.45,,True,0.010924414116989918
37,50,0.44947,0.18194,0.2783,-0.3903,4,True,True,6.47,,True,0.018968522859292382
37,51,0.44963,0.1814,0.2579,-0.3855,4,True,True,6.42,,True,0.005962512410141693
37,52,0.45054,0.18049,0.1882,-0.4172,4,True,True,6.27,,True,0.011742524386640403
37,53,0.45044,0.17929,0.1259,-0.4438,4,True,True,6.37,,True,0.017011553490077335
37,54,0.44994,0.17771,0.1171,-0.4228,4,True,True,6.23,,True,0.013843423805400984
37,55,0.45082,0.17582,0.1021,-0.4051,4,True,True,6.13,,True,0.023644275267489433
37,56,0.45218,0.1738,0.0766,-0.4323,4,True,True,6.33,,True,0.009911872323864823
37,57,0.45237,0.17151,0.082,-0.4552,4,True,True,6.55,,True,0.008294643865402178
37,58,0.45158,0.1687,0.095,-0.4344,4,True,True,6.47,,True,0.019705755378659113
37,59,0.45162,0.16534,0.0811,-0.3674,4,True,True,6.12,,True,0.011281339220178339
37,60,0.45254,0.16192,0.026,-0.3062,4,True,True,5.98,,True,0.014307081139810463
37,61,0.45343,0.15906,-0.0324,-0.2887,4,True,True,5.98,,True,0.011967656230608293
37,62,0.4538,0.15704,-0.0524,-0.3108,4,True,True,6.1,,True,0.019466843610049366
37,63,0.45269,0.15569,-0.0239,-0.3301,4,True,True,6.0,,True,0.014224533589105866
37,64,0.4502,0.1548,0.0388,-0.3141,4,True,True,6.09,,True,0.014753788621290065
37,65,0.44812,0.15445,0.0845,-0.3068,4,True,True,6.07,,True,0.00983354113327837
37,66,0.44585,0.15455,0.1348,-0.3374,4,True,True,6.31,,True,0.022379502158500233
37,67,0.44218,0.15476,0.1946,-0.3613,4,True,True,6.4,,True,0.014152730840962264
37,68,0.43768,0.15472,0.2137,-0.346,4,True,True,6.47,,True,0.010755353967661594
37,69,0.43308,0.15437,0.223,-0.3454,4,True,True,6.67,,True,0.01363481357258566
37,70,0.42785,0.15373,0.2709,-0.3845,4,True,True,7.11,,True,0.013000844191635162
37,71,0.42248,0.1524,0.3254,-0.4053,4,True,True,7.32,,True,0.01014403049756699
37,72,0.41814,0.1499,0.333,-0.3739,4,True,True,7.26,,True,0.010969500212973595
37,73,0.41524,0.14631,0.2825,-0.3507,4,True,True,7.19,,True,0.005876105585041548
37,74,0.41252,0.1421,0.196,-0.3649,4,True,True,7.04,,True,0.011491726768038705
37,75,0.40824,0.13756,0.1219,-0.371,4,True,True,6.91,,True,0.008958132383574808
37,76,0.40291,0.1328,0.075,-0.3434,4,True,True,7.01,,True,0.009245947745473356
37,77,0.39792,0.12806,0.0516,-0.3239,4,True,True,6.96,,True,0.01287593027053985
37,78,0.39275,0.1235,0.0283,-0.3333,4,True,True,7.05,,True,0.010370574764111158
37,79,0.38673,0.11903,-0.0144,-0.3327,4,True,True,7.31,,True,0.011511888419140677
37,80,0.38026,0.11467,-0.0516,-0.2962,4,True,True,7.56,,True,0.01276049504366575
37,81,0.37357,0.11075,-0.0611,-0.2651,4,True,True,7.54,,True,0.009345214203401038
37,82,0.36628,0.10749,-0.0335,-0.2719,4,True,True,7.51,,True,0.0124802901872971
37,83,0.35851,0.10482,0.042,-0.2742,4,True,True,7.66,,True,0.011665517445660904
37,84,0.35119,0.10258,0.1154,-0.2373,4,True,True,7.92,,True,0.008101188503400308
37,85,0.34456,0.10084,0.1446,-0.2077,4,True,True,8.18,,True,0.0021165305186079198
37,86,0.33776,0.09972,0.1383,-0.2165,4,True,True,8.41,,True,0.00866179397201227
37,87,0.33059,0.09918,0.1439,-0.259,4,True,True,8.45,,True,0.006351788981206434
37,88,0.32343,0.09889,0.1673,-0.299,4,True,True,8.75,,True,0.029755668800205
37,89,0.31608,0.09848,0.1587,-0.3057,4,True,True,8.99,,True,0.005054222699728416
37,90,0.30857,0.0979,0.1127,-0.3142,4,True,True,9.29,,True,0.032676465405879235
37,91,0.30118,0.09728,0.0846,-0.3389,4,True,True,9.33,,True,0.009431990188704843
37,92,0.29381,0.09664,0.0916,-0.3459,4,True,True,9.59,,True,0.004389997353672657
37,93,0.28625,0.09599,0.1207,-0.3195,4,True,True,9.84,,True,0.003982315156028557
37,94,0.27865,0.09549,0.1468,-0.3005,4,True,True,10.28,,True,0.003824424805500727
37,95,0.27105,0.09528,0.1626,-0.3161,4,True,True,10.34,,True,0.0052527305237234905
37,96,0.26345,0.09531,0.1917,-0.3293,4,True,True,10.68,,True,0.005920786219078486
37,97,0.25575,0.09545,0.243,-0.3155,4,True,True,11.19,,True,0.0027369082788948397
37,98,0.2481,0.09564,0.2898,-0.3091,4,True,True,11.93,,True,0.0034450230160077725
37,99,0.2405,0.0958,0.3103,-0.3314,4,True,True,12.03,,True,0.002954967392013699
37,100,0.23285,0.09575,0.3309,-0.3529,4,True,True,12.83,,True,0.002426951098691687
37,101,0.22515,0.09534,0.3422,-0.3487,4,True,True,12.99,,False,nan
37,102,0.21748,0.09461,0.3244,-0.3466,4,True,True,13.29,,True,0.005492808847636143
37,103,0.21002,0.09374,0.3266,-0.3728,2,False,True,13.99,too_close,False,nan
37,104,0.20257,0.09271,0.3654,-0.3997,2,False,True,15.27,too_close,False,nan
37,105,0.19497,0.09129,0.3763,-0.3971,1,False,True,15.6,too_close,False,nan
37,106,0.18747,0.08949,0.3415,-0.3949,1,False,True,15.51,too_close,False,nan
37,107,0.18018,0.08755,0.3283,-0.4227,1,False,True,16.41,too_close,False,nan
37,108,0.17284,0.08554,0.3536,-0.4503,1,False,True,17.67,too_close,False,nan
37,109,0.16541,0.08331,0.3988,-0.4535,1,False,True,18.64,too_close,False,nan
37,110,0.1582,0.08068,0.4379,-0.4279,1,False,True,19.32,too_close,False,nan
37,111,0.15105,0.07764,0.4515,-0.3989,1,False,True,19.94,too_close,False,nan
37,112,0.14375,0.07432,0.4243,-0.4075,1,False,True,20.92,too_close,False,nan
37,113,0.13651,0.07085,0.3869,-0.4265,1,False,True,22.11,too_close,False,nan
37,114,0.12939,0.06742,0.3939,-0.401,1,False,True,22.98,too_close,False,nan
37,115,0.12227,0.06422,0.4175,-0.3542,1,False,True,23.88,too_close,False,nan
37,116,0.11518,0.06144,0.4563,-0.3467,1,False,True,25.82,too_close,False,nan
37,117,0.10812,0.05909,0.5362,-0.3572,1,False,True,29.28,too_close,False,nan
37,118,0.10096,0.0569,0.6189,-0.3208,0,False,True,32.91,too_close,False,nan
37,119,0.09355,0.05469,0.6727,-0.256,0,False,True,35.64,too_close,False,nan
37,120,0.08607,0.0525,0.7445,-0.229,0,False,True,39.19,too_close,False,nan
37,121,0.07865,0.05028,0.805,-0.213,0,False,True,45.42,too_close,False,nan
37,122,0.07113,0.04805,0.809,-0.1332,0,False,True,47.23,too_close,False,nan
37,123,0.06361,0.04626,0.842,0.0086,0,False,True,51.34,too_close,False,nan
37,124,0.05629,0.04532,0.9706,0.1457,0,False,True,61.07,lateral,False,nan
37,125,0.04886,0.0452,1.1589,0.289,0,False,False,76.65,lateral,False,nan
37,126,0.04125,0.04575,1.3527,0.4912,0,False,False,99.54,lateral,False,nan
37,127,0.03428,0.04708,1.6127,0.782,0,False,False,132.0,lateral,False,nan
37,128,0.02757,0.04929,2.2477,1.2966,0,False,False,215.33,lateral,False,nan
37,129,0.02039,0.05225,4.9266,2.9763,0,False,False,465.75,lateral,False,nan
37,130,0.01362,0.05533,38.9108,23.6859,0,False,False,22552.76,behind,False,nan
37,131,0.01438,0.05739,13.0539,8.7452,0,False,False,34100.12,lateral,False,nan
38,1,0.49882,0.16218,0.3411,0.1079,4,True,True,5.6,,True,0.01683435150576619
38,2,0.49519,0.17009,0.4149,0.1337,4,True,True,5.91,,True,0.019220424861825142
38,3,0.48951,0.17746,0.4831,0.1313,4,True,True,6.15,,True,0.019690500961276294
38,4,0.48319,0.18379,0.5103,0.1243,4,True,True,6.31,,True,0.02093859381733288
38,5,0.47693,0.18896,0.4928,0.1531,4,True,True,6.37,,True,0.019786356190099254
38,6,0.47105,0.19313,0.4726,0.1969,4,True,True,6.26,,True,0.015543007726164623
38,7,0.46544,0.19647,0.4925,0.2033,4,True,True,6.5,,True,0.014308996981226552
38,8,0.45944,0.19903,0.5149,0.1938,4,True,True,6.6,,True,0.015463462254383855
38,9,0.45325,0.20073,0.497,0.2108,4,True,True,6.5,,True,0.015874237437548896
38,10,0.4474,0.20167,0.4769,0.2362,4,True,True,6.54,,True,0.01388862048260587
38,11,0.44154,0.20205,0.4917,0.2347,4,True,True,6.62,,True,0.0131595126471184
38,12,0.43514,0.20186,0.5061,0.2242,4,True,True,6.73,,True,0.015008431168821031
38,13,0.42872,0.20106,0.4801,0.2432,4,True,True,6.81,,True,0.01773630113795298
38,14,0.42302,0.19977,0.4502,0.2724,4,True,True,6.74,,True,0.01124098382943488
38,15,0.41782,0.19817,0.4613,0.262,4,True,True,6.84,,True,0.010824304333385545
38,16,0.4119,0.19631,0.479,0.1965,4,True,True,6.82,,True,0.016561200059562357
38,17,0.40559,0.19427,0.4574,0.1381,4,True,True,6.78,,True,0.01325034692784979
38,18,0.39991,0.19234,0.4407,0.1381,4,True,True,6.95,,True,0.011266739220283201
38,19,0.39431,0.1907,0.4697,0.1763,4,True,True,7.28,,True,0.015354048677555666
38,20,0.38802,0.18912,0.5021,0.1937,4,True,True,7.35,,True,0.015274447217606223
38,21,0.38172,0.18732,0.485,0.1737,4,True,True,7.29,,True,0.012926303356928553
38,22,0.37608,0.18541,0.4663,0.1789,4,True,True,7.54,,True,0.04153642289905545
38,23,0.37058,0.18358,0.4948,0.2084,4,True,True,7.98,,True,0.012905319959466874
38,24,0.36438,0.18163,0.5276,0.2047,4,True,True,8.18,,True,0.00967977709348529
38,25,0.35789,0.17933,0.5196,0.1725,4,True,True,7.96,,True,0.012252081819814931
38,26,0.35203,0.17678,0.4876,0.1712,4,True,True,7.91,,True,0.010730298640243701
38,27,0.34677,0.17424,0.4714,0.1876,4,True,True,7.93,,True,0.010091017074968671
38,28,0.34131,0.17183,0.4979,0.1672,4,True,True,8.39,,True,0.012410988826848395
38,29,0.33538,0.16946,0.5273,0.1317,4,True,True,8.59,,True,0.011934132883292238
38,30,0.32938,0.16699,0.5133,0.1329,4,True,True,8.45,,True,0.04402272034180265
38,31,0.32391,0.16448,0.499,0.1504,4,True,True,8.64,,True,0.045748828349336
38,32,0.31844,0.16205,0.5178,0.1312,4,True,True,9.18,,True,0.010725453113244054
38,33,0.31266,0.15963,0.5285,0.0969,4,True,True,9.29,,True,0.011729176658150728
38,34,0.30713,0.1572,0.4945,0.1012,4,True,True,8.98,,True,0.009604306094740942
38,35,0.30221,0.155,0.4621,0.1221,4,True,True,9.1,,True,0.011733353767528707
38,36,0.29746,0.15327,0.4742,0.1062,4,True,True,9.58,,True,0.01301598778065308
38,37,0.29266,0.15199,0.4866,0.0773,4,True,True,9.67,,True,0.012116260673507044
38,38,0.28825,0.15118,0.4784,0.0897,4,True,True,9.5,,True,0.010901258797842157
38,39,0.2838,0.15087,0.4918,0.1379,4,True,True,9.84,,True,0.008386231240160474
38,40,0.27876,0.15093,0.5417,0.1645,3,False,True,10.52,too_close,False,nan
38,41,0.2733,0.15106,0.5865,0.1751,2,False,True,10.74,too_close,False,nan
38,42,0.26813,0.15097,0.5819,0.2011,2,False,True,10.81,too_close,False,nan
38,43,0.26365,0.15067,0.5704,0.2278,2,False,True,10.93,too_close,False,nan
38,44,0.2591,0.15028,0.6045,0.2158,2,False,True,11.55,too_close,False,nan
38,45,0.25408,0.14969,0.6435,0.1835,2,False,True,11.93,too_close,False,nan
38,46,0.24872,0.14878,0.6379,0.1794,2,False,True,11.72,too_close,False,nan
38,47,0.24398,0.1476,0.6309,0.1894,2,False,True,11.89,too_close,False,nan
38,48,0.23931,0.14627,0.6718,0.1618,2,False,True,12.48,too_close,False,nan
38,49,0.23399,0.14468,0.7149,0.1113,2,False,True,12.92,too_close,False,nan
38,50,0.22804,0.14267,0.7082,0.096,2,False,True,13.51,too_close,False,nan
38,51,0.22254,0.14027,0.6756,0.1011,2,False,True,13.35,too_close,False,nan
38,52,0.21781,0.13773,0.667,0.0876,2,False,True,13.19,too_close,False,nan
38,53,0.21297,0.13519,0.6616,0.0696,2,False,True,13.86,too_close,False,nan
38,54,0.20809,0.13274,0.6279,0.0636,2,False,True,13.32,too_close,False,nan
38,55,0.20369,0.13062,0.6087,0.0594,2,False,True,13.27,too_close,False,nan
38,56,0.19931,0.12901,0.6372,0.0641,2,False,True,14.0,too_close,False,nan
38,57,0.19445,0.12779,0.6629,0.0867,2,False,True,14.74,too_close,False,nan
38,58,0.18954,0.12684,0.6421,0.119,2,False,True,14.45,too_close,False,nan
38,59,0.18556,0.12634,0.6254,0.1479,2,False,True,14.97,too_close,False,nan
38,60,0.18181,0.1265,0.6519,0.1658,2,False,True,15.38,too_close,False,nan
38,61,0.1775,0.12723,0.7363,0.1433,2,False,True,16.3,too_close,False,nan
38,62,0.17265,0.1282,0.8327,0.092,2,False,True,17.5,too_close,False,nan
38,63,0.16706,0.12906,0.8819,0.0729,2,False,True,18.77,too_close,False,nan
38,64,0.16159,0.12969,0.8858,0.0769,2,False,True,18.73,too_close,False,nan
38,65,0.15724,0.13024,0.9104,0.0329,2,False,True,19.08,too_close,False,nan
38,66,0.15319,0.13078,1.0086,-0.0502,2,False,False,21.22,too_close,False,nan
38,67,0.14814,0.13107,1.1155,-0.101,1,False,False,23.67,too_close,False,nan
38,68,0.14234,0.13075,1.1582,-0.073,1,False,False,23.99,lateral,False,nan
38,69,0.13683,0.12972,1.1161,-0.0547,1,False,False,23.7,lateral,False,nan
38,70,0.13186,0.12831,1.0821,-0.1244,1,False,False,23.43,lateral,False,nan
38,71,0.12656,0.12685,1.1343,-0.196,1,False,False,25.49,lateral,False,nan
38,72,0.12069,0.12533,1.1889,-0.191,0,False,False,27.71,lateral,False,nan
38,73,0.1153,0.12371,1.1577,-0.1807,0,False,False,27.3,lateral,False,nan
38,74,0.11056,0.12231,1.1376,-0.2547,0,False,False,26.97,lateral,False,nan
38,75,0.10532,0.12136,1.2188,-0.3434,0,False,False,29.31,lateral,False,nan
38,76,0.09984,0.12079,1.3157,-0.3885,0,False,False,30.97,lateral,False,nan
38,77,0.09508,0.12047,1.318,-0.4461,1,False,False,32.03,lateral,False,nan
38,78,0.09079,0.12054,1.3062,-0.5435,1,False,False,32.1,lateral,False,nan
38,79,0.08579,0.12114,1.3771,-0.6446,0,False,False,32.95,lateral,False,nan
38,80,0.08013,0.12223,1.5777,-0.7626,0,False,False,39.03,lateral,False,nan
38,81,0.07422,0.12362,1.8455,-0.9662,0,False,False,47.21,lateral,False,nan
38,82,0.06776,0.12501,1.9855,-1.2216,0,False,False,52.14,lateral,False,nan
38,83,0.06105,0.12636,2.2121,-1.555,0,False,False,61.74,lateral,False,nan
38,84,0.05408,0.12768,2.8892,-2.0597,0,False,False,92.46,lateral,False,nan
38,85,0.04699,0.12866,4.0814,-2.9798,0,False,False,190.98,lateral,False,nan
38,86,0.03975,0.12903,6.2683,-5.1642,0,False,False,4649.74,lateral,False,nan
38,87,0.03245,0.12853,13.3842,-12.0324,0,False,False,309.57,lateral,False,nan
38,88,0.02516,0.12699,-86.5343,76.0034,0,False,False,360.24,behind,False,nan
38,89,0.01868,0.12422,-27.4735,23.613,0,False,False,10089.17,behind,False,nan
38,90,0.01398,0.12051,30.3671,-27.6094,0,False,False,1029.68,behind,False,nan
38,91,0.01366,0.11737,68.7674,-63.4015,0,False,False,4474.31,behind,False,nan
38,92,0.01635,0.11434,25.0167,-21.4205,0,False,False,1526.86,lateral,False,nan
38,93,0.01753,0.11126,20.4696,-15.7696,0,False,False,1851.29,lateral,False,nan
38,94,0.01631,0.10811,26.4879,-18.7779,0,False,False,2087.86,lateral,False,nan
38,95,0.01787,0.10484,16.2193,-11.5581,0,False,False,650.17,lateral,False,nan
38,96,0.0193,0.1015,10.2743,-8.0584,0,False,False,360.69,lateral,False,nan
38,97,0.01671,0.09819,17.8752,-15.2598,0,False,False,1048.94,lateral,False,nan
38,98,0.01319,0.09515,29.5225,-24.4331,0,False,False,9483.09,behind,False,nan
39,1,0.49842,0.11869,-0.0269,0.2577,4,True,True,5.52,,True,0.022588146498366473
39,2,0.49428,0.117,0.0319,0.2804,4,True,True,5.64,,True,0.00905390678774816
39,3,0.48817,0.11533,0.0792,0.2767,4,True,True,5.76,,True,0.02073466739280078
39,4,0.48119,0.11363,0.0932,0.2779,4,True,True,5.88,,True,0.008244359594162082
39,5,0.47442,0.11176,0.0792,0.3146,4,True,True,6.06,,True,0.012649067612999682
39,6,0.4692,0.1092,0.0652,0.3447,4,True,True,6.38,,True,0.013440129024294022
39,7,0.46444,0.10564,0.0698,0.3376,4,True,True,6.4,,True,0.018768992487316716
39,8,0.45842,0.10117,0.0566,0.2943,4,True,True,6.2,,True,0.015560349394487479
39,9,0.45187,0.09601,0.0401,0.2542,4,True,True,6.28,,True,0.012684348107139577
39,10,0.44522,0.09046,0.059,0.2479,4,True,True,6.34,,True,0.01944988272006867
39,11,0.43806,0.08456,0.0749,0.2342,4,True,True,6.4,,True,0.018023120612521478
39,12,0.4307,0.0783,0.0481,0.2105,4,True,True,6.45,,True,0.017583857520941444
39,13,0.42433,0.07177,0.0222,0.2141,4,True,True,6.62,,True,0.007531506040108025
39,14,0.41832,0.06494,0.0371,0.2118,4,True,True,6.76,,True,0.014856790060815117
39,15,0.4114,0.05777,0.0562,0.1718,4,True,True,6.83,,True,0.015638873388927353
39,16,0.40425,0.05058,0.035,0.0956,4,True,True,7.05,,True,0.013918819448420461
39,17,0.3971,0.04412,-0.0277,0.024,4,True,True,7.09,,True,0.0159852428289164
39,18,0.39036,0.03918,-0.0846,-0.011,4,True,True,7.31,,True,0.011733835525076708
39,19,0.38372,0.03586,-0.1065,-0.007,4,True,True,7.45,,True,0.01089066745289859
39,20,0.37645,0.03378,-0.0922,0.0337,4,True,True,7.6,,True,0.007131606673624559
39,21,0.36905,0.03244,-0.0838,0.0659,4,True,True,7.5,,True,0.015693011736731894
39,22,0.362,0.03153,-0.1101,0.0615,4,True,True,7.86,,True,0.013012458832662872
39,23,0.35506,0.03085,-0.1293,0.0641,4,True,True,7.96,,True,0.01449914609593535
39,24,0.34774,0.03026,-0.113,0.0883,4,True,True,8.18,,True,0.011502411472957382
39,25,0.34015,0.02987,-0.1039,0.092,4,True,True,8.48,,True,0.013941292146902947
39,26,0.33315,0.0301,-0.1291,0.0569,4,True,True,8.8,,True,0.008737555731712397
39,27,0.32627,0.0312,-0.1483,0.0267,4,True,True,8.82,,True,0.011979166235158276
39,28,0.31892,0.03324,-0.1317,0.0169,4,True,True,8.96,,True,0.010773918066205687
39,29,0.31133,0.03648,-0.1199,-0.0154,4,True,True,9.2,,True,0.011788976224710989
39,30,0.30419,0.04109,-0.1093,-0.0884,4,True,True,9.5,,True,0.01140232274819651
39,31,0.29697,0.04671,-0.1122,-0.1561,4,True,True,9.53,,True,0.010874214967416026
39,32,0.28934,0.05281,-0.1092,-0.1876,4,True,True,9.77,,True,0.009025169520729464
39,33,0.28164,0.05908,-0.1028,-0.2297,4,True,True,10.11,,True,0.011025105699502663
39,34,0.27427,0.06534,-0.0914,-0.3134,4,True,True,10.74,,True,0.011521012201099636
39,35,0.26677,0.07115,-0.0962,-0.3917,4,True,True,11.5,,False,nan
39,36,0.2588,0.07606,-0.1352,-0.4313,2,False,True,12.11,tilt,False,nan
39,37,0.25116,0.07974,-0.1455,-0.432,3,False,True,12.29,tilt,False,nan
39,38,0.24424,0.08231,-0.1137,-0.4332,3,False,True,12.36,tilt,False,nan
39,39,0.23697,0.08415,-0.0616,-0.4306,2,False,True,12.46,tilt,False,nan
39,40,0.22935,0.08554,-0.0154,-0.4416,2,False,True,12.77,tilt,False,nan
39,41,0.22152,0.08661,0.0104,-0.4702,2,False,True,13.38,too_close,False,nan
39,42,0.21381,0.08727,-0.0031,-0.5189,2,False,True,14.28,too_close,False,nan
39,43,0.20621,0.08728,-0.0351,-0.5624,2,False,True,15.24,too_close,False,nan
39,44,0.19839,0.08641,-0.027,-0.5556,2,False,True,15.59,too_close,False,nan
39,45,0.19056,0.08477,-0.0006,-0.5372,2,False,True,15.84,too_close,False,nan
39,46,0.18293,0.08258,-0.0134,-0.5505,2,False,True,16.63,too_close,False,nan
39,47,0.17545,0.07987,-0.0429,-0.5549,2,False,True,17.44,too_close,False,nan
39,48,0.16797,0.07664,-0.0288,-0.5089,2,False,True,17.41,too_close,False,nan
39,49,0.16053,0.07325,0.0033,-0.4707,2,False,True,18.11,too_close,False,nan
39,50,0.15325,0.07005,0.0402,-0.4808,2,False,True,19.46,too_close,False,nan
39,51,0.14592,0.06706,0.0948,-0.4926,1,False,True,20.34,too_close,False,nan
39,52,0.1384,0.06417,0.1434,-0.4644,1,False,True,21.95,too_close,False,nan
39,53,0.13084,0.06153,0.1679,-0.4409,1,False,True,23.79,too_close,False,nan
39,54,0.12332,0.05937,0.1482,-0.4656,1,False,True,24.91,too_close,False,nan
39,55,0.1158,0.05762,0.1088,-0.4989,0,False,True,26.44,too_close,False,nan
39,56,0.1083,0.05625,0.1035,-0.5473,0,False,True,28.35,too_close,False,nan
39,57,0.10076,0.05516,0.1107,-0.5954,0,False,True,31.04,too_close,False,nan
39,58,0.09324,0.05424,0.0736,-0.659,0,False,True,34.58,too_close,False,nan
39,59,0.0857,0.05343,0.0102,-0.7611,0,False,True,38.12,too_close,False,nan
39,60,0.07817,0.0525,-0.0155,-0.8395,0,False,True,43.25,too_close,False,nan
39,61,0.07075,0.05134,-0.0176,-0.9176,0,False,True,48.62,too_close,False,nan
39,62,0.06349,0.04996,-0.0712,-1.0723,0,False,False,61.35,too_close,False,nan
39,63,0.05619,0.04817,-0.1745,-1.2586,0,False,False,84.79,lateral,False,nan
39,64,0.04885,0.04572,-0.2285,-1.3785,0,False,False,97.54,lateral,False,nan
39,65,0.04157,0.04267,-0.1824,-1.5499,0,False,False,111.8,lateral,False,nan
39,66,0.03455,0.03924,-0.163,-1.7748,0,False,False,142.19,lateral,False,nan
39,67,0.02757,0.03568,-0.3378,-2.1989,0,False,False,189.65,lateral,False,nan
39,68,0.02043,0.03225,-0.9793,-3.9126,0,False,False,472.53,lateral,False,nan
39,69,0.01362,0.0289,-5.0663,-16.3371,0,False,False,1801.25,behind,False,nan
39,70,0.01348,0.02679,-8.3125,-23.101,0,False,False,2144.45,behind,False,nan
40,1,0.49764,0.26604,0.4117,0.4022,4,True,True,5.67,,True,0.016750347207616867
40,2,0.49262,0.25723,0.4129,0.4283,4,True,True,5.86,,True,0.016057128554076563
40,3,0.48645,0.24803,0.3697,0.4296,4,True,True,5.79,,True,0.024348349032271704
40,4,0.47983,0.23846,0.3448,0.4252,4,True,True,5.91,,True,0.014787409430119126
40,5,0.4733,0.2286,0.3544,0.4206,4,True,True,6.13,,True,0.01797497624308917
40,6,0.46675,0.21836,0.3354,0.3852,4,True,True,5.99,,True,0.022134972193932734
40,7,0.4599,0.20785,0.2798,0.348,4,True,True,6.05,,True,0.015732098050876546
40,8,0.45308,0.19747,0.2463,0.2946,4,True,True,5.96,,True,0.01647329049360208
40,9,0.44634,0.18764,0.2533,0.2512,4,True,True,6.02,,True,0.021748339454055788
40,10,0.43959,0.17852,0.2507,0.2558,4,True,True,6.32,,True,0.023574207982897142
40,11,0.43248,0.17,0.2205,0.2536,4,True,True,6.53,,True,0.016872812039787723
40,12,0.42532,0.16214,0.2117,0.2053,4,True,True,6.53,,True,0.019738130127059286
40,13,0.41829,0.15521,0.2462,0.1598,4,True,True,6.55,,True,0.018288279340991007
40,14,0.41174,0.14925,0.2738,0.1577,4,True,True,6.7,,True,0.017577957004717683
40,15,0.40507,0.14397,0.2597,0.1589,4,True,True,6.92,,True,0.015417526144279868
40,16,0.39789,0.13928,0.2526,0.1619,4,True,True,7.07,,True,0.016045332124109805
40,17,0.39069,0.13522,0.2588,0.1514,4,True,True,7.02,,True,0.013095151593041072
40,18,0.38358,0.13172,0.2805,0.1505,4,True,True,7.2,,True,0.015458572840961821
40,19,0.3766,0.12862,0.2955,0.1986,4,True,True,7.44,,True,0.015381710732815076
40,20,0.36922,0.12556,0.2762,0.2414,4,True,True,7.59,,True,0.012019861540379867
40,21,0.36168,0.12237,0.2713,0.2364,4,True,True,7.93,,True,0.01198512926458612
40,22,0.3551,0.1191,0.2974,0.1947,4,True,True,8.19,,True,0.01612090230261523
40,23,0.34912,0.11577,0.3088,0.1669,4,True,True,8.12,,True,0.011851129014410173
40,24,0.34263,0.11239,0.2845,0.1726,4,True,True,8.08,,True,0.011736113218250212
40,25,0.33565,0.10907,0.2728,0.1619,4,True,True,8.35,,True,0.011523015922569465
40,26,0.32903,0.10592,0.2997,0.1409,4,True,True,8.72,,True,0.0111855742127042
40,27,0.3231,0.10285,0.3173,0.1551,4,True,True,8.82,,True,0.012437702546444428
40,28,0.31659,0.09963,0.299,0.1649,4,True,True,8.91,,True,0.012531911762213207
40,29,0.30951,0.09626,0.294,0.1276,4,True,True,9.11,,True,0.010314211542184898
40,30,0.30301,0.09293,0.2843,0.0959,4,True,True,9.36,,True,0.010662804368616823
40,31,0.29647,0.08978,0.2768,0.1142,4,True,True,9.56,,True,0.010756682200886986
40,32,0.2892,0.08682,0.2674,0.1307,4,True,True,10.01,,True,0.00982925782382866
40,33,0.28175,0.08403,0.2696,0.1017,4,True,True,10.21,,True,0.01047035154815437
40,34,0.27499,0.08154,0.2672,0.0793,4,True,True,10.5,,True,0.009546397530698431
40,35,0.26826,0.07949,0.2343,0.1044,4,True,True,10.78,,True,0.010059701021219924
40,36,0.26089,0.07805,0.2151,0.1658,4,True,True,11.18,,True,0.009383695700637707
40,37,0.25326,0.07715,0.2245,0.216,4,True,True,11.34,,True,0.009769231050876815
40,38,0.24578,0.07651,0.2139,0.2282,4,True,True,11.49,,True,0.008133559656332546
40,39,0.23835,0.0761,0.2017,0.2514,4,True,True,12.0,,True,0.00844364247116933
40,40,0.23087,0.07592,0.2332,0.2698,4,True,True,12.56,,True,0.00821582121999209
40,41,0.22401,0.07573,0.2707,0.2852,4,True,True,13.0,,True,0.008739251648254738
40,42,0.21747,0.07531,0.2711,0.3384,3,False,True,14.2,tilt,False,nan
40,43,0.21063,0.07442,0.2239,0.3923,2,False,True,14.7,tilt,False,nan
40,44,0.20317,0.073,0.1657,0.4126,2,False,True,15.06,tilt,False,nan
40,45,0.19515,0.07123,0.1493,0.3881,2,False,True,15.27,too_close,False,nan
40,46,0.18723,0.06933,0.1919,0.3588,2,False,True,15.64,too_close,False,nan
40,47,0.17978,0.06742,0.2379,0.3651,2,False,True,16.65,too_close,False,nan
40,48,0.17274,0.06538,0.2338,0.3644,2,False,True,17.37,too_close,False,nan
40,49,0.16548,0.0633,0.2371,0.3162,1,False,True,17.69,too_close,False,nan
40,50,0.15774,0.06158,0.2975,0.2628,1,False,True,18.41,too_close,False,nan
40,51,0.15005,0.06039,0.3589,0.2465,1,False,True,19.43,too_close,False,nan
40,52,0.14275,0.05957,0.37,0.2326,1,False,True,20.85,too_close,False,nan
40,53,0.13527,0.0592,0.3892,0.1775,1,False,True,22.56,too_close,False,nan
40,54,0.12737,0.05952,0.4674,0.1151,0,False,True,25.2,too_close,False,nan
40,55,0.11943,0.06043,0.5749,0.0967,0,False,True,28.85,too_close,False,nan
40,56,0.11167,0.06144,0.6612,0.1461,0,False,True,31.39,too_close,False,nan
40,57,0.10435,0.06213,0.6978,0.1943,0,False,True,33.26,too_close,False,nan
40,58,0.09706,0.06246,0.7482,0.1804,0,False,True,35.43,too_close,False,nan
40,59,0.08948,0.06255,0.8731,0.1839,0,False,True,41.94,too_close,False,nan
40,60,0.08181,0.0622,1.012,0.2752,0,False,False,48.95,too_close,False,nan
40,61,0.07458,0.06105,1.0839,0.3636,0,False,False,53.19,too_close,False,nan
40,62,0.06743,0.05912,1.109,0.3669,0,False,False,55.25,lateral,False,nan
40,63,0.06004,0.05672,1.1873,0.4046,0,False,False,62.59,lateral,False,nan
40,64,0.05257,0.05405,1.3789,0.5937,0,False,False,82.97,lateral,False,nan
40,65,0.04539,0.05092,1.6003,0.8306,0,False,False,132.43,lateral,False,nan
40,66,0.03833,0.04716,1.7523,0.9602,0,False,False,151.14,lateral,False,nan
40,67,0.03124,0.04299,2.0694,1.225,0,False,False,208.38,lateral,False,nan
40,68,0.02431,0.03861,2.9889,2.0366,0,False,False,601.3,lateral,False,nan
40,69,0.01723,0.03395,7.4236,5.8493,0,False,False,953.59,lateral,False,nan
40,70,0.01309,0.02971,21.779,18.2911,0,False,False,4900.17,behind,False,nan
41,1,0.49793,0.26111,-0.0214,0.5569,4,True,True,5.62,,True,0.020040331043781782
41,2,0.4931,0.25603,-0.0872,0.6145,4,True,True,5.94,,True,0.018067971814175667
41,3,0.4865,0.25061,-0.1265,0.6736,3,False,True,6.25,tilt,False,nan
41,4,0.47931,0.24428,-0.1311,0.6796,3,False,True,6.39,tilt,False,nan
41,5,0.47212,0.23683,-0.1232,0.6265,4,True,True,6.29,,False,nan
41,6,0.4649,0.22846,-0.117,0.5828,4,True,True,6.25,,True,0.01918294113621637
41,7,0.45766,0.21941,-0.1274,0.5952,4,True,True,6.47,,True,0.012455007283824917
41,8,0.45038,0.20954,-0.1376,0.6009,4,True,True,6.78,,False,nan
41,9,0.44302,0.19867,-0.1325,0.5509,4,True,True,6.69,,True,0.01276457976080023
41,10,0.43559,0.18697,-0.0975,0.4541,4,True,True,6.4,,True,0.014160886010100387
41,11,0.4285,0.175,-0.0585,0.373,4,True,True,6.37,,True,0.02636393266256963
41,12,0.42173,0.16336,-0.0504,0.3389,4,True,True,6.55,,True,0.00987856855242885
41,13,0.41497,0.15227,-0.0469,0.3015,4,True,True,6.63,,True,0.010895162840735988
41,14,0.40831,0.14187,-0.054,0.2691,4,True,True,6.72,,True,0.015223180937151925
41,15,0.40132,0.13228,-0.0795,0.2355,4,True,True,6.88,,True,0.010295117969008708
41,16,0.39384,0.12355,-0.0845,0.211,4,True,True,7.04,,True,0.0104886782096837
41,17,0.38645,0.11582,-0.0551,0.225,4,True,True,7.14,,True,0.013109624849739652
41,18,0.37904,0.10891,-0.0381,0.2341,4,True,True,7.37,,True,0.009472684579358261
41,19,0.37131,0.10263,-0.0546,0.2081,4,True,True,7.67,,True,0.010128174631854621
41,20,0.36356,0.09706,-0.0589,0.1901,4,True,True,7.71,,True,0.009543761440389868
41,21,0.35622,0.0923,-0.0461,0.2105,4,True,True,7.76,,True,0.012219684581472727
41,22,0.34891,0.08815,-0.0602,0.2257,4,True,True,8.02,,True,0.010057854062524983
41,23,0.34115,0.08436,-0.069,0.203,4,True,True,8.2,,True,0.00965758538048999
41,24,0.33373,0.08103,-0.0764,0.1902,4,True,True,8.35,,True,0.010684508670951312
41,25,0.32662,0.07823,-0.0909,0.218,4,True,True,8.86,,True,0.0087102858645819
41,26,0.31915,0.07567,-0.0854,0.2403,4,True,True,9.05,,True,0.006520135878680703
41,27,0.31148,0.07312,-0.0949,0.2211,4,True,True,8.9,,True,0.007044771135445521
41,28,0.30395,0.07066,-0.1379,0.165,4,True,True,9.4,,True,0.009518394186411653
41,29,0.29663,0.06854,-0.1689,0.1199,4,True,True,9.72,,True,0.00594558811156552
41,30,0.28922,0.06697,-0.1597,0.1177,4,True,True,10.0,,True,0.01208031434476074
41,31,0.2819,0.06604,-0.1217,0.1536,4,True,True,10.25,,True,0.010642706804277246
41,32,0.27502,0.06568,-0.1008,0.1813,4,True,True,10.36,,True,0.009404723178214107
41,33,0.26822,0.06576,-0.1202,0.1714,4,True,True,10.56,,True,0.009647578825524883
41,34,0.26115,0.0663,-0.1328,0.17,4,True,True,10.92,,True,0.007001012031089994
41,35,0.25403,0.06737,-0.1056,0.2102,4,True,True,11.18,,True,0.0071685824786479925
41,36,0.24755,0.06889,-0.087,0.2893,4,True,True,11.66,,True,0.008526290893025175
41,37,0.24084,0.07044,-0.1187,0.3635,4,True,True,12.41,,False,nan
41,38,0.23318,0.07146,-0.1454,0.3971,2,False,True,13.13,tilt,False,nan
41,39,0.22563,0.07162,-0.12,0.3863,2,False,True,13.29,tilt,False,nan
41,40,0.21908,0.07108,-0.1043,0.3738,3,False,True,13.47,tilt,False,nan
41,41,0.21309,0.07016,-0.1441,0.3937,2,False,True,14.18,tilt,False,nan
41,42,0.20625,0.06883,-0.2099,0.4086,2,False,True,15.29,tilt,False,nan
41,43,0.19828,0.06686,-0.2446,0.3859,2,False,True,15.8,tilt,False,nan
41,44,0.19054,0.06416,-0.2325,0.3647,2,False,True,16.08,tilt,False,nan
41,45,0.18391,0.06095,-0.2343,0.3246,2,False,True,16.29,too_close,False,nan
41,46,0.17738,0.05761,-0.2863,0.2731,1,False,True,17.1,too_close,False,nan
41,47,0.16999,0.05429,-0.3291,0.2132,1,False,True,18.11,too_close,False,nan
41,48,0.16248,0.051,-0.3228,0.1659,2,False,True,18.46,too_close,False,nan
41,49,0.15581,0.04793,-0.323,0.132,2,False,True,19.41,too_close,False,nan
41,50,0.14913,0.04517,-0.3689,0.0645,2,False,True,21.43,too_close,False,nan
41,51,0.14161,0.04256,-0.4114,0.002,2,False,True,24.06,too_close,False,nan
41,52,0.13364,0.03974,-0.4098,-0.0065,1,False,True,25.61,too_close,False,nan
41,53,0.12564,0.03653,-0.3615,-0.0166,1,False,True,26.53,too_close,False,nan
41,54,0.1179,0.03311,-0.313,-0.0309,0,False,True,27.65,too_close,False,nan
41,55,0.11037,0.02976,-0.3014,-0.0415,0,False,True,29.88,too_close,False,nan
41,56,0.10279,0.02654,-0.2849,-0.0285,0,False,True,32.26,too_close,False,nan
41,57,0.09504,0.0235,-0.2262,0.0299,0,False,True,32.73,too_close,False,nan
41,58,0.08815,0.02104,-0.1773,0.0775,0,False,True,34.78,too_close,False,nan
41,59,0.08216,0.01946,-0.1768,0.0871,0,False,True,38.47,too_close,False,nan
41,60,0.07566,0.01867,-0.2267,0.1128,0,False,True,41.96,too_close,False,nan
41,61,0.06836,0.01832,-0.2893,0.1396,0,False,True,47.94,too_close,False,nan
41,62,0.06091,0.01808,-0.3267,0.1671,0,False,True,56.17,too_close,False,nan
41,63,0.05428,0.01789,-0.3421,0.1949,0,False,True,65.2,too_close,False,nan
41,64,0.0477,0.01791,-0.3888,0.2241,0,False,True,75.56,too_close,False,nan
41,65,0.04055,0.01826,-0.5404,0.2988,0,False,True,99.03,too_close,False,nan
41,66,0.03365,0.01881,-0.7928,0.3701,0,False,True,138.37,too_close,False,nan
41,67,0.02691,0.01936,-1.1678,0.4781,0,False,False,223.9,lateral,False,nan
41,68,0.02046,0.02004,-2.1119,0.8264,0,False,False,664.83,lateral,False,nan
41,69,0.01458,0.02093,-9.0329,2.4861,0,False,False,1477.71,behind,False,nan
41,70,0.01396,0.02167,-8.8968,2.1777,0,False,False,1844.56,behind,False,nan
42,1,0.49737,0.17307,0.3122,-0.1352,4,True,True,5.51,,True,0.022576855913986987
42,2,0.49165,0.16518,0.2581,-0.0896,4,True,True,5.45,,True,0.023299541685864757
42,3,0.48501,0.15788,0.2099,-0.0619,4,True,True,5.55,,True,0.027971755601256046
42,4,0.47839,0.1517,0.2012,-0.0706,4,True,True,5.79,,True,0.020095386600749974
42,5,0.47195,0.14673,0.1906,-0.1068,4,True,True,5.77,,True,0.019658490056759913
42,6,0.46528,0.14278,0.1855,-0.1385,4,True,True,5.72,,True,0.0200408867037725
42,7,0.45824,0.13969,0.2125,-0.1428,4,True,True,5.91,,True,0.020630144583412533
42,8,0.45129,0.13724,0.2349,-0.1452,4,True,True,6.06,,True,0.01727315204752149
42,9,0.44434,0.1352,0.2243,-0.132,4,True,True,6.08,,True,0.018567975212384732
42,10,0.43727,0.13365,0.2194,-0.1296,4,True,True,6.24,,True,0.021330452793680954
42,11,0.43027,0.13268,0.2483,-0.1449,4,True,True,6.34,,True,0.019415513592157
42,12,0.42369,0.13208,0.2717,-0.1737,4,True,True,6.64,,True,0.013341665695787947
42,13,0.41717,0.13153,0.2638,-0.1892,4,True,True,6.59,,True,0.016640221636520496
42,14,0.4103,0.131,0.2582,-0.1725,4,True,True,6.7,,True,0.021711696737521345
42,15,0.4032,0.13062,0.2842,-0.1754,4,True,True,6.98,,True,0.0140815288855806
42,16,0.39652,0.1303,0.3062,-0.2171,4,True,True,7.32,,True,0.015560908775138918
42,17,0.38989,0.12974,0.297,-0.2439,4,True,True,7.26,,True,0.01562441148410285
42,18,0.38273,0.12885,0.2823,-0.2373,4,True,True,7.31,,True,0.016465014048753432
42,19,0.37544,0.12778,0.2825,-0.2501,4,True,True,7.57,,True,0.01763532401983906
42,20,0.36862,0.12651,0.2725,-0.2649,4,True,True,7.85,,True,0.017226121941328245
42,21,0.36187,0.12503,0.2345,-0.2787,4,True,True,7.71,,True,0.01621314909491792
42,22,0.35474,0.12353,0.1992,-0.291,4,True,True,7.78,,True,0.01544335822400267
42,23,0.34736,0.12217,0.1872,-0.2767,4,True,True,7.96,,True,0.014629880734833605
42,24,0.34034,0.12113,0.2142,-0.2678,4,True,True,8.35,,True,0.013598336753174782
42,25,0.33356,0.12035,0.2495,-0.2893,4,True,True,8.44,,True,0.014115704341303803
42,26,0.32655,0.11955,0.2445,-0.3047,4,True,True,8.57,,True,0.01435416871336657
42,27,0.3193,0.11867,0.2285,-0.2912,4,True,True,8.75,,True,0.014604267163313695
42,28,0.31241,0.1179,0.2518,-0.2837,4,True,True,9.16,,True,0.016372352054418362
42,29,0.30571,0.11725,0.284,-0.3008,4,True,True,9.24,,True,0.015879463579853183
42,30,0.29872,0.11652,0.2744,-0.3078,4,True,True,9.38,,True,0.014766311547609202
42,31,0.29156,0.11571,0.2536,-0.2871,4,True,True,9.5,,True,0.027359931383073542
42,32,0.28477,0.11515,0.2727,-0.273,4,True,True,9.94,,True,0.012741961628795238
42,33,0.27815,0.11491,0.3007,-0.2876,4,True,True,9.99,,True,0.014416923823621102
42,34,0.27129,0.11483,0.3135,-0.2993,4,True,True,10.39,,True,0.012389517977224197
42,35,0.26436,0.11484,0.3358,-0.288,4,True,True,10.6,,True,0.011735326082731989
42,36,0.25804,0.11497,0.3519,-0.2825,4,True,True,11.06,,True,0.011372818356207527
42,37,0.2519,0.11523,0.3404,-0.3017,4,True,True,11.08,,True,0.013601952668966109
42,38,0.24545,0.11568,0.3319,-0.3202,4,True,True,11.57,,True,0.012840088876037914
42,39,0.23881,0.11642,0.3481,-0.3184,4,True,True,11.68,,True,0.011054756524012893
42,40,0.23249,0.11751,0.4075,-0.326,4,True,True,12.14,,False,nan
42,41,0.2264,0.11875,0.4796,-0.352,2,False,True,13.34,too_close,False,nan
42,42,0.21981,0.11973,0.505,-0.3643,1,False,True,14.03,too_close,False,nan
42,43,0.21316,0.12036,0.5137,-0.3565,2,False,True,13.87,too_close,False,nan
42,44,0.20742,0.12074,0.5405,-0.3547,2,False,True,14.3,too_close,False,nan
42,45,0.20188,0.12091,0.5593,-0.3706,1,False,True,14.81,too_close,False,nan
42,46,0.19565,0.12084,0.5802,-0.3885,1,False,True,15.69,too_close,False,nan
42,47,0.18921,0.12049,0.5984,-0.393,1,False,True,15.81,too_close,False,nan
42,48,0.18351,0.11985,0.5861,-0.3959,1,False,True,16.01,too_close,False,nan
42,49,0.17804,0.1191,0.5982,-0.4183,1,False,True,16.67,too_close,False,nan
42,50,0.17167,0.11826,0.6578,-0.4499,1,False,True,18.48,too_close,False,nan
42,51,0.16495,0.11709,0.681,-0.463,1,False,True,18.95,too_close,False,nan
42,52,0.15905,0.11551,0.6451,-0.4648,1,False,True,18.54,too_close,False,nan
42,53,0.1534,0.11381,0.6308,-0.4375,1,False,True,18.91,too_close,False,nan
42,54,0.14753,0.11228,0.6719,-0.4333,1,False,True,20.21,too_close,False,nan
42,55,0.1415,0.11094,0.7067,-0.5037,1,False,True,21.65,too_close,False,nan
42,56,0.13521,0.10956,0.6921,-0.5633,1,False,True,22.19,too_close,False,nan
42,57,0.12883,0.10814,0.6972,-0.5523,1,False,True,22.83,too_close,False,nan
42,58,0.12254,0.10688,0.7656,-0.5664,1,False,True,24.8,too_close,False,nan
42,59,0.11619,0.10571,0.8268,-0.6547,1,False,True,27.01,too_close,False,nan
42,60,0.10986,0.10437,0.8342,-0.7119,1,False,True,28.5,too_close,False,nan
42,61,0.10342,0.10285,0.8869,-0.7471,1,False,True,30.88,too_close,False,nan
42,62,0.09646,0.10117,1.0338,-0.8471,1,False,False,37.99,too_close,False,nan
42,63,0.08927,0.09901,1.1445,-0.9644,1,False,False,45.44,too_close,False,nan
42,64,0.08238,0.09611,1.1401,-0.9651,1,False,False,44.37,lateral,False,nan
42,65,0.07563,0.09271,1.1916,-0.9273,0,False,False,44.65,lateral,False,nan
42,66,0.06878,0.08912,1.4175,-0.978,0,False,False,55.82,lateral,False,nan
42,67,0.06137,0.08519,1.7353,-1.1346,0,False,False,83.91,lateral,False,nan
42,68,0.0536,0.08058,1.9459,-1.3059,0,False,False,111.46,lateral,False,nan
42,69,0.04622,0.07525,2.163,-1.3838,0,False,False,123.46,lateral,False,nan
42,70,0.03933,0.06938,2.8128,-1.5013,0,False,False,203.41,lateral,False,nan
42,71,0.03213,0.06297,4.2792,-1.9231,0,False,False,1289.54,lateral,False,nan
42,72,0.02429,0.05584,7.3067,-2.9477,0,False,False,1150.7,lateral,False,nan
42,73,0.01652,0.0481,21.0733,-6.7123,0,False,False,399.45,behind,False,nan
42,74,0.01206,0.04102,-61.8838,11.4139,0,False,False,119.71,behind,False,nan
43,1,0.49779,0.24441,0.5209,0.0101,4,True,True,5.71,,True,0.02323549839145681
43,2,0.49269,0.24139,0.5615,-0.0448,4,True,True,6.17,,True,0.01970815748037758
43,3,0.48626,0.2382,0.5817,-0.1146,4,True,True,6.35,,True,0.013857299397646485
43,4,0.47977,0.23455,0.6011,-0.1422,4,True,True,6.45,,True,0.020166129877114754
43,5,0.47342,0.23018,0.6141,-0.1293,4,True,True,6.69,,True,0.014008568765910135
43,6,0.46676,0.22498,0.5805,-0.1362,4,True,True,6.73,,True,0.022148176618332273
43,7,0.45993,0.21905,0.5463,-0.1597,4,True,True,6.56,,True,0.024184106317871077
43,8,0.45307,0.21255,0.555,-0.1439,4,True,True,6.59,,True,0.013348998174769831
43,9,0.4464,0.20537,0.5616,-0.1087,4,True,True,6.72,,True,0.0129178790002025
43,10,0.43985,0.19741,0.5218,-0.1092,4,True,True,6.8,,True,0.013911681162427471
43,11,0.43319,0.18886,0.434,-0.121,4,True,True,6.4,,True,0.011568300276260893
43,12,0.42648,0.18025,0.3555,-0.0917,4,True,True,6.23,,True,0.017493404716491825
43,13,0.41954,0.1722,0.324,-0.0517,4,True,True,6.19,,True,0.015227816483176728
43,14,0.4123,0.16497,0.3343,-0.0506,4,True,True,6.46,,True,0.010863258677097145
43,15,0.40527,0.1585,0.3374,-0.0579,4,True,True,6.58,,True,0.012538112909056121
43,16,0.39836,0.15263,0.3145,-0.0577,4,True,True,6.79,,True,0.009518447863539755
43,17,0.3912,0.14745,0.3104,-0.0735,4,True,True,6.76,,True,0.021796617649238913
43,18,0.38409,0.14295,0.3443,-0.0874,4,True,True,7.14,,True,0.011900339434475623
43,19,0.37732,0.1388,0.3672,-0.0778,4,True,True,7.41,,True,0.010581121081693987
43,20,0.37067,0.13476,0.3474,-0.0697,4,True,True,7.67,,True,0.008084319341405837
43,21,0.36377,0.13089,0.3342,-0.0835,4,True,True,7.61,,True,0.005688118624026924
43,22,0.35679,0.12728,0.3584,-0.0958,4,True,True,7.76,,True,0.010749439091536804
43,23,0.35004,0.12373,0.3698,-0.0855,4,True,True,8.27,,True,0.008644353262510918
43,24,0.34338,0.12009,0.338,-0.0768,4,True,True,8.52,,True,0.007512534100452336
43,25,0.33655,0.11659,0.3133,-0.0911,4,True,True,8.43,,True,0.00961856615299888
43,26,0.32967,0.11341,0.3277,-0.0995,4,True,True,8.46,,True,0.009981205771496146
43,27,0.32302,0.11045,0.3314,-0.0829,4,True,True,8.78,,True,0.007783880657807486
43,28,0.31645,0.10769,0.2936,-0.0711,4,True,True,8.84,,True,0.007356047348196348
43,29,0.30955,0.10543,0.2639,-0.0864,4,True,True,8.73,,True,0.010295363662125911
43,30,0.30248,0.10394,0.274,-0.1204,4,True,True,9.23,,True,0.008836101190677478
43,31,0.29524,0.10312,0.319,-0.1479,4,True,True,9.61,,True,0.007138446227079084
43,32,0.28802,0.10256,0.357,-0.1627,4,True,True,9.85,,True,0.008718129326798203
43,33,0.28094,0.10192,0.3585,-0.1869,4,True,True,10.25,,True,0.005277525520352342
43,34,0.27389,0.10113,0.3531,-0.2095,4,True,True,10.57,,True,0.0063461849733144025
43,35,0.26676,0.10019,0.3425,-0.209,4,True,True,10.68,,True,0.04045246574467262
43,36,0.25975,0.09923,0.3051,-0.2108,4,True,True,11.13,,True,0.005389080889624373
43,37,0.25284,0.09855,0.2818,-0.2383,4,True,True,11.18,,True,0.006909665269072883
43,38,0.24569,0.09828,0.3072,-0.2535,4,True,True,11.31,,True,0.007230495018997353
43,39,0.23858,0.09828,0.3693,-0.2364,4,True,True,12.13,,True,0.008046621720866943
43,40,0.23227,0.0983,0.4168,-0.2389,2,False,True,12.58,tilt,False,nan
43,41,0.22614,0.09811,0.4232,-0.2788,2,False,True,12.97,tilt,False,nan
43,42,0.21936,0.09762,0.4056,-0.2998,2,False,True,13.55,tilt,False,nan
43,43,0.21226,0.09689,0.3941,-0.2878,3,False,True,13.9,too_close,False,nan
43,44,0.20536,0.09615,0.3822,-0.2996,2,False,True,13.9,too_close,False,nan
43,45,0.19868,0.09555,0.3648,-0.3504,1,False,True,14.25,too_close,False,nan
43,46,0.19172,0.09509,0.3822,-0.3855,1,False,True,15.31,too_close,False,nan
43,47,0.18481,0.09461,0.3867,-0.3778,1,False,True,15.89,too_close,False,nan
43,48,0.17824,0.09421,0.3758,-0.3911,1,False,True,15.9,too_close,False,nan
43,49,0.17182,0.09403,0.3737,-0.4491,1,False,True,16.7,too_close,False,nan
43,50,0.16507,0.09395,0.4053,-0.4923,1,False,True,17.96,too_close,False,nan
43,51,0.15843,0.09377,0.4215,-0.489,1,False,True,18.66,too_close,False,nan
43,52,0.15227,0.09355,0.3738,-0.4974,1,False,True,18.57,too_close,False,nan
43,53,0.14659,0.09365,0.3418,-0.5499,1,False,True,19.52,too_close,False,nan
43,54,0.14047,0.09411,0.3789,-0.5933,1,False,True,20.47,too_close,False,nan
43,55,0.13396,0.09481,0.4566,-0.6025,1,False,True,21.53,too_close,False,nan
43,56,0.12911,0.09568,0.501,-0.6345,1,False,True,23.81,too_close,False,nan
43,57,0.12514,0.09663,0.5059,-0.7089,1,False,True,25.3,too_close,False,nan
43,58,0.1199,0.09752,0.548,-0.7736,1,False,True,26.44,too_close,False,nan
43,59,0.11399,0.0982,0.6176,-0.7709,1,False,True,26.96,too_close,False,nan
43,60,0.10834,0.09874,0.6449,-0.7661,1,False,True,27.87,too_close,False,nan
43,61,0.10245,0.09934,0.6734,-0.8573,1,False,True,29.89,too_close,False,nan
43,62,0.09589,0.09999,0.7484,-1.0043,1,False,False,34.15,too_close,False,nan
43,63,0.08943,0.10045,0.8174,-1.0813,1,False,False,36.56,lateral,False,nan
43,64,0.08397,0.10065,0.8661,-1.1006,1,False,False,37.72,lateral,False,nan
43,65,0.0784,0.1008,0.9655,-1.222,0,False,False,43.06,lateral,False,nan
43,66,0.07159,0.10087,1.1408,-1.4773,0,False,False,54.2,lateral,False,nan
43,67,0.06425,0.10057,1.2588,-1.7131,0,False,False,62.6,lateral,False,nan
43,68,0.05791,0.09983,1.2725,-1.7976,0,False,False,60.99,lateral,False,nan
43,69,0.05249,0.09897,1.414,-1.9049,0,False,False,65.52,lateral,False,nan
43,70,0.04637,0.09821,1.7412,-2.1611,0,False,False,77.01,lateral,False,nan
43,71,0.03979,0.09757,2.1667,-2.5647,0,False,False,95.81,lateral,False,nan
43,72,0.03546,0.09711,2.5965,-2.936,0,False,False,144.21,lateral,False,nan
43,73,0.03253,0.09682,3.0755,-3.2817,0,False,False,149.2,lateral,False,nan
43,74,0.02801,0.09663,4.0015,-4.1419,0,False,False,172.53,lateral,False,nan
43,75,0.02251,0.09653,5.9195,-6.2822,0,False,False,470.81,lateral,False,nan
43,76,0.01901,0.09652,8.5607,-9.3081,0,False,False,1976.98,lateral,False,nan
43,77,0.01714,0.09657,15.5065,-16.2373,0,False,False,19876.17,lateral,False,nan
43,78,0.01415,0.09663,59.4036,-60.284,0,False,False,4091.32,behind,False,nan
43,79,0.01366,0.09668,30.9548,-31.9401,0,False,False,3267.52,behind,False,nan
44,1,0.49922,0.24414,0.5223,-0.0613,4,True,True,5.69,,True,0.01891818217032609
44,2,0.49593,0.24904,0.6032,-0.1234,4,True,True,6.28,,True,0.017125623340806268
44,3,0.48996,0.25347,0.6817,-0.2033,3,False,True,6.81,tilt,False,nan
44,4,0.48275,0.25685,0.7118,-0.242,2,False,True,6.98,tilt,False,nan
44,5,0.4757,0.25878,0.6924,-0.2086,3,False,True,6.85,tilt,False,nan
44,6,0.46944,0.25937,0.6804,-0.1818,3,False,True,6.81,tilt,False,nan
44,7,0.46325,0.25892,0.7195,-0.2235,2,False,True,7.12,tilt,False,nan
44,8,0.45633,0.25731,0.7563,-0.2594,2,False,True,7.49,tilt,False,nan
44,9,0.44872,0.2543,0.7447,-0.2234,2,False,True,7.5,tilt,False,nan
44,10,0.44135,0.24989,0.6701,-0.1486,3,False,True,6.9,tilt,False,nan
44,11,0.43468,0.24459,0.6006,-0.1011,4,True,True,6.66,,True,0.003583614305045197
44,12,0.42842,0.23899,0.5844,-0.0843,4,True,True,6.76,,True,0.00606903675080146
44,13,0.42204,0.23331,0.5653,-0.0718,4,True,True,6.53,,True,0.011991874794909051
44,14,0.41579,0.22766,0.5211,-0.0516,4,True,True,6.62,,True,0.010829816011256599
44,15,0.41001,0.22235,0.497,-0.0185,4,True,True,6.44,,True,0.00765426895564133
44,16,0.40393,0.21755,0.5169,0.0044,4,True,True,6.78,,True,0.012182834949066634
44,17,0.39714,0.21315,0.5314,0.0052,4,True,True,6.92,,True,0.006258903173724471
44,18,0.39019,0.209,0.4999,-0.0035,4,True,True,6.82,,True,0.00861466974145077
44,19,0.38379,0.20531,0.4742,-0.001,4,True,True,7.01,,True,0.011141441834913321
44,20,0.37747,0.20228,0.4919,0.0025,4,True,True,7.37,,True,0.010401694424498915
44,21,0.37088,0.19981,0.5157,-0.0109,4,True,True,7.37,,True,0.011310225061161515
44,22,0.36419,0.19773,0.5039,-0.0224,4,True,True,7.25,,True,0.007694954757568338
44,23,0.35786,0.19613,0.4963,-0.0189,4,True,True,7.49,,True,0.007603753500342901
44,24,0.35153,0.1951,0.5326,-0.0179,4,True,True,8.0,,True,0.005566480200685819
44,25,0.34493,0.19445,0.5637,-0.0325,4,True,True,8.05,,True,0.004942621544251938
44,26,0.33841,0.194,0.5713,-0.0461,4,True,True,8.06,,True,0.004273365362390683
44,27,0.33211,0.19371,0.6003,-0.0481,3,False,True,8.55,too_close,False,nan
44,28,0.32558,0.19348,0.6561,-0.0534,2,False,True,9.31,too_close,False,nan
44,29,0.31885,0.19299,0.6902,-0.0695,2,False,True,9.4,too_close,False,nan
44,30,0.31235,0.19206,0.6666,-0.082,2,False,True,9.25,too_close,False,nan
44,31,0.30636,0.19085,0.6406,-0.0836,2,False,True,9.3,too_close,False,nan
44,32,0.30018,0.18963,0.6628,-0.0869,2,False,True,9.88,too_close,False,nan
44,33,0.29356,0.18836,0.7021,-0.0996,2,False,True,10.08,too_close,False,nan
44,34,0.28711,0.18685,0.7029,-0.0932,2,False,True,10.14,too_close,False,nan
44,35,0.28149,0.18511,0.7021,-0.0659,2,False,True,10.18,too_close,False,nan
44,36,0.27593,0.18325,0.7532,-0.0635,2,False,True,10.9,too_close,False,nan
44,37,0.26996,0.18105,0.8014,-0.0567,2,False,True,11.73,too_close,False,nan
44,38,0.26383,0.17823,0.7919,-0.0305,2,False,True,11.54,too_close,False,nan
44,39,0.25824,0.17483,0.7438,-0.0037,2,False,True,11.56,too_close,False,nan
44,40,0.25307,0.17116,0.7189,0.0182,2,False,True,11.21,too_close,False,nan
44,41,0.24718,0.16743,0.7463,0.0321,2,False,True,11.88,too_close,False,nan
44,42,0.24076,0.16353,0.761,0.039,2,False,True,12.55,too_close,False,nan
44,43,0.23468,0.15936,0.7128,0.0456,2,False,True,12.73,too_close,False,nan
44,44,0.22905,0.15517,0.6712,0.0599,2,False,True,12.24,too_close,False,nan
44,45,0.22299,0.15126,0.6819,0.0687,2,False,True,12.4,too_close,False,nan
44,46,0.21641,0.14761,0.6992,0.0638,2,False,True,13.12,too_close,False,nan
44,47,0.2101,0.14416,0.6736,0.0598,2,False,True,13.33,too_close,False,nan
44,48,0.20402,0.14106,0.6563,0.0661,2,False,True,13.18,too_close,False,nan
44,49,0.19762,0.13849,0.6909,0.0726,2,False,True,14.51,too_close,False,nan
44,50,0.19108,0.13633,0.7391,0.0701,2,False,True,15.24,too_close,False,nan
44,51,0.18506,0.13437,0.7468,0.0946,2,False,True,15.17,too_close,False,nan
44,52,0.17989,0.13258,0.7614,0.1482,2,False,True,15.91,too_close,False,nan
44,53,0.17475,0.1309,0.8432,0.17,2,False,True,17.65,too_close,False,nan
44,54,0.16888,0.12899,0.9216,0.154,2,False,True,19.15,too_close,False,nan
44,55,0.16285,0.12648,0.9292,0.1703,2,False,True,20.27,too_close,False,nan
44,56,0.15697,0.12336,0.8711,0.2092,1,False,True,19.87,too_close,False,nan
44,57,0.1509,0.11994,0.8302,0.2039,1,False,True,19.36,too_close,False,nan
44,58,0.14436,0.11655,0.8477,0.1698,1,False,True,20.22,too_close,False,nan
44,59,0.13799,0.11325,0.8982,0.1815,1,False,True,22.92,too_close,False,nan
44,60,0.13188,0.10991,0.9263,0.2315,1,False,True,24.59,too_close,False,nan
44,61,0.12532,0.10641,0.9011,0.2397,1,False,True,24.11,too_close,False,nan
44,62,0.11851,0.10293,0.8825,0.2146,1,False,True,24.51,too_close,False,nan
44,63,0.11203,0.09976,0.9263,0.2407,0,False,True,27.44,too_close,False,nan
44,64,0.10553,0.09686,0.9789,0.3124,0,False,True,29.87,too_close,False,nan
44,65,0.09862,0.09406,0.9908,0.3402,0,False,True,30.43,lateral,False,nan
44,66,0.09167,0.09145,1.0132,0.336,0,False,False,31.5,lateral,False,nan
44,67,0.08495,0.08921,1.1121,0.3982,0,False,False,36.28,lateral,False,nan
44,68,0.07807,0.0872,1.2378,0.4884,0,False,False,42.19,lateral,False,nan
44,69,0.07083,0.0852,1.3118,0.4962,0,False,False,45.08,lateral,False,nan
44,70,0.06368,0.08332,1.4323,0.5286,0,False,False,49.38,lateral,False,nan
44,71,0.05644,0.0817,1.7055,0.6692,0,False,False,63.89,lateral,False,nan
44,72,0.04902,0.08013,2.0874,0.8758,0,False,False,85.84,lateral,False,nan
44,73,0.04157,0.07845,2.4574,1.0124,0,False,False,100.14,lateral,False,nan
44,74,0.03437,0.07674,3.0952,1.2915,0,False,False,127.03,lateral,False,nan
44,75,0.02729,0.07512,4.9363,2.3052,0,False,False,274.76,lateral,False,nan
44,76,0.02045,0.07337,11.8364,6.1508,0,False,False,9008.24,lateral,False,nan
44,77,0.01412,0.07133,40.1051,21.3787,0,False,False,7981.42,behind,False,nan
44,78,0.01422,0.07011,41.662,23.3391,0,False,False,4611.5,behind,False,nan
45,1,0.498,0.27634,0.485,-0.3486,4,True,True,5.71,,True,0.03439335921818789
45,2,0.49337,0.27445,0.5507,-0.4172,4,True,True,6.33,,True,0.018441723501704352
45,3,0.48742,0.27188,0.5967,-0.5052,4,True,True,6.78,,True,0.012305090784943002
45,4,0.48128,0.26794,0.5862,-0.5363,4,True,True,6.87,,True,0.014647873812074583
45,5,0.47533,0.2624,0.5391,-0.4881,4,True,True,6.58,,True,0.012750080459217201
45,6,0.46933,0.25565,0.458,-0.4328,4,True,True,6.19,,True,0.019939507191525367
45,7,0.46309,0.24832,0.384,-0.4364,4,True,True,6.05,,True,0.024381927509971184
45,8,0.45672,0.2408,0.3477,-0.4464,4,True,True,6.07,,True,0.02335399289355451
45,9,0.45028,0.23318,0.3596,-0.4077,4,True,True,6.12,,True,0.02089527628910622
45,10,0.44364,0.22552,0.3689,-0.3727,4,True,True,6.2,,True,0.01068856732394772
45,11,0.43696,0.21786,0.3307,-0.3845,4,True,True,6.32,,True,0.01080727680167345
45,12,0.43046,0.21027,0.3024,-0.3859,4,True,True,6.54,,True,0.011923940842671142
45,13,0.42395,0.20281,0.3278,-0.3355,4,True,True,6.64,,True,0.01585640070724723
45,14,0.41716,0.19555,0.3531,-0.2877,4,True,True,6.74,,True,0.015840292976159836
45,15,0.41049,0.18855,0.3335,-0.2861,4,True,True,6.88,,True,0.015139974650937093
45,16,0.40411,0.18186,0.3223,-0.3211,4,True,True,7.02,,True,0.01583654200191905
45,17,0.39761,0.17532,0.3186,-0.3394,4,True,True,6.97,,True,0.015698665252947018
45,18,0.39093,0.16872,0.3139,-0.3228,4,True,True,7.25,,True,0.015752373769958493
45,19,0.3843,0.1621,0.291,-0.3176,4,True,True,7.24,,True,0.015775691364660917
45,20,0.37761,0.15551,0.2757,-0.3422,4,True,True,7.38,,True,0.013064985300171634
45,21,0.3709,0.14885,0.3013,-0.3486,4,True,True,7.89,,True,0.007128859016290241
45,22,0.36426,0.14187,0.3073,-0.3119,4,True,True,8.13,,True,0.013568817030532688
45,23,0.3574,0.13457,0.2629,-0.2854,4,True,True,7.95,,True,0.013209273686029824
45,24,0.35026,0.12725,0.2281,-0.2936,4,True,True,7.98,,True,0.010036614821536857
45,25,0.34308,0.12002,0.2423,-0.2869,4,True,True,8.42,,True,0.008362447747127204
45,26,0.33611,0.11275,0.2466,-0.2388,4,True,True,8.64,,True,0.008689992338646068
45,27,0.32906,0.10555,0.2048,-0.2001,4,True,True,8.45,,True,0.006647818353395764
45,28,0.32177,0.09877,0.1724,-0.1954,4,True,True,8.46,,True,0.00783950907653446
45,29,0.31453,0.09263,0.1866,-0.1771,4,True,True,8.89,,True,0.009877104863872775
45,30,0.30744,0.08711,0.1959,-0.1315,4,True,True,9.21,,True,0.008356538275315123
45,31,0.30031,0.08227,0.1653,-0.1045,4,True,True,9.18,,True,0.006553592076385613
45,32,0.29303,0.07838,0.1429,-0.1123,4,True,True,9.33,,True,0.006757088702465258
45,33,0.28566,0.07559,0.1639,-0.1099,4,True,True,9.65,,True,0.008756084801023892
45,34,0.27831,0.07377,0.2241,-0.0884,4,True,True,10.13,,True,0.007671480321576444
45,35,0.27131,0.07255,0.2781,-0.0793,4,True,True,10.6,,True,0.006493766053643107
45,36,0.26449,0.0715,0.2933,-0.0962,4,True,True,11.12,,True,0.0060163087948348825
45,37,0.2576,0.07034,0.3164,-0.0974,4,True,True,11.39,,True,0.008321858625834717
45,38,0.2507,0.06889,0.3318,-0.0598,4,True,True,11.77,,True,0.006452261843286335
45,39,0.24374,0.06709,0.304,-0.0369,4,True,True,12.2,,True,0.005682122789427076
45,40,0.23659,0.06518,0.2805,-0.049,4,True,True,12.57,,True,0.005846333835837886
45,41,0.22942,0.06336,0.2972,-0.0581,4,True,True,12.75,,True,0.006674977181590301
45,42,0.22255,0.06148,0.3071,-0.06,4,True,True,13.04,,False,nan
45,43,0.21571,0.05943,0.2751,-0.0915,4,True,True,13.4,,True,0.0060393127430005715
45,44,0.20856,0.05737,0.2512,-0.1155,4,True,True,13.93,,True,0.004701722501639087
45,45,0.20135,0.05544,0.2723,-0.1042,4,True,True,14.25,,False,nan
45,46,0.19437,0.05354,0.2902,-0.1068,4,True,True,14.86,,False,nan
45,47,0.18732,0.05153,0.2638,-0.1126,4,True,True,15.33,,False,nan
45,48,0.18021,0.04956,0.2423,-0.1037,4,True,True,16.1,,False,nan
45,49,0.17317,0.04784,0.2652,-0.1084,2,False,True,16.62,too_close,False,nan
45,50,0.1662,0.04628,0.2812,-0.1062,2,False,True,17.53,too_close,False,nan
45,51,0.15922,0.04474,0.2511,-0.0732,2,False,True,18.03,too_close,False,nan
45,52,0.15246,0.04357,0.2275,-0.0427,3,False,True,19.06,too_close,False,nan
45,53,0.1456,0.0431,0.2482,-0.0408,2,False,True,20.01,too_close,False,nan
45,54,0.13823,0.04327,0.3149,-0.0656,1,False,True,21.13,too_close,False,nan
45,55,0.13084,0.0437,0.3785,-0.0881,1,False,True,23.05,too_close,False,nan
45,56,0.1238,0.044,0.3998,-0.0714,0,False,True,25.19,too_close,False,nan
45,57,0.11711,0.04417,0.4052,-0.0467,0,False,True,26.86,too_close,False,nan
45,58,0.11002,0.04443,0.4404,-0.0683,0,False,True,28.49,too_close,False,nan
45,59,0.10244,0.04477,0.5315,-0.1585,0,False,True,31.38,too_close,False,nan
45,60,0.09509,0.04473,0.6288,-0.253,0,False,True,39.77,too_close,False,nan
45,61,0.08791,0.04376,0.6817,-0.279,0,False,True,46.51,too_close,False,nan
45,62,0.08094,0.0417,0.6605,-0.2512,0,False,True,46.25,too_close,False,nan
45,63,0.0741,0.03885,0.6285,-0.25,0,False,True,47.14,too_close,False,nan
45,64,0.06739,0.0356,0.6545,-0.2908,0,False,True,56.46,too_close,False,nan
45,65,0.06047,0.0319,0.6872,-0.296,0,False,True,69.63,too_close,False,nan
45,66,0.0535,0.02767,0.6485,-0.2396,0,False,True,72.39,too_close,False,nan
45,67,0.04686,0.02326,0.6042,-0.1986,0,False,True,79.76,too_close,False,nan
45,68,0.04023,0.0191,0.6347,-0.1843,0,False,True,109.99,too_close,False,nan
45,69,0.03317,0.01535,0.6998,-0.0961,0,False,True,173.67,too_close,False,nan
45,70,0.02597,0.01243,0.8271,0.1889,0,False,True,251.0,too_close,False,nan
45,71,0.01913,0.0113,1.2044,1.0746,0,False,False,629.98,lateral,False,nan
45,72,0.0135,0.01211,3.1814,6.0477,0,False,False,4399.1,behind,False,nan
45,73,0.01395,0.01351,1.452,7.336,0,False,False,1605.7,behind,False,nan
46,1,0.49756,0.22507,0.4784,0.0772,4,True,True,5.63,,True,0.021919305988229883
46,2,0.49218,0.22459,0.5388,0.093,4,True,True,5.97,,True,0.018316733645963184
46,3,0.48548,0.22358,0.5945,0.083,4,True,True,6.27,,True,0.01800203263068278
46,4,0.47837,0.22161,0.6042,0.0719,4,True,True,6.49,,True,0.013681239000644907
46,5,0.47133,0.21854,0.5764,0.1027,4,True,True,6.58,,True,0.011972552513058855
46,6,0.46467,0.2145,0.5575,0.1524,4,True,True,6.5,,True,0.017494450255874334
46,7,0.45801,0.20961,0.5815,0.164,4,True,True,6.74,,True,0.01553239824813718
46,8,0.45074,0.20372,0.6053,0.1553,4,True,True,7.01,,True,0.009996116904344024
46,9,0.44329,0.19659,0.5819,0.1547,4,True,True,7.15,,True,0.0149547548861618
46,10,0.43625,0.18822,0.5025,0.1463,4,True,True,6.92,,True,0.013658212093629165
46,11,0.42963,0.17914,0.4204,0.1204,4,True,True,6.49,,True,0.014236441382500704
46,12,0.42293,0.16996,0.3812,0.0963,4,True,True,6.66,,True,0.011410636748624988
46,13,0.41596,0.16102,0.359,0.0912,4,True,True,6.66,,True,0.015447574812294926
46,14,0.40918,0.15243,0.3574,0.0713,4,True,True,6.69,,True,0.024154746045904542
46,15,0.40256,0.14418,0.3476,0.019,4,True,True,6.84,,True,0.01150398640557517
46,16,0.39564,0.13629,0.2992,-0.0182,4,True,True,6.83,,True,0.012607554834099708
46,17,0.38872,0.12905,0.2581,-0.0235,4,True,True,6.95,,True,0.01727201325478675
46,18,0.38218,0.1228,0.2564,-0.0463,4,True,True,7.0,,True,0.011124236626294753
46,19,0.37559,0.11745,0.2539,-0.0656,4,True,True,7.26,,True,0.008714893521476114
46,20,0.36889,0.11289,0.2604,-0.0791,4,True,True,7.38,,True,0.009914512566556843
46,21,0.36193,0.10896,0.2617,-0.0874,4,True,True,7.56,,True,0.011973227547011049
46,22,0.35495,0.10554,0.26,-0.0696,4,True,True,7.87,,True,0.00905341004098504
46,23,0.3484,0.10263,0.2932,-0.0552,4,True,True,8.42,,True,0.011592494953391099
46,24,0.3416,0.09998,0.324,-0.0665,4,True,True,8.62,,True,0.011604077994884478
46,25,0.3345,0.09731,0.3151,-0.07,4,True,True,8.54,,True,0.010601987802066427
46,26,0.32801,0.09464,0.2856,-0.088,4,True,True,8.57,,True,0.009911226391220336
46,27,0.32144,0.09221,0.2745,-0.1099,4,True,True,8.86,,True,0.007680009564817029
46,28,0.31433,0.09009,0.2596,-0.1329,4,True,True,8.95,,True,0.007203322338722852
46,29,0.30732,0.08836,0.2432,-0.1496,4,True,True,9.0,,True,0.0070311480873108175
46,30,0.30038,0.08708,0.2571,-0.1807,4,True,True,9.33,,True,0.011579838610745935
46,31,0.29344,0.08607,0.2671,-0.2097,4,True,True,9.7,,True,0.008239381155640773
46,32,0.28647,0.08511,0.2444,-0.2355,4,True,True,10.01,,True,0.007440233766830615
46,33,0.27956,0.08421,0.2224,-0.2608,4,True,True,10.39,,True,0.007560570271283241
46,34,0.27271,0.0834,0.1814,-0.2556,4,True,True,10.23,,True,0.007300715116110266
46,35,0.26611,0.08289,0.145,-0.2522,4,True,True,10.5,,True,0.00944854956065669
46,36,0.25956,0.08293,0.1568,-0.281,4,True,True,10.72,,True,0.006943452771027764
46,37,0.25274,0.08335,0.162,-0.3047,4,True,True,11.18,,True,0.006383940772523957
46,38,0.24597,0.08396,0.1189,-0.3364,4,True,True,11.46,,True,0.005538430598003289
46,39,0.23903,0.08476,0.0849,-0.3613,4,True,True,12.04,,True,0.007548640232801905
46,40,0.2321,0.08573,0.1055,-0.387,3,False,True,12.33,tilt,False,nan
46,41,0.2251,0.08672,0.1635,-0.4108,2,False,True,12.93,tilt,False,nan
46,42,0.21807,0.08747,0.1971,-0.3978,3,False,True,13.47,too_close,False,nan
46,43,0.2115,0.08801,0.1908,-0.3861,3,False,True,14.1,too_close,False,nan
46,44,0.20523,0.08862,0.1835,-0.4097,2,False,True,14.21,too_close,False,nan
46,45,0.19881,0.08929,0.2001,-0.4826,2,False,True,14.89,too_close,False,nan
46,46,0.19204,0.08968,0.2021,-0.5629,2,False,True,16.33,too_close,False,nan
46,47,0.18499,0.08936,0.1792,-0.5931,2,False,True,17.11,too_close,False,nan
46,48,0.1779,0.08825,0.1903,-0.5633,2,False,True,17.16,too_close,False,nan
46,49,0.17117,0.0866,0.1996,-0.5344,2,False,True,17.26,too_close,False,nan
46,50,0.16462,0.08468,0.2007,-0.5606,1,False,True,18.34,too_close,False,nan
46,51,0.15785,0.0825,0.2468,-0.584,1,False,True,19.88,too_close,False,nan
46,52,0.15103,0.07985,0.3086,-0.5485,1,False,True,20.78,too_close,False,nan
46,53,0.14437,0.07678,0.327,-0.514,1,False,True,21.53,too_close,False,nan
46,54,0.13785,0.07351,0.2881,-0.5306,1,False,True,22.52,too_close,False,nan
46,55,0.13107,0.07011,0.2559,-0.5408,1,False,True,23.65,too_close,False,nan
46,56,0.12438,0.06666,0.2343,-0.4942,1,False,True,24.14,too_close,False,nan
46,57,0.1179,0.06352,0.2171,-0.4617,0,False,True,25.95,too_close,False,nan
46,58,0.11138,0.06106,0.1976,-0.493,0,False,True,27.5,too_close,False,nan
46,59,0.10489,0.05928,0.1561,-0.5247,0,False,True,29.19,too_close,False,nan
46,60,0.09813,0.05817,0.1464,-0.5663,0,False,True,31.41,too_close,False,nan
46,61,0.09088,0.05772,0.1912,-0.6783,0,False,True,34.77,too_close,False,nan
46,62,0.08363,0.05756,0.2696,-0.8208,0,False,True,41.43,too_close,False,nan
46,63,0.07663,0.05713,0.356,-0.9196,0,False,True,48.53,too_close,False,nan
46,64,0.06976,0.05622,0.4366,-0.9348,0,False,True,50.55,too_close,False,nan
46,65,0.06307,0.05499,0.479,-0.948,0,False,True,54.64,too_close,False,nan
46,66,0.05637,0.05381,0.5265,-1.0754,0,False,False,61.61,lateral,False,nan
46,67,0.04965,0.05275,0.6667,-1.257,0,False,False,75.78,lateral,False,nan
46,68,0.04278,0.05173,0.9696,-1.4203,0,False,False,94.22,lateral,False,nan
46,69,0.03581,0.0507,1.4309,-1.7528,0,False,False,218.17,lateral,False,nan
46,70,0.02877,0.04953,2.145,-2.6656,0,False,False,5957.13,lateral,False,nan
46,71,0.022,0.04797,3.948,-5.294,0,False,False,875.41,lateral,False,nan
46,72,0.0158,0.0459,10.9825,-14.8764,0,False,False,1897.03,behind,False,nan
46,73,0.01331,0.04393,20.7207,-28.4952,0,False,False,3776.88,behind,False,nan
47,1,0.49872,0.26337,0.2444,-0.5154,4,True,True,5.66,,True,0.021621980531446483
47,2,0.49487,0.26404,0.3175,-0.5864,4,True,True,6.13,,True,0.0197053565384266
47,3,0.48887,0.26411,0.3666,-0.6693,3,False,True,6.56,tilt,False,nan
47,4,0.48173,0.26294,0.3732,-0.6972,3,False,True,6.76,tilt,False,nan
47,5,0.47421,0.26022,0.3587,-0.6518,3,False,True,6.62,tilt,False,nan
47,6,0.46737,0.25606,0.3676,-0.6033,4,True,True,6.58,,True,0.01683182016143043
47,7,0.46089,0.25076,0.4156,-0.6156,4,True,True,7.1,,False,nan
47,8,0.45374,0.24426,0.4321,-0.6359,3,False,True,7.32,tilt,False,nan
47,9,0.44577,0.23635,0.4005,-0.5963,4,True,True,7.1,,False,nan
47,10,0.43775,0.22715,0.3482,-0.5105,4,True,True,6.9,,True,0.015982038980274824
47,11,0.43068,0.21714,0.2936,-0.4533,4,True,True,6.82,,True,0.01703766873432402
47,12,0.42392,0.20692,0.2532,-0.4123,4,True,True,6.64,,True,0.016546941735171926
47,13,0.41674,0.19685,0.2458,-0.3388,4,True,True,6.53,,True,0.020603482712165888
47,14,0.40943,0.18736,0.2455,-0.2676,4,True,True,6.67,,True,0.01989605260241015
47,15,0.40238,0.1789,0.2093,-0.2374,4,True,True,6.73,,True,0.014763622128266492
47,16,0.39545,0.17177,0.1729,-0.2572,4,True,True,6.83,,True,0.017319650320670548
47,17,0.38829,0.16594,0.1778,-0.2754,4,True,True,7.23,,True,0.016662680372306782
47,18,0.38084,0.16117,0.1907,-0.2938,4,True,True,7.38,,True,0.012726651623395509
47,19,0.3733,0.15724,0.2029,-0.3024,4,True,True,7.28,,True,0.010120124964008322
47,20,0.36651,0.15403,0.2406,-0.3223,4,True,True,7.59,,True,0.010222208160926541
47,21,0.35979,0.15119,0.2631,-0.3494,4,True,True,7.85,,True,0.016452356247379493
47,22,0.35236,0.14839,0.2406,-0.3387,4,True,True,7.82,,True,0.01204678463326017
47,23,0.34509,0.14575,0.232,-0.3276,4,True,True,7.96,,True,0.02784662249260248
47,24,0.33803,0.14341,0.2687,-0.3561,4,True,True,8.34,,True,0.014602272907240406
47,25,0.33075,0.1411,0.2908,-0.3863,4,True,True,8.65,,True,0.010586106208850926
47,26,0.32318,0.13849,0.2723,-0.3718,4,True,True,8.67,,True,0.012604000646743009
47,27,0.3161,0.13571,0.2733,-0.353,4,True,True,9.02,,True,0.009292226301262248
47,28,0.30962,0.1329,0.3153,-0.381,4,True,True,9.75,,True,0.007783848929307982
47,29,0.3028,0.12978,0.3376,-0.4172,4,True,True,10.16,,True,0.009084913293656165
47,30,0.29529,0.12599,0.3123,-0.4094,4,True,True,10.04,,True,0.012539199012605369
47,31,0.28758,0.12163,0.2581,-0.349,4,True,True,9.84,,True,0.013034245064011072
47,32,0.28059,0.11725,0.212,-0.3013,4,True,True,9.85,,True,0.008239351098270207
47,33,0.27359,0.11341,0.1972,-0.3087,4,True,True,10.17,,True,0.009387286544751827
47,34,0.26612,0.11018,0.2175,-0.3136,4,True,True,10.94,,True,0.008135651928231659
47,35,0.25859,0.10745,0.2412,-0.3174,4,True,True,11.33,,True,0.00816326170236928
47,36,0.25114,0.10515,0.2382,-0.309,4,True,True,11.33,,True,0.008035260817748066
47,37,0.24463,0.10337,0.2404,-0.3135,4,True,True,11.64,,True,0.007788279178977957
47,38,0.23801,0.10213,0.2287,-0.3396,4,True,True,12.01,,True,0.0075895820089186645
47,39,0.23062,0.10131,0.1938,-0.3923,4,True,True,12.15,,False,nan
47,40,0.22307,0.10082,0.1861,-0.442,2,False,True,13.0,too_close,False,nan
47,41,0.21553,0.10044,0.1897,-0.4426,2,False,True,13.39,too_close,False,nan
47,42,0.20842,0.10023,0.1648,-0.4452,2,False,True,13.5,too_close,False,nan
47,43,0.20189,0.10036,0.1394,-0.5004,2,False,True,13.97,too_close,False,nan
47,44,0.19497,0.10068,0.1393,-0.5645,2,False,True,15.04,too_close,False,nan
47,45,0.18759,0.10087,0.1417,-0.5842,2,False,True,15.7,too_close,False,nan
47,46,0.18057,0.10086,0.1321,-0.6038,2,False,True,16.17,too_close,False,nan
47,47,0.17408,0.10071,0.1317,-0.6779,2,False,True,17.67,too_close,False,nan
47,48,0.1673,0.10018,0.1481,-0.7624,2,False,True,19.73,too_close,False,nan
47,49,0.15988,0.09891,0.2094,-0.7961,1,False,True,21.26,too_close,False,nan
47,50,0.15216,0.09669,0.2883,-0.7633,1,False,True,21.82,too_close,False,nan
47,51,0.14448,0.09362,0.3185,-0.7308,1,False,True,22.34,too_close,False,nan
47,52,0.13701,0.08996,0.2737,-0.69,1,False,True,21.83,too_close,False,nan
47,53,0.12991,0.08609,0.2357,-0.6521,1,False,True,22.98,too_close,False,nan
47,54,0.12293,0.08242,0.2686,-0.662,1,False,True,24.36,too_close,False,nan
47,55,0.11583,0.07899,0.3114,-0.6706,1,False,True,26.46,too_close,False,nan
47,56,0.10864,0.07572,0.3012,-0.6618,1,False,True,28.79,too_close,False,nan
47,57,0.10145,0.07279,0.3036,-0.6834,0,False,True,31.3,too_close,False,nan
47,58,0.0942,0.07027,0.3771,-0.7646,0,False,True,34.39,too_close,False,nan
47,59,0.08685,0.06786,0.436,-0.8531,0,False,True,38.11,too_close,False,nan
47,60,0.07943,0.06526,0.3932,-0.8911,0,False,True,41.78,too_close,False,nan
47,61,0.07201,0.06263,0.3489,-0.9467,0,False,True,46.74,too_close,False,nan
47,62,0.06456,0.06022,0.3442,-1.0884,0,False,False,50.88,lateral,False,nan
47,63,0.05701,0.05795,0.3516,-1.3332,0,False,False,68.59,lateral,False,nan
47,64,0.04951,0.05549,0.3471,-1.6447,0,False,False,97.0,lateral,False,nan
47,65,0.04222,0.05257,0.3146,-1.9124,0,False,False,118.06,lateral,False,nan
47,66,0.03496,0.04926,0.3019,-2.327,0,False,False,156.85,lateral,False,nan
47,67,0.0276,0.04569,0.3345,-3.6379,0,False,False,2107.94,lateral,False,nan
47,68,0.02052,0.04162,0.2943,-8.8004,0,False,False,534.76,lateral,False,nan
47,69,0.01455,0.03693,-0.3093,-16.4536,0,False,False,5538.78,behind,False,nan
47,70,0.01297,0.03292,-1.5308,-31.7571,0,False,False,17165.33,behind,False,nan
48,1,0.49752,0.21409,-0.1227,-0.4118,4,True,True,5.58,,True,0.023455356747838236
48,2,0.49182,0.21201,-0.175,-0.3629,4,True,True,5.72,,True,0.02260734400605005
48,3,0.48462,0.2105,-0.2358,-0.3176,4,True,True,5.78,,True,0.01939748396860308
48,4,0.47741,0.20977,-0.2586,-0.3121,4,True,True,5.9,,True,0.026210088127157097
48,5,0.4705,0.20978,-0.2689,-0.359,4,True,True,6.02,,True,0.024483137857973646
48,6,0.46323,0.21014,-0.2753,-0.4053,4,True,True,6.16,,True,0.0209051810104061
48,7,0.45572,0.21048,-0.2592,-0.4004,4,True,True,6.18,,True,0.02380316824258852
48,8,0.44898,0.21082,-0.2475,-0.4068,4,True,True,6.33,,True,0.019744655767199186
48,9,0.44242,0.21124,-0.2624,-0.4735,4,True,True,6.53,,True,0.023512390049691783
48,10,0.43512,0.21134,-0.2769,-0.5404,4,True,True,6.82,,True,0.01984504433297771
48,11,0.42737,0.21066,-0.2711,-0.5507,4,True,True,7.03,,True,0.022262666343447573
48,12,0.42021,0.20907,-0.2651,-0.5435,4,True,True,7.17,,True,0.023076034297975077
48,13,0.41309,0.2067,-0.2609,-0.5745,4,True,True,7.23,,True,0.016160173717599587
48,14,0.40524,0.20349,-0.2421,-0.5971,4,True,True,7.43,,False,nan
48,15,0.39714,0.19932,-0.2063,-0.5595,4,True,True,7.31,,True,0.01809301783848307
48,16,0.38978,0.19442,-0.1758,-0.5325,4,True,True,7.3,,True,0.017099389219705042
48,17,0.38268,0.18913,-0.162,-0.5133,4,True,True,7.32,,True,0.016101332929547893
48,18,0.37501,0.18362,-0.1657,-0.5002,4,True,True,7.67,,True,0.019027680429498286
48,19,0.36701,0.17797,-0.169,-0.4744,4,True,True,7.7,,True,0.018114625284731383
48,20,0.35943,0.17229,-0.183,-0.4548,4,True,True,7.7,,True,0.017457940577124
48,21,0.35197,0.16669,-0.2023,-0.4379,4,True,True,8.0,,True,0.03039929481523351
48,22,0.3441,0.16118,-0.2045,-0.4256,4,True,True,8.23,,True,0.015593177722413603
48,23,0.33652,0.15582,-0.2,-0.3979,4,True,True,8.16,,True,0.01550716974220191
48,24,0.3301,0.15078,-0.2111,-0.3792,4,True,True,8.49,,True,0.014732016672862119
48,25,0.32376,0.14613,-0.2448,-0.3719,4,True,True,8.67,,True,0.014008395407827487
48,26,0.31642,0.14174,-0.2679,-0.3318,4,True,True,8.97,,True,0.012871309622378008
48,27,0.30851,0.13774,-0.2624,-0.2921,4,True,True,9.22,,True,0.012775810462486109
48,28,0.30106,0.13447,-0.2381,-0.2964,4,True,True,9.34,,True,0.012974487680177222
48,29,0.29392,0.13201,-0.2278,-0.3533,4,True,True,9.58,,True,0.015041514178545294
48,30,0.28651,0.13004,-0.2348,-0.4083,4,True,True,10.07,,True,0.011748152006462117
48,31,0.27904,0.12816,-0.2311,-0.4138,4,True,True,10.06,,True,0.012650321476736125
48,32,0.27236,0.12632,-0.2327,-0.4299,4,True,True,10.36,,True,0.013248949470043639
48,33,0.26582,0.12448,-0.2493,-0.4575,4,True,True,10.77,,False,nan
48,34,0.25848,0.12245,-0.2555,-0.4447,4,True,True,11.32,,False,nan
48,35,0.251,0.12029,-0.241,-0.428,4,True,True,11.29,,False,nan
48,36,0.24434,0.11822,-0.2324,-0.46,3,False,True,11.61,tilt,False,nan
48,37,0.23783,0.11614,-0.2431,-0.5053,2,False,True,12.28,too_close,False,nan
48,38,0.23059,0.11379,-0.2475,-0.5092,2,False,True,12.92,too_close,False,nan
48,39,0.22298,0.11114,-0.2307,-0.4589,2,False,True,12.91,too_close,False,nan
48,40,0.21608,0.10858,-0.1952,-0.4186,4,True,True,13.16,,False,nan
48,41,0.20955,0.10662,-0.1673,-0.4362,2,False,True,13.64,too_close,False,nan
48,42,0.20239,0.1053,-0.1447,-0.471,2,False,True,14.48,too_close,False,nan
48,43,0.195,0.10457,-0.1128,-0.4733,2,False,True,14.66,too_close,False,nan
48,44,0.18826,0.1046,-0.098,-0.4858,2,False,True,15.06,too_close,False,nan
48,45,0.18154,0.10546,-0.1134,-0.5567,2,False,True,15.63,too_close,False,nan
48,46,0.17464,0.10682,-0.1319,-0.6315,2,False,True,16.48,too_close,False,nan
48,47,0.16773,0.10835,-0.1288,-0.6567,2,False,True,17.04,too_close,False,nan
48,48,0.16142,0.11006,-0.1241,-0.696,2,False,True,17.83,too_close,False,nan
48,49,0.15513,0.11199,-0.1365,-0.8093,2,False,True,19.38,too_close,False,nan
48,50,0.14856,0.11373,-0.1501,-0.9305,1,False,True,21.81,too_close,False,nan
48,51,0.14194,0.11489,-0.1604,-0.9845,1,False,True,23.04,too_close,False,nan
48,52,0.13542,0.11539,-0.2022,-1.0461,1,False,False,24.71,too_close,False,nan
48,53,0.12924,0.1152,-0.266,-1.1094,1,False,False,26.81,too_close,False,nan
48,54,0.12271,0.11427,-0.2704,-1.1036,1,False,False,26.81,lateral,False,nan
48,55,0.11616,0.11281,-0.236,-1.097,1,False,False,27.28,lateral,False,nan
48,56,0.11016,0.1111,-0.2557,-1.16,1,False,False,28.75,lateral,False,nan
48,57,0.10448,0.10915,-0.3072,-1.2265,1,False,False,31.53,lateral,False,nan
48,58,0.09857,0.10689,-0.2864,-1.218,0,False,False,32.88,lateral,False,nan
48,59,0.09269,0.10455,-0.2221,-1.2118,0,False,False,34.52,lateral,False,nan
48,60,0.08737,0.10247,-0.2131,-1.2918,0,False,False,36.07,lateral,False,nan
48,61,0.08231,0.10064,-0.2345,-1.5042,0,False,False,41.71,lateral,False,nan
48,62,0.07635,0.09869,-0.1758,-1.7875,0,False,False,54.29,lateral,False,nan
48,63,0.06969,0.09621,-0.0558,-1.9931,0,False,False,64.4,lateral,False,nan
48,64,0.06333,0.09304,-0.0095,-2.0537,0,False,False,66.92,lateral,False,nan
48,65,0.05704,0.08938,-0.0004,-2.1701,0,False,False,71.23,lateral,False,nan
48,66,0.05046,0.08542,0.1149,-2.5818,0,False,False,98.48,lateral,False,nan
48,67,0.04326,0.08104,0.3216,-3.2505,0,False,False,181.15,lateral,False,nan
48,68,0.03582,0.07604,0.4136,-3.8795,0,False,False,300.65,lateral,False,nan
48,69,0.02887,0.07046,0.5189,-4.9308,0,False,False,563.07,lateral,False,nan
48,70,0.02215,0.06449,1.3822,-9.7917,0,False,False,654.09,lateral,False,nan
48,71,0.01574,0.05823,2.9638,-20.4732,0,False,False,13453.53,behind,False,nan
48,72,0.01326,0.05285,116.3488,-989.2083,0,False,False,1026.42,behind,False,nan
49,1,0.49735,0.23916,-0.5005,-0.0614,4,True,True,5.66,,True,0.012210764738788916
49,2,0.49169,0.23601,-0.543,-0.0751,4,True,True,5.98,,True,0.019698592657003
49,3,0.48505,0.23262,-0.5822,-0.1033,4,True,True,6.24,,True,0.015933812927738607
49,4,0.47791,0.22865,-0.5716,-0.1284,4,True,True,6.54,,True,0.014970627361514463
49,5,0.47059,0.22405,-0.5584,-0.1562,4,True,True,6.56,,True,0.01663274903405389
49,6,0.46336,0.21884,-0.5691,-0.2079,4,True,True,6.75,,True,0.013569313698258464
49,7,0.45602,0.21284,-0.5634,-0.2378,4,True,True,7.0,,True,0.021323466007992162
49,8,0.44842,0.20596,-0.5046,-0.2271,4,True,True,6.77,,True,0.01501864310721677
49,9,0.44088,0.19847,-0.4461,-0.2345,4,True,True,6.47,,True,0.01554611495737803
49,10,0.43341,0.19068,-0.4361,-0.27,4,True,True,6.69,,True,0.009248905749310326
49,11,0.42555,0.18257,-0.4312,-0.279,4,True,True,6.94,,True,0.017483501264314295
49,12,0.41737,0.17401,-0.3791,-0.2467,4,True,True,6.89,,True,0.015593643577854317
49,13,0.40948,0.16534,-0.3198,-0.1912,4,True,True,6.56,,True,0.015314526564534602
49,14,0.40176,0.15706,-0.3021,-0.1398,4,True,True,6.75,,True,0.010131867449745013
49,15,0.39404,0.14941,-0.3303,-0.112,4,True,True,6.91,,True,0.011393848238813477
49,16,0.38636,0.14222,-0.3553,-0.1205,4,True,True,7.15,,True,0.012486946338779926
49,17,0.37863,0.13514,-0.3349,-0.1348,4,True,True,7.34,,True,0.008574705740889905
49,18,0.37103,0.12814,-0.3196,-0.108,4,True,True,7.67,,True,0.009084026838717871
49,19,0.36351,0.12131,-0.3449,-0.0716,4,True,True,7.88,,True,0.008726689625691982
49,20,0.35591,0.1145,-0.3624,-0.0721,4,True,True,8.06,,True,0.009836721950171008
49,21,0.34817,0.10744,-0.336,-0.0916,4,True,True,8.33,,True,0.01096590365586101
49,22,0.3404,0.10013,-0.2703,-0.0814,4,True,True,8.46,,True,0.0071196911434329505
49,23,0.33286,0.093,-0.2138,-0.0658,4,True,True,8.36,,True,0.009431036750798911
49,24,0.32526,0.08647,-0.1968,-0.0896,4,True,True,8.4,,True,0.007591148537406485
49,25,0.31754,0.08059,-0.1727,-0.1163,4,True,True,8.79,,True,0.007944798833628156
49,26,0.30992,0.07532,-0.1555,-0.1024,4,True,True,9.16,,True,0.007777863424186161
49,27,0.30219,0.07073,-0.181,-0.0846,4,True,True,9.3,,True,0.008040787592450797
49,28,0.29436,0.06662,-0.2032,-0.1025,4,True,True,9.47,,True,0.006942177684176921
49,29,0.28655,0.06267,-0.1838,-0.1207,4,True,True,9.92,,True,0.007594851485042343
49,30,0.27884,0.05882,-0.1698,-0.0981,4,True,True,10.37,,True,0.0077763807914673685
49,31,0.27112,0.05519,-0.1974,-0.071,4,True,True,10.59,,True,0.008070167909982402
49,32,0.26334,0.05164,-0.2203,-0.08,4,True,True,10.83,,True,0.007559693298235013
49,33,0.25551,0.04788,-0.2008,-0.0973,4,True,True,11.36,,True,0.00797522763602431
49,34,0.24769,0.04388,-0.1666,-0.0803,4,True,True,11.86,,True,0.006643454222573899
49,35,0.23983,0.03988,-0.1576,-0.0604,4,True,True,12.03,,True,0.006282634670671314
49,36,0.23195,0.03603,-0.143,-0.0771,4,True,True,12.22,,True,0.004996909523757888
49,37,0.22409,0.03231,-0.0871,-0.093,4,True,True,12.86,,True,0.003862439956698271
49,38,0.21642,0.02896,-0.0364,-0.0848,4,True,True,13.54,,True,0.005883391147242903
49,39,0.20871,0.02627,-0.0272,-0.0897,4,True,True,13.82,,True,0.0054979275927838625
49,40,0.2009,0.02422,-0.0571,-0.1327,4,True,True,14.48,,True,0.0032292401223494496
49,41,0.19316,0.02226,-0.0785,-0.1714,4,True,True,15.62,,True,0.0069376052272163815
49,42,0.18556,0.01981,-0.063,-0.1671,4,True,True,16.35,,True,0.008547337341624578
49,43,0.17795,0.0168,-0.0597,-0.1172,4,True,True,16.71,,True,0.007582923421670218
49,44,0.1704,0.01345,-0.0944,-0.0697,4,True,True,17.27,,True,0.00411643716585528
49,45,0.16316,0.00983,-0.1202,-0.0606,3,False,True,18.54,tilt,False,nan
49,46,0.15599,0.00583,-0.1043,-0.0443,2,False,True,19.65,tilt,False,nan
49,47,0.14846,0.00304,-0.0459,-0.0012,3,False,True,20.05,tilt,False,nan
49,48,0.14064,0.00637,0.0568,0.0257,1,False,True,21.24,too_close,False,nan
49,49,0.13271,0.01136,0.1591,0.0344,1,False,True,22.81,too_close,False,nan
49,50,0.12482,0.01591,0.2235,0.0631,1,False,True,25.03,too_close,False,nan
49,51,0.11697,0.01966,0.2501,0.0808,0,False,True,26.96,too_close,False,nan
49,52,0.10942,0.02267,0.2837,0.1062,0,False,True,29.52,too_close,False,nan
49,53,0.10194,0.02503,0.3509,0.1425,0,False,True,33.39,too_close,False,nan
49,54,0.09419,0.02656,0.4089,0.1408,0,False,True,35.93,too_close,False,nan
49,55,0.08651,0.02716,0.4233,0.1293,0,False,True,38.58,too_close,False,nan
49,56,0.079,0.02708,0.4409,0.1661,0,False,True,43.93,too_close,False,nan
49,57,0.07138,0.02649,0.4452,0.2209,0,False,True,49.07,too_close,False,nan
49,58,0.06371,0.02552,0.4548,0.234,0,False,True,52.87,too_close,False,nan
49,59,0.05612,0.02442,0.474,0.2418,0,False,True,62.7,too_close,False,nan
49,60,0.04862,0.02345,0.5204,0.3185,0,False,True,75.73,too_close,False,nan
49,61,0.04118,0.02273,0.6483,0.4576,0,False,True,99.04,too_close,False,nan
49,62,0.03376,0.022,0.826,0.6208,0,False,True,127.61,too_close,False,nan
49,63,0.02631,0.02121,1.0941,0.9082,0,False,False,201.53,lateral,False,nan
49,64,0.01903,0.02056,2.0095,1.9561,0,False,False,585.45,lateral,False,nan
49,65,0.01298,0.0202,11.2513,11.766,0,False,False,14489.89,behind,False,nan
49,66,0.01427,0.02025,5.2615,5.4821,0,False,False,15467.28,behind,False,nan
