update,global_step,wall_s,sps,rollout_s,learn_s,level,c,window_n,window_success,episodes,n_success,n_crash_ground,n_crash_platform,n_tilt,n_drift,n_timeout,strict_success,impact_vz_mean,ep_len_mean,reward_mean,r_active_mean,pg,v,ent,est,kl,clipfrac,grad_norm,kl_first,explained_var,lr,log_std_mean
1,4096,3.0,1379.0,2.69,0.28,10,0.125,156,0.03205128205128205,156,5,142,0,1,8,0,4,-3.4707415733924165,24.916666666666668,-1.5843589305877686,0.0,-0.0048294681124389175,218.2175720214844,3.6755648612976075,0.0,0.015348933398490772,0.20869140625,54.28477535247803,-1.1641532182693481e-10,-0.0032961368560791016,0.0003,-0.5001731514930725
2,8192,5.5,1599.8,2.42,0.14,10,0.125,322,0.018633540372670808,166,1,152,2,0,11,0,1,-0.721607191194748,24.656626506024097,-1.5480430126190186,0.0,-0.004263795167207718,158.22337608337403,3.6737694263458254,0.0,0.010112085964647122,0.134521484375,80.77187995910644,-1.1641532182693481e-10,0.07376766204833984,0.00029938650306748465,-0.5010451078414917
3,12288,8.1,1578.1,2.45,0.14,10,0.125,485,0.018556701030927835,163,3,148,3,0,9,0,1,-2.684062219337207,25.196319018404907,-1.5041166543960571,0.0,-0.007836866285651922,110.16502456665039,3.6702365279197693,0.0,0.00977578416641336,0.13828125,102.21275062561035,-5.820766091346741e-11,0.12901228666305542,0.0002987730061349693,-0.5015276670455933
4,16384,10.8,1547.2,2.5,0.15,10,0.125,138,0.021739130434782608,165,4,153,3,0,5,0,3,-2.998228594990996,24.806060606060605,-1.4441862106323242,0.0,-0.009154158923774958,62.82900600433349,3.669585335254669,0.0,0.008755318692419679,0.119921875,93.06591453552247,-1.1641532182693481e-10,0.16832315921783447,0.00029815950920245395,-0.5016494989395142
5,20480,13.5,1522.3,2.54,0.15,10,0.125,305,0.029508196721311476,167,6,153,4,1,3,0,3,-3.013575853124887,24.610778443113773,-1.4277713298797607,0.0,-0.005057525495067239,39.91977310180664,3.6669086456298827,0.0,0.007917762361466884,0.10673828125,59.090957164764404,-1.1641532182693481e-10,0.21256023645401,0.00029754601226993863,-0.503236711025238
6,24576,15.9,1675.3,2.31,0.14,10,0.125,478,0.03556485355648536,173,8,159,2,4,0,0,3,-3.494251155957428,23.572254335260116,-1.3964869976043701,0.0,-0.0013244592119008303,34.37713289260864,3.658175897598267,0.0,0.013451365401851944,0.178466796875,20.840333127975462,-5.820766091346741e-11,0.2132246494293213,0.0002969325153374233,-0.5055742263793945
7,28672,18.5,1601.4,2.41,0.15,10,0.125,142,0.02112676056338028,176,8,163,2,2,1,0,3,-3.5595755726781317,23.52840909090909,-1.3605661392211914,0.0,0.0015152049949392677,25.78050103187561,3.6513100624084474,0.0,0.013872626959346235,0.183056640625,14.315372729301453,0.0,0.37262874841690063,0.00029631901840490793,-0.5066503286361694
8,32768,21.1,1597.3,2.42,0.15,10,0.125,314,0.022292993630573247,172,4,163,4,1,0,0,4,-3.1492383194439504,23.8953488372093,-1.399690866470337,0.0,-0.0031918217428028584,16.72445297241211,3.645778715610504,0.0,0.02004020003369078,0.257080078125,9.132777667045593,0.0,0.5837461948394775,0.0002957055214723926,-0.5083376169204712
9,36864,23.7,1588.0,2.43,0.15,10,0.125,486,0.03292181069958848,172,9,155,5,2,1,0,5,-3.3890109231573127,23.6046511627907,-1.3166797161102295,0.0,-0.00047108069993555545,21.211412334442137,3.6412078857421877,0.0,0.02114306417934131,0.25263671875,10.625201165676117,-5.820766091346741e-11,0.5767272710800171,0.00029509202453987724,-0.5090315341949463
10,40960,26.3,1549.3,2.5,0.15,10,0.125,159,0.06918238993710692,185,12,164,4,5,0,0,7,-3.6275521551700867,22.38918918918919,-1.3233425617218018,0.0,-0.002254322916269302,20.554981422424316,3.6401251435279844,0.0,0.020481559750624,0.253076171875,9.148098599910735,0.0,0.5416485071182251,0.0002944785276073619,-0.5091564059257507
11,45056,28.9,1550.6,2.49,0.15,10,0.125,338,0.07100591715976332,179,13,160,4,2,0,0,7,-3.6637287057021597,22.54189944134078,-1.297534465789795,0.0,-0.003256177995353937,21.11094923019409,3.635968506336212,0.0,0.016113013969152233,0.216162109375,9.07841248512268,0.0,0.5570328235626221,0.0002938650306748466,-0.5111273527145386
12,49152,31.7,1515.6,2.55,0.15,10,0.125,11,0.09090909090909091,185,17,155,8,5,0,0,11,-3.747260544261401,22.34054054054054,-1.2555854320526123,0.0,0.008259231178089976,25.449389743804932,3.6263089895248415,0.0,0.023519228163058868,0.291796875,11.009774589538575,-5.820766091346741e-11,0.45102375745773315,0.00029325153374233127,-0.5138422250747681
13,53248,34.4,1515.0,2.56,0.15,10,0.125,198,0.0707070707070707,187,13,166,3,5,0,0,7,-3.248576014443901,21.86631016042781,-1.2610218524932861,0.0,-0.006836406188085675,18.163075733184815,3.615235435962677,0.0,0.015133051844895818,0.2109375,5.732660663127899,-5.820766091346741e-11,0.5322145223617554,0.00029263803680981595,-0.5166577696800232
14,57344,36.9,1605.6,2.4,0.15,10,0.125,383,0.1122715404699739,185,29,149,3,4,0,0,14,-3.558348602607795,22.17297297297297,-1.1458386182785034,0.0,-0.003151128627359867,31.166762161254884,3.606659984588623,0.0,0.013489237127942033,0.18896484375,13.120486450195312,-5.820766091346741e-11,0.4108741879463196,0.0002920245398773006,-0.5175409913063049
15,61440,39.4,1623.7,2.38,0.14,10,0.125,55,0.09090909090909091,184,27,146,4,7,0,0,13,-3.793142488456783,22.277173913043477,-1.1585099697113037,0.0,0.001844764593988657,30.943865871429445,3.6014932513237,0.0,0.025231809398974292,0.28564453125,7.1512270152568815,-5.820766091346741e-11,0.3803718090057373,0.00029141104294478525,-0.5197091102600098
16,65536,42.1,1555.3,2.49,0.15,10,0.125,237,0.14767932489451477,182,30,140,9,3,0,0,17,-3.580626023260779,22.4010989010989,-1.122154951095581,0.0,-0.0013972832588478924,32.452707576751706,3.593625771999359,0.0,0.012163958966266365,0.157958984375,10.46403626203537,0.0,0.36829811334609985,0.0002907975460122699,-0.5213725566864014
17,69632,44.7,1548.1,2.5,0.15,10,0.125,423,0.20567375886524822,186,52,112,16,6,0,0,28,-3.444673213668367,22.14516129032258,-0.9529458284378052,0.0,-0.0032570306211709976,46.17037086486816,3.587113654613495,0.0,0.007978907041251659,0.10673828125,20.679008507728575,-5.820766091346741e-11,0.2861468195915222,0.00029018404907975455,-0.5232468843460083
18,73728,47.4,1567.2,2.47,0.15,10,0.125,97,0.27835051546391754,186,50,110,19,7,0,0,25,-3.821875312447605,21.736559139784948,-0.963070273399353,0.0,-0.003015310037881136,41.40820055007934,3.578279161453247,0.0,0.007519773722742684,0.10234375,7.129900336265564,0.0,0.26250964403152466,0.00028957055214723923,-0.5256689786911011
19,77824,49.9,1607.6,2.4,0.15,10,0.125,273,0.27472527472527475,176,48,106,14,8,0,0,21,-3.7312107516327173,23.21590909090909,-0.9272210597991943,0.0,-0.000596401235088706,40.84182758331299,3.568246328830719,0.0,0.013464274039142765,0.180224609375,8.113633978366853,0.0,0.23915499448776245,0.0002889570552147239,-0.5280425548553467
20,81920,52.6,1540.6,2.51,0.15,10,0.125,455,0.3032967032967033,182,63,94,19,6,0,0,40,-3.5551694020333837,22.67032967032967,-0.869434654712677,0.0,-0.0009463638067245484,48.17161140441895,3.5632644057273866,0.0,0.009012870682636277,0.122705078125,10.853114986419678,-2.3283064365386963e-10,0.23011183738708496,0.0002883435582822086,-0.5279014110565186
21,86016,55.1,1612.0,2.39,0.15,10,0.125,119,0.29411764705882354,176,51,105,16,4,0,0,26,-3.970735230347746,23.255681818181817,-0.8918711543083191,0.0,0.0024117084220051767,42.87177047729492,3.5639737963676454,0.0,0.012631446594605222,0.171533203125,10.017168867588044,-1.1641532182693481e-10,0.20273947715759277,0.0002877300613496932,-0.5282267928123474
22,90112,57.7,1568.3,2.46,0.15,10,0.125,304,0.3651315789473684,185,76,87,13,9,0,0,42,-4.029137762760027,22.335135135135136,-0.7884798049926758,0.0,0.0013982895761728287,52.618172836303714,3.560391676425934,0.0,0.009142599761253223,0.124609375,14.986560034751893,0.0,0.23740321397781372,0.0002871165644171779,-0.5298849940299988
23,94208,60.3,1570.6,2.46,0.15,10,0.125,492,0.3638211382113821,188,68,99,19,2,0,0,41,-3.922213332056671,21.851063829787233,-0.8261687755584717,0.0,0.0007548529654741287,47.080373191833495,3.551034665107727,0.0,0.011933763604611158,0.159326171875,8.737645423412323,0.0,0.2336081862449646,0.0002865030674846625,-0.5326536893844604
24,98304,63.2,1421.2,2.73,0.15,10,0.125,163,0.4233128834355828,183,74,89,10,10,0,0,42,-3.7356044052988104,22.2896174863388,-0.7841756343841553,0.0,-0.00011058337986469269,46.05204315185547,3.5412144303321837,0.0,0.007582675176672637,0.099951171875,11.800935769081116,0.0,0.25552117824554443,0.0002858895705521472,-0.5344977378845215
25,102400,65.9,1526.3,2.54,0.14,10,0.125,347,0.38328530259365995,184,64,95,16,9,0,0,36,-3.8359624785943027,22.16304347826087,-0.8524389266967773,0.0,-0.004145651403814554,44.13958511352539,3.536129021644592,0.0,0.006102950355852954,0.07451171875,8.20091645717621,-1.1641532182693481e-10,0.21842652559280396,0.00028527607361963187,-0.5351954698562622
26,106496,68.7,1500.4,2.58,0.15,10,0.125,26,0.34615384615384615,191,68,90,16,17,0,0,42,-3.8427845888099936,21.413612565445025,-0.8502273559570312,0.0,-0.003707547578960657,44.669610595703126,3.534892165660858,0.0,0.008660463150590658,0.116845703125,7.916571521759034,-5.820766091346741e-11,0.2514699101448059,0.00028466257668711655,-0.5352693796157837
27,110592,71.4,1511.9,2.56,0.15,10,0.125,216,0.39814814814814814,190,77,84,21,8,0,0,42,-3.816354165080027,21.742105263157896,-0.7782144546508789,0.0,-0.003281303262338042,48.23424739837647,3.5316878080368044,0.0,0.00796552252722904,0.1064453125,8.867002248764038,0.0,0.20245051383972168,0.00028404907975460123,-0.5371875762939453
28,114688,74.2,1459.1,2.66,0.15,10,0.125,401,0.3640897755610973,185,60,82,28,15,0,0,41,-3.999093413658775,21.935135135135134,-0.8556472063064575,0.0,-0.0019431631313636898,44.11671772003174,3.523105096817017,0.0,0.005729309481102974,0.069921875,9.401562130451202,-5.820766091346741e-11,0.2029138207435608,0.00028343558282208585,-0.5390649437904358
29,118784,76.9,1496.7,2.59,0.14,10,0.125,76,0.5,187,84,69,29,5,0,0,56,-3.93295453908494,21.871657754010695,-0.7171106338500977,0.0,-0.0009902007412165403,48.83405513763428,3.5152422904968263,0.0,0.008052444003988057,0.109619140625,10.446904587745667,0.0,0.2436886429786682,0.00028282208588957053,-0.5413757562637329
30,122880,79.3,1732.7,2.21,0.15,10,0.125,265,0.49056603773584906,189,92,74,17,6,0,0,62,-3.7334447789763057,22.137566137566136,-0.683319091796875,0.0,-0.002816437603905797,49.66916351318359,3.505719757080078,0.0,0.006005635199835524,0.074609375,8.997647166252136,0.0,0.2140289545059204,0.00028220858895705516,-0.5436219573020935
31,126976,81.6,1763.4,2.17,0.15,10,0.125,453,0.47019867549668876,188,83,69,24,12,0,0,45,-4.118045935666327,21.5,-0.715218722820282,0.0,-0.003988024778664112,45.322584533691405,3.494830322265625,0.0,0.0062157334992662076,0.07724609375,6.991148972511292,-1.7462298274040222e-10,0.21278762817382812,0.00028159509202453983,-0.5473407506942749
32,131072,84.0,1710.2,2.24,0.15,10,0.125,132,0.3939393939393939,191,77,82,19,13,0,0,42,-4.023202771809535,21.50261780104712,-0.7493888139724731,0.0,-0.003648164076730609,46.108663177490236,3.481256055831909,0.0,0.007171487354207784,0.09443359375,8.364516711235046,-1.7462298274040222e-10,0.20450890064239502,0.0002809815950920245,-0.5496662855148315
33,135168,86.7,1556.6,2.48,0.15,10,0.125,315,0.4158730158730159,183,79,76,19,9,0,0,50,-4.077335791607902,22.437158469945356,-0.7036113739013672,0.0,-0.0016744276508688927,47.532428932189944,3.473318648338318,0.0,0.0075997100211679935,0.10087890625,7.349242925643921,0.0,0.19981807470321655,0.0002803680981595092,-0.5516366958618164
34,139264,89.2,1639.3,2.35,0.15,10,0.125,508,0.44291338582677164,193,94,67,17,15,0,0,67,-4.1083510223116555,21.181347150259068,-0.6662170886993408,0.0,-0.003694586036726832,51.08836441040039,3.4663668632507325,0.0,0.009513047325890511,0.129638671875,8.302174830436707,-1.1641532182693481e-10,0.21396607160568237,0.0002797546012269938,-0.5527985095977783
35,143360,91.9,1501.9,2.58,0.15,10,0.125,179,0.5251396648044693,183,95,63,15,10,0,0,71,-3.9460835801520453,22.262295081967213,-0.6180013418197632,0.0,-0.0019108176231384278,50.35517559051514,3.461434268951416,0.0,0.008545151352882386,0.111376953125,8.342733061313629,0.0,0.19241821765899658,0.0002791411042944785,-0.5546021461486816
36,147456,94.8,1412.9,2.76,0.14,10,0.125,372,0.46774193548387094,193,80,80,22,11,0,0,55,-4.139829016644218,21.38860103626943,-0.7434883117675781,0.0,-0.0056363710202276705,48.36181755065918,3.453757870197296,0.0,0.008384132009814494,0.117333984375,9.387905609607696,0.0,0.15436750650405884,0.00027852760736196317,-0.5564460158348083
37,151552,97.5,1504.9,2.57,0.15,10,0.125,50,0.42,190,91,65,14,20,0,0,66,-3.784476635284413,21.194736842105264,-0.6592367887496948,0.0,0.0012157061137259007,48.17797164916992,3.4453154802322388,0.0,0.008616003996576183,0.118115234375,9.864111995697021,-5.820766091346741e-11,0.22105342149734497,0.00027791411042944785,-0.5589146614074707
38,155648,100.1,1591.1,2.43,0.15,10,0.125,241,0.47717842323651455,191,94,65,20,12,0,0,69,-4.021617699664197,21.534031413612567,-0.648723304271698,0.0,-0.00032503195106983187,51.533521461486814,3.4365831136703493,0.0,0.008681438432540744,0.119677734375,8.091423976421357,0.0,0.2033047080039978,0.0002773006134969325,-0.560634970664978
39,159744,102.8,1531.4,2.53,0.15,10,0.125,434,0.5,193,102,67,14,10,0,0,68,-4.010244132392077,21.367875647668395,-0.6262645721435547,0.0,0.0037431339267641308,48.27244930267334,3.4272818565368652,0.0,0.01435000156343449,0.1828125,7.627668893337249,0.0,0.23236078023910522,0.00027668711656441715,-0.5642144680023193
40,163840,105.4,1590.8,2.43,0.15,10,0.125,112,0.42857142857142855,190,83,71,23,13,0,0,53,-3.871780581698432,21.61578947368421,-0.700627326965332,0.0,-0.0014094350859522819,44.980904769897464,3.41326242685318,0.0,0.011475312779657543,0.15380859375,7.511832618713379,0.0,0.22318750619888306,0.00027607361963190183,-0.5668187737464905
41,167936,108.0,1559.9,2.48,0.15,10,0.125,299,0.47491638795986624,187,94,60,19,14,0,0,60,-3.785805029127851,21.711229946524064,-0.6316404342651367,0.0,-0.0017439572606235743,44.98869400024414,3.404815661907196,0.0,0.007894449823652394,0.105126953125,9.798897886276245,0.0,0.25909990072250366,0.00027546012269938645,-0.5689806938171387
42,172032,110.6,1589.9,2.43,0.15,10,0.125,487,0.49691991786447637,188,100,52,21,15,0,0,62,-3.9163640678652722,21.77659574468085,-0.5902275443077087,0.0,-0.004177253367379308,46.84108963012695,3.3953548669815063,0.0,0.007937280042096973,0.105322265625,8.560125637054444,-1.1641532182693481e-10,0.2496730089187622,0.00027484662576687113,-0.5711029171943665
43,176128,113.1,1601.2,2.41,0.15,10,0.125,164,0.5548780487804879,189,105,57,14,13,0,0,71,-4.035167244855261,21.693121693121693,-0.5760984420776367,0.0,-0.005656160740181803,44.8448429107666,3.3877821445465086,0.0,0.008130543783772736,0.112841796875,6.232792437076569,0.0,0.2585484981536865,0.0002742331288343558,-0.5729838013648987
44,180224,115.7,1586.6,2.43,0.15,10,0.125,361,0.554016620498615,197,109,59,16,13,0,0,79,-4.105631321283395,20.96446700507614,-0.5428904891014099,0.0,-0.003745659487321973,46.248596000671384,3.3803173065185548,0.0,0.00624502532009501,0.081982421875,8.763240003585816,-5.820766091346741e-11,0.2192043662071228,0.0002736196319018405,-0.5751916170120239
45,184320,118.4,1543.0,2.51,0.15,10,0.125,47,0.6170212765957447,198,115,50,22,11,0,0,82,-3.8728435545635698,20.80808080808081,-0.5116540193557739,0.0,-0.005079461820423603,47.1262186050415,3.3699801325798036,0.0,0.0073866197548341,0.0962890625,6.730868983268738,-5.820766091346741e-11,0.20624768733978271,0.00027300613496932517,-0.5779277086257935
46,188416,121.1,1509.5,2.57,0.14,10,0.125,239,0.5481171548117155,192,102,47,28,15,0,0,79,-3.996065565960661,21.072916666666668,-0.5638151168823242,0.0,-0.003384216735139489,44.41708469390869,3.3595428466796875,0.0,0.008023011975456028,0.10751953125,6.109524655342102,-5.820766091346741e-11,0.21003127098083496,0.0002723926380368098,-0.5803214311599731
47,192512,123.9,1467.3,2.65,0.14,10,0.125,437,0.5743707093821511,198,120,39,23,16,0,0,91,-3.8074539203483284,20.81313131313131,-0.4867250919342041,0.0,-0.002721309894695878,43.773490524291994,3.349077558517456,0.0,0.011034426622791216,0.145703125,6.1636441349983215,0.0,0.2222931981086731,0.00027177914110429447,-0.583411693572998
48,196608,126.5,1549.5,2.5,0.15,10,0.125,128,0.5625,203,122,36,28,17,0,0,86,-3.8892753145050207,20.275862068965516,-0.48585718870162964,0.0,0.0006878054700791836,42.15171089172363,3.3360608339309694,0.0,0.008937341743148863,0.119482421875,5.967865169048309,0.0,0.23419106006622314,0.0002711656441717791,-0.5864226222038269
49,200704,129.3,1489.5,2.61,0.14,10,0.125,318,0.610062893081761,190,122,35,21,12,0,0,90,-3.7863090401850625,21.110526315789475,-0.45669424533843994,0.0,0.0007401909679174423,41.126122283935544,3.3243234157562256,0.0,0.013219565449981019,0.179736328125,5.414810955524445,-1.1641532182693481e-10,0.21867525577545166,0.00027055214723926377,-0.5892848968505859
50,204800,131.9,1575.1,2.46,0.14,10,0.125,3,0.6666666666666666,197,125,33,20,19,0,0,83,-4.001632029546833,20.883248730964468,-0.44379091262817383,0.0,-0.0007695052307099103,39.56709442138672,3.3137675762176513,0.0,0.008890158630674706,0.122509765625,5.833503699302673,-1.7462298274040222e-10,0.24389100074768066,0.00026993865030674845,-0.5919830203056335
51,208896,134.6,1538.4,2.51,0.15,10,0.125,194,0.6391752577319587,191,122,29,21,19,0,0,94,-3.8190912736441844,21.57068062827225,-0.43992936611175537,0.0,-0.002970418310724199,40.986138343811035,3.3019805550575256,0.0,0.009560853149741888,0.13095703125,5.912771618366241,0.0,0.24363553524017334,0.00026932515337423313,-0.5951411724090576
52,212992,137.3,1529.2,2.53,0.15,10,0.125,393,0.6132315521628499,199,117,36,23,23,0,0,92,-3.75488809928945,20.57788944723618,-0.4590112268924713,0.0,-0.0026642254553735254,40.5211256980896,3.2917994379997255,0.0,0.00721530596492812,0.093896484375,5.936740911006927,-1.1641532182693481e-10,0.21509891748428345,0.0002687116564417178,-0.5967821478843689
53,217088,139.9,1541.1,2.51,0.15,10,0.125,75,0.68,194,120,38,25,11,0,0,86,-3.736784997543752,20.95360824742268,-0.43524110317230225,0.0,-0.001822456018999219,42.05095500946045,3.2827653646469117,0.0,0.009534698160132393,0.13388671875,5.261861050128937,-1.1641532182693481e-10,0.2015848159790039,0.00026809815950920243,-0.5999825596809387
54,221184,142.7,1493.7,2.59,0.15,10,0.125,270,0.6333333333333333,195,120,44,14,17,0,0,87,-3.9381824418330607,21.317948717948717,-0.44841504096984863,0.0,0.003622299944981933,43.61476879119873,3.27053484916687,0.0,0.011997787587461062,0.15947265625,5.111625099182129,-1.7462298274040222e-10,0.1864667534828186,0.0002674846625766871,-0.6024812459945679
55,225280,145.3,1536.6,2.52,0.15,10,0.125,459,0.6274509803921569,189,117,36,18,18,0,0,89,-3.8527130657419963,21.375661375661377,-0.455726683139801,0.0,0.0013664784841239453,41.32578620910645,3.26168692111969,0.0,0.013078153575770557,0.180908203125,5.555669796466828,0.0,0.23146593570709229,0.00026687116564417173,-0.6044700145721436
56,229376,148.0,1571.3,2.46,0.15,10,0.125,139,0.6187050359712231,192,124,41,15,12,0,0,93,-3.9017871321132147,21.229166666666668,-0.42199641466140747,0.0,-0.0015437547117471695,42.31890048980713,3.2522312879562376,0.0,0.013668880340992473,0.1837890625,6.692634916305542,-5.820766091346741e-11,0.2228010892868042,0.0002662576687116564,-0.607717752456665
57,233472,150.4,1673.2,2.31,0.14,10,0.125,337,0.6053412462908012,198,118,46,23,11,0,0,90,-4.010152053429601,20.90909090909091,-0.4478461742401123,0.0,-0.0026749870739877224,44.662149047851564,3.2405476450920103,0.0,0.008145609681378119,0.111181640625,4.584875130653382,-5.820766091346741e-11,0.15585923194885254,0.0002656441717791411,-0.6098729372024536
58,237568,152.7,1763.6,2.17,0.15,10,0.125,27,0.5185185185185185,202,134,26,26,16,0,0,98,-3.8680596686980055,20.336633663366335,-0.3927746117115021,0.0,-0.0009950601030141114,40.37332668304443,3.233345854282379,0.0,0.010255902941571549,0.138720703125,6.199456989765167,-2.3283064365386963e-10,0.2211349606513977,0.00026503067484662577,-0.6112788915634155
59,241664,155.4,1545.4,2.51,0.15,10,0.125,223,0.672645739910314,196,136,28,14,18,0,0,105,-3.838745623457572,20.71938775510204,-0.33126258850097656,0.0,-0.001620631478726864,36.374128913879396,3.2267618060111998,0.0,0.009289949538651854,0.1291015625,5.282148241996765,-2.3283064365386963e-10,0.2643836736679077,0.0002644171779141104,-0.6137237548828125
60,245760,157.7,1778.9,2.15,0.15,10,0.125,421,0.6935866983372921,198,142,23,19,14,0,0,110,-3.8294736719203106,20.8989898989899,-0.3266499936580658,0.0,-0.002294549997895956,35.12676658630371,3.2126698017120363,0.0,0.009299276204546913,0.130908203125,4.1973678290843965,-1.1641532182693481e-10,0.262831449508667,0.00026380368098159507,-0.618357241153717
61,249856,160.2,1653.3,2.33,0.15,10,0.125,112,0.7410714285714286,203,150,21,23,9,0,0,112,-4.024560834243205,20.251231527093594,-0.2680811882019043,0.0,-0.0013224175665527583,33.1308611869812,3.1960407495498657,0.0,0.010597873185179196,0.140625,4.484265899658203,-5.820766091346741e-11,0.25824397802352905,0.00026319018404907975,-0.6211602687835693
62,253952,163.2,1375.7,2.83,0.15,10,0.125,308,0.6883116883116883,196,129,34,20,13,0,0,106,-3.778708148349579,20.816326530612244,-0.37164902687072754,0.0,-0.0030584300868213175,41.618456268310545,3.1863148331642153,0.0,0.008371580910170451,0.115185546875,6.774899888038635,-5.820766091346741e-11,0.16024291515350342,0.00026257668711656437,-0.6239812970161438
63,258048,165.9,1513.3,2.56,0.14,10,0.125,507,0.6962524654832347,199,141,26,18,14,0,0,115,-3.865482157793704,20.34673366834171,-0.29776912927627563,0.0,-0.004451365978457034,36.50677852630615,3.1747918844223024,0.0,0.008266083261696621,0.10556640625,5.879300594329834,-1.1641532182693481e-10,0.24174898862838745,0.00026196319018404905,-0.6265143156051636
64,262144,168.6,1482.2,2.62,0.14,10,0.125,195,0.6974358974358974,200,140,27,18,15,0,0,108,-4.106685672487145,20.63,-0.3018771708011627,0.0,-0.0013155079446732997,37.10469970703125,3.165035533905029,0.0,0.009814133142936044,0.13740234375,4.029087626934052,-5.820766091346741e-11,0.21472740173339844,0.00026134969325153373,-0.6291979551315308
65,266240,171.4,1496.6,2.59,0.15,10,0.125,393,0.72264631043257,198,148,23,8,19,0,0,119,-3.8726187150778673,20.72222222222222,-0.2516304850578308,0.0,-0.002129721618257463,33.271490478515624,3.152584457397461,0.0,0.009081228231661954,0.126123046875,4.394774770736694,-1.7462298274040222e-10,0.2741467356681824,0.0002607361963190184,-0.6327868103981018
66,270336,174.3,1401.7,2.77,0.15,10,0.125,78,0.7948717948717948,197,148,20,20,9,0,0,109,-3.9660336741373285,20.66497461928934,-0.23487749695777893,0.0,-0.0029833023902028797,31.495963287353515,3.1400372266769407,0.0,0.009338193171424791,0.128271484375,4.445838534832001,-1.1641532182693481e-10,0.218370258808136,0.00026012269938650303,-0.6347323656082153
67,274432,177.2,1442.7,2.69,0.15,10,0.125,278,0.7661870503597122,200,151,19,23,7,0,0,118,-3.9137436195015796,20.62,-0.23259088397026062,0.0,-0.0009185414761304856,33.17839479446411,3.1335907101631166,0.0,0.010711314491345547,0.14619140625,4.365377867221833,-5.820766091346741e-11,0.21046435832977295,0.0002595092024539877,-0.6367076635360718
68,278528,180.2,1358.4,2.87,0.15,10,0.125,478,0.7615062761506276,200,151,16,17,16,0,0,122,-3.8221672352474116,20.41,-0.22471746802330017,0.0,-0.002151312306523323,31.971889686584472,3.1225040674209597,0.0,0.00819677157269325,0.105810546875,4.383353173732758,-2.9103830456733704e-10,0.24224251508712769,0.0002588957055214724,-0.6404343843460083
69,282624,183.0,1482.3,2.62,0.15,10,0.125,168,0.7619047619047619,202,149,18,18,17,0,0,120,-3.94771178809643,20.138613861386137,-0.24439719319343567,0.0,-0.003797020157799125,29.631756496429443,3.1079952001571653,0.0,0.009476302299299277,0.131689453125,4.488452124595642,-1.7462298274040222e-10,0.2833912968635559,0.000258282208588957,-0.6432316303253174
70,286720,185.8,1418.9,2.74,0.15,10,0.125,382,0.7591623036649214,214,162,12,12,28,0,0,124,-4.023640087096144,19.317757009345794,-0.19527500867843628,0.0,-0.0018047962337732315,29.24505968093872,3.098823440074921,0.0,0.012390158892958424,0.172998046875,4.519251078367233,-5.820766091346741e-11,0.28859198093414307,0.0002576687116564417,-0.6454955339431763
71,290816,188.5,1545.6,2.5,0.15,10,0.125,78,0.7564102564102564,208,164,16,18,10,0,0,138,-3.7749879693125674,19.639423076923077,-0.17867901921272278,0.0,-0.0024568933062255383,28.863160610198975,3.0883941054344177,0.0,0.00762273924483452,0.101513671875,4.205698227882385,-1.7462298274040222e-10,0.23058146238327026,0.00025705521472392637,-0.6481471657752991
72,294912,191.1,1565.4,2.48,0.14,10,0.125,282,0.7695035460992907,204,158,10,23,13,0,0,132,-3.8302647778119505,20.186274509803923,-0.1807076632976532,0.0,-0.002486355835571885,28.03113489151001,3.077059495449066,0.0,0.011539776244899259,0.159521484375,4.124494051933288,-3.4924596548080444e-10,0.25429677963256836,0.00025644171779141105,-0.6513901948928833
73,299008,194.0,1427.3,2.72,0.15,10,0.125,490,0.7653061224489796,208,158,12,24,14,0,0,130,-3.8740735343624713,19.802884615384617,-0.18383321166038513,0.0,-0.0036549292970448734,30.70535373687744,3.0638570547103883,0.0,0.009925814007874578,0.13740234375,4.591586005687714,-5.820766091346741e-11,0.22291886806488037,0.00025582822085889567,-0.6546781063079834
74,303104,196.7,1520.3,2.54,0.15,10,0.125,176,0.7727272727272727,198,155,14,18,11,0,0,133,-4.094456267549272,20.53030303030303,-0.19058094918727875,0.0,-0.0009509650524705648,29.181172180175782,3.0517682075500487,0.0,0.010905800209729932,0.150439453125,3.9672114610672,-2.9103830456733704e-10,0.25949162244796753,0.00025521472392638035,-0.6572713851928711
75,307200,199.5,1473.5,2.63,0.15,10,0.125,379,0.7730870712401056,203,157,20,16,10,0,0,124,-4.052291153272143,20.472906403940886,-0.16866806149482727,0.0,0.00044374818680807947,28.64029493331909,3.041004991531372,0.0,0.010489925355068408,0.142138671875,4.287123495340348,-2.9103830456733704e-10,0.25068753957748413,0.000254601226993865,-0.6601201891899109
76,311296,202.1,1581.4,2.44,0.15,10,0.125,63,0.6349206349206349,196,141,19,22,14,0,0,122,-4.086365266515286,20.693877551020407,-0.2428039014339447,0.0,-0.0007170672761276364,35.56947746276855,3.029968190193176,0.0,0.01092546520230826,0.15068359375,5.200717198848724,-2.9103830456733704e-10,0.19141942262649536,0.00025398773006134965,-0.6631113886833191
77,315392,204.9,1470.2,2.64,0.15,10,0.125,267,0.7228464419475655,204,153,19,18,14,0,0,136,-3.970798050681128,20.20098039215686,-0.19189894199371338,0.0,-0.0016015677712857724,30.519478797912598,3.0171492457389832,0.0,0.01271458376722876,0.173779296875,4.467001283168793,-1.7462298274040222e-10,0.2381068468093872,0.00025337423312883433,-0.6662494540214539
78,319488,207.6,1508.8,2.57,0.14,10,0.125,471,0.7303609341825902,204,151,11,18,24,0,0,124,-4.008642094376541,19.84313725490196,-0.20262691378593445,0.0,-0.0032379108015447855,32.00643835067749,3.002230155467987,0.0,0.010690311435610056,0.144677734375,4.785405969619751,-2.3283064365386963e-10,0.2562482953071594,0.000252760736196319,-0.6711926460266113
79,323584,210.5,1407.2,2.76,0.15,10,0.125,162,0.808641975308642,203,165,14,18,6,0,0,134,-3.9874429069886377,20.177339901477833,-0.10037470608949661,0.0,-0.004433172848075628,26.41649522781372,2.983477330207825,0.0,0.00959375360107515,0.128759765625,4.7052647233009335,-2.9103830456733704e-10,0.24837446212768555,0.0002521472392638037,-0.6747496724128723
80,327680,213.2,1517.7,2.56,0.14,10,0.125,365,0.7863013698630137,203,156,13,18,16,0,0,131,-3.979979378976942,19.891625615763548,-0.1567572057247162,0.0,-0.00301778307184577,29.478927040100096,2.9734151005744933,0.0,0.012042161700082942,0.158984375,5.378515470027923,-2.3283064365386963e-10,0.25376999378204346,0.0002515337423312883,-0.6762027740478516
81,331776,216.1,1405.7,2.77,0.15,10,0.125,59,0.7627118644067796,206,167,8,19,12,0,0,132,-3.9673897465186414,20.101941747572816,-0.10605546832084656,0.0,-0.004588078893721104,24.63581962585449,2.9647846579551698,0.0,0.007105104663060047,0.091064453125,3.5804791510105134,-2.3283064365386963e-10,0.26364290714263916,0.000250920245398773,-0.6802332997322083
82,335872,218.8,1515.1,2.56,0.14,10,0.125,270,0.7851851851851852,211,167,14,17,13,0,0,128,-4.070199661749605,19.46919431279621,-0.1338549554347992,0.0,-0.004323147889226675,28.991740703582764,2.9472360253334045,0.0,0.00950614309986122,0.128662109375,4.265352582931518,-1.1641532182693481e-10,0.23469668626785278,0.00025030674846625767,-0.6837998628616333
83,339968,221.6,1504.6,2.57,0.15,10,0.125,474,0.8037974683544303,204,169,12,14,9,0,0,140,-4.035613517121822,20.147058823529413,-0.06983406841754913,0.0,-0.0031761146150529385,23.386871671676637,2.9353960871696474,0.0,0.006465494178701192,0.08212890625,4.480901050567627,0.0,0.29450350999832153,0.0002496932515337423,-0.686527669429779
84,344064,224.5,1401.3,2.78,0.15,20,0.25,0,,211,169,16,14,12,0,0,140,-4.026806921436783,19.459715639810426,-0.10751374065876007,0.0,-0.0056935506872832775,26.157075595855712,2.923636758327484,0.0,0.012238422624068334,0.168505859375,3.932626247406006,0.0,0.22969913482666016,0.00024907975460122697,-0.6896575689315796
85,348160,227.2,1505.1,2.57,0.15,20,0.25,187,0.7647058823529411,203,158,10,21,14,0,0,128,-4.04424719782635,20.344827586206897,-0.1424052119255066,0.0,-0.005907770246267319,28.909495449066164,2.9120664238929748,0.0,0.007930073569878005,0.10205078125,4.5199636101722716,-2.9103830456733704e-10,0.226514995098114,0.00024846625766871165,-0.6922657489776611
86,352256,230.0,1459.4,2.66,0.15,20,0.25,375,0.768,188,145,21,19,3,0,0,122,-3.9698644996099968,21.148936170212767,-0.18257130682468414,0.0,-0.0032192242797464132,29.650931549072265,2.902859425544739,0.0,0.006900772373774089,0.086767578125,4.911087834835053,-2.3283064365386963e-10,0.19909483194351196,0.0002478527607361963,-0.6942541599273682
87,356352,232.7,1544.4,2.51,0.14,20,0.25,54,0.8888888888888888,191,167,16,4,4,0,0,134,-4.085635291680588,21.67539267015707,-0.08184511214494705,0.0,-0.005705032264813781,19.689302158355712,2.8947733879089355,0.0,0.007791142861242406,0.103955078125,5.502677309513092,-2.9103830456733704e-10,0.35581308603286743,0.00024723926380368095,-0.6965384483337402
88,360448,235.5,1466.1,2.65,0.15,20,0.25,258,0.7906976744186046,204,156,24,11,13,0,0,125,-4.050592722421938,20.176470588235293,-0.16943222284317017,0.0,-0.005728293070569634,30.655016040802003,2.88391535282135,0.0,0.008077353311819024,0.108740234375,5.035754156112671,-1.1641532182693481e-10,0.25516748428344727,0.00024662576687116563,-0.6994582414627075
89,364544,238.3,1450.1,2.69,0.14,20,0.25,454,0.7995594713656388,196,159,12,20,5,0,0,135,-4.057013161978232,20.663265306122447,-0.12661945819854736,0.0,-0.004865529807284474,25.51248679161072,2.8733527660369873,0.0,0.010014663354377262,0.134814453125,4.781479251384735,-5.820766091346741e-11,0.2782180905342102,0.00024601226993865025,-0.7016890048980713
90,368640,241.0,1520.9,2.55,0.15,20,0.25,139,0.8345323741007195,197,160,16,13,8,0,0,136,-3.984483824363602,20.84771573604061,-0.12212050706148148,0.0,-0.004955573263578117,25.007425022125243,2.865363836288452,0.0,0.008045266102999448,0.109326171875,4.675201833248138,1.1641532182693481e-10,0.261951744556427,0.00024539877300613493,-0.7034624814987183
91,372736,243.7,1503.5,2.58,0.14,20,0.25,342,0.8011695906432749,203,158,15,22,8,0,0,127,-4.0045360226916005,20.428571428571427,-0.1424870640039444,0.0,-0.003541271993890405,30.66618928909302,2.857948434352875,0.0,0.006867019497440197,0.08759765625,4.766248524188995,-1.7462298274040222e-10,0.19256943464279175,0.0002447852760736196,-0.7056006193161011
92,376832,246.3,1577.7,2.46,0.14,20,0.25,27,0.7407407407407407,197,154,11,16,16,0,0,137,-3.9009523507009565,20.690355329949238,-0.1303730010986328,0.0,-0.0034295978024601937,26.591204833984374,2.8475019693374635,0.0,0.008774838023236952,0.119287109375,3.9403167366981506,-2.9103830456733704e-10,0.26209717988967896,0.0002441717791411043,-0.7091013193130493
93,380928,249.0,1575.3,2.46,0.14,20,0.25,228,0.7719298245614035,201,156,8,21,16,0,0,132,-4.106732284436739,20.26865671641791,-0.12887565791606903,0.0,-0.002362114656716585,26.27644462585449,2.8329054713249207,0.0,0.008008359128143638,0.106591796875,4.622879600524902,-8.149072527885437e-10,0.2790305018424988,0.00024355828220858894,-0.712199330329895
94,385024,251.7,1508.8,2.57,0.15,20,0.25,431,0.7842227378190255,203,162,10,14,17,0,0,129,-4.022929695978564,20.246305418719214,-0.12635743618011475,0.0,-0.002661654073745012,25.76500940322876,2.8242283940315245,0.0,0.009546356028295122,0.134228515625,4.367274880409241,-2.9103830456733704e-10,0.2871611714363098,0.0002429447852760736,-0.7135132551193237
95,389120,254.2,1632.3,2.37,0.14,20,0.25,119,0.6554621848739496,200,136,21,32,11,0,0,113,-4.049671824424888,20.52,-0.23905526101589203,0.0,-0.0027168618747964502,37.37745990753174,2.8192338943481445,0.0,0.00781837590620853,0.10654296875,7.948374152183533,-6.402842700481415e-10,0.17514145374298096,0.00024233128834355827,-0.7151070833206177
96,393216,257.5,1224.0,3.2,0.15,20,0.25,315,0.765079365079365,196,163,10,19,4,0,0,134,-3.9385915254460677,21.010204081632654,-0.09060704708099365,0.0,-0.004882294731214642,26.25898790359497,2.811208212375641,0.0,0.007921190888737328,0.1060546875,5.858873677253723,-2.3283064365386963e-10,0.2744795083999634,0.00024171779141104292,-0.7172725200653076
97,397312,260.1,1593.1,2.42,0.15,20,0.25,7,1.0,204,146,15,29,14,0,0,128,-3.973114597108903,20.05392156862745,-0.1828652024269104,0.0,-0.005545471236109734,34.576712417602536,2.802846622467041,0.0,0.008463615109212697,0.109130859375,4.904664325714111,-1.1641532182693481e-10,0.1896352767944336,0.0002411042944785276,-0.7192478775978088
98,401408,263.0,1418.3,2.75,0.14,20,0.25,209,0.7990430622009569,202,160,19,14,9,0,0,125,-3.944093895694236,20.242574257425744,-0.1075299084186554,0.0,-0.003818210866302252,26.815579414367676,2.7951499223709106,0.0,0.0071765148837585006,0.09111328125,4.830416536331176,-3.4924596548080444e-10,0.2970602512359619,0.00024049079754601225,-0.7213192582130432
99,405504,265.8,1462.0,2.66,0.14,20,0.25,410,0.7975609756097561,201,160,15,10,16,0,0,129,-3.9529109043851265,20.37313432835821,-0.10480093210935593,0.0,-0.0034178149420768023,25.467627429962157,2.785949468612671,0.0,0.00800756248354446,0.108935546875,5.840029382705689,1.7462298274040222e-10,0.3016667366027832,0.00023987730061349693,-0.7235668897628784
100,409600,268.7,1416.8,2.74,0.15,20,0.25,94,0.7872340425531915,196,151,23,14,8,0,0,129,-3.9633479230609545,20.93877551020408,-0.14127402007579803,0.0,-0.005814975127577782,28.67765007019043,2.7782761096954345,0.0,0.010159647726686672,0.13134765625,5.050794994831085,-4.656612873077393e-10,0.25293320417404175,0.0002392638036809816,-0.7252296805381775
101,413696,271.4,1556.4,2.48,0.15,20,0.25,288,0.8263888888888888,194,164,11,13,6,0,0,132,-4.002803609697242,21.15463917525773,-0.05147923529148102,0.0,-0.006521397829055786,24.106940841674806,2.771854019165039,0.0,0.008600482175825163,0.11650390625,4.949341869354248,-1.7462298274040222e-10,0.24968212842941284,0.00023865030674846623,-0.7267980575561523
102,417792,273.9,1600.3,2.41,0.15,20,0.25,480,0.8125,192,152,9,18,13,0,0,127,-4.11847583260661,20.994791666666668,-0.1139412522315979,0.0,-0.003908950416371226,26.69969415664673,2.7664771556854246,0.0,0.006663408814347349,0.08525390625,4.538543343544006,-3.4924596548080444e-10,0.2544204592704773,0.00023803680981595088,-0.7277927398681641
103,421888,276.8,1440.9,2.69,0.15,30,0.375,0,,193,156,11,16,10,0,0,137,-4.004839976224169,21.238341968911918,-0.09176810085773468,0.0,-0.007882449822500349,23.258723640441893,2.761156940460205,0.0,0.01002871603704989,0.136328125,4.201456987857819,-4.0745362639427185e-10,0.2945409417152405,0.00023742331288343556,-0.7298952341079712
104,425984,279.6,1454.0,2.67,0.15,30,0.375,177,0.8248587570621468,193,160,12,11,10,0,0,129,-3.8930101137170916,21.419689119170986,-0.09182887524366379,0.0,-0.0047957684379071,25.349949645996094,2.752249026298523,0.0,0.007864512567175552,0.10185546875,5.794871687889099,-1.1641532182693481e-10,0.2673119306564331,0.00023680981595092024,-0.7317735552787781
105,430080,282.4,1455.3,2.66,0.16,30,0.375,371,0.8032345013477089,194,152,16,13,13,0,0,114,-4.054109911406843,21.15979381443299,-0.15724804997444153,0.0,-0.0044482523575425145,27.751319122314452,2.746045100688934,0.0,0.008042752934852616,0.104052734375,5.418789279460907,-5.238689482212067e-10,0.27868109941482544,0.0002361963190184049,-0.7331585884094238
106,434176,285.0,1574.1,2.45,0.15,30,0.375,55,0.8181818181818182,196,150,15,19,12,0,0,121,-4.010349859170222,20.877551020408163,-0.14824920892715454,0.0,-0.0030309413094073536,30.51786365509033,2.740181362628937,0.0,0.008469186263391748,0.11669921875,5.34281177520752,-3.4924596548080444e-10,0.25176602602005005,0.00023558282208588956,-0.7347259521484375
107,438272,287.6,1591.7,2.42,0.15,30,0.375,248,0.8185483870967742,193,158,20,11,4,0,0,129,-3.909442775268391,21.34715025906736,-0.08999685943126678,0.0,-0.005702922120690346,27.69106254577637,2.733500027656555,0.0,0.008658193628070876,0.11455078125,6.007521748542786,-4.0745362639427185e-10,0.2521167993545532,0.00023496932515337424,-0.7365452647209167
108,442368,289.5,2188.0,1.77,0.11,30,0.375,433,0.8175519630484989,185,151,13,13,8,0,0,120,-3.7986488704113244,21.794594594594596,-0.10372953116893768,0.0,-0.004810853279195726,28.109929752349853,2.7248498797416687,0.0,0.010521315335063263,0.14501953125,5.652192628383636,-8.149072527885437e-10,0.22835814952850342,0.00023435582822085887,-0.7391042709350586
109,446464,292.1,1553.4,2.49,0.14,40,0.5,0,,188,143,27,11,7,0,0,111,-3.8855849847425845,21.96808510638298,-0.16911408305168152,0.0,-0.004754534224048257,31.68889331817627,2.714685094356537,0.0,0.010208788560703397,0.138037109375,6.268691349029541,-6.984919309616089e-10,0.2219594120979309,0.00023374233128834352,-0.7414251565933228
110,450560,294.7,1572.5,2.46,0.14,40,0.5,167,0.7425149700598802,183,139,23,9,12,0,0,109,-3.7619955001599186,22.420765027322403,-0.19926491379737854,0.0,-0.005119237676262855,33.05422744750977,2.705897641181946,0.0,0.009477761897142046,0.129736328125,5.80246787071228,-7.566995918750763e-10,0.2883109450340271,0.0002331288343558282,-0.743567943572998
111,454656,297.6,1446.1,2.68,0.15,40,0.5,353,0.7422096317280453,186,138,23,17,8,0,0,116,-3.843948449679533,22.00537634408602,-0.19214314222335815,0.0,-0.005988407414406538,31.15805778503418,2.6983209013938905,0.0,0.011343886758550071,0.1552734375,5.536646449565888,-5.238689482212067e-10,0.2731419801712036,0.00023251533742331287,-0.7450272440910339
112,458752,300.6,1370.7,2.84,0.14,40,0.5,18,0.8333333333333334,177,132,26,14,5,0,0,104,-3.788320379441216,22.7909604519774,-0.21097469329833984,0.0,-0.003307890146970749,30.48420419692993,2.694090461730957,0.0,0.008327521869796328,0.113916015625,7.094725978374481,-2.3283064365386963e-10,0.30047452449798584,0.00023190184049079753,-0.7458785772323608
113,462848,303.0,1696.0,2.27,0.15,40,0.5,200,0.815,182,148,13,17,4,0,0,126,-3.7749575370446524,22.34065934065934,-0.11685548722743988,0.0,-0.0037900866940617562,25.774799633026124,2.689628517627716,0.0,0.0072251792211318385,0.096728515625,6.243557453155518,-4.656612873077393e-10,0.31893521547317505,0.0002312883435582822,-0.7472832202911377
114,466944,305.5,1648.8,2.34,0.15,40,0.5,386,0.8031088082901554,186,147,16,17,6,0,0,127,-3.802078247957047,22.365591397849464,-0.15472252666950226,0.0,-0.004599197441712022,29.554398822784425,2.6833046078681946,0.0,0.008158843769342639,0.1068359375,6.3599353432655334,-8.731149137020111e-10,0.3060303330421448,0.00023067484662576683,-0.7490639686584473
115,471040,308.1,1579.6,2.45,0.15,50,0.625,0,,192,156,14,14,8,0,0,125,-3.831991914919553,21.5625,-0.11842285096645355,0.0,-0.0034967641346156596,25.96781806945801,2.676230049133301,0.0,0.009894579608226196,0.136572265625,5.65507539510727,-5.820766091346741e-10,0.33729684352874756,0.0002300613496932515,-0.750732421875
116,475136,310.7,1580.0,2.44,0.15,50,0.625,163,0.7484662576687117,179,132,18,17,12,0,0,109,-3.7173351915448514,22.720670391061454,-0.23022159934043884,0.0,-0.005125813605263829,31.108134269714355,2.669880044460297,0.0,0.006476628864766099,0.083203125,6.684152007102966,-2.3283064365386963e-10,0.3331505060195923,0.00022944785276073616,-0.7524909377098083
117,479232,313.4,1474.6,2.63,0.15,50,0.625,346,0.7687861271676301,183,144,17,16,6,0,0,118,-3.7977313879273407,22.420765027322403,-0.16983221471309662,0.0,-0.0034909761510789395,28.79546699523926,2.662984335422516,0.0,0.007410879581584595,0.095263671875,7.340534305572509,-7.566995918750763e-10,0.3281988501548767,0.00022883435582822084,-0.7537012100219727
118,483328,316.1,1529.7,2.53,0.15,50,0.625,15,0.7333333333333333,181,134,20,22,5,0,0,111,-3.7644901755272,22.392265193370164,-0.19924834370613098,0.0,-0.007474338915199041,31.168768978118898,2.658994722366333,0.0,0.008855537074850872,0.122412109375,7.807261109352112,-4.656612873077393e-10,0.33172541856765747,0.00022822085889570551,-0.7547109127044678
119,487424,317.9,2340.5,1.65,0.1,50,0.625,190,0.7473684210526316,175,131,21,18,5,0,0,103,-3.78579338224247,23.46857142857143,-0.23207387328147888,0.0,-0.00494177732616663,34.45219841003418,2.6552340388298035,0.0,0.007824853219790383,0.1021484375,9.30932035446167,-1.0477378964424133e-09,0.301328182220459,0.00022760736196319017,-0.7555835843086243
120,491520,319.5,2531.7,1.52,0.1,50,0.625,370,0.7621621621621621,180,140,23,14,3,0,0,113,-3.7789223466052224,23.105555555555554,-0.18735447525978088,0.0,-0.003416565293446183,33.766904258728026,2.652142083644867,0.0,0.007895859246491454,0.105615234375,8.982375454902648,-6.984919309616089e-10,0.3247538208961487,0.00022699386503067484,-0.756209135055542
121,495616,321.2,2447.8,1.59,0.09,50,0.625,37,0.7837837837837838,179,130,20,19,10,0,0,117,-3.852113656770885,22.720670391061454,-0.22478844225406647,0.0,-0.005007543880492449,32.73559513092041,2.64825838804245,0.0,0.00768742214422673,0.099560546875,7.832857966423035,-1.1641532182693481e-09,0.33549177646636963,0.0002263803680981595,-0.7578519582748413
122,499712,322.8,2487.8,1.51,0.14,50,0.625,217,0.783410138248848,180,141,15,15,9,0,0,112,-3.8813984877381373,22.822222222222223,-0.20222517848014832,0.0,-0.0059262806549668316,30.81746883392334,2.641098666191101,0.0,0.008688512700609862,0.116552734375,7.743136417865753,-1.7462298274040222e-10,0.3287636637687683,0.00022576687116564415,-0.7594026327133179
123,503808,324.5,2471.6,1.51,0.15,50,0.625,396,0.7929292929292929,179,144,20,10,5,0,0,121,-3.8363358970252475,22.56983240223464,-0.15710411965847015,0.0,-0.005372913833707571,27.400242710113524,2.6363601088523865,0.0,0.007070786011172459,0.090087890625,6.921421003341675,-4.0745362639427185e-10,0.3648054599761963,0.0002251533742331288,-0.7601797580718994
124,507904,326.1,2541.1,1.5,0.11,50,0.625,64,0.78125,180,137,20,19,4,0,0,109,-3.949565878460503,23.116666666666667,-0.19780495762825012,0.0,-0.0058288885280489925,32.279487228393556,2.632567834854126,0.0,0.00852252757176757,0.116748046875,6.539717984199524,-1.1641532182693481e-09,0.2812997102737427,0.00022453987730061348,-0.7616392970085144
125,512000,328.8,1533.8,2.52,0.15,50,0.625,247,0.757085020242915,183,137,22,14,10,0,0,110,-3.8982559540429795,22.08743169398907,-0.21942052245140076,0.0,-0.006132949236780405,30.16355323791504,2.627754068374634,0.0,0.008514373289654032,0.115234375,7.010072922706604,-1.1641532182693481e-09,0.31237566471099854,0.00022392638036809815,-0.7620804309844971
126,516096,331.6,1475.9,2.63,0.15,50,0.625,424,0.7547169811320755,177,133,18,17,9,0,0,116,-3.7358269887708953,23.2090395480226,-0.21845346689224243,0.0,-0.006195831880904734,32.964372634887695,2.626602792739868,0.0,0.008145865946426056,0.108203125,8.108895564079285,-5.238689482212067e-10,0.33657652139663696,0.0002233128834355828,-0.7626917958259583
127,520192,334.3,1510.0,2.56,0.15,50,0.625,95,0.8315789473684211,183,143,16,16,8,0,0,117,-3.904198020547805,22.530054644808743,-0.17942467331886292,0.0,-0.006341431476175785,26.289201164245604,2.6233264207839966,0.0,0.006542239437112585,0.08125,6.507654559612274,-5.820766091346741e-10,0.3942464590072632,0.00022269938650306746,-0.7636152505874634
128,524288,336.8,1619.7,2.38,0.15,50,0.625,274,0.8248175182481752,179,147,8,14,10,0,0,124,-3.8035997205744927,22.75977653631285,-0.13239949941635132,0.0,-0.006571606267243624,22.74189419746399,2.618635666370392,0.0,0.008475238582468592,0.116552734375,7.82814804315567,-6.402842700481415e-10,0.387431263923645,0.00022208588957055213,-0.7650673389434814
129,528384,339.5,1522.0,2.54,0.15,50,0.625,457,0.8205689277899344,183,149,10,18,6,0,0,126,-3.8527658901625252,22.3224043715847,-0.11803388595581055,0.0,-0.0065474087372422215,23.4327751159668,2.6133150339126585,0.0,0.007171829376602545,0.093798828125,7.879220724105835,-1.3969838619232178e-09,0.38837212324142456,0.0002214723926380368,-0.7661335468292236
130,532480,342.2,1515.3,2.55,0.15,60,0.75,0,,182,145,18,11,8,0,0,130,-3.8197691619961804,22.48901098901099,-0.14605236053466797,0.0,-0.00726413638330996,26.10449352264404,2.6092840313911436,0.0,0.007392694821464829,0.09794921875,7.171651101112365,-1.0477378964424133e-09,0.3902074694633484,0.00022085889570552144,-0.767163872718811
131,536576,344.9,1526.0,2.53,0.15,60,0.75,155,0.7612903225806451,171,130,23,13,5,0,0,109,-3.7129612864026114,24.01169590643275,-0.23873493075370789,0.0,-0.00667312708683312,29.933419227600098,2.6052112698554994,0.0,0.008722550139646046,0.115283203125,8.7022225856781,-6.402842700481415e-10,0.39416801929473877,0.00022024539877300611,-0.7680580615997314
132,540672,347.8,1406.5,2.76,0.15,60,0.75,328,0.7317073170731707,173,122,22,18,11,0,0,95,-3.7001637695874012,23.745664739884393,-0.2928149998188019,0.0,-0.006582598807290197,29.817161083221436,2.6024962306022643,0.0,0.008650531418970786,0.11796875,7.188674998283386,-1.1059455573558807e-09,0.40263867378234863,0.0002196319018404908,-0.7685987949371338
133,544768,350.2,1719.7,2.23,0.15,60,0.75,502,0.750996015936255,174,137,20,12,5,0,0,116,-3.700716910285035,23.729885057471265,-0.19110515713691711,0.0,-0.005196300894021988,30.125795745849608,2.599342775344849,0.0,0.008514436552650296,0.11689453125,9.056131386756897,-9.89530235528946e-10,0.3502868413925171,0.00021901840490797544,-0.7697638273239136
134,548864,352.6,1695.3,2.27,0.15,60,0.75,159,0.7484276729559748,169,125,22,18,4,0,0,112,-3.6907925443091685,24.171597633136095,-0.2414902299642563,0.0,-0.007457414921373129,33.02256336212158,2.59423109292984,0.0,0.00859621386625804,0.116845703125,9.21137216091156,-7.566995918750763e-10,0.33245277404785156,0.0002184049079754601,-0.7710127830505371
135,552960,355.5,1425.9,2.73,0.15,60,0.75,333,0.7897897897897898,174,144,13,12,5,0,0,116,-3.8019761307292987,23.46551724137931,-0.1410026252269745,0.0,-0.008872354333288968,25.461441707611083,2.589144742488861,0.0,0.00793739098298829,0.108154296875,8.296699035167695,-1.0477378964424133e-09,0.4039652347564697,0.00021779141104294477,-0.7724844813346863
136,557056,357.9,1739.6,2.2,0.15,60,0.75,509,0.7799607072691552,176,134,13,21,8,0,0,111,-3.6646384293126864,23.34659090909091,-0.21196147799491882,0.0,-0.006975812185555696,29.81069498062134,2.5829071283340452,0.0,0.009906156378565355,0.133447265625,8.541371715068816,-8.149072527885437e-10,0.33039772510528564,0.00021717791411042945,-0.7738564014434814
137,561152,360.0,1931.6,1.97,0.15,60,0.75,172,0.6976744186046512,175,122,25,19,9,0,0,103,-3.5603023029257135,22.94857142857143,-0.27422815561294556,0.0,-0.004146852716803551,37.26920928955078,2.5783162713050842,0.0,0.005287030534236692,0.06396484375,10.658381271362305,-2.3283064365386963e-10,0.2627491354942322,0.00021656441717791408,-0.7749699354171753
138,565248,362.0,2101.3,1.83,0.12,60,0.75,350,0.6971428571428572,178,124,22,25,7,0,0,98,-3.778897570793417,23.39887640449438,-0.27170562744140625,0.0,-0.006506369262933731,32.456651878356936,2.5737635493278503,0.0,0.007800315020722337,0.102978515625,8.572220039367675,-1.5133991837501526e-09,0.3406435251235962,0.00021595092024539875,-0.7759945392608643
139,569344,364.3,1729.3,2.23,0.14,60,0.75,8,0.75,170,133,14,19,4,0,0,108,-3.756046205736123,23.91764705882353,-0.19186876714229584,0.0,-0.007064507994800806,30.150022125244142,2.5695688128471375,0.0,0.008033679667278193,0.1091796875,7.962504577636719,-5.820766091346741e-10,0.3445480465888977,0.00021533742331288343,-0.7771741151809692
140,573440,367.1,1500.8,2.58,0.15,60,0.75,183,0.7814207650273224,175,137,18,16,4,0,0,112,-3.562350246797762,23.48,-0.1780385971069336,0.0,-0.0046997653786093,29.161474895477294,2.564661431312561,0.0,0.00787903401069343,0.102490234375,8.244267630577088,-8.731149137020111e-10,0.3205336928367615,0.00021472392638036808,-0.7784313559532166
141,577536,369.5,1677.5,2.29,0.15,60,0.75,355,0.8,172,141,13,15,3,0,0,117,-3.6502651192948306,23.8953488372093,-0.14644241333007812,0.0,-0.006498256698250771,25.153950691223145,2.5601275324821473,0.0,0.007110683564678766,0.095556640625,7.255729985237122,-7.566995918750763e-10,0.3651862144470215,0.00021411042944785273,-0.7793645858764648
142,581632,372.3,1454.4,2.67,0.15,60,0.75,17,0.8823529411764706,174,133,16,17,8,0,0,111,-3.742931543787293,23.25862068965517,-0.21200768649578094,0.0,-0.004728099098429084,29.011856651306154,2.5562525033950805,0.0,0.008571291124098934,0.11494140625,8.057391333580018,-5.238689482212067e-10,0.3142417073249817,0.0002134969325153374,-0.7804908752441406
143,585728,375.2,1426.0,2.73,0.15,60,0.75,191,0.8115183246073299,174,140,16,15,3,0,0,115,-3.7088444326389567,23.71264367816092,-0.1640312224626541,0.0,-0.004858931945636869,26.681726360321044,2.551871585845947,0.0,0.006978039728710428,0.09521484375,8.23513240814209,-8.149072527885437e-10,0.34878796339035034,0.0002128834355828221,-0.7815316319465637
144,589824,377.8,1568.4,2.46,0.15,60,0.75,362,0.7955801104972375,171,133,11,19,8,0,0,115,-3.605071406508873,23.853801169590643,-0.2088729292154312,0.0,-0.004387344978749752,27.058037281036377,2.5475465416908265,0.0,0.0065497145929839466,0.085986328125,8.382381248474122,-9.89530235528946e-10,0.34153449535369873,0.00021226993865030672,-0.7827103137969971
145,593920,380.5,1553.1,2.49,0.15,70,0.875,0,,171,142,10,18,1,0,0,125,-3.509954886097472,24.15204678362573,-0.13222450017929077,0.0,-0.005156278051435948,24.55982780456543,2.543088102340698,0.0,0.01164625964302104,0.155126953125,7.510895037651062,-5.238689482212067e-10,0.3541415333747864,0.00021165644171779137,-0.7835766673088074
146,598016,383.1,1586.0,2.43,0.15,70,0.875,149,0.7785234899328859,165,131,17,13,4,0,0,112,-3.677607862163035,24.424242424242426,-0.20810386538505554,0.0,-0.005013056378811598,30.721321964263915,2.5406712174415587,0.0,0.009222648179274984,0.12412109375,9.57938585281372,-8.731149137020111e-10,0.34635281562805176,0.00021104294478527604,-0.7840433120727539
147,602112,385.7,1551.6,2.49,0.15,70,0.875,318,0.7672955974842768,169,128,15,20,6,0,0,104,-3.5383445382816676,24.08284023668639,-0.22729738056659698,0.0,-0.004635291174054146,28.93941774368286,2.537800979614258,0.0,0.008164336596382781,0.10830078125,8.875011873245239,-5.238689482212067e-10,0.3795921206474304,0.00021042944785276072,-0.785131573677063
148,606208,388.4,1542.2,2.5,0.15,70,0.875,492,0.782520325203252,174,141,11,13,9,0,0,125,-3.6031367483760874,23.74712643678161,-0.1661941409111023,0.0,-0.0037190493778325616,25.054844284057616,2.5323060870170595,0.0,0.0073865564016159626,0.093994140625,9.162108969688415,-1.0477378964424133e-09,0.42655444145202637,0.00020981595092024537,-0.7867007255554199
149,610304,390.8,1675.8,2.3,0.14,70,0.875,148,0.7094594594594594,168,119,23,22,4,0,0,101,-3.4608709151175847,24.93452380952381,-0.2842358946800232,0.0,-0.006042590085417032,34.208303165435794,2.5259061574935915,0.0,0.009446713631041348,0.133935546875,10.467496824264526,-8.149072527885437e-10,0.32584148645401,0.00020920245398773005,-0.7883094549179077
150,614400,392.9,1936.9,1.96,0.15,70,0.875,308,0.7435064935064936,160,124,16,18,2,0,0,100,-3.494648366360352,25.38125,-0.24549391865730286,0.0,-0.004972105287015438,27.773750877380373,2.5199286699295045,0.0,0.007547919228090905,0.1009765625,8.973046851158141,-1.2223608791828156e-09,0.430595338344574,0.00020858895705521473,-0.7896659970283508
151,618496,395.6,1556.6,2.48,0.15,70,0.875,475,0.751578947368421,167,128,20,14,5,0,0,106,-3.6555313439659396,24.323353293413174,-0.2236505150794983,0.0,-0.00673366142436862,28.255381107330322,2.5145307898521425,0.0,0.007890995626803487,0.106640625,8.128628671169281,-1.4551915228366852e-09,0.43153560161590576,0.00020797546012269935,-0.7910456657409668
152,622592,398.3,1488.8,2.6,0.15,70,0.875,130,0.7307692307692307,167,126,20,16,5,0,0,100,-3.565045455286196,24.78443113772455,-0.2363070547580719,0.0,-0.004928160877898336,29.709183406829833,2.5097606658935545,0.0,0.011390460949041881,0.154443359375,7.829990339279175,-2.3283064365386963e-10,0.43454521894454956,0.000207361963190184,-0.7918254733085632
153,626688,400.8,1666.0,2.31,0.15,70,0.875,297,0.7407407407407407,167,125,17,19,6,0,0,103,-3.6735119481553817,24.538922155688624,-0.2216034084558487,0.0,-0.0019285863731056453,29.950001335144044,2.5074278473854066,0.0,0.009940648317569866,0.130712890625,8.428852009773255,-8.149072527885437e-10,0.37574517726898193,0.00020674846625766868,-0.792378842830658
154,630784,403.4,1577.9,2.45,0.15,70,0.875,459,0.7625272331154684,162,130,17,9,6,0,0,101,-3.6401780977924023,25.104938271604937,-0.19118371605873108,0.0,-0.005727107729762792,27.81621723175049,2.5046231627464293,0.0,0.009490125445881858,0.12802734375,8.77506263256073,-9.313225746154785e-10,0.44871872663497925,0.00020613496932515336,-0.7933552861213684
155,634880,405.9,1626.3,2.37,0.15,70,0.875,121,0.7355371900826446,174,133,17,19,5,0,0,109,-3.570776796047539,23.775862068965516,-0.1859212964773178,0.0,-0.0033847544575110076,28.665303802490236,2.4998504161834716,0.0,0.007896296965191141,0.106884765625,9.329709792137146,-1.2223608791828156e-09,0.392561137676239,0.00020552147239263801,-0.7946227788925171
156,638976,408.2,1785.9,2.14,0.15,70,0.875,278,0.7769784172661871,157,127,14,11,5,0,0,111,-3.4771035970618023,25.726114649681527,-0.17463567852973938,0.0,-0.007374619483016431,24.879302883148192,2.4949400663375854,0.0,0.008629232799285092,0.116552734375,7.367003154754639,-2.3283064365386963e-10,0.4256911277770996,0.0002049079754601227,-0.7959089279174805
157,643072,410.6,1714.3,2.24,0.15,70,0.875,450,0.7488888888888889,172,121,27,12,12,0,0,97,-3.5463227797493957,23.96511627906977,-0.27886825799942017,0.0,-0.005502848699688911,35.95465030670166,2.4899765729904173,0.0,0.008890486188465729,0.117724609375,11.333319711685181,-5.820766091346741e-10,0.3493148684501648,0.00020429447852760737,-0.796909749507904
158,647168,413.0,1693.2,2.27,0.15,70,0.875,101,0.8118811881188119,163,125,21,10,7,0,0,103,-3.365532188768195,24.79754601226994,-0.2182685136795044,0.0,-0.0052043236792087555,27.30559320449829,2.4863011837005615,0.0,0.006479792573372833,0.084130859375,8.633461785316467,-1.1059455573558807e-09,0.39702939987182617,0.000203680981595092,-0.7980040907859802
159,651264,415.4,1771.6,2.16,0.15,70,0.875,264,0.8143939393939394,163,133,19,9,2,0,0,116,-3.5368837245429234,25.539877300613497,-0.17806434631347656,0.0,-0.00675330851227045,26.042253971099854,2.4817257165908813,0.0,0.008207623430644162,0.11201171875,10.114901423454285,-8.731149137020111e-10,0.4655623435974121,0.00020306748466257665,-0.7990120649337769
160,655360,417.8,1682.4,2.28,0.15,70,0.875,426,0.8192488262910798,162,134,18,5,5,0,0,110,-3.576500837167932,24.90740740740741,-0.17809364199638367,0.0,-0.007882442465052009,24.22597908973694,2.478300130367279,0.0,0.008069050099584274,0.107373046875,8.877714538574219,-2.3283064365386963e-09,0.47226154804229736,0.00020245398773006132,-0.7997407913208008
161,659456,420.0,1896.6,2.01,0.15,70,0.875,79,0.7215189873417721,165,117,19,24,5,0,0,94,-3.6247999527938366,25.048484848484847,-0.2511391043663025,0.0,-0.00478051220998168,35.90991621017456,2.4757092595100403,0.0,0.005893073210609145,0.072314453125,11.01846992969513,-1.4551915228366852e-09,0.31404536962509155,0.000201840490797546,-0.8003180027008057
162,663552,422.5,1609.2,2.4,0.15,70,0.875,243,0.7654320987654321,164,129,14,16,5,0,0,105,-3.5162507343955816,24.79268292682927,-0.18186794221401215,0.0,-0.00661621056497097,27.1928111076355,2.4732511758804323,0.0,0.008361274073831738,0.111376953125,8.730684089660645,-6.402842700481415e-10,0.3720394968986511,0.00020122699386503065,-0.800976037979126
163,667648,425.4,1399.9,2.78,0.15,70,0.875,414,0.782608695652174,171,138,15,12,6,0,0,119,-3.4509713110981663,24.198830409356724,-0.15685546398162842,0.0,-0.00671890932135284,26.579189777374268,2.4691470861434937,0.0,0.00900741460500285,0.119287109375,7.128921222686768,-4.656612873077393e-10,0.38828516006469727,0.00020061349693251533,-0.8025371432304382
164,671744,428.4,1400.6,2.78,0.14,70,0.875,68,0.7794117647058824,166,129,13,19,5,0,0,111,-3.663859885896794,24.367469879518072,-0.1743323802947998,0.0,-0.004645784362219274,26.560154533386232,2.462127459049225,0.0,0.007739657897036523,0.101953125,6.926712143421173,-1.3969838619232178e-09,0.34686994552612305,0.0002,-0.8043954372406006
165,675840,431.2,1466.3,2.65,0.14,70,0.875,241,0.7842323651452282,173,136,11,19,7,0,0,110,-3.6629388652170145,24.21965317919075,-0.17251181602478027,0.0,-0.0038621398620307446,25.911559104919434,2.4552202820777893,0.0,0.007720049316412769,0.10126953125,7.416417646408081,-6.402842700481415e-10,0.4034395217895508,0.00019938650306748466,-0.8057700395584106
166,679936,434.1,1406.4,2.76,0.15,70,0.875,411,0.7834549878345499,170,133,19,15,3,0,0,120,-3.573389491837525,23.741176470588236,-0.1821168065071106,0.0,-0.0061157748335972425,25.70789155960083,2.449345600605011,0.0,0.01293582197104115,0.1708984375,7.204819643497467,-6.402842700481415e-10,0.388102650642395,0.00019877300613496928,-0.8076425194740295
167,684032,436.9,1462.2,2.65,0.15,70,0.875,71,0.7464788732394366,172,134,13,17,8,0,0,114,-3.606850192529505,23.802325581395348,-0.15697599947452545,0.0,-0.0047825840301811695,24.932019901275634,2.442348062992096,0.0,0.011843024962581694,0.15419921875,8.171526789665222,-9.313225746154785e-10,0.41417884826660156,0.00019815950920245396,-0.8090878129005432
168,688128,439.4,1644.0,2.35,0.14,70,0.875,232,0.7758620689655172,161,127,15,10,9,0,0,105,-3.5710464626035074,25.03726708074534,-0.19832345843315125,0.0,-0.004424131847918034,23.97692289352417,2.43752863407135,0.0,0.007013739689136855,0.094482421875,9.699803578853608,-8.731149137020111e-10,0.4540199637413025,0.00019754601226993864,-0.8099812269210815
169,692224,442.1,1523.0,2.54,0.15,70,0.875,398,0.7864321608040201,166,133,7,20,6,0,0,119,-3.4700023759426246,25.072289156626507,-0.1457916796207428,0.0,-0.004020015895366669,23.933254623413085,2.4340521335601806,0.0,0.0077273547445656735,0.10078125,10.094623649120331,-8.149072527885437e-10,0.3476846218109131,0.0001969325153374233,-0.8110554218292236
170,696320,444.8,1519.1,2.55,0.15,70,0.875,58,0.8793103448275862,172,141,12,16,3,0,0,118,-3.5931295545822692,24.21511627906977,-0.13390466570854187,0.0,-0.00665436489507556,23.80944604873657,2.42880893945694,0.0,0.008533912486745976,0.117431640625,7.767899060249329,-5.820766091346741e-11,0.35565733909606934,0.00019631901840490794,-0.8124793767929077
171,700416,447.1,1743.3,2.2,0.15,70,0.875,235,0.8212765957446808,177,142,10,18,7,0,0,127,-3.6802048832876713,22.757062146892654,-0.13645809888839722,0.0,-0.005376867507584393,22.68214054107666,2.423410701751709,0.0,0.009759175666840748,0.125439453125,8.979910969734192,-1.5133991837501526e-09,0.45854347944259644,0.00019570552147239265,-0.8137965202331543
172,704512,450.0,1437.4,2.7,0.14,70,0.875,410,0.8170731707317073,175,142,13,15,5,0,0,133,-3.5917515850240744,23.662857142857142,-0.1128576248884201,0.0,-0.008456572447903455,25.349513149261476,2.4182499051094055,0.0,0.010073303521494381,0.140283203125,7.892626333236694,-1.0477378964424133e-09,0.3540796637535095,0.0001950920245398773,-0.8149797916412354
173,708608,452.7,1505.2,2.57,0.15,80,1.0,0,,159,131,13,10,5,0,0,111,-3.363381512087878,25.28930817610063,-0.1438697725534439,0.0,-0.006237221602350474,24.10385422706604,2.4130786061286926,0.0,0.008550786739215254,0.115234375,8.300464630126953,-9.89530235528946e-10,0.3425612449645996,0.00019447852760736192,-0.8165237307548523
174,712704,455.4,1533.7,2.52,0.15,80,1.0,142,0.7746478873239436,158,124,12,17,5,0,0,107,-3.364672847366022,25.79113924050633,-0.20749658346176147,0.0,-0.007269405480474234,24.792094421386718,2.4065200328826903,0.0,0.008562844202970155,0.1134765625,8.882943773269654,-1.3969838619232178e-09,0.4226009249687195,0.0001938650306748466,-0.8181614279747009
175,716800,457.9,1656.8,2.33,0.14,80,1.0,293,0.7713310580204779,151,116,8,24,3,0,0,94,-3.2888909823816763,27.29139072847682,-0.23673151433467865,0.0,-0.004533104645088315,26.1442400932312,2.399971663951874,0.0,0.007253132545156404,0.096533203125,9.699565863609314,-6.984919309616089e-10,0.4288213849067688,0.00019325153374233128,-0.819836437702179
176,720896,460.6,1485.0,2.62,0.14,80,1.0,450,0.7844444444444445,157,127,13,12,5,0,0,98,-3.491996200398533,25.929936305732483,-0.19274623692035675,0.0,-0.005735846422612667,25.89499168395996,2.392671501636505,0.0,0.00690122814849019,0.09150390625,8.454888474941253,-8.149072527885437e-10,0.4377164840698242,0.00019263803680981593,-0.8219159841537476
177,724992,463.3,1535.2,2.52,0.15,80,1.0,98,0.7755102040816326,160,125,8,22,5,0,0,108,-3.6312694270451105,25.59375,-0.18857839703559875,0.0,-0.004174500145018101,24.47052001953125,2.385252130031586,0.0,0.009603751701069996,0.127392578125,9.087721920013427,-1.0477378964424133e-09,0.435385525226593,0.00019202453987730058,-0.8232250809669495
178,729088,466.1,1493.0,2.6,0.14,80,1.0,262,0.7824427480916031,164,129,10,20,5,0,0,110,-3.660023020685594,25.182926829268293,-0.16192983090877533,0.0,-0.004580285120755434,23.513735485076904,2.381053388118744,0.0,0.01087473264487926,0.149853515625,7.905915427207947,-5.820766091346741e-11,0.454287588596344,0.00019141104294478526,-0.8242101669311523
179,733184,468.9,1422.9,2.73,0.15,80,1.0,422,0.7748815165876777,160,122,18,18,2,0,0,101,-3.477173322332172,25.7375,-0.21726000308990479,0.0,-0.002789083682000637,29.830597400665283,2.377295219898224,0.0,0.008284912680392154,0.110888671875,12.14464192390442,-8.731149137020111e-10,0.3356543779373169,0.00019079754601226994,-0.8249788880348206
180,737280,471.4,1654.7,2.32,0.15,80,1.0,63,0.7936507936507936,153,127,7,18,1,0,0,107,-3.3476534317948956,26.470588235294116,-0.1572486311197281,0.0,-0.00493452362716198,27.341360425949098,2.3743740916252136,0.0,0.006770237404271029,0.08671875,9.527154874801635,-1.862645149230957e-09,0.3441077470779419,0.00019018404907975456,-0.8258948922157288
181,741376,474.1,1532.5,2.53,0.14,80,1.0,220,0.75,157,115,13,20,9,0,0,93,-3.4360161025947837,26.503184713375795,-0.25795191526412964,0.0,-0.005230207741260528,29.474424839019775,2.369145727157593,0.0,0.007471314599388279,0.100439453125,10.153846430778504,-1.4551915228366852e-09,0.3951936960220337,0.00018957055214723924,-0.8275835514068604
182,745472,476.7,1570.6,2.47,0.14,80,1.0,372,0.7903225806451613,152,129,8,11,4,0,0,106,-3.47772274063658,26.30921052631579,-0.1432088166475296,0.0,-0.005859783524647355,22.331938648223876,2.3630356192588806,0.0,0.006800009426660836,0.09052734375,9.32963011264801,-1.1641532182693481e-09,0.4680679440498352,0.00018895705521472392,-0.8286880254745483
183,749568,479.5,1490.5,2.6,0.15,80,1.0,15,0.6666666666666666,155,115,11,19,10,0,0,96,-3.6265754003035497,26.961290322580645,-0.23257265985012054,0.0,-0.004545297287404537,29.276878070831298,2.359797954559326,0.0,0.009400847082724794,0.1326171875,10.315658283233642,-8.731149137020111e-10,0.39808976650238037,0.00018834355828220857,-0.8292258977890015
184,753664,482.1,1582.8,2.44,0.15,80,1.0,174,0.7758620689655172,159,125,14,15,5,0,0,107,-3.4813874268313016,25.48427672955975,-0.18492774665355682,0.0,-0.007260346785187721,25.523240852355958,2.3573938727378847,0.0,0.007884982111863791,0.105029296875,9.22644145488739,-1.0477378964424133e-09,0.42745423316955566,0.00018773006134969322,-0.8301215171813965
185,757760,484.3,1812.8,2.12,0.14,80,1.0,334,0.7904191616766467,160,129,15,10,6,0,0,108,-3.5168065269779136,25.86875,-0.1529589593410492,0.0,-0.007300868630409241,23.44202995300293,2.353217363357544,0.0,0.009236897336086259,0.126318359375,10.329161596298217,-8.731149137020111e-10,0.42733442783355713,0.0001871165644171779,-0.8311533331871033
186,761856,486.8,1629.2,2.36,0.15,80,1.0,493,0.8032454361054767,159,132,14,8,5,0,0,121,-3.7215331704380543,25.440251572327043,-0.12383393943309784,0.0,-0.004726382764056325,20.52042946815491,2.3485774993896484,0.0,0.00682588980125729,0.08837890625,10.007609963417053,-9.89530235528946e-10,0.507369875907898,0.00018650306748466258,-0.8325974345207214
187,765952,489.1,1809.9,2.11,0.15,80,1.0,143,0.8181818181818182,162,132,9,18,3,0,0,110,-3.5861123036751565,25.728395061728396,-0.14948341250419617,0.0,-0.005879159970209003,23.016338729858397,2.343267583847046,0.0,0.009634935366921126,0.1296875,9.876310014724732,-1.1059455573558807e-09,0.4301673173904419,0.0001858895705521472,-0.8335329294204712
188,770048,491.7,1592.7,2.42,0.15,80,1.0,301,0.7940199335548173,158,122,14,18,4,0,0,108,-3.4009618634199454,25.39873417721519,-0.20081397891044617,0.0,-0.005016352841630578,24.602873611450196,2.3394662141799927,0.0,0.007756582560250536,0.1064453125,8.783156538009644,-6.402842700481415e-10,0.42194390296936035,0.00018527607361963188,-0.8348660469055176
189,774144,494.2,1656.8,2.33,0.14,80,1.0,465,0.789247311827957,164,128,14,19,3,0,0,101,-3.452301894651735,25.323170731707318,-0.17505355179309845,0.0,-0.0034991597756743433,25.761613750457762,2.3333649396896363,0.0,0.010436669224873185,0.139892578125,9.448795866966247,-1.280568540096283e-09,0.4209664463996887,0.00018466257668711656,-0.8362612724304199
190,778240,496.8,1547.3,2.5,0.15,80,1.0,109,0.7614678899082569,156,119,16,15,6,0,0,104,-3.41053500726383,26.352564102564102,-0.2060886025428772,0.0,-0.0047610645648092035,26.58535270690918,2.3282433986663817,0.0,0.009715355592197739,0.13486328125,8.794798254966736,-1.4551915228366852e-09,0.4080203175544739,0.0001840490797546012,-0.8376537561416626
191,782336,499.5,1529.2,2.53,0.15,80,1.0,264,0.7992424242424242,155,128,11,14,2,0,0,101,-3.549605915791748,26.270967741935483,-0.15314310789108276,0.0,-0.005285366531461477,22.53724412918091,2.3225729703903197,0.0,0.008523383754072711,0.112646484375,11.1023850440979,-4.0745362639427185e-10,0.4477596879005432,0.00018343558282208586,-0.8389337658882141
192,786432,502.2,1494.2,2.59,0.15,80,1.0,415,0.7927710843373494,151,118,13,16,4,0,0,95,-3.3479317556416106,26.986754966887418,-0.20490264892578125,0.0,-0.006049161683768034,25.131046295166016,2.3178988218307497,0.0,0.009840825537685305,0.136767578125,9.652777814865113,-6.402842700481415e-10,0.406823992729187,0.00018282208588957054,-0.8400494456291199
193,790528,504.9,1524.5,2.54,0.15,80,1.0,60,0.9166666666666666,157,139,5,10,3,0,0,119,-3.563292643648869,26.05095541401274,-0.09096948802471161,0.0,-0.005412148404866457,17.26661596298218,2.3135646104812624,0.0,0.008852000421029516,0.121142578125,9.655728077888488,-1.7462298274040222e-10,0.4855782389640808,0.00018220858895705522,-0.8411463499069214
194,794624,507.7,1493.9,2.59,0.15,80,1.0,221,0.8371040723981901,161,130,10,18,3,0,0,115,-3.3056089798320714,25.819875776397517,-0.14488425850868225,0.0,-0.006048408523201943,23.083777141571044,2.3084580183029173,0.0,0.009357592894230039,0.126318359375,8.959315872192382,-1.0477378964424133e-09,0.4241794943809509,0.00018159509202453987,-0.8426188230514526
195,798720,510.6,1409.8,2.76,0.15,80,1.0,380,0.8315789473684211,159,131,10,14,4,0,0,112,-3.4525706953180766,25.654088050314467,-0.13403919339179993,0.0,-0.007393924985080957,21.366255283355713,2.3028738260269166,0.0,0.009910522762220353,0.134765625,8.404307651519776,-6.984919309616089e-10,0.4736807942390442,0.0001809815950920245,-0.8439112901687622
196,802816,513.5,1399.1,2.78,0.15,80,1.0,32,0.8125,164,140,8,13,3,0,0,124,-3.562414922837066,25.048780487804876,-0.09069342911243439,0.0,-0.005348223820328712,19.994482421875,2.297976016998291,0.0,0.008394768190919421,0.11376953125,9.1482723236084,-7.566995918750763e-10,0.4485570192337036,0.0001803680981595092,-0.844948410987854
197,806912,516.3,1468.6,2.64,0.15,80,1.0,187,0.7914438502673797,155,122,12,18,3,0,0,108,-3.4389545600529035,26.451612903225808,-0.17412734031677246,0.0,-0.004315937682986259,23.52134199142456,2.2942938685417174,0.0,0.006807872751960531,0.08837890625,9.787252140045165,-1.3969838619232178e-09,0.45977890491485596,0.00017975460122699385,-0.8458514213562012
198,811008,519.0,1544.7,2.5,0.15,80,1.0,339,0.7846607669616519,152,118,19,9,6,0,0,100,-3.515848565970396,26.019736842105264,-0.20394158363342285,0.0,-0.004913634620606899,27.79292917251587,2.291116940975189,0.0,0.007699363268329762,0.102978515625,11.30263876914978,-1.57160684466362e-09,0.39297372102737427,0.0001791411042944785,-0.8463798761367798
199,815104,521.7,1505.0,2.57,0.15,80,1.0,496,0.8044354838709677,157,133,13,11,0,0,0,115,-3.254977682884728,27.146496815286625,-0.12348596006631851,0.0,-0.0043634749483317135,20.377081632614136,2.2884673953056334,0.0,0.006329801911488175,0.079833984375,9.82626657485962,-1.1641532182693481e-10,0.44898802042007446,0.00017852760736196318,-0.8475315570831299
200,819200,524.2,1645.2,2.34,0.15,80,1.0,133,0.7894736842105263,149,120,10,16,3,0,0,104,-3.48441172364383,26.624161073825505,-0.14275158941745758,0.0,-0.005214825971052051,23.26524624824524,2.2837791442871094,0.0,0.008106177864829079,0.10947265625,9.511613082885741,-1.2223608791828156e-09,0.40269213914871216,0.00017791411042944786,-0.8483273983001709
201,823296,527.1,1394.4,2.79,0.15,80,1.0,290,0.7965517241379311,157,126,11,14,6,0,0,104,-3.224597383612923,26.312101910828027,-0.14787445962429047,0.0,-0.005381534947082401,24.31190690994263,2.2810824036598207,0.0,0.006935983017319814,0.091455078125,9.879292607307434,-1.280568540096283e-09,0.41407984495162964,0.0001773006134969325,-0.8491582870483398
202,827392,529.7,1585.7,2.43,0.15,80,1.0,454,0.8105726872246696,164,137,15,10,2,0,0,117,-3.503959184760068,25.213414634146343,-0.1032983586192131,0.0,-0.0045616856776177885,21.695867347717286,2.278344190120697,0.0,0.00733464811637532,0.095458984375,8.328524160385133,-1.57160684466362e-09,0.41426509618759155,0.00017668711656441713,-0.8493982553482056
203,831488,532.3,1579.8,2.45,0.15,80,1.0,102,0.7745098039215687,160,124,18,12,6,0,0,109,-3.4392888629785996,25.9125,-0.19217689335346222,0.0,-0.003928985446691513,27.292178535461424,2.2771233677864076,0.0,0.006460353199508972,0.0798828125,11.006314659118653,-1.5133991837501526e-09,0.4089030623435974,0.0001760736196319018,-0.8501516580581665
204,835584,535.1,1491.4,2.6,0.15,80,1.0,262,0.7977099236641222,160,130,6,15,9,0,0,110,-3.476207725800397,25.46875,-0.1304416060447693,0.0,-0.005218526208773255,21.625123023986816,2.2731860637664796,0.0,0.007973253066302277,0.10390625,8.948169255256653,-9.313225746154785e-10,0.46728962659835815,0.0001754601226993865,-0.8511753082275391
205,839680,537.7,1566.3,2.47,0.14,80,1.0,423,0.7966903073286052,161,128,13,16,4,0,0,112,-3.519225124263299,25.229813664596275,-0.12104548513889313,0.0,-0.006857735104858875,24.368126583099365,2.2686835646629335,0.0,0.00759523288870696,0.100927734375,9.705537152290344,-5.238689482212067e-10,0.38155001401901245,0.00017484662576687114,-0.8524945974349976
206,843776,540.4,1537.8,2.51,0.15,80,1.0,70,0.7285714285714285,159,125,11,16,7,0,0,107,-3.361904394944578,25.89308176100629,-0.162645161151886,0.0,-0.006673099566251039,25.32247476577759,2.263545060157776,0.0,0.007904966958449222,0.1076171875,9.394168782234193,-1.979060471057892e-09,0.3965773582458496,0.00017423312883435582,-0.8536045551300049
207,847872,543.2,1445.0,2.68,0.15,80,1.0,229,0.7991266375545851,159,132,8,15,4,0,0,110,-3.3574970098605426,25.371069182389938,-0.13076207041740417,0.0,-0.005520868208259344,18.374157190322876,2.259882700443268,0.0,0.010149597955751233,0.13662109375,9.249679279327392,-2.9103830456733704e-10,0.5274991989135742,0.0001736196319018405,-0.854317307472229
208,851968,546.1,1414.0,2.75,0.15,80,1.0,386,0.7927461139896373,157,123,16,12,6,0,0,109,-3.3601796084727265,26.254777070063696,-0.1401752084493637,0.0,-0.005929349409416318,24.591179370880127,2.2568920493125915,0.0,0.006356442152173259,0.08017578125,11.544916653633118,-1.1059455573558807e-09,0.3724466562271118,0.00017300613496932515,-0.8552149534225464
209,856064,548.9,1471.0,2.63,0.15,80,1.0,36,0.7222222222222222,162,129,13,15,5,0,0,108,-3.401918524567271,25.314814814814813,-0.15006613731384277,0.0,-0.004503569751977921,23.44084424972534,2.2533976554870607,0.0,0.008095313428202643,0.111328125,9.966242861747741,-8.731149137020111e-10,0.41113513708114624,0.00017239263803680977,-0.8559941053390503
210,860160,551.3,1683.7,2.29,0.15,80,1.0,196,0.8214285714285714,160,135,8,11,6,0,0,112,-3.613607147928929,25.63125,-0.0945485532283783,0.0,-0.005446716863662005,20.967480850219726,2.2507337093353272,0.0,0.006800290726823732,0.08837890625,10.180772066116333,-1.862645149230957e-09,0.43382155895233154,0.00017177914110429445,-0.8565248250961304
211,864256,554.2,1442.4,2.7,0.14,80,1.0,354,0.8022598870056498,158,123,14,19,2,0,0,111,-3.3747032181170806,25.71518987341772,-0.16394466161727905,0.0,-0.0043448122218251225,25.778661155700682,2.2480732798576355,0.0,0.007719997863750905,0.104638671875,10.719216871261597,-6.402842700481415e-10,0.4035148620605469,0.00017116564417177913,-0.8574709892272949
212,868352,557.2,1373.7,2.84,0.14,80,1.0,8,1.0,166,139,9,10,8,0,0,118,-3.2972287499272492,24.837349397590362,-0.079679474234581,0.0,-0.003977903444319963,21.051293277740477,2.243483769893646,0.0,0.009633042084169574,0.131787109375,8.782965588569642,5.820766091346741e-11,0.4081847667694092,0.00017055214723926378,-0.8587250113487244
213,872448,560.1,1381.4,2.81,0.15,80,1.0,167,0.8383233532934131,159,132,15,10,2,0,0,114,-3.4289441596201784,25.91194968553459,-0.11712013185024261,0.0,-0.007978405617177487,21.715155839920044,2.23862566947937,0.0,0.008918554609408602,0.12197265625,8.157402110099792,-5.820766091346741e-10,0.41078615188598633,0.00016993865030674846,-0.8599023818969727
214,876544,563.1,1392.2,2.79,0.15,80,1.0,326,0.8220858895705522,159,128,11,16,4,0,0,112,-3.4207512811597995,25.77987421383648,-0.14390328526496887,0.0,-0.0052997334860265255,22.049043321609496,2.2341793298721315,0.0,0.00877474079024978,0.1193359375,9.006499791145325,-1.979060471057892e-09,0.45977336168289185,0.00016932515337423314,-0.8609238862991333
215,880640,565.9,1472.2,2.63,0.15,80,1.0,480,0.8166666666666667,154,124,10,18,2,0,0,105,-3.3311364028249604,26.324675324675326,-0.1442268192768097,0.0,-0.004705847706645727,22.17863349914551,2.230084204673767,0.0,0.008458043364225887,0.117138671875,10.144916439056397,-1.2223608791828156e-09,0.4067007303237915,0.0001687116564417178,-0.8620099425315857
216,884736,568.7,1441.9,2.69,0.15,80,1.0,129,0.8527131782945736,161,140,10,7,4,0,0,128,-3.470428163603291,25.453416149068325,-0.06596480309963226,0.0,-0.006323363818228245,20.4291823387146,2.2255812168121336,0.0,0.00861130514240358,0.120068359375,10.416427516937256,-2.0954757928848267e-09,0.457584023475647,0.0001680981595092024,-0.8631040453910828
217,888832,571.4,1522.4,2.55,0.14,80,1.0,292,0.8184931506849316,163,129,14,19,1,0,0,108,-3.5079279109331267,25.153374233128833,-0.14274311065673828,0.0,-0.006058248458430171,23.955735206604004,2.221814143657684,0.0,0.008287593052955344,0.111376953125,10.99804883003235,-2.0372681319713593e-09,0.4041321873664856,0.0001674846625766871,-0.863922655582428
218,892928,574.2,1468.5,2.64,0.15,80,1.0,451,0.7960088691796009,159,120,16,19,4,0,0,107,-3.299599225938721,25.80503144654088,-0.17955952882766724,0.0,-0.005446875654160977,24.07987117767334,2.2175427317619323,0.0,0.007619974706904032,0.100537109375,10.84398410320282,-3.4924596548080444e-10,0.4440540671348572,0.00016687116564417177,-0.8654119968414307
219,897024,577.0,1461.9,2.65,0.15,80,1.0,103,0.7961165048543689,164,132,13,19,0,0,0,113,-3.448804368837819,25.067073170731707,-0.1073203980922699,0.0,-0.007137213554233313,24.369230270385742,2.2107336640357973,0.0,0.008501510840142145,0.113037109375,11.06624538898468,-8.149072527885437e-10,0.38180798292160034,0.00016625766871165642,-0.867134690284729
220,901120,579.7,1507.4,2.57,0.15,80,1.0,261,0.7739463601532567,158,120,17,17,4,0,0,93,-3.411727868850582,25.955696202531644,-0.16113603115081787,0.0,-0.006965762656182051,25.120065212249756,2.204216706752777,0.0,0.009612860798370093,0.130078125,8.632636785507202,-5.820766091346741e-10,0.43160688877105713,0.00016564417177914107,-0.8687981963157654
221,905216,582.3,1584.8,2.43,0.15,80,1.0,417,0.7817745803357314,156,124,16,12,4,0,0,107,-3.4505870789421804,25.903846153846153,-0.13701751828193665,0.0,-0.0051751013845205305,22.652013874053956,2.1974335312843323,0.0,0.009741573821520433,0.135498046875,9.514915609359742,-8.149072527885437e-10,0.4737962484359741,0.00016503067484662578,-0.8704211115837097
222,909312,584.8,1659.9,2.32,0.15,80,1.0,64,0.75,159,122,13,18,6,0,0,104,-3.526883928257571,25.842767295597483,-0.16010847687721252,0.0,-0.005619429657235742,24.29536428451538,2.191449463367462,0.0,0.00943527920753695,0.128759765625,10.168180584907532,-9.89530235528946e-10,0.46644967794418335,0.00016441717791411043,-0.8717162609100342
223,913408,587.3,1658.8,2.33,0.14,80,1.0,222,0.7882882882882883,158,127,16,10,5,0,0,110,-3.4661438843216437,26.09493670886076,-0.1210995763540268,0.0,-0.006593009876087308,23.34052972793579,2.186325192451477,0.0,0.008740510561619886,0.119091796875,9.7726331949234,-1.2223608791828156e-09,0.4789128303527832,0.00016380368098159505,-0.8731541633605957
224,917504,590.1,1455.0,2.67,0.14,80,1.0,384,0.8072916666666666,162,135,13,10,4,0,0,123,-3.40909203046617,25.11111111111111,-0.07260846346616745,0.0,-0.005302371364086867,20.162114429473878,2.1808952569961546,0.0,0.008283709952956997,0.107470703125,9.838316869735717,-1.6298145055770874e-09,0.4387829899787903,0.00016319018404907973,-0.8741997480392456
225,921600,592.6,1649.3,2.33,0.15,80,1.0,29,0.896551724137931,157,140,7,8,2,0,0,118,-3.4295661535896858,25.89171974522293,-0.02833469957113266,0.0,-0.004561630869284272,14.545812845230103,2.1759524822235106,0.0,0.00897647621750366,0.118798828125,9.266107416152954,-1.4551915228366852e-09,0.5196279883384705,0.0001625766871165644,-0.8759470582008362
226,925696,595.4,1469.9,2.64,0.15,80,1.0,192,0.8645833333333334,163,140,9,11,3,0,0,114,-3.4287224178477875,25.65644171779141,-0.06261369585990906,0.0,-0.004224102362059057,19.234035158157347,2.1694923758506777,0.0,0.009464372610091231,0.1298828125,9.303508424758911,-7.566995918750763e-10,0.4185839891433716,0.00016196319018404906,-0.8770132064819336
227,929792,598.0,1547.5,2.5,0.15,80,1.0,355,0.8535211267605634,163,137,14,12,0,0,0,114,-3.4518246561132817,25.196319018404907,-0.07674203813076019,0.0,-0.0040555943734943865,20.893529653549194,2.1670560598373414,0.0,0.011071101870038546,0.1537109375,9.137813067436218,-1.6880221664905548e-09,0.43271714448928833,0.0001613496932515337,-0.8772247433662415
228,933888,600.7,1523.4,2.55,0.14,80,1.0,1,1.0,158,127,14,16,1,0,0,111,-3.551214048791053,25.740506329113924,-0.09972276538610458,0.0,-0.004264703718945384,22.02045030593872,2.1667059540748594,0.0,0.0065873878571437675,0.083447265625,10.558852934837342,-1.1641532182693481e-09,0.4058719277381897,0.0001607361963190184,-0.8774012327194214
229,937984,603.4,1550.0,2.5,0.15,80,1.0,159,0.8553459119496856,158,135,8,8,7,0,0,116,-3.4589153451854564,25.78481012658228,-0.07675521075725555,0.0,-0.006089549604803323,19.128833103179932,2.164770412445068,0.0,0.008899355022003874,0.122314453125,10.014966320991515,-1.6880221664905548e-09,0.4532025456428528,0.00016012269938650307,-0.8782392740249634
230,942080,605.9,1600.9,2.42,0.14,80,1.0,315,0.8285714285714286,156,125,12,18,1,0,0,113,-3.3282038757149692,26.057692307692307,-0.11120297759771347,0.0,-0.004895225167274475,23.167845726013184,2.1609491229057314,0.0,0.007905778315034695,0.105126953125,11.292015552520752,-5.238689482212067e-10,0.42833489179611206,0.00015950920245398772,-0.8791701793670654
231,946176,608.5,1616.8,2.38,0.15,80,1.0,472,0.8326271186440678,157,132,8,15,2,0,0,116,-3.429120666819502,26.56687898089172,-0.09778884798288345,0.0,-0.0029084446374326943,18.975099563598633,2.156577432155609,0.0,0.010792866081465036,0.142333984375,8.159738838672638,-1.3969838619232178e-09,0.47677671909332275,0.0001588957055214724,-0.880444347858429
232,950272,611.0,1652.6,2.34,0.14,80,1.0,109,0.8715596330275229,149,124,10,11,4,0,0,104,-3.2612180243215216,27.114093959731544,-0.1113293319940567,0.0,-0.005834418721497059,20.755346727371215,2.1524029970169067,0.0,0.008600725629366934,0.114892578125,10.435845541954041,-1.3969838619232178e-09,0.4537237286567688,0.00015828220858895705,-0.8811894655227661
233,954368,613.6,1562.4,2.48,0.14,80,1.0,268,0.8171641791044776,159,124,11,16,8,0,0,112,-3.4749981325056933,25.50943396226415,-0.13025815784931183,0.0,-0.006477470463141799,23.445327854156496,2.1498305916786196,0.0,0.007705720225931145,0.103125,10.69968068599701,-1.57160684466362e-09,0.39685380458831787,0.0001576687116564417,-0.8818305730819702
234,958464,616.2,1548.8,2.5,0.15,80,1.0,427,0.8266978922716628,159,134,10,13,2,0,0,113,-3.4708175694453547,26.232704402515722,-0.08038321137428284,0.0,-0.006797485379502177,20.941078090667723,2.147100877761841,0.0,0.006404383690096438,0.0822265625,10.120363450050354,-8.731149137020111e-10,0.4164288640022278,0.00015705521472392635,-0.8825453519821167
235,962560,618.9,1563.5,2.47,0.15,80,1.0,74,0.8378378378378378,159,130,13,13,3,0,0,105,-3.366979953888979,26.08176100628931,-0.1039898693561554,0.0,-0.005825296370312571,24.993379592895508,2.1433945298194885,0.0,0.008409600314917044,0.11494140625,10.69118881225586,-1.0477378964424133e-09,0.34624385833740234,0.00015644171779141103,-0.8837341070175171
236,966656,621.4,1585.2,2.44,0.15,80,1.0,225,0.8622222222222222,151,132,13,4,2,0,0,114,-3.216782295707499,26.662251655629138,-0.08344569802284241,0.0,-0.006618224969133735,17.03893823623657,2.1383415341377257,0.0,0.00894747241109144,0.11845703125,9.826516485214233,-6.984919309616089e-10,0.5204569101333618,0.0001558282208588957,-0.8849217295646667
237,970752,624.1,1543.2,2.51,0.15,80,1.0,379,0.8496042216358839,154,128,15,9,2,0,0,114,-3.480772277903227,26.532467532467532,-0.0886567011475563,0.0,-0.006335060205310583,21.518086767196657,2.1338693261146546,0.0,0.008276462071808054,0.11796875,8.762086844444275,-2.444721758365631e-09,0.43970632553100586,0.00015521472392638036,-0.8861000537872314
238,974848,626.7,1607.0,2.4,0.15,80,1.0,30,0.9666666666666667,163,146,6,8,3,0,0,123,-3.545474006459056,25.1840490797546,-0.013230139389634132,0.0,-0.0048720902297645806,16.10042986869812,2.1294831037521362,0.0,0.007092427596217021,0.08984375,9.12072250843048,0.0,0.4823916554450989,0.00015460122699386504,-0.8870129585266113
239,978944,629.3,1541.5,2.51,0.15,80,1.0,182,0.8461538461538461,152,125,9,16,2,0,0,110,-3.3593851130780505,26.736842105263158,-0.09157544374465942,0.0,-0.00485321618616581,22.023400115966798,2.1261205196380617,0.0,0.0072078765922924505,0.0978515625,10.134307312965394,-5.820766091346741e-10,0.36005157232284546,0.00015398773006134971,-0.8878511786460876
240,983040,632.0,1555.7,2.48,0.15,80,1.0,345,0.863768115942029,163,144,6,10,3,0,0,120,-3.3858687277003336,25.74846625766871,-0.03309901803731918,0.0,-0.004169945884495973,15.97463526725769,2.121876537799835,0.0,0.007980766755645163,0.103662109375,9.312580752372742,-1.8044374883174896e-09,0.46275585889816284,0.00015337423312883434,-0.8893381357192993
241,987136,634.5,1626.2,2.37,0.15,80,1.0,506,0.849802371541502,161,132,10,15,4,0,0,114,-3.3984413129429134,24.82608695652174,-0.08059652894735336,0.0,-0.004467781819403172,22.464753007888795,2.115677499771118,0.0,0.0070992562657920645,0.092529296875,9.927145552635192,-1.280568540096283e-09,0.33361154794692993,0.000152760736196319,-0.8906249403953552
242,991232,637.1,1593.6,2.43,0.14,80,1.0,152,0.8289473684210527,158,132,14,10,2,0,0,109,-3.487036300440189,25.936708860759495,-0.0782962292432785,0.0,-0.005679502198472619,20.641925954818724,2.110674798488617,0.0,0.007799124054145068,0.104638671875,8.312731409072876,-1.5133991837501526e-09,0.4223094582557678,0.00015214723926380367,-0.892007052898407
243,995328,639.6,1582.3,2.45,0.14,80,1.0,312,0.8525641025641025,160,140,10,9,1,0,0,112,-3.3893212534583426,26.0875,-0.04446147009730339,0.0,-0.004430994112044573,16.966977691650392,2.1055136919021606,0.0,0.009412495433934964,0.129541015625,11.186446070671082,-1.0477378964424133e-09,0.4933274984359741,0.00015153374233128835,-0.8931123614311218
244,999424,642.3,1520.3,2.55,0.15,80,1.0,470,0.8553191489361702,158,136,9,12,1,0,0,120,-3.528740378198584,25.417721518987342,-0.0585852712392807,0.0,-0.0039858750998973845,20.04649224281311,2.101078915596008,0.0,0.0069371427700389175,0.08896484375,8.847647404670715,-1.0477378964424133e-09,0.3993675112724304,0.000150920245398773,-0.8944132924079895
245,1003520,645.3,1398.7,2.79,0.14,80,1.0,119,0.8151260504201681,161,129,16,10,6,0,0,107,-3.4066561598345166,25.29192546583851,-0.10551318526268005,0.0,-0.004699799884110689,21.40931487083435,2.09519567489624,0.0,0.00709058451175224,0.091552734375,11.358570122718811,1.1641532182693481e-10,0.4496951699256897,0.00015030674846625762,-0.8958122730255127
246,1007616,647.9,1568.0,2.47,0.14,80,1.0,281,0.8149466192170819,162,132,13,13,4,0,0,111,-3.4264899777364017,25.561728395061728,-0.0763036459684372,0.0,-0.00526409549638629,21.95767593383789,2.0896830916404725,0.0,0.00791985432151705,0.10830078125,9.06736662387848,-1.57160684466362e-09,0.42497724294662476,0.0001496932515337423,-0.8972233533859253
247,1011712,650.5,1550.8,2.49,0.15,80,1.0,444,0.8018018018018018,163,127,17,15,4,0,0,110,-3.5114762206358336,25.7239263803681,-0.10838015377521515,0.0,-0.005549368169158697,25.568410873413086,2.0850284457206727,0.0,0.007487795117776841,0.098291015625,11.355097341537476,-2.9103830456733704e-10,0.39708030223846436,0.00014907975460122698,-0.8981419801712036
248,1015808,653.2,1519.3,2.55,0.15,80,1.0,88,0.8977272727272727,156,133,12,8,3,0,0,112,-3.533619426139828,25.71794871794872,-0.06599784642457962,0.0,-0.005804422218352557,19.837899208068848,2.0814531207084657,0.0,0.008090695473947562,0.110302734375,9.202809929847717,-1.6298145055770874e-09,0.44938594102859497,0.00014846625766871163,-0.8990565538406372
249,1019904,656.2,1407.6,2.76,0.15,80,1.0,250,0.908,162,148,3,9,2,0,0,128,-3.3418851782944254,25.487654320987655,-0.0007266616448760033,0.0,-0.0029960906133055685,13.979924535751342,2.0778833627700806,0.0,0.0065980540093733,0.08564453125,11.852314972877503,-7.566995918750763e-10,0.49366551637649536,0.0001478527607361963,-0.8999576568603516
250,1024000,659.0,1442.9,2.69,0.15,80,1.0,411,0.8759124087591241,161,133,13,12,3,0,0,118,-3.535553326792142,25.422360248447205,-0.07074923813343048,0.0,-0.005385970883071423,23.188229894638063,2.0741895198822022,0.0,0.009249004206503741,0.1208984375,13.01535861492157,-1.9208528101444244e-09,0.3651260733604431,0.00014723926380368098,-0.9007703065872192
251,1028096,661.6,1557.6,2.48,0.15,80,1.0,56,0.8571428571428571,157,140,8,8,1,0,0,121,-3.3241032623820423,25.719745222929937,-0.03173033148050308,0.0,-0.00469061303883791,16.223859548568726,2.069977951049805,0.0,0.008068930136505514,0.103076171875,8.44941430091858,-7.566995918750763e-10,0.46380186080932617,0.00014662576687116564,-0.902517557144165
252,1032192,664.2,1589.2,2.43,0.15,80,1.0,214,0.822429906542056,158,128,10,17,3,0,0,107,-3.4207849746064785,25.89873417721519,-0.09780359268188477,0.0,-0.003604077361524105,23.215940093994142,2.063280975818634,0.0,0.0062985248165205125,0.081298828125,12.895993494987488,-1.4551915228366852e-09,0.41448795795440674,0.00014601226993865031,-0.9034817218780518
253,1036288,666.9,1513.2,2.57,0.14,80,1.0,373,0.8337801608579088,159,135,6,16,2,0,0,114,-3.3265624787524044,25.861635220125788,-0.057604122906923294,0.0,-0.004154739249497652,18.76164617538452,2.060088002681732,0.0,0.008164579528965987,0.110400390625,11.28669843673706,-8.149072527885437e-10,0.41964834928512573,0.00014539877300613494,-0.9044190049171448
254,1040384,669.7,1471.1,2.64,0.15,80,1.0,14,0.7857142857142857,153,131,11,10,1,0,0,113,-3.35643249583949,27.00653594771242,-0.0867055356502533,0.0,-0.004809532361105084,19.125956535339355,2.0564671874046327,0.0,0.00776372284599347,0.10361328125,11.062483477592469,-1.3096723705530167e-09,0.47090858221054077,0.00014478527607361962,-0.905275821685791
255,1044480,672.5,1464.5,2.65,0.15,80,1.0,172,0.8023255813953488,158,127,15,13,3,0,0,105,-3.4055798114757656,25.81645569620253,-0.07821838557720184,0.0,-0.002907561184838414,21.31880283355713,2.0534199595451357,0.0,0.007939027975953649,0.107763671875,9.777177095413208,-1.8917489796876907e-09,0.38483762741088867,0.00014417177914110427,-0.9057856798171997
256,1048576,675.0,1626.6,2.37,0.15,80,1.0,331,0.8157099697885196,159,132,13,12,2,0,0,116,-3.507773295636252,26.050314465408807,-0.06670431792736053,0.0,-0.005733736883848905,20.664543628692627,2.0521141409873964,0.0,0.007770598519709892,0.102587890625,11.228938364982605,-2.2118911147117615e-09,0.45309996604919434,0.00014355828220858895,-0.9061238765716553
257,1052672,677.5,1639.9,2.35,0.15,80,1.0,486,0.823045267489712,155,130,8,15,2,0,0,112,-3.370981911627321,26.10322580645161,-0.07488100230693817,0.0,-0.006151417875662446,17.937361669540405,2.050360929965973,0.0,0.006058355970890261,0.078857421875,9.0001651763916,-1.2223608791828156e-09,0.47594237327575684,0.0001429447852760736,-0.9066051840782166
258,1056768,680.1,1636.3,2.36,0.15,80,1.0,136,0.75,162,123,17,18,4,0,0,106,-3.2606891789995025,25.34567901234568,-0.1448850929737091,0.0,-0.007005683006718754,27.383599948883056,2.0482412219047545,0.0,0.007199626934016124,0.10009765625,12.560469245910644,-2.6193447411060333e-10,0.35460859537124634,0.00014233128834355828,-0.9072337746620178
259,1060864,682.7,1574.3,2.45,0.15,80,1.0,296,0.777027027027027,160,128,17,13,2,0,0,104,-3.2743122372016593,25.79375,-0.08994606137275696,0.0,-0.006786855915561318,25.59970121383667,2.045494484901428,0.0,0.006434369744965807,0.08369140625,11.96063404083252,-1.367880031466484e-09,0.3587237000465393,0.00014171779141104295,-0.9079442024230957
260,1064960,685.4,1501.3,2.59,0.14,80,1.0,454,0.7907488986784141,158,129,15,12,2,0,0,110,-3.3464996519530206,26.031645569620252,-0.07293061912059784,0.0,-0.005627866694703698,23.40058069229126,2.0431799054145814,0.0,0.005098704023112077,0.062744140625,12.052135252952576,-1.0477378964424133e-09,0.3997594118118286,0.00014110429447852758,-0.9083212018013
261,1069056,688.3,1418.7,2.74,0.15,80,1.0,104,0.8076923076923077,162,136,7,15,4,0,0,116,-3.44320637555524,24.85185185185185,-0.032444268465042114,0.0,-0.004840382654219866,20.742378759384156,2.041359841823578,0.0,0.009325921631534584,0.12109375,10.07356925010681,-1.9208528101444244e-09,0.3962079882621765,0.00014049079754601226,-0.9089490175247192
262,1073152,690.8,1630.4,2.37,0.14,80,1.0,264,0.8181818181818182,160,132,10,14,4,0,0,106,-3.178383693949923,25.28125,-0.08707448095083237,0.0,-0.005114396521821618,20.035899019241334,2.0382992148399355,0.0,0.007313887571217492,0.100341796875,11.007026100158692,-1.5133991837501526e-09,0.4617087244987488,0.0001398773006134969,-0.9099040031433105
263,1077248,693.2,1726.6,2.22,0.15,80,1.0,423,0.8297872340425532,159,135,8,14,2,0,0,121,-3.4522683056415593,25.949685534591193,-0.023106316104531288,0.0,-0.00414142869412899,17.471889400482176,2.03441663980484,0.0,0.008328127399727237,0.1142578125,8.993200778961182,-1.775333657860756e-09,0.4417635202407837,0.00013926380368098159,-0.9107290506362915
264,1081344,695.5,1752.8,2.19,0.15,80,1.0,70,0.8428571428571429,159,134,12,10,3,0,0,119,-3.510373348267428,25.80503144654088,-0.036707259714603424,0.0,-0.004477358888834715,21.206667518615724,2.0316059231758117,0.0,0.008056276012212038,0.108544921875,10.215329456329346,-1.3969838619232178e-09,0.36370980739593506,0.00013865030674846624,-0.9113970398902893
265,1085440,698.3,1458.7,2.66,0.15,80,1.0,230,0.8565217391304348,160,138,14,7,1,0,0,114,-3.427273943401352,25.36875,-0.0325973704457283,0.0,-0.006339624337852001,18.111618280410767,2.028711175918579,0.0,0.008784988307161257,0.117626953125,8.707301259040833,-6.984919309616089e-10,0.43809521198272705,0.00013803680981595091,-0.9121728539466858
266,1089536,701.2,1422.5,2.73,0.15,80,1.0,393,0.8320610687022901,163,130,16,13,4,0,0,105,-3.224271958799229,25.63803680981595,-0.09451223909854889,0.0,-0.004418343631550669,24.418899059295654,2.024982917308807,0.0,0.007314585118729155,0.097900390625,12.707241010665893,-1.8335413187742233e-09,0.34274792671203613,0.00013742331288343557,-0.9133853912353516
267,1093632,704.1,1412.2,2.75,0.15,80,1.0,44,0.8409090909090909,163,136,8,15,4,0,0,117,-3.379576124835913,25.079754601226995,-0.037046656012535095,0.0,-0.0043550747446715835,19.517834377288818,2.0202564001083374,0.0,0.007367247669026256,0.096923828125,9.436415481567384,-1.862645149230957e-09,0.4049968719482422,0.00013680981595092024,-0.9143303632736206
268,1097728,706.8,1533.4,2.52,0.15,80,1.0,209,0.7990430622009569,165,130,12,15,8,0,0,115,-3.431865578142207,25.01818181818182,-0.08358404040336609,0.0,-0.004832500778138638,23.398265266418456,2.015900421142578,0.0,0.008855582706746645,0.120556640625,9.468761944770813,-1.3387762010097504e-09,0.36702650785446167,0.00013619631901840492,-0.9157671928405762
269,1101824,709.3,1658.7,2.33,0.14,80,1.0,365,0.8383561643835616,156,139,6,9,2,0,0,123,-3.241290454639197,25.775641025641026,-0.007642172276973724,0.0,-0.00493825701996684,15.698048734664917,2.010383057594299,0.0,0.008644924621330574,0.10908203125,10.205421710014344,-6.402842700481415e-10,0.47528696060180664,0.00013558282208588955,-0.9168984889984131
270,1105920,712.2,1426.0,2.72,0.15,80,1.0,18,0.7777777777777778,165,135,11,17,2,0,0,116,-3.5275442562531016,25.0,-0.03743395209312439,0.0,-0.0051816307008266446,21.520077657699584,2.0061225652694703,0.0,0.010274376886081881,0.13193359375,10.56949965953827,1.7462298274040222e-10,0.37335139513015747,0.00013496932515337422,-0.9178882837295532
271,1110016,715.0,1433.1,2.71,0.15,80,1.0,175,0.8342857142857143,157,132,11,12,2,0,0,109,-3.3143763909934822,26.235668789808916,-0.061804141849279404,0.0,-0.0025629684794694187,18.879769229888915,2.0033526182174684,0.0,0.010657022282248362,0.143798828125,10.724766707420349,-8.149072527885437e-10,0.43773770332336426,0.00013435582822085888,-0.918258011341095
272,1114112,717.2,1837.8,2.08,0.15,80,1.0,338,0.8609467455621301,163,145,5,11,2,0,0,125,-3.578081721425635,25.030674846625768,0.03161437809467316,0.0,-0.005838878080248832,15.500466537475585,2.0021129488945006,0.0,0.00840306448226329,0.114892578125,8.83111971616745,-5.820766091346741e-10,0.44056814908981323,0.00013374233128834355,-0.9186598658561707
273,1118208,719.6,1744.4,2.19,0.15,80,1.0,499,0.845691382765531,161,131,10,16,4,0,0,107,-3.3408884156619507,25.335403726708076,-0.06620649248361588,0.0,-0.007327414397150278,21.142460536956786,1.9996725797653199,0.0,0.008423746764310635,0.107666015625,9.717235779762268,-1.6880221664905548e-09,0.43291711807250977,0.0001331288343558282,-0.9195407032966614
274,1122304,722.3,1507.4,2.58,0.14,80,1.0,147,0.8299319727891157,160,132,13,7,8,0,0,117,-3.3700734870613074,25.675,-0.05123306065797806,0.0,-0.005341650918126106,21.17002935409546,1.9961197793483734,0.0,0.006884946778882295,0.09013671875,10.278345203399658,-1.6298145055770874e-09,0.4337546229362488,0.00013251533742331288,-0.9202690720558167
275,1126400,725.3,1377.2,2.83,0.15,80,1.0,310,0.8612903225806452,163,145,7,10,1,0,0,130,-3.4245864583707166,25.0,0.02160213328897953,0.0,-0.006502710562199354,16.847157764434815,1.9929108202457428,0.0,0.007985443573852535,0.107861328125,10.02531976699829,-1.6007106751203537e-09,0.46621173620224,0.00013190184049079756,-0.9212852120399475
276,1130496,727.9,1577.1,2.45,0.15,80,1.0,477,0.8616352201257862,167,144,10,11,2,0,0,119,-3.45082919006224,24.64071856287425,-0.013219962827861309,0.0,-0.004793211398646235,17.132988929748535,1.9889296174049378,0.0,0.005476801401528064,0.069482421875,10.468649315834046,-5.238689482212067e-10,0.4758463501930237,0.00013128834355828219,-0.9221527576446533
277,1134592,730.9,1376.3,2.83,0.15,80,1.0,126,0.8492063492063492,161,136,10,11,4,0,0,124,-3.406438842228196,25.434782608695652,-0.016599752008914948,0.0,-0.004170817462727428,19.658833456039428,1.9851322412490844,0.0,0.010158116799721029,0.13837890625,10.097498416900635,-1.1932570487260818e-09,0.4006670117378235,0.00013067484662576686,-0.9232342839241028
278,1138688,733.8,1411.3,2.76,0.14,80,1.0,291,0.8625429553264605,165,144,9,11,1,0,0,122,-3.391245287737427,24.8,0.014105081558227539,0.0,-0.0036335813347250223,16.21721167564392,1.9806264698505402,0.0,0.010735947292414495,0.14140625,8.745921969413757,-1.3387762010097504e-09,0.43057310581207275,0.00013006134969325152,-0.9243317246437073
279,1142784,736.6,1478.7,2.63,0.14,80,1.0,452,0.8584070796460177,161,137,12,7,5,0,0,116,-3.4013990085004577,25.31055900621118,-0.018022317439317703,0.0,-0.004099791357293725,19.571235036849977,1.9766321063041687,0.0,0.006983480522467289,0.093212890625,9.810619759559632,-2.5320332497358322e-09,0.3866541385650635,0.0001294478527607362,-0.9253444075584412
280,1146880,739.3,1506.7,2.57,0.15,80,1.0,101,0.8118811881188119,161,133,9,13,6,0,0,112,-3.3267790264598545,25.70186335403727,-0.06587056815624237,0.0,-0.006634022295475006,20.664249420166016,1.9727131009101868,0.0,0.007342892144515644,0.096923828125,10.822746729850769,0.0,0.41529953479766846,0.00012883435582822084,-0.9261157512664795
281,1150976,742.1,1444.9,2.69,0.15,80,1.0,266,0.8383458646616542,165,141,8,10,6,0,0,122,-3.330895820219604,25.024242424242424,-0.015349626541137695,0.0,-0.005174540355801583,18.86581153869629,1.9700628995895386,0.0,0.006599893109523691,0.082666015625,9.037428188323975,-4.94765117764473e-10,0.39097273349761963,0.00012822085889570552,-0.9267555475234985
282,1155072,744.8,1542.8,2.52,0.14,80,1.0,430,0.8465116279069768,164,141,11,11,1,0,0,124,-3.394857425346859,24.524390243902438,-0.0012783622369170189,0.0,-0.004676911327987909,17.592506980895998,1.9672479510307312,0.0,0.007837059865414631,0.106787109375,12.011754965782165,-1.4551915228366852e-10,0.4626709222793579,0.00012760736196319015,-0.9275843501091003
283,1159168,747.5,1505.0,2.57,0.15,80,1.0,86,0.8255813953488372,168,139,11,13,5,0,0,126,-3.5656865943894713,24.851190476190474,-0.02029355987906456,0.0,-0.005715008545666933,20.514195823669432,1.9644799709320069,0.0,0.008789689675904811,0.121728515625,10.834882187843323,-1.5133991837501526e-09,0.41604793071746826,0.00012699386503067483,-0.9280281662940979
284,1163264,750.3,1478.4,2.62,0.15,80,1.0,252,0.8333333333333334,166,139,11,10,6,0,0,123,-3.6639641072351585,24.69277108433735,-0.018599096685647964,0.0,-0.005829881690442562,20.498491287231445,1.9618448138237,0.0,0.008519017152138986,0.112744140625,10.496458578109742,1.7462298274040222e-10,0.40809041261672974,0.0001263803680981595,-0.9290840029716492
285,1167360,752.9,1549.1,2.49,0.15,80,1.0,415,0.8168674698795181,163,129,8,17,9,0,0,111,-3.518536634656989,24.742331288343557,-0.05361069738864899,0.0,-0.00858551189303398,21.326655912399293,1.9570807635784149,0.0,0.0076928119524382055,0.10068359375,10.50145344734192,-2.066371962428093e-09,0.41687679290771484,0.00012576687116564415,-0.9302151799201965
286,1171456,755.7,1462.9,2.65,0.15,80,1.0,65,0.8153846153846154,162,137,12,10,3,0,0,111,-3.4937866449355988,25.17283950617284,-0.032573945820331573,0.0,-0.005350190820172429,18.759120655059814,1.952882170677185,0.0,0.0081318014927092,0.106298828125,11.487487721443177,-1.57160684466362e-09,0.43137162923812866,0.00012515337423312883,-0.9313449859619141
287,1175552,758.7,1392.7,2.79,0.15,80,1.0,226,0.8097345132743363,161,130,16,13,2,0,0,109,-3.485249289612369,25.403726708074533,-0.056992437690496445,0.0,-0.004630531463772058,23.189251613616943,1.9482595324516296,0.0,0.006426989592728205,0.08056640625,11.408403587341308,-9.89530235528946e-10,0.39438968896865845,0.00012453987730061348,-0.9323930740356445
288,1179648,761.6,1418.0,2.74,0.15,80,1.0,398,0.8090452261306532,172,139,17,10,6,0,0,126,-3.6202973413446546,24.453488372093023,-0.0376126654446125,0.0,-0.007024886226281524,24.292456197738648,1.9440438866615295,0.0,0.008790744969155639,0.118798828125,11.654890727996825,-1.3969838619232178e-09,0.34951019287109375,0.00012392638036809816,-0.9336049556732178
289,1183744,764.3,1489.3,2.6,0.15,80,1.0,45,0.8666666666666667,159,133,11,13,2,0,0,119,-3.3131198817045453,25.547169811320753,-0.050976961851119995,0.0,-0.006610089028254151,19.311699676513673,1.938934600353241,0.0,0.006662052136380226,0.088037109375,11.166064715385437,-1.6880221664905548e-09,0.45682281255722046,0.0001233128834355828,-0.9348803758621216
290,1187840,767.1,1496.6,2.59,0.14,80,1.0,207,0.855072463768116,162,138,10,7,7,0,0,124,-3.5218481557485775,25.21604938271605,-0.004896142520010471,0.0,-0.0069515867158770565,18.101800155639648,1.9338448166847229,0.0,0.007024766434915364,0.094677734375,10.843812561035156,-1.8044374883174896e-09,0.4161604642868042,0.00012269938650306746,-0.9361118078231812
291,1191936,770.0,1423.7,2.73,0.15,80,1.0,373,0.8525469168900804,166,141,15,8,2,0,0,122,-3.435611932152142,24.765060240963855,0.008560612797737122,0.0,-0.0063260112889111045,19.361992263793944,1.9301972031593322,0.0,0.00658009645412676,0.084326171875,8.859701228141784,-6.693881005048752e-10,0.3571189045906067,0.00012208588957055212,-0.9365959167480469
292,1196032,772.5,1589.4,2.43,0.15,80,1.0,25,0.8,164,141,8,11,4,0,0,126,-3.5570204233862457,24.76829268292683,0.002102155238389969,0.0,-0.0052044052630662915,18.0748731136322,1.9286107301712037,0.0,0.008111499833466951,0.105810546875,8.424587082862853,-6.693881005048752e-10,0.3931441903114319,0.0001214723926380368,-0.9370203614234924
293,1200128,775.4,1448.4,2.68,0.15,80,1.0,188,0.851063829787234,163,140,9,14,0,0,0,122,-3.5465442550015944,24.96319018404908,0.006019863300025463,0.0,-0.003766234964132309,19.202277183532715,1.9260845005512237,0.0,0.008061714976793154,0.1052734375,9.975684332847596,-1.280568540096283e-09,0.3849649429321289,0.00012085889570552147,-0.9379410743713379
294,1204224,777.9,1624.0,2.38,0.14,80,1.0,352,0.84375,164,137,12,13,2,0,0,118,-3.5669517563990083,24.847560975609756,-0.033651988953351974,0.0,-0.0043520694598555565,19.86777982711792,1.9230836808681488,0.0,0.007167521832161583,0.096826171875,8.687391257286071,-5.529727786779404e-10,0.37674516439437866,0.00012024539877300612,-0.9382710456848145
295,1208320,780.6,1528.6,2.53,0.15,80,1.0,511,0.8454011741682974,159,135,13,8,3,0,0,122,-3.4936167454842018,25.9748427672956,-0.027586814016103745,0.0,-0.004937878809869289,18.552182292938234,1.921627503633499,0.0,0.00689422374998685,0.0880859375,9.493168926239013,-7.566995918750763e-10,0.4708220362663269,0.0001196319018404908,-0.9390155673027039
296,1212416,783.2,1571.4,2.46,0.15,80,1.0,165,0.8,166,133,10,16,7,0,0,118,-3.421019914558289,24.927710843373493,-0.038477204740047455,0.0,-0.006652849423699081,21.549592971801758,1.9180595815181731,0.0,0.006972647078509908,0.094091796875,9.226440382003783,-1.280568540096283e-09,0.37669306993484497,0.00011901840490797544,-0.9398056268692017
297,1216512,785.9,1525.9,2.54,0.15,80,1.0,326,0.8098159509202454,161,132,12,13,4,0,0,115,-3.4915081047949172,25.39751552795031,-0.04580426216125488,0.0,-0.007904570223763585,20.371867656707764,1.9144642889499663,0.0,0.007949772528081666,0.106689453125,10.631121826171874,-1.3096723705530167e-09,0.4074910879135132,0.00011840490797546012,-0.9410216808319092
298,1220608,788.4,1615.9,2.39,0.15,80,1.0,485,0.822680412371134,159,135,8,13,3,0,0,120,-3.660621817165751,25.61635220125786,0.007863793522119522,0.0,-0.008115427708253265,18.36322464942932,1.9094034135341644,0.0,0.00819746075430885,0.110400390625,8.834118723869324,-1.2223608791828156e-09,0.37821072340011597,0.00011779141104294476,-0.9421505928039551
299,1224704,791.1,1535.3,2.52,0.15,80,1.0,134,0.8582089552238806,161,141,7,11,2,0,0,123,-3.4096891680959103,25.77639751552795,-0.006450071930885315,0.0,-0.004630123171955347,16.727551889419555,1.9053719818592072,0.0,0.006630297243827954,0.08447265625,10.024303030967712,-6.402842700481415e-10,0.43975913524627686,0.00011717791411042943,-0.9430752992630005
300,1228800,793.7,1605.4,2.4,0.15,80,1.0,301,0.8571428571428571,167,143,7,9,8,0,0,127,-3.5114740487212943,24.269461077844312,0.024691317230463028,0.0,-0.007310589402914047,16.96974358558655,1.9020108103752136,0.0,0.009918940138595645,0.138720703125,9.689241218566895,-2.0372681319713593e-10,0.45932328701019287,0.00011656441717791411,-0.9437582492828369
301,1232896,796.5,1427.7,2.72,0.15,80,1.0,470,0.8489361702127659,169,141,13,12,3,0,0,119,-3.609591290933905,24.467455621301774,-0.031390849500894547,0.0,-0.0038505310192704202,20.636603116989136,1.8994916200637817,0.0,0.006164876285765786,0.077197265625,11.998809814453125,-1.367880031466484e-09,0.3999354839324951,0.00011595092024539876,-0.9444770812988281
302,1236992,799.3,1508.9,2.57,0.15,80,1.0,112,0.8303571428571429,154,127,7,14,6,0,0,110,-3.455847635026681,26.051948051948052,-0.06520363688468933,0.0,-0.005294186528772116,20.267965364456177,1.8959932565689086,0.0,0.006852468698343728,0.08916015625,10.653646540641784,-1.1932570487260818e-09,0.39406198263168335,0.00011533742331288344,-0.9455315470695496
303,1241088,801.9,1526.2,2.53,0.15,80,1.0,265,0.8339622641509434,153,128,7,17,1,0,0,112,-3.346062931241735,26.575163398692812,-0.05666756629943848,0.0,-0.0053359873592853544,19.753832840919493,1.8913654685020447,0.0,0.009604050099733285,0.128662109375,11.185235595703125,-1.9208528101444244e-09,0.41046470403671265,0.00011472392638036808,-0.9466423392295837
304,1245184,804.7,1501.6,2.58,0.15,80,1.0,431,0.8306264501160093,166,137,16,7,6,0,0,121,-3.5612370257755948,25.14457831325301,-0.04387570172548294,0.0,-0.005301375174894929,19.514286231994628,1.8871943593025207,0.0,0.007496462787094061,0.0978515625,10.052133584022522,-1.1350493878126144e-09,0.44241344928741455,0.00011411042944785276,-0.9477176666259766
305,1249280,807.3,1579.7,2.44,0.15,80,1.0,83,0.8433734939759037,164,140,8,13,3,0,0,123,-3.691743448763572,24.9390243902439,0.004544807597994804,0.0,-0.005772384721785784,17.228153276443482,1.8829482614994049,0.0,0.007923041687172372,0.105517578125,9.64185631275177,-1.6589183360338211e-09,0.47463226318359375,0.00011349693251533741,-0.9487290978431702
306,1253376,809.7,1709.4,2.25,0.15,80,1.0,252,0.8373015873015873,169,141,10,13,5,0,0,121,-3.563548079510098,24.331360946745562,-0.010356315411627293,0.0,-0.00510269207879901,19.26969618797302,1.8792232513427733,0.0,0.008381130905763711,0.113623046875,9.140148138999939,-7.275957614183426e-10,0.4095972180366516,0.00011288343558282207,-0.9495257139205933
307,1257472,812.2,1612.4,2.4,0.14,80,1.0,417,0.8369304556354916,165,138,10,9,8,0,0,121,-3.4939093074563523,24.393939393939394,-0.02812839299440384,0.0,-0.005568397929891944,18.332020330429078,1.8756832838058473,0.0,0.006866492913104594,0.090234375,10.100520300865174,-1.6880221664905548e-09,0.45476770401000977,0.00011226993865030672,-0.9506686329841614
308,1261568,813.9,2478.4,1.53,0.12,80,1.0,67,0.8805970149253731,162,141,8,11,2,0,0,122,-3.6168352565725397,25.14814814814815,0.002862052759155631,0.0,-0.006181130558252335,17.646305799484253,1.8709345817565919,0.0,0.006754339061444625,0.088134765625,9.542491102218628,-1.979060471057892e-09,0.43354642391204834,0.0001116564417177914,-0.9517097473144531
309,1265664,816.2,1783.4,2.14,0.16,80,1.0,237,0.8818565400843882,170,150,10,8,2,0,0,136,-3.5424096101138587,24.576470588235296,0.04397929087281227,0.0,-0.0030545142013579606,15.857332134246827,1.8668332397937775,0.0,0.006888160700327717,0.089306640625,8.728094708919524,-5.820766091346741e-10,0.4562638998031616,0.00011104294478527608,-0.952935516834259
310,1269760,818.5,1787.6,2.14,0.15,80,1.0,403,0.8734491315136477,166,143,9,10,4,0,0,120,-3.5947855635119836,24.650602409638555,-0.006723329424858093,0.0,-0.004924470488913357,15.88290319442749,1.8612656474113465,0.0,0.009682464400248137,0.127392578125,9.831037425994873,-8.731149137020111e-11,0.5133568048477173,0.00011042944785276072,-0.9543735980987549
311,1273856,821.5,1380.1,2.82,0.14,80,1.0,61,0.9180327868852459,170,153,3,11,3,0,0,139,-3.4811533087351987,24.31764705882353,0.055286116898059845,0.0,-0.004331264365464449,11.96716811656952,1.8564462780952453,0.0,0.008781726750021335,0.11640625,9.388096642494201,-6.693881005048752e-10,0.517474353313446,0.0001098159509202454,-0.9552344679832458
312,1277952,824.1,1529.3,2.53,0.15,80,1.0,222,0.8828828828828829,161,140,8,9,4,0,0,114,-3.43867012356101,24.888198757763973,-0.005481370259076357,0.0,-0.004757077898830175,14.451659655570984,1.8534397959709168,0.0,0.00669688074849546,0.084716796875,9.17406451702118,-1.280568540096283e-09,0.5020121335983276,0.00010920245398773005,-0.9560084939002991
313,1282048,827.1,1376.0,2.83,0.14,80,1.0,383,0.856396866840731,161,132,8,17,4,0,0,115,-3.3736585150239486,25.571428571428573,-0.03076814115047455,0.0,-0.00360943665727973,21.210838174819948,1.8497563779354096,0.0,0.0052705393609358,0.064599609375,11.173153758049011,-6.402842700481415e-10,0.4082961082458496,0.00010858895705521473,-0.9570707082748413
314,1286144,829.9,1457.2,2.66,0.15,80,1.0,31,0.8064516129032258,160,134,11,11,4,0,0,115,-3.513785601188893,25.83125,-0.025335103273391724,0.0,-0.004374567978084087,18.23104672431946,1.8457277417182922,0.0,0.007612273551058024,0.10380859375,9.644114708900451,-5.529727786779404e-10,0.43844640254974365,0.00010797546012269936,-0.9578914046287537
315,1290240,833.0,1348.6,2.89,0.15,80,1.0,191,0.837696335078534,160,135,7,15,3,0,0,119,-3.3380024836358224,25.38125,-0.011308139190077782,0.0,-0.007326914276927709,17.919440364837648,1.842726570367813,0.0,0.009128518246870953,0.126123046875,9.048439574241637,-1.7171259969472885e-09,0.45307791233062744,0.00010736196319018404,-0.9587121605873108
316,1294336,835.8,1471.9,2.63,0.15,80,1.0,353,0.8696883852691218,162,147,4,10,1,0,0,133,-3.39736144021775,25.364197530864196,0.06307895481586456,0.0,-0.004551131837069988,13.0989004611969,1.8392508447170257,0.0,0.00625107744417619,0.0798828125,9.96246271133423,-5.820766091346741e-10,0.46289581060409546,0.00010674846625766872,-0.9595869779586792
317,1298432,838.5,1483.3,2.62,0.14,80,1.0,3,0.6666666666666666,162,136,10,14,2,0,0,121,-3.398939620866583,25.537037037037038,-0.01445943396538496,0.0,-0.005522813089191914,19.67863721847534,1.8350234568119048,0.0,0.007953856482345145,0.108154296875,10.160200190544128,0.0,0.38875633478164673,0.00010613496932515336,-0.9609372019767761
318,1302528,841.2,1516.3,2.55,0.15,80,1.0,163,0.8466257668711656,160,136,9,12,3,0,0,116,-3.4809637937212368,25.0375,0.011230019852519035,0.0,-0.0028988800011575224,17.41634883880615,1.8299875259399414,0.0,0.006635618812288158,0.086865234375,9.88547511100769,-1.6880221664905548e-09,0.4231012463569641,0.00010552147239263804,-0.9618074297904968
319,1306624,843.9,1541.7,2.51,0.15,80,1.0,326,0.8404907975460123,163,136,9,15,3,0,0,124,-3.4147087559378777,25.32515337423313,-0.01877344399690628,0.0,-0.005471133440732956,19.175854301452638,1.8277281522750854,0.0,0.006252812217280734,0.075732421875,11.692036151885986,-7.566995918750763e-10,0.4111449718475342,0.00010490797546012269,-0.9622256755828857
320,1310720,846.7,1447.7,2.68,0.15,80,1.0,486,0.8518518518518519,160,140,8,9,3,0,0,121,-3.487543493843629,25.725,0.023332607001066208,0.0,-0.007755296304821968,15.678687953948975,1.8258975327014924,0.0,0.008424699955503457,0.113427734375,10.312484431266785,-1.3969838619232178e-09,0.4669910669326782,0.00010429447852760737,-0.962700366973877
321,1314816,849.7,1399.7,2.78,0.15,80,1.0,134,0.8582089552238806,160,134,15,7,4,0,0,116,-3.2818428567743223,25.5,-0.01443465892225504,0.0,-0.004477481776848436,18.259709644317628,1.8232596874237061,0.0,0.005547691728861537,0.0703125,10.39280366897583,-1.1059455573558807e-09,0.430020272731781,0.000103680981595092,-0.9637263417243958
322,1318912,852.5,1465.9,2.65,0.15,80,1.0,301,0.8571428571428571,167,143,8,12,4,0,0,118,-3.3940056388718824,24.4251497005988,0.0026659462600946426,0.0,-0.004399675596505404,17.98739004135132,1.818716859817505,0.0,0.007719983492279425,0.102978515625,10.87693920135498,-4.94765117764473e-10,0.3794708847999573,0.00010306748466257668,-0.9647478461265564
323,1323008,855.3,1461.6,2.65,0.15,80,1.0,463,0.8466522678185745,162,134,12,12,4,0,0,114,-3.3410431420062574,25.438271604938272,-0.02495965175330639,0.0,-0.0066945577505975965,19.623126316070557,1.8146390616893768,0.0,0.008531700815365185,0.116552734375,9.624218845367432,-1.4260876923799515e-09,0.4002907872200012,0.00010245398773006133,-0.9659031629562378
324,1327104,857.8,1630.8,2.37,0.14,80,1.0,112,0.8392857142857143,161,137,11,12,1,0,0,118,-3.366854306177568,25.4472049689441,-0.00036341557279229164,0.0,-0.006841232534497976,17.45602331161499,1.8103159964084625,0.0,0.008966357201279607,0.123583984375,9.873094081878662,-1.367880031466484e-09,0.40570276975631714,0.000101840490797546,-0.96684730052948
325,1331200,860.6,1483.0,2.61,0.15,80,1.0,270,0.8518518518518519,158,136,7,13,2,0,0,120,-3.3376128310668918,25.740506329113924,-0.014474576339125633,0.0,-0.004917932581156493,17.280859422683715,1.8066221535205842,0.0,0.005322264443384484,0.064208984375,10.573913550376892,-1.3387762010097504e-09,0.46285849809646606,0.00010122699386503068,-0.9677996635437012
326,1335296,863.5,1386.9,2.8,0.15,80,1.0,436,0.8669724770642202,166,148,2,14,2,0,0,132,-3.424896248859394,25.012048192771083,0.0571330264210701,0.0,-0.005897616874426604,13.404719114303589,1.8030500769615174,0.0,0.009110813160077669,0.11884765625,8.841470527648926,-8.149072527885437e-10,0.46867287158966064,0.00010061349693251533,-0.9685373902320862
327,1339392,866.2,1522.5,2.55,0.14,80,1.0,86,0.9418604651162791,162,149,5,6,2,0,0,138,-3.3897604978852294,25.074074074074073,0.06360098719596863,0.0,-0.007756080012768507,11.388644766807555,1.799865484237671,0.0,0.00809815019601956,0.11396484375,7.594142484664917,-1.3387762010097504e-09,0.5451814532279968,0.0001,-0.969526469707489
328,1343488,869.1,1417.6,2.74,0.15,80,1.0,241,0.9128630705394191,155,139,6,9,1,0,0,120,-3.473210235280852,26.148387096774194,0.03790558874607086,0.0,-0.004820914939045906,12.823387145996094,1.7954239666461944,0.0,0.006027003574126865,0.076953125,8.749377489089966,-8.149072527885437e-10,0.4752731919288635,9.938650306748464e-05,-0.9707286953926086
329,1347584,871.7,1554.0,2.48,0.15,80,1.0,401,0.9052369077306733,160,143,8,4,5,0,0,128,-3.3323306697949415,25.9,0.0390806645154953,0.0,-0.005375909758731723,13.503257942199706,1.7909366071224213,0.0,0.006598138411936816,0.082861328125,8.76239173412323,-2.1827872842550278e-09,0.49456971883773804,9.877300613496932e-05,-0.9716796278953552
330,1351680,874.0,1796.0,2.13,0.15,80,1.0,54,0.8333333333333334,165,129,12,18,6,0,0,112,-3.593618125586358,25.054545454545455,-0.050042446702718735,0.0,-0.005298456735908985,24.097413730621337,1.787860357761383,0.0,0.006208878569304943,0.07890625,13.450278949737548,-1.367880031466484e-09,0.31041526794433594,9.815950920245397e-05,-0.9722427129745483
331,1355776,876.5,1687.4,2.29,0.14,80,1.0,211,0.8341232227488151,157,131,10,12,4,0,0,120,-3.4789373065011238,25.662420382165607,-0.016716158017516136,0.0,-0.006225111894309521,19.34800844192505,1.7864343166351317,0.0,0.00646091034723213,0.08544921875,11.003858876228332,-3.2014213502407074e-10,0.39574843645095825,9.754601226993865e-05,-0.9723912477493286
332,1359872,878.6,1915.6,1.99,0.15,80,1.0,371,0.8301886792452831,160,132,9,16,3,0,0,116,-3.4966558494655224,26.275,-0.012999461963772774,0.0,-0.004437640123069286,21.815847826004028,1.7856364786624908,0.0,0.005453822713752743,0.0677734375,10.744839239120484,-2.0081643015146255e-09,0.3448135256767273,9.693251533742329e-05,-0.9727476835250854
333,1363968,880.9,1783.6,2.15,0.14,80,1.0,20,0.85,161,147,7,6,1,0,0,132,-3.452345798333437,24.84472049689441,0.053296755999326706,0.0,-0.0037313347216695546,13.982029294967651,1.783586758375168,0.0,0.004960661305813119,0.0578125,9.690493106842041,-1.367880031466484e-09,0.4425661563873291,9.631901840490797e-05,-0.9734309315681458
334,1368064,882.8,2129.7,1.77,0.15,80,1.0,181,0.8729281767955801,161,141,10,6,4,0,0,126,-3.511800306393852,25.627329192546583,0.028643224388360977,0.0,-0.0061021258123219015,15.94899778366089,1.780743545293808,0.0,0.006716480536852032,0.085009765625,9.852563405036927,-5.238689482212067e-10,0.4479418992996216,9.570552147239264e-05,-0.9741333723068237
335,1372160,885.1,1842.4,2.07,0.15,80,1.0,348,0.8563218390804598,167,140,9,12,6,0,0,121,-3.52831487125928,24.652694610778443,0.010426577180624008,0.0,-0.006211047992110252,19.47126450538635,1.777663266658783,0.0,0.0071787451975978914,0.095654296875,9.939421987533569,-2.3283064365386963e-10,0.3907642364501953,9.509202453987728e-05,-0.9749351739883423
336,1376256,887.4,1779.4,2.15,0.15,80,1.0,509,0.8644400785854617,161,142,7,6,6,0,0,127,-3.5067040047912292,25.22360248447205,0.040070995688438416,0.0,-0.007691818755120039,16.14419996738434,1.7743912756443023,0.0,0.007578472423483617,0.1046875,9.617081332206727,-1.4551915228366852e-09,0.39509057998657227,9.447852760736196e-05,-0.9758150577545166
337,1380352,889.9,1645.8,2.34,0.15,80,1.0,155,0.896774193548387,158,142,8,5,3,0,0,125,-3.4007518977460682,25.848101265822784,0.0498364195227623,0.0,-0.006787022482603789,13.343874645233154,1.7714106798171998,0.0,0.009862233842432034,0.138623046875,8.947922849655152,-8.731149137020111e-10,0.44051074981689453,9.386503067484661e-05,-0.9762353897094727
338,1384448,892.1,1870.9,2.04,0.15,80,1.0,319,0.8808777429467085,164,142,11,7,4,0,0,126,-3.505404651943162,24.98780487804878,0.02980249747633934,0.0,-0.005632841400802136,17.119190311431886,1.769855761528015,0.0,0.007046602973423433,0.09052734375,9.49035382270813,-2.270098775625229e-09,0.41271471977233887,9.325153374233129e-05,-0.976860761642456
339,1388544,894.4,1760.2,2.17,0.15,80,1.0,489,0.8650306748466258,170,142,8,12,8,0,0,128,-3.5214059051524265,24.405882352941177,0.005473541095852852,0.0,-0.008433172013610601,19.383557939529418,1.76723273396492,0.0,0.009042863953800407,0.126220703125,9.57497305870056,-1.8335413187742233e-09,0.4142744541168213,9.263803680981593e-05,-0.9773891568183899
340,1392640,896.7,1763.3,2.18,0.15,80,1.0,141,0.8794326241134752,164,144,8,10,2,0,0,127,-3.595173537080828,24.78048780487805,0.0386112779378891,0.0,-0.005046837870031596,15.251896381378174,1.765352863073349,0.0,0.00622609732527053,0.080615234375,10.305702805519104,-2.6193447411060333e-10,0.44645780324935913,9.20245398773006e-05,-0.9778369665145874
341,1396736,899.6,1439.7,2.7,0.14,80,1.0,312,0.8557692307692307,171,143,8,15,5,0,0,123,-3.529321368007646,23.935672514619885,0.010189080610871315,0.0,-0.0034894833341240885,18.544377660751344,1.7631064653396606,0.0,0.0053184987482381985,0.063330078125,9.536094069480896,-1.4842953532934189e-09,0.373479425907135,9.141104294478528e-05,-0.978591799736023
342,1400832,902.4,1432.2,2.71,0.15,80,1.0,476,0.865546218487395,164,145,8,7,4,0,0,133,-3.4833657794943322,24.884146341463413,0.05158188194036484,0.0,-0.005585861927829683,14.439851427078247,1.7597529590129852,0.0,0.007093975524185225,0.09501953125,9.04189374446869,-1.4551915228366852e-09,0.4586752653121948,9.079754601226993e-05,-0.9794158339500427
343,1404928,905.2,1472.1,2.63,0.15,80,1.0,134,0.8432835820895522,170,147,7,9,7,0,0,139,-3.481805028479587,24.68235294117647,0.033904965966939926,0.0,-0.008404390700161458,15.853779792785645,1.7559821367263795,0.0,0.00740415696054697,0.096533203125,9.480969905853271,-6.111804395914078e-10,0.4298948049545288,9.01840490797546e-05,-0.9806190729141235
344,1409024,907.8,1612.1,2.4,0.14,80,1.0,295,0.8610169491525423,161,141,4,12,4,0,0,125,-3.536312563092383,24.981366459627328,0.04056784138083458,0.0,-0.004285550815984607,15.019745349884033,1.7512411653995514,0.0,0.006731608844711445,0.08720703125,8.566204643249511,-1.4551915228366852e-09,0.41514110565185547,8.957055214723925e-05,-0.9816292524337769
345,1413120,910.8,1361.7,2.87,0.14,80,1.0,455,0.8637362637362638,160,139,7,9,5,0,0,128,-3.627357923249122,25.48125,0.02883891388773918,0.0,-0.0054410974960774185,15.646675777435302,1.7474708795547484,0.0,0.00695181631599553,0.093115234375,9.988774156570434,-1.4551915228366852e-10,0.4697161912918091,8.895705521472393e-05,-0.9825238585472107
346,1417216,913.4,1551.5,2.5,0.14,80,1.0,112,0.9017857142857143,169,151,7,6,5,0,0,128,-3.6000835609154893,24.05325443786982,0.08295845985412598,0.0,-0.004889982333406806,15.138223838806152,1.743820494413376,0.0,0.006126907505677082,0.079931640625,9.615205693244935,-1.6589183360338211e-09,0.39693135023117065,8.834355828220857e-05,-0.9835444688796997
347,1421312,916.0,1587.8,2.44,0.14,80,1.0,280,0.8892857142857142,168,148,8,8,4,0,0,137,-3.6312827753112566,24.523809523809526,0.06357678025960922,0.0,-0.006549220159649849,14.12118124961853,1.7398761332035064,0.0,0.007926735653018113,0.108447265625,7.528562903404236,-6.984919309616089e-10,0.46087944507598877,8.773006134969324e-05,-0.9843985438346863
348,1425408,918.5,1648.5,2.33,0.15,80,1.0,452,0.8738938053097345,172,146,6,12,8,0,0,132,-3.4961994575984847,24.075581395348838,0.04008536785840988,0.0,-0.006359507655724883,18.388182592391967,1.7363820791244506,0.0,0.007918643728771713,0.112841796875,8.647496402263641,-1.6589183360338211e-09,0.39595460891723633,8.71165644171779e-05,-0.9852757453918457
349,1429504,921.4,1427.8,2.72,0.15,80,1.0,102,0.9313725490196079,162,152,2,6,2,0,0,128,-3.5379700438789725,24.87037037037037,0.0749388262629509,0.0,-0.005047596246004105,11.258613348007202,1.7336932361125945,0.0,0.005901258082303684,0.07392578125,10.483820128440858,-2.473825588822365e-09,0.48084187507629395,8.650306748466257e-05,-0.9857250452041626
350,1433600,924.2,1449.1,2.68,0.15,80,1.0,277,0.8772563176895307,175,148,11,11,5,0,0,138,-3.6460983775986833,23.88,0.05256490036845207,0.0,-0.006305132014676929,18.849935865402223,1.7322362959384918,0.0,0.007787516989628785,0.105859375,11.161695575714111,-2.0954757928848267e-09,0.4256998300552368,8.588957055214725e-05,-0.9861156940460205
351,1437696,927.2,1368.3,2.84,0.15,80,1.0,440,0.8704545454545455,163,140,10,8,5,0,0,131,-3.5786765316466798,24.96319018404908,0.014301341958343983,0.0,-0.006446694443002343,16.165163707733154,1.730413281917572,0.0,0.007503801485290751,0.103076171875,10.749296927452088,-2.35741026699543e-09,0.475511372089386,8.527607361963189e-05,-0.9865195751190186
352,1441792,930.1,1418.8,2.74,0.15,80,1.0,97,0.8969072164948454,169,146,6,12,5,0,0,133,-3.6072681502806354,24.42603550295858,0.04581967368721962,0.0,-0.007222240976989269,19.35877456665039,1.728874808549881,0.0,0.006622333072300535,0.0876953125,11.128551292419434,-1.5133991837501526e-09,0.31109970808029175,8.466257668711657e-05,-0.9869731664657593
353,1445888,933.0,1423.6,2.73,0.15,80,1.0,268,0.9067164179104478,171,156,2,10,3,0,0,141,-3.5791876548100015,24.15204678362573,0.10163864493370056,0.0,-0.005382780870422721,12.161371660232543,1.7264856815338134,0.0,0.006376217199431267,0.08310546875,9.487342834472656,-7.566995918750763e-10,0.48487699031829834,8.40490797546012e-05,-0.9877756834030151
354,1449984,935.7,1490.9,2.6,0.15,80,1.0,434,0.8755760368663594,166,137,12,12,5,0,0,119,-3.559502345605735,24.210843373493976,-0.0024766125716269016,0.0,-0.005099189653992653,19.26354088783264,1.7235062658786773,0.0,0.0068547653820132835,0.090234375,11.732501339912414,-1.280568540096283e-09,0.4146631956100464,8.343558282208588e-05,-0.9882767200469971
355,1454080,938.3,1570.2,2.46,0.15,80,1.0,89,0.8876404494382022,167,149,10,8,0,0,0,137,-3.5182908416673824,24.233532934131738,0.06634021550416946,0.0,-0.007485972857102752,14.432545518875122,1.7219800412654878,0.0,0.007475613139104098,0.099072265625,9.944801473617554,7.275957614183426e-10,0.4927677512168884,8.282208588957054e-05,-0.9886554479598999
356,1458176,941.2,1432.2,2.71,0.15,80,1.0,260,0.85,171,142,16,9,4,0,0,127,-3.642511131543093,24.169590643274855,0.01753888837993145,0.0,-0.004693075106479228,20.876622438430786,1.7199285984039308,0.0,0.005328287910379004,0.065771484375,12.316876554489136,-1.6007106751203537e-09,0.3647937774658203,8.220858895705521e-05,-0.9893805980682373
357,1462272,944.0,1464.4,2.65,0.15,80,1.0,429,0.8554778554778555,169,146,4,17,2,0,0,131,-3.537358599661222,24.485207100591715,0.04684911668300629,0.0,-0.005446900986135006,16.26953520774841,1.7168000638484955,0.0,0.006924692592292558,0.089990234375,9.325624442100525,-1.6298145055770874e-09,0.4046741724014282,8.159509202453985e-05,-0.9900432229042053
358,1466368,947.0,1377.1,2.82,0.15,80,1.0,87,0.9195402298850575,170,155,5,3,7,0,0,140,-3.778039142058279,24.1,0.0953068882226944,0.0,-0.006559369247406721,13.083717012405396,1.7146148383617401,0.0,0.00671889945078874,0.086474609375,9.769366359710693,-6.693881005048752e-10,0.43327200412750244,8.098159509202453e-05,-0.9905550479888916
359,1470464,949.9,1404.8,2.77,0.14,80,1.0,251,0.8924302788844621,164,144,1,14,5,0,0,133,-3.652385927332028,24.8109756097561,0.06598778814077377,0.0,-0.005676968768239021,14.212034916877746,1.7126698553562165,0.0,0.007398071764328051,0.096435546875,8.351230239868164,-1.2514647096395493e-09,0.4098062515258789,8.036809815950921e-05,-0.9910203814506531
360,1474560,952.7,1475.8,2.63,0.15,80,1.0,416,0.8846153846153846,165,144,6,11,4,0,0,133,-3.5780169468801706,24.715151515151515,0.050092194229364395,0.0,-0.00587418070062995,14.78656108379364,1.7103637039661408,0.0,0.006679259591328446,0.088427734375,9.881240916252136,-1.6298145055770874e-09,0.4558207392692566,7.975460122699386e-05,-0.9917300343513489
361,1478656,955.2,1622.2,2.38,0.15,80,1.0,73,0.9041095890410958,169,154,2,10,3,0,0,142,-3.6544965887352507,24.27810650887574,0.09083697199821472,0.0,-0.007646933989599347,11.671871757507324,1.7073238849639893,0.0,0.007535609300248325,0.104052734375,8.234931063652038,-1.4260876923799515e-09,0.49293994903564453,7.914110429447852e-05,-0.9925719499588013
362,1482752,958.1,1413.3,2.75,0.15,80,1.0,236,0.8940677966101694,163,145,7,8,3,0,0,130,-3.4312191016149485,25.20245398773006,0.050826296210289,0.0,-0.0050396145787090065,14.439487481117249,1.703872400522232,0.0,0.0063314078055555,0.08310546875,7.884834337234497,-1.9208528101444244e-09,0.43297284841537476,7.852760736196317e-05,-0.9934065937995911
363,1486848,960.4,1764.8,2.17,0.15,80,1.0,401,0.9102244389027432,165,154,4,5,2,0,0,135,-3.490634746183155,24.73939393939394,0.10579615086317062,0.0,-0.00704237325116992,10.587308096885682,1.7003624856472015,0.0,0.007697920607461129,0.10107421875,9.073261070251466,-1.280568540096283e-09,0.4736422896385193,7.791411042944785e-05,-0.9943040609359741
364,1490944,963.0,1584.9,2.43,0.15,80,1.0,58,0.896551724137931,169,150,7,6,6,0,0,141,-3.4721803871032444,24.14792899408284,0.06978870928287506,0.0,-0.0066351968795061115,15.504712438583374,1.6976730883121491,0.0,0.007419225529883988,0.101025390625,8.974012303352357,-1.2514647096395493e-09,0.4123739004135132,7.730061349693249e-05,-0.9946668744087219
365,1495040,965.7,1545.8,2.5,0.15,80,1.0,228,0.868421052631579,170,146,6,12,6,0,0,132,-3.6469009587414183,24.194117647058825,0.053533054888248444,0.0,-0.004994694143533707,17.024302625656127,1.696009063720703,0.0,0.0076354918826837094,0.100732421875,9.47584102153778,-1.5133991837501526e-09,0.369981586933136,7.668711656441717e-05,-0.995309591293335
366,1499136,968.4,1497.0,2.59,0.15,80,1.0,395,0.8784810126582279,167,149,7,8,3,0,0,135,-3.507700314151149,24.580838323353294,0.07514072954654694,0.0,-0.006031086225993932,13.360963296890258,1.6934790432453155,0.0,0.006288844859227538,0.082470703125,9.092537343502045,-1.8335413187742233e-09,0.45994699001312256,7.607361963190185e-05,-0.9958404302597046
367,1503232,971.2,1497.2,2.59,0.14,80,1.0,49,0.8571428571428571,166,146,10,7,3,0,0,125,-3.542251449211245,24.951807228915662,0.05251543968915939,0.0,-0.007260686391964555,15.163037133216857,1.6913714289665223,0.0,0.006425879201560747,0.081494140625,9.267686939239502,-1.8044374883174896e-09,0.4455239772796631,7.54601226993865e-05,-0.9964301586151123
368,1507328,973.6,1712.1,2.24,0.15,80,1.0,215,0.8790697674418605,166,147,4,10,5,0,0,132,-3.653238223401107,24.271084337349397,0.09640035033226013,0.0,-0.006391633162274956,13.48844108581543,1.6888862669467926,0.0,0.007683839289529715,0.099462890625,8.996807646751403,-1.4260876923799515e-09,0.4525887966156006,7.484662576687118e-05,-0.9970213174819946
369,1511424,976.1,1618.5,2.38,0.15,80,1.0,381,0.868766404199475,166,142,7,12,5,0,0,135,-3.7569065808514837,24.518072289156628,0.04946236312389374,0.0,-0.006334921810775995,17.48158469200134,1.6863989353179931,0.0,0.006807929002388846,0.089306640625,9.396757507324219,-1.8917489796876907e-09,0.38693392276763916,7.423312883435581e-05,-0.9976944923400879
370,1515520,978.8,1532.4,2.52,0.15,80,1.0,39,0.8717948717948718,170,152,10,5,3,0,0,137,-3.6593828390521765,24.58235294117647,0.08902089297771454,0.0,-0.006416159821674228,13.78866686820984,1.6833321511745454,0.0,0.006179745127155911,0.0765625,8.799769163131714,-2.240994945168495e-09,0.4454153776168823,7.361963190184049e-05,-0.9986404180526733
371,1519616,981.0,1889.7,2.02,0.15,80,1.0,204,0.8774509803921569,165,145,3,15,2,0,0,129,-3.6547413914356466,24.812121212121212,0.06940598785877228,0.0,-0.004868710087612272,15.237478065490723,1.6798488974571228,0.0,0.005272406087897252,0.0671875,10.02103316783905,-3.4924596548080444e-10,0.41269898414611816,7.300613496932513e-05,-0.9992502331733704
372,1523712,983.5,1589.3,2.43,0.15,80,1.0,362,0.8729281767955801,158,137,6,13,2,0,0,122,-3.535243167724992,25.759493670886076,0.03936880826950073,0.0,-0.0036426246166229247,14.37004656791687,1.6776699244976043,0.0,0.00581624502374325,0.069775390625,9.082178974151612,-7.8580342233181e-10,0.45727676153182983,7.239263803680981e-05,-0.9999032616615295
373,1527808,986.5,1365.8,2.85,0.15,80,1.0,19,1.0,169,152,9,5,3,0,0,133,-3.5781792881209835,24.254437869822485,0.08983103185892105,0.0,-0.005024007800966501,13.5414484500885,1.6741044580936433,0.0,0.005983617051970214,0.074462890625,8.712252736091614,-1.6880221664905548e-09,0.4266788959503174,7.177914110429446e-05,-1.001006841659546
374,1531904,989.4,1432.5,2.71,0.15,80,1.0,184,0.8695652173913043,165,141,7,14,3,0,0,130,-3.6636093281058946,24.654545454545456,0.04703075811266899,0.0,-0.005979095119982958,17.148095846176147,1.6701043903827668,0.0,0.008203947746369521,0.1138671875,9.014603853225708,-7.566995918750763e-10,0.40986472368240356,7.116564417177914e-05,-1.0017836093902588
375,1536000,992.3,1428.1,2.73,0.14,80,1.0,349,0.8681948424068768,165,143,8,11,3,0,0,127,-3.6724952186372817,24.824242424242424,0.05733540654182434,0.0,-0.004726728238165378,16.093417119979858,1.667430728673935,0.0,0.007326936328900047,0.091845703125,9.641886806488037,-6.693881005048752e-10,0.41577619314193726,7.055214723926382e-05,-1.0024046897888184
376,1540096,995.1,1439.7,2.7,0.15,80,1.0,3,1.0,166,141,8,10,7,0,0,126,-3.444275969711631,25.00602409638554,0.02474052459001541,0.0,-0.0068846214562654495,16.638639211654663,1.6651286602020263,0.0,0.007783869985723868,0.106396484375,10.232781147956848,-5.820766091346741e-11,0.43629878759384155,6.993865030674845e-05,-1.0029391050338745
377,1544192,997.9,1474.6,2.63,0.14,80,1.0,165,0.9151515151515152,162,148,5,4,5,0,0,129,-3.7544204328962603,24.709876543209877,0.08750531077384949,0.0,-0.006881733052432537,12.109842109680176,1.6627347469329834,0.0,0.005976599617861211,0.07861328125,9.45450942516327,-1.7462298274040222e-09,0.48805803060531616,6.932515337423313e-05,-1.0036749839782715
378,1548288,1000.7,1449.8,2.68,0.15,80,1.0,334,0.8862275449101796,169,145,9,12,3,0,0,135,-3.6646456311840256,25.01775147928994,0.06213583052158356,0.0,-0.004074918804690242,17.235655641555788,1.6597629964351654,0.0,0.004084502480691299,0.042626953125,11.583075141906738,-2.3865140974521637e-09,0.40764445066452026,6.871165644171778e-05,-1.004279613494873
379,1552384,1003.2,1692.4,2.27,0.15,80,1.0,497,0.8913480885311871,163,147,4,9,3,0,0,128,-3.4877745463929393,24.595092024539877,0.08378754556179047,0.0,-0.008081968128681182,12.827003908157348,1.6577862918376922,0.0,0.00642778861511033,0.082568359375,8.046824765205383,-1.3096723705530167e-09,0.4466003179550171,6.809815950920246e-05,-1.00473153591156
380,1556480,1006.3,1330.6,2.93,0.15,80,1.0,153,0.9019607843137255,168,152,5,9,2,0,0,134,-3.7353679545069447,24.55952380952381,0.0958075299859047,0.0,-0.005429031513631344,13.222852754592896,1.6560295879840852,0.0,0.008415202534524723,0.116064453125,7.735648512840271,-1.3969838619232178e-09,0.4020792841911316,6.74846625766871e-05,-1.0051324367523193
381,1560576,1009.0,1515.7,2.55,0.15,80,1.0,318,0.889937106918239,165,145,5,11,4,0,0,128,-3.6354064883272335,24.745454545454546,0.0679476410150528,0.0,-0.004939386248588562,15.566281700134278,1.6542758166790008,0.0,0.006397824556916021,0.07978515625,9.744124627113342,-4.94765117764473e-10,0.40492749214172363,6.687116564417178e-05,-1.0056418180465698
382,1564672,1011.5,1623.2,2.37,0.15,80,1.0,486,0.8827160493827161,168,146,4,14,4,0,0,137,-3.7343213466299487,24.196428571428573,0.08021626621484756,0.0,-0.007486030552536249,15.71536726951599,1.6520344614982605,0.0,0.006503641013114248,0.0869140625,8.530831146240235,7.275957614183426e-10,0.4274214506149292,6.625766871165641e-05,-1.006290316581726
383,1568768,1014.1,1573.5,2.45,0.15,80,1.0,142,0.9084507042253521,168,153,5,7,3,0,0,139,-3.7068709999040346,24.470238095238095,0.12412140518426895,0.0,-0.006000945856794715,12.217176723480225,1.6494280457496644,0.0,0.006311682914383709,0.08359375,9.029595267772674,-9.89530235528946e-10,0.44867056608200073,6.564417177914109e-05,-1.0068626403808594
384,1572864,1016.7,1549.7,2.5,0.14,80,1.0,313,0.9041533546325878,171,154,5,9,3,0,0,138,-3.578036447170007,24.058479532163744,0.08122093975543976,0.0,-0.006465710094198584,13.39187445640564,1.6471197247505187,0.0,0.007797503820620477,0.105908203125,8.200272154808044,-1.862645149230957e-09,0.44636374711990356,6.503067484662577e-05,-1.007556676864624
385,1576960,1019.4,1531.7,2.52,0.15,80,1.0,481,0.896049896049896,168,148,7,11,2,0,0,130,-3.6304060990476645,24.672619047619047,0.0675518810749054,0.0,-0.005982038844376802,15.067913293838501,1.6440669476985932,0.0,0.0065578814785112625,0.086572265625,8.630315899848938,-1.6298145055770874e-09,0.42814379930496216,6.441717791411042e-05,-1.008324384689331
386,1581056,1022.0,1609.4,2.4,0.14,80,1.0,133,0.8721804511278195,164,142,5,13,4,0,0,123,-3.611160268541135,24.670731707317074,0.05833941325545311,0.0,-0.006006889604032039,14.624323797225951,1.641546940803528,0.0,0.006392354422132485,0.081787109375,9.581708467006683,-8.440110832452774e-10,0.4521700143814087,6.38036809815951e-05,-1.0087047815322876
387,1585152,1024.3,1762.2,2.17,0.15,80,1.0,297,0.8787878787878788,164,145,5,12,2,0,0,123,-3.5117827112816475,25.073170731707318,0.060071349143981934,0.0,-0.005663497326895595,14.941310811042786,1.6402213454246521,0.0,0.0066455729742301625,0.08779296875,8.535846972465515,2.6193447411060333e-10,0.42381489276885986,6.319018404907974e-05,-1.0091423988342285
388,1589248,1027.0,1551.3,2.49,0.15,80,1.0,461,0.8806941431670282,164,145,6,11,2,0,0,129,-3.604612523327113,25.329268292682926,0.07581916451454163,0.0,-0.006009234674274921,14.728612089157105,1.6385981500148774,0.0,0.006807090943038929,0.08779296875,10.62881977558136,1.4551915228366852e-10,0.4145107865333557,6.257668711656442e-05,-1.0093872547149658
389,1593344,1029.7,1466.6,2.64,0.15,80,1.0,113,0.8849557522123894,164,148,6,9,1,0,0,134,-3.5052810821847724,24.335365853658537,0.09817862510681152,0.0,-0.004804408643394709,13.592512559890746,1.6378362774848938,0.0,0.005302264682541136,0.063916015625,9.505476808547973,-2.444721758365631e-09,0.41882115602493286,6.196319018404905e-05,-1.009608268737793
390,1597440,1032.4,1548.2,2.5,0.14,80,1.0,281,0.8825622775800712,168,148,5,13,2,0,0,143,-3.7163508637209235,24.648809523809526,0.07024313509464264,0.0,-0.00590476356446743,15.109328126907348,1.636757230758667,0.0,0.006067504576640204,0.077099609375,8.41915729045868,-4.656612873077393e-10,0.47465193271636963,6.134969325153373e-05,-1.0099067687988281
391,1601536,1035.2,1460.0,2.66,0.14,80,1.0,442,0.8755656108597285,161,139,7,12,3,0,0,123,-3.6500905645250055,25.391304347826086,0.038219332695007324,0.0,-0.006969907414168119,14.314753007888793,1.6353506445884705,0.0,0.006439760277862661,0.087451171875,9.783420610427857,-6.693881005048752e-10,0.4915800094604492,6.073619631901842e-05,-1.0103256702423096
392,1605632,1038.2,1376.8,2.83,0.15,80,1.0,92,0.9239130434782609,162,144,6,10,2,0,0,125,-3.4091438059939563,24.895061728395063,0.06970968842506409,0.0,-0.00532166596967727,13.784695720672607,1.633517223596573,0.0,0.005622925811621826,0.071142578125,10.145366859436034,-1.6007106751203537e-09,0.46570634841918945,6.012269938650306e-05,-1.0108312368392944
393,1609728,1041.0,1470.1,2.64,0.15,80,1.0,259,0.9034749034749034,167,149,3,14,1,0,0,125,-3.6193832364036727,24.64071856287425,0.07916170358657837,0.0,-0.005059859249740839,14.793525886535644,1.6313952386379242,0.0,0.005775182717479765,0.072265625,9.088362526893615,-8.731149137020111e-10,0.37387317419052124,5.950920245398773e-05,-1.0114251375198364
394,1613824,1043.8,1471.7,2.63,0.15,80,1.0,426,0.9061032863849765,167,152,4,10,1,0,0,137,-3.66272208397468,25.01197604790419,0.1132771447300911,0.0,-0.004612779337912798,11.79387276172638,1.6293489992618562,0.0,0.006261038190859836,0.082568359375,10.900915241241455,-5.820766091346741e-10,0.49812376499176025,5.889570552147238e-05,-1.01171875
395,1617920,1046.7,1416.4,2.75,0.14,80,1.0,75,0.7866666666666666,161,138,7,13,3,0,0,119,-3.4968802517169206,25.074534161490682,0.05748787522315979,0.0,-0.0028340034186840057,16.99381003379822,1.6284511983394623,0.0,0.006263778457650915,0.082373046875,10.981432127952576,-7.8580342233181e-10,0.38617491722106934,5.8282208588957056e-05,-1.0120099782943726
396,1622016,1049.4,1477.5,2.63,0.14,80,1.0,242,0.871900826446281,167,152,5,7,3,0,0,142,-3.6938184726516248,24.437125748502993,0.13051149249076843,0.0,-0.0048162965569645165,11.306970453262329,1.627019029855728,0.0,0.007052129319345113,0.09033203125,9.010432600975037,-2.153683453798294e-09,0.48705214262008667,5.76687116564417e-05,-1.012357473373413
397,1626112,1052.0,1583.3,2.44,0.15,80,1.0,407,0.8820638820638821,165,148,6,9,2,0,0,134,-3.454339006365759,25.042424242424243,0.08364154398441315,0.0,-0.0077010973822325465,12.368549585342407,1.6255043506622315,0.0,0.006769033252203372,0.0900390625,6.871856200695038,-1.2514647096395493e-09,0.44641244411468506,5.705521472392638e-05,-1.0128095149993896
398,1630208,1054.8,1489.2,2.6,0.15,80,1.0,61,0.8852459016393442,166,148,4,11,3,0,0,134,-3.7579575681391075,24.55421686746988,0.09074833244085312,0.0,-0.005378181487321854,12.887351322174073,1.623984259366989,0.0,0.005358270926808473,0.066796875,9.451938891410828,-1.367880031466484e-09,0.4835008978843689,5.644171779141102e-05,-1.0130414962768555
399,1634304,1057.8,1366.1,2.85,0.15,80,1.0,228,0.8552631578947368,167,141,6,15,5,0,0,131,-3.4971768437554247,24.562874251497007,0.038142941892147064,0.0,-0.0055176448076963425,18.941954565048217,1.6230836272239686,0.0,0.007227517379214987,0.09560546875,11.793366265296935,-2.0081643015146255e-09,0.3728344440460205,5.58282208588957e-05,-1.0133230686187744
400,1638400,1060.3,1610.7,2.39,0.15,80,1.0,391,0.8542199488491049,163,139,6,16,2,0,0,130,-3.577355463986772,25.141104294478527,0.05224214494228363,0.0,-0.005935410410165787,18.09847421646118,1.6216571807861329,0.0,0.0049063201979151925,0.06005859375,8.878334641456604,-1.1059455573558807e-09,0.336325466632843,5.521472392638038e-05,-1.0137790441513062
401,1642496,1063.2,1462.9,2.65,0.15,80,1.0,51,0.8627450980392157,172,145,9,18,0,0,0,131,-3.731004359672178,24.1453488372093,0.07392653822898865,0.0,-0.007491126842796803,17.387827682495118,1.6199948191642761,0.0,0.006049831658310722,0.075732421875,8.950093722343444,2.0372681319713593e-10,0.424953818321228,5.4601226993865024e-05,-1.014054775238037
402,1646592,1065.8,1537.5,2.51,0.15,80,1.0,213,0.8826291079812206,162,144,6,11,1,0,0,131,-3.5232691269806673,25.166666666666668,0.07092830538749695,0.0,-0.005092007806524634,13.668866062164307,1.6189822614192964,0.0,0.0055423800760763696,0.07060546875,9.730898833274841,-2.0954757928848267e-09,0.4944826364517212,5.39877300613497e-05,-1.0143988132476807
403,1650688,1067.7,2209.3,1.75,0.1,80,1.0,379,0.899736147757256,166,153,3,7,3,0,0,140,-3.686762269739687,24.542168674698797,0.10152454674243927,0.0,-0.00507422280497849,11.353282737731934,1.6173754036426544,0.0,0.005398473631066736,0.07060546875,9.159825992584228,-1.8044374883174896e-09,0.4790363907814026,5.337423312883434e-05,-1.0147533416748047
404,1654784,1070.4,1510.5,2.56,0.15,80,1.0,31,0.9032258064516129,164,147,7,9,1,0,0,127,-3.4338334956340915,24.99390243902439,0.08170066773891449,0.0,-0.004133134335279465,13.66281898021698,1.6161855518817902,0.0,0.005356832432153169,0.06826171875,9.476237392425537,-9.89530235528946e-10,0.4418112635612488,5.276073619631902e-05,-1.0150516033172607
405,1658880,1072.8,1738.0,2.21,0.15,80,1.0,185,0.8864864864864865,154,136,6,10,2,0,0,118,-3.3880480479362176,25.954545454545453,0.05140475928783417,0.0,-0.006425728695467115,14.875678300857544,1.6147511184215546,0.0,0.008248673687921837,0.109521484375,10.305306839942933,-1.0186340659856796e-09,0.3953258991241455,5.214723926380366e-05,-1.0154950618743896
406,1662976,1075.5,1488.8,2.61,0.14,80,1.0,352,0.8806818181818182,167,146,9,7,5,0,0,123,-3.5808166852842573,25.24550898203593,0.0795147716999054,0.0,-0.006223319750279188,15.58847451210022,1.6129950523376464,0.0,0.0068818643325357694,0.09052734375,8.831444334983825,-5.820766091346741e-10,0.39108729362487793,5.153374233128834e-05,-1.015863299369812
407,1667072,1078.2,1522.5,2.54,0.15,80,1.0,0,,160,138,9,10,3,0,0,125,-3.4154591202657287,24.9625,0.04378810524940491,0.0,-0.006887194840237499,15.18834867477417,1.6116946637630463,0.0,0.005574218594119884,0.071728515625,10.548001861572265,-2.5320332497358322e-09,0.4532267451286316,5.0920245398772985e-05,-1.0161805152893066
408,1671168,1081.0,1463.2,2.65,0.15,80,1.0,169,0.8875739644970414,169,150,6,12,1,0,0,129,-3.5578769367144076,24.485207100591715,0.1008245199918747,0.0,-0.004187263641506433,13.057574462890624,1.610367327928543,0.0,0.004587703131255694,0.05400390625,9.19148063659668,-6.984919309616089e-10,0.4684497117996216,5.030674846625766e-05,-1.0165406465530396
409,1675264,1083.5,1636.1,2.36,0.15,80,1.0,334,0.9131736526946108,165,155,4,4,2,0,0,132,-3.368118307771004,25.145454545454545,0.12394623458385468,0.0,-0.005443636979907751,10.743943309783935,1.6086830735206603,0.0,0.006012560888484586,0.075439453125,8.747067403793334,-1.076841726899147e-09,0.4719393253326416,4.969325153374234e-05,-1.01704740524292
410,1679360,1086.2,1521.5,2.54,0.15,80,1.0,492,0.9126016260162602,158,144,8,5,1,0,0,130,-3.666537057405029,25.411392405063292,0.08007454872131348,0.0,-0.004547574184834957,13.923735809326171,1.6066986083984376,0.0,0.00597881909343414,0.078564453125,8.533965873718262,-2.0081643015146255e-09,0.4444679617881775,4.9079754601226986e-05,-1.0174651145935059
411,1683456,1089.0,1505.6,2.58,0.14,80,1.0,142,0.8098591549295775,162,132,9,18,3,0,0,113,-3.470980510962106,25.296296296296298,0.022088555619120598,0.0,-0.0047789100557565686,20.967206954956055,1.6051636040210724,0.0,0.006666900249547325,0.08701171875,13.32564914226532,-5.238689482212067e-10,0.34949392080307007,4.8466257668711664e-05,-1.0178477764129639
412,1687552,1092.0,1357.0,2.88,0.14,80,1.0,312,0.8653846153846154,170,155,6,7,2,0,0,135,-3.451009056425748,24.7,0.1387629359960556,0.0,-0.005077561363577843,12.408539605140685,1.603490799665451,0.0,0.005092763349239249,0.063427734375,10.621868419647218,-3.2014213502407074e-10,0.45258432626724243,4.78527607361963e-05,-1.0183167457580566
413,1691648,1094.8,1474.6,2.63,0.15,80,1.0,469,0.8571428571428571,157,132,12,10,3,0,0,109,-3.535157822122758,25.681528662420384,0.02388668991625309,0.0,-0.0022802118677645923,18.263299560546876,1.601812380552292,0.0,0.004820124650723301,0.05693359375,11.29768509864807,-1.367880031466484e-09,0.4041445851325989,4.723926380368098e-05,-1.0186282396316528
414,1695744,1097.8,1368.9,2.84,0.15,80,1.0,122,0.8852459016393442,165,145,7,11,2,0,0,133,-3.3792768296835667,24.96969696969697,0.09206737577915192,0.0,-0.005843873787671328,16.543626308441162,1.6006220519542693,0.0,0.006341674085706473,0.08212890625,10.05014235973358,-1.6589183360338211e-09,0.39203518629074097,4.6625766871165624e-05,-1.0189783573150635
415,1699840,1100.7,1378.9,2.82,0.15,80,1.0,284,0.8661971830985915,162,138,13,10,1,0,0,125,-3.4514628826399196,25.209876543209877,0.03248188644647598,0.0,-0.004014360811561346,17.24368634223938,1.5993606269359588,0.0,0.004186427667445969,0.0482421875,12.259560346603394,-5.238689482212067e-10,0.4219996929168701,4.60122699386503e-05,-1.0192005634307861
416,1703936,1103.6,1454.6,2.67,0.15,80,1.0,441,0.8752834467120182,157,140,8,8,1,0,0,122,-3.4308891188020523,26.076433121019107,0.07617944478988647,0.0,-0.004971043393015862,14.434191513061524,1.5987856805324554,0.0,0.00508827100857161,0.061181640625,10.051615452766418,-1.57160684466362e-09,0.4514862895011902,4.539877300613498e-05,-1.019265055656433
417,1708032,1106.7,1328.7,2.94,0.14,80,1.0,92,0.9021739130434783,163,148,8,4,3,0,0,129,-3.5004275747038847,24.74846625766871,0.1133074015378952,0.0,-0.005428608413785696,12.401851201057434,1.5981162667274476,0.0,0.00580689370399341,0.0732421875,7.870156109333038,-7.8580342233181e-10,0.44574856758117676,4.4785276073619625e-05,-1.019654393196106
418,1712128,1109.6,1384.3,2.81,0.15,80,1.0,258,0.8798449612403101,166,144,8,11,3,0,0,126,-3.5055400270273775,25.283132530120483,0.07515309751033783,0.0,-0.004255723860114813,16.130655336380006,1.5962028801441193,0.0,0.004445023967127782,0.054052734375,8.464954805374145,1.1641532182693481e-10,0.3919796943664551,4.4171779141104304e-05,-1.0201712846755981
419,1716224,1112.3,1552.8,2.49,0.14,80,1.0,419,0.8806682577565632,161,142,3,15,1,0,0,119,-3.564069145909466,24.82608695652174,0.07337339222431183,0.0,-0.005397318582981825,14.053327488899232,1.5940555870532989,0.0,0.005381318560102955,0.06962890625,8.609279298782349,-4.656612873077393e-10,0.45082736015319824,4.355828220858895e-05,-1.0207315683364868
420,1720320,1115.2,1395.6,2.79,0.15,80,1.0,71,0.9014084507042254,164,144,11,7,2,0,0,131,-3.521714416128635,25.25,0.08944045007228851,0.0,-0.0053036057390272616,16.26789507865906,1.5921325743198396,0.0,0.003979900221747812,0.04521484375,9.792672371864318,-1.3969838619232178e-09,0.4127309322357178,4.2944785276073626e-05,-1.021046757698059
421,1724416,1118.0,1479.4,2.62,0.15,80,1.0,237,0.8776371308016878,166,144,5,13,4,0,0,122,-3.5120739025743415,24.686746987951807,0.06993065029382706,0.0,-0.004297459498047829,15.81235637664795,1.5909378588199616,0.0,0.004988989714183845,0.06201171875,11.372175264358521,-2.153683453798294e-09,0.41265034675598145,4.233128834355827e-05,-1.0214240550994873
422,1728512,1120.8,1443.7,2.69,0.15,80,1.0,405,0.8765432098765432,168,147,6,10,5,0,0,130,-3.5124172793908603,24.529761904761905,0.08106184005737305,0.0,-0.005165276117622852,14.82368803024292,1.5890462100505829,0.0,0.004842552258924116,0.05859375,8.983430171012879,-3.2014213502407074e-10,0.4034874439239502,4.171779141104294e-05,-1.0219674110412598
423,1732608,1123.5,1545.2,2.5,0.15,80,1.0,62,0.8548387096774194,169,151,4,6,8,0,0,136,-3.525749941766843,23.857988165680474,0.10907451063394547,0.0,-0.005838730465620756,12.708707857131959,1.5870773673057557,0.0,0.0060280472054728305,0.08046875,9.791700196266174,-2.0372681319713593e-10,0.45261889696121216,4.1104294478527586e-05,-1.0223480463027954
424,1736704,1125.8,1787.7,2.13,0.16,80,1.0,229,0.8733624454148472,167,147,7,11,2,0,0,137,-3.5368707819819285,25.05389221556886,0.08036528527736664,0.0,-0.0037699817679822446,13.406639909744262,1.5856539905071259,0.0,0.004293128770950716,0.04873046875,8.256485199928283,-9.89530235528946e-10,0.4499783515930176,4.0490797546012265e-05,-1.022742748260498
425,1740800,1128.9,1331.5,2.93,0.15,80,1.0,392,0.8801020408163265,163,145,4,12,2,0,0,127,-3.413693107812953,25.085889570552148,0.08975635468959808,0.0,-0.004981115274131298,12.395904684066773,1.58404181599617,0.0,0.006094304069119971,0.080078125,7.832528424263001,-8.731149137020111e-10,0.45959949493408203,3.987730061349694e-05,-1.023132562637329
426,1744896,1131.8,1383.6,2.81,0.15,80,1.0,40,0.925,160,145,5,7,3,0,0,127,-3.408619105118046,25.15625,0.09933748096227646,0.0,-0.005579747352749109,12.302490830421448,1.5824951469898223,0.0,0.004811079996579792,0.06142578125,8.509626221656799,-9.022187441587448e-10,0.42693161964416504,3.926380368098159e-05,-1.0234826803207397
427,1748992,1134.8,1355.1,2.87,0.15,80,1.0,204,0.9215686274509803,164,151,7,6,0,0,0,136,-3.422234489167194,25.121951219512194,0.11184646934270859,0.0,-0.005685487948358059,12.110736393928528,1.5810865461826324,0.0,0.0062695587170310315,0.079638671875,9.381614828109742,-1.4842953532934189e-09,0.4110521674156189,3.8650306748466266e-05,-1.02390718460083
428,1753088,1137.5,1532.5,2.53,0.14,80,1.0,367,0.9073569482288828,163,145,8,7,3,0,0,129,-3.445215487002939,25.073619631901842,0.07536208629608154,0.0,-0.005896570440381765,14.449895334243774,1.5790680825710297,0.0,0.0055615577191929335,0.0734375,9.195322847366333,-1.2223608791828156e-09,0.3905567526817322,3.803680981595091e-05,-1.0244555473327637
429,1757184,1140.4,1433.2,2.71,0.15,80,1.0,17,0.8823529411764706,162,143,8,9,2,0,0,127,-3.33428563599705,25.098765432098766,0.08370010554790497,0.0,-0.006323843542486429,14.128468632698059,1.577111554145813,0.0,0.008183764018758666,0.11142578125,8.048243093490601,3.7834979593753815e-10,0.43269163370132446,3.742331288343559e-05,-1.0248219966888428
430,1761280,1143.2,1450.9,2.67,0.15,80,1.0,183,0.8961748633879781,166,149,6,8,3,0,0,129,-3.4977516906254977,24.90963855421687,0.07501325011253357,0.0,-0.003211844200268388,14.743822860717774,1.5761044859886169,0.0,0.003593241602357011,0.040380859375,9.787918710708619,3.2014213502407074e-10,0.3940790891647339,3.680981595092023e-05,-1.025001049041748
431,1765376,1146.0,1468.9,2.64,0.15,80,1.0,353,0.9008498583569405,170,154,6,8,2,0,0,142,-3.4260443627022985,24.388235294117646,0.11623602360486984,0.0,-0.0035683420952409505,12.24252645969391,1.575301504135132,0.0,0.0039400016466970555,0.045703125,9.26986026763916,-2.0954757928848267e-09,0.4572703242301941,3.6196319018404904e-05,-1.025266170501709
432,1769472,1149.0,1360.4,2.86,0.15,80,1.0,509,0.9017681728880157,156,141,6,8,1,0,0,127,-3.1831379292481685,25.826923076923077,0.07423823326826096,0.0,-0.004189810995012522,12.790549564361573,1.5743652880191803,0.0,0.006349625327857211,0.083837890625,8.14200119972229,-1.2514647096395493e-09,0.4241020083427429,3.558282208588958e-05,-1.025390386581421
433,1773568,1151.9,1420.9,2.73,0.15,80,1.0,165,0.9272727272727272,168,155,5,6,2,0,0,141,-3.5275932047320073,24.863095238095237,0.1466693878173828,0.0,-0.004485994856804609,11.877323269844055,1.5740016520023346,0.0,0.004853378976986278,0.059326171875,7.977050137519837,-1.6298145055770874e-09,0.4122379422187805,3.496932515337423e-05,-1.025538682937622
434,1777664,1154.8,1404.7,2.77,0.14,80,1.0,320,0.8875,155,131,12,11,1,0,0,117,-3.336369604447427,25.903225806451612,0.03377867862582207,0.0,-0.0034487920347601175,19.30080647468567,1.573189640045166,0.0,0.004788912275398616,0.056005859375,11.423171830177306,-1.5425030142068863e-09,0.3337201476097107,3.4355828220858905e-05,-1.025742769241333
435,1781760,1157.4,1621.4,2.38,0.15,80,1.0,488,0.8913934426229508,168,151,3,11,3,0,0,137,-3.431859401439729,24.666666666666668,0.09806540608406067,0.0,-0.004030090942978859,12.576616287231445,1.572443151473999,0.0,0.004161121297511272,0.0482421875,9.682761287689209,-3.14321368932724e-09,0.46925032138824463,3.374233128834355e-05,-1.0259311199188232
436,1785856,1160.3,1388.5,2.8,0.15,80,1.0,134,0.8656716417910447,158,136,12,8,2,0,0,128,-3.3655375882454575,25.70886075949367,0.04035944491624832,0.0,-0.004396420530974865,16.627426624298096,1.5717160761356355,0.0,0.003641012581647374,0.03984375,13.443684291839599,-6.984919309616089e-10,0.40542882680892944,3.312883435582823e-05,-1.0260769128799438
437,1789952,1163.0,1536.3,2.52,0.15,80,1.0,301,0.8837209302325582,167,150,5,10,2,0,0,136,-3.3913976281337526,24.293413173652695,0.0911589190363884,0.0,-0.006019924813881516,13.09560148715973,1.5711711287498473,0.0,0.005708781559951604,0.070703125,11.252360582351685,-1.3969838619232178e-09,0.44872039556503296,3.251533742331287e-05,-1.0262346267700195
438,1794048,1165.9,1388.3,2.8,0.15,80,1.0,471,0.8938428874734607,170,155,5,9,1,0,0,142,-3.3679953454209315,24.594117647058823,0.11709204316139221,0.0,-0.004584671230986714,12.06225028038025,1.5703669488430023,0.0,0.004410240291326773,0.058154296875,9.617392420768738,-5.238689482212067e-10,0.4711107015609741,3.190184049079755e-05,-1.0265023708343506
439,1798144,1168.7,1480.6,2.62,0.15,80,1.0,127,0.8976377952755905,168,152,6,8,2,0,0,131,-3.603196382322854,24.011904761904763,0.11521194875240326,0.0,-0.005159957986325026,13.43682689666748,1.5692377030849456,0.0,0.005122329128789715,0.064697265625,7.659089684486389,2.9103830456733704e-11,0.4112517833709717,3.1288343558282195e-05,-1.0267603397369385
440,1802240,1171.5,1453.6,2.67,0.15,80,1.0,291,0.9072164948453608,164,150,8,5,1,0,0,135,-3.4578834535197376,25.073170731707318,0.10921533405780792,0.0,-0.005129143130034208,10.888569283485413,1.5683200120925904,0.0,0.004837951151421294,0.0609375,9.529793167114258,-6.984919309616089e-10,0.5161571502685547,3.0674846625766866e-05,-1.026958703994751
441,1806336,1174.5,1390.7,2.8,0.14,80,1.0,460,0.9021739130434783,169,151,5,12,1,0,0,134,-3.413564383368978,24.467455621301774,0.11580373346805573,0.0,-0.005764416605234146,14.221712923049926,1.5674358427524566,0.0,0.006775712296075653,0.092041015625,10.417680239677429,-1.0477378964424133e-09,0.3892483711242676,3.0061349693251548e-05,-1.0272197723388672
442,1810432,1177.4,1398.7,2.78,0.15,80,1.0,120,0.9083333333333333,172,159,4,7,2,0,0,146,-3.574198633450829,24.1046511627907,0.14383652806282043,0.0,-0.003184420894831419,10.489752316474915,1.566327542066574,0.0,0.004067850147839636,0.047412109375,8.708493161201478,-8.731149137020111e-10,0.5065418481826782,2.944785276073619e-05,-1.0275014638900757
443,1814528,1180.3,1406.7,2.76,0.15,80,1.0,287,0.926829268292683,167,157,1,7,2,0,0,139,-3.582879332978225,24.34131736526946,0.15353861451148987,0.0,-0.006085535907186568,9.387918925285339,1.5652962028980255,0.0,0.0059991289308527485,0.079296875,9.374907541275025,-2.9103830456733704e-10,0.476593554019928,2.8834355828220867e-05,-1.027740716934204
444,1818624,1183.3,1388.7,2.81,0.14,80,1.0,454,0.933920704845815,167,158,3,6,0,0,0,135,-3.537811197290021,24.520958083832337,0.1570950150489807,0.0,-0.0043728604912757875,8.232047665119172,1.5641588389873504,0.0,0.004179442496388219,0.050634765625,7.479581654071808,-1.979060471057892e-09,0.5024252533912659,2.822085889570551e-05,-1.0280992984771729
445,1822720,1186.0,1517.2,2.55,0.15,80,1.0,102,0.9117647058823529,160,144,4,8,4,0,0,128,-3.466770210569816,25.175,0.09884680807590485,0.0,-0.004149840772151947,12.753260087966918,1.5627473652362824,0.0,0.0062428205681499096,0.0818359375,9.02354292869568,-4.656612873077393e-10,0.43499791622161865,2.760736196319019e-05,-1.028395652770996
446,1826816,1188.8,1481.9,2.61,0.15,80,1.0,268,0.9216417910447762,166,154,5,5,2,0,0,139,-3.533078150443278,24.93975903614458,0.14246009290218353,0.0,-0.004818550124764442,9.529950547218323,1.5616914570331573,0.0,0.005432777825626544,0.07294921875,7.03934006690979,1.7462298274040222e-10,0.4886851906776428,2.6993865030674834e-05,-1.028645634651184
447,1830912,1191.5,1500.9,2.58,0.15,80,1.0,430,0.9069767441860465,162,143,9,7,3,0,0,131,-3.3764316456234846,25.296296296296298,0.08496539294719696,0.0,-0.0035499822348356246,16.07951765060425,1.5607985436916352,0.0,0.003933676543238107,0.044775390625,11.668172478675842,-2.444721758365631e-09,0.38264578580856323,2.638036809815951e-05,-1.028841495513916
448,1835008,1194.2,1498.9,2.58,0.15,80,1.0,80,0.9125,162,144,6,11,1,0,0,128,-3.412127011309716,24.703703703703702,0.09538017213344574,0.0,-0.003908792417496443,15.675980734825135,1.5598521053791046,0.0,0.0032925109102507123,0.03515625,8.262168359756469,8.731149137020111e-11,0.33983319997787476,2.5766871165644153e-05,-1.029127597808838
449,1839104,1197.0,1463.0,2.65,0.15,80,1.0,243,0.9053497942386831,163,147,6,9,1,0,0,134,-3.4586043008427807,25.552147239263803,0.07997198402881622,0.0,-0.0037747062742710114,12.240739250183106,1.5588627398014068,0.0,0.0029827399135683662,0.02939453125,8.746654391288757,-1.6298145055770874e-09,0.4631327986717224,2.515337423312883e-05,-1.0293265581130981
450,1843200,1200.0,1403.6,2.78,0.14,80,1.0,406,0.9088669950738916,163,149,5,8,1,0,0,132,-3.3549298643239753,25.079754601226995,0.10660859942436218,0.0,-0.0038355871569365264,11.72283673286438,1.5581531524658203,0.0,0.004211098370433319,0.052294921875,9.496244740486144,-1.4551915228366852e-10,0.4781842827796936,2.453987730061351e-05,-1.029454231262207
451,1847296,1203.1,1301.5,2.99,0.15,80,1.0,57,0.8596491228070176,163,150,5,8,0,0,0,134,-3.506667034277062,25.05521472392638,0.11014878004789352,0.0,-0.00407773107290268,11.453955793380738,1.5575953125953674,0.0,0.0031918944412609564,0.0328125,8.721640157699586,-1.979060471057892e-09,0.44215989112854004,2.392638036809815e-05,-1.029679775238037
452,1851392,1206.0,1438.2,2.71,0.14,80,1.0,231,0.8874458874458875,174,156,1,14,3,0,0,143,-3.5551372731115376,23.28735632183908,0.13882321119308472,0.0,-0.0032423791475594045,14.23889617919922,1.5563489019870758,0.0,0.0031497853677137757,0.036328125,7.944239473342895,-3.2014213502407074e-10,0.27752596139907837,2.331288343558283e-05,-1.0300500392913818
453,1855488,1208.8,1470.9,2.64,0.14,80,1.0,399,0.8872180451127819,168,149,5,13,1,0,0,134,-3.590605192308171,25.148809523809526,0.09690655767917633,0.0,-0.005546381091699004,15.20189962387085,1.5548835217952728,0.0,0.0061849274250562305,0.078369140625,8.970506930351258,-2.066371962428093e-09,0.4000980257987976,2.2699386503067474e-05,-1.0303819179534912
454,1859584,1211.5,1529.6,2.53,0.15,80,1.0,54,0.8888888888888888,167,151,5,9,2,0,0,138,-3.575535583686187,24.221556886227546,0.12804368138313293,0.0,-0.00341874398291111,12.655209493637084,1.5539694786071778,0.0,0.003311794801265933,0.0330078125,7.549138200283051,-2.9103830456733704e-09,0.4176499843597412,2.2085889570552152e-05,-1.0304889678955078
455,1863680,1214.2,1484.8,2.62,0.14,80,1.0,223,0.8968609865470852,169,152,4,8,5,0,0,135,-3.5960274256881197,23.97041420118343,0.10459345579147339,0.0,-0.0041109056212008,11.896096181869506,1.5537493586540223,0.0,0.003161091594665777,0.0359375,9.395644307136536,-4.656612873077393e-10,0.4675556421279907,2.1472392638036796e-05,-1.030503273010254
456,1867776,1217.0,1475.9,2.63,0.14,80,1.0,386,0.9015544041450777,163,148,8,5,2,0,0,130,-3.5381638968179345,25.2760736196319,0.10926195234060287,0.0,-0.005383372167125344,11.806428027153014,1.553730547428131,0.0,0.003504678839817643,0.04013671875,8.01526780128479,-2.7066562324762344e-09,0.47614914178848267,2.085889570552147e-05,-1.0305132865905762
457,1871872,1219.6,1582.9,2.44,0.15,80,1.0,42,0.9523809523809523,168,151,8,8,1,0,0,135,-3.512534338409325,24.595238095238095,0.08989997208118439,0.0,-0.0025020315311849116,13.31901240348816,1.5535185515880585,0.0,0.0017731338462908751,0.012939453125,9.188283610343934,4.0745362639427185e-10,0.4481433629989624,2.024539877300615e-05,-1.0306358337402344
458,1875968,1222.2,1559.7,2.49,0.14,80,1.0,209,0.8421052631578947,167,136,13,15,3,0,0,119,-3.5081642241297533,24.59880239520958,0.03238508850336075,0.0,-0.0028404048644006252,21.815610790252684,1.5529618203639983,0.0,0.002642831511911936,0.024560546875,17.00912754535675,-1.5133991837501526e-09,0.3487018346786499,1.9631901840490794e-05,-1.030757188796997
459,1880064,1224.9,1538.1,2.51,0.15,80,1.0,377,0.870026525198939,168,152,7,8,1,0,0,136,-3.596696226086456,24.738095238095237,0.11749789118766785,0.0,-0.003885661996901035,12.388564729690552,1.55242720246315,0.0,0.0023887998424470423,0.023681640625,9.509508776664735,-1.949956640601158e-09,0.45527708530426025,1.9018404907975472e-05,-1.030930757522583
460,1884160,1227.9,1342.3,2.9,0.15,80,1.0,27,0.9259259259259259,162,140,8,10,4,0,0,123,-3.4252459236669233,24.78395061728395,0.050382014364004135,0.0,-0.003933305339887738,17.472296476364136,1.5516971707344056,0.0,0.003173852436884772,0.037841796875,10.337101864814759,-2.3283064365386963e-09,0.3981081247329712,1.8404907975460116e-05,-1.0311005115509033
461,1888256,1230.7,1485.7,2.61,0.15,80,1.0,193,0.9067357512953368,166,150,8,6,2,0,0,135,-3.528064125854965,24.542168674698797,0.12864115834236145,0.0,-0.0036244467366486786,14.06255202293396,1.5510362565517426,0.0,0.0030769631426665,0.035107421875,10.64724702835083,-1.57160684466362e-09,0.37519145011901855,1.779141104294479e-05,-1.0312769412994385
462,1892352,1233.0,1755.5,2.19,0.14,80,1.0,358,0.8966480446927374,165,146,8,10,1,0,0,130,-3.3948752032842577,24.933333333333334,0.0855030044913292,0.0,-0.003403771109879017,14.471318340301513,1.5504249036312103,0.0,0.0017185115153552032,0.013232421875,10.409969162940978,-1.1059455573558807e-09,0.4261898994445801,1.7177914110429436e-05,-1.0313751697540283
463,1896448,1235.7,1540.7,2.51,0.15,80,1.0,12,0.8333333333333334,166,144,4,14,4,0,0,127,-3.509914556987084,24.548192771084338,0.08939607441425323,0.0,-0.003537474758923054,14.467328882217407,1.5500817239284514,0.0,0.0023485060533857904,0.023193359375,9.516636967658997,-6.693881005048752e-10,0.43338268995285034,1.6564417177914114e-05,-1.0314795970916748
464,1900544,1238.5,1461.9,2.66,0.14,80,1.0,181,0.9005524861878453,169,153,5,8,3,0,0,134,-3.7263838246274608,24.29585798816568,0.12862908840179443,0.0,-0.0039043732918798923,10.770149827003479,1.5496354758739472,0.0,0.0027278983950964177,0.029638671875,9.060061287879943,-2.0081643015146255e-09,0.5107572078704834,1.5950920245398758e-05,-1.031578540802002
465,1904640,1241.5,1376.5,2.83,0.14,80,1.0,349,0.8911174785100286,168,148,9,10,1,0,0,133,-3.5295570897521085,24.511904761904763,0.08185316622257233,0.0,-0.0031833469867706297,15.47021026611328,1.549264657497406,0.0,0.0025513220811262728,0.026513671875,10.338643312454224,-1.1350493878126144e-09,0.42003512382507324,1.5337423312883433e-05,-1.031684398651123
466,1908736,1244.3,1469.8,2.64,0.14,80,1.0,4,1.0,167,157,3,6,1,0,0,142,-3.62308993728236,24.526946107784433,0.16487395763397217,0.0,-0.0030681188218295574,8.403006529808044,1.5488381206989288,0.0,0.0019663338171085343,0.015478515625,12.12565484046936,-9.022187441587448e-10,0.5249931812286377,1.4723926380368111e-05,-1.0317680835723877
467,1912832,1247.0,1497.1,2.59,0.15,80,1.0,167,0.8922155688622755,163,145,5,12,1,0,0,133,-3.5321429806837568,24.9079754601227,0.09630154073238373,0.0,-0.0034285935573279856,13.379058861732483,1.5485395789146423,0.0,0.0026617597264703362,0.030322265625,10.807318735122681,-1.7171259969472885e-09,0.46113455295562744,1.4110429447852756e-05,-1.031846046447754
468,1916928,1250.0,1372.0,2.84,0.15,80,1.0,338,0.8905325443786982,171,152,10,8,1,0,0,139,-3.580978504654247,24.146198830409357,0.12467095255851746,0.0,-0.003676070924848318,14.34689965248108,1.5482031762599946,0.0,0.001856434425280895,0.016064453125,9.158062601089478,-7.8580342233181e-10,0.41491466760635376,1.3496932515337432e-05,-1.0319403409957886
469,1921024,1253.0,1360.4,2.86,0.15,80,1.0,503,0.9005964214711729,165,152,2,8,3,0,0,134,-3.4898869590742727,24.454545454545453,0.131395161151886,0.0,-0.0021004777867347003,11.726463317871094,1.5478548109531403,0.0,0.0013345118815777824,0.007177734375,7.717084085941314,-1.949956640601158e-09,0.3877214193344116,1.2883435582822077e-05,-1.0320079326629639
470,1925120,1255.8,1475.8,2.63,0.15,80,1.0,161,0.937888198757764,170,159,4,4,3,0,0,143,-3.6457951004795333,24.358823529411765,0.1594839096069336,0.0,-0.003656054474413395,10.111778521537781,1.5474629402160645,0.0,0.0031956648686900734,0.0357421875,6.8711700439453125,-9.89530235528946e-10,0.4701412320137024,1.2269938650306755e-05,-1.0321555137634277
471,1929216,1258.5,1513.8,2.56,0.15,80,1.0,322,0.9161490683229814,161,144,7,7,3,0,0,133,-3.5497173238412327,25.403726708074533,0.09108781814575195,0.0,-0.00217523998580873,14.275380373001099,1.546862107515335,0.0,0.0011193040860234759,0.00693359375,9.095383739471435,-9.604264050722122e-10,0.39641106128692627,1.1656441717791398e-05,-1.032297134399414
472,1933312,1261.1,1564.4,2.48,0.14,80,1.0,489,0.9059304703476483,167,148,9,6,4,0,0,136,-3.490252220240952,24.610778443113773,0.08880440890789032,0.0,-0.0037374528124928474,13.256693625450135,1.5463191509246825,0.0,0.0019725764257600533,0.01533203125,8.543527054786683,-1.1641532182693481e-09,0.4813082218170166,1.1042944785276076e-05,-1.0324138402938843
473,1937408,1263.9,1494.2,2.59,0.15,80,1.0,144,0.8819444444444444,167,148,6,7,6,0,0,136,-3.563294347326249,24.21556886227545,0.09420831501483917,0.0,-0.0042397985234856606,16.102084898948668,1.5460197567939757,0.0,0.0018312095780856907,0.016796875,11.542252850532531,-1.4260876923799515e-09,0.37485188245773315,1.042944785276072e-05,-1.0324435234069824
474,1941504,1266.5,1569.5,2.46,0.15,80,1.0,318,0.8867924528301887,174,155,3,12,4,0,0,138,-3.5837450711512613,23.942528735632184,0.12377898395061493,0.0,-0.0033896810840815307,12.963745594024658,1.545912605524063,0.0,0.0017555552374687977,0.013427734375,7.4995375871658325,-1.8335413187742233e-09,0.39850062131881714,9.815950920245397e-06,-1.0324878692626953
475,1945600,1269.2,1529.2,2.54,0.14,80,1.0,479,0.8851774530271399,161,142,6,8,5,0,0,129,-3.6175855031622706,25.304347826086957,0.07822491973638535,0.0,-0.0028024939820170403,14.429248809814453,1.545722448825836,0.0,0.0017010863797622734,0.013427734375,9.565666723251343,-6.402842700481415e-10,0.4689564108848572,9.202453987730073e-06,-1.032529592514038
476,1949696,1272.0,1448.4,2.68,0.15,80,1.0,133,0.9172932330827067,166,150,6,7,3,0,0,143,-3.584052877735006,24.698795180722893,0.11765861511230469,0.0,-0.001595839485526085,11.90151515007019,1.5455626249313354,0.0,0.0006310431112069636,0.0017578125,8.673188924789429,-6.984919309616089e-10,0.45152169466018677,8.588957055214718e-06,-1.0325663089752197
477,1953792,1274.7,1561.7,2.47,0.15,80,1.0,298,0.8691275167785235,165,137,6,18,4,0,0,124,-3.584611184823888,24.527272727272727,0.03196214884519577,0.0,-0.0013269822113215924,18.15749568939209,1.5454405188560485,0.0,0.0004311474709538743,0.000439453125,12.245694065093994,-9.604264050722122e-10,0.40861380100250244,7.975460122699396e-06,-1.0325905084609985
478,1957888,1277.4,1496.8,2.6,0.14,80,1.0,466,0.8819742489270386,168,152,4,10,2,0,0,138,-3.5203548338356847,24.625,0.1109006479382515,0.0,-0.0024252387695014475,12.041145467758179,1.5452940046787262,0.0,0.0008927109025535174,0.003076171875,10.17163164615631,-1.2223608791828156e-09,0.47514820098876953,7.36196319018404e-06,-1.0326502323150635
479,1961984,1280.4,1359.8,2.87,0.14,80,1.0,118,0.940677966101695,164,153,2,8,1,0,0,139,-3.4368297070975258,24.975609756097562,0.12966111302375793,0.0,-0.002617352083325386,9.717272639274597,1.5450273871421814,0.0,0.001220982550876215,0.008740234375,9.769509315490723,-3.346940502524376e-09,0.47633296251296997,6.748466257668716e-06,-1.0327178239822388
480,1966080,1283.2,1454.1,2.68,0.14,80,1.0,289,0.9307958477508651,171,158,4,6,3,0,0,142,-3.6065636019403438,24.36842105263158,0.14749383926391602,0.0,-0.0016610174439847468,9.993002486228942,1.5448010444641114,0.0,0.0006796965899411589,0.00234375,7.566002130508423,-2.764863893389702e-09,0.46275460720062256,6.1349693251533605e-06,-1.032753825187683
481,1970176,1286.1,1441.5,2.69,0.15,80,1.0,455,0.9164835164835164,166,148,7,11,0,0,0,131,-3.4983827474456524,24.451807228915662,0.11110016703605652,0.0,-0.0019453392364084721,13.953936862945557,1.5446883678436278,0.0,0.0007994512969162315,0.002001953125,10.80755865573883,-2.561137080192566e-09,0.4300106167793274,5.521472392638038e-06,-1.0327807664871216
482,1974272,1288.8,1527.1,2.53,0.15,80,1.0,103,0.8737864077669902,160,144,8,7,1,0,0,130,-3.5914741675046105,25.01875,0.10896284878253937,0.0,-0.001498013874515891,12.94329137802124,1.5445821344852448,0.0,0.0005384847565437668,0.000390625,9.9293865442276,-6.984919309616089e-10,0.4209609031677246,4.907975460122715e-06,-1.0328072309494019
483,1978368,1291.3,1602.5,2.4,0.16,80,1.0,271,0.915129151291513,168,158,2,6,2,0,0,142,-3.5309369512087065,24.93452380952381,0.14420005679130554,0.0,-0.0010074992664158345,9.926776003837585,1.5444822251796722,0.0,0.0002595506652141921,4.8828125e-05,9.43700976371765,-2.648448571562767e-09,0.5062806010246277,4.294478527607359e-06,-1.032832145690918
484,1982464,1294.3,1393.9,2.8,0.14,80,1.0,441,0.9024943310657596,170,150,9,10,1,0,0,139,-3.6404593831352074,23.876470588235293,0.11350274085998535,0.0,-0.001665243273600936,14.374321126937867,1.5443701088428496,0.0,0.0005984805407933891,0.00126953125,9.498566365242004,-2.444721758365631e-09,0.427071750164032,3.6809815950920363e-06,-1.0328607559204102
485,1986560,1297.0,1503.8,2.57,0.15,80,1.0,95,0.9157894736842105,166,149,6,10,1,0,0,140,-3.532645787491652,24.710843373493976,0.10633599758148193,0.0,-0.0013038457836955786,12.656331634521484,1.5442800223827362,0.0,0.00027113292599096895,0.00029296875,8.780012845993042,-8.149072527885437e-10,0.4449955224990845,3.0674846625766803e-06,-1.0328764915466309
486,1990656,1299.8,1460.7,2.66,0.15,80,1.0,264,0.9204545454545454,169,156,3,9,1,0,0,136,-3.5948627202681895,24.266272189349113,0.1391652226448059,0.0,-0.00019726604223251342,10.150587391853332,1.5442168295383454,0.0,8.38536987430416e-05,0.0,8.860573434829712,-2.735760062932968e-09,0.4829557538032532,2.4539877300613577e-06,-1.0328962802886963
487,1994752,1302.8,1382.6,2.81,0.15,80,1.0,428,0.9042056074766355,164,144,5,9,6,0,0,131,-3.5430776150374474,24.634146341463413,0.08219893276691437,0.0,-0.0003992309793829918,14.349373579025269,1.5441337049007415,0.0,3.2295307028107346e-05,0.0,11.462414050102234,-1.8335413187742233e-09,0.4285982847213745,1.8404907975460014e-06,-1.032914161682129
488,1998848,1305.8,1378.9,2.82,0.15,80,1.0,87,0.8850574712643678,171,149,11,7,4,0,0,139,-3.4411863620717535,24.52046783625731,0.09689986705780029,0.0,-0.0003141394583508372,14.917617988586425,1.5440774261951447,0.0,1.862087519839406e-05,0.0,9.327991580963134,-5.820766091346741e-11,0.42802971601486206,1.2269938650306788e-06,-1.032923936843872
489,2002944,1308.7,1419.1,2.74,0.15,80,1.0,249,0.891566265060241,162,145,2,13,2,0,0,132,-3.497753194102982,24.54320987654321,0.09430031478404999,0.0,-0.00020826272666454315,13.10936884880066,1.5440509736537933,0.0,9.30500973481685e-06,0.0,8.170635390281678,-1.3969838619232178e-09,0.40715694427490234,6.134969325153227e-07,-1.0329275131225586
