update,global_step,wall_s,sps,rollout_s,learn_s,level,c,window_n,window_success,episodes,n_success,n_crash_ground,n_crash_platform,n_tilt,n_drift,n_timeout,strict_success,impact_vz_mean,ep_len_mean,reward_mean,r_active_mean,r_active_frac,pg,v,ent,est,kl,clipfrac,grad_norm,kl_first,explained_var,lr,log_std_mean,est_err_blind_0_0,n_blind_0_0,est_err_blind_1_15,n_blind_1_15,est_err_blind_16_60,n_blind_16_60,est_err_blind_61_120,n_blind_61_120,est_err_blind_121_inf,n_blind_121_inf
1,4096,70.3,58.2,36.7,33.64,10,0.125,157,0.03821656050955414,157,6,147,2,2,0,0,5,-4.202208776126647,24.78980891719745,-1.3308173418045044,0.0,,-0.005320590955670923,151.44347925186156,3.6737587571144106,6.743375617265701,0.00594807298912201,0.071240234375,44.901428604125975,0.0,0.005051016807556152,0.0003,-0.5011874437332153,5.277612686157227,2207,4.738200664520264,1820,7.31134033203125,69,nan,0,nan,0
2,8192,141.0,58.0,36.57,34.02,10,0.125,326,0.04294478527607362,169,8,157,3,1,0,0,8,-3.1493895262083855,24.45562130177515,-1.3344247341156006,0.0,,-0.0037856425042264163,111.78123912811279,3.668712615966797,6.199481612443924,0.005273193318862468,0.06435546875,67.4216173171997,-5.820766091346741e-11,0.028267502784729004,0.0002996929375639713,-0.5023915767669678,5.133694171905518,2125,4.485205173492432,1904,5.170365810394287,67,nan,0,nan,0
3,12288,212.5,57.6,36.91,34.18,10,0.125,498,0.05421686746987952,172,13,155,4,0,0,0,7,-3.4172430405760306,23.790697674418606,-1.2983354330062866,0.0,,-0.0053092892281711105,76.84816131591796,3.6639681577682497,5.9386366426944734,0.005602459778310731,0.07314453125,76.05904960632324,0.0,0.03163576126098633,0.00029938587512794265,-0.5037132501602173,5.0431694984436035,2163,4.384923458099365,1892,5.049963474273682,41,nan,0,nan,0
4,16384,284.2,57.4,37.03,34.3,10,0.125,148,0.07432432432432433,162,12,139,10,1,0,0,8,-3.5324902241619704,24.814814814814813,-1.251721739768982,0.0,,-0.003871385264210403,46.80431501865387,3.659741687774658,5.971481764316559,0.004670278739649802,0.0568359375,68.57836627960205,0.0,0.12551665306091309,0.00029907881269191397,-0.5043855309486389,5.220465183258057,2244,4.114508628845215,1789,5.278122425079346,63,nan,0,nan,0
5,20480,356.0,57.4,37.04,34.32,10,0.125,313,0.08945686900958466,165,17,140,8,0,0,0,7,-2.986055481269069,24.96969696969697,-1.2272427082061768,0.0,,-0.003765528672374785,39.89986951351166,3.657051515579224,5.629286098480224,0.004751478525577113,0.057958984375,31.797318077087404,0.0,0.08447480201721191,0.00029877175025588533,-0.5051982998847961,4.942268371582031,2300,3.949286460876465,1748,4.686181545257568,48,nan,0,nan,0
6,24576,428.2,57.1,37.48,34.29,10,0.125,483,0.10351966873706005,170,22,138,9,1,0,0,15,-3.727206258572288,24.24705882352941,-1.1969859600067139,0.0,,-0.004280319483950734,38.93381953239441,3.6530763030052187,5.628377097845077,0.00723581607453525,0.0900390625,12.58252284526825,0.0,0.18553799390792847,0.00029846468781985665,-0.5062398910522461,4.939037322998047,2209,3.8923842906951904,1835,4.968526840209961,52,nan,0,nan,0
7,28672,499.4,57.9,36.41,34.33,10,0.125,135,0.0962962962962963,164,17,139,7,1,0,0,6,-3.1309301639757505,24.567073170731707,-1.1984654664993286,0.0,,-0.0012551059015095233,28.493690192699432,3.6476612448692323,5.70189620256424,0.00667166206985712,0.086181640625,14.189933896064758,0.0,0.37740153074264526,0.000298157625383828,-0.5084811449050903,5.08949613571167,2068,3.8446896076202393,1942,4.4065937995910645,86,nan,0,nan,0
8,32768,572.3,56.5,38.17,34.3,10,0.125,304,0.10855263157894737,169,20,132,15,2,0,0,12,-3.6569793692265753,24.467455621301774,-1.211255669593811,0.0,,-0.002200253197224811,30.419740015268324,3.6359362840652465,5.661183917522431,0.007838894121232443,0.104345703125,12.812574577331542,0.0,0.43097376823425293,0.00029785056294779933,-0.5115554928779602,5.018864631652832,2291,3.793280839920044,1747,4.704760551452637,58,nan,0,nan,0
9,36864,644.4,57.1,37.41,34.32,10,0.125,472,0.11440677966101695,168,21,137,9,1,0,0,16,-3.5637696004196044,24.321428571428573,-1.1642656326293945,0.0,,-0.0018517583608627318,31.583528459072113,3.6230265736579894,5.277733594179153,0.007448387751355767,0.09462890625,9.22752205133438,0.0,0.3896927237510681,0.0002975435005117707,-0.5154677629470825,4.832344055175781,2216,3.624896764755249,1827,4.278940200805664,53,nan,0,nan,0
10,40960,716.9,56.8,37.76,34.32,10,0.125,134,0.15671641791044777,174,30,138,5,1,0,0,16,-3.589327958236593,23.724137931034484,-1.1384665966033936,0.0,,-0.00356889178219717,36.304044246673584,3.6060951471328737,5.384999138116837,0.006318495492450893,0.078173828125,10.54477345943451,0.0,0.37559205293655396,0.000297236438075742,-0.5195682048797607,4.930599689483643,2247,3.647470474243164,1800,4.021744251251221,49,nan,0,nan,0
11,45056,789.5,56.8,37.82,34.33,10,0.125,310,0.14516129032258066,176,24,143,7,2,0,0,15,-3.551745179863128,23.375,-1.1669270992279053,0.0,,-0.0023128615925088526,28.76974224448204,3.591134774684906,5.41959547996521,0.0056554132752353325,0.06552734375,10.165213286876678,0.0,0.4070165753364563,0.0002969293756397134,-0.5227259993553162,4.926942825317383,2315,3.524273633956909,1732,5.034265995025635,49,nan,0,nan,0
12,49152,861.5,57.2,37.21,34.37,10,0.125,476,0.14915966386554622,166,26,131,9,0,0,0,11,-3.99306581009244,24.373493975903614,-1.126647710800171,0.0,,-0.0026000817189924417,32.19299966096878,3.5832069396972654,5.544003784656525,0.006899223403888754,0.087255859375,9.621446514129639,0.0,0.3727668523788452,0.0002966223132036847,-0.5228697061538696,5.036769866943359,2280,3.656629800796509,1769,4.653574466705322,47,nan,0,nan,0
13,53248,934.3,56.6,37.93,34.38,10,0.125,137,0.19708029197080293,173,32,125,13,3,0,0,20,-3.9945317480316804,23.86127167630058,-1.0749362707138062,0.0,,-0.003168605198152363,35.80283124446869,3.580947756767273,5.1634070694446565,0.007692320842761546,0.102978515625,9.504399228096009,0.0,0.35885053873062134,0.00029631525076765606,-0.5256412029266357,4.790199279785156,2263,3.3659348487854004,1769,3.9551236629486084,64,nan,0,nan,0
14,57344,1006.8,56.8,37.73,34.38,10,0.125,313,0.16613418530351437,176,25,136,9,6,0,0,14,-3.663581612829263,23.318181818181817,-1.1309888362884521,0.0,,-0.0038098601857200266,30.590013521909714,3.5686467051506043,5.03237761259079,0.004357653800980188,0.050390625,10.939928245544433,0.0,0.34785938262939453,0.00029600818833162737,-0.5277297496795654,4.734715461730957,2225,3.3515706062316895,1808,4.40592622756958,63,nan,0,nan,0
15,61440,1079.4,56.8,37.73,34.41,10,0.125,488,0.18032786885245902,175,36,126,12,1,0,0,22,-3.7618357232003925,23.52,-1.050621747970581,0.0,,-0.003080815589055419,39.60391249656677,3.56238876581192,5.480847245454788,0.005769821477588266,0.072265625,12.71938259601593,0.0,0.3422010540962219,0.00029570112589559874,-0.5289139151573181,4.926163196563721,2323,3.480083465576172,1743,4.6004438400268555,30,nan,0,nan,0
16,65536,1151.7,57.0,37.46,34.39,10,0.125,150,0.19333333333333333,174,32,133,5,4,0,0,18,-3.778384372628979,23.580459770114942,-1.084517002105713,0.0,,-0.0042615355225279926,36.27386313676834,3.558499348163605,5.563478398323059,0.006521626023459248,0.09013671875,10.75559047460556,0.0,0.32474851608276367,0.00029539406345957005,-0.5298862457275391,4.945887088775635,2273,3.5463156700134277,1751,4.9214067459106445,72,nan,0,nan,0
17,69632,1223.8,57.1,37.31,34.41,10,0.125,328,0.17682926829268292,178,29,138,9,2,0,0,14,-3.919640872511879,22.589887640449437,-1.0774948596954346,0.0,,-0.0027501732110977173,32.31187502145767,3.552577030658722,5.349659544229508,0.006555678352015093,0.07900390625,9.49782292842865,0.0,0.3143092393875122,0.0002950870010235414,-0.5320267081260681,4.891818046569824,2294,3.3715827465057373,1769,4.151405334472656,33,nan,0,nan,0
18,73728,1296.0,57.1,37.35,34.37,10,0.125,504,0.17261904761904762,176,29,132,10,5,0,0,16,-3.9927332598530607,23.073863636363637,-1.0785672664642334,0.0,,-0.003389845974743366,32.5680374443531,3.5433350443840026,5.416241085529327,0.005467868177220225,0.066845703125,8.315389239788056,0.0,0.3353244662284851,0.00029477993858751273,-0.534487247467041,4.886039733886719,2335,3.426959276199341,1712,4.559366703033447,49,nan,0,nan,0
19,77824,1368.6,56.8,37.79,34.34,10,0.125,182,0.15934065934065933,190,31,147,7,5,0,0,18,-3.8944924808350945,22.378947368421052,-1.0792129039764404,0.0,,-0.0036186197772622108,33.19954404234886,3.5328619956970213,5.170249333977699,0.004802606182056479,0.053369140625,11.677779936790467,0.0,0.3011128306388855,0.0002944728761514841,-0.537257730960846,4.796694278717041,2310,3.3374881744384766,1764,3.9134886264801025,22,nan,0,nan,0
20,81920,1441.3,56.7,37.95,34.35,10,0.125,370,0.15675675675675677,188,29,135,16,8,0,0,19,-3.6991904153634545,21.51063829787234,-1.0971113443374634,0.0,,-0.0023607964278198777,30.91850918531418,3.5249290823936463,5.203460586071015,0.00529305002419278,0.0599609375,8.756652057170868,0.0,0.3079867362976074,0.00029416581371545546,-0.5378273725509644,4.820137023925781,2305,3.350898027420044,1774,4.049503326416016,17,nan,0,nan,0
21,86016,1514.3,56.5,38.13,34.38,10,0.125,48,0.14583333333333334,190,32,145,9,4,0,0,19,-4.237730064842538,21.652631578947368,-1.0767686367034912,0.0,,-0.0024958603316918015,34.963606524467465,3.5241246581077577,5.492131215333939,0.0074658739467849955,0.1013671875,10.326361137628556,0.0,0.299505352973938,0.0002938587512794268,-0.5380402207374573,4.830014228820801,2338,3.410727024078369,1709,4.988173484802246,49,nan,0,nan,0
22,90112,1587.1,56.6,37.97,34.43,10,0.125,240,0.22083333333333333,192,46,118,16,12,0,0,26,-4.052493767912441,21.286458333333332,-0.9815104007720947,0.0,,-0.0033796475734561683,44.2164470911026,3.5211124300956724,5.602563905715942,0.0074674309667898345,0.103369140625,11.5047647356987,0.0,0.24591833353042603,0.00029355168884339814,-0.5395843386650085,4.868195533752441,2458,3.3956668376922607,1615,4.877813816070557,23,nan,0,nan,0
23,94208,1660.5,56.2,38.53,34.38,10,0.125,429,0.21445221445221446,189,39,132,10,8,0,0,23,-4.056681839680755,21.58730158730159,-1.0090663433074951,0.0,,-0.0032393149042036383,39.09778802394867,3.5124608993530275,5.624089521169663,0.005346787846065126,0.063525390625,9.906415235996246,0.0,0.22649621963500977,0.0002932446264073695,-0.5424677133560181,4.924319744110107,2384,3.4780120849609375,1689,4.194444179534912,23,nan,0,nan,0
24,98304,1733.2,56.7,37.89,34.41,10,0.125,106,0.14150943396226415,189,35,140,6,8,0,0,16,-3.777121190391878,21.502645502645503,-1.0345743894577026,0.0,,-0.003858418366871774,34.90494703054428,3.497840917110443,5.598590910434723,0.007977654493879527,0.09736328125,8.068890833854676,-5.820766091346741e-11,0.27141106128692627,0.0002929375639713408,-0.5467028021812439,4.965546607971191,2467,3.3727684020996094,1603,4.9902753829956055,26,nan,0,nan,0
25,102400,1806.2,56.5,38.17,34.39,10,0.125,293,0.19112627986348124,187,41,132,8,6,0,0,25,-4.333889069481051,22.037433155080215,-1.00028395652771,0.0,,-0.0005185853806324303,40.109345769882204,3.484167206287384,5.754496967792511,0.01274876263923943,0.169775390625,9.13870415687561,-5.820766091346741e-11,0.25208473205566406,0.0002926305015353122,-0.5489984750747681,5.014430046081543,2456,3.389338731765747,1613,4.881880760192871,27,nan,0,nan,0
26,106496,1879.3,56.3,38.29,34.4,10,0.125,488,0.2028688524590164,195,43,132,8,12,0,0,23,-4.373885601888622,21.02051282051282,-0.9928063154220581,0.0,,-0.0027566005708649756,39.579996693134305,3.4760521054267883,5.453837341070175,0.008023679596954025,0.102783203125,10.806121528148651,0.0,0.24052894115447998,0.0002923234390992835,-0.5509843826293945,4.923409938812256,2339,3.30879282951355,1740,3.83994197845459,17,nan,0,nan,0
27,110592,1952.4,56.3,38.34,34.38,10,0.125,175,0.2057142857142857,199,42,131,14,12,0,0,21,-4.580542031867277,20.763819095477388,-1.0097289085388184,0.0,,-0.00565632323268801,38.016480600833894,3.4675883173942568,5.509423929452896,0.009714044656720943,0.117236328125,9.667903703451156,-5.820766091346741e-11,0.22285640239715576,0.00029201637666325487,-0.553504467010498,4.8934431076049805,2374,3.345964193344116,1711,4.70796537399292,11,nan,0,nan,0
28,114688,2025.0,56.8,37.67,34.43,10,0.125,372,0.20698924731182797,197,41,126,14,16,0,0,29,-3.964607508925805,20.80710659898477,-0.9909188747406006,0.0,,-0.006686080526560545,37.98849045038223,3.4554001450538636,5.488864570856094,0.006433429472963326,0.07607421875,9.362954699993134,0.0,0.19876891374588013,0.0002917093142272262,-0.5567418932914734,4.867285251617432,2513,3.3310091495513916,1573,5.207544803619385,10,nan,0,nan,0
29,118784,2098.1,56.3,38.37,34.38,10,0.125,56,0.19642857142857142,196,43,125,16,12,0,0,26,-4.182101322664687,21.051020408163264,-0.9819164276123047,0.0,,-0.011321808095090091,41.04146747589111,3.4425398826599123,5.542537885904312,0.007263638760196045,0.08505859375,10.087985706329345,0.0,0.2031826376914978,0.00029140225179119755,-0.5601650476455688,4.83657169342041,2477,3.420513868331909,1605,3.7627203464508057,14,nan,0,nan,0
30,122880,2171.6,56.0,38.69,34.39,10,0.125,258,0.20930232558139536,202,43,134,15,10,0,0,27,-4.387694092958634,20.198019801980198,-0.9899383187294006,0.0,,-0.014744087727740407,39.47826390266418,3.429935574531555,5.158877271413803,0.012483371380949394,0.124169921875,7.767355823516846,0.0,0.19588911533355713,0.00029109518935516886,-0.5624696016311646,4.679044723510742,2443,3.2894997596740723,1635,4.398897171020508,18,nan,0,nan,0
31,126976,2245.4,55.8,39.01,34.36,10,0.125,453,0.2141280353200883,195,43,130,15,7,0,0,22,-4.436796174839526,20.851282051282052,-0.9513893723487854,0.0,,-0.017896165675483643,38.73565912246704,3.4223912835121153,5.4603996753692625,0.016709557300782763,0.152392578125,8.166536569595337,-1.1641532182693481e-10,0.1963978409767151,0.00029078812691914023,-0.5647197961807251,4.860703468322754,2563,3.2723171710968018,1533,nan,0,nan,0,nan,0
32,131072,2318.6,56.3,38.44,34.36,10,0.125,145,0.19310344827586207,204,36,142,14,12,0,0,20,-4.085068932076054,20.30392156862745,-1.0212428569793701,0.0,,-0.014370914874598384,32.14896289110184,3.4091187953948974,5.20408336520195,0.023081861477112397,0.193017578125,9.201865535974502,0.0,0.21085304021835327,0.00029048106448311154,-0.56911301612854,4.759787082672119,2513,3.063262701034546,1583,nan,0,nan,0,nan,0
33,135168,2391.5,56.5,38.04,34.41,10,0.125,343,0.20408163265306123,198,42,131,12,13,0,0,20,-4.364395031245283,20.53030303030303,-0.9499159455299377,0.0,,-0.014394076750613749,37.32212655544281,3.3925188541412354,5.347946977615356,0.015498201709124259,0.158984375,7.986593115329742,0.0,0.20875322818756104,0.0002901740020470829,-0.5726351737976074,4.901890277862549,2469,3.1949808597564697,1626,2.900520086288452,1,nan,0,nan,0
34,139264,2464.6,56.3,38.31,34.4,10,0.125,33,0.18181818181818182,202,40,135,10,17,0,0,17,-4.393794208082572,20.39108910891089,-0.9922844171524048,0.0,,-0.019291885872371496,36.09319036006927,3.381758213043213,5.487074029445648,0.020041431233403274,0.18212890625,9.377311992645264,0.0,0.1820809245109558,0.0002898669396110542,-0.5743303298950195,4.908327579498291,2491,3.312880754470825,1593,4.060928821563721,12,nan,0,nan,0
35,143360,2537.8,56.3,38.39,34.37,10,0.125,227,0.20704845814977973,194,41,132,12,9,0,0,23,-4.458611189129419,20.871134020618555,-0.9502102732658386,0.0,,-0.01520513992290944,37.04962561130524,3.3756594896316527,5.681627023220062,0.019657739688409493,0.196240234375,9.736716187000274,0.0,0.1885664463043213,0.0002895598771750256,-0.5759372711181641,4.982406139373779,2527,3.2882368564605713,1567,1.6913679838180542,2,nan,0,nan,0
36,147456,2611.1,56.2,38.44,34.44,10,0.125,429,0.20512820512820512,202,41,141,10,10,0,0,25,-4.1444330807522505,20.46039603960396,-0.99247145652771,0.0,,-0.016395001066848637,37.06104460954666,3.367680752277374,5.521560114622116,0.022178277088096367,0.181884765625,9.646467113494873,-5.820766091346741e-11,0.19403791427612305,0.0002892528147389969,-0.5783093571662903,4.814779758453369,2424,3.357105016708374,1652,3.15913724899292,20,nan,0,nan,0
37,151552,2684.0,56.5,38.1,34.42,10,0.125,117,0.18803418803418803,200,39,128,18,15,0,0,25,-4.338545058527243,20.5,-0.981650710105896,0.0,,-0.017726236692396924,35.71961966753006,3.35818897485733,5.62478346824646,0.022561453896923923,0.2060546875,9.877404379844666,-5.820766091346741e-11,0.20395320653915405,0.00028894575230296827,-0.5805466175079346,4.909212112426758,2545,3.2530393600463867,1537,3.0949692726135254,14,nan,0,nan,0
38,155648,2757.4,56.2,38.54,34.36,10,0.125,312,0.1891025641025641,195,37,137,9,12,0,0,21,-4.237146689131593,20.676923076923078,-0.9806497693061829,0.0,,-0.02162257181480527,34.512253773212436,3.348303759098053,5.606699150800705,0.03499340985144954,0.259423828125,8.51690479516983,-5.820766091346741e-11,0.214988112449646,0.0002886386898669396,-0.5835456848144531,4.962122440338135,2528,3.2504842281341553,1560,4.722712516784668,8,nan,0,nan,0
39,159744,2830.4,56.5,38.17,34.35,10,0.125,4,0.25,204,43,133,12,16,0,0,29,-4.51510110191398,20.014705882352942,-0.9635770320892334,0.0,,-0.020124699629377574,37.9789435505867,3.3365742206573485,5.439080864191055,0.0192315263353521,0.18125,9.360916024446487,0.0,0.20298337936401367,0.00028833162743091095,-0.5861625671386719,4.806931972503662,2544,3.2126898765563965,1550,5.112756252288818,2,nan,0,nan,0
40,163840,2904.3,55.8,39.06,34.35,10,0.125,218,0.22018348623853212,214,47,127,20,20,0,0,32,-4.508429136543449,19.439252336448597,-0.9513846635818481,0.0,,-0.013977659121155738,39.817953658103946,3.3266249656677247,5.469389742612838,0.03012355482496787,0.239794921875,7.410798978805542,-5.820766091346741e-11,0.1805247664451599,0.00028802456499488227,-0.5885297656059265,4.8194708824157715,2377,3.359839916229248,1705,4.247044086456299,14,nan,0,nan,0
41,167936,2977.5,56.2,38.44,34.41,10,0.125,430,0.22093023255813954,212,47,128,14,23,0,0,28,-4.5583386483126835,19.36320754716981,-0.9706882238388062,0.0,,-0.022324702120386064,41.12992653846741,3.317037057876587,5.490468043088913,0.04021563188580331,0.270947265625,9.327925062179565,0.0,0.18538498878479004,0.00028771750255885363,-0.590994119644165,4.807849884033203,2496,3.3513598442077637,1585,4.447192192077637,15,nan,0,nan,0
42,172032,3050.6,56.5,38.16,34.39,10,0.125,122,0.13934426229508196,204,38,141,8,17,0,0,25,-4.520370495422727,19.808823529411764,-0.9867821931838989,0.0,,-0.022236606338992715,34.41145085096359,3.3067246198654177,5.744504541158676,0.03997717188613024,0.265087890625,10.351985561847687,0.0,0.17809641361236572,0.00028741044012282495,-0.593552827835083,4.967241287231445,2435,3.3437135219573975,1655,3.8409948348999023,6,nan,0,nan,0
43,176128,3123.7,56.4,38.33,34.35,10,0.125,329,0.15501519756838905,207,34,140,16,17,0,0,23,-4.296272788993868,20.22705314009662,-1.0107074975967407,0.0,,-0.02032386972568929,31.22822934985161,3.2978124260902404,5.658236700296402,0.06057916802819818,0.323681640625,7.925011712312698,-5.820766091346741e-11,0.21511012315750122,0.0002871033776867963,-0.5953336954116821,4.948787212371826,2466,3.2917559146881104,1616,4.64865255355835,14,nan,0,nan,0
44,180224,3197.0,56.2,38.56,34.37,10,0.125,17,0.17647058823529413,200,34,132,18,16,0,0,24,-4.55940685957837,19.965,-0.9758583307266235,0.0,,-0.02592800370766781,31.373455214500428,3.291507136821747,5.708546435832977,0.04834966806229204,0.270263671875,6.713890194892883,-5.820766091346741e-11,0.19960641860961914,0.0002867963152507676,-0.5970214605331421,4.916160583496094,2400,3.4446606636047363,1686,4.848423480987549,10,nan,0,nan,0
45,184320,3270.6,56.0,38.75,34.37,10,0.125,234,0.21794871794871795,217,48,131,15,23,0,0,24,-4.836533620967021,19.110599078341014,-0.9384604692459106,0.0,,-0.019176817848347127,40.20451102256775,3.2845229864120484,5.415939998626709,0.03185958459507674,0.2564453125,10.213166737556458,-1.7462298274040222e-10,0.15425771474838257,0.000286489252814739,-0.5988152027130127,4.770585536956787,2379,3.31876802444458,1713,4.193943977355957,4,nan,0,nan,0
46,188416,3343.6,56.5,38.14,34.4,10,0.125,443,0.2144469525959368,209,44,138,8,19,0,0,21,-4.65645347038053,19.526315789473685,-0.9439423680305481,0.0,,-0.024593976349569856,37.38794504404068,3.2776239037513735,5.573762679100037,0.037613706442061814,0.260205078125,9.191623818874358,-5.820766091346741e-11,0.1774994134902954,0.0002861821903787103,-0.600531280040741,4.805898189544678,2430,3.293741464614868,1657,5.706419944763184,9,nan,0,nan,0
47,192512,3417.7,55.6,39.28,34.37,10,0.125,139,0.28776978417266186,208,57,124,9,18,0,0,37,-4.879743867945495,19.802884615384617,-0.873958945274353,0.0,,-0.021156552829779685,46.58177657127381,3.271127235889435,5.590067726373673,0.028814518477884122,0.233837890625,9.735520923137665,-1.1641532182693481e-10,0.16684168577194214,0.0002858751279426817,-0.6017649173736572,4.850497722625732,2604,3.2529454231262207,1490,4.567852973937988,2,nan,0,nan,0
48,196608,3491.3,56.1,38.67,34.4,10,0.125,337,0.23738872403560832,198,40,143,4,11,0,0,27,-4.544490787038282,20.535353535353536,-0.9520873427391052,0.0,,-0.0216868493007496,35.06705676317215,3.264462947845459,5.993792945146561,0.032559315409162085,0.2361328125,10.291044926643371,-1.1641532182693481e-10,0.16673022508621216,0.000285568065506653,-0.6045024394989014,5.077164649963379,2496,3.4293885231018066,1592,4.223461151123047,8,nan,0,nan,0
49,200704,3564.0,56.6,37.92,34.41,10,0.125,27,0.2222222222222222,202,39,135,9,19,0,0,22,-4.691934182387995,20.262376237623762,-0.989740788936615,0.0,,-0.019062922103330493,36.733778178691864,3.2515477180480956,5.66352658867836,0.054181648421217685,0.322412109375,9.645875787734985,0.0,0.19768309593200684,0.00028526100307062435,-0.6076613664627075,4.925786972045898,2479,3.4643595218658447,1611,3.7845776081085205,6,nan,0,nan,0
50,204800,3637.8,55.8,38.99,34.4,10,0.125,236,0.16101694915254236,209,32,133,19,25,0,0,18,-4.566072277175033,19.736842105263158,-1.0128828287124634,0.0,,-0.01861171557684429,30.86816822886467,3.2412914276123046,5.7374614715576175,0.05577223043655977,0.33525390625,9.076519429683685,0.0,0.19924962520599365,0.00028495394063459567,-0.6094248294830322,4.967553615570068,2362,3.4718198776245117,1722,5.084323406219482,12,nan,0,nan,0
51,208896,3710.6,56.7,37.88,34.38,10,0.125,445,0.15955056179775282,209,33,142,10,24,0,0,23,-4.635584261327075,19.464114832535884,-1.028107762336731,0.0,,-0.023479238129220904,30.616895985603332,3.2340855717659,5.637619072198868,0.04738870160363149,0.29609375,8.29600847363472,-1.1641532182693481e-10,0.22210180759429932,0.00028464687819856703,-0.6117920875549316,4.930544376373291,2391,3.3690054416656494,1683,4.586190700531006,22,nan,0,nan,0
52,212992,3783.2,56.8,37.71,34.4,10,0.125,145,0.15862068965517243,212,36,137,9,30,0,0,23,-4.671151050899697,19.25943396226415,-0.9785047173500061,0.0,,-0.012367947353050112,32.36886061429978,3.225135588645935,5.861256492137909,0.05406060383829754,0.340380859375,7.747590041160583,-1.7462298274040222e-10,0.20089328289031982,0.00028433981576253835,-0.6132794618606567,5.017340660095215,2465,3.4104981422424316,1627,2.6619503498077393,4,nan,0,nan,0
53,217088,3857.2,55.6,39.29,34.37,10,0.125,360,0.18888888888888888,215,45,136,15,19,0,0,21,-4.339187626146687,19.325581395348838,-0.9419062733650208,0.0,,-0.018335839011706413,37.89947423934937,3.220415139198303,5.5208029568195345,0.051643139123916625,0.31064453125,10.770276725292206,-5.820766091346741e-11,0.18766283988952637,0.0002840327533265097,-0.6144382357597351,4.769262790679932,2531,3.299790382385254,1562,4.403677463531494,3,nan,0,nan,0
54,221184,3930.8,56.0,38.72,34.39,10,0.125,64,0.21875,216,41,141,12,22,0,0,28,-4.684333055074005,18.962962962962962,-0.9544545412063599,0.0,,-0.032419052917975935,34.3521151304245,3.2140543341636656,5.565554296970367,0.031080025757546537,0.253857421875,9.380929708480835,-5.820766091346741e-11,0.14901328086853027,0.000283725690890481,-0.6167176961898804,4.851966381072998,2496,3.258063316345215,1598,5.545051574707031,2,nan,0,nan,0
55,225280,4003.6,56.6,37.99,34.4,10,0.125,270,0.15185185185185185,206,27,149,7,23,0,0,17,-4.938589766550763,19.679611650485437,-1.0222231149673462,0.0,,-0.028272809920599683,26.08284687399864,3.2047812700271607,5.843468028306961,0.017758601429522968,0.193017578125,11.950812721252442,-5.820766091346741e-11,0.18882381916046143,0.0002834186284544524,-0.6189125776290894,4.994740009307861,2533,3.408292293548584,1555,5.162825584411621,8,nan,0,nan,0
56,229376,4077.1,56.1,38.62,34.39,10,0.125,482,0.14730290456431536,212,30,143,10,29,0,0,16,-4.87816722870743,19.52358490566038,-1.0192370414733887,0.0,,-0.03368542473763227,28.566865891218185,3.193912589550018,6.024409002065658,0.05330351513111964,0.314306640625,6.297226524353027,-5.820766091346741e-11,0.20332497358322144,0.0002831115660184237,-0.6224669218063354,5.064726829528809,2526,3.421172618865967,1562,4.236990451812744,8,nan,0,nan,0
57,233472,4150.8,55.9,38.9,34.36,10,0.125,187,0.1497326203208556,217,35,139,12,31,0,0,19,-4.943610893061158,18.48847926267281,-0.9799867272377014,0.0,,-0.022500391607172786,30.76745135188103,3.179839754104614,5.925688171386719,0.03809590802993625,0.263916015625,10.498723995685577,-1.1641532182693481e-10,0.18914306163787842,0.0002828045035823951,-0.6255526542663574,5.014196395874023,2603,3.4201011657714844,1476,4.107760906219482,17,nan,0,nan,0
58,237568,4224.5,55.9,38.87,34.45,10,0.125,412,0.16262135922330098,225,39,145,9,32,0,0,25,-4.655171474421906,18.511111111111113,-1.0092358589172363,0.0,,-0.022349515464156866,32.882268130779266,3.1662212371826173,5.7491952121257786,0.0666243300162023,0.305029296875,7.86000365614891,-1.7462298274040222e-10,0.19348305463790894,0.0002824974411463664,-0.6298691034317017,4.925081729888916,2554,3.3439323902130127,1542,nan,0,nan,0,nan,0
59,241664,4297.3,56.7,37.93,34.37,10,0.125,116,0.1206896551724138,216,26,144,8,38,0,0,19,-4.9217886792382695,18.73148148148148,-1.0367586612701416,0.0,,-0.012025570403784514,23.816127103567123,3.150926661491394,5.987159776687622,0.12907088092470076,0.470068359375,7.463224130868912,-2.9103830456733704e-10,0.22238671779632568,0.00028219037871033775,-0.6322637796401978,5.089138984680176,2524,3.539870023727417,1563,3.339430809020996,9,nan,0,nan,0
60,245760,4370.6,56.2,38.46,34.36,10,0.125,328,0.13414634146341464,212,30,132,13,37,0,0,15,-5.081297773292606,19.35377358490566,-1.0136126279830933,0.0,,-0.023654935602098703,26.470101529359816,3.1435946583747865,6.067422205209732,0.0612304668786237,0.37060546875,7.797665256261825,-1.1641532182693481e-10,0.2400035858154297,0.00028188331627430907,-0.6340271830558777,5.157707214355469,2536,3.4917798042297363,1559,4.930409908294678,1,nan,0,nan,0
61,249856,4444.3,55.9,38.82,34.39,10,0.125,48,0.08333333333333333,232,38,143,10,41,0,0,24,-4.8276844153680445,17.724137931034484,-1.011610507965088,0.0,,-0.018918833433417603,31.835220217704773,3.136004626750946,5.738383322954178,0.04490122356801294,0.330859375,10.36204398870468,-5.820766091346741e-11,0.1982177495956421,0.00028157625383828043,-0.6360183358192444,4.926152229309082,2542,3.4807116985321045,1548,3.926730155944824,6,nan,0,nan,0
62,253952,4518.1,55.9,38.94,34.38,10,0.125,279,0.14695340501792115,231,37,146,8,40,0,0,22,-4.981919405491334,17.89177489177489,-1.0271077156066895,0.0,,-0.019927763473242523,31.749445551633833,3.1279793620109557,5.890338855981827,0.0687745269475272,0.38369140625,9.831161051988602,-1.7462298274040222e-10,0.19127488136291504,0.0002812691914022518,-0.6379741430282593,4.903234481811523,2465,3.5921671390533447,1631,nan,0,nan,0,nan,0
63,258048,4591.8,55.9,38.86,34.38,10,0.125,507,0.16962524654832348,228,45,135,9,39,0,0,24,-4.565179400133282,18.035087719298247,-0.9548095464706421,0.0,,-0.03430281521868892,35.59012931585312,3.119718861579895,5.6560074031353,0.04537733149190899,0.300341796875,7.0660672128200535,0.0,0.18935203552246094,0.0002809621289662231,-0.640572190284729,4.81522798538208,2525,3.424455165863037,1570,4.757584571838379,1,nan,0,nan,0
64,262144,4664.9,56.4,38.26,34.4,10,0.125,226,0.11946902654867257,231,28,146,7,50,0,0,16,-5.036280280017545,17.67965367965368,-1.0590693950653076,0.0,,-0.023558702762238683,25.401122325658797,3.1084890127182008,5.996761935949325,0.046156275796238336,0.323486328125,10.667041349411011,-2.3283064365386963e-10,0.17639029026031494,0.0002806550665301945,-0.6429531574249268,5.0608038902282715,2430,3.610790729522705,1664,2.741044521331787,2,nan,0,nan,0
65,266240,4738.7,55.9,38.97,34.36,10,0.125,457,0.15536105032822758,231,44,126,17,44,0,0,25,-4.914738719454868,17.71861471861472,-0.9550896883010864,0.0,,-0.01328092215117067,36.776587104797365,3.1017980098724367,5.89553724527359,0.08300862477335613,0.356689453125,10.558419227600098,-1.7462298274040222e-10,0.18016672134399414,0.0002803480040941658,-0.6439839005470276,4.919703006744385,2479,3.5889434814453125,1615,5.0896525382995605,2,nan,0,nan,0
66,270336,4812.1,56.1,38.59,34.42,10,0.125,174,0.13793103448275862,229,30,147,13,39,0,0,20,-5.110800014451866,17.99126637554585,-1.0242750644683838,0.0,,-0.02170059704221785,26.15055759549141,3.0976763367652893,5.96670001745224,0.058445016574114564,0.309326171875,9.72140829563141,-2.3283064365386963e-10,0.1578325629234314,0.00028004094165813716,-0.6455174088478088,4.984948635101318,2522,3.52234148979187,1573,5.613542079925537,1,nan,0,nan,0
67,274432,4885.3,56.3,38.33,34.37,10,0.125,396,0.14898989898989898,222,35,137,7,43,0,0,21,-4.9416363297098025,18.34234234234234,-1.0003468990325928,0.0,,-0.02434742688201368,31.08701330423355,3.090457355976105,6.10160653591156,0.04621225740120281,0.3041015625,9.00938277244568,-1.7462298274040222e-10,0.18436843156814575,0.0002797338792221085,-0.647294819355011,5.089532375335693,2451,3.609111785888672,1642,3.654857635498047,3,nan,0,nan,0
68,278528,4958.6,56.2,38.44,34.4,10,0.125,110,0.16363636363636364,226,36,140,6,44,0,0,20,-5.003551571783131,18.08407079646018,-0.9852458834648132,0.0,,-0.02383412914350629,31.609095293283463,3.08088858127594,6.020309692621231,0.052760337208746934,0.33466796875,7.875597548484802,-1.7462298274040222e-10,0.17885428667068481,0.00027942681678607984,-0.6505389213562012,5.014388561248779,2471,3.5833916664123535,1621,4.309150218963623,4,nan,0,nan,0
69,282624,5031.6,56.5,38.1,34.42,10,0.125,333,0.1831831831831832,223,43,126,10,44,0,0,24,-5.018951036921208,18.417040358744394,-0.9335407018661499,0.0,,-0.020875906629953533,35.65611292123795,3.068966472148895,6.122601491212845,0.04237282344256528,0.27880859375,9.960470628738403,-1.1641532182693481e-10,0.167333722114563,0.00027911975435005116,-0.6529936194419861,5.1094746589660645,2450,3.5942938327789307,1643,2.4533653259277344,3,nan,0,nan,0
70,286720,5105.3,55.9,38.8,34.42,10,0.125,50,0.26,229,49,119,10,51,0,0,31,-5.105122549562719,17.759825327510917,-0.9113671183586121,0.0,,-0.029270773031748833,36.77484927177429,3.0603048324584963,5.894702154397964,0.03943070680543315,0.268994140625,8.830363023281098,0.0,0.16791975498199463,0.0002788126919140225,-0.6547958850860596,4.862377166748047,2499,3.5703020095825195,1592,4.402681827545166,5,nan,0,nan,0
71,290816,5178.1,56.6,37.92,34.4,10,0.125,278,0.17985611510791366,228,37,134,11,46,0,0,17,-4.70993473319799,18.135964912280702,-0.9831085205078125,0.0,,-0.037520359409973024,31.361400163173677,3.0521960616111756,6.160123538970947,0.0450379024783615,0.302685546875,6.742335867881775,-1.7462298274040222e-10,0.139306902885437,0.00027850562947799384,-0.6575647592544556,5.060473918914795,2431,3.5673274993896484,1651,3.375181198120117,14,nan,0,nan,0
72,294912,5251.7,56.0,38.7,34.42,10,0.125,504,0.18055555555555555,226,41,123,17,45,0,0,27,-4.852772098796399,17.871681415929203,-0.941687822341919,0.0,,-0.030139314662665128,32.98983476161957,3.0399667978286744,5.977109199762344,0.08532120240852237,0.38359375,6.440441048145294,-4.656612873077393e-10,0.17376500368118286,0.0002781985670419652,-0.6603390574455261,4.977815628051758,2490,3.4806699752807617,1606,nan,0,nan,0,nan,0
73,299008,5325.2,56.1,38.65,34.4,10,0.125,217,0.1382488479262673,225,30,146,10,39,0,0,16,-5.516272086681462,18.253333333333334,-1.0110766887664795,0.0,,-0.020715684350579976,27.562913286685944,3.030849277973175,6.159854644536972,0.04847613742167596,0.33232421875,8.325348329544067,-2.9103830456733704e-10,0.1662510633468628,0.0002778915046059365,-0.6623818874359131,5.104213714599609,2337,3.578418493270874,1754,5.862680912017822,5,nan,0,nan,0
74,303104,5398.5,56.2,38.44,34.4,10,0.125,437,0.15560640732265446,220,38,137,11,34,0,0,24,-5.623832798197821,18.70909090909091,-0.9441512823104858,0.0,,-0.027081020129844546,34.00177845954895,3.0223336696624754,6.3133543014526365,0.09309353065036703,0.4271484375,5.8125333964824675,-1.7462298274040222e-10,0.16040658950805664,0.0002775844421699079,-0.6647269129753113,5.035155773162842,2438,3.608004331588745,1652,4.253502368927002,6,nan,0,nan,0
75,307200,5471.9,56.2,38.5,34.42,10,0.125,165,0.19393939393939394,240,44,124,16,56,0,0,26,-5.396428909461796,16.979166666666668,-0.9300745725631714,0.0,,-0.007620098011102527,35.387090349197386,3.012023138999939,6.122759133577347,0.08894732109911274,0.446923828125,9.217907071113586,-2.9103830456733704e-10,0.14967656135559082,0.0002772773797338792,-0.6670544147491455,4.994258880615234,2368,3.5985472202301025,1721,3.7379090785980225,7,nan,0,nan,0
76,311296,5544.9,56.4,38.12,34.46,10,0.125,393,0.1806615776081425,228,39,120,7,62,0,0,24,-5.4771701082294495,17.978070175438596,-0.9364742040634155,0.0,,-0.030905676505062728,32.27810715436935,3.0048659324645994,6.343405669927597,0.07511555117671379,0.396826171875,7.637306225299835,-1.1641532182693481e-10,0.1414148211479187,0.00027697031729785056,-0.6683928966522217,5.191795349121094,2502,3.57330322265625,1593,5.010828495025635,1,nan,0,nan,0
77,315392,5618.6,56.0,38.79,34.41,10,0.125,124,0.24193548387096775,243,50,125,13,55,0,0,24,-5.316884781874403,17.069958847736626,-0.9243801236152649,0.0,,-0.030723343882709742,37.93701958656311,2.9976561307907104,5.8001363515853885,0.07312595058174338,0.39130859375,7.709109699726104,-1.1641532182693481e-10,0.15839886665344238,0.0002766632548618219,-0.670903742313385,4.7923359870910645,2319,3.5240213871002197,1773,5.152555465698242,4,nan,0,nan,0
78,319488,5692.3,56.0,38.75,34.42,10,0.125,360,0.2111111111111111,236,46,122,13,55,0,0,28,-4.840797080027842,17.194915254237287,-0.9135972857475281,0.0,,-0.03318048664368689,33.92180020809174,2.988486874103546,6.181097322702408,0.10108321326842998,0.388671875,5.1691633582115175,-4.0745362639427185e-10,0.1540481448173523,0.00027635619242579324,-0.6728609204292297,5.034051895141602,2373,3.606715202331543,1713,5.121563911437988,10,nan,0,nan,0
79,323584,5765.7,56.1,38.58,34.41,10,0.125,87,0.1724137931034483,239,37,129,9,64,0,0,24,-5.1596618277710125,17.00418410041841,-0.9686071872711182,0.0,,-0.02885954312514514,30.068207442760468,2.9794714570045473,6.107616126537323,0.09986146239680238,0.41044921875,8.547010338306427,-4.656612873077393e-10,0.1599581241607666,0.00027604912998976456,-0.6753897070884705,5.036436557769775,2380,3.62357497215271,1716,nan,0,nan,0,nan,0
80,327680,5838.9,56.3,38.3,34.44,10,0.125,335,0.1582089552238806,248,38,134,11,65,0,0,19,-5.219885952441549,16.830645161290324,-0.9856822490692139,0.0,,-0.03408050638390705,31.47260640859604,2.9709607481956484,6.234755438566208,0.059519855753751474,0.353515625,6.263052845001221,-5.820766091346741e-11,0.13445580005645752,0.0002757420675537359,-0.6769961714744568,4.956744194030762,2362,3.7426328659057617,1730,5.739015579223633,4,nan,0,nan,0
81,331776,5912.0,56.4,38.19,34.39,10,0.125,54,0.16666666666666666,231,41,127,9,54,0,0,23,-5.266525733208074,17.571428571428573,-0.9329485893249512,0.0,,-0.019508388824760914,34.93471450805664,2.965295732021332,6.12521470785141,0.11661222794209607,0.4296875,9.5915236890316,-4.656612873077393e-10,0.13912749290466309,0.00027543500511770724,-0.6784915924072266,5.028293609619141,2402,3.5959665775299072,1683,3.820957899093628,11,nan,0,nan,0
82,335872,5985.4,56.1,38.53,34.43,10,0.125,301,0.18604651162790697,247,47,114,9,77,0,0,33,-4.890019131548537,16.5668016194332,-0.9385544061660767,0.0,,-0.026671899808570744,35.85936987400055,2.9584482312202454,6.103576523065567,0.049176239289226945,0.31513671875,9.276986134052276,-5.820766091346741e-10,0.1603144407272339,0.0002751279426816786,-0.680625855922699,5.017011642456055,2422,3.601562738418579,1668,3.692390203475952,6,nan,0,nan,0
83,339968,6059.0,56.0,38.72,34.42,10,0.125,28,0.21428571428571427,239,34,145,6,54,0,0,19,-5.288459842951322,17.209205020920503,-0.9633448123931885,0.0,,-0.026156248920597137,27.687199461460114,2.9483914494514467,6.253712910413742,0.05973641553136986,0.3794921875,8.371226596832276,-2.9103830456733704e-10,0.15255826711654663,0.0002748208802456499,-0.6829099655151367,5.070684432983398,2304,3.6258163452148438,1780,3.3971493244171143,12,nan,0,nan,0
84,344064,6131.9,56.5,38.02,34.42,10,0.125,266,0.15789473684210525,238,36,132,11,59,0,0,23,-5.019792318224355,17.07983193277311,-0.9795436859130859,0.0,,-0.0247213966678828,29.88002953529358,2.9402172446250914,6.19544426202774,0.08110188187565655,0.38359375,7.3538289070129395,-2.3283064365386963e-10,0.16394460201263428,0.0002745138178096213,-0.6848763227462769,5.000218391418457,2368,3.7000842094421387,1706,5.6661834716796875,22,nan,0,nan,0
85,348160,6205.0,56.4,38.21,34.42,10,0.125,501,0.15169660678642716,235,34,135,9,57,0,0,18,-5.177041235250975,17.382978723404257,-0.9669092297554016,0.0,,-0.039784190920181574,27.956951999664305,2.932291865348816,6.484938132762909,0.11290585883834865,0.428466796875,5.343513488769531,-2.9103830456733704e-10,0.1639014482498169,0.0002742067553735926,-0.6871771812438965,5.156229019165039,2370,3.7094616889953613,1723,1.9854217767715454,3,nan,0,nan,0
86,352256,6278.0,56.4,38.16,34.41,10,0.125,220,0.1409090909090909,231,35,125,11,60,0,0,25,-5.3090624085518705,17.792207792207794,-0.9436166882514954,0.0,,-0.03362210146151483,28.86091015338898,2.9217807769775392,6.289427572488785,0.08403753889724612,0.395751953125,7.002540600299835,-2.9103830456733704e-10,0.16956382989883423,0.00027389969293756396,-0.689793586730957,5.1833577156066895,2433,3.512096643447876,1662,2.5526130199432373,1,nan,0,nan,0
87,356352,6351.2,56.3,38.41,34.4,10,0.125,461,0.1561822125813449,241,41,136,11,53,0,0,20,-5.101676952592381,17.09128630705394,-0.95285964012146,0.0,,-0.015746843803208323,33.897119271755216,2.9130462050437926,6.194924789667129,0.08401089552498889,0.39482421875,8.136579859256745,-2.9103830456733704e-10,0.14823776483535767,0.0002735926305015353,-0.6919498443603516,4.951557159423828,2427,3.5887908935546875,1669,nan,0,nan,0,nan,0
88,360448,6424.7,56.1,38.57,34.43,10,0.125,184,0.14673913043478262,235,31,121,18,65,0,0,19,-5.550834900809388,17.31063829787234,-0.9694898128509521,0.0,,-0.0305620189756155,26.668770456314085,2.903074550628662,6.333571648597717,0.08393681581073906,0.388134765625,7.475095283985138,-5.238689482212067e-10,0.14857834577560425,0.00027328556806550665,-0.6943994164466858,5.1060404777526855,2387,3.595731258392334,1703,4.614264011383057,6,nan,0,nan,0
89,364544,6498.2,56.1,38.6,34.43,10,0.125,432,0.13194444444444445,248,30,136,17,65,0,0,12,-5.578186831491265,16.641129032258064,-1.0159120559692383,0.0,,-0.03613260874408297,25.740182870626448,2.892212677001953,6.310181510448456,0.04735293698613532,0.311865234375,6.552692615985871,-7.566995918750763e-10,0.15623897314071655,0.00027297850562947796,-0.6980063915252686,5.091004848480225,2314,3.6574313640594482,1779,4.395419597625732,3,nan,0,nan,0
90,368640,6571.2,56.4,38.14,34.43,10,0.125,154,0.18831168831168832,234,38,124,6,66,0,0,20,-5.822928928983952,17.32051282051282,-0.9400246143341064,0.0,,-0.03874378397595137,32.3939653635025,2.877968168258667,6.4482017993927006,0.055713593555265103,0.346044921875,8.64232977628708,-4.0745362639427185e-10,0.14036619663238525,0.0002726714431934493,-0.7008463740348816,5.1692070960998535,2442,3.6857616901397705,1653,4.293964385986328,1,nan,0,nan,0
91,372736,6644.1,56.5,38.06,34.47,10,0.125,401,0.14713216957605985,247,30,129,13,75,0,0,14,-5.5632620969588435,16.898785425101213,-0.9859052896499634,0.0,,-0.022494970308616757,26.126006686687468,2.8672728180885314,6.478813618421555,0.12115235502133145,0.395263671875,8.084135276079177,-2.3283064365386963e-10,0.14831411838531494,0.00027236438075742064,-0.7035229206085205,5.206377029418945,2326,3.7846202850341797,1758,4.123071193695068,12,nan,0,nan,0
92,376832,6717.4,56.3,38.36,34.45,10,0.125,132,0.08333333333333333,243,23,134,15,71,0,0,12,-5.271456298375911,16.74074074074074,-1.0286325216293335,0.0,,-0.02507267756154761,22.815822774171828,2.856315553188324,6.4414668619632724,0.10403181705041789,0.374560546875,7.56695556640625,-2.9103830456733704e-10,0.1433722972869873,0.000272057318321392,-0.7063592672348022,5.170845985412598,2300,3.7812376022338867,1787,3.071113109588623,9,nan,0,nan,0
93,380928,6791.0,56.1,38.61,34.45,10,0.125,376,0.11436170212765957,244,32,132,13,67,0,0,21,-5.13050238643395,16.62704918032787,-0.9777095317840576,0.0,,-0.030339409317821264,27.311304050683976,2.8454947233200074,6.075525856018066,0.06629040399566292,0.340380859375,7.964447093009949,-6.402842700481415e-10,0.16065430641174316,0.0002717502558853633,-0.7089295387268066,4.95719051361084,2278,3.6430351734161377,1814,4.134316444396973,4,nan,0,nan,0
94,385024,6864.8,55.8,38.96,34.42,10,0.125,110,0.13636363636363635,246,37,124,10,75,0,0,21,-5.318441198703523,16.764227642276424,-0.958598256111145,0.0,,-0.028867016057483853,31.143326890468597,2.8365931630134584,6.094990175962448,0.07113500274717807,0.38017578125,7.672193539142609,-3.4924596548080444e-10,0.15977317094802856,0.0002714431934493347,-0.7108224630355835,5.012001991271973,2407,3.571188449859619,1681,4.128379821777344,8,nan,0,nan,0
95,389120,6937.9,56.4,38.16,34.47,10,0.125,349,0.1489971346704871,239,37,128,16,58,0,0,22,-5.604258911719642,17.04602510460251,-0.9323136210441589,0.0,,-0.03249803176149726,31.099345397949218,2.828660178184509,6.2463936626911165,0.10761134434433188,0.39072265625,7.142358016967774,-5.820766091346741e-10,0.1369953751564026,0.000271136131013306,-0.7129881978034973,5.0358710289001465,2359,3.650376319885254,1735,2.194045305252075,2,nan,0,nan,0
96,393216,7010.9,56.4,38.15,34.42,10,0.125,82,0.10975609756097561,245,34,129,7,75,0,0,20,-5.259798135983504,16.579591836734693,-0.9770557880401611,0.0,,-0.03829323006793857,27.91369848847389,2.8183034539222716,6.277610093355179,0.09867877828655765,0.4046875,7.395091414451599,-6.984919309616089e-10,0.14296966791152954,0.00027082906857727737,-0.7157995700836182,5.020056247711182,2393,3.6881940364837646,1702,3.716315984725952,1,nan,0,nan,0
97,397312,7084.4,56.0,38.68,34.43,10,0.125,333,0.14714714714714713,251,40,128,12,71,0,0,21,-5.565766919346059,16.60159362549801,-0.9484779834747314,0.0,,-0.04093626411631703,31.331110727787017,2.808030879497528,6.238807201385498,0.0773077727877535,0.381884765625,7.26547139286995,-1.1641532182693481e-10,0.15132516622543335,0.0002705220061412487,-0.7181487083435059,4.981963157653809,2385,3.7611184120178223,1702,4.197544574737549,9,nan,0,nan,0
98,401408,7157.6,56.3,38.3,34.42,10,0.125,85,0.2,264,37,130,7,90,0,0,19,-5.221446383498344,15.575757575757576,-0.9830702543258667,0.0,,-0.030152714112773538,30.30117404460907,2.7973692536354067,6.254349231719971,0.12393264377606102,0.422265625,6.310669350624084,-6.984919309616089e-10,0.14403510093688965,0.00027021494370522005,-0.7214946746826172,4.975752830505371,2234,3.8325281143188477,1862,nan,0,nan,0,nan,0
99,405504,7230.7,56.4,38.25,34.41,10,0.125,328,0.17073170731707318,243,39,108,17,79,0,0,22,-5.518126056382051,16.604938271604937,-0.9143130779266357,0.0,,-0.024677713515120558,31.10573936700821,2.784455919265747,6.406658172607422,0.09996879895043094,0.42763671875,8.09768387079239,-1.1059455573558807e-09,0.14571046829223633,0.00026990788126919136,-0.7238932847976685,5.078611850738525,2468,3.716884136199951,1628,nan,0,nan,0,nan,0
100,409600,7304.2,56.1,38.59,34.41,10,0.125,68,0.16176470588235295,252,33,133,11,75,0,0,18,-5.527014566893847,16.24206349206349,-0.9788934588432312,0.0,,-0.004699667962267995,26.332581180334092,2.7783426642417908,6.377745413780213,0.11436211061663926,0.46669921875,9.065628027915954,-6.984919309616089e-10,0.15436077117919922,0.0002696008188331627,-0.7246559858322144,5.104717254638672,2414,3.7793502807617188,1682,nan,0,nan,0,nan,0
101,413696,7378.0,55.9,38.84,34.4,10,0.125,316,0.15822784810126583,248,39,124,14,71,0,0,25,-5.718015942278383,16.366935483870968,-0.9209588766098022,0.0,,-0.018794437451288105,31.39668200016022,2.7743914484977723,6.273163211345673,0.06372359873494134,0.37080078125,7.889350056648254,-1.1641532182693481e-09,0.13798600435256958,0.00026929375639713404,-0.7263222932815552,4.992249965667725,2339,3.593796968460083,1747,3.60007905960083,10,nan,0,nan,0
102,417792,7451.5,56.1,38.65,34.42,10,0.125,47,0.10638297872340426,243,35,135,12,61,0,0,20,-5.5627919120359355,17.22222222222222,-0.9489563703536987,0.0,,-0.030020233138930052,27.53488881587982,2.76570463180542,6.385258209705353,0.04698287296341732,0.302685546875,8.067793190479279,-1.7462298274040222e-10,0.1520187258720398,0.0002689866939611054,-0.7290593981742859,5.076894283294678,2311,3.7054214477539062,1775,3.923295497894287,10,nan,0,nan,0
103,421888,7525.0,56.0,38.7,34.42,10,0.125,286,0.1888111888111888,239,49,126,8,56,0,0,29,-5.001769582756944,16.89539748953975,-0.8584624528884888,0.0,,-0.03574053761549294,35.20545692443848,2.7548645377159118,5.986109244823456,0.049984459779807366,0.29580078125,10.518498349189759,-2.9103830456733704e-10,0.1696033477783203,0.0002686796315250768,-0.7313073873519897,4.826324939727783,2376,3.6153690814971924,1718,3.2205584049224854,2,nan,0,nan,0
104,425984,7598.0,56.5,38.08,34.42,10,0.125,12,0.16666666666666666,238,39,138,10,51,0,0,21,-5.054534738567959,17.516806722689076,-0.8944860696792603,0.0,,-0.03237639358267188,31.323952436447144,2.7478084802627563,6.025132167339325,0.06895148738985882,0.36142578125,8.431285083293915,-5.820766091346741e-10,0.12557166814804077,0.0002683725690890481,-0.732748806476593,4.923720836639404,2393,3.54996919631958,1698,3.710312604904175,5,nan,0,nan,0
105,430080,7671.5,56.1,38.65,34.41,10,0.125,258,0.16279069767441862,246,40,117,13,76,0,0,27,-5.53785708007115,16.520325203252032,-0.8993322849273682,0.0,,-0.03745643007569015,32.10017277002335,2.740880608558655,6.091659539937973,0.062029766937484965,0.33447265625,8.287812685966491,-5.820766091346741e-10,0.1264464259147644,0.00026806550665301945,-0.7350428700447083,4.934686660766602,2345,3.575335741043091,1736,3.5685293674468994,15,nan,0,nan,0
106,434176,7745.2,55.9,38.89,34.38,10,0.125,501,0.17365269461077845,243,45,124,9,65,0,0,24,-4.951584834807517,16.88888888888889,-0.8652163743972778,0.0,,-0.03495478737168014,34.182322764396666,2.7288580536842346,5.935408937931061,0.06520441858447157,0.333447265625,6.834621632099152,-6.402842700481415e-10,0.137664794921875,0.00026775844421699077,-0.7389605045318604,4.879670143127441,2474,3.5851950645446777,1619,3.0335628986358643,3,nan,0,nan,0
107,438272,7818.8,56.0,38.68,34.41,10,0.125,222,0.17117117117117117,233,41,126,12,54,0,0,28,-5.253420827252249,17.609442060085836,-0.8594108819961548,0.0,,-0.031031446892302483,31.58014065027237,2.7128901958465574,6.328251922130585,0.06037131935590878,0.3671875,8.089389276504516,-1.7462298274040222e-10,0.1389715075492859,0.00026745138178096213,-0.7424393892288208,5.06570291519165,2433,3.5617730617523193,1662,3.014498472213745,1,nan,0,nan,0
108,442368,7891.9,56.4,38.21,34.4,10,0.125,472,0.163135593220339,250,39,127,12,72,0,0,27,-5.991641977934119,16.416,-0.9014687538146973,0.0,,-0.0399052037158981,31.601793622970582,2.701672112941742,6.255674368143081,0.06687793336459436,0.3392578125,7.082633554935455,-1.1641532182693481e-10,0.12592369318008423,0.00026714431934493345,-0.7446438670158386,4.958395957946777,2433,3.671720027923584,1663,nan,0,nan,0,nan,0
109,446464,7965.0,56.3,38.35,34.39,10,0.125,199,0.19095477386934673,239,44,116,12,67,0,0,23,-5.536645382852238,16.93723849372385,-0.8696235418319702,0.0,,-0.04524950152263045,34.161226105690005,2.6912155508995057,6.258153259754181,0.0694463086372707,0.357373046875,6.50097177028656,-5.238689482212067e-10,0.12797951698303223,0.0002668372569089048,-0.7477816939353943,4.973296165466309,2438,3.6849052906036377,1647,5.372929096221924,11,nan,0,nan,0
110,450560,8038.8,55.9,38.89,34.4,10,0.125,448,0.19419642857142858,249,49,119,16,65,0,0,27,-5.32022350824496,16.502008032128515,-0.8761453032493591,0.0,,-0.03791264935862273,35.426085877418515,2.67990847826004,6.270999950170517,0.06185931776708457,0.3333984375,8.014750492572784,-1.1641532182693481e-09,0.14099043607711792,0.00026653019447287613,-0.7503743171691895,5.042378902435303,2356,3.6703743934631348,1731,4.262595176696777,9,nan,0,nan,0
111,454656,8111.9,56.4,38.24,34.41,10,0.125,180,0.2,244,41,127,8,68,0,0,29,-5.318302367385559,16.954918032786885,-0.8917184472084045,0.0,,-0.03490807274356485,32.09428445696831,2.6707150816917418,6.211397939920426,0.0679748844500864,0.370654296875,7.428851795196533,-5.238689482212067e-10,0.14178383350372314,0.0002662231320368475,-0.752053439617157,4.993556976318359,2344,3.6641898155212402,1738,5.3140764236450195,14,nan,0,nan,0
112,458752,8185.2,56.2,38.53,34.39,10,0.125,424,0.1721698113207547,244,37,117,13,77,0,0,24,-5.427167482367027,16.684426229508198,-0.9080996513366699,0.0,,-0.031803295109421016,28.57578636407852,2.665329325199127,6.302000951766968,0.06684052921773401,0.381005859375,7.632038021087647,-8.731149137020111e-10,0.1581076979637146,0.0002659160696008188,-0.7533597350120544,5.05454158782959,2397,3.7076992988586426,1693,3.3647916316986084,6,nan,0,nan,0
113,462848,8258.7,56.2,38.52,34.42,10,0.125,163,0.1165644171779141,251,28,129,15,79,0,0,18,-5.06241397708164,16.13545816733068,-0.9708343148231506,0.0,,-0.03526608408428729,23.642254728078843,2.6586682558059693,6.207106947898865,0.06041017528623342,0.34833984375,7.609768497943878,-6.984919309616089e-10,0.14051681756973267,0.0002656090071647902,-0.7552710771560669,4.967966079711914,2315,3.676994562149048,1773,5.644343852996826,8,nan,0,nan,0
114,466944,8332.2,56.0,38.67,34.45,10,0.125,420,0.1380952380952381,257,39,124,14,80,0,0,19,-5.689438834059215,16.01556420233463,-0.9483367204666138,0.0,,-0.0385880401590839,30.20136069059372,2.652493119239807,6.2594896972179415,0.06356713436252903,0.32333984375,9.196662032604218,-5.820766091346741e-10,0.1410229206085205,0.0002653019447287615,-0.7564305067062378,5.0218377113342285,2233,3.714634656906128,1863,nan,0,nan,0,nan,0
115,471040,8405.4,56.3,38.35,34.41,10,0.125,155,0.14193548387096774,247,38,132,12,65,0,0,24,-5.849381410823083,16.558704453441294,-0.899675190448761,0.0,,-0.03194491770118475,28.99303070306778,2.6466371774673463,6.241734731197357,0.08074081450758967,0.373583984375,7.903358066082001,-4.0745362639427185e-10,0.13023847341537476,0.00026499488229273286,-0.7584851384162903,4.968051433563232,2410,3.6716437339782715,1684,3.1403656005859375,2,nan,0,nan,0
116,475136,8478.8,56.3,38.41,34.41,10,0.125,407,0.14250614250614252,252,36,126,13,77,0,0,20,-5.492762861858909,16.33730158730159,-0.925182580947876,0.0,,-0.03733723342884332,28.792964988946913,2.6372950434684754,6.228959882259369,0.0635836678207852,0.3529296875,6.981491255760193,-1.1059455573558807e-09,0.14536070823669434,0.00026468781985670417,-0.7609527111053467,4.984297752380371,2409,3.704883098602295,1683,2.138296365737915,4,nan,0,nan,0
117,479232,8552.3,56.1,38.62,34.42,10,0.125,148,0.11486486486486487,253,36,115,15,87,0,0,20,-4.965402277630005,16.14624505928854,-0.9349953532218933,0.0,,-0.02661516428925097,26.9752346098423,2.627760648727417,5.831830608844757,0.06018888479738962,0.35546875,8.663343453407288,-6.402842700481415e-10,0.13770920038223267,0.00026438075742067554,-0.7630528211593628,4.815635681152344,2408,3.594198703765869,1682,3.347005844116211,6,nan,0,nan,0
118,483328,8625.7,56.2,38.45,34.41,10,0.125,401,0.14713216957605985,253,42,121,13,77,0,0,23,-5.394766655403145,16.31225296442688,-0.90216463804245,0.0,,-0.0415756018133834,32.127761667966844,2.6198113799095153,6.038602876663208,0.06782694204594009,0.338037109375,6.344699990749359,-6.984919309616089e-10,0.15414512157440186,0.00026407369498464685,-0.7650876045227051,4.925872325897217,2411,3.6174120903015137,1685,nan,0,nan,0,nan,0
119,487424,8698.7,56.4,38.19,34.46,10,0.125,125,0.176,236,36,137,10,53,0,0,15,-5.283057109814511,17.08050847457627,-0.8875745534896851,0.0,,-0.038813373690936716,27.947347515821455,2.6093037366867065,6.140053343772888,0.06238138426851947,0.328955078125,8.147983741760253,-1.0477378964424133e-09,0.13153964281082153,0.0002637666325486182,-0.7684777975082397,4.909224033355713,2471,3.584986686706543,1619,3.9904019832611084,6,nan,0,nan,0
120,491520,8772.3,56.0,38.65,34.44,10,0.125,377,0.1830238726790451,252,47,114,13,78,0,0,25,-5.432832446405704,16.357142857142858,-0.872383177280426,0.0,,-0.04228092192206532,33.29987144470215,2.5970162749290466,6.212873637676239,0.041787038897746244,0.29111328125,9.084438860416412,-9.313225746154785e-10,0.16742783784866333,0.00026345957011258953,-0.7709502577781677,4.885015964508057,2310,3.7973179817199707,1777,3.5464670658111572,9,nan,0,nan,0
121,495616,8845.5,56.3,38.31,34.4,10,0.125,110,0.12727272727272726,245,39,115,17,74,0,0,27,-5.623913401645244,16.648979591836735,-0.9002881050109863,0.0,,-0.03574647919740528,29.16712702512741,2.58848797082901,6.41193408370018,0.12560458487132564,0.417333984375,6.294846326112747,-6.402842700481415e-10,0.15693551301956177,0.0002631525076765609,-0.7726922035217285,5.0676374435424805,2435,3.754209041595459,1661,nan,0,nan,0,nan,0
122,499712,8919.2,56.0,38.78,34.38,10,0.125,348,0.15229885057471265,238,39,123,16,60,0,0,23,-5.415142976323488,17.294117647058822,-0.8822225332260132,0.0,,-0.03738428892102093,31.753443515300752,2.581919813156128,6.280563247203827,0.09242995564709418,0.424951171875,6.406007707118988,1.1641532182693481e-10,0.13266760110855103,0.0002628454452405322,-0.7741657495498657,5.025388717651367,2397,3.6452646255493164,1691,4.227938175201416,8,nan,0,nan,0
123,503808,8992.3,56.4,38.15,34.44,10,0.125,81,0.09876543209876543,245,28,130,13,74,0,0,18,-5.363347991764606,16.930612244897958,-0.9468647241592407,0.0,,-0.04143237479729578,24.378710395097734,2.5759188890457154,6.641672450304031,0.05241237039736006,0.320166015625,7.174475300312042,-4.0745362639427185e-10,0.14481455087661743,0.0002625383828045036,-0.776043176651001,5.269651412963867,2312,3.7537271976470947,1783,4.975481033325195,1,nan,0,nan,0
124,507904,9065.7,56.2,38.53,34.41,10,0.125,324,0.14506172839506173,243,39,119,21,64,0,0,16,-5.172886522957165,16.432098765432098,-0.9056574106216431,0.0,,-0.040928131877444686,30.570301055908203,2.567398154735565,6.0107823491096495,0.05790666985558346,0.318310546875,8.441290044784546,-8.731149137020111e-10,0.15118372440338135,0.0002622313203684749,-0.7782800197601318,4.739704132080078,2368,3.7406506538391113,1713,4.046346664428711,15,nan,0,nan,0
125,512000,9139.1,56.1,38.55,34.43,10,0.125,61,0.14754098360655737,249,40,135,15,59,0,0,26,-5.288867833386315,16.666666666666668,-0.8907147645950317,0.0,,-0.041449136659502984,30.724190056324005,2.557878279685974,6.005995643138886,0.061117706060758795,0.32744140625,7.925499629974365,-5.238689482212067e-10,0.14124882221221924,0.00026192425793244626,-0.7809255123138428,4.869388103485107,2338,3.4830358028411865,1755,2.4785890579223633,3,nan,0,nan,0
126,516096,9212.0,56.6,38.0,34.42,10,0.125,294,0.17346938775510204,233,42,121,12,58,0,0,28,-5.410556908552036,17.669527896995707,-0.8376643657684326,0.0,,-0.034181015874492,32.786312508583066,2.549206328392029,6.5949387609958645,0.0652562043396756,0.368798828125,8.02898006439209,-5.820766091346741e-10,0.15050071477890015,0.00026161719549641757,-0.78220534324646,5.136678218841553,2402,3.7639365196228027,1688,2.99092173576355,6,nan,0,nan,0
127,520192,9285.3,56.2,38.36,34.46,10,0.125,21,0.19047619047619047,239,38,128,13,60,0,0,25,-5.51415164328938,17.06276150627615,-0.8771026134490967,0.0,,-0.03922058003954589,29.34511907696724,2.5446402430534363,6.0700022101402284,0.08504992644011508,0.3935546875,8.3670077085495,-1.2223608791828156e-09,0.14461523294448853,0.00026131013306038894,-0.7834292650222778,4.93394660949707,2373,3.474560260772705,1722,2.9769034385681152,1,nan,0,nan,0
128,524288,9359.1,55.8,38.95,34.44,10,0.125,257,0.22178988326848248,236,53,119,15,49,0,0,32,-5.557465284638975,17.360169491525422,-0.7887380123138428,0.0,,-0.0424888264387846,37.71698069572449,2.5388415932655333,6.4218971073627475,0.055826886685099456,0.333984375,8.077133798599244,-1.1641532182693481e-09,0.15111172199249268,0.00026100307062436025,-0.7854787111282349,4.983890056610107,2397,3.6197407245635986,1689,4.351447582244873,10,nan,0,nan,0
129,528384,9431.9,56.6,37.87,34.46,10,0.125,494,0.20445344129554655,237,44,121,17,55,0,0,20,-5.1646061258561184,17.27848101265823,-0.8143397569656372,0.0,,-0.042455498268827795,32.691657555103305,2.5281737446784973,6.150009262561798,0.07828599214844871,0.367822265625,7.106750929355622,-5.820766091346741e-11,0.13360923528671265,0.0002606960081883316,-0.7885038256645203,4.96951150894165,2408,3.5422468185424805,1684,2.6244587898254395,4,nan,0,nan,0
130,532480,9505.9,55.7,39.12,34.37,10,0.125,222,0.16216216216216217,240,41,128,9,62,0,0,22,-4.898978175424345,16.904166666666665,-0.8789931535720825,0.0,,-0.042554882797412576,31.501284050941468,2.516529405117035,6.135601800680161,0.07573629495454952,0.366748046875,7.817983794212341,-9.89530235528946e-10,0.1460779309272766,0.00026038894575230293,-0.7912204265594482,4.931249618530273,2354,3.666245698928833,1734,5.052365303039551,8,nan,0,nan,0
131,536576,9579.3,56.1,38.54,34.41,10,0.125,463,0.15982721382289417,241,38,145,10,48,0,0,30,-5.217598631421058,17.13278008298755,-0.8649731874465942,0.0,,-0.043444713158532974,28.858722698688506,2.5073342084884644,6.3524242520332335,0.10568732880346943,0.401123046875,7.355613505840301,-9.313225746154785e-10,0.13666808605194092,0.0002600818833162743,-0.7929596900939941,4.912230014801025,2333,3.5999643802642822,1760,3.1939094066619873,3,nan,0,nan,0
132,540672,9652.9,56.0,38.75,34.44,10,0.125,191,0.12041884816753927,240,35,135,11,59,0,0,20,-5.07448648830088,17.1125,-0.8953732252120972,0.0,,-0.03987313213292509,27.000737166404726,2.499507927894592,6.100751662254334,0.08196208288427442,0.377294921875,6.6577799916267395,-3.4924596548080444e-10,0.16573238372802734,0.0002597748208802456,-0.7957003116607666,4.968173503875732,2201,3.577284812927246,1891,3.6142282485961914,4,nan,0,nan,0
133,544768,9726.3,56.1,38.55,34.4,10,0.125,438,0.1552511415525114,247,45,123,12,67,0,0,25,-5.1945688949758475,16.60323886639676,-0.8577463626861572,0.0,,-0.042395273596048354,31.961611485481264,2.4876632690429688,6.022154456377029,0.05913974100840278,0.352392578125,8.833858954906464,-9.313225746154785e-10,0.1849876046180725,0.000259467758444217,-0.7984030246734619,4.951873779296875,2367,3.6724090576171875,1727,4.284217834472656,2,nan,0,nan,0
134,548864,9799.8,56.1,38.6,34.42,10,0.125,161,0.16770186335403728,235,38,133,8,56,0,0,20,-5.360504282185316,17.327659574468086,-0.8554359674453735,0.0,,-0.03281142814084888,30.055226969718934,2.47858567237854,6.382991993427277,0.09584157703211531,0.405322265625,9.750493264198303,-1.1641532182693481e-09,0.14744454622268677,0.0002591606960081883,-0.800045907497406,5.007961273193359,2281,3.7472708225250244,1810,5.064916133880615,5,nan,0,nan,0
135,552960,9873.0,56.3,38.35,34.41,10,0.125,413,0.17191283292978207,252,44,124,9,75,0,0,33,-5.617757591080774,16.41269841269841,-0.8569813370704651,0.0,,-0.033199200266972186,31.899695765972137,2.4722766876220703,6.447005081176758,0.14754395126074088,0.48466796875,7.526779925823211,-9.89530235528946e-10,0.17427724599838257,0.00025885363357215966,-0.8017574548721313,5.076284408569336,2346,3.7341272830963135,1743,3.953996181488037,7,nan,0,nan,0
136,557056,9945.9,56.6,37.98,34.44,10,0.125,137,0.10218978102189781,236,30,125,9,72,0,0,17,-5.068599326203131,17.10169491525424,-0.9169430732727051,0.0,,-0.03618287537246943,24.737423080205918,2.465807390213013,6.425324380397797,0.0964240330067696,0.39462890625,9.645475101470947,-1.3387762010097504e-09,0.1754792332649231,0.00025854657113613097,-0.803248941898346,5.126950740814209,2272,3.7567954063415527,1817,3.5979976654052734,7,nan,0,nan,0
137,561152,10019.3,56.2,38.53,34.41,10,0.125,378,0.1455026455026455,241,41,133,8,59,0,0,24,-5.420652915005258,17.261410788381742,-0.8636006116867065,0.0,,-0.03630931826774031,32.33300293684006,2.460086405277252,6.0287914872169495,0.07108264145790599,0.369287109375,9.545419204235078,-1.6880221664905548e-09,0.14818239212036133,0.00025823950870010234,-0.8047792911529541,4.8270673751831055,2312,3.618119478225708,1773,3.3625807762145996,11,nan,0,nan,0
138,565248,10092.0,56.7,37.75,34.43,10,0.125,103,0.13592233009708737,237,37,118,13,69,0,0,20,-5.831793530428264,17.151898734177216,-0.8549824953079224,0.0,,-0.043006229749880734,29.556357204914093,2.452025067806244,6.538724648952484,0.142556270462228,0.406298828125,7.130415117740631,-6.984919309616089e-10,0.15534710884094238,0.00025793244626407365,-0.8074235916137695,5.072892189025879,2342,3.851717472076416,1740,3.4082276821136475,14,nan,0,nan,0
139,569344,10165.8,55.9,38.86,34.43,10,0.125,341,0.15249266862170088,238,38,128,17,55,0,0,25,-5.3678999270665475,17.386554621848738,-0.855296790599823,0.0,,-0.047123748296871784,30.796206068992614,2.4411394596099854,6.448252576589584,0.09710727845376824,0.360791015625,8.370352065563202,-8.731149137020111e-10,0.16976100206375122,0.000257625383828045,-0.8102177977561951,5.076516151428223,2350,3.760593891143799,1733,4.722280502319336,13,nan,0,nan,0
140,573440,10239.1,56.3,38.33,34.44,10,0.125,77,0.12987012987012986,248,45,124,12,67,0,0,29,-5.252885054198567,16.286290322580644,-0.8453447818756104,0.0,,-0.04093686348060146,31.74900413751602,2.429681622982025,6.324261766672135,0.08235046240733937,0.376953125,7.788178825378418,-4.656612873077393e-10,0.18232977390289307,0.00025731832139201633,-0.8130117058753967,4.977481842041016,2288,3.761765956878662,1799,3.7465505599975586,9,nan,0,nan,0
141,577536,10312.6,56.0,38.7,34.39,10,0.125,329,0.1519756838905775,252,40,122,13,77,0,0,23,-5.4135695769170855,16.313492063492063,-0.8870849609375,0.0,,-0.03702206055168063,31.133468317985535,2.4195106267929076,6.305831241607666,0.17964421716169454,0.387451171875,7.22270941734314,-1.1641532182693481e-09,0.16292226314544678,0.0002570112589559877,-0.8152995109558105,5.038065433502197,2347,3.6947429180145264,1746,4.135257720947266,3,nan,0,nan,0
142,581632,10385.8,56.4,38.23,34.44,10,0.125,65,0.06153846153846154,248,33,142,7,66,0,0,19,-5.358593618639157,16.528225806451612,-0.9238432049751282,0.0,,-0.02952545720618218,27.03782051205635,2.4102166533470153,6.193963724374771,0.11323560446617194,0.43935546875,9.692240726947784,-1.1641532182693481e-10,0.15881133079528809,0.000256704196519959,-0.8174943923950195,4.8893561363220215,2300,3.7455785274505615,1791,3.800429582595825,5,nan,0,nan,0
143,585728,10458.6,56.6,37.93,34.42,10,0.125,316,0.14240506329113925,251,41,127,10,73,0,0,21,-5.3190668495541225,16.406374501992033,-0.8683831095695496,0.0,,-0.0442230227869004,30.369108724594117,2.402511954307556,6.455307030677796,0.11670454158738722,0.38603515625,8.55785962343216,-6.402842700481415e-10,0.17547470331192017,0.0002563971340839304,-0.8192217350006104,5.036073207855225,2366,3.7957584857940674,1727,3.4385979175567627,3,nan,0,nan,0
144,589824,10531.4,56.7,37.88,34.41,10,0.125,52,0.09615384615384616,248,33,134,11,70,0,0,14,-5.638146505640891,16.447580645161292,-0.9225615859031677,0.0,,-0.04483538880012929,25.0363139629364,2.394246780872345,6.289022630453109,0.10955297234468162,0.4150390625,6.750663614273071,-1.8044374883174896e-09,0.17884886264801025,0.00025609007164790175,-0.821698009967804,4.992814064025879,2318,3.740304708480835,1771,3.5029296875,7,nan,0,nan,0
145,593920,10605.0,55.9,38.81,34.41,10,0.125,294,0.19047619047619047,242,51,128,11,52,0,0,28,-5.409905429235039,16.90495867768595,-0.7919298410415649,0.0,,-0.03734792633913457,36.79452449083328,2.384662628173828,6.269278860092163,0.04926245105743874,0.32978515625,10.48989782333374,-9.89530235528946e-10,0.15428286790847778,0.00025578300921187306,-0.8238587975502014,4.841484069824219,2302,3.6505324840545654,1784,3.8458316326141357,10,nan,0,nan,0
146,598016,10678.2,56.3,38.3,34.39,10,0.125,29,0.2413793103448276,247,41,134,8,64,0,0,22,-5.686699440802611,16.736842105263158,-0.866578996181488,0.0,,-0.040325178182683885,31.248959732055663,2.3763588309288024,6.4484543919563295,0.12805203196476214,0.457958984375,8.254588079452514,-1.1641532182693481e-09,0.18072128295898438,0.0002554759467758444,-0.8258486986160278,4.992532253265381,2252,3.8111183643341064,1843,3.6761598587036133,1,nan,0,nan,0
147,602112,10751.3,56.4,38.21,34.41,10,0.125,276,0.16666666666666666,247,39,126,13,69,0,0,23,-5.707395670497666,16.44939271255061,-0.8728113770484924,0.0,,-0.04979233639314771,29.870680421590805,2.3669124007225038,6.1765483856201175,0.1004226028569974,0.39501953125,7.5753024339675905,-1.2223608791828156e-09,0.15184563398361206,0.00025516888433981574,-0.8289068341255188,4.963494777679443,2203,3.7737550735473633,1891,2.7320611476898193,2,nan,0,nan,0
148,606208,10825.3,55.7,39.08,34.4,10,0.125,6,0.3333333333333333,242,41,130,10,61,0,0,28,-4.982926315295384,16.863636363636363,-0.8510310649871826,0.0,,-0.03491018791683018,31.772595423460007,2.355352985858917,6.197072660923004,0.10134097512054722,0.418994140625,9.207669627666473,-8.149072527885437e-10,0.17956465482711792,0.0002548618219037871,-0.8311216831207275,4.917280197143555,2318,3.7336621284484863,1766,3.7639856338500977,12,nan,0,nan,0
149,610304,10898.4,56.3,38.28,34.42,10,0.125,244,0.13524590163934427,238,31,127,14,66,0,0,21,-5.367843235754019,17.159663865546218,-0.8757838010787964,0.0,,-0.041262780874967576,25.13650734424591,2.34746630191803,6.335871475934982,0.08385084115434438,0.407373046875,7.583040535449982,-1.862645149230957e-09,0.1497507095336914,0.0002545547594677584,-0.8332535028457642,5.070749282836914,2254,3.6867833137512207,1834,3.1587014198303223,8,nan,0,nan,0
150,614400,10971.8,56.2,38.5,34.42,10,0.125,496,0.15725806451612903,252,45,134,9,64,0,0,29,-4.968647614861918,16.42063492063492,-0.8610137104988098,0.0,,-0.04140369910746813,33.328258228302005,2.3399726271629335,6.08380429148674,0.09463117024861276,0.36513671875,11.724759781360627,-1.6298145055770874e-09,0.17625492811203003,0.0002542476970317298,-0.8345065116882324,4.851751804351807,2365,3.6224982738494873,1724,3.437804698944092,7,nan,0,nan,0
151,618496,11045.2,56.2,38.46,34.44,10,0.125,232,0.16379310344827586,248,40,140,14,54,0,0,29,-5.263408199175595,16.491935483870968,-0.8674835562705994,0.0,,-0.03671038909815252,31.47522458434105,2.3360358238220216,6.445438969135284,0.12003807852161116,0.44580078125,9.03136841058731,-1.1641532182693481e-10,0.1562395691871643,0.0002539406345957011,-0.8356097340583801,4.991640090942383,2265,3.72692608833313,1818,5.506098747253418,13,nan,0,nan,0
152,622592,11118.5,56.3,38.39,34.39,10,0.125,479,0.1524008350730689,247,35,130,9,73,0,0,27,-5.602178591151047,16.60728744939271,-0.8839487433433533,0.0,,-0.04148086665081792,27.417402112483977,2.3303754210472105,6.483332878351211,0.12347269381862133,0.447998046875,7.520072066783905,-8.149072527885437e-10,0.1462433934211731,0.00025363357215967247,-0.8372243642807007,5.106987953186035,2230,3.7733190059661865,1859,2.6817920207977295,7,nan,0,nan,0
153,626688,11191.4,56.6,38.0,34.42,10,0.125,211,0.16587677725118483,244,39,136,7,62,0,0,26,-5.7894999039422075,16.827868852459016,-0.8532108068466187,0.0,,-0.043943458469584584,29.717006587982176,2.3249025702476502,6.3286701202392575,0.13447872513497713,0.34853515625,10.540420484542846,-1.5133991837501526e-09,0.14744293689727783,0.0002533265097236438,-0.8382423520088196,5.028120517730713,2188,3.789210081100464,1906,4.895467281341553,2,nan,0,nan,0
154,630784,11264.8,56.2,38.51,34.41,10,0.125,466,0.13948497854077252,255,30,141,10,74,0,0,12,-5.465336426768121,16.070588235294117,-0.9296661615371704,0.0,,-0.03667113895062357,24.478651696443556,2.320862925052643,6.39715793132782,0.1906602470582584,0.468115234375,6.899914813041687,-1.1059455573558807e-09,0.15003645420074463,0.00025301944728761515,-0.8394207954406738,4.999537944793701,2299,3.7388832569122314,1793,2.190443515777588,4,nan,0,nan,0
155,634880,11338.0,56.3,38.41,34.4,10,0.125,198,0.16666666666666666,244,40,131,11,62,0,0,21,-5.855193195610278,16.770491803278688,-0.8567317724227905,0.0,,-0.03818441899493337,30.173619627952576,2.31557297706604,6.560025382041931,0.13857209834677633,0.44658203125,7.327464282512665,-1.57160684466362e-09,0.19799858331680298,0.00025271238485158646,-0.8408204317092896,5.075420379638672,2261,3.8130011558532715,1823,3.972259283065796,12,nan,0,nan,0
156,638976,11411.3,56.2,38.4,34.45,10,0.125,453,0.15894039735099338,255,39,128,11,77,0,0,28,-5.422573760355526,15.95686274509804,-0.8667216300964355,0.0,,-0.041806921293027696,30.569045293331147,2.3093324661254884,6.2071933388710026,0.12969673883635552,0.4220703125,8.20889880657196,-1.862645149230957e-09,0.14746153354644775,0.00025240532241555783,-0.8423265218734741,4.887697696685791,2279,3.6923015117645264,1813,4.051082611083984,4,nan,0,nan,0
157,643072,11484.4,56.5,38.14,34.41,10,0.125,202,0.12871287128712872,261,39,124,14,84,0,0,22,-5.238428570888155,15.60919540229885,-0.8968684077262878,0.0,,-0.04253611175809056,27.306090265512466,2.303470253944397,6.31848155260086,0.18234557828691322,0.41220703125,7.488101625442505,-4.0745362639427185e-10,0.17294299602508545,0.00025209825997952914,-0.8441819548606873,4.944709777832031,2245,3.8159329891204834,1846,5.429769992828369,5,nan,0,nan,0
158,647168,11557.9,56.1,38.61,34.38,10,0.125,463,0.12958963282937366,261,34,134,19,74,0,0,18,-5.5481052173832435,15.808429118773946,-0.9260955452919006,0.0,,-0.04716563830152154,27.036694759130476,2.2955657958984377,6.332088828086853,0.13215591561456677,0.43349609375,7.912162137031555,-1.7462298274040222e-09,0.14865291118621826,0.0002517911975435005,-0.8457115888595581,4.853433609008789,2191,3.793201208114624,1890,4.1251020431518555,15,nan,0,nan,0
159,651264,11631.3,56.1,38.57,34.42,10,0.125,208,0.20192307692307693,257,45,133,11,68,0,0,24,-5.505276941808287,15.96887159533074,-0.8325613141059875,0.0,,-0.038149428786709905,33.27523231506348,2.2909218430519105,6.238276618719101,0.12901652161381208,0.439794921875,9.288706791400909,-1.280568540096283e-09,0.15062588453292847,0.0002514841351074718,-0.8470877408981323,4.8486409187316895,2308,3.6443727016448975,1783,3.5272128582000732,5,nan,0,nan,0
160,655360,11704.6,56.2,38.44,34.4,10,0.125,455,0.1824175824175824,247,41,132,8,66,0,0,31,-5.862925354541589,16.441295546558706,-0.8523286581039429,0.0,,-0.0408010944200214,31.128237545490265,2.2835756301879884,6.421676045656204,0.1501808826578781,0.482861328125,7.85125104188919,-1.1641532182693481e-09,0.19329559803009033,0.0002511770726714432,-0.8489823341369629,4.969374656677246,2299,3.7378358840942383,1797,nan,0,nan,0,nan,0
161,659456,11777.8,56.3,38.3,34.47,10,0.125,205,0.13170731707317074,262,36,127,13,86,0,0,22,-5.433269645199799,15.694656488549619,-0.9029911756515503,0.0,,-0.04202995803207159,26.762548792362214,2.2781116008758544,6.436700195074081,0.1418203358683968,0.440087890625,7.539754974842071,-1.8044374883174896e-09,0.17729812860488892,0.0002508700102354145,-0.8499967455863953,4.933742046356201,2281,3.7621142864227295,1808,3.1219382286071777,7,nan,0,nan,0
162,663552,11851.2,56.2,38.53,34.4,10,0.125,461,0.1540130151843818,256,44,129,7,76,0,0,31,-5.691047988545056,16.06640625,-0.842653751373291,0.0,,-0.03400809930171818,32.00952327251434,2.272720754146576,6.503409546613693,0.17543132708233317,0.48662109375,8.307524168491364,-1.3387762010097504e-09,0.1895385980606079,0.00025056294779938587,-0.8516272306442261,4.989038944244385,2293,3.7935314178466797,1799,2.3269224166870117,4,nan,0,nan,0
163,667648,11924.1,56.5,38.06,34.38,10,0.125,198,0.1414141414141414,249,32,133,7,77,0,0,16,-6.039351242997858,16.196787148594378,-0.8994502425193787,0.0,,-0.03777651647105813,26.439880818128586,2.267998766899109,6.6588509619236,0.6777507357444847,0.451123046875,8.223359441757202,-8.731149137020111e-10,0.16730713844299316,0.0002502558853633572,-0.8523592948913574,5.024491786956787,2188,3.9488940238952637,1904,5.168811798095703,4,nan,0,nan,0
164,671744,11997.4,56.3,38.39,34.41,10,0.125,452,0.1592920353982301,254,44,129,8,73,0,0,23,-5.534498508581138,16.41732283464567,-0.8514679074287415,0.0,,-0.041261721635237336,30.2480560362339,2.263044905662537,6.289496690034866,0.11523135779425502,0.437939453125,8.053942537307739,-1.6298145055770874e-09,0.18762201070785522,0.00024994882292732855,-0.8541812300682068,4.8873796463012695,2273,3.6810972690582275,1818,3.8433737754821777,5,nan,0,nan,0
165,675840,12070.8,56.2,38.48,34.4,10,0.125,192,0.15104166666666666,252,40,125,9,78,0,0,27,-5.900615644835137,16.150793650793652,-0.8706982135772705,0.0,,-0.0410625671967864,28.773464262485504,2.2550248980522154,6.320668089389801,0.14957792878267356,0.45556640625,6.9322065830230715,-1.4551915228366852e-09,0.19473302364349365,0.00024964176049129986,-0.856455385684967,5.0319366455078125,2193,3.6934754848480225,1899,4.1745429039001465,4,nan,0,nan,0
166,679936,12143.7,56.5,38.09,34.36,10,0.125,435,0.12643678160919541,243,26,139,12,66,0,0,14,-5.189672142547258,16.744855967078188,-0.9293352365493774,0.0,,-0.04365270254202187,21.95511951446533,2.2453991651535032,6.304529517889023,0.090044089363073,0.401220703125,8.009952092170716,-2.0372681319713593e-09,0.17570173740386963,0.00024933469805527123,-0.8586754202842712,4.913061618804932,2225,3.6020171642303467,1869,3.2356104850769043,2,nan,0,nan,0
167,684032,12217.2,56.1,38.67,34.41,10,0.125,169,0.15976331360946747,246,37,129,14,66,0,0,19,-5.648898752952401,16.60569105691057,-0.8562458753585815,0.0,,-0.035975446458905935,28.62867351770401,2.2386412382125855,6.375935363769531,0.12681656749919057,0.4537109375,8.585150051116944,-9.313225746154785e-10,0.20940840244293213,0.00024902763561924254,-0.8598694801330566,4.9757819175720215,2271,3.721740245819092,1805,4.890175819396973,20,nan,0,nan,0
168,688128,12290.3,56.5,38.15,34.4,10,0.125,426,0.1596244131455399,257,41,126,11,79,0,0,25,-4.960803535387227,16.264591439688715,-0.8534995317459106,0.0,,-0.034847410931251946,29.636518013477325,2.234354221820831,6.470316284894944,0.12952320245676674,0.462646484375,10.927681589126587,-3.4924596548080444e-10,0.193370521068573,0.0002487205731832139,-0.8608808517456055,5.042123317718506,2264,3.727463722229004,1826,2.8592166900634766,6,nan,0,nan,0
169,692224,12363.7,56.2,38.52,34.41,10,0.125,154,0.13636363636363635,240,37,130,15,58,0,0,31,-5.547107363728274,16.891666666666666,-0.8230515718460083,0.0,,-0.04501393693499267,29.191974258422853,2.2296968579292296,6.389570122957229,0.07352040151599795,0.341650390625,10.908771228790282,-1.2223608791828156e-09,0.1625443696975708,0.0002484135107471852,-0.8623167276382446,5.015113353729248,2282,3.626798629760742,1809,4.552629470825195,5,nan,0,nan,0
170,696320,12436.7,56.4,38.21,34.41,10,0.125,400,0.1425,246,36,126,18,66,0,0,24,-5.380696576331367,16.61382113821138,-0.8442540168762207,0.0,,-0.04143190230242908,26.526944065093993,2.223692572116852,6.502530550956726,0.1837638655095361,0.44951171875,7.423348128795624,-2.153683453798294e-09,0.17750614881515503,0.0002481064483111566,-0.863827109336853,5.022231578826904,2285,3.696507453918457,1806,3.103658437728882,5,nan,0,nan,0
171,700416,12509.6,56.6,37.97,34.45,10,0.125,133,0.23308270676691728,245,46,116,13,70,0,0,26,-5.388562436228577,16.746938775510205,-0.7858725190162659,0.0,,-0.03716448915656656,32.79708416461945,2.217598628997803,6.74781112074852,0.1491650886076968,0.4796875,8.702609169483186,-8.149072527885437e-10,0.18901336193084717,0.0002477993858751279,-0.8653567433357239,5.132063388824463,2285,3.829876661300659,1801,3.743783473968506,10,nan,0,nan,0
172,704512,12582.6,56.5,38.02,34.46,10,0.125,373,0.19839142091152814,240,43,126,11,60,0,0,21,-5.38093475525035,17.054166666666667,-0.7548856735229492,0.0,,-0.045795411337167025,30.79148405790329,2.2115049004554748,6.849293917417526,0.08218890950374771,0.36953125,9.358224987983704,-1.4551915228366852e-09,0.18260854482650757,0.00024749232343909927,-0.8669097423553467,5.212103843688965,2353,3.841303825378418,1741,2.347501754760742,2,nan,0,nan,0
173,708608,12655.9,56.3,38.37,34.44,10,0.125,118,0.1694915254237288,257,37,123,14,83,0,0,25,-5.751741397082454,15.929961089494164,-0.8703407049179077,0.0,,-0.04573452258482576,28.354181718826293,2.205138087272644,6.467467719316483,0.14613142250163946,0.42685546875,8.701874327659606,-1.3387762010097504e-09,0.16269242763519287,0.0002471852610030706,-0.8684818744659424,5.0253825187683105,2208,3.8648738861083984,1887,3.9460020065307617,1,nan,0,nan,0
174,712704,12729.3,56.1,38.57,34.4,10,0.125,375,0.16266666666666665,257,41,121,15,80,0,0,30,-5.441775129893808,16.011673151750973,-0.8291531801223755,0.0,,-0.05101327042793855,29.772229957580567,2.1983362793922425,6.552071970701218,0.14462085198611022,0.45869140625,7.12484188079834,-2.0954757928848267e-09,0.18192273378372192,0.00024687819856704195,-0.8704142570495605,5.104036808013916,2330,3.7809526920318604,1764,3.297212600708008,2,nan,0,nan,0
175,716800,12803.0,56.0,38.81,34.39,10,0.125,115,0.1565217391304348,252,38,128,10,76,0,0,26,-5.549243502738752,16.055555555555557,-0.8550691604614258,0.0,,-0.03826616370351985,28.486103618144988,2.190270388126373,6.465271019935608,0.1912715719663538,0.474755859375,8.572257113456725,-1.979060471057892e-09,0.1986103653907776,0.00024657113613101326,-0.8723218441009521,4.995214939117432,2250,3.8304383754730225,1846,nan,0,nan,0,nan,0
176,720896,12876.6,56.0,38.72,34.4,10,0.125,357,0.17086834733893558,242,43,130,13,56,0,0,26,-5.672287900324296,17.09090909090909,-0.8068302273750305,0.0,,-0.035533116571605204,31.303079998493196,2.183842658996582,6.628034746646881,0.14532054770243122,0.4392578125,9.935203289985656,-6.111804395914078e-10,0.18328922986984253,0.00024626407369498463,-0.8736550807952881,5.092212200164795,2279,3.7681350708007812,1811,4.020170211791992,6,nan,0,nan,0
177,724992,12949.6,56.4,38.19,34.42,10,0.125,84,0.17857142857142858,239,39,130,6,64,0,0,23,-5.275391101492035,17.14225941422594,-0.8234768509864807,0.0,,-0.04473215659381822,30.24555336833,2.1785142183303834,6.875066769123078,0.10791579246870242,0.424658203125,7.5807208776473995,-1.6298145055770874e-09,0.23168665170669556,0.00024595701125895594,-0.8751870393753052,5.120386600494385,2192,3.9162111282348633,1879,6.7641143798828125,25,nan,0,nan,0
178,729088,13023.4,55.9,38.83,34.42,10,0.125,320,0.18125,236,43,136,12,45,0,0,20,-5.579831746969012,17.54237288135593,-0.7461340427398682,0.0,,-0.04526461762143299,30.069901013374327,2.171348762512207,6.520902705192566,0.09302237916272134,0.406005859375,8.826644790172576,-1.862645149230957e-09,0.1589699387550354,0.0002456499488229273,-0.8772122859954834,5.010889530181885,2440,3.4750688076019287,1652,3.5364980697631836,4,nan,0,nan,0
179,733184,13096.3,56.5,38.03,34.42,10,0.125,54,0.18518518518518517,246,41,124,11,70,0,0,27,-5.648768384100764,16.451219512195124,-0.8181218504905701,0.0,,-0.04905824346933514,30.918814480304718,2.1628459453582765,6.4151198923587796,0.47721877656294964,0.438818359375,9.290304255485534,-1.0477378964424133e-09,0.19078350067138672,0.0002453428863868986,-0.8793145418167114,4.995051860809326,2287,3.7195804119110107,1801,4.959826469421387,8,nan,0,nan,0
180,737280,13169.7,56.2,38.45,34.46,10,0.125,305,0.17049180327868851,251,42,137,10,62,0,0,20,-5.494646978336751,16.330677290836654,-0.8028855919837952,0.0,,-0.04524743750225753,30.044176471233367,2.1549569606781005,6.459832000732422,0.12843565887305886,0.43134765625,9.601778960227966,-1.3969838619232178e-09,0.16613805294036865,0.00024503582395087,-0.8810742497444153,4.936923503875732,2263,3.7689127922058105,1832,2.5543293952941895,1,nan,0,nan,0
181,741376,13243.3,56.0,38.68,34.42,10,0.125,35,0.02857142857142857,242,45,127,15,55,0,0,29,-5.311038079566871,16.954545454545453,-0.7775648832321167,0.0,,-0.038647047919221224,31.662003099918365,2.1493209481239317,6.492303967475891,0.4119788981624879,0.485888671875,8.278218269348145,-2.0954757928848267e-09,0.18026727437973022,0.0002447287615148413,-0.8822444677352905,4.918079853057861,2299,3.7189173698425293,1792,5.522332191467285,5,nan,0,nan,0
182,745472,13316.9,56.0,38.71,34.41,10,0.125,282,0.16312056737588654,247,45,135,11,56,0,0,25,-5.318670403563143,16.753036437246962,-0.7973513603210449,0.0,,-0.03412406628485769,32.31059110164642,2.14502500295639,6.623845970630645,0.12591498432739173,0.46513671875,11.019905829429627,-9.89530235528946e-10,0.2132921814918518,0.00024442169907881267,-0.8831383585929871,4.94099760055542,2325,3.82112979888916,1771,nan,0,nan,0,nan,0
183,749568,13390.2,56.2,38.33,34.49,10,0.125,12,0.08333333333333333,242,37,140,12,53,0,0,21,-5.405684047567495,16.735537190082646,-0.820283830165863,0.0,,-0.04554617963731289,26.962113237380983,2.140203905105591,6.415986979007721,0.11145381602691487,0.406689453125,8.07845914363861,-1.7462298274040222e-09,0.16594278812408447,0.000244114636642784,-0.8849690556526184,4.986159801483154,2306,3.5858876705169678,1786,2.425001859664917,4,nan,0,nan,0
184,753664,13463.8,55.9,38.78,34.44,10,0.125,259,0.17374517374517376,247,44,126,16,61,0,0,31,-5.809916547476655,16.59514170040486,-0.7849816679954529,0.0,,-0.03653609228786081,32.086571395397186,2.133854568004608,6.577116137742996,0.747139301241259,0.494384765625,8.805571818351746,-2.3865140974521637e-09,0.1847488284111023,0.00024380757420675535,-0.8859114050865173,5.027195930480957,2373,3.697235584259033,1721,3.6644673347473145,2,nan,0,nan,0
185,757760,13537.6,56.0,38.75,34.43,10,0.125,507,0.16568047337278108,248,39,133,14,62,0,0,26,-5.143402467590163,16.641129032258064,-0.8314803242683411,0.0,,-0.04674273759592325,28.36029675602913,2.1304046154022216,6.3898600220680235,0.1419408364003175,0.454541015625,7.3482366561889645,-5.529727786779404e-10,0.18932580947875977,0.0002435005117707267,-0.887001633644104,4.914404392242432,2183,3.761737823486328,1904,4.577220439910889,9,nan,0,nan,0
186,761856,13610.6,56.4,38.16,34.41,10,0.125,239,0.14225941422594143,244,35,141,13,55,0,0,26,-5.841698228968288,16.725409836065573,-0.823114275932312,0.0,,-0.04195793297258206,26.763795614242554,2.1241902232170107,6.271300888061523,0.12521952796087135,0.42890625,8.537904620170593,-2.6775524020195007e-09,0.19532138109207153,0.00024319344933469803,-0.8891305923461914,4.818381309509277,2160,3.6833815574645996,1934,3.6004157066345215,2,nan,0,nan,0
187,765952,13683.7,56.3,38.28,34.42,10,0.125,485,0.15463917525773196,246,41,131,7,67,0,0,22,-5.414136717169503,16.536585365853657,-0.8035322427749634,0.0,,-0.04230524625163525,31.147183728218078,2.115844190120697,6.23207448720932,0.09181196619174443,0.403564453125,10.227867579460144,-1.7462298274040222e-10,0.19598686695098877,0.00024288638689866937,-0.890796422958374,4.80973482131958,2273,3.703251600265503,1819,3.5466904640197754,4,nan,0,nan,0
188,770048,13757.0,56.3,38.37,34.44,10,0.125,226,0.14601769911504425,253,36,133,19,65,0,0,24,-6.005999933325838,16.142292490118578,-0.8505957722663879,0.0,,-0.04400878453161568,27.475248277187347,2.1097143054008485,6.443010514974594,0.11442987651389558,0.442919921875,7.695744669437408,-1.6880221664905548e-09,0.16719448566436768,0.0002425793244626407,-0.8924030065536499,4.897642612457275,2241,3.66131591796875,1854,5.587602615356445,1,nan,0,nan,0
189,774144,13830.4,56.2,38.51,34.4,10,0.125,478,0.1506276150627615,252,39,136,7,70,0,0,21,-5.35277552074376,16.396825396825395,-0.8248180150985718,0.0,,-0.03522455315105617,29.87815852165222,2.102604162693024,6.613300538063049,0.14269711659871973,0.473486328125,9.290875506401061,-5.820766091346741e-10,0.16266018152236938,0.00024227226202661205,-0.8942663073539734,4.91260290145874,2291,3.8104138374328613,1794,3.443718671798706,11,nan,0,nan,0
190,778240,13903.3,56.6,37.99,34.44,10,0.125,210,0.14761904761904762,244,35,131,16,62,0,0,22,-5.196575252428384,16.87295081967213,-0.8116425275802612,0.0,,-0.04656588291982189,26.627229672670364,2.096255695819855,6.583975553512573,0.10151283757004421,0.414990234375,8.238079166412353,-1.57160684466362e-09,0.1561989188194275,0.0002419651995905834,-0.8954873085021973,4.874802589416504,2225,3.8296029567718506,1866,2.8856148719787598,5,nan,0,nan,0
191,782336,13976.2,56.5,38.07,34.41,10,0.125,450,0.16,240,41,125,21,53,0,0,20,-5.8727957281129415,16.816666666666666,-0.7749149799346924,0.0,,-0.05129077630117536,31.553494000434874,2.090764546394348,6.891640764474869,0.10269990206579678,0.394775390625,8.527525877952575,-1.3387762010097504e-09,0.18609052896499634,0.00024165813715455473,-0.8974180221557617,5.084908485412598,2126,3.9368488788604736,1970,nan,0,nan,0,nan,0
192,786432,14049.9,55.9,38.85,34.39,10,0.125,185,0.1783783783783784,247,49,128,11,59,0,0,34,-5.56882962952755,16.696356275303643,-0.7414675354957581,0.0,,-0.04987893719226122,33.22300156354904,2.08233095407486,6.480391478538513,0.1382466238748748,0.40400390625,8.301196503639222,-1.3387762010097504e-09,0.2213929295539856,0.00024135107471852607,-0.8994717001914978,4.910355091094971,2251,3.740670919418335,1834,3.946963310241699,11,nan,0,nan,0
193,790528,14123.4,56.1,38.55,34.41,10,0.125,433,0.19399538106235567,248,51,129,10,58,0,0,29,-5.433244835743778,16.536290322580644,-0.746720552444458,0.0,,-0.04987063352018595,32.97230198383331,2.073546314239502,6.30016399025917,0.13725605704530608,0.4357421875,8.175734996795654,-1.4551915228366852e-09,0.20315563678741455,0.0002410440122824974,-0.9016535878181458,4.847235202789307,2272,3.6101670265197754,1821,3.2793967723846436,3,nan,0,nan,0
194,794624,14196.6,56.3,38.31,34.48,10,0.125,162,0.1419753086419753,241,32,143,13,53,0,0,16,-5.211980456373504,16.95435684647303,-0.8366667032241821,0.0,,-0.044109746301546696,25.687108010053635,2.065890908241272,6.484720468521118,0.09017446259967983,0.382275390625,10.154314494132995,-1.862645149230957e-09,0.17074596881866455,0.00024073694984646875,-0.9033023118972778,4.968406677246094,2140,3.7529332637786865,1953,3.8531334400177,3,nan,0,nan,0
195,798720,14270.1,56.1,38.58,34.46,10,0.125,411,0.14841849148418493,249,38,126,14,71,0,0,23,-5.6184002833247915,16.514056224899598,-0.8173536062240601,0.0,,-0.039598561264574526,29.178926199674606,2.0585343480110168,6.397505581378937,0.15852746549644509,0.46025390625,9.12465296983719,-1.1641532182693481e-09,0.18898063898086548,0.0002404298874104401,-0.905460000038147,4.982703685760498,2232,3.677753210067749,1850,3.277045726776123,14,nan,0,nan,0
196,802816,14343.5,56.2,38.53,34.42,10,0.125,143,0.18181818181818182,244,48,127,10,59,0,0,32,-5.426751657634289,16.639344262295083,-0.7511270046234131,0.0,,-0.043913736729882656,33.207733392715454,2.0505507230758666,6.227717238664627,0.1331303304832545,0.4359375,10.78171067237854,-2.2992026060819626e-09,0.20587700605392456,0.00024012282497441143,-0.9071479439735413,4.805727481842041,2195,3.6886308193206787,1893,3.2893552780151367,8,nan,0,nan,0
197,806912,14416.7,56.4,38.27,34.4,10,0.125,385,0.17662337662337663,242,42,142,13,45,0,0,23,-5.427914333503318,16.99586776859504,-0.7889001965522766,0.0,,-0.04293443163624033,30.570531499385833,2.045089054107666,6.463459110260009,0.2228985039750114,0.499755859375,8.213254320621491,-1.6298145055770874e-09,0.21013027429580688,0.00023981576253838277,-0.908363938331604,4.863645076751709,2129,3.77115535736084,1959,3.8140573501586914,8,nan,0,nan,0
198,811008,14489.4,56.7,37.77,34.45,10,0.125,109,0.1926605504587156,236,34,141,10,51,0,0,20,-5.308658837388644,17.25,-0.8129110932350159,0.0,,-0.041633277549408376,27.444818526506424,2.0381576657295226,6.611115872859955,0.1077294991875533,0.42607421875,9.896215093135833,-1.0477378964424133e-09,0.1938084363937378,0.0002395087001023541,-0.9106047749519348,5.032356262207031,2119,3.8094820976257324,1973,3.304089069366455,4,nan,0,nan,0
199,815104,14562.6,56.3,38.32,34.41,10,0.125,356,0.15168539325842698,247,33,143,13,58,0,0,18,-5.48785803849894,16.82591093117409,-0.849132776260376,0.0,,-0.04722945399116725,26.229636484384535,2.030048668384552,6.777705943584442,0.21834129304770614,0.456689453125,7.258922600746155,-1.367880031466484e-09,0.19941627979278564,0.00023920163766632545,-0.9122408628463745,5.114985942840576,2192,3.883819818496704,1904,nan,0,nan,0,nan,0
200,819200,14635.7,56.4,38.24,34.41,10,0.125,82,0.15853658536585366,238,39,138,11,50,0,0,23,-5.293054911495372,17.142857142857142,-0.7856171131134033,0.0,,-0.04413175098598003,30.320402407646178,2.0242623329162597,6.549513918161392,0.13801300317718415,0.46416015625,8.336716842651366,-3.1141098588705063e-09,0.18703234195709229,0.0002388945752302968,-0.913680374622345,4.991885185241699,2264,3.777836799621582,1824,3.5098938941955566,8,nan,0,nan,0
201,823296,14709.1,56.2,38.48,34.46,10,0.125,322,0.17080745341614906,240,42,131,13,54,0,0,27,-5.396930009110545,17.008333333333333,-0.7506393194198608,0.0,,-0.04759350778767839,31.49254698753357,2.0183003902435304,6.37133150100708,0.12153756919287843,0.430615234375,10.533870410919189,-1.775333657860756e-09,0.18835091590881348,0.00023858751279426813,-0.9150850176811218,4.922276020050049,2212,3.6823365688323975,1880,3.4460246562957764,4,nan,0,nan,0
202,827392,14782.9,55.9,38.89,34.4,10,0.125,58,0.22413793103448276,248,48,122,14,64,0,0,31,-5.311688158479909,16.491935483870968,-0.7542396783828735,0.0,,-0.015522702783346175,31.469236969947815,2.0129167556762697,6.592577254772186,0.29087634364404946,0.56962890625,9.06810575723648,-2.1827872842550278e-09,0.2392328977584839,0.00023828045035823947,-0.9163445830345154,4.868958950042725,2323,3.916642904281616,1770,5.825944423675537,3,nan,0,nan,0
203,831488,14856.1,56.3,38.32,34.4,10,0.125,306,0.17973856209150327,248,42,142,8,56,0,0,31,-5.310159403138959,16.66532258064516,-0.8029252290725708,0.0,,-0.04764443205203861,30.241350257396697,2.008811581134796,6.381158512830734,0.14689776257437187,0.48173828125,8.921842861175538,-1.57160684466362e-09,0.20964622497558594,0.0002379733879222108,-0.9174003601074219,4.849826335906982,2189,3.736170768737793,1890,3.567575693130493,17,nan,0,nan,0
204,835584,14929.8,55.9,38.8,34.45,10,0.125,40,0.1,246,40,139,13,54,0,0,22,-6.003756130992124,16.585365853658537,-0.7904530763626099,0.0,,-0.0348922650096938,30.481966829299928,2.002960342168808,6.475819963216781,0.21252664899802767,0.511181640625,9.598786199092865,-1.979060471057892e-09,0.18565279245376587,0.00023766632548618215,-0.9191684126853943,4.948124885559082,2285,3.6538138389587402,1807,3.1818482875823975,4,nan,0,nan,0
205,839680,15003.1,56.2,38.53,34.39,10,0.125,282,0.1595744680851064,242,41,138,12,51,0,0,23,-5.558707257106601,16.929752066115704,-0.758015513420105,0.0,,-0.03596699689514935,30.513371872901917,1.9963604807853699,6.51763631105423,0.22152721365127945,0.505322265625,8.66632981300354,-1.367880031466484e-09,0.20625025033950806,0.0002373592630501535,-0.9206002950668335,4.975305080413818,2227,3.650067090988159,1866,2.44956636428833,3,nan,0,nan,0
206,843776,15076.2,56.4,38.17,34.45,10,0.125,11,0.09090909090909091,241,36,133,12,60,0,0,23,-5.700936974716181,16.883817427385893,-0.8161131143569946,0.0,,-0.04354849634692073,28.154896247386933,1.99115749001503,6.940595197677612,0.12539893568027766,0.451806640625,9.926639199256897,-6.984919309616089e-10,0.21927481889724731,0.00023705220061412483,-0.9218536615371704,5.040505409240723,2185,3.99639630317688,1886,6.7961506843566895,25,nan,0,nan,0
207,847872,15149.3,56.4,38.22,34.45,10,0.125,256,0.17578125,245,44,129,7,65,0,0,22,-5.652701542113782,16.742857142857144,-0.7583349347114563,0.0,,-0.05095045738853514,32.024108147621156,1.98453032374382,6.942111587524414,0.21719529677357058,0.449658203125,9.896605014801025,-2.9103830456733704e-09,0.21038538217544556,0.00023674513817809617,-0.9238579869270325,5.053691387176514,2210,3.9986836910247803,1880,3.677206039428711,6,nan,0,nan,0
208,851968,15222.5,56.4,38.19,34.46,10,0.125,509,0.15324165029469547,253,33,128,12,80,0,0,18,-5.346620369897784,16.1897233201581,-0.8263224363327026,0.0,,-0.04361421521753073,25.439292430877686,1.97714222073555,6.87815101146698,0.14910201277671148,0.48515625,8.040860867500305,-1.775333657860756e-09,0.16823691129684448,0.0002364380757420675,-0.9256234765052795,5.024569511413574,2190,4.070736408233643,1900,3.389594078063965,6,nan,0,nan,0
209,856064,15295.6,56.4,38.21,34.44,10,0.125,235,0.18723404255319148,238,45,129,10,54,0,0,30,-5.63029819616234,17.037815126050422,-0.7481361627578735,0.0,,-0.055096844723448155,33.739431178569795,1.9708250045776368,7.023788124322891,0.1089697335715755,0.40048828125,9.761251735687257,-1.3096723705530167e-09,0.2217438817024231,0.00023613101330603885,-0.9269920587539673,5.081511497497559,2095,4.030614852905273,1994,3.2407798767089844,7,nan,0,nan,0
210,860160,15369.3,56.0,38.7,34.45,10,0.125,481,0.18295218295218296,246,44,143,15,44,0,0,23,-5.2053473459712,16.959349593495936,-0.7501783967018127,0.0,,-0.048015401104930786,31.57603325843811,1.9638104915618897,6.320081412792206,0.18750655720650683,0.477734375,8.367534589767455,-1.2223608791828156e-09,0.1990908980369568,0.0002358239508700102,-0.9292095303535461,4.719142913818359,2259,3.701207399368286,1824,3.959817409515381,13,nan,0,nan,0
211,864256,15443.0,55.9,38.81,34.43,10,0.125,212,0.16981132075471697,243,46,123,18,56,0,0,27,-5.552359434670722,16.71604938271605,-0.7336424589157104,0.0,,-0.05117778438143432,32.479438066482544,1.9550484597682953,6.363209670782089,0.14630696182430256,0.44267578125,8.491968441009522,-2.0372681319713593e-09,0.19978564977645874,0.00023551688843398153,-0.9311608672142029,4.877662181854248,2283,3.666879892349243,1812,1.3128716945648193,1,nan,0,nan,0
212,868352,15516.2,56.3,38.27,34.45,10,0.125,454,0.16299559471365638,242,38,131,12,61,0,0,25,-5.243271552876722,16.888429752066116,-0.7814051508903503,0.0,,-0.04599266815930605,28.486375987529755,1.9481184005737304,6.450496935844422,0.24916116181993858,0.409765625,10.411095595359802,-1.3969838619232178e-09,0.20343536138534546,0.00023520982599795287,-0.9327359199523926,4.8582763671875,2220,3.714448928833008,1870,3.828693151473999,6,nan,0,nan,0
213,872448,15589.6,56.2,38.54,34.4,10,0.125,193,0.16580310880829016,251,47,130,14,60,0,0,23,-5.5238198492951005,16.44223107569721,-0.7427284717559814,0.0,,-0.054204303515143694,31.87663378715515,1.9416551351547242,6.39475970864296,0.10135195593757089,0.379443359375,11.783130288124084,-3.026798367500305e-09,0.21557343006134033,0.00023490276356192427,-0.9346266984939575,4.929436206817627,2287,3.637172222137451,1804,6.867359161376953,5,nan,0,nan,0
214,876544,15662.9,56.3,38.32,34.47,10,0.125,431,0.16705336426914152,238,40,129,8,61,0,0,21,-5.5395130005632005,16.91176470588235,-0.7395536303520203,0.0,,-0.05183860983233899,28.465119791030883,1.9328366577625276,6.692722803354263,0.3504456640628632,0.489306640625,7.936300909519195,-1.862645149230957e-09,0.17353302240371704,0.00023459570112589555,-0.9368979334831238,5.086360931396484,2226,3.797431707382202,1861,3.624755859375,9,nan,0,nan,0
215,880640,15736.1,56.3,38.34,34.42,10,0.125,171,0.19298245614035087,252,45,130,9,68,0,0,31,-4.964576892978437,16.396825396825395,-0.7574353814125061,0.0,,-0.045628635585308074,31.15815407037735,1.9244634985923768,6.381199783086776,0.16586625947529682,0.469921875,8.17277009487152,-9.022187441587448e-10,0.22389864921569824,0.00023428863868986695,-0.9389582872390747,4.936649799346924,2241,3.7664554119110107,1847,5.094912052154541,8,nan,0,nan,0
216,884736,15809.4,56.2,38.41,34.44,10,0.125,416,0.18269230769230768,245,43,134,9,59,0,0,29,-5.340546635136114,16.787755102040816,-0.7337310314178467,0.0,,-0.04490845496766269,29.755503749847414,1.9164757132530212,6.413273620605469,0.17678427104547154,0.49892578125,8.295647931098937,-2.852175384759903e-09,0.1878448724746704,0.00023398157625383823,-0.9406806230545044,4.951914310455322,2317,3.584604263305664,1769,2.5590710639953613,10,nan,0,nan,0
217,888832,15882.3,56.6,37.95,34.44,10,0.125,150,0.18666666666666668,246,38,135,13,60,0,0,15,-5.452119213349469,16.75609756097561,-0.7953295707702637,0.0,,-0.048038754356093706,28.426619482040405,1.9098479211330415,6.474030512571335,0.11656941048422595,0.434765625,8.266417169570923,-1.6589183360338211e-09,0.19577330350875854,0.00023367451381780963,-0.9425537586212158,5.034443378448486,2201,3.8150081634521484,1882,3.3983347415924072,13,nan,0,nan,0
218,892928,15955.5,56.3,38.32,34.43,10,0.125,396,0.17676767676767677,246,42,130,13,61,0,0,23,-5.162308883674543,16.463414634146343,-0.7786586284637451,0.0,,-0.04168276446871459,30.844337105751038,1.9021504282951356,6.552941119670868,0.148643869064108,0.485986328125,10.31919436454773,-1.7171259969472885e-09,0.20736658573150635,0.00023336745138178091,-0.9443496465682983,4.945980072021484,2347,3.7928216457366943,1742,6.135257244110107,7,nan,0,nan,0
219,897024,16028.7,56.3,38.32,34.4,10,0.125,129,0.16279069767441862,245,37,147,9,52,0,0,24,-5.775708014559897,16.820408163265306,-0.7733691334724426,0.0,,-0.05285922579932958,27.895716774463654,1.894491845369339,6.3351733684539795,0.13325347821810282,0.407958984375,10.489397525787354,-1.8917489796876907e-09,0.19636213779449463,0.0002330603889457523,-0.946377694606781,4.7865800857543945,2303,3.6629786491394043,1784,3.3044090270996094,9,nan,0,nan,0
220,901120,16101.6,56.5,38.11,34.4,10,0.125,382,0.16230366492146597,253,41,128,12,72,0,0,25,-5.634395495940031,16.08695652173913,-0.7745554447174072,0.0,,-0.04764240877702832,28.77562050819397,1.8865665078163147,6.557532930374146,0.2591410837150761,0.44892578125,8.477573990821838,-1.4842953532934189e-09,0.21466320753097534,0.0002327533265097236,-0.9483694434165955,5.046165466308594,2298,3.8004133701324463,1798,nan,0,nan,0,nan,0
221,905216,16174.7,56.4,38.23,34.42,10,0.125,124,0.1774193548387097,254,48,126,10,70,0,0,31,-5.6893757838980425,16.236220472440944,-0.7415989637374878,0.0,,-0.059523395262658596,33.41402833461761,1.8774344861507415,6.385893142223358,0.13220172634755728,0.4228515625,9.741503834724426,-2.6193447411060333e-09,0.20720207691192627,0.000232446264073695,-0.9509828090667725,4.9291768074035645,2215,3.7245311737060547,1875,3.110725164413452,6,nan,0,nan,0
222,909312,16248.1,56.2,38.42,34.43,10,0.125,368,0.16576086956521738,244,39,134,20,51,0,0,27,-5.312722923448917,16.84016393442623,-0.7688649892807007,0.0,,-0.04584201113320887,27.0853439450264,1.8685210704803468,6.403141182661057,0.0864180717326235,0.416748046875,11.34630184173584,-9.313225746154785e-10,0.19960081577301025,0.00023213920163766633,-0.952405571937561,4.827709197998047,2273,3.714228391647339,1822,3.286330223083496,1,nan,0,nan,0
223,913408,16321.2,56.3,38.32,34.4,10,0.125,102,0.1568627450980392,246,47,131,11,57,0,0,29,-5.4600447885799275,16.353658536585368,-0.7184092998504639,0.0,,-0.056729269376955924,31.432586896419526,1.8635980010032653,6.646582090854645,0.12734371030092007,0.42724609375,8.434857141971587,-1.4551915228366852e-10,0.22997957468032837,0.00023183213920163767,-0.9539900422096252,4.921229362487793,2298,3.8030176162719727,1788,4.507197856903076,10,nan,0,nan,0
224,917504,16394.3,56.4,38.17,34.44,10,0.125,362,0.14917127071823205,260,38,134,10,78,0,0,26,-5.78220284634443,16.03076923076923,-0.8161247968673706,0.0,,-0.05003956401487812,27.765077793598174,1.8568309843540192,6.658963602781296,0.24139148038084385,0.48251953125,7.822800636291504,-2.066371962428093e-09,0.19872933626174927,0.000231525076765609,-0.9555010199546814,5.092968463897705,2119,3.871591091156006,1973,3.1054821014404297,4,nan,0,nan,0
225,921600,16467.6,56.2,38.4,34.45,10,0.125,88,0.125,238,44,135,11,48,0,0,29,-5.512898146068752,16.89075630252101,-0.7073477506637573,0.0,,-0.054873867286369206,31.182207787036894,1.8519308626651765,6.5447823941707615,0.11378987868374679,0.441796875,9.243838262557983,-1.6880221664905548e-09,0.1800406575202942,0.00023121801432958035,-0.9565238356590271,4.9382829666137695,2302,3.7435872554779053,1790,3.66306734085083,4,nan,0,nan,0
226,925696,16540.7,56.4,38.25,34.43,10,0.125,331,0.14803625377643503,243,38,138,19,48,0,0,21,-5.206782017406968,17.06584362139918,-0.7558773756027222,0.0,,-0.05228562436532229,27.85381873846054,1.8476275086402894,6.666366285085678,0.22829149510798744,0.4767578125,8.109280014038086,-2.473825588822365e-09,0.1975616216659546,0.0002309109518935517,-0.9576404094696045,4.946543216705322,2315,3.779404640197754,1775,4.2712273597717285,6,nan,0,nan,0
227,929792,16613.8,56.4,38.2,34.4,10,0.125,56,0.19642857142857142,237,37,135,8,57,0,0,18,-5.449795932256669,17.265822784810126,-0.7593836784362793,0.0,,-0.055570301238913086,26.776384127140044,1.8419863343238831,6.867936426401139,0.24859892884996954,0.507275390625,7.809453010559082,-3.812601789832115e-09,0.20360958576202393,0.00023060388945752303,-0.9595540761947632,5.10603141784668,2369,3.8884191513061523,1724,3.5646064281463623,3,nan,0,nan,0
228,933888,16687.0,56.3,38.33,34.44,10,0.125,304,0.18421052631578946,248,45,126,15,62,0,0,25,-5.304491854196248,16.508064516129032,-0.7389689683914185,0.0,,-0.055059546988923104,33.026151585578916,1.8334462702274323,6.71505144238472,0.14554504213301697,0.436669921875,10.377488565444946,-1.7171259969472885e-09,0.19673001766204834,0.00023029682702149437,-0.9617401957511902,4.973825931549072,2349,3.817748546600342,1740,3.262920379638672,7,nan,0,nan,0
229,937984,16760.6,56.1,38.64,34.41,10,0.125,44,0.1590909090909091,252,43,125,14,70,0,0,31,-5.167767415412322,16.416666666666668,-0.754399836063385,0.0,,-0.04930861982284114,29.796844804286955,1.8257684707641602,6.540021085739136,0.22613814520300365,0.491015625,9.29515483379364,-6.402842700481415e-10,0.212130606174469,0.0002299897645854657,-0.9633030891418457,4.946073532104492,2223,3.7961366176605225,1864,4.991220951080322,9,nan,0,nan,0
230,942080,16833.9,56.3,38.36,34.43,10,0.125,287,0.14634146341463414,243,35,130,12,66,0,0,17,-5.440993916687318,16.732510288065843,-0.7725768089294434,0.0,,-0.04757426516152918,26.251947832107543,1.81872701048851,6.821444743871689,0.1734537528725923,0.476708984375,8.46792004108429,-2.0372681319713593e-10,0.18871420621871948,0.00022968270214943705,-0.9656009674072266,4.979625701904297,2440,3.8961520195007324,1651,2.936107873916626,5,nan,0,nan,0
231,946176,16906.7,56.6,37.9,34.46,10,0.125,18,0.1111111111111111,243,42,129,19,53,0,0,21,-4.973749760494131,16.76954732510288,-0.7451274991035461,0.0,,-0.053760099969804284,29.056024074554443,1.8097038328647614,6.609077876806259,0.16148643309861654,0.442822265625,10.201459169387817,-2.764863893389702e-09,0.2218596339225769,0.00022937563971340836,-0.9673217535018921,4.958982944488525,2399,3.7020325660705566,1694,2.395810842514038,3,nan,0,nan,0
232,950272,16980.4,55.9,38.8,34.46,10,0.125,266,0.16541353383458646,248,42,128,9,69,0,0,25,-5.326679523413323,16.568548387096776,-0.7404518723487854,0.0,,-0.055188659636769444,30.352932608127595,1.8031148314476013,6.555733722448349,0.11772277009586105,0.429931640625,9.650105619430542,-1.367880031466484e-09,0.20012885332107544,0.0002290685772773797,-0.9692773222923279,4.915695667266846,2210,3.8268015384674072,1881,5.314882755279541,5,nan,0,nan,0
233,954368,17053.6,56.3,38.28,34.42,10,0.125,509,0.15913555992141454,243,37,143,14,49,0,0,21,-5.424704363849452,16.86008230452675,-0.7681156396865845,0.0,,-0.04163437798852101,26.52605006694794,1.7970232367515564,6.459923875331879,0.2039806805041735,0.485693359375,10.049814105033875,-1.4842953532934189e-09,0.18139994144439697,0.00022876151484135104,-0.9698958396911621,4.947903633117676,2253,3.6522552967071533,1843,nan,0,nan,0,nan,0
234,958464,17127.3,55.9,38.79,34.44,10,0.125,237,0.12658227848101267,240,30,137,16,57,0,0,18,-5.40204893597983,17.095833333333335,-0.7965791821479797,0.0,,-0.05033952619414776,24.28803394436836,1.7946869075298308,6.670387560129166,0.527773639713996,0.474267578125,9.32136845588684,-1.3387762010097504e-09,0.2164444923400879,0.00022845445240532238,-0.9710253477096558,5.1068572998046875,2290,3.772130250930786,1802,5.038176536560059,4,nan,0,nan,0
235,962560,17200.4,56.3,38.25,34.44,10,0.125,480,0.14375,243,39,142,12,50,0,0,23,-5.24670367174079,16.790123456790123,-0.738883376121521,0.0,,-0.04938923807349056,27.735933089256285,1.7881388068199158,6.396348750591278,0.11865590644156328,0.449462890625,9.826900696754455,-1.1932570487260818e-09,0.20095735788345337,0.00022814738996929372,-0.9730607867240906,4.8530964851379395,2242,3.6339902877807617,1846,2.8984336853027344,8,nan,0,nan,0
236,966656,17274.0,56.0,38.69,34.41,10,0.125,215,0.18604651162790697,247,46,130,20,51,0,0,26,-5.150782558970533,16.696356275303643,-0.6999232769012451,0.0,,-0.0532498627435416,30.996320009231567,1.7794362545013427,6.696219593286514,0.12888242593908217,0.4380859375,10.300416135787964,-1.3387762010097504e-09,0.2193470001220703,0.00022784032753326506,-0.9752240777015686,4.95779275894165,2319,3.688291072845459,1777,nan,0,nan,0,nan,0
237,970752,17347.1,56.4,38.18,34.46,10,0.125,463,0.17494600431965443,248,41,125,15,67,0,0,22,-5.233583214854717,16.411290322580644,-0.7506759762763977,0.0,,-0.0569681248627603,29.791644263267518,1.770211398601532,6.7358055233955385,0.15282304439024302,0.457421875,9.243357229232789,-1.4842953532934189e-09,0.2064915895462036,0.0002275332650972364,-0.9778659343719482,5.037563800811768,2238,3.896181344985962,1847,2.9758033752441406,11,nan,0,nan,0
238,974848,17420.7,56.0,38.63,34.46,10,0.125,198,0.1919191919191919,247,48,129,16,54,0,0,31,-5.086032641158826,16.60323886639676,-0.6901354789733887,0.0,,-0.057886255311314014,31.80560621023178,1.7600422501564026,6.344309639930725,0.24579417965287575,0.501806640625,8.070040893554687,-2.2992026060819626e-09,0.1960422396659851,0.00022722620266120774,-0.9800559282302856,4.8239946365356445,2369,3.5171432495117188,1725,2.004262685775757,2,nan,0,nan,0
239,978944,17494.4,55.9,38.89,34.39,10,0.125,443,0.1873589164785553,245,45,130,16,54,0,0,28,-4.9962666753806655,16.706122448979592,-0.707732617855072,0.0,,-0.05616437466815114,29.968761706352232,1.7527635931968688,6.254385983943939,0.10953752809436992,0.42119140625,10.494584536552429,-1.6298145055770874e-09,0.22701692581176758,0.00022691914022517908,-0.9813666343688965,4.7278547286987305,2387,3.6705331802368164,1709,nan,0,nan,0,nan,0
240,983040,17567.9,56.1,38.64,34.42,10,0.125,171,0.19298245614035087,240,40,135,16,49,0,0,26,-5.239736151462054,17.104166666666668,-0.720395565032959,0.0,,-0.05251783241983503,28.909444093704224,1.7472289264202119,6.6605109333992,0.15567369334603426,0.47236328125,9.613399171829224,-6.111804395914078e-10,0.22171401977539062,0.00022661207778915042,-0.9830398559570312,5.038900852203369,2375,3.68290114402771,1721,nan,0,nan,0,nan,0
241,987136,17641.1,56.3,38.3,34.42,10,0.125,413,0.15980629539951574,242,33,140,10,59,0,0,20,-4.993476928990476,17.024793388429753,-0.7619684934616089,0.0,,-0.050734638306312266,24.781801503896713,1.7411621272563935,6.490468740463257,0.1855816045354004,0.46875,8.546430909633637,-9.604264050722122e-10,0.21285128593444824,0.00022630501535312176,-0.9842228889465332,4.9243645668029785,2261,3.7596144676208496,1825,3.7997612953186035,10,nan,0,nan,0
242,991232,17714.2,56.4,38.23,34.4,10,0.125,140,0.07857142857142857,239,27,143,18,51,0,0,21,-5.491310596058079,17.07949790794979,-0.7850250005722046,0.0,,-0.04019578651059419,21.281449794769287,1.7358772337436676,6.782958477735519,0.2143181039718911,0.542138671875,6.845512080192566,-1.862645149230957e-09,0.19618499279022217,0.0002259979529170931,-0.9859709739685059,5.031623363494873,2279,3.7431411743164062,1798,4.256627559661865,19,nan,0,nan,0
243,995328,17787.4,56.3,38.3,34.4,10,0.125,385,0.15324675324675324,245,48,133,11,53,0,0,29,-5.255418987660826,16.542857142857144,-0.6972070932388306,0.0,,-0.031202905450481922,31.732223892211913,1.7283601880073547,6.52139538526535,0.23953439236356644,0.49501953125,12.685129737854004,-2.7066562324762344e-09,0.2536332607269287,0.00022569089048106444,-0.9876822829246521,4.938883304595947,2220,3.7800865173339844,1870,4.806075572967529,6,nan,0,nan,0
244,999424,17860.9,56.1,38.62,34.4,10,0.125,119,0.2605042016806723,246,59,127,7,53,0,0,38,-5.282443493827676,16.963414634146343,-0.6310749650001526,0.0,,-0.042561149271205065,36.83631021976471,1.7228473246097564,6.482384157180786,0.14235583600966492,0.452001953125,12.93231167793274,-1.1350493878126144e-09,0.22769075632095337,0.00022538382804503578,-0.988905131816864,4.885085582733154,2331,3.6835525035858154,1762,3.7587077617645264,3,nan,0,nan,0
245,1003520,17934.2,56.2,38.38,34.45,10,0.125,362,0.20441988950276244,243,43,123,9,68,0,0,23,-5.3987873223671565,16.691358024691358,-0.7012358903884888,0.0,,-0.0590940325288102,29.31985025405884,1.716896790266037,6.738979560136795,0.1413449675703305,0.44765625,9.156243872642516,-2.240994945168495e-09,0.18709653615951538,0.00022507676560900712,-0.9908559322357178,4.992591857910156,2332,3.844815254211426,1757,4.268019676208496,7,nan,0,nan,0
246,1007616,18007.8,56.0,38.7,34.4,10,0.125,103,0.10679611650485436,253,30,144,13,66,0,0,19,-4.849997677584329,16.26086956521739,-0.8054383993148804,0.0,,-0.04870332179125399,22.629181802272797,1.708467048406601,6.5108556091785434,0.12045422598312143,0.422021484375,11.631678676605224,-1.1059455573558807e-09,0.2007879614830017,0.00022476970317297852,-0.9928610920906067,4.932677268981934,2264,3.748415231704712,1832,nan,0,nan,0,nan,0
247,1011712,18081.4,55.9,38.78,34.43,10,0.125,343,0.15451895043731778,240,42,143,9,46,0,0,27,-5.345835394456978,16.9625,-0.7063795328140259,0.0,,-0.05455305443610996,30.548166251182558,1.6989473521709442,6.624854111671448,0.1684929530529189,0.44775390625,10.923658084869384,-1.949956640601158e-09,0.22776180505752563,0.0002244626407369498,-0.9958594441413879,4.899482250213623,2375,3.7429134845733643,1715,2.175701379776001,6,nan,0,nan,0
248,1015808,18154.6,56.3,38.31,34.43,10,0.125,75,0.08,244,38,136,10,60,0,0,21,-5.192651197845652,16.87295081967213,-0.731598973274231,0.0,,-0.05322721339762211,27.629435288906098,1.6866080939769745,6.365299713611603,0.18633908555930248,0.480908203125,7.867530584335327,-2.8230715543031693e-09,0.21320420503616333,0.0002241555783009212,-0.998651921749115,4.907468795776367,2364,3.7040162086486816,1723,2.783231019973755,9,nan,0,nan,0
249,1019904,18227.9,56.3,38.37,34.44,10,0.125,313,0.15654952076677317,238,43,141,6,48,0,0,31,-5.393077513076307,17.205882352941178,-0.6898711919784546,0.0,,-0.050775791378691794,30.20220183134079,1.677236658334732,6.935669755935669,0.16485962469450896,0.472607421875,10.734718346595765,-1.3096723705530167e-09,0.23516732454299927,0.00022384851586489249,-1.0007905960083008,5.150252342224121,2320,3.886781930923462,1763,3.753695487976074,13,nan,0,nan,0
250,1024000,18301.3,56.1,38.55,34.42,10,0.125,46,0.13043478260869565,245,38,134,17,56,0,0,22,-5.552405607832991,16.706122448979592,-0.7259961366653442,0.0,,-0.051394980028271676,29.332791781425477,1.6683322668075562,6.724057513475418,0.18314822489483049,0.486962890625,9.252027583122253,-9.604264050722122e-10,0.1996520757675171,0.00022354145342886388,-1.0030581951141357,5.014749050140381,2318,3.81821608543396,1772,4.278014659881592,6,nan,0,nan,0
251,1028096,18374.6,56.3,38.29,34.47,10,0.125,295,0.15254237288135594,249,39,124,12,74,0,0,20,-5.121574892347183,16.377510040160644,-0.7338027954101562,0.0,,-0.05581733911531046,27.20947519540787,1.6603094458580017,6.2896883368492125,0.23382609369291457,0.488671875,9.79943323135376,-1.8044374883174896e-09,0.20269882678985596,0.00022323439099283517,-1.004706621170044,4.907792568206787,2318,3.7164340019226074,1774,4.649314880371094,4,nan,0,nan,0
252,1032192,18448.2,56.0,38.73,34.4,10,0.125,23,0.34782608695652173,240,50,135,10,45,0,0,25,-5.6159065179572,17.179166666666667,-0.6524149179458618,0.0,,-0.03899107617326081,33.256634855270384,1.6542885243892669,6.787947338819504,0.22426735601475228,0.54619140625,9.817395067214965,-1.1932570487260818e-09,0.25123143196105957,0.00022292732855680656,-1.0060548782348633,5.125288009643555,2344,3.787792682647705,1748,5.605306625366211,4,nan,0,nan,0
253,1036288,18521.1,56.5,38.01,34.45,10,0.125,256,0.14453125,233,29,140,19,45,0,0,16,-5.166530934016946,17.412017167381975,-0.7578877210617065,0.0,,-0.05083598261699081,23.588068747520445,1.6480570077896117,6.705230820178985,0.12756994992523688,0.44248046875,11.091249132156372,-2.764863893389702e-09,0.1735595464706421,0.00022262026612077785,-1.0080567598342896,5.002755165100098,2269,3.8289997577667236,1827,nan,0,nan,0,nan,0
254,1040384,18594.5,56.2,38.51,34.39,10,0.125,503,0.14910536779324055,247,38,131,16,62,0,0,20,-5.258507603156789,16.748987854251013,-0.7561063170433044,0.0,,-0.0504089368507266,26.696375715732575,1.6396095871925354,6.086482328176499,0.24920645805395908,0.506689453125,8.409233856201173,-2.240994945168495e-09,0.2040882110595703,0.00022231320368474924,-1.0102170705795288,4.871248245239258,2332,3.497863292694092,1755,3.10310697555542,9,nan,0,nan,0
255,1044480,18667.4,56.5,38.09,34.42,10,0.125,228,0.17105263157894737,237,40,125,9,63,0,0,24,-5.103692662416668,17.122362869198312,-0.709356427192688,0.0,,-0.05629586889408529,30.1941828250885,1.6313691079616546,6.771600967645645,0.20098878660792252,0.460791015625,10.356597328186036,-1.4260876923799515e-09,0.2162686586380005,0.00022200614124872053,-1.0120620727539062,5.178719520568848,2319,3.8289475440979004,1768,5.161416530609131,9,nan,0,nan,0
256,1048576,18740.9,56.1,38.5,34.45,10,0.125,477,0.15723270440251572,249,36,141,8,64,0,0,22,-5.4370528918215655,16.63855421686747,-0.748764157295227,0.0,,-0.05707921264693141,27.22293940782547,1.623305517435074,6.440173530578614,0.1691225682370714,0.492236328125,7.763452959060669,-2.35741026699543e-09,0.20733493566513062,0.00022169907881269192,-1.01442551612854,4.908696174621582,2351,3.675203323364258,1728,3.8768813610076904,17,nan,0,nan,0
257,1052672,18814.4,56.1,38.64,34.42,10,0.125,207,0.16908212560386474,242,38,125,16,63,0,0,26,-5.2858044608678,16.768595041322314,-0.7132534980773926,0.0,,-0.053786755463806915,27.97739589214325,1.6145489513874054,6.653890711069107,0.25150578708417015,0.52529296875,7.210546135902405,-3.1141098588705063e-09,0.21065562963485718,0.0002213920163766632,-1.0164380073547363,4.994612693786621,2399,3.7282986640930176,1694,3.798781156539917,3,nan,0,nan,0
258,1056768,18887.5,56.4,38.2,34.47,10,0.125,445,0.18202247191011237,238,46,128,8,56,0,0,30,-5.578657922779206,17.327731092436974,-0.6738609075546265,0.0,,-0.060880802921019495,32.480788028240205,1.606347906589508,6.918531113862992,0.16450252446811647,0.48642578125,8.88759367465973,-2.2118911147117615e-09,0.23507577180862427,0.0002210849539406346,-1.018449306488037,5.079198360443115,2271,3.89286470413208,1805,3.9684786796569824,20,nan,0,nan,0
259,1060864,18961.0,56.1,38.6,34.44,10,0.125,177,0.1807909604519774,244,42,137,9,56,0,0,27,-5.428992559311493,16.75,-0.7031447887420654,0.0,,-0.05588997434824705,30.60259606838226,1.5990966856479645,6.450696367025375,0.27205106918263483,0.499658203125,10.32288224697113,-2.5320332497358322e-09,0.21773087978363037,0.0002207778915046059,-1.0198724269866943,4.750421524047852,2298,3.7699763774871826,1795,3.927438735961914,3,nan,0,nan,0
260,1064960,19034.4,56.2,38.48,34.46,10,0.125,409,0.1882640586797066,232,45,125,12,50,0,0,26,-5.382088312857032,17.53448275862069,-0.6599994897842407,0.0,,-0.05145795072312467,31.07719382047653,1.5946509003639222,6.664258497953415,0.24745588767691515,0.5103515625,9.765315437316895,-2.6775524020195007e-09,0.2489171028137207,0.00022047082906857728,-1.0206844806671143,5.031049728393555,2279,3.75907826423645,1795,5.781094551086426,22,nan,0,nan,0
261,1069056,19108.2,55.9,38.9,34.42,10,0.125,141,0.16312056737588654,244,42,126,11,65,0,0,25,-5.195303533127266,17.024590163934427,-0.704302966594696,0.0,,-0.055045150127261876,29.71295634508133,1.5907717227935791,6.352097362279892,0.23155502858717228,0.4982421875,8.82435953617096,-2.0372681319713593e-10,0.217837393283844,0.00022016376663254857,-1.021920919418335,4.867558479309082,2271,3.6484529972076416,1817,3.661341667175293,8,nan,0,nan,0
262,1073152,19181.5,56.2,38.46,34.42,10,0.125,381,0.17060367454068243,240,42,126,13,59,0,0,26,-5.241918295124323,16.983333333333334,-0.6894218921661377,0.0,,-0.055051847663708034,30.3049364566803,1.585346233844757,6.61347593665123,0.19923299959336874,0.4529296875,9.242262578010559,-3.0850060284137726e-09,0.2205110788345337,0.00021985670419651996,-1.0235838890075684,4.99586296081543,2281,3.8005497455596924,1808,4.208932399749756,7,nan,0,nan,0
263,1077248,19255.0,56.0,38.69,34.39,10,0.125,116,0.1724137931034483,247,40,121,14,72,0,0,27,-5.477530963267666,16.481781376518217,-0.7091623544692993,0.0,,-0.04854567889124155,29.599581372737884,1.5772911250591277,6.406280964612961,0.20679734259174437,0.502783203125,10.723077583312989,-1.949956640601158e-09,0.18667495250701904,0.00021954964176049125,-1.02559232711792,4.853108882904053,2203,3.743264675140381,1891,4.861642837524414,2,nan,0,nan,0
264,1081344,19328.7,55.9,38.82,34.4,10,0.125,355,0.17464788732394365,239,42,136,14,47,0,0,30,-4.956104390432942,17.0836820083682,-0.69554203748703,0.0,,-0.0516916612861678,27.616018080711363,1.5709549963474274,6.571013879776001,0.25498750315455254,0.536328125,8.523001670837402,-2.153683453798294e-09,0.23183876276016235,0.00021924257932446264,-1.0266860723495483,4.790334701538086,2251,3.812581777572632,1845,nan,0,nan,0,nan,0
265,1085440,19402.5,55.9,38.9,34.41,10,0.125,70,0.14285714285714285,227,42,145,11,29,0,0,28,-5.474621547835982,18.079295154185022,-0.664132833480835,0.0,,-0.058045077789574864,30.14677906036377,1.5678092181682586,6.7970519125461575,0.23252135397924575,0.506689453125,8.205657017230987,-1.1059455573558807e-09,0.22439396381378174,0.00021893551688843398,-1.0274726152420044,5.022152423858643,2202,3.7280077934265137,1887,3.046318769454956,7,nan,0,nan,0
266,1089536,19475.1,56.8,37.63,34.46,10,0.125,314,0.17197452229299362,244,44,127,17,56,0,0,25,-5.669971745804289,16.831967213114755,-0.6736342906951904,0.0,,-0.05842742080567405,31.45071396827698,1.5623183012008668,6.659469640254974,0.17085998549300713,0.482470703125,10.566319870948792,-1.6880221664905548e-09,0.19386792182922363,0.00021862845445240532,-1.02937650680542,4.953388690948486,2325,3.7101573944091797,1760,3.4571683406829834,11,nan,0,nan,0
267,1093632,19548.8,55.9,38.9,34.39,10,0.125,45,0.13333333333333333,243,34,142,12,55,0,0,16,-5.218811895302512,16.93415637860082,-0.7288317680358887,0.0,,-0.05505641316995025,25.36733114719391,1.554422128200531,6.568587744235993,0.23087908330053325,0.47666015625,9.211108517646789,-4.3655745685100555e-10,0.18368130922317505,0.00021832139201637666,-1.0313966274261475,4.970848560333252,2211,3.6955106258392334,1883,4.201567649841309,2,nan,0,nan,0
268,1097728,19621.6,56.7,37.84,34.41,10,0.125,276,0.17391304347826086,231,42,132,12,45,0,0,31,-5.223664450333301,17.5021645021645,-0.6623563766479492,0.0,,-0.054677277943119405,29.49869476556778,1.5463886559009552,6.819516944885254,0.1473096635279944,0.487841796875,9.816325402259826,-3.550667315721512e-09,0.2066461443901062,0.000218014329580348,-1.0334136486053467,4.957757472991943,2198,3.7587833404541016,1895,3.846176862716675,3,nan,0,nan,0
269,1101824,19695.4,55.8,38.96,34.43,10,0.125,4,0.0,240,44,121,14,61,0,0,27,-5.328073346172239,17.25,-0.689448356628418,0.0,,-0.05921413104515523,32.132079696655275,1.5392165899276733,6.94565652012825,0.2748126567705185,0.447412109375,11.566883373260499,-1.4260876923799515e-09,0.2587394118309021,0.00021770726714431934,-1.034907341003418,5.081955909729004,2295,3.9568428993225098,1793,3.217388391494751,8,nan,0,nan,0
270,1105920,19769.0,56.0,38.65,34.45,10,0.125,245,0.17142857142857143,241,42,130,13,56,0,0,23,-5.307575920239272,16.692946058091287,-0.6880085468292236,0.0,,-0.056847325339913365,29.804432678222657,1.5334515571594238,6.736951774358749,0.20077530703129015,0.472412109375,9.561787343025207,-2.9103830456733704e-11,0.23412519693374634,0.00021740020470829068,-1.0365118980407715,5.072545528411865,2172,3.73593807220459,1910,5.241561412811279,14,nan,0,nan,0
271,1110016,19842.1,56.4,38.19,34.44,10,0.125,484,0.15495867768595042,239,33,149,11,46,0,0,15,-5.533143708984043,17.464435146443513,-0.7285096645355225,0.0,,-0.04969586986117065,25.809950000047685,1.5257309436798097,7.116885769367218,0.20328554588631959,0.50419921875,9.649229693412781,-1.4842953532934189e-09,0.15008419752120972,0.00021709314227226202,-1.038692831993103,5.236095905303955,2234,3.7234151363372803,1856,5.140998840332031,6,nan,0,nan,0
272,1114112,19915.4,56.2,38.44,34.44,10,0.125,210,0.18571428571428572,238,43,129,10,56,0,0,31,-5.299292521356262,17.021008403361346,-0.6922752261161804,0.0,,-0.04097821502946317,31.259267008304597,1.5180292546749115,6.880532628297805,0.28047227943170583,0.48662109375,12.91629147529602,-1.6589183360338211e-09,0.23399168252944946,0.00021678607983623336,-1.0399705171585083,5.051804065704346,2256,3.9020628929138184,1837,1.9515177011489868,3,nan,0,nan,0
273,1118208,19988.6,56.3,38.29,34.46,10,0.125,451,0.164079822616408,241,35,140,9,57,0,0,22,-4.904906996894917,17.016597510373444,-0.7271962761878967,0.0,,-0.04808409507386387,26.343178236484526,1.5144781053066254,6.758767163753509,0.2520151695687673,0.523779296875,8.63564841747284,-1.6589183360338211e-09,0.2339230179786682,0.0002164790174002047,-1.0408332347869873,4.996509075164795,2327,3.8206117153167725,1766,5.363481044769287,3,nan,0,nan,0
274,1122304,20062.2,56.0,38.62,34.46,10,0.125,169,0.17159763313609466,230,38,138,10,44,0,0,19,-4.825506066144936,17.891304347826086,-0.6998202204704285,0.0,,-0.04793137257220224,28.337536323070527,1.5100575745105744,6.813663530349731,0.1782258090999676,0.495263671875,8.413993859291077,-9.89530235528946e-10,0.2257537841796875,0.00021617195496417604,-1.0422663688659668,5.04719877243042,2274,3.7208757400512695,1810,4.474563121795654,12,nan,0,nan,0
275,1126400,20135.2,56.5,38.1,34.41,10,0.125,406,0.1625615763546798,237,37,140,6,54,0,0,28,-4.8886778634875725,17.265822784810126,-0.718879222869873,0.0,,-0.04871511156670749,26.402940535545348,1.502095353603363,6.698739647865295,0.20782205011491897,0.515087890625,9.438974046707154,-1.7171259969472885e-09,0.25953739881515503,0.00021586489252814738,-1.0447264909744263,4.940931797027588,2296,3.756906747817993,1794,3.9500296115875244,6,nan,0,nan,0
276,1130496,20208.5,56.2,38.4,34.44,10,0.125,129,0.18604651162790697,235,43,130,16,46,0,0,23,-4.843470732146804,17.54468085106383,-0.6848725080490112,0.0,,-0.055535859032534066,29.586675024032594,1.492791438102722,6.9925612032413484,0.13356629612098914,0.447119140625,10.730528521537781,-2.153683453798294e-09,0.2670132517814636,0.00021555783009211872,-1.046942114830017,4.978266716003418,2299,3.878309488296509,1791,5.107827663421631,6,nan,0,nan,0
277,1134592,20282.2,55.9,38.88,34.38,10,0.125,362,0.1850828729281768,233,43,130,15,45,0,0,23,-5.472444058526856,17.373390557939913,-0.659408688545227,0.0,,-0.04916885094717145,30.288625955581665,1.485219144821167,6.782659578323364,0.2205192573936074,0.50751953125,9.35343120098114,-2.1245796233415604e-09,0.24445819854736328,0.00021525076765609006,-1.0483659505844116,5.016252517700195,2228,3.7416324615478516,1853,4.541147708892822,15,nan,0,nan,0
278,1138688,20355.5,56.2,38.47,34.43,10,0.125,92,0.15217391304347827,242,42,140,9,51,0,0,26,-5.354109345605774,16.950413223140497,-0.6962741613388062,0.0,,-0.036810395610518756,30.12965601682663,1.4798766374588013,6.970340365171433,0.2750334995696903,0.51875,12.13920500278473,-2.0372681319713593e-10,0.23604965209960938,0.0002149437052200614,-1.0495134592056274,5.048537254333496,2221,3.818253993988037,1860,3.3696508407592773,15,nan,0,nan,0
279,1142784,20428.9,56.2,38.43,34.43,10,0.125,331,0.18126888217522658,239,46,129,16,48,0,0,25,-5.576974751711895,17.292887029288703,-0.6627985239028931,0.0,,-0.04943974025081843,30.696186125278473,1.474664068222046,6.839816510677338,0.2891921585294767,0.539892578125,7.669357109069824,-7.275957614183426e-10,0.26446497440338135,0.00021463664278403274,-1.0513345003128052,5.015472888946533,2262,3.820244312286377,1827,4.776580810546875,7,nan,0,nan,0
280,1146880,20502.3,56.1,38.56,34.41,10,0.125,68,0.20588235294117646,249,41,129,15,64,0,0,28,-5.544504679215802,16.538152610441767,-0.7102882266044617,0.0,,-0.04934478482464329,29.195718371868132,1.4666213154792787,6.7297310590744015,0.15191138086520367,0.474365234375,11.861745953559875,4.94765117764473e-10,0.20489364862442017,0.00021432958034800408,-1.0533804893493652,4.924373149871826,2339,3.71913480758667,1756,2.219071626663208,1,nan,0,nan,0
281,1150976,20576.0,55.9,38.87,34.41,10,0.125,315,0.16507936507936508,247,38,139,11,59,0,0,24,-5.429193774224806,16.48582995951417,-0.7351053953170776,0.0,,-0.050802482711151245,27.425657361745834,1.4584333419799804,6.665175384283065,0.1774199403327657,0.506103515625,9.656415152549744,-7.566995918750763e-10,0.23880785703659058,0.00021402251791197542,-1.0553340911865234,4.886264801025391,2276,3.8347959518432617,1814,2.39994740486145,6,nan,0,nan,0
282,1155072,20649.7,55.9,38.79,34.43,10,0.125,47,0.23404255319148937,244,51,127,7,59,0,0,28,-5.456614133579475,16.82377049180328,-0.64970463514328,0.0,,-0.05823827306739986,32.46234291791916,1.4508639395236969,6.586671590805054,0.18682117784483127,0.508349609375,9.931579446792602,-1.4260876923799515e-09,0.23469406366348267,0.00021371545547594676,-1.0571975708007812,4.883918285369873,2387,3.687656879425049,1705,1.5435304641723633,4,nan,0,nan,0
283,1159168,20723.4,55.9,38.83,34.42,10,0.125,288,0.1840277777777778,241,42,134,14,51,0,0,28,-5.347909969056782,16.900414937759336,-0.6893672347068787,0.0,,-0.05540583565598354,29.767129290103913,1.4438490748405457,6.820555037260055,0.2925824911755626,0.5125,9.293639445304871,-3.2014213502407074e-10,0.23760026693344116,0.0002134083930399181,-1.0588221549987793,4.928043842315674,2264,3.7829043865203857,1825,5.189804553985596,7,nan,0,nan,0
284,1163264,20796.7,56.2,38.4,34.44,10,0.125,26,0.07692307692307693,250,47,124,13,66,0,0,31,-5.3602105574102605,16.388,-0.6627890467643738,0.0,,-0.04853511878754944,30.74127357006073,1.4371818006038666,6.62544949054718,0.30118744329956826,0.55517578125,7.79967770576477,-1.4551915228366852e-09,0.25385546684265137,0.00021310133060388944,-1.0606534481048584,4.8936967849731445,2313,3.6461939811706543,1780,3.6720049381256104,3,nan,0,nan,0
285,1167360,20870.3,56.1,38.62,34.4,10,0.125,269,0.16728624535315986,243,43,127,11,62,0,0,28,-5.223921793300527,16.77777777777778,-0.6730215549468994,0.0,,-0.05874019749462604,29.661643040180206,1.429035061597824,6.661788606643677,0.26057981584162915,0.5203125,8.308796286582947,-2.6193447411060333e-09,0.22803199291229248,0.0002127942681678608,-1.0628769397735596,4.970073223114014,2326,3.6469385623931885,1760,3.377058744430542,10,nan,0,nan,0
286,1171456,20943.6,56.2,38.42,34.47,10,0.125,505,0.16633663366336635,236,39,125,14,58,0,0,23,-5.037397393908653,17.233050847457626,-0.6952552795410156,0.0,,-0.0551692055829335,27.388141691684723,1.4213365197181702,6.794096744060516,0.15240232892538189,0.4658203125,10.833673644065858,-2.1245796233415604e-09,0.2345944046974182,0.00021248720573183212,-1.0643445253372192,5.071255683898926,2357,3.7107913494110107,1734,3.3929779529571533,5,nan,0,nan,0
287,1175552,21017.1,56.1,38.57,34.43,10,0.125,228,0.17543859649122806,235,43,132,16,44,0,0,21,-4.907313650537631,17.706382978723404,-0.6580235958099365,0.0,,-0.05504333232529461,28.063820350170136,1.4159336745738984,6.795614409446716,0.20060570456989807,0.501318359375,8.512570142745972,7.8580342233181e-10,0.25034838914871216,0.0002121801432958035,-1.065636157989502,5.007243633270264,2355,3.6905112266540527,1726,3.9412882328033447,15,nan,0,nan,0
288,1179648,21090.3,56.3,38.38,34.4,10,0.125,463,0.17278617710583152,235,40,126,12,57,0,0,19,-5.400056614107235,17.33191489361702,-0.6893738508224487,0.0,,-0.05002160330768675,29.677779054641725,1.4115937530994416,7.03610109090805,0.25541101389098914,0.5314453125,10.815474104881286,-2.3283064365386963e-09,0.21296989917755127,0.0002118730808597748,-1.0665113925933838,5.070362567901611,2309,3.8870279788970947,1786,4.0248637199401855,1,nan,0,nan,0
289,1183744,21163.1,56.7,37.79,34.47,10,0.125,185,0.15135135135135136,234,33,139,8,54,0,0,22,-5.289275826456098,17.50854700854701,-0.7125344276428223,0.0,,-0.04998887067195028,24.933849102258684,1.4079050362110137,6.848960369825363,0.16125116591865662,0.4681640625,9.594917583465577,-1.1641532182693481e-10,0.24116522073745728,0.00021156601842374617,-1.0674961805343628,4.974965572357178,2245,3.8406918048858643,1827,3.5366766452789307,24,nan,0,nan,0
290,1187840,21236.2,56.4,38.17,34.46,10,0.125,428,0.1378504672897196,243,31,134,10,68,0,0,16,-5.022458474456878,16.74074074074074,-0.7492945194244385,0.0,,-0.04575915975729004,24.30958158969879,1.4039283573627472,6.841086828708649,0.18216189687373116,0.4888671875,10.852432513237,-2.0954757928848267e-09,0.22056913375854492,0.00021125895598771748,-1.0684330463409424,4.91969633102417,2262,3.8611626625061035,1830,6.903744697570801,4,nan,0,nan,0
291,1191936,21309.3,56.4,38.24,34.44,10,0.125,157,0.16560509554140126,241,36,126,20,59,0,0,16,-5.172840971402404,17.016597510373444,-0.7190951108932495,0.0,,-0.04793429032433778,26.934818601608278,1.3992499828338623,6.703034967184067,0.28219899343093857,0.5447265625,8.756072282791138,-1.6298145055770874e-09,0.22914397716522217,0.00021095189355168885,-1.0699493885040283,4.88545036315918,2381,3.8364861011505127,1702,4.893969535827637,13,nan,0,nan,0
292,1196032,21382.5,56.3,38.33,34.43,10,0.125,393,0.1297709923664122,236,25,144,19,48,0,0,14,-6.135425591908729,17.47457627118644,-0.7593371868133545,0.0,,-0.051451195892877874,20.877911120653152,1.3938899397850038,6.906314551830292,0.136718494950037,0.46259765625,9.774752187728883,-2.5902409106492996e-09,0.18806612491607666,0.00021064483111566014,-1.0710041522979736,4.982748985290527,2357,3.7733662128448486,1726,3.7319905757904053,13,nan,0,nan,0
293,1200128,21456.0,56.1,38.57,34.45,10,0.125,124,0.1774193548387097,243,45,127,9,62,0,0,26,-5.2920930211859405,16.695473251028808,-0.6778653860092163,0.0,,-0.05119641204364598,32.29428777694702,1.3892003059387208,6.668112367391586,0.14895706913957837,0.466748046875,11.616728806495667,-5.238689482212067e-10,0.2482091188430786,0.00021033776867963153,-1.0724406242370605,4.91968297958374,2300,3.7515342235565186,1790,3.001352548599243,6,nan,0,nan,0
294,1204224,21528.9,56.5,38.06,34.42,10,0.125,372,0.1478494623655914,248,33,133,7,75,0,0,24,-5.6114580152842235,16.681451612903224,-0.7563289403915405,0.0,,-0.05568897216580808,24.339675337076187,1.3840180158615112,6.897578406333923,0.1923636961437296,0.490185546875,9.803157424926757,-2.2118911147117615e-09,0.22269421815872192,0.00021003070624360282,-1.073391318321228,5.011777877807617,2329,3.833451747894287,1762,5.0268874168396,5,nan,0,nan,0
295,1208320,21601.9,56.5,38.0,34.48,10,0.125,97,0.1958762886597938,237,38,133,13,53,0,0,24,-5.382396348934188,17.270042194092827,-0.6958572864532471,0.0,,-0.04834086869377643,26.931114035844804,1.3799167275428772,7.183057874441147,0.28273416189185807,0.4841796875,11.657211685180664,-8.731149137020111e-10,0.24421697854995728,0.0002097236438075742,-1.0746691226959229,5.078247547149658,2403,3.8711507320404053,1688,4.147268772125244,5,nan,0,nan,0
296,1212416,21675.2,56.2,38.49,34.42,10,0.125,344,0.18895348837209303,247,46,130,10,61,0,0,29,-5.347517613082553,16.59919028340081,-0.6891887187957764,0.0,,-0.054801219538785514,29.812906050682066,1.3737362504005433,6.671704226732254,0.20779296499240446,0.4845703125,10.538197827339172,-2.4156179279088974e-09,0.271670937538147,0.0002094165813715455,-1.0765001773834229,4.949256896972656,2274,3.730193614959717,1808,3.4671123027801514,14,nan,0,nan,0
297,1216512,21748.7,56.1,38.58,34.41,10,0.125,72,0.19444444444444445,240,45,126,16,53,0,0,21,-5.057074992737914,17.05,-0.6617951393127441,0.0,,-0.053924775961786506,30.16381983757019,1.3666081428527832,6.919548624753952,0.22307397277618293,0.49931640625,9.50755000114441,-1.1059455573558807e-09,0.2401742935180664,0.0002091095189355169,-1.078287124633789,5.008484840393066,2301,3.8005728721618652,1791,5.11608362197876,4,nan,0,nan,0
298,1220608,21821.8,56.4,38.16,34.45,10,0.125,311,0.17684887459807075,239,41,137,8,53,0,0,26,-5.411554830175767,17.06276150627615,-0.690178394317627,0.0,,-0.05368215222842991,28.320448410511016,1.359046846628189,6.57788662314415,0.3789137958825449,0.541943359375,9.287648224830628,-1.4551915228366852e-10,0.24480831623077393,0.00020880245649948818,-1.0800838470458984,4.7996506690979,2303,3.824301242828369,1783,3.156827926635742,10,nan,0,nan,0
299,1224704,21895.4,56.0,38.68,34.41,10,0.125,45,0.08888888888888889,246,35,126,16,69,0,0,14,-5.3064060004640305,16.784552845528456,-0.7361220121383667,0.0,,-0.04933913135901093,24.131856417655946,1.3523235857486724,6.704502904415131,0.3763873742733267,0.47861328125,9.293200743198394,-1.4842953532934189e-09,0.22137439250946045,0.00020849539406345957,-1.0819525718688965,4.945249557495117,2240,3.7636489868164062,1852,5.543843746185303,4,nan,0,nan,0
300,1228800,21968.1,56.7,37.8,34.42,10,0.125,286,0.11538461538461539,241,29,136,7,69,0,0,14,-5.610251012939306,16.95850622406639,-0.7705628871917725,0.0,,-0.03990520578809083,24.47067595720291,1.3448405802249908,6.852993351221085,0.3365252527524717,0.5509765625,9.167346906661987,-6.984919309616089e-10,0.21508276462554932,0.00020818833162743086,-1.0834598541259766,5.043538570404053,2317,3.8789286613464355,1757,4.466887950897217,22,nan,0,nan,0
301,1232896,22041.6,56.2,38.45,34.41,10,0.125,16,0.0625,242,38,133,13,58,0,0,22,-5.354124204714325,16.863636363636363,-0.7215840220451355,0.0,,-0.04918117590714246,27.600844317674635,1.3389949440956115,6.715707343816757,0.30278055343806043,0.546533203125,7.6385986328125,-1.4842953532934189e-09,0.25332438945770264,0.00020788126919140225,-1.0850558280944824,4.86152458190918,2327,3.7570950984954834,1765,5.681066036224365,4,nan,0,nan,0
302,1236992,22114.9,56.3,38.36,34.43,10,0.125,260,0.1576923076923077,244,40,124,11,69,0,0,24,-5.481850885095569,16.75,-0.6883097887039185,0.0,,-0.041320443188305946,28.72804515361786,1.3323432445526122,7.027423679828644,0.24958395407884382,0.55263671875,10.810371732711792,-1.7462298274040222e-09,0.24433523416519165,0.00020757420675537354,-1.08669114112854,5.109777450561523,2384,3.830155611038208,1701,4.878308296203613,11,nan,0,nan,0
303,1241088,22187.9,56.4,38.09,34.48,10,0.125,499,0.14428857715430862,239,31,130,15,63,0,0,17,-5.309662296386116,17.06276150627615,-0.7185079455375671,0.0,,-0.05007869005203247,23.64223529100418,1.3266249179840088,6.970537751913071,0.19550327944016316,0.475732421875,8.932472920417785,-6.693881005048752e-10,0.21051502227783203,0.00020726714431934493,-1.087891697883606,5.120125770568848,2309,3.7940962314605713,1774,3.7402114868164062,13,nan,0,nan,0
304,1245184,22261.6,55.9,38.84,34.42,10,0.125,246,0.1951219512195122,259,48,129,13,69,0,0,36,-5.343037510916407,16.111969111969113,-0.6801317930221558,0.0,,-0.061639190861023964,30.908571922779082,1.3220150351524353,6.514220505952835,0.202486779956962,0.451904296875,11.00612998008728,-1.3387762010097504e-09,0.24060100317001343,0.00020696008188331627,-1.0892391204833984,4.810160160064697,2338,3.6899874210357666,1749,4.755588054656982,9,nan,0,nan,0
305,1249280,22334.9,56.2,38.4,34.43,10,0.125,480,0.18541666666666667,234,41,129,15,49,0,0,23,-5.2867563733302285,17.264957264957264,-0.6694139242172241,0.0,,-0.041480692010372876,29.5734534740448,1.3169560134410858,6.79123130440712,0.27119579355348833,0.508642578125,10.983272743225097,-2.3283064365386963e-10,0.25004804134368896,0.0002066530194472876,-1.0900908708572388,4.963917255401611,2317,3.857372522354126,1775,1.635833501815796,4,nan,0,nan,0
306,1253376,22408.6,56.0,38.73,34.43,10,0.125,215,0.2,247,49,121,16,61,0,0,26,-5.36016200710727,16.720647773279353,-0.6462870836257935,0.0,,-0.058658943185582756,31.435523366928102,1.3144638121128083,6.434675985574723,0.22499009471066528,0.4931640625,9.558195328712463,-5.529727786779404e-10,0.2549434304237366,0.00020634595701125895,-1.0907583236694336,4.793985843658447,2364,3.724780559539795,1724,3.41709303855896,8,nan,0,nan,0
307,1257472,22481.9,56.2,38.44,34.46,10,0.125,448,0.16517857142857142,233,31,141,14,47,0,0,20,-5.385216582122904,17.394849785407725,-0.7198927402496338,0.0,,-0.04538144315592944,23.590544492006302,1.3106496989727021,6.872983920574188,0.22116741902282228,0.4994140625,10.90577974319458,-2.8230715543031693e-09,0.18435943126678467,0.0002060388945752303,-1.091892957687378,5.064587116241455,2334,3.705949306488037,1761,3.1561315059661865,1,nan,0,nan,0
308,1261568,22555.0,56.5,38.1,34.43,10,0.125,179,0.16201117318435754,243,42,124,9,68,0,0,25,-5.278109151718039,16.991769547325102,-0.685490608215332,0.0,,-0.055533713393379,29.99377863407135,1.3036019325256347,6.831267929077148,0.24917360023828222,0.50849609375,9.274235200881957,-2.0954757928848267e-09,0.22500652074813843,0.00020573183213920163,-1.0945188999176025,4.942743301391602,2266,3.8954145908355713,1817,4.693025588989258,13,nan,0,nan,0
309,1265664,22628.1,56.3,38.32,34.41,10,0.125,420,0.14523809523809525,241,32,137,13,59,0,0,21,-5.432403944571785,16.900414937759336,-0.7319765090942383,0.0,,-0.0522573672933504,26.004142618179323,1.2929825365543366,6.81571472287178,0.20105138970684494,0.51943359375,9.384363043308259,-2.8812792152166367e-09,0.20451819896697998,0.00020542476970317297,-1.0967791080474854,4.9126152992248535,2271,3.745516061782837,1818,6.814945220947266,7,nan,0,nan,0
310,1269760,22701.6,56.1,38.59,34.46,10,0.125,150,0.18,242,46,129,11,56,0,0,22,-5.449452273525136,17.14876033057851,-0.6528853178024292,0.0,,-0.05166673492640257,32.4744925737381,1.2858866214752198,6.81569242477417,0.19530710213730346,0.494873046875,9.973392581939697,-4.3655745685100555e-10,0.24248850345611572,0.00020511770726714431,-1.0981781482696533,4.953730583190918,2289,3.8156678676605225,1795,4.921087741851807,12,nan,0,nan,0
311,1273856,22774.7,56.4,38.21,34.42,10,0.125,394,0.17766497461928935,244,43,122,11,68,0,0,31,-5.37137129890832,16.737704918032787,-0.6784248352050781,0.0,,-0.05692657479085028,30.075477039813997,1.2805058777332305,7.089458614587784,0.22833742155198705,0.531884765625,9.200738835334779,-2.0081643015146255e-09,0.22673386335372925,0.00020481064483111565,-1.0995805263519287,5.105685710906982,2369,3.9600534439086914,1726,2.86751389503479,1,nan,0,nan,0
312,1277952,22847.9,56.3,38.37,34.39,10,0.125,126,0.1984126984126984,244,42,127,17,58,0,0,20,-5.104821243819941,16.508196721311474,-0.6910130977630615,0.0,,-0.061854211357422174,29.121368181705474,1.2747179508209228,6.595208585262299,0.22308100675727474,0.508935546875,9.907087039947509,-1.2514647096395493e-09,0.2570662498474121,0.000204503582395087,-1.1010627746582031,4.812215805053711,2393,3.7241804599761963,1697,3.8787848949432373,6,nan,0,nan,0
313,1282048,22921.3,56.2,38.46,34.4,10,0.125,373,0.17158176943699732,247,39,138,13,57,0,0,27,-5.6742343315151675,16.672064777327936,-0.6888457536697388,0.0,,-0.059633442433550954,26.839749884605407,1.2688139438629151,6.624801367521286,0.21913654144300382,0.510791015625,9.885975766181947,-1.1350493878126144e-09,0.2288973331451416,0.00020419651995905833,-1.102306604385376,4.946969985961914,2193,3.7412757873535156,1892,3.501549482345581,11,nan,0,nan,0
314,1286144,22994.3,56.4,38.12,34.46,10,0.125,102,0.16666666666666666,241,37,138,9,57,0,0,20,-5.606845735967949,16.904564315352697,-0.7226887345314026,0.0,,-0.050874417368322614,27.47845537662506,1.263558465242386,6.799807596206665,0.20543696772801923,0.506298828125,9.504194939136505,-2.8812792152166367e-09,0.24511003494262695,0.00020388945752302967,-1.1040337085723877,4.961628437042236,2289,3.772993803024292,1803,6.932722091674805,4,nan,0,nan,0
315,1290240,23068.1,55.9,38.85,34.44,10,0.125,345,0.1681159420289855,243,41,138,8,56,0,0,26,-5.091829651046381,17.08230452674897,-0.6846902966499329,0.0,,-0.05737375838216394,28.4172012925148,1.2569152951240539,6.874400198459625,0.30858217163622614,0.547265625,9.02558093070984,-1.1350493878126144e-09,0.2549077272415161,0.00020358239508700101,-1.105366587638855,4.894189834594727,2351,3.808600664138794,1737,3.1525795459747314,8,nan,0,nan,0
316,1294336,23141.7,56.0,38.66,34.42,10,0.125,70,0.17142857142857143,237,37,125,17,58,0,0,27,-5.057962231836232,17.30801687763713,-0.6906512975692749,0.0,,-0.056117416149936615,26.421592044830323,1.2518084824085236,6.659207808971405,0.19741877106862377,0.511181640625,7.7680930376052855,-3.4633558243513107e-09,0.2629775404930115,0.00020327533265097235,-1.1068363189697266,4.849720478057861,2421,3.8038878440856934,1668,5.809772491455078,7,nan,0,nan,0
317,1298432,23215.2,56.1,38.58,34.44,10,0.125,319,0.14733542319749215,249,35,137,8,69,0,0,24,-5.071553099120619,16.449799196787147,-0.7290829420089722,0.0,,-0.056755366665311155,24.646611666679384,1.2455535590648652,6.779684364795685,0.2190607139869826,0.518701171875,8.578995180130004,-4.0745362639427185e-10,0.2429518699645996,0.0002029682702149437,-1.1084024906158447,4.873762607574463,2411,3.785046100616455,1685,nan,0,nan,0,nan,0
318,1302528,23288.3,56.4,38.27,34.42,10,0.125,46,0.17391304347826086,239,37,136,9,57,0,0,20,-5.494799371689381,16.98326359832636,-0.68883216381073,0.0,,-0.05780497626401484,27.5260098695755,1.2397965133190154,6.711171102523804,0.25850017122138524,0.506884765625,8.547137022018433,-7.8580342233181e-10,0.22530943155288696,0.00020266120777891503,-1.109696865081787,4.8515729904174805,2355,3.766066312789917,1717,3.772258758544922,24,nan,0,nan,0
319,1306624,23362.1,55.9,38.85,34.42,10,0.125,288,0.17708333333333334,242,43,137,9,53,0,0,29,-5.431640586888949,17.078512396694215,-0.6778926849365234,0.0,,-0.058488759538158776,27.14197791814804,1.2342535734176636,6.554764062166214,0.23666136606771032,0.514697265625,7.9971616744995115,-2.6193447411060333e-09,0.2771260738372803,0.00020235414534288637,-1.1112003326416016,4.722018241882324,2356,3.6494946479797363,1734,4.00075101852417,6,nan,0,nan,0
320,1310720,23434.7,56.8,37.75,34.41,10,0.125,13,0.07692307692307693,237,36,133,12,56,0,0,23,-5.374150537249758,17.164556962025316,-0.6901599764823914,0.0,,-0.059575654356740414,26.400130569934845,1.2284988582134246,6.894223839044571,0.20602259701117873,0.4759765625,8.836293172836303,-1.1641532182693481e-09,0.24182510375976562,0.00020204708290685772,-1.1126203536987305,4.935863494873047,2499,3.849872589111328,1596,3.9012091159820557,1,nan,0,nan,0
321,1314816,23507.8,56.3,38.27,34.44,10,0.125,252,0.15476190476190477,239,38,135,15,51,0,0,21,-5.266812696715534,17.230125523012553,-0.6841763854026794,0.0,,-0.05548352657351643,27.871988391876222,1.221860659122467,6.722924202680588,0.1926191090606153,0.511865234375,10.233522033691406,-1.3969838619232178e-09,0.23771733045578003,0.00020174002047082906,-1.1143875122070312,4.915818691253662,2344,3.787763833999634,1743,2.352982521057129,9,nan,0,nan,0
322,1318912,23581.3,56.1,38.6,34.45,10,0.125,500,0.14,248,31,135,14,68,0,0,17,-5.841776073482223,16.403225806451612,-0.7525271773338318,0.0,,-0.05482595695648342,25.152757942676544,1.2157670378684997,6.786694395542145,0.15954481590015349,0.495947265625,10.287557196617126,-2.735760062932968e-09,0.21225076913833618,0.0002014329580348004,-1.1155985593795776,4.982729434967041,2313,3.8329827785491943,1777,4.792701721191406,6,nan,0,nan,0
323,1323008,23654.0,56.7,37.84,34.43,10,0.125,234,0.1452991452991453,246,36,124,9,77,0,0,21,-5.225472188611726,16.634146341463413,-0.7292129993438721,0.0,,-0.05752982145640999,25.809472978115082,1.2107509911060332,6.63227259516716,0.18759501008316876,0.500146484375,9.868222665786742,-3.026798367500305e-09,0.26160550117492676,0.00020112589559877174,-1.1171929836273193,4.908934593200684,2310,3.7986679077148438,1773,4.32595157623291,13,nan,0,nan,0
324,1327104,23727.7,55.9,38.89,34.39,10,0.125,472,0.15254237288135594,238,38,139,12,49,0,0,31,-5.2793721252124115,17.247899159663866,-0.6763253211975098,0.0,,-0.05920886755920947,28.057183849811555,1.2033091187477112,7.198985928297043,0.21095462336816126,0.50830078125,9.982349467277526,-1.8335413187742233e-09,0.2737553119659424,0.0002008188331627431,-1.1191072463989258,4.9851975440979,2417,3.9042720794677734,1673,7.191774845123291,6,nan,0,nan,0
325,1331200,23801.2,56.1,38.57,34.46,10,0.125,209,0.1291866028708134,249,32,135,23,59,0,0,22,-5.41550791700536,16.40963855421687,-0.7564581036567688,0.0,,-0.0603882679482922,24.73613542318344,1.1956538021564485,6.704834848642349,0.2700548970417003,0.483154296875,9.385396337509155,-2.240994945168495e-09,0.22715377807617188,0.00020051177072671442,-1.1210664510726929,4.893049240112305,2344,3.7664403915405273,1745,3.324594497680664,7,nan,0,nan,0
326,1335296,23874.2,56.4,38.13,34.44,10,0.125,453,0.1368653421633554,244,35,127,17,65,0,0,21,-5.792236675192098,16.81967213114754,-0.711218535900116,0.0,,-0.055770226567983625,26.619336092472075,1.187615704536438,6.876046192646027,0.22955609791679307,0.523388671875,9.416522479057312,-1.1641532182693481e-09,0.2138887643814087,0.00020020470829068578,-1.1230008602142334,5.024186611175537,2332,3.8214151859283447,1760,4.4161577224731445,4,nan,0,nan,0
327,1339392,23947.7,56.0,38.67,34.44,10,0.125,182,0.21428571428571427,241,45,125,13,58,0,0,31,-5.348867596290319,17.029045643153527,-0.6479882597923279,0.0,,-0.060707703302614394,31.533169949054717,1.1812373399734497,7.016352605819702,0.3264625033014454,0.500927734375,9.736655783653259,-6.984919309616089e-10,0.28211015462875366,0.0001998976458546571,-1.1243020296096802,5.110672950744629,2373,3.872112512588501,1710,4.776086330413818,13,nan,0,nan,0
328,1343488,24021.1,56.2,38.4,34.48,10,0.125,431,0.15777262180974477,249,29,129,18,73,0,0,14,-5.066462763671091,16.48995983935743,-0.7561241388320923,0.0,,-0.05747637820895761,22.904335975646973,1.1751179218292236,6.948124390840531,0.1271922699539573,0.42734375,10.434094667434692,-3.4633558243513107e-09,0.22609776258468628,0.00019959058341862846,-1.1261435747146606,5.061557769775391,2258,3.885369300842285,1818,6.355499744415283,20,nan,0,nan,0
329,1347584,24094.6,56.0,38.62,34.47,10,0.125,160,0.1625,241,38,127,16,60,0,0,25,-4.994241089129386,17.13278008298755,-0.6854896545410156,0.0,,-0.05507901973323896,28.345001029968262,1.1671721637248993,6.865677964687348,0.6270373581282911,0.551904296875,10.015960741043092,-1.7171259969472885e-09,0.2629936933517456,0.00019928352098259978,-1.128166913986206,4.934306621551514,2386,3.8025052547454834,1694,6.485467910766602,16,nan,0,nan,0
330,1351680,24167.8,56.3,38.27,34.43,10,0.125,401,0.15211970074812967,241,35,136,4,66,0,0,22,-5.255966826377158,16.755186721991702,-0.7049686908721924,0.0,,-0.044782045972533525,25.26196801662445,1.160070186853409,6.857749950885773,0.4051799067092361,0.527880859375,9.470985937118531,-2.3865140974521637e-09,0.26345551013946533,0.00019897645854657114,-1.1296088695526123,5.061030864715576,2228,3.887207269668579,1861,4.037171840667725,7,nan,0,nan,0
331,1355776,24241.4,56.0,38.74,34.42,10,0.125,135,0.1925925925925926,246,45,133,13,55,0,0,29,-5.340222000610388,16.760162601626018,-0.652837336063385,0.0,,-0.06432767128571867,30.471520411968232,1.155576866865158,6.88756891489029,0.17383901620924008,0.474853515625,10.87213397026062,-1.3387762010097504e-09,0.2657642960548401,0.00019866939611054246,-1.1307398080825806,4.970283508300781,2376,3.8169801235198975,1715,4.1007890701293945,5,nan,0,nan,0
332,1359872,24314.7,56.2,38.47,34.42,10,0.125,380,0.18157894736842106,245,43,132,9,61,0,0,22,-5.5909752208449515,16.742857142857144,-0.6568918824195862,0.0,,-0.057737381150946024,28.683812975883484,1.149407798051834,6.833291822671891,0.2781000736751594,0.536376953125,8.120443320274353,-3.026798367500305e-09,0.23766398429870605,0.00019836233367451382,-1.1326322555541992,5.014729022979736,2324,3.7637760639190674,1772,nan,0,nan,0,nan,0
333,1363968,24387.8,56.3,38.28,34.43,10,0.125,110,0.11818181818181818,242,39,133,14,56,0,0,23,-5.217626828367832,16.96694214876033,-0.6912906169891357,0.0,,-0.05457406635396182,26.844075286388396,1.1415929198265076,6.922501623630524,0.19999459682876478,0.504541015625,10.63555634021759,-2.2992026060819626e-09,0.2680734395980835,0.00019805527123848514,-1.1345200538635254,5.109587669372559,2246,3.924039840698242,1845,3.4098944664001465,5,nan,0,nan,0
334,1368064,24460.4,56.8,37.67,34.45,10,0.125,355,0.16901408450704225,245,47,121,16,61,0,0,34,-5.40399648535569,16.685714285714287,-0.6326098442077637,0.0,,-0.056174611183814706,31.129469549655916,1.1343176722526551,6.664537340402603,0.1573878788825823,0.465478515625,12.378076076507568,-5.238689482212067e-10,0.24418890476226807,0.0001977482088024565,-1.1363130807876587,4.925488471984863,2350,3.822220802307129,1741,4.153094291687012,5,nan,0,nan,0
335,1372160,24533.6,56.3,38.34,34.43,10,0.125,92,0.14130434782608695,249,38,126,13,72,0,0,19,-5.617591787338546,16.42168674698795,-0.6941978335380554,0.0,,-0.0500239523127675,27.306449401378632,1.1269322991371156,6.915608048439026,0.20884189102216624,0.500439453125,11.447612679004669,-1.6880221664905548e-09,0.24091869592666626,0.00019744114636642782,-1.1383100748062134,5.10544490814209,2356,3.883772611618042,1733,5.03781795501709,7,nan,0,nan,0
336,1376256,24607.0,56.2,38.54,34.39,10,0.125,327,0.1712538226299694,235,43,130,10,52,0,0,31,-5.582145468180406,17.25531914893617,-0.6342552304267883,0.0,,-0.04659445965662599,29.629505574703217,1.1178999483585357,6.948676800727844,0.41710404999903405,0.5794921875,10.394396424293518,-2.9103830456733704e-09,0.2549765706062317,0.00019713408393039918,-1.1405473947525024,5.140254974365234,2362,3.8225669860839844,1719,3.33833909034729,15,nan,0,nan,0
337,1380352,24680.1,56.3,38.27,34.43,10,0.125,60,0.15,245,31,146,11,57,0,0,18,-5.149712531001567,16.63673469387755,-0.7210768461227417,0.0,,-0.062362301931716504,22.993233841657638,1.1096364438533783,6.790585315227508,0.27878441413340627,0.518408203125,9.488048028945922,-2.0372681319713593e-09,0.24652957916259766,0.0001968270214943705,-1.1426737308502197,4.916962623596191,2294,3.8443191051483154,1794,3.5110270977020264,8,nan,0,nan,0
338,1384448,24753.6,56.1,38.57,34.45,10,0.125,298,0.1476510067114094,238,35,140,11,52,0,0,18,-5.090514542715166,17.407563025210084,-0.6866703033447266,0.0,,-0.054793842404615135,25.91249775290489,1.10073122382164,7.045838278532028,0.27636303622275593,0.5376953125,7.976015281677246,-6.984919309616089e-10,0.22673946619033813,0.00019651995905834186,-1.1450306177139282,5.1063008308410645,2370,3.838688611984253,1722,3.6144542694091797,4,nan,0,nan,0
339,1388544,24827.0,56.1,38.58,34.43,10,0.125,34,0.17647058823529413,248,40,127,14,67,0,0,22,-5.351334062889338,16.544354838709676,-0.6810418963432312,0.0,,-0.050740787060931325,28.958017325401308,1.092439693212509,6.81124165058136,0.37675049714307535,0.573388671875,10.055434727668763,-1.4842953532934189e-09,0.2363380789756775,0.00019621289662231318,-1.1464674472808838,5.081851959228516,2295,3.7989277839660645,1793,2.7402853965759277,8,nan,0,nan,0
340,1392640,24900.7,56.0,38.69,34.45,10,0.125,272,0.14338235294117646,238,33,133,16,56,0,0,19,-5.538787405232743,17.340336134453782,-0.6857650279998779,0.0,,-0.0553555132355541,25.09797739982605,1.0869858503341674,7.002126330137253,0.18539064562646673,0.51435546875,10.019292998313905,-1.6298145055770874e-09,0.19954758882522583,0.00019590583418628454,-1.1481995582580566,5.138028144836426,2275,3.895122528076172,1813,4.818366527557373,8,nan,0,nan,0
341,1396736,24973.7,56.5,38.14,34.41,10,0.125,3,0.3333333333333333,243,37,125,11,70,0,0,24,-5.464577984408616,16.744855967078188,-0.6792090535163879,0.0,,-0.0583793826866895,24.991842174530028,1.081173038482666,6.851058512926102,0.3353678998319083,0.538818359375,9.046876311302185,-2.1827872842550278e-09,0.23823022842407227,0.00019559877175025586,-1.1490819454193115,5.0876030921936035,2366,3.7904868125915527,1722,1.556585669517517,8,nan,0,nan,0
342,1400832,25047.0,56.2,38.48,34.43,10,0.125,249,0.1606425702811245,246,39,129,14,64,0,0,27,-5.262976609038046,16.589430894308943,-0.6683551073074341,0.0,,-0.05647153118625283,27.693244564533234,1.0777280569076537,6.9544412910938265,0.18773248893267008,0.477587890625,13.310181975364685,-7.566995918750763e-10,0.2504217028617859,0.00019529170931422722,-1.1500678062438965,5.0637664794921875,2363,3.8049683570861816,1731,5.714644432067871,2,nan,0,nan,0
343,1404928,25120.0,56.5,38.07,34.42,10,0.125,501,0.14570858283433133,252,33,132,9,78,0,0,19,-5.7294260522497265,16.178571428571427,-0.7432717084884644,0.0,,-0.06046087159775197,25.488300108909606,1.0727316319942475,6.9614833950996395,0.4550301968760323,0.529248046875,9.647219395637512,-2.2118911147117615e-09,0.21399003267288208,0.00019498464687819856,-1.1516923904418945,5.160671234130859,2210,3.93681001663208,1869,4.456542015075684,17,nan,0,nan,0
344,1409024,25193.4,56.1,38.59,34.43,10,0.125,235,0.17872340425531916,246,46,131,12,57,0,0,31,-5.474125357048532,16.70731707317073,-0.6435439586639404,0.0,,-0.05953563287621364,30.38360974788666,1.0649712979793549,6.8865332186222075,0.18837333504925483,0.483203125,11.512656378746033,-9.313225746154785e-10,0.2561371326446533,0.0001946775844421699,-1.1538021564483643,5.074062824249268,2215,3.787747383117676,1876,3.3869125843048096,5,nan,0,nan,0
345,1413120,25266.6,56.4,38.22,34.43,10,0.125,477,0.16981132075471697,242,39,142,12,49,0,0,19,-5.050646232193858,17.037190082644628,-0.6732422709465027,0.0,,-0.06244122930802405,26.224390602111818,1.0568613171577455,7.121981739997864,0.2155040795681998,0.5107421875,10.242856001853943,-2.0954757928848267e-09,0.25168293714523315,0.00019437052200614125,-1.1557472944259644,5.148074626922607,2219,3.9343101978302,1862,5.592650413513184,15,nan,0,nan,0
346,1417216,25340.1,56.1,38.6,34.41,10,0.125,200,0.12,235,30,137,18,50,0,0,22,-5.4059677920747395,17.19148936170213,-0.6926029920578003,0.0,,-0.06058983539696783,24.09204133749008,1.048578017950058,6.92791256904602,0.23615474733960581,0.499755859375,9.549671077728272,-4.336470738053322e-09,0.23760855197906494,0.00019406345957011259,-1.1577765941619873,5.005008220672607,2235,3.800153970718384,1858,3.965853452682495,3,nan,0,nan,0
347,1421312,25413.4,56.2,38.4,34.44,10,0.125,444,0.15315315315315314,244,44,121,18,61,0,0,28,-5.742797180142123,17.008196721311474,-0.6538611650466919,0.0,,-0.052390210796147585,29.534578686952592,1.042398852109909,7.302283656597138,0.25740648181381404,0.51455078125,10.999971795082093,-2.5320332497358322e-09,0.26754307746887207,0.00019375639713408393,-1.1590065956115723,5.21090030670166,2349,4.067322254180908,1740,4.56392765045166,7,nan,0,nan,0
348,1425408,25486.4,56.4,38.13,34.45,10,0.125,170,0.16470588235294117,238,38,142,9,49,0,0,21,-5.59035829289509,17.201680672268907,-0.6716192364692688,0.0,,-0.057512139744358134,27.18625674247742,1.036736661195755,7.025096851587295,0.1958933002271806,0.521533203125,11.185615181922913,3.7834979593753815e-10,0.25496649742126465,0.00019344933469805527,-1.1604688167572021,5.028758525848389,2272,3.9086129665374756,1811,5.547200679779053,13,nan,0,nan,0
349,1429504,25559.8,56.2,38.5,34.41,10,0.125,414,0.17149758454106281,244,43,120,15,66,0,0,30,-5.2866044766852305,16.688524590163933,-0.6446852684020996,0.0,,-0.05188959062797949,27.768501508235932,1.0316578805446626,6.86592333316803,0.3570262258654111,0.53271484375,12.315420937538146,-1.367880031466484e-09,0.25209081172943115,0.0001931422722620266,-1.161570429801941,4.993659019470215,2338,3.87880802154541,1753,4.441030979156494,5,nan,0,nan,0
350,1433600,25633.0,56.3,38.28,34.45,10,0.125,147,0.11564625850340136,245,31,144,12,58,0,0,16,-5.811014850109103,16.714285714285715,-0.7152540683746338,0.0,,-0.05696635358035564,23.843442571163177,1.0264112055301666,7.1162766218185425,0.3363545351399807,0.512548828125,9.49836802482605,-1.8044374883174896e-09,0.23346483707427979,0.00019283520982599795,-1.1634291410446167,5.104633331298828,2351,3.9054253101348877,1735,4.994847297668457,10,nan,0,nan,0
351,1437696,25706.5,56.2,38.52,34.42,10,0.125,392,0.1326530612244898,245,35,137,13,60,0,0,22,-5.637436464090896,16.783673469387754,-0.6951743364334106,0.0,,-0.05978684405563399,25.284080803394318,1.018337208032608,7.202029770612716,0.2860187500627944,0.524755859375,8.518174982070922,-1.57160684466362e-09,0.24360162019729614,0.00019252814738996929,-1.1653199195861816,5.27431583404541,2279,3.896608829498291,1815,3.785672187805176,2,nan,0,nan,0
352,1441792,25779.7,56.3,38.37,34.45,10,0.125,132,0.16666666666666666,252,43,135,9,65,0,0,21,-5.367177037387346,16.305555555555557,-0.6718896627426147,0.0,,-0.0614152914378792,27.765875422954558,1.0106482267379762,7.095755571126938,0.28089542523084676,0.56162109375,8.153937458992004,-9.89530235528946e-10,0.2679920792579651,0.00019222108495394063,-1.1674418449401855,5.104647159576416,2339,3.928809881210327,1746,4.770635604858398,11,nan,0,nan,0
353,1445888,25853.1,56.2,38.44,34.43,10,0.125,384,0.15104166666666666,252,36,127,17,72,0,0,21,-5.328905264426258,16.146825396825395,-0.7049691677093506,0.0,,-0.055423355428501964,24.267171996831895,1.0031948924064635,6.868861907720566,0.32516010639374143,0.558984375,9.404794871807098,-2.2118911147117615e-09,0.2665739059448242,0.00019191402251791197,-1.1688847541809082,5.048797130584717,2317,3.8156089782714844,1772,3.2986793518066406,7,nan,0,nan,0
354,1449984,25926.4,56.2,38.41,34.45,10,0.125,121,0.17355371900826447,249,38,144,6,61,0,0,17,-5.295842376357229,16.63855421686747,-0.7031031847000122,0.0,,-0.044483907148242,26.48052760362625,0.9975078880786896,7.041840291023254,0.305476566546713,0.57080078125,9.298881149291992,-2.270098775625229e-09,0.2570410370826721,0.0001916069600818833,-1.1703007221221924,5.169792652130127,2327,3.8305678367614746,1763,3.8390064239501953,6,nan,0,nan,0
355,1454080,25999.9,56.1,38.6,34.41,10,0.125,365,0.1726027397260274,244,42,136,13,53,0,0,24,-5.660115046669738,16.766393442622952,-0.6424643993377686,0.0,,-0.04766772182192654,28.243915450572967,0.9914229154586792,6.912756615877152,0.3301367528445553,0.5732421875,9.686468958854675,-1.0477378964424133e-09,0.23086434602737427,0.00019129989764585465,-1.1719355583190918,5.071290969848633,2320,3.7466671466827393,1773,3.0151493549346924,3,nan,0,nan,0
356,1458176,26073.3,56.1,38.61,34.44,10,0.125,107,0.17757009345794392,254,41,132,11,70,0,0,23,-5.131842064575883,16.090551181102363,-0.6873046159744263,0.0,,-0.048416402051225306,26.25573002099991,0.9860340416431427,6.965587836503983,0.3319288891594624,0.55703125,9.192399430274964,-1.9208528101444244e-09,0.2739485502243042,0.00019099283520982599,-1.173002004623413,5.024883270263672,2388,3.829556703567505,1699,5.4311041831970215,9,nan,0,nan,0
357,1462272,26146.5,56.3,38.29,34.41,10,0.125,353,0.1643059490084986,246,39,137,10,60,0,0,22,-5.174309168044808,16.739837398373982,-0.6757573485374451,0.0,,-0.0559608809708152,27.177579736709596,0.9816793501377106,7.145971161127091,0.22489679782593158,0.5166015625,10.714469766616821,-1.6880221664905548e-09,0.27413809299468994,0.00019068577277379733,-1.1742148399353027,5.1771674156188965,2394,3.89206862449646,1700,2.706854820251465,2,nan,0,nan,0
358,1466368,26220.2,56.0,38.72,34.47,10,0.125,85,0.09411764705882353,244,27,151,16,50,0,0,12,-5.156963747073137,16.561475409836067,-0.7270721793174744,0.0,,-0.04595598266460001,19.85776613354683,0.9756434261798859,6.537099027633667,0.17722118552483151,0.49384765625,10.840458083152772,-1.9208528101444244e-09,0.21513229608535767,0.00019037871033776867,-1.1760088205337524,4.859385013580322,2335,3.611037254333496,1759,2.090575695037842,2,nan,0,nan,0
359,1470464,26293.5,56.2,38.5,34.43,10,0.125,324,0.14506172839506173,239,39,136,11,53,0,0,24,-5.457103242467669,17.08786610878661,-0.6385899782180786,0.0,,-0.04370614375220612,27.713043546676637,0.9683738231658936,7.1536015450954435,0.23457280368602368,0.5296875,13.042013931274415,-2.5029294192790985e-09,0.22923380136489868,0.00019007164790174,-1.1776148080825806,5.18015718460083,2442,3.734407424926758,1651,3.6164722442626953,3,nan,0,nan,0
360,1474560,26366.5,56.4,38.14,34.42,10,0.125,60,0.11666666666666667,248,30,134,23,61,0,0,18,-5.836432334435523,16.681451612903224,-0.7135412693023682,0.0,,-0.04612660862039775,23.362721490859986,0.9623981297016144,7.1512116253376,0.2596311092405813,0.5451171875,10.22121798992157,-1.8044374883174896e-09,0.22307264804840088,0.00018976458546571135,-1.179157018661499,5.152730941772461,2333,3.8918814659118652,1743,4.487484931945801,20,nan,0,nan,0
361,1478656,26439.9,56.1,38.56,34.4,10,0.125,308,0.12012987012987013,248,30,155,9,54,0,0,19,-5.561539825162364,16.447580645161292,-0.726274847984314,0.0,,-0.05517709688283503,21.987329250574113,0.9563142120838165,7.2328593015670775,0.3124896325607551,0.54404296875,9.314770340919495,-1.2223608791828156e-09,0.2323175072669983,0.0001894575230296827,-1.1805888414382935,5.248196601867676,2306,3.892133951187134,1781,2.5825142860412598,9,nan,0,nan,0
362,1482752,26512.9,56.5,38.11,34.44,10,0.125,50,0.16,254,35,144,7,68,0,0,26,-6.146572593020974,16.374015748031496,-0.7146846652030945,0.0,,-0.05248276819474995,26.491013562679292,0.9511846482753754,7.258648949861526,0.30740017221542076,0.551171875,9.314236068725586,-1.862645149230957e-09,0.2490711808204651,0.00018915046059365403,-1.1818828582763672,5.248899936676025,2331,3.879092216491699,1765,nan,0,nan,0,nan,0
363,1486848,26586.3,56.1,38.59,34.42,10,0.125,295,0.16610169491525423,245,41,137,9,58,0,0,29,-5.215120751563865,16.64081632653061,-0.6496002674102783,0.0,,-0.04874376817606389,27.097765624523163,0.9447876393795014,6.9894445717334746,0.24239747795800212,0.539013671875,10.9447110414505,-1.3387762010097504e-09,0.29149049520492554,0.0001888433981576254,-1.1836094856262207,5.0235514640808105,2480,3.836242437362671,1611,3.240159511566162,5,nan,0,nan,0
364,1490944,26659.6,56.3,38.36,34.43,10,0.125,20,0.15,237,34,139,6,58,0,0,18,-5.3021595221311575,17.143459915611814,-0.671537458896637,0.0,,-0.048569199186749755,24.67433676123619,0.9389348447322845,7.1181047976017,0.3172423475800315,0.534716796875,10.59511067867279,-1.1059455573558807e-09,0.26133596897125244,0.0001885363357215967,-1.1849579811096191,5.244289398193359,2274,3.9280436038970947,1821,2.0030932426452637,1,nan,0,nan,0
365,1495040,26732.7,56.3,38.26,34.46,10,0.125,268,0.13432835820895522,248,33,132,14,69,0,0,22,-6.085881757562308,16.427419354838708,-0.6963642239570618,0.0,,-0.04536900558741763,25.313664186000825,0.932278573513031,7.10335294008255,0.28291820818558333,0.556884765625,11.321479272842407,-6.984919309616089e-10,0.21790587902069092,0.00018822927328556807,-1.1868270635604858,5.171446800231934,2352,3.952808380126953,1734,3.5160465240478516,10,nan,0,nan,0
366,1499136,26806.1,56.2,38.45,34.47,10,0.125,5,0.0,249,33,145,12,59,0,0,21,-5.317965573652642,16.44176706827309,-0.6924043297767639,0.0,,-0.053138598403893414,24.126039218902587,0.9251833617687225,7.272054612636566,0.28715003870020156,0.5599609375,10.110101413726806,-1.7462298274040222e-10,0.25977957248687744,0.0001879222108495394,-1.1884443759918213,5.251762390136719,2376,3.8628029823303223,1711,4.106802940368652,9,nan,0,nan,0
367,1503232,26879.6,56.1,38.65,34.42,10,0.125,251,0.14342629482071714,246,36,135,15,60,0,0,20,-5.683664760293614,16.760162601626018,-0.6752452254295349,0.0,,-0.05889855194836855,26.06533999443054,0.919605416059494,7.238587611913681,0.3362424388760701,0.523193359375,10.267846608161927,-9.313225746154785e-10,0.2362995147705078,0.00018761514841351075,-1.1897766590118408,5.189309120178223,2303,3.9663751125335693,1792,4.498795032501221,1,nan,0,nan,0
368,1507328,26952.7,56.4,38.2,34.46,10,0.125,489,0.15950920245398773,238,42,137,11,48,0,0,26,-5.741698701535342,17.096638655462186,-0.6210060119628906,0.0,,-0.042784903291612865,29.357222479581832,0.9140125095844269,7.305314826965332,0.40389341477130075,0.593701171875,9.867773652076721,-1.8044374883174896e-09,0.26742613315582275,0.00018730808597748207,-1.1912548542022705,5.162535667419434,2282,3.9283645153045654,1798,3.207327127456665,16,nan,0,nan,0
369,1511424,27025.5,56.6,37.92,34.43,10,0.125,220,0.16363636363636364,243,37,143,10,53,0,0,23,-5.610893166349891,16.967078189300413,-0.6668875813484192,0.0,,-0.04159936525393278,26.48957042694092,0.908343106508255,7.254944372177124,0.33433748643437866,0.57001953125,8.976006472110749,-2.0372681319713593e-09,0.2647026777267456,0.00018700102354145343,-1.1924192905426025,5.253676414489746,2258,3.902134418487549,1831,4.427744388580322,7,nan,0,nan,0
370,1515520,27099.4,55.8,39.05,34.39,10,0.125,456,0.17105263157894737,236,42,129,12,53,0,0,25,-5.3274480217554485,17.25423728813559,-0.6165999174118042,0.0,,-0.06023579569300637,27.20910038948059,0.9050538301467895,7.0673584043979645,0.2678615314507624,0.538134765625,9.673487687110901,-2.5029294192790985e-09,0.24276208877563477,0.00018669396110542475,-1.1929590702056885,5.118974685668945,2397,3.80106520652771,1699,nan,0,nan,0,nan,0
371,1519616,27173.2,55.9,38.91,34.42,10,0.125,194,0.14432989690721648,250,35,135,21,59,0,0,19,-5.970649774761304,16.54,-0.6799763441085815,0.0,,-0.05864433546084911,24.880066293478013,0.9019386172294617,7.184637832641601,0.36561225773766637,0.5587890625,10.41785147190094,-2.3283064365386963e-09,0.24155455827713013,0.00018638689866939612,-1.1939642429351807,5.139349937438965,2306,3.9332222938537598,1785,5.246964454650879,5,nan,0,nan,0
372,1523712,27246.1,56.5,38.1,34.41,10,0.125,430,0.13953488372093023,236,32,135,15,54,0,0,17,-5.123202661410547,17.194915254237287,-0.6533491611480713,0.0,,-0.05283554121851921,23.383538073301317,0.8976301968097686,7.137658202648163,0.9922823477245402,0.53994140625,9.804624891281128,-1.979060471057892e-09,0.2434489130973816,0.00018607983623336743,-1.1952672004699707,5.201309680938721,2299,3.790055990219116,1791,3.140115737915039,6,nan,0,nan,0
373,1527808,27319.8,55.9,38.92,34.42,10,0.125,165,0.21212121212121213,247,45,134,10,58,0,0,27,-5.204712220773909,16.46153846153846,-0.6148320436477661,0.0,,-0.06507972597610205,30.472673428058624,0.8919385433197021,7.0746045172214505,0.18479686765640507,0.476806640625,14.011033987998962,-5.820766091346741e-11,0.28674429655075073,0.0001857727737973388,-1.196702003479004,5.075313568115234,2392,3.9059391021728516,1698,2.901036500930786,6,nan,0,nan,0
374,1531904,27392.5,56.7,37.81,34.45,10,0.125,404,0.16584158415841585,239,32,140,18,49,0,0,17,-5.218761800000854,17.280334728033473,-0.6634576320648193,0.0,,-0.06225676981266588,24.380826425552367,0.8874553322792054,6.996751296520233,0.20504009928554295,0.473583984375,12.820650100708008,-4.656612873077393e-10,0.21793270111083984,0.0001854657113613101,-1.1975464820861816,5.130563259124756,2432,3.7138922214508057,1663,1.322263240814209,1,nan,0,nan,0
375,1536000,27466.2,55.9,38.81,34.46,10,0.125,128,0.171875,236,38,136,14,48,0,0,20,-5.575497067933658,17.39406779661017,-0.6390460729598999,0.0,,-0.049614349543116984,25.78819062113762,0.8833043813705445,7.247822636365891,0.39958383511402645,0.579150390625,9.118547606468201,-2.444721758365631e-09,0.2581247091293335,0.00018515864892528148,-1.1989407539367676,5.211485385894775,2335,3.9007701873779297,1747,4.496536731719971,14,nan,0,nan,0
376,1540096,27540.0,55.9,38.89,34.44,10,0.125,380,0.18421052631578946,252,48,128,11,65,0,0,24,-5.118862419657861,16.317460317460316,-0.6151553392410278,0.0,,-0.056053546350449325,29.559318828582764,0.8777709662914276,6.898824417591095,0.19458991683495697,0.48779296875,12.18947250843048,-2.6193447411060333e-09,0.28395265340805054,0.0001848515864892528,-1.1999694108963013,4.9577460289001465,2346,3.8819050788879395,1749,4.735346794128418,1,nan,0,nan,0
377,1544192,27612.9,56.5,38.05,34.45,10,0.125,110,0.13636363636363635,242,34,132,17,59,0,0,22,-4.835026986606748,16.97107438016529,-0.674440860748291,0.0,,-0.06403072415851056,25.558891707658766,0.8743400931358337,7.105665123462677,0.2895965846866602,0.48916015625,10.598182249069215,-1.1059455573558807e-09,0.21833878755569458,0.00018454452405322416,-1.2009258270263672,5.148711681365967,2323,3.875593423843384,1765,4.310223579406738,8,nan,0,nan,0
378,1548288,27686.5,56.0,38.78,34.42,10,0.125,352,0.13352272727272727,242,32,136,17,57,0,0,16,-5.01558246951762,16.74793388429752,-0.6801151037216187,0.0,,-0.056745798978954556,22.809923553466795,0.8705830812454224,6.921213495731354,0.2074754589877557,0.49072265625,10.379264736175537,-1.7462298274040222e-09,0.24519968032836914,0.00018423746161719547,-1.2017560005187988,4.933021545410156,2451,3.8289527893066406,1645,nan,0,nan,0,nan,0
379,1552384,27760.0,56.1,38.65,34.43,10,0.125,79,0.16455696202531644,239,42,132,16,49,0,0,26,-5.568081126118649,17.09205020920502,-0.6048585176467896,0.0,,-0.0611277932592202,30.001259982585907,0.8664408028125763,7.202746546268463,0.17389874497603158,0.4734375,13.218688607215881,-2.0372681319713593e-09,0.24884742498397827,0.00018393039918116684,-1.203250765800476,5.111330986022949,2389,3.868070602416992,1700,4.606300354003906,7,nan,0,nan,0
380,1556480,27833.7,56.0,38.72,34.47,10,0.125,322,0.16149068322981366,243,39,136,7,61,0,0,19,-5.190121509287463,16.967078189300413,-0.6604549884796143,0.0,,-0.04140827822848223,27.747063910961153,0.8597219109535217,7.035177206993103,0.3391075773019111,0.569970703125,10.316687631607056,-1.6880221664905548e-09,0.25754547119140625,0.00018362333674513815,-1.2046469449996948,5.109171390533447,2381,3.849494695663452,1710,4.633398532867432,5,nan,0,nan,0
381,1560576,27907.2,56.1,38.63,34.41,10,0.125,61,0.14754098360655737,251,36,123,13,79,0,0,26,-4.829458487048193,16.215139442231077,-0.6881347894668579,0.0,,-0.05028533462900668,24.448735237121582,0.8554663717746734,6.97548896074295,0.4685195010213647,0.550537109375,8.374090433120728,-1.280568540096283e-09,0.28004908561706543,0.00018331627430910952,-1.2056725025177002,5.104068279266357,2419,3.860013961791992,1665,2.5488035678863525,12,nan,0,nan,0
382,1564672,27981.0,55.9,38.89,34.43,10,0.125,309,0.1779935275080906,248,46,150,6,46,0,0,26,-5.517588253493402,16.592741935483872,-0.6107244491577148,0.0,,-0.051922379271127285,29.34856538772583,0.8507683098316192,6.945333540439606,0.25930147492326794,0.555419921875,11.390008878707885,-2.3283064365386963e-09,0.2847222685813904,0.00018300921187308083,-1.2069355249404907,4.9231414794921875,2381,3.7929859161376953,1703,4.781752109527588,12,nan,0,nan,0
383,1568768,28054.2,56.3,38.38,34.42,10,0.125,42,0.16666666666666666,245,41,140,13,51,0,0,23,-5.118865540076242,16.82857142857143,-0.6312359571456909,0.0,,-0.055533011187799276,26.72196091413498,0.8462953746318818,7.145683342218399,2.3156838676746703,0.545361328125,9.95479633808136,-1.6880221664905548e-09,0.2705433964729309,0.0001827021494370522,-1.2078486680984497,5.083858966827393,2363,3.8218276500701904,1726,4.53743839263916,7,nan,0,nan,0
384,1572864,28127.8,56.0,38.7,34.46,10,0.125,273,0.18315018315018314,231,43,129,11,48,0,0,19,-5.64770267687779,17.38095238095238,-0.5909876227378845,0.0,,-0.05740319858305156,29.109678918123244,0.8415564954280853,7.181294876337051,0.1882189115131041,0.493310546875,11.804438090324402,-2.153683453798294e-09,0.25465917587280273,0.00018239508700102354,-1.2094539403915405,5.192406177520752,2300,3.8776402473449707,1791,3.4812629222869873,5,nan,0,nan,0
385,1576960,28201.4,56.0,38.68,34.42,10,0.125,7,0.2857142857142857,246,35,138,11,62,0,0,22,-5.885284707043283,16.841463414634145,-0.661272406578064,0.0,,-0.061066560412291436,25.77113785147667,0.8356444597244262,7.123250567913056,0.37086026144679635,0.532177734375,9.938504099845886,-2.6775524020195007e-09,0.21750730276107788,0.00018208802456499488,-1.2107248306274414,5.1736836433410645,2308,3.8227367401123047,1788,nan,0,nan,0,nan,0
386,1581056,28274.4,56.5,38.06,34.45,10,0.125,235,0.1574468085106383,228,35,137,11,45,0,0,19,-5.535170138793221,17.75438596491228,-0.6275359392166138,0.0,,-0.058744237502105535,26.678940188884734,0.8302812814712525,7.439180898666382,0.2862540813832311,0.486669921875,12.97107994556427,-2.3865140974521637e-09,0.26428163051605225,0.00018178096212896622,-1.2121021747589111,5.287935733795166,2250,4.032111644744873,1825,3.525712251663208,21,nan,0,nan,0
387,1585152,28347.5,56.4,38.22,34.42,10,0.125,468,0.16880341880341881,233,42,131,15,45,0,0,25,-5.834488441395257,17.892703862660944,-0.5994701385498047,0.0,,-0.06500927060842514,29.657613122463225,0.8246464371681214,7.267566537857055,0.16700575163122267,0.48251953125,11.248211097717284,-1.1641532182693481e-09,0.2514823079109192,0.00018147389969293756,-1.2135087251663208,5.1985368728637695,2239,3.928015947341919,1844,3.5727286338806152,13,nan,0,nan,0
388,1589248,28421.0,56.1,38.54,34.43,10,0.125,197,0.16243654822335024,241,40,136,10,55,0,0,25,-5.397170251358415,16.925311203319502,-0.6371082663536072,0.0,,-0.05659812099765986,27.317249739170073,0.820699155330658,7.073636043071747,0.33696874069573823,0.570166015625,10.875233435630799,-2.5029294192790985e-09,0.2704654932022095,0.0001811668372569089,-1.2141602039337158,5.101417541503906,2289,3.8715975284576416,1796,2.4354944229125977,11,nan,0,nan,0
389,1593344,28494.1,56.3,38.27,34.44,10,0.125,432,0.16898148148148148,235,41,130,14,50,0,0,20,-5.428303526058562,17.374468085106383,-0.593665599822998,0.0,,-0.053206226951442656,27.905836176872253,0.8170077681541443,7.243166816234589,0.20209132196614518,0.50947265625,11.664463019371032,-3.4924596548080444e-09,0.25406402349472046,0.00018085977482088024,-1.215362548828125,5.208758354187012,2247,3.8377223014831543,1844,4.340799808502197,5,nan,0,nan,0
390,1597440,28567.1,56.4,38.15,34.43,10,0.125,154,0.18831168831168832,234,41,138,8,47,0,0,21,-4.909571116364965,17.482905982905983,-0.6028609275817871,0.0,,-0.05661583470646292,27.52876068353653,0.81211718916893,7.2934744417667385,0.20173702176543884,0.512158203125,12.475233674049377,-1.0477378964424133e-09,0.26837265491485596,0.00018055271238485158,-1.2163844108581543,5.187453269958496,2281,3.987621307373047,1800,4.44285774230957,15,nan,0,nan,0
391,1601536,28640.4,56.2,38.33,34.5,10,0.125,396,0.1893939393939394,242,46,132,9,55,0,0,26,-5.626296570378387,16.975206611570247,-0.5993849039077759,0.0,,-0.06868941467255354,31.051650369167326,0.8085245549678802,7.091343885660171,0.1486457639868604,0.451416015625,13.12150685787201,-1.979060471057892e-09,0.26175326108932495,0.00018024564994882292,-1.2174317836761475,5.157249927520752,2318,3.8202035427093506,1767,3.507362127304077,11,nan,0,nan,0
392,1605632,28714.1,55.9,38.78,34.45,10,0.125,125,0.184,241,43,131,12,55,0,0,26,-5.113371844006263,17.012448132780083,-0.6182997226715088,0.0,,-0.06451201468007639,28.71681387424469,0.803484046459198,6.938266324996948,0.3243207191204419,0.547705078125,10.555383825302124,-1.4551915228366852e-09,0.2794846296310425,0.00017993858751279426,-1.21889328956604,5.0920915603637695,2288,3.8598885536193848,1801,5.5892109870910645,7,nan,0,nan,0
393,1609728,28787.4,56.2,38.41,34.43,10,0.125,364,0.1620879120879121,239,36,146,10,47,0,0,20,-5.260705993139616,17.167364016736403,-0.6375715732574463,0.0,,-0.06443132889689877,25.83250160217285,0.7969646692276001,7.086274093389511,0.23831522808177397,0.50712890625,9.784873032569886,-9.313225746154785e-10,0.25659334659576416,0.0001796315250767656,-1.2206759452819824,5.11487340927124,2246,3.842841625213623,1839,3.6869471073150635,11,nan,0,nan,0
394,1613824,28860.8,56.1,38.57,34.44,10,0.125,84,0.16666666666666666,232,37,134,14,47,0,0,25,-5.627325206785439,17.61637931034483,-0.6170850396156311,0.0,,-0.06442866802681238,26.204682636260987,0.788008588552475,7.122487044334411,0.18777038715488742,0.49580078125,10.397231960296631,-1.8044374883174896e-09,0.28599345684051514,0.00017932446264073694,-1.2233963012695312,5.299749851226807,2274,3.755634069442749,1816,4.493803024291992,6,nan,0,nan,0
395,1617920,28934.0,56.3,38.32,34.41,10,0.125,331,0.1661631419939577,247,41,127,19,60,0,0,26,-5.3322456245269,16.62753036437247,-0.6245328187942505,0.0,,-0.059622759826015684,27.48981729745865,0.7788142502307892,6.709854853153229,0.44382058681512715,0.554443359375,10.721720504760743,-4.0745362639427185e-10,0.24803197383880615,0.00017901740020470828,-1.224998116493225,4.9406418800354,2256,3.750108003616333,1839,4.813828945159912,1,nan,0,nan,0
396,1622016,29007.1,56.4,38.27,34.42,10,0.125,60,0.23333333333333334,241,45,127,11,58,0,0,22,-5.3359102909699505,16.87136929460581,-0.5916648507118225,0.0,,-0.046189332043286416,29.986513435840607,0.7736043155193328,6.84873576760292,0.2467786155088106,0.56025390625,11.792847633361816,-3.899913281202316e-09,0.2630656361579895,0.00017871033776867962,-1.2260537147521973,4.9711127281188965,2415,3.77056622505188,1678,2.48427152633667,3,nan,0,nan,0
397,1626112,29080.6,56.1,38.63,34.44,10,0.125,296,0.17567567567567569,236,38,135,14,49,0,0,22,-5.510200480078459,17.347457627118644,-0.6209701299667358,0.0,,-0.05381219517439604,26.986814987659454,0.7690076231956482,7.083481246232987,0.2193514273967594,0.5265625,13.045344400405884,-9.313225746154785e-10,0.23568159341812134,0.00017840327533265096,-1.2274774312973022,5.128778457641602,2345,3.7200191020965576,1748,1.683906078338623,3,nan,0,nan,0
398,1630208,29154.0,56.2,38.47,34.41,10,0.125,24,0.125,240,37,135,12,56,0,0,15,-5.772262411337701,17.216666666666665,-0.6441094875335693,0.0,,-0.06039411607198417,25.91292165517807,0.7625113904476166,7.114132821559906,0.3597366649511969,0.564404296875,9.36391568183899,-3.0850060284137726e-09,0.23031526803970337,0.0001780962128966223,-1.2292859554290771,5.251118183135986,2350,3.6873362064361572,1745,0.6114761233329773,1,nan,0,nan,0
399,1634304,29227.1,56.4,38.2,34.47,10,0.125,269,0.1524163568773234,245,38,136,11,60,0,0,23,-5.876740300179848,16.526530612244898,-0.6440674066543579,0.0,,-0.05763702692929655,27.57895823717117,0.7553385913372039,7.044852769374847,0.22313498524890746,0.53818359375,10.564200496673584,-6.402842700481415e-10,0.22372382879257202,0.00017778915046059364,-1.231033444404602,5.107235908508301,2245,3.8940138816833496,1847,2.6659023761749268,4,nan,0,nan,0
400,1638400,29300.9,55.8,38.95,34.4,10,0.125,506,0.15810276679841898,237,39,143,7,48,0,0,20,-5.821299893224087,17.37552742616034,-0.6132937669754028,0.0,,-0.05729073327966035,26.47360768318176,0.7487004220485687,6.953014624118805,0.3188240689545637,0.5599609375,10.641916680336,-7.566995918750763e-10,0.2707746624946594,0.00017748208802456498,-1.2325797080993652,5.032987594604492,2306,3.829738140106201,1778,3.779372453689575,12,nan,0,nan,0
401,1642496,29374.4,56.2,38.51,34.42,10,0.125,233,0.16738197424892703,239,39,131,20,49,0,0,22,-5.958625854687011,17.10878661087866,-0.6107218265533447,0.0,,-0.058827360672876236,27.766356551647185,0.741124427318573,7.029247665405274,0.3231778455490712,0.552685546875,10.184556818008422,-9.313225746154785e-10,0.25838613510131836,0.00017717502558853632,-1.234815001487732,5.005354404449463,2337,3.8174729347229004,1750,4.127961158752441,9,nan,0,nan,0
402,1646592,29448.2,55.9,38.88,34.4,10,0.125,480,0.175,247,45,135,11,56,0,0,32,-5.354079920931016,16.62348178137652,-0.5855554938316345,0.0,,-0.06612273389473558,29.8118817448616,0.7332045495510101,6.6634579479694365,0.27066069160937334,0.501953125,11.545779585838318,-1.0477378964424133e-09,0.24497604370117188,0.00017686796315250769,-1.2365539073944092,4.8941545486450195,2302,3.7875559329986572,1794,nan,0,nan,0,nan,0
403,1650688,29521.2,56.4,38.15,34.46,10,0.125,212,0.2028301886792453,244,50,123,4,67,0,0,29,-5.366838021525986,16.807377049180328,-0.5773928761482239,0.0,,-0.07172551233088598,30.19007352590561,0.7258086681365967,6.9777072131633755,0.3306967394426465,0.50986328125,11.213274073600768,-3.4924596548080444e-10,0.29397475719451904,0.000176560900716479,-1.2385170459747314,5.047490119934082,2390,3.820971965789795,1688,4.283106327056885,18,nan,0,nan,0
404,1654784,29594.4,56.3,38.38,34.4,10,0.125,465,0.1870967741935484,253,44,133,11,65,0,0,24,-5.548213305784795,16.35177865612648,-0.6211303472518921,0.0,,-0.06713901571929455,29.02896523475647,0.719210559129715,6.742698132991791,0.18778062434575987,0.49521484375,12.20085518360138,-1.57160684466362e-09,0.25346946716308594,0.00017625383828045037,-1.239686369895935,4.955150127410889,2373,3.682628870010376,1720,5.629586696624756,3,nan,0,nan,0
405,1658880,29667.7,56.2,38.41,34.43,10,0.125,204,0.1323529411764706,251,38,130,20,63,0,0,26,-5.462865943853628,16.199203187250998,-0.6419433951377869,0.0,,-0.06662695982959121,26.394987440109254,0.7139443337917328,6.668795883655548,0.2404883105016779,0.510498046875,11.523405599594117,-1.0477378964424133e-09,0.221305251121521,0.00017594677584442168,-1.2414002418518066,4.934868335723877,2300,3.6582143306732178,1792,3.8266782760620117,4,nan,0,nan,0
406,1662976,29740.8,56.4,38.15,34.46,10,0.125,445,0.14157303370786517,241,36,129,12,64,0,0,18,-5.488461070326515,17.062240663900415,-0.634551465511322,0.0,,-0.06529244990088046,26.298363208770752,0.7069962799549103,7.077750676870346,0.23541095989057795,0.536181640625,10.718115544319152,-1.6298145055770874e-09,0.2550623416900635,0.00017563971340839305,-1.2430024147033691,5.113311290740967,2334,3.7886133193969727,1761,1.1039756536483765,1,nan,0,nan,0
407,1667072,29814.1,56.2,38.43,34.4,10,0.125,181,0.12154696132596685,248,34,146,12,56,0,0,18,-5.0111670832920066,16.600806451612904,-0.6655198931694031,0.0,,-0.059783471701666716,23.20686656832695,0.7014860093593598,6.798968416452408,0.25607787883491256,0.528369140625,10.001351523399354,-2.0954757928848267e-09,0.25897538661956787,0.00017533265097236436,-1.2442885637283325,5.001771450042725,2365,3.7020130157470703,1731,nan,0,nan,0,nan,0
408,1671168,29887.2,56.4,38.19,34.46,10,0.125,421,0.14489311163895488,240,39,130,18,53,0,0,23,-5.283182134310099,17.05,-0.6053359508514404,0.0,,-0.054138487810269,26.57114599943161,0.6970684707164765,6.822487300634384,0.5275578845728888,0.557470703125,10.893422770500184,-3.0850060284137726e-09,0.28531384468078613,0.00017502558853633573,-1.2450706958770752,4.999369144439697,2331,3.7191457748413086,1765,nan,0,nan,0,nan,0
409,1675264,29961.2,55.6,39.2,34.42,10,0.125,160,0.20625,251,42,144,12,53,0,0,28,-5.243846236876875,16.095617529880478,-0.6213197708129883,0.0,,-0.06121449222555384,26.766212737560274,0.69367516040802,6.49424192905426,0.36151015856594315,0.545263671875,11.141956877708434,-3.3178366720676422e-09,0.2759096026420593,0.00017471852610030704,-1.2461098432540894,4.811120986938477,2366,3.6440019607543945,1729,4.545178413391113,1,nan,0,nan,0
410,1679360,30034.8,56.1,38.65,34.43,10,0.125,408,0.16911764705882354,248,36,139,10,63,0,0,26,-5.378816028140297,16.620967741935484,-0.64848792552948,0.0,,-0.05854195065330714,23.642630761861803,0.6887153148651123,6.8687646865844725,0.2737765664525796,0.47255859375,13.204577946662903,-1.7462298274040222e-09,0.2575240135192871,0.0001744114636642784,-1.2475824356079102,5.039150714874268,2296,3.832911491394043,1790,3.0711910724639893,10,nan,0,nan,0
411,1683456,30108.2,56.1,38.53,34.45,10,0.125,136,0.19117647058823528,240,40,146,15,39,0,0,24,-5.537558667888916,17.020833333333332,-0.6050432324409485,0.0,,-0.06540853998158128,28.08337117433548,0.6828561782836914,6.742405831813812,0.222485376521945,0.506201171875,11.74722774028778,-3.958120942115784e-09,0.2663019895553589,0.00017410440122824972,-1.2489286661148071,4.859518527984619,2481,3.6238508224487305,1610,4.732172966003418,5,nan,0,nan,0
412,1687552,30181.4,56.3,38.36,34.42,10,0.125,379,0.18469656992084432,243,44,130,15,54,0,0,31,-6.1001909058113855,17.049382716049383,-0.5755569934844971,0.0,,-0.04759725979529321,29.705010879039765,0.6778001666069031,6.811073923110962,0.27657372469839175,0.50478515625,12.91064703464508,-2.0954757928848267e-09,0.2687619924545288,0.0001737973387922211,-1.2501212358474731,5.011955261230469,2336,3.652336597442627,1759,5.429924964904785,1,nan,0,nan,0
413,1691648,30254.9,56.1,38.62,34.42,10,0.125,107,0.2616822429906542,240,47,126,20,47,0,0,30,-5.35982339053835,16.679166666666667,-0.5630964040756226,0.0,,-0.068341736192815,30.054105007648467,0.6723803579807281,6.675375914573669,0.2694442174193682,0.536083984375,10.51481099128723,-2.5029294192790985e-09,0.2893471121788025,0.0001734902763561924,-1.2516918182373047,4.892865180969238,2400,3.6582908630371094,1690,1.8687958717346191,6,nan,0,nan,0
414,1695744,30328.4,56.1,38.6,34.43,10,0.125,357,0.20168067226890757,250,44,128,11,67,0,0,28,-5.1028516396435,16.64,-0.6029171943664551,0.0,,-0.06559013754595071,27.198348999023438,0.6646656215190887,6.825351971387863,0.30325452543329445,0.5451171875,10.368377923965454,-3.026798367500305e-09,0.26176732778549194,0.00017318321392016377,-1.2540228366851807,4.991053104400635,2450,3.7385594844818115,1641,2.3755149841308594,5,nan,0,nan,0
415,1699840,30401.9,56.0,38.67,34.43,10,0.125,87,0.1839080459770115,242,40,132,15,55,0,0,21,-5.339969274723423,16.950413223140497,-0.6087205410003662,0.0,,-0.05736348524224013,26.72050275802612,0.656251335144043,6.885074979066848,0.22620133427262773,0.518505859375,12.360083508491517,-8.731149137020111e-10,0.2727397680282593,0.00017287615148413508,-1.2557268142700195,5.022552967071533,2495,3.695427656173706,1600,2.7235710620880127,1,nan,0,nan,0
416,1703936,30475.3,56.2,38.51,34.41,10,0.125,336,0.15773809523809523,249,37,137,18,57,0,0,26,-5.716239159663289,16.289156626506024,-0.6311926245689392,0.0,,-0.05604316059034318,25.115911531448365,0.6505809485912323,6.877218323945999,0.34689991278573873,0.571875,9.679350638389588,-2.0954757928848267e-09,0.26533788442611694,0.00017256908904810645,-1.2569363117218018,4.9588847160339355,2281,3.839550018310547,1810,3.2705345153808594,5,nan,0,nan,0
417,1708032,30549.0,55.9,38.74,34.47,10,0.125,75,0.17333333333333334,251,51,118,19,63,0,0,27,-5.494027156725105,16.306772908366533,-0.5611847639083862,0.0,,-0.06623111353255809,30.208901464939117,0.6454443752765655,6.6466988801956175,0.18811323815607467,0.49619140625,11.714487838745118,-9.313225746154785e-10,0.2929251790046692,0.00017226202661207776,-1.2584222555160522,4.928112983703613,2430,3.700840950012207,1666,nan,0,nan,0,nan,0
418,1712128,30622.4,56.1,38.58,34.44,10,0.125,322,0.13354037267080746,247,30,144,15,58,0,0,14,-4.859431921156093,16.850202429149796,-0.6669042110443115,0.0,,-0.058465539244934916,22.802520394325256,0.6384060204029083,6.900279629230499,0.2907621437043417,0.5361328125,10.609633445739746,-2.561137080192566e-09,0.24628156423568726,0.00017195496417604913,-1.2604283094406128,5.078726768493652,2424,3.7382283210754395,1668,2.529686450958252,4,nan,0,nan,0
419,1716224,30695.5,56.4,38.09,34.48,10,0.125,46,0.08695652173913043,236,29,138,10,59,0,0,21,-5.261775938920245,17.14830508474576,-0.6530430316925049,0.0,,-0.06381943461019546,23.47341106534004,0.630101454257965,7.3688901484012606,0.2758161955192918,0.50888671875,11.764096879959107,-1.8044374883174896e-09,0.24737799167633057,0.00017164790174002044,-1.2624496221542358,5.175765037536621,2323,3.9423670768737793,1768,3.4599876403808594,5,nan,0,nan,0
420,1720320,30768.9,56.1,38.59,34.45,10,0.125,289,0.17647058823529413,243,47,121,14,61,0,0,27,-5.705256590708446,16.909465020576132,-0.5600837469100952,0.0,,-0.0588622820796445,29.31735842227936,0.623837924003601,6.860850548744201,0.2532607515109703,0.522216796875,12.477641391754151,-2.2118911147117615e-09,0.28373873233795166,0.0001713408393039918,-1.263637900352478,5.032567501068115,2366,3.7762668132781982,1719,3.0808746814727783,11,nan,0,nan,0
421,1724416,30842.1,56.3,38.37,34.41,10,0.125,18,0.05555555555555555,241,37,134,17,53,0,0,22,-5.566237565442814,16.86721991701245,-0.6133185625076294,0.0,,-0.06315440570469946,26.386086320877077,0.6198151409626007,6.597369855642318,0.15517200595932082,0.45390625,13.21238989830017,-1.9208528101444244e-09,0.24032211303710938,0.00017103377686796312,-1.2641544342041016,4.944056987762451,2422,3.6350200176239014,1674,nan,0,nan,0,nan,0
422,1728512,30915.7,56.0,38.72,34.43,10,0.125,257,0.20233463035019456,239,51,128,10,50,0,0,30,-5.350273900309976,17.08786610878661,-0.5411849617958069,0.0,,-0.060643002012511715,32.32297923564911,0.6171668469905853,7.029129409790039,0.17441095528483858,0.46650390625,14.955166149139405,-1.8044374883174896e-09,0.27388840913772583,0.0001707267144319345,-1.265457272529602,5.01565408706665,2490,3.779280662536621,1606,nan,0,nan,0,nan,0
423,1732608,30989.0,56.3,38.36,34.45,10,0.125,504,0.17261904761904762,247,35,139,18,55,0,0,18,-5.816589340498384,16.785425101214575,-0.6329745054244995,0.0,,-0.06417029784061015,24.887260311841963,0.610144978761673,7.029268580675125,0.23751989267766477,0.52939453125,11.33135998249054,-2.2118911147117615e-09,0.24661678075790405,0.00017041965199590583,-1.2676141262054443,5.082644462585449,2392,3.831057548522949,1700,2.9894630908966064,4,nan,0,nan,0
424,1736704,31062.1,56.3,38.31,34.42,10,0.125,232,0.1853448275862069,240,43,133,14,50,0,0,27,-5.826312155750389,17.066666666666666,-0.5842664241790771,0.0,,-0.05798600977286696,29.046285367012025,0.6013844609260559,6.79766970872879,0.26436360215593596,0.516259765625,13.562913131713866,-1.979060471057892e-09,0.27113479375839233,0.00017011258955987717,-1.2695517539978027,4.9680962562561035,2453,3.6111245155334473,1629,5.477540016174316,14,nan,0,nan,0
425,1740800,31135.4,56.2,38.42,34.46,10,0.125,470,0.16808510638297872,238,36,150,10,42,0,0,21,-5.572874499836044,17.22689075630252,-0.6196324825286865,0.0,,-0.055479295225813983,25.222508871555327,0.5963055789470673,7.105308842658997,0.2921108820242807,0.55185546875,10.778816986083985,-1.3969838619232178e-09,0.2877967953681946,0.0001698055271238485,-1.2701348066329956,5.153145790100098,2351,3.735785484313965,1730,2.4925591945648193,15,nan,0,nan,0
426,1744896,31208.9,56.1,38.56,34.46,10,0.125,204,0.14215686274509803,246,35,149,9,53,0,0,27,-5.236581315232865,16.66260162601626,-0.6464120745658875,0.0,,-0.05741319172084332,23.441856622695923,0.5939737558364868,6.847967714071274,0.30098343984864184,0.55068359375,9.877765417098999,-2.3865140974521637e-09,0.2814202308654785,0.00016949846468781985,-1.270945429801941,4.9677205085754395,2332,3.7230308055877686,1757,5.026246070861816,7,nan,0,nan,0
427,1748992,31283.1,55.5,39.35,34.41,10,0.125,452,0.15486725663716813,248,41,142,14,51,0,0,22,-5.363088539097445,16.588709677419356,-0.6280288696289062,0.0,,-0.058793262531980875,26.92104835510254,0.5887845635414124,6.7307348549366,0.2965103168273345,0.517919921875,13.128701877593993,-2.444721758365631e-09,0.3155555725097656,0.0001691914022517912,-1.2725907564163208,5.027964115142822,2267,3.6590938568115234,1820,3.632779359817505,9,nan,0,nan,0
428,1753088,31356.0,56.5,38.12,34.41,10,0.125,173,0.1329479768786127,233,33,141,9,50,0,0,19,-5.2900735074610825,17.433476394849784,-0.6106553673744202,0.0,,-0.05972983927931637,23.152997106313705,0.582840520143509,6.856865948438644,0.22594024104182608,0.51845703125,11.53066394329071,-8.149072527885437e-10,0.24936413764953613,0.00016888433981576253,-1.2739887237548828,5.039514064788818,2405,3.740454912185669,1690,2.812441110610962,1,nan,0,nan,0
429,1757184,31429.4,56.2,38.48,34.41,10,0.125,418,0.1291866028708134,245,31,133,14,67,0,0,18,-4.9854042398068055,16.485714285714284,-0.6609734892845154,0.0,,-0.04996919515542686,22.551825070381163,0.5765424728393554,6.751832109689713,0.33735449315572624,0.576611328125,9.193098211288453,-1.8044374883174896e-09,0.24596571922302246,0.00016857727737973387,-1.2756884098052979,4.999477386474609,2414,3.648608922958374,1678,4.772647857666016,4,nan,0,nan,0
430,1761280,31503.3,55.7,39.11,34.41,10,0.125,162,0.18518518518518517,256,45,140,11,60,0,0,30,-5.46089565689627,16.328125,-0.6089904308319092,0.0,,-0.05853547225706279,30.186098885536193,0.569789469242096,6.622107964754105,0.18150870806421154,0.494384765625,15.292938375473023,-6.402842700481415e-10,0.27678442001342773,0.0001682702149437052,-1.2772941589355469,4.971836090087891,2392,3.67175030708313,1700,2.867055892944336,4,nan,0,nan,0
431,1765376,31576.0,56.7,37.73,34.45,10,0.125,408,0.16911764705882354,246,39,137,10,60,0,0,18,-5.768241467208522,16.475609756097562,-0.6168343424797058,0.0,,-0.06444940473884345,26.345851290225983,0.5649380505084991,7.098155808448792,0.34396803207928317,0.538818359375,11.560384607315063,-1.3969838619232178e-09,0.2867414355278015,0.00016796315250767655,-1.2782349586486816,5.142767906188965,2327,3.8431105613708496,1761,2.5230908393859863,8,nan,0,nan,0
432,1769472,31649.9,55.7,39.04,34.44,10,0.125,154,0.1038961038961039,258,31,146,11,70,0,0,22,-5.3586416368380085,15.790697674418604,-0.6948479413986206,0.0,,-0.05369260367006064,22.955828672647478,0.5603259444236756,6.869538748264313,0.19668674818531146,0.530859375,13.312576460838319,-1.7462298274040222e-10,0.2509729266166687,0.0001676560900716479,-1.2796480655670166,5.01759147644043,2333,3.732222080230713,1757,3.396554946899414,6,nan,0,nan,0
433,1773568,31723.6,56.0,38.74,34.43,10,0.125,397,0.13350125944584382,243,37,148,13,45,0,0,24,-5.438874228305899,16.991769547325102,-0.6323632001876831,0.0,,-0.05396051598945632,25.673454695940016,0.554604560136795,6.881132173538208,0.25023893926700114,0.556298828125,11.029751586914063,-3.7834979593753815e-09,0.2653014659881592,0.00016734902763561923,-1.2809679508209229,5.080767631530762,2260,3.6979849338531494,1821,4.510133266448975,15,nan,0,nan,0
434,1777664,31797.1,56.1,38.51,34.48,10,0.125,130,0.09230769230769231,245,24,156,13,52,0,0,14,-5.484259034763127,16.783673469387754,-0.710513710975647,0.0,,-0.055375298054423185,19.550469869375227,0.5493740677833557,6.7009157538414,0.28753735252830664,0.541552734375,10.393819093704224,-2.852175384759903e-09,0.23063457012176514,0.00016704196519959057,-1.2823154926300049,4.989016532897949,2293,3.685408115386963,1798,2.7786831855773926,5,nan,0,nan,0
435,1781760,31870.2,56.3,38.31,34.43,10,0.125,364,0.11813186813186813,234,31,138,19,46,0,0,19,-5.862466700498654,17.465811965811966,-0.6440091133117676,0.0,,-0.06321562444791198,23.321376341581345,0.5430352985858917,7.1072823941707615,0.19321173253993038,0.513427734375,10.465241742134094,-2.0372681319713593e-09,0.2340449094772339,0.0001667349027635619,-1.2842724323272705,5.195160388946533,2355,3.6302525997161865,1721,5.073697090148926,20,nan,0,nan,0
436,1785856,31943.7,56.1,38.62,34.43,10,0.125,90,0.13333333333333333,238,34,139,18,47,0,0,16,-6.13752387844186,17.23109243697479,-0.6229755878448486,0.0,,-0.05829993332736194,23.703001022338867,0.5354095458984375,7.116484904289246,0.2744514779857127,0.560009765625,10.261523699760437,-2.852175384759903e-09,0.24241673946380615,0.00016642784032753325,-1.2858169078826904,5.04258394241333,2387,3.7657101154327393,1703,2.0973055362701416,6,nan,0,nan,0
437,1789952,32016.6,56.5,37.97,34.48,10,0.125,332,0.16566265060240964,242,43,137,7,55,0,0,19,-5.66638331734242,16.8099173553719,-0.6043630838394165,0.0,,-0.06697006025351585,27.10692217350006,0.5306841790676117,7.122392630577087,0.3055644345760811,0.508154296875,10.426395106315614,-2.7939677238464355e-09,0.26856565475463867,0.0001661207778915046,-1.2867851257324219,5.063661575317383,2379,3.832817316055298,1707,1.8178437948226929,10,nan,0,nan,0
438,1794048,32089.7,56.4,38.2,34.44,10,0.125,66,0.10606060606060606,246,23,148,17,58,0,0,13,-5.602754499634761,16.772357723577237,-0.7127056121826172,0.0,,-0.05784450832288712,19.844887149333953,0.5267836928367615,7.004166549444198,0.3441421595722204,0.4923828125,11.860622835159301,-1.2223608791828156e-09,0.19583415985107422,0.00016581371545547593,-1.2879018783569336,5.042938232421875,2294,3.6498711109161377,1798,3.8869757652282715,4,nan,0,nan,0
439,1798144,32162.9,56.3,38.3,34.49,10,0.125,309,0.16828478964401294,243,45,139,7,52,0,0,25,-5.108397104571876,16.893004115226336,-0.5749386548995972,0.0,,-0.05778722168179229,27.282715463638304,0.5218599557876586,7.247128278017044,0.1980301834846614,0.50498046875,14.135772919654846,-9.89530235528946e-10,0.31575655937194824,0.00016550665301944727,-1.2889454364776611,5.115541934967041,2373,3.7954657077789307,1707,3.936985492706299,16,nan,0,nan,0
440,1802240,32236.5,56.0,38.67,34.43,10,0.125,41,0.14634146341463414,244,36,143,13,52,0,0,20,-5.084996527627302,16.725409836065573,-0.6201319098472595,0.0,,-0.05550909864250571,23.752611291408538,0.5178600132465363,7.038036692142486,0.3068837609171169,0.568603515625,10.340169286727905,-2.0372681319713593e-09,0.3010719418525696,0.0001651995905834186,-1.2900757789611816,5.032598495483398,2393,3.7423808574676514,1700,3.6588211059570312,3,nan,0,nan,0
441,1806336,32310.2,55.9,38.83,34.42,10,0.125,285,0.15087719298245614,244,37,143,10,54,0,0,28,-5.424167926915367,16.733606557377048,-0.6234458088874817,0.0,,-0.05035728479269892,24.271465253829955,0.5134265899658204,6.883754009008408,0.38263850308430847,0.582568359375,10.018981313705444,-1.8044374883174896e-09,0.2869850993156433,0.00016489252814738998,-1.2911558151245117,4.937939643859863,2461,3.6647350788116455,1632,2.318087339401245,3,nan,0,nan,0
442,1810432,32383.6,56.2,38.51,34.42,10,0.125,15,0.26666666666666666,242,40,130,18,54,0,0,24,-5.808308630190195,17.05785123966942,-0.5976852774620056,0.0,,-0.059859375754604115,26.706992626190186,0.509024578332901,7.001974934339524,0.3742511094722431,0.583056640625,9.81527237892151,-1.0477378964424133e-09,0.2665201425552368,0.0001645854657113613,-1.29233717918396,4.969330787658691,2445,3.750532627105713,1651,nan,0,nan,0,nan,0
443,1814528,32457.3,55.9,38.82,34.46,10,0.125,268,0.1828358208955224,253,45,143,7,58,0,0,23,-5.226814126259682,16.225296442687746,-0.6114743947982788,0.0,,-0.05229167445795611,27.97008373737335,0.5040395796298981,6.9196716248989105,0.2919039645901648,0.588232421875,13.77068362236023,-1.4551915228366852e-09,0.3119613528251648,0.00016427840327533266,-1.2934269905090332,4.899366855621338,2322,3.753101348876953,1774,nan,0,nan,0,nan,0
444,1818624,32530.5,56.3,38.28,34.42,10,0.125,3,0.3333333333333333,247,41,132,15,59,0,0,19,-5.663376917256211,16.40485829959514,-0.6135269999504089,0.0,,-0.0659393424866721,26.696797311306,0.4991963803768158,6.89753942489624,0.18526149358949623,0.49814453125,11.673606777191162,-2.6193447411060333e-09,0.3196079134941101,0.00016397134083930397,-1.2950782775878906,4.887168884277344,2298,3.7379534244537354,1796,5.0340495109558105,2,nan,0,nan,0
445,1822720,32604.4,55.8,38.99,34.47,10,0.125,246,0.17886178861788618,243,43,134,14,52,0,0,24,-5.683260442533383,16.699588477366255,-0.5924148559570312,0.0,,-0.06265380836557596,28.76673690080643,0.4921969473361969,7.003985327482224,0.287115529429866,0.53271484375,12.047308349609375,-1.7462298274040222e-09,0.2779860496520996,0.00016366427840327534,-1.296816110610962,4.908318519592285,2306,3.8794877529144287,1780,4.36489725112915,10,nan,0,nan,0
446,1826816,32677.7,56.2,38.45,34.45,10,0.125,484,0.17355371900826447,238,40,143,10,45,0,0,28,-5.435475587949961,17.31512605042017,-0.5983068346977234,0.0,,-0.06489556026645005,25.9215349316597,0.4849208235740662,7.083110481500626,0.1810540997656062,0.497216796875,13.130828356742859,-1.1641532182693481e-09,0.3098626136779785,0.00016335721596724665,-1.2987314462661743,5.059074401855469,2276,3.7927238941192627,1813,2.816540479660034,7,nan,0,nan,0
447,1830912,32751.1,56.2,38.39,34.48,10,0.125,221,0.14479638009049775,249,37,144,8,60,0,0,21,-5.524391957432722,16.55823293172691,-0.6291074156761169,0.0,,-0.05915032173506916,24.70237392783165,0.4778822124004364,6.876612943410874,0.2926561011030572,0.552587890625,11.201175594329834,-2.852175384759903e-09,0.27858853340148926,0.00016305015353121802,-1.3002955913543701,4.906754493713379,2412,3.705256700515747,1684,nan,0,nan,0,nan,0
448,1835008,32824.6,56.0,38.66,34.44,10,0.125,470,0.13404255319148936,249,31,136,16,66,0,0,17,-5.089125022867114,16.289156626506024,-0.6670284867286682,0.0,,-0.05705886373762041,22.026897615194322,0.47234665155410765,7.0905151009559635,0.3329267481225543,0.539697265625,11.217236065864563,-1.3969838619232178e-09,0.24578523635864258,0.00016274309109518933,-1.3015246391296387,5.0094122886657715,2426,3.705754041671753,1669,6.052587032318115,1,nan,0,nan,0
449,1839104,32898.2,56.0,38.66,34.47,10,0.125,206,0.1650485436893204,248,38,129,14,67,0,0,24,-5.54328436359637,16.68548387096774,-0.6224287748336792,0.0,,-0.056360210129059854,26.923512196540834,0.46724167466163635,6.825131118297577,0.2602445293654455,0.5611328125,11.851819729804992,-2.3865140974521637e-09,0.24114209413528442,0.0001624360286591607,-1.3029766082763672,4.943378448486328,2361,3.6530327796936035,1735,nan,0,nan,0,nan,0
450,1843200,32971.4,56.3,38.3,34.43,10,0.125,447,0.16778523489932887,241,41,139,9,52,0,0,21,-5.28704431595522,17.020746887966805,-0.5828806161880493,0.0,,-0.0606402977835387,27.029330050945283,0.46098719239234925,7.232898789644241,0.2342224803956924,0.530078125,10.586788034439087,-1.8044374883174896e-09,0.2727731466293335,0.000162128966223132,-1.3042815923690796,5.125600337982178,2445,3.746464729309082,1643,3.435704469680786,8,nan,0,nan,0
451,1847296,33044.7,56.2,38.43,34.44,10,0.125,187,0.1497326203208556,252,40,124,15,73,0,0,23,-5.750073302210508,16.194444444444443,-0.6173374652862549,0.0,,-0.05319593804888427,25.882699954509736,0.4569527804851532,6.990696078538894,0.29674195563129613,0.562939453125,12.67868812084198,-7.566995918750763e-10,0.27198511362075806,0.00016182190378710338,-1.3051965236663818,4.940974235534668,2379,3.757600784301758,1715,3.780576705932617,2,nan,0,nan,0
452,1851392,33118.2,56.1,38.59,34.43,10,0.125,435,0.14022988505747128,248,33,150,11,54,0,0,25,-5.099713849383207,16.66532258064516,-0.6522061824798584,0.0,,-0.06396577993873506,23.840448403358458,0.45119022727012636,7.096803492307663,0.3928921462240396,0.567236328125,9.452154302597046,-3.0850060284137726e-09,0.27299749851226807,0.0001615148413510747,-1.3074935674667358,4.940095901489258,2336,3.755821704864502,1759,5.706935882568359,1,nan,0,nan,0
453,1855488,33191.7,56.1,38.61,34.46,10,0.125,168,0.15476190476190477,245,33,137,15,60,0,0,18,-5.183859208592377,16.648979591836735,-0.6315646171569824,0.0,,-0.059264297550544145,23.01151200532913,0.4425037443637848,6.827034854888916,0.5029934544436401,0.539599609375,11.886382818222046,-5.238689482212067e-10,0.2694399952888489,0.00016120777891504606,-1.3089121580123901,4.94976806640625,2382,3.538520574569702,1700,4.623455047607422,14,nan,0,nan,0
454,1859584,33265.4,55.9,38.84,34.47,10,0.125,409,0.15158924205378974,241,36,127,10,68,0,0,22,-5.699488461770577,16.99585062240664,-0.6268116235733032,0.0,,-0.0604605664499104,25.226883602142333,0.4376247704029083,7.266347509622574,0.293153413629625,0.520068359375,12.123768782615661,-2.3283064365386963e-09,0.2806975841522217,0.00016090071647901737,-1.3103554248809814,5.088192939758301,2377,3.8408162593841553,1699,5.125991344451904,20,nan,0,nan,0
455,1863680,33338.8,56.2,38.48,34.42,10,0.125,137,0.10218978102189781,240,33,148,7,52,0,0,21,-5.455845347663925,17.0875,-0.6351228356361389,0.0,,-0.05733980911318213,22.880058681964876,0.4314059317111969,7.225693476200104,0.2220691259863088,0.507666015625,12.708702111244202,-1.8044374883174896e-09,0.2807808518409729,0.00016059365404298874,-1.311872124671936,5.12449312210083,2311,3.7534902095794678,1784,1.350079894065857,1,nan,0,nan,0
456,1867776,33411.9,56.4,38.18,34.48,10,0.125,385,0.12987012987012986,248,36,129,16,67,0,0,20,-5.648438801374743,16.5,-0.624002993106842,0.0,,-0.06494275231380016,25.9888724565506,0.42587122321128845,6.866470783948898,0.17709343138267286,0.492138671875,13.22502007484436,-2.561137080192566e-09,0.264819860458374,0.00016028659160696005,-1.3130813837051392,4.903011322021484,2314,3.8017044067382812,1777,5.148009300231934,5,nan,0,nan,0
457,1871872,33485.1,56.3,38.31,34.43,10,0.125,119,0.14285714285714285,246,36,132,14,64,0,0,17,-5.359137460710361,16.71951219512195,-0.62525874376297,0.0,,-0.05986317698843777,23.82139574289322,0.42154783606529234,7.128026419878006,0.2580503199365921,0.533203125,10.577917790412902,-1.862645149230957e-09,0.2717989683151245,0.00015997952917093142,-1.3141539096832275,4.997603416442871,2247,3.8251850605010986,1843,2.6902363300323486,6,nan,0,nan,0
458,1875968,33558.6,56.0,38.65,34.44,10,0.125,368,0.1766304347826087,249,48,135,8,58,0,0,31,-5.209825907479192,16.29317269076305,-0.5597516298294067,0.0,,-0.05947079383768141,28.335567951202393,0.41541644334793093,6.767314106225967,0.22021634402335621,0.522314453125,10.98546335697174,-3.026798367500305e-09,0.3069242238998413,0.00015967246673490273,-1.3163526058197021,4.846297264099121,2324,3.6531193256378174,1766,3.016529083251953,6,nan,0,nan,0
459,1880064,33632.2,56.0,38.68,34.43,10,0.125,94,0.1702127659574468,238,35,143,18,42,0,0,24,-5.453613259546951,17.298319327731093,-0.6211652755737305,0.0,,-0.0400075675570406,24.88966897726059,0.4077692568302155,7.068818700313568,0.22230119807063603,0.561767578125,14.374529433250427,-1.979060471057892e-09,0.29282844066619873,0.0001593654042988741,-1.3173631429672241,4.966097831726074,2262,3.747739791870117,1826,4.670468807220459,8,nan,0,nan,0
460,1884160,33705.6,56.1,38.52,34.47,10,0.125,328,0.1676829268292683,234,39,140,12,43,0,0,29,-5.4994254949052666,17.346153846153847,-0.5820958614349365,0.0,,-0.05490110280225054,26.453570544719696,0.4040747046470642,7.175995242595673,0.3287740018131444,0.566845703125,12.57949457168579,-2.270098775625229e-09,0.2880929112434387,0.0001590583418628454,-1.318650484085083,5.066647529602051,2212,3.8642098903656006,1875,2.7338764667510986,9,nan,0,nan,0
461,1888256,33779.3,55.9,38.79,34.44,10,0.125,53,0.18867924528301888,237,36,138,13,50,0,0,15,-5.25553047230033,17.21518987341772,-0.5961436629295349,0.0,,-0.05396888917312026,24.61990052461624,0.3990094542503357,7.1444497287273405,0.28578892033547165,0.556640625,11.23816146850586,-2.0954757928848267e-09,0.2832961678504944,0.00015875127942681678,-1.3197845220565796,5.046067714691162,2397,3.744819164276123,1691,4.681692600250244,8,nan,0,nan,0
462,1892352,33852.3,56.4,38.17,34.44,10,0.125,289,0.17301038062283736,236,40,133,12,51,0,0,16,-5.192049167326201,17.423728813559322,-0.5679668188095093,0.0,,-0.055571482074446975,27.53548898100853,0.3937023878097534,6.924714261293412,0.2893916226137662,0.57216796875,10.996941089630127,-1.1059455573558807e-09,0.2681528329849243,0.00015844421699078812,-1.3213168382644653,5.021376609802246,2250,3.6996829509735107,1844,2.7541344165802,2,nan,0,nan,0
463,1896448,33925.7,56.2,38.46,34.45,10,0.125,22,0.13636363636363635,245,32,144,15,54,0,0,16,-5.652868416566928,17.0,-0.6327142119407654,0.0,,-0.05666452089790255,24.1658203125,0.3877930521965027,7.3744289457798,0.24245327157550492,0.53115234375,12.161321830749511,-3.3760443329811096e-09,0.2630462646484375,0.00015813715455475946,-1.3227801322937012,5.142273426055908,2341,3.8449785709381104,1753,2.083773136138916,2,nan,0,nan,0
464,1900544,33999.2,56.0,38.65,34.46,10,0.125,265,0.1471698113207547,243,36,134,17,56,0,0,23,-4.999045735638856,16.65843621399177,-0.6107543706893921,0.0,,-0.062103025417309256,23.38471715450287,0.3819148182868958,6.658882582187653,0.298737558486755,0.510302734375,10.781540060043335,-1.57160684466362e-09,0.29965460300445557,0.0001578300921187308,-1.3242331743240356,4.85902214050293,2290,3.6519815921783447,1796,3.5113532543182373,10,nan,0,nan,0
465,1904640,34072.7,56.1,38.54,34.47,10,0.125,502,0.15338645418326693,237,38,130,14,55,0,0,25,-5.5644996002775375,17.27426160337553,-0.5798877477645874,0.0,,-0.04831712698796764,25.592526179552078,0.37541496753692627,7.131607735157013,0.3330628132651327,0.558984375,12.454387164115905,-1.2223608791828156e-09,0.28765732049942017,0.00015752302968270214,-1.3259334564208984,5.0292534828186035,2366,3.7694573402404785,1730,nan,0,nan,0,nan,0
466,1908736,34145.9,56.3,38.24,34.45,10,0.125,233,0.16738197424892703,243,41,139,13,50,0,0,25,-5.3964453524776355,16.724279835390945,-0.5987587571144104,0.0,,-0.050762886716984215,27.129548382759094,0.3696311414241791,6.681272596120834,0.31574047934554983,0.588427734375,12.62939693927765,-1.8044374883174896e-09,0.3121221661567688,0.00015721596724667348,-1.3271907567977905,4.827897071838379,2220,3.718843936920166,1865,4.4756855964660645,11,nan,0,nan,0
467,1912832,34219.5,56.0,38.72,34.43,10,0.125,483,0.18840579710144928,250,52,128,7,63,0,0,34,-5.088328128278992,16.476,-0.5475976467132568,0.0,,-0.07071334624197334,30.338371551036836,0.36514406800270083,6.6889905571937565,0.20757031688699498,0.524462890625,12.637117147445679,-2.561137080192566e-09,0.307590126991272,0.00015690890481064482,-1.3282620906829834,4.871860504150391,2326,3.6464121341705322,1758,3.1918203830718994,12,nan,0,nan,0
468,1916928,34292.7,56.3,38.35,34.45,10,0.125,216,0.16666666666666666,245,40,134,12,59,0,0,24,-5.062029627131775,16.714285714285715,-0.609076976776123,0.0,,-0.06792746230494232,26.054174780845642,0.36049860119819643,6.904116386175156,0.22781572526146193,0.496875,13.388448977470398,-2.270098775625229e-09,0.30071085691452026,0.00015660184237461616,-1.329517126083374,4.9651970863342285,2305,3.7668960094451904,1784,3.6770968437194824,7,nan,0,nan,0
469,1921024,34366.0,56.2,38.41,34.46,10,0.125,455,0.14285714285714285,239,29,141,16,53,0,0,22,-5.466905683174323,17.10878661087866,-0.6579838395118713,0.0,,-0.053373948810622095,21.961251306533814,0.3553598642349243,7.033305430412293,0.2795914327900391,0.54619140625,12.26068868637085,-1.5133991837501526e-09,0.2733495235443115,0.0001562947799385875,-1.3307995796203613,4.8842973709106445,2348,3.7573204040527344,1738,4.509247303009033,10,nan,0,nan,0
470,1925120,34439.2,56.3,38.38,34.42,10,0.125,183,0.14207650273224043,240,36,139,12,53,0,0,23,-5.934131486822563,17.025,-0.6063610315322876,0.0,,-0.052529234817484394,26.163808023929597,0.3494696617126465,7.194139504432679,0.25883129704743624,0.5390625,12.324019360542298,-2.0954757928848267e-09,0.26228010654449463,0.00015598771750255884,-1.3324565887451172,5.030951976776123,2243,3.8315036296844482,1842,5.079656600952148,11,nan,0,nan,0
471,1929216,34512.1,56.5,38.04,34.41,10,0.125,432,0.14351851851851852,249,36,137,15,61,0,0,19,-6.110465573849104,16.622489959839356,-0.6311047673225403,0.0,,-0.057147281942889094,23.981303322315217,0.34397521018981936,7.20677325129509,0.4246227557800012,0.565625,11.240186476707459,-8.731149137020111e-10,0.27728092670440674,0.00015568065506653018,-1.3332912921905518,5.021798133850098,2327,3.8521265983581543,1764,4.431905269622803,5,nan,0,nan,0
472,1933312,34585.7,56.0,38.67,34.42,10,0.125,164,0.13414634146341464,244,37,128,24,55,0,0,23,-5.557331410860431,16.82377049180328,-0.6141263842582703,0.0,,-0.06415209996048361,24.53819385766983,0.3408315360546112,7.131191170215606,0.23508600273926278,0.51748046875,12.339706969261169,-1.1059455573558807e-09,0.27772289514541626,0.00015537359263050152,-1.3344268798828125,5.041522979736328,2354,3.863215684890747,1740,4.148276329040527,2,nan,0,nan,0
473,1937408,34658.8,56.3,38.31,34.38,10,0.125,406,0.12315270935960591,242,28,133,8,73,0,0,17,-5.162081189304368,16.65702479338843,-0.6760408878326416,0.0,,-0.05909052526112646,20.893552476167677,0.3345817565917969,6.961889988183975,0.29319475952361246,0.57119140625,11.347836804389953,-2.9685907065868378e-09,0.28658831119537354,0.00015506653019447286,-1.3361635208129883,5.026862144470215,2257,3.929950714111328,1829,4.604880332946777,10,nan,0,nan,0
474,1941504,34731.9,56.4,38.23,34.39,10,0.125,142,0.14084507042253522,248,41,131,19,57,0,0,24,-4.958046450089166,16.762096774193548,-0.6019665002822876,0.0,,-0.057843206718098374,25.41687936782837,0.32820252776145936,6.96479856967926,0.4906347775075119,0.54462890625,12.224187397956848,-8.149072527885437e-10,0.3065285086631775,0.0001547594677584442,-1.3375675678253174,4.928168773651123,2357,3.855919361114502,1734,3.7785415649414062,5,nan,0,nan,0
475,1945600,34805.1,56.4,38.28,34.4,10,0.125,387,0.1343669250645995,245,32,125,16,72,0,0,20,-5.65239249150074,16.46938775510204,-0.6354146003723145,0.0,,-0.06369001112761907,23.15218868255615,0.3232076168060303,7.165628188848496,0.261751034160261,0.567724609375,11.639207220077514,-8.731149137020111e-10,0.263422429561615,0.00015445240532241554,-1.3388290405273438,5.063501358032227,2376,3.88913631439209,1707,4.365653038024902,13,nan,0,nan,0
476,1949696,34878.5,56.1,38.62,34.41,10,0.125,117,0.20512820512820512,242,41,134,15,52,0,0,27,-5.09718630190125,17.08677685950413,-0.5907410383224487,0.0,,-0.06139592680847272,25.80862263441086,0.3182710826396942,7.0078421354293825,0.4314613524475135,0.551416015625,11.645519518852234,-1.3969838619232178e-09,0.2818644046783447,0.00015414534288638688,-1.339959979057312,4.951732158660889,2397,3.786905288696289,1686,3.85074782371521,13,nan,0,nan,0
477,1953792,34951.7,56.3,38.41,34.36,10,0.125,364,0.16758241758241757,247,37,131,20,59,0,0,23,-5.07485572272113,16.53846153846154,-0.6159712076187134,0.0,,-0.05162231650319882,24.197373735904694,0.31267216205596926,7.093705958127975,0.25385619850712826,0.562451171875,12.644268703460693,-1.979060471057892e-09,0.301599383354187,0.00015383828045035822,-1.341644287109375,5.0514068603515625,2439,3.787802219390869,1656,2.063145637512207,1,nan,0,nan,0
478,1957888,35025.3,56.0,38.8,34.35,10,0.125,100,0.12,248,42,132,10,64,0,0,20,-5.405097150822947,16.661290322580644,-0.585105836391449,0.0,,-0.051266097859479484,27.649993592500685,0.306853449344635,7.005424815416336,0.22069430342235136,0.522314453125,15.46831955909729,-2.270098775625229e-09,0.28403836488723755,0.00015353121801432956,-1.342846155166626,4.965508937835693,2390,3.825955390930176,1700,3.539764404296875,6,nan,0,nan,0
479,1961984,35098.7,56.1,38.71,34.34,10,0.125,341,0.1378299120234604,241,35,128,19,59,0,0,26,-5.713871680985578,16.933609958506224,-0.5989702939987183,0.0,,-0.06193927931599319,25.480127882957458,0.3021156907081604,7.1431124091148375,0.22473725563904737,0.525732421875,15.395785999298095,-1.7462298274040222e-10,0.26208287477493286,0.0001532241555783009,-1.3440513610839844,5.052773475646973,2381,3.7670280933380127,1709,4.767261981964111,6,nan,0,nan,0
480,1966080,35171.9,56.3,38.45,34.32,10,0.125,75,0.18666666666666668,246,40,135,12,59,0,0,23,-5.210983460014873,16.58130081300813,-0.5884020328521729,0.0,,-0.05578536002431065,26.060054969787597,0.296563857793808,7.099974906444549,0.3296132948278682,0.5740234375,11.823076701164245,-2.270098775625229e-09,0.3071051836013794,0.00015291709314227227,-1.3455753326416016,5.073336601257324,2389,3.7362959384918213,1701,3.9986116886138916,6,nan,0,nan,0
481,1970176,35245.0,56.4,38.3,34.33,10,0.125,327,0.1651376146788991,252,40,142,7,63,0,0,26,-5.287283536184249,16.21825396825397,-0.6199640035629272,0.0,,-0.06370409759692848,25.008825886249543,0.2914461374282837,7.099675381183625,0.25302383857779204,0.518603515625,11.747008585929871,-2.0954757928848267e-09,0.2997841238975525,0.00015261003070624358,-1.346693754196167,4.975447177886963,2285,3.880598545074463,1811,nan,0,nan,0,nan,0
482,1974272,35318.8,55.9,38.98,34.33,10,0.125,64,0.21875,249,43,133,8,65,0,0,27,-5.630587203182602,16.59036144578313,-0.5808500051498413,0.0,,-0.0701370631577447,27.797371244430543,0.28691884875297546,7.234218245744705,0.37724294343497605,0.51630859375,12.151010036468506,-2.0954757928848267e-09,0.3104082942008972,0.00015230296827021495,-1.3478081226348877,5.095361709594727,2494,3.8722927570343018,1593,4.147568225860596,9,nan,0,nan,0
483,1978368,35392.4,56.0,38.74,34.38,10,0.125,306,0.19281045751633988,242,45,127,10,60,0,0,23,-5.690475219383454,16.789256198347108,-0.5530808568000793,0.0,,-0.05881500521209091,29.82153820991516,0.28274930119514463,7.018199479579925,0.24793654613022226,0.526806640625,15.786386871337891,-8.731149137020111e-10,0.29666727781295776,0.00015199590583418626,-1.348837971687317,5.016044616699219,2430,3.727956771850586,1658,5.790416240692139,8,nan,0,nan,0
484,1982464,35465.6,56.3,38.4,34.36,10,0.125,36,0.1111111111111111,242,40,136,14,52,0,0,20,-5.523636435221361,17.024793388429753,-0.5694441199302673,0.0,,-0.07313170713605359,26.835146856307983,0.27813964486122134,7.152222186326981,0.16002914328128098,0.468115234375,13.999251675605773,-2.270098775625229e-09,0.2539348006248474,0.00015168884339815763,-1.3501348495483398,5.0546417236328125,2496,3.7728219032287598,1594,3.3789663314819336,6,nan,0,nan,0
485,1986560,35539.1,56.0,38.81,34.32,10,0.125,281,0.15302491103202848,245,39,133,16,57,0,0,23,-5.74991226453581,16.726530612244897,-0.5975143313407898,0.0,,-0.061075294436886904,25.78048030138016,0.27210721373558044,7.1897732496261595,0.22794672193413135,0.548486328125,12.062935137748719,-2.153683453798294e-09,0.2958630323410034,0.00015138178096212894,-1.3517404794692993,5.055212020874023,2363,3.854619264602661,1730,3.66491961479187,3,nan,0,nan,0
486,1990656,35612.1,56.4,38.23,34.33,10,0.125,22,0.09090909090909091,253,40,138,14,61,0,0,23,-5.006554620354854,16.142292490118578,-0.6170785427093506,0.0,,-0.06112127511296421,25.09109174609184,0.26738702654838564,7.032395958900452,0.35512290553888304,0.58603515625,10.095830750465392,-1.6298145055770874e-09,0.29312825202941895,0.0001510747185261003,-1.3524224758148193,4.896103858947754,2411,3.797959327697754,1685,nan,0,nan,0,nan,0
487,1994752,35685.5,56.1,38.69,34.32,10,0.125,267,0.1198501872659176,245,30,133,16,66,0,0,15,-5.740811162526203,16.86530612244898,-0.6380148530006409,0.0,,-0.05701587833464146,22.476960253715514,0.26356149315834043,7.266668528318405,0.29170102843490897,0.549658203125,11.599954962730408,-2.0372681319713593e-09,0.26066696643829346,0.00015076765609007162,-1.3538239002227783,5.029052257537842,2433,3.913940191268921,1658,4.749678134918213,5,nan,0,nan,0
488,1998848,35758.5,56.5,38.19,34.36,10,0.125,505,0.12871287128712872,238,33,135,13,57,0,0,18,-5.6102642473887405,16.907563025210084,-0.6066080927848816,0.0,,-0.03604241360444575,22.979776859283447,0.25757709741592405,7.156822949647903,0.3068230547913117,0.595458984375,12.157527923583984,-1.9208528101444244e-09,0.3053893446922302,0.000150460593654043,-1.3551732301712036,4.988399982452393,2389,3.8486530780792236,1696,5.523941516876221,11,nan,0,nan,0
489,2002944,35832.0,56.1,38.72,34.35,10,0.125,233,0.17167381974248927,240,42,138,12,48,0,0,21,-5.459841491391167,17.179166666666667,-0.5647529363632202,0.0,,-0.06271070733200759,26.920885956287385,0.25347370505332945,6.770070338249207,0.27104787709831724,0.52158203125,12.705102968215943,-1.6880221664905548e-09,0.2957499623298645,0.0001501535312180143,-1.3559443950653076,4.8893513679504395,2410,3.698779344558716,1679,4.232883930206299,7,nan,0,nan,0
490,2007040,35905.4,56.1,38.65,34.33,10,0.125,480,0.15833333333333333,247,36,142,13,56,0,0,21,-5.429641400214971,16.635627530364374,-0.6253299117088318,0.0,,-0.0633027036790736,23.68023139834404,0.2502735912799835,7.007454437017441,0.2475889814493712,0.4931640625,12.590314292907715,-2.6193447411060333e-09,0.3041818141937256,0.00014984646878198567,-1.3569867610931396,5.0421528816223145,2316,3.803823232650757,1773,4.603207111358643,7,nan,0,nan,0
491,2011136,35978.9,56.1,38.74,34.32,10,0.125,215,0.16744186046511628,247,43,128,18,58,0,0,30,-5.618532182809532,16.473684210526315,-0.5644041895866394,0.0,,-0.06572854564292356,27.592458164691926,0.24568951725959778,7.262124472856522,0.23142848122515716,0.497998046875,12.832738828659057,-2.3283064365386963e-09,0.29825741052627563,0.000149539406345957,-1.3581295013427734,5.049103736877441,2429,3.86199951171875,1658,4.314307689666748,9,nan,0,nan,0
492,2015232,36051.9,56.4,38.36,34.31,10,0.125,448,0.16294642857142858,233,37,148,11,37,0,0,18,-5.33725259087598,17.776824034334766,-0.5832381248474121,0.0,,-0.058857459528371694,25.828942596912384,0.24067841172218324,7.250122123956681,0.3051781252521323,0.569091796875,12.273217630386352,-1.1059455573558807e-09,0.3084542155265808,0.00014923234390992835,-1.359490990638733,5.163412094116211,2289,3.8982772827148438,1797,4.728818416595459,10,nan,0,nan,0
493,2019328,36125.3,56.1,38.66,34.33,10,0.125,172,0.18604651162790697,236,48,128,14,46,0,0,26,-5.810540484561998,17.203389830508474,-0.5116143226623535,0.0,,-0.05946007987949997,29.24891333580017,0.23684508800506593,7.27289554476738,0.3897251498652622,0.569287109375,12.738011741638184,-9.313225746154785e-10,0.31512314081192017,0.0001489252814738997,-1.3600152730941772,5.040754318237305,2390,3.907986879348755,1695,3.86224365234375,11,nan,0,nan,0
494,2023424,36198.7,56.1,38.64,34.32,10,0.125,424,0.16745283018867924,252,39,118,14,81,0,0,22,-6.179298965818839,16.42063492063492,-0.6087142825126648,0.0,,-0.06315547372214496,24.785846453905105,0.23478649258613588,7.079716217517853,0.2501904054282932,0.537255859375,12.661929559707641,-1.6880221664905548e-09,0.31569522619247437,0.00014861821903787103,-1.3605704307556152,5.099508285522461,2390,3.855846881866455,1703,3.777864694595337,3,nan,0,nan,0
495,2027520,36271.5,56.6,38.08,34.3,10,0.125,150,0.18,238,35,142,15,46,0,0,26,-6.067210353438549,17.285714285714285,-0.5999033451080322,0.0,,-0.06867997257504613,26.025199139118193,0.23186479210853578,7.175518602132797,0.1765158117574174,0.48310546875,14.694398355484008,-1.862645149230957e-09,0.24444538354873657,0.00014831115660184237,-1.3614596128463745,4.9471845626831055,2348,3.8496832847595215,1745,2.1116178035736084,3,nan,0,nan,0
496,2031616,36345.2,56.0,38.88,34.29,10,0.125,391,0.2020460358056266,241,52,135,12,42,0,0,28,-4.824188558654914,16.585062240663902,-0.5146479606628418,0.0,,-0.07016413286328316,30.473842668533326,0.22863855361938476,6.671086996793747,0.2270004218327813,0.505224609375,14.256876802444458,-1.862645149230957e-09,0.30371612310409546,0.0001480040941658137,-1.3622206449508667,4.7306976318359375,2298,3.6927361488342285,1779,3.342418670654297,19,nan,0,nan,0
497,2035712,36418.5,56.2,38.55,34.32,10,0.125,132,0.1893939393939394,253,42,139,10,62,0,0,18,-5.287653506122409,16.446640316205535,-0.5885416269302368,0.0,,-0.06759555777534842,27.609853088855743,0.22385481595993043,7.107653474807739,0.2680765827652067,0.544140625,13.084724640846252,-3.14321368932724e-09,0.28907686471939087,0.00014769703172978505,-1.363882303237915,4.956486225128174,2384,3.806680917739868,1708,3.8249881267547607,4,nan,0,nan,0
498,2039808,36491.5,56.4,38.29,34.3,10,0.125,373,0.18230563002680966,241,43,131,18,49,0,0,24,-5.845946152593972,16.92116182572614,-0.5549914836883545,0.0,,-0.06593488403595985,29.32822588682175,0.21800732612609863,6.758597630262375,0.270484899127041,0.533642578125,13.295175480842591,-7.566995918750763e-10,0.262980580329895,0.0001473899692937564,-1.3650145530700684,4.8288068771362305,2257,3.7129995822906494,1829,4.116020202636719,10,nan,0,nan,0
499,2043904,36565.0,56.0,38.77,34.32,10,0.125,108,0.2222222222222222,247,42,126,10,69,0,0,23,-5.339619712931729,16.668016194331983,-0.580582857131958,0.0,,-0.06058394217398018,27.12810744047165,0.21305805444717407,7.019216668605805,0.22249121344357264,0.544384765625,16.16051287651062,-1.6880221664905548e-09,0.29371511936187744,0.00014708290685772773,-1.366533875465393,5.006431579589844,2310,3.8658299446105957,1781,4.776461601257324,5,nan,0,nan,0
500,2048000,36637.8,56.6,38.04,34.28,10,0.125,350,0.18571428571428572,242,41,130,9,62,0,0,23,-5.49016665383701,16.805785123966942,-0.5679659843444824,0.0,,-0.0659931865753606,26.640372037887573,0.20695728063583374,6.998446673154831,0.2572113504924346,0.539794921875,12.478391408920288,-3.026798367500305e-09,0.31371402740478516,0.00014677584442169907,-1.3678661584854126,4.902796745300293,2406,3.791893482208252,1685,2.7017102241516113,5,nan,0,nan,0
501,2052096,36711.1,56.2,38.5,34.34,10,0.125,82,0.10975609756097561,244,36,132,17,59,0,0,21,-5.256871914240922,16.84426229508197,-0.6022018790245056,0.0,,-0.062566734617576,24.371911585330963,0.20260506868362427,7.042264842987061,0.20723396198009142,0.492041015625,14.710587549209595,4.656612873077393e-10,0.28005820512771606,0.0001464687819856704,-1.3687443733215332,5.003635883331299,2320,3.8231706619262695,1773,5.988010883331299,3,nan,0,nan,0
502,2056192,36784.3,56.3,38.49,34.26,10,0.125,317,0.17981072555205047,235,48,129,15,43,0,0,32,-5.491362792322217,17.408510638297873,-0.4971802532672882,0.0,,-0.050531588564626875,29.261182820796968,0.19913145899772644,7.196762883663178,0.37007157303160054,0.573095703125,14.596269798278808,-6.984919309616089e-10,0.31906694173812866,0.00014616171954964175,-1.3695660829544067,5.024575710296631,2344,3.8479950428009033,1740,2.8245766162872314,12,nan,0,nan,0
503,2060288,36858.0,55.9,39.07,34.25,10,0.125,38,0.2631578947368421,233,48,114,17,54,0,0,26,-5.37421512404931,17.553648068669528,-0.5025893449783325,0.0,,-0.0617812276002951,29.274214708805083,0.1951964259147644,7.13984307050705,0.26389908013807145,0.523046875,15.389251780509948,-3.0850060284137726e-09,0.30838727951049805,0.0001458546571136131,-1.3708531856536865,5.004287242889404,2578,3.812260866165161,1513,2.5567660331726074,5,nan,0,nan,0
504,2064384,36931.0,56.5,38.23,34.28,10,0.125,271,0.16605166051660517,233,35,131,19,48,0,0,24,-5.41170962269283,17.549356223175966,-0.5716272592544556,0.0,,-0.05819037755718455,24.672250902652742,0.18945666551589965,7.434560912847519,0.3929350697668269,0.548193359375,12.36542251110077,-1.1641532182693481e-09,0.29617053270339966,0.00014554759467758443,-1.3724688291549683,5.231328964233398,2365,3.9202284812927246,1728,4.708393573760986,3,nan,0,nan,0
505,2068480,37003.9,56.5,38.21,34.27,10,0.125,509,0.18271119842829076,238,48,121,10,59,0,0,29,-5.7053972424237,17.34453781512605,-0.515444815158844,0.0,,-0.0650641128886491,29.66031438112259,0.18315764665603637,7.090304696559906,0.4870596143126022,0.496435546875,15.645353770256042,-2.444721758365631e-09,0.31994307041168213,0.00014524053224155577,-1.3738586902618408,4.99813985824585,2399,3.8795089721679688,1688,3.3490774631500244,9,nan,0,nan,0
506,2072576,37077.4,56.0,38.87,34.27,10,0.125,238,0.14285714285714285,241,36,138,7,60,0,0,20,-5.521606419597845,16.970954356846473,-0.5989351272583008,0.0,,-0.06246183710172772,24.876656472682953,0.17763003706932068,7.125452989339829,0.19226564806594978,0.485791015625,16.254453659057617,-2.852175384759903e-09,0.31192392110824585,0.0001449334698055271,-1.3751879930496216,5.100402355194092,2404,3.8406476974487305,1678,4.270764350891113,14,nan,0,nan,0
507,2076672,37150.2,56.6,38.09,34.29,10,0.125,470,0.1425531914893617,232,33,135,13,51,0,0,22,-5.068823337503234,17.642241379310345,-0.5911146998405457,0.0,,-0.0641881470568478,22.24572408795357,0.17303446531295777,7.1279186606407166,0.2238958903850289,0.51396484375,13.831244421005248,-2.735760062932968e-09,0.3089761734008789,0.00014462640736949845,-1.3762222528457642,5.099569320678711,2385,3.8436074256896973,1701,2.646538734436035,10,nan,0,nan,0
508,2080768,37223.3,56.4,38.31,34.32,10,0.125,203,0.11330049261083744,245,32,126,21,66,0,0,22,-5.19536996472872,16.56734693877551,-0.6150527000427246,0.0,,-0.049985367176122966,20.824953937530516,0.16923194527626037,7.056498539447785,0.7534770311409374,0.59560546875,10.554567122459412,-2.153683453798294e-09,0.29132550954818726,0.0001443193449334698,-1.377049446105957,5.027251243591309,2392,3.8211028575897217,1700,3.7578201293945312,4,nan,0,nan,0
509,2084864,37296.6,56.1,38.64,34.32,10,0.125,443,0.14672686230248308,240,42,136,10,52,0,0,22,-5.058945583291664,17.2125,-0.5636480450630188,0.0,,-0.043207364436239,25.151293671131135,0.16627458333969117,7.045650827884674,0.2714421059237793,0.581103515625,15.638432478904724,-1.862645149230957e-09,0.31692755222320557,0.00014401228249744113,-1.377732753753662,5.029546737670898,2373,3.816685914993286,1714,5.016443252563477,9,nan,0,nan,0
510,2088960,37369.6,56.5,38.23,34.31,10,0.125,165,0.15151515151515152,234,41,134,19,40,0,0,22,-6.047530011687211,17.504273504273506,-0.5392339825630188,0.0,,-0.061703431222122164,26.01030879020691,0.16359642148017883,6.978761613368988,0.2696367149357684,0.54169921875,11.572418475151062,-2.3283064365386963e-09,0.2892487049102783,0.00014370522006141247,-1.3783600330352783,4.968693256378174,2357,3.6895790100097656,1734,5.026992321014404,5,nan,0,nan,0
511,2093056,37442.9,56.2,38.59,34.32,10,0.125,403,0.19106699751861042,238,52,134,21,31,0,0,33,-5.225410707657034,17.159663865546218,-0.5101329684257507,0.0,,-0.06659142115386203,30.44980193376541,0.16153074502944947,7.226114052534103,0.19645737304235808,0.518798828125,15.03070273399353,-2.6775524020195007e-09,0.334692120552063,0.0001433981576253838,-1.3788495063781738,5.09541654586792,2339,3.7836358547210693,1746,4.354704856872559,11,nan,0,nan,0
512,2097152,37516.1,56.3,38.53,34.26,10,0.125,120,0.175,229,41,135,9,44,0,0,25,-5.313780858407372,17.790393013100438,-0.554215669631958,0.0,,-0.06911425076541491,26.51779437661171,0.1585422158241272,7.204964596033096,0.2282129695144249,0.514453125,12.985444116592408,-1.6880221664905548e-09,0.3381872773170471,0.00014309109518935515,-1.379965901374817,5.165675640106201,2377,3.900326728820801,1709,4.361567497253418,10,nan,0,nan,0
513,2101248,37589.4,56.3,38.54,34.26,10,0.125,364,0.1565934065934066,244,36,141,15,52,0,0,20,-5.152372240197089,16.987704918032787,-0.6113848686218262,0.0,,-0.061873332923278214,23.4836094558239,0.1532301902770996,7.1259090304374695,0.20150278436485677,0.52236328125,13.007585859298706,-9.313225746154785e-10,0.3037893772125244,0.0001427840327533265,-1.381382942199707,5.009333610534668,2392,3.7813425064086914,1695,4.638542652130127,9,nan,0,nan,0
514,2105344,37662.6,56.3,38.53,34.28,10,0.125,99,0.15151515151515152,247,41,135,15,56,0,0,28,-4.96742798620962,16.251012145748987,-0.5891135931015015,0.0,,-0.06207565227523446,26.026493179798127,0.1478787899017334,7.138448882102966,0.26219799523241816,0.55400390625,12.826174807548522,-1.3969838619232178e-09,0.343083918094635,0.00014247697031729783,-1.3826314210891724,5.049008369445801,2296,3.855888843536377,1796,4.3179802894592285,4,nan,0,nan,0
515,2109440,37736.2,56.0,38.79,34.31,10,0.125,338,0.15976331360946747,239,39,135,22,43,0,0,22,-5.685503050471684,17.368200836820083,-0.5740584135055542,0.0,,-0.0629593251273036,26.715100991725922,0.14232650995254517,7.296956080198288,0.2761598635523114,0.534814453125,12.528695607185364,-2.3283064365386963e-09,0.2672305703163147,0.00014216990788126917,-1.3842999935150146,5.157349109649658,2313,3.860625743865967,1777,4.544989585876465,6,nan,0,nan,0
516,2113536,37809.5,56.2,38.57,34.31,10,0.125,61,0.21311475409836064,235,44,132,9,50,0,0,21,-5.3527831749676835,17.42127659574468,-0.5552115440368652,0.0,,-0.0695470592705533,28.58379808664322,0.13619244694709778,7.420606082677841,0.23503627858299297,0.53388671875,13.614118099212646,-1.4551915228366852e-09,0.3364636301994324,0.0001418628454452405,-1.3854795694351196,5.164517879486084,2384,3.9831085205078125,1706,6.563442707061768,6,nan,0,nan,0
517,2117632,37883.3,55.9,38.95,34.32,10,0.125,302,0.18543046357615894,241,43,131,19,48,0,0,26,-5.731475064344617,17.107883817427386,-0.5593308210372925,0.0,,-0.06276036082999781,29.532089698314667,0.13170602917671204,7.089823234081268,0.19322176961577497,0.525634765625,14.39862518310547,-5.820766091346741e-10,0.26707136631011963,0.00014155578300921185,-1.3866149187088013,5.078505039215088,2327,3.733736038208008,1763,4.9742584228515625,6,nan,0,nan,0
518,2121728,37956.8,56.0,38.78,34.32,10,0.125,31,0.03225806451612903,241,47,133,8,53,0,0,30,-5.047167958318525,16.970954356846473,-0.5453846454620361,0.0,,-0.06342864651232957,27.85518088340759,0.12748854160308837,7.271032851934433,0.2859060068556573,0.553125,12.418365025520325,-1.7462298274040222e-09,0.3495698571205139,0.0001412487205731832,-1.3874499797821045,5.133772850036621,2359,3.865372657775879,1733,3.7488255500793457,4,nan,0,nan,0
519,2125824,38030.2,56.2,38.65,34.27,10,0.125,267,0.14606741573033707,236,38,142,8,48,0,0,22,-5.407408990912934,17.372881355932204,-0.5658500790596008,0.0,,-0.05409719616291113,26.044693863391878,0.12455396056175232,7.0769387006759645,0.2073625515360618,0.538671875,14.791812252998351,-4.0745362639427185e-10,0.3374548554420471,0.00014094165813715453,-1.3883450031280518,4.97259521484375,2501,3.7645041942596436,1590,3.1117234230041504,5,nan,0,nan,0
520,2129920,38103.5,56.2,38.55,34.29,10,0.125,511,0.16829745596868884,244,47,124,15,58,0,0,22,-5.243029513288078,16.65573770491803,-0.5495775938034058,0.0,,-0.06505227531306446,29.31776008605957,0.12022244930267334,6.801620614528656,0.3507608281011926,0.52666015625,13.311568713188171,-2.5029294192790985e-09,0.28402578830718994,0.00014063459570112587,-1.3895959854125977,4.91508674621582,2318,3.771450996398926,1776,5.46414852142334,2,nan,0,nan,0
521,2134016,38177.0,56.1,38.69,34.31,10,0.125,243,0.14814814814814814,244,36,134,21,53,0,0,23,-5.221328513318024,16.897540983606557,-0.5967177152633667,0.0,,-0.06396150720538571,24.758518612384798,0.11518314480781555,7.26229772567749,0.36524732991529163,0.56259765625,12.992278027534486,-2.153683453798294e-09,0.321433424949646,0.00014032753326509721,-1.3907183408737183,5.093684196472168,2351,3.8624701499938965,1729,4.523065567016602,16,nan,0,nan,0
522,2138112,38250.3,56.3,38.49,34.3,10,0.125,487,0.1457905544147844,244,35,132,13,64,0,0,19,-5.374166157281948,16.709016393442624,-0.5995820164680481,0.0,,-0.060925668966956434,23.02223422527313,0.11061708927154541,7.454686748981476,0.29496932788752017,0.53955078125,11.402768421173096,-1.862645149230957e-09,0.2974618673324585,0.00014002047082906855,-1.392037272453308,5.2118024826049805,2367,3.9711873531341553,1724,4.957260608673096,5,nan,0,nan,0
523,2142208,38323.3,56.4,38.33,34.29,10,0.125,219,0.1735159817351598,244,40,133,19,52,0,0,27,-5.229106213453895,16.7172131147541,-0.5835193395614624,0.0,,-0.05380842269514687,26.94813665151596,0.1047600507736206,7.141011327505112,0.4748043645289727,0.58671875,11.276756381988525,-1.3969838619232178e-09,0.31677937507629395,0.0001397134083930399,-1.393527626991272,4.991262435913086,2370,3.8380143642425537,1720,2.6651031970977783,6,nan,0,nan,0
524,2146304,38396.6,56.2,38.57,34.32,10,0.125,464,0.16163793103448276,245,37,134,13,61,0,0,26,-5.479866771111883,16.90204081632653,-0.5993272662162781,0.0,,-0.06758638503961265,24.689904475212096,0.09916181564331054,7.549984085559845,0.27897569226042834,0.540673828125,11.571075606346131,-1.9208528101444244e-09,0.27122271060943604,0.00013940634595701123,-1.3947672843933105,5.285710334777832,2271,3.946056842803955,1809,3.9931352138519287,16,nan,0,nan,0
525,2150400,38469.8,56.3,38.46,34.27,10,0.125,196,0.22448979591836735,244,51,136,9,48,0,0,29,-5.308737977600117,16.668032786885245,-0.5276195406913757,0.0,,-0.07163627627305687,29.63816763162613,0.09407584071159363,6.965640968084335,0.2510168422828428,0.513671875,13.846006441116334,-1.1641532182693481e-09,0.33614975214004517,0.00013909928352098257,-1.3961775302886963,4.887749671936035,2399,3.8931076526641846,1694,3.9469172954559326,3,nan,0,nan,0
526,2154496,38543.0,56.3,38.5,34.28,10,0.125,432,0.19212962962962962,236,39,127,15,55,0,0,23,-5.063329945835439,17.427966101694917,-0.5644814968109131,0.0,,-0.06564515231875703,23.06108340024948,0.08863174915313721,7.3948332369327545,0.21747952912701293,0.53154296875,12.72840232849121,-3.4924596548080444e-09,0.35725438594818115,0.00013879222108495391,-1.3974648714065552,5.171815872192383,2453,3.9126930236816406,1633,3.770223617553711,10,nan,0,nan,0
527,2158592,38616.2,56.4,38.4,34.27,10,0.125,157,0.15286624203821655,237,39,136,17,45,0,0,20,-5.067143443326925,17.185654008438817,-0.568748414516449,0.0,,-0.0672440970898606,25.14414917230606,0.08284249901771545,7.1782236218452455,0.24902281043760013,0.534423828125,10.637199330329896,-5.238689482212067e-10,0.309013307094574,0.00013848515864892525,-1.399118185043335,5.110323429107666,2348,3.8738925457000732,1732,4.028485298156738,16,nan,0,nan,0
528,2162688,38689.1,56.5,38.18,34.27,10,0.125,397,0.1385390428211587,240,31,143,19,47,0,0,21,-5.417325461417373,17.025,-0.6024854183197021,0.0,,-0.0629172173095867,22.825844675302505,0.07678074836730957,7.30174668431282,0.25163943714869674,0.50634765625,13.632304549217224,-2.153683453798294e-09,0.25190311670303345,0.0001381780962128966,-1.4003881216049194,5.15712833404541,2385,3.8229007720947266,1696,3.3055033683776855,15,nan,0,nan,0
529,2166784,38762.4,56.2,38.62,34.26,10,0.125,119,0.20168067226890757,234,46,122,14,52,0,0,24,-5.092339991738596,17.431623931623932,-0.519298255443573,0.0,,-0.06285439492203296,26.904748857021332,0.07257766723632812,7.246072846651077,0.29662269234249833,0.540283203125,12.704873204231262,-1.1059455573558807e-09,0.33331626653671265,0.00013787103377686796,-1.4011627435684204,5.181422710418701,2411,3.8244636058807373,1675,3.7922306060791016,10,nan,0,nan,0
530,2170880,38835.5,56.4,38.39,34.29,10,0.125,361,0.1994459833795014,242,48,128,13,53,0,0,31,-5.509499679318584,17.132231404958677,-0.5222992897033691,0.0,,-0.07151045979117043,28.447401297092437,0.06893818974494934,7.3739166259765625,0.20772702287940775,0.5212890625,12.457826900482178,-2.735760062932968e-09,0.3204176425933838,0.0001375639713408393,-1.4024521112442017,5.101011276245117,2417,3.9550940990448,1675,6.000650405883789,4,nan,0,nan,0
531,2174976,38909.1,56.0,38.89,34.29,10,0.125,94,0.11702127659574468,245,37,133,16,59,0,0,27,-5.087530330517927,16.56734693877551,-0.5991494655609131,0.0,,-0.057515789195895194,24.998592847585677,0.0635408341884613,6.8759430825710295,0.46754919287050145,0.52275390625,14.94930067062378,-1.280568540096283e-09,0.2723459005355835,0.00013725690890481064,-1.4037344455718994,4.985036849975586,2375,3.694746732711792,1715,5.913824558258057,6,nan,0,nan,0
532,2179072,38982.1,56.4,38.3,34.26,10,0.125,337,0.1394658753709199,243,36,147,15,45,0,0,21,-5.196903917741908,16.872427983539094,-0.5992206335067749,0.0,,-0.06146379157435149,23.04585509300232,0.05822203159332275,6.937159436941147,0.27222059056803116,0.5462890625,11.36876301765442,-5.238689482212067e-10,0.3163077235221863,0.00013694984646878198,-1.4050549268722534,5.006160259246826,2286,3.789597272872925,1805,3.109621047973633,5,nan,0,nan,0
533,2183168,39055.1,56.5,38.26,34.27,10,0.125,70,0.08571428571428572,245,34,142,9,60,0,0,22,-5.197707408790353,16.804081632653062,-0.6163236498832703,0.0,,-0.04237252792809158,20.350847959518433,0.054011017084121704,7.220573109388352,0.5946630327322054,0.645263671875,9.889717650413512,-5.820766091346741e-10,0.34375226497650146,0.00013664278403275332,-1.4058318138122559,5.095326900482178,2335,3.8695037364959717,1755,4.477014064788818,6,nan,0,nan,0
534,2187264,39129.2,55.7,39.31,34.29,10,0.125,323,0.15170278637770898,253,43,132,16,62,0,0,24,-5.457021671720855,16.320158102766797,-0.5806525349617004,0.0,,-0.05136062721721828,27.747820937633513,0.051662123203277587,7.06545472741127,0.3003749554482056,0.55390625,14.402161693572998,-1.4551915228366852e-09,0.32715749740600586,0.00013633572159672466,-1.4063372611999512,5.03530740737915,2356,3.8621373176574707,1722,5.882636070251465,18,nan,0,nan,0
535,2191360,39202.4,56.3,38.47,34.25,10,0.125,51,0.1568627450980392,240,34,150,8,48,0,0,18,-5.420712608201995,17.041666666666668,-0.6102291345596313,0.0,,-0.06646114807808771,23.85862408876419,0.04851008057594299,7.07533221244812,0.2563181053556036,0.515380859375,12.359351015090942,-2.561137080192566e-09,0.2885354161262512,0.000136028659160696,-1.4074887037277222,5.08856201171875,2315,3.7314939498901367,1770,4.592169284820557,11,nan,0,nan,0
536,2195456,39275.5,56.4,38.44,34.25,10,0.125,291,0.16151202749140894,240,39,136,14,51,0,0,23,-5.750014983738384,16.895833333333332,-0.5728389024734497,0.0,,-0.054161064233630894,26.72132875919342,0.04349827766418457,7.287196266651153,0.67707104786532,0.575732421875,14.307424926757813,-1.6298145055770874e-09,0.29535406827926636,0.00013572159672466734,-1.4087464809417725,5.093066215515137,2323,3.8379523754119873,1771,2.2717390060424805,2,nan,0,nan,0
537,2199552,39348.9,56.1,38.71,34.29,10,0.125,24,0.20833333333333334,245,41,138,13,53,0,0,18,-5.400256386160624,16.86530612244898,-0.5818539261817932,0.0,,-0.06323959978763014,27.503535175323485,0.03840143084526062,7.3034601509571075,0.249615674893721,0.547509765625,12.617334508895874,-2.6193447411060333e-09,0.27581989765167236,0.00013541453428863868,-1.4099910259246826,5.093537330627441,2220,3.905365228652954,1860,4.426698207855225,16,nan,0,nan,0
538,2203648,39422.6,56.0,38.96,34.24,10,0.125,261,0.1724137931034483,237,40,134,15,48,0,0,30,-5.144423167188025,17.135021097046412,-0.5508568286895752,0.0,,-0.060527365934103725,25.127205383777618,0.03415135145187378,7.1928652882575985,0.39435416568303483,0.58828125,10.57489869594574,-2.561137080192566e-09,0.3176145553588867,0.00013510747185261002,-1.4109153747558594,5.113190650939941,2437,3.7089192867279053,1653,3.001098871231079,6,nan,0,nan,0
539,2207744,39496.2,56.0,38.87,34.28,10,0.125,502,0.16334661354581673,241,37,143,11,50,0,0,29,-4.845473189200976,17.16597510373444,-0.5882032513618469,0.0,,-0.056046468194108454,23.49613889455795,0.029233992099761963,7.37662987112999,0.19275647252507042,0.524560546875,15.274566531181335,-5.238689482212067e-10,0.32937508821487427,0.00013480040941658136,-1.4124656915664673,5.19196891784668,2312,3.923830270767212,1778,5.369439601898193,6,nan,0,nan,0
540,2211840,39569.5,56.2,38.61,34.29,10,0.125,228,0.17543859649122806,238,43,132,12,51,0,0,26,-5.4711267797577126,17.096638655462186,-0.5564343929290771,0.0,,-0.060277166590094564,26.597358524799347,0.023704993724822997,6.897569876909256,0.18530759808199945,0.485498046875,15.72010715007782,-4.0745362639427185e-10,0.3311341404914856,0.0001344933469805527,-1.4135428667068481,5.011265754699707,2369,3.7334537506103516,1721,3.9029083251953125,6,nan,0,nan,0
541,2215936,39642.5,56.5,38.26,34.26,10,0.125,465,0.1913978494623656,237,49,131,14,43,0,0,32,-5.365134330720623,17.27848101265823,-0.49403518438339233,0.0,,-0.06739496778463945,29.935529935359956,0.019342392683029175,7.3548627436161045,0.21529994676529896,0.506494140625,14.638270711898803,-1.4551915228366852e-09,0.33605557680130005,0.00013418628454452404,-1.4147398471832275,5.07693338394165,2442,3.9421193599700928,1650,4.664834022521973,4,nan,0,nan,0
542,2220032,39715.2,56.7,37.92,34.28,10,0.125,195,0.13333333333333333,242,29,142,12,59,0,0,16,-4.968305541854096,17.107438016528924,-0.642947256565094,0.0,,-0.06210538287414238,21.31490116119385,0.014524942636489869,7.389099669456482,0.5529398363083601,0.462744140625,16.170519304275512,-9.89530235528946e-10,0.29314571619033813,0.00013387922210849538,-1.4159483909606934,5.258445739746094,2395,3.9353702068328857,1700,2.6907742023468018,1,nan,0,nan,0
543,2224128,39788.6,56.1,38.7,34.32,10,0.125,442,0.16289592760180996,247,46,129,12,60,0,0,22,-5.394655908652468,16.574898785425102,-0.5457562804222107,0.0,,-0.05695743564865552,29.68134640455246,0.009698134660720826,7.3260417699813845,0.31186401438026223,0.52001953125,17.43992133140564,-1.979060471057892e-09,0.3264003396034241,0.00013357215967246672,-1.4170950651168823,5.127547740936279,2296,3.9795584678649902,1781,5.205832481384277,19,nan,0,nan,0
544,2228224,39862.2,56.0,38.87,34.26,10,0.125,166,0.1746987951807229,236,41,138,11,46,0,0,26,-5.1467667200084435,17.122881355932204,-0.5534700751304626,0.0,,-0.07162769993883558,26.112679660320282,0.005084311962127686,7.339150434732437,0.21102479792025405,0.52333984375,11.880425190925598,1.1641532182693481e-10,0.32559239864349365,0.00013326509723643806,-1.4184110164642334,5.205318450927734,2315,3.9011642932891846,1776,2.6822609901428223,5,nan,0,nan,0
545,2232320,39935.3,56.4,38.25,34.31,10,0.125,410,0.16585365853658537,244,39,139,10,56,0,0,22,-5.428185851138979,17.12704918032787,-0.5886293053627014,0.0,,-0.06285709229996428,25.402876871824265,0.0003465414047241211,7.158685010671616,0.36611812501214447,0.5939453125,12.671476793289184,-4.656612873077393e-10,0.33996421098709106,0.0001329580348004094,-1.4192439317703247,5.124820709228516,2406,3.866116762161255,1685,4.442176342010498,5,nan,0,nan,0
546,2236416,40008.4,56.4,38.36,34.29,10,0.125,140,0.16428571428571428,242,33,153,11,45,0,0,21,-5.355322765581739,16.785123966942148,-0.6083704233169556,0.0,,-0.06099117186386138,23.073725044727325,-0.0031470060348510742,7.058456772565842,0.3082413989061024,0.54072265625,13.152170658111572,-3.3760443329811096e-09,0.29919755458831787,0.00013265097236438074,-1.4202827215194702,5.0706024169921875,2392,3.8020904064178467,1699,2.1616482734680176,5,nan,0,nan,0
547,2240512,40081.1,56.6,38.05,34.31,10,0.125,382,0.15706806282722513,242,37,134,12,59,0,0,25,-5.197635395451126,16.665289256198346,-0.5860364437103271,0.0,,-0.06763706100173295,23.848495948314667,-0.0089649498462677,7.126675635576248,0.24916915523645003,0.537060546875,12.20143506526947,-1.4551915228366852e-09,0.34143775701522827,0.00013234390992835208,-1.4222424030303955,5.101037979125977,2403,3.8956992626190186,1685,2.3075883388519287,8,nan,0,nan,0
548,2244608,40154.5,56.1,38.64,34.31,10,0.125,116,0.11206896551724138,246,32,145,11,58,0,0,25,-5.43483124791518,16.75609756097561,-0.632676362991333,0.0,,-0.059150837594643235,22.31952422261238,-0.01687726378440857,7.089199560880661,0.240485421102494,0.546240234375,14.44452645778656,-1.862645149230957e-09,0.33172470331192017,0.00013203684749232342,-1.4240421056747437,5.123031139373779,2436,3.7768096923828125,1652,7.820087432861328,8,nan,0,nan,0
549,2248704,40228.0,56.2,38.66,34.28,10,0.125,357,0.16526610644257703,241,46,135,13,47,0,0,27,-5.3376457955317855,17.00414937759336,-0.526625394821167,0.0,,-0.06263437145389616,28.530098485946656,-0.022418284416198732,6.9134375870227815,0.21430682557984254,0.506298828125,17.846211910247803,-1.862645149230957e-09,0.30631715059280396,0.00013172978505629476,-1.4250619411468506,5.093660354614258,2336,3.7420454025268555,1755,4.121034145355225,5,nan,0,nan,0
550,2252800,40301.4,56.1,38.81,34.26,10,0.125,93,0.13978494623655913,248,40,146,9,53,0,0,22,-4.920764632938825,16.713709677419356,-0.5803040266036987,0.0,,-0.06274299074430019,24.701367259025574,-0.026068997383117676,7.1685440838336945,0.23000457322050352,0.53095703125,14.855362176895142,-4.0745362639427185e-10,0.338273823261261,0.0001314227226202661,-1.4258966445922852,5.0797014236450195,2332,3.8115086555480957,1755,3.062843084335327,9,nan,0,nan,0
551,2256896,40375.0,56.1,38.77,34.25,10,0.125,339,0.14454277286135694,246,36,136,17,57,0,0,23,-5.51589158015329,16.491869918699187,-0.5890393257141113,0.0,,-0.06319413911551237,24.57006243467331,-0.029947000741958617,7.450114893913269,0.23342627091624307,0.5447265625,15.452579760551453,-2.270098775625229e-09,0.2912878394126892,0.00013111566018423744,-1.4269788265228271,5.219689846038818,2421,3.840641975402832,1670,2.9484524726867676,5,nan,0,nan,0
552,2260992,40448.3,56.2,38.56,34.28,10,0.125,70,0.08571428571428572,243,33,141,9,60,0,0,21,-5.543707835312816,16.987654320987655,-0.5998519062995911,0.0,,-0.06374737452715636,21.707153636217118,-0.034461593627929686,7.3572755515575405,0.253446589485975,0.51123046875,12.512421822547912,-1.862645149230957e-09,0.3186911940574646,0.00013080859774820878,-1.4282557964324951,5.262457370758057,2416,3.8351564407348633,1673,3.964559316635132,7,nan,0,nan,0
553,2265088,40521.7,56.1,38.69,34.29,10,0.125,311,0.15434083601286175,241,42,132,10,57,0,0,25,-5.411852787577874,16.639004149377595,-0.5534505844116211,0.0,,-0.07046252742875367,25.406445395946502,-0.040077030658721924,7.152751934528351,0.17548277958994732,0.480224609375,15.391738319396973,-9.89530235528946e-10,0.3567396402359009,0.00013050153531218012,-1.429744839668274,5.173188209533691,2402,3.8953499794006348,1688,6.043300151824951,6,nan,0,nan,0
554,2269184,40595.0,56.3,38.48,34.27,10,0.125,49,0.22448979591836735,250,45,136,12,57,0,0,26,-5.095350991921128,16.772,-0.5679105520248413,0.0,,-0.0699088980210945,25.30216418504715,-0.04557701349258423,7.063016057014465,0.42936577583022884,0.531884765625,12.701530718803406,-9.89530235528946e-10,0.3460693359375,0.00013019447287615147,-1.4309520721435547,5.091362953186035,2355,3.7729170322418213,1731,4.516999244689941,10,nan,0,nan,0
555,2273280,40667.8,56.6,38.1,34.3,10,0.125,290,0.13448275862068965,241,28,139,15,59,0,0,19,-4.95563173747026,16.639004149377595,-0.6259927153587341,0.0,,-0.05817863452248275,21.006170892715453,-0.049516701698303224,7.002729612588882,0.25549543227243704,0.52666015625,14.722173070907592,-1.4551915228366852e-09,0.30374324321746826,0.0001298874104401228,-1.4316864013671875,5.087364673614502,2328,3.894608497619629,1755,4.32919979095459,13,nan,0,nan,0
556,2277376,40741.4,56.0,38.91,34.27,10,0.125,15,0.3333333333333333,237,45,127,20,45,0,0,24,-5.289423215089822,17.383966244725737,-0.5194169878959656,0.0,,-0.06071317489258945,27.748656630516052,-0.05240810513496399,7.221525329351425,0.29107841042859944,0.520068359375,16.39590036869049,-2.735760062932968e-09,0.32886332273483276,0.00012958034800409415,-1.432444453239441,5.2266435623168945,2423,3.864668846130371,1662,2.4329679012298584,11,nan,0,nan,0
557,2281472,40814.6,56.4,38.41,34.26,10,0.125,263,0.17870722433460076,248,42,127,19,60,0,0,26,-5.3584084343330085,16.681451612903224,-0.5605008602142334,0.0,,-0.06522080062422901,27.9359654545784,-0.05558834075927734,7.304026812314987,0.2244614542607451,0.48330078125,19.86319136619568,-1.862645149230957e-09,0.3110566735267639,0.00012927328556806549,-1.4332995414733887,5.142570972442627,2406,3.971371650695801,1687,4.504967212677002,3,nan,0,nan,0
558,2285568,40888.0,56.2,38.65,34.28,10,0.125,505,0.1485148514851485,242,28,144,16,54,0,0,22,-5.293193404335217,16.764462809917354,-0.639003574848175,0.0,,-0.057148993387818335,20.984184944629668,-0.057866770029067996,7.061180591583252,0.2070235417864751,0.485400390625,16.574501967430116,-1.3969838619232178e-09,0.31971514225006104,0.00012896622313203683,-1.4333983659744263,5.081579208374023,2320,3.8549370765686035,1758,8.812420845031738,18,nan,0,nan,0
559,2289664,40961.2,56.3,38.5,34.31,10,0.125,243,0.17695473251028807,250,45,135,16,54,0,0,30,-5.276352916654965,16.628,-0.5592474937438965,0.0,,-0.05296360177453607,27.24873298406601,-0.058563584089279176,6.820915442705155,0.2036314767814474,0.507666015625,19.287973618507387,-1.3387762010097504e-09,0.3439374566078186,0.00012865916069600817,-1.433809757232666,4.987281799316406,2365,3.7780752182006836,1726,3.8120741844177246,5,nan,0,nan,0
560,2293760,41034.2,56.5,38.26,34.28,10,0.125,486,0.1748971193415638,243,42,130,14,57,0,0,26,-5.412469652519118,16.814814814814813,-0.5447458028793335,0.0,,-0.06844374281354249,26.230598068237306,-0.05989987254142761,7.198485088348389,0.256301961504505,0.53623046875,13.16762046813965,-6.402842700481415e-10,0.3166183829307556,0.0001283520982599795,-1.4341301918029785,5.122491836547852,2325,3.854001760482788,1767,3.3448877334594727,4,nan,0,nan,0
561,2297856,41107.4,56.3,38.48,34.27,10,0.125,215,0.13023255813953488,241,34,143,15,49,0,0,23,-5.388038283990916,16.771784232365146,-0.5825209617614746,0.0,,-0.06260598790831864,22.029087126255035,-0.061628174781799314,7.371604424715042,0.15568432832078544,0.477001953125,14.74826672077179,-1.9208528101444244e-09,0.3426892161369324,0.00012804503582395085,-1.4346117973327637,5.254192352294922,2320,3.895662784576416,1775,3.254521369934082,1,nan,0,nan,0
562,2301952,41181.1,56.0,38.92,34.25,10,0.125,462,0.15367965367965367,247,43,132,18,54,0,0,21,-5.360360013265427,16.793522267206477,-0.5517123937606812,0.0,,-0.06964092118432745,26.15260704755783,-0.06423581838607788,7.094225114583969,0.318442889227299,0.555419921875,13.165377378463745,-1.3969838619232178e-09,0.3230831027030945,0.00012773797338792219,-1.4355746507644653,5.133636474609375,2384,3.7824013233184814,1712,nan,0,nan,0,nan,0
563,2306048,41254.0,56.5,38.17,34.32,10,0.125,189,0.13227513227513227,239,33,143,12,51,0,0,18,-5.322288914452732,16.89958158995816,-0.5828786492347717,0.0,,-0.06979352995986118,23.52466768026352,-0.06834233403205872,7.267671394348144,0.23520883710007184,0.511474609375,13.845708632469178,-2.2118911147117615e-09,0.3153601288795471,0.00012743091095189353,-1.4365451335906982,5.182628631591797,2395,3.9358701705932617,1698,5.030357837677002,3,nan,0,nan,0
564,2310144,41327.9,55.8,39.06,34.31,10,0.125,437,0.16475972540045766,248,47,133,14,54,0,0,34,-5.7107895823189905,16.629032258064516,-0.5249260067939758,0.0,,-0.06936266128905118,27.466969621181487,-0.07252680063247681,7.190878558158874,0.31873007099784445,0.560986328125,12.629984617233276,-1.9208528101444244e-09,0.3392517566680908,0.00012712384851586487,-1.437654733657837,5.078552722930908,2473,3.804023027420044,1618,4.017557621002197,5,nan,0,nan,0
565,2314240,41400.8,56.5,38.21,34.31,10,0.125,166,0.15060240963855423,241,37,135,17,52,0,0,19,-6.0245997976149095,17.016597510373444,-0.5564169883728027,0.0,,-0.06644164882600308,26.728636062145235,-0.07737646698951721,7.324596154689789,0.3175156233017333,0.5501953125,13.99918475151062,-2.9103830456733704e-09,0.25500375032424927,0.0001268167860798362,-1.4390413761138916,5.157575607299805,2425,3.9171013832092285,1665,2.282331705093384,6,nan,0,nan,0
566,2318336,41474.3,56.1,38.67,34.28,10,0.125,408,0.14460784313725492,242,34,136,15,57,0,0,26,-5.371565208791284,17.06198347107438,-0.5914337635040283,0.0,,-0.06358242221176624,23.149685943126677,-0.08180631399154663,7.065708839893341,0.3552989707590314,0.56669921875,11.532151341438293,-1.4551915228366852e-09,0.309243381023407,0.00012650972364380755,-1.4396474361419678,5.084056854248047,2474,3.7551677227020264,1614,2.331122636795044,8,nan,0,nan,0
567,2322432,41547.3,56.5,38.24,34.28,10,0.125,134,0.20149253731343283,238,45,130,12,51,0,0,28,-5.484244121226526,17.096638655462186,-0.5134129524230957,0.0,,-0.06573152251075953,27.460809803009035,-0.08458980321884155,7.277774250507354,0.2913139878481161,0.53271484375,14.417137384414673,-1.6298145055770874e-09,0.30913621187210083,0.0001262026612077789,-1.440645456314087,5.267593860626221,2486,3.7437684535980225,1607,2.102306604385376,3,nan,0,nan,0
568,2326528,41621.1,55.9,39.02,34.26,10,0.125,373,0.18498659517426275,239,42,138,9,50,0,0,29,-5.330587126586594,17.06276150627615,-0.5400882959365845,0.0,,-0.0598664480028674,25.727059757709505,-0.0884865939617157,7.117504489421845,0.3125647163571557,0.570458984375,13.56144027709961,-1.2223608791828156e-09,0.31712502241134644,0.00012589559877175025,-1.4414645433425903,5.038228511810303,2419,3.877913236618042,1658,3.991314172744751,19,nan,0,nan,0
569,2330624,41694.8,55.9,38.96,34.28,10,0.125,103,0.20388349514563106,242,43,128,18,53,0,0,25,-5.11500275135925,16.85123966942149,-0.5334059596061707,0.0,,-0.06758221930358559,24.75737520456314,-0.09188466668128967,7.268111246824264,0.2689979505346855,0.52822265625,12.35756983757019,-2.153683453798294e-09,0.3337370753288269,0.0001255885363357216,-1.4425196647644043,5.231767654418945,2465,3.8865809440612793,1622,4.385501861572266,9,nan,0,nan,0
570,2334720,41767.9,56.4,38.29,34.32,10,0.125,353,0.1558073654390935,250,34,133,13,70,0,0,14,-5.51574437460747,16.568,-0.6039311289787292,0.0,,-0.05965303134871647,22.499118828773497,-0.09652978181838989,7.325547736883164,0.3194634329440305,0.5396484375,13.78832700252533,-2.0372681319713593e-09,0.29147833585739136,0.00012528147389969293,-1.4437061548233032,5.257638454437256,2455,3.8291590213775635,1630,2.9175546169281006,11,nan,0,nan,0
571,2338816,41841.5,56.0,38.86,34.27,10,0.125,83,0.13253012048192772,242,35,134,18,55,0,0,19,-5.563575332643282,16.876033057851238,-0.565386176109314,0.0,,-0.06136847455054521,23.86916424036026,-0.10180014967918397,7.074185538291931,0.27492266858753284,0.53896484375,13.579305052757263,-2.3283064365386963e-09,0.2869330644607544,0.00012497441146366427,-1.4452154636383057,5.130589962005615,2403,3.7696616649627686,1689,2.936119556427002,4,nan,0,nan,0
572,2342912,41914.6,56.4,38.33,34.27,10,0.125,324,0.16666666666666666,241,43,133,11,54,0,0,27,-5.378221035199713,16.87551867219917,-0.5291588306427002,0.0,,-0.07201850172132254,25.531475281715394,-0.10676431655883789,7.222907841205597,0.195918314755545,0.5115234375,12.739736461639405,-3.434251993894577e-09,0.3554774522781372,0.00012466734902763561,-1.4459924697875977,5.1636857986450195,2461,3.806042432785034,1626,5.037317276000977,9,nan,0,nan,0
573,2347008,41987.3,56.7,37.96,34.34,10,0.125,52,0.1346153846153846,240,38,125,14,63,0,0,20,-5.677961219558079,16.925,-0.5515148639678955,0.0,,-0.06163214601110667,25.769892716407774,-0.1100721538066864,7.231476700305938,1.9221996586798924,0.529833984375,15.12412781715393,-2.5029294192790985e-09,0.31187665462493896,0.00012436028659160695,-1.4470466375350952,5.326239585876465,2301,3.9475555419921875,1780,3.4665277004241943,15,nan,0,nan,0
574,2351104,42060.7,56.1,38.66,34.31,10,0.125,295,0.1288135593220339,243,31,144,15,53,0,0,23,-5.775177894073806,16.893004115226336,-0.5966513156890869,0.0,,-0.06547192189609632,20.756575602293015,-0.11491156816482544,6.968405652046203,0.17277580812515225,0.50029296875,13.608910012245179,-1.3387762010097504e-09,0.29712629318237305,0.0001240532241555783,-1.4483084678649902,5.120872497558594,2392,3.6790733337402344,1700,3.000645637512207,4,nan,0,nan,0
575,2355200,42133.8,56.4,38.39,34.25,10,0.125,23,0.043478260869565216,240,39,133,9,59,0,0,24,-4.9605240549062435,17.208333333333332,-0.5527878999710083,0.0,,-0.06844918397255242,24.547178959846498,-0.11917567849159241,7.143804550170898,0.2769713266403414,0.5357421875,12.409178185462952,-3.026798367500305e-09,0.3385263681411743,0.00012374616171954963,-1.449235200881958,5.138004779815674,2356,3.90222430229187,1733,3.120452404022217,7,nan,0,nan,0
576,2359296,42207.0,56.3,38.47,34.27,10,0.125,261,0.13026819923371646,238,33,142,9,54,0,0,17,-4.9680796573417325,17.281512605042018,-0.5638068914413452,0.0,,-0.05820944451261312,21.814315128326417,-0.12360493540763855,7.540528297424316,1.040795225839247,0.6140625,10.520798540115356,-1.8044374883174896e-09,0.35209977626800537,0.00012343909928352097,-1.450581669807434,5.251853942871094,2470,3.974134683609009,1615,3.3774378299713135,11,nan,0,nan,0
577,2363392,42280.3,56.2,38.56,34.3,10,0.125,505,0.15247524752475247,244,43,134,12,55,0,0,22,-5.383795174076799,16.741803278688526,-0.5382747650146484,0.0,,-0.06707688448950648,27.638841134309768,-0.1280295431613922,7.152814024686814,0.1981519223889336,0.508544921875,17.181210947036742,-2.3283064365386963e-09,0.3087621331214905,0.00012313203684749231,-1.4512252807617188,5.151041030883789,2356,3.8374338150024414,1733,4.088955402374268,7,nan,0,nan,0
578,2367488,42353.8,56.1,38.8,34.26,10,0.125,240,0.11666666666666667,247,29,145,14,59,0,0,13,-5.281362596661186,16.65182186234818,-0.6398403644561768,0.0,,-0.06674267428461463,20.24999671578407,-0.13060460090637208,7.314672231674194,0.24131053700984922,0.473828125,13.904594254493713,-3.026798367500305e-09,0.32495707273483276,0.00012282497441146365,-1.4520628452301025,5.284865856170654,2332,3.9228906631469727,1759,2.6310877799987793,5,nan,0,nan,0
579,2371584,42427.1,56.3,38.41,34.3,10,0.125,480,0.11041666666666666,240,25,134,17,64,0,0,16,-5.284680220130969,17.033333333333335,-0.619449257850647,0.0,,-0.060328931408002974,18.839881563186644,-0.13402705788612365,7.247981292009354,0.21531156070122962,0.524169921875,12.52046091556549,-6.402842700481415e-10,0.2795217037200928,0.000122517911975435,-1.4528474807739258,5.282717227935791,2407,3.7706141471862793,1685,3.203413963317871,4,nan,0,nan,0
580,2375680,42500.5,56.1,38.73,34.28,10,0.125,206,0.21359223300970873,238,51,114,13,60,0,0,35,-5.615208022564792,17.029411764705884,-0.4704224765300751,0.0,,-0.06108054285869002,29.665794491767883,-0.136898672580719,7.2953209400177,0.1634545782901114,0.44365234375,21.03917577266693,-1.862645149230957e-09,0.34482163190841675,0.00012221084953940634,-1.4536044597625732,5.303863525390625,2479,3.7852282524108887,1613,4.177064418792725,4,nan,0,nan,0
581,2379776,42573.4,56.5,38.18,34.31,10,0.125,445,0.1550561797752809,239,25,151,11,52,0,0,19,-6.027689201458542,17.297071129707113,-0.6288715600967407,0.0,,-0.06074272018740885,21.57564768791199,-0.139579701423645,7.538251143693924,0.17404468313616234,0.479638671875,17.17798297405243,-1.1059455573558807e-09,0.2759823799133301,0.00012190378710337768,-1.454026222229004,5.309648513793945,2287,3.9798336029052734,1800,8.221013069152832,9,nan,0,nan,0
582,2383872,42646.4,56.4,38.29,34.28,10,0.125,171,0.14619883040935672,238,40,131,12,55,0,0,26,-5.3622945867200125,16.80672268907563,-0.5363283157348633,0.0,,-0.0699601034168154,25.05713882446289,-0.14185788631439208,7.176380938291549,0.22430654482159298,0.5064453125,16.241764497756957,-2.270098775625229e-09,0.35899031162261963,0.00012159672466734902,-1.4549322128295898,5.211039066314697,2426,3.8256311416625977,1650,2.9251484870910645,20,nan,0,nan,0
583,2387968,42719.3,56.5,38.24,34.29,10,0.125,410,0.13902439024390245,239,32,132,21,54,0,0,20,-5.533319717611249,17.602510460251047,-0.5833209753036499,0.0,,-0.07007842101156711,23.340447819232942,-0.14666227698326112,7.549385923147201,0.2569832209585002,0.49287109375,14.882940649986267,-6.984919309616089e-10,0.25890153646469116,0.00012128966223132036,-1.4563101530075073,5.365349769592285,2382,3.911156415939331,1701,6.441983699798584,13,nan,0,nan,0
584,2392064,42792.3,56.4,38.25,34.31,10,0.125,142,0.1056338028169014,244,31,137,15,61,0,0,23,-5.654941015064293,16.881147540983605,-0.6101330518722534,0.0,,-0.06582853032741695,21.950304239988327,-0.151731938123703,7.280007648468017,0.23754111471062062,0.51611328125,13.491429948806763,-1.0477378964424133e-09,0.326255738735199,0.0001209825997952917,-1.457458734512329,5.178028106689453,2361,4.011536598205566,1722,4.629330635070801,13,nan,0,nan,0
585,2396160,42865.4,56.4,38.37,34.26,10,0.125,384,0.11197916666666667,242,28,139,12,63,0,0,18,-5.319184540761914,16.93801652892562,-0.6237061023712158,0.0,,-0.06254576495848596,19.790552425384522,-0.15653856992721557,6.900784361362457,0.2918318318697857,0.5607421875,11.189908504486084,-2.852175384759903e-09,0.3205443024635315,0.00012067553735926304,-1.4588618278503418,5.0031046867370605,2387,3.780505657196045,1701,4.622636795043945,8,nan,0,nan,0
586,2400256,42938.7,56.2,38.51,34.31,10,0.125,111,0.11711711711711711,239,36,132,7,64,0,0,23,-5.266040082148876,16.88702928870293,-0.5556974411010742,0.0,,-0.06369606025982648,23.31324541568756,-0.16275126338005066,7.333540612459183,0.3801273600111017,0.56318359375,11.56601185798645,-6.402842700481415e-10,0.3398376703262329,0.00012036847492323438,-1.4604251384735107,5.273371696472168,2440,3.852116584777832,1654,4.50534200668335,2,nan,0,nan,0
587,2404352,43011.6,56.5,38.17,34.32,10,0.125,357,0.13165266106442577,246,34,131,11,70,0,0,23,-5.286138817280383,16.548780487804876,-0.5880476236343384,0.0,,-0.06063301342073828,22.92654025554657,-0.16900317668914794,7.430528879165649,0.23901780268060974,0.53359375,12.745958614349366,-1.7462298274040222e-09,0.3381515145301819,0.00012006141248720572,-1.4621806144714355,5.331665992736816,2431,3.9807565212249756,1659,5.29337739944458,6,nan,0,nan,0
588,2408448,43084.6,56.5,38.24,34.29,10,0.125,93,0.10752688172043011,248,27,134,18,69,0,0,14,-5.218830115375518,16.45967741935484,-0.6319960355758667,0.0,,-0.06094598696799949,19.671370714902878,-0.1766445517539978,7.394631630182266,0.36203359832288695,0.533203125,13.097800517082215,-1.5133991837501526e-09,0.3113865256309509,0.00011975435005117706,-1.4639228582382202,5.277617931365967,2426,4.009164333343506,1665,6.076058387756348,5,nan,0,nan,0
589,2412544,43158.3,56.0,38.88,34.32,10,0.125,341,0.14076246334310852,248,38,141,17,52,0,0,30,-5.684284062438953,16.713709677419356,-0.5747295618057251,0.0,,-0.059354141168296334,25.285931515693665,-0.1820250153541565,7.302958452701569,0.33159669188025875,0.566748046875,13.694131350517273,-1.6880221664905548e-09,0.3029331564903259,0.0001194472876151484,-1.4649968147277832,5.09374475479126,2358,3.947206497192383,1729,3.8089070320129395,9,nan,0,nan,0
590,2416640,43231.5,56.3,38.51,34.28,10,0.125,70,0.15714285714285714,241,34,135,16,56,0,0,21,-5.133506095024025,17.12448132780083,-0.5835294723510742,0.0,,-0.06109786760061979,22.099328923225404,-0.18554338216781616,7.337272465229034,0.2800435694050975,0.53818359375,15.624980854988099,-9.313225746154785e-10,0.36891603469848633,0.00011914022517911974,-1.465583324432373,5.2489166259765625,2407,3.9328150749206543,1671,3.268972158432007,18,nan,0,nan,0
591,2420736,43304.5,56.4,38.29,34.31,10,0.125,320,0.16875,250,43,123,13,71,0,0,26,-5.779961363714209,16.336,-0.5430423617362976,0.0,,-0.0649887727224268,27.110696268081664,-0.18763245940208434,7.177465713024139,0.2643451232841471,0.520849609375,14.695460224151612,-1.6880221664905548e-09,0.2923312187194824,0.00011883316274309108,-1.466259241104126,5.155026435852051,2461,3.996351957321167,1621,2.4459311962127686,14,nan,0,nan,0
592,2424832,43377.8,56.2,38.55,34.27,10,0.125,57,0.08771929824561403,249,41,136,9,63,0,0,23,-5.770731435878119,16.51004016064257,-0.5483911633491516,0.0,,-0.06749018389964476,25.67551407814026,-0.19144531488418579,7.434569019079208,0.2830061182379723,0.47001953125,15.167355918884278,-2.3283064365386963e-09,0.33110111951828003,0.00011852610030706242,-1.467513084411621,5.236528396606445,2379,3.939753532409668,1697,5.556362152099609,20,nan,0,nan,0
593,2428928,43451.4,55.9,38.93,34.3,10,0.125,298,0.1644295302013423,241,44,135,11,51,0,0,27,-5.273154870035845,16.70124481327801,-0.5085978507995605,0.0,,-0.07312248046509921,26.381309020519257,-0.19678322076797486,7.216056048870087,1.0520636472210754,0.556298828125,12.710131740570068,-1.1641532182693481e-10,0.3012489080429077,0.00011821903787103376,-1.4688650369644165,5.164017200469971,2415,3.852738380432129,1676,2.5355725288391113,5,nan,0,nan,0
594,2433024,43525.0,56.0,38.89,34.26,10,0.125,38,0.18421052631578946,252,46,130,15,61,0,0,14,-5.363771945360875,16.53968253968254,-0.5292150378227234,0.0,,-0.07274376500863582,27.5885871887207,-0.20205942392349244,7.219756990671158,0.3104021649167407,0.53759765625,14.334812021255493,-1.280568540096283e-09,0.31716781854629517,0.0001179119754350051,-1.470012903213501,5.173409461975098,2361,3.81355881690979,1732,3.2899773120880127,3,nan,0,nan,0
595,2437120,43598.1,56.4,38.3,34.3,10,0.125,270,0.17777777777777778,232,41,124,14,53,0,0,25,-5.503959938610496,17.400862068965516,-0.5002055168151855,0.0,,-0.06753136299084872,26.26152676343918,-0.20624467134475707,7.478778141736984,0.20663581169501413,0.5017578125,13.493380236625672,-6.984919309616089e-10,0.3112885355949402,0.00011760491299897644,-1.471234917640686,5.284355163574219,2462,3.936189651489258,1634,nan,0,nan,0,nan,0
596,2441216,43671.5,56.2,38.58,34.31,10,0.125,2,0.0,244,40,125,16,63,0,0,20,-5.373098575463355,16.774590163934427,-0.5460851192474365,0.0,,-0.06797065313439817,24.57122007608414,-0.21171510815620423,7.292311865091324,0.27855904133466536,0.55390625,15.630632257461547,-7.566995918750763e-10,0.3544853925704956,0.00011729785056294778,-1.4724456071853638,5.186902046203613,2422,3.9225761890411377,1671,2.3437774181365967,3,nan,0,nan,0
597,2445312,43745.0,56.1,38.78,34.29,10,0.125,246,0.15040650406504066,244,37,130,16,61,0,0,24,-4.9725573344830485,16.85655737704918,-0.5661616921424866,0.0,,-0.05172761434223503,24.8955282330513,-0.216668963432312,6.854331481456756,0.3744846754503669,0.5955078125,14.76569435596466,-1.1059455573558807e-09,0.31425756216049194,0.00011699078812691912,-1.473799467086792,4.95003080368042,2388,3.8457396030426025,1692,3.5400915145874023,16,nan,0,nan,0
598,2449408,43818.4,56.2,38.62,34.25,10,0.125,484,0.14049586776859505,238,31,140,13,54,0,0,19,-4.9621223885658745,17.18487394957983,-0.584417998790741,0.0,,-0.0649150287732482,21.14713352918625,-0.22177316546440123,7.261975735425949,0.1912103423499502,0.514404296875,11.724040603637695,-1.862645149230957e-09,0.3356236219406128,0.00011668372569089046,-1.475064992904663,5.178224563598633,2351,3.903571367263794,1739,4.449060916900635,6,nan,0,nan,0
599,2453504,43891.6,56.2,38.53,34.31,10,0.125,220,0.15454545454545454,248,39,122,18,69,0,0,25,-5.2094854244037485,16.629032258064516,-0.5648362636566162,0.0,,-0.06535724098794163,24.19524438381195,-0.22672247290611267,7.280855268239975,0.25309582668414804,0.535107421875,12.859308171272279,-1.9208528101444244e-09,0.34686827659606934,0.0001163766632548618,-1.4761412143707275,5.216888904571533,2344,4.015160083770752,1741,3.842211961746216,11,nan,0,nan,0
600,2457600,43964.8,56.3,38.45,34.31,10,0.125,462,0.15584415584415584,242,38,135,18,51,0,0,27,-5.299246049035381,16.946280991735538,-0.5419941544532776,0.0,,-0.06274227767717093,24.62110447883606,-0.23168327808380126,7.1875376343727115,0.30071550471766384,0.524365234375,14.543634819984437,-1.1059455573558807e-09,0.3232383131980896,0.00011606960081883314,-1.477715015411377,5.163082599639893,2461,3.7765088081359863,1631,3.4256577491760254,4,nan,0,nan,0
601,2461696,44038.4,56.1,38.74,34.28,10,0.125,200,0.11,250,30,136,16,68,0,0,18,-5.086048459084378,16.148,-0.6135443449020386,0.0,,-0.06153932217275724,20.60665256381035,-0.2377918004989624,6.950611186027527,0.2657840618514456,0.505224609375,14.320621585845947,-2.2118911147117615e-09,0.3081292510032654,0.00011576253838280448,-1.4790781736373901,5.094019412994385,2372,3.7867279052734375,1723,5.021397590637207,1,nan,0,nan,0
602,2465792,44111.1,56.7,38.0,34.3,10,0.125,440,0.14545454545454545,240,42,139,14,45,0,0,26,-5.2747038955694565,17.408333333333335,-0.5260298848152161,0.0,,-0.06376565881073475,28.359411299228668,-0.24192057847976683,7.267246019840241,0.23451505251869093,0.488916015625,19.011744928359985,-1.4551915228366852e-09,0.3203117251396179,0.00011545547594677582,-1.479754090309143,5.2493896484375,2346,3.8628416061401367,1748,6.953619956970215,2,nan,0,nan,0
603,2469888,44184.7,56.0,38.8,34.29,10,0.125,160,0.15625,232,42,128,16,46,0,0,28,-5.619199730616915,17.478448275862068,-0.49244678020477295,0.0,,-0.06461092203389854,26.893572533130644,-0.2440199077129364,7.204338884353637,0.8971451521763811,0.49599609375,13.936097621917725,-1.3387762010097504e-09,0.3195981979370117,0.00011514841351074716,-1.480151891708374,5.175358772277832,2402,3.8244290351867676,1681,4.392513751983643,13,nan,0,nan,0
604,2473984,44258.3,56.0,38.88,34.27,10,0.125,400,0.165,240,41,131,13,55,0,0,26,-5.142353965979855,17.058333333333334,-0.5236365795135498,0.0,,-0.07223685791250319,24.612579572200776,-0.2458215296268463,7.046864795684814,0.22076399285288062,0.4845703125,13.354480290412903,-1.4551915228366852e-09,0.34262192249298096,0.0001148413510747185,-1.4808034896850586,5.097376823425293,2407,3.7648727893829346,1685,2.687863826751709,4,nan,0,nan,0
605,2478080,44331.0,56.7,37.99,34.29,10,0.125,127,0.14960629921259844,239,39,135,8,57,0,0,22,-5.236869815429686,17.03347280334728,-0.5280071496963501,0.0,,-0.061167187173850834,25.275382387638093,-0.24892566800117494,7.208893769979477,0.2919389022135874,0.5234375,14.027201724052428,-2.6193447411060333e-09,0.3227124810218811,0.00011453428863868984,-1.481668472290039,5.172515869140625,2361,3.8392696380615234,1731,3.9725611209869385,4,nan,0,nan,0
606,2482176,44404.6,56.0,38.86,34.31,10,0.125,371,0.15902964959568733,244,40,147,12,45,0,0,26,-4.999865623007972,16.950819672131146,-0.5386121869087219,0.0,,-0.06574874487705529,25.2407474398613,-0.2524755120277405,6.660045790672302,0.4376524537015939,0.5439453125,12.255683708190919,-2.0372681319713593e-09,0.301189661026001,0.00011422722620266118,-1.4824427366256714,4.930161476135254,2421,3.6637156009674072,1668,3.106482744216919,7,nan,0,nan,0
607,2486272,44478.0,56.1,38.69,34.29,10,0.125,99,0.20202020202020202,240,40,128,12,60,0,0,23,-5.316092067091718,16.991666666666667,-0.5317287445068359,0.0,,-0.06912720781983808,24.91282424926758,-0.2555448651313782,7.015331047773361,0.4929688990319846,0.50419921875,16.63263943195343,-2.9685907065868378e-09,0.35549819469451904,0.00011392016376663256,-1.483349084854126,5.113872051239014,2435,3.7738263607025146,1654,3.822983980178833,7,nan,0,nan,0
608,2490368,44550.8,56.6,38.04,34.32,10,0.125,342,0.16374269005847952,243,36,127,19,61,0,0,22,-5.424666715129063,16.843621399176953,-0.5555006265640259,0.0,,-0.06694356696680188,23.957798540592194,-0.2597016990184784,7.201481300592422,0.2744341456244001,0.52880859375,12.646948838233948,-1.4551915228366852e-09,0.33071041107177734,0.0001136131013306039,-1.4844138622283936,5.186453819274902,2445,3.8480448722839355,1651,nan,0,nan,0,nan,0
609,2494464,44624.1,56.2,38.65,34.28,10,0.125,71,0.1267605633802817,241,38,133,10,60,0,0,16,-5.405120899345152,16.991701244813278,-0.541077733039856,0.0,,-0.06350829773582518,24.898656767606735,-0.2636423230171204,6.977205497026444,0.22141826176084578,0.47451171875,15.337895178794861,-2.2118911147117615e-09,0.30409663915634155,0.00011330603889457524,-1.48543119430542,5.070364475250244,2345,3.765638589859009,1750,4.838156700134277,1,nan,0,nan,0
610,2498560,44697.5,56.2,38.62,34.3,10,0.125,313,0.16932907348242812,242,44,132,15,51,0,0,17,-5.222518974376293,16.81404958677686,-0.5269994139671326,0.0,,-0.06778411683626473,26.936109697818758,-0.26782422661781313,6.9093719005584715,0.6552921508438885,0.530224609375,14.851099276542664,-1.6298145055770874e-09,0.28969281911849976,0.00011299897645854658,-1.4863780736923218,5.1089768409729,2341,3.762209892272949,1754,1.8106523752212524,1,nan,0,nan,0
611,2502656,44770.7,56.4,38.38,34.31,10,0.125,44,0.13636363636363635,243,36,142,17,48,0,0,21,-5.36158235979445,17.020576131687243,-0.5637844800949097,0.0,,-0.06290966977830977,22.61143364906311,-0.2711823403835297,6.8694097876548765,0.26248707480262967,0.52490234375,14.274296927452088,-1.862645149230957e-09,0.3410642743110657,0.00011269191402251792,-1.4871214628219604,5.0957794189453125,2448,3.734675407409668,1645,1.310796856880188,3,nan,0,nan,0
612,2506752,44844.4,55.9,39.0,34.29,10,0.125,284,0.16549295774647887,240,41,139,10,50,0,0,21,-5.464625059138892,17.154166666666665,-0.5163851976394653,0.0,,-0.06053916751407087,25.126013481616972,-0.2738178074359894,7.011334890127182,0.3035296585498145,0.5564453125,12.925419545173645,-2.153683453798294e-09,0.3282299041748047,0.00011238485158648926,-1.4878116846084595,5.095619201660156,2481,3.694800853729248,1614,2.9480342864990234,1,nan,0,nan,0
613,2510848,44917.5,56.4,38.38,34.29,10,0.125,13,0.23076923076923078,241,46,137,11,47,0,0,26,-5.272742674920768,17.03734439834025,-0.5063827633857727,0.0,,-0.07226154569070786,26.083980631828307,-0.27748277187347414,7.0929709613323215,0.2005365043063648,0.5099609375,13.85850989818573,-1.280568540096283e-09,0.37423813343048096,0.0001120777891504606,-1.4889079332351685,5.153224945068359,2361,3.819476842880249,1729,4.230970859527588,6,nan,0,nan,0
614,2514944,44990.9,56.1,38.7,34.33,10,0.125,253,0.18181818181818182,240,43,126,11,60,0,0,23,-5.663974288792267,16.741666666666667,-0.5237084627151489,0.0,,-0.06779569839127361,28.095094335079192,-0.2813888072967529,7.110861217975616,0.5188116406439803,0.51865234375,18.185582542419432,-1.6298145055770874e-09,0.31872284412384033,0.00011177072671443194,-1.4896862506866455,5.060672760009766,2487,3.954394578933716,1606,4.002809524536133,3,nan,0,nan,0
615,2519040,45064.3,56.2,38.61,34.31,10,0.125,501,0.1656686626746507,248,37,144,11,56,0,0,20,-5.429487661530627,16.677419354838708,-0.578885555267334,0.0,,-0.06725957710295916,24.783284461498262,-0.28506405353546144,7.044203567504883,0.7333181964495452,0.51435546875,14.413098287582397,-1.57160684466362e-09,0.2972164750099182,0.00011146366427840328,-1.4907978773117065,5.10557746887207,2305,3.806872606277466,1782,3.1657700538635254,9,nan,0,nan,0
616,2523136,45137.6,56.2,38.55,34.31,10,0.125,228,0.13157894736842105,239,30,138,7,64,0,0,18,-5.120639735960455,16.87866108786611,-0.5824651718139648,0.0,,-0.06489154417067766,20.271317195892333,-0.2886404037475586,7.159446275234222,0.3199159816489555,0.52431640625,13.060034728050232,-2.153683453798294e-09,0.3522902727127075,0.00011115660184237462,-1.4915759563446045,5.2460618019104,2337,3.8957135677337646,1756,4.118741512298584,3,nan,0,nan,0
617,2527232,45210.8,56.3,38.47,34.3,10,0.125,472,0.1419491525423729,244,37,142,11,54,0,0,23,-5.408540183596701,17.10655737704918,-0.5705829858779907,0.0,,-0.07227786933071911,24.39714230298996,-0.29331004023551943,7.124375867843628,0.22502556606195867,0.52646484375,13.796998429298402,-1.7462298274040222e-09,0.33740830421447754,0.00011084953940634596,-1.493090271949768,5.178349018096924,2349,3.831813335418701,1736,4.052907943725586,11,nan,0,nan,0
618,2531328,45284.3,56.0,38.81,34.32,10,0.125,199,0.1708542713567839,239,41,131,13,54,0,0,23,-5.110277155880222,17.205020920502093,-0.5253651142120361,0.0,,-0.06899315526243299,26.092740523815156,-0.2987122416496277,7.284069019556045,0.2264765742031159,0.502880859375,17.23840765953064,-2.153683453798294e-09,0.33323174715042114,0.0001105424769703173,-1.4940744638442993,5.1878342628479,2482,3.9559004306793213,1608,2.6234357357025146,6,nan,0,nan,0
619,2535424,45357.7,56.2,38.57,34.32,10,0.125,441,0.17006802721088435,242,41,128,15,58,0,0,29,-5.509235470662147,16.805785123966942,-0.5209667682647705,0.0,,-0.06832240542862564,26.175785970687866,-0.30149226188659667,6.980389434099197,0.2888890318776248,0.5431640625,13.581651639938354,-1.3387762010097504e-09,0.31139326095581055,0.00011023541453428864,-1.494610071182251,5.1915059089660645,2424,3.7414612770080566,1666,2.732691764831543,6,nan,0,nan,0
620,2539520,45430.7,56.4,38.3,34.3,10,0.125,179,0.16201117318435754,250,45,127,15,63,0,0,34,-5.299770285506623,16.264,-0.5268186926841736,0.0,,-0.06746705644764006,26.005328011512756,-0.3040959894657135,7.239903390407562,0.21727501603018026,0.482666015625,16.364429974555968,-1.4551915228366852e-09,0.33302319049835205,0.00010992835209825998,-1.4954098463058472,5.283561706542969,2357,3.917579412460327,1738,2.077756404876709,1,nan,0,nan,0
621,2543616,45504.4,56.0,38.89,34.3,10,0.125,417,0.18465227817745802,238,48,128,9,53,0,0,29,-4.982188376545955,17.205882352941178,-0.47456544637680054,0.0,,-0.07175440985010936,27.199517846107483,-0.30787419676780703,7.035625255107879,0.24158825967169834,0.528271484375,13.226306748390197,-2.0372681319713593e-09,0.37699007987976074,0.00010962128966223132,-1.4964841604232788,5.104609489440918,2443,3.824564218521118,1651,4.552715301513672,2,nan,0,nan,0
622,2547712,45577.9,56.0,38.77,34.34,10,0.125,143,0.1258741258741259,238,37,140,18,43,0,0,21,-5.472816604901936,17.294117647058822,-0.532332181930542,0.0,,-0.0642119925818406,24.57366951704025,-0.31229249238967893,7.137302052974701,0.1867673786386149,0.49794921875,16.053994941711426,-1.4551915228366852e-09,0.32631343603134155,0.00010931422722620266,-1.4975545406341553,5.152831077575684,2412,3.8245301246643066,1669,3.39970326423645,15,nan,0,nan,0
623,2551808,45651.0,56.4,38.29,34.3,10,0.125,392,0.14030612244897958,249,37,134,18,60,0,0,28,-5.3055435815578,16.546184738955823,-0.5648725032806396,0.0,,-0.06658737489487976,24.46692451238632,-0.3160339415073395,7.066334289312363,0.27793708971294107,0.506005859375,15.046399450302124,-8.731149137020111e-10,0.30042731761932373,0.000109007164790174,-1.4984506368637085,5.082764625549316,2330,3.8511247634887695,1761,4.184330463409424,5,nan,0,nan,0
624,2555904,45724.2,56.2,38.53,34.29,10,0.125,118,0.1864406779661017,238,37,127,14,60,0,0,27,-5.751880163794196,17.113445378151262,-0.5371556282043457,0.0,,-0.06549494159407913,24.953685534000396,-0.3202105462551117,7.246415829658508,0.23063622513436713,0.51787109375,16.44036900997162,-6.402842700481415e-10,0.35770827531814575,0.00010870010235414534,-1.4994957447052002,5.242642402648926,2485,3.9009222984313965,1602,4.098651885986328,9,nan,0,nan,0
625,2560000,45797.0,56.7,37.93,34.33,10,0.125,358,0.19273743016759776,240,47,132,11,50,0,0,27,-5.533910879110135,17.095833333333335,-0.4762493968009949,0.0,,-0.06973157797474414,28.346670174598692,-0.32397803068161013,6.921569848060608,0.13090381685469765,0.45849609375,18.36254358291626,-1.0477378964424133e-09,0.3330913186073303,0.00010839303991811668,-1.5004888772964478,5.133509635925293,2314,3.7477195262908936,1782,nan,0,nan,0,nan,0
626,2564096,45870.3,56.2,38.55,34.31,10,0.125,79,0.16455696202531644,233,31,135,14,53,0,0,18,-5.052451565534438,17.665236051502145,-0.5778062343597412,0.0,,-0.0672630796325393,21.960016578435898,-0.3286119520664215,7.205803894996643,0.16146720501128584,0.444482421875,16.75646059513092,-2.3283064365386963e-09,0.3513484597206116,0.00010808597748208802,-1.501839280128479,5.25179386138916,2348,4.0162482261657715,1740,4.378376483917236,8,nan,0,nan,0
627,2568192,45943.1,56.6,38.02,34.3,10,0.125,325,0.16923076923076924,246,42,119,12,73,0,0,27,-5.54686146124593,16.53252032520325,-0.5277442932128906,0.0,,-0.06810206692898646,27.064618504047395,-0.3338191568851471,7.232472199201584,0.37850528276176193,0.4970703125,14.565366625785828,-1.3387762010097504e-09,0.3331257700920105,0.00010777891504605936,-1.502952218055725,5.291723728179932,2446,3.8292956352233887,1631,3.1466808319091797,19,nan,0,nan,0
628,2572288,46016.4,56.2,38.55,34.32,10,0.125,54,0.16666666666666666,241,31,144,16,50,0,0,20,-5.757060072559678,17.112033195020746,-0.5800857543945312,0.0,,-0.06259127327939495,21.848860734701155,-0.3386807024478912,7.087456494569778,0.1768194341886556,0.4783203125,15.02629554271698,-1.2223608791828156e-09,0.2714177966117859,0.0001074718526100307,-1.5043742656707764,5.207634449005127,2355,3.8401131629943848,1732,5.613582134246826,9,nan,0,nan,0
629,2576384,46089.5,56.3,38.37,34.33,10,0.125,301,0.18604651162790697,247,47,129,12,59,0,0,21,-5.258788240713419,16.700404858299596,-0.5178675651550293,0.0,,-0.06659502014517785,28.280986845493317,-0.34309019446372985,7.174445807933807,0.1755106498778332,0.47119140625,17.25116147994995,-1.0477378964424133e-09,0.3381693959236145,0.00010716479017400204,-1.5050619840621948,5.164169788360596,2377,3.877906084060669,1711,5.8898749351501465,8,nan,0,nan,0
630,2580480,46162.7,56.4,38.33,34.31,10,0.125,21,0.09523809523809523,232,42,137,7,46,0,0,24,-5.273553507735572,17.32758620689655,-0.5045967698097229,0.0,,-0.07226795059395955,25.867623722553255,-0.3458657801151276,6.8870766937732695,0.2317403049877612,0.49326171875,13.313743543624877,-7.566995918750763e-10,0.3835257887840271,0.00010685772773797338,-1.5058865547180176,5.030094623565674,2301,3.8438446521759033,1769,4.884368419647217,26,nan,0,nan,0
631,2584576,46236.0,56.2,38.56,34.32,10,0.125,263,0.1520912547528517,242,38,134,10,60,0,0,19,-5.491214638634461,17.00413223140496,-0.5214803218841553,0.0,,-0.06590882958844305,25.616700339317322,-0.3495842397212982,7.030978643894196,0.23178390780522024,0.527099609375,12.92789855003357,-6.402842700481415e-10,0.2965940237045288,0.00010655066530194472,-1.5068442821502686,5.202144622802734,2360,3.8528828620910645,1730,3.5653393268585205,6,nan,0,nan,0
632,2588672,46309.2,56.3,38.47,34.3,10,0.125,503,0.14910536779324055,240,35,135,15,55,0,0,19,-5.1641438429121544,16.995833333333334,-0.5544615983963013,0.0,,-0.06743276668712497,23.154911386966706,-0.353212434053421,6.933583086729049,0.23605959603155496,0.504296875,14.757190537452697,-2.0372681319713593e-09,0.2890854477882385,0.00010624360286591606,-1.507664442062378,5.152566909790039,2294,3.7897634506225586,1801,2.9518651962280273,1,nan,0,nan,0
633,2592768,46382.3,56.3,38.38,34.3,10,0.125,233,0.19313304721030042,242,46,135,8,53,0,0,29,-5.595180342603574,16.921487603305785,-0.4932841360569,0.0,,-0.06550614255247637,27.771265518665313,-0.3570052146911621,7.144031822681427,0.24163752461900004,0.501025390625,17.37631301879883,-1.5133991837501526e-09,0.3474445939064026,0.0001059365404298874,-1.5087778568267822,5.125296115875244,2422,3.849445343017578,1665,2.345062494277954,9,nan,0,nan,0
634,2596864,46455.4,56.4,38.32,34.33,10,0.125,475,0.1705263157894737,242,36,137,16,53,0,0,20,-4.938427679375809,16.962809917355372,-0.5673263669013977,0.0,,-0.05900343684479594,21.939687591791152,-0.36098283529281616,7.081429868936539,0.27792131541937126,0.53837890625,14.537611174583436,-1.9208528101444244e-09,0.35647785663604736,0.00010562947799385874,-1.5095784664154053,5.216587066650391,2294,3.8692755699157715,1795,3.6568610668182373,7,nan,0,nan,0
635,2600960,46528.5,56.4,38.34,34.32,10,0.125,205,0.14634146341463414,242,31,131,16,64,0,0,18,-5.315150801946568,17.074380165289256,-0.5738330483436584,0.0,,-0.06521194480592385,22.483986258506775,-0.36384586095809934,7.231833750009537,0.21952127417025621,0.538037109375,14.995031595230103,-1.1059455573558807e-09,0.29515475034713745,0.00010532241555783007,-1.510286569595337,5.184365272521973,2352,4.032587051391602,1738,2.519282579421997,6,nan,0,nan,0
636,2605056,46601.6,56.4,38.26,34.31,10,0.125,441,0.14512471655328799,236,34,138,16,48,0,0,23,-5.1566115910261106,17.10593220338983,-0.5532389283180237,0.0,,-0.06565320887602866,23.03261504173279,-0.3667365550994873,6.843384563922882,0.18251138314954005,0.5025390625,14.13435652256012,-1.979060471057892e-09,0.3205518126487732,0.00010501535312180141,-1.5110888481140137,5.093230724334717,2356,3.718842029571533,1734,3.0949976444244385,6,nan,0,nan,0
637,2609152,46675.0,56.1,38.74,34.32,10,0.125,168,0.11904761904761904,239,35,139,12,53,0,0,20,-4.981518920109609,17.313807531380753,-0.5615700483322144,0.0,,-0.06543930008774623,20.634634065628052,-0.3693754136562347,6.915208727121353,0.29142617809120563,0.531396484375,12.40320565700531,-3.0850060284137726e-09,0.3659377694129944,0.00010470829068577275,-1.5114904642105103,5.133858680725098,2381,3.753380298614502,1710,1.9492225646972656,5,nan,0,nan,0
638,2613248,46748.6,56.0,38.84,34.3,10,0.125,408,0.14705882352941177,240,40,131,21,48,0,0,29,-4.856864593357951,17.0875,-0.532190203666687,0.0,,-0.06435089327278547,23.329044127464293,-0.37117359042167664,6.811899942159653,0.26099299801862796,0.52724609375,12.447059392929077,-1.0477378964424133e-09,0.3918379545211792,0.00010440122824974409,-1.5120866298675537,5.082066535949707,2371,3.775641441345215,1719,3.3178508281707764,6,nan,0,nan,0
639,2617344,46822.1,56.1,38.79,34.28,10,0.125,138,0.17391304347826086,242,41,139,9,53,0,0,27,-4.99211606970886,17.045454545454547,-0.5306810736656189,0.0,,-0.06810477164690383,24.658236920833588,-0.3734190106391907,7.050315254926682,0.29531238358467815,0.54912109375,13.003321290016174,-1.862645149230957e-09,0.36353468894958496,0.00010409416581371543,-1.5125828981399536,5.1470232009887695,2406,3.89713191986084,1686,2.429025650024414,4,nan,0,nan,0
640,2621440,46895.4,56.3,38.48,34.33,10,0.125,378,0.17195767195767195,240,41,130,17,52,0,0,22,-4.938274604146587,17.045833333333334,-0.5273815393447876,0.0,,-0.05924741956405342,23.44636199474335,-0.3756164968013763,6.793645650148392,0.29723664570192343,0.53994140625,12.181020855903625,-1.8044374883174896e-09,0.37210971117019653,0.00010378710337768677,-1.5132555961608887,4.996901512145996,2311,3.8358852863311768,1779,3.3603506088256836,6,nan,0,nan,0
641,2625536,46968.4,56.5,38.25,34.3,10,0.125,103,0.1553398058252427,237,35,143,11,48,0,0,21,-5.272248593205337,17.135021097046412,-0.5504300594329834,0.0,,-0.0684519401518628,23.736833035945892,-0.3795163810253143,7.27677606344223,0.4097465245693456,0.53095703125,11.50694499015808,-1.0477378964424133e-09,0.32634246349334717,0.00010348004094165811,-1.5145001411437988,5.174864292144775,2285,4.0153093338012695,1808,5.3425140380859375,3,nan,0,nan,0
642,2629632,47041.9,56.1,38.68,34.33,10,0.125,343,0.14868804664723032,240,35,147,15,43,0,0,24,-5.184551139543031,17.091666666666665,-0.5591169595718384,0.0,,-0.06926999884890392,22.90141831636429,-0.3841740071773529,7.061203157901764,0.24117734821047634,0.49599609375,14.365294265747071,-1.7462298274040222e-09,0.3684161305427551,0.00010317297850562945,-1.5154597759246826,5.101613998413086,2350,3.8820745944976807,1746,nan,0,nan,0,nan,0
643,2633728,47114.8,56.5,38.12,34.32,10,0.125,65,0.18461538461538463,234,36,135,17,46,0,0,20,-4.995963138265853,17.418803418803417,-0.532624363899231,0.0,,-0.06600331999361515,23.965566682815552,-0.3877237319946289,7.3093854367733,0.23996619968093,0.505322265625,13.731416654586791,-1.1641532182693481e-10,0.317035973072052,0.00010286591606960079,-1.516327142715454,5.257614612579346,2401,3.8624675273895264,1684,7.197117328643799,11,nan,0,nan,0
644,2637824,47187.7,56.5,38.12,34.32,10,0.125,310,0.13548387096774195,245,30,133,11,71,0,0,17,-5.9151639964473715,16.73061224489796,-0.6006377935409546,0.0,,-0.06969591786619275,21.84978029727936,-0.39198002219200134,7.19564111828804,0.19490700947353617,0.483740234375,12.097366738319398,-2.3283064365386963e-09,0.2970075011253357,0.00010255885363357213,-1.5177068710327148,5.1203484535217285,2247,4.057958602905273,1829,4.003417491912842,20,nan,0,nan,0
645,2641920,47261.1,56.2,38.57,34.33,10,0.125,35,0.2,237,39,131,15,52,0,0,26,-5.11307057981801,17.21518987341772,-0.5209563970565796,0.0,,-0.06643054273445159,22.955140882730483,-0.3971788823604584,7.184929198026657,0.2546762348560151,0.53408203125,14.495401072502137,-1.6298145055770874e-09,0.37799322605133057,0.00010225179119754347,-1.5187681913375854,5.225828170776367,2388,3.97786283493042,1703,4.399893760681152,5,nan,0,nan,0
646,2646016,47334.5,56.1,38.65,34.31,10,0.125,272,0.14705882352941177,237,33,141,12,51,0,0,20,-5.851777587556895,17.459915611814345,-0.5418053269386292,0.0,,-0.05973197633866221,22.43525184392929,-0.40130321979522704,7.205912220478058,0.2760693350806832,0.5306640625,14.569200205802918,-1.979060471057892e-09,0.330894410610199,0.00010194472876151485,-1.5198575258255005,5.2533063888549805,2446,3.8193962574005127,1642,2.9178450107574463,8,nan,0,nan,0
647,2650112,47407.8,56.3,38.5,34.32,10,0.125,506,0.16205533596837945,234,42,129,20,43,0,0,29,-5.02670760369044,17.47008547008547,-0.5084895491600037,0.0,,-0.06057818219996989,25.585043942928316,-0.4061680197715759,6.944274723529816,0.259893441668828,0.521240234375,15.119777035713195,-2.270098775625229e-09,0.37463051080703735,0.00010163766632548619,-1.5211105346679688,5.031331539154053,2381,3.846869945526123,1710,3.5127780437469482,5,nan,0,nan,0
648,2654208,47481.1,56.2,38.48,34.34,10,0.125,230,0.16956521739130434,236,39,139,8,50,0,0,22,-5.225383564822629,17.385593220338983,-0.5334030389785767,0.0,,-0.06232243343256414,24.01574974656105,-0.41076183319091797,6.987167829275132,0.3186604595481185,0.48984375,15.13094220161438,-1.6880221664905548e-09,0.35763055086135864,0.00010133060388945753,-1.522156000137329,5.116248607635498,2322,4.0030388832092285,1760,4.492672443389893,14,nan,0,nan,0
649,2658304,47554.2,56.4,38.31,34.33,10,0.125,469,0.17697228144989338,239,44,124,12,59,0,0,23,-5.059226613564099,17.271966527196653,-0.5091181993484497,0.0,,-0.0732725196518004,27.327837693691254,-0.41483754515647886,7.189375811815262,0.2763272566982778,0.472412109375,14.508985233306884,-5.238689482212067e-10,0.34760433435440063,0.00010102354145342887,-1.5233368873596191,5.274017810821533,2410,4.026048183441162,1678,3.2748076915740967,8,nan,0,nan,0
650,2662400,47627.4,56.3,38.38,34.34,10,0.125,191,0.14136125654450263,234,31,141,10,52,0,0,23,-4.9537375116648,17.252136752136753,-0.561734139919281,0.0,,-0.06764228232204914,21.439696264266967,-0.4196669340133667,7.145132511854172,0.1878945502656279,0.467138671875,14.5889808177948,-4.0745362639427185e-10,0.34711581468582153,0.00010071647901740021,-1.5244052410125732,5.1913042068481445,2397,3.8774495124816895,1682,3.0933139324188232,17,nan,0,nan,0
651,2666496,47700.6,56.3,38.36,34.33,10,0.125,432,0.1574074074074074,241,41,129,16,55,0,0,21,-5.424706252519901,17.244813278008298,-0.5184719562530518,0.0,,-0.0682142258854583,23.473314756155013,-0.4235237240791321,7.040587562322616,0.21014031166560015,0.49501953125,14.850704407691955,-2.561137080192566e-09,0.3596563935279846,0.00010040941658137155,-1.5252354145050049,5.076138973236084,2427,3.839848518371582,1663,2.9200336933135986,6,nan,0,nan,0
652,2670592,47773.3,56.7,37.93,34.33,10,0.125,150,0.15333333333333332,230,40,117,17,56,0,0,24,-5.668512687045182,17.5,-0.49026820063591003,0.0,,-0.06353964185109362,26.575225436687468,-0.42643364071846007,7.387893211841583,0.14920789769967086,0.434765625,19.51293363571167,-2.2118911147117615e-09,0.3219454884529114,0.00010010235414534289,-1.52591872215271,5.279463768005371,2374,3.9316790103912354,1712,4.120394229888916,10,nan,0,nan,0
653,2674688,47846.8,56.2,38.6,34.34,10,0.125,387,0.17054263565891473,237,43,132,13,49,0,0,24,-5.018511806945704,17.430379746835442,-0.49955981969833374,0.0,,-0.07170222087297588,27.099834179878236,-0.42969141602516175,7.039717340469361,0.23013581704872194,0.50048828125,15.113342761993408,-2.0372681319713593e-09,0.35768622159957886,9.979529170931423e-05,-1.5268833637237549,5.037445545196533,2401,3.861968517303467,1676,4.1918864250183105,19,nan,0,nan,0
654,2678784,47920.3,56.0,38.78,34.32,10,0.125,109,0.13761467889908258,234,35,137,14,48,0,0,20,-5.3568444822494925,17.337606837606838,-0.5378143787384033,0.0,,-0.06908907163888216,22.394386649131775,-0.433619624376297,7.018657445907593,0.2454982857016148,0.48203125,16.499383068084718,-2.3283064365386963e-10,0.37026625871658325,9.948822927328557e-05,-1.5278785228729248,5.170263290405273,2381,3.847651958465576,1691,4.834813594818115,24,nan,0,nan,0
655,2682880,47993.9,56.1,38.76,34.32,10,0.125,353,0.1501416430594901,244,38,135,17,54,0,0,26,-5.439642798299178,16.860655737704917,-0.5494599342346191,0.0,,-0.06861223170999438,24.189463806152343,-0.437436455488205,7.112797462940216,0.20394795631000306,0.493017578125,14.282168793678284,-1.57160684466362e-09,0.37163954973220825,9.918116683725691e-05,-1.528774380683899,5.114589691162109,2335,3.97843337059021,1758,3.694761276245117,3,nan,0,nan,0
656,2686976,48066.2,57.0,37.48,34.34,10,0.125,77,0.12987012987012986,236,32,128,15,61,0,0,25,-4.932843115457608,17.24576271186441,-0.5586843490600586,0.0,,-0.061394486867357045,21.026566714048386,-0.44074862003326415,7.31345289349556,0.2546366077091079,0.527001953125,13.052313947677613,-2.3283064365386963e-09,0.3658286929130554,9.887410440122825e-05,-1.5295076370239258,5.2701191902160645,2338,3.909041404724121,1743,4.384338855743408,15,nan,0,nan,0
657,2691072,48139.8,56.0,38.82,34.28,10,0.125,310,0.16451612903225807,233,41,135,16,41,0,0,27,-5.778663902329606,17.815450643776824,-0.5077241063117981,0.0,,-0.06678400947712362,26.247055768966675,-0.44400582909584047,7.168367737531662,0.15946657610766124,0.479443359375,19.496086645126343,-9.89530235528946e-10,0.3658605217933655,9.856704196519959e-05,-1.530386209487915,5.2120361328125,2260,3.9253227710723877,1831,3.4133071899414062,5,nan,0,nan,0
658,2695168,48213.3,56.2,38.58,34.33,10,0.125,31,0.12903225806451613,233,36,122,25,50,0,0,22,-5.5084835117238224,17.540772532188843,-0.5293164253234863,0.0,,-0.0690108636394143,25.462841510772705,-0.4477362811565399,6.813677090406418,0.36887165294319857,0.488671875,16.441394758224487,-1.979060471057892e-09,0.32018107175827026,9.825997952917093e-05,-1.5314522981643677,4.988708972930908,2374,3.781022548675537,1706,4.594032287597656,16,nan,0,nan,0
659,2699264,48286.8,56.0,38.77,34.34,10,0.125,260,0.19615384615384615,229,47,131,17,34,0,0,28,-5.2301978430461045,18.021834061135372,-0.45421046018600464,0.0,,-0.07000455474480986,28.044519674777984,-0.451751846075058,7.139603018760681,0.3167991052469006,0.501904296875,14.540781450271606,-6.984919309616089e-10,0.35099267959594727,9.795291709314227e-05,-1.532259464263916,5.088781833648682,2430,3.8139452934265137,1658,3.637341260910034,8,nan,0,nan,0
660,2703360,48360.8,55.8,39.14,34.32,10,0.125,495,0.18585858585858586,235,41,131,19,44,0,0,21,-5.515160018491988,17.293617021276596,-0.5173513889312744,0.0,,-0.06957436045631767,24.901772713661195,-0.4544603109359741,6.894168776273728,0.19830539880204015,0.478466796875,15.527539682388305,-1.5133991837501526e-09,0.3730303645133972,9.764585465711361e-05,-1.5329866409301758,5.031277656555176,2277,3.8452963829040527,1807,3.9518063068389893,12,nan,0,nan,0
661,2707456,48434.0,56.3,38.45,34.27,10,0.125,219,0.2009132420091324,236,50,128,11,47,0,0,36,-5.158308160419205,17.26271186440678,-0.46355122327804565,0.0,,-0.07810858888551593,27.945928692817688,-0.45818336606025695,6.96867802143097,0.2133873281214619,0.499462890625,14.99777112007141,-1.9208528101444244e-09,0.3677060008049011,9.733879222108495e-05,-1.534064531326294,5.009820461273193,2425,3.8137552738189697,1663,2.6262900829315186,8,nan,0,nan,0
662,2711552,48507.3,56.2,38.55,34.32,10,0.125,453,0.18984547461368653,234,42,135,14,43,0,0,30,-4.928157557125663,17.636752136752136,-0.5022953748703003,0.0,,-0.0633624765323475,25.35244688987732,-0.4617317020893097,6.673165327310562,0.16612273239297792,0.45693359375,17.192218685150145,-1.1641532182693481e-10,0.3828992247581482,9.703172978505629e-05,-1.5346814393997192,4.951628684997559,2252,3.7825846672058105,1834,3.5010619163513184,10,nan,0,nan,0
663,2715648,48580.4,56.4,38.24,34.34,10,0.125,166,0.14457831325301204,225,29,143,12,41,0,0,16,-5.8107518192573835,17.93777777777778,-0.5577213168144226,0.0,,-0.06621076310402714,21.706437474489213,-0.46421589851379397,7.11149383187294,0.2165982921520481,0.48271484375,16.46479723453522,-2.0372681319713593e-09,0.3218386173248291,9.672466734902763e-05,-1.5353929996490479,5.2190327644348145,2301,3.8973519802093506,1787,2.9487850666046143,8,nan,0,nan,0
664,2719744,48653.5,56.4,38.3,34.32,10,0.125,403,0.12655086848635236,237,27,140,17,53,0,0,19,-5.600311804681091,17.41350210970464,-0.5923113226890564,0.0,,-0.06724217421142384,19.751886427402496,-0.46772273182868956,7.342523145675659,0.1837222706497414,0.4828125,12.657214999198914,-7.566995918750763e-10,0.33835458755493164,9.641760491299897e-05,-1.5364960432052612,5.198066711425781,2337,3.9754533767700195,1754,3.9277095794677734,5,nan,0,nan,0
665,2723840,48726.6,56.4,38.34,34.33,10,0.125,125,0.192,234,40,142,8,44,0,0,22,-5.348743607704139,17.564102564102566,-0.513353705406189,0.0,,-0.06619710521772504,27.817952620983124,-0.47248162031173707,7.115878933668137,0.16836850275867618,0.437353515625,19.05442123413086,-2.7939677238464355e-09,0.29484236240386963,9.611054247697031e-05,-1.5376553535461426,5.076920032501221,2408,3.857839822769165,1686,1.8539843559265137,2,nan,0,nan,0
666,2727936,48799.9,56.3,38.45,34.3,10,0.125,364,0.15384615384615385,239,32,130,14,63,0,0,22,-5.51859903575532,17.07949790794979,-0.5742303133010864,0.0,,-0.06466032864991575,21.867993569374086,-0.47651806473731995,6.750843811035156,0.135149351900327,0.431201171875,16.928748655319215,5.820766091346741e-10,0.32415634393692017,9.580348004094165e-05,-1.5385932922363281,4.984081268310547,2469,3.8582229614257812,1614,6.741963863372803,13,nan,0,nan,0
667,2732032,48873.0,56.4,38.31,34.34,10,0.125,92,0.15217391304347827,240,38,142,8,52,0,0,23,-5.609783806475309,17.304166666666667,-0.5372269153594971,0.0,,-0.07247943116817623,25.10642751455307,-0.48046578764915465,7.017797929048538,0.20467119308304974,0.507470703125,12.938873887062073,-1.280568540096283e-09,0.3272210955619812,9.549641760491299e-05,-1.5395843982696533,5.113495826721191,2323,3.853606939315796,1752,3.2992982864379883,21,nan,0,nan,0
668,2736128,48946.1,56.4,38.29,34.34,10,0.125,326,0.17177914110429449,234,42,130,8,54,0,0,23,-5.032695697577564,17.14957264957265,-0.5090130567550659,0.0,,-0.07224389337934553,23.77366108894348,-0.484297376871109,7.051239621639252,0.3653995949804084,0.47685546875,15.959354305267334,-1.57160684466362e-09,0.3672686219215393,9.518935516888433e-05,-1.5404711961746216,5.044866561889648,2312,3.9032981395721436,1760,4.231918811798096,24,nan,0,nan,0
669,2740224,49019.7,56.0,38.8,34.35,10,0.125,52,0.15384615384615385,238,43,133,13,49,0,0,26,-5.519404767010176,17.403361344537814,-0.500311017036438,0.0,,-0.06957250625127927,25.766326797008514,-0.486985456943512,6.898898071050644,0.19747673943056726,0.476611328125,14.847469568252563,-6.402842700481415e-10,0.34337979555130005,9.488229273285567e-05,-1.540932059288025,5.046998023986816,2268,3.822892427444458,1822,4.004621982574463,6,nan,0,nan,0
670,2744320,49093.0,56.2,38.48,34.35,10,0.125,288,0.1701388888888889,236,41,126,20,49,0,0,31,-5.287201618471984,17.190677966101696,-0.48727500438690186,0.0,,-0.06857398643624038,24.74871606826782,-0.4893426656723022,6.919498187303543,0.35750400288961826,0.541455078125,14.072164678573609,-8.149072527885437e-10,0.36783868074417114,9.457523029682701e-05,-1.5416107177734375,4.959485054016113,2420,3.8892903327941895,1674,1.9865968227386475,2,nan,0,nan,0
671,2748416,49166.5,56.1,38.74,34.33,10,0.125,13,0.15384615384615385,237,39,134,18,46,0,0,24,-5.1028199277600095,17.354430379746834,-0.5248749852180481,0.0,,-0.06882342854514718,25.649143159389496,-0.49218193888664247,6.997211164236068,0.2558438811363885,0.53701171875,15.931207036972046,-9.89530235528946e-10,0.3185843825340271,9.426816786079835e-05,-1.5424208641052246,5.017545700073242,2328,3.9257662296295166,1760,5.0728440284729,8,nan,0,nan,0
672,2752512,49239.9,56.1,38.65,34.32,10,0.125,250,0.164,237,39,139,13,46,0,0,23,-5.372574552341011,17.447257383966246,-0.5165150761604309,0.0,,-0.06743559567257762,24.728086638450623,-0.4957589030265808,6.838656485080719,0.21039584143145476,0.497998046875,15.193825435638427,-2.6193447411060333e-09,0.3443306088447571,9.39611054247697e-05,-1.5434291362762451,5.0574116706848145,2326,3.6678738594055176,1764,2.6210269927978516,6,nan,0,nan,0
673,2756608,49313.8,55.8,39.11,34.34,10,0.125,490,0.15510204081632653,240,35,139,12,54,0,0,20,-5.504899981558527,17.1625,-0.5551081895828247,0.0,,-0.06663880267296918,22.066430085897444,-0.49991763234138487,6.786624825000763,0.17041350541694555,0.46435546875,14.985360050201416,-8.731149137020111e-10,0.3625086545944214,9.365404298874103e-05,-1.5444869995117188,5.0126471519470215,2339,3.7546451091766357,1750,4.012192726135254,7,nan,0,nan,0
674,2760704,49386.5,56.7,37.87,34.32,10,0.125,203,0.18719211822660098,225,42,136,11,36,0,0,26,-5.788093562867668,18.084444444444443,-0.4744424521923065,0.0,,-0.052502573421224955,27.168240535259248,-0.5038024723529816,7.250851821899414,0.23933341957163065,0.511083984375,20.9128746509552,-1.6298145055770874e-09,0.3611939549446106,9.334698055271237e-05,-1.5452773571014404,5.181144714355469,2425,3.838024854660034,1659,3.573957681655884,12,nan,0,nan,0
675,2764800,49459.3,56.5,38.13,34.32,10,0.125,433,0.17321016166281755,230,37,130,14,49,0,0,20,-5.393284426913854,17.72608695652174,-0.5035127401351929,0.0,,-0.07309095626696945,24.969081330299378,-0.5065462708473205,7.347021114826203,0.2787306271638954,0.47841796875,15.64296751022339,-1.2223608791828156e-09,0.3473709225654602,9.303991811668371e-05,-1.5459725856781006,5.163357734680176,2454,3.921299457550049,1636,4.399421691894531,6,nan,0,nan,0
676,2768896,49533.3,55.8,39.12,34.3,10,0.125,155,0.18064516129032257,234,38,129,16,51,0,0,27,-4.8129704867733185,17.435897435897434,-0.5217355489730835,0.0,,-0.059388122125528756,23.305945146083832,-0.5096362054347991,6.97740530371666,0.29041802962310614,0.55390625,12.049940037727357,-1.5133991837501526e-09,0.3837931752204895,9.273285568065505e-05,-1.5468279123306274,5.031255722045898,2360,3.918330430984497,1725,4.364115238189697,11,nan,0,nan,0
677,2772992,49606.6,56.2,38.58,34.34,10,0.125,400,0.16,245,36,138,16,55,0,0,24,-5.284552154403154,16.755102040816325,-0.5684530735015869,0.0,,-0.06151879501994699,23.243805569410323,-0.5129654824733734,6.471795207262039,0.2532372785382904,0.505859375,15.935432934761048,-2.0954757928848267e-09,0.3111684322357178,9.24257932446264e-05,-1.5475314855575562,4.798810005187988,2376,3.6166446208953857,1716,2.387993574142456,4,nan,0,nan,0
678,2777088,49679.9,56.2,38.46,34.38,10,0.125,130,0.19230769230769232,242,50,136,14,42,0,0,25,-5.126936929206737,17.165289256198346,-0.47763246297836304,0.0,,-0.075406364351511,29.211788713932037,-0.5157175719738006,6.9317931771278385,0.12295364295423497,0.413134765625,19.465242099761962,-1.5133991837501526e-09,0.3477053642272949,9.211873080859773e-05,-1.5483226776123047,4.963381290435791,2428,3.7385013103485107,1666,2.9638237953186035,2,nan,0,nan,0
679,2781184,49753.3,56.2,38.52,34.34,10,0.125,369,0.1978319783197832,239,48,124,7,60,0,0,30,-5.444047844349567,16.97489539748954,-0.4783880114555359,0.0,,-0.07599967624992132,28.600273728370667,-0.5196149945259094,7.081445729732513,0.20005674103449564,0.469970703125,14.037576746940612,-2.3865140974521637e-09,0.35512012243270874,9.181166837256907e-05,-1.5495195388793945,5.069537162780762,2391,3.932347059249878,1704,8.787468910217285,1,nan,0,nan,0
680,2785280,49826.5,56.3,38.44,34.33,10,0.125,98,0.1836734693877551,241,37,144,11,49,0,0,16,-5.04333220038016,17.095435684647303,-0.5594727993011475,0.0,,-0.06203622980974614,23.74394929409027,-0.5240604460239411,6.7986700415611265,0.19010307737626136,0.471826171875,18.2274272441864,-6.984919309616089e-10,0.3198152184486389,9.150460593654041e-05,-1.5503265857696533,5.0060648918151855,2360,3.7072806358337402,1730,3.500612497329712,6,nan,0,nan,0
681,2789376,49899.4,56.6,38.03,34.36,10,0.125,330,0.1787878787878788,232,41,124,10,57,0,0,24,-5.155490510281144,17.30603448275862,-0.4952583312988281,0.0,,-0.06234236587770283,26.4589182972908,-0.5262753963470459,7.139031386375427,0.2907167735043913,0.498291015625,15.773067092895507,-1.5133991837501526e-09,0.3424460291862488,9.119754350051175e-05,-1.5507915019989014,5.144901752471924,2347,3.901883125305176,1741,4.841547012329102,8,nan,0,nan,0
682,2793472,49972.7,56.2,38.57,34.37,10,0.125,46,0.17391304347826086,228,32,146,10,40,0,0,16,-5.138045211086615,18.096491228070175,-0.5350683927536011,0.0,,-0.06251820165198296,22.44565239548683,-0.529110336303711,7.219612407684326,0.2341407562547829,0.514111328125,15.840215682983398,-1.7462298274040222e-09,0.30774182081222534,9.08904810644831e-05,-1.5517361164093018,5.25984525680542,2451,3.8443076610565186,1638,3.066293478012085,7,nan,0,nan,0
683,2797568,50046.4,55.9,38.9,34.37,10,0.125,288,0.1527777777777778,242,36,142,13,51,0,0,28,-5.101981480110063,16.929752066115704,-0.5612790584564209,0.0,,-0.06971609761239961,23.00979425907135,-0.5325017452239991,6.769058096408844,0.19093297537474427,0.502880859375,12.203813862800597,-1.4551915228366852e-09,0.3481910228729248,9.058341862845444e-05,-1.5523570775985718,4.957764625549316,2330,3.828871726989746,1753,5.124372482299805,13,nan,0,nan,0
684,2801664,50119.6,56.3,38.44,34.32,10,0.125,18,0.16666666666666666,242,32,139,16,55,0,0,17,-5.021369770529426,17.00826446280992,-0.5705159306526184,0.0,,-0.06469657593406737,22.18476967215538,-0.5346137940883636,6.785165458917618,0.4364582745154621,0.552978515625,12.21392617225647,-1.3387762010097504e-09,0.31232309341430664,9.027635619242578e-05,-1.5529001951217651,4.973176002502441,2297,3.7733943462371826,1789,4.8858232498168945,10,nan,0,nan,0
685,2805760,50192.9,56.3,38.44,34.37,10,0.125,249,0.1927710843373494,231,45,133,14,39,0,0,29,-5.568982760242793,17.636363636363637,-0.4746069610118866,0.0,,-0.06725060297176241,25.875407761335374,-0.5379509806632996,7.064183223247528,0.20763910569367,0.516845703125,16.423877000808716,-2.6193447411060333e-09,0.37964189052581787,8.996929375639714e-05,-1.55403733253479,5.082997798919678,2394,3.8323144912719727,1697,4.074459552764893,5,nan,0,nan,0
686,2809856,50266.0,56.4,38.31,34.35,10,0.125,485,0.1670103092783505,236,33,134,18,51,0,0,17,-5.7000266747036665,17.296610169491526,-0.5480972528457642,0.0,,-0.06942903491435573,23.07832575440407,-0.5416423678398132,6.906588351726532,0.22452905573009047,0.49345703125,14.111221742630004,-1.8044374883174896e-09,0.3313750624656677,8.966223132036848e-05,-1.5547269582748413,5.05747127532959,2372,3.724576711654663,1710,5.557617664337158,14,nan,0,nan,0
687,2813952,50339.7,56.0,38.8,34.31,10,0.125,210,0.19047619047619047,237,45,133,17,42,0,0,26,-5.532705154685144,17.582278481012658,-0.48377326130867004,0.0,,-0.0665277197258547,26.864898592233658,-0.5448455333709716,7.144300347566604,0.19760483492864295,0.526318359375,13.441101098060608,-9.313225746154785e-10,0.3471851944923401,8.935516888433982e-05,-1.5555751323699951,5.02256965637207,2491,3.7369093894958496,1600,4.111849784851074,5,nan,0,nan,0
688,2818048,50413.2,56.1,38.74,34.33,10,0.125,438,0.1689497716894977,228,34,130,20,44,0,0,22,-5.267872239573156,17.68859649122807,-0.5318468809127808,0.0,,-0.06264324360527099,22.09593421816826,-0.548067158460617,6.876031881570816,0.13703759485215414,0.472998046875,16.153627634048462,-6.984919309616089e-10,0.361092746257782,8.904810644831116e-05,-1.5564019680023193,5.017215728759766,2414,3.807405948638916,1678,6.131650447845459,4,nan,0,nan,0
689,2822144,50486.5,56.2,38.56,34.32,10,0.125,159,0.1320754716981132,233,32,137,13,51,0,0,18,-5.443873494966876,17.510729613733904,-0.5466561317443848,0.0,,-0.06672789647709579,22.40534360408783,-0.5511315405368805,7.211696475744247,0.15307591289456468,0.4609375,14.220605826377868,-1.2223608791828156e-09,0.33695149421691895,8.87410440122825e-05,-1.5571163892745972,5.147754669189453,2343,3.877436876296997,1739,6.343908786773682,14,nan,0,nan,0
690,2826240,50560.2,56.0,38.85,34.33,10,0.125,399,0.16290726817042606,240,44,139,19,38,0,0,29,-5.171535359153891,17.241666666666667,-0.488874614238739,0.0,,-0.07525328009505756,27.604304051399232,-0.5542189478874207,6.939217054843903,0.15240363962948322,0.459765625,14.182968401908875,-1.6298145055770874e-09,0.30226725339889526,8.843398157625384e-05,-1.5578786134719849,4.922286510467529,2393,3.7087929248809814,1698,3.234701633453369,5,nan,0,nan,0
691,2830336,50633.8,56.0,38.77,34.33,10,0.125,130,0.17692307692307693,243,40,136,16,51,0,0,27,-5.287908299072408,16.872427983539094,-0.5372898578643799,0.0,,-0.07104530301876366,26.160256791114808,-0.5567371129989624,6.928771340847016,1.261230432591401,0.509375,18.114317989349367,-1.862645149230957e-09,0.32085323333740234,8.812691914022518e-05,-1.5583957433700562,5.072297096252441,2384,3.8076422214508057,1711,2.8043878078460693,1,nan,0,nan,0
692,2834432,50707.1,56.2,38.58,34.32,10,0.125,366,0.15846994535519127,236,35,138,22,41,0,0,22,-5.215054959705533,17.266949152542374,-0.5366644859313965,0.0,,-0.06680472956504672,22.055766415596008,-0.5592836558818817,7.106485241651535,0.7576790571620222,0.47109375,15.175104928016662,-7.566995918750763e-10,0.34496766328811646,8.781985670419652e-05,-1.5592608451843262,5.06624698638916,2372,3.7568953037261963,1718,3.619450330734253,6,nan,0,nan,0
693,2838528,50780.5,56.2,38.57,34.32,10,0.125,94,0.18085106382978725,240,37,141,12,50,0,0,24,-4.967765231769784,17.079166666666666,-0.5477160811424255,0.0,,-0.0709874686668627,22.919161641597746,-0.5632125794887543,7.0973176002502445,0.21516114797850605,0.485595703125,12.407059478759766,-2.0372681319713593e-09,0.3674008846282959,8.751279426816786e-05,-1.5603123903274536,5.0429887771606445,2366,3.8719425201416016,1724,5.041481018066406,6,nan,0,nan,0
694,2842624,50853.2,56.7,37.89,34.34,10,0.125,329,0.182370820668693,235,43,132,16,44,0,0,26,-5.324059969236387,17.357446808510637,-0.4979073405265808,0.0,,-0.06780740022659301,25.65337852239609,-0.5672844707965851,6.772676587104797,0.18916688289900777,0.491552734375,14.909963512420655,-8.731149137020111e-10,0.3688865303993225,8.72057318321392e-05,-1.5612566471099854,4.912980556488037,2309,3.869420051574707,1774,4.661707878112793,13,nan,0,nan,0
695,2846720,50926.5,56.3,38.45,34.36,10,0.125,61,0.18032786885245902,244,45,138,10,51,0,0,28,-5.169084526786062,16.84016393442623,-0.5020712018013,0.0,,-0.06676695400383323,26.30336993932724,-0.5709185779094696,6.877547711133957,0.1401611738925567,0.448779296875,19.25705442428589,-2.9103830456733704e-10,0.35065609216690063,8.689866939611054e-05,-1.5621615648269653,4.96010684967041,2393,3.8107452392578125,1701,4.463321685791016,2,nan,0,nan,0
696,2850816,51000.0,56.1,38.62,34.35,10,0.125,310,0.19032258064516128,249,48,132,12,57,0,0,29,-5.098957741188488,16.48995983935743,-0.5095133185386658,0.0,,-0.06464906084293034,27.473446702957155,-0.5741040229797363,6.908945125341416,0.26380490891751834,0.53017578125,15.424459981918336,-1.0477378964424133e-09,0.39460843801498413,8.659160696008188e-05,-1.562743067741394,4.965337753295898,2357,3.90911602973938,1723,4.380098342895508,16,nan,0,nan,0
697,2854912,51074.0,55.7,39.14,34.35,10,0.125,42,0.16666666666666666,244,51,133,17,43,0,0,29,-5.041110549261542,16.766393442622952,-0.4647147059440613,0.0,,-0.0685635498026386,28.59935553073883,-0.5762137174606323,6.935104709863663,0.291517261962872,0.49833984375,17.80668478012085,1.1641532182693481e-10,0.38311684131622314,8.628454452405322e-05,-1.5633004903793335,4.952754497528076,2367,3.805884599685669,1722,4.48220682144165,7,nan,0,nan,0
698,2859008,51147.7,55.9,38.99,34.34,10,0.125,282,0.19148936170212766,240,47,135,13,45,0,0,29,-5.08034203897812,17.208333333333332,-0.4777478575706482,0.0,,-0.0729807932395488,27.230793762207032,-0.5793724536895752,6.977856528759003,0.31349948136485184,0.5341796875,14.482019567489624,-1.979060471057892e-09,0.3424175977706909,8.597748208802456e-05,-1.5643573999404907,4.975705146789551,2462,3.8129539489746094,1633,4.013408184051514,1,nan,0,nan,0
699,2863104,51221.2,56.1,38.68,34.34,10,0.125,7,0.2857142857142857,237,36,145,13,43,0,0,27,-5.4878594359187876,17.160337552742615,-0.5316007137298584,0.0,,-0.06958629821892828,23.66716582775116,-0.5834897041320801,7.026389348506927,0.1868468155968003,0.486962890625,14.754444694519043,-4.656612873077393e-10,0.3516579270362854,8.56704196519959e-05,-1.5653144121170044,4.982648849487305,2392,3.9614593982696533,1696,3.719616413116455,8,nan,0,nan,0
700,2867200,51294.6,56.1,38.68,34.34,10,0.125,246,0.15447154471544716,239,36,142,14,47,0,0,19,-5.338776826340372,17.09623430962343,-0.5333297252655029,0.0,,-0.07102674935013056,22.921983814239503,-0.5871864080429077,6.922020268440247,0.29234045518387575,0.493359375,12.38816740512848,-5.820766091346741e-10,0.3494682312011719,8.536335721596724e-05,-1.5661656856536865,5.018642425537109,2421,3.7358083724975586,1670,2.6394052505493164,5,nan,0,nan,0
701,2871296,51367.8,56.4,38.31,34.36,10,0.125,491,0.14663951120162932,245,34,139,17,55,0,0,24,-5.174157058369391,16.83265306122449,-0.5650068521499634,0.0,,-0.06203745622187853,21.16687798500061,-0.5907034814357758,6.88789598941803,0.5449633302283473,0.528955078125,11.827701187133789,-1.1641532182693481e-09,0.31730467081069946,8.505629477993858e-05,-1.5671803951263428,4.944699287414551,2347,3.8416965007781982,1741,3.8810534477233887,8,nan,0,nan,0
702,2875392,51441.2,56.1,38.67,34.33,10,0.125,215,0.1813953488372093,236,41,137,21,37,0,0,25,-5.206577664103048,17.305084745762713,-0.496810644865036,0.0,,-0.06852196685504168,26.042152839899064,-0.5950333952903748,6.794679760932922,0.13790602746594233,0.44580078125,15.784294033050537,-1.9208528101444244e-09,0.32872068881988525,8.474923234390992e-05,-1.5683037042617798,4.913816452026367,2404,3.7130677700042725,1681,2.6412007808685303,11,nan,0,nan,0
703,2879488,51514.7,56.1,38.66,34.32,10,0.125,451,0.17960088691796008,236,42,139,13,42,0,0,27,-5.401842611525548,17.326271186440678,-0.4905439019203186,0.0,,-0.06955494745634497,23.698037767410277,-0.5992807149887085,7.065158188343048,0.17372699013503734,0.47646484375,13.386237621307373,-1.1059455573558807e-09,0.3962039351463318,8.444216990788126e-05,-1.5692954063415527,5.080195903778076,2438,3.7974588871002197,1644,3.6352181434631348,14,nan,0,nan,0
704,2883584,51588.0,56.2,38.51,34.31,10,0.125,188,0.12234042553191489,249,34,129,13,73,0,0,20,-5.480755289441347,16.461847389558233,-0.5717214345932007,0.0,,-0.05677258037030697,22.680528736114503,-0.602902215719223,6.893334847688675,0.30779494855960365,0.5185546875,13.574115109443664,-3.0850060284137726e-09,0.3355751633644104,8.41351074718526e-05,-1.5700726509094238,5.00125789642334,2387,3.890685558319092,1707,2.7947254180908203,2,nan,0,nan,0
705,2887680,51661.2,56.3,38.42,34.34,10,0.125,431,0.1554524361948956,243,44,140,11,48,0,0,30,-5.1679766647373135,16.88477366255144,-0.5099049806594849,0.0,,-0.06398344078334048,25.521954894065857,-0.6057495713233948,7.02009169459343,0.22717416506784502,0.514306640625,15.107824802398682,-1.7462298274040222e-10,0.38569706678390503,8.382804503582394e-05,-1.570750117301941,5.025630950927734,2375,3.865358829498291,1713,5.069696426391602,8,nan,0,nan,0
706,2891776,51734.9,56.0,38.79,34.35,10,0.125,155,0.13548387096774195,236,30,148,15,43,0,0,21,-5.221258125722915,17.372881355932204,-0.5740194916725159,0.0,,-0.06554640270769596,19.956516790390015,-0.6084157764911652,7.276801460981369,0.1815812999382615,0.472705078125,14.153637051582336,-1.7462298274040222e-09,0.40644335746765137,8.352098259979528e-05,-1.5714375972747803,5.1444573402404785,2385,4.057901859283447,1706,3.6878318786621094,5,nan,0,nan,0
707,2895872,51808.6,56.0,38.8,34.34,10,0.125,392,0.14795918367346939,237,37,149,14,37,0,0,19,-5.389267807718701,17.253164556962027,-0.5287015438079834,0.0,,-0.06853593948762864,23.13092975616455,-0.6110932528972626,7.055461883544922,0.2522251438756939,0.522705078125,13.021416807174683,-9.89530235528946e-10,0.36851561069488525,8.321392016376662e-05,-1.5719826221466064,5.012397766113281,2391,3.8512375354766846,1704,2.689929485321045,1,nan,0,nan,0
708,2899968,51881.6,56.4,38.28,34.31,10,0.125,117,0.1794871794871795,237,41,130,14,52,0,0,20,-5.324112433690755,17.303797468354432,-0.5043814182281494,0.0,,-0.06944598620757461,25.056002950668336,-0.6140415489673614,6.894208180904388,0.1806238144665258,0.4615234375,14.914476776123047,-1.280568540096283e-09,0.3360164165496826,8.290685772773797e-05,-1.5731260776519775,4.9962544441223145,2493,3.7853689193725586,1594,2.9408352375030518,9,nan,0,nan,0
709,2904064,51955.0,56.1,38.6,34.36,10,0.125,353,0.1643059490084986,236,37,135,14,50,0,0,19,-5.384168676701083,17.279661016949152,-0.5134709477424622,0.0,,-0.06838543543126434,23.536824572086335,-0.6187316060066224,6.913829529285431,0.23797960792144296,0.4908203125,13.457356214523315,-1.3387762010097504e-09,0.3703654408454895,8.25997952917093e-05,-1.5740692615509033,5.035033702850342,2313,3.8848536014556885,1765,5.669885158538818,18,nan,0,nan,0
710,2908160,52028.0,56.5,38.15,34.34,10,0.125,78,0.10256410256410256,237,35,137,14,51,0,0,21,-5.4089506088977215,17.17721518987342,-0.5334209203720093,0.0,,-0.06581284087151289,22.93775655031204,-0.6214902877807618,6.948788958787918,0.31713853214751,0.502783203125,13.077315616607667,-1.0477378964424133e-09,0.327725887298584,8.229273285568065e-05,-1.574544072151184,5.068764686584473,2381,3.798678398132324,1709,4.044548988342285,6,nan,0,nan,0
711,2912256,52101.3,56.3,38.42,34.4,10,0.125,306,0.1437908496732026,228,36,145,9,38,0,0,20,-5.133689639894493,18.07456140350877,-0.5077088475227356,0.0,,-0.07078893033321947,22.908900940418242,-0.6233610689640046,7.239816492795944,0.20878308886894956,0.505712890625,12.764899420738221,-1.3969838619232178e-09,0.3677826523780823,8.198567041965199e-05,-1.575147032737732,5.126034259796143,2484,3.873009204864502,1610,5.717453956604004,2,nan,0,nan,0
712,2916352,52174.3,56.5,38.19,34.35,10,0.125,29,0.1724137931034483,235,38,139,11,47,0,0,20,-5.626563772323225,17.48085106382979,-0.514461100101471,0.0,,-0.0713617377448827,22.904202377796175,-0.6258259356021881,7.2489304661750795,0.43221665184537417,0.462646484375,14.16467218399048,-1.280568540096283e-09,0.3534432649612427,8.167860798362333e-05,-1.5756185054779053,5.191524982452393,2334,3.9001450538635254,1753,3.5883309841156006,9,nan,0,nan,0
713,2920448,52247.8,56.1,38.67,34.37,10,0.125,276,0.15217391304347827,247,37,133,16,61,0,0,23,-5.475671709062882,16.757085020242915,-0.5391559600830078,0.0,,-0.06625457204645499,22.723991173505784,-0.6272732019424438,6.934808671474457,0.1901258664933266,0.46884765625,14.126424622535705,-3.4924596548080444e-10,0.3488869071006775,8.137154554759467e-05,-1.5760009288787842,5.078448295593262,2381,3.792168140411377,1715,nan,0,nan,0,nan,0
714,2924544,52321.5,56.0,38.83,34.36,10,0.125,2,0.0,238,52,132,15,39,0,0,29,-5.243047298654186,17.180672268907564,-0.4485093951225281,0.0,,-0.0685041893098969,30.002675890922546,-0.6295340061187744,7.06263028383255,0.4482600664719939,0.473583984375,16.670635104179382,-1.6880221664905548e-09,0.3851442337036133,8.1064483111566e-05,-1.5767427682876587,5.02359676361084,2441,3.804276943206787,1653,4.41798734664917,2,nan,0,nan,0
715,2928640,52394.9,56.1,38.66,34.32,10,0.125,240,0.1875,238,45,135,18,40,0,0,32,-5.669738691954693,17.15546218487395,-0.4750889241695404,0.0,,-0.0689215902471915,26.20523715019226,-0.6326861798763275,6.943642967939377,0.22007267397711985,0.48623046875,18.923031520843505,-2.0954757928848267e-09,0.3903510570526123,8.075742067553735e-05,-1.5774798393249512,5.0040507316589355,2381,3.7512545585632324,1711,4.660782814025879,4,nan,0,nan,0
716,2932736,52468.5,56.0,38.78,34.35,10,0.125,479,0.18162839248434237,239,42,132,10,55,0,0,26,-5.19750035297696,17.04602510460251,-0.4862923324108124,0.0,,-0.06426462177187205,24.198570561408996,-0.6357579708099366,6.847110611200333,0.23128521330363583,0.515087890625,14.071592664718628,-2.9103830456733704e-10,0.3840649127960205,8.045035823950869e-05,-1.5782620906829834,4.955753803253174,2360,3.8550143241882324,1727,3.939359426498413,9,nan,0,nan,0
717,2936832,52541.8,56.2,38.45,34.39,10,0.125,201,0.14427860696517414,234,35,129,17,53,0,0,19,-5.636575578214904,17.397435897435898,-0.5238349437713623,0.0,,-0.06759682076517493,23.599453949928282,-0.6386207103729248,7.35342583656311,0.29558196349826177,0.452197265625,19.073509573936462,-1.9208528101444244e-09,0.34756940603256226,8.014329580348003e-05,-1.5790467262268066,5.157270431518555,2425,3.8801138401031494,1648,9.275716781616211,23,nan,0,nan,0
718,2940928,52615.8,55.7,39.19,34.33,10,0.125,437,0.16018306636155608,236,41,133,12,50,0,0,24,-5.3016539264454,17.24576271186441,-0.5017585754394531,0.0,,-0.0721910509513691,24.72140840291977,-0.6418129205703735,6.994318002462387,0.14089433818007818,0.42705078125,15.913330459594727,-2.2118911147117615e-09,0.3821832537651062,7.983623336745137e-05,-1.579771876335144,5.0138936042785645,2416,3.8815829753875732,1680,nan,0,nan,0,nan,0
719,2945024,52689.4,56.0,38.79,34.34,10,0.125,173,0.13872832369942195,248,42,146,14,46,0,0,29,-5.362142337278706,16.745967741935484,-0.5262311697006226,0.0,,-0.06425146776018664,23.730541157722474,-0.6449768126010895,7.025251412391663,0.23812285758613144,0.541015625,12.49887523651123,-2.3865140974521637e-09,0.38381123542785645,7.95291709314227e-05,-1.5806881189346313,5.027632713317871,2347,3.7724132537841797,1737,3.6151325702667236,12,nan,0,nan,0
720,2949120,52763.2,55.8,39.08,34.35,10,0.125,410,0.15365853658536585,237,39,137,12,49,0,0,20,-5.201022695312954,17.320675105485233,-0.5062490105628967,0.0,,-0.06785318113979884,24.163290572166442,-0.6489079236984253,6.7608646810054776,0.19450631901854648,0.47939453125,13.426455473899841,-1.1059455573558807e-09,0.34541958570480347,7.922210849539405e-05,-1.5816739797592163,4.968172550201416,2300,3.774888515472412,1794,2.1738922595977783,2,nan,0,nan,0
721,2953216,52836.4,56.3,38.45,34.34,10,0.125,127,0.09448818897637795,229,33,143,16,37,0,0,18,-5.376922932391336,17.76419213973799,-0.5210716128349304,0.0,,-0.06193215680541471,20.831414139270784,-0.6523595869541168,7.005064201354981,0.3702882545971079,0.470751953125,14.780086350440978,-2.9103830456733704e-10,0.3433418869972229,7.891504605936539e-05,-1.582343578338623,5.036082744598389,2352,3.853911876678467,1737,4.495208263397217,7,nan,0,nan,0
722,2957312,52909.8,56.2,38.56,34.35,10,0.125,370,0.15675675675675677,243,46,127,17,53,0,0,26,-4.955328654505857,16.604938271604937,-0.48172450065612793,0.0,,-0.06473331341403536,27.206626296043396,-0.6548504889011383,7.0345006585121155,0.1570617557154037,0.458642578125,19.537443614006044,-1.3969838619232178e-09,0.36619412899017334,7.860798362333673e-05,-1.5830129384994507,4.941686153411865,2485,3.896375894546509,1603,4.8472514152526855,8,nan,0,nan,0
723,2961408,52983.4,56.0,38.78,34.37,10,0.125,107,0.1588785046728972,249,45,134,14,56,0,0,23,-5.337351384637572,16.91164658634538,-0.5036967992782593,0.0,,-0.06870545444544404,26.50331780910492,-0.6582325577735901,7.280913460254669,0.32813556045875886,0.499462890625,13.508960247039795,-2.270098775625229e-09,0.35868632793426514,7.830092118730807e-05,-1.584059476852417,5.07115364074707,2495,3.9802405834198,1590,4.552341938018799,11,nan,0,nan,0
724,2965504,53056.8,56.2,38.54,34.36,10,0.125,348,0.1810344827586207,241,46,133,15,47,0,0,24,-5.257726770288125,16.933609958506224,-0.4841461181640625,0.0,,-0.05764980248641223,28.373443430662157,-0.6621894359588623,7.074818623065949,0.32870408282615243,0.45576171875,19.84416961669922,-1.3969838619232178e-09,0.33867937326431274,7.799385875127943e-05,-1.5848824977874756,5.006011009216309,2315,3.861157178878784,1780,2.081796169281006,1,nan,0,nan,0
725,2969600,53130.4,56.0,38.76,34.33,10,0.125,73,0.1506849315068493,237,39,138,10,50,0,0,26,-5.52421059015178,17.240506329113924,-0.5081539154052734,0.0,,-0.06352691332576796,24.419256067276002,-0.6653086185455322,7.229021334648133,0.18963147060712798,0.4880859375,16.64351918697357,-9.313225746154785e-10,0.3642287254333496,7.768679631525077e-05,-1.5857478380203247,5.072559833526611,2367,4.061821937561035,1723,4.550792217254639,6,nan,0,nan,0
726,2973696,53203.6,56.3,38.41,34.35,10,0.125,308,0.18831168831168832,235,47,133,10,45,0,0,24,-5.377550115767794,17.387234042553192,-0.45149537920951843,0.0,,-0.07553036892786621,27.21934164762497,-0.6686609864234925,6.895064252614975,0.12079717514570802,0.427099609375,16.139104771614075,-8.731149137020111e-10,0.36993110179901123,7.737973387922211e-05,-1.5865275859832764,4.986728191375732,2393,3.7586288452148438,1701,6.4597272872924805,2,nan,0,nan,0
727,2977792,53277.1,56.1,38.65,34.35,10,0.125,29,0.1724137931034483,233,38,142,9,44,0,0,27,-5.37731992735558,17.523605150214593,-0.5169508457183838,0.0,,-0.06677339902380482,23.154486095905305,-0.6715016007423401,7.237175208330155,0.25737032062606885,0.49814453125,14.991378211975098,0.0,0.40646058320999146,7.707267144319345e-05,-1.5871211290359497,5.144486904144287,2353,3.9546725749969482,1741,3.453127384185791,2,nan,0,nan,0
728,2981888,53350.6,56.1,38.7,34.35,10,0.125,269,0.19330855018587362,240,47,144,11,38,0,0,28,-5.226418519681437,17.254166666666666,-0.4715648889541626,0.0,,-0.0731085104169324,27.068042039871216,-0.673958933353424,6.992357939481735,0.21909197456843685,0.503662109375,13.362816834449768,-7.566995918750763e-10,0.3707524538040161,7.67656090071648e-05,-1.5878610610961914,5.009974002838135,2382,3.730689287185669,1712,1.7642253637313843,2,nan,0,nan,0
729,2985984,53424.2,56.0,38.77,34.35,10,0.125,507,0.16962524654832348,238,34,133,18,53,0,0,22,-5.466213759085811,17.054621848739497,-0.5304404497146606,0.0,,-0.06601985569577665,23.287880074977874,-0.6769096791744232,6.967861706018448,0.7115924052079208,0.476025390625,14.610440111160278,-1.3969838619232178e-09,0.32956522703170776,7.645854657113613e-05,-1.588393211364746,4.94617223739624,2508,3.78969144821167,1580,8.796208381652832,8,nan,0,nan,0
730,2990080,53497.3,56.4,38.31,34.36,10,0.125,234,0.1794871794871795,239,42,126,15,56,0,0,22,-5.542166959316411,17.196652719665273,-0.4829866290092468,0.0,,-0.06318980922224,25.87455706000328,-0.6787328898906708,7.239253497123718,0.16105795750045218,0.46640625,16.638035702705384,-1.6880221664905548e-09,0.3521290421485901,7.615148413510747e-05,-1.5889265537261963,5.155966281890869,2402,3.8395144939422607,1685,2.4693100452423096,9,nan,0,nan,0
731,2994176,53570.6,56.2,38.5,34.35,10,0.125,466,0.16523605150214593,232,35,139,13,45,0,0,22,-5.305695582030883,17.50862068965517,-0.5131889581680298,0.0,,-0.06728767709573731,22.187439811229705,-0.6810551166534424,7.015817701816559,0.18817656199389604,0.466455078125,15.785624814033508,-9.313225746154785e-10,0.35903501510620117,7.584442169907881e-05,-1.5895180702209473,5.057925224304199,2372,3.802088499069214,1716,2.4053170680999756,8,nan,0,nan,0
732,2998272,53644.3,56.0,38.79,34.4,10,0.125,190,0.16842105263157894,236,40,138,14,44,0,0,21,-5.584111823754833,17.491525423728813,-0.491990864276886,0.0,,-0.07022656562039628,24.40539677143097,-0.6829341173171997,7.104211544990539,0.27209669120493346,0.45146484375,16.560465836524962,-9.89530235528946e-10,0.3635879158973694,7.553735926305016e-05,-1.5898783206939697,5.057891845703125,2365,3.8228611946105957,1731,nan,0,nan,0,nan,0
733,3002368,53718.1,55.8,38.96,34.4,10,0.125,426,0.18779342723004694,236,48,135,13,40,0,0,27,-5.353241399437908,17.20762711864407,-0.44292423129081726,0.0,,-0.06993839165661483,27.233672416210176,-0.6840330779552459,6.974230313301087,0.180497543734964,0.466796875,15.41678478717804,-1.979060471057892e-09,0.37980836629867554,7.52302968270215e-05,-1.5900137424468994,4.9442033767700195,2464,3.837761163711548,1629,5.137600421905518,3,nan,0,nan,0
734,3006464,53791.5,56.2,38.56,34.36,10,0.125,159,0.1949685534591195,245,43,146,8,48,0,0,27,-5.202918956384262,16.885714285714286,-0.5079960823059082,0.0,,-0.07224158067256212,25.967774748802185,-0.6848589420318604,6.916709583997727,0.19201458611350972,0.48642578125,13.919346237182618,-2.9103830456733704e-10,0.38272058963775635,7.492323439099284e-05,-1.590419054031372,5.0323710441589355,2452,3.6598379611968994,1632,3.410489320755005,12,nan,0,nan,0
735,3010560,53864.8,56.3,38.32,34.39,10,0.125,395,0.16455696202531644,236,34,141,11,50,0,0,19,-5.257927081653666,17.135593220338983,-0.5332908630371094,0.0,,-0.0679376516956836,22.22984312772751,-0.6885068655014038,7.019716727733612,0.16596688202698714,0.43671875,16.305520367622375,-2.153683453798294e-09,0.3626009225845337,7.461617195496418e-05,-1.5918385982513428,5.065079689025879,2267,3.7588956356048584,1818,3.360797166824341,11,nan,0,nan,0
736,3014656,53937.8,56.5,38.17,34.37,10,0.125,127,0.1732283464566929,244,42,142,10,50,0,0,25,-5.452096109324677,16.93032786885246,-0.5183039307594299,0.0,,-0.06550465510226786,25.17477816939354,-0.6934145212173461,6.8354544818401335,0.16119784095208162,0.462060546875,16.406510949134827,-1.862645149230957e-09,0.33402174711227417,7.430910951893552e-05,-1.5927144289016724,4.926810264587402,2350,3.7384767532348633,1736,2.8368771076202393,10,nan,0,nan,0
737,3018752,54011.4,56.0,38.76,34.38,10,0.125,374,0.1711229946524064,247,42,130,12,63,0,0,22,-5.215070978552457,16.76923076923077,-0.5116918087005615,0.0,,-0.07276445673778653,25.42601099014282,-0.6957093596458435,7.108910208940506,0.1439168671873631,0.45771484375,13.440900540351867,-1.2223608791828156e-09,0.3471320867538452,7.400204708290686e-05,-1.5930172204971313,5.089006423950195,2458,3.819774866104126,1631,4.914904594421387,7,nan,0,nan,0
738,3022848,54084.7,56.2,38.46,34.36,10,0.125,95,0.17894736842105263,233,46,127,14,46,0,0,29,-5.260844389304956,17.4206008583691,-0.4531745910644531,0.0,,-0.06896925196051598,26.688657808303834,-0.697025716304779,7.055190926790237,0.2023716163006611,0.479638671875,17.646678495407105,-1.280568540096283e-09,0.38683682680130005,7.36949846468782e-05,-1.5934596061706543,5.108039855957031,2502,3.7417681217193604,1592,6.885119915008545,2,nan,0,nan,0
739,3026944,54157.8,56.4,38.31,34.35,10,0.125,326,0.17177914110429449,231,39,144,9,39,0,0,26,-5.707044146932114,17.645021645021647,-0.4925121068954468,0.0,,-0.06659436176996678,25.622802782058717,-0.699481999874115,7.367675012350082,0.13429206663568038,0.445361328125,17.625825881958008,-5.820766091346741e-10,0.3420536518096924,7.338792221084954e-05,-1.5942100286483765,5.1270246505737305,2368,3.9223616123199463,1722,3.907789468765259,6,nan,0,nan,0
740,3031040,54231.1,56.2,38.49,34.37,10,0.125,51,0.11764705882352941,237,29,140,16,52,0,0,19,-4.893142347620376,17.270042194092827,-0.5660756826400757,0.0,,-0.06466350343544036,20.07128922343254,-0.7023002207279205,7.0863931477069855,0.18631400184240193,0.458984375,15.307761120796204,0.0,0.36541008949279785,7.308085977482088e-05,-1.59494149684906,5.039210319519043,2367,3.8727216720581055,1724,3.1835105419158936,5,nan,0,nan,0
741,3035136,54304.6,56.0,38.76,34.36,10,0.125,291,0.13402061855670103,240,33,137,13,57,0,0,23,-5.443951481987776,17.15,-0.5439433455467224,0.0,,-0.07127646364970133,21.264595717191696,-0.7056358456611633,7.026365095376969,0.22658695842837914,0.46669921875,14.19789731502533,-2.2118911147117615e-09,0.3603869676589966,7.277379733879222e-05,-1.5957574844360352,5.051337718963623,2425,3.8912312984466553,1669,1.7314358949661255,2,nan,0,nan,0
742,3039232,54378.2,56.0,38.78,34.37,10,0.125,13,0.15384615384615385,234,41,132,17,44,0,0,32,-5.322185741694806,17.427350427350426,-0.4672674834728241,0.0,,-0.0674997509457171,24.62544395327568,-0.7084764301776886,7.130134952068329,0.12088819903729017,0.424072265625,17.62831084728241,-1.7462298274040222e-10,0.3676280379295349,7.246673490276356e-05,-1.5963506698608398,5.027200222015381,2379,3.8763623237609863,1700,3.2054784297943115,17,nan,0,nan,0
743,3043328,54451.6,56.2,38.45,34.38,10,0.125,249,0.20481927710843373,236,49,130,12,45,0,0,31,-5.512293428763167,17.39406779661017,-0.4491718113422394,0.0,,-0.06930360454134643,29.429954528808594,-0.7110826730728149,7.261261403560638,0.13610290067153982,0.452587890625,17.44720826148987,-5.820766091346741e-10,0.34139347076416016,7.21596724667349e-05,-1.5971853733062744,5.105490207672119,2380,3.910527467727661,1710,5.586061000823975,6,nan,0,nan,0
744,3047424,54525.3,56.0,38.83,34.36,10,0.125,486,0.19547325102880658,237,44,133,10,50,0,0,28,-5.450065534885348,17.126582278481013,-0.4777798056602478,0.0,,-0.07107391925528646,25.23992786407471,-0.7147015750408172,7.030579710006714,0.1141773718642071,0.417919921875,16.03702700138092,-1.57160684466362e-09,0.37675726413726807,7.185261003070624e-05,-1.598097562789917,5.014840602874756,2378,3.7849934101104736,1708,2.849111318588257,10,nan,0,nan,0
745,3051520,54598.7,56.1,38.62,34.35,10,0.125,210,0.2,236,48,133,15,40,0,0,26,-5.287619591292675,17.453389830508474,-0.4496854543685913,0.0,,-0.06866232918109745,26.140659868717194,-0.7182551801204682,7.311328476667404,0.17470458298630548,0.444873046875,16.830937647819518,-1.1641532182693481e-09,0.40222811698913574,7.154554759467758e-05,-1.5988898277282715,5.115046977996826,2494,3.8837409019470215,1594,4.722609996795654,8,nan,0,nan,0
746,3055616,54672.2,56.1,38.71,34.35,10,0.125,463,0.183585313174946,253,43,137,13,60,0,0,29,-5.146457809963253,16.454545454545453,-0.5189216732978821,0.0,,-0.07155258064158261,24.84207248687744,-0.7211295604705811,6.74330598115921,0.24499500807723962,0.4857421875,12.676602840423584,-1.0477378964424133e-09,0.38317322731018066,7.123848515864892e-05,-1.599687099456787,4.911842346191406,2324,3.7460920810699463,1756,3.937267541885376,16,nan,0,nan,0
747,3059712,54745.9,56.0,38.79,34.35,10,0.125,193,0.20207253886010362,242,46,127,18,51,0,0,28,-5.4000810238969,16.96694214876033,-0.46599632501602173,0.0,,-0.07301518257008865,26.426298797130585,-0.7242936372756958,6.938618266582489,0.19543490115611348,0.447412109375,13.042644548416138,-8.731149137020111e-10,0.38546985387802124,7.093142272262026e-05,-1.6004749536514282,4.966428756713867,2387,3.847926378250122,1702,4.091554164886475,7,nan,0,nan,0
748,3063808,54818.8,56.6,38.07,34.36,10,0.125,438,0.1735159817351598,245,37,137,7,64,0,0,26,-5.450747705846228,16.522448979591836,-0.5443638563156128,0.0,,-0.0685238080797717,21.883144038915635,-0.7278943300247193,7.291373777389526,0.12089087878412101,0.41650390625,17.379051208496094,-7.566995918750763e-10,0.4086024761199951,7.06243602865916e-05,-1.601398229598999,5.193753719329834,2418,3.8678762912750244,1676,4.105603218078613,2,nan,0,nan,0
749,3067904,54892.6,55.9,38.98,34.36,10,0.125,168,0.2619047619047619,242,61,112,19,50,0,0,43,-5.291785398205277,16.962809917355372,-0.3867513835430145,0.0,,-0.06106536211445927,32.17741329669953,-0.7309681415557862,7.204136538505554,0.08285468221001793,0.363623046875,28.37693920135498,-1.862645149230957e-09,0.4007413387298584,7.031729785056294e-05,-1.6019837856292725,5.027817249298096,2524,3.9201948642730713,1567,4.185244560241699,5,nan,0,nan,0
750,3072000,54966.1,56.1,38.68,34.38,10,0.125,409,0.20537897310513448,241,40,129,13,59,0,0,19,-5.359669041248623,16.95850622406639,-0.5171016454696655,0.0,,-0.062034163833595814,24.6732185959816,-0.7336083233356476,7.165925258398056,0.10817475606163499,0.40771484375,19.71077427864075,-1.6880221664905548e-09,0.35393738746643066,7.001023541453428e-05,-1.6027367115020752,5.1430983543396,2398,3.971906900405884,1698,nan,0,nan,0,nan,0
751,3076096,55039.7,56.1,38.66,34.37,10,0.125,144,0.18055555555555555,247,42,139,12,54,0,0,22,-5.164483410125972,16.655870445344128,-0.521782398223877,0.0,,-0.06775836267624982,25.395284032821657,-0.7362181127071381,6.782023042440414,0.2010246404563077,0.4505859375,14.088772678375244,-9.313225746154785e-10,0.37973904609680176,6.970317297850562e-05,-1.6033051013946533,4.939703464508057,2315,3.7423386573791504,1771,2.3331902027130127,10,nan,0,nan,0
752,3080192,55113.6,55.8,39.06,34.38,10,0.125,379,0.18469656992084432,235,44,130,18,43,0,0,29,-5.53996632850989,17.170212765957448,-0.46240246295928955,0.0,,-0.06335422708652913,26.01874018907547,-0.7379623174667358,7.1895099699497225,0.20426845208567102,0.46767578125,15.495758008956908,-1.1059455573558807e-09,0.37443166971206665,6.939611054247696e-05,-1.6035571098327637,4.999200820922852,2423,3.900681734085083,1662,2.787893295288086,11,nan,0,nan,0
753,3084288,55187.3,55.9,38.9,34.38,10,0.125,103,0.17475728155339806,236,39,131,14,52,0,0,22,-5.273503871768622,17.385593220338983,-0.4881349802017212,0.0,,-0.06529747708700598,25.35350275039673,-0.739243745803833,6.933832341432572,0.11310109702171758,0.40166015625,18.113284134864806,-5.820766091346741e-11,0.32532161474227905,6.90890481064483e-05,-1.6040209531784058,5.003501892089844,2478,3.874350070953369,1617,2.621406316757202,1,nan,0,nan,0
754,3088384,55261.3,55.7,39.2,34.37,10,0.125,355,0.18873239436619718,252,49,145,17,41,0,0,26,-5.158863397439255,16.58730158730159,-0.4914945065975189,0.0,,-0.06885964550310746,28.35134060382843,-0.7413785398006439,6.775015109777451,0.20738692114828156,0.472021484375,15.574818325042724,-2.0954757928848267e-09,0.3598816394805908,6.878198567041964e-05,-1.6046193838119507,4.905632495880127,2328,3.6804916858673096,1764,2.766303300857544,4,nan,0,nan,0
755,3092480,55335.2,55.8,39.0,34.36,10,0.125,88,0.125,245,34,140,14,57,0,0,16,-5.050015981230209,16.493877551020407,-0.5473166704177856,0.0,,-0.06244088424136862,22.727939236164094,-0.7438089787960053,6.9471290647983555,0.16075314349145628,0.45126953125,15.91444697380066,-1.5133991837501526e-09,0.3361015319824219,6.847492323439098e-05,-1.6052265167236328,4.951286315917969,2492,3.7756779193878174,1604,nan,0,nan,0,nan,0
756,3096576,55408.6,56.1,38.57,34.42,10,0.125,332,0.16265060240963855,244,43,128,10,63,0,0,27,-5.535392998553719,16.770491803278688,-0.48460063338279724,0.0,,-0.06316335630835965,26.119355940818785,-0.7461127161979675,6.908286941051483,0.1898885601636721,0.456787109375,17.37763171195984,-6.402842700481415e-10,0.3546467423439026,6.816786079836232e-05,-1.6057300567626953,5.104844570159912,2416,3.7556848526000977,1677,2.738929510116577,3,nan,0,nan,0
757,3100672,55482.4,55.8,39.02,34.34,10,0.125,61,0.19672131147540983,241,41,140,15,45,0,0,29,-5.067128343190416,17.070539419087137,-0.4992305338382721,0.0,,-0.06710383943282068,23.770144319534303,-0.7484838187694549,7.048306721448898,0.2077461175591452,0.43271484375,14.900297284126282,-5.238689482212067e-10,0.3784201145172119,6.786079836233366e-05,-1.6064631938934326,4.999661922454834,2433,3.832909107208252,1657,6.2912116050720215,6,nan,0,nan,0
758,3104768,55556.1,55.9,38.83,34.41,10,0.125,295,0.18305084745762712,234,42,136,15,41,0,0,24,-5.66748667630467,17.29059829059829,-0.4697626233100891,0.0,,-0.06511364654288627,26.922572195529938,-0.7513657689094544,7.190699714422226,0.17269332280848176,0.446923828125,15.257793736457824,-2.0372681319713593e-09,0.34424489736557007,6.7553735926305e-05,-1.6071141958236694,5.17586088180542,2451,3.8302197456359863,1635,3.7877769470214844,10,nan,0,nan,0
759,3108864,55629.7,56.1,38.65,34.41,10,0.125,32,0.1875,249,44,138,9,58,0,0,27,-5.403967263613693,16.57429718875502,-0.5148072838783264,0.0,,-0.06980903507210315,25.945551228523254,-0.7543602466583252,7.05466610789299,0.1831938480201643,0.453125,15.465054702758788,-5.238689482212067e-10,0.37273943424224854,6.724667349027634e-05,-1.6080093383789062,5.005115032196045,2395,3.89789080619812,1699,2.559661626815796,2,nan,0,nan,0
760,3112960,55703.2,56.0,38.76,34.37,10,0.125,275,0.19636363636363635,243,48,133,8,54,0,0,29,-5.452406161896312,16.909465020576132,-0.45853424072265625,0.0,,-0.0714505520358216,28.132320725917815,-0.7575847864151001,7.081422126293182,0.13603146634122823,0.44658203125,16.87436399459839,-9.313225746154785e-10,0.36315929889678955,6.693961105424768e-05,-1.60868501663208,5.02462911605835,2400,3.966730833053589,1693,3.395019292831421,3,nan,0,nan,0
761,3117056,55776.5,56.2,38.48,34.37,10,0.125,10,0.1,247,46,139,15,47,0,0,28,-5.123400307802941,16.692307692307693,-0.49612370133399963,0.0,,-0.07399965692311525,26.53627601861954,-0.7601752161979676,6.571512657403946,0.16643407057854348,0.448583984375,15.515799045562744,-1.57160684466362e-09,0.354916512966156,6.663254861821902e-05,-1.6093041896820068,4.856288909912109,2333,3.640270233154297,1755,5.117684364318848,8,nan,0,nan,0
762,3121152,55850.5,55.8,39.07,34.39,10,0.125,249,0.21686746987951808,239,53,123,12,51,0,0,30,-5.118636106923535,16.97907949790795,-0.43145158886909485,0.0,,-0.07160575436428189,28.40117828845978,-0.7626081228256225,6.994737249612808,0.16453000611509197,0.4451171875,18.561799383163454,-1.1059455573558807e-09,0.41174572706222534,6.632548618219036e-05,-1.609920859336853,5.077303409576416,2504,3.8016715049743652,1591,3.9620132446289062,1,nan,0,nan,0
763,3125248,55923.8,56.2,38.46,34.38,10,0.125,486,0.19958847736625515,237,43,128,10,56,0,0,25,-5.236155673152748,17.282700421940927,-0.4734230637550354,0.0,,-0.07546424942556769,25.146666169166565,-0.765221631526947,7.398768585920334,0.1412312796426704,0.43310546875,17.777999591827392,-4.656612873077393e-10,0.4008605480194092,6.60184237461617e-05,-1.6105833053588867,5.22083854675293,2426,3.9843852519989014,1659,3.818768262863159,11,nan,0,nan,0
764,3129344,55996.6,56.6,37.96,34.39,10,0.125,214,0.17757009345794392,240,41,136,14,49,0,0,23,-4.934312982182331,16.983333333333334,-0.49120962619781494,0.0,,-0.06926825302653014,24.483337068557738,-0.7671672761440277,6.791078579425812,0.19252753944892903,0.44765625,15.883655500411987,-1.1059455573558807e-09,0.39141249656677246,6.571136131013307e-05,-1.6109247207641602,4.968820095062256,2349,3.7467567920684814,1736,5.855361461639404,11,nan,0,nan,0
765,3133440,56070.0,56.2,38.55,34.37,10,0.125,457,0.16192560175054704,243,36,131,18,58,0,0,20,-5.038049400875292,16.901234567901234,-0.5280460119247437,0.0,,-0.07007817660924047,23.085545682907103,-0.7685389876365661,6.852611857652664,0.13290257049084175,0.423046875,16.66589961051941,-1.1059455573558807e-09,0.3782927393913269,6.54042988741044e-05,-1.6112512350082397,4.9867262840271,2362,3.7582061290740967,1732,3.1916065216064453,2,nan,0,nan,0
766,3137536,56143.9,55.8,39.0,34.37,10,0.125,190,0.1631578947368421,245,41,139,11,54,0,0,26,-4.9811223830598275,16.79591836734694,-0.4903373122215271,0.0,,-0.0708395702764392,21.768541729450227,-0.7701879978179932,6.847351348400116,0.16397472410753836,0.46767578125,13.034137058258057,-6.984919309616089e-10,0.36585891246795654,6.509723643807575e-05,-1.6118311882019043,5.017579555511475,2333,3.7638747692108154,1762,2.013422966003418,1,nan,0,nan,0
767,3141632,56217.8,55.8,39.03,34.41,10,0.125,425,0.1623529411764706,235,38,138,18,41,0,0,25,-5.382961750030766,17.438297872340424,-0.4845941662788391,0.0,,-0.06483916990691796,24.71681891679764,-0.7730346262454987,7.168560707569123,0.1483312688447768,0.434130859375,15.019789862632752,-8.731149137020111e-10,0.35058534145355225,6.479017400204709e-05,-1.6126197576522827,5.113519191741943,2393,3.711261510848999,1691,3.694634199142456,12,nan,0,nan,0
768,3145728,56291.3,56.1,38.63,34.41,10,0.125,160,0.18125,247,44,124,16,63,0,0,27,-5.408068871069924,16.36842105263158,-0.49961939454078674,0.0,,-0.06849134725052863,25.410756951570512,-0.7761680901050567,7.2566336512565615,0.12989377206831704,0.424609375,15.873687648773194,-1.3387762010097504e-09,0.3870423436164856,6.448311156601843e-05,-1.6133569478988647,5.1595563888549805,2325,3.9750373363494873,1764,9.409550666809082,7,nan,0,nan,0
769,3149824,56365.2,55.7,39.13,34.38,10,0.125,400,0.2,240,51,128,15,46,0,0,33,-5.390249366208679,17.408333333333335,-0.4449783265590668,0.0,,-0.07445410462096333,27.4873419880867,-0.7784307599067688,7.187727802991867,0.19291423432878219,0.418701171875,17.7123854637146,-1.7462298274040222e-10,0.4049336910247803,6.417604912998977e-05,-1.6137615442276,5.081209182739258,2426,3.940229892730713,1660,3.880882740020752,10,nan,0,nan,0
770,3153920,56437.8,56.8,37.75,34.37,10,0.125,123,0.21951219512195122,235,45,130,15,45,0,0,31,-5.480761673678417,17.459574468085105,-0.4590606987476349,0.0,,-0.06855274853296578,26.617193138599397,-0.7802841484546661,7.169055819511414,0.0902868165227119,0.378515625,17.592041015625,-1.5133991837501526e-09,0.38885581493377686,6.38689866939611e-05,-1.6143455505371094,5.124522686004639,2389,3.842435836791992,1702,1.3744924068450928,5,nan,0,nan,0
771,3158016,56511.4,56.0,38.77,34.36,10,0.125,359,0.17827298050139276,236,37,137,18,44,0,0,28,-5.3339980496995265,17.258474576271187,-0.50858074426651,0.0,,-0.06480511859990656,23.001497411727904,-0.7826233029365539,7.160533308982849,0.12566182462323922,0.415087890625,16.938543844223023,-6.402842700481415e-10,0.3834104537963867,6.356192425793245e-05,-1.6149061918258667,5.107606410980225,2431,3.813237428665161,1656,9.456254005432129,9,nan,0,nan,0
772,3162112,56585.1,55.9,38.93,34.36,10,0.125,90,0.1111111111111111,243,41,129,21,52,0,0,25,-5.47154643717579,16.83127572016461,-0.5054539442062378,0.0,,-0.06969920054543763,26.543885838985442,-0.7853603839874268,6.956919783353806,0.14054455732693896,0.444970703125,17.942132234573364,-9.313225746154785e-10,0.3417589068412781,6.325486182190379e-05,-1.6156585216522217,4.962006092071533,2409,3.8779406547546387,1681,4.6746320724487305,6,nan,0,nan,0
773,3166208,56658.5,56.2,38.55,34.39,10,0.125,331,0.16314199395770393,241,44,113,21,63,0,0,27,-5.078685693551435,16.846473029045644,-0.48992854356765747,0.0,,-0.07002180449198932,26.192395746707916,-0.7882339775562286,7.170418453216553,0.15218446298677007,0.431640625,16.34015522003174,-7.566995918750763e-10,0.37694233655929565,6.294779938587513e-05,-1.6163702011108398,5.164481163024902,2450,3.8781938552856445,1637,8.71621036529541,9,nan,0,nan,0
774,3170304,56732.2,56.0,38.8,34.39,10,0.125,60,0.21666666666666667,241,41,131,13,56,0,0,23,-5.568448804150922,17.12033195020747,-0.4791823625564575,0.0,,-0.07091508042067289,26.16174923181534,-0.7910582423210144,6.994446116685867,0.17008100287930575,0.4279296875,15.915224480628968,-8.149072527885437e-10,0.34307432174682617,6.264073694984647e-05,-1.6170953512191772,5.077364921569824,2472,3.7752342224121094,1613,3.902482509613037,11,nan,0,nan,0
775,3174400,56806.0,55.9,38.9,34.41,10,0.125,299,0.22408026755852842,239,54,123,13,49,0,0,38,-5.481313533887812,17.192468619246863,-0.41765373945236206,0.0,,-0.06808079164475203,29.059644746780396,-0.7938522219657898,6.989218837022781,0.1565482784935739,0.423046875,18.85199704170227,-2.3283064365386963e-10,0.4137793183326721,6.233367451381781e-05,-1.6177165508270264,5.069622993469238,2485,3.7368204593658447,1607,4.887660980224609,4,nan,0,nan,0
776,3178496,56879.8,55.9,38.88,34.4,10,0.125,28,0.35714285714285715,241,43,134,11,53,0,0,22,-5.196045291767344,16.854771784232366,-0.4840972423553467,0.0,,-0.06782173530664296,25.88013470172882,-0.7962361216545105,7.093907964229584,0.14542417392658535,0.4228515625,18.188550090789796,-6.402842700481415e-10,0.34981054067611694,6.202661207778915e-05,-1.6183007955551147,5.040318965911865,2325,3.9275028705596924,1763,3.5017006397247314,8,nan,0,nan,0
777,3182592,56953.4,56.0,38.72,34.38,10,0.125,265,0.25660377358490566,237,58,119,22,38,0,0,37,-5.232855270233514,17.30801687763713,-0.3934616148471832,0.0,,-0.06621724381111563,31.294688725471495,-0.798076456785202,6.8979119002819065,0.15279519589967094,0.4470703125,18.316759061813354,-3.4924596548080444e-10,0.37757211923599243,6.171954964176049e-05,-1.618664026260376,4.9587578773498535,2418,3.7627499103546143,1675,2.068326234817505,3,nan,0,nan,0
778,3186688,57027.4,55.6,39.21,34.41,10,0.125,503,0.21868787276341947,238,42,139,17,40,0,0,26,-5.294821919712524,17.27310924369748,-0.48240798711776733,0.0,,-0.06375160709721968,24.513273668289184,-0.7994869530200959,6.824988609552383,0.14435927394661122,0.39169921875,18.248649835586548,-8.149072527885437e-10,0.37449049949645996,6.141248720573183e-05,-1.618983507156372,4.926292419433594,2453,3.634315252304077,1631,3.338503122329712,12,nan,0,nan,0
779,3190784,57100.6,56.3,38.35,34.4,10,0.125,224,0.19642857142857142,233,45,143,8,37,0,0,30,-5.418504509806824,17.536480686695278,-0.4520288407802582,0.0,,-0.07204721204470843,27.255965340137482,-0.8013094425201416,7.211796659231186,0.15212166451383383,0.400341796875,18.24693818092346,-1.1641532182693481e-09,0.39684635400772095,6.110542476970317e-05,-1.619689702987671,5.117051601409912,2397,3.8277416229248047,1696,3.5275285243988037,3,nan,0,nan,0
780,3194880,57174.7,55.6,39.23,34.39,10,0.125,466,0.18240343347639484,242,41,144,16,41,0,0,28,-5.472414703170041,16.925619834710744,-0.4991406202316284,0.0,,-0.06761214074213058,25.870171535015107,-0.8045145332813263,6.858078104257584,0.08971411928068847,0.397314453125,17.92318515777588,-2.9103830456733704e-10,0.32820677757263184,6.079836233367451e-05,-1.6204293966293335,4.967409610748291,2388,3.657315492630005,1707,3.2232649326324463,1,nan,0,nan,0
781,3198976,57247.6,56.5,38.04,34.43,10,0.125,189,0.21164021164021163,235,47,134,14,40,0,0,31,-5.243536890477547,17.485106382978724,-0.4437287449836731,0.0,,-0.07025416870601475,27.84698076248169,-0.8077779173851013,7.283584624528885,0.11057576799648813,0.392578125,16.11109528541565,-1.6298145055770874e-09,0.3703731298446655,6.049129989764585e-05,-1.6214966773986816,5.089144229888916,2435,3.7844173908233643,1659,8.269586563110352,2,nan,0,nan,0
782,3203072,57322.1,55.4,39.59,34.35,10,0.125,432,0.18518518518518517,243,40,147,14,42,0,0,26,-5.507810066248265,16.921810699588477,-0.5080373287200928,0.0,,-0.06617346778512001,25.555850446224213,-0.811782056093216,6.936056286096573,0.15292795546120033,0.4396484375,18.823131942749022,-1.57160684466362e-09,0.3310883045196533,6.018423746161719e-05,-1.622236967086792,5.065211296081543,2299,3.798734426498413,1788,2.601821184158325,9,nan,0,nan,0
783,3207168,57395.7,55.9,38.86,34.37,10,0.125,160,0.15625,240,43,140,15,42,0,0,29,-4.912870002910558,17.020833333333332,-0.49453961849212646,0.0,,-0.07260159917641432,25.407635724544527,-0.814255827665329,6.538096523284912,0.17633823569340165,0.437744140625,14.264147973060608,-9.313225746154785e-10,0.35390037298202515,5.987717502558853e-05,-1.6228344440460205,4.886194705963135,2320,3.817767858505249,1759,2.850011110305786,17,nan,0,nan,0
784,3211264,57469.5,55.9,38.9,34.35,10,0.125,394,0.1649746192893401,234,40,134,19,41,0,0,29,-5.6557436295565795,17.414529914529915,-0.48442542552948,0.0,,-0.06852685618214309,26.161189126968384,-0.8166748285293579,7.124866861104965,0.22129717083007563,0.417724609375,17.423452043533324,-1.6880221664905548e-09,0.3706687092781067,5.957011258955987e-05,-1.6234474182128906,5.1187520027160645,2392,3.8514277935028076,1704,nan,0,nan,0,nan,0
785,3215360,57543.6,55.6,39.21,34.4,10,0.125,131,0.20610687022900764,249,47,130,13,59,0,0,30,-5.212300154463275,16.59036144578313,-0.471156507730484,0.0,,-0.06950451976154,26.177167677879332,-0.8192464888095856,6.811972361803055,0.1394867775728926,0.443408203125,17.132303595542908,-4.656612873077393e-10,0.39660996198654175,5.926305015353121e-05,-1.624089002609253,4.968313694000244,2489,3.7835094928741455,1606,5.043086051940918,1,nan,0,nan,0
786,3219456,57617.2,56.0,38.73,34.4,10,0.125,371,0.1752021563342318,240,38,123,21,58,0,0,22,-5.7278969515854,16.8375,-0.5033109784126282,0.0,,-0.07088145157322287,24.350935781002043,-0.8217255711555481,7.461952137947082,0.150320020475192,0.451220703125,13.048454904556275,-5.820766091346741e-10,0.37862473726272583,5.895598771750255e-05,-1.6246963739395142,5.253596782684326,2422,3.940521001815796,1672,2.7634730339050293,2,nan,0,nan,0
787,3223552,57690.6,56.2,38.55,34.39,10,0.125,100,0.17,241,41,137,16,47,0,0,28,-5.124429823095015,16.95850622406639,-0.5069705247879028,0.0,,-0.07001327946782113,24.6078720331192,-0.8243512988090516,7.006425082683563,0.14334382491360884,0.43828125,18.702331256866454,-7.566995918750763e-10,0.36088359355926514,5.864892528147389e-05,-1.6253941059112549,4.973294258117676,2344,3.8910510540008545,1744,5.255708694458008,8,nan,0,nan,0
788,3227648,57763.5,56.5,38.04,34.39,10,0.125,337,0.18991097922848665,237,47,142,15,33,0,0,30,-5.4458843509142945,17.21518987341772,-0.4582188129425049,0.0,,-0.06727269631810487,26.36145305633545,-0.8268622517585754,7.004223746061325,0.18129554595216177,0.43623046875,19.291280603408815,-6.984919309616089e-10,0.36725348234176636,5.834186284544523e-05,-1.6259291172027588,5.0608015060424805,2299,3.7956340312957764,1795,3.676081657409668,2,nan,0,nan,0
789,3231744,57837.1,56.0,38.72,34.38,10,0.125,56,0.25,231,48,141,8,34,0,0,23,-5.546705105752735,17.783549783549784,-0.4375266432762146,0.0,,-0.0718843734357506,28.323621916770936,-0.8289320588111877,7.285000997781753,0.1470459200674668,0.424853515625,17.720528221130373,4.0745362639427185e-10,0.3762158155441284,5.803480040941657e-05,-1.6264543533325195,5.189553737640381,2303,3.920243263244629,1791,3.29938006401062,2,nan,0,nan,0
790,3235840,57911.2,55.7,39.23,34.37,10,0.125,292,0.23972602739726026,236,56,134,15,31,0,0,33,-5.5315015348366705,17.546610169491526,-0.3971179127693176,0.0,,-0.07149992857594042,30.89170695543289,-0.830882054567337,6.938820457458496,0.15979790297278668,0.42255859375,18.625340843200682,-2.0954757928848267e-09,0.38474971055984497,5.772773797338791e-05,-1.6268877983093262,5.005695819854736,2397,3.767462968826294,1691,8.546854019165039,8,nan,0,nan,0
791,3239936,57985.1,55.8,38.99,34.42,10,0.125,24,0.20833333333333334,244,43,124,19,58,0,0,28,-5.2997976482089,16.704918032786885,-0.49005645513534546,0.0,,-0.06737775251967833,25.331457662582398,-0.8326994001865387,6.890292626619339,0.12137315873696934,0.394580078125,17.697697162628174,-2.9103830456733704e-10,0.3941994309425354,5.742067553735925e-05,-1.6273664236068726,5.1501030921936035,2404,3.7270777225494385,1685,3.7278096675872803,7,nan,0,nan,0
792,3244032,58058.0,56.5,38.04,34.43,10,0.125,252,0.15476190476190477,228,34,140,15,39,0,0,23,-5.244243108905536,18.05263157894737,-0.5128175020217896,0.0,,-0.06395767682697624,22.715825247764588,-0.8347703039646148,7.330880409479141,0.11919598858803511,0.388818359375,17.255784797668458,-1.1059455573558807e-09,0.3732565641403198,5.711361310133059e-05,-1.6279692649841309,5.303014755249023,2342,3.97544002532959,1737,4.6126909255981445,17,nan,0,nan,0
793,3248128,58131.4,56.2,38.56,34.38,10,0.125,494,0.15384615384615385,242,37,141,17,47,0,0,24,-4.988441097486284,16.94214876033058,-0.5162854790687561,0.0,,-0.06963394421618432,23.79345496892929,-0.8373572289943695,7.273165625333786,0.12473324229067657,0.3833984375,17.548873233795167,-1.2223608791828156e-09,0.3480793833732605,5.680655066530193e-05,-1.62857985496521,5.242700099945068,2241,3.856830358505249,1848,4.901944160461426,7,nan,0,nan,0
794,3252224,58204.9,56.1,38.61,34.39,10,0.125,224,0.15178571428571427,242,37,137,16,52,0,0,26,-5.46781675531456,16.793388429752067,-0.5213335752487183,0.0,,-0.06297431016573682,22.619868052005767,-0.8391347467899323,7.094752377271652,0.17957930320408194,0.4294921875,15.47906129360199,-4.656612873077393e-10,0.4028838276863098,5.649948822927327e-05,-1.6288949251174927,5.052637577056885,2326,3.8981056213378906,1763,3.3665757179260254,7,nan,0,nan,0
795,3256320,58278.3,56.2,38.49,34.39,10,0.125,457,0.16192560175054704,233,40,130,16,47,0,0,27,-4.908262526042954,17.56223175965665,-0.4795786142349243,0.0,,-0.07085341897327453,24.082367968559264,-0.8405246317386628,6.996824193000793,0.1703710657398915,0.416796875,17.95281457901001,-4.656612873077393e-10,0.3804846405982971,5.619242579324461e-05,-1.6293118000030518,5.139625072479248,2438,3.706204891204834,1652,4.3575568199157715,6,nan,0,nan,0
796,3260416,58351.9,56.0,38.75,34.38,10,0.125,185,0.15135135135135136,240,37,139,21,43,0,0,23,-5.543052359430445,17.120833333333334,-0.5129222869873047,0.0,,-0.06843262650072575,23.143134129047393,-0.8425635397434235,6.858388662338257,0.08978359611064661,0.37783203125,16.899184918403627,-8.149072527885437e-10,0.36712121963500977,5.588536335721595e-05,-1.6299078464508057,5.044417381286621,2327,3.7350826263427734,1763,4.853091716766357,6,nan,0,nan,0
797,3264512,58425.1,56.3,38.33,34.43,10,0.125,416,0.17307692307692307,231,44,134,4,49,0,0,29,-5.453631216276833,17.766233766233768,-0.45566654205322266,0.0,,-0.07327618931885808,26.4573145031929,-0.8443889796733857,7.276186096668243,0.12008247268968261,0.4208984375,16.24932208061218,-4.0745362639427185e-10,0.38947218656539917,5.557830092118729e-05,-1.6301580667495728,5.240221977233887,2398,3.9089810848236084,1682,4.393974304199219,16,nan,0,nan,0
798,3268608,58499.1,55.7,39.18,34.39,10,0.125,151,0.16556291390728478,247,45,126,14,62,0,0,30,-5.106012655829963,16.655870445344128,-0.4855406880378723,0.0,,-0.06119934122543782,26.22734751701355,-0.8456838130950928,6.873318898677826,0.17240604150865693,0.436962890625,19.094642210006715,-6.402842700481415e-10,0.38804590702056885,5.527123848515863e-05,-1.6306195259094238,4.926542282104492,2434,3.8451688289642334,1658,4.862618923187256,4,nan,0,nan,0
799,3272704,58572.2,56.4,38.28,34.39,10,0.125,391,0.2071611253196931,240,56,123,16,45,0,0,35,-5.107946835902361,17.045833333333334,-0.4063246250152588,0.0,,-0.06615732805803418,29.574913704395293,-0.8476189851760865,6.932758289575577,0.11377620556449983,0.38837890625,19.244944429397584,-1.57160684466362e-09,0.40024954080581665,5.496417604912997e-05,-1.6311070919036865,5.031139850616455,2446,3.7337560653686523,1638,4.291891098022461,12,nan,0,nan,0
800,3276800,58645.6,56.2,38.47,34.39,10,0.125,117,0.1111111111111111,238,32,141,15,50,0,0,21,-5.112139730779146,17.352941176470587,-0.5371960401535034,0.0,,-0.06042913018609397,22.246919178962706,-0.8495595037937165,7.434625673294067,0.08596340136718936,0.359228515625,19.16781735420227,-7.566995918750763e-10,0.34696412086486816,5.465711361310131e-05,-1.6315888166427612,5.292683124542236,2433,3.8137013912200928,1657,2.380666494369507,6,nan,0,nan,0
801,3280896,58719.7,55.6,39.25,34.39,10,0.125,360,0.17777777777777778,243,51,123,22,47,0,0,28,-5.523013565312146,16.843621399176953,-0.4437447190284729,0.0,,-0.06547187762334943,29.73091388940811,-0.8512968719005585,6.937360113859176,0.07323892472777516,0.36181640625,20.005419874191283,-1.6880221664905548e-09,0.3570377230644226,5.435005117707265e-05,-1.6319074630737305,4.985988616943359,2254,3.8749186992645264,1837,3.1134843826293945,5,nan,0,nan,0
802,3284992,58793.4,55.9,38.82,34.4,10,0.125,86,0.12790697674418605,238,42,133,14,49,0,0,27,-5.9148396940393075,17.126050420168067,-0.46804243326187134,0.0,,-0.06910460616927594,25.921585536003114,-0.852684760093689,7.416149169206619,0.11076858624583111,0.390283203125,18.092407298088073,-2.3283064365386963e-10,0.34809720516204834,5.404298874104399e-05,-1.6324456930160522,5.404757976531982,2452,3.821995496749878,1642,2.1790623664855957,2,nan,0,nan,0
803,3289088,58866.8,56.1,38.58,34.39,10,0.125,316,0.16772151898734178,230,42,132,13,43,0,0,22,-5.1572353979851275,17.67391304347826,-0.4633250832557678,0.0,,-0.0674329994013533,25.29544562101364,-0.855408889055252,7.1007733881473545,0.08858263044967316,0.350537109375,17.569526958465577,5.820766091346741e-11,0.37618619203567505,5.3735926305015364e-05,-1.633206844329834,5.150084972381592,2363,3.861783266067505,1730,2.5876305103302,3,nan,0,nan,0
804,3293184,58940.3,56.1,38.65,34.42,10,0.125,43,0.16279069767441862,239,48,126,16,49,0,0,26,-5.1173607203580564,17.246861924686193,-0.44677120447158813,0.0,,-0.07203715461073443,28.087959814071656,-0.8582558691501617,7.318436086177826,0.11472803637443577,0.408837890625,19.528193187713622,-2.3283064365386963e-10,0.3619282841682434,5.3428863868986704e-05,-1.6338211297988892,5.140931606292725,2454,3.9482407569885254,1639,4.1957926750183105,3,nan,0,nan,0
805,3297280,59013.9,56.1,38.61,34.43,10,0.125,275,0.2109090909090909,232,51,121,22,38,0,0,30,-5.341464233557363,17.63362068965517,-0.407015323638916,0.0,,-0.07131715052528306,28.524039816856384,-0.8607689738273621,6.9815354406833645,0.15482766910281498,0.390625,18.750385522842407,-1.6298145055770874e-09,0.3790959119796753,5.3121801432958045e-05,-1.6344822645187378,5.133624076843262,2404,3.7618563175201416,1683,3.00742769241333,9,nan,0,nan,0
806,3301376,59086.8,56.5,38.08,34.44,10,0.125,507,0.1913214990138067,232,39,134,14,45,0,0,28,-5.1909612956452715,17.689655172413794,-0.478103905916214,0.0,,-0.06785894597414881,23.203626382350922,-0.8633602917194366,7.138107395172119,0.08786791024613194,0.372314453125,17.32177710533142,-2.3283064365386963e-09,0.37787508964538574,5.2814738996929385e-05,-1.6351306438446045,5.2012200355529785,2357,3.8806772232055664,1732,2.9492554664611816,7,nan,0,nan,0
807,3305472,59160.4,56.0,38.78,34.41,10,0.125,238,0.24789915966386555,243,59,120,13,51,0,0,39,-5.263491931376457,16.79835390946502,-0.3940414786338806,0.0,,-0.06188752502202988,32.40928580760956,-0.8658024907112122,6.845018535852432,0.11442215647548437,0.3353515625,25.59105453491211,-4.0745362639427185e-10,0.3835919499397278,5.2507676560900725e-05,-1.6356878280639648,4.964244365692139,2455,3.7990565299987793,1635,2.0170199871063232,6,nan,0,nan,0
808,3309568,59233.8,56.2,38.51,34.38,10,0.125,472,0.21610169491525424,234,43,136,16,39,0,0,27,-4.738193556266707,17.525641025641026,-0.47140592336654663,0.0,,-0.060146032553166154,25.606600964069365,-0.8680572748184204,7.047566139698029,0.14524463705311064,0.440234375,20.513404607772827,-7.566995918750763e-10,0.3788502812385559,5.2200614124872065e-05,-1.6362372636795044,5.153957366943359,2347,3.768432378768921,1741,4.386955261230469,8,nan,0,nan,0
809,3313664,59307.6,55.8,38.94,34.41,10,0.125,194,0.22164948453608246,234,51,131,16,36,0,0,30,-5.455230463252165,17.525641025641026,-0.40580353140830994,0.0,,-0.07107874860521406,29.067204296588898,-0.8703484535217285,7.01211331486702,0.11572152526350692,0.3865234375,17.590009784698488,-6.984919309616089e-10,0.3793324828147888,5.1893551688843405e-05,-1.6368752717971802,5.072586536407471,2392,3.772914409637451,1697,2.6082794666290283,7,nan,0,nan,0
810,3317760,59381.2,56.0,38.67,34.44,10,0.125,435,0.18850574712643678,241,39,137,13,52,0,0,21,-5.181673798718009,16.904564315352697,-0.51043701171875,0.0,,-0.06832854524836876,24.242072963714598,-0.8721693336963654,6.819293797016144,0.08650190944899805,0.36669921875,20.109164333343507,-1.4551915228366852e-09,0.37308043241500854,5.1586489252814745e-05,-1.637058138847351,5.033492088317871,2417,3.74223256111145,1677,5.822330474853516,2,nan,0,nan,0
811,3321856,59455.5,55.4,39.49,34.42,10,0.125,165,0.2,242,50,113,20,59,0,0,30,-5.427658371295431,16.946280991735538,-0.4298318326473236,0.0,,-0.07148293405771255,29.346122205257416,-0.87281054854393,6.964723920822143,0.12546080694301054,0.363623046875,20.800189208984374,-1.862645149230957e-09,0.369107186794281,5.1279426816786085e-05,-1.6373212337493896,5.070727825164795,2579,3.764523983001709,1517,nan,0,nan,0,nan,0
812,3325952,59529.3,55.9,38.87,34.41,10,0.125,402,0.1791044776119403,237,39,145,13,40,0,0,22,-5.081624374585719,17.371308016877638,-0.48650795221328735,0.0,,-0.06940459781326354,24.93609673976898,-0.8746581196784973,7.047639036178589,0.08641221487487201,0.359423828125,19.054782223701476,1.1641532182693481e-10,0.3680849075317383,5.0972364380757425e-05,-1.6379716396331787,5.089137554168701,2345,3.809330940246582,1748,2.9403598308563232,3,nan,0,nan,0
813,3330048,59603.0,55.9,38.85,34.41,10,0.125,130,0.2076923076923077,240,47,125,17,51,0,0,29,-5.181046814635638,17.008333333333333,-0.44928935170173645,0.0,,-0.07024819818325341,28.056879591941833,-0.8772437155246735,7.04937710762024,0.09224802461103536,0.36435546875,21.376394033432007,-8.149072527885437e-10,0.3642807602882385,5.0665301944728765e-05,-1.6385313272476196,5.078988552093506,2367,3.8445167541503906,1718,4.726370334625244,11,nan,0,nan,0
814,3334144,59676.4,56.2,38.53,34.39,10,0.125,366,0.17759562841530055,236,38,131,21,46,0,0,24,-5.315279417465899,17.25,-0.5000556707382202,0.0,,-0.06953477815259249,24.14470640420914,-0.8792011857032775,6.9678024590015415,0.13189333558257205,0.396142578125,16.94237563610077,-1.7462298274040222e-10,0.36052852869033813,5.0358239508700106e-05,-1.6390137672424316,5.088963031768799,2419,3.7905373573303223,1676,2.056901216506958,1,nan,0,nan,0
815,3338240,59750.0,56.0,38.73,34.38,10,0.125,95,0.15789473684210525,241,51,126,15,49,0,0,29,-5.102115705080614,17.04149377593361,-0.43199265003204346,0.0,,-0.0662942087976262,27.979232835769654,-0.8812365353107452,6.976073491573334,0.06326337105419952,0.331884765625,20.5693856716156,-5.820766091346741e-11,0.37475550174713135,5.0051177072671446e-05,-1.6395843029022217,5.076229095458984,2433,3.7486236095428467,1663,nan,0,nan,0,nan,0
816,3342336,59823.2,56.3,38.35,34.43,10,0.125,328,0.15853658536585366,233,37,142,11,43,0,0,24,-5.222271730692764,17.583690987124463,-0.4922710061073303,0.0,,-0.06799823203473351,23.503439569473265,-0.8837581217288971,7.162471002340316,0.12294659017934464,0.401904296875,15.910792660713195,5.238689482212067e-10,0.34190160036087036,4.9744114636642786e-05,-1.6401896476745605,5.159190654754639,2307,3.907163143157959,1780,4.11835241317749,9,nan,0,nan,0
817,3346432,59896.3,56.4,38.19,34.4,10,0.125,52,0.15384615384615385,236,39,143,11,43,0,0,25,-4.923306286510345,17.533898305084747,-0.48562198877334595,0.0,,-0.0643787088105455,23.62595530748367,-0.8860331296920776,6.86562420129776,0.18221170742472168,0.42568359375,14.702001094818115,-1.9208528101444244e-09,0.38237279653549194,4.9437052200614126e-05,-1.6407318115234375,4.988452434539795,2328,3.8151800632476807,1760,4.832151412963867,8,nan,0,nan,0
818,3350528,59970.1,55.8,38.96,34.41,10,0.125,294,0.1870748299319728,242,47,123,21,51,0,0,24,-5.421175507175983,17.0,-0.4525204300880432,0.0,,-0.06797670843661763,26.75862444639206,-0.8881133556365967,7.012812972068787,0.1691614330455195,0.439599609375,15.143135738372802,-1.2223608791828156e-09,0.3610919713973999,4.9129989764585466e-05,-1.6412320137023926,5.104504585266113,2227,3.880183696746826,1865,2.3049073219299316,4,nan,0,nan,0
819,3354624,60043.3,56.3,38.35,34.4,10,0.125,13,0.15384615384615385,231,55,129,14,33,0,0,31,-5.494379666636285,17.536796536796537,-0.3883618712425232,0.0,,-0.06852587269386276,31.06711537837982,-0.8898108839988709,7.370641106367112,0.08250086006883066,0.342236328125,22.43952956199646,-2.0372681319713593e-09,0.3904910683631897,4.8822927328556806e-05,-1.6415722370147705,5.195308685302734,2427,3.9630064964294434,1666,5.193058013916016,3,nan,0,nan,0
820,3358720,60116.6,56.3,38.33,34.43,10,0.125,252,0.1746031746031746,239,42,129,12,56,0,0,22,-5.3085051087663855,17.284518828451883,-0.48276326060295105,0.0,,-0.06477034359704703,24.236478888988493,-0.8910850763320923,7.226469260454178,0.11957072887162212,0.354541015625,19.03534722328186,-1.3387762010097504e-09,0.4002009630203247,4.8515864892528146e-05,-1.6419224739074707,5.191897869110107,2433,3.87056303024292,1656,3.9174559116363525,7,nan,0,nan,0
821,3362816,60190.3,55.9,38.79,34.44,10,0.125,479,0.17954070981210857,227,42,137,11,37,0,0,30,-5.32380505584205,17.854625550660792,-0.4438130855560303,0.0,,-0.06611798238009214,26.258130180835725,-0.892902159690857,7.026433116197586,0.09849875975924079,0.35615234375,19.350048542022705,-1.7462298274040222e-09,0.33812612295150757,4.8208802456499486e-05,-1.6424769163131714,5.106461048126221,2454,3.813978433609009,1640,3.4721102714538574,2,nan,0,nan,0
822,3366912,60264.1,55.9,38.9,34.44,10,0.125,213,0.2347417840375587,246,57,121,17,51,0,0,37,-5.284422510453602,16.764227642276424,-0.39955371618270874,0.0,,-0.06982893752865493,30.219456267356872,-0.8951964020729065,6.973241955041885,0.07688022099318914,0.36025390625,17.958586406707763,-2.0372681319713593e-09,0.38478583097457886,4.7901740020470827e-05,-1.6430275440216064,5.0429792404174805,2346,3.853334903717041,1749,1.550313949584961,1,nan,0,nan,0
823,3371008,60337.5,56.2,38.53,34.41,10,0.125,452,0.23893805309734514,239,58,121,15,45,0,0,37,-5.232795486193096,16.88702928870293,-0.3871608376502991,0.0,,-0.06451839320361615,29.855570590496065,-0.8970268130302429,6.954836648702622,0.07363508852722589,0.323779296875,20.587951803207396,-2.9103830456733704e-10,0.41048651933670044,4.759467758444217e-05,-1.643371343612671,4.998037338256836,2470,3.8215999603271484,1625,3.6953024864196777,1,nan,0,nan,0
824,3375104,60411.1,56.0,38.72,34.44,10,0.125,185,0.1945945945945946,245,54,126,11,54,0,0,40,-5.247186190920046,16.706122448979592,-0.41743403673171997,0.0,,-0.07363933069864288,29.124075055122375,-0.8986398339271545,6.631595039367676,0.09398535437358077,0.372021484375,17.94754810333252,-6.402842700481415e-10,0.373060941696167,4.728761514841351e-05,-1.6438840627670288,4.893948078155518,2434,3.7058143615722656,1660,4.760458946228027,2,nan,0,nan,0
825,3379200,60485.2,55.6,39.21,34.4,10,0.125,425,0.2164705882352941,240,56,118,15,51,0,0,40,-5.123293411598255,17.091666666666665,-0.3848414421081543,0.0,,-0.07379925257992,28.307212197780608,-0.900619637966156,7.116031903028488,0.11238996434549335,0.375341796875,20.283163452148436,-2.0372681319713593e-09,0.4266401529312134,4.698055271238485e-05,-1.644360899925232,5.137448310852051,2467,3.8184361457824707,1626,4.223741054534912,3,nan,0,nan,0
826,3383296,60559.2,55.7,39.15,34.43,10,0.125,150,0.18,237,48,119,21,49,0,0,30,-5.304123646609579,17.236286919831223,-0.43894508481025696,0.0,,-0.06820013347314671,26.8339564204216,-0.9026463866233826,7.097392940521241,0.1295470131241018,0.3478515625,18.234138917922973,-1.1641532182693481e-10,0.3932039737701416,4.667349027635619e-05,-1.644869089126587,5.137371063232422,2392,3.8635635375976562,1702,8.50393295288086,2,nan,0,nan,0
827,3387392,60633.0,55.9,38.87,34.41,10,0.125,386,0.18393782383419688,236,44,130,20,42,0,0,33,-4.968768679731101,17.58050847457627,-0.4480234682559967,0.0,,-0.07613477818667888,25.6802281498909,-0.9044446885585785,6.9332132041454315,0.19574863686284516,0.429931640625,14.985382652282714,-1.862645149230957e-09,0.37937432527542114,4.636642784032753e-05,-1.6452522277832031,5.092843055725098,2400,3.7999191284179688,1695,3.842365264892578,1,nan,0,nan,0
828,3391488,60706.8,55.9,38.88,34.43,10,0.125,101,0.1782178217821782,227,37,133,12,45,0,0,22,-4.908174977073735,18.02202643171806,-0.4757748544216156,0.0,,-0.07164402944035828,24.19110835790634,-0.906260633468628,7.112655967473984,0.11829018730204552,0.42138671875,16.216226649284362,-6.402842700481415e-10,0.3796941041946411,4.605936540429887e-05,-1.6457737684249878,5.255797863006592,2498,3.762392282485962,1584,3.2924587726593018,14,nan,0,nan,0
829,3395584,60780.8,55.7,39.16,34.37,10,0.125,343,0.20116618075801748,242,51,131,12,48,0,0,39,-5.109505560537984,16.68595041322314,-0.43067991733551025,0.0,,-0.07554389585275204,26.637836503982545,-0.9080314695835113,6.844711548089981,0.10969451606506482,0.4142578125,14.4210599899292,-4.656612873077393e-10,0.3980024456977844,4.575230296827021e-05,-1.6461732387542725,5.030513763427734,2371,3.752379894256592,1725,nan,0,nan,0,nan,0
830,3399680,60854.1,56.2,38.44,34.41,10,0.125,61,0.11475409836065574,230,39,121,22,48,0,0,28,-5.462473055364421,17.9,-0.46194708347320557,0.0,,-0.07015246625524015,24.430598843097687,-0.9097868204116821,7.150872415304184,0.1007180263492046,0.37216796875,15.576530027389527,-1.5133991837501526e-09,0.3661271333694458,4.544524053224155e-05,-1.6466463804244995,5.229687690734863,2399,3.839867115020752,1696,4.257000923156738,1,nan,0,nan,0
831,3403776,60927.6,56.1,38.57,34.46,10,0.125,303,0.16501650165016502,242,43,143,10,46,0,0,25,-5.432183613765341,17.016528925619834,-0.48524922132492065,0.0,,-0.06516114012338221,26.982133412361144,-0.9117360234260559,7.157101094722748,0.07277769483916927,0.3625,17.557023096084595,-2.9103830456733704e-10,0.3651614785194397,4.513817809621289e-05,-1.6471292972564697,5.065955638885498,2306,3.9281277656555176,1790,nan,0,nan,0,nan,0
832,3407872,61001.1,56.0,38.65,34.44,10,0.125,32,0.1875,241,50,130,11,50,0,0,30,-5.190892096117982,17.16597510373444,-0.43589189648628235,0.0,,-0.06945336112403311,28.39453148841858,-0.913740074634552,6.943050092458725,0.1106526049610693,0.356103515625,16.263039803504945,0.0,0.39527350664138794,4.483111566018423e-05,-1.6476867198944092,5.041153907775879,2419,3.8876864910125732,1653,3.7383899688720703,24,nan,0,nan,0
833,3411968,61075.1,55.7,39.02,34.46,10,0.125,269,0.1895910780669145,237,45,125,18,49,0,0,29,-5.0037836573224,17.168776371308017,-0.4534832537174225,0.0,,-0.06996652802918106,25.677926576137544,-0.9159743368625641,6.816089183092117,0.11080839805363212,0.38388671875,14.78286690711975,-1.0477378964424133e-09,0.400346577167511,4.452405322415557e-05,-1.6482141017913818,5.0913190841674805,2374,3.717987537384033,1710,4.847653388977051,12,nan,0,nan,0
834,3416064,61148.2,56.4,38.22,34.43,10,0.125,506,0.1976284584980237,237,49,113,17,58,0,0,40,-5.458104889326115,17.282700421940927,-0.42042627930641174,0.0,,-0.07316516290884464,26.777810037136078,-0.918035751581192,7.25446983575821,0.13521165039564947,0.402197265625,14.373353385925293,-8.149072527885437e-10,0.42322880029678345,4.421699078812691e-05,-1.6486961841583252,5.159246444702148,2490,3.893237829208374,1600,3.354210615158081,6,nan,0,nan,0
835,3420160,61222.2,55.7,39.09,34.42,10,0.125,223,0.2242152466367713,229,52,119,25,33,0,0,26,-5.174683552954729,17.746724890829693,-0.3750499486923218,0.0,,-0.06931352275423705,29.107030165195464,-0.9197529315948486,7.033432298898697,0.12695769448473584,0.35751953125,19.44469246864319,-1.2223608791828156e-09,0.35033828020095825,4.390992835209825e-05,-1.6491221189498901,5.186994552612305,2368,3.7277519702911377,1724,5.227354049682617,4,nan,0,nan,0
836,3424256,61295.8,56.0,38.75,34.42,10,0.125,459,0.21568627450980393,236,49,124,14,49,0,0,33,-5.349651021341285,17.338983050847457,-0.43546217679977417,0.0,,-0.07099785716272891,27.568447124958038,-0.9217601656913758,7.099401915073395,0.13520554874266963,0.38935546875,17.09889702796936,-1.8044374883174896e-09,0.4052886962890625,4.360286591606959e-05,-1.6496953964233398,5.060344696044922,2429,3.9442529678344727,1659,4.422468662261963,8,nan,0,nan,0
837,3428352,61369.2,56.2,38.46,34.42,10,0.125,176,0.24431818181818182,229,53,128,13,35,0,0,32,-5.20961642480503,17.820960698689955,-0.39074140787124634,0.0,,-0.06512190453941002,28.65597630739212,-0.9241696655750274,7.025541955232621,0.5226087128277868,0.3455078125,23.313251399993895,-1.6298145055770874e-09,0.41472727060317993,4.329580348004092e-05,-1.650281310081482,5.0024895668029785,2425,3.8830041885375977,1669,3.359957695007324,2,nan,0,nan,0
838,3432448,61442.8,56.0,38.72,34.46,10,0.125,414,0.21014492753623187,238,44,130,18,46,0,0,30,-5.748417012862368,17.285714285714285,-0.4600222408771515,0.0,,-0.06611155758146196,27.363552033901215,-0.9262407064437866,7.246281677484513,0.08958713294414337,0.328515625,18.159047889709473,-5.820766091346741e-10,0.3779113292694092,4.298874104401226e-05,-1.6507657766342163,5.182825565338135,2278,3.928126811981201,1817,4.238226890563965,1,nan,0,nan,0
839,3436544,61516.1,56.2,38.48,34.42,10,0.125,143,0.23076923076923078,241,48,119,17,57,0,0,29,-5.37724679267027,17.04564315352697,-0.4293150305747986,0.0,,-0.07024760190397501,27.327692139148713,-0.9284614622592926,7.125628745555877,0.0958023409562884,0.387353515625,15.862820386886597,-5.238689482212067e-10,0.3783765435218811,4.26816786079836e-05,-1.65138578414917,5.196705341339111,2407,3.8707754611968994,1684,2.9974353313446045,5,nan,0,nan,0
840,3440640,61590.1,55.7,39.05,34.42,10,0.125,377,0.21750663129973474,234,49,138,7,40,0,0,32,-4.953615509899872,17.568376068376068,-0.4105384945869446,0.0,,-0.07214500028640032,29.615574884414674,-0.9307848274707794,7.106731104850769,0.09405215562146622,0.382080078125,19.864501094818117,-1.1059455573558807e-09,0.39207184314727783,4.237461617195494e-05,-1.6518967151641846,5.082867622375488,2498,3.7152156829833984,1592,3.8663218021392822,6,nan,0,nan,0
841,3444736,61664.1,55.7,39.16,34.4,10,0.125,105,0.18095238095238095,240,54,128,17,41,0,0,32,-5.070915802435541,17.108333333333334,-0.4067748785018921,0.0,,-0.06408076686784625,29.69444260597229,-0.9324095189571381,6.734915781021118,0.06717970586905722,0.308154296875,21.19431867599487,-9.89530235528946e-10,0.3348631262779236,4.206755373592628e-05,-1.652181625366211,4.9820942878723145,2371,3.7470436096191406,1722,4.5915985107421875,3,nan,0,nan,0
842,3448832,61737.6,56.0,38.69,34.42,10,0.125,337,0.20178041543026706,232,49,124,19,40,0,0,30,-5.465629997447662,17.663793103448278,-0.41420871019363403,0.0,,-0.07122735369484871,27.81644124984741,-0.9335141956806183,6.991860646009445,0.08967655251908582,0.3751953125,15.016594696044923,-6.984919309616089e-10,0.40536952018737793,4.1760491299897656e-05,-1.6525132656097412,5.095858097076416,2383,3.794323444366455,1703,4.114861488342285,10,nan,0,nan,0
843,3452928,61811.7,55.7,39.14,34.45,10,0.125,66,0.2727272727272727,241,54,122,12,53,0,0,28,-5.484595451902697,16.991701244813278,-0.4014436900615692,0.0,,-0.06899604692589492,30.383018267154693,-0.9350589275360107,7.047990185022354,0.09590542597288731,0.35,20.209544134140014,-1.6298145055770874e-09,0.3514564633369446,4.1453428863868996e-05,-1.6529200077056885,5.082543849945068,2409,3.7973225116729736,1685,5.494863510131836,2,nan,0,nan,0
844,3457024,61885.4,55.9,38.81,34.44,10,0.125,301,0.24916943521594684,235,57,131,8,39,0,0,31,-5.459985242704939,17.43404255319149,-0.371179461479187,0.0,,-0.0732492008828558,30.8615664601326,-0.9370066702365876,7.082235479354859,0.08909538646985311,0.372216796875,17.65604329109192,-5.238689482212067e-10,0.3728379011154175,4.1146366427840336e-05,-1.6534981727600098,5.035587787628174,2461,3.822467565536499,1624,4.750888824462891,11,nan,0,nan,0
845,3461120,61958.1,56.7,37.76,34.43,10,0.125,32,0.125,243,51,123,14,55,0,0,40,-5.477493476753528,16.868312757201647,-0.42432060837745667,0.0,,-0.06860732636414468,28.66057745218277,-0.9391890466213226,6.996841478347778,0.06375354833435268,0.305712890625,21.147349643707276,-9.313225746154785e-10,0.38650941848754883,4.0839303991811676e-05,-1.6540324687957764,5.045263767242432,2466,3.827730417251587,1626,2.24041748046875,4,nan,0,nan,0
846,3465216,62031.9,55.9,38.9,34.42,10,0.125,270,0.15185185185185185,238,37,138,18,45,0,0,26,-5.1472808205196285,17.201680672268907,-0.50254225730896,0.0,,-0.06701556104235351,23.200886535644532,-0.9415003418922424,7.032987803220749,0.08293055939720943,0.35048828125,18.3491473197937,-1.2223608791828156e-09,0.35865145921707153,4.0532241555783016e-05,-1.654660940170288,5.166846752166748,2371,3.838714838027954,1714,5.972650051116943,11,nan,0,nan,0
847,3469312,62105.1,56.3,38.34,34.43,10,0.125,498,0.1746987951807229,228,46,129,12,41,0,0,27,-5.584364100199975,17.94298245614035,-0.4203798174858093,0.0,,-0.06727082808502019,27.94980753660202,-0.9438334941864014,7.184617990255356,0.11133456233656033,0.358349609375,19.16093740463257,-1.3969838619232178e-09,0.3673096299171448,4.0225179119754357e-05,-1.6551392078399658,5.215018272399902,2386,3.782010555267334,1699,2.9893369674682617,11,nan,0,nan,0
848,3473408,62178.9,55.9,38.93,34.38,10,0.125,216,0.24537037037037038,230,56,121,17,36,0,0,32,-5.101809915521841,17.856521739130436,-0.361774206161499,0.0,,-0.06868675005389377,31.402699184417724,-0.9455581724643707,7.258900040388108,0.07934499343100469,0.3431640625,20.197046995162964,-2.9103830456733704e-10,0.38456863164901733,3.99181166837257e-05,-1.6555542945861816,5.292333126068115,2464,3.8272318840026855,1632,nan,0,nan,0,nan,0
849,3477504,62252.7,55.8,38.95,34.45,10,0.125,452,0.2610619469026549,236,65,115,17,39,0,0,38,-5.112105172836358,17.24576271186441,-0.32893386483192444,0.0,,-0.06388392462395132,32.17534487247467,-0.9471145570278168,7.1077623009681705,0.12457234550383874,0.355224609375,20.672196102142333,-1.0477378964424133e-09,0.39461618661880493,3.961105424769704e-05,-1.6558935642242432,5.1217522621154785,2412,3.858578681945801,1675,3.976764678955078,9,nan,0,nan,0
850,3481600,62326.3,56.0,38.7,34.43,10,0.125,185,0.1945945945945946,245,52,130,12,51,0,0,39,-5.198464429315189,16.76734693877551,-0.4407101273536682,0.0,,-0.0675760181969963,28.140803480148314,-0.948655080795288,7.082539051771164,0.08528727896336932,0.377783203125,15.537129592895507,-2.0954757928848267e-09,0.43128496408462524,3.930399181166838e-05,-1.6563822031021118,5.038556098937988,2336,3.9180896282196045,1748,4.989465236663818,12,nan,0,nan,0
851,3485696,62400.3,55.8,39.03,34.43,10,0.125,421,0.1995249406175772,236,48,140,9,39,0,0,33,-5.078940267819008,17.241525423728813,-0.4367329478263855,0.0,,-0.06855944315902888,27.25512053966522,-0.9509619176387787,6.782112550735474,0.0903206472605234,0.35771484375,14.926849985122681,-9.89530235528946e-10,0.40393006801605225,3.899692937563972e-05,-1.6570491790771484,5.074362754821777,2397,3.6697094440460205,1691,2.3489928245544434,8,nan,0,nan,0
852,3489792,62473.3,56.4,38.18,34.42,10,0.125,144,0.20833333333333334,235,47,128,13,47,0,0,25,-5.449919770020262,17.506382978723405,-0.4392707049846649,0.0,,-0.07043169742682949,27.783447480201723,-0.9533190727233887,7.130398434400559,0.09145443454326596,0.360009765625,15.61367325782776,-1.6298145055770874e-09,0.3599017262458801,3.868986693961106e-05,-1.6574881076812744,5.196578502655029,2490,3.7051076889038086,1605,3.2915561199188232,1,nan,0,nan,0
853,3493888,62546.9,56.0,38.66,34.46,10,0.125,371,0.18867924528301888,227,40,131,13,43,0,0,21,-5.594867052340094,17.66079295154185,-0.45628345012664795,0.0,,-0.06535861081210896,24.597634112834932,-0.9548192918300629,7.096028262376786,0.06840135668462607,0.3376953125,18.833979654312134,-1.5133991837501526e-09,0.37348997592926025,3.83828045035824e-05,-1.6578190326690674,5.154850482940674,2416,3.927414655685425,1674,4.165114879608154,6,nan,0,nan,0
854,3497984,62620.0,56.4,38.25,34.42,10,0.125,94,0.1595744680851064,235,38,153,11,33,0,0,24,-5.3433882293651696,17.680851063829788,-0.4793211817741394,0.0,,-0.06587979360483587,23.34371347427368,-0.9562341749668122,6.836345314979553,0.07963227683794685,0.342529296875,18.349344778060914,-2.3283064365386963e-10,0.3608166575431824,3.807574206755374e-05,-1.658177375793457,5.039456367492676,2396,3.7838590145111084,1684,3.851003408432007,16,nan,0,nan,0
855,3502080,62693.7,55.9,38.82,34.45,10,0.125,338,0.1863905325443787,244,48,133,19,44,0,0,27,-5.3196612815261926,16.868852459016395,-0.45426470041275024,0.0,,-0.06946749978233129,27.167352664470673,-0.9575074195861817,7.11287938952446,0.08237613141536712,0.344091796875,18.13182702064514,-3.4924596548080444e-10,0.35728615522384644,3.776867963152508e-05,-1.6584789752960205,5.189352035522461,2267,3.872642993927002,1823,2.979440450668335,6,nan,0,nan,0
856,3506176,62766.9,56.3,38.31,34.44,10,0.125,62,0.20967741935483872,236,51,128,18,39,0,0,30,-5.387900497555708,17.31779661016949,-0.4108470380306244,0.0,,-0.06886585504980758,27.835793936252593,-0.9588501214981079,7.003104662895202,0.07464742459123955,0.344873046875,16.487823963165283,-8.149072527885437e-10,0.39759790897369385,3.746161719549642e-05,-1.658915638923645,5.067312717437744,2476,3.7637429237365723,1617,4.238672256469727,3,nan,0,nan,0
857,3510272,62840.8,55.8,39.01,34.44,10,0.125,305,0.16721311475409836,243,38,136,22,47,0,0,22,-5.5875751506083455,16.995884773662553,-0.5000846982002258,0.0,,-0.06278947391547263,25.775947618484498,-0.9609842479228974,7.145823472738266,0.09036030112474691,0.298193359375,19.471972513198853,-1.1641532182693481e-10,0.3193027377128601,3.715455475946776e-05,-1.6594700813293457,5.098567485809326,2354,3.861072063446045,1735,4.167027473449707,7,nan,0,nan,0
858,3514368,62914.2,56.2,38.46,34.43,10,0.125,27,0.2962962962962963,234,49,131,14,40,0,0,28,-4.966432162175868,17.41025641025641,-0.4397164285182953,0.0,,-0.06795730114681646,26.95931978225708,-0.9630327939987182,7.0370934963226315,0.07891152805823368,0.34345703125,17.707398891448975,-5.820766091346741e-10,0.3928235173225403,3.68474923234391e-05,-1.6599252223968506,5.079354763031006,2372,3.9026637077331543,1719,5.443851470947266,5,nan,0,nan,0
859,3518464,62988.1,55.8,39.02,34.43,10,0.125,266,0.23308270676691728,239,54,119,22,44,0,0,34,-5.1527719318292515,17.221757322175733,-0.40337860584259033,0.0,,-0.07091943544801324,28.902002537250517,-0.9647246062755584,6.94165153503418,0.07540402396698483,0.337744140625,16.696699857711792,-1.7462298274040222e-10,0.37911832332611084,3.654042988741044e-05,-1.6603732109069824,5.057894229888916,2425,3.7747888565063477,1665,3.3248202800750732,6,nan,0,nan,0
860,3522560,63060.9,56.6,37.97,34.42,10,0.125,497,0.20321931589537223,231,39,149,9,34,0,0,29,-5.205273134123167,17.796536796536795,-0.4849790334701538,0.0,,-0.06368921343237162,24.929799270629882,-0.9663004994392395,7.175204718112946,0.09739073266973719,0.353515625,16.98589768409729,-1.4551915228366852e-09,0.3670309782028198,3.623336745138178e-05,-1.6606475114822388,5.1010260581970215,2333,3.861345052719116,1737,6.4382853507995605,26,nan,0,nan,0
861,3526656,63134.6,55.9,38.89,34.4,10,0.125,225,0.19555555555555557,240,48,122,17,53,0,0,25,-5.106705209557086,17.016666666666666,-0.4392012357711792,0.0,,-0.06384306533727795,25.995131886005403,-0.9674055278301239,6.96267306804657,0.07309335213794839,0.3310546875,16.300488471984863,1.7462298274040222e-10,0.3908025622367859,3.592630501535312e-05,-1.6610031127929688,5.134184837341309,2375,3.8028757572174072,1714,4.159579753875732,7,nan,0,nan,0
862,3530752,63208.2,56.0,38.68,34.44,10,0.125,464,0.18318965517241378,239,41,133,17,48,0,0,24,-5.293417802248137,17.221757322175733,-0.4786936044692993,0.0,,-0.06665360410697758,25.602670037746428,-0.9688191652297974,7.043868637084961,0.056214824673952536,0.313671875,17.462232422828674,-2.2118911147117615e-09,0.35927528142929077,3.561924257932446e-05,-1.6612789630889893,5.07766056060791,2389,3.851428508758545,1706,4.286426067352295,1,nan,0,nan,0
863,3534848,63281.9,55.9,38.84,34.42,10,0.125,192,0.203125,240,49,123,26,42,0,0,29,-5.233183712828819,17.0125,-0.42413783073425293,0.0,,-0.06329198089661077,28.050962913036347,-0.9698692262172699,7.012347984313965,0.0771853778656805,0.31875,19.395182943344118,-1.979060471057892e-09,0.37265944480895996,3.53121801432958e-05,-1.661543607711792,5.048051357269287,2416,3.8043372631073,1679,5.0860419273376465,1,nan,0,nan,0
864,3538944,63355.6,55.9,38.77,34.45,10,0.125,429,0.1888111888111888,237,42,131,18,46,0,0,29,-5.033884656212596,17.037974683544302,-0.46495169401168823,0.0,,-0.06682731132023037,25.45410759449005,-0.9708085060119629,7.060245436429978,0.08100037827680354,0.34052734375,15.909834027290344,-6.402842700481415e-10,0.37402570247650146,3.500511770726714e-05,-1.6617770195007324,5.121263027191162,2298,3.8463118076324463,1786,4.731000900268555,12,nan,0,nan,0
865,3543040,63429.0,56.2,38.45,34.43,10,0.125,157,0.18471337579617833,240,48,121,18,53,0,0,28,-5.226136591840556,17.191666666666666,-0.4458022117614746,0.0,,-0.0691113184671849,28.771022498607635,-0.9722440183162689,7.056820058822632,0.07065148541878444,0.330322265625,20.58185257911682,-1.1641532182693481e-10,0.3557741641998291,3.469805527123848e-05,-1.6622536182403564,5.047294616699219,2438,3.8359289169311523,1652,5.808717727661133,6,nan,0,nan,0
866,3547136,63502.4,56.1,38.56,34.41,10,0.125,385,0.1974025974025974,228,47,124,11,46,0,0,28,-5.30229597298351,17.842105263157894,-0.4013860821723938,0.0,,-0.06829365086741745,27.172867286205292,-0.974062317609787,7.136858659982681,0.08119375036330893,0.348974609375,17.3259441614151,7.566995918750763e-10,0.3803757429122925,3.439099283520982e-05,-1.6626849174499512,5.203810691833496,2427,3.830244302749634,1663,2.357996702194214,6,nan,0,nan,0
867,3551232,63575.5,56.4,38.14,34.45,10,0.125,111,0.14414414414414414,238,48,121,14,55,0,0,24,-5.042098623545297,17.31512605042017,-0.43018245697021484,0.0,,-0.06951396171934902,27.192710399627686,-0.9760908365249634,7.173655062913895,0.07381757622933946,0.35498046875,15.209420895576477,-4.656612873077393e-10,0.36386120319366455,3.408393039918116e-05,-1.6632710695266724,5.189319133758545,2339,3.921792507171631,1756,4.195745944976807,1,nan,0,nan,0
868,3555328,63648.9,56.1,38.56,34.42,10,0.125,347,0.1642651296829971,236,41,131,21,43,0,0,24,-4.9767734606152,17.283898305084747,-0.46558877825737,0.0,,-0.06667040265747345,25.136395025253297,-0.9783403992652893,6.790368014574051,0.09000094235525466,0.32314453125,16.70299377441406,-1.57160684466362e-09,0.36461538076400757,3.37768679631525e-05,-1.6637730598449707,4.944324016571045,2427,3.684534788131714,1665,3.2077128887176514,4,nan,0,nan,0
869,3559424,63722.7,55.8,38.94,34.41,10,0.125,73,0.2602739726027397,238,56,128,11,43,0,0,28,-5.322064820250047,17.48739495798319,-0.3853567838668823,0.0,,-0.06335039392579347,31.180025124549864,-0.9798710525035859,6.848628854751587,0.055475083593046294,0.30625,25.231836605072022,-6.402842700481415e-10,0.34589123725891113,3.346980552712384e-05,-1.664048433303833,5.076586723327637,2421,3.703077793121338,1675,nan,0,nan,0,nan,0
870,3563520,63796.6,55.8,38.97,34.41,10,0.125,303,0.22442244224422442,230,49,129,16,36,0,0,32,-5.144272570379594,17.882608695652173,-0.39514440298080444,0.0,,-0.06519267798867076,28.538749933242798,-0.9810149252414704,7.182804250717163,0.05052974119607825,0.294677734375,18.854494524002074,3.4924596548080444e-10,0.3790541887283325,3.316274309109518e-05,-1.6643884181976318,5.211195468902588,2511,3.785529613494873,1582,4.109957695007324,3,nan,0,nan,0
871,3567616,63870.3,55.9,38.78,34.44,10,0.125,21,0.09523809523809523,230,44,138,12,36,0,0,27,-5.378262896950044,17.378260869565217,-0.4468145966529846,0.0,,-0.06221552435308695,24.702503490448,-0.9822501957416534,7.020209348201751,0.058085982891498134,0.308740234375,18.76704137325287,0.0,0.42487478256225586,3.285568065506652e-05,-1.6646496057510376,5.1633100509643555,2444,3.7526352405548096,1649,4.2157883644104,3,nan,0,nan,0
872,3571712,63944.0,55.9,38.75,34.47,10,0.125,264,0.2159090909090909,243,55,119,20,49,0,0,36,-5.075981932946808,17.012345679012345,-0.3970406651496887,0.0,,-0.06523921680636705,29.266284501552583,-0.9834303677082061,6.710376006364823,0.05900997804419603,0.311083984375,16.896587467193605,-4.0745362639427185e-10,0.37925416231155396,3.254861821903786e-05,-1.6649901866912842,4.9918999671936035,2440,3.651200771331787,1649,3.5265603065490723,7,nan,0,nan,0
873,3575808,64017.4,56.2,38.49,34.45,10,0.125,497,0.22937625754527163,233,57,124,16,36,0,0,32,-5.122771998738867,17.545064377682404,-0.3738337755203247,0.0,,-0.057903046091087165,30.73067761659622,-0.9848600685596466,7.130250841379166,0.03718759913172107,0.26328125,22.08090000152588,-1.0477378964424133e-09,0.3990832567214966,3.22415557830092e-05,-1.6653567552566528,5.118775844573975,2441,3.8256711959838867,1648,5.291952610015869,7,nan,0,nan,0
874,3579904,64090.7,56.2,38.46,34.41,10,0.125,216,0.2175925925925926,231,50,126,11,44,0,0,32,-4.959497844507958,17.848484848484848,-0.40235352516174316,0.0,,-0.06858403972582891,28.75635415315628,-0.9862721681594848,7.103719103336334,0.07950580114556942,0.347265625,15.804103803634643,-4.0745362639427185e-10,0.36581486463546753,3.193449334698054e-05,-1.6656665802001953,5.230865955352783,2367,3.838141679763794,1722,4.567445278167725,7,nan,0,nan,0
875,3584000,64164.5,55.9,38.87,34.44,10,0.125,446,0.21748878923766815,230,50,132,15,33,0,0,34,-5.474566103596409,17.765217391304347,-0.4019833207130432,0.0,,-0.06365196167025715,27.958065736293793,-0.9874581336975098,7.05518462061882,0.045736794199910946,0.291650390625,20.5167809009552,-8.149072527885437e-10,0.39931201934814453,3.162743091095188e-05,-1.6659727096557617,5.130890369415283,2432,3.701741933822632,1660,3.541795253753662,4,nan,0,nan,0
876,3588096,64238.0,56.1,38.6,34.43,10,0.125,172,0.20348837209302326,238,50,121,20,47,0,0,31,-5.820209037574123,17.10924369747899,-0.42519375681877136,0.0,,-0.07186464234255255,28.897680270671845,-0.988775622844696,7.248830282688141,0.06782508490432519,0.346630859375,14.084325265884399,3.4924596548080444e-10,0.3688608407974243,3.132036847492322e-05,-1.6663380861282349,5.248179912567139,2290,3.899219036102295,1795,3.291638135910034,11,nan,0,nan,0
877,3592192,64311.9,55.8,38.99,34.46,10,0.125,409,0.2200488997555012,237,55,125,15,42,0,0,30,-5.264419855156229,17.320675105485233,-0.3883955478668213,0.0,,-0.057671375246718524,29.05088698863983,-0.9902927935123443,7.0017555236816404,0.06127009149640798,0.3228515625,25.139958095550536,-1.7462298274040222e-10,0.41723859310150146,3.101330603889456e-05,-1.666693925857544,5.066982269287109,2420,3.787990093231201,1660,4.094629764556885,16,nan,0,nan,0
878,3596288,64385.7,55.9,38.85,34.42,10,0.125,136,0.22794117647058823,239,50,127,15,47,0,0,31,-5.321504444212693,17.184100418410043,-0.418615460395813,0.0,,-0.06505413752165623,28.502950727939606,-0.9913834631443024,7.064935475587845,0.07290713329566642,0.32353515625,19.15704572200775,5.820766091346741e-11,0.38141655921936035,3.07062436028659e-05,-1.6668928861618042,5.049179553985596,2522,3.8164775371551514,1562,2.4172017574310303,12,nan,0,nan,0
879,3600384,64458.8,56.4,38.23,34.44,10,0.125,373,0.22788203753351208,237,54,127,12,44,0,0,32,-5.345954176653102,17.19831223628692,-0.40894266963005066,0.0,,-0.0619109544204548,29.291582584381104,-0.9922719538211823,7.472806006669998,0.04712039822188672,0.300927734375,19.19928631782532,4.656612873077393e-10,0.3953152298927307,3.039918116683724e-05,-1.6671369075775146,5.264780044555664,2339,3.9757895469665527,1750,6.4547119140625,7,nan,0,nan,0
880,3604480,64532.5,56.0,38.72,34.47,10,0.125,99,0.18181818181818182,238,43,133,16,46,0,0,27,-5.061385561432705,17.27310924369748,-0.4731872081756592,0.0,,-0.06291123698465526,25.889799106121064,-0.9933874011039734,6.933255416154862,0.08909419980773237,0.313134765625,20.215355968475343,-1.2223608791828156e-09,0.370835542678833,3.0092118730808577e-05,-1.6674686670303345,5.093105316162109,2287,3.920609951019287,1796,4.4034318923950195,13,nan,0,nan,0
881,3608576,64606.3,55.8,38.94,34.43,10,0.125,344,0.20348837209302326,245,52,132,12,49,0,0,42,-5.453349593731815,16.877551020408163,-0.431720495223999,0.0,,-0.06246463730931282,28.79369705915451,-0.9946793377399444,6.6286855936050415,0.0735168890299974,0.342724609375,19.32799196243286,-5.820766091346741e-10,0.36160987615585327,2.978505629477995e-05,-1.667784333229065,4.9296650886535645,2379,3.6280875205993652,1710,2.8182716369628906,7,nan,0,nan,0
882,3612672,64679.8,56.0,38.73,34.4,10,0.125,61,0.19672131147540983,229,50,120,17,42,0,0,30,-5.649384809025661,17.69868995633188,-0.3899412751197815,0.0,,-0.06463530885521322,28.97341823577881,-0.9960573256015778,7.50365891456604,0.053538686531828715,0.30830078125,18.875026845932005,-5.820766091346741e-11,0.3835359811782837,2.947799385875129e-05,-1.6681630611419678,5.3648505210876465,2385,4.057791233062744,1702,3.060541868209839,9,nan,0,nan,0
883,3616768,64753.5,55.9,38.76,34.47,10,0.125,289,0.19377162629757785,228,44,137,16,31,0,0,27,-5.54996858706216,18.087719298245613,-0.4316149055957794,0.0,,-0.06338765064720064,26.529232347011565,-0.9972445547580719,7.135259145498276,0.06514922674396076,0.314453125,16.57052049636841,2.3283064365386963e-10,0.36617493629455566,2.917093142272263e-05,-1.6683512926101685,5.170295715332031,2386,3.7716481685638428,1701,2.912088394165039,9,nan,0,nan,0
884,3620864,64827.3,55.9,38.89,34.41,10,0.125,8,0.125,231,41,134,13,43,0,0,30,-5.12134404866549,17.48917748917749,-0.4689282774925232,0.0,,-0.061696594255045055,23.091039407253266,-0.9981400728225708,7.136872798204422,0.03813307936070487,0.25224609375,17.835433387756346,-4.656612873077393e-10,0.4286196231842041,2.886386898669397e-05,-1.6686556339263916,5.15452241897583,2362,3.9253017902374268,1723,3.9413976669311523,11,nan,0,nan,0
885,3624960,64901.1,55.9,38.91,34.43,10,0.125,246,0.16666666666666666,238,40,130,20,48,0,0,31,-5.227419530211616,17.310924369747898,-0.4646773934364319,0.0,,-0.06317935269325972,24.45826244354248,-0.9994581460952758,6.98174375295639,0.05562075639609247,0.296435546875,16.594337511062623,-2.3283064365386963e-10,0.3696475028991699,2.855680655066531e-05,-1.6689536571502686,5.092473030090332,2410,3.7374625205993652,1685,1.4963979721069336,1,nan,0,nan,0
886,3629056,64974.8,55.9,38.85,34.43,10,0.125,482,0.17842323651452283,236,45,142,7,42,0,0,23,-5.228282295636447,17.411016949152543,-0.4468412697315216,0.0,,-0.06327432994730771,26.753360080718995,-1.000514566898346,7.067448747158051,0.04725724736927077,0.270703125,17.925544118881227,-1.1641532182693481e-09,0.35557425022125244,2.824974411463665e-05,-1.6692131757736206,5.109647274017334,2344,3.8506197929382324,1741,4.754751682281494,11,nan,0,nan,0
887,3633152,65048.9,55.7,39.11,34.46,10,0.125,219,0.2237442922374429,249,53,113,18,65,0,0,34,-5.364614488032306,16.46586345381526,-0.4472793638706207,0.0,,-0.062061394355259834,28.173168289661408,-1.001618230342865,7.152363377809524,0.041598248592345045,0.264990234375,17.012673020362854,-7.566995918750763e-10,0.4073525071144104,2.7942681678607992e-05,-1.6694939136505127,5.166072368621826,2385,3.9732167720794678,1696,4.233057975769043,15,nan,0,nan,0
888,3637248,65122.5,56.0,38.73,34.43,10,0.125,457,0.20787746170678337,238,46,141,12,39,0,0,29,-5.193470703220387,17.38235294117647,-0.4550424814224243,0.0,,-0.06337768092053012,25.597239351272584,-1.0027999341487885,7.226938104629516,0.0593059627834009,0.3029296875,16.6611225605011,-6.984919309616089e-10,0.40689903497695923,2.7635619242579332e-05,-1.6698458194732666,5.158214092254639,2449,3.8021187782287598,1641,3.948683977127075,6,nan,0,nan,0
889,3641344,65196.0,56.0,38.7,34.42,10,0.125,172,0.20930232558139536,227,46,133,8,40,0,0,24,-5.115475100508041,17.687224669603523,-0.4200427830219269,0.0,,-0.057282212935388085,27.59921054840088,-1.0043055772781373,6.998977851867676,0.04626484308973886,0.2669921875,21.584790992736817,4.656612873077393e-10,0.38417482376098633,2.7328556806550672e-05,-1.6702158451080322,5.1192307472229,2369,3.8405776023864746,1718,4.890518665313721,9,nan,0,nan,0
890,3645440,65269.2,56.3,38.3,34.43,10,0.125,413,0.19854721549636803,241,46,124,13,58,0,0,28,-5.732807927025187,17.107883817427386,-0.4514041543006897,0.0,,-0.06457560008857399,27.6235453248024,-1.0058520495891572,7.078330409526825,0.05869402534444816,0.3287109375,15.721855401992798,-1.4551915228366852e-09,0.3677213788032532,2.7021494370522012e-05,-1.6705924272537231,5.192967891693115,2262,3.922494411468506,1828,4.448904037475586,6,nan,0,nan,0
891,3649536,65342.7,56.1,38.56,34.45,10,0.125,146,0.21232876712328766,245,41,133,17,54,0,0,28,-5.594542557928517,16.742857142857144,-0.47691091895103455,0.0,,-0.061879332968965174,25.99908881187439,-1.0073931336402893,7.08650227189064,0.05092184880340937,0.273974609375,16.44002299308777,-5.820766091346741e-11,0.34957247972488403,2.6714431934493352e-05,-1.6710453033447266,5.073672771453857,2443,3.8200151920318604,1645,4.674041748046875,8,nan,0,nan,0
892,3653632,65416.6,55.8,38.97,34.47,10,0.125,388,0.20103092783505155,242,47,137,11,47,0,0,24,-5.371799352339989,16.929752066115704,-0.45177116990089417,0.0,,-0.06502629439346493,27.13655208349228,-1.0092677533626557,7.03349923491478,0.0561183538113255,0.2935546875,17.30951166152954,-3.4924596548080444e-10,0.3699216842651367,2.6407369498464692e-05,-1.671481728553772,5.147014141082764,2329,3.6579909324645996,1762,5.150174617767334,5,nan,0,nan,0
893,3657728,65490.4,55.9,38.77,34.49,10,0.125,116,0.13793103448275862,240,39,134,15,52,0,0,30,-5.216211730465317,16.970833333333335,-0.4919013977050781,0.0,,-0.056420304370112716,23.606239545345307,-1.0108173847198487,6.905324184894562,0.03514722638356034,0.242529296875,18.57582755088806,-7.566995918750763e-10,0.40515947341918945,2.6100307062436032e-05,-1.6718344688415527,5.032441139221191,2445,3.7293035984039307,1651,nan,0,nan,0,nan,0
894,3661824,65564.2,55.8,38.94,34.43,10,0.125,354,0.17796610169491525,238,47,133,9,49,0,0,29,-5.201138964225386,17.365546218487395,-0.440340518951416,0.0,,-0.058372262329794464,26.17890646457672,-1.012328040599823,7.299671959877014,0.04576960575359408,0.271240234375,19.381315612792967,-5.820766091346741e-11,0.39899981021881104,2.5793244626407373e-05,-1.6722170114517212,5.173366069793701,2474,3.9276983737945557,1609,4.172394752502441,13,nan,0,nan,0
895,3665920,65637.9,55.9,38.77,34.45,10,0.125,79,0.17721518987341772,237,48,123,15,51,0,0,34,-5.315227953399204,17.151898734177216,-0.4306125044822693,0.0,,-0.06077585928142071,27.261832737922667,-1.0136328518390656,7.0668530523777005,0.04646832940052263,0.27724609375,18.033906602859496,-1.2223608791828156e-09,0.41039955615997314,2.5486182190378713e-05,-1.6724796295166016,5.1303606033325195,2333,3.967568874359131,1743,5.737872123718262,20,nan,0,nan,0
896,3670016,65711.3,56.1,38.55,34.46,10,0.125,323,0.20743034055727555,244,53,128,11,52,0,0,34,-5.238434203400311,16.90983606557377,-0.4216010570526123,0.0,,-0.061318612284958364,28.842255532741547,-1.014570701122284,7.253049576282502,0.035415782729978675,0.2607421875,19.016001558303834,-4.0745362639427185e-10,0.4266395568847656,2.5179119754350053e-05,-1.67270827293396,5.121250152587891,2445,4.002681732177734,1627,4.614046573638916,24,nan,0,nan,0
897,3674112,65785.2,55.8,38.88,34.46,10,0.125,48,0.1875,237,53,125,13,46,0,0,35,-5.403556959455216,17.147679324894515,-0.4112548828125,0.0,,-0.06233655831310898,28.504641819000245,-1.015692836046219,7.092466747760772,0.04225933574489318,0.26728515625,18.632205963134766,-6.984919309616089e-10,0.39769917726516724,2.4872057318321393e-05,-1.6730800867080688,5.0987229347229,2406,3.8404595851898193,1685,2.3694419860839844,5,nan,0,nan,0
898,3678208,65859.0,55.8,38.98,34.44,10,0.125,287,0.24738675958188153,239,62,106,19,52,0,0,33,-5.210118415516653,17.05857740585774,-0.3502562642097473,0.0,,-0.05849476417060941,31.01255303621292,-1.0170852184295653,7.05540931224823,0.029877445410238578,0.228955078125,23.30698757171631,-1.0477378964424133e-09,0.40571802854537964,2.4564994882292733e-05,-1.673351764678955,5.143178462982178,2387,3.911189079284668,1700,3.3958702087402344,9,nan,0,nan,0
899,3682304,65932.5,56.1,38.59,34.44,10,0.125,11,0.18181818181818182,236,42,140,8,46,0,0,24,-5.332557966846211,17.338983050847457,-0.46192705631256104,0.0,,-0.05762095116078854,25.612001276016237,-1.0180827856063843,7.1467006504535675,0.04014640170789789,0.251416015625,24.547630167007448,-1.0477378964424133e-09,0.3974153399467468,2.4257932446264073e-05,-1.6735844612121582,5.182773590087891,2422,3.8486392498016357,1673,5.7720112800598145,1,nan,0,nan,0
900,3686400,66005.8,56.3,38.36,34.45,10,0.125,242,0.21074380165289255,231,49,123,17,42,0,0,31,-5.403782915278794,17.89177489177489,-0.4069085717201233,0.0,,-0.06133858170360327,26.831944286823273,-1.0190784096717835,7.311157566308975,0.034512656670995054,0.24384765625,19.292645311355592,-9.313225746154785e-10,0.3987587094306946,2.3950870010235413e-05,-1.6738665103912354,5.304659366607666,2343,3.9098241329193115,1739,4.7451605796813965,14,nan,0,nan,0
901,3690496,66079.2,56.2,38.5,34.43,10,0.125,485,0.2,243,46,125,15,57,0,0,32,-5.391849833004014,16.695473251028808,-0.4669538736343384,0.0,,-0.06253180270432494,27.40459051132202,-1.0202541768550872,7.170589715242386,0.040032447714474985,0.265966796875,17.750469875335693,-4.656612873077393e-10,0.3796911835670471,2.3643807574206753e-05,-1.6741547584533691,5.185410022735596,2313,3.964590549468994,1770,4.687171459197998,13,nan,0,nan,0
902,3694592,66152.3,56.4,38.22,34.44,10,0.125,208,0.20192307692307693,235,46,123,13,53,0,0,19,-5.079216931119148,17.629787234042553,-0.44165104627609253,0.0,,-0.05521404086612165,25.623127281665802,-1.021290123462677,7.160562968254089,0.03566135781002231,0.24453125,18.99207797050476,-2.3283064365386963e-10,0.40505796670913696,2.3336745138178093e-05,-1.6743931770324707,5.257075309753418,2382,3.7948293685913086,1712,3.7901153564453125,2,nan,0,nan,0
903,3698688,66226.3,55.7,39.0,34.48,10,0.125,447,0.21476510067114093,239,54,120,20,45,0,0,35,-5.295504498709402,17.05857740585774,-0.40282511711120605,0.0,,-0.06095470336731523,29.631603169441224,-1.0222318768501282,6.921135067939758,0.03541130813828204,0.2568359375,18.413013648986816,-4.656612873077393e-10,0.3933926224708557,2.3029682702149434e-05,-1.674627661705017,4.965051174163818,2375,3.8294408321380615,1721,nan,0,nan,0,nan,0
904,3702784,66300.1,55.8,38.95,34.49,10,0.125,177,0.22598870056497175,242,54,121,18,49,0,0,39,-5.588343082143831,17.074380165289256,-0.40033918619155884,0.0,,-0.059698478534119206,31.121685481071474,-1.0232894778251649,6.9243607997894285,0.0339610713213915,0.234326171875,22.446528434753418,-6.984919309616089e-10,0.34638065099716187,2.2722620266120774e-05,-1.6749130487442017,4.9801025390625,2443,3.7647643089294434,1642,3.1761574745178223,11,nan,0,nan,0
905,3706880,66374.1,55.7,39.03,34.48,10,0.125,414,0.21739130434782608,237,50,130,13,44,0,0,29,-5.655941655034987,17.21518987341772,-0.4152790904045105,0.0,,-0.05656854576664046,29.087212169170378,-1.024594360589981,6.80122492313385,0.03233076160249766,0.238720703125,18.296740674972533,-1.280568540096283e-09,0.3543400764465332,2.2415557830092114e-05,-1.6753079891204834,5.071877479553223,2239,3.665369749069214,1857,nan,0,nan,0,nan,0
906,3710976,66448.0,55.7,39.04,34.45,10,0.125,137,0.22627737226277372,235,53,123,11,48,0,0,30,-5.053384456946283,17.506382978723405,-0.3981897830963135,0.0,,-0.06108125715982169,28.14505661725998,-1.025921005010605,7.029366183280945,0.041623552027158436,0.26279296875,16.569254541397093,-1.6880221664905548e-09,0.40619850158691406,2.2108495394063454e-05,-1.6755187511444092,5.09645938873291,2437,3.8423125743865967,1650,4.349573135375977,9,nan,0,nan,0
907,3715072,66521.7,56.0,38.73,34.43,10,0.125,375,0.208,238,47,121,21,49,0,0,31,-5.54629251163592,17.04621848739496,-0.42776793241500854,0.0,,-0.05957213398069143,28.91266825199127,-1.0265893578529357,7.033248072862625,0.032829003166989425,0.24326171875,21.073581171035766,-5.238689482212067e-10,0.35828495025634766,2.1801432958034794e-05,-1.6756640672683716,5.143369674682617,2421,3.8095059394836426,1671,4.552762508392334,4,nan,0,nan,0
908,3719168,66595.2,56.0,38.69,34.44,10,0.125,92,0.20652173913043478,229,53,131,11,34,0,0,36,-5.704597022376079,17.90829694323144,-0.3908000886440277,0.0,,-0.05709906944539398,28.736619544029235,-1.0270734786987306,7.05198318362236,0.04385055589664262,0.216796875,20.30887460708618,-2.9103830456733704e-10,0.40609949827194214,2.149437052200613e-05,-1.6757663488388062,5.0906758308410645,2313,3.8776214122772217,1773,3.7916579246520996,10,nan,0,nan,0
909,3723264,66668.4,56.3,38.28,34.47,10,0.125,334,0.17964071856287425,242,41,134,13,54,0,0,29,-5.10253710196987,16.946280991735538,-0.4948161244392395,0.0,,-0.05416733315214515,25.41388964653015,-1.0277325570583344,6.887154620885849,0.033974626823328434,0.24052734375,22.738574028015137,5.820766091346741e-11,0.38185226917266846,2.118730808597747e-05,-1.6760172843933105,5.024049758911133,2370,3.8086507320404053,1721,3.1477599143981934,5,nan,0,nan,0
910,3727360,66741.7,56.3,38.3,34.45,10,0.125,58,0.29310344827586204,236,49,132,7,48,0,0,29,-5.478689943792448,17.45762711864407,-0.4115392863750458,0.0,,-0.0528447289718315,28.295359075069427,-1.0289755821228028,7.243129748106003,0.04218920487037394,0.25361328125,20.480297994613647,2.9103830456733704e-10,0.4046287536621094,2.088024564994881e-05,-1.676372766494751,5.201052665710449,2437,3.8203201293945312,1648,2.8200082778930664,11,nan,0,nan,0
911,3731456,66815.7,55.7,39.12,34.45,10,0.125,301,0.26578073089701,243,63,119,13,48,0,0,35,-5.2259347580268045,16.893004115226336,-0.35818415880203247,0.0,,-0.05712420903146267,33.47508527040482,-1.0301609694957734,6.8199037373065945,0.029156028214492834,0.228076171875,21.621633338928223,-1.1641532182693481e-09,0.3680151104927063,2.057318321392015e-05,-1.6765846014022827,4.956855773925781,2493,3.7179148197174072,1598,5.489218711853027,5,nan,0,nan,0
912,3735552,66889.4,55.9,38.75,34.47,10,0.125,28,0.14285714285714285,239,56,125,10,48,0,0,36,-5.266414242199121,16.97489539748954,-0.40053069591522217,0.0,,-0.06311034837272018,28.16473697423935,-1.0309323728084565,6.8265216588974,0.056301805342081936,0.286181640625,18.740614914894103,-6.402842700481415e-10,0.4139229655265808,2.026612077789149e-05,-1.6767860651016235,5.0181474685668945,2350,3.7950611114501953,1732,4.071417808532715,14,nan,0,nan,0
913,3739648,66963.2,55.8,38.92,34.43,10,0.125,261,0.1839080459770115,233,44,122,24,43,0,0,31,-5.515638419500927,17.540772532188843,-0.43386512994766235,0.0,,-0.05720518855378032,26.297569978237153,-1.0317873537540436,6.937379091978073,0.03441964497033041,0.233837890625,21.05615234375,-9.313225746154785e-10,0.3845735192298889,1.995905834186283e-05,-1.6769951581954956,5.111714839935303,2398,3.7224888801574707,1693,3.93896484375,5,nan,0,nan,0
914,3743744,67036.5,56.2,38.41,34.44,10,0.125,499,0.2124248496993988,238,58,122,16,42,0,0,33,-5.3502764495811865,17.310924369747898,-0.36926156282424927,0.0,,-0.059222269209567455,30.642791295051573,-1.0325324773788451,6.932398116588592,0.027829982709954494,0.21533203125,19.919679975509645,-5.238689482212067e-10,0.3901452422142029,1.965199590583417e-05,-1.6771750450134277,5.061060905456543,2366,3.822392225265503,1725,2.7505640983581543,5,nan,0,nan,0
915,3747840,67109.3,56.6,37.88,34.48,10,0.125,222,0.17117117117117117,235,42,124,15,54,0,0,24,-6.0229973675422475,17.319148936170212,-0.44667595624923706,0.0,,-0.0527736903866753,25.8889888048172,-1.0333820581436157,7.230755597352982,0.02366860529582482,0.198046875,20.465719175338744,1.7462298274040222e-10,0.3578214645385742,1.934493346980551e-05,-1.677406907081604,5.294051170349121,2445,3.8094899654388428,1640,3.2873048782348633,11,nan,0,nan,0
916,3751936,67182.9,56.0,38.65,34.49,10,0.125,461,0.19522776572668113,239,52,122,19,46,0,0,32,-4.929197960991136,17.263598326359833,-0.40184447169303894,0.0,,-0.05844425096875057,30.282991921901704,-1.0342281699180602,7.076111602783203,0.02716217534034513,0.221484375,17.773213815689086,5.820766091346741e-11,0.35076904296875,1.9037871033776852e-05,-1.6775940656661987,5.115035057067871,2289,3.891563892364502,1798,2.5496866703033447,9,nan,0,nan,0
917,3756032,67256.3,56.2,38.5,34.44,10,0.125,183,0.19672131147540983,234,45,137,18,34,0,0,23,-5.473567686586233,17.427350427350426,-0.44681715965270996,0.0,,-0.05809546820819378,26.181812381744386,-1.0350408852100372,6.950331896543503,0.0329869333159877,0.2158203125,16.78953011035919,-2.3283064365386963e-10,0.38614916801452637,1.8730808597748192e-05,-1.677846908569336,5.011768341064453,2341,3.8366599082946777,1751,2.3347153663635254,4,nan,0,nan,0
918,3760128,67330.0,55.9,38.71,34.5,10,0.125,425,0.2023529411764706,242,50,130,11,51,0,0,32,-5.306415867964807,17.078512396694215,-0.4182471036911011,0.0,,-0.05501246808562428,27.174970400333404,-1.0361890196800232,6.9358199536800385,0.025814660664764233,0.197607421875,20.1419584274292,-1.1641532182693481e-10,0.3873980641365051,1.8423746161719532e-05,-1.6781420707702637,5.075148582458496,2380,3.717129945755005,1712,2.9387946128845215,4,nan,0,nan,0
919,3764224,67403.3,56.3,38.33,34.46,10,0.125,144,0.2152777777777778,231,54,116,15,46,0,0,37,-5.063230165376398,17.450216450216452,-0.37544941902160645,0.0,,-0.05689727062126622,28.905496215820314,-1.037291008234024,7.08026555776596,0.03646031383832451,0.23095703125,19.34335079193115,-2.9103830456733704e-10,0.41180944442749023,1.8116683725690872e-05,-1.678391695022583,5.147875785827637,2459,3.8394341468811035,1630,4.89414644241333,7,nan,0,nan,0
920,3768320,67476.9,56.0,38.76,34.44,10,0.125,384,0.21354166666666666,240,51,131,16,42,0,0,30,-5.347083706384406,17.175,-0.41244977712631226,0.0,,-0.054950702004134655,28.559551191329955,-1.038246214389801,7.062942111492157,0.02356680923840031,0.19228515625,18.954976987838744,-1.0477378964424133e-09,0.3760482668876648,1.7809621289662246e-05,-1.678635835647583,5.059231758117676,2358,3.8023478984832764,1735,4.55894136428833,3,nan,0,nan,0
921,3772416,67550.8,55.8,38.95,34.48,10,0.125,116,0.2672413793103448,244,56,119,13,56,0,0,36,-5.171036056455047,16.762295081967213,-0.39840084314346313,0.0,,-0.0507287825923413,29.897682082653045,-1.0392518281936645,6.954062193632126,0.022752627881709488,0.189208984375,20.630843448638917,-1.7462298274040222e-10,0.3841877579689026,1.7502558853633586e-05,-1.6789029836654663,5.054725646972656,2358,3.8370044231414795,1734,2.216585397720337,4,nan,0,nan,0
922,3776512,67624.5,55.9,38.82,34.45,10,0.125,355,0.2563380281690141,239,60,122,12,45,0,0,35,-5.189266594336021,17.175732217573223,-0.3661138415336609,0.0,,-0.05509502380155027,31.223283553123473,-1.040326076745987,7.066752409934997,0.027346837319782935,0.2126953125,18.98616862297058,-6.402842700481415e-10,0.3996170163154602,1.7195496417604926e-05,-1.6791579723358154,5.064176082611084,2383,3.838165521621704,1709,5.7306365966796875,4,nan,0,nan,0
923,3780608,67698.5,55.7,39.15,34.44,10,0.125,88,0.11363636363636363,245,54,127,11,53,0,0,40,-5.549912686537882,16.722448979591835,-0.4199596643447876,0.0,,-0.049178975098766384,28.587428998947143,-1.0413426339626313,6.975251090526581,0.0192775475414237,0.18681640625,23.80668988227844,-5.820766091346741e-11,0.37374061346054077,1.6888433981576266e-05,-1.6793931722640991,5.045711517333984,2427,3.745469093322754,1669,nan,0,nan,0,nan,0
924,3784704,67772.1,56.0,38.61,34.47,10,0.125,330,0.20303030303030303,242,57,127,12,46,0,0,28,-5.314329787259836,16.979338842975206,-0.390511691570282,0.0,,-0.056535657960921526,31.35113639831543,-1.0421539902687074,6.787495899200439,0.029981747164856642,0.203369140625,17.25817561149597,-8.731149137020111e-10,0.3484761118888855,1.6581371545547607e-05,-1.6795837879180908,5.025636196136475,2427,3.707075834274292,1666,2.7995481491088867,3,nan,0,nan,0
925,3788800,67845.2,56.4,38.19,34.47,10,0.125,54,0.18518518518518517,236,41,133,17,45,0,0,26,-5.068177351320045,17.228813559322035,-0.45970556139945984,0.0,,-0.05215473818825558,25.810323786735534,-1.0429970502853394,7.037577223777771,0.022179119361680932,0.195361328125,19.80684928894043,-5.820766091346741e-11,0.3539051413536072,1.6274309109518947e-05,-1.6798107624053955,5.0878143310546875,2465,3.810136318206787,1629,1.8775131702423096,2,nan,0,nan,0
926,3792896,67919.3,55.6,39.18,34.46,10,0.125,287,0.1986062717770035,233,47,126,19,41,0,0,27,-5.531694527798774,17.600858369098713,-0.43037813901901245,0.0,,-0.05641360469162464,25.81092529296875,-1.043734323978424,7.076871913671494,0.026701115749892777,0.204248046875,16.216359758377074,-1.280568540096283e-09,0.3958350419998169,1.5967246673490287e-05,-1.679941177368164,5.0955705642700195,2451,3.855222702026367,1643,3.4597601890563965,2,nan,0,nan,0
927,3796992,67993.3,55.7,39.14,34.43,10,0.125,15,0.0,240,42,136,17,45,0,0,27,-5.275819591109681,17.295833333333334,-0.48316097259521484,0.0,,-0.054005674389190975,24.546972501277924,-1.0442519426345824,6.991462528705597,0.025967251867405138,0.206591796875,19.321833324432372,-3.4924596548080444e-10,0.37637603282928467,1.5660184237461627e-05,-1.6800737380981445,5.041960716247559,2404,3.74284291267395,1676,6.1456170082092285,16,nan,0,nan,0
928,3801088,68067.2,55.7,39.04,34.44,10,0.125,252,0.24603174603174602,237,62,122,19,34,0,0,32,-5.152134525084162,17.17721518987342,-0.3513873219490051,0.0,,-0.048736142460256815,30.82778685092926,-1.0448030352592468,6.9518754243850704,0.01520879476738628,0.153076171875,25.0748703956604,-5.820766091346741e-10,0.4122124910354614,1.5353121801432967e-05,-1.6802211999893188,4.994521617889404,2463,3.707049608230591,1632,5.9177045822143555,1,nan,0,nan,0
929,3805184,68140.4,56.3,38.24,34.46,10,0.125,488,0.24180327868852458,236,56,121,12,47,0,0,33,-5.177140476574556,17.23728813559322,-0.39081478118896484,0.0,,-0.05080607838463038,28.70036772489548,-1.0453930139541625,6.812401378154755,0.01828967135224957,0.168701171875,21.492203330993654,-1.3969838619232178e-09,0.415971040725708,1.5046059365404305e-05,-1.6803674697875977,5.0260539054870605,2437,3.7440345287323,1649,3.6187148094177246,10,nan,0,nan,0
930,3809280,68214.4,55.7,39.08,34.44,10,0.125,213,0.2112676056338028,237,49,130,13,45,0,0,31,-5.060006939391345,17.350210970464136,-0.4238944351673126,0.0,,-0.05188950797310099,27.306583917140962,-1.0459377348423005,6.834092444181442,0.022818431796622463,0.1904296875,19.22345404624939,4.0745362639427185e-10,0.39233464002609253,1.4738996929375646e-05,-1.6804896593093872,5.00393009185791,2254,3.871267795562744,1836,3.0463523864746094,6,nan,0,nan,0
931,3813376,68288.5,55.6,39.18,34.44,10,0.125,463,0.2203023758099352,250,57,124,19,50,0,0,36,-5.232643694406579,16.556,-0.4030125141143799,0.0,,-0.052581062028184536,30.1634464263916,-1.0465722322463988,6.750297611951828,0.02229935726209078,0.18857421875,17.18244218826294,-8.731149137020111e-10,0.3769490718841553,1.4431934493346986e-05,-1.680708646774292,4.874276638031006,2417,3.732370138168335,1677,3.8298418521881104,2,nan,0,nan,0
932,3817472,68362.8,55.5,39.37,34.47,10,0.125,195,0.24615384615384617,244,61,115,21,47,0,0,38,-5.181654373483233,16.491803278688526,-0.3742290735244751,0.0,,-0.053013215935789046,30.436931324005126,-1.0474712193012237,6.779425722360611,0.018923938696389087,0.1681640625,17.395194387435915,-1.7462298274040222e-10,0.3973705768585205,1.4124872057318326e-05,-1.6809215545654297,4.918027877807617,2372,3.779874801635742,1723,4.5505452156066895,1,nan,0,nan,0
933,3821568,68436.3,56.0,38.67,34.46,10,0.125,431,0.2111368909512761,236,43,132,16,45,0,0,26,-5.760569946822989,17.415254237288135,-0.4505664110183716,0.0,,-0.05033749633003026,27.656473326683045,-1.04824920296669,6.892211520671845,0.01819320957583841,0.178515625,20.00258402824402,-1.9208528101444244e-09,0.35010749101638794,1.3817809621289666e-05,-1.6810919046401978,4.999319553375244,2432,3.7098867893218994,1664,nan,0,nan,0,nan,0
934,3825664,68509.6,56.2,38.36,34.48,10,0.125,154,0.24025974025974026,235,54,117,20,44,0,0,28,-4.9144676293178655,17.617021276595743,-0.39098048210144043,0.0,,-0.052387016778811815,30.329869961738588,-1.0490332543849945,7.0692463457584385,0.01908291957806796,0.175048828125,18.17504186630249,2.3283064365386963e-10,0.3740409016609192,1.3510747185261006e-05,-1.6813366413116455,5.146238327026367,2380,3.8353993892669678,1709,4.992425441741943,7,nan,0,nan,0
935,3829760,68583.2,56.0,38.7,34.44,10,0.125,396,0.20202020202020202,242,43,130,20,49,0,0,28,-6.036545829746912,16.768595041322314,-0.45887696743011475,0.0,,-0.05073932415107265,27.22410777807236,-1.0499938488006593,7.207553458213806,0.020224522979697214,0.171728515625,17.09685335159302,1.7462298274040222e-10,0.34786444902420044,1.3203684749232346e-05,-1.6815564632415771,5.109392166137695,2324,3.9617016315460205,1765,3.360004186630249,7,nan,0,nan,0
936,3833856,68656.9,56.0,38.8,34.37,10,0.125,131,0.16030534351145037,247,46,130,13,58,0,0,29,-5.424856411751341,16.692307692307693,-0.46231609582901,0.0,,-0.05124673389364034,25.87546662092209,-1.0507331430912017,6.96955743432045,0.0172407829988515,0.166650390625,17.773733711242677,-1.4551915228366852e-09,0.3835161328315735,1.2896622313203686e-05,-1.681691288948059,5.0825347900390625,2373,3.7821009159088135,1715,4.574754238128662,8,nan,0,nan,0
937,3837952,68730.3,56.2,38.49,34.44,10,0.125,368,0.16847826086956522,237,41,135,12,49,0,0,20,-5.110370204915191,17.236286919831223,-0.4473530650138855,0.0,,-0.04958527071867138,25.761513364315032,-1.0512681365013123,6.879756742715836,0.016076724702725188,0.157861328125,15.547080135345459,-1.1641532182693481e-09,0.32869952917099,1.2589559877175026e-05,-1.6818453073501587,5.032594680786133,2333,3.7201406955718994,1761,4.388682842254639,2,nan,0,nan,0
938,3842048,68804.1,55.9,38.83,34.46,10,0.125,95,0.2631578947368421,239,63,131,12,33,0,0,39,-5.421172056646034,17.09205020920502,-0.348307728767395,0.0,,-0.044268203258980066,31.999702215194702,-1.0518221378326416,6.869711595773697,0.01374981430999469,0.136474609375,23.825152826309203,-5.238689482212067e-10,0.3837204575538635,1.2282497441146367e-05,-1.6819450855255127,5.06599235534668,2343,3.6711275577545166,1751,2.918715000152588,2,nan,0,nan,0
939,3846144,68878.0,55.8,39.0,34.44,10,0.125,336,0.22321428571428573,241,50,118,20,53,0,0,27,-5.295732005808348,17.053941908713693,-0.42140641808509827,0.0,,-0.04929213623981923,29.32971348762512,-1.0522529780864716,7.072118252515793,0.02313608500699047,0.15859375,16.89736557006836,-1.4551915228366852e-09,0.3481665253639221,1.1975435005117707e-05,-1.68208646774292,5.007882118225098,2437,3.9231605529785156,1647,3.673349142074585,12,nan,0,nan,0
940,3850240,68951.7,55.9,38.85,34.45,10,0.125,57,0.14035087719298245,233,44,124,23,42,0,0,27,-5.335299262859534,17.489270386266096,-0.4291049838066101,0.0,,-0.047711083345348015,27.14145631790161,-1.0528899252414703,7.02997687458992,0.01697924606851302,0.16015625,19.961235189437865,-4.656612873077393e-10,0.3734489679336548,1.1668372569089047e-05,-1.682247519493103,5.174972057342529,2377,3.8585855960845947,1719,nan,0,nan,0,nan,0
941,3854336,69024.9,56.3,38.23,34.48,10,0.125,297,0.18181818181818182,240,46,136,17,41,0,0,30,-5.45503302281562,16.979166666666668,-0.45440980792045593,0.0,,-0.045535051426850257,26.238342416286468,-1.0535704135894775,7.029209500551223,0.015442016394808888,0.15419921875,18.877362489700317,1.7462298274040222e-10,0.3752380609512329,1.1361310133060387e-05,-1.6824305057525635,5.076544284820557,2314,3.7746458053588867,1779,6.294544219970703,3,nan,0,nan,0
942,3858432,69098.8,55.7,39.09,34.42,10,0.125,20,0.15,235,41,131,16,47,0,0,31,-5.296345284191593,17.75744680851064,-0.4572020173072815,0.0,,-0.041524926002603026,25.46391495466232,-1.0542430341243745,7.250177383422852,0.011210013160598465,0.12138671875,21.09320945739746,-7.566995918750763e-10,0.3670954704284668,1.1054247697031727e-05,-1.682580828666687,5.149124622344971,2400,3.900752544403076,1689,5.957559108734131,7,nan,0,nan,0
943,3862528,69172.5,55.9,38.76,34.49,10,0.125,255,0.20784313725490197,235,50,122,13,50,0,0,29,-5.26783464940817,17.26808510638298,-0.4172263741493225,0.0,,-0.04533550064079463,27.69399228096008,-1.0548778474330902,6.97483920454979,0.013009655560017564,0.12578125,17.978022050857543,-9.89530235528946e-10,0.4071989059448242,1.0747185261003065e-05,-1.6827666759490967,5.095530986785889,2486,3.884235143661499,1605,4.480497360229492,5,nan,0,nan,0
944,3866624,69246.2,55.9,38.82,34.49,10,0.125,487,0.22176591375770022,232,55,125,10,42,0,0,27,-5.238638193488938,17.58189655172414,-0.3798590898513794,0.0,,-0.039538135065231475,28.945685923099518,-1.0556380987167358,7.044358241558075,0.01109944945492316,0.120947265625,20.216803359985352,-2.0954757928848267e-09,0.4133937954902649,1.0440122824974406e-05,-1.6829333305358887,5.200109481811523,2410,3.7885501384735107,1679,2.6152660846710205,7,nan,0,nan,0
945,3870720,69320.0,55.8,38.88,34.46,10,0.125,211,0.2559241706161137,236,58,128,10,40,0,0,42,-5.1112072432966515,17.54237288135593,-0.3765272796154022,0.0,,-0.04563950465526432,29.075788283348082,-1.0562612116336823,6.734414887428284,0.01565503677993547,0.1373046875,16.95601353645325,4.656612873077393e-10,0.432574987411499,1.0133060388945746e-05,-1.6830923557281494,4.902979850769043,2412,3.7803499698638916,1673,3.101588249206543,11,nan,0,nan,0
946,3874816,69393.5,56.0,38.64,34.46,10,0.125,454,0.23348017621145375,243,52,121,11,59,0,0,35,-5.4651723280897695,16.864197530864196,-0.4063616991043091,0.0,,-0.049304717482300475,28.384710490703583,-1.056869637966156,6.989826035499573,0.016752919257851318,0.15,14.314327621459961,-2.9103830456733704e-10,0.38722139596939087,9.825997952917086e-06,-1.683231234550476,4.985067844390869,2573,3.864677906036377,1519,1.6763814687728882,4,nan,0,nan,0
947,3878912,69467.1,56.0,38.69,34.46,10,0.125,178,0.24157303370786518,236,56,124,15,41,0,0,31,-5.564980998380144,17.372881355932204,-0.3814064562320709,0.0,,-0.045854336518095805,30.420029556751253,-1.0574050664901733,6.90353165268898,0.01326675816962961,0.133984375,16.743321084976195,0.0,0.37095749378204346,9.518935516888426e-06,-1.6833562850952148,5.046712875366211,2461,3.777367353439331,1633,3.151765823364258,2,nan,0,nan,0
948,3883008,69540.8,55.9,38.76,34.49,10,0.125,424,0.2099056603773585,246,46,123,15,62,0,0,26,-5.356663076842869,16.443089430894307,-0.45982566475868225,0.0,,-0.04581934190355241,25.74645254611969,-1.0579030215740204,6.9239124119281765,0.015544835789478384,0.1470703125,17.6053026676178,-7.566995918750763e-10,0.4016118049621582,9.211873080859766e-06,-1.6834880113601685,5.122746467590332,2409,3.7966954708099365,1678,3.350051164627075,9,nan,0,nan,0
949,3887104,69614.4,56.0,38.66,34.46,10,0.125,150,0.28,238,62,116,12,48,0,0,29,-5.372806687710192,17.096638655462186,-0.3642474412918091,0.0,,-0.03979622337501496,32.5160058259964,-1.0583844244480134,7.003530615568161,0.00959333763748873,0.1076171875,24.235226535797118,-1.6880221664905548e-09,0.3902394771575928,8.904810644831106e-06,-1.6835863590240479,5.099412441253662,2446,3.901972770690918,1647,3.712914228439331,3,nan,0,nan,0
950,3891200,69688.3,55.8,38.95,34.51,10,0.125,390,0.2153846153846154,240,42,138,16,44,0,0,25,-5.60619916932161,17.2625,-0.4739637076854706,0.0,,-0.04031419976381585,25.288866543769835,-1.0587762951850892,6.949107843637466,0.012647254538023844,0.12578125,19.156377220153807,-6.402842700481415e-10,0.361987829208374,8.597748208802446e-06,-1.68369460105896,4.9741621017456055,2433,3.8163669109344482,1660,3.351699113845825,3,nan,0,nan,0
951,3895296,69761.9,56.1,38.59,34.46,10,0.125,108,0.2777777777777778,230,54,123,15,38,0,0,34,-5.5165095206065065,17.604347826086958,-0.3670644760131836,0.0,,-0.041674468922428785,30.190531611442566,-1.0591904461383819,6.9915487468242645,0.011837817099876701,0.1244140625,19.504034900665282,-5.820766091346741e-10,0.3840516209602356,8.290685772773786e-06,-1.6837775707244873,5.130383491516113,2494,3.71917724609375,1598,6.02263069152832,4,nan,0,nan,0
952,3899392,69835.8,55.8,38.98,34.47,10,0.125,350,0.23142857142857143,242,51,139,12,40,0,0,39,-5.216305754845439,17.177685950413224,-0.42047297954559326,0.0,,-0.04307371156464797,27.74120877981186,-1.0594964921474457,7.210633999109268,0.010854511280194856,0.114599609375,16.177069425582886,-1.57160684466362e-09,0.4035080671310425,7.983623336745126e-06,-1.6838672161102295,5.171633720397949,2448,3.7705795764923096,1648,nan,0,nan,0,nan,0
953,3903488,69909.0,56.2,38.36,34.46,10,0.125,69,0.2463768115942029,231,50,122,18,41,0,0,26,-5.297971408005861,17.614718614718615,-0.4025792181491852,0.0,,-0.0356676185503602,28.581402695178987,-1.0598960280418397,7.040562826395035,0.007688629598123953,0.09052734375,19.622701168060303,9.313225746154785e-10,0.36692357063293457,7.676560900716467e-06,-1.6839641332626343,5.067827224731445,2315,3.861487865447998,1778,3.7794368267059326,3,nan,0,nan,0
954,3907584,69983.1,55.7,39.11,34.45,10,0.125,302,0.18211920529801323,233,38,135,11,49,0,0,29,-5.968715797442127,17.416309012875537,-0.474286288022995,0.0,,-0.0364242167212069,24.063048708438874,-1.0602903425693513,6.982983601093292,0.008539900410687551,0.098828125,18.21222319602966,7.566995918750763e-10,0.3879467248916626,7.369498464687807e-06,-1.684070110321045,5.184288501739502,2385,3.753490447998047,1707,3.1111984252929688,4,nan,0,nan,0
955,3911680,70056.3,56.3,38.28,34.44,10,0.125,21,0.09523809523809523,231,50,126,13,42,0,0,27,-5.44802017740821,17.857142857142858,-0.3997105658054352,0.0,,-0.034557112283073364,27.329323184490203,-1.0607504785060882,7.3620685815811155,0.008144186908612027,0.089794921875,18.705118942260743,-1.1059455573558807e-09,0.4076361656188965,7.062436028659146e-06,-1.6841943264007568,5.237995147705078,2427,3.9220588207244873,1646,4.482744216918945,23,nan,0,nan,0
956,3915776,70129.6,56.2,38.38,34.48,10,0.125,255,0.19215686274509805,234,47,129,19,39,0,0,28,-5.22983815746447,17.465811965811966,-0.43058162927627563,0.0,,-0.038493233692133796,26.40784010887146,-1.0611508309841156,7.04487995505333,0.010765982477460056,0.116357421875,16.251594877243043,-1.1059455573558807e-09,0.38593101501464844,6.755373592630486e-06,-1.684253454208374,5.05131721496582,2300,3.9204113483428955,1779,4.639686107635498,17,nan,0,nan,0
957,3919872,70203.3,56.0,38.67,34.48,10,0.125,495,0.19797979797979798,240,49,133,11,47,0,0,30,-5.242015859481903,17.270833333333332,-0.43421053886413574,0.0,,-0.034239778644405305,26.568494737148285,-1.0613521218299866,6.973457020521164,0.008366702529019675,0.09189453125,17.259841012954713,9.313225746154785e-10,0.4035158157348633,6.448311156601826e-06,-1.684314250946045,5.15131139755249,2372,3.6613166332244873,1722,3.2489442825317383,2,nan,0,nan,0
958,3923968,70277.0,55.9,38.8,34.46,10,0.125,214,0.17757009345794392,231,41,126,14,50,0,0,22,-5.382545595995599,17.64069264069264,-0.44053077697753906,0.0,,-0.0376174999284558,25.279291939735412,-1.0616362750530244,7.176005494594574,0.011446116989827716,0.117822265625,17.043495321273802,-5.820766091346741e-10,0.36923229694366455,6.141248720573166e-06,-1.684383749961853,5.221992492675781,2346,3.8670244216918945,1746,3.503109931945801,4,nan,0,nan,0
959,3928064,70350.5,56.1,38.56,34.45,10,0.125,458,0.24017467248908297,244,72,121,12,39,0,0,45,-5.271592615476081,16.87295081967213,-0.3100026845932007,0.0,,-0.02577725958544761,34.17443175315857,-1.061881947517395,6.735294908285141,0.004549406302976422,0.05224609375,27.7242928981781,-1.280568540096283e-09,0.40113431215286255,5.8341862845445395e-06,-1.6844369173049927,4.913206577301025,2374,3.7045822143554688,1717,2.886920928955078,5,nan,0,nan,0
960,3932160,70424.6,55.6,39.23,34.45,10,0.125,183,0.18579234972677597,237,50,130,16,41,0,0,30,-5.551818283140925,17.139240506329113,-0.43425071239471436,0.0,,-0.03185203064931556,29.190462267398836,-1.0621012330055237,6.828563606739044,0.005525576818035916,0.0650390625,18.448295640945435,-1.57160684466362e-09,0.37615716457366943,5.52712384851588e-06,-1.6845017671585083,4.993261337280273,2353,3.863571882247925,1737,3.429912567138672,6,nan,0,nan,0
961,3936256,70498.5,55.8,38.91,34.44,10,0.125,422,0.18246445497630331,239,43,129,15,52,0,0,33,-4.949377986791434,17.16317991631799,-0.4609898328781128,0.0,,-0.02978841168805957,25.581174659729005,-1.0623245120048523,7.21838082075119,0.005285434011602775,0.059228515625,19.36813199520111,-8.149072527885437e-10,0.3735548257827759,5.22006141248722e-06,-1.6845334768295288,5.128883361816406,2324,3.9634931087493896,1759,3.2789981365203857,13,nan,0,nan,0
962,3940352,70572.2,55.9,38.72,34.53,10,0.125,140,0.25,230,61,119,16,34,0,0,38,-5.261049308378218,17.782608695652176,-0.34325289726257324,0.0,,-0.030338686797767876,30.270284962654113,-1.0624370396137237,7.067297011613846,0.006551446023513563,0.0748046875,20.730932235717773,-7.566995918750763e-10,0.41943567991256714,4.91299897645856e-06,-1.6845711469650269,5.065603256225586,2470,3.8859033584594727,1611,4.678170680999756,15,nan,0,nan,0
963,3944448,70646.2,55.7,39.06,34.46,10,0.125,379,0.2532981530343008,239,61,116,17,45,0,0,35,-5.626689910512261,17.276150627615063,-0.3539552092552185,0.0,,-0.02879226834047586,31.658991730213167,-1.0626016974449157,6.9884420216083525,0.006448109220946208,0.078271484375,20.817654609680176,-6.984919309616089e-10,0.38679784536361694,4.6059365404299e-06,-1.684607982635498,5.161880970001221,2241,3.9210360050201416,1845,3.088162899017334,10,nan,0,nan,0
964,3948544,70720.3,55.6,39.15,34.48,10,0.125,109,0.26605504587155965,242,52,122,16,52,0,0,35,-5.630870520860207,16.925619834710744,-0.4185738265514374,0.0,,-0.02657881142804399,28.930256927013396,-1.062706983089447,7.346525394916535,0.004722583337570541,0.049609375,18.417886829376222,-5.238689482212067e-10,0.3841715455055237,4.29887410440124e-06,-1.6846251487731934,5.139185905456543,2409,3.9835853576660156,1680,6.696517467498779,7,nan,0,nan,0
965,3952640,70793.8,56.1,38.58,34.49,10,0.125,332,0.2289156626506024,223,47,130,16,30,0,0,24,-5.6093752580454375,18.112107623318387,-0.39849406480789185,0.0,,-0.030016610398888588,27.99554795026779,-1.0627878606319427,7.18201453089714,0.005577179943793453,0.06357421875,17.497703647613527,-1.1641532182693481e-09,0.36118388175964355,3.99181166837258e-06,-1.684649109840393,5.200193881988525,2329,3.8344998359680176,1762,4.774697303771973,5,nan,0,nan,0
966,3956736,70867.6,55.8,38.85,34.49,10,0.125,50,0.3,230,49,123,14,44,0,0,40,-5.319652376725912,17.87391304347826,-0.40056169033050537,0.0,,-0.025647547538392247,28.441760349273682,-1.0629107534885407,7.149496030807495,0.004414978661225177,0.049462890625,18.499985933303833,-1.1059455573558807e-09,0.4024025797843933,3.68474923234392e-06,-1.684687852859497,5.177581310272217,2425,3.888716459274292,1664,4.391518592834473,7,nan,0,nan,0
967,3960832,70941.6,55.7,39.07,34.46,10,0.125,286,0.24125874125874125,236,54,134,8,40,0,0,33,-5.509107275576317,17.36864406779661,-0.38410061597824097,0.0,,-0.023762968718074262,29.153161895275115,-1.0630587220191956,6.882480120658874,0.003346136459731497,0.03447265625,17.381188344955444,-2.3283064365386963e-10,0.3796800971031189,3.37768679631526e-06,-1.6847224235534668,5.060920238494873,2384,3.68496036529541,1705,3.4729626178741455,7,nan,0,nan,0
968,3964928,71015.3,55.9,38.72,34.51,10,0.125,12,0.08333333333333333,238,40,125,17,56,0,0,25,-5.664284412806963,17.294117647058822,-0.46693873405456543,0.0,,-0.017200170923024415,26.34507075548172,-1.063184243440628,7.131154417991638,0.00287616558780428,0.030322265625,23.08102879524231,-1.1641532182693481e-10,0.3694304823875427,3.0706243602865997e-06,-1.6847461462020874,5.259979248046875,2411,3.807124614715576,1678,2.1388068199157715,7,nan,0,nan,0
969,3969024,71089.3,55.7,39.1,34.46,10,0.125,258,0.22093023255813954,246,56,116,21,53,0,0,40,-5.459384803141818,16.760162601626018,-0.4081729054450989,0.0,,-0.020352339139208198,28.8201113820076,-1.063238686323166,6.933458888530732,0.0026343552744947374,0.028466796875,18.89810690879822,-1.0477378964424133e-09,0.4147295355796814,2.76356192425794e-06,-1.6847507953643799,5.014239311218262,2327,3.914673089981079,1766,2.6649882793426514,3,nan,0,nan,0
970,3973120,71163.3,55.7,39.0,34.5,10,0.125,498,0.21686746987951808,240,51,124,20,45,0,0,30,-5.368321350067426,17.0875,-0.4251735508441925,0.0,,-0.018884926359169184,27.961626601219177,-1.0632886290550232,7.0278895735740665,0.002132706856355071,0.020361328125,19.279415082931518,-6.984919309616089e-10,0.41515809297561646,2.45649948822928e-06,-1.684779405593872,5.070578098297119,2346,3.8778200149536133,1742,3.724087715148926,8,nan,0,nan,0
971,3977216,71237.1,55.9,38.8,34.5,10,0.125,224,0.21428571428571427,238,50,129,17,42,0,0,28,-4.987658118159632,17.058823529411764,-0.4187016487121582,0.0,,-0.018859719031024725,27.06473014354706,-1.0634206354618072,6.906433361768722,0.00195020463434048,0.019091796875,16.858725357055665,2.9103830456733704e-10,0.4001188278198242,2.14943705220062e-06,-1.6848082542419434,5.1519551277160645,2350,3.7527225017547607,1736,3.387540817260742,10,nan,0,nan,0
972,3981312,71310.9,55.9,38.85,34.46,10,0.125,461,0.21691973969631237,237,52,126,14,45,0,0,33,-5.6632226237375285,17.17721518987342,-0.4181985855102539,0.0,,-0.0126230011228472,29.227355086803435,-1.063506293296814,7.094018942117691,0.0009886800864478574,0.00830078125,21.821823835372925,-3.4924596548080444e-10,0.4059554934501648,1.84237461617196e-06,-1.6848218441009521,5.078277587890625,2390,3.8561861515045166,1700,2.042588949203491,6,nan,0,nan,0
973,3985408,71384.5,56.0,38.7,34.47,10,0.125,190,0.22105263157894736,241,48,125,16,52,0,0,26,-5.450538448154386,17.178423236514522,-0.4440748393535614,0.0,,-0.014670291170477866,27.533839893341064,-1.063556158542633,7.192197072505951,0.0017807396157877519,0.0154296875,18.303449440002442,-1.6880221664905548e-09,0.3858836889266968,1.5353121801432998e-06,-1.684834361076355,5.234732151031494,2331,3.8441121578216553,1762,4.884463787078857,3,nan,0,nan,0
974,3989504,71458.4,55.8,38.97,34.46,10,0.125,433,0.21478060046189376,243,51,112,21,59,0,0,39,-5.0931987424932865,16.893004115226336,-0.4359743595123291,0.0,,-0.011854386143386363,28.077786207199097,-1.0636019647121429,6.887376439571381,0.001000129315070808,0.007275390625,16.761566495895387,-4.656612873077393e-10,0.41301047801971436,1.22824974411464e-06,-1.6848441362380981,4.985042572021484,2336,3.9202733039855957,1756,7.69889497756958,4,nan,0,nan,0
975,3993600,71532.0,55.9,38.71,34.52,10,0.125,155,0.1935483870967742,234,48,134,12,40,0,0,33,-5.127468446134437,17.32905982905983,-0.4250639081001282,0.0,,-0.008235249645076692,26.04326847791672,-1.0636321485042572,6.958841252326965,0.0004665087937610224,0.0021484375,17.17419013977051,-8.731149137020111e-10,0.42180418968200684,9.2118730808598e-07,-1.6848485469818115,5.087434768676758,2395,3.7499780654907227,1693,2.2593958377838135,8,nan,0,nan,0
976,3997696,71605.8,55.8,38.9,34.46,10,0.125,391,0.22762148337595908,236,59,120,15,42,0,0,38,-5.3576561569670345,17.516949152542374,-0.3566208779811859,0.0,,-0.006564092205371708,31.262941896915436,-1.0636448979377746,6.909513872861862,0.00030465663294307885,0.00078125,21.46983938217163,-2.0372681319713593e-09,0.39994901418685913,6.1412487205732e-07,-1.6848511695861816,5.051481246948242,2430,3.827989101409912,1660,4.358194828033447,6,nan,0,nan,0
977,4001792,71679.8,55.8,39.01,34.46,10,0.125,116,0.25862068965517243,237,53,116,16,52,0,0,36,-5.2050007035741555,16.970464135021096,-0.40371185541152954,0.0,,-0.0036123489029705525,28.38272842168808,-1.0636528372764587,6.889658105373383,0.00010752170928753912,9.765625e-05,15.868942260742188,-1.1641532182693481e-10,0.39946848154067993,3.0706243602866e-07,-1.684852123260498,5.114147186279297,2341,3.8254435062408447,1755,nan,0,nan,0,nan,0
