episode,step,height_above_pad,horizontal_error,cam_u,cam_v,corners_in_frame,fully_in_frame,centre_in_frame,px_per_cell,loss_cause,aruco_detected,aruco_pos_err
0,1,0.49902,0.22381,-0.4814,0.0323,4,True,True,5.6,,True,0.029226469661601535
0,2,0.49622,0.22912,-0.5594,0.0357,4,True,True,5.93,,True,0.012283222147735806
0,3,0.49108,0.23393,-0.6391,0.0392,4,True,True,6.4,,True,0.023062518787625486
0,4,0.48456,0.2377,-0.6725,0.0413,4,True,True,6.58,,False,nan
0,5,0.47788,0.24016,-0.6508,0.0449,4,True,True,6.47,,True,0.01996638132995067
0,6,0.47195,0.24141,-0.6347,0.0334,4,True,True,6.53,,True,0.013778465267482002
0,7,0.46635,0.24171,-0.6668,0.0192,4,True,True,6.77,,False,nan
0,8,0.46008,0.24105,-0.6921,0.0386,2,False,True,6.85,tilt,False,nan
0,9,0.45338,0.23927,-0.6662,0.04,3,False,True,7.0,tilt,False,nan
0,10,0.44694,0.23648,-0.5906,0.0209,4,True,True,6.57,,True,0.013324277546713283
0,11,0.44146,0.2332,-0.525,0.0421,4,True,True,6.15,,True,0.009399612315990827
0,12,0.43698,0.23001,-0.5059,0.0815,4,True,True,6.19,,True,0.015711267510457698
0,13,0.43209,0.22705,-0.5313,0.0842,4,True,True,6.54,,True,0.013407083017310627
0,14,0.42612,0.22418,-0.5578,0.032,4,True,True,6.79,,True,0.03295520645418512
0,15,0.41977,0.22122,-0.5427,-0.0172,4,True,True,6.79,,True,0.01588569286466334
0,16,0.41381,0.21826,-0.5362,-0.0101,4,True,True,6.93,,True,0.010103904596158791
0,17,0.40789,0.21538,-0.5519,-0.0064,4,True,True,7.18,,True,0.012332608751495167
0,18,0.40179,0.21248,-0.541,-0.0308,4,True,True,7.05,,True,0.008491420327018741
0,19,0.39614,0.20963,-0.5344,-0.0224,4,True,True,6.94,,True,0.011451670703813678
0,20,0.39066,0.20689,-0.5559,0.0062,4,True,True,7.13,,True,0.009560922247487055
0,21,0.38472,0.20413,-0.5597,-0.0006,4,True,True,7.4,,True,0.012806153784217157
0,22,0.37879,0.20132,-0.517,-0.0212,4,True,True,7.17,,True,0.010920354924646705
0,23,0.37379,0.19876,-0.482,0.002,4,True,True,7.25,,True,0.014779108962517948
0,24,0.36935,0.19679,-0.4934,0.0443,4,True,True,7.37,,True,0.012472080280649542
0,25,0.36398,0.19529,-0.5382,0.0515,4,True,True,7.6,,True,0.008749777659353905
0,26,0.35756,0.19396,-0.5732,0.017,4,True,True,8.0,,True,0.010481743804942788
0,27,0.35084,0.19261,-0.565,-0.0005,4,True,True,8.14,,True,0.04061551326632033
0,28,0.34471,0.19129,-0.5663,0.0435,4,True,True,8.2,,True,0.010818966021315104
0,29,0.33871,0.19005,-0.6193,0.0845,2,False,True,8.66,tilt,False,nan
0,30,0.33203,0.18858,-0.6738,0.0671,2,False,True,9.32,tilt,False,nan
0,31,0.32525,0.18653,-0.6796,0.0568,2,False,True,9.6,too_close,False,nan
0,32,0.31908,0.18384,-0.629,0.0865,2,False,True,9.16,too_close,False,nan
0,33,0.31352,0.18082,-0.5844,0.0894,4,True,True,8.84,,False,nan
0,34,0.30825,0.17785,-0.5921,0.0724,2,False,True,9.06,too_close,False,nan
0,35,0.30252,0.17497,-0.598,0.0918,2,False,True,9.49,too_close,False,nan
0,36,0.29673,0.17213,-0.5524,0.1252,4,True,True,9.18,,True,0.00639306729203791
0,37,0.2915,0.1696,-0.512,0.128,4,True,True,9.05,,True,0.0064378076308392864
0,38,0.28664,0.16771,-0.5246,0.1238,4,True,True,9.21,,True,0.005918654480829649
0,39,0.28115,0.1664,-0.5892,0.1608,2,False,True,10.21,too_close,False,nan
0,40,0.27454,0.16524,-0.6485,0.2172,2,False,True,10.97,too_close,False,nan
0,41,0.2677,0.1638,-0.6563,0.2279,2,False,True,11.13,too_close,False,nan
0,42,0.26161,0.16196,-0.63,0.2118,2,False,True,11.19,too_close,False,nan
0,43,0.25677,0.15999,-0.6121,0.1936,2,False,True,11.33,too_close,False,nan
0,44,0.2522,0.1581,-0.63,0.1665,2,False,True,11.2,too_close,False,nan
0,45,0.24702,0.15628,-0.6429,0.1422,2,False,True,11.52,too_close,False,nan
0,46,0.24157,0.15454,-0.6236,0.1288,2,False,True,11.4,too_close,False,nan
0,47,0.23681,0.15305,-0.6188,0.14,2,False,True,11.87,too_close,False,nan
0,48,0.232,0.1519,-0.6578,0.163,2,False,True,12.3,too_close,False,nan
0,49,0.22657,0.15089,-0.6916,0.1485,2,False,True,12.6,too_close,False,nan
0,50,0.22137,0.14988,-0.6788,0.1108,2,False,True,12.71,too_close,False,nan
0,51,0.21717,0.14906,-0.6741,0.1193,2,False,True,13.08,too_close,False,nan
0,52,0.21282,0.14852,-0.7196,0.1589,2,False,True,13.74,too_close,False,nan
0,53,0.20793,0.14804,-0.7585,0.1622,2,False,True,14.08,too_close,False,nan
0,54,0.20356,0.14747,-0.7448,0.1391,2,False,True,14.26,too_close,False,nan
0,55,0.19999,0.14694,-0.7394,0.1608,2,False,True,14.85,too_close,False,nan
0,56,0.19562,0.14656,-0.7878,0.2161,2,False,True,15.85,too_close,False,nan
0,57,0.19088,0.14613,-0.8236,0.2356,2,False,True,16.3,too_close,False,nan
0,58,0.18678,0.14549,-0.8276,0.1816,2,False,True,16.13,too_close,False,nan
0,59,0.18159,0.14475,-0.8683,0.1352,2,False,True,16.6,too_close,False,nan
0,60,0.17891,0.14385,-0.8784,0.1653,2,False,True,16.63,too_close,False,nan
0,61,0.17684,0.14276,-0.8808,0.2002,2,False,True,17.31,too_close,False,nan
0,62,0.17374,0.14148,-0.9384,0.1694,2,False,True,18.95,too_close,False,nan
0,63,0.16902,0.13988,-1.0001,0.105,2,False,False,20.27,too_close,False,nan
0,64,0.16194,0.13784,-1.0152,0.0807,2,False,False,20.82,too_close,False,nan
0,65,0.15552,0.13525,-1.0102,0.1396,1,False,False,20.44,too_close,False,nan
0,66,0.14968,0.13222,-1.0497,0.2305,1,False,False,22.02,too_close,False,nan
0,67,0.14381,0.12866,-1.0754,0.2663,1,False,False,23.47,too_close,False,nan
0,68,0.13779,0.12448,-1.0335,0.2553,1,False,False,23.54,too_close,False,nan
0,69,0.13091,0.11994,-1.0007,0.247,1,False,False,24.18,too_close,False,nan
0,70,0.12455,0.11526,-1.0224,0.2659,1,False,False,25.11,too_close,False,nan
0,71,0.11865,0.11045,-1.0372,0.2978,1,False,False,26.96,lateral,False,nan
0,72,0.11263,0.10547,-0.9904,0.2725,1,False,True,27.03,lateral,False,nan
0,73,0.10584,0.10055,-0.9522,0.214,0,False,True,27.04,lateral,False,nan
0,74,0.09915,0.09609,-0.9858,0.2111,0,False,True,28.46,lateral,False,nan
0,75,0.09282,0.09214,-1.0696,0.2518,0,False,False,32.11,lateral,False,nan
0,76,0.08636,0.08844,-1.1329,0.2409,0,False,False,35.98,lateral,False,nan
0,77,0.07918,0.0849,-1.1801,0.189,0,False,False,38.58,lateral,False,nan
0,78,0.07165,0.08164,-1.3094,0.1977,0,False,False,43.94,lateral,False,nan
0,79,0.06437,0.0786,-1.4712,0.2488,0,False,False,52.29,lateral,False,nan
0,80,0.05748,0.07566,-1.5664,0.2194,0,False,False,60.19,lateral,False,nan
0,81,0.05018,0.07297,-1.7292,0.1383,0,False,False,65.9,lateral,False,nan
0,82,0.04224,0.07072,-2.1775,0.0715,0,False,False,85.4,lateral,False,nan
0,83,0.03436,0.06886,-3.0274,-0.0214,0,False,False,164.69,lateral,False,nan
0,84,0.0264,0.06718,-4.3806,-0.2612,0,False,False,296.83,lateral,False,nan
0,85,0.01832,0.06565,-8.6965,-0.8696,0,False,False,820.79,lateral,False,nan
0,86,0.01284,0.06452,-45.9716,-3.9979,0,False,False,4607.82,behind,False,nan
0,87,0.01336,0.06414,-41.186,-3.5267,0,False,False,2075.63,behind,False,nan
1,1,0.49747,0.1396,0.1185,0.239,4,True,True,5.52,,True,0.01155130902733059
1,2,0.49217,0.13392,0.0694,0.2227,4,True,True,5.54,,True,0.022796943950800338
1,3,0.48612,0.12869,0.0193,0.2046,4,True,True,5.61,,True,0.01493630179083708
1,4,0.48009,0.12421,0.0066,0.1915,4,True,True,5.83,,True,0.013386123392370714
1,5,0.4744,0.12064,0.0403,0.1718,4,True,True,5.81,,True,0.01675223793885811
1,6,0.46888,0.11797,0.0735,0.1559,4,True,True,5.83,,True,0.020876185829696452
1,7,0.46344,0.11617,0.0681,0.1782,4,True,True,5.99,,True,0.018790549291812175
1,8,0.45798,0.11509,0.071,0.1951,4,True,True,6.16,,True,0.011565766285989484
1,9,0.45267,0.11453,0.1072,0.206,4,True,True,6.11,,True,0.020579681749448877
1,10,0.44733,0.11429,0.1313,0.2435,4,True,True,6.2,,True,0.020194368845104265
1,11,0.44194,0.11397,0.1093,0.275,4,True,True,6.31,,True,0.011136088528856215
1,12,0.4366,0.11339,0.0927,0.2649,4,True,True,6.4,,True,0.018997057229752038
1,13,0.43121,0.11267,0.1232,0.2535,4,True,True,6.41,,True,0.012754680542790895
1,14,0.42582,0.11186,0.1499,0.2775,4,True,True,6.73,,True,0.020261996121329378
1,15,0.42072,0.11069,0.1281,0.2973,4,True,True,6.73,,True,0.007678676643329066
1,16,0.41555,0.1091,0.111,0.2745,4,True,True,6.71,,True,0.008240318620136187
1,17,0.41006,0.10735,0.1415,0.2499,4,True,True,6.85,,True,0.01032088393042275
1,18,0.40441,0.10556,0.1938,0.2208,4,True,True,7.12,,True,0.015238460006303266
1,19,0.39882,0.10366,0.2237,0.2025,4,True,True,7.12,,True,0.008379135770557366
1,20,0.39324,0.1016,0.2184,0.1778,4,True,True,7.13,,True,0.00841638463612493
1,21,0.38751,0.0995,0.2038,0.1501,4,True,True,7.21,,True,0.01301624876816228
1,22,0.38154,0.09757,0.2105,0.1622,4,True,True,7.51,,True,0.009302499844143521
1,23,0.37573,0.09573,0.2138,0.1782,4,True,True,7.52,,True,0.006398659851081445
1,24,0.37005,0.09381,0.1991,0.1557,4,True,True,7.5,,True,0.012001625774031875
1,25,0.36421,0.09199,0.2053,0.1299,4,True,True,7.65,,True,0.007924846335928054
1,26,0.3583,0.09039,0.2069,0.14,4,True,True,7.94,,True,0.008285624741894938
1,27,0.35227,0.08895,0.1884,0.1533,4,True,True,7.88,,True,0.008994962306512592
1,28,0.34616,0.0877,0.193,0.129,4,True,True,8.01,,True,0.010392335463805828
1,29,0.34007,0.08676,0.1988,0.1027,4,True,True,8.2,,True,0.007480909214154365
1,30,0.33394,0.08623,0.2102,0.1172,4,True,True,8.46,,True,0.00820455870771332
1,31,0.32798,0.08603,0.2117,0.1361,4,True,True,8.46,,True,0.009711345872370969
1,32,0.32197,0.08603,0.2008,0.1171,4,True,True,8.63,,True,0.020490579700049173
1,33,0.31568,0.08644,0.2196,0.0956,4,True,True,8.9,,True,0.009693143135455162
1,34,0.30962,0.08734,0.2342,0.1118,4,True,True,9.06,,True,0.010114968975149708
1,35,0.30329,0.08858,0.2519,0.1766,4,True,True,9.21,,True,0.026809894698547575
1,36,0.29697,0.08984,0.2674,0.2381,4,True,True,9.69,,True,0.009126503762416386
1,37,0.29091,0.09075,0.2531,0.2502,4,True,True,9.85,,True,0.009161679248775591
1,38,0.28423,0.09138,0.2407,0.2273,4,True,True,10.02,,True,0.007898066582296012
1,39,0.27725,0.09202,0.259,0.2237,4,True,True,10.06,,True,0.008023769533566141
1,40,0.27055,0.09272,0.2847,0.2215,4,True,True,10.48,,True,0.03547263170574815
1,41,0.26394,0.0934,0.3244,0.2168,4,True,True,10.77,,True,0.006730217649668562
1,42,0.25742,0.09392,0.3526,0.2302,4,True,True,11.4,,True,0.0074819812533767705
1,43,0.25063,0.09412,0.3734,0.2395,4,True,True,11.59,,True,0.0059499433067894516
1,44,0.2437,0.09389,0.3867,0.2539,4,True,True,12.13,,False,nan
1,45,0.23698,0.09316,0.3663,0.2463,4,True,True,12.15,,False,nan
1,46,0.23008,0.09215,0.3464,0.2079,4,True,True,12.33,,True,0.005158735951799737
1,47,0.22303,0.09123,0.3601,0.1975,4,True,True,12.87,,False,nan
1,48,0.21608,0.0905,0.372,0.2277,3,False,True,13.36,tilt,False,nan
1,49,0.20888,0.08986,0.3981,0.2412,2,False,True,13.8,too_close,False,nan
1,50,0.20184,0.08917,0.4129,0.2227,2,False,True,14.47,too_close,False,nan
1,51,0.19497,0.08849,0.3884,0.2279,2,False,True,14.87,too_close,False,nan
1,52,0.18778,0.08806,0.3828,0.2728,2,False,True,15.26,too_close,False,nan
1,53,0.18034,0.08791,0.4329,0.3254,1,False,True,16.27,too_close,False,nan
1,54,0.17323,0.08769,0.4722,0.3562,1,False,True,17.7,too_close,False,nan
1,55,0.16633,0.08715,0.4511,0.403,1,False,True,18.09,too_close,False,nan
1,56,0.1591,0.08633,0.4387,0.4425,1,False,True,18.99,too_close,False,nan
1,57,0.15188,0.08525,0.4897,0.4746,1,False,True,20.78,too_close,False,nan
1,58,0.14483,0.08369,0.5294,0.4989,1,False,True,22.53,too_close,False,nan
1,59,0.13775,0.0815,0.4877,0.4853,1,False,True,22.15,too_close,False,nan
1,60,0.13035,0.07899,0.4036,0.4693,1,False,True,22.42,too_close,False,nan
1,61,0.12289,0.07677,0.3553,0.4864,1,False,True,22.69,too_close,False,nan
1,62,0.11529,0.07518,0.3544,0.5094,1,False,True,24.1,too_close,False,nan
1,63,0.10738,0.07436,0.3913,0.5681,1,False,True,26.5,too_close,False,nan
1,64,0.0993,0.07418,0.4962,0.6385,1,False,True,30.29,too_close,False,nan
1,65,0.09147,0.07434,0.6369,0.6534,1,False,True,33.9,too_close,False,nan
1,66,0.08395,0.07466,0.7467,0.6782,0,False,True,38.91,too_close,False,nan
1,67,0.07631,0.07512,0.8824,0.8181,0,False,True,44.88,too_close,False,nan
1,68,0.06849,0.07548,1.055,0.9971,0,False,False,54.59,too_close,False,nan
1,69,0.06075,0.07545,1.24,1.1584,0,False,False,65.33,lateral,False,nan
1,70,0.05332,0.07498,1.4788,1.3617,0,False,False,83.37,lateral,False,nan
1,71,0.04613,0.07405,1.8025,1.6631,0,False,False,105.73,lateral,False,nan
1,72,0.0386,0.07266,2.3338,2.1667,0,False,False,150.58,lateral,False,nan
1,73,0.03112,0.07078,3.0107,2.6563,0,False,False,171.04,lateral,False,nan
1,74,0.02375,0.06862,4.4917,3.8046,0,False,False,238.39,lateral,False,nan
1,75,0.01636,0.0664,13.0471,11.3785,0,False,False,5299.24,lateral,False,nan
1,76,0.01315,0.06509,34.0574,30.5231,0,False,False,2805.36,behind,False,nan
1,77,0.01337,0.06464,39.649,33.8787,0,False,False,4098.21,behind,False,nan
2,1,0.49769,0.12044,0.2266,0.0349,4,True,True,5.47,,True,0.017414617904155015
2,2,0.49278,0.11692,0.214,0.0292,4,True,True,5.52,,True,0.019232925911060676
2,3,0.48735,0.11367,0.1982,0.0197,4,True,True,5.58,,True,0.0236334310249569
2,4,0.48168,0.11081,0.1878,0.0095,4,True,True,5.64,,True,0.017499479617983073
2,5,0.47532,0.10843,0.215,0.038,4,True,True,5.87,,True,0.01096337494741264
2,6,0.46899,0.10627,0.235,0.0697,4,True,True,5.88,,True,0.007709421051597084
2,7,0.46302,0.10405,0.2164,0.0635,4,True,True,6.07,,True,0.013186795542439218
2,8,0.45729,0.10187,0.2052,0.0529,4,True,True,6.05,,True,0.01599416609931568
2,9,0.45146,0.09987,0.1908,0.077,4,True,True,6.03,,True,0.013406621066004737
2,10,0.44529,0.0981,0.1789,0.1036,4,True,True,6.25,,True,0.016650952278177814
2,11,0.43923,0.09658,0.2009,0.0923,4,True,True,6.51,,True,0.01888215912625773
2,12,0.43358,0.09516,0.2191,0.0775,4,True,True,6.51,,True,0.016459884115677198
2,13,0.42776,0.0937,0.2009,0.0984,4,True,True,6.43,,True,0.020277298444372132
2,14,0.42146,0.09226,0.1841,0.1229,4,True,True,6.58,,True,0.01800546039891407
2,15,0.41524,0.09089,0.2052,0.1097,4,True,True,6.82,,True,0.015268169681409613
2,16,0.40939,0.08948,0.226,0.092,4,True,True,6.79,,True,0.013346066799993868
2,17,0.40335,0.08791,0.2098,0.1041,4,True,True,7.0,,True,0.01236541537016882
2,18,0.39698,0.08623,0.194,0.1153,4,True,True,7.01,,True,0.0127634788293056
2,19,0.3907,0.08454,0.2161,0.0887,4,True,True,7.08,,True,0.013313355893627714
2,20,0.38461,0.08277,0.2367,0.0586,4,True,True,7.41,,True,0.010865878253290882
2,21,0.37836,0.08081,0.2199,0.0657,4,True,True,7.64,,True,0.013243428500965954
2,22,0.37211,0.07874,0.2052,0.0771,4,True,True,7.61,,True,0.014232910539913173
2,23,0.3659,0.07665,0.1919,0.0741,4,True,True,7.59,,True,0.009375903682178022
2,24,0.35967,0.07465,0.1909,0.0838,4,True,True,7.94,,True,0.009656294514568448
2,25,0.35337,0.07274,0.183,0.0879,4,True,True,8.22,,True,0.01393620546278661
2,26,0.34712,0.07092,0.1745,0.063,4,True,True,8.15,,True,0.010572342946726486
2,27,0.34071,0.06934,0.2016,0.042,4,True,True,8.21,,True,0.01753437832353189
2,28,0.33426,0.06785,0.2236,0.0503,4,True,True,8.64,,True,0.012392272565520687
2,29,0.32778,0.06624,0.2049,0.0558,4,True,True,8.9,,True,0.010039514970096107
2,30,0.32129,0.06457,0.1886,0.0679,4,True,True,8.85,,True,0.00954385849947966
2,31,0.31489,0.06299,0.1696,0.0764,4,True,True,8.82,,True,0.008642334640412506
2,32,0.30853,0.0616,0.1587,0.0866,4,True,True,9.17,,True,0.008283949995774061
2,33,0.30218,0.06048,0.1832,0.0935,4,True,True,9.59,,True,0.008943125926777332
2,34,0.2958,0.05945,0.1974,0.0713,4,True,True,9.56,,True,0.02066124655459507
2,35,0.28918,0.05842,0.1731,0.0529,4,True,True,9.65,,True,0.019963449982584175
2,36,0.28252,0.05765,0.1555,0.0641,4,True,True,9.85,,True,0.006209276263858603
2,37,0.27586,0.0573,0.174,0.0732,4,True,True,10.3,,True,0.006183221391247377
2,38,0.26923,0.05726,0.1914,0.0859,4,True,True,10.38,,True,0.010364607192288877
2,39,0.26266,0.05737,0.1774,0.1168,4,True,True,10.66,,True,0.005557085500280456
2,40,0.25583,0.05765,0.1742,0.1268,4,True,True,10.99,,True,0.006957187412166338
2,41,0.24869,0.05818,0.2086,0.1009,4,True,True,11.47,,True,0.007565404129034007
2,42,0.2416,0.05887,0.2368,0.0872,4,True,True,11.64,,True,0.00719328564025973
2,43,0.23462,0.05961,0.2593,0.1083,4,True,True,12.25,,True,0.005267161036501507
2,44,0.22773,0.06025,0.316,0.1132,4,True,True,12.85,,False,nan
2,45,0.22105,0.0604,0.3656,0.0859,2,False,True,13.66,tilt,False,nan
2,46,0.2144,0.05979,0.3681,0.0795,2,False,True,14.04,tilt,False,nan
2,47,0.20751,0.05846,0.3276,0.1078,3,False,True,14.29,tilt,False,nan
2,48,0.20058,0.05666,0.2952,0.1173,4,True,True,14.42,,False,nan
2,49,0.19369,0.05465,0.2998,0.0914,3,False,True,15.05,tilt,False,nan
2,50,0.18679,0.05252,0.2954,0.0814,2,False,True,15.5,too_close,False,nan
2,51,0.1798,0.05033,0.252,0.1068,4,True,True,15.94,,False,nan
2,52,0.17284,0.04835,0.22,0.1165,4,True,True,16.39,,False,nan
2,53,0.16584,0.04685,0.2286,0.0897,3,False,True,17.36,too_close,False,nan
2,54,0.15871,0.0459,0.2774,0.0797,2,False,True,18.19,too_close,False,nan
2,55,0.15113,0.04521,0.3276,0.1089,1,False,True,19.49,too_close,False,nan
2,56,0.14365,0.04439,0.3419,0.1203,1,False,True,21.12,too_close,False,nan
2,57,0.13655,0.04337,0.3108,0.0907,1,False,True,22.02,too_close,False,nan
2,58,0.12927,0.04249,0.2844,0.0781,0,False,True,22.44,too_close,False,nan
2,59,0.1218,0.04218,0.3084,0.0605,0,False,True,24.15,too_close,False,nan
2,60,0.11423,0.04248,0.386,0.0347,0,False,True,27.02,too_close,False,nan
2,61,0.10676,0.0431,0.4689,0.0497,0,False,True,29.72,too_close,False,nan
2,62,0.09933,0.04365,0.5103,0.0799,0,False,True,31.78,too_close,False,nan
2,63,0.09182,0.04405,0.5445,0.0713,0,False,True,35.22,too_close,False,nan
2,64,0.08419,0.04444,0.6268,0.0502,0,False,True,41.33,too_close,False,nan
2,65,0.07653,0.04478,0.7192,0.0789,0,False,True,46.24,too_close,False,nan
2,66,0.06924,0.04498,0.7659,0.1887,0,False,True,48.51,too_close,False,nan
2,67,0.06222,0.04517,0.8417,0.3048,0,False,True,58.5,too_close,False,nan
2,68,0.05529,0.0454,1.0328,0.3573,0,False,False,73.21,lateral,False,nan
2,69,0.04858,0.04546,1.2859,0.4224,0,False,False,99.11,lateral,False,nan
2,70,0.04175,0.04516,1.5065,0.5278,0,False,False,121.0,lateral,False,nan
2,71,0.03425,0.04461,1.8827,0.6225,0,False,False,129.22,lateral,False,nan
2,72,0.02628,0.04404,3.04,0.8248,0,False,False,229.4,lateral,False,nan
2,73,0.01879,0.04341,7.238,1.8101,0,False,False,2049.7,lateral,False,nan
2,74,0.0128,0.04269,39.8856,11.1004,0,False,False,6986.17,behind,False,nan
2,75,0.01317,0.04267,30.7265,8.1078,0,False,False,6409.42,behind,False,nan
3,1,0.49919,0.29392,-0.0023,-0.6273,4,True,True,5.59,,True,0.01811675069194164
3,2,0.4968,0.29378,0.061,-0.7059,3,False,True,5.88,tilt,False,nan
3,3,0.49305,0.29316,0.0938,-0.7871,2,False,True,6.26,tilt,False,nan
3,4,0.48893,0.29149,0.092,-0.8102,2,False,True,6.49,tilt,False,nan
3,5,0.48479,0.28852,0.0831,-0.7691,2,False,True,6.37,tilt,False,nan
3,6,0.48035,0.28446,0.1053,-0.729,2,False,True,6.22,tilt,False,nan
3,7,0.47496,0.27955,0.123,-0.7356,2,False,True,6.52,tilt,False,nan
3,8,0.46916,0.2737,0.1037,-0.7347,2,False,True,6.63,tilt,False,nan
3,9,0.46352,0.26681,0.0759,-0.6853,3,False,True,6.32,tilt,False,nan
3,10,0.45831,0.25913,0.0458,-0.6442,4,True,True,6.23,,False,nan
3,11,0.45308,0.25094,0.0084,-0.6405,4,True,True,6.33,,True,0.01623880107853197
3,12,0.44765,0.24226,-0.027,-0.6227,4,True,True,6.39,,True,0.024092854303024883
3,13,0.442,0.23309,-0.0516,-0.5583,4,True,True,6.38,,True,0.018963465505611364
3,14,0.43622,0.22376,-0.0377,-0.5014,4,True,True,6.5,,True,0.01615905755370753
3,15,0.4306,0.2146,-0.0101,-0.4925,4,True,True,6.51,,True,0.02086577105655452
3,16,0.42474,0.20566,-0.016,-0.4802,4,True,True,6.47,,True,0.012655919985382886
3,17,0.41856,0.19692,-0.0328,-0.4269,4,True,True,6.51,,True,0.017386860851514713
3,18,0.41246,0.18865,-0.0138,-0.3812,4,True,True,6.59,,True,0.012371639147556936
3,19,0.40658,0.18119,0.0114,-0.3792,4,True,True,6.7,,True,0.014964473635450212
3,20,0.40038,0.17448,-0.0024,-0.4189,4,True,True,7.08,,True,0.013312295850717167
3,21,0.39419,0.16815,-0.0282,-0.4541,4,True,True,7.22,,True,0.023220002818454447
3,22,0.38813,0.16179,-0.0205,-0.4455,4,True,True,7.19,,True,0.016229103176575024
3,23,0.38201,0.15537,-0.0025,-0.4023,4,True,True,7.3,,True,0.016032319613735378
3,24,0.3761,0.14914,-0.022,-0.3702,4,True,True,7.41,,True,0.012354325294654972
3,25,0.37008,0.14333,-0.0623,-0.3779,4,True,True,7.45,,True,0.013972249655090864
3,26,0.36372,0.13783,-0.0715,-0.3789,4,True,True,7.82,,True,0.014488923577472453
3,27,0.35732,0.13254,-0.0681,-0.3425,4,True,True,7.79,,True,0.014159476173717512
3,28,0.35113,0.12768,-0.0982,-0.3143,4,True,True,7.87,,True,0.011451713283640495
3,29,0.34489,0.12342,-0.1342,-0.3248,4,True,True,8.07,,True,0.01427068215730832
3,30,0.33849,0.11957,-0.1296,-0.3298,4,True,True,8.27,,True,0.01266788868249061
3,31,0.33203,0.116,-0.1156,-0.3266,4,True,True,8.44,,True,0.012007670183008863
3,32,0.32535,0.11274,-0.14,-0.3494,4,True,True,8.97,,True,0.011777263391578151
3,33,0.31872,0.10958,-0.1737,-0.3612,4,True,True,9.17,,True,0.010705766214824981
3,34,0.31229,0.10626,-0.1795,-0.3248,4,True,True,8.98,,True,0.011317125351119341
3,35,0.30603,0.10294,-0.1867,-0.2966,4,True,True,9.28,,True,0.011422524900825163
3,36,0.29978,0.09981,-0.2238,-0.3192,4,True,True,9.57,,True,0.0105005344135592
3,37,0.29333,0.09662,-0.2608,-0.3375,4,True,True,10.09,,True,0.009615051772910525
3,38,0.28676,0.093,-0.271,-0.303,4,True,True,10.38,,True,0.008210639165720738
3,39,0.28019,0.08902,-0.275,-0.2686,4,True,True,10.76,,True,0.00965183399646728
3,40,0.2736,0.0849,-0.2729,-0.2353,4,True,True,10.73,,True,0.010205827904945978
3,41,0.26691,0.08082,-0.2554,-0.2046,4,True,True,10.68,,True,0.008737333244372054
3,42,0.26036,0.07707,-0.2584,-0.1577,4,True,True,11.09,,True,0.008502798889071123
3,43,0.25387,0.07391,-0.2918,-0.1161,4,True,True,11.66,,True,0.009922449189074622
3,44,0.24727,0.0713,-0.308,-0.0799,4,True,True,11.75,,True,0.0069783482550482365
3,45,0.24057,0.06918,-0.284,-0.0463,4,True,True,11.87,,True,0.006976027975636785
3,46,0.23408,0.06776,-0.2671,0.0001,4,True,True,12.19,,True,0.008876311591216997
3,47,0.22787,0.06724,-0.2929,0.0369,4,True,True,12.75,,True,0.00868505779843119
3,48,0.22147,0.06738,-0.3648,0.0213,3,False,True,13.42,tilt,False,nan
3,49,0.21481,0.06757,-0.437,0.0076,2,False,True,14.77,tilt,False,nan
3,50,0.20805,0.06717,-0.4671,0.0449,2,False,True,15.6,too_close,False,nan
3,51,0.20138,0.06591,-0.4449,0.0899,2,False,True,15.56,too_close,False,nan
3,52,0.195,0.06387,-0.4212,0.0889,2,False,True,15.76,too_close,False,nan
3,53,0.18859,0.0613,-0.3921,0.075,2,False,True,16.01,too_close,False,nan
3,54,0.18182,0.05848,-0.3674,0.101,2,False,True,16.15,too_close,False,nan
3,55,0.1749,0.05567,-0.3352,0.1784,2,False,True,17.14,too_close,False,nan
3,56,0.16826,0.05288,-0.3092,0.2472,1,False,True,18.51,too_close,False,nan
3,57,0.16176,0.05003,-0.2863,0.2618,1,False,True,19.31,too_close,False,nan
3,58,0.15489,0.04707,-0.2347,0.2363,1,False,True,19.21,too_close,False,nan
3,59,0.14784,0.04434,-0.1919,0.2269,1,False,True,19.55,too_close,False,nan
3,60,0.14105,0.04211,-0.1918,0.257,1,False,True,20.96,too_close,False,nan
3,61,0.13455,0.04021,-0.1982,0.2744,1,False,True,22.33,too_close,False,nan
3,62,0.12779,0.03846,-0.1643,0.2518,1,False,True,23.69,too_close,False,nan
3,63,0.12065,0.03709,-0.1287,0.2448,0,False,True,24.86,too_close,False,nan
3,64,0.11367,0.03643,-0.1349,0.2852,0,False,True,26.4,too_close,False,nan
3,65,0.10712,0.03632,-0.1578,0.3216,0,False,True,28.2,too_close,False,nan
3,66,0.10042,0.03653,-0.1492,0.3305,0,False,True,31.04,too_close,False,nan
3,67,0.09331,0.03717,-0.1349,0.3689,0,False,True,34.24,too_close,False,nan
3,68,0.08619,0.03839,-0.1627,0.4681,0,False,True,37.72,too_close,False,nan
3,69,0.07942,0.03991,-0.2017,0.5739,0,False,True,42.07,too_close,False,nan
3,70,0.07244,0.04145,-0.2131,0.643,0,False,True,46.16,too_close,False,nan
3,71,0.06482,0.04314,-0.2234,0.7589,0,False,True,53.72,too_close,False,nan
3,72,0.0572,0.04511,-0.2365,1.0132,0,False,False,65.41,too_close,False,nan
3,73,0.05006,0.04717,-0.2091,1.3479,0,False,False,101.66,lateral,False,nan
3,74,0.0429,0.0492,-0.113,1.6861,0,False,False,130.15,lateral,False,nan
3,75,0.0353,0.05144,0.1488,2.2767,0,False,False,154.25,lateral,False,nan
3,76,0.0272,0.05413,0.9374,4.141,0,False,False,546.79,lateral,False,nan
3,77,0.01905,0.05704,5.3819,14.6571,0,False,False,1273.99,lateral,False,nan
3,78,0.01276,0.05996,37.3088,78.4634,0,False,False,1661.37,behind,False,nan
4,1,0.49781,0.18657,-0.3857,-0.1288,4,True,True,5.63,,True,0.023203378392602128
4,2,0.49298,0.18489,-0.4411,-0.1876,4,True,True,6.06,,True,0.023131254241850162
4,3,0.48711,0.1826,-0.49,-0.2487,4,True,True,6.48,,True,0.012498217149656713
4,4,0.48098,0.17907,-0.4958,-0.2604,4,True,True,6.66,,True,0.01164298766452974
4,5,0.47472,0.1741,-0.4531,-0.2253,4,True,True,6.49,,True,0.013587809017759751
4,6,0.4685,0.16796,-0.4083,-0.2098,4,True,True,6.26,,True,0.020318813438002133
4,7,0.46245,0.16097,-0.3842,-0.2301,4,True,True,6.34,,True,0.014728472669938411
4,8,0.45639,0.15322,-0.3486,-0.2287,4,True,True,6.35,,True,0.023788185108341794
4,9,0.45016,0.14484,-0.3156,-0.1933,4,True,True,6.33,,True,0.01850939675666148
4,10,0.44392,0.13612,-0.2827,-0.1751,4,True,True,6.27,,True,0.01467821680209858
4,11,0.43784,0.12722,-0.2508,-0.1897,4,True,True,6.38,,True,0.011966501512252219
4,12,0.43182,0.11825,-0.2523,-0.1875,4,True,True,6.53,,True,0.01285742809449342
4,13,0.42547,0.10911,-0.2462,-0.1465,4,True,True,6.6,,True,0.012281772911955606
4,14,0.41899,0.09984,-0.197,-0.1136,4,True,True,6.55,,True,0.011050149825214219
4,15,0.41287,0.0908,-0.1552,-0.1115,4,True,True,6.71,,True,0.013338766897954714
4,16,0.40692,0.08229,-0.1555,-0.096,4,True,True,6.74,,True,0.009926359206927193
4,17,0.40069,0.07436,-0.1505,-0.043,4,True,True,6.88,,True,0.00771767205619188
4,18,0.39434,0.06712,-0.1094,0.0019,4,True,True,6.92,,True,nan
4,19,0.38828,0.06099,-0.0752,0.0132,4,True,True,7.11,,True,0.011682480238882754
4,20,0.38235,0.0563,-0.0787,0.0337,4,True,True,7.16,,True,0.010499321185678817
4,21,0.37613,0.05297,-0.079,0.0906,4,True,True,7.42,,True,0.009445502843531375
4,22,0.36979,0.05081,-0.0895,0.1382,4,True,True,7.71,,True,0.009499389592529344
4,23,0.36348,0.0494,-0.0958,0.1454,4,True,True,7.86,,True,0.007713654268148996
4,24,0.35715,0.04833,-0.1016,0.1571,4,True,True,8.04,,True,0.00948753042211024
4,25,0.35055,0.0473,-0.1065,0.1625,4,True,True,8.24,,True,0.00855288585893072
4,26,0.34375,0.04606,-0.1022,0.1254,4,True,True,8.25,,True,0.006091098101641293
4,27,0.33694,0.04468,-0.1196,0.0916,4,True,True,8.3,,True,0.00905025252269629
4,28,0.33033,0.04319,-0.131,0.0964,4,True,True,8.56,,True,0.010272283513908761
4,29,0.3238,0.04147,-0.1079,0.0954,4,True,True,8.75,,True,0.005824663623089726
4,30,0.31737,0.03962,-0.0952,0.0525,4,True,True,8.77,,True,0.0075682997087352984
4,31,0.3108,0.03794,-0.1209,0.0147,4,True,True,9.23,,True,0.00704940457028324
4,32,0.30417,0.03639,-0.1424,0.0182,4,True,True,9.41,,True,0.007229259459968451
4,33,0.29763,0.03479,-0.127,0.0194,4,True,True,9.53,,True,0.00787261941311564
4,34,0.29101,0.03323,-0.0743,0.0244,4,True,True,9.66,,True,0.0058518075088390634
4,35,0.28473,0.03214,-0.0254,0.0279,4,True,True,9.87,,True,0.006192811033690419
4,36,0.27854,0.03191,-0.0141,0.0402,4,True,True,10.1,,True,0.0028449126767944644
4,37,0.272,0.03259,-0.0195,0.0582,4,True,True,10.68,,True,0.004503466532078867
4,38,0.26534,0.03403,-0.0468,0.0867,4,True,True,10.9,,True,0.007681435851331415
4,39,0.25866,0.03596,-0.0757,0.1097,4,True,True,10.81,,True,0.005961807036054451
4,40,0.25174,0.03807,-0.1102,0.0985,4,True,True,11.55,,True,0.005308389950723706
4,41,0.24467,0.04029,-0.1374,0.0964,4,True,True,11.93,,True,0.0054898138603546075
4,42,0.2378,0.04256,-0.1452,0.1372,4,True,True,11.92,,True,0.003943823441297825
4,43,0.23106,0.04475,-0.1745,0.1739,4,True,True,12.65,,True,0.004561280083301187
4,44,0.22419,0.04657,-0.2062,0.1675,4,True,True,13.12,,True,0.004159829196170707
4,45,0.21711,0.04799,-0.2026,0.163,4,True,True,13.29,,True,0.005202910374547629
4,46,0.21017,0.04917,-0.2009,0.2038,4,True,True,13.77,,True,0.003098783284258657
4,47,0.20343,0.05007,-0.1898,0.2455,4,True,True,14.47,,False,nan
4,48,0.19693,0.05056,-0.187,0.2417,4,True,True,14.75,,False,nan
4,49,0.19028,0.05078,-0.1826,0.2387,4,True,True,15.1,,False,nan
4,50,0.18348,0.0509,-0.1779,0.2824,2,False,True,16.03,tilt,False,nan
4,51,0.1766,0.0508,-0.1699,0.3237,2,False,True,17.07,too_close,False,nan
4,52,0.16971,0.05028,-0.178,0.3166,2,False,True,17.58,too_close,False,nan
4,53,0.16278,0.04944,-0.1805,0.312,1,False,True,18.48,too_close,False,nan
4,54,0.15563,0.04844,-0.1333,0.3514,2,False,True,19.32,too_close,False,nan
4,55,0.1491,0.04724,-0.0932,0.3796,2,False,True,20.49,too_close,False,nan
4,56,0.14264,0.04581,-0.1033,0.3592,1,False,True,21.24,too_close,False,nan
4,57,0.13571,0.04432,-0.1049,0.3446,1,False,True,22.63,too_close,False,nan
4,58,0.12869,0.04301,-0.0535,0.3738,0,False,True,23.52,too_close,False,nan
4,59,0.12196,0.0419,-0.0065,0.3941,0,False,True,24.64,too_close,False,nan
4,60,0.11531,0.04096,0.0324,0.4144,0,False,True,26.86,too_close,False,nan
4,61,0.10821,0.04019,0.0737,0.4318,0,False,True,29.45,too_close,False,nan
4,62,0.10104,0.03954,0.0972,0.4457,0,False,True,31.13,too_close,False,nan
4,63,0.09427,0.03907,0.1291,0.4452,0,False,True,32.78,too_close,False,nan
4,64,0.08753,0.03896,0.1947,0.4619,0,False,True,36.36,too_close,False,nan
4,65,0.08041,0.03929,0.2723,0.4856,0,False,True,40.95,too_close,False,nan
4,66,0.07321,0.04004,0.3421,0.5122,0,False,True,44.55,too_close,False,nan
4,67,0.06646,0.04131,0.4302,0.5396,0,False,True,50.02,too_close,False,nan
4,68,0.0596,0.04319,0.5797,0.6199,0,False,True,58.06,too_close,False,nan
4,69,0.05221,0.04561,0.8085,0.8091,0,False,True,68.22,too_close,False,nan
4,70,0.04497,0.04819,1.1414,1.0065,0,False,False,96.98,lateral,False,nan
4,71,0.03766,0.05077,1.6766,1.2199,0,False,False,131.58,lateral,False,nan
4,72,0.02989,0.05334,3.0328,1.9417,0,False,False,386.45,lateral,False,nan
4,73,0.02184,0.05561,9.4891,5.3609,0,False,False,1212.44,lateral,False,nan
4,74,0.01432,0.05719,26.8146,12.5345,0,False,False,3304.61,behind,False,nan
4,75,0.01353,0.05783,118.4257,50.7306,0,False,False,3059.77,behind,False,nan
5,1,0.49862,0.1688,0.2376,0.2524,4,True,True,5.48,,True,0.018160736522464006
5,2,0.49503,0.16775,0.1789,0.3149,4,True,True,5.56,,True,0.017620843116820533
5,3,0.48985,0.16705,0.1308,0.3729,4,True,True,5.72,,True,0.018942739051365336
5,4,0.48366,0.16655,0.109,0.3982,4,True,True,5.84,,True,0.01910941168977626
5,5,0.47784,0.16606,0.1264,0.3798,4,True,True,5.86,,True,0.020770095373640562
5,6,0.47294,0.16547,0.1771,0.3612,4,True,True,5.99,,True,0.015187935442963825
5,7,0.46828,0.16462,0.2097,0.3831,4,True,True,6.16,,True,0.016623808619649984
5,8,0.46352,0.16321,0.1979,0.3986,4,True,True,6.22,,True,0.019476515304114376
5,9,0.45918,0.16109,0.1981,0.3644,4,True,True,6.17,,True,0.017802317284238364
5,10,0.45522,0.15845,0.251,0.3252,4,True,True,6.34,,True,0.017110011041371186
5,11,0.4507,0.15536,0.3047,0.3227,4,True,True,6.77,,True,0.01735325451034691
5,12,0.44551,0.15157,0.3086,0.3204,4,True,True,6.83,,True,0.014457775289525979
5,13,0.44037,0.14693,0.2563,0.2825,4,True,True,6.38,,True,0.019503357593727535
5,14,0.43605,0.14184,0.2116,0.2454,4,True,True,6.5,,True,0.01962641976659697
5,15,0.43223,0.13679,0.2149,0.2377,4,True,True,6.53,,True,0.028423542261690887
5,16,0.42779,0.13182,0.2173,0.2223,4,True,True,6.46,,True,0.013815861224387046
5,17,0.42265,0.12694,0.182,0.1829,4,True,True,6.49,,True,0.017515981578084774
5,18,0.41789,0.12253,0.1522,0.1631,4,True,True,6.63,,True,0.019391043191097176
5,19,0.41346,0.1189,0.1624,0.1803,4,True,True,6.84,,True,0.01653392009248021
5,20,0.40862,0.11584,0.1761,0.189,4,True,True,6.8,,True,0.021588567338701008
5,21,0.40316,0.11315,0.1525,0.1706,4,True,True,6.8,,True,0.01407699327599019
5,22,0.39787,0.11104,0.129,0.1722,4,True,True,6.94,,True,0.014201121404398585
5,23,0.39276,0.10967,0.1441,0.2125,4,True,True,7.21,,True,0.015472817165603926
5,24,0.3874,0.10868,0.1639,0.2443,4,True,True,7.23,,True,0.011740536368295317
5,25,0.38168,0.10771,0.1451,0.2388,4,True,True,7.19,,True,0.014313689031921529
5,26,0.37615,0.10686,0.1228,0.2455,4,True,True,7.46,,True,0.013263620995513353
5,27,0.37072,0.10619,0.1395,0.291,4,True,True,7.82,,True,0.029382192175283168
5,28,0.36514,0.10537,0.1636,0.3264,4,True,True,7.9,,True,0.01319559831550274
5,29,0.35926,0.10401,0.1525,0.3189,4,True,True,7.96,,True,0.014391735424433958
5,30,0.35324,0.10217,0.1343,0.2768,4,True,True,7.92,,True,0.013117476197152636
5,31,0.34754,0.10022,0.1533,0.2399,4,True,True,8.08,,True,0.009627641359250478
5,32,0.34189,0.09839,0.205,0.2343,4,True,True,8.26,,True,0.012515883864381967
5,33,0.33574,0.09651,0.2404,0.2454,4,True,True,8.84,,True,0.014186215897872586
5,34,0.32924,0.09428,0.2256,0.2412,4,True,True,8.88,,True,0.01338887182491471
5,35,0.32275,0.09172,0.2062,0.2284,4,True,True,8.67,,True,0.013547742245096701
5,36,0.3161,0.08903,0.1853,0.2366,4,True,True,8.99,,True,0.012207587566124821
5,37,0.30929,0.08627,0.1562,0.2326,4,True,True,8.95,,True,0.015775690960900125
5,38,0.30254,0.0836,0.1455,0.2044,4,True,True,9.12,,True,0.012404307137218162
5,39,0.29596,0.08126,0.1656,0.1995,4,True,True,9.54,,True,0.014096916205127057
5,40,0.28901,0.07919,0.1846,0.2343,4,True,True,10.1,,True,0.013653807491096076
5,41,0.28188,0.07707,0.1755,0.2575,4,True,True,10.19,,True,0.013300141536110833
5,42,0.27489,0.07473,0.1571,0.2415,4,True,True,10.21,,True,0.011499124960501775
5,43,0.26802,0.07232,0.159,0.2377,4,True,True,10.66,,True,0.013559449931061198
5,44,0.26087,0.06992,0.1607,0.2553,4,True,True,11.13,,True,0.011905427636389174
5,45,0.25365,0.06739,0.1365,0.2467,4,True,True,11.18,,True,0.01272380766469944
5,46,0.24664,0.06492,0.1158,0.2007,4,True,True,11.24,,True,0.010752948218850375
5,47,0.23981,0.06299,0.1276,0.1675,4,True,True,11.57,,True,0.011197652412479457
5,48,0.23264,0.06182,0.181,0.1724,4,True,True,12.27,,True,0.008956333941839794
5,49,0.22512,0.06114,0.2394,0.1663,4,True,True,12.64,,True,0.009612091858004237
5,50,0.21777,0.06064,0.2583,0.1357,4,True,True,13.22,,True,0.00923034259126002
5,51,0.2108,0.06028,0.2776,0.1325,4,True,True,13.78,,False,nan
5,52,0.20352,0.06002,0.2953,0.1694,4,True,True,14.51,,False,nan
5,53,0.19602,0.05963,0.2806,0.1898,4,True,True,14.85,,False,nan
5,54,0.18862,0.05918,0.2681,0.1734,4,True,True,15.19,,False,nan
5,55,0.18129,0.05896,0.2891,0.1502,3,False,True,15.78,too_close,False,nan
5,56,0.17367,0.05908,0.3264,0.1454,2,False,True,17.0,too_close,False,nan
5,57,0.16596,0.05945,0.3454,0.1217,2,False,True,17.45,too_close,False,nan
5,58,0.15858,0.06012,0.3738,0.1052,2,False,True,18.07,too_close,False,nan
5,59,0.15124,0.06111,0.4453,0.1027,2,False,True,20.07,too_close,False,nan
5,60,0.14346,0.06215,0.5195,0.0644,2,False,True,22.79,too_close,False,nan
5,61,0.13559,0.06293,0.5536,0.0133,1,False,True,24.26,too_close,False,nan
5,62,0.12792,0.06346,0.5389,-0.0027,0,False,True,24.3,too_close,False,nan
5,63,0.12025,0.06402,0.5361,0.039,0,False,True,24.09,too_close,False,nan
5,64,0.11238,0.06495,0.5932,0.0882,0,False,True,26.49,too_close,False,nan
5,65,0.10446,0.06622,0.7214,0.0818,0,False,True,30.4,too_close,False,nan
5,66,0.09679,0.06751,0.8635,0.0223,0,False,True,33.63,too_close,False,nan
5,67,0.08921,0.06845,0.9597,-0.0124,0,False,True,39.06,too_close,False,nan
5,68,0.08141,0.06903,0.9979,-0.0098,0,False,True,40.58,too_close,False,nan
5,69,0.07367,0.06952,1.0589,-0.055,0,False,False,42.4,lateral,False,nan
5,70,0.06639,0.07028,1.2289,-0.0982,0,False,False,48.35,lateral,False,nan
5,71,0.05894,0.07125,1.5898,-0.0613,0,False,False,64.27,lateral,False,nan
5,72,0.05136,0.07205,2.1396,-0.0441,0,False,False,113.61,lateral,False,nan
5,73,0.04385,0.07225,2.7729,-0.2,0,False,False,181.72,lateral,False,nan
5,74,0.03631,0.07176,3.4148,-0.4574,0,False,False,179.17,lateral,False,nan
5,75,0.02877,0.07077,4.68,-0.7181,0,False,False,221.72,lateral,False,nan
5,76,0.02093,0.06953,10.6975,-1.6933,0,False,False,1613.95,lateral,False,nan
5,77,0.01354,0.06805,40.0178,-8.0029,0,False,False,3133.17,behind,False,nan
5,78,0.01329,0.06746,62.3332,-13.0618,0,False,False,3125.69,behind,False,nan
6,1,0.49768,0.13405,0.2217,-0.1559,4,True,True,5.49,,True,0.022662419960510945
6,2,0.49264,0.12979,0.2093,-0.1593,4,True,True,5.54,,True,0.022079753961686755
6,3,0.48699,0.12562,0.1947,-0.1264,4,True,True,5.54,,True,0.01890478244641537
6,4,0.48084,0.12173,0.1866,-0.1,4,True,True,5.65,,True,0.022616128397496094
6,5,0.47445,0.1183,0.2174,-0.1058,4,True,True,5.76,,True,0.015179962545231388
6,6,0.46851,0.11509,0.2409,-0.1058,4,True,True,5.91,,True,0.017163917218016085
6,7,0.46278,0.11183,0.2199,-0.0789,4,True,True,6.08,,True,0.020216145602798857
6,8,0.45673,0.10869,0.202,-0.0564,4,True,True,6.31,,True,0.016376691982928578
6,9,0.4505,0.10592,0.2219,-0.0608,4,True,True,6.37,,True,0.0162590554771947
6,10,0.44421,0.10338,0.2371,-0.0574,4,True,True,6.31,,True,0.01737190054861523
6,11,0.43793,0.10089,0.214,-0.0637,4,True,True,6.33,,True,0.017502157764577825
6,12,0.43194,0.09856,0.1956,-0.1166,4,True,True,6.52,,True,0.014441923748451829
6,13,0.42589,0.09632,0.2168,-0.1657,4,True,True,6.85,,True,0.014629969062708624
6,14,0.41974,0.09378,0.24,-0.1698,4,True,True,6.94,,True,0.018357364699304872
6,15,0.41353,0.09067,0.2287,-0.1307,4,True,True,6.78,,True,0.012929258771530795
6,16,0.40737,0.08716,0.1788,-0.099,4,True,True,6.78,,True,0.014634815919991743
6,17,0.40136,0.08375,0.1327,-0.1122,4,True,True,6.79,,True,0.01311135074426416
6,18,0.39525,0.08075,0.1262,-0.1305,4,True,True,7.0,,True,0.015334480693137914
6,19,0.38902,0.07813,0.1225,-0.1151,4,True,True,7.02,,True,0.013222100955859479
6,20,0.38277,0.0759,0.126,-0.1071,4,True,True,7.28,,True,0.014478669396245787
6,21,0.37652,0.07409,0.1638,-0.1196,4,True,True,7.36,,True,0.0172204786790092
6,22,0.37018,0.07234,0.199,-0.1104,4,True,True,7.61,,True,0.01605211896059276
6,23,0.36376,0.07038,0.2009,-0.0997,4,True,True,7.76,,True,0.01442568732451553
6,24,0.35733,0.06821,0.162,-0.0852,4,True,True,7.93,,True,0.012701066486580108
6,25,0.35112,0.06613,0.125,-0.0836,4,True,True,7.85,,True,0.013324751612266237
6,26,0.34492,0.06446,0.1256,-0.1186,4,True,True,8.0,,True,0.011469842594927695
6,27,0.33857,0.06307,0.1271,-0.1444,4,True,True,8.28,,True,0.012284813798789134
6,28,0.3321,0.06175,0.1206,-0.1352,4,True,True,8.55,,True,0.008775203640590442
6,29,0.32566,0.06058,0.1354,-0.1072,4,True,True,8.51,,True,0.01212579736603698
6,30,0.31939,0.05962,0.1455,-0.0943,4,True,True,8.75,,True,0.01237569779214542
6,31,0.31319,0.05885,0.1629,-0.1122,4,True,True,8.97,,True,0.009795298895452696
6,32,0.30661,0.0581,0.1738,-0.1251,4,True,True,9.38,,True,0.011945204211172447
6,33,0.29989,0.05721,0.14,-0.1056,4,True,True,9.24,,True,0.009568164448812075
6,34,0.29349,0.05649,0.11,-0.0883,4,True,True,9.48,,True,0.01103437339883896
6,35,0.28719,0.05631,0.1204,-0.102,4,True,True,9.63,,True,0.008300770763081358
6,36,0.28052,0.05662,0.1665,-0.1138,4,True,True,10.13,,True,0.008683053041815414
6,37,0.27373,0.05706,0.2012,-0.096,4,True,True,10.39,,True,0.010870152130978559
6,38,0.26723,0.05749,0.2271,-0.0816,4,True,True,10.88,,True,0.008847732858009622
6,39,0.2608,0.05787,0.2403,-0.0976,4,True,True,11.12,,True,0.0071043147593840604
6,40,0.25396,0.05813,0.212,-0.1118,4,True,True,11.24,,True,0.008781145674502217
6,41,0.2471,0.05842,0.1844,-0.1427,4,True,True,11.38,,True,0.025661724237317322
6,42,0.24039,0.05889,0.1957,-0.213,4,True,True,12.0,,True,0.0077428376948749334
6,43,0.23335,0.05919,0.2118,-0.2727,4,True,True,12.93,,True,0.00877165999254313
6,44,0.22593,0.05892,0.1874,-0.2913,4,True,True,13.39,,False,nan
6,45,0.21868,0.05804,0.1534,-0.2742,4,True,True,13.48,,True,0.009426423375753053
6,46,0.21175,0.05689,0.1587,-0.2583,4,True,True,13.76,,True,0.009328286518888871
6,47,0.20485,0.05561,0.2141,-0.2475,4,True,True,14.37,,False,nan
6,48,0.19738,0.05406,0.2641,-0.2111,4,True,True,14.85,,False,nan
6,49,0.18999,0.05212,0.2654,-0.1862,3,False,True,15.77,tilt,False,nan
6,50,0.18299,0.04991,0.227,-0.1739,3,False,True,16.47,tilt,False,nan
6,51,0.17589,0.04771,0.1994,-0.1728,4,True,True,16.68,,False,nan
6,52,0.1686,0.04575,0.2096,-0.1682,3,False,True,17.12,too_close,False,nan
6,53,0.16129,0.04404,0.2077,-0.1326,3,False,True,18.25,too_close,False,nan
6,54,0.15425,0.04279,0.1678,-0.1034,3,False,True,19.29,too_close,False,nan
6,55,0.14698,0.04244,0.1406,-0.1099,2,False,True,20.15,too_close,False,nan
6,56,0.13903,0.04327,0.1609,-0.1606,1,False,True,20.74,too_close,False,nan
6,57,0.13091,0.04519,0.2264,-0.2212,1,False,True,21.87,too_close,False,nan
6,58,0.12311,0.04781,0.3474,-0.2467,1,False,True,24.09,too_close,False,nan
6,59,0.1155,0.05057,0.4915,-0.2659,1,False,True,28.33,too_close,False,nan
6,60,0.10753,0.05288,0.61,-0.3167,1,False,True,34.43,too_close,False,nan
6,61,0.09945,0.05429,0.6704,-0.3704,1,False,True,38.51,too_close,False,nan
6,62,0.09177,0.05471,0.6441,-0.3912,0,False,True,37.86,too_close,False,nan
6,63,0.08454,0.0546,0.6229,-0.4081,0,False,True,38.45,too_close,False,nan
6,64,0.07754,0.05453,0.6888,-0.4482,0,False,True,44.4,too_close,False,nan
6,65,0.0701,0.05464,0.8633,-0.4588,0,False,True,54.53,too_close,False,nan
6,66,0.06191,0.0548,1.0763,-0.4098,0,False,False,63.24,lateral,False,nan
6,67,0.05375,0.05498,1.2303,-0.3207,0,False,False,62.86,lateral,False,nan
6,68,0.04652,0.05554,1.4426,-0.2182,0,False,False,87.31,lateral,False,nan
6,69,0.03915,0.05672,1.9566,-0.1295,0,False,False,139.58,lateral,False,nan
6,70,0.03104,0.0583,3.4183,-0.1234,0,False,False,687.78,lateral,False,nan
6,71,0.02373,0.05965,8.6518,-0.4707,0,False,False,871.83,lateral,False,nan
6,72,0.01793,0.0602,35.1653,-2.1027,0,False,False,349.32,behind,False,nan
6,73,0.01299,0.0602,42.0504,-1.4952,0,False,False,3267.54,behind,False,nan
7,1,0.498,0.15795,0.241,-0.1795,4,True,True,5.45,,True,0.021732928528119665
7,2,0.49337,0.15003,0.1854,-0.157,4,True,True,5.41,,True,0.026135506219109407
7,3,0.48729,0.14268,0.138,-0.1322,4,True,True,5.53,,True,0.027226995553384162
7,4,0.48049,0.13635,0.1312,-0.1006,4,True,True,5.58,,True,0.024194171199066652
7,5,0.47417,0.13135,0.1644,-0.1001,4,True,True,5.66,,True,0.024555641801331143
7,6,0.46849,0.12746,0.1932,-0.1016,4,True,True,5.93,,True,0.022235877895318598
7,7,0.46252,0.12425,0.2291,-0.0661,4,True,True,6.24,,True,0.024944587956599065
7,8,0.45647,0.12158,0.2627,-0.0289,4,True,True,6.34,,True,0.0200406472394431
7,9,0.45067,0.11933,0.2575,-0.0311,4,True,True,6.3,,True,0.02246265658967666
7,10,0.44509,0.11742,0.2577,-0.0829,4,True,True,6.48,,True,0.02431739495667309
7,11,0.43935,0.11566,0.2981,-0.1328,4,True,True,6.8,,True,0.024829534385493356
7,12,0.43322,0.11353,0.3389,-0.1373,4,True,True,6.93,,True,0.01848125895833847
7,13,0.42692,0.11067,0.3382,-0.1333,4,True,True,6.96,,True,0.018635490870218804
7,14,0.42041,0.10709,0.2927,-0.1644,4,True,True,7.06,,True,0.02167281608329628
7,15,0.41358,0.10303,0.2113,-0.1883,4,True,True,7.07,,True,0.024364026029491514
7,16,0.40674,0.09888,0.1444,-0.1671,4,True,True,6.93,,True,0.018694714325464178
7,17,0.40019,0.09519,0.1175,-0.1532,4,True,True,6.91,,True,0.016698735046369116
7,18,0.3938,0.09226,0.0836,-0.181,4,True,True,7.17,,True,0.01980606262340852
7,19,0.38742,0.09007,0.0585,-0.2017,4,True,True,7.43,,True,0.018581208843563075
7,20,0.38107,0.08851,0.0596,-0.182,4,True,True,7.38,,True,0.018880757215381346
7,21,0.3747,0.08762,0.0434,-0.1666,4,True,True,7.36,,True,0.01823292299293755
7,22,0.36841,0.08759,0.0297,-0.1913,4,True,True,7.66,,True,0.01488735135604834
7,23,0.36206,0.0883,0.0572,-0.2142,4,True,True,7.95,,True,0.016021398310547347
7,24,0.35563,0.08942,0.0907,-0.2422,4,True,True,7.96,,True,0.017098371548415797
7,25,0.34902,0.09065,0.0869,-0.2657,4,True,True,7.99,,True,0.01746259338027656
7,26,0.34271,0.09183,0.0765,-0.2535,4,True,True,8.23,,True,0.01802747130418888
7,27,0.33696,0.09314,0.1036,-0.2455,4,True,True,8.51,,True,0.01638579089521005
7,28,0.3312,0.09464,0.1776,-0.2711,4,True,True,8.62,,True,0.012961146893385947
7,29,0.32451,0.09595,0.2465,-0.2933,4,True,True,8.97,,True,0.016181441039743987
7,30,0.31734,0.09667,0.2606,-0.2825,4,True,True,9.32,,True,0.01706287526683573
7,31,0.31046,0.09681,0.2316,-0.2728,4,True,True,9.55,,True,0.014717605936728217
7,32,0.30384,0.09667,0.1738,-0.2936,4,True,True,9.3,,True,0.02047961377532143
7,33,0.29694,0.09646,0.1172,-0.315,4,True,True,9.41,,True,0.015237208011658296
7,34,0.2901,0.09631,0.0833,-0.306,4,True,True,9.5,,True,0.014855795971998076
7,35,0.28373,0.09648,0.0881,-0.3019,4,True,True,9.82,,True,0.013138424302876534
7,36,0.27727,0.09704,0.1431,-0.3332,4,True,True,10.11,,True,0.012761695193050844
7,37,0.27004,0.09768,0.1932,-0.3605,4,True,True,10.83,,True,0.014462147565467235
7,38,0.26262,0.09808,0.1877,-0.3505,4,True,True,10.81,,True,0.014223828828560584
7,39,0.25592,0.09836,0.1859,-0.3423,4,True,True,11.0,,True,0.012418999588636067
7,40,0.24924,0.09872,0.1947,-0.3682,4,True,True,11.54,,True,0.013598650341271383
7,41,0.2419,0.0991,0.1642,-0.3892,4,True,True,12.05,,False,nan
7,42,0.23449,0.09953,0.1261,-0.4254,3,False,True,12.23,tilt,False,nan
7,43,0.22726,0.10007,0.1328,-0.458,2,False,True,12.57,too_close,False,nan
7,44,0.2201,0.10058,0.2005,-0.4844,2,False,True,13.58,too_close,False,nan
7,45,0.21254,0.10088,0.265,-0.4995,2,False,True,14.65,too_close,False,nan
7,46,0.20503,0.10073,0.3114,-0.4792,2,False,True,14.94,too_close,False,nan
7,47,0.19796,0.1002,0.3485,-0.4664,1,False,True,15.16,too_close,False,nan
7,48,0.19094,0.09937,0.362,-0.4839,1,False,True,15.93,too_close,False,nan
7,49,0.18367,0.09822,0.3304,-0.4922,1,False,True,16.23,too_close,False,nan
7,50,0.17615,0.09689,0.2806,-0.4714,1,False,True,15.95,too_close,False,nan
7,51,0.16894,0.09585,0.275,-0.4612,1,False,True,17.03,too_close,False,nan
7,52,0.16191,0.09537,0.3349,-0.4895,1,False,True,17.97,too_close,False,nan
7,53,0.15432,0.09527,0.4144,-0.5612,1,False,True,19.35,too_close,False,nan
7,54,0.14631,0.09509,0.4467,-0.6307,1,False,True,21.55,too_close,False,nan
7,55,0.13851,0.09455,0.4523,-0.6668,1,False,True,22.88,too_close,False,nan
7,56,0.13104,0.09372,0.5014,-0.6536,1,False,True,23.55,too_close,False,nan
7,57,0.12343,0.09276,0.6355,-0.6377,1,False,True,26.55,too_close,False,nan
7,58,0.11546,0.09156,0.8101,-0.6653,1,False,True,30.73,too_close,False,nan
7,59,0.10715,0.0897,0.9235,-0.689,1,False,True,35.59,too_close,False,nan
7,60,0.09884,0.08692,0.9103,-0.6714,1,False,True,38.52,too_close,False,nan
7,61,0.09077,0.0835,0.8242,-0.6404,0,False,True,38.68,too_close,False,nan
7,62,0.08265,0.08007,0.7907,-0.6427,0,False,True,38.63,too_close,False,nan
7,63,0.0743,0.0771,0.8502,-0.74,0,False,True,40.64,too_close,False,nan
7,64,0.06613,0.07459,0.9877,-0.9123,0,False,True,49.31,lateral,False,nan
7,65,0.0583,0.07226,1.1457,-1.0375,0,False,False,58.8,lateral,False,nan
7,66,0.05063,0.06998,1.2671,-1.0238,0,False,False,64.51,lateral,False,nan
7,67,0.04285,0.06809,1.4746,-1.0648,0,False,False,84.28,lateral,False,nan
7,68,0.03491,0.06692,2.023,-1.4379,0,False,False,115.58,lateral,False,nan
7,69,0.02724,0.06633,3.5407,-2.4656,0,False,False,261.97,lateral,False,nan
7,70,0.02069,0.06581,9.7765,-6.3952,0,False,False,2810.7,lateral,False,nan
7,71,0.01565,0.06493,29.6204,-19.3431,0,False,False,909.3,behind,False,nan
7,72,0.01319,0.06427,29.7286,-20.2071,0,False,False,3404.42,behind,False,nan
8,1,0.50043,0.26871,-0.4517,0.323,4,True,True,5.57,,True,0.023105589736687814
8,2,0.49914,0.27086,-0.5332,0.2916,4,True,True,5.86,,True,0.012264275006553074
8,3,0.49471,0.27308,-0.618,0.2998,4,True,True,6.28,,True,0.013097117907954144
8,4,0.48913,0.27483,-0.6511,0.3104,4,True,True,6.65,,True,0.015475661929037932
8,5,0.48381,0.27575,-0.6343,0.3099,4,True,True,6.6,,True,0.02041607629906146
8,6,0.48023,0.27576,-0.6369,0.3066,4,True,True,6.4,,True,0.019070696266425158
8,7,0.47748,0.27495,-0.6803,0.2947,3,False,True,6.88,tilt,False,nan
8,8,0.47313,0.27332,-0.6985,0.2709,2,False,True,6.92,tilt,False,nan
8,9,0.46757,0.27077,-0.6579,0.2712,4,True,True,6.63,,True,0.0082283588954867
8,10,0.46188,0.26742,-0.5722,0.2571,4,True,True,6.5,,True,0.012036008830253233
8,11,0.45695,0.26379,-0.5083,0.227,4,True,True,6.21,,True,0.010592850406894424
8,12,0.45329,0.26044,-0.5007,0.2241,4,True,True,5.92,,True,0.013497972471601791
8,13,0.45005,0.25747,-0.5327,0.2284,4,True,True,6.21,,True,0.006992350432599794
8,14,0.44552,0.25464,-0.5511,0.2314,4,True,True,6.3,,True,0.007390690724608788
8,15,0.44,0.2518,-0.527,0.2289,4,True,True,6.18,,True,0.010534283732854024
8,16,0.43556,0.24906,-0.5194,0.2319,4,True,True,6.42,,True,0.014074199073745635
8,17,0.43201,0.24653,-0.5539,0.2372,4,True,True,6.83,,True,0.0317928094420051
8,18,0.42758,0.24398,-0.5703,0.2262,4,True,True,6.84,,True,0.011279038945613228
8,19,0.42228,0.24131,-0.541,0.2176,4,True,True,6.59,,True,0.013669905500839926
8,20,0.41799,0.2387,-0.5276,0.1947,4,True,True,6.63,,True,0.03472754578495412
8,21,0.41371,0.23632,-0.563,0.1875,4,True,True,6.97,,True,0.01135549138797298
8,22,0.40846,0.23401,-0.5856,0.1962,4,True,True,7.03,,True,0.03642517557280877
8,23,0.40294,0.23158,-0.5598,0.162,4,True,True,6.91,,True,0.012339219327148066
8,24,0.39754,0.22925,-0.5482,0.1115,4,True,True,6.89,,True,0.01142186884623955
8,25,0.39159,0.22723,-0.5857,0.1024,4,True,True,7.17,,True,0.012174960524196516
8,26,0.38508,0.22534,-0.6133,0.1155,4,True,True,7.5,,True,0.009994479505874301
8,27,0.37882,0.2234,-0.5901,0.0991,4,True,True,7.68,,True,0.01394599741529444
8,28,0.37294,0.22155,-0.5765,0.0716,4,True,True,7.57,,True,0.011682764168458855
8,29,0.36649,0.21999,-0.6123,0.0856,4,True,True,7.73,,True,0.010681573817968014
8,30,0.35942,0.21853,-0.6414,0.1368,2,False,True,8.04,tilt,False,nan
8,31,0.35256,0.21694,-0.6203,0.1597,3,False,True,8.12,tilt,False,nan
8,32,0.34638,0.21529,-0.6114,0.1626,4,True,True,7.93,,True,0.04652874648013257
8,33,0.34004,0.21372,-0.6563,0.2088,2,False,True,8.77,too_close,False,nan
8,34,0.33334,0.21197,-0.6882,0.2756,2,False,True,9.32,too_close,False,nan
8,35,0.32694,0.20972,-0.6626,0.292,2,False,True,9.18,too_close,False,nan
8,36,0.3215,0.20705,-0.653,0.2637,2,False,True,9.36,too_close,False,nan
8,37,0.31601,0.20418,-0.6706,0.259,2,False,True,9.9,too_close,False,nan
8,38,0.31048,0.20113,-0.646,0.266,2,False,True,9.75,too_close,False,nan
8,39,0.30567,0.19803,-0.6232,0.2241,3,False,True,9.38,too_close,False,nan
8,40,0.30081,0.19518,-0.6613,0.1616,2,False,True,9.81,too_close,False,nan
8,41,0.29543,0.19253,-0.6916,0.0941,2,False,True,10.12,too_close,False,nan
8,42,0.28991,0.18999,-0.6664,0.035,2,False,True,9.63,too_close,False,nan
8,43,0.28485,0.18776,-0.6496,-0.0061,2,False,True,9.77,too_close,False,nan
8,44,0.27996,0.186,-0.6823,-0.0378,2,False,True,10.16,too_close,False,nan
8,45,0.27473,0.18454,-0.7072,-0.0713,2,False,True,10.54,too_close,False,nan
8,46,0.26935,0.1832,-0.6822,-0.1106,2,False,True,10.66,too_close,False,nan
8,47,0.26426,0.18215,-0.6624,-0.1462,2,False,True,10.96,too_close,False,nan
8,48,0.25893,0.18157,-0.685,-0.1717,2,False,True,11.19,too_close,False,nan
8,49,0.25227,0.18135,-0.7569,-0.1586,2,False,True,11.9,too_close,False,nan
8,50,0.24505,0.18115,-0.8293,-0.0931,2,False,True,12.51,too_close,False,nan
8,51,0.23813,0.18068,-0.8465,-0.0427,2,False,True,12.63,too_close,False,nan
8,52,0.23196,0.17994,-0.8031,-0.0168,2,False,True,12.35,too_close,False,nan
8,53,0.22769,0.17928,-0.7721,0.0552,2,False,True,12.93,too_close,False,nan
8,54,0.2249,0.17905,-0.8026,0.1584,2,False,True,13.83,too_close,False,nan
8,55,0.22152,0.17912,-0.8824,0.224,2,False,True,15.32,too_close,False,nan
8,56,0.21646,0.17914,-0.9605,0.2152,2,False,True,16.98,too_close,False,nan
8,57,0.21059,0.17884,-0.9679,0.1591,2,False,True,16.84,too_close,False,nan
8,58,0.20526,0.1783,-0.9309,0.0933,2,False,True,14.95,too_close,False,nan
8,59,0.20065,0.17787,-0.9337,0.0239,2,False,True,14.23,too_close,False,nan
8,60,0.19569,0.17769,-1.0107,-0.0515,2,False,False,15.65,too_close,False,nan
8,61,0.18987,0.17758,-1.0895,-0.1544,2,False,False,17.26,too_close,False,nan
8,62,0.18367,0.17724,-1.1043,-0.2267,1,False,False,18.2,lateral,False,nan
8,63,0.17815,0.17661,-1.0956,-0.2407,1,False,False,18.23,lateral,False,nan
8,64,0.17359,0.1758,-1.1382,-0.2942,1,False,False,19.02,lateral,False,nan
8,65,0.16819,0.17478,-1.1979,-0.388,1,False,False,21.13,lateral,False,nan
8,66,0.16204,0.17334,-1.1967,-0.4142,1,False,False,22.39,lateral,False,nan
8,67,0.15656,0.17149,-1.1825,-0.3963,1,False,False,22.4,lateral,False,nan
8,68,0.1518,0.16942,-1.2146,-0.3904,1,False,False,22.19,lateral,False,nan
8,69,0.14727,0.16716,-1.234,-0.3752,1,False,False,21.81,lateral,False,nan
8,70,0.14362,0.16471,-1.1811,-0.3303,1,False,False,21.41,lateral,False,nan
8,71,0.14128,0.16239,-1.1229,-0.2825,1,False,False,20.8,lateral,False,nan
8,72,0.14218,0.16066,-1.1068,-0.2436,1,False,False,19.64,lateral,False,nan
8,73,0.14181,0.15945,-1.1516,-0.2031,1,False,False,20.41,lateral,False,nan
8,74,0.1396,0.15857,-1.1876,-0.1521,1,False,False,22.46,lateral,False,nan
8,75,0.13999,0.15806,-1.1177,-0.089,2,False,False,20.28,lateral,False,nan
8,76,0.1423,0.15813,-1.0441,-0.0671,1,False,False,18.17,lateral,False,nan
8,77,0.14667,0.15913,-1.0386,-0.0823,2,False,False,17.79,lateral,False,nan
8,78,0.14887,0.16072,-1.087,-0.1058,2,False,False,19.06,lateral,False,nan
8,79,0.15088,0.16271,-1.0907,-0.0775,2,False,False,19.58,lateral,False,nan
8,80,0.15602,0.16519,-1.0848,-0.0063,2,False,False,18.98,lateral,False,nan
8,81,0.15875,0.16794,-1.1637,0.0431,2,False,False,19.86,lateral,False,nan
8,82,0.15588,0.17069,-1.3653,0.0442,2,False,False,22.87,lateral,False,nan
8,83,0.14946,0.17299,-1.6305,0.0059,1,False,False,29.21,lateral,False,nan
8,84,0.14328,0.17405,-1.7848,-0.072,1,False,False,32.47,lateral,False,nan
8,85,0.13797,0.1736,-1.7503,-0.1513,1,False,False,32.36,lateral,False,nan
8,86,0.13367,0.17189,-1.5998,-0.191,1,False,False,26.82,lateral,False,nan
8,87,0.13054,0.16942,-1.4855,-0.2116,1,False,False,24.67,lateral,False,nan
8,88,0.12787,0.1667,-1.4643,-0.2466,1,False,False,24.1,lateral,False,nan
8,89,0.12543,0.16387,-1.4214,-0.2775,1,False,False,24.13,lateral,False,nan
8,90,0.12317,0.16105,-1.3862,-0.2897,1,False,False,24.25,lateral,False,nan
8,91,0.11974,0.15838,-1.4433,-0.315,1,False,False,27.44,lateral,False,nan
8,92,0.11502,0.15576,-1.4712,-0.3523,1,False,False,28.11,lateral,False,nan
8,93,0.11131,0.15319,-1.4266,-0.3804,1,False,False,26.74,lateral,False,nan
8,94,0.10908,0.15085,-1.4495,-0.3998,1,False,False,28.73,lateral,False,nan
8,95,0.10499,0.14868,-1.5909,-0.4353,1,False,False,34.29,lateral,False,nan
8,96,0.10094,0.14645,-1.6436,-0.4695,1,False,False,35.0,lateral,False,nan
8,97,0.09902,0.14407,-1.5093,-0.4032,0,False,False,29.15,lateral,False,nan
8,98,0.09838,0.14198,-1.4207,-0.2817,0,False,False,27.03,lateral,False,nan
8,99,0.09971,0.1406,-1.4496,-0.2313,0,False,False,28.15,lateral,False,nan
8,100,0.09863,0.13967,-1.5874,-0.2473,0,False,False,31.65,lateral,False,nan
8,101,0.09588,0.13881,-1.6954,-0.2009,0,False,False,34.93,lateral,False,nan
8,102,0.09435,0.13786,-1.6462,-0.1533,0,False,False,33.75,lateral,False,nan
8,103,0.09404,0.13697,-1.6067,-0.2222,0,False,False,31.92,lateral,False,nan
8,104,0.09137,0.1362,-1.7462,-0.327,0,False,False,36.78,lateral,False,nan
8,105,0.08751,0.13534,-1.889,-0.3344,0,False,False,40.9,lateral,False,nan
8,106,0.08556,0.13419,-1.8189,-0.1862,0,False,False,37.55,lateral,False,nan
8,107,0.08453,0.133,-1.7627,-0.0606,0,False,False,37.14,lateral,False,nan
8,108,0.0854,0.13201,-1.8391,-0.0689,0,False,False,39.62,lateral,False,nan
8,109,0.08421,0.13105,-2.0539,-0.1498,0,False,False,45.6,lateral,False,nan
8,110,0.07867,0.12981,-2.3506,-0.1856,0,False,False,58.78,lateral,False,nan
8,111,0.07409,0.12778,-2.404,-0.0625,0,False,False,57.9,lateral,False,nan
8,112,0.07071,0.12505,-2.2675,0.0603,0,False,False,51.62,lateral,False,nan
8,113,0.06739,0.12205,-2.2526,0.0461,0,False,False,53.34,lateral,False,nan
8,114,0.06282,0.11898,-2.5317,-0.0231,0,False,False,66.95,lateral,False,nan
8,115,0.05647,0.11573,-2.965,-0.011,0,False,False,84.74,lateral,False,nan
8,116,0.05051,0.11211,-3.1261,0.1641,0,False,False,80.51,lateral,False,nan
8,117,0.0453,0.10826,-3.3279,0.3278,0,False,False,86.76,lateral,False,nan
8,118,0.04004,0.10437,-4.041,0.3949,0,False,False,114.65,lateral,False,nan
8,119,0.03392,0.10037,-5.2307,0.568,0,False,False,176.08,lateral,False,nan
8,120,0.02744,0.09619,-6.0807,0.9715,0,False,False,186.97,lateral,False,nan
8,121,0.02192,0.09206,-7.1327,1.4358,0,False,False,194.42,lateral,False,nan
8,122,0.01679,0.08828,-13.1956,2.7118,0,False,False,401.65,lateral,False,nan
8,123,0.01305,0.08521,-112.6118,24.0164,0,False,False,4539.47,behind,False,nan
8,124,0.01295,0.08325,-112.2879,28.2273,0,False,False,7654.46,behind,False,nan
9,1,0.49727,0.18001,0.1755,0.3428,4,True,True,5.61,,True,0.02715503243331872
9,2,0.49136,0.18095,0.2213,0.3906,4,True,True,5.91,,True,0.01787922612347562
9,3,0.48468,0.18135,0.245,0.4413,4,True,True,6.11,,True,0.01289938498074637
9,4,0.4785,0.18071,0.2269,0.4422,4,True,True,6.23,,True,0.007185509017884687
9,5,0.47251,0.17906,0.1873,0.4022,4,True,True,6.11,,True,0.009007207533642212
9,6,0.46611,0.17687,0.1648,0.3726,4,True,True,5.93,,True,0.012499601778747964
9,7,0.45909,0.17447,0.1763,0.3874,4,True,True,6.24,,True,0.02808651813361439
9,8,0.45181,0.1718,0.1947,0.4056,4,True,True,6.36,,True,0.006634710538326717
9,9,0.44519,0.16861,0.1926,0.3802,4,True,True,6.3,,True,0.012189172039741136
9,10,0.43888,0.16503,0.2046,0.3508,4,True,True,6.44,,True,0.013447466965505401
9,11,0.43237,0.16125,0.2527,0.3655,4,True,True,6.8,,True,0.015178815373282582
9,12,0.42602,0.15701,0.2789,0.3839,4,True,True,6.89,,True,0.0069045356674136025
9,13,0.42007,0.152,0.2619,0.3547,4,True,True,6.96,,True,0.015485880757715205
9,14,0.41441,0.14641,0.2192,0.319,4,True,True,6.8,,True,0.009565319957673464
9,15,0.40833,0.14065,0.1808,0.3267,4,True,True,6.87,,True,0.010594699243529536
9,16,0.40195,0.1348,0.1645,0.3403,4,True,True,7.03,,True,0.01299403718712795
9,17,0.39584,0.12876,0.1428,0.3137,4,True,True,7.25,,True,0.010523364022967673
9,18,0.38987,0.12272,0.0969,0.2871,4,True,True,7.14,,True,0.02806514564338399
9,19,0.38357,0.11696,0.055,0.303,4,True,True,7.15,,True,0.009247345098096509
9,20,0.37724,0.11146,0.0373,0.3184,4,True,True,7.5,,True,0.009113662929848207
9,21,0.37111,0.10601,0.018,0.2949,4,True,True,7.74,,True,0.012773398931669367
9,22,0.36486,0.10068,0.0169,0.2495,4,True,True,7.67,,True,0.009348122856687938
9,23,0.35839,0.09576,0.0519,0.2244,4,True,True,7.73,,True,0.009366454573049453
9,24,0.35186,0.09137,0.0754,0.2394,4,True,True,8.09,,True,0.00485231600812243
9,25,0.34539,0.08737,0.0634,0.2783,4,True,True,8.46,,True,0.006499330428100532
9,26,0.33904,0.08341,0.0247,0.3006,4,True,True,8.49,,True,0.00821578376751712
9,27,0.33266,0.07928,-0.0132,0.2858,4,True,True,8.52,,True,0.011418554437196974
9,28,0.32615,0.07506,-0.0632,0.2317,4,True,True,8.82,,True,0.007388014399018715
9,29,0.31963,0.0711,-0.1037,0.1812,4,True,True,9.13,,True,0.007298105178957215
9,30,0.31303,0.06771,-0.1016,0.1701,4,True,True,9.14,,True,0.008680635300430511
9,31,0.30635,0.06489,-0.1034,0.1961,4,True,True,9.24,,True,0.005244866046597829
9,32,0.29989,0.06236,-0.1062,0.2144,4,True,True,9.65,,True,0.008504384834868275
9,33,0.29352,0.0598,-0.1094,0.1971,4,True,True,9.93,,True,0.0047151229719884944
9,34,0.28697,0.05722,-0.0998,0.1883,4,True,True,9.86,,True,0.00780425095522121
9,35,0.28039,0.05468,-0.096,0.2096,4,True,True,10.09,,True,0.00947607082907614
9,36,0.27402,0.052,-0.0952,0.2176,4,True,True,10.44,,True,0.006246345540010496
9,37,0.26766,0.04904,-0.0958,0.1888,4,True,True,10.7,,True,0.024930650947450658
9,38,0.2611,0.04596,-0.1252,0.1651,4,True,True,10.87,,True,0.005080021483851213
9,39,0.25466,0.0428,-0.1516,0.1334,4,True,True,11.5,,True,0.007582095999280245
9,40,0.24815,0.03957,-0.1445,0.1016,4,True,True,11.61,,True,0.005606625674763028
9,41,0.24135,0.03639,-0.1399,0.1102,4,True,True,11.84,,True,0.007332241778392128
9,42,0.23497,0.03315,-0.1237,0.1179,4,True,True,12.33,,True,0.004666640300039814
9,43,0.22879,0.02973,-0.0947,0.0858,4,True,True,12.78,,True,0.007865135118038453
9,44,0.22218,0.02639,-0.0919,0.0539,4,True,True,13.0,,True,0.003937597549993444
9,45,0.21527,0.02329,-0.0831,0.058,4,True,True,13.34,,True,0.005818977202706553
9,46,0.20871,0.0204,-0.0335,0.0588,4,True,True,13.68,,True,0.00541406737627089
9,47,0.20245,0.01788,0.0121,0.0469,4,True,True,14.36,,True,0.004043322179922227
9,48,0.19602,0.01595,0.018,0.059,4,True,True,14.57,,True,0.005772917933701555
9,49,0.18943,0.01455,-0.0134,0.067,4,True,True,15.16,,True,0.004708852444407693
9,50,0.18278,0.01346,-0.0382,0.0379,4,True,True,15.81,,True,0.007081473174621717
9,51,0.17618,0.01266,-0.0282,0.014,4,True,True,16.66,,True,0.0033432582354814017
9,52,0.16956,0.01237,-0.0253,0.0274,4,True,True,17.17,,True,0.002480783682387914
9,53,0.16288,0.01255,-0.0594,0.0379,4,True,True,17.86,,True,0.004457087533333588
9,54,0.15618,0.01295,-0.1148,0.016,3,False,True,19.18,tilt,False,nan
9,55,0.14952,0.01327,-0.151,0.0021,2,False,True,20.71,too_close,False,nan
9,56,0.14277,0.01333,-0.143,0.026,2,False,True,21.29,too_close,False,nan
9,57,0.13573,0.01316,-0.1332,0.052,1,False,True,22.22,too_close,False,nan
9,58,0.12869,0.01287,-0.1526,0.051,1,False,True,24.05,too_close,False,nan
9,59,0.12178,0.01264,-0.157,0.0596,0,False,True,26.13,too_close,False,nan
9,60,0.11475,0.01299,-0.1129,0.1085,0,False,True,26.78,too_close,False,nan
9,61,0.10741,0.01438,-0.0178,0.1606,0,False,True,29.14,too_close,False,nan
9,62,0.09999,0.01676,0.0897,0.1808,0,False,True,31.26,too_close,False,nan
9,63,0.09277,0.01971,0.1655,0.2112,0,False,True,34.38,too_close,False,nan
9,64,0.08568,0.02281,0.1971,0.2957,0,False,True,38.25,too_close,False,nan
9,65,0.07883,0.02566,0.2262,0.3832,0,False,True,43.75,too_close,False,nan
9,66,0.07196,0.02808,0.294,0.4242,0,False,True,47.56,too_close,False,nan
9,67,0.06467,0.03014,0.3612,0.4789,0,False,True,52.41,too_close,False,nan
9,68,0.05731,0.03199,0.3892,0.6101,0,False,True,63.79,too_close,False,nan
9,69,0.05,0.03374,0.4578,0.7653,0,False,True,83.4,too_close,False,nan
9,70,0.04276,0.03552,0.6668,0.8808,0,False,True,93.49,too_close,False,nan
9,71,0.03544,0.03755,1.101,1.1118,0,False,False,112.77,lateral,False,nan
9,72,0.02771,0.03979,2.0465,1.8665,0,False,False,241.75,lateral,False,nan
9,73,0.01981,0.04187,5.2119,4.4194,0,False,False,2216.02,lateral,False,nan
9,74,0.01296,0.04355,29.0763,21.1832,0,False,False,4947.41,behind,False,nan
9,75,0.01458,0.04449,22.6872,16.5105,0,False,False,3076.15,behind,False,nan
10,1,0.49933,0.27956,0.316,0.5185,4,True,True,5.67,,True,0.014982392860442907
10,2,0.49639,0.2855,0.3566,0.6007,4,True,True,6.04,,True,0.016816046252106732
10,3,0.49109,0.29085,0.3597,0.6823,3,False,True,6.26,tilt,False,nan
10,4,0.48492,0.29514,0.3777,0.7078,2,False,True,6.45,tilt,False,nan
10,5,0.47823,0.29824,0.4362,0.6844,3,False,True,6.68,tilt,False,nan
10,6,0.47155,0.30013,0.4708,0.6774,3,False,True,6.75,tilt,False,nan
10,7,0.46482,0.30085,0.4735,0.708,2,False,True,6.91,tilt,False,nan
10,8,0.45753,0.30039,0.4507,0.7088,2,False,True,7.02,tilt,False,nan
10,9,0.45016,0.29882,0.4119,0.6662,4,True,True,6.8,,False,nan
10,10,0.44337,0.29644,0.3895,0.6596,4,True,True,6.57,,True,0.017643857418212443
10,11,0.43668,0.2935,0.3735,0.7034,2,False,True,6.79,tilt,False,nan
10,12,0.42957,0.28991,0.3446,0.7203,2,False,True,6.86,tilt,False,nan
10,13,0.42252,0.28563,0.3179,0.6837,2,False,True,6.72,tilt,False,nan
10,14,0.41562,0.28095,0.3025,0.6156,4,True,True,6.58,,True,0.01136912299868331
10,15,0.40982,0.27633,0.2855,0.5567,4,True,True,6.62,,True,0.009387363952489713
10,16,0.40509,0.27221,0.3,0.5348,4,True,True,6.52,,True,0.01491418722455999
10,17,0.3997,0.26867,0.3543,0.5439,4,True,True,6.92,,True,0.012893224631219155
10,18,0.39325,0.26549,0.3803,0.5447,4,True,True,7.07,,True,0.009953634322743321
10,19,0.38647,0.26256,0.352,0.5522,4,True,True,7.03,,True,0.013886190511839301
10,20,0.38028,0.25999,0.3436,0.5994,4,True,True,7.29,,True,0.043209777213359134
10,21,0.37403,0.25759,0.4002,0.6352,4,True,True,7.63,,False,nan
10,22,0.36715,0.25501,0.4408,0.6225,4,True,True,7.96,,False,nan
10,23,0.36022,0.25215,0.4133,0.6157,4,True,True,7.83,,False,nan
10,24,0.3541,0.24915,0.4017,0.6499,2,False,True,8.09,tilt,False,nan
10,25,0.34793,0.24594,0.4573,0.671,2,False,True,8.51,tilt,False,nan
10,26,0.34114,0.2423,0.4928,0.6413,2,False,True,8.81,tilt,False,nan
10,27,0.3347,0.23818,0.4563,0.6244,3,False,True,8.68,too_close,False,nan
10,28,0.32904,0.23379,0.4356,0.6536,2,False,True,8.93,too_close,False,nan
10,29,0.32315,0.22913,0.4353,0.6613,2,False,True,8.98,too_close,False,nan
10,30,0.31734,0.22414,0.4267,0.6247,2,False,True,8.98,too_close,False,nan
10,31,0.31191,0.21897,0.3886,0.6089,2,False,True,9.08,too_close,False,nan
10,32,0.30659,0.21383,0.3663,0.6383,2,False,True,9.43,too_close,False,nan
10,33,0.30095,0.20869,0.3833,0.6508,2,False,True,9.53,too_close,False,nan
10,34,0.29509,0.20338,0.3618,0.6093,2,False,True,9.44,too_close,False,nan
10,35,0.28977,0.19811,0.3225,0.5909,2,False,True,9.78,too_close,False,nan
10,36,0.28443,0.19311,0.3321,0.6266,2,False,True,10.42,too_close,False,nan
10,37,0.27866,0.18817,0.3605,0.6441,2,False,True,10.7,too_close,False,nan
10,38,0.27282,0.18308,0.3583,0.5969,2,False,True,10.38,too_close,False,nan
10,39,0.26746,0.17801,0.3533,0.5667,2,False,True,10.41,too_close,False,nan
10,40,0.26206,0.17315,0.3751,0.6105,2,False,True,10.96,too_close,False,nan
10,41,0.25608,0.16822,0.3963,0.6517,2,False,True,11.67,too_close,False,nan
10,42,0.24983,0.16289,0.3935,0.6229,2,False,True,11.82,too_close,False,nan
10,43,0.2438,0.15724,0.346,0.5954,2,False,True,11.92,too_close,False,nan
10,44,0.23802,0.15154,0.2857,0.6225,2,False,True,11.95,too_close,False,nan
10,45,0.23193,0.14583,0.2677,0.6401,2,False,True,12.45,too_close,False,nan
10,46,0.22557,0.14,0.2662,0.5971,2,False,True,12.64,too_close,False,nan
10,47,0.21941,0.13423,0.2255,0.558,2,False,True,12.86,too_close,False,nan
10,48,0.21331,0.12881,0.1749,0.5788,2,False,True,13.04,too_close,False,nan
10,49,0.20688,0.12376,0.1689,0.5976,2,False,True,13.54,too_close,False,nan
10,50,0.20024,0.11891,0.1829,0.562,2,False,True,14.04,too_close,False,nan
10,51,0.19386,0.1144,0.1621,0.5315,2,False,True,14.53,too_close,False,nan
10,52,0.18752,0.11044,0.1336,0.5578,2,False,True,14.87,too_close,False,nan
10,53,0.18089,0.10699,0.1516,0.5826,2,False,True,15.49,too_close,False,nan
10,54,0.17413,0.10385,0.1914,0.555,2,False,True,16.28,too_close,False,nan
10,55,0.1677,0.10114,0.2018,0.5335,2,False,True,16.99,too_close,False,nan
10,56,0.16137,0.09903,0.2095,0.5727,1,False,True,17.65,too_close,False,nan
10,57,0.15478,0.09737,0.2651,0.6153,1,False,True,18.74,too_close,False,nan
10,58,0.14788,0.09589,0.3414,0.6042,1,False,True,20.33,too_close,False,nan
10,59,0.14132,0.09455,0.3751,0.5985,1,False,True,21.62,too_close,False,nan
10,60,0.13504,0.09341,0.3484,0.6525,1,False,True,22.15,too_close,False,nan
10,61,0.12841,0.09243,0.3316,0.7146,1,False,True,23.09,too_close,False,nan
10,62,0.12169,0.09151,0.3817,0.7259,1,False,True,24.75,too_close,False,nan
10,63,0.11516,0.09067,0.4283,0.746,1,False,True,26.79,too_close,False,nan
10,64,0.10864,0.08996,0.4131,0.8363,1,False,True,27.87,too_close,False,nan
10,65,0.10168,0.08927,0.3619,0.9248,0,False,True,30.02,too_close,False,nan
10,66,0.09424,0.08862,0.3532,0.9465,0,False,True,31.09,too_close,False,nan
10,67,0.08729,0.08831,0.4007,0.9944,0,False,True,33.87,lateral,False,nan
10,68,0.08049,0.08848,0.4928,1.1756,0,False,False,39.27,lateral,False,nan
10,69,0.07363,0.08884,0.6198,1.3974,0,False,False,48.72,lateral,False,nan
10,70,0.06661,0.08905,0.7623,1.509,0,False,False,53.35,lateral,False,nan
10,71,0.05986,0.08916,0.9582,1.6805,0,False,False,61.41,lateral,False,nan
10,72,0.05295,0.08925,1.2428,2.0345,0,False,False,79.01,lateral,False,nan
10,73,0.04664,0.08916,1.513,2.2706,0,False,False,95.58,lateral,False,nan
10,74,0.04067,0.08894,1.8171,2.408,0,False,False,126.07,lateral,False,nan
10,75,0.03398,0.08887,2.2662,2.7844,0,False,False,137.78,lateral,False,nan
10,76,0.02663,0.08911,3.4095,4.1944,0,False,False,158.16,lateral,False,nan
10,77,0.01906,0.08963,9.0465,10.6578,0,False,False,1361.26,lateral,False,nan
10,78,0.01278,0.09027,29.9112,31.1283,0,False,False,2719.99,behind,False,nan
10,79,0.01317,0.09074,43.4814,44.8753,0,False,False,9335.4,behind,False,nan
11,1,0.49758,0.28854,-0.4294,0.4109,4,True,True,5.64,,True,0.007921065003606505
11,2,0.49224,0.28433,-0.4816,0.403,4,True,True,5.96,,True,0.023295750465775995
11,3,0.48597,0.27998,-0.5431,0.3713,4,True,True,6.13,,True,0.025040277135429365
11,4,0.47939,0.27526,-0.56,0.341,4,True,True,6.24,,True,0.01648009593806578
11,5,0.47275,0.27014,-0.5255,0.3652,4,True,True,6.2,,True,0.011488879506662423
11,6,0.46638,0.26463,-0.4938,0.39,4,True,True,6.13,,True,0.007706513736968359
11,7,0.46003,0.25876,-0.5122,0.3758,4,True,True,6.32,,True,0.011637511801086823
11,8,0.45357,0.25248,-0.5275,0.3725,4,True,True,6.51,,True,0.007977905301061279
11,9,0.44729,0.24567,-0.4908,0.4201,4,True,True,6.56,,True,0.009262668645231488
11,10,0.44128,0.23822,-0.462,0.458,4,True,True,6.7,,True,0.010119128151755448
11,11,0.43542,0.23004,-0.4401,0.4324,4,True,True,6.68,,True,0.012044177781447403
11,12,0.42974,0.22127,-0.3698,0.361,4,True,True,6.34,,True,0.01321144528466881
11,13,0.42397,0.21251,-0.297,0.3137,4,True,True,6.4,,True,0.013112542563353619
11,14,0.4177,0.20436,-0.2702,0.3082,4,True,True,6.59,,True,0.012729460129640052
11,15,0.41123,0.19703,-0.2962,0.3317,4,True,True,6.68,,True,0.01442231671252218
11,16,0.40516,0.19022,-0.3178,0.3454,4,True,True,6.71,,True,0.016003679817975354
11,17,0.39925,0.18363,-0.2998,0.3247,4,True,True,6.8,,True,0.00962726281654371
11,18,0.39293,0.17733,-0.2992,0.3066,4,True,True,6.95,,True,0.009439598202806857
11,19,0.38642,0.17139,-0.35,0.2718,4,True,True,7.14,,True,0.009452587888952691
11,20,0.38002,0.16565,-0.3974,0.2408,4,True,True,7.63,,True,0.008209627215616787
11,21,0.37366,0.15989,-0.3922,0.2154,4,True,True,7.62,,True,0.008951855200820015
11,22,0.36717,0.15411,-0.386,0.2041,4,True,True,7.76,,True,0.011552838438303127
11,23,0.36054,0.14837,-0.4163,0.2259,4,True,True,8.19,,True,0.009563130812677675
11,24,0.3539,0.14232,-0.441,0.227,4,True,True,8.36,,True,0.012869662299611125
11,25,0.34752,0.13567,-0.4139,0.1898,4,True,True,8.44,,True,0.0068628008751532845
11,26,0.34145,0.12857,-0.3688,0.1746,4,True,True,8.45,,True,0.009844337741246649
11,27,0.33529,0.12134,-0.3377,0.1902,4,True,True,8.58,,True,0.0099721463774374
11,28,0.32897,0.1141,-0.2943,0.1838,4,True,True,8.5,,True,0.007585712999342757
11,29,0.32285,0.10702,-0.2526,0.1462,4,True,True,8.62,,True,0.00848510716806579
11,30,0.31693,0.1005,-0.2438,0.129,4,True,True,8.91,,True,0.00868214724478919
11,31,0.3108,0.09471,-0.2314,0.151,4,True,True,9.16,,True,0.009185482809804775
11,32,0.30453,0.08962,-0.1868,0.1626,4,True,True,9.16,,True,0.0061333452743008035
11,33,0.29855,0.08541,-0.1464,0.1561,4,True,True,9.32,,True,0.006687129257896709
11,34,0.29273,0.08238,-0.1383,0.1756,4,True,True,9.54,,True,0.005755840339222358
11,35,0.2865,0.08046,-0.1275,0.2354,4,True,True,10.01,,True,0.005475783927307068
11,36,0.28012,0.0793,-0.0893,0.2887,4,True,True,10.12,,True,0.006766519943458949
11,37,0.27405,0.07859,-0.054,0.3061,4,True,True,10.3,,True,0.007366502668344728
11,38,0.26812,0.07819,-0.0451,0.3323,4,True,True,10.82,,True,0.004840870305957038
11,39,0.26177,0.07789,-0.037,0.355,4,True,True,11.37,,True,0.006218987958078174
11,40,0.25527,0.07746,-0.0097,0.337,4,True,True,11.39,,True,0.00571086012512971
11,41,0.24878,0.07701,0.0095,0.3258,4,True,True,11.45,,True,0.004373613244376546
11,42,0.24231,0.0767,0.0013,0.3568,4,True,True,12.1,,True,0.006141672015281397
11,43,0.23574,0.07632,-0.0074,0.3852,4,True,True,12.73,,False,nan
11,44,0.22896,0.07563,0.0027,0.374,4,True,True,12.79,,False,nan
11,45,0.2221,0.07474,0.0075,0.37,4,True,True,12.95,,False,nan
11,46,0.21519,0.07375,-0.01,0.374,3,False,True,13.68,too_close,False,nan
11,47,0.20816,0.07268,-0.0221,0.3939,3,False,True,14.46,too_close,False,nan
11,48,0.20082,0.07149,-0.0113,0.4108,2,False,True,14.77,too_close,False,nan
11,49,0.19332,0.07014,0.0414,0.3856,2,False,True,15.01,too_close,False,nan
11,50,0.18609,0.06882,0.1049,0.3657,2,False,True,15.93,too_close,False,nan
11,51,0.17924,0.06773,0.129,0.3879,2,False,True,17.0,too_close,False,nan
11,52,0.17234,0.06672,0.0977,0.408,2,False,True,17.31,too_close,False,nan
11,53,0.16515,0.06572,0.0718,0.3855,2,False,True,17.57,too_close,False,nan
11,54,0.15785,0.06502,0.1002,0.3668,2,False,True,18.68,too_close,False,nan
11,55,0.15039,0.06488,0.1405,0.394,1,False,True,19.97,too_close,False,nan
11,56,0.14276,0.0652,0.1444,0.4742,1,False,True,21.12,too_close,False,nan
11,57,0.13531,0.06562,0.1596,0.5529,1,False,True,22.75,too_close,False,nan
11,58,0.12794,0.06576,0.2308,0.5803,1,False,True,25.03,too_close,False,nan
11,59,0.12067,0.06549,0.2931,0.6129,1,False,True,27.84,too_close,False,nan
11,60,0.11364,0.0647,0.2848,0.641,1,False,True,28.86,too_close,False,nan
11,61,0.10651,0.06345,0.2403,0.6135,0,False,True,28.65,too_close,False,nan
11,62,0.0994,0.06221,0.236,0.5894,0,False,True,31.42,too_close,False,nan
11,63,0.09202,0.0614,0.2805,0.6337,0,False,True,34.6,too_close,False,nan
11,64,0.08467,0.06107,0.3071,0.7621,0,False,True,37.2,too_close,False,nan
11,65,0.07756,0.0609,0.2981,0.9013,0,False,True,42.25,too_close,False,nan
11,66,0.07065,0.06065,0.3322,0.9779,0,False,True,46.19,too_close,False,nan
11,67,0.06358,0.06036,0.4318,1.1,0,False,False,53.23,lateral,False,nan
11,68,0.05639,0.06003,0.5002,1.267,0,False,False,60.93,lateral,False,nan
11,69,0.04896,0.05966,0.5448,1.4877,0,False,False,72.63,lateral,False,nan
11,70,0.04197,0.05936,0.6928,1.7325,0,False,False,87.75,lateral,False,nan
11,71,0.03516,0.05927,1.0094,2.1818,0,False,False,118.14,lateral,False,nan
11,72,0.02808,0.05941,1.6362,3.5298,0,False,False,194.63,lateral,False,nan
11,73,0.02104,0.05947,3.3713,7.366,0,False,False,854.07,lateral,False,nan
11,74,0.01406,0.05929,14.5405,28.1516,0,False,False,6163.58,behind,False,nan
11,75,0.01357,0.05919,20.8937,39.7294,0,False,False,6583.57,behind,False,nan
12,1,0.49833,0.17722,-0.3326,-0.2034,4,True,True,5.65,,True,0.02153503686324028
12,2,0.49404,0.18109,-0.4021,-0.2615,4,True,True,6.08,,True,0.016583221791340103
12,3,0.48799,0.18427,-0.4638,-0.328,4,True,True,6.46,,True,0.018213604324188382
12,4,0.48135,0.18606,-0.4845,-0.3455,4,True,True,6.66,,True,0.022827657565472823
12,5,0.47459,0.18622,-0.4698,-0.299,4,True,True,6.61,,True,0.014578165186858748
12,6,0.46774,0.18503,-0.4603,-0.262,4,True,True,6.67,,True,0.011972077985479737
12,7,0.46092,0.18278,-0.4813,-0.2458,4,True,True,6.69,,True,0.012610369450936973
12,8,0.45442,0.1794,-0.4937,-0.2329,4,True,True,6.74,,True,0.008332862941425524
12,9,0.44808,0.17487,-0.4682,-0.1936,4,True,True,6.8,,True,0.011494979571608796
12,10,0.4416,0.16943,-0.4261,-0.162,4,True,True,6.8,,True,0.01857562447144132
12,11,0.43533,0.16345,-0.4015,-0.1456,4,True,True,6.67,,True,0.012563169616597926
12,12,0.42955,0.15713,-0.378,-0.1347,4,True,True,6.57,,True,0.014698697070449362
12,13,0.42397,0.15063,-0.3297,-0.1065,4,True,True,6.59,,True,0.02413650891327552
12,14,0.41822,0.14432,-0.2914,-0.0827,4,True,True,6.65,,True,0.009403527742917887
12,15,0.4124,0.13854,-0.2904,-0.0834,4,True,True,6.63,,True,0.012241720947536554
12,16,0.4067,0.13329,-0.2863,-0.0726,4,True,True,6.67,,True,0.015181788094604116
12,17,0.40099,0.12853,-0.2647,-0.058,4,True,True,6.77,,True,0.010066576392257942
12,18,0.39501,0.12438,-0.2598,-0.0381,4,True,True,6.97,,True,0.01636346057061919
12,19,0.38877,0.1209,-0.293,-0.0365,4,True,True,7.07,,True,0.0114401167689519
12,20,0.38249,0.1178,-0.3228,-0.0719,4,True,True,7.25,,True,0.005851848049463222
12,21,0.37614,0.11469,-0.3162,-0.0919,4,True,True,7.6,,True,0.011798447347834449
12,22,0.3697,0.11153,-0.3124,-0.0789,4,True,True,7.84,,True,0.008812278565687288
12,23,0.36337,0.10837,-0.3397,-0.0438,4,True,True,7.85,,True,0.013155248122942047
12,24,0.35733,0.10503,-0.3577,-0.0125,4,True,True,8.08,,True,0.009377640263127346
12,25,0.35151,0.10132,-0.3321,-0.0052,4,True,True,8.12,,True,0.007929434388190177
12,26,0.34561,0.09737,-0.3074,0.0022,4,True,True,8.34,,True,0.009998395550922521
12,27,0.33978,0.09334,-0.3193,0.0309,4,True,True,8.39,,True,0.006508591475456377
12,28,0.33411,0.08913,-0.3228,0.0546,4,True,True,8.67,,True,0.01149002437533399
12,29,0.32848,0.08458,-0.2804,0.0509,4,True,True,8.65,,True,0.005115929954790623
12,30,0.32276,0.0799,-0.2402,0.0466,4,True,True,8.9,,True,0.005857447458299135
12,31,0.31698,0.07538,-0.2383,0.066,4,True,True,8.93,,True,0.007355994349155469
12,32,0.31121,0.07098,-0.2296,0.0787,4,True,True,9.09,,True,0.0067053723285265135
12,33,0.30539,0.06664,-0.1782,0.0596,4,True,True,9.21,,True,0.009181722758687928
12,34,0.29941,0.06269,-0.1311,0.041,4,True,True,9.48,,True,0.011093482542367835
12,35,0.29333,0.05953,-0.1231,0.051,4,True,True,9.48,,True,0.005367043622624332
12,36,0.28727,0.05722,-0.1523,0.0574,4,True,True,9.62,,True,0.008898650145235566
12,37,0.28105,0.05546,-0.1747,0.0329,4,True,True,10.12,,True,0.0034175174301855752
12,38,0.27461,0.05403,-0.1596,0.0123,4,True,True,10.51,,True,0.010018730136945694
12,39,0.26822,0.05307,-0.1496,0.0224,4,True,True,10.48,,True,0.00497269055510374
12,40,0.26191,0.05268,-0.1767,0.0304,4,True,True,10.64,,True,0.004831236762431394
12,41,0.2555,0.05266,-0.2264,0.0154,4,True,True,11.35,,True,0.010503550093698378
12,42,0.24889,0.05268,-0.2592,0.01,4,True,True,12.04,,True,0.007452400588479367
12,43,0.24221,0.05252,-0.2508,0.0354,4,True,True,11.96,,True,0.006129488264704019
12,44,0.23567,0.05225,-0.2439,0.0617,4,True,True,12.13,,True,0.006103755711070477
12,45,0.2292,0.05194,-0.2695,0.0656,4,True,True,12.76,,True,0.006538922492720789
12,46,0.22256,0.05153,-0.2862,0.0768,4,True,True,13.46,,True,0.005733248709338459
12,47,0.21589,0.05098,-0.2626,0.1178,4,True,True,13.43,,True,0.0030177660720519723
12,48,0.20931,0.05043,-0.2393,0.1601,4,True,True,14.17,,True,0.006052299146526199
12,49,0.20283,0.04998,-0.2432,0.1791,4,True,True,14.48,,True,0.0034796655898441343
12,50,0.19628,0.0496,-0.2379,0.2039,4,True,True,14.88,,True,0.006937725344678451
12,51,0.18976,0.04933,-0.1988,0.2599,3,False,True,15.91,tilt,False,nan
12,52,0.18284,0.04916,-0.1598,0.318,2,False,True,17.04,too_close,False,nan
12,53,0.17588,0.04891,-0.1415,0.3452,2,False,True,17.6,too_close,False,nan
12,54,0.16917,0.0484,-0.1061,0.3763,2,False,True,18.49,too_close,False,nan
12,55,0.16245,0.04753,-0.0437,0.3948,2,False,True,19.38,too_close,False,nan
12,56,0.15555,0.04628,-0.0083,0.3648,2,False,True,19.51,too_close,False,nan
12,57,0.14829,0.04489,-0.0121,0.3395,2,False,True,19.8,too_close,False,nan
12,58,0.1411,0.04358,0.0011,0.3548,2,False,True,21.23,too_close,False,nan
12,59,0.13413,0.04233,0.0502,0.3633,1,False,True,23.08,too_close,False,nan
12,60,0.12701,0.04107,0.0821,0.3779,1,False,True,24.39,too_close,False,nan
12,61,0.1197,0.03976,0.0725,0.3869,0,False,True,25.5,too_close,False,nan
12,62,0.11238,0.03837,0.0797,0.3495,0,False,True,26.98,too_close,False,nan
12,63,0.10506,0.03726,0.1299,0.322,0,False,True,30.3,too_close,False,nan
12,64,0.09735,0.0367,0.1728,0.3501,0,False,True,33.53,too_close,False,nan
12,65,0.08939,0.03661,0.184,0.432,0,False,True,35.53,too_close,False,nan
12,66,0.08216,0.03664,0.2098,0.5069,0,False,True,39.75,too_close,False,nan
12,67,0.07567,0.03654,0.269,0.5356,0,False,True,43.9,too_close,False,nan
12,68,0.06884,0.03628,0.3136,0.5874,0,False,True,49.16,too_close,False,nan
12,69,0.06147,0.03588,0.3319,0.6421,0,False,True,54.67,too_close,False,nan
12,70,0.05409,0.03552,0.3905,0.6443,0,False,True,67.13,too_close,False,nan
12,71,0.04666,0.03565,0.533,0.6955,0,False,True,92.89,too_close,False,nan
12,72,0.0389,0.03652,0.769,0.9327,0,False,True,133.59,lateral,False,nan
12,73,0.03073,0.03796,1.2051,1.527,0,False,False,189.83,lateral,False,nan
12,74,0.02306,0.03961,2.1665,2.7485,0,False,False,247.04,lateral,False,nan
12,75,0.01607,0.04131,5.7612,7.1265,0,False,False,964.0,lateral,False,nan
12,76,0.01296,0.04227,23.9383,29.6119,0,False,False,3584.63,behind,False,nan
12,77,0.01322,0.04236,19.9657,24.416,0,False,False,4975.5,behind,False,nan
13,1,0.49812,0.14552,-0.3155,-0.0435,4,True,True,5.64,,True,0.011162966498599372
13,2,0.4936,0.14947,-0.3767,-0.0574,4,True,True,5.92,,True,0.022245470428399153
13,3,0.48777,0.15288,-0.4285,-0.0516,4,True,True,6.11,,True,0.013098629733739433
13,4,0.48161,0.15535,-0.4355,-0.048,4,True,True,6.38,,True,0.011277192029099417
13,5,0.47544,0.15682,-0.4351,-0.0628,4,True,True,6.31,,True,0.016966881558859778
13,6,0.46898,0.15737,-0.4646,-0.073,4,True,True,6.39,,True,0.0158504591606202
13,7,0.46233,0.15683,-0.4821,-0.08,4,True,True,6.66,,True,0.01742228272466512
13,8,0.45597,0.15501,-0.4519,-0.1012,4,True,True,6.64,,True,0.019516184087078742
13,9,0.44975,0.15211,-0.4284,-0.0987,4,True,True,6.54,,True,0.016106742538263268
13,10,0.44329,0.14838,-0.4253,-0.1015,4,True,True,6.81,,True,0.016413466890192706
13,11,0.4368,0.14383,-0.3936,-0.1133,4,True,True,6.72,,True,0.010837554627383814
13,12,0.43083,0.13862,-0.349,-0.0828,4,True,True,6.52,,True,0.007822959684982455
13,13,0.42523,0.1331,-0.3352,-0.0407,4,True,True,6.69,,True,0.026481006079238045
13,14,0.4194,0.12746,-0.3171,-0.0336,4,True,True,6.92,,True,0.023344366371892668
13,15,0.41349,0.12179,-0.2601,-0.0318,4,True,True,6.76,,True,0.010307669721110201
13,16,0.40803,0.1165,-0.2098,0.0037,4,True,True,6.55,,True,0.012277736650019865
13,17,0.40293,0.11207,-0.1989,0.041,4,True,True,6.71,,True,0.0077328693469753225
13,18,0.39732,0.10852,-0.2246,0.0476,4,True,True,6.9,,True,0.006043301156279908
13,19,0.39108,0.10562,-0.2488,0.0148,4,True,True,7.02,,True,0.009754157957427486
13,20,0.38465,0.10308,-0.2376,-0.0191,4,True,True,7.1,,True,0.010629456637627786
13,21,0.37852,0.10093,-0.2336,-0.0111,4,True,True,7.29,,True,0.015557415896933827
13,22,0.37235,0.0992,-0.2686,0.0044,4,True,True,7.45,,True,0.008164246403883534
13,23,0.36578,0.09761,-0.3001,-0.0153,4,True,True,7.93,,True,0.009812478326271528
13,24,0.35918,0.09586,-0.292,-0.0408,4,True,True,7.98,,True,0.008767052911824762
13,25,0.35299,0.09391,-0.2877,-0.0295,4,True,True,7.93,,True,0.0067080672113118845
13,26,0.34696,0.09184,-0.3216,-0.011,4,True,True,8.31,,True,0.010881303632106983
13,27,0.34065,0.08941,-0.3499,-0.0285,4,True,True,8.76,,True,0.00993022389901044
13,28,0.3343,0.0863,-0.3378,-0.0935,4,True,True,8.82,,True,0.006452762614017577
13,29,0.32767,0.08249,-0.2878,-0.151,4,True,True,8.98,,True,0.009222449313334106
13,30,0.32098,0.07816,-0.2495,-0.1572,4,True,True,9.09,,True,0.00831980069771368
13,31,0.31463,0.07357,-0.2471,-0.1253,4,True,True,9.18,,True,0.00941688885006681
13,32,0.3086,0.06878,-0.2345,-0.1042,4,True,True,9.26,,True,0.01511923878186306
13,33,0.30269,0.06386,-0.185,-0.1148,4,True,True,9.39,,True,0.007132925871921501
13,34,0.29664,0.05915,-0.1457,-0.1101,4,True,True,9.57,,True,0.015318811349234835
13,35,0.2906,0.0551,-0.1438,-0.0667,4,True,True,9.66,,True,0.008497481316894286
13,36,0.28461,0.05194,-0.1773,-0.0071,4,True,True,10.05,,True,0.0048435337157088105
13,37,0.27853,0.04949,-0.2065,0.037,4,True,True,10.63,,True,0.009259260362246134
13,38,0.27251,0.04746,-0.1936,0.0509,4,True,True,10.61,,True,0.0036966793626838014
13,39,0.26652,0.04586,-0.1789,0.0663,4,True,True,10.62,,True,0.0056920723075605485
13,40,0.26054,0.04483,-0.2001,0.1101,4,True,True,11.3,,True,0.004317608927200771
13,41,0.25444,0.04411,-0.2132,0.1493,4,True,True,11.93,,True,0.007470927490642283
13,42,0.24844,0.04341,-0.176,0.1554,4,True,True,11.77,,True,0.0035182763237340637
13,43,0.2425,0.04292,-0.1288,0.1616,4,True,True,11.72,,True,0.007089180681637247
13,44,0.23658,0.04297,-0.1148,0.1986,4,True,True,12.26,,True,0.004385837678903298
13,45,0.23066,0.04346,-0.0922,0.2298,4,True,True,12.79,,True,0.005042541998510139
13,46,0.22474,0.04423,-0.0196,0.2222,4,True,True,12.71,,True,0.005548459726961189
13,47,0.2188,0.04544,0.0495,0.216,4,True,True,13.13,,True,0.006807977136840088
13,48,0.21271,0.04719,0.0734,0.2479,4,True,True,13.52,,True,0.005089786044679348
13,49,0.2064,0.04918,0.0601,0.2758,4,True,True,14.03,,False,nan
13,50,0.19984,0.0511,0.0501,0.3068,3,False,True,14.67,tilt,False,nan
13,51,0.19307,0.05277,0.0656,0.3434,2,False,True,15.66,too_close,False,nan
13,52,0.18633,0.05397,0.059,0.3476,2,False,True,15.9,too_close,False,nan
13,53,0.1795,0.05477,0.0124,0.3551,2,False,True,16.35,too_close,False,nan
13,54,0.17258,0.0553,-0.016,0.4031,2,False,True,17.61,too_close,False,nan
13,55,0.16521,0.05546,-0.0064,0.4464,2,False,True,19.0,too_close,False,nan
13,56,0.1576,0.05512,0.0276,0.4458,2,False,True,19.76,too_close,False,nan
13,57,0.14987,0.0544,0.0646,0.423,2,False,True,20.16,too_close,False,nan
13,58,0.14219,0.05364,0.1299,0.4182,1,False,True,21.22,too_close,False,nan
13,59,0.1347,0.053,0.2362,0.4089,1,False,True,23.29,too_close,False,nan
13,60,0.12719,0.05239,0.3276,0.415,1,False,True,25.21,too_close,False,nan
13,61,0.11932,0.05158,0.3831,0.4146,1,False,True,26.96,too_close,False,nan
13,62,0.11146,0.05038,0.4087,0.4027,1,False,True,29.25,too_close,False,nan
13,63,0.10396,0.0488,0.3841,0.4131,0,False,True,31.11,too_close,False,nan
13,64,0.09652,0.04699,0.3454,0.422,0,False,True,31.99,too_close,False,nan
13,65,0.08892,0.04532,0.3557,0.3905,0,False,True,34.51,too_close,False,nan
13,66,0.08117,0.04416,0.4403,0.3558,0,False,True,40.41,too_close,False,nan
13,67,0.07371,0.04367,0.5405,0.3702,0,False,True,45.66,too_close,False,nan
13,68,0.06657,0.04366,0.6376,0.4108,0,False,True,52.48,too_close,False,nan
13,69,0.05901,0.04399,0.7504,0.4695,0,False,True,61.22,too_close,False,nan
13,70,0.05165,0.04463,0.9323,0.5072,0,False,True,76.07,too_close,False,nan
13,71,0.04438,0.04557,1.2938,0.6131,0,False,False,112.86,lateral,False,nan
13,72,0.03686,0.04648,1.9212,0.9845,0,False,False,198.21,lateral,False,nan
13,73,0.02917,0.04689,3.0385,1.7166,0,False,False,536.65,lateral,False,nan
13,74,0.02158,0.04657,5.242,3.0103,0,False,False,3046.48,lateral,False,nan
13,75,0.01422,0.04581,19.1395,11.7385,0,False,False,197908.82,behind,False,nan
13,76,0.01384,0.04611,22.8538,14.8682,0,False,False,2442.05,behind,False,nan
14,1,0.49757,0.14622,-0.1947,0.2266,4,True,True,5.6,,True,0.022760782131017364
14,2,0.49201,0.14796,-0.2458,0.2226,4,True,True,5.83,,True,0.009119054170390299
14,3,0.48504,0.14963,-0.3005,0.2458,4,True,True,5.93,,True,0.015854238360336136
14,4,0.4778,0.15079,-0.312,0.2625,4,True,True,6.21,,True,0.011671379134046376
14,5,0.47077,0.1512,-0.3166,0.2976,4,True,True,6.3,,True,0.011263872494042284
14,6,0.46395,0.15068,-0.3408,0.3286,4,True,True,6.5,,True,0.007935594173026493
14,7,0.45726,0.14893,-0.3522,0.3045,4,True,True,6.7,,True,0.012557627451697147
14,8,0.4506,0.14598,-0.3221,0.282,4,True,True,6.75,,True,0.013024543796302378
14,9,0.44439,0.14208,-0.2895,0.3125,4,True,True,6.73,,True,0.013686787058786912
14,10,0.43859,0.13725,-0.2982,0.3387,4,True,True,6.87,,True,0.017935795629983788
14,11,0.43281,0.13128,-0.3121,0.3112,4,True,True,7.13,,True,0.012296390192907364
14,12,0.42706,0.12414,-0.2793,0.2423,4,True,True,7.05,,True,0.009275699861407994
14,13,0.42118,0.11628,-0.2,0.1865,4,True,True,6.69,,True,0.010784388710414932
14,14,0.41514,0.10846,-0.1301,0.1663,4,True,True,6.57,,True,0.023720336395649293
14,15,0.40935,0.1012,-0.1036,0.1771,4,True,True,6.85,,True,0.009156117141438084
14,16,0.40404,0.09453,-0.1117,0.1848,4,True,True,7.13,,True,0.007285836038591311
14,17,0.39886,0.08824,-0.1068,0.1589,4,True,True,7.08,,True,0.013745652379666382
14,18,0.39311,0.08231,-0.0663,0.1365,4,True,True,6.98,,True,0.010459542460620785
14,19,0.38703,0.07703,-0.0364,0.1474,4,True,True,7.17,,True,0.009929158110162518
14,20,0.38123,0.07251,-0.0419,0.154,4,True,True,7.33,,True,0.007727985226518787
14,21,0.37515,0.06859,-0.0775,0.1284,4,True,True,7.32,,True,0.007156638634840969
14,22,0.36841,0.06517,-0.11,0.1011,4,True,True,7.72,,True,0.011713329870843545
14,23,0.36147,0.06218,-0.1103,0.1013,4,True,True,7.8,,True,0.013407232373592726
14,24,0.35491,0.05959,-0.1154,0.0969,4,True,True,7.79,,True,0.008895678802476511
14,25,0.34854,0.05732,-0.1556,0.0979,4,True,True,8.05,,True,0.011891935052361052
14,26,0.34201,0.05509,-0.1927,0.0934,4,True,True,8.37,,True,0.010163016828744055
14,27,0.33546,0.05254,-0.1946,0.0692,4,True,True,8.47,,True,0.008968601379702217
14,28,0.3289,0.04967,-0.1754,0.0683,4,True,True,8.82,,True,0.005949473116071604
14,29,0.32255,0.04652,-0.1701,0.0714,4,True,True,8.88,,True,0.011628833016206321
14,30,0.31629,0.04308,-0.1615,0.0399,4,True,True,8.99,,True,0.009740491313276893
14,31,0.30982,0.03949,-0.1229,0.0097,4,True,True,9.18,,True,0.005823966733279732
14,32,0.3032,0.0361,-0.0923,0.0202,4,True,True,9.53,,True,0.015193573075300497
14,33,0.29676,0.03312,-0.0972,0.0338,4,True,True,9.59,,True,0.007999631662136063
14,34,0.29039,0.03046,-0.098,0.0139,4,True,True,9.82,,True,0.006865196103276783
14,35,0.28392,0.02822,-0.0622,-0.0006,4,True,True,10.09,,True,0.010667682280819065
14,36,0.27732,0.02682,-0.0314,0.0266,4,True,True,10.49,,True,0.007538833179067827
14,37,0.27084,0.02645,-0.0377,0.0768,4,True,True,10.57,,True,0.007958562085350696
14,38,0.26432,0.02675,-0.0417,0.1106,4,True,True,10.7,,True,0.008246405927709923
14,39,0.25792,0.02733,-0.0151,0.1084,4,True,True,11.19,,True,0.005492424901647889
14,40,0.25137,0.02824,0.0055,0.1127,4,True,True,11.67,,True,0.006839063887513832
14,41,0.24482,0.02945,-0.0083,0.1566,4,True,True,11.79,,True,0.009351675800808396
14,42,0.23816,0.03061,-0.0207,0.1984,4,True,True,12.31,,True,0.006544582210392241
14,43,0.2315,0.03131,-0.0053,0.2022,4,True,True,12.66,,True,0.0039030527346740544
14,44,0.22483,0.03154,0.0058,0.2101,4,True,True,13.16,,True,0.004885416219744772
14,45,0.21811,0.03133,0.0313,0.2096,4,True,True,13.52,,True,0.00639971658563687
14,46,0.21145,0.03068,0.0515,0.1736,4,True,True,13.63,,True,0.006784096603166287
14,47,0.20473,0.0299,0.0288,0.1464,4,True,True,13.96,,True,0.004616637365235968
14,48,0.19779,0.02934,0.0134,0.1485,4,True,True,14.67,,True,0.00945299334079905
14,49,0.19071,0.0292,0.0442,0.138,4,True,True,14.88,,True,0.0056918485902213295
14,50,0.18369,0.02962,0.1172,0.1319,4,True,True,15.91,,True,0.005361088216973554
14,51,0.17671,0.03041,0.1823,0.1277,4,True,True,16.54,,False,nan
14,52,0.16931,0.03121,0.2086,0.1289,2,False,True,17.53,tilt,False,nan
14,53,0.16194,0.03181,0.1995,0.1174,2,False,True,18.16,too_close,False,nan
14,54,0.15491,0.03229,0.1951,0.1129,1,False,True,19.26,too_close,False,nan
14,55,0.14785,0.03285,0.2256,0.1156,1,False,True,19.97,too_close,False,nan
14,56,0.14033,0.03339,0.2524,0.125,1,False,True,21.04,too_close,False,nan
14,57,0.1329,0.03379,0.2912,0.1177,1,False,True,22.98,too_close,False,nan
14,58,0.12584,0.03392,0.3265,0.1122,1,False,True,25.14,too_close,False,nan
14,59,0.1189,0.03367,0.3131,0.1111,0,False,True,25.81,too_close,False,nan
14,60,0.11164,0.03325,0.299,0.0704,0,False,True,28.08,too_close,False,nan
14,61,0.10406,0.03302,0.3291,0.0259,0,False,True,32.23,too_close,False,nan
14,62,0.09664,0.03315,0.3587,0.0288,0,False,True,35.56,too_close,False,nan
14,63,0.0894,0.03367,0.3944,0.1002,0,False,True,37.3,too_close,False,nan
14,64,0.08198,0.03454,0.432,0.1852,0,False,True,39.4,too_close,False,nan
14,65,0.07469,0.0357,0.4948,0.2417,0,False,True,43.71,too_close,False,nan
14,66,0.0675,0.03711,0.5728,0.3308,0,False,True,50.45,too_close,False,nan
14,67,0.06051,0.03865,0.6666,0.5184,0,False,True,64.4,too_close,False,nan
14,68,0.05341,0.04005,0.8437,0.7613,0,False,True,104.58,too_close,False,nan
14,69,0.04599,0.0408,1.1013,0.9698,0,False,False,176.55,too_close,False,nan
14,70,0.0387,0.04065,1.3253,1.0995,0,False,False,201.97,lateral,False,nan
14,71,0.03128,0.03992,1.5954,1.2383,0,False,False,184.5,lateral,False,nan
14,72,0.02351,0.03925,2.4406,1.6715,0,False,False,242.52,lateral,False,nan
14,73,0.01545,0.03899,8.1802,4.6348,0,False,False,2843.72,lateral,False,nan
14,74,0.01324,0.03929,24.0732,13.0469,0,False,False,4053.6,behind,False,nan
15,1,0.49809,0.232,-0.3468,-0.3684,4,True,True,5.62,,True,0.0201625838889379
15,2,0.49329,0.23166,-0.4139,-0.3828,4,True,True,5.92,,True,0.027094091106692076
15,3,0.48681,0.23098,-0.4741,-0.3601,4,True,True,6.14,,True,0.01909929766824641
15,4,0.47983,0.22965,-0.4964,-0.3337,4,True,True,6.29,,True,0.026584045479473396
15,5,0.47278,0.22763,-0.4731,-0.3492,4,True,True,6.28,,True,0.02228606613159439
15,6,0.46586,0.22494,-0.4535,-0.3607,4,True,True,6.29,,True,0.016350162357571727
15,7,0.45901,0.22164,-0.4834,-0.3201,4,True,True,6.47,,True,0.016162488916785078
15,8,0.452,0.21775,-0.5084,-0.2838,4,True,True,6.67,,True,0.01782182295051688
15,9,0.44503,0.21326,-0.4826,-0.2991,4,True,True,6.57,,True,0.013391735755953897
15,10,0.43834,0.2082,-0.4593,-0.3045,4,True,True,6.64,,True,0.023122035869607392
15,11,0.4318,0.20265,-0.4695,-0.2536,4,True,True,6.7,,True,0.018782594957435367
15,12,0.42513,0.19673,-0.4639,-0.2075,4,True,True,6.8,,True,0.015953817255497858
15,13,0.41862,0.19061,-0.4112,-0.2134,4,True,True,6.69,,True,0.01576132212448119
15,14,0.41262,0.18456,-0.3676,-0.2112,4,True,True,6.73,,True,0.01489055924519976
15,15,0.40673,0.17881,-0.3733,-0.1995,4,True,True,6.75,,True,0.01814263004892799
15,16,0.40047,0.17335,-0.3762,-0.2246,4,True,True,7.04,,True,0.013920435014664065
15,17,0.39411,0.16803,-0.3299,-0.2545,4,True,True,6.97,,True,0.017663607919987542
15,18,0.38809,0.16292,-0.2893,-0.2417,4,True,True,6.84,,True,0.01605670239508315
15,19,0.38204,0.15834,-0.2993,-0.1796,4,True,True,7.0,,True,0.013754425015741997
15,20,0.37555,0.15445,-0.3496,-0.1268,4,True,True,7.34,,True,0.020579533665108164
15,21,0.36872,0.15113,-0.3937,-0.1248,4,True,True,7.72,,True,0.016459847571233976
15,22,0.36214,0.14804,-0.3982,-0.1453,4,True,True,7.87,,True,0.01280349500875674
15,23,0.35587,0.14505,-0.365,-0.1389,4,True,True,7.82,,True,0.014148587420485722
15,24,0.34957,0.14234,-0.3385,-0.1441,4,True,True,7.97,,True,0.012010721276987782
15,25,0.34329,0.14012,-0.3466,-0.1639,4,True,True,8.02,,True,0.014413589969415778
15,26,0.337,0.13833,-0.3495,-0.1488,4,True,True,8.27,,True,0.013264381457026346
15,27,0.33063,0.137,-0.3265,-0.1273,4,True,True,8.35,,True,0.011366348205057194
15,28,0.32401,0.13644,-0.3165,-0.1489,4,True,True,8.42,,True,0.015023607129635323
15,29,0.3173,0.13674,-0.3463,-0.2284,4,True,True,8.65,,True,0.013267892920842546
15,30,0.31028,0.13749,-0.378,-0.3101,4,True,True,9.16,,True,0.013970458438562124
15,31,0.3033,0.13815,-0.3805,-0.338,4,True,True,9.53,,True,0.01298496101792789
15,32,0.29659,0.13855,-0.3896,-0.3745,4,True,True,10.03,,True,0.012074437617771997
15,33,0.28996,0.13859,-0.4257,-0.4287,4,True,True,10.57,,False,nan
15,34,0.28306,0.1379,-0.4534,-0.4398,4,True,True,11.0,,False,nan
15,35,0.276,0.1363,-0.4503,-0.3853,4,True,True,10.8,,True,0.010539486762602338
15,36,0.26918,0.13402,-0.4086,-0.3339,4,True,True,10.55,,True,0.013295266018216149
15,37,0.26255,0.13162,-0.369,-0.3421,4,True,True,10.92,,True,0.011956254960436131
15,38,0.25584,0.12939,-0.3744,-0.3487,4,True,True,11.55,,True,0.011655952549428954
15,39,0.24899,0.12734,-0.3892,-0.3466,4,True,True,11.75,,True,0.009445739888596198
15,40,0.24213,0.12547,-0.3676,-0.3823,4,True,True,11.64,,True,0.009844112346902884
15,41,0.23515,0.12375,-0.3379,-0.4294,2,False,True,12.04,tilt,False,nan
15,42,0.22802,0.12214,-0.3482,-0.4373,2,False,True,12.64,too_close,False,nan
15,43,0.22108,0.1206,-0.399,-0.4376,1,False,True,12.95,too_close,False,nan
15,44,0.21424,0.119,-0.4239,-0.4296,1,False,True,13.49,too_close,False,nan
15,45,0.20744,0.11728,-0.3979,-0.4371,1,False,True,13.6,too_close,False,nan
15,46,0.20028,0.1156,-0.3878,-0.4398,1,False,True,14.17,too_close,False,nan
15,47,0.19314,0.11412,-0.4398,-0.4381,1,False,True,14.89,too_close,False,nan
15,48,0.18596,0.11273,-0.496,-0.4813,1,False,True,16.56,too_close,False,nan
15,49,0.17851,0.11112,-0.4881,-0.5304,1,False,True,17.23,too_close,False,nan
15,50,0.17083,0.10915,-0.4734,-0.5354,1,False,True,17.32,too_close,False,nan
15,51,0.16359,0.10696,-0.5218,-0.5373,1,False,True,18.73,too_close,False,nan
15,52,0.1564,0.10451,-0.5747,-0.5883,1,False,True,21.02,too_close,False,nan
15,53,0.1488,0.10152,-0.5523,-0.6452,1,False,True,21.93,too_close,False,nan
15,54,0.14081,0.09794,-0.4805,-0.6411,1,False,True,21.63,too_close,False,nan
15,55,0.13307,0.09408,-0.4486,-0.6279,1,False,True,21.93,too_close,False,nan
15,56,0.12571,0.09025,-0.4693,-0.6817,1,False,True,24.44,too_close,False,nan
15,57,0.11811,0.08632,-0.4562,-0.752,1,False,True,27.27,too_close,False,nan
15,58,0.11,0.0821,-0.3909,-0.7577,1,False,True,28.16,too_close,False,nan
15,59,0.10193,0.07781,-0.3653,-0.7589,0,False,True,29.67,too_close,False,nan
15,60,0.09423,0.07368,-0.3834,-0.7632,0,False,True,31.92,too_close,False,nan
15,61,0.08675,0.06982,-0.3841,-0.7949,0,False,True,36.08,too_close,False,nan
15,62,0.07891,0.06624,-0.3672,-0.896,0,False,True,41.11,too_close,False,nan
15,63,0.07083,0.06283,-0.3997,-0.9988,0,False,True,46.87,too_close,False,nan
15,64,0.06299,0.05942,-0.4727,-1.0598,0,False,False,52.71,lateral,False,nan
15,65,0.05542,0.05604,-0.5049,-1.1701,0,False,False,65.3,lateral,False,nan
15,66,0.04763,0.05272,-0.5159,-1.4189,0,False,False,79.98,lateral,False,nan
15,67,0.03985,0.04937,-0.6103,-1.7638,0,False,False,109.5,lateral,False,nan
15,68,0.0326,0.04586,-0.7562,-2.1575,0,False,False,150.71,lateral,False,nan
15,69,0.0258,0.0423,-0.8227,-2.9209,0,False,False,627.17,lateral,False,nan
15,70,0.01857,0.03897,-0.8407,-5.0892,0,False,False,665.31,lateral,False,nan
15,71,0.01294,0.03634,-2.695,-64.8533,0,False,False,3076.42,behind,False,nan
16,1,0.49772,0.10823,-0.2303,0.0451,4,True,True,5.59,,True,0.013910013643368193
16,2,0.49278,0.10516,-0.2733,0.0333,4,True,True,5.77,,True,0.017582066414716276
16,3,0.48733,0.10164,-0.3087,0.0168,4,True,True,5.94,,True,0.0221318443788974
16,4,0.48165,0.0973,-0.3044,0.0145,4,True,True,6.03,,True,0.021906714093006714
16,5,0.47548,0.09212,-0.2604,0.0461,4,True,True,5.96,,True,0.01344709631678862
16,6,0.46952,0.08629,-0.2218,0.0655,4,True,True,6.06,,True,0.013967175442573122
16,7,0.46381,0.08004,-0.1965,0.0519,4,True,True,6.14,,True,0.015841221070413195
16,8,0.45787,0.07358,-0.1482,0.0486,4,True,True,5.98,,True,0.013637890250381358
16,9,0.45173,0.06728,-0.065,0.0792,4,True,True,6.09,,True,0.009107188913086059
16,10,0.44568,0.06165,0.0082,0.1014,4,True,True,6.15,,True,0.008538850037618144
16,11,0.4394,0.05713,0.0438,0.0876,4,True,True,6.28,,True,0.015491523351820836
16,12,0.43291,0.05401,0.0435,0.0787,4,True,True,6.35,,True,0.012373307029286315
16,13,0.42594,0.05221,0.0025,0.0746,4,True,True,6.58,,True,0.008383487431135112
16,14,0.41867,0.05139,-0.0811,0.0402,4,True,True,6.6,,True,0.009623208360399716
16,15,0.41192,0.05107,-0.1633,0.0098,4,True,True,6.84,,True,0.015385139944162182
16,16,0.40562,0.05058,-0.2095,0.0209,4,True,True,7.18,,True,0.013305249933040992
16,17,0.39927,0.04945,-0.2165,0.0678,4,True,True,7.41,,True,0.008487867604694934
16,18,0.3931,0.04738,-0.1857,0.1027,4,True,True,7.28,,True,0.007532204908850562
16,19,0.38697,0.04442,-0.1149,0.1006,4,True,True,7.25,,True,0.01314120856154575
16,20,0.38067,0.04109,-0.0432,0.0673,4,True,True,7.41,,True,0.011827202901612426
16,21,0.37423,0.03807,-0.0072,0.0378,4,True,True,7.69,,True,0.012624744087911291
16,22,0.36774,0.03583,-0.0087,0.0417,4,True,True,7.7,,True,0.007858641909539941
16,23,0.36141,0.03435,-0.0426,0.041,4,True,True,7.71,,True,0.005321487173527243
16,24,0.35528,0.03336,-0.0692,0.0392,4,True,True,8.0,,True,0.008914557112871336
16,25,0.34904,0.03259,-0.0602,0.0684,4,True,True,8.22,,True,0.013267197842223185
16,26,0.3428,0.03194,-0.0598,0.0892,4,True,True,8.19,,True,0.007057127825569254
16,27,0.3366,0.03134,-0.0951,0.0729,4,True,True,8.36,,True,0.012009560145437062
16,28,0.33036,0.03063,-0.1206,0.0226,4,True,True,8.47,,True,0.008867458946941496
16,29,0.32394,0.02975,-0.1073,-0.0237,4,True,True,8.77,,True,0.0043291857893285055
16,30,0.31736,0.02889,-0.0953,-0.0374,4,True,True,8.97,,True,0.009617035172627394
16,31,0.31086,0.02817,-0.1174,-0.0531,4,True,True,9.29,,True,0.010571473897082366
16,32,0.30432,0.02744,-0.1365,-0.0577,4,True,True,9.56,,True,0.005438759350944505
16,33,0.29764,0.0266,-0.1176,-0.0229,4,True,True,9.62,,True,0.009141865220606253
16,34,0.29106,0.02585,-0.0609,0.0074,4,True,True,9.73,,True,0.006391242494074261
16,35,0.28462,0.02568,-0.0091,0.0054,4,True,True,10.04,,True,0.0069032717258472945
16,36,0.27816,0.0266,0.0045,0.0128,4,True,True,10.19,,True,0.010368674008328553
16,37,0.27159,0.02874,-0.0142,0.059,4,True,True,10.45,,True,0.004993134716212661
16,38,0.26499,0.0317,-0.0274,0.126,4,True,True,10.68,,True,0.005854834894613385
16,39,0.25854,0.03491,-0.0482,0.1762,4,True,True,11.21,,True,0.004386061287914196
16,40,0.25205,0.03795,-0.0598,0.1882,4,True,True,11.51,,True,0.005851008435117843
16,41,0.24553,0.04069,-0.0769,0.2009,4,True,True,11.85,,True,0.006527807039993438
16,42,0.23894,0.04312,-0.141,0.202,4,True,True,12.27,,True,0.0068556139810043515
16,43,0.23214,0.04508,-0.1995,0.1617,4,True,True,12.89,,True,0.005038094642445867
16,44,0.22534,0.04655,-0.2123,0.1305,4,True,True,12.99,,True,0.004858303631006731
16,45,0.2187,0.04775,-0.2278,0.1372,4,True,True,13.43,,True,0.0038534323854420077
16,46,0.21205,0.0487,-0.2404,0.1759,4,True,True,14.14,,True,0.0068071363453072065
16,47,0.20541,0.04922,-0.2421,0.2135,4,True,True,14.99,,False,nan
16,48,0.1988,0.04916,-0.2157,0.2208,4,True,True,14.95,,True,0.002566680279210786
16,49,0.19235,0.04866,-0.1901,0.2294,4,True,True,15.08,,True,0.003715691775980558
16,50,0.18587,0.04793,-0.2093,0.2681,2,False,True,16.21,tilt,False,nan
16,51,0.17931,0.04673,-0.2167,0.2996,2,False,True,17.35,too_close,False,nan
16,52,0.17272,0.04481,-0.1653,0.2919,2,False,True,17.51,too_close,False,nan
16,53,0.16618,0.04242,-0.1166,0.2649,2,False,True,17.58,too_close,False,nan
16,54,0.15958,0.03996,-0.1145,0.2558,2,False,True,18.22,too_close,False,nan
16,55,0.15281,0.03755,-0.1022,0.2402,2,False,True,19.12,too_close,False,nan
16,56,0.14597,0.03535,-0.041,0.2308,2,False,True,20.12,too_close,False,nan
16,57,0.13931,0.03359,0.0144,0.2596,1,False,True,21.81,too_close,False,nan
16,58,0.13281,0.03215,0.0197,0.2821,1,False,True,22.76,too_close,False,nan
16,59,0.1261,0.03076,-0.0134,0.2652,0,False,True,23.59,too_close,False,nan
16,60,0.11921,0.02948,-0.0303,0.2543,0,False,True,25.75,too_close,False,nan
16,61,0.11243,0.02852,-0.0046,0.285,0,False,True,28.03,too_close,False,nan
16,62,0.10561,0.02784,0.0557,0.3154,0,False,True,29.68,too_close,False,nan
16,63,0.09825,0.02728,0.1196,0.3104,0,False,True,31.81,too_close,False,nan
16,64,0.09067,0.02686,0.1617,0.3098,0,False,True,35.54,too_close,False,nan
16,65,0.08353,0.02664,0.162,0.3005,0,False,True,39.09,too_close,False,nan
16,66,0.07655,0.02687,0.1639,0.3063,0,False,True,42.9,too_close,False,nan
16,67,0.06942,0.02792,0.2309,0.3676,0,False,True,46.63,too_close,False,nan
16,68,0.06238,0.02977,0.3927,0.4237,0,False,True,54.58,too_close,False,nan
16,69,0.05536,0.03215,0.5951,0.4355,0,False,True,64.71,too_close,False,nan
16,70,0.04811,0.03489,0.8166,0.4869,0,False,True,75.66,too_close,False,nan
16,71,0.04056,0.03796,1.2065,0.643,0,False,False,100.57,lateral,False,nan
16,72,0.03308,0.04112,1.8901,0.8178,0,False,False,160.75,lateral,False,nan
16,73,0.02575,0.04423,3.1141,1.0259,0,False,False,215.84,lateral,False,nan
16,74,0.01819,0.04739,8.4567,2.4335,0,False,False,1162.78,lateral,False,nan
16,75,0.01288,0.05001,30.8839,8.1914,0,False,False,4062.96,behind,False,nan
16,76,0.01283,0.05141,57.7737,12.4355,0,False,False,4435.3,behind,False,nan
17,1,0.49908,0.24766,0.0367,-0.5306,4,True,True,5.6,,True,0.019900408909295703
17,2,0.49565,0.24678,0.097,-0.5991,4,True,True,5.88,,True,0.02137942420121587
17,3,0.49044,0.24536,0.129,-0.6676,3,False,True,6.23,tilt,False,nan
17,4,0.4848,0.24284,0.1239,-0.6823,3,False,True,6.38,tilt,False,nan
17,5,0.47911,0.23904,0.1064,-0.6382,4,True,True,6.26,,False,nan
17,6,0.47388,0.23413,0.1099,-0.597,4,True,True,6.17,,True,0.01848347765121718
17,7,0.46822,0.22843,0.1037,-0.6008,4,True,True,6.37,,True,0.02440187869334373
17,8,0.46202,0.22194,0.078,-0.6006,4,True,True,6.37,,True,0.016606369315062697
17,9,0.45586,0.21457,0.0848,-0.5524,4,True,True,6.31,,True,0.015459625862586715
17,10,0.44964,0.20657,0.105,-0.5075,4,True,True,6.4,,True,0.02296105427831335
17,11,0.44314,0.19826,0.0872,-0.5052,4,True,True,6.61,,True,0.010494972061636625
17,12,0.43653,0.18963,0.0341,-0.4979,4,True,True,6.55,,True,0.016209299447066058
17,13,0.42998,0.18067,0.0052,-0.4447,4,True,True,6.43,,True,0.017227806168856503
17,14,0.42344,0.17169,-0.0056,-0.3975,4,True,True,6.61,,True,0.021853268275400295
17,15,0.41692,0.163,-0.0347,-0.3932,4,True,True,6.86,,True,0.02075098026536863
17,16,0.41044,0.15459,-0.0621,-0.3831,4,True,True,6.86,,True,0.019425119698909962
17,17,0.40391,0.14641,-0.061,-0.3325,4,True,True,6.8,,True,0.01573577167588587
17,18,0.39747,0.13872,-0.0603,-0.2923,4,True,True,7.05,,True,0.016601742386388327
17,19,0.39108,0.13181,-0.098,-0.2929,4,True,True,7.37,,True,0.018155945964880925
17,20,0.38467,0.12558,-0.1426,-0.2863,4,True,True,7.45,,True,0.017163173142224313
17,21,0.37816,0.11982,-0.1494,-0.2659,4,True,True,7.46,,True,0.012024663702188238
17,22,0.37167,0.11452,-0.1519,-0.2774,4,True,True,7.76,,True,0.0115777219696248
17,23,0.36521,0.1095,-0.1525,-0.2865,4,True,True,8.04,,True,0.010679356311977082
17,24,0.35872,0.10454,-0.1272,-0.2522,4,True,True,7.92,,True,0.01475514608942473
17,25,0.35243,0.09985,-0.1069,-0.2266,4,True,True,7.88,,True,0.012202392622978618
17,26,0.34623,0.09566,-0.1172,-0.2473,4,True,True,8.26,,True,0.018577061083041264
17,27,0.33986,0.09178,-0.1682,-0.2646,4,True,True,8.7,,True,0.011038648008175934
17,28,0.33339,0.08781,-0.2255,-0.2375,4,True,True,8.87,,True,0.011499390924778082
17,29,0.32694,0.08353,-0.2441,-0.2139,4,True,True,8.97,,True,0.010743715128797135
17,30,0.32041,0.07888,-0.2174,-0.2326,4,True,True,9.23,,True,0.010283048857559197
17,31,0.31363,0.07375,-0.1967,-0.2426,4,True,True,9.5,,True,0.010869439662413452
17,32,0.30675,0.06804,-0.1789,-0.2056,4,True,True,9.41,,True,0.009298756561291761
17,33,0.29998,0.06194,-0.1219,-0.1552,4,True,True,9.28,,True,0.009794540144813742
17,34,0.29355,0.056,-0.0661,-0.135,4,True,True,9.61,,True,0.009164041326716577
17,35,0.28712,0.05065,-0.0521,-0.1108,4,True,True,9.97,,True,0.009667214837748777
17,36,0.28058,0.04613,-0.0559,-0.0889,4,True,True,9.98,,True,0.007500497120065476
17,37,0.27407,0.04263,-0.0601,-0.0635,4,True,True,10.17,,True,0.008556261700290653
17,38,0.26758,0.04027,-0.0885,-0.0471,4,True,True,10.54,,True,0.007781794760266675
17,39,0.26104,0.039,-0.118,-0.029,4,True,True,11.04,,True,0.009484560991143351
17,40,0.25449,0.03862,-0.1132,-0.0138,4,True,True,11.07,,True,0.005566247554683031
17,41,0.24815,0.03914,-0.1121,0.003,4,True,True,11.35,,True,0.010167526556466291
17,42,0.24186,0.04057,-0.1509,0.0079,4,True,True,11.72,,True,0.005251115548383778
17,43,0.23529,0.04257,-0.2301,-0.0146,4,True,True,12.49,,True,0.00894238574036599
17,44,0.22872,0.04448,-0.3067,-0.0158,4,True,True,13.08,,False,nan
17,45,0.22217,0.04568,-0.3402,0.0209,2,False,True,13.69,tilt,False,nan
17,46,0.21541,0.04596,-0.3299,0.0433,2,False,True,14.09,tilt,False,nan
17,47,0.20842,0.04543,-0.3228,0.0751,3,False,True,14.86,tilt,False,nan
17,48,0.20149,0.04417,-0.3019,0.1145,3,False,True,15.09,tilt,False,nan
17,49,0.19484,0.04226,-0.2798,0.1111,2,False,True,15.23,tilt,False,nan
17,50,0.18815,0.03995,-0.2536,0.1007,3,False,True,15.6,tilt,False,nan
17,51,0.18119,0.03756,-0.1895,0.1293,4,True,True,16.23,,False,nan
17,52,0.17444,0.03551,-0.1262,0.1617,4,True,True,16.53,,True,0.00595278369974942
17,53,0.16803,0.0341,-0.1002,0.1851,3,False,True,17.29,tilt,False,nan
17,54,0.16154,0.03326,-0.115,0.225,2,False,True,18.56,too_close,False,nan
17,55,0.15504,0.0326,-0.1186,0.2528,2,False,True,19.75,too_close,False,nan
17,56,0.14847,0.03183,-0.0703,0.24,2,False,True,20.04,too_close,False,nan
17,57,0.142,0.03115,-0.026,0.2283,2,False,True,20.86,too_close,False,nan
17,58,0.13548,0.03078,-0.0286,0.2534,1,False,True,21.86,too_close,False,nan
17,59,0.12881,0.03057,-0.0442,0.2741,0,False,True,23.28,too_close,False,nan
17,60,0.12214,0.03036,-0.0234,0.2544,0,False,True,24.52,too_close,False,nan
17,61,0.11548,0.0304,-0.0048,0.2394,0,False,True,26.88,too_close,False,nan
17,62,0.10871,0.031,0.0117,0.2718,0,False,True,28.7,too_close,False,nan
17,63,0.10155,0.03211,0.0261,0.3457,0,False,True,30.08,too_close,False,nan
17,64,0.09453,0.03345,0.018,0.4132,0,False,True,33.27,too_close,False,nan
17,65,0.08781,0.03481,0.0192,0.4423,0,False,True,36.92,too_close,False,nan
17,66,0.08091,0.03637,0.0534,0.4907,0,False,True,39.72,too_close,False,nan
17,67,0.07356,0.03831,0.0997,0.6124,0,False,True,44.02,too_close,False,nan
17,68,0.06635,0.04047,0.2019,0.7475,0,False,True,53.0,too_close,False,nan
17,69,0.05914,0.0427,0.3293,0.8411,0,False,True,59.16,too_close,False,nan
17,70,0.05196,0.04513,0.4752,0.9946,0,False,True,67.44,lateral,False,nan
17,71,0.04458,0.04791,0.7207,1.3273,0,False,False,92.4,lateral,False,nan
17,72,0.03714,0.05083,1.2316,1.8226,0,False,False,148.95,lateral,False,nan
17,73,0.02948,0.05372,2.2705,2.6698,0,False,False,255.83,lateral,False,nan
17,74,0.02155,0.05649,5.2489,5.5593,0,False,False,2688.42,lateral,False,nan
17,75,0.014,0.05908,19.5975,19.414,0,False,False,2514.37,behind,False,nan
17,76,0.01347,0.06103,730.7959,629.0969,0,False,False,1532.01,behind,False,nan
18,1,0.49971,0.18323,0.0598,-0.3958,4,True,True,5.55,,True,0.01650675379744369
18,2,0.49835,0.18899,0.0721,-0.4719,4,True,True,5.78,,True,0.01762733688501549
18,3,0.49429,0.19428,0.0374,-0.5496,4,True,True,6.04,,True,0.017425232576389428
18,4,0.48919,0.19846,-0.029,-0.5846,4,True,True,6.3,,True,0.012027283109491018
18,5,0.48506,0.20114,-0.0632,-0.5673,4,True,True,6.2,,True,0.020637115204934584
18,6,0.48128,0.20255,-0.0539,-0.5504,4,True,True,6.13,,True,0.01318136141063079
18,7,0.4765,0.20304,-0.062,-0.5741,4,True,True,6.27,,True,0.015527059869933876
18,8,0.47072,0.20251,-0.0923,-0.5913,4,True,True,6.44,,True,0.017247054976501648
18,9,0.46496,0.20079,-0.0849,-0.56,4,True,True,6.36,,True,0.016607028493267596
18,10,0.45921,0.19816,-0.0422,-0.4812,4,True,True,6.42,,True,0.012258592864025402
18,11,0.45356,0.19524,0.0163,-0.4135,4,True,True,6.3,,True,0.016747270026521873
18,12,0.44839,0.19262,0.0557,-0.3918,4,True,True,6.08,,True,0.01615501986394883
18,13,0.4434,0.19048,0.0614,-0.4121,4,True,True,6.36,,True,0.01616665209651483
18,14,0.43822,0.1887,0.0875,-0.4261,4,True,True,6.5,,True,0.013542962846580507
18,15,0.43294,0.18712,0.1514,-0.395,4,True,True,6.43,,True,0.01389153812993973
18,16,0.42772,0.18585,0.1974,-0.3688,4,True,True,6.58,,True,0.013569666183360042
18,17,0.42257,0.18505,0.1929,-0.3875,4,True,True,6.65,,True,0.01639439682587542
18,18,0.41726,0.1846,0.1439,-0.4292,4,True,True,6.67,,True,0.016472758447935335
18,19,0.41203,0.1843,0.0664,-0.4476,4,True,True,6.7,,True,0.02676858753767839
18,20,0.4077,0.18412,0.0106,-0.421,4,True,True,6.76,,True,0.01326789300098973
18,21,0.40414,0.18435,-0.0089,-0.4011,4,True,True,6.88,,True,0.012264758987192306
18,22,0.40022,0.18523,-0.0053,-0.4261,4,True,True,6.86,,True,0.008930204731618454
18,23,0.39562,0.18662,0.0206,-0.4964,4,True,True,6.99,,True,0.013014771585382732
18,24,0.39046,0.18805,0.0517,-0.5665,4,True,True,7.44,,True,0.012866324708889071
18,25,0.38477,0.18903,0.0857,-0.5956,4,True,True,7.78,,False,nan
18,26,0.37881,0.18932,0.1296,-0.5845,4,True,True,7.73,,True,0.012940419657037218
18,27,0.37308,0.18895,0.1699,-0.5805,4,True,True,7.84,,False,nan
18,28,0.36751,0.18796,0.1964,-0.5979,4,True,True,8.22,,False,nan
18,29,0.36157,0.18627,0.1788,-0.5907,4,True,True,8.41,,False,nan
18,30,0.35552,0.18394,0.1368,-0.5439,4,True,True,8.1,,True,0.008878815164537084
18,31,0.34956,0.18133,0.1326,-0.5054,4,True,True,7.97,,True,0.005799102592449142
18,32,0.34349,0.17881,0.1822,-0.507,4,True,True,8.4,,True,0.012649030471944009
18,33,0.3369,0.17636,0.2211,-0.5132,4,True,True,8.84,,True,0.00825969093101979
18,34,0.33034,0.17386,0.195,-0.4872,4,True,True,8.65,,True,0.007566273250592556
18,35,0.3243,0.17156,0.1465,-0.4661,4,True,True,8.54,,True,0.005332390591198383
18,36,0.31862,0.16976,0.1342,-0.4846,4,True,True,8.86,,True,0.005102608236674191
18,37,0.31256,0.16843,0.1493,-0.518,4,True,True,9.35,,True,0.007099657922250024
18,38,0.30642,0.16734,0.1295,-0.5232,4,True,True,9.34,,True,0.007717895172068636
18,39,0.30081,0.16651,0.0663,-0.5326,4,True,True,9.21,,True,0.005055891719540908
18,40,0.29562,0.16604,0.0242,-0.5879,3,False,True,9.58,too_close,False,nan
18,41,0.28987,0.16568,0.0158,-0.6437,2,False,True,9.98,too_close,False,nan
18,42,0.28327,0.1651,0.0247,-0.6562,2,False,True,10.2,too_close,False,nan
18,43,0.27657,0.16421,0.0385,-0.6412,2,False,True,10.37,too_close,False,nan
18,44,0.26968,0.16316,0.0831,-0.647,2,False,True,10.5,too_close,False,nan
18,45,0.26256,0.16198,0.122,-0.6837,2,False,True,11.15,too_close,False,nan
18,46,0.25539,0.16052,0.0956,-0.6987,2,False,True,11.36,too_close,False,nan
18,47,0.24821,0.15876,0.0765,-0.6576,2,False,True,11.37,too_close,False,nan
18,48,0.24088,0.15706,0.1218,-0.6204,2,False,True,11.56,too_close,False,nan
18,49,0.23365,0.15574,0.1783,-0.6358,2,False,True,12.08,too_close,False,nan
18,50,0.22663,0.15479,0.1901,-0.7092,2,False,True,12.62,too_close,False,nan
18,51,0.21958,0.15384,0.1687,-0.777,2,False,True,13.45,too_close,False,nan
18,52,0.21236,0.15261,0.1807,-0.7828,2,False,True,13.79,too_close,False,nan
18,53,0.20493,0.15113,0.2257,-0.76,2,False,True,14.27,too_close,False,nan
18,54,0.19783,0.1496,0.2378,-0.7704,2,False,True,14.47,too_close,False,nan
18,55,0.19088,0.14807,0.2199,-0.834,2,False,True,15.38,too_close,False,nan
18,56,0.18372,0.1464,0.2417,-0.8848,2,False,True,16.46,too_close,False,nan
18,57,0.17633,0.14443,0.2943,-0.8815,1,False,True,17.15,too_close,False,nan
18,58,0.16904,0.14219,0.3075,-0.8881,1,False,True,17.54,too_close,False,nan
18,59,0.16187,0.13977,0.293,-0.9438,1,False,True,18.75,too_close,False,nan
18,60,0.15461,0.13713,0.3239,-0.9806,1,False,True,20.01,too_close,False,nan
18,61,0.14715,0.1342,0.3856,-0.959,1,False,True,20.74,too_close,False,nan
18,62,0.13978,0.13111,0.4495,-0.9777,1,False,True,21.94,too_close,False,nan
18,63,0.13261,0.12786,0.5204,-1.0478,1,False,False,24.73,too_close,False,nan
18,64,0.12529,0.12424,0.5833,-1.0614,1,False,False,26.57,too_close,False,nan
18,65,0.11772,0.1202,0.5684,-0.9842,1,False,True,26.13,lateral,False,nan
18,66,0.1104,0.11612,0.5225,-0.9496,1,False,True,27.43,lateral,False,nan
18,67,0.10333,0.11246,0.5483,-1.0088,1,False,False,29.76,lateral,False,nan
18,68,0.09613,0.10921,0.6172,-1.0655,1,False,False,32.33,lateral,False,nan
18,69,0.0888,0.10628,0.6159,-1.049,0,False,False,34.3,lateral,False,nan
18,70,0.08158,0.10395,0.5886,-1.0834,0,False,False,36.93,lateral,False,nan
18,71,0.07456,0.10255,0.6546,-1.2443,0,False,False,40.66,lateral,False,nan
18,72,0.06745,0.10194,0.8757,-1.484,0,False,False,47.68,lateral,False,nan
18,73,0.06024,0.1017,1.1165,-1.7156,0,False,False,59.42,lateral,False,nan
18,74,0.05329,0.10162,1.2556,-2.018,0,False,False,70.01,lateral,False,nan
18,75,0.04677,0.10167,1.5522,-2.6522,0,False,False,85.41,lateral,False,nan
18,76,0.0402,0.10163,2.1871,-3.6102,0,False,False,140.31,lateral,False,nan
18,77,0.03347,0.10121,3.1036,-4.7784,0,False,False,207.98,lateral,False,nan
18,78,0.02686,0.1004,5.8956,-8.968,0,False,False,3675.63,lateral,False,nan
18,79,0.02018,0.09907,38.9121,-58.6581,0,False,False,388.68,behind,False,nan
18,80,0.01387,0.09726,18.778,-26.724,0,False,False,2441.56,behind,False,nan
18,81,0.01331,0.09626,-355.221,512.0207,0,False,False,917.32,behind,False,nan
19,1,0.49726,0.14086,0.2705,0.1379,4,True,True,5.62,,True,0.017782779581410373
19,2,0.49149,0.1416,0.3117,0.1864,4,True,True,5.92,,True,0.024576336131889302
19,3,0.4853,0.14191,0.3383,0.2412,4,True,True,6.09,,True,0.016877620958856022
19,4,0.47997,0.14124,0.3196,0.2508,4,True,True,6.18,,True,0.013363225529438374
19,5,0.4753,0.13961,0.2697,0.2486,4,True,True,6.03,,True,0.01819740375453615
19,6,0.46963,0.13747,0.2319,0.2739,4,True,True,6.06,,True,0.02103626460421125
19,7,0.46268,0.13499,0.2258,0.298,4,True,True,6.39,,True,0.017592464914876458
19,8,0.45555,0.13206,0.2415,0.2945,4,True,True,6.47,,True,0.01341962843437595
19,9,0.44909,0.12848,0.2417,0.2535,4,True,True,6.33,,True,0.01688053872015934
19,10,0.44357,0.12435,0.2073,0.2093,4,True,True,6.22,,True,0.016216859208878925
19,11,0.43797,0.1201,0.185,0.1932,4,True,True,6.31,,True,0.01276284999536441
19,12,0.43153,0.11602,0.1957,0.1746,4,True,True,6.56,,True,0.025058799424313997
19,13,0.42504,0.11213,0.2353,0.1453,4,True,True,6.63,,True,0.023703532252223457
19,14,0.41899,0.10825,0.2694,0.1341,4,True,True,6.72,,True,0.01257909909514948
19,15,0.41317,0.10411,0.268,0.1511,4,True,True,7.0,,True,0.013066397135503434
19,16,0.40708,0.09955,0.2663,0.1675,4,True,True,7.27,,True,0.011072587626858555
19,17,0.40075,0.09444,0.2479,0.1564,4,True,True,7.15,,True,0.014257473108926425
19,18,0.39471,0.08885,0.1907,0.1147,4,True,True,7.0,,True,0.02180583627726397
19,19,0.38905,0.08328,0.1435,0.0774,4,True,True,7.03,,True,0.00927858080012181
19,20,0.38324,0.07825,0.1341,0.0783,4,True,True,7.24,,True,0.008920065629368878
19,21,0.37718,0.07381,0.1587,0.0827,4,True,True,7.29,,True,0.009913988838240129
19,22,0.37106,0.06969,0.1799,0.0534,4,True,True,7.6,,True,0.014719694635701
19,23,0.36496,0.06574,0.166,0.0252,4,True,True,7.69,,True,0.009290822428379501
19,24,0.359,0.06204,0.1568,0.0378,4,True,True,7.77,,True,0.010614936196776312
19,25,0.35302,0.0586,0.1414,0.0532,4,True,True,7.85,,True,0.018259631447888697
19,26,0.34702,0.0554,0.0896,0.0488,4,True,True,8.07,,True,0.014772912764433628
19,27,0.34126,0.05281,0.0455,0.0584,4,True,True,8.02,,True,0.012769534675996215
19,28,0.33491,0.0511,0.0369,0.0661,4,True,True,8.19,,True,0.010652765295499392
19,29,0.32822,0.05035,0.0632,0.0572,4,True,True,8.42,,True,0.013969994353830534
19,30,0.32159,0.05043,0.1275,0.0639,4,True,True,8.84,,True,0.01080323554208634
19,31,0.315,0.05081,0.1896,0.103,4,True,True,9.04,,True,0.011604771599681925
19,32,0.30869,0.05081,0.211,0.137,4,True,True,9.48,,True,0.013601486686700593
19,33,0.30261,0.05006,0.2269,0.1406,4,True,True,9.76,,True,0.010952438837881032
19,34,0.29594,0.04852,0.2377,0.1074,4,True,True,10.0,,True,0.011713312758019088
19,35,0.28903,0.04616,0.213,0.0707,4,True,True,9.99,,True,0.010815514983650515
19,36,0.28262,0.0432,0.191,0.0736,4,True,True,10.11,,True,0.008096086544847805
19,37,0.27637,0.03988,0.1602,0.0786,4,True,True,10.4,,True,0.012651290437198535
19,38,0.26999,0.03642,0.1342,0.0424,4,True,True,10.84,,True,0.017112337731884072
19,39,0.26351,0.03316,0.1308,0.003,4,True,True,10.97,,True,0.014301740184102425
19,40,0.25698,0.03021,0.1099,-0.0014,4,True,True,11.01,,True,0.007649820642884712
19,41,0.25069,0.02774,0.0936,-0.0066,4,True,True,11.47,,True,0.008417992205282937
19,42,0.24405,0.02594,0.0755,-0.0467,4,True,True,11.96,,True,0.0148833503732098
19,43,0.23721,0.02493,0.062,-0.0846,4,True,True,12.06,,True,0.007703657715958725
19,44,0.2306,0.02462,0.0457,-0.086,4,True,True,12.33,,True,0.009199069016480325
19,45,0.22433,0.02491,0.0396,-0.0892,4,True,True,12.74,,True,0.010799118767053487
19,46,0.21764,0.02572,0.0727,-0.129,4,True,True,13.45,,True,0.012250290086749483
19,47,0.21029,0.02658,0.0971,-0.1653,4,True,True,14.16,,True,0.013810938167877856
19,48,0.20311,0.02702,0.0849,-0.1601,4,True,True,14.52,,True,0.011902377730012677
19,49,0.19638,0.02707,0.084,-0.1526,4,True,True,14.92,,True,0.007506549760618499
19,50,0.18928,0.0269,0.0782,-0.1375,4,True,True,15.48,,True,0.006437071448630956
19,51,0.18219,0.02668,0.0748,-0.1307,4,True,True,15.79,,True,0.0053893556228135865
19,52,0.17547,0.02656,0.114,-0.1185,4,True,True,16.51,,True,0.008139921381681148
19,53,0.16846,0.02647,0.1555,-0.1061,4,True,True,17.29,,False,nan
19,54,0.16088,0.02626,0.1571,-0.0899,2,False,True,18.35,tilt,False,nan
19,55,0.15339,0.02603,0.1163,-0.0844,3,False,True,19.24,too_close,False,nan
19,56,0.14605,0.02612,0.0816,-0.117,3,False,True,20.05,too_close,False,nan
19,57,0.13859,0.02675,0.0948,-0.1411,1,False,True,20.98,too_close,False,nan
19,58,0.13086,0.02786,0.152,-0.1286,1,False,True,22.54,too_close,False,nan
19,59,0.12313,0.02936,0.2061,-0.1289,0,False,True,24.42,too_close,False,nan
19,60,0.11565,0.03112,0.2264,-0.1708,0,False,True,26.07,too_close,False,nan
19,61,0.10811,0.03304,0.2653,-0.2012,0,False,True,28.18,too_close,False,nan
19,62,0.10024,0.0351,0.3539,-0.1951,0,False,True,30.94,too_close,False,nan
19,63,0.09245,0.03715,0.4412,-0.2108,0,False,True,34.28,too_close,False,nan
19,64,0.08493,0.03902,0.4946,-0.2691,0,False,True,38.28,too_close,False,nan
19,65,0.07734,0.04069,0.5632,-0.305,0,False,True,44.03,too_close,False,nan
19,66,0.06948,0.04225,0.6887,-0.303,0,False,True,49.19,too_close,False,nan
19,67,0.0618,0.04373,0.8277,-0.3346,0,False,True,55.96,too_close,False,nan
19,68,0.05446,0.04515,0.9744,-0.4094,0,False,True,69.63,too_close,False,nan
19,69,0.04707,0.04664,1.2437,-0.4432,0,False,False,93.33,lateral,False,nan
19,70,0.03909,0.04827,1.8045,-0.4422,0,False,False,133.23,lateral,False,nan
19,71,0.03078,0.04989,2.8511,-0.4705,0,False,False,176.75,lateral,False,nan
19,72,0.023,0.0514,4.7089,-0.5106,0,False,False,522.24,lateral,False,nan
19,73,0.01577,0.05294,12.3716,-0.5903,0,False,False,84208.69,lateral,False,nan
19,74,0.01312,0.05417,38.465,-1.1682,0,False,False,13599.27,behind,False,nan
20,1,0.49855,0.29859,0.6346,0.0288,4,True,True,5.72,,True,0.011604497580292637
20,2,0.49497,0.30222,0.7182,-0.0242,3,False,True,6.37,tilt,False,nan
20,3,0.4899,0.30538,0.8037,-0.0976,2,False,True,6.96,tilt,False,nan
20,4,0.48378,0.30759,0.8371,-0.128,2,False,True,7.16,tilt,False,nan
20,5,0.47711,0.30866,0.8157,-0.0874,2,False,True,7.02,tilt,False,nan
20,6,0.47018,0.30869,0.804,-0.0565,2,False,True,6.97,tilt,False,nan
20,7,0.46301,0.30785,0.8523,-0.0967,2,False,True,7.32,tilt,False,nan
20,8,0.45642,0.3059,0.8929,-0.1264,2,False,True,7.67,tilt,False,nan
20,9,0.44952,0.30275,0.8738,-0.0815,2,False,True,7.62,tilt,False,nan
20,10,0.44174,0.29861,0.7966,0.0007,2,False,True,7.0,tilt,False,nan
20,11,0.43434,0.29382,0.734,0.0466,2,False,True,6.73,tilt,False,nan
20,12,0.42739,0.2888,0.7263,0.0601,2,False,True,6.92,too_close,False,nan
20,13,0.42021,0.28371,0.7104,0.1057,2,False,True,6.85,too_close,False,nan
20,14,0.4128,0.2786,0.6468,0.1409,4,True,True,6.53,,True,0.01162529650069724
20,15,0.40585,0.27383,0.5993,0.1552,4,True,True,6.56,,True,0.009950400306826292
20,16,0.39957,0.26977,0.6058,0.2066,4,True,True,6.99,,True,0.0067769551108792184
20,17,0.39298,0.2663,0.6532,0.2803,3,False,True,7.49,too_close,False,nan
20,18,0.38595,0.26299,0.6932,0.3272,3,False,True,7.91,too_close,False,nan
20,19,0.37867,0.25948,0.6922,0.3108,3,False,True,8.11,too_close,False,nan
20,20,0.37145,0.25574,0.6891,0.3017,3,False,True,8.31,too_close,False,nan
20,21,0.36433,0.25185,0.7164,0.32,2,False,True,8.51,too_close,False,nan
20,22,0.35701,0.24767,0.7326,0.2932,2,False,True,8.41,too_close,False,nan
20,23,0.34956,0.24314,0.7088,0.2346,2,False,True,8.29,too_close,False,nan
20,24,0.34262,0.23849,0.6888,0.1756,2,False,True,8.16,too_close,False,nan
20,25,0.33578,0.234,0.7169,0.1538,2,False,True,8.45,too_close,False,nan
20,26,0.3287,0.22959,0.7434,0.1247,2,False,True,9.18,too_close,False,nan
20,27,0.32152,0.22515,0.7219,0.0699,2,False,True,9.14,too_close,False,nan
20,28,0.31496,0.22082,0.7055,0.0175,2,False,True,9.19,too_close,False,nan
20,29,0.30845,0.21676,0.7437,0.0013,2,False,True,10.06,too_close,False,nan
20,30,0.30145,0.21279,0.7764,0.0212,2,False,True,10.65,too_close,False,nan
20,31,0.29458,0.20866,0.7516,0.0093,2,False,True,10.32,too_close,False,nan
20,32,0.28842,0.20447,0.7351,0.0105,2,False,True,10.1,too_close,False,nan
20,33,0.28244,0.20032,0.7738,0.0399,2,False,True,10.8,too_close,False,nan
20,34,0.27594,0.19602,0.8078,0.0321,2,False,True,11.72,too_close,False,nan
20,35,0.26911,0.19137,0.7851,0.0002,2,False,True,11.58,too_close,False,nan
20,36,0.26254,0.18644,0.7584,0.0133,2,False,True,11.18,too_close,False,nan
20,37,0.25621,0.1814,0.7789,0.057,2,False,True,11.76,too_close,False,nan
20,38,0.24957,0.17615,0.7928,0.0637,2,False,True,12.54,too_close,False,nan
20,39,0.24269,0.1706,0.7518,0.045,2,False,True,12.2,too_close,False,nan
20,40,0.23627,0.16491,0.7195,0.0708,2,False,True,11.93,too_close,False,nan
20,41,0.23019,0.15931,0.7401,0.1248,2,False,True,12.87,too_close,False,nan
20,42,0.2235,0.15365,0.7559,0.1388,2,False,True,13.56,too_close,False,nan
20,43,0.21632,0.1478,0.7237,0.0837,2,False,True,13.38,too_close,False,nan
20,44,0.20967,0.14192,0.7023,0.0323,2,False,True,13.48,too_close,False,nan
20,45,0.20316,0.13618,0.7169,0.0414,2,False,True,14.24,too_close,False,nan
20,46,0.19608,0.13048,0.7144,0.0418,2,False,True,14.91,too_close,False,nan
20,47,0.18878,0.12484,0.6631,-0.0225,2,False,True,14.65,too_close,False,nan
20,48,0.18226,0.11956,0.6227,-0.0744,2,False,True,14.98,too_close,False,nan
20,49,0.17583,0.1149,0.6385,-0.1039,2,False,True,15.73,too_close,False,nan
20,50,0.16877,0.11076,0.6494,-0.131,2,False,True,16.71,too_close,False,nan
20,51,0.16155,0.10703,0.6451,-0.1831,1,False,True,17.69,too_close,False,nan
20,52,0.15458,0.10372,0.6828,-0.2242,1,False,True,19.29,too_close,False,nan
20,53,0.14761,0.10061,0.7269,-0.2188,1,False,True,20.72,too_close,False,nan
20,54,0.14039,0.09747,0.7239,-0.231,1,False,True,21.81,too_close,False,nan
20,55,0.13332,0.09436,0.7204,-0.2638,1,False,True,23.09,too_close,False,nan
20,56,0.12625,0.09135,0.7727,-0.2548,1,False,True,24.62,too_close,False,nan
20,57,0.1191,0.08831,0.8349,-0.215,1,False,True,26.42,too_close,False,nan
20,58,0.11192,0.08509,0.844,-0.208,1,False,True,28.64,too_close,False,nan
20,59,0.10482,0.08176,0.8543,-0.2262,0,False,True,30.42,too_close,False,nan
20,60,0.09748,0.07845,0.9334,-0.2017,0,False,True,33.31,too_close,False,nan
20,61,0.09006,0.07502,1.0243,-0.1375,0,False,False,37.97,too_close,False,nan
20,62,0.08273,0.0713,1.048,-0.1053,0,False,False,42.34,lateral,False,nan
20,63,0.07548,0.0674,1.0801,-0.1034,0,False,False,46.19,lateral,False,nan
20,64,0.06795,0.06349,1.1135,-0.0708,0,False,False,47.83,lateral,False,nan
20,65,0.06036,0.05976,1.1824,-0.0065,0,False,False,54.08,lateral,False,nan
20,66,0.05282,0.05639,1.3344,0.1251,0,False,False,69.79,lateral,False,nan
20,67,0.04525,0.05333,1.5015,0.2687,0,False,False,92.54,lateral,False,nan
20,68,0.03778,0.05065,1.6285,0.3164,0,False,False,110.31,lateral,False,nan
20,69,0.03059,0.04872,1.8976,0.405,0,False,False,196.97,lateral,False,nan
20,70,0.02315,0.04788,2.808,0.7894,0,False,False,254.2,lateral,False,nan
20,71,0.01577,0.04793,11.2973,3.2807,0,False,False,1622.78,lateral,False,nan
20,72,0.01318,0.04842,27.5358,7.9347,0,False,False,4694.8,behind,False,nan
21,1,0.49931,0.13835,-0.2538,0.057,4,True,True,5.45,,True,0.02141968092196043
21,2,0.49669,0.12926,-0.1868,-0.0091,4,True,True,5.42,,True,0.020971621052739642
21,3,0.49222,0.12106,-0.1302,-0.0615,4,True,True,5.59,,True,0.028598673534215795
21,4,0.48672,0.1143,-0.1111,-0.0796,4,True,True,5.84,,True,0.018381574230960283
21,5,0.48109,0.10924,-0.1252,-0.0665,4,True,True,5.89,,True,0.023531880673634906
21,6,0.47608,0.10567,-0.1335,-0.0607,4,True,True,5.7,,True,0.017800544381219936
21,7,0.47021,0.10315,-0.1448,-0.0848,4,True,True,5.83,,True,0.01681045449052493
21,8,0.46341,0.10145,-0.196,-0.094,4,True,True,6.04,,True,0.01694407187128522
21,9,0.45721,0.10015,-0.2481,-0.0563,4,True,True,6.17,,True,0.01453652326131892
21,10,0.45126,0.09872,-0.2639,-0.0204,4,True,True,6.32,,True,0.01770471140754882
21,11,0.44512,0.09693,-0.2427,-0.0268,4,True,True,6.3,,True,0.018825664458067083
21,12,0.43891,0.09494,-0.2277,-0.026,4,True,True,6.34,,True,0.012226429496824301
21,13,0.43263,0.0929,-0.2472,0.0213,4,True,True,6.58,,True,0.014349112875666347
21,14,0.42638,0.09064,-0.2594,0.0652,4,True,True,6.83,,True,0.016417186446614444
21,15,0.42025,0.08795,-0.2364,0.064,4,True,True,6.77,,True,0.014220857095489493
21,16,0.41408,0.08495,-0.2187,0.0541,4,True,True,6.71,,True,0.014969718412234349
21,17,0.40805,0.08181,-0.2071,0.0769,4,True,True,6.84,,True,0.01112356253476735
21,18,0.40215,0.07857,-0.1698,0.0938,4,True,True,6.92,,True,0.013031429814897244
21,19,0.3963,0.07546,-0.1433,0.0662,4,True,True,6.93,,True,0.011648855586385573
21,20,0.3902,0.07275,-0.1557,0.0428,4,True,True,7.25,,True,0.0114495168016827
21,21,0.38402,0.0704,-0.1643,0.0601,4,True,True,7.35,,True,0.009855446051290578
21,22,0.37799,0.0683,-0.1372,0.0725,4,True,True,7.32,,True,0.014979263038575191
21,23,0.37209,0.06665,-0.1193,0.042,4,True,True,7.38,,True,0.012855504422251434
21,24,0.36602,0.06567,-0.1412,0.0111,4,True,True,7.53,,True,0.013248826060749829
21,25,0.35969,0.06527,-0.1613,0.0166,4,True,True,7.75,,True,0.015564101458873426
21,26,0.35345,0.06528,-0.1479,0.0157,4,True,True,8.03,,True,0.013210663311697261
21,27,0.34744,0.06583,-0.1431,-0.0287,4,True,True,8.07,,True,0.013323027558837125
21,28,0.34109,0.067,-0.1787,-0.0691,4,True,True,8.25,,True,0.011052905503032243
21,29,0.33455,0.06848,-0.2143,-0.0667,4,True,True,8.7,,True,0.01423262828622929
21,30,0.32816,0.06996,-0.2143,-0.0682,4,True,True,8.98,,True,0.012970440891042424
21,31,0.3218,0.07144,-0.2186,-0.1045,4,True,True,9.03,,True,0.010545074234746788
21,32,0.31538,0.0729,-0.2634,-0.1276,4,True,True,9.28,,True,0.011975812764669753
21,33,0.30885,0.07397,-0.3098,-0.1021,4,True,True,9.8,,True,0.01301639604130006
21,34,0.30218,0.07436,-0.3181,-0.0792,4,True,True,10.12,,True,0.011122079272451561
21,35,0.29548,0.07406,-0.285,-0.1007,4,True,True,10.02,,True,0.011458039970076573
21,36,0.2888,0.07334,-0.2589,-0.1123,4,True,True,9.99,,True,0.011737675294651556
21,37,0.28207,0.07248,-0.277,-0.0733,4,True,True,10.44,,True,0.008767759982896786
21,38,0.2752,0.07151,-0.2923,-0.036,4,True,True,10.88,,True,0.00934537770925467
21,39,0.26829,0.07037,-0.2692,-0.043,4,True,True,10.86,,True,0.02520655783961119
21,40,0.2614,0.06926,-0.2529,-0.0446,4,True,True,10.81,,True,0.010836215925922472
21,41,0.25452,0.06839,-0.2793,0.0009,4,True,True,11.21,,True,0.008262825316404295
21,42,0.24765,0.06764,-0.3045,0.0428,4,True,True,11.71,,True,0.009752944276440067
21,43,0.24074,0.06682,-0.2938,0.0367,4,True,True,11.96,,True,0.008532039063283463
21,44,0.23369,0.06597,-0.2887,0.0135,4,True,True,12.53,,True,0.010132315010009137
21,45,0.22665,0.06521,-0.3241,0.0215,4,True,True,13.05,,False,nan
21,46,0.21981,0.0643,-0.3546,0.0366,3,False,True,13.41,tilt,False,nan
21,47,0.213,0.06299,-0.3442,0.0115,4,True,True,13.64,,False,nan
21,48,0.20617,0.06135,-0.3315,-0.0227,4,True,True,14.07,,False,nan
21,49,0.19925,0.05954,-0.3347,-0.018,3,False,True,14.93,too_close,False,nan
21,50,0.19235,0.05758,-0.3178,-0.0013,3,False,True,15.15,too_close,False,nan
21,51,0.18578,0.0556,-0.3054,-0.0154,3,False,True,15.58,too_close,False,nan
21,52,0.17923,0.05376,-0.3228,-0.0325,2,False,True,16.56,too_close,False,nan
21,53,0.17248,0.05198,-0.3281,-0.0095,2,False,True,17.17,too_close,False,nan
21,54,0.16577,0.05026,-0.2937,0.0369,2,False,True,17.25,too_close,False,nan
21,55,0.15945,0.04887,-0.2663,0.0545,2,False,True,17.77,too_close,False,nan
21,56,0.15315,0.04809,-0.284,0.0652,2,False,True,18.7,too_close,False,nan
21,57,0.14648,0.04787,-0.3132,0.1157,1,False,True,20.08,too_close,False,nan
21,58,0.13969,0.04799,-0.3089,0.1729,1,False,True,21.31,too_close,False,nan
21,59,0.13325,0.04841,-0.3121,0.1863,1,False,True,22.06,too_close,False,nan
21,60,0.12685,0.04916,-0.3698,0.1901,1,False,True,23.34,too_close,False,nan
21,61,0.1202,0.05004,-0.4827,0.2401,1,False,True,27.25,too_close,False,nan
21,62,0.11382,0.05037,-0.5854,0.3071,1,False,True,32.56,too_close,False,nan
21,63,0.10746,0.04952,-0.629,0.3244,1,False,True,35.1,too_close,False,nan
21,64,0.1008,0.04733,-0.6235,0.3151,0,False,True,36.57,too_close,False,nan
21,65,0.09377,0.04396,-0.5613,0.3035,0,False,True,37.18,too_close,False,nan
21,66,0.08662,0.03982,-0.4863,0.2799,0,False,True,36.88,too_close,False,nan
21,67,0.07968,0.03541,-0.4459,0.2807,0,False,True,40.67,too_close,False,nan
21,68,0.07304,0.03101,-0.3994,0.3202,0,False,True,44.72,too_close,False,nan
21,69,0.06635,0.02667,-0.365,0.3425,0,False,True,52.38,too_close,False,nan
21,70,0.05935,0.02242,-0.3148,0.322,0,False,True,57.66,too_close,False,nan
21,71,0.05237,0.01844,-0.2527,0.3241,0,False,True,67.38,too_close,False,nan
21,72,0.04563,0.01499,-0.2266,0.3839,0,False,True,82.34,too_close,False,nan
21,73,0.03922,0.0119,-0.1846,0.4353,0,False,True,110.48,too_close,False,nan
21,74,0.03258,0.00917,-0.0662,0.4413,0,False,True,132.25,too_close,False,nan
21,75,0.0254,0.00758,0.2237,0.518,0,False,True,313.51,too_close,False,nan
21,76,0.01815,0.00773,1.1295,0.9759,0,False,False,285.48,too_close,False,nan
21,77,0.01287,0.00863,6.8551,3.8389,0,False,False,2716.38,behind,False,nan
22,1,0.4988,0.28234,-0.3914,-0.4288,4,True,True,5.47,,True,0.023528496364541823
22,2,0.49509,0.27606,-0.3686,-0.4849,4,True,True,5.64,,True,0.02890190416657658
22,3,0.48973,0.26967,-0.4023,-0.525,4,True,True,6.13,,True,0.024317943392737656
22,4,0.48416,0.2627,-0.4196,-0.5177,4,True,True,6.44,,True,0.02607371843406456
22,5,0.47895,0.25496,-0.3666,-0.4868,4,True,True,6.17,,True,0.019689448530545748
22,6,0.47382,0.24671,-0.3163,-0.4758,4,True,True,5.96,,True,0.029232374156130773
22,7,0.46839,0.23821,-0.3227,-0.5007,4,True,True,6.21,,True,0.02350522280896856
22,8,0.46253,0.22927,-0.3227,-0.515,4,True,True,6.43,,True,0.01803514806283847
22,9,0.45625,0.21968,-0.2604,-0.4858,4,True,True,6.2,,True,0.025200897378336404
22,10,0.4499,0.20971,-0.2069,-0.4099,4,True,True,6.06,,True,0.020879784573557946
22,11,0.44347,0.19998,-0.2116,-0.3335,4,True,True,6.03,,True,0.018849775500340712
22,12,0.43682,0.19091,-0.2242,-0.2978,4,True,True,6.09,,True,0.02141004052421086
22,13,0.43019,0.18268,-0.2033,-0.2628,4,True,True,6.33,,True,0.01865905106001571
22,14,0.42363,0.1755,-0.1947,-0.2307,4,True,True,6.55,,True,0.017009886388772995
22,15,0.41701,0.1696,-0.2344,-0.2209,4,True,True,6.64,,True,0.016568032032944078
22,16,0.41023,0.16481,-0.2728,-0.2205,4,True,True,6.68,,True,0.01697891000820318
22,17,0.4034,0.16082,-0.2651,-0.2057,4,True,True,6.8,,True,0.01499336802495394
22,18,0.39676,0.15769,-0.2625,-0.1933,4,True,True,6.89,,True,0.01617805601559105
22,19,0.39009,0.1555,-0.3043,-0.17,4,True,True,6.97,,True,0.02234932812894689
22,20,0.38327,0.15409,-0.3486,-0.1551,4,True,True,7.23,,True,0.015532885144845647
22,21,0.37654,0.15319,-0.3564,-0.1887,4,True,True,7.4,,True,0.01869770392070423
22,22,0.37005,0.1526,-0.373,-0.215,4,True,True,7.7,,True,0.01655344533840919
22,23,0.36367,0.15209,-0.4399,-0.1892,4,True,True,8.0,,True,0.018298073758001795
22,24,0.35716,0.15135,-0.5055,-0.1671,4,True,True,8.44,,True,0.01667766488060183
22,25,0.35079,0.14994,-0.5234,-0.1976,4,True,True,8.79,,False,nan
22,26,0.34439,0.14766,-0.4966,-0.2192,4,True,True,8.87,,True,0.0144339653757483
22,27,0.33801,0.14455,-0.4814,-0.19,4,True,True,8.75,,True,0.015509193511828641
22,28,0.3318,0.14081,-0.4638,-0.1705,4,True,True,8.69,,True,0.012409266658118428
22,29,0.32553,0.13661,-0.4271,-0.2044,4,True,True,8.82,,True,0.01645643950089634
22,30,0.31893,0.13211,-0.4175,-0.231,4,True,True,9.12,,True,0.010440087062611259
22,31,0.31212,0.12734,-0.41,-0.2012,4,True,True,9.23,,True,0.013820101916761541
22,32,0.30541,0.12242,-0.3594,-0.1528,4,True,True,9.02,,True,0.011713885072910712
22,33,0.29883,0.11785,-0.3088,-0.0988,4,True,True,9.08,,True,0.014350558121378329
22,34,0.29245,0.11424,-0.3008,-0.0491,4,True,True,9.5,,True,0.013743641625157102
22,35,0.28616,0.11179,-0.3362,-0.0225,4,True,True,9.71,,True,0.014259671581360678
22,36,0.27976,0.11027,-0.3697,-0.0318,4,True,True,9.86,,True,0.01145749177980549
22,37,0.27323,0.10933,-0.4094,-0.0518,4,True,True,10.47,,True,0.033767112029526744
22,38,0.26653,0.10869,-0.4467,-0.0352,4,True,True,11.18,,False,nan
22,39,0.25988,0.1081,-0.4421,-0.0061,4,True,True,11.15,,False,nan
22,40,0.25348,0.10763,-0.4393,0.0246,4,True,True,11.18,,False,nan
22,41,0.24705,0.10739,-0.4799,0.0708,3,False,True,12.2,too_close,False,nan
22,42,0.2407,0.10715,-0.5132,0.1106,2,False,True,13.15,too_close,False,nan
22,43,0.23436,0.10667,-0.4913,0.1285,2,False,True,12.87,too_close,False,nan
22,44,0.22803,0.10605,-0.4722,0.1454,2,False,True,12.71,too_close,False,nan
22,45,0.22172,0.10548,-0.5038,0.1449,2,False,True,13.51,too_close,False,nan
22,46,0.21512,0.10482,-0.5866,0.1595,2,False,True,15.07,too_close,False,nan
22,47,0.20882,0.10354,-0.6552,0.1925,2,False,True,16.17,too_close,False,nan
22,48,0.20277,0.10115,-0.6625,0.1968,2,False,True,16.23,too_close,False,nan
22,49,0.19631,0.09766,-0.6218,0.1907,2,False,True,16.39,too_close,False,nan
22,50,0.18942,0.09333,-0.5881,0.2298,2,False,True,17.19,too_close,False,nan
22,51,0.18273,0.08829,-0.5321,0.2854,1,False,True,17.3,too_close,False,nan
22,52,0.17634,0.08267,-0.4732,0.2925,1,False,True,17.32,too_close,False,nan
22,53,0.16982,0.07674,-0.4195,0.2712,1,False,True,17.3,too_close,False,nan
22,54,0.16291,0.0708,-0.3731,0.2781,1,False,True,17.93,too_close,False,nan
22,55,0.15607,0.06507,-0.3076,0.2863,1,False,True,18.37,too_close,False,nan
22,56,0.14951,0.05975,-0.2469,0.293,1,False,True,19.39,too_close,False,nan
22,57,0.14303,0.05505,-0.2405,0.2834,1,False,True,20.14,too_close,False,nan
22,58,0.13638,0.05092,-0.2343,0.2778,1,False,True,21.06,too_close,False,nan
22,59,0.12971,0.04734,-0.1805,0.2828,1,False,True,22.74,too_close,False,nan
22,60,0.1231,0.04443,-0.1356,0.2988,0,False,True,24.68,too_close,False,nan
22,61,0.11642,0.04229,-0.1489,0.3048,0,False,True,25.89,too_close,False,nan
22,62,0.10934,0.04079,-0.2118,0.2795,0,False,True,27.98,too_close,False,nan
22,63,0.10208,0.03988,-0.2716,0.277,0,False,True,31.88,too_close,False,nan
22,64,0.09511,0.03949,-0.2969,0.323,0,False,True,34.56,too_close,False,nan
22,65,0.08809,0.03948,-0.3358,0.3711,0,False,True,38.0,too_close,False,nan
22,66,0.08068,0.03974,-0.3781,0.448,0,False,True,42.44,too_close,False,nan
22,67,0.07331,0.04014,-0.3602,0.5718,0,False,True,45.89,too_close,False,nan
22,68,0.06606,0.04064,-0.332,0.6841,0,False,True,52.34,too_close,False,nan
22,69,0.05869,0.04137,-0.3209,0.8274,0,False,True,60.42,too_close,False,nan
22,70,0.05114,0.04242,-0.3169,1.1258,0,False,False,80.34,lateral,False,nan
22,71,0.04394,0.04355,-0.2184,1.5617,0,False,False,129.29,lateral,False,nan
22,72,0.03678,0.04451,-0.0253,2.0627,0,False,False,189.92,lateral,False,nan
22,73,0.02931,0.04542,0.2659,3.0569,0,False,False,512.68,lateral,False,nan
22,74,0.0216,0.0464,1.6307,7.8859,0,False,False,958.9,lateral,False,nan
22,75,0.01456,0.04743,9.3944,25.4535,0,False,False,1591.96,behind,False,nan
22,76,0.01362,0.04856,230.7404,471.4854,0,False,False,749.58,behind,False,nan
23,1,0.49779,0.20042,0.3925,-0.0564,4,True,True,5.45,,True,0.015460343438534712
23,2,0.49338,0.19429,0.3402,-0.1106,4,True,True,5.45,,True,0.019587928217469158
23,3,0.48822,0.18866,0.303,-0.1585,4,True,True,5.55,,True,0.019841791347081344
23,4,0.48286,0.18377,0.3061,-0.1684,4,True,True,5.71,,True,0.01427824254202109
23,5,0.47785,0.17955,0.3446,-0.147,4,True,True,5.8,,True,0.02047782209559054
23,6,0.47322,0.17562,0.3777,-0.1286,4,True,True,5.92,,True,0.018855216637590665
23,7,0.46852,0.17163,0.375,-0.131,4,True,True,6.18,,True,0.017979592753856737
23,8,0.46327,0.16753,0.3303,-0.1278,4,True,True,6.26,,True,0.02298290241477818
23,9,0.45777,0.16368,0.2846,-0.1015,4,True,True,6.06,,True,0.020841398430872207
23,10,0.4523,0.16051,0.2772,-0.086,4,True,True,5.89,,True,0.01966540074831162
23,11,0.44648,0.15812,0.3112,-0.0991,4,True,True,6.08,,True,0.017136160427632524
23,12,0.44063,0.15629,0.345,-0.0933,4,True,True,6.4,,True,0.015363333448510211
23,13,0.43505,0.15477,0.3366,-0.0497,4,True,True,6.49,,True,0.017175136160662477
23,14,0.42931,0.15365,0.3307,-0.0062,4,True,True,6.34,,True,0.011952411349006554
23,15,0.42309,0.15304,0.3645,0.0176,4,True,True,6.5,,True,0.013846427988896388
23,16,0.41737,0.15273,0.3895,0.034,4,True,True,6.77,,True,0.018560551896968754
23,17,0.412,0.15251,0.3705,0.063,4,True,True,6.88,,True,0.015199881460619612
23,18,0.40597,0.15246,0.358,0.1117,4,True,True,6.8,,True,0.016017254773313234
23,19,0.39927,0.1527,0.3847,0.1569,4,True,True,7.12,,True,0.011893262396934758
23,20,0.39333,0.15298,0.3971,0.1764,4,True,True,7.29,,True,0.010911178574091622
23,21,0.38797,0.1531,0.413,0.1527,4,True,True,7.41,,True,0.016424991552203314
23,22,0.38229,0.153,0.4306,0.1159,4,True,True,7.5,,True,0.023132651862350914
23,23,0.37644,0.15264,0.4081,0.1148,4,True,True,7.37,,True,0.011997246388873282
23,24,0.36995,0.1522,0.3894,0.1571,4,True,True,7.49,,True,0.012656889004506107
23,25,0.36353,0.15181,0.4152,0.1852,4,True,True,7.8,,True,0.007621300584528283
23,26,0.35802,0.15129,0.4425,0.1556,4,True,True,7.95,,True,0.011960239403474413
23,27,0.35231,0.15052,0.4301,0.1268,4,True,True,7.98,,True,0.013432774240340895
23,28,0.34577,0.14965,0.4237,0.1504,4,True,True,8.06,,True,0.012955518485030551
23,29,0.33938,0.14875,0.4636,0.1667,4,True,True,8.47,,True,0.010534092283972965
23,30,0.33372,0.14756,0.5044,0.124,4,True,True,8.92,,False,nan
23,31,0.32817,0.14587,0.5014,0.084,4,True,True,9.16,,False,nan
23,32,0.32237,0.14375,0.5035,0.1007,4,True,True,9.32,,False,nan
23,33,0.31654,0.14121,0.4958,0.1268,4,True,True,9.18,,False,nan
23,34,0.31051,0.13828,0.4445,0.108,4,True,True,9.11,,True,0.011601659752010622
23,35,0.30427,0.13531,0.4053,0.0769,4,True,True,8.97,,True,0.012628221190520652
23,36,0.29766,0.13272,0.4106,0.0861,4,True,True,9.11,,True,0.01013184898127536
23,37,0.29116,0.13051,0.4558,0.1108,4,True,True,9.82,,True,0.009719706184866514
23,38,0.28491,0.12836,0.4965,0.0993,3,False,True,10.71,tilt,False,nan
23,39,0.2787,0.12594,0.496,0.0745,3,False,True,10.86,tilt,False,nan
23,40,0.27252,0.1233,0.4516,0.0805,4,True,True,10.36,,False,nan
23,41,0.26586,0.12073,0.4107,0.0968,4,True,True,10.2,,True,0.008999308075738687
23,42,0.25898,0.11857,0.4077,0.0941,4,True,True,10.79,,True,0.00980065359571564
23,43,0.25225,0.11695,0.4427,0.0937,4,True,True,11.54,,False,nan
23,44,0.24601,0.11571,0.4713,0.115,3,False,True,11.64,too_close,False,nan
23,45,0.23945,0.11462,0.4553,0.1347,4,True,True,11.55,,False,nan
23,46,0.23211,0.11376,0.4387,0.1387,4,True,True,11.81,,False,nan
23,47,0.22486,0.11337,0.4659,0.1491,2,False,True,12.51,too_close,False,nan
23,48,0.21814,0.11342,0.5098,0.1804,2,False,True,13.03,too_close,False,nan
23,49,0.21106,0.11361,0.5712,0.2144,2,False,True,14.57,too_close,False,nan
23,50,0.20418,0.11357,0.6102,0.232,2,False,True,15.18,too_close,False,nan
23,51,0.19765,0.1131,0.5913,0.256,2,False,True,14.92,too_close,False,nan
23,52,0.19085,0.11237,0.5882,0.3038,1,False,True,15.6,too_close,False,nan
23,53,0.18366,0.11141,0.6405,0.341,1,False,True,17.32,too_close,False,nan
23,54,0.17667,0.10998,0.6682,0.3461,1,False,True,18.06,too_close,False,nan
23,55,0.16986,0.10797,0.6318,0.3584,1,False,True,17.81,too_close,False,nan
23,56,0.1627,0.10563,0.6101,0.3526,1,False,True,17.86,too_close,False,nan
23,57,0.15555,0.10322,0.6548,0.3325,1,False,True,19.1,too_close,False,nan
23,58,0.14864,0.10071,0.7004,0.354,1,False,True,21.36,too_close,False,nan
23,59,0.14178,0.09793,0.6759,0.3878,1,False,True,21.81,too_close,False,nan
23,60,0.13458,0.09497,0.6467,0.3851,1,False,True,21.52,too_close,False,nan
23,61,0.12718,0.0921,0.6848,0.3772,1,False,True,23.19,too_close,False,nan
23,62,0.11985,0.08935,0.7275,0.4158,1,False,True,25.38,too_close,False,nan
23,63,0.1125,0.08656,0.7004,0.4655,1,False,True,26.25,too_close,False,nan
23,64,0.10489,0.08387,0.678,0.4668,1,False,True,28.35,too_close,False,nan
23,65,0.09729,0.08157,0.7382,0.4607,0,False,True,31.3,too_close,False,nan
23,66,0.0899,0.07977,0.8135,0.5088,0,False,True,34.64,too_close,False,nan
23,67,0.08256,0.07831,0.8627,0.6452,0,False,True,37.65,too_close,False,nan
23,68,0.07498,0.07702,0.971,0.8099,0,False,True,46.84,too_close,False,nan
23,69,0.06724,0.07562,1.1192,0.8992,0,False,False,55.39,lateral,False,nan
23,70,0.0598,0.07399,1.1665,0.8916,0,False,False,54.05,lateral,False,nan
23,71,0.05241,0.07251,1.22,0.9518,0,False,False,59.33,lateral,False,nan
23,72,0.04447,0.07159,1.5011,1.1844,0,False,False,74.45,lateral,False,nan
23,73,0.0365,0.07124,2.2166,1.5668,0,False,False,105.21,lateral,False,nan
23,74,0.02939,0.07117,3.6352,2.3629,0,False,False,197.56,lateral,False,nan
23,75,0.02213,0.07101,7.9306,5.3521,0,False,False,2778.77,lateral,False,nan
23,76,0.01486,0.07053,35.7787,24.2748,0,False,False,2831.03,behind,False,nan
23,77,0.01366,0.0702,51.8117,34.1859,0,False,False,38007.09,behind,False,nan
24,1,0.49747,0.16438,0.0423,0.3208,4,True,True,5.49,,True,0.014068668089719603
24,2,0.49214,0.16308,0.0986,0.302,4,True,True,5.59,,True,0.019292484739084445
24,3,0.48621,0.16221,0.1513,0.314,4,True,True,5.73,,True,0.014916048000361655
24,4,0.48012,0.1616,0.1622,0.3237,4,True,True,5.83,,True,0.012686965768737544
24,5,0.47367,0.1611,0.151,0.2953,4,True,True,5.88,,True,0.008335488894346627
24,6,0.46718,0.1609,0.1637,0.269,4,True,True,5.96,,True,0.015397313538768593
24,7,0.46085,0.16123,0.1699,0.282,4,True,True,6.1,,True,0.009779750127662875
24,8,0.45427,0.162,0.131,0.3382,4,True,True,6.11,,True,0.01070800644292083
24,9,0.44743,0.16288,0.0997,0.3888,4,True,True,6.22,,True,0.007671935729683524
24,10,0.44049,0.16357,0.1198,0.394,4,True,True,6.44,,True,0.011857442074626605
24,11,0.43407,0.16397,0.1337,0.4029,4,True,True,6.68,,True,0.012362497273196762
24,12,0.42771,0.16409,0.094,0.4142,4,True,True,6.61,,True,0.007613099325903198
24,13,0.42123,0.16393,0.0601,0.4229,4,True,True,6.62,,True,0.01588082841233046
24,14,0.41464,0.16355,0.0794,0.4172,4,True,True,6.83,,True,0.03036510096684085
24,15,0.40825,0.16299,0.0931,0.4171,4,True,True,7.06,,True,0.009528829957610827
24,16,0.40187,0.1623,0.056,0.445,4,True,True,7.07,,True,0.015457316689728714
24,17,0.39524,0.16136,0.0279,0.4536,4,True,True,7.1,,True,0.008226443718019952
24,18,0.38862,0.16015,0.0562,0.4157,4,True,True,7.27,,True,0.009092492302589546
24,19,0.38226,0.15895,0.0801,0.382,4,True,True,7.44,,True,0.011735457090410512
24,20,0.37602,0.15807,0.0554,0.3901,4,True,True,7.42,,True,0.010239195579816405
24,21,0.36964,0.15753,0.0377,0.4383,4,True,True,7.56,,True,0.010826708656994281
24,22,0.36285,0.15706,0.0738,0.4803,4,True,True,8.03,,True,0.01193559314941253
24,23,0.35622,0.1563,0.1006,0.4756,4,True,True,8.31,,True,0.008006295669085131
24,24,0.34986,0.15524,0.0712,0.47,4,True,True,8.23,,True,0.03741627316577333
24,25,0.34347,0.15402,0.0495,0.5018,4,True,True,8.33,,True,0.007975027395825817
24,26,0.33689,0.15251,0.0846,0.5245,4,True,True,8.79,,True,0.008678086011199055
24,27,0.33037,0.15051,0.1101,0.4979,4,True,True,9.02,,True,0.008157765282054226
24,28,0.32395,0.14815,0.0827,0.476,4,True,True,8.88,,True,0.0382091041690425
24,29,0.31751,0.1457,0.0667,0.4954,4,True,True,8.97,,True,0.006633691308635574
24,30,0.31125,0.14308,0.1081,0.5037,4,True,True,9.44,,True,0.007189055687242848
24,31,0.30511,0.14019,0.1406,0.4642,4,True,True,9.68,,True,0.00863135114940671
24,32,0.29877,0.13722,0.1181,0.4315,4,True,True,9.51,,True,0.008572807083388156
24,33,0.2923,0.13448,0.1041,0.4398,4,True,True,9.59,,True,0.0059812280091153264
24,34,0.28607,0.13198,0.1447,0.4873,4,True,True,10.32,,False,nan
24,35,0.28042,0.12933,0.1751,0.5267,2,False,True,11.01,tilt,False,nan
24,36,0.27482,0.12615,0.1407,0.5197,2,False,True,10.89,tilt,False,nan
24,37,0.26881,0.12247,0.1111,0.5143,2,False,True,10.87,tilt,False,nan
24,38,0.2627,0.11838,0.1388,0.5238,2,False,True,11.5,tilt,False,nan
24,39,0.25672,0.11374,0.156,0.5042,2,False,True,11.92,tilt,False,nan
24,40,0.25058,0.1086,0.1242,0.4416,4,True,True,11.58,,False,nan
24,41,0.24414,0.10337,0.1088,0.385,4,True,True,11.51,,True,0.006789980644724221
24,42,0.23757,0.09849,0.1456,0.3663,4,True,True,12.02,,True,0.00517328081650455
24,43,0.23122,0.09404,0.1722,0.3482,4,True,True,12.55,,True,0.007073501774224156
24,44,0.22486,0.08999,0.147,0.3438,4,True,True,12.73,,True,0.006957513143807095
24,45,0.2183,0.08637,0.1288,0.3794,4,True,True,13.02,,False,nan
24,46,0.21222,0.08298,0.1628,0.4032,2,False,True,13.78,too_close,False,nan
24,47,0.20637,0.07948,0.1867,0.3822,2,False,True,14.42,too_close,False,nan
24,48,0.20003,0.07589,0.1561,0.3692,3,False,True,14.43,too_close,False,nan
24,49,0.19329,0.07239,0.1141,0.3496,3,False,True,14.94,too_close,False,nan
24,50,0.18653,0.0692,0.1073,0.3322,3,False,True,15.59,too_close,False,nan
24,51,0.18001,0.06654,0.093,0.3568,2,False,True,16.25,too_close,False,nan
24,52,0.17376,0.06431,0.0317,0.3794,2,False,True,16.55,too_close,False,nan
24,53,0.16734,0.0624,-0.0182,0.3602,2,False,True,17.41,too_close,False,nan
24,54,0.16063,0.06095,-0.0161,0.3477,2,False,True,18.38,too_close,False,nan
24,55,0.15404,0.06016,-0.0198,0.379,2,False,True,19.11,too_close,False,nan
24,56,0.14759,0.05989,-0.0633,0.4071,1,False,True,20.01,too_close,False,nan
24,57,0.14095,0.05995,-0.0929,0.4428,1,False,True,21.04,too_close,False,nan
24,58,0.13426,0.06021,-0.1083,0.4813,1,False,True,22.1,too_close,False,nan
24,59,0.12768,0.06051,-0.1162,0.5181,1,False,True,23.53,too_close,False,nan
24,60,0.12095,0.06077,-0.1466,0.5845,1,False,True,25.88,too_close,False,nan
24,61,0.11413,0.06076,-0.1632,0.6399,0,False,True,28.52,too_close,False,nan
24,62,0.10723,0.06032,-0.1475,0.6521,0,False,True,29.43,too_close,False,nan
24,63,0.10038,0.05963,-0.1204,0.6748,0,False,True,30.76,too_close,False,nan
24,64,0.09344,0.05888,-0.1184,0.7553,0,False,True,34.97,too_close,False,nan
24,65,0.08646,0.05799,-0.0965,0.8356,0,False,True,39.41,too_close,False,nan
24,66,0.07941,0.05685,-0.0308,0.8653,0,False,True,41.51,too_close,False,nan
24,67,0.07247,0.05568,0.0322,0.9126,0,False,True,44.78,too_close,False,nan
24,68,0.0656,0.05467,0.0971,1.056,0,False,False,52.91,lateral,False,nan
24,69,0.05839,0.0537,0.1791,1.2453,0,False,False,66.95,lateral,False,nan
24,70,0.05124,0.05255,0.2901,1.369,0,False,False,75.12,lateral,False,nan
24,71,0.04456,0.05135,0.4473,1.5371,0,False,False,87.39,lateral,False,nan
24,72,0.03773,0.05029,0.7323,2.0445,0,False,False,143.81,lateral,False,nan
24,73,0.03018,0.04919,1.3801,3.1791,0,False,False,576.44,lateral,False,nan
24,74,0.02247,0.04773,3.0864,5.4825,0,False,False,1153.06,lateral,False,nan
24,75,0.01495,0.04605,8.2176,11.0498,0,False,False,1665.58,lateral,False,nan
24,76,0.01322,0.04482,51.4378,57.261,0,False,False,1171.22,behind,False,nan
25,1,0.4995,0.28091,0.4682,-0.3905,4,True,True,5.64,,True,0.02598722839857219
25,2,0.49834,0.27947,0.4763,-0.4704,4,True,True,5.98,,True,0.016451568306942693
25,3,0.4949,0.27783,0.4367,-0.5557,4,True,True,6.07,,True,0.025347875488868136
25,4,0.49003,0.27569,0.3582,-0.5894,4,True,True,5.98,,True,0.0303218368426933
25,5,0.48537,0.27301,0.3065,-0.5596,4,True,True,5.82,,True,0.017493342692944832
25,6,0.48094,0.27013,0.2941,-0.5241,4,True,True,5.83,,True,0.026497086783096032
25,7,0.47661,0.26728,0.3065,-0.5384,4,True,True,5.85,,True,0.021223017263599753
25,8,0.47219,0.2643,0.3196,-0.5454,4,True,True,5.98,,True,0.01790350086641493
25,9,0.46735,0.261,0.3564,-0.4947,4,True,True,6.01,,True,0.022035536032038373
25,10,0.46273,0.25743,0.3878,-0.4505,4,True,True,6.12,,True,0.02117835277401575
25,11,0.45836,0.25367,0.3675,-0.4562,4,True,True,6.05,,True,0.0214466333564469
25,12,0.45373,0.24979,0.3123,-0.4497,4,True,True,6.05,,True,0.02329928528861629
25,13,0.44861,0.24604,0.2794,-0.3919,4,True,True,5.86,,True,0.018979789961283026
25,14,0.44326,0.2429,0.2874,-0.3487,4,True,True,5.91,,True,0.01696708109183364
25,15,0.43783,0.24066,0.3269,-0.3657,4,True,True,6.24,,True,0.023251490204238775
25,16,0.4324,0.2391,0.3688,-0.4265,4,True,True,6.63,,True,0.02275185661702062
25,17,0.42695,0.23768,0.3881,-0.4683,4,True,True,6.63,,True,0.01887569451176869
25,18,0.42153,0.23604,0.4038,-0.4727,4,True,True,6.79,,True,0.0187489809691959
25,19,0.41636,0.23405,0.4328,-0.459,4,True,True,7.14,,True,0.015503415180967194
25,20,0.41158,0.2317,0.4552,-0.4503,4,True,True,7.56,,True,0.011938522090083328
25,21,0.40701,0.22902,0.4548,-0.4619,4,True,True,7.47,,True,0.012039145031770174
25,22,0.40122,0.22602,0.4129,-0.485,4,True,True,7.2,,True,0.015969530608350286
25,23,0.39503,0.22274,0.3539,-0.4984,4,True,True,7.27,,True,0.01855652200321081
25,24,0.38957,0.21931,0.3059,-0.4916,4,True,True,7.35,,True,0.015314378416854848
25,25,0.3844,0.21599,0.297,-0.4978,4,True,True,7.25,,True,0.015663432685923757
25,26,0.37842,0.21284,0.2853,-0.5267,4,True,True,7.42,,True,0.014888816815455523
25,27,0.37203,0.20973,0.2437,-0.5426,4,True,True,7.45,,True,0.015621434588965847
25,28,0.36619,0.20668,0.2274,-0.5151,4,True,True,7.57,,True,0.008406915520260816
25,29,0.36113,0.2039,0.2266,-0.4864,4,True,True,7.51,,True,0.0138497954868066
25,30,0.35644,0.2016,0.2326,-0.5078,4,True,True,7.86,,True,0.009335551643845794
25,31,0.35124,0.19967,0.2149,-0.5346,4,True,True,7.94,,True,0.015126130096456709
25,32,0.34585,0.19799,0.1584,-0.5185,4,True,True,7.79,,True,0.012105066846596348
25,33,0.34097,0.1968,0.1286,-0.5074,4,True,True,7.96,,True,0.010202025427367728
25,34,0.33603,0.19631,0.1389,-0.5462,4,True,True,8.36,,True,0.008951210302614395
25,35,0.33062,0.19628,0.1664,-0.5927,3,False,True,8.57,tilt,False,nan
25,36,0.32523,0.19638,0.1907,-0.5933,3,False,True,8.63,tilt,False,nan
25,37,0.32075,0.19651,0.1998,-0.5911,3,False,True,8.91,too_close,False,nan
25,38,0.31656,0.19675,0.2139,-0.6428,2,False,True,9.41,too_close,False,nan
25,39,0.31174,0.19683,0.2409,-0.7085,2,False,True,9.78,too_close,False,nan
25,40,0.30653,0.19636,0.2614,-0.7239,2,False,True,9.93,too_close,False,nan
25,41,0.30179,0.19517,0.2661,-0.6719,2,False,True,9.97,too_close,False,nan
25,42,0.29854,0.19356,0.2268,-0.6241,2,False,True,9.81,too_close,False,nan
25,43,0.29569,0.19199,0.1718,-0.6388,2,False,True,9.65,too_close,False,nan
25,44,0.29211,0.19055,0.1586,-0.6635,2,False,True,9.71,too_close,False,nan
25,45,0.2884,0.18916,0.1664,-0.64,2,False,True,9.9,too_close,False,nan
25,46,0.2852,0.18793,0.1797,-0.6277,2,False,True,10.1,too_close,False,nan
25,47,0.2824,0.18696,0.1689,-0.6731,2,False,True,10.19,too_close,False,nan
25,48,0.27901,0.18605,0.1263,-0.713,2,False,True,10.22,too_close,False,nan
25,49,0.27437,0.18501,0.1158,-0.7008,2,False,True,10.42,too_close,False,nan
25,50,0.26898,0.18394,0.1419,-0.7017,2,False,True,10.72,too_close,False,nan
25,51,0.26331,0.18289,0.1723,-0.7687,2,False,True,11.13,too_close,False,nan
25,52,0.25713,0.18152,0.1952,-0.8349,2,False,True,11.98,too_close,False,nan
25,53,0.25065,0.17948,0.2092,-0.8332,2,False,True,12.22,too_close,False,nan
25,54,0.24421,0.17676,0.2161,-0.7753,2,False,True,11.93,too_close,False,nan
25,55,0.23857,0.1737,0.1886,-0.7319,2,False,True,12.15,too_close,False,nan
25,56,0.23343,0.17068,0.1323,-0.7391,2,False,True,12.47,too_close,False,nan
25,57,0.22753,0.16781,0.1089,-0.7468,2,False,True,12.47,too_close,False,nan
25,58,0.22085,0.16512,0.1163,-0.7213,2,False,True,12.6,too_close,False,nan
25,59,0.21476,0.16284,0.1119,-0.7181,2,False,True,13.09,too_close,False,nan
25,60,0.20937,0.16109,0.0921,-0.7718,2,False,True,13.88,too_close,False,nan
25,61,0.20343,0.15964,0.103,-0.8228,2,False,True,14.25,too_close,False,nan
25,62,0.19692,0.15827,0.1415,-0.8241,2,False,True,14.5,too_close,False,nan
25,63,0.1914,0.15701,0.1392,-0.8375,2,False,True,15.33,too_close,False,nan
25,64,0.18655,0.15593,0.1024,-0.9101,2,False,True,16.36,too_close,False,nan
25,65,0.18082,0.15479,0.1039,-0.9819,2,False,True,17.01,too_close,False,nan
25,66,0.17431,0.15334,0.1538,-0.9928,2,False,True,17.33,too_close,False,nan
25,67,0.1688,0.15152,0.1705,-1.0087,1,False,False,17.9,too_close,False,nan
25,68,0.16358,0.14942,0.1345,-1.0599,2,False,False,18.94,too_close,False,nan
25,69,0.15723,0.14698,0.1275,-1.0812,2,False,False,19.68,lateral,False,nan
25,70,0.15062,0.1442,0.1495,-1.0337,1,False,False,19.4,lateral,False,nan
25,71,0.14499,0.14135,0.1288,-0.9965,1,False,True,20.27,lateral,False,nan
25,72,0.14021,0.1388,0.0786,-1.0266,1,False,False,21.25,lateral,False,nan
25,73,0.13471,0.13654,0.0705,-1.1009,1,False,False,22.11,lateral,False,nan
25,74,0.12838,0.13438,0.0916,-1.1506,1,False,False,23.02,lateral,False,nan
25,75,0.12265,0.13227,0.0548,-1.1479,0,False,False,24.28,lateral,False,nan
25,76,0.11754,0.13036,-0.0189,-1.1768,0,False,False,25.74,lateral,False,nan
25,77,0.11169,0.1287,-0.0454,-1.3119,0,False,False,28.08,lateral,False,nan
25,78,0.10495,0.12705,-0.0355,-1.4663,0,False,False,31.85,lateral,False,nan
25,79,0.09797,0.12513,-0.0365,-1.5306,0,False,False,33.55,lateral,False,nan
25,80,0.09148,0.12294,-0.033,-1.619,0,False,False,36.55,lateral,False,nan
25,81,0.08514,0.12055,0.0003,-1.7797,0,False,False,41.14,lateral,False,nan
25,82,0.0786,0.11785,0.039,-1.8752,0,False,False,44.17,lateral,False,nan
25,83,0.0722,0.1149,0.0489,-1.9238,0,False,False,45.82,lateral,False,nan
25,84,0.0662,0.11189,0.0673,-2.0921,0,False,False,51.85,lateral,False,nan
25,85,0.06022,0.10886,0.136,-2.2898,0,False,False,57.02,lateral,False,nan
25,86,0.05473,0.10581,0.1977,-2.2945,0,False,False,62.62,lateral,False,nan
25,87,0.05022,0.10301,0.2145,-2.3438,0,False,False,71.95,lateral,False,nan
25,88,0.04613,0.10071,0.2562,-2.6803,0,False,False,82.64,lateral,False,nan
25,89,0.04158,0.09876,0.3759,-3.1384,0,False,False,93.25,lateral,False,nan
25,90,0.03745,0.09702,0.4596,-3.2992,0,False,False,110.45,lateral,False,nan
25,91,0.03472,0.09566,0.446,-3.4978,0,False,False,141.16,lateral,False,nan
25,92,0.03232,0.09476,0.4742,-4.3226,0,False,False,194.32,lateral,False,nan
25,93,0.02933,0.09407,0.6238,-5.5982,0,False,False,228.52,lateral,False,nan
25,94,0.02659,0.09336,0.7031,-5.9112,0,False,False,202.74,lateral,False,nan
25,95,0.02521,0.09277,0.6222,-6.0428,0,False,False,209.33,lateral,False,nan
25,96,0.02482,0.09244,0.4265,-7.8542,0,False,False,263.22,lateral,False,nan
25,97,0.02386,0.09209,0.1169,-11.7335,0,False,False,1086.9,lateral,False,nan
25,98,0.02229,0.09137,-0.0157,-14.3284,0,False,False,698.98,lateral,False,nan
25,99,0.0214,0.09019,0.3962,-12.363,0,False,False,980.93,lateral,False,nan
25,100,0.02063,0.08873,0.9597,-13.2692,0,False,False,9359.44,lateral,False,nan
25,101,0.01868,0.08706,2.7289,-35.4569,0,False,False,1107.35,behind,False,nan
25,102,0.01635,0.085,3.47,-78.7361,0,False,False,2001.83,behind,False,nan
25,103,0.01462,0.08258,0.5136,-17.7104,0,False,False,1989.09,lateral,False,nan
26,1,0.49783,0.27066,0.3829,-0.4435,4,True,True,5.66,,True,0.0266604841660938
26,2,0.49362,0.26155,0.3804,-0.4441,4,True,True,5.73,,True,0.033757014908568875
26,3,0.48834,0.25214,0.3752,-0.4047,4,True,True,5.78,,True,0.025605375069514553
26,4,0.48268,0.24254,0.3758,-0.346,4,True,True,5.79,,True,0.025446778556619178
26,5,0.47713,0.23298,0.338,-0.3149,4,True,True,5.74,,True,0.0221682680634776
26,6,0.47126,0.22372,0.2986,-0.3386,4,True,True,5.74,,True,0.020631307165355432
26,7,0.46506,0.21477,0.3016,-0.3598,4,True,True,5.92,,True,0.017868258469365593
26,8,0.45901,0.2059,0.3116,-0.3284,4,True,True,6.04,,True,0.025673215365173956
26,9,0.45324,0.19713,0.2763,-0.2573,4,True,True,5.99,,True,0.028760112845371354
26,10,0.44731,0.18891,0.2372,-0.2062,4,True,True,6.03,,True,0.02089803596614842
26,11,0.44126,0.18177,0.2392,-0.1952,4,True,True,6.18,,True,0.027267013265608465
26,12,0.43524,0.17582,0.2442,-0.2145,4,True,True,6.28,,True,0.018267790444988743
26,13,0.42897,0.17084,0.2086,-0.2317,4,True,True,6.32,,True,0.02319885266087336
26,14,0.42301,0.16685,0.1705,-0.2663,4,True,True,6.32,,True,0.02117897012874642
26,15,0.41738,0.16383,0.1742,-0.2991,4,True,True,6.44,,True,0.023828527398189466
26,16,0.41158,0.16144,0.228,-0.3073,4,True,True,6.77,,True,0.02358481853427982
26,17,0.40496,0.15934,0.2809,-0.3309,4,True,True,7.25,,True,0.018322401205564467
26,18,0.39807,0.15713,0.2806,-0.3504,4,True,True,7.31,,True,0.02133513150440779
26,19,0.3913,0.15467,0.2361,-0.3715,4,True,True,7.19,,True,0.018265846199773783
26,20,0.38466,0.15205,0.1659,-0.3786,4,True,True,7.22,,True,0.01540353360464094
26,21,0.37844,0.1495,0.0981,-0.3485,4,True,True,7.17,,True,0.020395884554490432
26,22,0.37269,0.14747,0.0644,-0.3284,4,True,True,7.23,,True,0.021057188407656312
26,23,0.36695,0.14626,0.0778,-0.3465,4,True,True,7.42,,True,0.016392023371317847
26,24,0.3605,0.14567,0.0963,-0.3961,4,True,True,7.78,,True,0.020687125017915968
26,25,0.35383,0.1453,0.1115,-0.4391,4,True,True,7.95,,True,0.02040111001489506
26,26,0.34741,0.14477,0.1242,-0.44,4,True,True,8.16,,True,0.018771363855537116
26,27,0.34131,0.14399,0.1602,-0.4404,4,True,True,8.28,,True,0.01978608994428108
26,28,0.33474,0.14296,0.1898,-0.4411,4,True,True,8.5,,True,0.018520881582693858
26,29,0.32789,0.14162,0.1628,-0.4305,4,True,True,8.67,,True,0.019010859330158256
26,30,0.32146,0.14012,0.1415,-0.4403,4,True,True,9.01,,True,0.016597364292037373
26,31,0.3151,0.13855,0.133,-0.4395,4,True,True,9.0,,True,0.02657451892626818
26,32,0.3088,0.13693,0.1303,-0.4476,4,True,True,9.06,,True,0.016050203708104883
26,33,0.30247,0.13529,0.1056,-0.4551,4,True,True,9.46,,True,0.01909630287627435
26,34,0.29614,0.13362,0.0865,-0.4652,4,True,True,9.85,,True,0.015107805103531541
26,35,0.28985,0.13193,0.1234,-0.4651,4,True,True,9.93,,False,nan
26,36,0.283,0.13018,0.1582,-0.4684,4,True,True,10.09,,False,nan
26,37,0.2758,0.12833,0.1368,-0.4669,4,True,True,10.53,,False,nan
26,38,0.26892,0.12644,0.1196,-0.4678,4,True,True,10.94,,False,nan
26,39,0.26202,0.12462,0.117,-0.4818,4,True,True,11.02,,False,nan
26,40,0.25464,0.12284,0.0792,-0.4704,4,True,True,11.03,,False,nan
26,41,0.24732,0.12127,0.0421,-0.469,3,False,True,11.35,too_close,False,nan
26,42,0.24031,0.12011,0.0547,-0.5122,2,False,True,11.65,too_close,False,nan
26,43,0.2329,0.11914,0.1038,-0.5552,2,False,True,12.34,too_close,False,nan
26,44,0.22517,0.11805,0.1254,-0.5563,2,False,True,12.85,too_close,False,nan
26,45,0.21795,0.11682,0.1547,-0.5599,2,False,True,13.63,too_close,False,nan
26,46,0.21077,0.11551,0.2045,-0.5747,2,False,True,14.05,too_close,False,nan
26,47,0.20315,0.11403,0.2138,-0.5564,2,False,True,14.22,too_close,False,nan
26,48,0.19581,0.11253,0.2156,-0.5505,2,False,True,14.77,too_close,False,nan
26,49,0.18863,0.11117,0.2538,-0.5937,2,False,True,15.47,too_close,False,nan
26,50,0.18099,0.10975,0.2762,-0.6309,1,False,True,16.39,too_close,False,nan
26,51,0.17323,0.10808,0.2295,-0.62,1,False,True,16.79,too_close,False,nan
26,52,0.16569,0.10642,0.19,-0.6132,2,False,True,17.54,too_close,False,nan
26,53,0.1581,0.10507,0.2198,-0.6527,1,False,True,18.17,too_close,False,nan
26,54,0.15015,0.10397,0.2904,-0.6973,1,False,True,19.4,too_close,False,nan
26,55,0.14213,0.10291,0.3331,-0.7487,1,False,True,21.23,too_close,False,nan
26,56,0.1344,0.10173,0.3387,-0.7718,1,False,True,22.74,too_close,False,nan
26,57,0.12689,0.10048,0.3844,-0.7886,1,False,True,23.59,too_close,False,nan
26,58,0.11911,0.09924,0.4885,-0.8701,1,False,True,27.0,too_close,False,nan
26,59,0.11107,0.09772,0.5593,-0.9609,1,False,True,31.02,too_close,False,nan
26,60,0.10323,0.09567,0.5697,-0.9635,1,False,True,31.74,too_close,False,nan
26,61,0.09567,0.09326,0.6142,-0.9465,1,False,True,33.0,too_close,False,nan
26,62,0.08795,0.0908,0.7233,-1.0116,1,False,False,37.04,too_close,False,nan
26,63,0.08001,0.08821,0.7941,-1.0959,1,False,False,41.86,lateral,False,nan
26,64,0.07223,0.08547,0.7877,-1.0752,0,False,False,45.16,lateral,False,nan
26,65,0.06472,0.08301,0.846,-1.0431,0,False,False,50.31,lateral,False,nan
26,66,0.05692,0.08126,1.0386,-1.1571,0,False,False,60.07,lateral,False,nan
26,67,0.04889,0.08021,1.4403,-1.5742,0,False,False,78.92,lateral,False,nan
26,68,0.04188,0.07936,2.0822,-2.2278,0,False,False,124.44,lateral,False,nan
26,69,0.0351,0.07816,2.8881,-2.8339,0,False,False,204.55,lateral,False,nan
26,70,0.02745,0.07652,4.1909,-3.9201,0,False,False,297.81,lateral,False,nan
26,71,0.01955,0.07456,9.3929,-9.2153,0,False,False,2102.24,lateral,False,nan
26,72,0.01323,0.07259,24.259,-24.0157,0,False,False,3714.0,behind,False,nan
26,73,0.01336,0.07231,27.6736,-27.2762,0,False,False,1640.39,behind,False,nan
27,1,0.4976,0.24621,-0.4537,0.2794,4,True,True,5.68,,True,0.014264467149291886
27,2,0.49229,0.24496,-0.5066,0.3039,4,True,True,6.01,,True,0.012084793919528814
27,3,0.48572,0.2432,-0.5523,0.3402,4,True,True,6.35,,True,0.017836949459702534
27,4,0.47885,0.24049,-0.5636,0.3675,4,True,True,6.73,,True,0.017959001574628125
27,5,0.47255,0.23653,-0.5335,0.3643,4,True,True,6.74,,True,0.020056806963978047
27,6,0.46681,0.23147,-0.5054,0.3899,4,True,True,6.61,,True,0.017838792290841395
27,7,0.46061,0.22546,-0.504,0.4129,4,True,True,6.72,,True,0.015435427908750703
27,8,0.45414,0.21837,-0.4912,0.3715,4,True,True,6.67,,True,0.01624800519453749
27,9,0.44829,0.21025,-0.4336,0.3321,4,True,True,6.43,,True,0.017150407252845085
27,10,0.4426,0.20156,-0.3767,0.348,4,True,True,6.43,,True,0.016725247384350203
27,11,0.43657,0.19254,-0.3649,0.358,4,True,True,6.65,,True,0.013548223732740249
27,12,0.43038,0.18314,-0.3589,0.3131,4,True,True,6.61,,True,0.01181646469123326
27,13,0.42456,0.17344,-0.3127,0.2727,4,True,True,6.46,,True,0.01609813517163196
27,14,0.41888,0.16382,-0.2453,0.2827,4,True,True,6.54,,True,0.01296803921972474
27,15,0.41288,0.15454,-0.205,0.287,4,True,True,6.7,,True,0.017197466465636045
27,16,0.40683,0.14569,-0.2143,0.2443,4,True,True,6.69,,True,0.007845564120319323
27,17,0.40113,0.13735,-0.2199,0.2065,4,True,True,6.82,,True,0.01259937967831643
27,18,0.39554,0.1296,-0.1834,0.2119,4,True,True,6.89,,True,0.013175913828516217
27,19,0.38959,0.12251,-0.1142,0.2496,4,True,True,7.03,,True,0.008880252007430065
27,20,0.38336,0.1161,-0.062,0.2757,4,True,True,7.09,,True,0.012087949504220865
27,21,0.37694,0.11035,-0.0462,0.2649,4,True,True,7.35,,True,0.009312484167549755
27,22,0.37046,0.10529,-0.0594,0.2628,4,True,True,7.38,,True,0.01225090907211652
27,23,0.36402,0.10076,-0.0747,0.2566,4,True,True,7.53,,True,0.007382603082004752
27,24,0.35753,0.09659,-0.1074,0.2479,4,True,True,7.8,,True,0.008970747618265813
27,25,0.3511,0.09265,-0.1756,0.2417,4,True,True,8.25,,True,0.007904482926148197
27,26,0.34495,0.08858,-0.2272,0.2093,4,True,True,8.32,,True,0.009903830086804259
27,27,0.33888,0.08418,-0.2391,0.1781,4,True,True,8.43,,True,0.011673505644554182
27,28,0.33256,0.07949,-0.2182,0.1752,4,True,True,8.65,,True,0.012029302769629715
27,29,0.32619,0.07454,-0.1968,0.1709,4,True,True,8.96,,True,0.009518602758612158
27,30,0.31986,0.06939,-0.1599,0.1372,4,True,True,8.81,,True,0.010551963016576111
27,31,0.31344,0.06434,-0.1264,0.1058,4,True,True,8.93,,True,0.007047927063662327
27,32,0.30693,0.05975,-0.1155,0.1061,4,True,True,9.18,,True,0.006936168251685083
27,33,0.30041,0.05565,-0.1255,0.1086,4,True,True,9.61,,True,0.009406483159832887
27,34,0.29408,0.05188,-0.1241,0.0825,4,True,True,9.61,,True,0.010617155293728926
27,35,0.28787,0.04849,-0.0844,0.0612,4,True,True,9.83,,True,0.007223490970767197
27,36,0.28143,0.0458,-0.0509,0.0743,4,True,True,10.05,,True,0.009201093653026043
27,37,0.27474,0.04391,-0.0553,0.1263,4,True,True,10.54,,True,0.005070638198661129
27,38,0.26834,0.04249,-0.0515,0.1752,4,True,True,10.66,,True,0.010016747515345445
27,39,0.26202,0.04114,-0.0546,0.1827,4,True,True,10.97,,True,0.003626624068630527
27,40,0.25559,0.03974,-0.0788,0.1479,4,True,True,11.2,,True,0.006491719608219001
27,41,0.249,0.03842,-0.1217,0.1179,4,True,True,11.71,,True,0.006149881086543094
27,42,0.24265,0.03716,-0.1545,0.0862,4,True,True,11.76,,True,0.005396181402408024
27,43,0.23648,0.03589,-0.1474,0.0578,4,True,True,12.18,,True,0.010354412998642095
27,44,0.23006,0.03475,-0.1449,0.0608,4,True,True,12.45,,True,0.008671518595105772
27,45,0.22356,0.03373,-0.1483,0.0598,4,True,True,12.87,,True,0.003302179596947043
27,46,0.21698,0.03275,-0.1627,0.0414,4,True,True,13.43,,True,0.008150287433200214
27,47,0.21044,0.0318,-0.1695,0.0395,4,True,True,14.0,,True,0.005672099298477172
27,48,0.20388,0.03084,-0.137,0.072,4,True,True,14.01,,True,0.009565909225488221
27,49,0.19728,0.02992,-0.1067,0.1038,4,True,True,14.47,,True,0.009394284410021233
27,50,0.19074,0.02916,-0.1085,0.1051,4,True,True,15.07,,True,0.00458283386506952
27,51,0.18424,0.02852,-0.1474,0.11,4,True,True,16.07,,True,0.00903215112303986
27,52,0.1778,0.02776,-0.1861,0.1042,4,True,True,16.58,,False,nan
27,53,0.17113,0.0266,-0.1856,0.088,2,False,True,17.06,tilt,False,nan
27,54,0.16425,0.02507,-0.1856,0.106,2,False,True,18.26,tilt,False,nan
27,55,0.15771,0.02309,-0.1785,0.119,2,False,True,19.41,too_close,False,nan
27,56,0.15116,0.02062,-0.1349,0.0881,2,False,True,19.76,too_close,False,nan
27,57,0.14386,0.01803,-0.0952,0.0655,2,False,True,20.65,too_close,False,nan
27,58,0.13642,0.01575,-0.091,0.0889,1,False,True,22.24,too_close,False,nan
27,59,0.12967,0.01373,-0.081,0.1089,1,False,True,24.0,too_close,False,nan
27,60,0.12307,0.01197,-0.0347,0.0892,0,False,True,24.88,too_close,False,nan
27,61,0.11571,0.01089,0.0085,0.0782,0,False,True,26.36,too_close,False,nan
27,62,0.1082,0.01084,0.0173,0.1106,0,False,True,28.73,too_close,False,nan
27,63,0.1015,0.01158,0.0329,0.1398,0,False,True,31.31,too_close,False,nan
27,64,0.09488,0.0129,0.0869,0.1331,0,False,True,32.95,too_close,False,nan
27,65,0.08745,0.01475,0.1444,0.1362,0,False,True,35.46,too_close,False,nan
27,66,0.07999,0.01698,0.1776,0.1306,0,False,True,39.7,too_close,False,nan
27,67,0.07287,0.01967,0.2309,0.1171,0,False,True,45.92,too_close,False,nan
27,68,0.06582,0.02303,0.3504,0.1548,0,False,True,51.26,too_close,False,nan
27,69,0.05834,0.02687,0.5121,0.2462,0,False,True,58.57,too_close,False,nan
27,70,0.05106,0.03088,0.6953,0.3143,0,False,True,74.25,too_close,False,nan
27,71,0.04414,0.0351,0.9594,0.3403,0,False,True,85.6,lateral,False,nan
27,72,0.03711,0.03967,1.4714,0.4569,0,False,False,111.77,lateral,False,nan
27,73,0.02955,0.04444,2.5624,0.7736,0,False,False,251.37,lateral,False,nan
27,74,0.0217,0.04912,5.2929,1.2824,0,False,False,40121.66,lateral,False,nan
27,75,0.01428,0.0537,20.7549,3.3358,0,False,False,2178.63,behind,False,nan
27,76,0.01342,0.0572,66.1043,8.7084,0,False,False,2968.36,behind,False,nan
28,1,0.49869,0.22409,0.4797,0.0159,4,True,True,5.68,,True,0.018043677392899398
28,2,0.49493,0.22928,0.5562,-0.0334,4,True,True,6.19,,True,0.01315740221813751
28,3,0.48957,0.23396,0.6301,-0.099,4,True,True,6.57,,True,0.013170531196622232
28,4,0.48338,0.23769,0.657,-0.1254,4,True,True,6.71,,False,nan
28,5,0.47692,0.24029,0.637,-0.0876,4,True,True,6.54,,True,0.020678372661995716
28,6,0.47079,0.24191,0.6246,-0.0282,4,True,True,6.61,,True,0.01992259924565761
28,7,0.4644,0.24282,0.6594,-0.0059,3,False,True,7.18,tilt,False,nan
28,8,0.45735,0.24298,0.6855,-0.0014,3,False,True,7.47,tilt,False,nan
28,9,0.44993,0.24232,0.6562,0.0153,4,True,True,7.0,,False,nan
28,10,0.44316,0.24096,0.6353,0.0771,4,True,True,6.79,,True,0.011618610406459026
28,11,0.43647,0.23914,0.6445,0.1655,4,True,True,7.18,,False,nan
28,12,0.42914,0.2368,0.6241,0.2315,4,True,True,7.14,,False,nan
28,13,0.42185,0.23391,0.556,0.2428,4,True,True,6.79,,True,0.009024773000635438
28,14,0.41534,0.23083,0.5073,0.2344,4,True,True,6.74,,True,0.007481759297402518
28,15,0.40976,0.22799,0.5098,0.2704,4,True,True,7.13,,True,0.00732603931876454
28,16,0.40383,0.22534,0.545,0.3287,4,True,True,7.53,,True,0.007159672433806614
28,17,0.39702,0.22254,0.5705,0.3445,4,True,True,7.76,,True,0.01084986859106571
28,18,0.38992,0.21935,0.56,0.2906,4,True,True,7.78,,True,0.010777700808151523
28,19,0.3832,0.21591,0.5584,0.2459,4,True,True,7.88,,True,0.005682492366662128
28,20,0.37674,0.21244,0.5788,0.2214,4,True,True,7.87,,True,0.011251203794285451
28,21,0.36995,0.2089,0.5816,0.1687,4,True,True,7.66,,True,0.007912230524833327
28,22,0.36295,0.20538,0.5471,0.1068,4,True,True,7.57,,True,0.006332935642330671
28,23,0.35741,0.20227,0.5178,0.0447,4,True,True,7.47,,True,0.009803585212563509
28,24,0.35214,0.19986,0.533,-0.0168,4,True,True,7.76,,True,0.013606636811818942
28,25,0.34568,0.19808,0.5786,-0.0654,4,True,True,8.52,,False,nan
28,26,0.33892,0.1967,0.6001,-0.0974,3,False,True,8.68,tilt,False,nan
28,27,0.33297,0.19553,0.5842,-0.1257,3,False,True,8.62,too_close,False,nan
28,28,0.32758,0.19462,0.5901,-0.121,3,False,True,8.99,too_close,False,nan
28,29,0.32186,0.194,0.6446,-0.0944,3,False,True,9.64,too_close,False,nan
28,30,0.31571,0.19339,0.6882,-0.0632,2,False,True,9.75,too_close,False,nan
28,31,0.30985,0.1925,0.6758,-0.0284,2,False,True,9.43,too_close,False,nan
28,32,0.3046,0.19141,0.6668,-0.0001,2,False,True,9.74,too_close,False,nan
28,33,0.29883,0.19029,0.7054,0.0318,2,False,True,10.48,too_close,False,nan
28,34,0.29241,0.18902,0.7369,0.075,2,False,True,10.6,too_close,False,nan
28,35,0.28625,0.18741,0.7111,0.1054,2,False,True,10.08,too_close,False,nan
28,36,0.28112,0.18558,0.6898,0.1594,2,False,True,10.22,too_close,False,nan
28,37,0.27588,0.18372,0.7261,0.2099,2,False,True,10.93,too_close,False,nan
28,38,0.26999,0.18162,0.7664,0.2356,2,False,True,12.12,too_close,False,nan
28,39,0.26407,0.179,0.7444,0.2499,2,False,True,12.6,too_close,False,nan
28,40,0.25891,0.17596,0.7085,0.2507,2,False,True,12.23,too_close,False,nan
28,41,0.25339,0.17272,0.7213,0.2677,2,False,True,12.33,too_close,False,nan
28,42,0.24658,0.16928,0.7375,0.2603,2,False,True,12.65,too_close,False,nan
28,43,0.23959,0.16555,0.7083,0.1992,2,False,True,12.63,too_close,False,nan
28,44,0.23416,0.16183,0.6876,0.1654,2,False,True,12.84,too_close,False,nan
28,45,0.22873,0.15838,0.7142,0.1603,2,False,True,13.24,too_close,False,nan
28,46,0.22166,0.15515,0.7394,0.1164,2,False,True,13.39,too_close,False,nan
28,47,0.21422,0.15211,0.7186,0.0466,2,False,True,13.48,too_close,False,nan
28,48,0.2078,0.14952,0.7016,-0.0245,2,False,True,13.55,too_close,False,nan
28,49,0.20141,0.14759,0.744,-0.0646,2,False,True,13.89,too_close,False,nan
28,50,0.19412,0.14616,0.7924,-0.1118,2,False,True,15.09,too_close,False,nan
28,51,0.18657,0.14504,0.7832,-0.1798,2,False,True,15.53,too_close,False,nan
28,52,0.17988,0.14431,0.7776,-0.1994,2,False,True,15.52,too_close,False,nan
28,53,0.17365,0.14408,0.8422,-0.1912,2,False,True,16.38,too_close,False,nan
28,54,0.16661,0.14416,0.9189,-0.2207,1,False,True,17.97,too_close,False,nan
28,55,0.15899,0.14431,0.93,-0.2719,1,False,True,18.5,too_close,False,nan
28,56,0.15208,0.1446,0.9446,-0.287,1,False,True,18.6,too_close,False,nan
28,57,0.14539,0.14514,1.0487,-0.2831,1,False,False,20.24,lateral,False,nan
28,58,0.13787,0.14577,1.1767,-0.321,1,False,False,23.84,lateral,False,nan
28,59,0.12999,0.14621,1.2216,-0.3857,1,False,False,24.95,lateral,False,nan
28,60,0.12334,0.14648,1.2599,-0.3918,1,False,False,24.81,lateral,False,nan
28,61,0.11699,0.14671,1.4186,-0.358,1,False,False,28.03,lateral,False,nan
28,62,0.10956,0.14678,1.6263,-0.3694,1,False,False,33.74,lateral,False,nan
28,63,0.10209,0.1464,1.7074,-0.4188,1,False,False,34.7,lateral,False,nan
28,64,0.09646,0.14558,1.7471,-0.4275,0,False,False,36.44,lateral,False,nan
28,65,0.09154,0.14453,1.9483,-0.4131,0,False,False,47.6,lateral,False,nan
28,66,0.08527,0.1432,2.2384,-0.4747,0,False,False,64.27,lateral,False,nan
28,67,0.07795,0.1414,2.4307,-0.6829,0,False,False,72.1,lateral,False,nan
28,68,0.07113,0.13906,2.4494,-0.917,0,False,False,59.6,lateral,False,nan
28,69,0.06527,0.1364,2.5247,-1.0659,0,False,False,59.39,lateral,False,nan
28,70,0.05892,0.13365,2.8537,-1.2806,0,False,False,74.08,lateral,False,nan
28,71,0.05221,0.13076,3.2526,-1.7033,0,False,False,97.94,lateral,False,nan
28,72,0.04676,0.12762,3.6366,-2.1269,0,False,False,126.89,lateral,False,nan
28,73,0.04153,0.12421,4.4536,-2.5252,0,False,False,170.55,lateral,False,nan
28,74,0.03595,0.12045,5.8088,-3.2354,0,False,False,274.36,lateral,False,nan
28,75,0.02954,0.11629,6.882,-4.1656,0,False,False,274.9,lateral,False,nan
28,76,0.02272,0.11188,10.2849,-6.673,0,False,False,443.11,lateral,False,nan
28,77,0.01544,0.10735,77.8633,-49.3778,0,False,False,3650.33,behind,False,nan
28,78,0.01323,0.10391,655.7794,-419.4887,0,False,False,1655.57,behind,False,nan
28,79,0.01425,0.10127,1682.7727,-1141.8187,0,False,False,564.1,behind,False,nan
28,80,0.01384,0.09871,18.8534,-13.7368,0,False,False,2603.68,lateral,False,nan
28,81,0.01362,0.09663,-198.0384,144.7495,0,False,False,526.11,behind,False,nan
29,1,0.4981,0.23319,0.4412,-0.2474,4,True,True,5.7,,True,0.01521469471296648
29,2,0.49363,0.23277,0.5081,-0.3051,4,True,True,6.27,,True,0.01578004966401413
29,3,0.48786,0.23163,0.56,-0.379,4,True,True,6.67,,True,0.01996433729576424
29,4,0.48157,0.22915,0.5611,-0.4039,4,True,True,6.75,,True,0.014302983164778293
29,5,0.4752,0.22508,0.5259,-0.3587,4,True,True,6.53,,True,0.01872210130331073
29,6,0.46906,0.21971,0.5026,-0.3155,4,True,True,6.48,,True,0.012396354549709837
29,7,0.46307,0.21335,0.521,-0.333,4,True,True,6.74,,True,0.02038473165156896
29,8,0.45681,0.20589,0.5332,-0.3475,4,True,True,6.96,,True,0.01580451947379931
29,9,0.45027,0.19708,0.5058,-0.2992,4,True,True,6.96,,True,0.018404972681324475
29,10,0.44375,0.18711,0.4352,-0.2544,4,True,True,6.77,,True,0.014890037408473701
29,11,0.43719,0.17647,0.3615,-0.2242,4,True,True,6.42,,True,0.016809974387924777
29,12,0.43045,0.1657,0.3295,-0.1607,4,True,True,6.35,,True,0.02096848294028896
29,13,0.42392,0.1552,0.3451,-0.0919,4,True,True,6.6,,True,0.01212808656480551
29,14,0.41702,0.14498,0.3579,-0.0596,4,True,True,6.85,,True,0.01217836969769652
29,15,0.41002,0.13491,0.3299,-0.076,4,True,True,6.9,,True,0.01414267917059856
29,16,0.40338,0.12496,0.2642,-0.0873,4,True,True,6.83,,True,0.013081675465989281
29,17,0.39686,0.11543,0.2088,-0.0546,4,True,True,6.88,,True,0.013201982934779056
29,18,0.39041,0.10677,0.1937,-0.0319,4,True,True,7.09,,True,0.009580193983893518
29,19,0.38402,0.09914,0.1757,-0.0548,4,True,True,7.15,,True,0.011677948595151977
29,20,0.37759,0.09251,0.1225,-0.114,4,True,True,7.13,,True,0.010387267140256546
29,21,0.37117,0.08692,0.0808,-0.1641,4,True,True,7.45,,True,0.012273759872112528
29,22,0.36459,0.0823,0.0765,-0.1788,4,True,True,7.76,,True,0.009651611124300198
29,23,0.35788,0.07846,0.1033,-0.1881,4,True,True,7.82,,True,0.009975894220597048
29,24,0.35134,0.07503,0.1297,-0.1807,4,True,True,7.93,,True,0.010100266666794373
29,25,0.34492,0.07171,0.1416,-0.1722,4,True,True,8.23,,True,0.00945985882357906
29,26,0.3384,0.06838,0.1289,-0.1985,4,True,True,8.6,,True,0.011234488040875346
29,27,0.33171,0.06494,0.1141,-0.2236,4,True,True,8.68,,True,0.009002824962805743
29,28,0.32493,0.06134,0.138,-0.2076,4,True,True,8.89,,True,0.007566329468483626
29,29,0.31849,0.05751,0.1669,-0.1452,4,True,True,9.09,,True,0.008323446219609584
29,30,0.31233,0.05358,0.1594,-0.0852,4,True,True,9.34,,True,0.01581922553435192
29,31,0.30583,0.04989,0.1541,-0.0525,4,True,True,9.35,,True,0.005277809238743196
29,32,0.29928,0.04666,0.1584,-0.0454,4,True,True,9.43,,True,0.00835323707955785
29,33,0.29278,0.04384,0.1801,-0.0273,4,True,True,9.88,,True,0.0074561931713311175
29,34,0.2863,0.04131,0.1948,0.0284,4,True,True,10.21,,True,0.006102505810743803
29,35,0.2799,0.03892,0.1722,0.0735,4,True,True,10.41,,True,0.005953169874462069
29,36,0.27339,0.03673,0.1527,0.084,4,True,True,10.63,,True,0.006990421590053283
29,37,0.26681,0.03475,0.1248,0.1027,4,True,True,10.88,,True,0.005986543382142573
29,38,0.26003,0.03299,0.1036,0.112,4,True,True,11.15,,True,0.006325592880874884
29,39,0.25319,0.03146,0.0974,0.112,4,True,True,11.44,,True,0.0023388733727062326
29,40,0.24637,0.03006,0.1055,0.102,4,True,True,12.02,,True,0.004558241948029652
29,41,0.23962,0.02867,0.1054,0.0979,4,True,True,12.23,,True,0.0058908223623863444
29,42,0.23279,0.02723,0.0683,0.0878,4,True,True,12.25,,True,0.005936996212234875
29,43,0.22575,0.02599,0.0409,0.0369,4,True,True,12.47,,True,0.007657007506846248
29,44,0.21864,0.02539,0.0549,-0.0119,4,True,True,13.27,,True,0.0043044319194356665
29,45,0.21165,0.02558,0.0826,-0.0214,4,True,True,13.86,,True,0.006884519380265859
29,46,0.2046,0.02642,0.0899,0.0113,4,True,True,14.16,,True,0.007622454797377028
29,47,0.19737,0.0278,0.1061,0.0404,4,True,True,14.6,,True,0.004271488131329649
29,48,0.19016,0.02961,0.1465,0.0718,4,True,True,15.09,,True,0.028012527901896404
29,49,0.18307,0.03154,0.168,0.0998,4,True,True,15.75,,True,0.0031014351525476165
29,50,0.17606,0.03341,0.1563,0.1331,4,True,True,16.57,,True,0.0038737637858081023
29,51,0.169,0.03528,0.1589,0.1566,4,True,True,17.69,,False,nan
29,52,0.16192,0.03716,0.2081,0.1776,2,False,True,18.44,too_close,False,nan
29,53,0.15503,0.03883,0.2548,0.206,1,False,True,19.68,too_close,False,nan
29,54,0.14829,0.04003,0.2522,0.2108,1,False,True,20.27,too_close,False,nan
29,55,0.14146,0.04085,0.2524,0.2166,1,False,True,21.15,too_close,False,nan
29,56,0.1346,0.04148,0.3026,0.2508,1,False,True,23.22,too_close,False,nan
29,57,0.12796,0.04167,0.3442,0.276,1,False,True,25.56,too_close,False,nan
29,58,0.12134,0.04119,0.3254,0.2648,1,False,True,25.91,too_close,False,nan
29,59,0.11424,0.0403,0.3083,0.2583,1,False,True,26.69,too_close,False,nan
29,60,0.10701,0.03931,0.3439,0.2366,0,False,True,28.53,too_close,False,nan
29,61,0.09967,0.03829,0.3806,0.2193,0,False,True,31.72,too_close,False,nan
29,62,0.09224,0.03726,0.3721,0.2568,0,False,True,33.67,too_close,False,nan
29,63,0.08474,0.03633,0.3469,0.2913,0,False,True,37.24,too_close,False,nan
29,64,0.07735,0.03573,0.3639,0.2736,0,False,True,41.19,too_close,False,nan
29,65,0.06992,0.03578,0.4505,0.2665,0,False,True,49.56,too_close,False,nan
29,66,0.06233,0.03652,0.5593,0.3329,0,False,True,57.26,too_close,False,nan
29,67,0.05489,0.03777,0.6585,0.4707,0,False,True,60.14,too_close,False,nan
29,68,0.04828,0.03945,0.828,0.6046,0,False,True,79.5,too_close,False,nan
29,69,0.04152,0.04144,1.1581,0.7396,0,False,False,103.27,lateral,False,nan
29,70,0.03389,0.04354,1.8239,1.0851,0,False,False,180.18,lateral,False,nan
29,71,0.02593,0.04547,3.3158,1.8715,0,False,False,626.77,lateral,False,nan
29,72,0.01798,0.04707,7.6087,3.6965,0,False,False,1051.28,lateral,False,nan
29,73,0.01337,0.0481,36.5454,15.8407,0,False,False,4814.22,behind,False,nan
29,74,0.01439,0.04835,25.2865,11.5777,0,False,False,1972.24,behind,False,nan
30,1,0.49782,0.16362,-0.1359,-0.2868,4,True,True,5.46,,True,0.03034619119463304
30,2,0.4933,0.15568,-0.0763,-0.2746,4,True,True,5.47,,True,0.026483262479091916
30,3,0.4879,0.14816,-0.0213,-0.2597,4,True,True,5.54,,True,0.024749864327665596
30,4,0.48209,0.14129,-0.0066,-0.2495,4,True,True,5.6,,True,0.025562683667357946
30,5,0.4761,0.13512,-0.0273,-0.2555,4,True,True,5.71,,True,0.02131675057820897
30,6,0.47015,0.12947,-0.0353,-0.2396,4,True,True,5.87,,True,0.02622857852118269
30,7,0.46427,0.12429,-0.01,-0.2281,4,True,True,6.05,,True,0.02497297109433217
30,8,0.45812,0.11967,-0.0002,-0.2119,4,True,True,6.01,,True,0.025095851280677147
30,9,0.45185,0.11577,-0.0289,-0.2016,4,True,True,6.01,,True,0.0207022756480419
30,10,0.44573,0.1126,-0.0535,-0.2305,4,True,True,6.3,,True,0.02338928350779468
30,11,0.43959,0.10984,-0.0909,-0.2535,4,True,True,6.57,,True,0.020262533247729746
30,12,0.43355,0.10711,-0.1356,-0.2352,4,True,True,6.59,,True,0.018969671708439734
30,13,0.42758,0.10433,-0.1427,-0.1863,4,True,True,6.55,,True,0.0182760484715529
30,14,0.42179,0.10177,-0.1393,-0.1547,4,True,True,6.75,,True,0.023619573389880875
30,15,0.41604,0.09969,-0.1646,-0.1607,4,True,True,6.99,,True,0.021166562442391013
30,16,0.41021,0.09793,-0.1887,-0.1983,4,True,True,6.98,,True,0.019198529066122322
30,17,0.40424,0.09605,-0.1718,-0.2312,4,True,True,6.97,,True,0.02089809105844728
30,18,0.39796,0.0938,-0.1467,-0.2339,4,True,True,7.1,,True,0.017484324213498287
30,19,0.39145,0.09126,-0.1585,-0.1989,4,True,True,7.33,,True,0.017056348510078655
30,20,0.38546,0.08858,-0.1725,-0.1628,4,True,True,7.27,,True,0.016319997975087
30,21,0.37969,0.08594,-0.1494,-0.1633,4,True,True,7.3,,True,0.016284153245446416
30,22,0.3735,0.08345,-0.1246,-0.166,4,True,True,7.32,,True,0.017325716033448287
30,23,0.367,0.08122,-0.1375,-0.1326,4,True,True,7.54,,True,0.016695796487127032
30,24,0.36092,0.07943,-0.1508,-0.0998,4,True,True,7.69,,True,0.016434927055663823
30,25,0.35499,0.07817,-0.139,-0.1051,4,True,True,8.0,,True,0.01674116416722164
30,26,0.34867,0.07747,-0.1374,-0.1135,4,True,True,8.08,,True,0.01554730146562199
30,27,0.34213,0.07732,-0.1705,-0.1332,4,True,True,8.07,,True,0.015742834451347377
30,28,0.33567,0.07744,-0.2033,-0.1478,4,True,True,8.36,,True,0.015936851724547157
30,29,0.3294,0.07752,-0.2045,-0.1599,4,True,True,8.58,,True,0.014172247333750722
30,30,0.32305,0.07749,-0.2069,-0.1698,4,True,True,8.94,,True,0.016691277524283187
30,31,0.31658,0.07736,-0.2374,-0.1535,4,True,True,9.0,,True,0.016074659915445915
30,32,0.31027,0.07702,-0.2616,-0.1418,4,True,True,9.14,,True,0.015626269294388564
30,33,0.30396,0.07638,-0.2516,-0.1564,4,True,True,9.56,,True,0.014937959040829833
30,34,0.29751,0.07549,-0.2427,-0.1679,4,True,True,9.98,,True,0.013417737482735885
30,35,0.2909,0.07444,-0.2619,-0.1534,4,True,True,10.09,,True,0.013266979129145281
30,36,0.28412,0.07327,-0.2762,-0.1019,4,True,True,10.08,,True,0.013285088055413554
30,37,0.27749,0.07203,-0.2553,-0.0455,4,True,True,10.29,,True,0.011712525880973584
30,38,0.27102,0.07105,-0.2397,-0.0294,4,True,True,10.62,,True,0.013640807334374493
30,39,0.26441,0.07055,-0.2619,-0.0219,4,True,True,10.75,,True,0.012719530442526467
30,40,0.25766,0.0704,-0.283,0.0202,4,True,True,11.18,,True,0.013786649507512265
30,41,0.25098,0.07047,-0.2913,0.0664,4,True,True,11.7,,True,0.014708736429642428
30,42,0.24439,0.0707,-0.3246,0.071,4,True,True,12.13,,True,0.012412281060503206
30,43,0.23789,0.07084,-0.3558,0.0579,4,True,True,12.6,,False,nan
30,44,0.2312,0.07063,-0.3885,0.0362,3,False,True,13.09,tilt,False,nan
30,45,0.22441,0.06986,-0.4123,0.0314,2,False,True,13.59,tilt,False,nan
30,46,0.21781,0.06837,-0.3925,0.0173,2,False,True,14.0,tilt,False,nan
30,47,0.21093,0.06632,-0.3781,-0.0494,2,False,True,14.29,tilt,False,nan
30,48,0.20355,0.06385,-0.4066,-0.1094,2,False,True,15.3,tilt,False,nan
30,49,0.19616,0.06068,-0.4312,-0.1141,2,False,True,16.58,too_close,False,nan
30,50,0.18912,0.0565,-0.4028,-0.078,2,False,True,16.93,too_close,False,nan
30,51,0.18244,0.05145,-0.3238,-0.057,2,False,True,16.28,too_close,False,nan
30,52,0.17535,0.04606,-0.2495,-0.067,3,False,True,16.37,too_close,False,nan
30,53,0.16795,0.04084,-0.2176,-0.0578,3,False,True,17.23,too_close,False,nan
30,54,0.16104,0.03601,-0.1796,-0.0082,4,True,True,18.07,,False,nan
30,55,0.15449,0.03176,-0.1479,0.0294,4,True,True,19.16,,False,nan
30,56,0.14757,0.02825,-0.1569,0.0294,2,False,True,20.26,too_close,False,nan
30,57,0.14029,0.02531,-0.1615,0.017,1,False,True,21.26,too_close,False,nan
30,58,0.13302,0.02275,-0.1715,0.0203,1,False,True,22.79,too_close,False,nan
30,59,0.12572,0.02042,-0.178,0.0093,0,False,True,24.41,too_close,False,nan
30,60,0.11801,0.0182,-0.1873,-0.0399,0,False,True,26.53,too_close,False,nan
30,61,0.11017,0.01593,-0.1894,-0.0795,0,False,True,28.3,too_close,False,nan
30,62,0.10253,0.01344,-0.1463,-0.0791,0,False,True,30.17,too_close,False,nan
30,63,0.09493,0.01097,-0.1012,-0.0887,0,False,True,32.75,too_close,False,nan
30,64,0.08714,0.00883,-0.0931,-0.1008,0,False,True,36.31,too_close,False,nan
30,65,0.07924,0.00724,-0.0777,-0.0785,0,False,True,40.96,too_close,False,nan
30,66,0.07167,0.00696,-0.0232,-0.0706,0,False,True,48.25,too_close,False,nan
30,67,0.06408,0.00873,0.0817,-0.1166,0,False,True,54.58,too_close,False,nan
30,68,0.05604,0.01171,0.2148,-0.22,0,False,True,64.97,too_close,False,nan
30,69,0.04777,0.01481,0.3464,-0.3405,0,False,True,96.49,too_close,False,nan
30,70,0.03965,0.01762,0.4925,-0.4439,0,False,True,135.96,too_close,False,nan
30,71,0.03179,0.02046,0.7918,-0.5384,0,False,True,208.2,too_close,False,nan
30,72,0.02393,0.02385,1.6387,-0.7171,0,False,False,518.21,lateral,False,nan
30,73,0.01605,0.02787,5.4915,-1.5174,0,False,False,629.21,lateral,False,nan
30,74,0.01308,0.03147,23.092,-4.8709,0,False,False,8055.97,behind,False,nan
31,1,0.49751,0.22202,-0.4305,0.179,4,True,True,5.65,,True,0.016575661132165336
31,2,0.49207,0.21986,-0.4786,0.1797,4,True,True,5.98,,True,0.020297790057278952
31,3,0.4858,0.21736,-0.5285,0.1981,4,True,True,6.23,,True,0.02103030993083695
31,4,0.47955,0.21408,-0.5275,0.211,4,True,True,6.54,,True,0.013210529011768727
31,5,0.47361,0.20987,-0.5224,0.2517,4,True,True,6.67,,True,0.02272737263758008
31,6,0.46745,0.20473,-0.5073,0.2982,4,True,True,6.67,,True,0.015769468699899754
31,7,0.46105,0.19852,-0.4501,0.2898,4,True,True,6.43,,True,0.019487496457657003
31,8,0.45494,0.19149,-0.4102,0.2676,4,True,True,6.51,,True,0.013407668076048186
31,9,0.44915,0.18395,-0.4144,0.2899,4,True,True,6.91,,True,0.01872403811131063
31,10,0.44317,0.1758,-0.401,0.3223,4,True,True,7.04,,True,0.012797717588227385
31,11,0.43685,0.16687,-0.336,0.3144,4,True,True,6.69,,True,0.011596768301408617
31,12,0.43037,0.15742,-0.2834,0.2572,4,True,True,6.43,,True,0.014948999791852493
31,13,0.42406,0.14791,-0.2819,0.1941,4,True,True,6.61,,True,0.01415698356962881
31,14,0.4182,0.13858,-0.2763,0.1682,4,True,True,6.85,,True,0.01429703283800914
31,15,0.41261,0.12946,-0.2251,0.1451,4,True,True,6.71,,True,0.010996741353497309
31,16,0.40663,0.12083,-0.1775,0.1232,4,True,True,6.55,,True,0.012762190514584193
31,17,0.40027,0.11306,-0.1713,0.1283,4,True,True,6.68,,True,0.010510771859605002
31,18,0.3942,0.10615,-0.2048,0.1251,4,True,True,7.0,,True,0.012075393137522568
31,19,0.3885,0.09978,-0.2299,0.0881,4,True,True,7.1,,True,0.011740823559500438
31,20,0.38256,0.0937,-0.2166,0.0537,4,True,True,7.25,,True,0.018195222295654206
31,21,0.37633,0.08799,-0.2093,0.0521,4,True,True,7.37,,True,0.009489209686007034
31,22,0.37033,0.08266,-0.1942,0.0493,4,True,True,7.45,,True,0.01304559324528632
31,23,0.36421,0.07768,-0.1813,0.0146,4,True,True,7.65,,True,0.013380471547656486
31,24,0.35781,0.07319,-0.1638,-0.0163,4,True,True,7.84,,True,0.013501500406286891
31,25,0.35133,0.06934,-0.149,-0.0152,4,True,True,7.95,,True,0.009672125811954509
31,26,0.34485,0.06618,-0.1724,0.0257,4,True,True,8.27,,True,0.008848914025424067
31,27,0.33871,0.06336,-0.1904,0.0694,4,True,True,8.44,,True,0.01016795511209745
31,28,0.33264,0.06051,-0.1703,0.0768,4,True,True,8.4,,True,0.007914063934924947
31,29,0.3263,0.05767,-0.1585,0.0492,4,True,True,8.6,,True,0.012973143916596526
31,30,0.31981,0.05497,-0.1856,0.0336,4,True,True,8.9,,True,0.008883181052020572
31,31,0.31357,0.05222,-0.2077,0.0619,4,True,True,9.03,,True,0.010568313107638887
31,32,0.30757,0.04908,-0.1927,0.0844,4,True,True,9.44,,True,0.0074096257474865306
31,33,0.30143,0.04551,-0.1442,0.064,4,True,True,9.44,,True,0.011823014622280595
31,34,0.29492,0.04188,-0.1025,0.0463,4,True,True,9.35,,True,0.014720066420625505
31,35,0.28827,0.03856,-0.0976,0.0572,4,True,True,9.65,,True,0.00721075287370887
31,36,0.28206,0.03558,-0.0873,0.0561,4,True,True,9.95,,True,0.008186685247435444
31,37,0.27589,0.03294,-0.0687,0.0157,4,True,True,10.2,,True,0.007982777414459736
31,38,0.26937,0.03084,-0.076,-0.0236,4,True,True,10.53,,True,0.007864010817243458
31,39,0.26255,0.02926,-0.1211,-0.0248,4,True,True,11.09,,True,0.009312792515993618
31,40,0.25621,0.02777,-0.1613,-0.0256,4,True,True,11.35,,True,0.01102626372283855
31,41,0.25006,0.02593,-0.1607,-0.0202,4,True,True,11.61,,True,0.01118914903750653
31,42,0.24357,0.0237,-0.119,0.0197,4,True,True,11.71,,True,0.0040997307343358744
31,43,0.23734,0.0213,-0.0715,0.0568,4,True,True,12.02,,True,0.004315515466636435
31,44,0.2313,0.01902,-0.0515,0.06,4,True,True,12.31,,True,0.010299523658689521
31,45,0.22506,0.01696,-0.029,0.0269,4,True,True,12.95,,True,0.010179952221180351
31,46,0.21857,0.01532,-0.0136,-0.003,4,True,True,13.16,,True,0.010149508173460874
31,47,0.21173,0.01433,-0.0368,0.0054,4,True,True,13.57,,True,0.005334634400871291
31,48,0.20512,0.01387,-0.0559,0.0115,4,True,True,14.22,,True,0.01255853408879528
31,49,0.1987,0.01378,-0.0364,0.0233,4,True,True,14.71,,True,0.01196086026343884
31,50,0.19213,0.01414,-0.0215,0.0722,4,True,True,14.91,,True,0.00680543173976404
31,51,0.18551,0.01477,-0.0432,0.1173,4,True,True,16.01,,True,0.009321173335240138
31,52,0.17898,0.01521,-0.0544,0.1243,4,True,True,16.61,,True,0.006829561338056681
31,53,0.17244,0.01525,-0.0662,0.0915,4,True,True,16.78,,True,0.0052392348016397795
31,54,0.16585,0.0151,-0.0732,0.0629,4,True,True,17.67,,True,0.0046422139401113924
31,55,0.15914,0.01502,-0.0464,0.0723,4,True,True,18.54,,True,0.006078912251707135
31,56,0.15198,0.01517,-0.0245,0.0823,3,False,True,19.91,too_close,False,nan
31,57,0.1448,0.01558,-0.0372,0.0953,3,False,True,20.67,too_close,False,nan
31,58,0.13802,0.01623,-0.052,0.1009,1,False,True,21.57,too_close,False,nan
31,59,0.13132,0.01709,-0.0352,0.1137,0,False,True,22.82,too_close,False,nan
31,60,0.12424,0.01823,-0.0219,0.1715,0,False,True,24.53,too_close,False,nan
31,61,0.11743,0.01937,-0.039,0.2292,0,False,True,26.83,too_close,False,nan
31,62,0.11106,0.02014,-0.0493,0.2465,0,False,True,28.53,too_close,False,nan
31,63,0.10441,0.02059,-0.0273,0.223,0,False,True,29.42,too_close,False,nan
31,64,0.09712,0.02111,-0.0072,0.2099,0,False,True,32.59,too_close,False,nan
31,65,0.08976,0.02212,0.0161,0.2452,0,False,True,35.62,too_close,False,nan
31,66,0.0828,0.02372,0.0766,0.2972,0,False,True,38.46,too_close,False,nan
31,67,0.07564,0.02582,0.1319,0.3331,0,False,True,43.98,too_close,False,nan
31,68,0.06793,0.02845,0.1602,0.3963,0,False,True,51.05,too_close,False,nan
31,69,0.06035,0.03183,0.2368,0.5298,0,False,True,56.61,too_close,False,nan
31,70,0.0532,0.03594,0.4132,0.6962,0,False,True,63.38,too_close,False,nan
31,71,0.04563,0.04055,0.7313,0.9909,0,False,True,86.2,too_close,False,nan
31,72,0.0376,0.04527,1.3122,1.5305,0,False,False,159.95,lateral,False,nan
31,73,0.02949,0.04961,2.4007,2.37,0,False,False,331.02,lateral,False,nan
31,74,0.02175,0.05347,4.8586,4.3305,0,False,False,681.77,lateral,False,nan
31,75,0.01475,0.05702,20.1768,17.7793,0,False,False,8369.78,behind,False,nan
31,76,0.01324,0.05941,42.1859,36.1307,0,False,False,11478.57,behind,False,nan
32,1,0.49757,0.21826,0.0074,0.4314,4,True,True,5.53,,True,0.012109361739735772
32,2,0.49215,0.21385,-0.0437,0.4174,4,True,True,5.6,,True,0.016160484452329222
32,3,0.48549,0.20976,-0.1036,0.4434,4,True,True,5.8,,True,0.024972239510731225
32,4,0.47853,0.20579,-0.122,0.4624,4,True,True,6.12,,True,0.0073528367329807574
32,5,0.47181,0.20164,-0.1147,0.4418,4,True,True,6.08,,True,0.010167403323198886
32,6,0.46506,0.19741,-0.1302,0.4294,4,True,True,6.02,,True,0.016837299020463374
32,7,0.45824,0.19318,-0.1506,0.4569,4,True,True,6.24,,True,0.011493870042656219
32,8,0.45192,0.18873,-0.13,0.4751,4,True,True,6.39,,True,0.012791744047530718
32,9,0.44639,0.18383,-0.0495,0.4475,4,True,True,6.28,,True,0.00832774025968071
32,10,0.44104,0.17868,0.0275,0.4227,4,True,True,6.48,,True,0.011888016490152127
32,11,0.43568,0.17347,0.0536,0.4381,4,True,True,6.56,,True,0.00868999136166327
32,12,0.43034,0.16806,0.0394,0.447,4,True,True,6.56,,True,0.011615405135440193
32,13,0.42484,0.16229,0.0342,0.4113,4,True,True,6.57,,True,0.02600881702450133
32,14,0.41887,0.15632,0.036,0.3795,4,True,True,6.65,,True,0.010300467526874904
32,15,0.41274,0.15037,0.0022,0.3877,4,True,True,6.75,,True,0.012694800621731402
32,16,0.40689,0.14433,-0.0225,0.3875,4,True,True,7.02,,True,0.026885284266294697
32,17,0.40123,0.13812,0.0072,0.3437,4,True,True,6.91,,True,0.0070101835261434245
32,18,0.39535,0.13196,0.0331,0.3031,4,True,True,6.96,,True,0.023636478310297995
32,19,0.38929,0.12615,0.0133,0.3007,4,True,True,7.14,,True,0.00628597990599636
32,20,0.38347,0.1207,0.0024,0.2912,4,True,True,7.37,,True,0.012163712895448264
32,21,0.37775,0.1156,0.0213,0.2425,4,True,True,7.32,,True,0.00958013196826969
32,22,0.37166,0.11113,0.0213,0.1995,4,True,True,7.48,,True,0.009493018782016548
32,23,0.3653,0.10767,-0.0058,0.1958,4,True,True,7.62,,True,0.006900638729033962
32,24,0.35905,0.1053,-0.0157,0.231,4,True,True,7.78,,True,0.009282613738983505
32,25,0.35306,0.10375,0.0214,0.2617,4,True,True,7.84,,True,0.0087494784451106
32,26,0.3472,0.10267,0.0528,0.2531,4,True,True,8.0,,True,0.011238449998133108
32,27,0.34117,0.10206,0.0384,0.2498,4,True,True,8.14,,True,0.011072991866895091
32,28,0.33494,0.10197,0.0239,0.2842,4,True,True,8.32,,True,0.0097306820298111
32,29,0.32877,0.10223,0.053,0.3121,4,True,True,8.49,,True,0.007456587214105202
32,30,0.32279,0.10259,0.0754,0.2986,4,True,True,8.8,,True,0.008301969004488638
32,31,0.31666,0.10313,0.0497,0.2901,4,True,True,8.78,,True,0.006528053227289435
32,32,0.3103,0.10405,0.0306,0.3199,4,True,True,8.93,,True,0.005557268531550588
32,33,0.30414,0.10526,0.0622,0.3419,4,True,True,9.35,,True,0.007276935291033228
32,34,0.29827,0.1066,0.0915,0.3668,4,True,True,9.84,,True,0.006999213512669889
32,35,0.29248,0.10793,0.0695,0.3871,4,True,True,9.89,,True,0.0058614246186326074
32,36,0.2865,0.10916,0.0468,0.412,4,True,True,9.88,,True,0.008071522386626602
32,37,0.28058,0.11028,0.0746,0.4282,4,True,True,10.17,,True,0.008762281569288186
32,38,0.27495,0.11119,0.0996,0.4469,4,True,True,10.45,,True,0.0060897296155359715
32,39,0.26937,0.11184,0.0749,0.4592,4,True,True,10.61,,False,nan
32,40,0.26346,0.11223,0.059,0.4735,4,True,True,11.03,,False,nan
32,41,0.25766,0.11242,0.1008,0.4756,3,False,True,11.11,tilt,False,nan
32,42,0.25209,0.11241,0.1408,0.4786,2,False,True,11.39,tilt,False,nan
32,43,0.24658,0.11221,0.1257,0.4853,2,False,True,11.59,tilt,False,nan
32,44,0.24064,0.11188,0.1161,0.5016,2,False,True,12.08,too_close,False,nan
32,45,0.23431,0.11147,0.1653,0.5058,2,False,True,12.32,too_close,False,nan
32,46,0.22809,0.11095,0.2505,0.4787,2,False,True,12.62,too_close,False,nan
32,47,0.22181,0.11033,0.3151,0.4759,2,False,True,13.6,too_close,False,nan
32,48,0.2153,0.10951,0.3462,0.5136,1,False,True,14.51,too_close,False,nan
32,49,0.20891,0.10822,0.3525,0.5275,1,False,True,14.62,too_close,False,nan
32,50,0.20244,0.10635,0.3064,0.4899,2,False,True,14.23,too_close,False,nan
32,51,0.19566,0.10426,0.2483,0.4745,2,False,True,14.6,too_close,False,nan
32,52,0.18869,0.10237,0.2376,0.5087,2,False,True,15.41,too_close,False,nan
32,53,0.1816,0.10067,0.2892,0.5301,1,False,True,15.94,too_close,False,nan
32,54,0.17474,0.09897,0.3296,0.5013,1,False,True,16.37,too_close,False,nan
32,55,0.16797,0.09734,0.3563,0.4927,1,False,True,17.68,too_close,False,nan
32,56,0.16077,0.09585,0.3887,0.5339,1,False,True,19.14,too_close,False,nan
32,57,0.1536,0.09431,0.4498,0.5559,1,False,True,20.16,too_close,False,nan
32,58,0.1468,0.09248,0.4978,0.5499,1,False,True,21.26,too_close,False,nan
32,59,0.14001,0.09029,0.4799,0.5763,1,False,True,22.48,too_close,False,nan
32,60,0.13287,0.0878,0.4588,0.5952,1,False,True,23.74,too_close,False,nan
32,61,0.12562,0.08512,0.4928,0.602,1,False,True,24.91,too_close,False,nan
32,62,0.11855,0.08226,0.5156,0.6261,1,False,True,26.13,too_close,False,nan
32,63,0.11144,0.07916,0.4581,0.6316,1,False,True,27.52,too_close,False,nan
32,64,0.10387,0.0761,0.4049,0.5895,1,False,True,29.1,too_close,False,nan
32,65,0.09623,0.07367,0.4287,0.5534,0,False,True,32.35,too_close,False,nan
32,66,0.0886,0.07227,0.5168,0.5932,0,False,True,37.36,too_close,False,nan
32,67,0.0808,0.07179,0.6055,0.7358,0,False,True,42.65,too_close,False,nan
32,68,0.07285,0.07182,0.6829,0.9794,0,False,True,47.46,too_close,False,nan
32,69,0.06534,0.07188,0.7691,1.2326,0,False,False,59.47,lateral,False,nan
32,70,0.05856,0.07161,0.8553,1.4402,0,False,False,75.83,lateral,False,nan
32,71,0.05192,0.07096,0.9474,1.6492,0,False,False,88.71,lateral,False,nan
32,72,0.04464,0.07002,1.2137,2.039,0,False,False,114.72,lateral,False,nan
32,73,0.03704,0.06873,1.7506,2.5971,0,False,False,161.69,lateral,False,nan
32,74,0.02978,0.06703,2.2021,2.9532,0,False,False,148.4,lateral,False,nan
32,75,0.02251,0.06532,2.9209,3.8531,0,False,False,327.94,lateral,False,nan
32,76,0.0149,0.06396,10.3771,13.5251,0,False,False,13278.09,lateral,False,nan
32,77,0.01308,0.06356,36.9141,46.4296,0,False,False,2748.26,behind,False,nan
33,1,0.49874,0.1631,0.2784,0.2205,4,True,True,5.55,,True,0.02858687306095559
33,2,0.49494,0.17001,0.354,0.2562,4,True,True,5.93,,True,0.010876473267493386
33,3,0.48928,0.17637,0.4272,0.3236,4,True,True,6.45,,True,0.012164716057417214
33,4,0.48264,0.18153,0.4516,0.3877,4,True,True,6.67,,True,0.01665807250779163
33,5,0.47569,0.18503,0.432,0.3992,4,True,True,6.65,,True,0.014384370880807445
33,6,0.4692,0.18689,0.4286,0.3479,4,True,True,6.52,,True,0.012713992708026565
33,7,0.4633,0.18748,0.4682,0.3072,4,True,True,6.73,,True,0.014909685579540715
33,8,0.45723,0.18695,0.4971,0.3219,4,True,True,6.89,,True,0.018373308472715788
33,9,0.45063,0.18517,0.4846,0.3226,4,True,True,6.92,,True,0.012675530257328331
33,10,0.44402,0.18215,0.437,0.2614,4,True,True,6.62,,True,0.011920564980792301
33,11,0.43863,0.17832,0.3972,0.2132,4,True,True,6.49,,True,0.03252269010098752
33,12,0.43408,0.17425,0.3905,0.1837,4,True,True,6.51,,True,0.01003336380037742
33,13,0.42871,0.17018,0.3801,0.1581,4,True,True,6.72,,True,0.01282261992968681
33,14,0.42349,0.16626,0.336,0.1114,4,True,True,6.53,,True,0.010646453652740476
33,15,0.41999,0.16296,0.3,0.0762,4,True,True,6.4,,True,0.012716625290683233
33,16,0.41755,0.1607,0.3025,0.0552,4,True,True,6.67,,True,0.014000497282609782
33,17,0.41379,0.15933,0.3302,0.0384,4,True,True,7.04,,True,0.01811880533627823
33,18,0.40879,0.15871,0.3433,0.0463,4,True,True,7.07,,True,0.011141660154195154
33,19,0.4046,0.15879,0.3519,0.0385,4,True,True,6.83,,True,0.012612226896164971
33,20,0.40153,0.15947,0.3945,0.0408,4,True,True,6.94,,True,0.015171141132530664
33,21,0.39764,0.16039,0.439,0.0939,4,True,True,7.24,,True,0.01637615877893756
33,22,0.39223,0.16113,0.4444,0.1533,4,True,True,7.3,,True,0.015398541615624584
33,23,0.38658,0.16151,0.4173,0.169,4,True,True,7.28,,True,0.014406710372864492
33,24,0.38202,0.1617,0.4098,0.1271,4,True,True,7.19,,True,0.03492646720978379
33,25,0.37781,0.16194,0.4475,0.0909,4,True,True,7.45,,True,0.012908630813999676
33,26,0.37277,0.16213,0.4823,0.1067,4,True,True,7.69,,True,0.012072544174785553
33,27,0.36705,0.16201,0.4781,0.1144,4,True,True,7.86,,True,0.009928813025751559
33,28,0.36184,0.16159,0.4619,0.0659,4,True,True,7.77,,True,0.010657421680670793
33,29,0.35755,0.1611,0.4745,0.0269,4,True,True,7.98,,True,0.011945048804668224
33,30,0.3529,0.16061,0.4857,0.0436,4,True,True,8.13,,True,0.012538059823483905
33,31,0.34772,0.16006,0.4571,0.0535,4,True,True,8.11,,True,0.009973961443975296
33,32,0.34386,0.15969,0.4372,0.0522,4,True,True,7.97,,True,0.008463895034412913
33,33,0.34187,0.15974,0.4635,0.0946,4,True,True,8.39,,True,0.009556681665435456
33,34,0.33857,0.15999,0.4935,0.1732,4,True,True,8.83,,True,0.009049646511758038
33,35,0.33306,0.1601,0.4861,0.235,4,True,True,8.94,,True,0.010248856422477321
33,36,0.32765,0.15998,0.491,0.2425,4,True,True,9.14,,True,0.00833338746752489
33,37,0.32219,0.15964,0.5351,0.234,3,False,True,9.53,tilt,False,nan
33,38,0.31591,0.15889,0.5671,0.2604,3,False,True,9.8,tilt,False,nan
33,39,0.3092,0.15752,0.557,0.269,3,False,True,9.93,tilt,False,nan
33,40,0.30311,0.15554,0.5501,0.2107,3,False,True,9.79,tilt,False,nan
33,41,0.2975,0.15324,0.5523,0.1555,3,False,True,9.77,tilt,False,nan
33,42,0.29172,0.15081,0.5184,0.1134,4,True,True,9.68,,True,0.010141613847655289
33,43,0.28653,0.14859,0.4936,0.0291,4,True,True,10.12,,True,0.009870961595223828
33,44,0.28131,0.14691,0.5203,-0.0719,3,False,True,10.67,too_close,False,nan
33,45,0.27549,0.1457,0.5453,-0.1336,3,False,True,11.2,too_close,False,nan
33,46,0.26945,0.14482,0.5309,-0.1312,3,False,True,11.5,too_close,False,nan
33,47,0.26411,0.1444,0.5197,-0.0887,3,False,True,11.5,too_close,False,nan
33,48,0.25943,0.14464,0.5531,-0.0689,3,False,True,11.56,too_close,False,nan
33,49,0.25466,0.14536,0.5867,-0.0392,2,False,True,11.62,too_close,False,nan
33,50,0.24974,0.14644,0.5793,0.0532,2,False,True,11.46,too_close,False,nan
33,51,0.24576,0.14798,0.5851,0.1363,2,False,True,11.43,too_close,False,nan
33,52,0.24158,0.14995,0.65,0.2006,2,False,True,12.15,too_close,False,nan
33,53,0.23576,0.15199,0.7238,0.2902,2,False,True,14.11,too_close,False,nan
33,54,0.22915,0.15365,0.7392,0.3827,1,False,True,15.01,too_close,False,nan
33,55,0.22357,0.15465,0.7549,0.418,1,False,True,15.51,too_close,False,nan
33,56,0.21786,0.15502,0.8382,0.3787,1,False,True,16.95,too_close,False,nan
33,57,0.21127,0.15462,0.9216,0.3378,1,False,True,18.61,too_close,False,nan
33,58,0.20433,0.15321,0.9337,0.3323,1,False,True,18.92,too_close,False,nan
33,59,0.19725,0.15087,0.8731,0.2911,1,False,True,17.5,too_close,False,nan
33,60,0.19078,0.14806,0.8278,0.175,2,False,True,16.35,too_close,False,nan
33,61,0.18459,0.14538,0.8538,0.0693,2,False,True,16.53,too_close,False,nan
33,62,0.17763,0.14297,0.8855,0.0295,2,False,True,16.72,too_close,False,nan
33,63,0.17046,0.14079,0.8632,-0.0236,2,False,True,16.96,too_close,False,nan
33,64,0.16387,0.13907,0.8493,-0.1066,2,False,True,17.39,too_close,False,nan
33,65,0.15783,0.138,0.898,-0.1488,1,False,True,18.31,too_close,False,nan
33,66,0.15123,0.13741,0.9568,-0.1591,1,False,True,19.37,too_close,False,nan
33,67,0.14409,0.13715,0.9639,-0.2066,1,False,True,20.07,lateral,False,nan
33,68,0.1372,0.13733,0.9761,-0.2876,1,False,True,20.95,lateral,False,nan
33,69,0.13083,0.13805,1.0582,-0.3302,1,False,False,22.36,lateral,False,nan
33,70,0.12393,0.13912,1.2094,-0.3397,1,False,False,25.02,lateral,False,nan
33,71,0.11609,0.14024,1.3599,-0.3905,1,False,False,28.87,lateral,False,nan
33,72,0.10827,0.14119,1.4057,-0.4695,1,False,False,30.05,lateral,False,nan
33,73,0.10186,0.14209,1.434,-0.4821,1,False,False,29.14,lateral,False,nan
33,74,0.09643,0.14318,1.6006,-0.452,0,False,False,31.18,lateral,False,nan
33,75,0.09004,0.14439,1.8654,-0.4764,0,False,False,37.35,lateral,False,nan
33,76,0.08275,0.14548,2.0406,-0.5498,0,False,False,40.21,lateral,False,nan
33,77,0.07717,0.14643,2.1912,-0.5523,0,False,False,45.46,lateral,False,nan
33,78,0.07426,0.14733,2.5719,-0.4883,0,False,False,63.9,lateral,False,nan
33,79,0.0728,0.1479,3.009,-0.476,0,False,False,89.94,lateral,False,nan
33,80,0.07166,0.14776,3.1648,-0.6011,0,False,False,88.02,lateral,False,nan
33,81,0.07168,0.14672,2.8188,-0.7633,0,False,False,65.66,lateral,False,nan
33,82,0.07203,0.14505,2.4526,-0.8338,0,False,False,57.76,lateral,False,nan
33,83,0.07367,0.14313,2.363,-0.86,0,False,False,58.98,lateral,False,nan
33,84,0.07329,0.14109,2.485,-0.9326,0,False,False,62.8,lateral,False,nan
33,85,0.06884,0.13886,2.6912,-1.138,0,False,False,67.03,lateral,False,nan
33,86,0.0627,0.13625,2.7635,-1.3154,0,False,False,73.22,lateral,False,nan
33,87,0.05608,0.13335,2.8627,-1.3814,0,False,False,72.09,lateral,False,nan
33,88,0.04956,0.13035,3.4187,-1.7016,0,False,False,95.59,lateral,False,nan
33,89,0.04381,0.12719,4.16,-2.3736,0,False,False,153.79,lateral,False,nan
33,90,0.03844,0.12371,4.2945,-2.7369,0,False,False,155.84,lateral,False,nan
33,91,0.03261,0.12008,4.4195,-2.7855,0,False,False,127.79,lateral,False,nan
33,92,0.02864,0.11665,5.348,-3.2199,0,False,False,142.84,lateral,False,nan
33,93,0.02752,0.1135,5.9655,-3.7144,0,False,False,176.83,lateral,False,nan
33,94,0.02654,0.11043,5.2013,-3.3299,0,False,False,137.89,lateral,False,nan
33,95,0.02276,0.10758,5.1204,-3.0556,0,False,False,167.65,lateral,False,nan
33,96,0.01821,0.10535,6.9154,-3.9262,0,False,False,4060.04,lateral,False,nan
33,97,0.01746,0.10409,11.2423,-7.0168,0,False,False,623.66,lateral,False,nan
33,98,0.01889,0.10324,10.8781,-7.5078,0,False,False,333.76,lateral,False,nan
33,99,0.02007,0.10251,9.3967,-6.4935,0,False,False,295.21,lateral,False,nan
33,100,0.02241,0.10189,8.1708,-5.0759,0,False,False,563.33,lateral,False,nan
33,101,0.0246,0.10132,7.3092,-4.11,0,False,False,1094.32,lateral,False,nan
33,102,0.02538,0.10074,6.5535,-3.7714,0,False,False,1358.56,lateral,False,nan
33,103,0.02634,0.10022,5.2413,-3.5317,0,False,False,304.65,lateral,False,nan
33,104,0.02742,0.09993,4.397,-3.4487,0,False,False,167.31,lateral,False,nan
33,105,0.02813,0.09999,4.1333,-3.3765,0,False,False,183.77,lateral,False,nan
33,106,0.02747,0.10042,4.1676,-3.5753,0,False,False,226.11,lateral,False,nan
33,107,0.02684,0.10129,3.9445,-3.9731,0,False,False,169.46,lateral,False,nan
33,108,0.02573,0.10263,4.5266,-5.399,0,False,False,238.47,lateral,False,nan
33,109,0.02253,0.1042,9.0981,-11.5833,0,False,False,1029.42,lateral,False,nan
33,110,0.01724,0.1056,-354.7074,433.1738,0,False,False,524.94,behind,False,nan
33,111,0.0139,0.10647,13.5811,-16.5407,0,False,False,3962.58,lateral,False,nan
33,112,0.01303,0.10722,-63.549,85.895,0,False,False,297.43,behind,False,nan
33,113,0.01503,0.10795,6.8667,-9.708,0,False,False,806.75,lateral,False,nan
33,114,0.01578,0.10888,7.4543,-10.8099,0,False,False,1993.08,lateral,False,nan
33,115,0.01441,0.11004,31.7326,-44.0684,0,False,False,2100.79,behind,False,nan
33,116,0.0146,0.1112,13.9565,-18.8366,0,False,False,1495.76,lateral,False,nan
33,117,0.01354,0.11221,48.7249,-68.38,0,False,False,2191.0,behind,False,nan
33,118,0.01394,0.11282,14.6969,-20.7113,0,False,False,1587.74,lateral,False,nan
33,119,0.01646,0.11356,10.4897,-13.6312,0,False,False,729.14,lateral,False,nan
33,120,0.0198,0.11452,10.8594,-13.2375,0,False,False,538.63,lateral,False,nan
33,121,0.02307,0.11542,7.4876,-9.3621,0,False,False,348.13,lateral,False,nan
33,122,0.02539,0.11621,4.7542,-6.4117,0,False,False,196.29,lateral,False,nan
33,123,0.02644,0.11706,3.7077,-5.2696,0,False,False,167.86,lateral,False,nan
33,124,0.02555,0.11814,3.9891,-5.5684,0,False,False,161.12,lateral,False,nan
33,125,0.02227,0.11949,5.5782,-7.5981,0,False,False,230.49,lateral,False,nan
33,126,0.02165,0.12112,4.9399,-7.1955,0,False,False,275.4,lateral,False,nan
33,127,0.02432,0.12317,3.2983,-5.2389,0,False,False,169.82,lateral,False,nan
33,128,0.02393,0.12564,2.8791,-4.7844,0,False,False,158.16,lateral,False,nan
33,129,0.01917,0.12855,3.6067,-5.7859,0,False,False,349.78,lateral,False,nan
33,130,0.01301,0.13182,-47.124,67.0384,0,False,False,4519.48,behind,False,nan
33,131,0.0152,0.13366,7.5761,-10.7072,0,False,False,858.75,lateral,False,nan
33,132,0.01682,0.13556,5.3278,-7.7517,0,False,False,397.51,lateral,False,nan
33,133,0.01877,0.13811,8.5594,-12.0588,0,False,False,733.48,lateral,False,nan
33,134,0.02342,0.14105,11.5874,-15.3728,0,False,False,4424.98,lateral,False,nan
33,135,0.02819,0.14376,6.9125,-9.1952,0,False,False,3101.02,lateral,False,nan
33,136,0.03249,0.14621,4.2312,-5.9861,0,False,False,239.56,lateral,False,nan
33,137,0.03566,0.14859,3.7643,-5.5373,0,False,False,140.49,lateral,False,nan
33,138,0.038,0.15088,5.143,-7.4523,0,False,False,386.27,lateral,False,nan
33,139,0.04046,0.15262,6.8482,-10.1051,0,False,False,674.95,lateral,False,nan
33,140,0.04223,0.15341,5.513,-9.0213,0,False,False,7203.96,lateral,False,nan
33,141,0.04266,0.15327,3.983,-7.0581,0,False,False,326.67,lateral,False,nan
33,142,0.04307,0.15231,3.0418,-5.1432,0,False,False,130.38,lateral,False,nan
33,143,0.0422,0.15093,2.6123,-4.1859,0,False,False,106.64,lateral,False,nan
33,144,0.0408,0.14956,2.2599,-3.8578,0,False,False,104.81,lateral,False,nan
33,145,0.04086,0.14852,1.9692,-3.6965,0,False,False,81.81,lateral,False,nan
33,146,0.03911,0.14785,1.9489,-3.6977,0,False,False,74.48,lateral,False,nan
33,147,0.03365,0.14757,2.0877,-3.8991,0,False,False,86.19,lateral,False,nan
33,148,0.02703,0.14801,2.5328,-4.9659,0,False,False,119.27,lateral,False,nan
33,149,0.02371,0.14947,4.4185,-8.767,0,False,False,175.97,lateral,False,nan
33,150,0.0245,0.15143,8.5948,-15.4504,0,False,False,648.71,lateral,False,nan
33,151,0.02807,0.15314,6.2552,-10.4469,0,False,False,317.73,lateral,False,nan
33,152,0.03167,0.15457,4.364,-7.4865,0,False,False,171.42,lateral,False,nan
33,153,0.03461,0.15586,4.157,-7.1971,0,False,False,185.25,lateral,False,nan
33,154,0.03784,0.15691,3.6788,-5.8688,0,False,False,159.01,lateral,False,nan
33,155,0.03864,0.15778,3.2869,-4.9081,0,False,False,129.76,lateral,False,nan
33,156,0.03757,0.15862,3.6636,-5.593,0,False,False,132.56,lateral,False,nan
33,157,0.03753,0.15934,4.8794,-8.4575,0,False,False,364.55,lateral,False,nan
33,158,0.03799,0.15952,6.2363,-12.35,0,False,False,6991.19,lateral,False,nan
33,159,0.03854,0.15878,6.2761,-12.7079,0,False,False,1907.44,lateral,False,nan
33,160,0.03945,0.15699,5.3665,-9.8991,0,False,False,1235.36,lateral,False,nan
33,161,0.03928,0.15437,3.8536,-6.5138,0,False,False,193.44,lateral,False,nan
33,162,0.03688,0.15133,2.8892,-4.9045,0,False,False,112.5,lateral,False,nan
33,163,0.03287,0.14833,2.7289,-4.9841,0,False,False,127.52,lateral,False,nan
33,164,0.02975,0.14568,3.4511,-6.5385,0,False,False,179.52,lateral,False,nan
33,165,0.02713,0.14325,4.7358,-8.5237,0,False,False,256.33,lateral,False,nan
33,166,0.02228,0.14083,5.1437,-8.9594,0,False,False,298.81,lateral,False,nan
33,167,0.01531,0.13856,8.988,-16.5548,0,False,False,725.67,lateral,False,nan
33,168,0.0135,0.1371,116.9633,-220.6805,0,False,False,7480.75,behind,False,nan
33,169,0.01593,0.13604,15.6037,-29.5682,0,False,False,657.28,lateral,False,nan
33,170,0.01826,0.13499,4.9376,-10.1532,0,False,False,394.94,lateral,False,nan
33,171,0.01988,0.13432,2.6458,-5.9574,0,False,False,280.5,lateral,False,nan
33,172,0.0185,0.1342,3.0434,-7.2113,0,False,False,465.68,lateral,False,nan
33,173,0.01362,0.13443,-62.2652,145.6895,0,False,False,13418.49,behind,False,nan
33,174,0.01317,0.13477,35.7349,-84.0715,0,False,False,5224.38,behind,False,nan
33,175,0.01511,0.13503,-123.3815,264.4864,0,False,False,3416.59,behind,False,nan
33,176,0.01884,0.13504,181.7949,-361.8649,0,False,False,1719.78,behind,False,nan
33,177,0.02243,0.13456,7.879,-16.2605,0,False,False,626.91,lateral,False,nan
33,178,0.02214,0.13388,4.0845,-9.1706,0,False,False,215.21,lateral,False,nan
33,179,0.01727,0.13333,4.225,-9.7192,0,False,False,644.68,lateral,False,nan
33,180,0.01296,0.13307,-108.1071,237.2432,0,False,False,4011.36,behind,False,nan
33,181,0.01458,0.13318,10.5152,-24.546,0,False,False,832.75,lateral,False,nan
33,182,0.01605,0.13342,5.7056,-14.097,0,False,False,712.3,lateral,False,nan
33,183,0.01772,0.13401,5.938,-13.6821,0,False,False,386.68,lateral,False,nan
33,184,0.02065,0.13492,5.3028,-11.2987,0,False,False,317.04,lateral,False,nan
33,185,0.02333,0.136,4.6586,-10.1751,0,False,False,472.76,lateral,False,nan
33,186,0.02518,0.13715,4.7026,-10.6326,0,False,False,362.48,lateral,False,nan
33,187,0.02754,0.1382,4.4055,-9.261,0,False,False,318.93,lateral,False,nan
33,188,0.02882,0.13911,4.4438,-8.7688,0,False,False,339.31,lateral,False,nan
33,189,0.02893,0.13984,4.1452,-8.6525,0,False,False,241.33,lateral,False,nan
33,190,0.02949,0.14037,4.3565,-10.0844,0,False,False,339.28,lateral,False,nan
33,191,0.03006,0.14059,5.7514,-13.603,0,False,False,1743.9,lateral,False,nan
33,192,0.02817,0.14036,6.643,-15.9122,0,False,False,848.0,lateral,False,nan
33,193,0.02334,0.1397,9.6766,-26.2588,0,False,False,925.46,lateral,False,nan
33,194,0.01894,0.13854,-44.2539,135.5157,0,False,False,462.15,behind,False,nan
33,195,0.01735,0.1368,32.3789,-93.155,0,False,False,20158.01,behind,False,nan
33,196,0.01455,0.13476,9.4621,-24.7436,0,False,False,896.72,lateral,False,nan
33,197,0.01345,0.13327,42.4298,-112.5891,0,False,False,5573.24,behind,False,nan
33,198,0.0152,0.132,6.293,-19.1558,0,False,False,918.18,lateral,False,nan
33,199,0.01585,0.13101,4.8099,-16.6876,0,False,False,1268.81,lateral,False,nan
33,200,0.01615,0.13036,5.849,-19.3881,0,False,False,564.92,lateral,False,nan
33,201,0.01736,0.12994,3.6558,-11.2494,0,False,False,602.23,lateral,False,nan
33,202,0.01734,0.12984,2.8017,-9.0624,0,False,False,478.21,lateral,False,nan
33,203,0.0181,0.13038,3.6859,-12.1662,0,False,False,395.39,lateral,False,nan
33,204,0.01978,0.13137,6.1037,-18.585,0,False,False,541.03,lateral,False,nan
33,205,0.01968,0.13234,7.4521,-22.2433,0,False,False,286471.14,lateral,False,nan
33,206,0.01885,0.13316,8.1248,-27.8361,0,False,False,4546.51,lateral,False,nan
33,207,0.01919,0.13377,35.6564,-142.2054,0,False,False,566.59,behind,False,nan
33,208,0.02068,0.13387,-23.8278,92.091,0,False,False,335.15,behind,False,nan
33,209,0.02094,0.1333,-21.1442,77.2703,0,False,False,317.4,behind,False,nan
33,210,0.01883,0.13206,-22.6131,87.584,0,False,False,401.62,behind,False,nan
33,211,0.01512,0.13028,-88.6902,355.5683,0,False,False,1393.62,behind,False,nan
33,212,0.01311,0.12914,17.3228,-66.7735,0,False,False,4058.27,behind,False,nan
33,213,0.01437,0.12875,32.675,-128.71,0,False,False,4535.33,behind,False,nan
33,214,0.01576,0.12826,15.6617,-60.7618,0,False,False,8220.4,behind,False,nan
33,215,0.01592,0.12764,5.7262,-19.737,0,False,False,7423.46,lateral,False,nan
33,216,0.01362,0.12717,19.5072,-66.068,0,False,False,7316.81,behind,False,nan
33,217,0.01418,0.12677,39.6365,-143.8896,0,False,False,2444.85,behind,False,nan
33,218,0.01526,0.12628,5.7904,-22.3751,0,False,False,2659.13,lateral,False,nan
33,219,0.01367,0.12591,16.172,-62.638,0,False,False,6471.0,behind,False,nan
33,220,0.0139,0.12554,49.5529,-202.2469,0,False,False,2303.02,behind,False,nan
33,221,0.01486,0.12509,5.4699,-22.6795,0,False,False,2378.36,lateral,False,nan
33,222,0.0131,0.12478,31.2768,-126.7028,0,False,False,4233.51,behind,False,nan
33,223,0.0133,0.12446,55.362,-233.4569,0,False,False,5224.09,behind,False,nan
33,224,0.01441,0.12417,6.647,-26.8036,0,False,False,1047.03,lateral,False,nan
33,225,0.01337,0.12394,32.5973,-122.5632,0,False,False,12880.34,behind,False,nan
33,226,0.01326,0.12393,36.1848,-136.3805,0,False,False,17205.07,behind,False,nan
33,227,0.01428,0.12393,7.9641,-32.8146,0,False,False,3351.22,lateral,False,nan
33,228,0.01522,0.12399,4.894,-21.9133,0,False,False,896.85,lateral,False,nan
33,229,0.01647,0.12423,5.3462,-21.6714,0,False,False,598.85,lateral,False,nan
33,230,0.01522,0.12456,17.4092,-61.6648,0,False,False,4407.56,behind,False,nan
33,231,0.01321,0.12495,16.7736,-58.9566,0,False,False,1976.16,behind,False,nan
33,232,0.01434,0.12522,25.7557,-101.2268,0,False,False,4827.08,behind,False,nan
33,233,0.01475,0.12542,18.9101,-83.5853,0,False,False,6281.0,behind,False,nan
33,234,0.01476,0.12555,5.4617,-23.2742,0,False,False,1444.82,lateral,False,nan
33,235,0.01335,0.12574,22.8457,-95.3138,0,False,False,3428.54,behind,False,nan
33,236,0.01423,0.12577,8.6089,-39.3318,0,False,False,2434.76,lateral,False,nan
33,237,0.01507,0.12583,5.0386,-25.0215,0,False,False,1211.52,lateral,False,nan
33,238,0.0162,0.12603,5.536,-24.5215,0,False,False,965.99,lateral,False,nan
33,239,0.01487,0.12632,17.7547,-68.2714,0,False,False,3004.32,behind,False,nan
33,240,0.01316,0.1265,16.1719,-61.0556,0,False,False,2211.37,behind,False,nan
33,241,0.0142,0.12647,9.7093,-40.0816,0,False,False,3847.52,lateral,False,nan
33,242,0.0147,0.12648,10.5119,-47.5007,0,False,False,10233.36,behind,False,nan
33,243,0.01521,0.12648,8.7563,-36.2532,0,False,False,4069.16,lateral,False,nan
33,244,0.01376,0.12655,13.2323,-50.8003,0,False,False,1529.23,behind,False,nan
33,245,0.01334,0.12642,24.7067,-95.766,0,False,False,2495.07,behind,False,nan
33,246,0.01431,0.12631,8.6764,-37.055,0,False,False,2115.85,lateral,False,nan
33,247,0.01495,0.12624,6.4596,-30.328,0,False,False,1300.05,lateral,False,nan
33,248,0.01602,0.12627,4.8257,-20.4815,0,False,False,1298.94,lateral,False,nan
33,249,0.01504,0.12644,6.5917,-24.9014,0,False,False,5245.51,lateral,False,nan
33,250,0.01317,0.1268,22.0067,-83.3589,0,False,False,2689.48,behind,False,nan
33,251,0.01431,0.12709,8.2242,-34.503,0,False,False,1820.66,lateral,False,nan
33,252,0.01493,0.12744,6.2781,-29.167,0,False,False,2138.59,lateral,False,nan
33,253,0.01597,0.12789,6.2954,-26.7991,0,False,False,17808.54,lateral,False,nan
33,254,0.0153,0.12841,10.4702,-40.4146,0,False,False,6652.64,lateral,False,nan
33,255,0.01314,0.12887,17.4991,-68.4243,0,False,False,2443.94,behind,False,nan
33,256,0.01425,0.12904,8.2491,-36.1163,0,False,False,2842.32,lateral,False,nan
33,257,0.01486,0.12926,7.1122,-34.9291,0,False,False,4539.43,lateral,False,nan
33,258,0.01581,0.12952,25.0643,-113.8573,0,False,False,3027.57,behind,False,nan
33,259,0.01545,0.12973,-41.5665,177.0157,0,False,False,1376.9,behind,False,nan
33,260,0.01309,0.12987,14.0582,-59.9328,0,False,False,2255.95,behind,False,nan
33,261,0.01438,0.12982,45.1915,-215.7618,0,False,False,2615.17,behind,False,nan
33,262,0.01569,0.12966,25.8619,-135.7373,0,False,False,1013.22,behind,False,nan
33,263,0.01498,0.12934,5.9503,-29.7407,0,False,False,4208.38,lateral,False,nan
33,264,0.01315,0.12924,14.7902,-74.7575,0,False,False,2484.07,behind,False,nan
33,265,0.01429,0.12931,5.35,-30.246,0,False,False,1876.89,lateral,False,nan
33,266,0.01526,0.12949,3.9926,-24.8794,0,False,False,1641.72,lateral,False,nan
33,267,0.01648,0.12982,3.992,-21.4874,0,False,False,3518.84,lateral,False,nan
33,268,0.01539,0.13028,6.4568,-29.4174,0,False,False,2693.56,lateral,False,nan
33,269,0.01313,0.13064,16.4802,-73.7586,0,False,False,2974.45,behind,False,nan
33,270,0.01426,0.13062,6.2223,-30.8571,0,False,False,1573.57,lateral,False,nan
33,271,0.01501,0.13069,4.6745,-25.5873,0,False,False,1313.83,lateral,False,nan
33,272,0.01617,0.13093,6.6781,-32.4866,0,False,False,1561.95,lateral,False,nan
33,273,0.01521,0.13122,26.9461,-113.4954,0,False,False,2654.24,behind,False,nan
33,274,0.01318,0.1316,14.7712,-61.9077,0,False,False,2043.48,behind,False,nan
33,275,0.01442,0.13173,37.6284,-180.0232,0,False,False,3790.51,behind,False,nan
33,276,0.01542,0.13171,-27.4413,147.8048,0,False,False,826.79,behind,False,nan
33,277,0.01591,0.13137,19.2197,-92.1909,0,False,False,3993.24,behind,False,nan
33,278,0.01366,0.13086,17.0261,-71.9362,0,False,False,1852.61,behind,False,nan
33,279,0.01331,0.13077,15.2856,-64.7324,0,False,False,1823.75,behind,False,nan
33,280,0.01438,0.13075,7.054,-32.9113,0,False,False,3389.86,lateral,False,nan
33,281,0.01483,0.1308,6.2543,-33.8153,0,False,False,78825.04,lateral,False,nan
33,282,0.01558,0.13091,-134.4477,718.1068,0,False,False,9672.66,behind,False,nan
33,283,0.01666,0.13078,-11.0109,59.815,0,False,False,910.72,behind,False,nan
33,284,0.01779,0.13011,-99.1627,701.6252,0,False,False,905.74,behind,False,nan
33,285,0.01713,0.129,6.4342,-65.9099,0,False,False,3167.16,behind,False,nan
33,286,0.01372,0.1277,12.6472,-151.0028,0,False,False,4036.06,behind,False,nan
33,287,0.01315,0.12721,8.3059,-90.7134,0,False,False,7114.95,behind,False,nan
33,288,0.01364,0.127,16.2871,-175.8,0,False,False,3821.48,behind,False,nan
33,289,0.01431,0.12682,4.0719,-34.864,0,False,False,4113.21,lateral,False,nan
33,290,0.01319,0.12678,15.764,-117.1421,0,False,False,3655.9,behind,False,nan
33,291,0.01366,0.12686,5.3908,-46.0922,0,False,False,1490.23,behind,False,nan
33,292,0.01432,0.12697,7.7203,-70.4722,0,False,False,8099.06,behind,False,nan
33,293,0.01349,0.12715,11.5797,-94.4666,0,False,False,2506.99,behind,False,nan
33,294,0.01347,0.12717,10.4043,-84.8832,0,False,False,1909.36,behind,False,nan
33,295,0.0141,0.12719,5.1223,-41.6766,0,False,False,1772.74,lateral,False,nan
33,296,0.01418,0.12727,4.4293,-36.4897,0,False,False,1407.24,lateral,False,nan
33,297,0.0142,0.1274,22.6451,-183.5456,0,False,False,6820.02,behind,False,nan
33,298,0.01451,0.12737,13.6282,-113.5484,0,False,False,3503.81,behind,False,nan
33,299,0.01333,0.12721,17.07,-153.0081,0,False,False,3845.56,behind,False,nan
33,300,0.01337,0.12722,7.0297,-61.9298,0,False,False,1793.97,behind,False,nan
34,1,0.49877,0.23676,0.1587,-0.4877,4,True,True,5.63,,True,0.02139742729957415
34,2,0.49499,0.23789,0.2224,-0.5587,4,True,True,6.01,,True,0.022481587378710914
34,3,0.48981,0.23834,0.2587,-0.6347,4,True,True,6.37,,False,nan
34,4,0.4847,0.23743,0.2525,-0.6537,3,False,True,6.48,tilt,False,nan
34,5,0.47958,0.23501,0.2287,-0.6075,4,True,True,6.31,,True,0.01486042687533699
34,6,0.47462,0.23138,0.2295,-0.5599,4,True,True,6.21,,True,0.01914117095852212
34,7,0.46914,0.2269,0.2653,-0.5639,4,True,True,6.62,,True,0.011061024413400627
34,8,0.46228,0.22158,0.2731,-0.571,4,True,True,6.77,,True,0.010105680164209284
34,9,0.45513,0.21522,0.2116,-0.5327,4,True,True,6.4,,True,0.014693260473276324
34,10,0.44861,0.20808,0.1564,-0.4953,4,True,True,6.48,,True,0.013082161052413803
34,11,0.4425,0.20055,0.1589,-0.4953,4,True,True,6.59,,True,0.019161586331592585
34,12,0.43572,0.19268,0.1752,-0.4851,4,True,True,6.56,,True,0.014751684706405883
34,13,0.42841,0.18443,0.1465,-0.4314,4,True,True,6.66,,True,0.01652769281829631
34,14,0.42163,0.17611,0.1047,-0.3923,4,True,True,6.59,,True,0.017454200262266278
34,15,0.41526,0.16809,0.0967,-0.3987,4,True,True,6.63,,True,0.01645121134427843
34,16,0.40893,0.16031,0.0948,-0.3978,4,True,True,6.79,,True,0.015059814118545478
34,17,0.40249,0.15271,0.0542,-0.3556,4,True,True,6.82,,True,0.014845656499771553
34,18,0.39609,0.14558,0.0081,-0.3219,4,True,True,6.95,,True,0.012199659067557381
34,19,0.38974,0.1392,-0.0041,-0.3279,4,True,True,7.2,,True,0.008485936023835376
34,20,0.38338,0.1335,-0.0128,-0.3444,4,True,True,7.21,,True,0.01503287234452894
34,21,0.37689,0.12828,-0.0604,-0.3332,4,True,True,7.36,,True,0.011042869946391053
34,22,0.37027,0.12351,-0.1165,-0.3261,4,True,True,7.58,,True,0.012013750308564799
34,23,0.36361,0.11909,-0.1351,-0.3575,4,True,True,8.01,,True,0.008570321970789553
34,24,0.3569,0.11463,-0.1388,-0.389,4,True,True,8.16,,True,0.014147058763067722
34,25,0.35019,0.10971,-0.1759,-0.3788,4,True,True,8.39,,True,0.009931119656928255
34,26,0.34345,0.10419,-0.2209,-0.3213,4,True,True,8.56,,True,0.010984697851676802
34,27,0.33675,0.09824,-0.2246,-0.2687,4,True,True,8.74,,True,0.008597216443405841
34,28,0.33012,0.09209,-0.1799,-0.26,4,True,True,8.62,,True,0.008189612669777553
34,29,0.32332,0.08583,-0.1398,-0.2774,4,True,True,8.74,,True,0.008225834177063095
34,30,0.31644,0.07931,-0.1038,-0.2761,4,True,True,9.05,,True,0.008811610632799519
34,31,0.30977,0.07248,-0.0682,-0.2379,4,True,True,9.29,,True,0.010270594963495609
34,32,0.30329,0.06557,-0.0413,-0.208,4,True,True,9.26,,True,0.010892232405767376
34,33,0.29669,0.05881,-0.0403,-0.1722,4,True,True,9.4,,True,0.017229885730267645
34,34,0.29021,0.05233,-0.0417,-0.1405,4,True,True,9.71,,True,0.0079918943618257
34,35,0.28378,0.04628,-0.0067,-0.1461,4,True,True,10.16,,True,0.006878057896833894
34,36,0.27724,0.04057,0.028,-0.1478,4,True,True,10.26,,True,0.009193950129690267
34,37,0.27053,0.03517,0.0221,-0.112,4,True,True,10.37,,True,0.008373877065803054
34,38,0.26388,0.0303,0.014,-0.0821,4,True,True,10.91,,True,0.0037427501233393877
34,39,0.25735,0.02633,0.0011,-0.0658,4,True,True,11.42,,True,0.00792306705295655
34,40,0.25075,0.02358,-0.0227,-0.0264,4,True,True,11.53,,True,0.008905219266189826
34,41,0.24403,0.02242,-0.0653,0.0077,4,True,True,11.82,,True,0.00743070262673595
34,42,0.2372,0.02279,-0.1039,0.0048,4,True,True,12.11,,True,0.009353585948264952
34,43,0.23044,0.02408,-0.1455,0.0028,4,True,True,12.53,,True,0.006377249798012683
34,44,0.22367,0.02566,-0.1831,-0.0095,4,True,True,13.04,,True,0.00369484064072894
34,45,0.21664,0.02709,-0.1847,-0.0166,4,True,True,13.8,,True,0.00688799000328044
34,46,0.20971,0.0283,-0.1922,0.0223,4,True,True,14.21,,True,0.006713157555418698
34,47,0.20307,0.02933,-0.1924,0.0632,4,True,True,14.4,,True,0.0049876638644835705
34,48,0.19662,0.03014,-0.1961,0.062,4,True,True,14.81,,True,0.003964536447485856
34,49,0.19005,0.03078,-0.1961,0.058,4,True,True,15.33,,True,0.007796280414964029
34,50,0.18315,0.03137,-0.2005,0.0957,4,True,True,16.38,,False,nan
34,51,0.17642,0.0319,-0.1929,0.1372,3,False,True,16.79,tilt,False,nan
34,52,0.16997,0.03229,-0.1864,0.1377,2,False,True,17.08,tilt,False,nan
34,53,0.16338,0.03272,-0.1788,0.1368,2,False,True,18.12,too_close,False,nan
34,54,0.15648,0.0334,-0.1747,0.1803,1,False,True,19.46,too_close,False,nan
34,55,0.14954,0.03432,-0.1599,0.2288,1,False,True,20.16,too_close,False,nan
34,56,0.14271,0.03537,-0.1314,0.2375,1,False,True,20.63,too_close,False,nan
34,57,0.13578,0.03679,-0.0914,0.25,1,False,True,22.06,too_close,False,nan
34,58,0.1285,0.03882,-0.0561,0.3128,0,False,True,23.97,too_close,False,nan
34,59,0.12135,0.04133,-0.0464,0.393,0,False,True,25.33,too_close,False,nan
34,60,0.11444,0.04395,-0.0317,0.4448,0,False,True,26.64,too_close,False,nan
34,61,0.10738,0.04659,0.0054,0.5105,0,False,True,29.34,too_close,False,nan
34,62,0.10002,0.04917,0.0393,0.6422,0,False,True,34.03,too_close,False,nan
34,63,0.09299,0.05126,0.0601,0.7812,0,False,True,41.34,too_close,False,nan
34,64,0.08645,0.0524,0.037,0.8571,0,False,True,45.86,too_close,False,nan
34,65,0.0796,0.05265,-0.0126,0.8721,0,False,True,47.61,too_close,False,nan
34,66,0.07227,0.05242,-0.0055,0.9037,0,False,True,50.64,too_close,False,nan
34,67,0.06496,0.05218,0.108,1.0123,0,False,False,57.57,too_close,False,nan
34,68,0.05774,0.05214,0.3098,1.1446,0,False,False,65.2,lateral,False,nan
34,69,0.05022,0.05236,0.511,1.2557,0,False,False,72.5,lateral,False,nan
34,70,0.04238,0.05305,0.742,1.4404,0,False,False,96.85,lateral,False,nan
34,71,0.03498,0.05445,1.2303,1.8544,0,False,False,133.58,lateral,False,nan
34,72,0.02754,0.05644,2.3949,3.0135,0,False,False,203.5,lateral,False,nan
34,73,0.02009,0.0586,6.654,7.681,0,False,False,1709.36,lateral,False,nan
34,74,0.01308,0.06065,23.4595,24.7933,0,False,False,57413.9,behind,False,nan
34,75,0.01375,0.06185,31.3197,29.7261,0,False,False,9054.89,behind,False,nan
35,1,0.49778,0.17562,0.1966,-0.3303,4,True,True,5.65,,True,0.020999837124095897
35,2,0.49249,0.17174,0.2103,-0.3738,4,True,True,5.93,,True,0.019600519901021584
35,3,0.48627,0.16731,0.1734,-0.4131,4,True,True,5.95,,True,0.01965372663351617
35,4,0.47994,0.16206,0.1405,-0.4064,4,True,True,5.98,,True,0.02996179373725556
35,5,0.47367,0.15607,0.1612,-0.3504,4,True,True,5.94,,True,0.02469300831249695
35,6,0.4677,0.14959,0.1781,-0.2976,4,True,True,5.95,,True,0.017074961508049512
35,7,0.46184,0.14291,0.1499,-0.2865,4,True,True,6.05,,True,0.020720738799035687
35,8,0.4557,0.13619,0.1298,-0.268,4,True,True,6.23,,True,0.013763145796103621
35,9,0.44949,0.12956,0.1312,-0.2067,4,True,True,6.18,,True,0.020254902095782786
35,10,0.44358,0.12341,0.1499,-0.1547,4,True,True,6.23,,True,0.019694854133307387
35,11,0.43777,0.11802,0.1609,-0.1466,4,True,True,6.49,,True,0.01630125076346556
35,12,0.43165,0.11332,0.1373,-0.1746,4,True,True,6.64,,True,0.014815696501471583
35,13,0.42541,0.10915,0.1255,-0.1931,4,True,True,6.58,,True,0.017564013184813515
35,14,0.41916,0.10533,0.1194,-0.2158,4,True,True,6.55,,True,0.014684784679724134
35,15,0.41291,0.10167,0.1163,-0.2397,4,True,True,6.81,,True,0.02111613202689551
35,16,0.40659,0.09792,0.1505,-0.2256,4,True,True,7.07,,True,0.01247543446048871
35,17,0.40031,0.09398,0.1894,-0.1686,4,True,True,7.1,,True,0.013676462538667248
35,18,0.39401,0.09,0.1912,-0.1173,4,True,True,7.22,,True,0.0166133839315811
35,19,0.38751,0.08634,0.1528,-0.1088,4,True,True,7.28,,True,0.01490237756841967
35,20,0.38072,0.08328,0.0787,-0.1374,4,True,True,7.36,,True,0.016549651644123427
35,21,0.37403,0.08098,0.0152,-0.1904,4,True,True,7.3,,True,0.014558922500555687
35,22,0.36759,0.07929,-0.0125,-0.2321,4,True,True,7.65,,True,0.013074522588860632
35,23,0.36114,0.07791,-0.0121,-0.2376,4,True,True,7.73,,True,0.012803651061488473
35,24,0.35466,0.07669,0.0277,-0.2264,4,True,True,7.83,,True,0.016356592328362077
35,25,0.3482,0.07555,0.1143,-0.2302,4,True,True,8.21,,True,0.01337020978560686
35,26,0.34114,0.0742,0.1956,-0.2257,4,True,True,8.78,,True,0.00930846283971878
35,27,0.33389,0.07225,0.2261,-0.1871,4,True,True,8.84,,True,0.010599228591378606
35,28,0.32683,0.06977,0.2135,-0.1511,4,True,True,8.84,,True,0.011676139516926
35,29,0.31973,0.06713,0.1654,-0.1463,4,True,True,9.04,,True,0.012558828448462707
35,30,0.31266,0.06463,0.0881,-0.1812,4,True,True,9.36,,True,0.012763204550852471
35,31,0.30595,0.06236,0.0158,-0.2173,4,True,True,9.44,,True,0.011097558551020202
35,32,0.29951,0.06026,-0.0168,-0.2147,4,True,True,9.55,,True,0.00839532312355974
35,33,0.29303,0.05835,-0.0033,-0.2144,4,True,True,9.92,,True,0.009076746898665649
35,34,0.28633,0.05657,0.0046,-0.2072,4,True,True,10.18,,True,0.009749442842534444
35,35,0.27964,0.05492,0.0121,-0.2048,4,True,True,10.08,,True,0.012049348768688751
35,36,0.27302,0.05342,0.0618,-0.1977,4,True,True,10.4,,True,0.01803844728683087
35,37,0.2665,0.05197,0.1175,-0.1546,4,True,True,10.66,,True,0.011046151954638862
35,38,0.26017,0.0507,0.1378,-0.1191,4,True,True,11.11,,True,0.010021386970081432
35,39,0.25381,0.0498,0.1177,-0.1248,4,True,True,11.33,,True,0.007954193070811891
35,40,0.2473,0.0493,0.1018,-0.1674,4,True,True,11.73,,True,0.00846945876386529
35,41,0.24067,0.04898,0.1287,-0.2012,4,True,True,11.87,,True,0.007078181021901384
35,42,0.23342,0.04851,0.1492,-0.1974,4,True,True,12.32,,True,0.011201257151807042
35,43,0.22617,0.0478,0.1227,-0.2024,4,True,True,12.64,,True,0.0086635153208454
35,44,0.21932,0.04698,0.0599,-0.2025,4,True,True,13.11,,True,0.009454556704012193
35,45,0.21246,0.04629,0.0107,-0.2053,4,True,True,13.26,,True,0.008133583820765957
35,46,0.20526,0.04593,0.0007,-0.2475,4,True,True,14.05,,False,nan
35,47,0.19788,0.04571,0.0224,-0.2871,3,False,True,15.02,tilt,False,nan
35,48,0.19066,0.04531,0.0697,-0.2856,2,False,True,15.57,tilt,False,nan
35,49,0.18355,0.04464,0.1138,-0.2587,3,False,True,15.9,tilt,False,nan
35,50,0.17634,0.04385,0.1234,-0.2481,3,False,True,16.7,too_close,False,nan
35,51,0.16911,0.04311,0.1301,-0.2372,2,False,True,17.07,too_close,False,nan
35,52,0.16199,0.04256,0.1772,-0.2313,1,False,True,17.9,too_close,False,nan
35,53,0.15467,0.04219,0.2321,-0.2153,1,False,True,19.3,too_close,False,nan
35,54,0.1471,0.04185,0.2509,-0.2033,1,False,True,20.69,too_close,False,nan
35,55,0.13974,0.04156,0.2671,-0.1958,1,False,True,21.39,too_close,False,nan
35,56,0.13276,0.04137,0.3246,-0.1935,1,False,True,22.82,too_close,False,nan
35,57,0.12547,0.04107,0.3878,-0.1774,1,False,True,25.32,too_close,False,nan
35,58,0.11763,0.04039,0.4108,-0.1674,1,False,True,27.65,too_close,False,nan
35,59,0.11001,0.03927,0.378,-0.1636,0,False,True,28.14,too_close,False,nan
35,60,0.10265,0.03803,0.3481,-0.1618,0,False,True,29.53,too_close,False,nan
35,61,0.09527,0.03706,0.3727,-0.1862,0,False,True,32.56,too_close,False,nan
35,62,0.0876,0.03641,0.3991,-0.2028,0,False,True,36.43,too_close,False,nan
35,63,0.08004,0.03614,0.4323,-0.1885,0,False,True,39.59,too_close,False,nan
35,64,0.07293,0.0365,0.5314,-0.1663,0,False,True,43.95,too_close,False,nan
35,65,0.06563,0.0374,0.6648,-0.1284,0,False,True,51.07,too_close,False,nan
35,66,0.05776,0.03869,0.7827,-0.0518,0,False,True,58.14,too_close,False,nan
35,67,0.0503,0.04052,0.9584,0.0011,0,False,True,66.64,lateral,False,nan
35,68,0.04297,0.04299,1.3325,0.0772,0,False,False,89.87,lateral,False,nan
35,69,0.03506,0.04582,2.039,0.3185,0,False,False,196.36,lateral,False,nan
35,70,0.02713,0.04862,3.3335,0.6997,0,False,False,3736.58,lateral,False,nan
35,71,0.01935,0.05125,7.426,1.2465,0,False,False,503.28,lateral,False,nan
35,72,0.01458,0.05358,24.3303,2.7137,0,False,False,1594.96,behind,False,nan
36,1,0.49832,0.18044,0.2586,0.3013,4,True,True,5.65,,True,0.020560383540273272
36,2,0.49387,0.18601,0.2963,0.3709,4,True,True,5.97,,True,0.015029136438928293
36,3,0.48776,0.19103,0.2965,0.4446,4,True,True,6.13,,True,0.013299651902207355
36,4,0.48138,0.19502,0.2553,0.4703,4,True,True,6.14,,True,0.015169370945261596
36,5,0.47535,0.19798,0.236,0.4399,4,True,True,6.02,,True,0.014617565535378471
36,6,0.46945,0.20029,0.2633,0.4127,4,True,True,6.03,,True,0.013193167817950005
36,7,0.46304,0.20217,0.2821,0.4305,4,True,True,6.19,,True,0.013952924222762682
36,8,0.45612,0.20355,0.2522,0.4516,4,True,True,6.24,,True,0.017517430220190214
36,9,0.44993,0.20441,0.2328,0.4277,4,True,True,6.25,,True,0.036168867956104044
36,10,0.44495,0.20504,0.2711,0.3985,4,True,True,6.22,,True,0.011954407580754734
36,11,0.4395,0.20558,0.327,0.411,4,True,True,6.67,,True,0.01637380269589057
36,12,0.43295,0.20586,0.3428,0.4285,4,True,True,6.82,,True,0.011952183935928708
36,13,0.42663,0.20567,0.3013,0.4131,4,True,True,6.57,,True,0.012166915666502963
36,14,0.42312,0.20531,0.2468,0.4006,4,True,True,6.52,,True,0.013529097899458142
36,15,0.42069,0.20515,0.229,0.4205,4,True,True,6.5,,True,0.01318550012048575
36,16,0.41639,0.20521,0.2437,0.4426,4,True,True,6.83,,True,0.014636090779093808
36,17,0.41049,0.20534,0.2741,0.4418,4,True,True,6.93,,True,0.01201251269426272
36,18,0.40448,0.20544,0.2882,0.4544,4,True,True,6.88,,True,0.01221318318373196
36,19,0.39904,0.20545,0.2738,0.5022,4,True,True,7.09,,True,0.013141805428987487
36,20,0.3934,0.20517,0.2832,0.5353,4,True,True,7.42,,True,0.012095039665807272
36,21,0.38722,0.20443,0.3234,0.53,4,True,True,7.77,,True,0.010746727388302462
36,22,0.38093,0.20312,0.3291,0.4924,4,True,True,7.6,,True,0.013542558116503293
36,23,0.37668,0.20141,0.2931,0.455,4,True,True,7.35,,True,0.010829535819234688
36,24,0.37456,0.19973,0.2802,0.4513,4,True,True,7.52,,True,0.013349115945285877
36,25,0.37138,0.19822,0.3009,0.4553,4,True,True,7.85,,True,0.04124423949494525
36,26,0.36647,0.1968,0.2938,0.4333,4,True,True,7.76,,True,0.011475774388313213
36,27,0.36288,0.19567,0.2306,0.4237,4,True,True,7.44,,True,0.013418719783576486
36,28,0.36174,0.19525,0.1787,0.4547,4,True,True,7.59,,True,0.012629577371944515
36,29,0.35975,0.19542,0.1816,0.4967,4,True,True,7.7,,True,0.010141737293805323
36,30,0.35544,0.19588,0.2386,0.5094,4,True,True,7.75,,True,0.010602248434531895
36,31,0.35013,0.19643,0.3046,0.4944,4,True,True,8.2,,True,0.011549373931248028
36,32,0.34493,0.197,0.3281,0.5025,4,True,True,8.34,,True,0.012698526543419074
36,33,0.34024,0.19753,0.3045,0.5575,4,True,True,8.35,,True,0.010661683249748375
36,34,0.33588,0.19784,0.2951,0.601,2,False,True,8.62,tilt,False,nan
36,35,0.33126,0.19775,0.3443,0.5884,3,False,True,8.92,tilt,False,nan
36,36,0.32619,0.19724,0.3885,0.5809,3,False,True,9.38,tilt,False,nan
36,37,0.3209,0.19627,0.3768,0.6265,2,False,True,9.57,tilt,False,nan
36,38,0.31548,0.19469,0.3192,0.6606,2,False,True,9.47,tilt,False,nan
36,39,0.3104,0.19247,0.282,0.6318,2,False,True,9.35,too_close,False,nan
36,40,0.30588,0.18987,0.2844,0.6158,2,False,True,9.46,too_close,False,nan
36,41,0.30109,0.18706,0.2662,0.6592,2,False,True,9.7,too_close,False,nan
36,42,0.29579,0.18389,0.2147,0.6889,2,False,True,9.97,too_close,False,nan
36,43,0.29049,0.18025,0.1932,0.6565,2,False,True,9.88,too_close,False,nan
36,44,0.28537,0.17633,0.2178,0.6105,2,False,True,9.78,too_close,False,nan
36,45,0.28003,0.17239,0.2266,0.6026,2,False,True,10.05,too_close,False,nan
36,46,0.27439,0.16848,0.2024,0.5958,2,False,True,10.18,too_close,False,nan
36,47,0.26888,0.16468,0.1976,0.546,3,False,True,10.22,too_close,False,nan
36,48,0.264,0.16134,0.2257,0.5124,4,True,True,10.52,,True,0.009691948551318068
36,49,0.25899,0.15862,0.236,0.5354,3,False,True,10.88,too_close,False,nan
36,50,0.25332,0.15638,0.2144,0.5843,2,False,True,11.29,too_close,False,nan
36,51,0.24744,0.1544,0.1767,0.6058,2,False,True,11.27,too_close,False,nan
36,52,0.24172,0.15266,0.138,0.584,2,False,True,11.36,too_close,False,nan
36,53,0.23691,0.15144,0.116,0.5811,2,False,True,11.74,too_close,False,nan
36,54,0.23227,0.15085,0.1279,0.6307,2,False,True,12.53,too_close,False,nan
36,55,0.22683,0.15061,0.1547,0.6759,2,False,True,12.93,too_close,False,nan
36,56,0.22095,0.15047,0.1776,0.6669,2,False,True,12.64,too_close,False,nan
36,57,0.21567,0.15054,0.2105,0.6703,2,False,True,13.17,too_close,False,nan
36,58,0.21032,0.15085,0.2642,0.7474,2,False,True,14.12,too_close,False,nan
36,59,0.20429,0.15104,0.2957,0.8335,2,False,True,15.21,too_close,False,nan
36,60,0.19803,0.15072,0.2908,0.8511,1,False,True,15.58,too_close,False,nan
36,61,0.19193,0.14986,0.2777,0.8586,2,False,True,15.82,too_close,False,nan
36,62,0.18608,0.1486,0.2695,0.9186,2,False,True,16.91,too_close,False,nan
36,63,0.18018,0.14682,0.2434,0.9772,2,False,True,17.93,too_close,False,nan
36,64,0.17393,0.14437,0.1964,0.9653,2,False,True,17.93,too_close,False,nan
36,65,0.16775,0.14141,0.1936,0.933,2,False,True,17.97,too_close,False,nan
36,66,0.1618,0.13819,0.1889,0.9472,2,False,True,19.0,too_close,False,nan
36,67,0.15567,0.13477,0.1535,0.9628,2,False,True,19.4,too_close,False,nan
36,68,0.14928,0.1312,0.1535,0.9168,1,False,True,19.34,too_close,False,nan
36,69,0.14357,0.12777,0.1838,0.875,1,False,True,20.1,too_close,False,nan
36,70,0.13813,0.12474,0.1808,0.895,1,False,True,21.12,too_close,False,nan
36,71,0.13208,0.12214,0.1523,0.9277,1,False,True,21.85,too_close,False,nan
36,72,0.12581,0.11998,0.1706,0.9484,1,False,True,23.12,lateral,False,nan
36,73,0.11962,0.11831,0.2329,1.0105,1,False,False,24.5,lateral,False,nan
36,74,0.11337,0.11702,0.3034,1.0797,0,False,False,26.89,lateral,False,nan
36,75,0.10712,0.11597,0.3331,1.0928,0,False,False,28.08,lateral,False,nan
36,76,0.10245,0.11532,0.3346,1.0986,0,False,False,29.4,lateral,False,nan
36,77,0.09808,0.11524,0.3967,1.1756,0,False,False,30.45,lateral,False,nan
36,78,0.09265,0.11557,0.5095,1.2857,0,False,False,33.8,lateral,False,nan
36,79,0.08726,0.11617,0.583,1.3652,0,False,False,36.17,lateral,False,nan
36,80,0.08523,0.11706,0.609,1.4183,0,False,False,37.31,lateral,False,nan
36,81,0.08363,0.11817,0.7081,1.5597,0,False,False,40.47,lateral,False,nan
36,82,0.08036,0.11919,0.877,1.7856,0,False,False,49.31,lateral,False,nan
36,83,0.07819,0.11967,0.8944,1.8672,0,False,False,51.5,lateral,False,nan
36,84,0.07811,0.11946,0.812,1.8306,0,False,False,48.0,lateral,False,nan
36,85,0.07618,0.11887,0.836,1.9266,0,False,False,51.78,lateral,False,nan
36,86,0.07117,0.11792,0.9461,2.1208,0,False,False,59.95,lateral,False,nan
36,87,0.06502,0.11646,0.9732,2.2161,0,False,False,60.67,lateral,False,nan
36,88,0.05822,0.11464,1.0525,2.3725,0,False,False,63.69,lateral,False,nan
36,89,0.05113,0.11267,1.4055,2.8394,0,False,False,84.69,lateral,False,nan
36,90,0.04443,0.11048,1.7632,3.2751,0,False,False,108.17,lateral,False,nan
36,91,0.03749,0.10813,1.9216,3.4878,0,False,False,112.5,lateral,False,nan
36,92,0.02977,0.10602,2.5383,4.2678,0,False,False,134.91,lateral,False,nan
36,93,0.02214,0.10445,4.4926,6.2405,0,False,False,217.86,lateral,False,nan
36,94,0.01629,0.10353,9.7543,11.5542,0,False,False,1023.89,lateral,False,nan
36,95,0.01334,0.1033,50.7035,57.368,0,False,False,2350.67,behind,False,nan
36,96,0.01537,0.10362,20.1852,21.0182,0,False,False,1617.95,lateral,False,nan
36,97,0.01989,0.10411,16.5808,14.9769,0,False,False,3473.76,lateral,False,nan
36,98,0.02554,0.1044,19.3399,16.0608,0,False,False,197.16,lateral,False,nan
36,99,0.0311,0.1039,11.6039,9.8877,0,False,False,168.66,lateral,False,nan
36,100,0.03564,0.10233,5.6171,4.9784,0,False,False,3334.33,lateral,False,nan
36,101,0.03619,0.10009,3.9241,3.5742,0,False,False,577.72,lateral,False,nan
36,102,0.03171,0.09757,3.6869,3.4666,0,False,False,3933.75,lateral,False,nan
36,103,0.02467,0.09505,4.0454,3.8969,0,False,False,245.97,lateral,False,nan
36,104,0.01882,0.09308,4.4024,4.4572,0,False,False,4290.18,lateral,False,nan
36,105,0.01591,0.09218,16.9548,19.1501,0,False,False,802.1,lateral,False,nan
37,1,0.50028,0.14532,-0.021,-0.3163,4,True,True,5.53,,True,0.007152178353496366
37,2,0.49969,0.15189,0.001,-0.3904,4,True,True,5.7,,True,0.018145836432351913
37,3,0.49672,0.15803,-0.0227,-0.4622,4,True,True,5.96,,True,0.015845159521786976
37,4,0.49297,0.16311,-0.0772,-0.4942,4,True,True,6.25,,True,0.016464509311889555
37,5,0.49035,0.16664,-0.1019,-0.4785,4,True,True,6.15,,True,0.012970953578952896
37,6,0.48818,0.16887,-0.0789,-0.4619,4,True,True,5.99,,True,0.014508498207393014
37,7,0.48572,0.17014,-0.0304,-0.4844,4,True,True,6.06,,True,0.019578839364517164
37,8,0.48208,0.17051,-0.0031,-0.5013,4,True,True,6.15,,True,0.011699180237706651
37,9,0.4777,0.16981,0.0336,-0.4718,4,True,True,6.25,,True,0.010525182196353101
37,10,0.47337,0.1682,0.0845,-0.4101,4,True,True,6.11,,True,0.019782803205213757
37,11,0.46852,0.16618,0.1047,-0.3615,4,True,True,5.94,,True,0.010906589108733171
37,12,0.46287,0.16414,0.0961,-0.3541,4,True,True,5.96,,True,0.02227129316426742
37,13,0.45661,0.16219,0.052,-0.3518,4,True,True,6.12,,True,0.011537300299194087
37,14,0.45064,0.16038,0.0181,-0.3151,4,True,True,6.18,,True,0.011914514774334571
37,15,0.44556,0.15903,0.0339,-0.2825,4,True,True,6.14,,True,0.014788666096871503
37,16,0.44021,0.15843,0.0462,-0.2876,4,True,True,6.25,,True,0.012985523102806613
37,17,0.43476,0.1586,0.0137,-0.3325,4,True,True,6.34,,True,0.015914357230059486
37,18,0.42985,0.15926,-0.0558,-0.3748,4,True,True,6.4,,True,0.016257131516665572
37,19,0.42553,0.16008,-0.1043,-0.3776,4,True,True,6.64,,True,0.017962965871490575
37,20,0.42154,0.16109,-0.1127,-0.3834,4,True,True,6.8,,True,0.012869910781166173
37,21,0.41677,0.16233,-0.0973,-0.4268,4,True,True,6.75,,True,0.013944285851527781
37,22,0.41095,0.1636,-0.0399,-0.4663,4,True,True,6.96,,True,0.010934473231596081
37,23,0.40483,0.1646,0.0659,-0.4653,4,True,True,7.01,,True,0.00950113597901339
37,24,0.39887,0.1653,0.1575,-0.4441,4,True,True,7.19,,True,0.015021713051171276
37,25,0.39325,0.16578,0.1943,-0.448,4,True,True,7.34,,True,0.009557561810460823
37,26,0.38809,0.16601,0.1948,-0.4811,4,True,True,7.63,,True,0.007664418476716118
37,27,0.38257,0.1658,0.1745,-0.4935,4,True,True,7.6,,True,0.011435739805458842
37,28,0.37717,0.16503,0.1516,-0.4646,4,True,True,7.5,,True,0.010592522309052353
37,29,0.37202,0.16391,0.1456,-0.4511,4,True,True,7.72,,True,0.00816008459898337
37,30,0.36732,0.16266,0.1365,-0.4821,4,True,True,8.03,,True,0.007754502892666736
37,31,0.36205,0.16115,0.1091,-0.5066,4,True,True,8.02,,True,0.01048157052656673
37,32,0.35625,0.15922,0.0835,-0.4909,4,True,True,7.97,,True,0.005258142392586599
37,33,0.35044,0.15699,0.0754,-0.4561,4,True,True,8.17,,True,0.007221728608678591
37,34,0.34484,0.15476,0.0648,-0.4435,4,True,True,8.36,,True,0.006973354291707695
37,35,0.3392,0.15268,0.0743,-0.4713,4,True,True,8.36,,True,0.00784056889679532
37,36,0.33264,0.1506,0.0756,-0.4938,4,True,True,8.49,,True,0.005806537711929074
37,37,0.32574,0.14834,0.0597,-0.4764,4,True,True,8.65,,True,0.006505670366331849
37,38,0.31947,0.146,0.0394,-0.4662,4,True,True,8.87,,True,0.0064561240325400155
37,39,0.31333,0.14375,0.0406,-0.4906,4,True,True,8.94,,True,0.008169434990556395
37,40,0.30663,0.14145,0.0336,-0.5021,4,True,True,9.39,,True,0.007337600690957303
37,41,0.29976,0.13901,0.0102,-0.4714,4,True,True,9.35,,True,0.007672945432718425
37,42,0.29307,0.13667,0.024,-0.4467,4,True,True,9.47,,True,0.005409820465749131
37,43,0.28663,0.13465,0.0503,-0.4662,4,True,True,9.92,,True,0.0047303964199796825
37,44,0.27998,0.13288,0.0371,-0.4818,4,True,True,10.42,,True,0.005154165481946447
37,45,0.27327,0.13125,0.0083,-0.4568,4,True,True,10.4,,True,0.0059091751453581795
37,46,0.26683,0.13,0.0109,-0.4397,4,True,True,10.45,,True,0.006310178428791195
37,47,0.2608,0.12937,0.0207,-0.4694,4,True,True,10.7,,True,0.004450126247728438
37,48,0.25454,0.12921,0.0426,-0.5,3,False,True,11.1,too_close,False,nan
37,49,0.24793,0.12934,0.0468,-0.4899,4,True,True,11.29,,False,nan
37,50,0.24164,0.12993,0.0491,-0.4875,4,True,True,11.62,,False,nan
37,51,0.23568,0.13114,0.0603,-0.5334,2,False,True,11.92,too_close,False,nan
37,52,0.22951,0.13278,0.0333,-0.609,2,False,True,12.34,too_close,False,nan
37,53,0.22313,0.1345,-0.0103,-0.6676,2,False,True,13.09,too_close,False,nan
37,54,0.21658,0.13608,-0.0092,-0.6762,2,False,True,13.65,too_close,False,nan
37,55,0.20974,0.1376,0.0578,-0.6907,2,False,True,13.78,too_close,False,nan
37,56,0.20285,0.13915,0.1213,-0.761,2,False,True,14.5,too_close,False,nan
37,57,0.19594,0.14052,0.1166,-0.8282,2,False,True,15.54,too_close,False,nan
37,58,0.18915,0.14148,0.0737,-0.8323,2,False,True,16.18,too_close,False,nan
37,59,0.18271,0.14218,0.0702,-0.8388,2,False,True,16.28,too_close,False,nan
37,60,0.17615,0.14283,0.1186,-0.9091,2,False,True,16.96,too_close,False,nan
37,61,0.16925,0.1433,0.1842,-0.989,2,False,True,18.5,too_close,False,nan
37,62,0.16253,0.14333,0.238,-1.0033,1,False,False,19.07,too_close,False,nan
37,63,0.1559,0.14296,0.2868,-1.0121,1,False,False,19.62,too_close,False,nan
37,64,0.14911,0.14232,0.3027,-1.0863,1,False,False,21.29,too_close,False,nan
37,65,0.14259,0.14128,0.2814,-1.1658,1,False,False,22.74,lateral,False,nan
37,66,0.13633,0.13977,0.2935,-1.1696,1,False,False,23.13,lateral,False,nan
37,67,0.12984,0.13792,0.3471,-1.148,1,False,False,23.58,lateral,False,nan
37,68,0.12314,0.13598,0.4202,-1.2032,1,False,False,25.8,lateral,False,nan
37,69,0.11635,0.13395,0.4447,-1.267,1,False,False,27.04,lateral,False,nan
37,70,0.1099,0.13179,0.4223,-1.2167,1,False,False,26.26,lateral,False,nan
37,71,0.10356,0.12991,0.4669,-1.163,1,False,False,27.59,lateral,False,nan
37,72,0.09712,0.12873,0.5856,-1.2258,1,False,False,29.79,lateral,False,nan
37,73,0.09054,0.12828,0.7325,-1.3614,1,False,False,34.1,lateral,False,nan
37,74,0.08451,0.12833,0.8899,-1.4803,1,False,False,40.28,lateral,False,nan
37,75,0.07916,0.12868,1.0874,-1.6075,1,False,False,44.52,lateral,False,nan
37,76,0.07417,0.12912,1.3055,-1.7544,1,False,False,49.91,lateral,False,nan
37,77,0.0701,0.12945,1.4788,-1.8992,1,False,False,64.87,lateral,False,nan
37,78,0.06699,0.12953,1.6385,-2.0524,1,False,False,88.38,lateral,False,nan
37,79,0.0635,0.12931,1.8768,-2.2693,1,False,False,97.45,lateral,False,nan
37,80,0.05983,0.12861,2.0131,-2.5028,1,False,False,88.48,lateral,False,nan
37,81,0.05745,0.12734,1.7005,-2.4457,0,False,False,67.71,lateral,False,nan
37,82,0.05582,0.12585,1.3183,-2.173,0,False,False,53.75,lateral,False,nan
37,83,0.05306,0.12469,1.2158,-2.0568,0,False,False,54.5,lateral,False,nan
37,84,0.04918,0.12427,1.334,-2.2922,0,False,False,59.29,lateral,False,nan
37,85,0.04561,0.12463,1.677,-3.1249,0,False,False,77.53,lateral,False,nan
37,86,0.0425,0.12524,2.4881,-4.8054,0,False,False,171.04,lateral,False,nan
37,87,0.03914,0.12537,3.9148,-7.1005,0,False,False,3048.98,lateral,False,nan
37,88,0.035,0.12466,4.8455,-8.448,0,False,False,892.69,lateral,False,nan
37,89,0.03036,0.12312,5.0835,-9.4989,0,False,False,2402.73,lateral,False,nan
37,90,0.02752,0.12087,5.4915,-11.1331,0,False,False,3028.06,lateral,False,nan
37,91,0.02678,0.11804,4.9266,-9.8011,0,False,False,473.38,lateral,False,nan
37,92,0.02654,0.11485,3.6228,-7.0102,0,False,False,210.02,lateral,False,nan
37,93,0.02459,0.11163,3.4282,-6.9304,0,False,False,183.64,lateral,False,nan
37,94,0.02209,0.10856,5.2934,-11.2234,0,False,False,385.55,lateral,False,nan
37,95,0.01926,0.10545,14.2009,-29.565,0,False,False,40766.57,lateral,False,nan
37,96,0.01507,0.1021,17.5503,-37.2375,0,False,False,5923.8,behind,False,nan
37,97,0.01349,0.09908,-98.6131,239.7584,0,False,False,6666.59,behind,False,nan
37,98,0.01504,0.09644,22.2272,-59.2052,0,False,False,472.84,behind,False,nan
38,1,0.49881,0.16218,0.3412,0.1063,4,True,True,5.62,,True,0.030458286233793267
38,2,0.4951,0.17009,0.4177,0.1656,4,True,True,6.07,,True,0.014391515227544196
38,3,0.4893,0.17738,0.4879,0.2324,4,True,True,6.47,,True,0.02044902703295277
38,4,0.48257,0.18343,0.5154,0.2578,4,True,True,6.63,,True,0.01893728173836442
38,5,0.4758,0.18794,0.5041,0.2206,4,True,True,6.59,,True,0.01498126457899419
38,6,0.46984,0.19108,0.4986,0.1928,4,True,True,6.61,,True,0.017981951380344797
38,7,0.4642,0.19316,0.5346,0.228,4,True,True,6.8,,True,0.016595361421054743
38,8,0.45762,0.19414,0.5695,0.2594,4,True,True,7.09,,True,0.015360228972617839
38,9,0.45045,0.19374,0.5649,0.2274,4,True,True,7.11,,True,0.011573715253858464
38,10,0.44384,0.19194,0.5049,0.1551,4,True,True,6.68,,True,0.013869220893553564
38,11,0.43805,0.18935,0.4468,0.1076,4,True,True,6.51,,True,0.032490607472780014
38,12,0.43259,0.18662,0.4354,0.0947,4,True,True,6.67,,True,0.03466849580432626
38,13,0.42721,0.18396,0.4289,0.1003,4,True,True,6.51,,True,0.015098642297753992
38,14,0.42233,0.18141,0.4056,0.1029,4,True,True,6.44,,True,0.014121008568094125
38,15,0.41809,0.17916,0.3983,0.0863,4,True,True,6.53,,True,0.015201453400979862
38,16,0.41321,0.17729,0.4183,0.0636,4,True,True,6.87,,True,0.015839272267351958
38,17,0.4076,0.17573,0.4245,0.0532,4,True,True,6.83,,True,0.03301876002243724
38,18,0.40255,0.17444,0.3966,0.0395,4,True,True,6.68,,True,0.014017409148273898
38,19,0.39872,0.17371,0.3796,0.006,4,True,True,6.93,,True,0.01389709306644307
38,20,0.39455,0.17367,0.4031,-0.0253,4,True,True,7.35,,True,0.017547930672711768
38,21,0.38943,0.1742,0.424,-0.0362,4,True,True,7.44,,True,0.013606452571025803
38,22,0.38494,0.1752,0.4367,-0.0661,4,True,True,7.27,,True,0.01780949510078626
38,23,0.38138,0.17657,0.4823,-0.0865,4,True,True,7.43,,True,0.015038554210295412
38,24,0.37714,0.17797,0.5319,-0.0529,4,True,True,7.65,,True,0.014566916185539553
38,25,0.37174,0.17908,0.543,-0.0088,4,True,True,7.75,,True,0.01566713484967011
38,26,0.36644,0.17983,0.5192,-0.0078,4,True,True,7.81,,True,0.01617175232741043
38,27,0.36275,0.18043,0.5082,-0.0238,4,True,True,7.6,,True,0.011641433647611596
38,28,0.35996,0.18105,0.543,-0.0008,4,True,True,8.08,,True,0.013577975213515548
38,29,0.35572,0.18158,0.5785,0.0398,4,True,True,8.4,,False,nan
38,30,0.34993,0.18182,0.5727,0.0421,4,True,True,8.35,,True,0.010978873814765044
38,31,0.34475,0.1818,0.5776,-0.0185,4,True,True,8.53,,False,nan
38,32,0.33982,0.18156,0.5865,-0.0789,4,True,True,8.74,,False,nan
38,33,0.3345,0.18109,0.5569,-0.0819,4,True,True,8.51,,True,0.013495602146119395
38,34,0.33046,0.1806,0.5372,-0.0806,4,True,True,8.27,,True,0.01032680570729104
38,35,0.32653,0.18031,0.5614,-0.0895,4,True,True,8.63,,True,0.012137829294217218
38,36,0.3214,0.18012,0.5746,-0.0845,4,True,True,8.73,,False,nan
38,37,0.31677,0.17998,0.5394,-0.0799,4,True,True,8.78,,True,0.0112343665899196
38,38,0.31392,0.18021,0.514,-0.0903,4,True,True,8.34,,True,0.011988180517165645
38,39,0.31114,0.18103,0.533,-0.1007,4,True,True,8.68,,True,0.012404574008006741
38,40,0.30684,0.18232,0.5927,-0.1007,2,False,True,8.98,too_close,False,nan
38,41,0.30146,0.18378,0.6504,-0.0696,2,False,True,9.6,too_close,False,nan
38,42,0.29541,0.18516,0.6652,-0.0225,2,False,True,9.77,too_close,False,nan
38,43,0.28991,0.18647,0.6894,-0.0206,2,False,True,9.98,too_close,False,nan
38,44,0.28421,0.18769,0.7555,-0.049,2,False,True,10.63,too_close,False,nan
38,45,0.27774,0.18856,0.8041,-0.0536,2,False,True,11.45,too_close,False,nan
38,46,0.27128,0.18888,0.7925,-0.0439,2,False,True,11.55,too_close,False,nan
38,47,0.26571,0.18882,0.7875,-0.0827,2,False,True,11.47,too_close,False,nan
38,48,0.25999,0.18857,0.8114,-0.1677,2,False,True,11.87,too_close,False,nan
38,49,0.25357,0.18807,0.8077,-0.2225,2,False,True,11.93,too_close,False,nan
38,50,0.24761,0.18732,0.7649,-0.2471,2,False,True,11.69,too_close,False,nan
38,51,0.24276,0.1866,0.7458,-0.3189,2,False,True,12.5,too_close,False,nan
38,52,0.23772,0.18601,0.7782,-0.4293,1,False,True,13.72,too_close,False,nan
38,53,0.23185,0.18531,0.8457,-0.502,1,False,True,15.31,too_close,False,nan
38,54,0.22498,0.18413,0.898,-0.4971,1,False,True,16.52,too_close,False,nan
38,55,0.21768,0.18231,0.8656,-0.4356,1,False,True,15.67,too_close,False,nan
38,56,0.21242,0.18009,0.8184,-0.3974,1,False,True,14.26,too_close,False,nan
38,57,0.20942,0.17797,0.8332,-0.3428,1,False,True,13.79,too_close,False,nan
38,58,0.20492,0.17609,0.8731,-0.2231,2,False,True,14.46,too_close,False,nan
38,59,0.19844,0.1745,0.8852,-0.0873,2,False,True,15.15,too_close,False,nan
38,60,0.19282,0.1734,0.9156,-0.0078,2,False,True,15.98,too_close,False,nan
38,61,0.18695,0.17276,1.0239,-0.011,2,False,False,18.38,too_close,False,nan
38,62,0.17968,0.17218,1.1457,-0.021,2,False,False,21.38,lateral,False,nan
38,63,0.17184,0.17122,1.1957,-0.0031,2,False,False,22.06,lateral,False,nan
38,64,0.1643,0.1698,1.1547,-0.0351,2,False,False,19.96,lateral,False,nan
38,65,0.15732,0.1682,1.1215,-0.1164,2,False,False,18.98,lateral,False,nan
38,66,0.151,0.16675,1.1686,-0.1621,2,False,False,20.38,lateral,False,nan
38,67,0.14415,0.16548,1.2257,-0.1706,1,False,False,21.07,lateral,False,nan
38,68,0.13665,0.16437,1.2205,-0.2227,1,False,False,20.33,lateral,False,nan
38,69,0.12938,0.16363,1.229,-0.3249,1,False,False,20.91,lateral,False,nan
38,70,0.12258,0.16344,1.3271,-0.3967,1,False,False,22.49,lateral,False,nan
38,71,0.11554,0.16367,1.4929,-0.4302,1,False,False,26.11,lateral,False,nan
38,72,0.10777,0.16407,1.6388,-0.5054,1,False,False,30.6,lateral,False,nan
38,73,0.09998,0.16453,1.8171,-0.6556,1,False,False,35.71,lateral,False,nan
38,74,0.09258,0.16489,2.1813,-0.809,1,False,False,45.94,lateral,False,nan
38,75,0.08663,0.16474,2.5792,-0.8273,1,False,False,57.28,lateral,False,nan
38,76,0.08351,0.16368,2.6544,-0.7732,1,False,False,57.89,lateral,False,nan
38,77,0.08364,0.16173,2.348,-0.7826,1,False,False,48.69,lateral,False,nan
38,78,0.0841,0.15934,2.0969,-0.7827,1,False,False,42.31,lateral,False,nan
38,79,0.0834,0.15691,2.0702,-0.7011,1,False,False,41.4,lateral,False,nan
38,80,0.08204,0.15452,2.2104,-0.6195,0,False,False,43.35,lateral,False,nan
38,81,0.07945,0.15208,2.3767,-0.6293,0,False,False,48.54,lateral,False,nan
38,82,0.07715,0.14937,2.3554,-0.6214,0,False,False,49.74,lateral,False,nan
38,83,0.07524,0.14645,2.1891,-0.4911,0,False,False,43.51,lateral,False,nan
38,84,0.07188,0.14361,2.1228,-0.3676,0,False,False,44.44,lateral,False,nan
38,85,0.06892,0.14121,2.2539,-0.3862,0,False,False,53.16,lateral,False,nan
38,86,0.06719,0.13921,2.3656,-0.4572,0,False,False,57.46,lateral,False,nan
38,87,0.06555,0.13744,2.2841,-0.4567,0,False,False,46.7,lateral,False,nan
38,88,0.06217,0.13596,2.2726,-0.4778,0,False,False,44.43,lateral,False,nan
38,89,0.0567,0.13492,2.5222,-0.5975,0,False,False,50.47,lateral,False,nan
38,90,0.0511,0.1344,3.116,-0.8036,0,False,False,62.53,lateral,False,nan
38,91,0.04874,0.13418,3.6033,-0.9135,0,False,False,75.72,lateral,False,nan
38,92,0.05029,0.13395,3.3492,-0.8767,0,False,False,75.03,lateral,False,nan
38,93,0.05199,0.13373,3.0985,-0.9426,0,False,False,72.39,lateral,False,nan
38,94,0.05206,0.13359,3.2691,-1.0418,0,False,False,81.83,lateral,False,nan
38,95,0.05219,0.13341,3.3299,-0.9035,0,False,False,75.95,lateral,False,nan
38,96,0.05361,0.13313,2.9348,-0.6823,0,False,False,59.04,lateral,False,nan
38,97,0.05315,0.13296,2.7649,-0.6703,0,False,False,54.13,lateral,False,nan
38,98,0.05058,0.13311,3.0476,-0.7249,0,False,False,62.87,lateral,False,nan
38,99,0.04988,0.13361,3.658,-0.6928,0,False,False,83.57,lateral,False,nan
38,100,0.05227,0.13402,3.9207,-0.6106,0,False,False,98.07,lateral,False,nan
38,101,0.05516,0.13401,3.4934,-0.5643,0,False,False,80.93,lateral,False,nan
38,102,0.05718,0.13363,3.2424,-0.5728,0,False,False,73.01,lateral,False,nan
38,103,0.05803,0.13295,3.5495,-0.6074,0,False,False,99.17,lateral,False,nan
38,104,0.05924,0.13163,3.6647,-0.6214,0,False,False,120.82,lateral,False,nan
38,105,0.05948,0.12957,3.2869,-0.6005,0,False,False,86.95,lateral,False,nan
38,106,0.05865,0.12693,3.1076,-0.5529,0,False,False,78.06,lateral,False,nan
38,107,0.05741,0.12383,3.1382,-0.4559,0,False,False,82.38,lateral,False,nan
38,108,0.05508,0.12033,2.9723,-0.3456,0,False,False,77.63,lateral,False,nan
38,109,0.0508,0.11663,2.9197,-0.3168,0,False,False,68.27,lateral,False,nan
38,110,0.04539,0.113,3.3254,-0.2796,0,False,False,88.8,lateral,False,nan
38,111,0.04167,0.10946,3.618,-0.1524,0,False,False,111.27,lateral,False,nan
38,112,0.03782,0.106,3.5054,-0.0896,0,False,False,97.18,lateral,False,nan
38,113,0.03192,0.10285,3.7472,-0.1685,0,False,False,104.19,lateral,False,nan
38,114,0.02559,0.10039,4.8976,-0.2906,0,False,False,168.54,lateral,False,nan
38,115,0.022,0.0988,7.897,-0.3319,0,False,False,302.4,lateral,False,nan
38,116,0.02302,0.09771,9.52,-0.3287,0,False,False,486.29,lateral,False,nan
38,117,0.02615,0.09662,6.7893,-0.4758,0,False,False,313.31,lateral,False,nan
38,118,0.02741,0.09555,5.0663,-0.5744,0,False,False,169.73,lateral,False,nan
38,119,0.02463,0.09472,5.1188,-0.7059,0,False,False,135.56,lateral,False,nan
38,120,0.0187,0.09436,7.6855,-1.277,0,False,False,216.92,lateral,False,nan
38,121,0.01288,0.09446,-586.327,118.6588,0,False,False,2217.04,behind,False,nan
38,122,0.01439,0.09446,28.6061,-5.2393,0,False,False,1058.24,lateral,False,nan
39,1,0.49745,0.1187,-0.0299,0.2311,4,True,True,5.49,,True,0.021741683081776333
39,2,0.49215,0.1172,0.0271,0.2269,4,True,True,5.55,,True,0.017954627971231638
39,3,0.4864,0.11615,0.0779,0.2532,4,True,True,5.68,,True,0.014844298881272235
39,4,0.4806,0.11534,0.0906,0.2751,4,True,True,5.82,,True,0.02244697655048512
39,5,0.4744,0.11448,0.0769,0.2586,4,True,True,5.83,,True,0.017695809622666325
39,6,0.46794,0.11358,0.0771,0.2463,4,True,True,5.92,,True,0.0120607557044007
39,7,0.46145,0.11272,0.1031,0.2745,4,True,True,6.07,,True,0.015576136859421328
39,8,0.455,0.11168,0.1214,0.2991,4,True,True,6.25,,True,0.01472979424446077
39,9,0.44858,0.11024,0.1073,0.2815,4,True,True,6.34,,True,0.016246248623698518
39,10,0.44216,0.10849,0.0507,0.2648,4,True,True,6.34,,True,0.016343305781777607
39,11,0.43592,0.10664,-0.0088,0.2853,4,True,True,6.43,,True,0.013707189050296172
39,12,0.42983,0.10457,-0.0277,0.2998,4,True,True,6.67,,True,0.023445048082398272
39,13,0.42356,0.1021,-0.0204,0.275,4,True,True,6.58,,True,0.009822720020355537
39,14,0.41703,0.09943,-0.0362,0.2365,4,True,True,6.63,,True,0.012205354599082114
39,15,0.41044,0.09685,-0.0558,0.2214,4,True,True,6.77,,True,0.012279399353506953
39,16,0.40389,0.0945,-0.079,0.2429,4,True,True,7.06,,True,0.023022873840351683
39,17,0.39772,0.09215,-0.0862,0.2588,4,True,True,7.06,,True,0.00720456545179022
39,18,0.39171,0.08957,-0.0573,0.235,4,True,True,7.1,,True,0.013476968547981052
39,19,0.38542,0.08695,-0.0422,0.2134,4,True,True,7.17,,True,0.011798011439175153
39,20,0.37899,0.08455,-0.0599,0.1878,4,True,True,7.37,,True,0.010754267848436038
39,21,0.37246,0.08254,-0.0812,0.1709,4,True,True,7.45,,True,0.015197059201050417
39,22,0.36596,0.08101,-0.0793,0.1923,4,True,True,7.67,,True,0.01032000688668794
39,23,0.35967,0.07981,-0.09,0.2059,4,True,True,7.68,,True,0.02037461469427681
39,24,0.35338,0.07876,-0.1308,0.1831,4,True,True,7.95,,True,0.0082265521888787
39,25,0.347,0.07786,-0.156,0.1704,4,True,True,8.13,,True,0.009054858751533517
39,26,0.34062,0.07711,-0.1446,0.1943,4,True,True,8.35,,True,0.007598867399047016
39,27,0.33437,0.07636,-0.1268,0.2083,4,True,True,8.33,,True,0.022182351218828663
39,28,0.32798,0.07556,-0.1288,0.1875,4,True,True,8.61,,True,0.006852272899722699
39,29,0.32133,0.07486,-0.1262,0.1776,4,True,True,8.69,,True,0.009293514527299646
39,30,0.31471,0.07439,-0.0941,0.2052,4,True,True,8.83,,True,0.008256521297297181
39,31,0.30837,0.07413,-0.0762,0.2241,4,True,True,9.11,,True,0.01215624071288506
39,32,0.30194,0.07407,-0.0945,0.2061,4,True,True,9.49,,True,0.008472600871760622
39,33,0.29524,0.0743,-0.1215,0.1985,4,True,True,9.58,,True,0.006295848100083735
39,34,0.28862,0.07484,-0.1283,0.2304,4,True,True,9.7,,True,0.008909425073093372
39,35,0.28229,0.07551,-0.1363,0.2532,4,True,True,10.11,,True,0.006122702038441172
39,36,0.27588,0.07617,-0.1698,0.2394,4,True,True,10.45,,True,0.008433625373821139
39,37,0.26935,0.07681,-0.1901,0.2371,4,True,True,10.42,,True,0.007856433907753592
39,38,0.26285,0.07743,-0.1752,0.2714,4,True,True,10.84,,True,0.007035914796967396
39,39,0.25665,0.07796,-0.177,0.2921,4,True,True,11.15,,True,0.008671035903541544
39,40,0.25035,0.07836,-0.2144,0.2747,4,True,True,11.42,,True,0.008331550847118466
39,41,0.24384,0.07865,-0.2376,0.2697,4,True,True,11.74,,True,0.0062125165522090966
39,42,0.23741,0.07883,-0.2258,0.2566,4,True,True,12.2,,True,0.006816916854512993
39,43,0.2309,0.07909,-0.2298,0.239,4,True,True,12.24,,True,0.008814107826315868
39,44,0.22425,0.07968,-0.2701,0.2201,4,True,True,12.66,,True,0.006649512667607836
39,45,0.21755,0.08058,-0.3331,0.2224,3,False,True,13.71,tilt,False,nan
39,46,0.21121,0.08151,-0.3862,0.2664,2,False,True,14.75,tilt,False,nan
39,47,0.20523,0.08204,-0.4053,0.2912,2,False,True,14.86,tilt,False,nan
39,48,0.19898,0.08196,-0.421,0.2813,2,False,True,15.17,too_close,False,nan
39,49,0.19237,0.08134,-0.418,0.293,2,False,True,16.01,too_close,False,nan
39,50,0.18586,0.0802,-0.4204,0.2957,2,False,True,16.92,too_close,False,nan
39,51,0.17932,0.07865,-0.4267,0.2867,2,False,True,17.2,too_close,False,nan
39,52,0.17246,0.07676,-0.4391,0.3253,1,False,True,17.59,too_close,False,nan
39,53,0.16596,0.07439,-0.4254,0.3756,1,False,True,18.78,too_close,False,nan
39,54,0.15965,0.07141,-0.3939,0.3776,1,False,True,19.55,too_close,False,nan
39,55,0.15305,0.06801,-0.3597,0.3684,1,False,True,19.71,too_close,False,nan
39,56,0.14599,0.06443,-0.3319,0.4081,1,False,True,21.01,too_close,False,nan
39,57,0.13934,0.06065,-0.2758,0.4517,1,False,True,22.57,too_close,False,nan
39,58,0.13302,0.05659,-0.2188,0.4416,1,False,True,23.11,too_close,False,nan
39,59,0.12644,0.05245,-0.2026,0.42,1,False,True,23.89,too_close,False,nan
39,60,0.11966,0.04837,-0.1645,0.3859,0,False,True,24.73,too_close,False,nan
39,61,0.11261,0.0446,-0.1186,0.3658,0,False,True,26.94,too_close,False,nan
39,62,0.10564,0.04141,-0.1179,0.3914,0,False,True,29.78,too_close,False,nan
39,63,0.099,0.03863,-0.1302,0.4089,0,False,True,31.71,too_close,False,nan
39,64,0.09207,0.03606,-0.1354,0.3871,0,False,True,34.25,too_close,False,nan
39,65,0.08482,0.03383,-0.1131,0.381,0,False,True,38.83,too_close,False,nan
39,66,0.07759,0.03219,-0.0973,0.4277,0,False,True,42.62,too_close,False,nan
39,67,0.07047,0.03108,-0.1394,0.4777,0,False,True,48.19,too_close,False,nan
39,68,0.06304,0.03033,-0.1767,0.5541,0,False,True,55.73,too_close,False,nan
39,69,0.05573,0.02992,-0.1304,0.6498,0,False,True,65.31,too_close,False,nan
39,70,0.04858,0.02994,-0.0292,0.7697,0,False,True,81.0,too_close,False,nan
39,71,0.04158,0.03067,0.1359,1.0025,0,False,False,95.54,lateral,False,nan
39,72,0.03442,0.03209,0.3757,1.3797,0,False,False,141.85,lateral,False,nan
39,73,0.02696,0.03413,0.9318,2.1751,0,False,False,407.48,lateral,False,nan
39,74,0.01933,0.03672,3.7586,5.5776,0,False,False,1456.01,lateral,False,nan
39,75,0.01289,0.03955,15.1233,16.2836,0,False,False,1728.12,behind,False,nan
39,76,0.01261,0.04154,80.2797,76.7206,0,False,False,1436.26,behind,False,nan
40,1,0.49775,0.26605,0.3728,0.3626,4,True,True,5.42,,True,0.02046146043385016
40,2,0.49278,0.25757,0.3125,0.3401,4,True,True,5.32,,True,0.01630566732961431
40,3,0.48698,0.24963,0.2606,0.3625,4,True,True,5.36,,True,0.02272977050143116
40,4,0.48089,0.2424,0.2575,0.3766,4,True,True,5.42,,True,0.016068476301663758
40,5,0.47507,0.2358,0.2989,0.3468,4,True,True,5.61,,True,0.01616124024708916
40,6,0.46986,0.22971,0.3308,0.3265,4,True,True,5.74,,True,0.02380886225646447
40,7,0.46516,0.22398,0.3179,0.3509,4,True,True,5.88,,True,0.018322084823686205
40,8,0.46014,0.21845,0.3143,0.3668,4,True,True,6.09,,True,0.017049998361509444
40,9,0.45505,0.21301,0.3635,0.3314,4,True,True,6.21,,True,0.02014267896223317
40,10,0.45001,0.2075,0.4108,0.2992,4,True,True,6.39,,True,0.018323746344792908
40,11,0.44479,0.20177,0.4105,0.3156,4,True,True,6.63,,True,0.013187964240312119
40,12,0.43915,0.19568,0.3722,0.3226,4,True,True,6.7,,True,0.009934130123425821
40,13,0.43314,0.1893,0.31,0.2769,4,True,True,6.43,,True,0.016031894027004858
40,14,0.42698,0.18314,0.2592,0.2433,4,True,True,6.28,,True,0.010890355387925507
40,15,0.42102,0.1777,0.2431,0.2647,4,True,True,6.53,,True,0.01607452669522838
40,16,0.4155,0.17301,0.2704,0.2825,4,True,True,6.86,,True,0.021813540403377324
40,17,0.41027,0.16873,0.3051,0.2511,4,True,True,6.95,,True,0.011855695289316636
40,18,0.40483,0.16473,0.3051,0.2211,4,True,True,6.88,,True,0.015781134502990984
40,19,0.39916,0.16111,0.2663,0.2356,4,True,True,6.89,,True,0.018566303506564196
40,20,0.39359,0.15803,0.2393,0.2431,4,True,True,6.92,,True,0.01691336580690256
40,21,0.38805,0.15562,0.2616,0.2031,4,True,True,6.89,,True,0.0125652825586224
40,22,0.3825,0.15398,0.2968,0.1692,4,True,True,7.16,,True,0.015735381046014234
40,23,0.37735,0.15307,0.3022,0.1833,4,True,True,7.25,,True,0.012132220680027998
40,24,0.3724,0.15278,0.3045,0.2076,4,True,True,7.33,,True,0.012629501518489523
40,25,0.36696,0.15299,0.3172,0.2287,4,True,True,7.81,,True,0.013272792365701547
40,26,0.36151,0.15357,0.3123,0.2682,4,True,True,7.86,,True,0.010969998402773256
40,27,0.35541,0.15439,0.3225,0.2935,4,True,True,7.7,,True,0.010012624341183446
40,28,0.34825,0.15533,0.3681,0.2865,4,True,True,8.17,,True,0.013253682905218368
40,29,0.34196,0.15624,0.3922,0.2786,4,True,True,8.27,,True,0.013367542009172744
40,30,0.33639,0.15705,0.4184,0.2966,4,True,True,8.42,,True,0.015526573503582436
40,31,0.33117,0.15764,0.4471,0.2961,4,True,True,8.77,,True,0.013067383492418068
40,32,0.32561,0.15788,0.4711,0.2979,4,True,True,9.11,,True,0.01233405566512186
40,33,0.31997,0.15768,0.4665,0.3148,4,True,True,9.04,,True,0.008663374407138498
40,34,0.3144,0.15703,0.4366,0.3359,4,True,True,9.19,,True,0.010984798211683598
40,35,0.30813,0.15611,0.44,0.3362,4,True,True,9.22,,True,0.011593435290905634
40,36,0.30197,0.15495,0.4813,0.3007,4,True,True,9.58,,False,nan
40,37,0.29603,0.15352,0.5077,0.2857,3,False,True,10.29,tilt,False,nan
40,38,0.28988,0.15179,0.4939,0.3031,3,False,True,10.55,tilt,False,nan
40,39,0.28379,0.1498,0.4491,0.3305,4,True,True,10.04,,True,0.04003121166326349
40,40,0.27723,0.14773,0.4062,0.3532,4,True,True,9.95,,True,0.009884764986481684
40,41,0.27004,0.1458,0.3869,0.3597,4,True,True,10.08,,True,0.011387906431049824
40,42,0.26304,0.14416,0.4122,0.3733,4,True,True,10.55,,True,0.00992920106205199
40,43,0.25657,0.14271,0.499,0.3664,2,False,True,11.29,tilt,False,nan
40,44,0.25029,0.14104,0.5872,0.3624,2,False,True,12.54,too_close,False,nan
40,45,0.24421,0.13868,0.61,0.3655,2,False,True,12.86,too_close,False,nan
40,46,0.23805,0.13552,0.5754,0.3181,2,False,True,12.79,too_close,False,nan
40,47,0.23166,0.13189,0.5086,0.2537,2,False,True,12.46,too_close,False,nan
40,48,0.22505,0.12843,0.4544,0.2387,3,False,True,12.29,too_close,False,nan
40,49,0.21795,0.12559,0.4439,0.2908,3,False,True,12.45,too_close,False,nan
40,50,0.21084,0.12338,0.4846,0.3426,2,False,True,13.27,too_close,False,nan
40,51,0.20437,0.12145,0.5305,0.3349,1,False,True,14.34,too_close,False,nan
40,52,0.19818,0.11957,0.5305,0.329,1,False,True,14.9,too_close,False,nan
40,53,0.19144,0.11778,0.5293,0.3663,1,False,True,15.29,too_close,False,nan
40,54,0.18436,0.11607,0.5742,0.391,1,False,True,16.09,too_close,False,nan
40,55,0.17756,0.11423,0.6285,0.4014,1,False,True,17.58,too_close,False,nan
40,56,0.17094,0.11204,0.6245,0.4008,1,False,True,18.17,too_close,False,nan
40,57,0.16422,0.10957,0.5556,0.4201,1,False,True,17.47,too_close,False,nan
40,58,0.15706,0.1072,0.5012,0.4326,1,False,True,17.34,too_close,False,nan
40,59,0.14963,0.10529,0.5164,0.4377,1,False,True,18.15,too_close,False,nan
40,60,0.14194,0.10394,0.5948,0.5018,1,False,True,20.59,too_close,False,nan
40,61,0.13408,0.10279,0.7203,0.6086,1,False,True,24.85,too_close,False,nan
40,62,0.12599,0.10116,0.8484,0.6783,1,False,True,29.54,too_close,False,nan
40,63,0.11769,0.09856,0.9351,0.6526,1,False,True,31.62,too_close,False,nan
40,64,0.1098,0.09487,0.9505,0.6124,1,False,True,33.74,too_close,False,nan
40,65,0.10211,0.09037,0.8876,0.6371,1,False,True,34.11,too_close,False,nan
40,66,0.09405,0.08542,0.7883,0.6468,1,False,True,33.7,too_close,False,nan
40,67,0.08583,0.08053,0.7322,0.59,0,False,True,35.41,too_close,False,nan
40,68,0.0782,0.07636,0.7435,0.5728,0,False,True,40.99,too_close,False,nan
40,69,0.07072,0.07324,0.8228,0.682,0,False,True,48.43,too_close,False,nan
40,70,0.06276,0.07098,0.953,0.9066,0,False,True,55.85,too_close,False,nan
40,71,0.05471,0.06919,1.0976,1.147,0,False,False,61.74,lateral,False,nan
40,72,0.04709,0.06766,1.1529,1.3361,0,False,False,71.41,lateral,False,nan
40,73,0.03948,0.06656,1.2368,1.7019,0,False,False,94.62,lateral,False,nan
40,74,0.03166,0.06604,1.6367,2.4721,0,False,False,229.27,lateral,False,nan
40,75,0.02392,0.06594,3.3274,4.7623,0,False,False,258.82,lateral,False,nan
40,76,0.01687,0.06582,23.8096,31.3145,0,False,False,493.12,behind,False,nan
40,77,0.01368,0.06555,10.6026,14.6385,0,False,False,1649.07,lateral,False,nan
41,1,0.49777,0.26112,-0.0047,0.5183,4,True,True,5.52,,True,0.011576270746779934
41,2,0.4925,0.25628,-0.0582,0.5025,4,True,True,5.61,,True,0.016124603802201768
41,3,0.48569,0.2518,-0.1242,0.529,4,True,True,5.77,,True,0.01690032362606303
41,4,0.47852,0.24749,-0.1482,0.5473,4,True,True,6.09,,True,0.01721348045549405
41,5,0.47154,0.24307,-0.1515,0.5582,4,True,True,6.14,,True,0.01345147923093857
41,6,0.4647,0.23841,-0.1659,0.5499,4,True,True,6.15,,True,0.01441947908388316
41,7,0.45784,0.23349,-0.1754,0.5398,4,True,True,6.38,,True,0.012782284635623089
41,8,0.45128,0.22828,-0.1521,0.5736,4,True,True,6.67,,True,0.015064569682152954
41,9,0.4458,0.2225,-0.1128,0.607,4,True,True,6.7,,True,0.015482598658216034
41,10,0.44058,0.21591,-0.1097,0.5914,4,True,True,6.64,,True,0.013287993133241704
41,11,0.43499,0.20856,-0.1241,0.5247,4,True,True,6.68,,True,0.014723662289761833
41,12,0.42893,0.2008,-0.1022,0.4639,4,True,True,6.69,,True,0.028275665539671556
41,13,0.42273,0.19303,-0.0708,0.4524,4,True,True,6.62,,True,0.029613096705773067
41,14,0.41684,0.18539,-0.0806,0.4357,4,True,True,6.6,,True,0.014194126349781143
41,15,0.41108,0.17789,-0.1042,0.3747,4,True,True,6.73,,True,0.01057609796080332
41,16,0.40492,0.17086,-0.0921,0.3206,4,True,True,6.83,,True,0.011976223831198967
41,17,0.39847,0.1647,-0.0751,0.3126,4,True,True,6.87,,True,0.014847920052128693
41,18,0.39207,0.15952,-0.073,0.3473,4,True,True,7.0,,True,0.013960587645351817
41,19,0.38637,0.15505,-0.0612,0.3752,4,True,True,7.26,,True,0.010013148925585398
41,20,0.38116,0.15095,-0.0499,0.3648,4,True,True,7.47,,True,0.007268137949382143
41,21,0.37559,0.14722,-0.0588,0.3428,4,True,True,7.43,,True,0.015313422062611626
41,22,0.36953,0.14397,-0.0632,0.346,4,True,True,7.45,,True,0.014756557603424978
41,23,0.36354,0.14122,-0.0442,0.3565,4,True,True,7.74,,True,0.012114245740844135
41,24,0.35789,0.13889,-0.0276,0.3494,4,True,True,7.95,,True,0.012708643737584279
41,25,0.35212,0.13701,-0.034,0.3597,4,True,True,7.92,,True,0.010663959337157873
41,26,0.346,0.13552,-0.0395,0.383,4,True,True,7.98,,True,0.005800376127562724
41,27,0.33987,0.13425,-0.0255,0.3782,4,True,True,8.24,,True,0.011701266392923486
41,28,0.33392,0.13324,-0.0168,0.3816,4,True,True,8.49,,True,0.009927830614681556
41,29,0.32795,0.13251,-0.0314,0.4262,4,True,True,8.55,,True,0.03359819674721704
41,30,0.32181,0.13177,-0.0457,0.4654,4,True,True,8.86,,True,0.009765928740269218
41,31,0.31573,0.13069,-0.0435,0.4609,4,True,True,8.98,,True,0.008105019507988
41,32,0.30983,0.12929,-0.0455,0.4633,4,True,True,9.22,,True,0.010213669923327732
41,33,0.304,0.12762,-0.0649,0.4647,4,True,True,9.35,,True,0.00996802770385102
41,34,0.29785,0.12568,-0.0811,0.4257,4,True,True,9.69,,True,0.00986793562831049
41,35,0.29129,0.12377,-0.0774,0.3925,4,True,True,9.67,,True,0.00888109331050395
41,36,0.28476,0.12222,-0.0582,0.4034,4,True,True,9.8,,True,0.010193983942956212
41,37,0.27885,0.12108,-0.0445,0.4204,4,True,True,10.17,,True,0.009443672560089036
41,38,0.27313,0.12025,-0.0334,0.4059,4,True,True,10.48,,True,0.010100093456551218
41,39,0.267,0.11984,-0.0067,0.4018,4,True,True,10.47,,True,0.009704021315054023
41,40,0.26107,0.12003,0.016,0.4455,4,True,True,10.71,,True,0.010760148743012968
41,41,0.25562,0.12062,0.019,0.4883,4,True,True,11.24,,False,nan
41,42,0.2499,0.12131,0.0178,0.491,3,False,True,11.66,too_close,False,nan
41,43,0.24367,0.12211,0.0284,0.5052,2,False,True,11.75,too_close,False,nan
41,44,0.23783,0.12308,0.035,0.5698,2,False,True,12.16,too_close,False,nan
41,45,0.23237,0.12391,0.0211,0.6323,2,False,True,12.96,too_close,False,nan
41,46,0.22647,0.12427,0.0028,0.6497,2,False,True,13.43,too_close,False,nan
41,47,0.22022,0.1241,-0.0067,0.6437,2,False,True,13.34,too_close,False,nan
41,48,0.21426,0.12351,-0.0203,0.6641,2,False,True,13.82,too_close,False,nan
41,49,0.20855,0.12254,-0.0449,0.6811,2,False,True,14.29,too_close,False,nan
41,50,0.20246,0.12115,-0.0673,0.6496,2,False,True,14.51,too_close,False,nan
41,51,0.19602,0.11961,-0.0778,0.6259,2,False,True,14.55,too_close,False,nan
41,52,0.18967,0.11816,-0.0909,0.6578,2,False,True,15.34,too_close,False,nan
41,53,0.1835,0.11676,-0.1085,0.6929,2,False,True,15.87,too_close,False,nan
41,54,0.17723,0.11525,-0.1159,0.6777,2,False,True,16.46,too_close,False,nan
41,55,0.17077,0.11382,-0.1092,0.6677,2,False,True,17.02,too_close,False,nan
41,56,0.164,0.11269,-0.0782,0.7156,2,False,True,17.95,too_close,False,nan
41,57,0.15723,0.11177,-0.0329,0.7672,2,False,True,18.61,too_close,False,nan
41,58,0.15085,0.11095,-0.0257,0.7659,2,False,True,19.26,too_close,False,nan
41,59,0.14444,0.11035,-0.0427,0.777,1,False,True,20.22,too_close,False,nan
41,60,0.1376,0.11016,-0.0174,0.8549,1,False,True,22.12,too_close,False,nan
41,61,0.13049,0.11023,0.0556,0.938,1,False,True,23.45,too_close,False,nan
41,62,0.12367,0.11037,0.1232,1.0302,1,False,False,25.12,too_close,False,nan
41,63,0.11707,0.11039,0.1758,1.12,0,False,False,27.67,lateral,False,nan
41,64,0.11033,0.11015,0.2435,1.1501,1,False,False,28.69,lateral,False,nan
41,65,0.10356,0.10973,0.3326,1.1971,1,False,False,31.09,lateral,False,nan
41,66,0.09694,0.1092,0.4192,1.3284,0,False,False,35.3,lateral,False,nan
41,67,0.09051,0.10835,0.4407,1.4518,0,False,False,39.1,lateral,False,nan
41,68,0.08407,0.10707,0.406,1.4928,0,False,False,39.34,lateral,False,nan
41,69,0.0771,0.10558,0.4371,1.5825,0,False,False,42.88,lateral,False,nan
41,70,0.06984,0.10402,0.5896,1.8342,0,False,False,51.9,lateral,False,nan
41,71,0.06282,0.10222,0.7249,2.0993,0,False,False,63.35,lateral,False,nan
41,72,0.05599,0.10004,0.7493,2.2425,0,False,False,65.6,lateral,False,nan
41,73,0.04874,0.09769,0.8776,2.545,0,False,False,78.79,lateral,False,nan
41,74,0.04118,0.0953,1.2999,3.3513,0,False,False,113.72,lateral,False,nan
41,75,0.03404,0.09269,1.8788,4.4356,0,False,False,171.32,lateral,False,nan
41,76,0.02701,0.08979,2.3668,5.477,0,False,False,184.1,lateral,False,nan
41,77,0.01948,0.08686,4.2074,9.1858,0,False,False,369.28,lateral,False,nan
41,78,0.01304,0.08426,33.8879,65.551,0,False,False,6520.42,behind,False,nan
41,79,0.01285,0.08315,77.5181,146.9541,0,False,False,6857.28,behind,False,nan
42,1,0.49774,0.17307,0.3047,-0.1703,4,True,True,5.49,,True,0.028255303913642272
42,2,0.49261,0.16511,0.2463,-0.175,4,True,True,5.44,,True,0.02464639403240196
42,3,0.48633,0.15752,0.2022,-0.1384,4,True,True,5.47,,True,0.020058664182675233
42,4,0.47987,0.15074,0.1975,-0.1114,4,True,True,5.63,,True,0.021971278571050308
42,5,0.47375,0.14493,0.223,-0.1319,4,True,True,5.69,,True,0.018501380549250088
42,6,0.46776,0.13976,0.2429,-0.1489,4,True,True,5.8,,True,0.023164375337499946
42,7,0.46176,0.13486,0.2327,-0.1209,4,True,True,5.91,,True,0.02011266155771902
42,8,0.45582,0.13032,0.2295,-0.1011,4,True,True,6.06,,True,0.02083300560358695
42,9,0.44995,0.12619,0.2488,-0.1248,4,True,True,6.11,,True,0.02426656103027926
42,10,0.44392,0.12223,0.2557,-0.141,4,True,True,6.23,,True,0.021566130751090387
42,11,0.43772,0.11825,0.2317,-0.1117,4,True,True,6.24,,True,0.01614905688993194
42,12,0.43166,0.11445,0.215,-0.0908,4,True,True,6.34,,True,0.020876804985882045
42,13,0.42566,0.11106,0.2345,-0.103,4,True,True,6.46,,True,0.0201278012537457
42,14,0.41956,0.10788,0.2519,-0.1,4,True,True,6.77,,True,0.01806307127797153
42,15,0.4134,0.10473,0.237,-0.0549,4,True,True,6.76,,True,0.018084886858576742
42,16,0.40753,0.10179,0.2295,-0.0211,4,True,True,6.81,,True,0.016376902683813338
42,17,0.40179,0.09918,0.2584,-0.0347,4,True,True,7.17,,True,0.016096097999716123
42,18,0.39577,0.09662,0.2829,-0.0446,4,True,True,7.49,,True,0.01950960253447293
42,19,0.38947,0.09382,0.2721,-0.011,4,True,True,7.47,,True,0.019401603878737055
42,20,0.38312,0.09084,0.2249,0.0152,4,True,True,7.37,,True,0.01767196822440476
42,21,0.37688,0.08808,0.1858,-0.006,4,True,True,7.53,,True,0.01672443356618482
42,22,0.37045,0.08586,0.1848,-0.0631,4,True,True,7.76,,True,0.01551785646582615
42,23,0.36383,0.08409,0.2082,-0.1075,4,True,True,7.8,,True,0.01588603618459233
42,24,0.35697,0.08247,0.2163,-0.1119,4,True,True,7.87,,True,0.016493649955304515
42,25,0.35011,0.08091,0.1821,-0.0823,4,True,True,7.84,,True,0.014014747299809498
42,26,0.34358,0.07976,0.1522,-0.0549,4,True,True,7.9,,True,0.014424525807419248
42,27,0.33731,0.07941,0.1624,-0.0595,4,True,True,8.04,,True,0.014117040727310012
42,28,0.33103,0.07986,0.2097,-0.0631,4,True,True,8.34,,True,0.012340864056636536
42,29,0.32483,0.08078,0.2506,-0.0356,4,True,True,8.67,,True,0.017202941616280533
42,30,0.31891,0.08188,0.2529,-0.009,4,True,True,8.95,,True,0.014815118166111276
42,31,0.31318,0.08316,0.2586,-0.0081,4,True,True,8.83,,True,0.01932592383610221
42,32,0.30707,0.08465,0.3005,-0.0039,4,True,True,9.29,,True,0.01460491307535996
42,33,0.30078,0.08611,0.3353,0.0255,4,True,True,9.49,,True,0.014682744877469041
42,34,0.29473,0.08729,0.3267,0.0513,4,True,True,9.73,,True,0.013825973471409942
42,35,0.2888,0.08829,0.3175,0.0536,4,True,True,9.78,,True,0.027462042462892206
42,36,0.28254,0.08925,0.3455,0.0588,4,True,True,10.39,,True,0.010264334423803891
42,37,0.27613,0.09007,0.3687,0.0867,4,True,True,10.52,,True,0.011205819613292138
42,38,0.26992,0.09059,0.3491,0.1053,4,True,True,10.66,,True,0.011349109177958071
42,39,0.26378,0.09097,0.3288,0.0969,4,True,True,10.65,,True,0.01255514404343974
42,40,0.25748,0.0915,0.3478,0.0909,4,True,True,10.91,,True,0.010407230979352072
42,41,0.2512,0.09215,0.4125,0.0932,4,True,True,11.75,,False,nan
42,42,0.24502,0.09253,0.4705,0.0793,2,False,True,12.82,tilt,False,nan
42,43,0.23864,0.09227,0.4812,0.0821,2,False,True,13.11,tilt,False,nan
42,44,0.23201,0.09135,0.4453,0.0857,2,False,True,12.69,tilt,False,nan
42,45,0.22526,0.09005,0.415,0.0819,3,False,True,12.74,too_close,False,nan
42,46,0.21858,0.08874,0.4305,0.0545,2,False,True,13.37,too_close,False,nan
42,47,0.21189,0.08745,0.443,0.0298,2,False,True,14.07,too_close,False,nan
42,48,0.20521,0.08615,0.46,0.0163,2,False,True,14.32,too_close,False,nan
42,49,0.19799,0.08482,0.4754,-0.0339,2,False,True,14.83,too_close,False,nan
42,50,0.19042,0.08341,0.4476,-0.094,2,False,True,15.46,too_close,False,nan
42,51,0.18294,0.08212,0.4262,-0.1101,2,False,True,15.8,too_close,False,nan
42,52,0.17562,0.08122,0.4564,-0.078,2,False,True,16.27,too_close,False,nan
42,53,0.16808,0.08062,0.4891,-0.0555,2,False,True,16.93,too_close,False,nan
42,54,0.16062,0.08021,0.5337,-0.0902,2,False,True,18.37,too_close,False,nan
42,55,0.15349,0.07983,0.5787,-0.1206,2,False,True,19.93,too_close,False,nan
42,56,0.14634,0.07927,0.582,-0.0879,1,False,True,20.22,too_close,False,nan
42,57,0.13908,0.07867,0.5972,-0.0631,1,False,True,20.86,too_close,False,nan
42,58,0.13184,0.07817,0.669,-0.097,1,False,True,23.33,too_close,False,nan
42,59,0.12478,0.07756,0.743,-0.1195,1,False,True,26.04,too_close,False,nan
42,60,0.11756,0.07656,0.7698,-0.0707,0,False,True,26.93,too_close,False,nan
42,61,0.11006,0.07526,0.7432,0.0109,0,False,True,27.86,too_close,False,nan
42,62,0.10286,0.07407,0.7315,0.048,0,False,True,30.06,too_close,False,nan
42,63,0.09558,0.07337,0.7868,0.0414,0,False,True,32.78,too_close,False,nan
42,64,0.08793,0.07321,0.9208,0.0213,0,False,True,36.54,too_close,False,nan
42,65,0.07999,0.07333,1.0812,-0.0041,0,False,False,41.32,lateral,False,nan
42,66,0.07222,0.07349,1.1846,-0.0489,0,False,False,46.11,lateral,False,nan
42,67,0.06465,0.07377,1.318,-0.1155,0,False,False,51.96,lateral,False,nan
42,68,0.05691,0.07432,1.6344,-0.1976,0,False,False,60.92,lateral,False,nan
42,69,0.04884,0.07496,2.1818,-0.3206,0,False,False,91.77,lateral,False,nan
42,70,0.04079,0.07535,2.8415,-0.5396,0,False,False,122.17,lateral,False,nan
42,71,0.0333,0.07539,3.8231,-0.8769,0,False,False,167.77,lateral,False,nan
42,72,0.02569,0.07515,7.1781,-1.6044,0,False,False,505.45,lateral,False,nan
42,73,0.018,0.07446,49.9003,-10.7245,0,False,False,294.5,behind,False,nan
42,74,0.01295,0.07367,39.3084,-9.1022,0,False,False,2348.43,behind,False,nan
43,1,0.4986,0.24441,0.5227,0.006,4,True,True,5.69,,True,0.012304563421440026
43,2,0.49505,0.24136,0.5849,-0.0581,4,True,True,6.23,,True,0.01567695163088032
43,3,0.49015,0.23797,0.6424,-0.1411,4,True,True,6.63,,False,nan
43,4,0.48435,0.23373,0.6499,-0.184,4,True,True,6.74,,False,nan
43,5,0.47797,0.22837,0.6123,-0.1621,4,True,True,6.57,,True,0.014588914803878306
43,6,0.47151,0.22197,0.5862,-0.12,4,True,True,6.63,,True,0.019546232074762544
43,7,0.46439,0.21476,0.5572,-0.1127,4,True,True,6.89,,True,0.013158971210830733
43,8,0.45672,0.20692,0.4794,-0.1171,4,True,True,6.66,,True,0.010280009838408077
43,9,0.44939,0.19886,0.4019,-0.1029,4,True,True,6.16,,True,0.010924380934540122
43,10,0.44265,0.19116,0.3672,-0.0904,4,True,True,5.95,,True,0.011625539371453272
43,11,0.43624,0.18408,0.377,-0.0974,4,True,True,6.17,,True,0.010056661983057647
43,12,0.42964,0.17748,0.3801,-0.0994,4,True,True,6.34,,True,0.014367665767869558
43,13,0.42291,0.1712,0.3835,-0.0758,4,True,True,6.5,,True,0.01032675902254424
43,14,0.41647,0.1652,0.3809,-0.0529,4,True,True,6.77,,True,0.009041700482359291
43,15,0.41008,0.15941,0.3836,-0.0507,4,True,True,6.72,,True,0.01629680908419349
43,16,0.40314,0.15379,0.3793,-0.0452,4,True,True,6.86,,True,0.00954437019087243
43,17,0.39604,0.14827,0.3769,-0.028,4,True,True,7.01,,True,0.006105607620290163
43,18,0.38936,0.14287,0.3667,-0.0222,4,True,True,7.22,,True,0.009669958083286963
43,19,0.38265,0.13761,0.3594,-0.0386,4,True,True,7.23,,True,0.011606818246309944
43,20,0.37542,0.13251,0.3452,-0.0519,4,True,True,7.55,,True,0.012169042863902276
43,21,0.36803,0.12758,0.332,-0.0445,4,True,True,7.53,,True,0.00799514184365783
43,22,0.36101,0.12294,0.3112,-0.0437,4,True,True,7.59,,True,0.009891876096382547
43,23,0.35396,0.11872,0.2952,-0.068,4,True,True,7.84,,True,0.01027244600667209
43,24,0.34681,0.11501,0.2723,-0.0878,4,True,True,8.11,,True,0.008075864808229515
43,25,0.33951,0.11193,0.2489,-0.0835,4,True,True,8.01,,True,0.011245334405332265
43,26,0.33208,0.10966,0.2634,-0.084,4,True,True,8.15,,True,0.01154153605437511
43,27,0.32491,0.10816,0.3211,-0.1107,4,True,True,8.77,,True,0.01002098389680364
43,28,0.31752,0.10691,0.3749,-0.1387,4,True,True,9.5,,True,0.009318323466397903
43,29,0.31034,0.10539,0.3773,-0.1445,4,True,True,9.5,,True,0.009420128754750236
43,30,0.30357,0.10353,0.3337,-0.1508,4,True,True,9.29,,True,0.006587790979436805
43,31,0.29652,0.10167,0.3003,-0.1808,4,True,True,9.63,,True,0.006409679830040014
43,32,0.28921,0.10003,0.3033,-0.2103,4,True,True,10.14,,True,0.007088699343067098
43,33,0.28201,0.09852,0.2882,-0.2131,4,True,True,10.06,,True,0.00769910590599077
43,34,0.27491,0.0972,0.2759,-0.2168,4,True,True,10.06,,True,0.006807071530750146
43,35,0.26773,0.09619,0.2702,-0.2479,4,True,True,10.6,,True,0.007944564957354367
43,36,0.26032,0.09543,0.2687,-0.279,4,True,True,11.15,,True,0.006849580140376235
43,37,0.25282,0.0948,0.2912,-0.2869,4,True,True,11.33,,True,0.006903503606978443
43,38,0.24577,0.09414,0.307,-0.2996,4,True,True,11.64,,True,0.005667114584011879
43,39,0.23876,0.09337,0.2958,-0.3393,4,True,True,12.3,,True,0.006942108926871734
43,40,0.23139,0.09241,0.2447,-0.3725,3,False,True,12.76,tilt,False,nan
43,41,0.22387,0.09135,0.1834,-0.3751,3,False,True,12.62,tilt,False,nan
43,42,0.21616,0.09053,0.164,-0.3813,3,False,True,12.97,tilt,False,nan
43,43,0.20817,0.09009,0.2031,-0.4047,2,False,True,13.73,too_close,False,nan
43,44,0.20011,0.08988,0.2831,-0.4137,2,False,True,14.88,too_close,False,nan
43,45,0.19242,0.08959,0.3391,-0.3884,1,False,True,15.18,too_close,False,nan
43,46,0.18519,0.08917,0.3544,-0.3618,1,False,True,15.68,too_close,False,nan
43,47,0.17786,0.08882,0.3919,-0.3641,1,False,True,16.48,too_close,False,nan
43,48,0.17027,0.08851,0.4756,-0.4024,1,False,True,18.37,too_close,False,nan
43,49,0.16272,0.08782,0.5347,-0.4443,1,False,True,19.8,too_close,False,nan
43,50,0.15516,0.08639,0.5355,-0.4345,1,False,True,21.04,too_close,False,nan
43,51,0.14748,0.08439,0.5019,-0.407,1,False,True,21.53,too_close,False,nan
43,52,0.13972,0.08225,0.4498,-0.4292,1,False,True,21.57,too_close,False,nan
43,53,0.13199,0.08031,0.4087,-0.5033,1,False,True,22.16,too_close,False,nan
43,54,0.12428,0.07861,0.4118,-0.5647,1,False,True,24.32,too_close,False,nan
43,55,0.1167,0.07703,0.4268,-0.5649,1,False,True,25.77,too_close,False,nan
43,56,0.1091,0.0757,0.4001,-0.5715,1,False,True,27.58,too_close,False,nan
43,57,0.10151,0.07496,0.3693,-0.6583,0,False,True,29.22,too_close,False,nan
43,58,0.09402,0.07483,0.3959,-0.8035,0,False,True,33.04,too_close,False,nan
43,59,0.08658,0.07494,0.4563,-0.9297,0,False,True,37.66,too_close,False,nan
43,60,0.07908,0.075,0.4624,-0.9925,0,False,True,39.46,too_close,False,nan
43,61,0.07167,0.07517,0.445,-1.1028,0,False,False,43.82,lateral,False,nan
43,62,0.06445,0.07563,0.513,-1.3554,0,False,False,53.34,lateral,False,nan
43,63,0.05722,0.07614,0.67,-1.6616,0,False,False,69.2,lateral,False,nan
43,64,0.05007,0.07642,0.7809,-1.8651,0,False,False,76.53,lateral,False,nan
43,65,0.04338,0.07663,0.8772,-2.1775,0,False,False,90.26,lateral,False,nan
43,66,0.03715,0.07698,1.2438,-2.993,0,False,False,149.94,lateral,False,nan
43,67,0.03071,0.07728,2.3251,-4.7325,0,False,False,372.9,lateral,False,nan
43,68,0.0239,0.07718,4.5337,-8.0179,0,False,False,1380.32,lateral,False,nan
43,69,0.0174,0.07668,8.7382,-14.7305,0,False,False,1429.81,lateral,False,nan
43,70,0.01308,0.07601,45.3044,-74.7427,0,False,False,4310.37,behind,False,nan
43,71,0.01503,0.07543,11.8744,-17.3499,0,False,False,2335.19,lateral,False,nan
44,1,0.49897,0.24414,0.522,-0.0603,4,True,True,5.69,,True,0.018543329409108356
44,2,0.49582,0.24903,0.603,-0.1246,4,True,True,6.27,,True,0.010939554679898102
44,3,0.49072,0.25341,0.683,-0.2043,3,False,True,6.82,tilt,False,nan
44,4,0.4844,0.25672,0.7168,-0.2386,2,False,True,7.06,tilt,False,nan
44,5,0.47739,0.25866,0.704,-0.2036,3,False,True,7.03,tilt,False,nan
44,6,0.47015,0.25931,0.6993,-0.179,3,False,True,7.07,tilt,False,nan
44,7,0.46272,0.25883,0.7224,-0.2218,2,False,True,7.31,tilt,False,nan
44,8,0.45507,0.25712,0.7219,-0.2532,2,False,True,7.41,tilt,False,nan
44,9,0.44725,0.25418,0.6736,-0.2124,3,False,True,7.21,tilt,False,nan
44,10,0.43969,0.25033,0.6277,-0.1403,4,True,True,6.87,,True,0.01267688139746956
44,11,0.43257,0.24604,0.6279,-0.1039,4,True,True,6.66,,True,0.016298535132154887
44,12,0.42567,0.24141,0.6236,-0.1018,4,True,True,6.84,,True,0.011707568690974139
44,13,0.41872,0.23649,0.5747,-0.0706,4,True,True,6.56,,True,0.00909638988002449
44,14,0.41225,0.23162,0.5327,-0.0098,4,True,True,6.5,,True,0.00785601923215391
44,15,0.40631,0.22716,0.5388,0.021,4,True,True,6.95,,True,0.004647520167847506
44,16,0.4004,0.22313,0.5393,0.015,4,True,True,7.21,,True,0.01015812391423643
44,17,0.39412,0.21948,0.5083,0.003,4,True,True,6.95,,True,0.012043100923330661
44,18,0.3878,0.21639,0.4948,0.0011,4,True,True,6.84,,True,0.006633457311160026
44,19,0.38136,0.21396,0.5253,0.0132,4,True,True,7.33,,True,0.007972510567261996
44,20,0.37498,0.21206,0.5477,0.0199,4,True,True,7.72,,True,0.0073036611562379014
44,21,0.36853,0.21052,0.5373,0.0096,4,True,True,7.49,,True,0.011715714077820369
44,22,0.36197,0.20941,0.5443,-0.0008,4,True,True,7.41,,True,0.009886585401973748
44,23,0.35536,0.20873,0.5972,-0.0002,4,True,True,8.04,,False,nan
44,24,0.34901,0.20821,0.642,-0.0045,3,False,True,8.59,too_close,False,nan
44,25,0.34259,0.20757,0.635,-0.022,2,False,True,8.26,too_close,False,nan
44,26,0.33611,0.20686,0.6326,-0.0398,2,False,True,8.37,too_close,False,nan
44,27,0.32956,0.20619,0.6761,-0.0497,2,False,True,8.66,too_close,False,nan
44,28,0.32301,0.20535,0.7104,-0.0624,2,False,True,9.08,too_close,False,nan
44,29,0.31638,0.20418,0.6926,-0.0825,2,False,True,9.36,too_close,False,nan
44,30,0.30985,0.20281,0.6784,-0.1011,2,False,True,9.76,too_close,False,nan
44,31,0.30338,0.20145,0.7079,-0.1118,2,False,True,10.04,too_close,False,nan
44,32,0.29647,0.20001,0.7358,-0.0824,2,False,True,10.12,too_close,False,nan
44,33,0.28955,0.1984,0.7163,-0.0267,2,False,True,10.15,too_close,False,nan
44,34,0.28365,0.19678,0.7038,-0.014,2,False,True,10.46,too_close,False,nan
44,35,0.27791,0.19535,0.745,-0.028,2,False,True,10.94,too_close,False,nan
44,36,0.27119,0.19399,0.7834,-0.0107,2,False,True,11.12,too_close,False,nan
44,37,0.26378,0.19254,0.7726,0.0584,2,False,True,10.89,too_close,False,nan
44,38,0.2568,0.1911,0.7755,0.1091,2,False,True,11.09,too_close,False,nan
44,39,0.2498,0.18973,0.8436,0.091,2,False,True,12.22,too_close,False,nan
44,40,0.24235,0.18819,0.9123,0.0775,2,False,True,13.63,too_close,False,nan
44,41,0.23481,0.18618,0.9211,0.1308,2,False,True,14.29,too_close,False,nan
44,42,0.22744,0.18366,0.8957,0.2117,2,False,True,14.06,too_close,False,nan
44,43,0.22075,0.18077,0.8997,0.2469,2,False,True,14.07,too_close,False,nan
44,44,0.21423,0.17755,0.9171,0.246,2,False,True,14.55,too_close,False,nan
44,45,0.20718,0.17398,0.8949,0.2392,2,False,True,15.17,too_close,False,nan
44,46,0.20024,0.17023,0.8753,0.2295,1,False,True,15.91,too_close,False,nan
44,47,0.1932,0.16653,0.9014,0.2186,1,False,True,16.54,too_close,False,nan
44,48,0.1857,0.1629,0.9374,0.2438,1,False,True,16.97,too_close,False,nan
44,49,0.17793,0.15926,0.931,0.249,1,False,True,17.01,too_close,False,nan
44,50,0.1703,0.15573,0.9439,0.1715,2,False,True,16.94,too_close,False,nan
44,51,0.16291,0.15251,1.0414,0.0547,2,False,False,18.38,lateral,False,nan
44,52,0.15564,0.14937,1.1415,-0.0333,2,False,False,21.25,lateral,False,nan
44,53,0.14825,0.14602,1.1647,-0.0887,2,False,False,21.86,lateral,False,nan
44,54,0.14075,0.14245,1.1156,-0.1343,1,False,False,22.69,lateral,False,nan
44,55,0.13356,0.13898,1.0807,-0.1789,1,False,False,24.24,lateral,False,nan
44,56,0.12656,0.1359,1.1144,-0.2299,1,False,False,25.93,lateral,False,nan
44,57,0.11945,0.1332,1.2168,-0.293,1,False,False,27.88,lateral,False,nan
44,58,0.11197,0.13059,1.3197,-0.3465,1,False,False,30.78,lateral,False,nan
44,59,0.10444,0.12784,1.3451,-0.3181,0,False,False,30.43,lateral,False,nan
44,60,0.09731,0.12507,1.4021,-0.235,0,False,False,30.81,lateral,False,nan
44,61,0.09009,0.12244,1.6066,-0.2036,0,False,False,38.45,lateral,False,nan
44,62,0.08277,0.11971,1.8322,-0.2252,0,False,False,46.58,lateral,False,nan
44,63,0.07533,0.11665,1.9017,-0.2654,0,False,False,46.17,lateral,False,nan
44,64,0.0681,0.11339,1.9943,-0.3097,0,False,False,54.56,lateral,False,nan
44,65,0.06076,0.1101,2.3554,-0.3581,0,False,False,70.8,lateral,False,nan
44,66,0.05313,0.10667,2.8846,-0.3736,0,False,False,83.22,lateral,False,nan
44,67,0.04545,0.1029,3.2162,-0.3581,0,False,False,97.29,lateral,False,nan
44,68,0.03772,0.09894,3.6763,-0.4315,0,False,False,105.81,lateral,False,nan
44,69,0.0299,0.09506,5.099,-0.7694,0,False,False,166.25,lateral,False,nan
44,70,0.02241,0.09125,7.9172,-1.4826,0,False,False,506.83,lateral,False,nan
44,71,0.01507,0.08758,19.0712,-3.8956,0,False,False,5068.16,lateral,False,nan
44,72,0.01331,0.08484,117.258,-22.769,0,False,False,12254.9,behind,False,nan
45,1,0.4986,0.27633,0.4859,-0.3501,4,True,True,5.71,,True,0.02743047991713404
45,2,0.49438,0.27445,0.5528,-0.4201,4,True,True,6.34,,True,0.015245610484501244
45,3,0.48881,0.27184,0.5973,-0.5069,4,True,True,6.78,,True,0.018512161580482373
45,4,0.48297,0.26784,0.5846,-0.5376,4,True,True,6.85,,True,0.020990478053208424
45,5,0.47649,0.26236,0.5379,-0.4929,4,True,True,6.58,,True,0.01410519909639535
45,6,0.46958,0.25567,0.5137,-0.4408,4,True,True,6.51,,True,0.02357647411492323
45,7,0.46212,0.24814,0.487,-0.4339,4,True,True,6.68,,True,0.02012505319419137
45,8,0.45437,0.23991,0.3999,-0.4307,4,True,True,6.39,,True,0.018340117771890263
45,9,0.44719,0.23133,0.3132,-0.3879,4,True,True,5.97,,True,0.022240003725878723
45,10,0.44081,0.22305,0.2823,-0.3441,4,True,True,5.94,,True,0.019857398708694768
45,11,0.43455,0.21544,0.2946,-0.3458,4,True,True,6.14,,True,0.016332600104613373
45,12,0.42848,0.20841,0.2902,-0.3701,4,True,True,6.33,,True,0.014775766727938938
45,13,0.42248,0.20171,0.2911,-0.3633,4,True,True,6.69,,True,0.011476087723953364
45,14,0.41652,0.19524,0.347,-0.3515,4,True,True,6.96,,True,0.02179378526015116
45,15,0.40992,0.18875,0.4151,-0.368,4,True,True,7.14,,True,0.015428152538164302
45,16,0.40229,0.18174,0.4367,-0.3787,4,True,True,7.68,,True,0.008775814922122668
45,17,0.39477,0.17385,0.3897,-0.3566,4,True,True,7.47,,True,0.01352918940174993
45,18,0.38792,0.16527,0.3011,-0.3328,4,True,True,7.17,,True,0.014028881862648777
45,19,0.38129,0.15654,0.2321,-0.3366,4,True,True,7.34,,True,0.014960390795027253
45,20,0.37487,0.14802,0.1969,-0.3374,4,True,True,7.55,,True,0.01376253937367578
45,21,0.36849,0.13982,0.1837,-0.3092,4,True,True,7.46,,True,0.011488626603646584
45,22,0.3621,0.13203,0.1687,-0.2853,4,True,True,7.42,,True,0.012047974326696562
45,23,0.35553,0.12477,0.1714,-0.278,4,True,True,7.74,,True,0.01109993149020116
45,24,0.34903,0.11806,0.1665,-0.2517,4,True,True,7.96,,True,0.008231744600794642
45,25,0.34211,0.11201,0.1548,-0.1947,4,True,True,7.82,,True,0.012606428419895446
45,26,0.33449,0.10696,0.1822,-0.1441,4,True,True,8.13,,True,0.010030124925359882
45,27,0.32744,0.10316,0.2326,-0.1242,4,True,True,8.46,,True,0.008213325028356965
45,28,0.32102,0.10032,0.2629,-0.1419,4,True,True,8.78,,True,0.007435133055218389
45,29,0.31468,0.09801,0.2933,-0.1668,4,True,True,8.99,,True,0.011253539835767108
45,30,0.30859,0.09585,0.3189,-0.1545,4,True,True,9.21,,True,0.009663899531721285
45,31,0.30233,0.09366,0.311,-0.1262,4,True,True,9.4,,True,0.008251041911545444
45,32,0.2957,0.09155,0.3086,-0.1294,4,True,True,9.81,,True,0.007751015558183075
45,33,0.28908,0.08956,0.3402,-0.1407,4,True,True,10.07,,True,0.008005787253660681
45,34,0.2828,0.08747,0.3659,-0.1128,4,True,True,10.28,,True,0.00814277610412642
45,35,0.27663,0.08516,0.3552,-0.0336,4,True,True,10.45,,True,0.006425491965829914
45,36,0.27019,0.08283,0.3331,0.0373,4,True,True,10.8,,True,0.005767544638410353
45,37,0.26329,0.0807,0.3396,0.0558,4,True,True,11.2,,True,0.007306061098120931
45,38,0.2565,0.07869,0.3382,0.035,4,True,True,11.32,,True,0.005785216758130854
45,39,0.24989,0.07671,0.2945,0.0272,4,True,True,11.19,,True,0.0067966291175003725
45,40,0.24301,0.07504,0.2569,0.0507,4,True,True,11.49,,True,0.006010242930963704
45,41,0.23546,0.074,0.2626,0.0574,4,True,True,11.75,,True,0.00770003451766863
45,42,0.22769,0.07365,0.3098,0.0293,4,True,True,12.19,,True,0.0062840638998148705
45,43,0.22034,0.0737,0.3531,0.0186,4,True,True,13.31,,False,nan
45,44,0.21319,0.07388,0.3552,0.0457,3,False,True,13.95,too_close,False,nan
45,45,0.20565,0.07422,0.3636,0.0969,3,False,True,14.04,too_close,False,nan
45,46,0.1977,0.0747,0.4139,0.1472,2,False,True,15.12,too_close,False,nan
45,47,0.19018,0.075,0.4482,0.1744,2,False,True,16.02,too_close,False,nan
45,48,0.18306,0.07484,0.434,0.1995,2,False,True,16.54,too_close,False,nan
45,49,0.17565,0.07436,0.433,0.2007,2,False,True,17.03,too_close,False,nan
45,50,0.16817,0.0737,0.4744,0.1636,2,False,True,17.7,too_close,False,nan
45,51,0.16105,0.0728,0.5045,0.1471,2,False,True,19.35,too_close,False,nan
45,52,0.15399,0.07162,0.4895,0.1661,2,False,True,20.06,too_close,False,nan
45,53,0.14667,0.07033,0.4872,0.1635,1,False,True,20.25,too_close,False,nan
45,54,0.13919,0.06912,0.5351,0.175,1,False,True,21.87,too_close,False,nan
45,55,0.13176,0.06784,0.5784,0.2519,1,False,True,23.83,too_close,False,nan
45,56,0.12426,0.0662,0.5766,0.3222,1,False,True,26.33,too_close,False,nan
45,57,0.1168,0.06412,0.5344,0.3243,1,False,True,26.8,too_close,False,nan
45,58,0.10949,0.06195,0.4941,0.2884,1,False,True,27.25,too_close,False,nan
45,59,0.10219,0.0602,0.4975,0.2871,0,False,True,28.46,too_close,False,nan
45,60,0.09457,0.05908,0.5639,0.3427,0,False,True,31.58,too_close,False,nan
45,61,0.08679,0.05838,0.6586,0.4359,0,False,True,37.26,too_close,False,nan
45,62,0.07919,0.0577,0.7314,0.5314,0,False,True,45.59,too_close,False,nan
45,63,0.07195,0.05679,0.8061,0.6161,0,False,True,53.33,too_close,False,nan
45,64,0.06434,0.05558,0.887,0.6554,0,False,True,57.01,too_close,False,nan
45,65,0.05638,0.0542,0.9627,0.6611,0,False,True,60.03,lateral,False,nan
45,66,0.04887,0.053,1.0844,0.6497,0,False,False,66.73,lateral,False,nan
45,67,0.0414,0.05238,1.3656,0.7248,0,False,False,90.34,lateral,False,nan
45,68,0.0334,0.05238,2.1192,1.0378,0,False,False,135.02,lateral,False,nan
45,69,0.0257,0.05261,3.999,1.6747,0,False,False,349.9,lateral,False,nan
45,70,0.0182,0.05262,10.9802,4.0556,0,False,False,2764.02,lateral,False,nan
45,71,0.01287,0.05252,31.0052,11.6294,0,False,False,8372.68,behind,False,nan
45,72,0.01342,0.05255,25.5793,9.5918,0,False,False,4965.18,behind,False,nan
46,1,0.49723,0.22507,0.4741,0.0694,4,True,True,5.64,,True,0.013493858094862265
46,2,0.49136,0.22462,0.5294,0.1151,4,True,True,6.06,,True,0.022514821063237392
46,3,0.48449,0.22369,0.5781,0.1707,4,True,True,6.37,,True,0.015743393410876973
46,4,0.47731,0.22182,0.5801,0.1789,4,True,True,6.47,,True,0.018729817846020652
46,5,0.47,0.21891,0.5928,0.1254,4,True,True,6.54,,True,0.01745886644579728
46,6,0.46288,0.21496,0.5996,0.0765,4,True,True,6.66,,True,0.01010557450505026
46,7,0.45585,0.20996,0.5573,0.0832,4,True,True,6.48,,True,0.013984894217435161
46,8,0.44873,0.20417,0.5233,0.0796,4,True,True,6.53,,True,0.017587773407751722
46,9,0.44168,0.19783,0.5382,0.0173,4,True,True,6.71,,True,0.0139869620133793
46,10,0.43484,0.19086,0.5487,-0.0391,4,True,True,6.98,,True,0.0193751551295144
46,11,0.42821,0.18315,0.5138,-0.0376,4,True,True,7.02,,True,0.015756265232259085
46,12,0.42158,0.17485,0.4557,-0.0022,4,True,True,6.86,,True,0.015084399598402961
46,13,0.41473,0.16631,0.4203,0.0194,4,True,True,6.74,,True,0.02579873558923956
46,14,0.40781,0.15771,0.425,0.0161,4,True,True,7.11,,True,0.015295598337470052
46,15,0.40132,0.14893,0.4217,0.0351,4,True,True,7.2,,True,0.008787222583535217
46,16,0.39508,0.13986,0.3765,0.0573,4,True,True,7.12,,True,0.012456541347665545
46,17,0.38872,0.13066,0.3379,0.0757,4,True,True,7.38,,True,0.012157398608880503
46,18,0.3822,0.12152,0.3358,0.0923,4,True,True,7.76,,True,0.01643959719340008
46,19,0.37582,0.11232,0.3201,0.0844,4,True,True,7.71,,True,0.02526395195624664
46,20,0.36966,0.10299,0.2619,0.0794,4,True,True,7.47,,True,0.01143323255162511
46,21,0.36356,0.09382,0.2106,0.1003,4,True,True,7.61,,True,0.012657267053503608
46,22,0.35747,0.08507,0.1946,0.1179,4,True,True,7.81,,True,0.009585354780899643
46,23,0.35137,0.07667,0.1676,0.104,4,True,True,7.87,,True,0.007296738385271602
46,24,0.34516,0.06867,0.1043,0.0906,4,True,True,8.17,,True,0.007636291918614946
46,25,0.33906,0.06142,0.0503,0.1079,4,True,True,8.23,,True,0.011033330432215558
46,26,0.33295,0.05519,0.0367,0.1187,4,True,True,8.35,,True,0.006178540712233474
46,27,0.32659,0.04994,0.0582,0.0941,4,True,True,8.47,,True,0.009084177369358336
46,28,0.32007,0.04548,0.0736,0.0602,4,True,True,8.68,,True,0.01034934517204415
46,29,0.31334,0.04167,0.055,0.0495,4,True,True,9.06,,True,0.010685282281879987
46,30,0.30697,0.03866,0.0463,0.0301,4,True,True,9.08,,True,0.0078014975958286895
46,31,0.30074,0.03659,0.0767,-0.0106,4,True,True,9.29,,True,0.009912673972022642
46,32,0.29419,0.03523,0.1056,-0.0322,4,True,True,9.68,,True,0.011114113531920527
46,33,0.28743,0.0343,0.099,-0.0168,4,True,True,10.05,,True,0.008539367032221029
46,34,0.28112,0.03373,0.0981,-0.0103,4,True,True,10.03,,True,0.007850309525393409
46,35,0.27502,0.03351,0.1345,-0.0393,4,True,True,10.36,,True,0.00502886157862372
46,36,0.26861,0.0333,0.1683,-0.0578,4,True,True,10.83,,True,0.010995111723394794
46,37,0.26188,0.03279,0.1636,-0.0388,4,True,True,11.13,,True,0.005190176637213447
46,38,0.25534,0.03192,0.1615,-0.0304,4,True,True,11.22,,True,0.009687718205789139
46,39,0.24896,0.03076,0.1563,-0.0181,4,True,True,11.6,,True,0.004961731324451998
46,40,0.24253,0.02934,0.1576,0.0344,4,True,True,11.85,,True,0.0035863341171549555
46,41,0.23619,0.02763,0.1552,0.08,4,True,True,12.5,,True,0.0033021418665450607
46,42,0.2299,0.02554,0.1602,0.0796,4,True,True,12.95,,True,0.005067791126126265
46,43,0.22354,0.02301,0.1598,0.0774,4,True,True,13.67,,True,0.0073674891704708844
46,44,0.21709,0.02006,0.1161,0.0692,4,True,True,13.72,,True,0.0029077245811325097
46,45,0.21019,0.0172,0.0474,0.0203,4,True,True,13.72,,True,0.011192005084731364
46,46,0.2029,0.01527,-0.0028,-0.0703,4,True,True,14.54,,True,0.0033929007664219315
46,47,0.19588,0.01461,-0.0103,-0.1555,4,True,True,15.77,,True,0.00421842606083208
46,48,0.18875,0.01445,0.0072,-0.1995,3,False,True,16.95,tilt,False,nan
46,49,0.18097,0.01392,0.004,-0.1987,2,False,True,17.75,tilt,False,nan
46,50,0.17318,0.01282,-0.0004,-0.1516,3,False,True,17.97,tilt,False,nan
46,51,0.16567,0.01164,0.0352,-0.1015,4,True,True,18.23,,False,nan
46,52,0.15839,0.011,0.0717,-0.0619,4,True,True,18.86,,False,nan
46,53,0.1511,0.01131,0.0691,0.0033,4,True,True,19.73,,False,nan
46,54,0.14403,0.0128,0.0733,0.0632,2,False,True,20.72,too_close,False,nan
46,55,0.13728,0.01507,0.1182,0.0865,1,False,True,21.89,too_close,False,nan
46,56,0.13018,0.01751,0.157,0.1196,1,False,True,23.48,too_close,False,nan
46,57,0.12265,0.01973,0.1568,0.1922,1,False,True,26.13,too_close,False,nan
46,58,0.11567,0.02141,0.1571,0.2514,1,False,True,29.27,too_close,False,nan
46,59,0.10909,0.02236,0.1414,0.2618,0,False,True,30.81,too_close,False,nan
46,60,0.10211,0.02276,0.1143,0.2334,0,False,True,30.9,too_close,False,nan
46,61,0.09466,0.02306,0.127,0.2102,0,False,True,33.53,too_close,False,nan
46,62,0.08706,0.02364,0.1503,0.2267,0,False,True,36.06,too_close,False,nan
46,63,0.07994,0.02463,0.1867,0.2447,0,False,True,39.93,too_close,False,nan
46,64,0.07276,0.02607,0.2708,0.2895,0,False,True,45.39,too_close,False,nan
46,65,0.065,0.02782,0.3763,0.4039,0,False,True,53.68,too_close,False,nan
46,66,0.05766,0.02942,0.4745,0.5168,0,False,True,66.98,too_close,False,nan
46,67,0.05085,0.03068,0.5328,0.578,0,False,True,75.47,too_close,False,nan
46,68,0.04384,0.03193,0.6006,0.6241,0,False,True,83.59,too_close,False,nan
46,69,0.03649,0.0338,0.8109,0.7383,0,False,True,140.32,lateral,False,nan
46,70,0.02877,0.03668,1.3835,1.0508,0,False,False,259.2,lateral,False,nan
46,71,0.02054,0.04047,3.5507,2.396,0,False,False,378.21,lateral,False,nan
46,72,0.01294,0.04449,25.8143,17.5685,0,False,False,5910.06,behind,False,nan
46,73,0.01368,0.04684,26.5947,17.8242,0,False,False,2594.54,behind,False,nan
47,1,0.49907,0.26337,0.2445,-0.5163,4,True,True,5.65,,True,0.021183485610357974
47,2,0.49661,0.264,0.3182,-0.5909,4,True,True,6.11,,True,0.029459758441674908
47,3,0.49244,0.26399,0.3734,-0.6785,3,False,True,6.59,tilt,False,nan
47,4,0.48715,0.26263,0.3902,-0.7093,3,False,True,6.83,tilt,False,nan
47,5,0.48142,0.25956,0.3849,-0.6648,3,False,True,6.7,tilt,False,nan
47,6,0.47557,0.2549,0.3853,-0.6298,4,True,True,6.66,,False,nan
47,7,0.46956,0.24887,0.3724,-0.6537,3,False,True,6.83,tilt,False,nan
47,8,0.46312,0.24139,0.3278,-0.6592,3,False,True,6.84,tilt,False,nan
47,9,0.4567,0.2324,0.3086,-0.5991,4,True,True,6.68,,True,0.022721328241274538
47,10,0.45054,0.2222,0.3183,-0.4999,4,True,True,6.54,,True,0.017480632971150677
47,11,0.4447,0.21127,0.3033,-0.4216,4,True,True,6.4,,True,0.01427331549553812
47,12,0.43884,0.20008,0.2569,-0.3817,4,True,True,6.44,,True,0.01507227306408688
47,13,0.43297,0.189,0.2314,-0.3275,4,True,True,6.29,,True,0.01487803699208766
47,14,0.42709,0.17834,0.2438,-0.2837,4,True,True,6.42,,True,0.02332749878570316
47,15,0.42096,0.16824,0.2445,-0.2884,4,True,True,6.56,,True,0.016387198606412367
47,16,0.41464,0.15854,0.2113,-0.2855,4,True,True,6.62,,True,0.016488464654094655
47,17,0.40839,0.14925,0.1946,-0.2364,4,True,True,6.67,,True,0.01396354089251409
47,18,0.40231,0.14063,0.2161,-0.1968,4,True,True,6.88,,True,0.011789301433756469
47,19,0.39613,0.13272,0.2289,-0.2038,4,True,True,7.03,,True,0.011555385905905201
47,20,0.38982,0.12531,0.2073,-0.2046,4,True,True,7.11,,True,0.011165271789440821
47,21,0.38346,0.11832,0.1886,-0.2036,4,True,True,7.3,,True,0.012285580200666817
47,22,0.37704,0.11175,0.196,-0.202,4,True,True,7.61,,True,0.015723838744501988
47,23,0.37069,0.10546,0.1908,-0.2126,4,True,True,7.65,,True,0.010306229580183505
47,24,0.36444,0.09931,0.1516,-0.2164,4,True,True,7.62,,True,0.013920530573902289
47,25,0.35822,0.09334,0.127,-0.1829,4,True,True,7.84,,True,0.01582949862420545
47,26,0.35204,0.08781,0.1408,-0.1613,4,True,True,8.13,,True,0.012545794969379671
47,27,0.34582,0.08275,0.1474,-0.182,4,True,True,8.21,,True,0.012685533322287076
47,28,0.33935,0.0779,0.1216,-0.1969,4,True,True,8.24,,True,0.011567523042083947
47,29,0.33291,0.07318,0.1108,-0.1686,4,True,True,8.53,,True,0.01138113199311326
47,30,0.32668,0.06876,0.1389,-0.1458,4,True,True,8.87,,True,0.011780267508961
47,31,0.32037,0.0646,0.1591,-0.1475,4,True,True,8.95,,True,0.019912218940934746
47,32,0.31376,0.0605,0.1451,-0.1299,4,True,True,8.93,,True,0.008484276884059885
47,33,0.30721,0.05651,0.1415,-0.1074,4,True,True,9.29,,True,0.012784222702417617
47,34,0.30066,0.05276,0.1717,-0.0795,4,True,True,9.71,,True,0.009745367797360705
47,35,0.29427,0.04911,0.1928,-0.0636,4,True,True,9.78,,True,0.006378381861304909
47,36,0.28809,0.04536,0.1752,-0.0835,4,True,True,9.85,,True,0.010112859681100976
47,37,0.28178,0.0414,0.1634,-0.0917,4,True,True,10.33,,True,0.011312560875556826
47,38,0.27514,0.03718,0.1702,-0.0639,4,True,True,10.78,,True,0.0035556757761441645
47,39,0.26862,0.03264,0.1555,-0.0464,4,True,True,10.79,,True,0.012570155081349644
47,40,0.26235,0.02784,0.1043,-0.0235,4,True,True,10.77,,True,0.01518387179630073
47,41,0.25625,0.02311,0.0581,-0.0014,4,True,True,11.21,,True,0.0073909381620394145
47,42,0.2499,0.01884,0.0484,-0.0168,4,True,True,11.73,,True,0.011134577479217945
47,43,0.24312,0.015,0.0414,-0.0293,4,True,True,11.86,,True,0.009285460024128703
47,44,0.23644,0.01169,0.024,-0.0028,4,True,True,12.01,,True,0.005225961340347268
47,45,0.23004,0.00932,0.0264,0.0223,4,True,True,12.66,,True,0.014135854399297907
47,46,0.22345,0.00833,0.025,0.0136,4,True,True,13.3,,True,0.004884771728534151
47,47,0.21659,0.00904,-0.0122,0.0125,4,True,True,13.49,,True,0.003721867730522907
47,48,0.21006,0.01133,-0.0427,0.0532,4,True,True,13.75,,True,0.009338990087863114
47,49,0.20367,0.01432,-0.0365,0.0922,4,True,True,14.5,,True,0.0035674399788689468
47,50,0.197,0.01735,-0.0328,0.0975,4,True,True,15.19,,True,0.009170138201874197
47,51,0.19019,0.02034,-0.025,0.1102,4,True,True,15.38,,True,0.012575273832061569
47,52,0.1837,0.02334,-0.0254,0.1603,4,True,True,15.85,,True,0.010902866264589696
47,53,0.17739,0.02613,-0.0278,0.2064,3,False,True,16.83,tilt,False,nan
47,54,0.17072,0.02846,-0.0334,0.2165,2,False,True,17.71,tilt,False,nan
47,55,0.1639,0.03039,-0.0253,0.2321,2,False,True,18.11,too_close,False,nan
47,56,0.15735,0.03198,-0.0243,0.2544,2,False,True,19.0,too_close,False,nan
47,57,0.15089,0.03323,-0.0305,0.2613,2,False,True,19.83,too_close,False,nan
47,58,0.14399,0.03423,-0.0429,0.2865,2,False,True,21.28,too_close,False,nan
47,59,0.13716,0.03496,-0.082,0.3103,1,False,True,22.28,too_close,False,nan
47,60,0.13076,0.03533,-0.1148,0.293,1,False,True,22.85,too_close,False,nan
47,61,0.12423,0.03557,-0.1164,0.2791,1,False,True,24.63,too_close,False,nan
47,62,0.11716,0.036,-0.1173,0.3145,0,False,True,26.57,too_close,False,nan
47,63,0.11004,0.03665,-0.0913,0.3562,0,False,True,27.9,too_close,False,nan
47,64,0.10301,0.03758,-0.0349,0.3596,0,False,True,30.66,too_close,False,nan
47,65,0.09593,0.03914,0.0021,0.3764,0,False,True,34.14,too_close,False,nan
47,66,0.08883,0.04164,0.0324,0.4542,0,False,True,36.89,too_close,False,nan
47,67,0.08163,0.04505,0.1151,0.603,0,False,True,38.65,too_close,False,nan
47,68,0.0742,0.04899,0.235,0.7839,0,False,True,45.44,too_close,False,nan
47,69,0.06666,0.05302,0.3176,0.9477,0,False,True,52.24,too_close,False,nan
47,70,0.05927,0.05706,0.4409,1.1611,0,False,False,61.94,lateral,False,nan
47,71,0.05189,0.06115,0.77,1.5693,0,False,False,93.95,lateral,False,nan
47,72,0.04413,0.06495,1.3291,2.2428,0,False,False,197.01,lateral,False,nan
47,73,0.03645,0.06803,2.1792,3.3192,0,False,False,914.3,lateral,False,nan
47,74,0.02874,0.07033,3.91,5.3568,0,False,False,617.92,lateral,False,nan
47,75,0.02105,0.07193,16.8671,19.5336,0,False,False,2084.72,behind,False,nan
47,76,0.01423,0.07286,22.8433,23.8993,0,False,False,7485.75,behind,False,nan
47,77,0.01367,0.07298,45.1359,44.0095,0,False,False,5501.52,behind,False,nan
48,1,0.49812,0.21408,-0.1378,-0.4432,4,True,True,5.61,,True,0.02095402582278398
48,2,0.49347,0.21177,-0.2034,-0.5004,4,True,True,5.93,,True,0.019970001942846326
48,3,0.48725,0.20904,-0.2598,-0.5591,4,True,True,6.35,,True,0.026705314733416998
48,4,0.48045,0.20524,-0.2888,-0.5636,4,True,True,6.55,,True,0.01667717077610584
48,5,0.47339,0.2001,-0.2761,-0.5125,4,True,True,6.45,,True,0.0256718646742696
48,6,0.46643,0.19383,-0.2518,-0.4713,4,True,True,6.32,,True,0.022931636356688885
48,7,0.45962,0.18675,-0.2684,-0.4232,4,True,True,6.37,,True,0.021009183722260454
48,8,0.45286,0.17909,-0.2959,-0.3694,4,True,True,6.38,,True,0.01779329138866296
48,9,0.44611,0.17102,-0.2841,-0.3531,4,True,True,6.58,,True,0.013248582299705793
48,10,0.43958,0.16255,-0.2489,-0.3412,4,True,True,6.48,,True,0.017585484095261936
48,11,0.43342,0.15378,-0.2418,-0.289,4,True,True,6.47,,True,0.019826064469281368
48,12,0.42739,0.14498,-0.241,-0.2328,4,True,True,6.56,,True,0.015419012231088125
48,13,0.42132,0.13641,-0.2021,-0.2149,4,True,True,6.73,,True,0.020465200614465485
48,14,0.41554,0.12828,-0.1594,-0.202,4,True,True,6.66,,True,0.017011595532558432
48,15,0.41012,0.12079,-0.1517,-0.1558,4,True,True,6.71,,True,0.019901009750920844
48,16,0.40465,0.11419,-0.145,-0.1124,4,True,True,6.84,,True,0.017420028053136666
48,17,0.39883,0.10869,-0.132,-0.1095,4,True,True,6.93,,True,0.014554283122276364
48,18,0.393,0.10437,-0.1437,-0.1097,4,True,True,7.07,,True,0.01702325717024054
48,19,0.38715,0.1011,-0.1519,-0.1164,4,True,True,7.3,,True,0.015655334588800394
48,20,0.38111,0.09871,-0.1275,-0.1574,4,True,True,7.22,,True,0.015708716644075763
48,21,0.37495,0.097,-0.1057,-0.1985,4,True,True,7.24,,True,0.014172401705078785
48,22,0.36876,0.09578,-0.1115,-0.2105,4,True,True,7.51,,True,0.015617733472978628
48,23,0.36263,0.09494,-0.1562,-0.1853,4,True,True,7.83,,True,0.012434971861686496
48,24,0.35624,0.09441,-0.2055,-0.1595,4,True,True,7.92,,True,0.014201306542220581
48,25,0.34949,0.09409,-0.219,-0.1711,4,True,True,8.06,,True,0.014719373985033883
48,26,0.34291,0.09386,-0.1865,-0.1837,4,True,True,8.18,,True,0.015110900662445007
48,27,0.33684,0.09383,-0.1572,-0.1991,4,True,True,8.39,,True,0.013153068061594154
48,28,0.33089,0.09414,-0.1739,-0.2033,4,True,True,8.38,,True,0.016384713984204168
48,29,0.32453,0.0947,-0.2241,-0.2145,4,True,True,8.65,,True,0.014405729293143271
48,30,0.31799,0.09526,-0.2555,-0.2293,4,True,True,9.02,,True,0.014788988492052804
48,31,0.31147,0.09557,-0.2463,-0.2461,4,True,True,9.33,,True,0.015201033494821313
48,32,0.30502,0.09564,-0.2372,-0.2481,4,True,True,9.25,,True,0.014057416407993023
48,33,0.29854,0.09553,-0.2563,-0.2585,4,True,True,9.61,,True,0.010594940972671689
48,34,0.29203,0.0952,-0.258,-0.2739,4,True,True,9.79,,True,0.011835963111049591
48,35,0.28556,0.09457,-0.219,-0.2905,4,True,True,10.04,,True,0.011283144375738807
48,36,0.2792,0.0938,-0.1963,-0.2928,4,True,True,10.01,,True,0.009694085891994024
48,37,0.27287,0.093,-0.2128,-0.3031,4,True,True,10.49,,True,0.013694579605430426
48,38,0.2665,0.09215,-0.2118,-0.3161,4,True,True,10.63,,True,0.00991715825184595
48,39,0.26006,0.09115,-0.1726,-0.3305,4,True,True,10.88,,True,0.011204402075151082
48,40,0.25371,0.09013,-0.1529,-0.3317,4,True,True,11.02,,True,0.011952805283509733
48,41,0.24735,0.08919,-0.1735,-0.3396,4,True,True,11.6,,True,0.011115292557735957
48,42,0.24095,0.08829,-0.1936,-0.3499,4,True,True,11.81,,True,0.010462739910181259
48,43,0.23446,0.08729,-0.1901,-0.3183,4,True,True,12.02,,True,0.012231792601742574
48,44,0.22788,0.08645,-0.2056,-0.2854,4,True,True,12.43,,True,0.012040885257925677
48,45,0.22116,0.08599,-0.2614,-0.2978,4,True,True,13.05,,True,0.010631911882366039
48,46,0.21386,0.08573,-0.3079,-0.3636,3,False,True,13.88,tilt,False,nan
48,47,0.20599,0.08516,-0.3185,-0.4242,1,False,True,14.91,too_close,False,nan
48,48,0.19839,0.08388,-0.299,-0.4264,2,False,True,15.36,too_close,False,nan
48,49,0.19148,0.08196,-0.2814,-0.4362,2,False,True,16.09,too_close,False,nan
48,50,0.18459,0.07954,-0.2831,-0.4582,1,False,True,16.67,too_close,False,nan
48,51,0.17716,0.07657,-0.276,-0.4368,1,False,True,16.93,too_close,False,nan
48,52,0.16997,0.0732,-0.2435,-0.4088,1,False,True,17.41,too_close,False,nan
48,53,0.16325,0.06976,-0.214,-0.429,1,False,True,18.52,too_close,False,nan
48,54,0.15635,0.06629,-0.2009,-0.4594,1,False,True,19.32,too_close,False,nan
48,55,0.14899,0.06267,-0.1782,-0.4466,1,False,True,19.9,too_close,False,nan
48,56,0.1418,0.059,-0.1312,-0.4328,1,False,True,21.08,too_close,False,nan
48,57,0.13494,0.05554,-0.0858,-0.4688,1,False,True,22.9,too_close,False,nan
48,58,0.12782,0.05217,-0.0573,-0.5087,0,False,True,24.83,too_close,False,nan
48,59,0.12019,0.04863,-0.0237,-0.5026,0,False,True,26.38,too_close,False,nan
48,60,0.11266,0.04493,0.0293,-0.4479,0,False,True,27.61,too_close,False,nan
48,61,0.10553,0.04146,0.0791,-0.402,0,False,True,30.38,too_close,False,nan
48,62,0.09845,0.03856,0.1052,-0.4016,0,False,True,32.21,too_close,False,nan
48,63,0.0909,0.03621,0.1351,-0.403,0,False,True,35.26,too_close,False,nan
48,64,0.08336,0.0344,0.1911,-0.3796,0,False,True,41.42,too_close,False,nan
48,65,0.07622,0.03329,0.2455,-0.3766,0,False,True,49.02,too_close,False,nan
48,66,0.06886,0.03289,0.279,-0.4264,0,False,True,53.28,too_close,False,nan
48,67,0.06087,0.03305,0.3385,-0.5583,0,False,True,55.56,too_close,False,nan
48,68,0.05287,0.03344,0.458,-0.7553,0,False,True,75.91,too_close,False,nan
48,69,0.04527,0.03357,0.6162,-0.9463,0,False,True,107.24,too_close,False,nan
48,70,0.03773,0.03324,0.8146,-1.0781,0,False,False,125.94,lateral,False,nan
48,71,0.03,0.03272,1.1986,-1.3417,0,False,False,170.36,lateral,False,nan
48,72,0.02222,0.03232,2.238,-2.1547,0,False,False,272.94,lateral,False,nan
48,73,0.01477,0.03209,10.3834,-8.5588,0,False,False,47616.94,behind,False,nan
48,74,0.0131,0.03211,16.5375,-12.522,0,False,False,3723.76,behind,False,nan
49,1,0.49794,0.23915,-0.5085,-0.0788,4,True,True,5.65,,True,0.009636118146645145
49,2,0.49343,0.23593,-0.5684,-0.1399,4,True,True,6.18,,True,0.015033311341794585
49,3,0.48779,0.2322,-0.6246,-0.204,4,True,True,6.73,,True,0.01511524879842508
49,4,0.48173,0.22738,-0.6322,-0.2188,4,True,True,6.96,,False,nan
49,5,0.47557,0.22124,-0.5811,-0.1945,4,True,True,6.63,,True,0.017399587345170293
49,6,0.46943,0.21401,-0.5157,-0.1734,4,True,True,6.27,,True,0.015098400166274518
49,7,0.46322,0.20613,-0.489,-0.1715,4,True,True,6.44,,True,0.018635413862579716
49,8,0.45675,0.19778,-0.5011,-0.1695,4,True,True,6.79,,True,0.012311166391468797
49,9,0.45029,0.1888,-0.4929,-0.1481,4,True,True,6.69,,True,0.01476801937358871
49,10,0.44411,0.17911,-0.4374,-0.1246,4,True,True,6.41,,True,0.01716059991799736
49,11,0.43804,0.16901,-0.3747,-0.1197,4,True,True,6.48,,True,0.011715260695931236
49,12,0.43187,0.15892,-0.3369,-0.1146,4,True,True,6.64,,True,0.013141191283554092
49,13,0.4256,0.14905,-0.3232,-0.0892,4,True,True,6.59,,True,0.011894426374719757
49,14,0.41962,0.13945,-0.2962,-0.0702,4,True,True,6.47,,True,0.01589131720209052
49,15,0.41374,0.13022,-0.2407,-0.0782,4,True,True,6.55,,True,0.011959283105333974
49,16,0.40765,0.12164,-0.1953,-0.0849,4,True,True,6.65,,True,0.01125366543135334
49,17,0.40145,0.11399,-0.1834,-0.0658,4,True,True,6.59,,True,0.011126308928693323
49,18,0.39529,0.10734,-0.209,-0.0498,4,True,True,7.01,,True,0.01107229080361508
49,19,0.3891,0.1014,-0.2319,-0.0622,4,True,True,7.12,,True,0.012957373626545393
49,20,0.38265,0.09581,-0.2166,-0.0702,4,True,True,7.11,,True,0.009288738502319828
49,21,0.37613,0.09053,-0.2023,-0.0503,4,True,True,7.39,,True,0.01187202418485548
49,22,0.36977,0.08564,-0.2244,-0.0339,4,True,True,7.75,,True,0.00947040339022904
49,23,0.36336,0.08094,-0.2418,-0.0454,4,True,True,7.76,,True,0.00919076866263802
49,24,0.35668,0.07616,-0.2186,-0.0539,4,True,True,7.82,,True,0.012329397819329454
49,25,0.35005,0.07131,-0.1958,-0.0356,4,True,True,7.97,,True,0.0070720351430364255
49,26,0.34356,0.06658,-0.1666,-0.0227,4,True,True,8.21,,True,0.008994602831894242
49,27,0.33719,0.06216,-0.1419,-0.0394,4,True,True,8.11,,True,0.009846349293375698
49,28,0.33069,0.05817,-0.1521,-0.0536,4,True,True,8.47,,True,0.006948822058099271
49,29,0.3241,0.05445,-0.1536,-0.0371,4,True,True,8.5,,True,0.005606844252178877
49,30,0.3175,0.05092,-0.1169,-0.0238,4,True,True,8.76,,True,0.006856475491861403
49,31,0.31106,0.04784,-0.0856,-0.0419,4,True,True,8.89,,True,0.008472576137562802
49,32,0.30461,0.04543,-0.0903,-0.0566,4,True,True,9.32,,True,0.007882392030786466
49,33,0.29804,0.04365,-0.0879,-0.0374,4,True,True,9.36,,True,0.006734619284573468
49,34,0.29153,0.0425,-0.0904,-0.0196,4,True,True,9.44,,True,0.007187195771816457
49,35,0.28494,0.04202,-0.0899,-0.0341,4,True,True,9.94,,True,0.007700057974164358
49,36,0.27825,0.0422,-0.0939,-0.0455,4,True,True,10.41,,True,0.0069953207537390046
49,37,0.27151,0.0431,-0.1333,-0.0251,4,True,True,10.56,,True,0.00816521374808222
49,38,0.26457,0.04448,-0.1691,-0.0099,4,True,True,10.69,,True,0.018278341342492083
49,39,0.25757,0.04605,-0.2101,-0.0235,4,True,True,11.3,,True,0.008167189163073518
49,40,0.25057,0.04761,-0.244,-0.0296,4,True,True,11.89,,True,0.00565904942855546
49,41,0.24348,0.04901,-0.2356,-0.0037,4,True,True,11.91,,True,0.0072790680004438954
49,42,0.23654,0.05042,-0.231,0.0345,4,True,True,12.29,,True,0.008094452225688793
49,43,0.22974,0.05198,-0.2622,0.0587,4,True,True,12.69,,True,0.006137451927479971
49,44,0.22269,0.05358,-0.2859,0.0943,4,True,True,13.04,,True,0.004808710841604817
49,45,0.21569,0.05502,-0.289,0.1534,4,True,True,13.66,,False,nan
49,46,0.20887,0.05621,-0.3086,0.2024,3,False,True,14.56,tilt,False,nan
49,47,0.20196,0.05691,-0.31,0.222,2,False,True,15.0,tilt,False,nan
49,48,0.19476,0.05711,-0.2696,0.2417,4,True,True,15.24,,False,nan
49,49,0.18795,0.05703,-0.2451,0.2703,2,False,True,15.82,tilt,False,nan
49,50,0.18126,0.05678,-0.2557,0.2834,2,False,True,16.48,tilt,False,nan
49,51,0.17433,0.05633,-0.2488,0.3109,1,False,True,17.25,too_close,False,nan
49,52,0.16727,0.05563,-0.217,0.3294,1,False,True,17.81,too_close,False,nan
49,53,0.16017,0.05478,-0.2122,0.3444,1,False,True,18.66,too_close,False,nan
49,54,0.15313,0.05384,-0.1971,0.353,1,False,True,19.45,too_close,False,nan
49,55,0.14606,0.05288,-0.1709,0.3758,1,False,True,20.29,too_close,False,nan
49,56,0.13884,0.05198,-0.1524,0.3957,1,False,True,21.6,too_close,False,nan
49,57,0.1315,0.05118,-0.118,0.4179,1,False,True,22.5,too_close,False,nan
49,58,0.12421,0.05059,-0.0829,0.4412,0,False,True,24.12,too_close,False,nan
49,59,0.11695,0.05022,-0.0671,0.4807,0,False,True,25.64,too_close,False,nan
49,60,0.10986,0.05003,-0.0461,0.5179,0,False,True,27.93,too_close,False,nan
49,61,0.10275,0.04998,-0.0024,0.5661,0,False,True,30.01,too_close,False,nan
49,62,0.09544,0.05005,0.045,0.6204,0,False,True,32.95,too_close,False,nan
49,63,0.08816,0.05014,0.0833,0.6897,0,False,True,36.95,too_close,False,nan
49,64,0.08125,0.05018,0.1303,0.7578,0,False,True,41.31,too_close,False,nan
49,65,0.0744,0.05009,0.2004,0.8502,0,False,True,47.86,too_close,False,nan
49,66,0.06715,0.04981,0.2864,0.9588,0,False,True,56.58,too_close,False,nan
49,67,0.05997,0.04922,0.3753,0.9915,0,False,True,58.57,too_close,False,nan
49,68,0.05309,0.04856,0.4889,1.0486,0,False,False,66.55,lateral,False,nan
49,69,0.04611,0.04813,0.6153,1.2545,0,False,False,77.96,lateral,False,nan
49,70,0.03907,0.04791,0.78,1.5192,0,False,False,99.64,lateral,False,nan
49,71,0.03184,0.04802,1.1285,1.7582,0,False,False,144.52,lateral,False,nan
49,72,0.02427,0.04883,1.9778,2.4217,0,False,False,324.88,lateral,False,nan
49,73,0.01623,0.05049,5.8593,6.4204,0,False,False,2042.13,lateral,False,nan
49,74,0.01308,0.05192,27.115,27.9734,0,False,False,2042.0,behind,False,nan
