update,level,outcome,steps,c_episode,com_over_pad,impact_vz,impact_speed,tilt_deg
0,10,crash_ground,13,0.125,False,-3.851019602700708,3.9306554408547854,18.35261791368206
0,10,crash_ground,15,0.125,False,-3.6159954130536835,4.928104462269689,33.05580608918969
0,10,crash_ground,18,0.125,False,-3.242199813887294,5.846069770128791,11.381483562754642
0,10,crash_ground,21,0.125,False,-1.9271373124926057,2.0633744884161085,45.35126322676364
0,10,crash_ground,21,0.125,False,-2.3286791753917884,4.16031993359928,1.5470321637672937
0,10,crash_ground,24,0.125,False,-5.931565778241623,6.40894712120724,22.631559777728523
0,10,crash_ground,24,0.125,False,-4.794554614872455,5.257076347707718,28.944378749387862
0,10,crash_ground,26,0.125,False,-5.421141942354694,6.357499677011998,8.830581443207429
0,10,crash_ground,27,0.125,False,-4.306031541606968,5.215013604004058,14.470447692254035
0,10,crash_ground,27,0.125,False,-3.7324712456126217,4.409720813390516,6.915885185245644
0,10,crash_ground,28,0.125,False,-3.1996677157206808,3.619058482706347,19.82356809378117
0,10,crash_ground,28,0.125,False,-5.714925442237232,6.158330580349369,5.146216090602607
0,10,crash_ground,28,0.125,False,-4.048565844335901,4.555192688243996,13.757282903268013
0,10,crash_ground,29,0.125,False,-2.4413821762621057,2.480700131628707,27.40646625535452
0,10,crash_ground,30,0.125,False,-3.5019613650037997,3.6464439974975793,20.535247550064597
0,10,crash_ground,21,0.125,False,-4.0794697466199406,5.78939568026975,22.663556216707367
0,10,crash_ground,41,0.125,False,-3.9390329896723157,5.39617386416415,13.704455043556028
0,10,crash_ground,18,0.125,False,-3.835680113943948,4.123926156381194,0.757596029722292
0,10,crash_ground,27,0.125,False,-4.058615020625605,5.178213668037678,21.565459993799692
0,10,crash_ground,26,0.125,False,-2.680385558676398,2.7920022985045154,9.661806589143108
0,10,crash_ground,35,0.125,False,-4.0492723455324136,5.002748405480692,16.811992902269584
0,10,crash_ground,27,0.125,False,-4.569960877089128,5.258771431412205,7.939179743223642
0,10,crash_ground,20,0.125,False,-2.5642514295860477,3.6451188030737796,4.149468304612623
0,10,crash_ground,22,0.125,False,-4.027684601832008,4.110835136817078,13.506459731752074
0,10,crash_ground,20,0.125,False,-2.9837004539872596,3.4097224038032112,23.360377296433338
0,10,crash_ground,24,0.125,False,-3.9906479601488534,4.874234772038944,10.69653491679383
0,10,crash_ground,27,0.125,False,-3.4369615352270846,3.5495673840937956,34.05029253964801
0,10,crash_ground,30,0.125,False,-2.653420262447822,3.0507539836036925,22.187547849425023
0,10,crash_ground,30,0.125,False,-3.652042439345506,4.554607687805824,6.717058193182521
0,10,crash_ground,29,0.125,False,-4.194522001862422,5.0127603865853905,9.637185231461082
0,10,crash_ground,18,0.125,False,-3.9483274102629924,4.230466472253448,6.514115604081727
0,10,crash_ground,17,0.125,False,-3.8441202147235045,4.983174742312377,6.0756939601111135
0,10,crash_ground,34,0.125,False,-2.527501673615665,4.195027927234401,35.95623227126241
0,10,crash_ground,15,0.125,False,-3.58510617906416,4.795616760859034,23.05191866669481
0,10,crash_ground,19,0.125,False,-2.7934892486909284,3.00858062193179,14.613012899055784
0,10,crash_ground,20,0.125,False,-3.1511224512144826,5.4585020340690775,5.403789228548175
0,10,crash_ground,15,0.125,False,-3.5266010132512666,4.70704194310537,15.412598329092432
0,10,crash_ground,27,0.125,False,-3.509358240412183,4.295636706977883,20.155536089790832
0,10,crash_ground,24,0.125,False,-4.481627815773211,4.54821109189125,5.542012983455598
0,10,crash_ground,22,0.125,False,-4.176801795271918,4.745553858605897,17.359490296841066
0,10,crash_ground,16,0.125,False,-3.910670621485811,4.054183870598428,23.397162464166552
0,10,crash_ground,25,0.125,False,-2.902581048325981,3.2952180929250754,12.019819666012644
0,10,tilt,7,0.125,False,-3.4969242333910255,3.648970752134547,80.21323034046658
0,10,crash_ground,22,0.125,False,-3.006052724468679,4.228456121312609,43.36086722284684
0,10,crash_ground,19,0.125,False,-3.083803965876374,3.5924592793373598,3.3023529158538123
0,10,crash_ground,35,0.125,False,-3.879040729001117,4.194857965156874,6.343015782783654
0,10,crash_ground,28,0.125,False,-3.465081928505389,4.496268385750077,13.54844616775348
0,10,crash_ground,24,0.125,False,-2.700910771304609,2.7318268301597617,18.41498987059755
0,10,crash_ground,22,0.125,False,-4.548188331609032,5.3676208304234,33.462067439206265
0,10,crash_platform,25,0.125,False,-3.633097203356375,4.141697201882791,7.756407112084741
0,10,crash_ground,19,0.125,False,-3.817876801609218,6.328038029769754,16.979831504768498
0,10,crash_ground,30,0.125,False,-4.61287143569431,5.107935579538209,3.613218564892169
0,10,crash_ground,23,0.125,False,-3.4022468674418134,3.623365932499853,28.394331071432607
0,10,crash_ground,27,0.125,False,-3.7502280241736794,3.7532876931048635,6.402031662935299
0,10,crash_ground,18,0.125,False,-3.861785063365206,4.048075547193393,22.036134164107512
0,10,crash_ground,25,0.125,False,-4.219256393658136,5.221728333011569,1.2197509340454527
0,10,crash_ground,31,0.125,False,-3.0880982906077366,4.832791383977925,17.617402489074614
0,10,crash_ground,44,0.125,False,-3.854881782879547,4.0317104303938045,11.005375960921105
0,10,crash_ground,26,0.125,False,-1.5843081982338385,2.931716037766094,26.231307533401267
0,10,crash_ground,31,0.125,False,-4.173226390846465,5.149682881547389,58.821563928067384
0,10,crash_ground,30,0.125,False,-2.9365510487313378,3.534653717080649,20.561999503931553
0,10,crash_ground,30,0.125,False,-2.7868557943355903,3.0767430718813795,14.814156896643821
0,10,crash_ground,30,0.125,False,-3.910872834263738,3.914588418867711,2.6803422797205716
0,10,crash_ground,38,0.125,False,-3.2876002067099854,5.080776239282527,14.32747231476715
0,10,crash_ground,27,0.125,False,-4.445590510066923,4.457630902233533,6.546605745379457
0,10,crash_platform,17,0.125,False,-1.6364513606613211,2.2029408002660764,22.060155901772617
0,10,crash_ground,18,0.125,False,-1.474019655770611,2.0811355112207734,37.64237401010685
0,10,crash_ground,21,0.125,False,-3.6564810927276072,3.938964704846871,5.595470601181412
0,10,crash_ground,26,0.125,False,-4.252016177523537,4.4166024566521305,13.01474669504652
0,10,crash_ground,16,0.125,False,-2.9082070016379946,4.524887004618873,26.29615392696014
0,10,crash_ground,18,0.125,False,-3.323528018418309,4.050305565369808,17.72551251571548
0,10,crash_ground,29,0.125,False,-2.99565612192991,3.3068145492153795,27.806712848992433
0,10,crash_ground,26,0.125,False,-2.7242356007706134,3.158043145882845,15.374973023215205
0,10,crash_ground,34,0.125,False,-4.067671328589965,4.450877334966145,2.7954531914170895
0,10,crash_ground,29,0.125,False,-3.23822003025502,3.3823104040829777,12.826740384229227
0,10,crash_ground,21,0.125,False,-3.355473205671983,3.9117098364361707,23.128271956624456
0,10,crash_ground,25,0.125,False,-3.6004857015669454,3.9039044928521087,22.000400079320706
0,10,crash_ground,23,0.125,False,-3.6920613146531456,3.7872574952300644,2.770501019772303
0,10,crash_ground,32,0.125,False,-4.187057056700278,4.3022219919260225,15.354879983279588
0,10,crash_ground,23,0.125,False,-4.452343370291281,5.276877316391019,8.317773670192782
0,10,crash_ground,21,0.125,False,-3.0381667309462808,5.715780952889461,16.27707165857831
0,10,crash_ground,23,0.125,False,-2.5190305098498027,3.3413688838931295,24.54297403635508
0,10,crash_ground,29,0.125,False,-3.5559610479656323,3.709861987092152,1.4016563539527933
0,10,crash_ground,40,0.125,False,-2.6890761547303383,3.1493444252317278,12.761994446471395
0,10,crash_ground,26,0.125,False,-4.166215542671772,4.760011924946736,2.2658801583844927
0,10,crash_ground,25,0.125,False,-4.057564397581722,4.229732218199417,1.0882737550513943
0,10,crash_ground,19,0.125,False,-3.7241911519689865,4.225158028620588,5.658925583197131
0,10,success,28,0.125,True,-4.77383595328926,5.12392868505713,39.22205510304996
0,10,crash_ground,24,0.125,False,-4.495861519835699,4.694125965435969,4.967305041869199
0,10,crash_ground,30,0.125,False,-3.318152443038016,4.503325978892595,59.475624297668396
0,10,crash_ground,17,0.125,False,-3.4010428985484413,4.063685792107229,11.813572451671046
0,10,crash_ground,22,0.125,False,-3.3504948594970347,3.900047099667575,16.566807090912892
0,10,crash_ground,28,0.125,False,-2.698134188400095,4.131919981906897,27.401611245791084
0,10,crash_ground,33,0.125,False,-2.774279417617335,4.213686448910711,0.9074857201041487
0,10,crash_ground,17,0.125,False,-3.2303380122076972,3.7208368831118324,26.711005417243154
0,10,crash_ground,33,0.125,False,-5.720278728587132,5.904210954502988,21.22168244326556
0,10,crash_ground,27,0.125,False,-2.4343060607438662,3.3911972785700937,25.325703266045938
0,10,crash_ground,29,0.125,False,-2.9593413587385387,4.87727496274362,17.750293773442944
0,10,crash_ground,19,0.125,False,-2.612977477533412,2.7157739904293074,39.66416649876238
0,10,crash_ground,25,0.125,False,-3.432954886572827,4.244730294647444,19.32283249487176
0,10,success,12,0.125,False,-3.50592949740254,3.8937179453618618,7.962727874307921
0,10,crash_ground,20,0.125,False,-3.2831801266330074,3.6146900804708917,8.87776159323236
0,10,success,18,0.125,True,-2.891339837315622,3.361698295244659,21.003008800320533
0,10,crash_ground,21,0.125,False,-3.447140213632625,5.755031408136367,57.278167561173255
0,10,crash_ground,17,0.125,False,-4.586710135559167,5.088902819268686,6.725190677199294
0,10,crash_ground,19,0.125,False,-3.915215518878841,4.199946835089188,16.910657075452434
0,10,crash_ground,20,0.125,False,-5.122410038582524,5.73943550024196,11.111225941680273
0,10,crash_ground,32,0.125,False,-3.535594596732542,3.9809365726245796,19.548644123120887
0,10,crash_ground,17,0.125,False,-3.6521358895540064,4.048720661843583,21.697622177099635
0,10,crash_ground,32,0.125,False,-2.2932025676651593,3.27530700534452,35.84402367547778
0,10,crash_ground,22,0.125,False,-3.4063653783006043,3.544169110795138,2.591054987335201
0,10,crash_ground,33,0.125,False,-3.270675316221103,3.539425154093865,3.0914982998806195
0,10,crash_ground,24,0.125,False,-2.492946933011803,3.5874340996595477,30.708600052773612
0,10,crash_ground,28,0.125,False,-3.6542519827820485,4.344708809634572,7.93267555424284
0,10,crash_ground,24,0.125,False,-3.6660374554371398,3.8554446706332106,13.205147358917777
0,10,success,17,0.125,True,-6.224879012865108,7.343641343109301,3.1963815286099986
0,10,crash_ground,23,0.125,False,-2.5034269287480795,3.257687259641397,32.82552472146222
0,10,crash_ground,27,0.125,False,-3.555819485215596,4.102546771517735,21.304220146952062
0,10,crash_ground,24,0.125,False,-2.851570133384873,3.293509815233631,6.492873737280622
0,10,crash_ground,29,0.125,False,-3.945864032460117,4.374456590629552,17.28737417549325
0,10,crash_ground,34,0.125,False,-2.519838969168914,2.710331769335966,2.4595215526091057
0,10,crash_ground,22,0.125,False,-4.163178376203233,4.263562797777929,18.747684618182674
0,10,crash_ground,24,0.125,False,-3.278859606442837,3.9047376551287702,7.3592537437074785
0,10,crash_ground,22,0.125,False,-3.1559160736239464,4.304317450942009,16.865564622514054
0,10,crash_ground,22,0.125,False,-3.0561678754462815,3.8213011349632433,1.8838316238079993
0,10,crash_ground,29,0.125,False,-3.936051646504168,4.443236888299317,3.8511848181410806
0,10,crash_ground,22,0.125,False,-3.2665713615545005,3.3457933660044468,10.584851755684683
0,10,crash_ground,27,0.125,False,-3.6044452280489248,5.283685180088602,13.89641546684791
0,10,crash_ground,25,0.125,False,-2.8095982225362652,5.538121731480137,15.838680462993997
0,10,success,28,0.125,True,-4.255926145038652,4.892522232542469,10.830621822757369
0,10,crash_ground,26,0.125,False,-3.2038626775480408,3.4748432173437958,12.552250224700856
0,10,crash_ground,26,0.125,False,-2.7572668687183497,3.2332287158968054,14.22714080502324
0,10,crash_ground,43,0.125,False,-2.621388896471652,3.242402051806921,33.893266079875325
0,10,crash_ground,31,0.125,False,-4.827190240238657,4.894762521545268,47.725272925411204
0,10,crash_ground,26,0.125,False,-4.103678202359161,4.257183487913149,7.200107594281847
0,10,crash_ground,22,0.125,False,-3.958899450364648,5.237158582923843,22.007363186899617
0,10,crash_ground,28,0.125,False,-3.7420722120267933,4.494921167302307,18.15389193719854
0,10,crash_ground,23,0.125,False,-2.8034724151731254,3.4916733003212586,14.517392116089534
0,10,crash_ground,23,0.125,False,-2.986736385259876,4.006973882281719,23.473179678924122
0,10,crash_ground,29,0.125,False,-3.958449711055808,4.23440171636501,14.287524972386278
0,10,crash_ground,28,0.125,False,-4.620429503699152,4.85263391148839,5.109777495538275
0,10,success,19,0.125,True,-3.561342210848709,3.85258278919392,7.5578177871933026
0,10,crash_ground,32,0.125,False,-3.486456538479019,3.6049191700683547,8.776494457863683
0,10,crash_ground,29,0.125,False,-3.8077413597725305,3.847401771000174,10.115865524664692
0,10,crash_ground,28,0.125,False,-3.9782066213730243,4.3661083750853935,10.202675086658274
0,10,crash_ground,22,0.125,False,-3.905573055589618,3.940049269228068,25.192264376044665
0,10,crash_ground,29,0.125,False,-3.2405595502926268,3.392920186123983,14.593495493078
0,10,crash_ground,36,0.125,False,-2.8058279689092145,3.2109150069486905,17.96370129800921
0,10,tilt,34,0.125,False,-4.697077503244871,5.17892896523662,80.064723824118
0,10,crash_ground,18,0.125,False,-4.421527456481447,6.030223963697471,10.34881033466508
0,10,crash_ground,22,0.125,False,-3.1871000716024454,3.3457485463113117,10.971309500300942
0,10,crash_ground,20,0.125,False,-3.8653112208411833,5.117710933937891,13.628222817341184
0,10,crash_ground,19,0.125,False,-4.292302738995088,5.015635339560148,12.213690181188712
0,10,crash_ground,17,0.125,False,-3.8410408507069596,4.210758726292004,16.866326994891768
0,10,crash_ground,18,0.125,False,-3.135856735464497,4.784669299470291,9.999276455074254
0,10,crash_ground,16,0.125,False,-3.2600937405442734,4.37816525398423,15.89142050869393
0,10,crash_ground,22,0.125,False,-4.527766177515435,6.146383890822786,29.321125623187374
1,10,crash_ground,25,0.125,False,-3.6033278262226514,4.6131841508466795,18.37069431548458
1,10,crash_ground,27,0.125,False,-2.137118129899291,2.543924640658941,43.58235708335818
1,10,crash_ground,27,0.125,False,-2.4683168278208854,3.7305882484207946,33.652042490405336
1,10,crash_ground,19,0.125,False,-3.2485679768721667,3.3914804747465763,16.742216469179667
1,10,crash_ground,34,0.125,False,-3.969890524066883,4.915181269916886,17.739626484400937
1,10,crash_ground,17,0.125,False,-3.679760246287521,4.098902286557374,42.97379848051734
1,10,crash_ground,18,0.125,False,-3.665171210743463,4.2247176976278205,21.293228277195617
1,10,crash_ground,24,0.125,False,-3.9639537989395723,4.003909495884256,6.792708673113236
1,10,crash_ground,30,0.125,False,-3.2630617014792747,3.33209054004342,9.762707810044866
1,10,crash_ground,34,0.125,False,-3.3280168257958547,3.5599041914686627,33.9375974480378
1,10,success,13,0.125,True,-2.8898765374314914,2.9654638163246627,22.801826680157554
1,10,success,12,0.125,True,-2.5497008569629416,2.7326807547161307,4.559439799262533
1,10,crash_ground,29,0.125,False,-4.183706082256737,4.471867580569406,5.397486976527303
1,10,crash_ground,29,0.125,False,-3.164988549358725,3.309484695423171,30.687794307099225
1,10,crash_ground,22,0.125,False,-5.30106363269698,6.274078516008916,6.315379902182425
1,10,crash_ground,23,0.125,False,-3.4878090878973227,4.1098045035572195,16.857778703279866
1,10,crash_ground,17,0.125,False,-2.934625836990087,3.1329065040364146,20.064381236942225
1,10,crash_ground,26,0.125,False,-1.7756883727877777,1.805494162338472,39.562131456022435
1,10,crash_ground,21,0.125,False,-3.8870158570085125,5.099836258648638,2.694192429162931
1,10,success,13,0.125,True,-3.3816499922683096,3.7329886789502447,12.194707908988427
1,10,crash_ground,32,0.125,False,-2.99869563891879,3.461625807532598,23.474438359405642
1,10,crash_ground,23,0.125,False,-3.822947800551743,4.039673272367122,20.63218197711797
1,10,crash_ground,28,0.125,False,-4.062961541310614,4.08507326478845,24.826695994159234
1,10,success,26,0.125,False,-4.356776173676537,6.073878134958799,9.990853501372335
1,10,crash_ground,17,0.125,False,-5.379950856189138,5.883899886272151,13.805907431517582
1,10,crash_ground,21,0.125,False,-4.443049050979241,4.711833036205267,17.899124017044386
1,10,crash_ground,16,0.125,False,-3.3032893513427966,3.3704726433590695,5.048666341376228
1,10,crash_ground,23,0.125,False,-4.871591103040691,6.279597659001033,47.32260097695502
1,10,crash_ground,30,0.125,False,-4.188129144845685,4.678804558239481,11.54111135716507
1,10,crash_ground,28,0.125,False,-4.021102003237175,5.438076200208383,37.65349739649162
1,10,crash_ground,22,0.125,False,-4.98358190467017,5.433682410932779,1.5144711522462908
1,10,crash_ground,27,0.125,False,-3.8914912563568675,4.199356375912627,20.882825753807953
1,10,crash_ground,24,0.125,False,-2.705154028050247,4.120175017822568,0.05090634191224268
1,10,crash_ground,18,0.125,False,-3.2464935302494795,3.7401802994464317,13.525871414497303
1,10,crash_ground,24,0.125,False,-4.056670954115066,4.968138244605869,5.517424904604523
1,10,crash_ground,37,0.125,False,-2.03883400795108,3.4387168809994857,32.806930153352724
1,10,crash_ground,17,0.125,False,-3.9451990357014957,4.129665689662272,8.035666028967416
1,10,crash_ground,22,0.125,False,-3.474373291499828,4.818408247560804,17.648963382015587
1,10,crash_ground,26,0.125,False,-3.6425043203884844,3.922708659328784,4.079927540760214
1,10,crash_ground,23,0.125,False,-3.830534768546245,5.997328064971716,18.2961183875878
1,10,crash_ground,24,0.125,False,-3.9055646659702594,4.480874849415678,19.639902551990886
1,10,crash_ground,18,0.125,False,-4.163741129448893,4.485882809745181,1.4690074697921054
1,10,crash_ground,25,0.125,False,-3.9146628721232277,3.9793119487375104,5.246655383777603
1,10,crash_ground,32,0.125,False,-3.2619166555889434,3.436833444925105,5.6060285692600855
1,10,crash_ground,26,0.125,False,-2.8114962682987112,3.3342260848611773,14.189052235626733
1,10,success,30,0.125,False,-3.1595376371302093,3.910670632378983,26.624086626209408
1,10,crash_ground,26,0.125,False,-3.6800798145872724,3.7923826512430794,17.716131858509883
1,10,crash_ground,26,0.125,False,-3.609072485753662,3.62478150996207,6.446692975863561
1,10,crash_ground,15,0.125,False,-3.5303574350176694,4.2539287201053835,21.491714796867992
1,10,tilt,6,0.125,False,-1.5632399409261168,2.333900299998591,80.53164129637639
1,10,crash_ground,21,0.125,False,-4.931646216593738,5.014137780011241,12.253262130350933
1,10,crash_ground,20,0.125,False,-3.6693205421097788,3.7160964130449696,11.011767307225837
1,10,crash_ground,24,0.125,False,-3.941586257925816,4.483565284887382,6.850756860566843
1,10,crash_ground,36,0.125,False,-2.4881287247310513,2.9900848657537598,31.517859192049855
1,10,crash_ground,19,0.125,False,-3.2427467303275153,3.3478346965883503,25.44998979372645
1,10,crash_ground,15,0.125,False,-2.7161501613639274,3.7564372974026132,29.08404886586302
1,10,crash_ground,26,0.125,False,-2.902801069804757,3.8393350721869264,2.283576225951754
1,10,crash_ground,29,0.125,False,-3.869921280065896,3.9479885031139603,19.0545197843747
1,10,crash_ground,32,0.125,False,-4.598956802908867,4.70388400820012,10.511134358097838
1,10,crash_ground,25,0.125,False,-2.5783491826839966,3.255115763979616,27.634751936057306
1,10,crash_ground,26,0.125,False,-2.67185269538385,4.799795038608866,17.854946823316038
1,10,crash_ground,28,0.125,False,-4.0579462142089575,4.214235948519548,6.409383777121002
1,10,crash_ground,25,0.125,False,-3.040488832442041,3.4701054334958386,15.578995648067634
1,10,crash_ground,17,0.125,False,-2.8520241495529217,2.946911909538801,30.065589276071815
1,10,crash_ground,26,0.125,False,-2.748149804460124,2.8501346376075047,28.391284770900928
1,10,crash_ground,25,0.125,False,-3.939063336096515,4.733876760784638,6.462195507596557
1,10,crash_ground,33,0.125,False,-3.61273545237927,4.438906711173835,3.64944414805305
1,10,crash_ground,18,0.125,False,-4.086267568526281,4.479302461632708,5.5457655606015
1,10,crash_ground,30,0.125,False,-3.871816040836611,4.052282333705045,27.750469845333257
1,10,crash_platform,15,0.125,False,-2.219033698276422,3.290511317964284,32.81207369516168
1,10,crash_ground,18,0.125,False,-3.5909102112226043,3.86310357513978,12.974267266178687
1,10,crash_ground,24,0.125,False,-2.2853809865569663,2.47832516932085,28.39532392991987
1,10,crash_ground,25,0.125,False,-4.011896493300406,4.030458332959412,4.881277116797416
1,10,crash_ground,31,0.125,False,-2.974717592275157,3.9692601391591142,8.917610007479087
1,10,crash_ground,32,0.125,False,-4.42281591644434,4.742252455957198,1.9659683585077996
1,10,crash_ground,23,0.125,False,-3.5251652493623533,3.8290544224942753,4.544775397135713
1,10,crash_ground,26,0.125,False,-3.6962767097594367,4.734096004756606,15.288526651775214
1,10,crash_ground,26,0.125,False,-2.098118400672604,3.452139667718544,32.34250575551854
1,10,crash_ground,22,0.125,False,-3.8320925983857874,4.475762814908467,27.852474303328023
1,10,crash_platform,17,0.125,False,-2.8633256332518235,3.503530417634411,20.44339565497332
1,10,crash_ground,25,0.125,False,-4.362795739991381,4.831709102048187,30.975320773054204
1,10,crash_ground,31,0.125,False,-2.9847852695894197,3.0231461753437645,28.739317693479748
1,10,crash_ground,29,0.125,False,-3.851071521219668,4.327368701497722,10.84011271870251
1,10,crash_ground,32,0.125,False,-4.304250263654852,5.363731415081321,3.9847058296168503
1,10,success,21,0.125,True,-3.391148393343789,3.622236945607015,19.841938292214937
1,10,crash_ground,28,0.125,False,-4.015326622909797,4.616733297786396,9.812031609109459
1,10,crash_ground,25,0.125,False,-3.3410922770565508,3.787148359478276,7.1583937328589435
1,10,crash_ground,17,0.125,False,-5.3789997156457146,6.215072718777797,2.8067818406349523
1,10,crash_ground,25,0.125,False,-6.816392626236533,6.920797961989085,10.990806885634408
1,10,crash_ground,18,0.125,False,-2.4425976938435343,3.2620475480621285,4.713713197588806
1,10,crash_ground,19,0.125,False,-3.9345898781103315,4.521312346805242,16.2395029571435
1,10,crash_ground,27,0.125,False,-3.5956469490988345,4.383767843410681,19.745567533609034
1,10,crash_ground,23,0.125,False,-4.100297096662155,4.267273268168089,14.397433337445818
1,10,crash_ground,23,0.125,False,-4.42710576152836,4.547988562567253,17.281586594716636
1,10,crash_ground,36,0.125,False,-3.607510986738937,5.033926914190279,15.162937245403732
1,10,crash_ground,16,0.125,False,-3.956615352917842,6.125984854841728,7.039966305251377
1,10,crash_ground,35,0.125,False,-4.1934685161853436,4.290541113838774,6.3332028712963915
1,10,crash_ground,17,0.125,False,-3.510069165060662,3.7996794841218886,5.789271515424092
1,10,crash_ground,27,0.125,False,-3.2060247789302974,3.406686524510592,37.192775639509854
1,10,crash_ground,36,0.125,False,-3.4017509936132897,3.8482889345023144,19.708148738249395
1,10,crash_ground,19,0.125,False,-3.6870160969915062,3.879061273323161,12.62866680044522
1,10,crash_ground,31,0.125,False,-2.9989969994349015,3.040059742987156,4.529317568849999
1,10,crash_ground,23,0.125,False,-4.144710077865457,5.265431122924551,7.818309800116039
1,10,crash_ground,28,0.125,False,-2.422962183612133,3.0446195504069755,5.01496918420906
1,10,crash_ground,25,0.125,False,-3.7699825566783773,4.339080014828501,26.137765618850597
1,10,crash_ground,26,0.125,False,-3.089162804890737,4.1981517353585165,28.664255187685402
1,10,crash_ground,26,0.125,False,-4.052436336133758,4.718297125527969,8.815406913346024
1,10,crash_ground,21,0.125,False,-4.397570708739416,4.946364813595647,16.58098886654122
1,10,crash_ground,22,0.125,False,-3.423475587904721,4.516103481275058,13.31393620135354
1,10,crash_ground,19,0.125,False,-2.827969356536553,3.016155436519723,43.781471049922914
1,10,crash_ground,25,0.125,False,-4.3081655562342505,4.341526700834277,11.432190091665053
1,10,crash_ground,23,0.125,False,-2.612041169250053,2.8359907036009133,6.499345362374083
1,10,crash_ground,23,0.125,False,-3.4451618127563943,5.205394351289575,24.13722692245033
1,10,crash_ground,22,0.125,False,-4.090279267414535,4.156004242988391,7.93408025796634
1,10,crash_ground,34,0.125,False,-4.0859482747658395,4.40513009204945,12.962287433182786
1,10,crash_ground,31,0.125,False,-2.8865021796676382,3.9633391476222086,28.540225894580846
1,10,crash_ground,17,0.125,False,-2.5405404404085594,3.4957879295064287,24.3873562559858
1,10,crash_ground,27,0.125,False,-3.7779255561684666,5.482501003964601,17.138700420605318
1,10,crash_ground,19,0.125,False,-3.3182153430028123,3.505918167487294,3.8171202682505214
1,10,crash_ground,27,0.125,False,-3.19672542273556,3.7506640216595715,13.852301600694743
1,10,crash_ground,19,0.125,False,-3.834344959062624,3.888982150282863,8.05442273220569
1,10,crash_ground,24,0.125,False,-3.021210604694319,3.4985524286947167,8.310038611067592
1,10,crash_ground,38,0.125,False,-2.60074576363141,3.554094988961266,1.6180292919605597
1,10,crash_ground,29,0.125,False,-3.218596566709684,3.59160455249005,12.2741379481234
1,10,success,21,0.125,False,-4.602488070880428,4.695610173169941,0.37796752893011215
1,10,crash_ground,27,0.125,False,-2.4284669241435357,3.0133746361281224,14.408981263064483
1,10,crash_ground,13,0.125,False,-7.348716764886105,9.527232221207168,38.873869295749344
1,10,crash_ground,27,0.125,False,-2.98884975875714,4.254939560262049,20.954909627340257
1,10,crash_ground,14,0.125,False,-6.452923895419499,6.743699023044732,47.07762509161439
1,10,crash_ground,20,0.125,False,-3.2127862635997637,4.312893743761599,25.521270595241646
1,10,crash_ground,15,0.125,False,-4.175433150044026,4.397394879662517,6.08642055810106
1,10,crash_ground,32,0.125,False,-2.424712397658035,4.713904227893399,32.98182382795744
1,10,crash_ground,30,0.125,False,-3.9571259631279787,4.685558642194458,11.08149715343409
1,10,crash_ground,27,0.125,False,-3.906713392506109,3.9246788350535398,5.672641127782927
1,10,success,29,0.125,False,-3.3390230706722144,3.72224558424486,7.730094020862731
1,10,crash_ground,32,0.125,False,-3.4030406447115285,4.681376147951978,9.08317368448572
1,10,crash_ground,23,0.125,False,-2.443316206748575,3.3377535614879115,18.086731077248405
1,10,crash_ground,34,0.125,False,-3.218684158418574,3.6027590949832726,37.29148641801612
1,10,crash_ground,33,0.125,False,-3.211337867515595,3.783675940314884,9.890475497573567
1,10,crash_ground,14,0.125,False,-2.0279018630577816,2.719439460562631,20.477250116419704
1,10,crash_ground,15,0.125,False,-5.389854814892754,7.513331354908865,8.263295533944726
1,10,crash_ground,26,0.125,False,-3.1835916459074154,4.513236012923688,26.9922851769923
1,10,crash_ground,21,0.125,False,-2.322270454348092,2.4588890216022796,35.716240956103356
1,10,crash_ground,32,0.125,False,-3.5489222741025546,4.229623862217333,16.176354699352704
1,10,crash_ground,30,0.125,False,-4.12114967080131,4.135423370587743,12.311085835170218
1,10,crash_ground,31,0.125,False,-3.0456485136435942,4.35711091762277,32.96095570776291
1,10,crash_ground,30,0.125,False,-2.8001511266406816,3.3820084852429493,35.9314998972159
1,10,crash_ground,20,0.125,False,-2.9863507325248473,3.2806194936936204,27.767332389271743
1,10,crash_ground,28,0.125,False,-3.5533013834658305,4.349573284705577,13.085644567901996
1,10,crash_ground,18,0.125,False,-3.1389876645424084,3.6085719434861465,24.497780863196112
1,10,crash_ground,19,0.125,False,-2.9364263010426668,3.455282714295579,10.81451484308694
1,10,crash_ground,26,0.125,False,-4.5515666242580695,5.273848520603294,6.232223038224339
1,10,crash_ground,31,0.125,False,-3.75459643490834,3.815059055348074,14.774511665957924
1,10,crash_ground,40,0.125,False,-3.6409471229816157,3.961536106958533,12.191905028701322
1,10,crash_ground,21,0.125,False,-3.9765667337756594,4.047408969462761,25.177999128298765
1,10,crash_ground,29,0.125,False,-3.4874433653139567,4.175399235782023,13.927301784897734
1,10,crash_ground,23,0.125,False,-3.513173972375693,3.9163407203583285,6.1211119038938815
1,10,crash_ground,22,0.125,False,-3.0970167150460814,3.3449323842839966,25.18398875003839
1,10,crash_ground,20,0.125,False,-3.3526708307384934,5.062451339196053,39.74079025987062
1,10,crash_ground,19,0.125,False,-3.642484572964221,5.0499886421225275,28.100173055664538
1,10,crash_ground,20,0.125,False,-3.907841937597004,4.533754025916233,10.016881879078836
1,10,crash_ground,34,0.125,False,-3.40436605990356,5.5340925589003795,15.535883494221595
1,10,crash_ground,22,0.125,False,-3.9914797851523747,4.647561894398594,8.870105179657866
1,10,crash_ground,20,0.125,False,-2.3291263514751983,3.7084090356862465,42.641843855276136
1,10,success,23,0.125,True,-3.0555481581423507,3.313963282166118,22.312788680929728
1,10,crash_ground,29,0.125,False,-3.8984402428508615,5.051003172726892,11.556363533870636
1,10,crash_ground,21,0.125,False,-4.797918076601347,5.996117023557802,16.555809241760556
1,10,crash_ground,33,0.125,False,-2.819375541879647,2.968362134798926,21.68566143065007
1,10,crash_ground,30,0.125,False,-3.088804342269172,3.2549409359721775,21.980914302884578
2,10,crash_ground,35,0.125,False,-3.600775296965807,4.675370680779422,19.589056036438222
2,10,crash_ground,22,0.125,False,-4.2765020226251425,4.366443135638489,1.0956560537646334
2,10,crash_ground,16,0.125,False,-3.3598470156212334,3.707629436642626,22.093515620832612
2,10,tilt,7,0.125,False,-2.58977555797792,2.9899444969207156,80.22579767338807
2,10,crash_ground,25,0.125,False,-3.3535160881330186,3.645158918053559,6.983210601971486
2,10,crash_ground,15,0.125,False,-2.1203824384112835,3.075307170050227,28.460469114006635
2,10,crash_ground,28,0.125,False,-3.952298862088362,4.455342267050513,12.097122278905669
2,10,crash_ground,28,0.125,False,-4.195122346422883,4.484425874662082,9.630587325633398
2,10,crash_ground,31,0.125,False,-2.9568863220689474,3.5766070856146186,11.952530650571155
2,10,crash_ground,27,0.125,False,-4.267698929061568,4.814941683481597,2.7331359283956562
2,10,crash_ground,24,0.125,False,-3.903491111863342,4.09801390911631,6.900701006634253
2,10,crash_ground,15,0.125,False,-4.606636087280782,4.865850695448986,16.05622690279025
2,10,crash_ground,28,0.125,False,-2.911744680222279,3.71033638763344,37.20017853495265
2,10,crash_ground,23,0.125,False,-3.5049862845718764,3.931077950528283,29.426923650440923
2,10,crash_ground,32,0.125,False,-2.9753893493822017,2.9754743452936148,10.014978475963288
2,10,crash_ground,32,0.125,False,-3.54565784591467,3.596658877434894,4.684860443221223
2,10,crash_ground,21,0.125,False,-3.885957127568619,4.204387604018411,12.667349534892082
2,10,crash_ground,24,0.125,False,-3.8434557964913765,3.9552321762480487,6.297496571143017
2,10,crash_platform,21,0.125,False,-4.555761899115335,4.619863802444663,13.448213587161614
2,10,crash_ground,26,0.125,False,-3.8092606380078626,4.182957783590932,18.008929018171557
2,10,crash_ground,35,0.125,False,-3.546104814234027,3.752604714500242,10.183401268633514
2,10,crash_ground,14,0.125,False,-3.7972738497115897,4.11465763257467,7.180001160132807
2,10,success,32,0.125,True,-0.32185812001313596,0.43733211825762836,37.121037733034505
2,10,crash_ground,17,0.125,False,-4.858117615453916,5.008335705530114,5.912649387231792
2,10,crash_ground,23,0.125,False,-3.0864888087429008,3.6988614187866418,18.549621746611386
2,10,crash_ground,17,0.125,False,-3.4179480077029663,4.567861863732057,14.079965787548877
2,10,crash_ground,32,0.125,False,-2.8421365569174717,3.2705742557637083,16.601756004307216
2,10,crash_ground,20,0.125,False,-3.506673035860308,3.6613371926943596,21.57282205717605
2,10,crash_ground,23,0.125,False,-4.253268803476603,4.403759051129422,4.250642483642706
2,10,crash_ground,29,0.125,False,-3.697024321426078,4.098790622196162,21.07700915208614
2,10,success,19,0.125,False,-5.373502134726562,5.534942109364441,4.879082943682596
2,10,crash_ground,38,0.125,False,-3.475452131959623,3.4792925901686895,7.522326015852096
2,10,success,24,0.125,True,-3.3875169466004893,3.488039732713409,0.6893190484159524
2,10,crash_ground,23,0.125,False,-3.8517223388954522,4.35230871020471,4.4106032722692134
2,10,crash_ground,27,0.125,False,-3.6760984877340954,4.341920178229362,21.61006614695752
2,10,crash_ground,28,0.125,False,-2.3790157840453956,2.961626413957549,34.60542467965677
2,10,crash_ground,28,0.125,False,-3.351421208552971,3.6120077702031597,16.198621722996954
2,10,crash_ground,27,0.125,False,-3.702387561596392,3.9449976262961175,17.152325372802856
2,10,crash_ground,28,0.125,False,-4.139787358825702,4.421959628930621,11.107150138978472
2,10,crash_ground,28,0.125,False,-4.229929480572114,4.793681998916446,79.60460748356189
2,10,crash_ground,27,0.125,False,-5.019455819357828,5.426639740021917,25.042864515913234
2,10,crash_ground,24,0.125,False,-2.8877721066313082,3.874257386273506,35.319603473192444
2,10,crash_ground,31,0.125,False,-4.004729677489718,4.299220182121177,6.149852557246037
2,10,crash_ground,25,0.125,False,-3.6816849792270485,3.699658694102882,2.005675222218754
2,10,crash_ground,24,0.125,False,-3.020667241766512,3.7521199788559905,9.695515362219554
2,10,crash_ground,29,0.125,False,-3.4316755338763345,4.313185181336732,13.466359851136605
2,10,crash_ground,16,0.125,False,-3.7312673141445005,4.009708189414808,2.7990107055310807
2,10,crash_ground,20,0.125,False,-3.3708082948432727,3.6690836853017332,16.861282350005638
2,10,crash_ground,12,0.125,False,-3.969605928954219,3.9884956748876186,10.659372373426603
2,10,crash_ground,27,0.125,False,-3.0195673370914373,3.62921721827175,23.147463442362028
2,10,crash_ground,24,0.125,False,-3.5978282947852045,3.737860846702862,18.30186218026878
2,10,crash_ground,30,0.125,False,-2.6926190936820844,3.788539387506339,45.4991162753202
2,10,success,21,0.125,False,-3.3123050831764873,3.4296121354934925,7.099075817700193
2,10,crash_ground,20,0.125,False,-3.4663033116658055,3.8873714375417157,16.39885837155911
2,10,crash_ground,20,0.125,False,-3.072783230683634,3.352389138435106,2.681307065012856
2,10,crash_ground,23,0.125,False,-3.8624360091488525,5.114916456262906,3.274514767995714
2,10,crash_ground,28,0.125,False,-3.891118045051034,3.905764582001148,8.179817745448647
2,10,crash_ground,22,0.125,False,-4.5862707670440495,4.841040516567589,10.770990537421753
2,10,crash_ground,22,0.125,False,-1.6261952959400596,4.244070933076635,24.46987186464457
2,10,crash_ground,37,0.125,False,-3.3984904972620367,5.2383996429001565,16.64120031105065
2,10,crash_ground,28,0.125,False,-3.3520842085946194,4.297407860326108,30.62162947215751
2,10,crash_ground,24,0.125,False,-2.867569668669916,2.9780398701445283,25.52573782074943
2,10,crash_ground,27,0.125,False,-3.749718395113447,3.9783407000155444,8.587950645082726
2,10,crash_ground,24,0.125,False,-3.6963577590357453,5.218498949070742,11.183455097344764
2,10,crash_ground,23,0.125,False,-8.155550573453004,9.07588110171703,8.177912504130465
2,10,crash_ground,22,0.125,False,-3.380150318055385,4.205975694735433,16.220138561860164
2,10,crash_ground,34,0.125,False,-4.147505470009669,4.3053211414369565,16.898472915579127
2,10,crash_ground,18,0.125,False,-2.258053931102313,3.6034467332479494,22.370642540464445
2,10,crash_ground,35,0.125,False,-4.923534460827081,5.298399056879806,5.9940612554124515
2,10,crash_ground,24,0.125,False,-2.906151713948372,3.011525470059822,3.801026650622795
2,10,crash_ground,25,0.125,False,-4.070631632026525,5.184559693193676,14.848861409975193
2,10,crash_ground,29,0.125,False,-2.882854303666691,3.969316462784199,12.48125627848007
2,10,crash_ground,33,0.125,False,-3.6289258041738934,3.704931177473619,8.333295720998875
2,10,crash_ground,22,0.125,False,-3.1847484267932082,3.3135154007282153,8.581366181407542
2,10,crash_ground,30,0.125,False,-3.278457054681393,3.939524862797574,21.53597915296073
2,10,crash_ground,28,0.125,False,-3.954059170132523,4.989194604223453,12.171140589161286
2,10,crash_ground,28,0.125,False,-4.261328823768624,4.273654909301037,8.649881951630086
2,10,crash_ground,28,0.125,False,-6.112247027195706,7.659789879997504,24.551378141182862
2,10,crash_ground,33,0.125,False,-2.9967561626406414,4.458324455345334,12.676775375094051
2,10,crash_ground,20,0.125,False,-3.8790122964795892,4.781046584581974,0.580504396845148
2,10,crash_ground,19,0.125,False,-3.453922608407993,3.629464112473544,2.7483027757987286
2,10,crash_ground,24,0.125,False,-3.7091280691089596,3.943353961213324,30.50531147218395
2,10,crash_ground,24,0.125,False,-4.328419022294624,4.875988800999446,4.766508726424271
2,10,crash_ground,23,0.125,False,-2.4375681014345254,2.473423192975358,23.35470974643633
2,10,success,24,0.125,True,-4.008581733044398,4.650692299563938,18.104797457282675
2,10,crash_ground,25,0.125,False,-2.5066396227913783,3.6154343801044333,18.251470090487647
2,10,crash_ground,17,0.125,False,-3.7012382304207185,4.79556698032092,16.069243485532702
2,10,crash_ground,29,0.125,False,-3.244210984868789,3.3681881931135718,7.661530984182868
2,10,crash_ground,17,0.125,False,-4.938506991358262,5.699544254331104,4.208200804581282
2,10,crash_ground,26,0.125,False,-3.243587586404257,3.467634953031011,24.252438731416476
2,10,crash_ground,21,0.125,False,-3.2793961858133867,3.312847311049415,9.621316651274945
2,10,success,21,0.125,True,-3.5161637497968288,3.8270250492279336,5.654237643301948
2,10,crash_ground,29,0.125,False,-4.389829833545132,4.777766281040486,10.13721507417241
2,10,crash_ground,18,0.125,False,-3.869871550941586,4.242686501505521,24.13210203564066
2,10,crash_ground,22,0.125,False,-3.5018518637556317,3.6879263138676652,19.462126449956074
2,10,crash_ground,23,0.125,False,-3.8078143206072514,4.096516962994931,12.508126293275087
2,10,crash_ground,27,0.125,False,-3.303292814499325,4.061178964062739,38.1266788695279
2,10,crash_ground,37,0.125,False,-2.8454305785427776,4.0720757645015615,27.533996574821664
2,10,crash_ground,32,0.125,False,-3.9091525723574185,4.580432487048179,28.717560028885668
2,10,crash_ground,29,0.125,False,-4.026911968763727,4.895247418192216,5.832652961104091
2,10,crash_ground,27,0.125,False,-3.4954330942476837,3.687182716391094,15.593561895714714
2,10,crash_ground,14,0.125,False,-1.791042074478175,1.9862885118566878,35.93873970272998
2,10,crash_ground,14,0.125,False,-3.5515795559614594,4.291899726213637,9.697608842507021
2,10,crash_ground,28,0.125,False,-3.9893528231562634,4.391893558971999,25.74987585410508
2,10,crash_ground,27,0.125,False,-3.831651060322956,4.565941245118171,4.07867726553716
2,10,crash_ground,24,0.125,False,-2.4525886266655426,3.7779984531211372,10.633517449107883
2,10,crash_ground,26,0.125,False,-2.501651068870361,3.3609810552868677,44.234374438120064
2,10,crash_ground,14,0.125,False,-2.5453737841465087,2.623783495646957,9.058567372435368
2,10,crash_ground,30,0.125,False,-2.705573212200056,3.0864110508483265,20.373078224318153
2,10,crash_ground,21,0.125,False,-2.283034385905994,3.6161109882317026,28.069164081071907
2,10,crash_ground,20,0.125,False,-3.1349769917620223,3.5187468533423685,20.917886109894734
2,10,crash_ground,27,0.125,False,-3.2611566818500597,3.2871800123470383,3.2123763207802476
2,10,crash_ground,25,0.125,False,-3.3090686165354137,3.3308285221656697,4.684422233648442
2,10,crash_ground,25,0.125,False,-2.0243202416357895,2.462776116107433,24.732094949931035
2,10,crash_ground,22,0.125,False,-2.2008801928565798,2.4439663697195813,8.648577814562058
2,10,crash_ground,15,0.125,False,-4.09444670111101,4.387415768142437,9.149490060525258
2,10,crash_ground,28,0.125,False,-2.760245039593085,3.1549286373246104,20.57906701561941
2,10,crash_ground,28,0.125,False,-4.32079686862238,5.120225471958974,6.305519173279114
2,10,crash_ground,13,0.125,False,-3.647323900160156,4.562102752137747,31.615707881741066
2,10,crash_ground,25,0.125,False,-4.031411064851635,5.348873120910823,23.802400176989295
2,10,crash_ground,16,0.125,False,-3.8107959389134067,3.9269743399906547,11.718467774154542
2,10,crash_ground,28,0.125,False,-3.339216025433652,3.6335722072761665,34.612051634934595
2,10,success,17,0.125,False,-3.5510991523195368,4.3104527968791375,9.76168521170428
2,10,crash_ground,13,0.125,False,-3.0897701306589176,3.5473315906727456,17.095578937593892
2,10,crash_ground,23,0.125,False,-3.6832763145652208,3.694750575791387,15.247700531542588
2,10,crash_ground,23,0.125,False,-3.1691825763690815,3.458616183268563,10.540918778865366
2,10,crash_ground,19,0.125,False,-3.144304260507882,3.1512760584347363,12.256745084786953
2,10,crash_ground,16,0.125,False,-2.924163529760663,3.70330167955888,16.712723885358596
2,10,crash_ground,26,0.125,False,-2.83345466530843,3.1187687483737663,16.82345437349421
2,10,crash_ground,24,0.125,False,-4.576753597600321,5.39317638453173,7.3410551600805345
2,10,crash_ground,34,0.125,False,-4.440479190678762,5.049981650395414,2.9723697483140166
2,10,crash_ground,19,0.125,False,-3.5309530420731683,3.562121617315159,64.73421276357709
2,10,crash_ground,29,0.125,False,-4.275221380032658,5.843004954006947,31.22968256230852
2,10,crash_ground,19,0.125,False,-3.213100757353736,3.8913465508293488,27.25650738761725
2,10,crash_ground,15,0.125,False,-3.073181406061663,3.1933926814251374,26.797092494037177
2,10,crash_ground,32,0.125,False,-3.1131925694197475,3.3716698262219,22.999740836124978
2,10,crash_ground,16,0.125,False,-4.036861609974766,4.646194808575073,14.300977437643844
2,10,crash_ground,28,0.125,False,-3.7173651932629133,4.118212873386058,5.801673673067387
2,10,crash_ground,23,0.125,False,-4.611368306445611,4.7649247648749045,3.27437857854975
2,10,crash_ground,25,0.125,False,-3.093366225205454,3.2534054193768243,24.418984784175553
2,10,crash_ground,28,0.125,False,-2.673812986930147,3.848890737501787,22.401743488159592
2,10,crash_ground,27,0.125,False,-3.5144665016866288,3.724341156469402,8.807236433209233
2,10,crash_ground,33,0.125,False,-3.142411191584753,3.48864417555696,17.880566359364625
2,10,crash_ground,17,0.125,False,-3.608677543037611,3.6109266680148684,2.077507536595136
2,10,crash_ground,17,0.125,False,-4.20077203319069,5.026649371638744,24.21267864877032
2,10,crash_ground,22,0.125,False,-4.193190724258595,4.755750507280792,8.22292827170296
2,10,crash_ground,28,0.125,False,-3.2865345773636676,3.5081373535639044,1.8485583982121074
2,10,crash_ground,29,0.125,False,-3.20169855904429,3.8489396715184747,4.691367626753986
2,10,crash_ground,28,0.125,False,-3.512596390701682,3.732613420961969,30.703197183535156
2,10,crash_ground,30,0.125,False,-4.596923736704546,4.961571445705905,22.662888619479386
2,10,crash_ground,21,0.125,False,-2.260963330513539,2.5911510758803833,31.724439718477488
2,10,crash_ground,25,0.125,False,-4.124952846280164,4.465726981845773,9.52353101091892
2,10,crash_ground,32,0.125,False,-4.335082799987742,6.52840788415815,11.319027754561665
2,10,crash_ground,27,0.125,False,-3.487595566840517,3.553608145275274,10.845814953830619
2,10,crash_ground,25,0.125,False,-2.8173995532148983,3.4353235866345884,17.026328840788658
2,10,crash_ground,28,0.125,False,-5.264920714657316,5.4107297658129,0.5344294317246766
2,10,success,16,0.125,False,-4.998014151262208,5.737422830503305,9.191892763922057
2,10,crash_ground,21,0.125,False,-2.965371575533981,3.159582068747543,35.119076676694014
2,10,crash_ground,31,0.125,False,-3.686873857121433,3.7335116218224162,2.584124186344273
2,10,crash_ground,23,0.125,False,-2.650126080266276,3.783982664424781,29.38698594212069
2,10,crash_ground,22,0.125,False,-3.783444660767756,4.128569252918149,30.8207257325179
2,10,crash_ground,24,0.125,False,-4.426285719762271,4.76391317945588,8.753228733726349
2,10,crash_ground,32,0.125,False,-4.748794585846978,6.817991380564006,13.888841168289925
2,10,crash_ground,18,0.125,False,-3.718435182969321,3.878993813752002,2.9368039397009067
2,10,crash_ground,19,0.125,False,-3.04667694708242,3.8750757136459875,9.94282713067239
2,10,crash_ground,18,0.125,False,-2.5686277009714784,4.166126499396912,22.501831611344674
2,10,crash_ground,20,0.125,False,-4.175464964510807,4.563575328719247,6.4702874396496455
3,10,crash_ground,27,0.125,False,-4.833827826202014,5.336477676870333,41.6115844749743
3,10,success,18,0.125,False,-3.705070755547859,4.106121320538406,14.228015648753685
3,10,crash_ground,26,0.125,False,-3.2883586401242098,4.701804679874839,23.977000666260928
3,10,crash_ground,17,0.125,False,-2.2636228662245146,4.232528503400539,32.62197108673508
3,10,crash_ground,22,0.125,False,-2.9332598859592367,3.623264354121389,12.710182233147913
3,10,success,15,0.125,False,-2.839299356450776,2.9309546319021575,29.07145077437322
3,10,crash_ground,21,0.125,False,-3.3695080078181694,3.5730723335365058,19.10865192409356
3,10,crash_platform,18,0.125,False,-3.9365062705948004,4.122660521125825,24.524531762062757
3,10,crash_ground,23,0.125,False,-4.245757845001608,4.773772014639084,11.446490229282576
3,10,crash_ground,13,0.125,False,-3.4720869908398138,3.572756385087729,27.10473604739684
3,10,crash_ground,28,0.125,False,-4.848017141386004,4.962604154108133,3.4365373979147464
3,10,crash_ground,30,0.125,False,-3.414387237688968,3.774570800339354,10.896520597086127
3,10,crash_ground,20,0.125,False,-2.8761797573212693,3.1054954621470787,2.302953136711922
3,10,crash_ground,35,0.125,False,-3.4059129731809015,3.684069210623641,18.482407517616497
3,10,crash_ground,18,0.125,False,-3.741676592160553,5.235394717496814,13.131629108833682
3,10,crash_ground,26,0.125,False,-3.908113419850549,4.127597924437674,18.37232306063549
3,10,crash_ground,22,0.125,False,-3.870346035483774,3.9089300600251233,2.6678195825907687
3,10,crash_ground,27,0.125,False,-2.6065466001687674,3.221864162404885,22.22842333304115
3,10,crash_ground,15,0.125,False,-4.649950274245334,4.735238567239227,4.912591465225657
3,10,crash_ground,20,0.125,False,-2.1872672361211665,2.773561573143167,23.223158139430936
3,10,crash_ground,21,0.125,False,-3.7081366486369625,3.8998962015489256,3.2494181034185368
3,10,crash_ground,23,0.125,False,-3.4276289805068667,3.5985257276006144,6.012582360550738
3,10,crash_ground,22,0.125,False,-3.3704956144188394,3.634231320223517,17.823464139044752
3,10,crash_ground,29,0.125,False,-3.838813707730538,4.222113726612706,4.642438725717141
3,10,crash_ground,31,0.125,False,-3.0860031722524073,3.1910328847310416,32.25753465763438
3,10,crash_ground,18,0.125,False,-3.505772472997091,3.8457364632099775,18.849958794533602
3,10,crash_ground,34,0.125,False,-3.988577200250587,4.44357951580533,5.16950228827591
3,10,crash_ground,17,0.125,False,-4.184336821273212,4.211177831122219,1.1201794539647896
3,10,crash_ground,38,0.125,False,-3.19824277504593,4.70953285290934,22.72706783585153
3,10,crash_ground,25,0.125,False,-2.940517099071499,3.033716534877876,31.66722209141521
3,10,crash_ground,31,0.125,False,-4.960081613308795,5.17156296107841,12.381622357714816
3,10,crash_ground,22,0.125,False,-2.5316149404569086,2.604103299887776,10.263722634555425
3,10,crash_ground,16,0.125,False,-3.2391488930296917,3.4460199822459607,11.697933575287266
3,10,crash_ground,26,0.125,False,-4.131886061876484,4.312650847987099,9.64812915657885
3,10,crash_ground,35,0.125,False,-3.461256152500415,4.112378001167696,2.1122365823981184
3,10,success,27,0.125,True,-3.5968342001892695,3.7377631364215516,17.859409294858075
3,10,crash_ground,20,0.125,False,-3.160921665693923,3.1954818849796247,12.564962843592113
3,10,crash_ground,26,0.125,False,-4.114386082249424,4.725475602642933,45.606667764815576
3,10,crash_ground,22,0.125,False,-4.689208961185252,4.775369064221039,4.260658107695224
3,10,crash_ground,22,0.125,False,-4.729466765787442,5.189342888051915,13.76785903046247
3,10,crash_ground,19,0.125,False,-3.9965880106064278,4.057645905099442,51.963421004259565
3,10,crash_ground,22,0.125,False,-4.038546001955264,4.788224223416043,2.1737354705590124
3,10,crash_ground,32,0.125,False,-3.14581398923166,4.45102428096731,7.13361100838083
3,10,crash_ground,17,0.125,False,-3.0907067604219907,3.165079047275614,1.883608461751419
3,10,crash_ground,16,0.125,False,-3.8217147820906288,6.17221033982145,13.330594221220624
3,10,crash_ground,21,0.125,False,-2.97172684503269,3.280814447686744,20.53397537849589
3,10,crash_ground,25,0.125,False,-3.154653368953897,3.509551320877713,23.622820077990962
3,10,crash_ground,23,0.125,False,-2.9281900091156583,3.0755951937109223,14.090323689931383
3,10,crash_ground,18,0.125,False,-3.2933187012026384,3.6230906637559195,14.871369732391537
3,10,crash_ground,34,0.125,False,-3.5065696334110075,4.2261781942539605,38.107334757263764
3,10,success,16,0.125,True,-1.4360919850386222,1.8872524391013386,27.976530665426992
3,10,crash_ground,22,0.125,False,-3.3365671339476495,3.594128256007461,17.217547969458042
3,10,crash_ground,24,0.125,False,-4.5303796470881466,4.596967355729103,3.043452949579014
3,10,crash_ground,34,0.125,False,-2.633518505045746,2.7659525471213384,18.370039358441172
3,10,crash_ground,28,0.125,False,-3.2010691129973723,3.774809072989827,11.61920947466018
3,10,crash_ground,26,0.125,False,-5.39040458929335,6.811012654577564,69.09451479093246
3,10,crash_platform,38,0.125,False,-4.506045415689565,6.0340610593303445,22.92778147811907
3,10,crash_ground,32,0.125,False,-3.5752057714492773,3.8870793407615456,20.94393678922955
3,10,crash_ground,24,0.125,False,-3.204978517667169,3.8580987103683477,29.519775973526514
3,10,crash_ground,21,0.125,False,-4.843086382175838,5.28213305531949,9.80768413598304
3,10,crash_ground,36,0.125,False,-3.172208834180617,3.80136697807417,24.794722526322428
3,10,crash_ground,18,0.125,False,-2.0544825707843932,4.2704720281855595,43.32902024276624
3,10,crash_ground,29,0.125,False,-3.396457121084607,3.827911270684718,18.22632231118825
3,10,crash_ground,26,0.125,False,-4.899798106565034,5.120774166137594,7.048197177217708
3,10,crash_ground,24,0.125,False,-4.056806914749639,4.266294119682935,26.11852769637945
3,10,crash_ground,22,0.125,False,-3.088553030581792,3.945890316332453,21.33097788992951
3,10,crash_ground,19,0.125,False,-3.71052995294271,4.108945243649762,22.923465081963077
3,10,crash_ground,21,0.125,False,-2.5444315496076126,3.4049688069599133,15.635903274833352
3,10,crash_ground,18,0.125,False,-3.6722476668114874,3.753504517207356,2.407852920881332
3,10,crash_ground,23,0.125,False,-3.5497137380012376,3.813683699930545,2.426296885342285
3,10,crash_ground,26,0.125,False,-3.965719334155061,4.345087245966145,14.310453380153637
3,10,crash_ground,28,0.125,False,-2.8593441195849554,3.3545734616926923,2.5217001532649927
3,10,crash_ground,17,0.125,False,-2.921998898684077,3.1782518359400944,4.825668235072149
3,10,success,24,0.125,True,-3.954117671099113,5.106880223834391,22.14449563392161
3,10,crash_ground,34,0.125,False,-3.9569518355229825,4.813555979383169,1.2634466077831863
3,10,crash_ground,19,0.125,False,-2.8762270494273334,3.00324791050487,19.83867231394261
3,10,crash_ground,17,0.125,False,-4.304650548684184,5.029967655683462,17.965751736842616
3,10,crash_ground,19,0.125,False,-2.7169309425773656,3.15670312912956,27.078212790283715
3,10,crash_ground,26,0.125,False,-2.7619577143013703,2.9072691483387647,20.7439240194443
3,10,crash_ground,30,0.125,False,-4.689089697926226,4.772926251875245,4.637819578853866
3,10,crash_ground,23,0.125,False,-3.4752730139149017,3.6650365497289528,35.44503195818589
3,10,crash_ground,19,0.125,False,-3.1224608136778613,4.010948947593957,22.110999901456527
3,10,crash_ground,24,0.125,False,-2.466944124470539,3.0945219467979976,29.49393705871475
3,10,crash_ground,29,0.125,False,-3.0208215555997717,3.158753548192141,7.182102051078324
3,10,crash_ground,13,0.125,False,-3.542363927717631,4.454156257701354,14.786566356231432
3,10,success,29,0.125,True,-2.792527382195847,2.978699346407762,23.60743685018213
3,10,crash_ground,22,0.125,False,-4.642521995871138,5.374932887921528,14.565687321239443
3,10,crash_ground,37,0.125,False,-2.72381390583902,4.044930285041304,21.33073469223288
3,10,success,23,0.125,True,-3.132902118002746,3.8661201871585265,7.807477849511726
3,10,crash_ground,26,0.125,False,-5.018528591671689,6.303638001306728,16.128435031845406
3,10,crash_ground,26,0.125,False,-4.505282818529095,4.518758933872963,9.835095883765126
3,10,success,24,0.125,True,-2.174700599734061,2.3838447854434714,25.931581923336093
3,10,crash_ground,25,0.125,False,-2.8028868087573113,3.34220104395932,37.953285986118004
3,10,tilt,9,0.125,False,-3.2021113046306366,3.578356645529606,80.21307103867595
3,10,crash_ground,26,0.125,False,-3.8641507088484333,4.240504504399031,10.594030448694092
3,10,crash_ground,14,0.125,False,-3.367104277887768,3.844168555533289,9.167195193653352
3,10,crash_ground,38,0.125,False,-2.687299003239206,2.8794421594293276,29.01710641962682
3,10,crash_ground,21,0.125,False,-3.980798385060331,4.349833143618789,11.10915295955384
3,10,crash_ground,33,0.125,False,-3.295567913181892,4.354261883742496,1.3298041766291668
3,10,crash_ground,35,0.125,False,-2.3607446538958583,3.4782448652009506,18.257702398278216
3,10,success,21,0.125,True,-3.9167526808612183,4.196257180312156,6.088111835719011
3,10,crash_ground,31,0.125,False,-3.5604651932713183,4.6798345238750985,26.75176678659652
3,10,crash_ground,25,0.125,False,-4.370572582185475,5.108354590454063,4.478179213667602
3,10,crash_ground,33,0.125,False,-3.9363500999818695,4.204896281570443,23.4150192130993
3,10,crash_ground,25,0.125,False,-2.725197360418229,3.254794982563712,32.859010702693915
3,10,crash_ground,25,0.125,False,-5.28540594791024,5.999989007512201,3.701644013352792
3,10,crash_ground,19,0.125,False,-4.367242315150999,4.504660793812026,13.056883650890017
3,10,crash_ground,23,0.125,False,-4.062218972000655,4.38766080068851,11.799569127327016
3,10,crash_ground,34,0.125,False,-3.8701222685305616,4.380415238500371,7.538542853144332
3,10,crash_ground,30,0.125,False,-4.122129501866423,4.404550351467509,35.49051938878492
3,10,crash_ground,13,0.125,False,-2.8474654768779177,3.2551956513051317,16.68390672140561
3,10,crash_platform,38,0.125,False,-1.422068455182711,1.8436851796661984,35.19460236476754
3,10,crash_platform,22,0.125,False,-3.3832244955020627,3.789349785832073,23.52484259321221
3,10,crash_ground,21,0.125,False,-4.140983261683633,4.837864360759673,4.825231351067934
3,10,crash_ground,31,0.125,False,-2.968912137349615,3.7427689470349517,18.532282633526847
3,10,crash_ground,18,0.125,False,-3.941105117206879,4.791122167579442,4.873996010708941
3,10,crash_ground,32,0.125,False,-3.39102087158024,3.5054586711940576,9.387146423107891
3,10,success,15,0.125,False,-3.467397736970233,3.9314319817440677,6.057527021982734
3,10,crash_ground,21,0.125,False,-3.247877004246982,3.2891442438844445,20.94634164609371
3,10,crash_ground,28,0.125,False,-3.645295820155633,3.760403081644882,19.598062392239182
3,10,crash_ground,13,0.125,False,-2.9315478743304624,3.0934655994151803,33.78004261811203
3,10,crash_ground,34,0.125,False,-3.057755910931111,3.6423274305172124,34.34704464194649
3,10,crash_ground,27,0.125,False,-2.9520864061411847,3.0916692942902833,7.92512533625477
3,10,crash_ground,34,0.125,False,-3.215505331056521,3.9911016830033796,35.03575654940591
3,10,crash_ground,29,0.125,False,-2.8481533397475194,3.8653963639825015,24.096503259767974
3,10,crash_ground,22,0.125,False,-3.547266351020756,4.061769939941313,15.563741722187139
3,10,success,17,0.125,True,-4.383353231258647,4.496871422207789,1.6049215572392848
3,10,crash_ground,31,0.125,False,-4.450577972361003,4.536939249963169,1.7827602995749707
3,10,crash_ground,25,0.125,False,-2.3746586802407217,2.7643761779277236,30.595989515659237
3,10,crash_ground,21,0.125,False,-3.2632961612825615,4.6726878570017645,15.871480292276022
3,10,crash_platform,17,0.125,False,-3.610041552497116,3.9160665024569963,11.557440896888142
3,10,crash_ground,16,0.125,False,-3.565352426379146,3.9884623165375253,5.246285480433653
3,10,crash_ground,35,0.125,False,-1.89223564594055,2.0586591572627384,37.92985470625021
3,10,crash_ground,25,0.125,False,-3.2579462979471163,3.3805062444370804,2.93770146788001
3,10,crash_ground,24,0.125,False,-3.8931377851184,4.189993671729599,4.669308375395417
3,10,crash_ground,18,0.125,False,-3.6276047318360773,4.083761343580618,34.18305999167366
3,10,crash_ground,27,0.125,False,-3.769496660027074,3.8178233125695926,18.649381844718057
3,10,crash_ground,26,0.125,False,-3.2126901195249364,3.6641548664549823,37.983751396003406
3,10,crash_ground,30,0.125,False,-2.879578744324765,2.880845758867766,41.66217374416666
3,10,crash_ground,30,0.125,False,-2.8223769778518157,5.306996488603653,11.603081926835616
3,10,crash_ground,21,0.125,False,-2.9998486531924864,3.0205795060946192,18.496354183680147
3,10,crash_ground,25,0.125,False,-3.970687624516296,4.12152213166978,12.514944770525831
3,10,crash_ground,16,0.125,False,-2.8994238028545087,2.9337432737397298,23.77799890285271
3,10,crash_ground,26,0.125,False,-3.709169132123429,3.885372205961864,19.937414853656563
3,10,crash_ground,22,0.125,False,-2.9925952339015813,3.1044973884895337,4.72311120913451
3,10,success,19,0.125,False,-2.0189243085545083,2.527014043264799,33.66452829059745
3,10,crash_ground,29,0.125,False,-3.4161306607281006,4.707123475433862,10.503656062351888
3,10,crash_ground,35,0.125,False,-3.1796570573200347,3.6124483594249615,6.680402501998993
3,10,crash_ground,30,0.125,False,-4.063731280298145,4.116855853899925,11.230005729101967
3,10,crash_ground,16,0.125,False,-3.7022870501687706,3.855689453767076,20.09756207437619
3,10,crash_ground,26,0.125,False,-4.288977313713232,4.679613726002771,3.2763735988552045
3,10,crash_ground,32,0.125,False,-2.990791779743361,5.376897568788865,18.263625012583653
3,10,crash_ground,28,0.125,False,-2.036840295622549,2.1375078421733793,28.062102892661706
3,10,crash_ground,35,0.125,False,-4.087755981708451,5.13498302304662,7.968089362466448
3,10,crash_ground,29,0.125,False,-3.3519731532955084,3.5637969473404736,21.004248269659385
3,10,crash_ground,29,0.125,False,-3.4736133952676167,3.48179277205681,18.193734233281592
3,10,crash_ground,24,0.125,False,-3.11730275621585,3.5443541648706347,19.05137180212409
3,10,crash_ground,31,0.125,False,-6.8562390793266195,6.891387157052406,11.943462739543982
3,10,crash_ground,35,0.125,False,-2.2635915941238736,3.025704006321738,2.064229771828117
3,10,crash_ground,36,0.125,False,-3.218778048323871,3.433371207884676,10.981137845025785
3,10,crash_ground,28,0.125,False,-4.103723576672502,4.650807457622193,4.540094430046896
3,10,crash_ground,30,0.125,False,-3.4525921022179946,3.635575303637014,7.182105475108103
3,10,crash_ground,23,0.125,False,-4.162204767051117,4.671771784113862,7.897998229831033
3,10,crash_platform,20,0.125,False,-4.3143127426000865,5.313458437373632,17.813761857734928
3,10,crash_ground,20,0.125,False,-3.680965610232451,3.9700127059229513,2.598511919352666
3,10,crash_ground,14,0.125,False,-4.783264100969918,4.8736605919079325,2.7465130621188907
4,10,crash_ground,32,0.125,False,-3.3720586837367312,3.9344976154423272,27.364922364575534
4,10,crash_ground,17,0.125,False,-3.2113787087824597,4.3836297534683295,33.08561918139659
4,10,crash_ground,22,0.125,False,-3.9203380377236767,4.205616715324109,14.273231032571086
4,10,crash_ground,30,0.125,False,-4.0154391606261015,4.496106354470151,23.415340349993198
4,10,crash_ground,23,0.125,False,-2.302892671484888,4.136891322180333,33.516287461133295
4,10,crash_ground,39,0.125,False,-3.478258721427106,3.68242644694561,6.865263915757413
4,10,crash_ground,24,0.125,False,-3.54253571286637,3.9730146478526773,2.327570766700842
4,10,crash_ground,17,0.125,False,-4.074435536172702,4.137083769111885,16.361508513484853
4,10,crash_ground,16,0.125,False,-4.675214798445138,5.554833913396594,16.579686583221527
4,10,crash_ground,27,0.125,False,-3.217823246108021,4.134829114897089,18.651642987684912
4,10,crash_ground,24,0.125,False,-4.173019008849437,4.508454329060566,5.882075219414625
4,10,crash_ground,31,0.125,False,-5.450470208094066,6.383455719499773,11.912109907115346
4,10,crash_ground,35,0.125,False,-2.3385917549348205,2.8895075753188944,24.42262343109454
4,10,crash_ground,15,0.125,False,-7.033832092615742,7.385658244935392,7.918092724541231
4,10,crash_ground,20,0.125,False,-4.10816340612798,4.699700091630996,3.6930818840827766
4,10,crash_ground,23,0.125,False,-3.0037153209117102,4.150845194351008,38.163609199192436
4,10,crash_ground,42,0.125,False,-2.742329497114259,3.4752618346428785,25.043593049679515
4,10,success,36,0.125,False,-3.7481750708873696,4.098339430347565,13.263369516439978
4,10,crash_platform,19,0.125,False,-3.8149680198750677,4.036177679000812,10.818106008889108
4,10,crash_ground,18,0.125,False,-3.3566206111700616,3.3894798943061533,30.385866265180674
4,10,success,33,0.125,True,-2.9066350714253297,4.748596354117627,4.495829028033259
4,10,crash_ground,21,0.125,False,-3.4740078928507248,3.4879628145329633,10.948633002802177
4,10,crash_platform,19,0.125,False,-1.84071115380926,5.134295804483872,38.93642335992918
4,10,crash_ground,27,0.125,False,-4.051989408966669,4.20225909310141,12.251505407615747
4,10,success,19,0.125,False,-1.0855719585629335,1.3993241323008987,29.141145894354388
4,10,crash_ground,18,0.125,False,-2.3430300712180148,3.0075655035835025,31.319276931432725
4,10,crash_ground,18,0.125,False,-3.6243569679707006,4.197634576774315,20.795665690042842
4,10,crash_ground,23,0.125,False,-4.037657892255548,4.20118094192539,10.030840733268466
4,10,crash_ground,26,0.125,False,-4.103024568967461,4.3989730251215695,4.6816145803901685
4,10,crash_ground,18,0.125,False,-2.9360641332386455,3.4947089654338344,31.31443369502802
4,10,tilt,13,0.125,False,-5.566191252524082,7.220071454418485,80.21993869067559
4,10,crash_ground,34,0.125,False,-2.944529665871377,3.198471051635533,24.535393842475088
4,10,crash_ground,17,0.125,False,-3.3906442485280497,3.545598222397837,23.303700440852236
4,10,crash_ground,33,0.125,False,-3.340020965662882,3.512251371191811,56.87685098607237
4,10,crash_ground,28,0.125,False,-3.20679806230677,3.233195533406473,14.821785078717623
4,10,crash_ground,30,0.125,False,-2.3371563083226325,2.5487043579231754,24.263161331390343
4,10,crash_ground,33,0.125,False,-3.945879991700904,4.17291860736344,9.870685753989925
4,10,crash_ground,23,0.125,False,-4.04630039397792,4.0499767835786535,8.073511936996706
4,10,crash_ground,29,0.125,False,-4.796210503533719,5.753509922217887,16.19513441323002
4,10,crash_ground,16,0.125,False,-3.5735265524604176,3.589544939296928,28.85234433833014
4,10,crash_ground,28,0.125,False,-3.1860548943977767,3.4540188103112013,14.82720334816685
4,10,crash_ground,30,0.125,False,-3.8426574269106943,3.9093728098919103,11.599542893124843
4,10,crash_ground,12,0.125,False,-3.8933334081890836,4.263550143986318,17.370641286816138
4,10,crash_ground,27,0.125,False,-3.9692116770746217,4.166312228747549,4.886091592324671
4,10,crash_ground,26,0.125,False,-3.2184483787333655,3.432888691492274,22.536526726849292
4,10,success,17,0.125,True,-3.0810034937305204,3.6352608182214508,11.651531483023387
4,10,crash_ground,21,0.125,False,-3.8470923581940526,4.6896756244189355,5.426964511712387
4,10,success,14,0.125,False,-3.6537636183843523,3.937714971137224,2.4975819279235925
4,10,success,14,0.125,True,-6.674630695099425,7.521598957996705,23.902912671841047
4,10,crash_ground,29,0.125,False,-2.5115793625721783,3.698425895175338,12.821524558889454
4,10,crash_ground,25,0.125,False,-3.512244717172533,3.9898381999550843,26.25742671501655
4,10,crash_ground,33,0.125,False,-3.413424655298702,3.5841976422294963,18.008119966616587
4,10,crash_ground,21,0.125,False,-3.3180525862906465,4.318499529115785,3.4874453320237797
4,10,success,16,0.125,False,-3.014716477319171,3.2550681114588693,33.962622791477706
4,10,crash_ground,21,0.125,False,-4.577484054325374,4.830789534016807,57.21913154232508
4,10,crash_ground,31,0.125,False,-3.1362496043334374,3.281739949419512,34.736605295755204
4,10,crash_ground,25,0.125,False,-4.025598278105439,4.266456254038624,10.666301820069666
4,10,crash_ground,29,0.125,False,-3.1891327900503756,3.890460270474766,9.746261963296734
4,10,crash_ground,35,0.125,False,-2.760259567506774,2.8319135969782816,16.390491516961852
4,10,success,24,0.125,True,-3.42357952279648,4.277802153928079,5.036179839356617
4,10,crash_ground,29,0.125,False,-4.2496360357964775,6.223821069257856,6.955463258738461
4,10,crash_ground,32,0.125,False,-3.1104452869244943,3.1681404788902348,26.551860439725527
4,10,crash_ground,28,0.125,False,-3.74729204403241,4.146603018305411,8.001394146521582
4,10,crash_ground,19,0.125,False,-2.55512240882511,3.0755836273949986,26.771730761134965
4,10,crash_ground,21,0.125,False,-3.5805329555977257,4.406105692939941,11.85311132824899
4,10,crash_ground,19,0.125,False,-4.281116064794048,4.297162241444209,11.116337954078078
4,10,crash_ground,25,0.125,False,-2.613924972429905,2.9817537497279503,28.043832726732674
4,10,crash_ground,19,0.125,False,-3.051759738683612,3.731185968229725,8.008416195446879
4,10,crash_ground,37,0.125,False,-2.872472224050356,3.662684568439853,14.106810435098879
4,10,success,19,0.125,False,-4.953179598092256,5.490317620795681,21.017977864066633
4,10,crash_ground,25,0.125,False,-3.9090577059276645,4.070529323949396,18.51527088347524
4,10,crash_ground,23,0.125,False,-3.6717969566188233,4.334913661947743,12.298562078550043
4,10,crash_ground,37,0.125,False,-3.076746296317998,4.558175839220189,16.64995145523009
4,10,crash_ground,37,0.125,False,-2.459299123617273,2.6527005749379144,15.980661366840343
4,10,success,18,0.125,True,-2.495524322127934,2.90787665463578,21.70143720160474
4,10,crash_ground,23,0.125,False,-3.647828930194701,4.957014310422218,20.517119582786503
4,10,crash_ground,31,0.125,False,-3.4254121937030777,4.753396324414141,20.814907550247582
4,10,crash_ground,42,0.125,False,-2.036198129217897,3.273106763542486,18.173803676927132
4,10,crash_ground,25,0.125,False,-2.6258317753805427,4.884028469750531,32.41652797779932
4,10,crash_ground,36,0.125,False,-2.7238663154235208,3.21218859330205,20.10151246669857
4,10,success,19,0.125,True,-2.7031804270291686,2.970177947394923,17.592689243007033
4,10,crash_ground,30,0.125,False,-3.5534117437498423,3.857029408949135,7.787402911010936
4,10,crash_ground,27,0.125,False,-4.877676198186438,4.959788668369266,2.87669361937705
4,10,crash_ground,16,0.125,False,-2.680394936681777,3.083195873005849,43.26431856232151
4,10,crash_ground,19,0.125,False,-4.292168377479249,4.44845658516033,16.97474527687548
4,10,success,27,0.125,True,-3.561065481453796,4.3895034111926154,20.003551765956473
4,10,success,21,0.125,False,-3.8845539024800235,4.008270986299652,3.7889868518769894
4,10,crash_ground,23,0.125,False,-3.5837627341078346,4.060650289852888,14.205274883106714
4,10,crash_ground,22,0.125,False,-3.3951593464361274,4.031865140383932,5.174617211073853
4,10,crash_ground,33,0.125,False,-3.2455800847345957,3.592317703489085,7.105677544938975
4,10,crash_ground,28,0.125,False,-3.437413367744748,4.65653704887838,22.059750654733147
4,10,crash_ground,27,0.125,False,-3.174700779946391,4.082505426968682,20.55599519178558
4,10,crash_ground,22,0.125,False,-5.347165080426114,6.111015369791791,13.200515970861451
4,10,crash_ground,17,0.125,False,-4.793977096348564,4.90034883606062,14.140264010497058
4,10,crash_ground,27,0.125,False,-3.162157739237219,3.211101945805214,16.71221801189677
4,10,crash_ground,28,0.125,False,-2.8186240209632993,3.2277948430403436,15.203268016869444
4,10,success,13,0.125,False,-3.2131435715442986,3.2277053426091404,31.50761493027036
4,10,crash_ground,23,0.125,False,-2.7721049471593995,3.3772716981613993,16.61680486956002
4,10,crash_ground,20,0.125,False,-3.62881512710926,3.644162071360569,22.68546506919373
4,10,crash_ground,28,0.125,False,-3.1386473225983234,4.046307527256336,13.675583995197519
4,10,crash_ground,17,0.125,False,-3.7356010157672124,4.44700625524852,13.997876854958268
4,10,crash_ground,33,0.125,False,-4.438492896818748,4.474119071192784,24.679966736005188
4,10,crash_ground,32,0.125,False,-3.6978643291053976,4.049134755843391,18.82229427206612
4,10,crash_ground,28,0.125,False,-3.801221332512302,5.080331962790983,15.904238466986925
4,10,crash_ground,31,0.125,False,-6.716756227764853,6.803668200399297,40.889381772867665
4,10,crash_ground,30,0.125,False,-3.9476380116632774,3.9928554750634957,21.017783478688873
4,10,crash_ground,24,0.125,False,-2.8689112488424353,3.095386016641465,35.58938107405793
4,10,crash_ground,24,0.125,False,-3.236465005718845,3.5661928791387614,5.278927491389308
4,10,success,15,0.125,False,-2.7999793500366517,4.265124356756912,12.569039590690897
4,10,success,29,0.125,True,-2.7378943684875954,3.4523481668075884,18.42734291787613
4,10,crash_ground,27,0.125,False,-3.543203210820217,4.2036073891273045,17.01351742208998
4,10,crash_ground,22,0.125,False,-3.657650529933154,4.222596343647929,9.282214678561086
4,10,crash_platform,39,0.125,False,-4.509776249947255,5.512528963111244,24.095214184093795
4,10,crash_platform,22,0.125,False,-4.188909077255771,4.280651583874625,4.403330299278511
4,10,crash_ground,22,0.125,False,-3.653027636826882,4.277551042948713,33.503987402556994
4,10,crash_ground,36,0.125,False,-2.1876652169918165,3.7270884633761976,22.085980174382033
4,10,crash_ground,15,0.125,False,-2.411735514720106,3.3868070457731987,22.795498850457975
4,10,crash_ground,31,0.125,False,-2.990469935835074,3.7840238604996173,22.60278713268918
4,10,crash_ground,23,0.125,False,-3.316765016211295,3.563927818561868,18.6519762604916
4,10,crash_ground,29,0.125,False,-3.6890861822418826,3.802206981246163,19.986503318067005
4,10,crash_ground,34,0.125,False,-3.4918517507944933,3.6319566797520784,2.985516402817588
4,10,crash_ground,29,0.125,False,-3.88725176764817,5.511169803357655,15.77195246433997
4,10,crash_ground,24,0.125,False,-3.072177012082694,3.276824705336138,49.41494389284096
4,10,crash_ground,19,0.125,False,-1.9807672770392986,2.768954069267748,19.39277192657882
4,10,crash_ground,34,0.125,False,-3.9070685137363337,3.9240199456331335,3.761173726056178
4,10,crash_ground,26,0.125,False,-3.85868005802647,4.792613312022831,7.176118331045057
4,10,crash_ground,14,0.125,False,-4.143097926825406,4.403804343393753,3.036547678966999
4,10,crash_ground,30,0.125,False,-3.15211954126227,3.7732329335265935,25.868319974662327
4,10,crash_ground,31,0.125,False,-4.103909473395484,4.47547802454183,16.841396950333383
4,10,crash_ground,23,0.125,False,-3.04248710140644,3.402173818889688,41.07826298332975
4,10,crash_ground,27,0.125,False,-3.497935753081332,4.116775488683603,15.347958217372524
4,10,crash_ground,21,0.125,False,-4.123317832928304,4.393626546170438,45.253717489521534
4,10,crash_ground,12,0.125,False,-6.606054533829972,7.141526230158605,48.60471302959744
4,10,crash_ground,35,0.125,False,-3.0368113783829,3.688183733668055,26.703011565746575
4,10,crash_ground,28,0.125,False,-4.715915402760449,5.434067501003324,13.776734770154887
4,10,crash_ground,20,0.125,False,-1.5202328989522702,1.6485300027417806,41.48896014621956
4,10,success,27,0.125,False,-4.64465159594711,4.786632629611571,15.560617145273797
4,10,crash_ground,22,0.125,False,-3.807454202075473,4.318889864194481,12.076710440401925
4,10,crash_ground,23,0.125,False,-4.572418592834955,4.909783503609155,13.802538386883565
4,10,crash_ground,17,0.125,False,-1.2059324528894098,3.0246516903656286,39.50320008647764
4,10,crash_ground,33,0.125,False,-1.8690067690586476,2.003302606353126,32.90465787457445
4,10,crash_ground,18,0.125,False,-3.4522872197501333,4.248067528511985,9.563933002813483
4,10,crash_ground,27,0.125,False,-3.954385366956786,4.052397122197619,5.075518282073164
4,10,crash_ground,27,0.125,False,-4.001831351729707,4.455192630078481,2.7443219283287403
4,10,crash_ground,27,0.125,False,-3.907337883680816,4.908118704613567,4.4996565944184725
4,10,crash_ground,19,0.125,False,-2.850245761404596,3.3411727634977018,22.93609248071872
4,10,crash_ground,28,0.125,False,-2.809403381071207,2.920502564563899,47.417753080998935
4,10,crash_platform,26,0.125,False,-1.3127035235636828,1.9095637274738484,42.13967025363192
4,10,crash_ground,28,0.125,False,-3.2532717719113213,3.3911423939646976,12.552254662217372
4,10,success,23,0.125,False,-3.4527503378827413,3.702478203102156,13.952320349035272
4,10,crash_ground,24,0.125,False,-3.499420341433869,3.8380588772641264,8.085182163639951
4,10,crash_ground,28,0.125,False,-2.7735782518025904,2.871494831592297,15.876216085053422
4,10,crash_ground,27,0.125,False,-4.293221825489822,4.473676254035585,18.47023478562245
4,10,success,19,0.125,True,-4.3608369036960255,4.426653702725212,11.107804481885236
4,10,crash_ground,27,0.125,False,-2.8707337539067956,3.1333160507580504,5.077885564303053
4,10,crash_ground,28,0.125,False,-4.230817632376073,4.322259743516551,5.47244647991297
4,10,crash_ground,35,0.125,False,-2.36984482623384,2.7668554556469678,35.69386935545138
4,10,crash_ground,21,0.125,False,-4.4743639447316665,4.967003953451897,39.855423157109115
4,10,crash_ground,23,0.125,False,-4.197691032663624,4.457125785827101,14.177159247055961
4,10,crash_ground,31,0.125,False,-3.458195963171693,4.216287418782381,8.846401949266685
4,10,crash_ground,21,0.125,False,-3.163517430451536,3.4143416248765956,17.181512627396966
4,10,crash_platform,26,0.125,False,-4.466661269501964,5.524733296861112,19.911766182898305
4,10,crash_ground,12,0.125,False,-3.785319179017426,3.941010770142597,11.741733365954202
4,10,crash_ground,18,0.125,False,-3.925810095632084,4.050670972563729,7.887862786231798
5,10,crash_ground,20,0.125,False,-3.6598678588634592,3.6923206174325434,2.909700391098232
5,10,crash_ground,27,0.125,False,-4.350024973300365,4.7718145290253835,20.586595620774037
5,10,crash_ground,19,0.125,False,-3.2048194459252866,3.679828413403714,17.19828486556684
5,10,crash_ground,21,0.125,False,-4.603337807526392,5.83137574634249,12.170741376392366
5,10,crash_ground,20,0.125,False,-5.13604079094794,6.36684381600537,7.683006830438519
5,10,crash_ground,25,0.125,False,-5.590012662240179,6.9407610223767,51.2508575285802
5,10,crash_ground,21,0.125,False,-3.837190469272134,4.202468128481593,10.298729750423849
5,10,crash_ground,29,0.125,False,-2.559408519673864,3.612253751512457,26.888411908900217
5,10,crash_ground,32,0.125,False,-3.432147719355579,3.533738893397222,18.602520644688116
5,10,crash_ground,16,0.125,False,-2.890183142484864,2.9446310287016884,14.159927368586754
5,10,crash_ground,31,0.125,False,-3.1848498344908105,4.246634767638521,18.17392066326781
5,10,crash_ground,29,0.125,False,-4.053050982235049,4.079657511483891,10.01501028811727
5,10,crash_ground,24,0.125,False,-3.601977713515806,4.51537777290458,5.266499512546983
5,10,crash_ground,41,0.125,False,-3.573689776936948,3.934023059468714,27.8658511041306
5,10,crash_ground,24,0.125,False,-3.414143691544001,3.460378808781525,21.211455284097624
5,10,success,18,0.125,False,-3.0237403920086696,3.3358204029782677,33.98641854608255
5,10,crash_ground,30,0.125,False,-2.852234135037837,3.3383365889318837,33.729322294241925
5,10,crash_ground,18,0.125,False,-4.4481477982925774,5.844660338710657,0.3501077360896357
5,10,crash_ground,20,0.125,False,-2.1653544325972423,2.1826629826169994,23.64100703365271
5,10,crash_ground,23,0.125,False,-3.7294214193361097,4.057661042860257,37.18643944153254
5,10,crash_ground,23,0.125,False,-2.8567610098601377,4.4697398197850235,33.9132098568111
5,10,crash_ground,24,0.125,False,-3.145066657657962,3.2965294156925253,8.603231356447884
5,10,crash_ground,18,0.125,False,-3.5720140219312873,3.591283132011591,10.349794210499908
5,10,crash_ground,25,0.125,False,-3.2868130931115216,3.638596468634147,29.77618013399988
5,10,crash_ground,18,0.125,False,-3.9082370843638574,4.26392987304567,14.968833447992743
5,10,crash_ground,29,0.125,False,-2.695622648432203,2.7338033077386155,26.050633265072857
5,10,crash_ground,20,0.125,False,-3.270793962422355,3.5922784553633895,19.53764270311795
5,10,crash_ground,20,0.125,False,-3.227319807092105,3.8677395696655608,17.734507495630062
5,10,crash_ground,32,0.125,False,-3.2235448090159835,4.153712773878377,20.90488781842142
5,10,crash_ground,19,0.125,False,-4.6830204681834795,5.2801480817133335,19.326301054801995
5,10,crash_ground,32,0.125,False,-2.3237555214430956,2.807419950461395,15.107340313334493
5,10,success,24,0.125,False,-2.2247623724450554,2.5541889695500797,14.623955706111296
5,10,crash_ground,23,0.125,False,-4.296797759565804,5.676586242192398,17.666493549257332
5,10,crash_ground,31,0.125,False,-2.6298802795992944,3.540692143521131,32.65994240387726
5,10,crash_platform,33,0.125,False,-3.410758605961286,3.6908089341935852,25.926002476620308
5,10,crash_ground,29,0.125,False,-4.930744536467922,5.054403928247936,11.845925937067705
5,10,crash_ground,16,0.125,False,-2.708761763698661,3.816189057991609,13.331412745280714
5,10,crash_ground,30,0.125,False,-4.375956852839699,4.5383088675901355,8.673612838063166
5,10,crash_ground,28,0.125,False,-3.9887456860028463,4.9112709909161865,11.125206073213901
5,10,crash_ground,25,0.125,False,-3.5858768120990603,3.811463371519609,10.043765241493288
5,10,crash_ground,31,0.125,False,-4.644118081439219,4.66660325012171,85.39371759061633
5,10,crash_ground,26,0.125,False,-3.8399948314580103,5.214950389726823,13.652198649114371
5,10,crash_ground,28,0.125,False,-3.939642219499557,4.135284640426292,13.387561748036624
5,10,crash_ground,30,0.125,False,-4.690220398126675,4.740920900256654,17.700580053844224
5,10,crash_ground,23,0.125,False,-2.9140454379128364,3.1614025679060327,19.514650043340165
5,10,crash_ground,14,0.125,False,-3.085404478748461,3.1368067208741333,23.36756352424764
5,10,crash_ground,33,0.125,False,-2.7480762809701065,3.8839651081612154,11.393641947844108
5,10,crash_ground,20,0.125,False,-2.9017720299726415,4.614492692343409,3.6775980088086015
5,10,success,32,0.125,False,-3.1395839483652015,4.814035589569052,27.67979601808761
5,10,crash_ground,29,0.125,False,-3.103232914720575,3.5588609159271516,18.273183534099903
5,10,crash_platform,28,0.125,False,-2.6596196302109756,4.817840230437036,13.53663368015435
5,10,crash_ground,17,0.125,False,-3.609546545772492,3.681578138219525,20.928894639538303
5,10,crash_ground,28,0.125,False,-2.7817102635112194,4.213581603040029,15.336896508895379
5,10,crash_ground,19,0.125,False,-3.1342743701536997,3.4566411209528223,16.066930606973397
5,10,crash_ground,26,0.125,False,-3.0330895677027843,3.363844920910209,34.28420631128146
5,10,success,23,0.125,False,-5.6729766418011245,6.2266732588348646,16.042451281728837
5,10,crash_ground,17,0.125,False,-2.4543840629689724,3.143499091698016,7.691025824208087
5,10,crash_ground,29,0.125,False,-4.808394036710098,5.041333781158055,11.507140897860324
5,10,crash_ground,27,0.125,False,-2.9491387546725587,3.9609158900368535,10.44313085009561
5,10,crash_ground,25,0.125,False,-3.067953594496949,3.1476643766883883,47.99575373151343
5,10,crash_ground,32,0.125,False,-3.401497261462014,4.258897161122631,14.787488059024971
5,10,crash_ground,21,0.125,False,-5.858127948776019,5.901282446431568,14.729661481146127
5,10,success,16,0.125,False,-3.761448961106217,4.893329097710365,19.026796839767687
5,10,crash_ground,31,0.125,False,-4.386285011878514,4.595009133685957,5.070989250775876
5,10,crash_ground,30,0.125,False,-3.7960452096808814,3.9033040944513475,3.5443759369115497
5,10,crash_ground,30,0.125,False,-4.734708594899646,5.235096755658449,5.035320297990865
5,10,crash_ground,31,0.125,False,-3.6475208231112415,4.0115934127285735,23.64108229116511
5,10,crash_ground,21,0.125,False,-5.804175424050093,7.49629583917042,81.21643262306155
5,10,crash_ground,39,0.125,False,-2.234229226132946,2.286469530372451,34.584939513901354
5,10,crash_ground,21,0.125,False,-4.378438981061266,4.464831741542116,6.310350756367137
5,10,crash_ground,18,0.125,False,-3.6579372225406397,3.9871582668344474,28.656418160120484
5,10,success,18,0.125,False,-3.2401262549859773,3.8108509423343304,20.697126675498552
5,10,crash_ground,26,0.125,False,-3.827442529735652,4.1116966559566235,18.631282897213406
5,10,crash_ground,18,0.125,False,-2.427671448893907,2.5539702411406706,31.359886175641837
5,10,crash_ground,21,0.125,False,-3.6224209237502483,3.643583089500431,1.837118185912994
5,10,crash_ground,19,0.125,False,-2.1539318338397617,3.05050086619625,42.93783818019612
5,10,success,21,0.125,False,-4.968033667661429,5.048207182955477,13.87047471173234
5,10,crash_ground,28,0.125,False,-3.5278866016704846,3.824699527620493,27.4297735834028
5,10,crash_ground,22,0.125,False,-3.9828541822276318,4.037868147376842,4.975551525543601
5,10,success,19,0.125,False,-2.8769845585472433,3.036952568051807,20.71785848195342
5,10,crash_ground,19,0.125,False,-4.803945164535263,5.263710518881234,49.55689457721524
5,10,success,15,0.125,False,-4.016991177229331,4.620836246096467,18.213179150029386
5,10,crash_ground,28,0.125,False,-2.94956734199785,3.038913115832992,5.631739923822295
5,10,crash_ground,26,0.125,False,-2.999080108874447,3.1119417215331344,11.015827773114887
5,10,crash_ground,24,0.125,False,-3.306268769799591,3.4159815320034035,25.19180335358903
5,10,crash_ground,19,0.125,False,-4.0544958646391835,4.325036773539241,12.202934959729351
5,10,crash_ground,28,0.125,False,-3.239334040621067,3.520490709112713,14.211657466695806
5,10,crash_ground,29,0.125,False,-3.9960716403902277,4.571957773864627,12.32032493360477
5,10,crash_ground,29,0.125,False,-3.2695863325564116,3.2901282305226776,33.15217503408534
5,10,success,23,0.125,True,-3.0291621361450596,3.2470741440436375,12.095961777952601
5,10,success,28,0.125,False,-5.2739519619167625,5.519478399675608,14.433630698288104
5,10,crash_ground,17,0.125,False,-2.4746684152586678,2.7778030907578217,15.802936462149605
5,10,crash_ground,16,0.125,False,-4.600697960398015,4.8160189274346585,8.934995071207283
5,10,crash_ground,16,0.125,False,-4.792403188659467,5.574887461461846,39.02183639756022
5,10,crash_ground,35,0.125,False,-3.9817373022472946,4.1416307152037914,7.854248126988787
5,10,crash_ground,30,0.125,False,-5.108136348504934,5.646990497972294,8.857957594844718
5,10,crash_ground,22,0.125,False,-3.0430803826149324,3.828524824229436,27.46350895491274
5,10,crash_ground,21,0.125,False,-3.6961363700033645,3.766816173739637,11.67572206153761
5,10,success,20,0.125,False,-3.7871052259432605,4.696545616587678,14.24426658941804
5,10,crash_ground,23,0.125,False,-2.804660412436762,2.886988085079941,17.44992616746934
5,10,crash_ground,19,0.125,False,-5.684502480506422,6.414620711308588,22.481296145346754
5,10,crash_ground,14,0.125,False,-4.3024913934926445,5.357189331982451,2.610945645767992
5,10,crash_ground,35,0.125,False,-2.6186644882541543,2.811558071632457,13.662656976687268
5,10,crash_ground,27,0.125,False,-4.2175484828960315,4.774217437558012,13.261021341494933
5,10,crash_ground,22,0.125,False,-4.801068838803812,4.931597599586579,15.831167488250115
5,10,crash_ground,28,0.125,False,-4.352264262526263,4.5830367537677645,13.788037770688813
5,10,crash_ground,34,0.125,False,-3.5283204090299805,3.5415601299505175,2.0907728926398645
5,10,crash_ground,21,0.125,False,-4.075089226517107,4.376707609890855,17.32095515423565
5,10,crash_ground,25,0.125,False,-3.803899411565294,4.005755318957468,10.117583109530091
5,10,crash_ground,21,0.125,False,-3.6249400374118115,4.40630786499674,3.862810609722662
5,10,crash_ground,30,0.125,False,-4.601360738692736,4.685501849176244,18.33004882876027
5,10,crash_ground,24,0.125,False,-3.3421500196462404,3.492486793908296,5.304358140917673
5,10,crash_ground,21,0.125,False,-2.641422886459599,3.3472199582075275,19.2074303177519
5,10,crash_ground,19,0.125,False,-4.859666672919762,5.017831868197126,17.39082145407444
5,10,crash_ground,24,0.125,False,-3.564767547510485,3.7377110212800755,9.686842394098516
5,10,crash_ground,23,0.125,False,-3.021550433085696,3.1425611040562,34.84055455265918
5,10,crash_ground,29,0.125,False,-3.562803023673658,3.7441205581770105,10.152634127711044
5,10,crash_ground,28,0.125,False,-3.0171248890528632,3.4051204831284063,30.09615883730116
5,10,crash_ground,33,0.125,False,-3.374632021558849,3.5068419653107914,15.812192344190645
5,10,crash_ground,14,0.125,False,-4.060167372413224,4.365396561353295,14.568549819914164
5,10,crash_ground,19,0.125,False,-3.0876293225549345,3.0902838777138673,27.057841650944837
5,10,crash_ground,24,0.125,False,-3.611959883246331,3.69894497709674,8.44913862238428
5,10,crash_ground,17,0.125,False,-3.714265422181485,3.7961882850490096,19.437252328747128
5,10,crash_ground,27,0.125,False,-2.9245491786123687,4.066912834902889,6.905844840123324
5,10,crash_ground,19,0.125,False,-5.096951632604602,5.115479951443303,5.3843002422983295
5,10,crash_ground,23,0.125,False,-5.593114977830712,6.546727196221112,4.287374185108267
5,10,crash_ground,36,0.125,False,-3.6145685627835324,3.943334298103205,10.895745552897637
5,10,crash_ground,18,0.125,False,-2.4305831093445733,2.566475225794958,40.20075888066274
5,10,crash_ground,17,0.125,False,-2.1259489525115236,3.584167771668741,40.59913583337702
5,10,crash_ground,17,0.125,False,-3.520854459424091,3.8509787246195146,3.771168047178343
5,10,crash_ground,16,0.125,False,-5.028931314042145,6.9091096241072405,16.112030537993064
5,10,crash_ground,14,0.125,False,-4.1607638121027755,4.216320642863076,15.996233745415577
5,10,success,26,0.125,False,-2.886750117126363,4.053030682432658,31.497881538599664
5,10,crash_ground,31,0.125,False,-2.8914259905976434,2.9752166729402543,2.735033036003864
5,10,crash_ground,23,0.125,False,-4.561991397296661,5.70170849817257,16.42403970320739
5,10,crash_ground,17,0.125,False,-4.415143169807462,4.422114310848924,8.032148172517998
5,10,crash_ground,22,0.125,False,-2.8395074899271053,3.1613334241041984,17.9988460347813
5,10,crash_ground,17,0.125,False,-2.549686742325809,3.98444385570608,20.53715793101696
5,10,crash_ground,23,0.125,False,-3.8471185400252326,4.034923121265738,6.910507592125461
5,10,crash_ground,18,0.125,False,-5.2534717506982425,5.710325018799556,10.131869543250572
5,10,crash_platform,19,0.125,False,-2.424818605127114,2.4371630173467405,24.480905894163794
5,10,success,15,0.125,True,-3.320121652113312,3.731417738908109,8.620628825699779
5,10,crash_ground,19,0.125,False,-3.2665287806714827,3.364190262626363,16.674991352225895
5,10,crash_ground,30,0.125,False,-4.5842203359337335,4.60319129747473,11.020750563234193
5,10,crash_ground,26,0.125,False,-4.1077741882817245,4.865026107534024,7.469551788271863
5,10,success,24,0.125,True,-3.4932016745428704,3.511040736789529,16.410864976958205
5,10,crash_ground,37,0.125,False,-1.6100945719348132,2.747410490560495,37.77664515198518
5,10,crash_ground,26,0.125,False,-3.049404869503037,3.99788352653401,9.843449089995644
5,10,crash_ground,22,0.125,False,-2.892889119296176,3.959468688952618,8.2021159921237
5,10,crash_ground,27,0.125,False,-5.120432344817977,6.024829865040765,19.870078812075516
5,10,crash_ground,23,0.125,False,-3.3487964820253087,3.74254260378838,18.18987029357874
5,10,crash_ground,33,0.125,False,-3.558900829583055,4.536777201581141,5.819143785651467
5,10,crash_ground,24,0.125,False,-4.937206559360527,5.544989111929475,15.867187255233016
5,10,crash_ground,26,0.125,False,-4.329235069144954,4.993551229631003,13.146382324046867
5,10,crash_ground,25,0.125,False,-4.505145758084214,5.264626546789366,17.349567523647913
5,10,crash_ground,14,0.125,False,-8.57064755851192,9.116738937075318,66.23136867599456
5,10,crash_ground,21,0.125,False,-2.797073649403464,3.401858872993282,49.27835633593843
5,10,success,19,0.125,True,-2.407959358612483,2.426134894345981,10.015010674679795
5,10,crash_ground,39,0.125,False,-3.025146550521489,3.9386961529565494,29.969831111742867
5,10,crash_ground,34,0.125,False,-4.79743601613178,5.659303084719135,8.191077156053735
5,10,crash_ground,25,0.125,False,-3.4476985353303307,3.466694672515541,14.4862964058633
5,10,crash_ground,25,0.125,False,-2.7400872122704096,3.4449312805414527,20.384164814361668
5,10,crash_ground,28,0.125,False,-3.706259454914564,4.188579128195764,18.762165274891682
5,10,crash_ground,28,0.125,False,-4.940590698645049,6.722768427221985,19.33157646047142
5,10,crash_ground,30,0.125,False,-3.7947426896598477,4.035868012381947,2.674692342088565
5,10,crash_ground,34,0.125,False,-3.9827437634422016,4.824266102154761,9.373090524187864
5,10,success,23,0.125,True,-3.7533059242908555,4.154242099689003,6.3472318490567785
5,10,crash_ground,12,0.125,False,-3.816250371554995,3.9772778322554303,12.844034135951661
5,10,crash_ground,16,0.125,False,-3.8555256774571736,4.17855727541728,26.984408824817294
6,10,crash_ground,25,0.125,False,-3.372880181146704,4.616538937838807,21.692905288231845
6,10,crash_ground,36,0.125,False,-3.9982376189759763,4.113128661876394,11.580959845587518
6,10,crash_ground,30,0.125,False,-3.6899030179167385,3.888550721835299,18.138250556759047
6,10,crash_ground,21,0.125,False,-3.630644515801475,3.7918441373154534,3.40462311215252
6,10,crash_ground,28,0.125,False,-3.009792581547749,3.4456253171307405,10.365811048057843
6,10,crash_ground,26,0.125,False,-3.517131303523051,3.615368309130487,12.694278825989427
6,10,crash_ground,27,0.125,False,-1.856770280991625,3.2808584445313516,20.733814981952246
6,10,success,12,0.125,False,-3.0166013242981906,3.054926139071513,3.9627031004249584
6,10,crash_ground,21,0.125,False,-2.804031951693597,3.0974378600948325,19.16719759806659
6,10,crash_ground,24,0.125,False,-4.249123303470472,4.906615239933473,33.66634671142932
6,10,crash_ground,34,0.125,False,-3.487092657425722,3.65633207767854,7.271431575916189
6,10,crash_ground,33,0.125,False,-4.006536513199607,4.193053926772714,10.814225543722342
6,10,crash_ground,29,0.125,False,-4.999151829963369,5.622064248622363,7.524006427008144
6,10,crash_ground,26,0.125,False,-4.495226193155935,4.728943045835309,15.980294319924003
6,10,crash_ground,22,0.125,False,-3.401651850430549,3.744599602933381,4.878562462226725
6,10,crash_ground,27,0.125,False,-3.6226898656918367,3.7049965335678756,15.545154512549047
6,10,crash_ground,32,0.125,False,-2.4311693613946375,2.7924115111963017,39.23678112389161
6,10,crash_ground,18,0.125,False,-4.648814646523568,5.230193443555626,7.521762716914345
6,10,crash_ground,23,0.125,False,-3.9485159731541644,4.270983566760428,15.81193336397969
6,10,crash_ground,34,0.125,False,-3.1932801456892226,3.456651284700635,18.894610357431663
6,10,crash_ground,20,0.125,False,-2.970301378986856,3.009190008679686,2.906196240913606
6,10,crash_ground,18,0.125,False,-2.445995360597046,2.9614626902968118,30.058267574653815
6,10,crash_ground,22,0.125,False,-3.52402826641256,3.615543871018542,19.510054049313624
6,10,success,16,0.125,False,-4.172808008997843,4.450893329310171,16.8385860517893
6,10,crash_ground,17,0.125,False,-3.2187532294936294,4.522445820542965,20.257209688261874
6,10,crash_ground,31,0.125,False,-2.3991991187230695,2.872640962682903,26.39196834945481
6,10,crash_ground,23,0.125,False,-3.2292562354912064,3.6277539517744835,6.312159756667326
6,10,crash_ground,29,0.125,False,-3.5285453439558143,3.8816901912379755,26.8850360190643
6,10,crash_ground,32,0.125,False,-4.312864649861293,4.878046355975005,14.214615367960723
6,10,crash_ground,21,0.125,False,-3.69083468316739,3.768083566773391,22.00303337303733
6,10,crash_ground,18,0.125,False,-5.3748181904683845,6.983592315781872,5.167936993753204
6,10,crash_ground,23,0.125,False,-3.5360984187588436,3.7117437310520422,9.342348386942819
6,10,crash_ground,31,0.125,False,-4.176306689894037,4.655540776154932,6.968185581414103
6,10,crash_ground,27,0.125,False,-3.482632843621525,4.296473863467939,12.387252692402948
6,10,crash_ground,14,0.125,False,-4.405912146400998,4.539794506942855,21.61001163090834
6,10,crash_ground,49,0.125,False,-4.164637247771155,4.846709731367958,1.1114199184097389
6,10,tilt,10,0.125,False,-4.67573248767813,5.007699026812384,80.05148920592413
6,10,crash_ground,21,0.125,False,-3.8307080372893405,4.6060123943968225,13.676147134487895
6,10,crash_ground,24,0.125,False,-3.277393052528653,4.0970495707555346,15.574657655708785
6,10,crash_ground,34,0.125,False,-3.7286015558188903,4.101547661119318,16.232685650740642
6,10,crash_ground,25,0.125,False,-2.2680687453660453,2.432102468015905,32.00134031075722
6,10,crash_ground,21,0.125,False,-3.3537029381844055,4.73014307277497,26.715854841414906
6,10,success,20,0.125,False,-4.051684937481176,4.185314544310328,63.371752772200644
6,10,crash_ground,28,0.125,False,-4.27323718576993,5.748732242822042,23.3341694152703
6,10,crash_ground,31,0.125,False,-3.352475136690702,3.7302421673317183,25.051330509512617
6,10,crash_ground,34,0.125,False,-3.870926055753759,4.010297237168467,9.239784656991848
6,10,crash_platform,10,0.125,False,-3.9337480271706946,4.396960060106468,23.837793735282972
6,10,crash_ground,17,0.125,False,-3.049454449925704,3.8248556965550913,17.62665348238618
6,10,crash_ground,38,0.125,False,-2.5866825973431697,4.025513092310548,30.903989512085456
6,10,crash_ground,24,0.125,False,-4.254883367023897,5.520135739037365,17.953116208170766
6,10,crash_platform,15,0.125,False,-3.2848753113981632,3.523198662725573,19.386645544559258
6,10,crash_ground,32,0.125,False,-4.064930473845161,4.1651622579952585,3.4536395486970246
6,10,crash_ground,18,0.125,False,-3.739891308179985,4.016251934361602,14.048529339072395
6,10,crash_ground,16,0.125,False,-3.602883779395016,4.393358141040525,8.99440848269154
6,10,crash_ground,25,0.125,False,-4.794448155707668,4.907883579623934,1.1054943068546281
6,10,success,15,0.125,True,-3.1251718630478345,3.258989426762962,11.811264599317266
6,10,success,25,0.125,True,-2.872574119516066,3.511670138235047,25.558051334226747
6,10,crash_ground,16,0.125,False,-3.393179400010009,3.5810554846882834,21.73228677332345
6,10,success,16,0.125,True,-3.6269509167730214,4.0110822029782645,26.649956993860513
6,10,crash_ground,31,0.125,False,-3.31399954642865,4.152613240122683,7.827426619578012
6,10,crash_ground,19,0.125,False,-2.885468623307968,4.143356124840804,22.102414088849567
6,10,crash_ground,30,0.125,False,-3.6481764520691664,4.159131789237621,3.6529449888974233
6,10,crash_ground,21,0.125,False,-3.6939855865791063,5.1114475217322815,20.258750088801833
6,10,crash_ground,15,0.125,False,-3.6037268703900556,3.86462374889727,7.554705034408231
6,10,crash_ground,16,0.125,False,-3.8384961726458813,3.983487187841047,5.0043885073998755
6,10,crash_ground,30,0.125,False,-4.290678490170003,4.6028020304864725,1.660527753984108
6,10,crash_ground,24,0.125,False,-4.642281069846768,5.311044853211292,7.043058335510639
6,10,crash_ground,31,0.125,False,-4.155648649146912,4.16013720627903,11.394010619950311
6,10,crash_ground,30,0.125,False,-3.842196702941718,4.002530433029227,38.35947283287577
6,10,crash_ground,17,0.125,False,-1.6610268235421286,2.9204747711107553,26.406533483307573
6,10,crash_ground,24,0.125,False,-3.6716509104163118,3.735902164403193,13.02287241566379
6,10,crash_ground,39,0.125,False,-3.318327352068094,3.479811978418923,14.227791328444146
6,10,success,22,0.125,False,-2.446799801768881,3.417859826184296,24.648667576771132
6,10,success,21,0.125,False,-4.324550707488242,4.613077928329679,40.91401893803405
6,10,success,17,0.125,True,-2.330157249204233,2.454833847565569,21.93401644231364
6,10,crash_ground,38,0.125,False,-3.4034290356164925,3.5757555764729485,13.806758450451543
6,10,crash_ground,23,0.125,False,-3.7878525178445455,3.8387845377502936,17.28661610529038
6,10,crash_ground,27,0.125,False,-4.239989778045122,4.4464496879630016,4.054801786762699
6,10,crash_ground,35,0.125,False,-3.0024179583771144,4.79100275947159,20.519480010375716
6,10,crash_ground,31,0.125,False,-3.8159837667955827,3.8343850188270205,12.409509332082038
6,10,tilt,14,0.125,False,-4.522014319632528,4.593578427642627,81.58897024518987
6,10,crash_ground,31,0.125,False,-3.51337373905382,3.6690892286994004,14.533508631901377
6,10,success,20,0.125,False,-4.385763474044463,4.825438061126321,7.721266240155232
6,10,crash_ground,17,0.125,False,-3.5275304086498784,3.960993916751984,9.532734473014008
6,10,crash_platform,12,0.125,False,-3.4754972700277693,5.519633794377643,33.192360878452234
6,10,crash_ground,22,0.125,False,-3.6301485446712105,3.775279250464298,14.235472499650832
6,10,crash_ground,23,0.125,False,-4.014846898189088,4.617888869293329,25.051853435533804
6,10,crash_ground,17,0.125,False,-3.0222299756557867,3.2895811345481984,9.31014075106802
6,10,crash_ground,41,0.125,False,-2.1867715014330074,5.264553221799671,25.974103080472197
6,10,crash_ground,34,0.125,False,-2.2363674414366344,3.0554215098756052,14.192973485101001
6,10,success,19,0.125,False,-2.8279408177542558,3.2314231421643447,25.762479482230525
6,10,crash_ground,17,0.125,False,-4.079630438619502,5.223332713813022,10.65766198809764
6,10,crash_ground,29,0.125,False,-3.3166361454764695,4.020968813660249,6.202725915934958
6,10,crash_ground,16,0.125,False,-3.331254016717529,3.5433971944696383,2.0889442717725535
6,10,crash_ground,37,0.125,False,-3.8346069772576166,4.348593417779784,25.092573446456605
6,10,crash_ground,28,0.125,False,-5.160368982566479,5.531485214526997,4.930179928067204
6,10,success,30,0.125,True,-3.384820074712501,3.973039843605767,3.6638926432622534
6,10,crash_ground,21,0.125,False,-4.013119219993837,5.317656730644935,15.742998355096752
6,10,crash_ground,24,0.125,False,-4.055260415346543,4.127878737899689,3.8246814862987555
6,10,crash_ground,19,0.125,False,-2.4069529376263183,2.4486694002431295,17.045011582259598
6,10,crash_ground,25,0.125,False,-3.2347618143942682,4.131967966676826,37.056093709598635
6,10,crash_ground,22,0.125,False,-3.615185646239673,4.852173989630404,12.189235838891834
6,10,crash_ground,38,0.125,False,-1.7995695930135194,1.8122701498193141,29.758919141484636
6,10,crash_ground,17,0.125,False,-3.816653164666986,4.261676998008959,16.76519340365419
6,10,crash_ground,26,0.125,False,-4.369231768430531,4.482769566733038,4.1667805140729985
6,10,crash_ground,17,0.125,False,-3.323461162972615,3.4823562693342627,9.329376392027905
6,10,crash_ground,18,0.125,False,-3.8448620349380667,4.102552998164949,7.81720754810748
6,10,crash_ground,21,0.125,False,-4.272758013153054,4.677621357980665,12.822018224356734
6,10,crash_ground,15,0.125,False,-3.1065387013070027,3.787095782800636,21.523537422044978
6,10,crash_ground,14,0.125,False,-3.6801598582541946,4.212189512175294,15.145950365798303
6,10,crash_ground,23,0.125,False,-3.305006723764144,4.1907317731290155,6.801080533104439
6,10,crash_ground,36,0.125,False,-2.9504969432993122,3.4173961852342445,9.62825030427278
6,10,crash_ground,26,0.125,False,-4.865458017236758,5.619066109519861,5.477732499636094
6,10,crash_ground,17,0.125,False,-3.301326952270578,3.646245284770797,11.16108682083217
6,10,crash_ground,21,0.125,False,-4.346606052292071,4.937146258786099,7.39167451838611
6,10,crash_ground,29,0.125,False,-4.360487640923686,4.4861553472428115,17.411455564035933
6,10,crash_ground,32,0.125,False,-3.467729337103633,3.5153556768053384,17.62868983172788
6,10,success,29,0.125,True,-3.6207107917382233,4.866840879174252,11.926994485450837
6,10,tilt,16,0.125,False,-4.46434893967701,4.548024128664191,80.69225032620304
6,10,crash_ground,30,0.125,False,-3.5972671323537933,4.2908161221934025,20.182234144189554
6,10,crash_ground,20,0.125,False,-3.224023864321605,3.45711462963519,24.453377418473202
6,10,crash_ground,23,0.125,False,-3.7348125489946313,4.2403974529571,11.912499329211998
6,10,crash_ground,20,0.125,False,-3.5580710671808427,5.305694264118268,9.275817162514054
6,10,crash_ground,33,0.125,False,-3.585870019505228,3.6987211638803648,18.329186119650085
6,10,crash_ground,24,0.125,False,-3.1020805404724423,4.451305117334541,12.429177620044447
6,10,crash_ground,31,0.125,False,-3.0622517915386793,4.385407509582212,21.96156613033612
6,10,crash_platform,21,0.125,False,-3.380814369265671,4.115261885430543,0.927846766445026
6,10,success,19,0.125,False,-3.2264209275237103,3.2635374174595446,19.166234018443074
6,10,success,24,0.125,False,-3.1251506715060016,3.287228805653087,20.915287310825878
6,10,crash_ground,29,0.125,False,-3.980326873308202,4.229773124875567,10.27474316624284
6,10,crash_ground,33,0.125,False,-2.5130991492254906,4.057703744105928,10.509952762953677
6,10,crash_ground,24,0.125,False,-3.7692910723699833,3.9630601905172957,21.783899345852117
6,10,crash_ground,24,0.125,False,-4.017598260587898,5.016998515979096,17.51338335911044
6,10,crash_ground,13,0.125,False,-4.863705827411811,5.396788204945299,5.470064617893911
6,10,crash_ground,32,0.125,False,-1.92753538177009,3.681322162569261,24.240727249182687
6,10,crash_ground,23,0.125,False,-3.7695279383302447,4.499253759286942,3.7705089788476553
6,10,crash_ground,23,0.125,False,-3.6195492990081712,3.853807520926539,9.239580780317715
6,10,crash_ground,27,0.125,False,-3.950802854541386,3.9832757434685377,4.27783267385938
6,10,crash_ground,18,0.125,False,-3.822269078290038,4.998288562233404,23.2782614843504
6,10,crash_ground,25,0.125,False,-3.183648763448721,3.9629874638965914,22.478401529819845
6,10,crash_ground,29,0.125,False,-3.3026721770389833,3.434422386279277,20.097292614550934
6,10,crash_ground,29,0.125,False,-4.229387887251474,4.420571586537352,8.814002044404328
6,10,crash_ground,36,0.125,False,-3.8554870200306395,3.993626514604402,8.46911636646687
6,10,crash_ground,32,0.125,False,-3.699461760160379,4.820885322767609,12.798707371749103
6,10,crash_ground,32,0.125,False,-3.735459639856805,4.1712351637391745,13.105820275456919
6,10,crash_ground,32,0.125,False,-4.484621581178235,4.734585250891514,14.013343239944806
6,10,crash_ground,33,0.125,False,-3.56736525186572,3.686462133778152,5.171907316084585
6,10,crash_ground,32,0.125,False,-4.047068223561047,4.191793518297082,16.767356803009033
6,10,crash_platform,18,0.125,False,-4.8855006168445305,4.946600562299973,53.13591524678825
6,10,crash_ground,25,0.125,False,-2.997091661948341,4.30427960637525,6.897200918079748
6,10,crash_ground,19,0.125,False,-4.09872738840835,6.830827797170467,24.137318394412844
6,10,crash_ground,21,0.125,False,-3.688507865417868,5.6408729548743,8.172230375886448
6,10,crash_ground,26,0.125,False,-4.627572705853889,4.803255016293836,13.706039770187775
6,10,crash_ground,17,0.125,False,-2.9604136280548254,3.3087427034297536,11.244982176541546
6,10,crash_ground,18,0.125,False,-3.7181549792655852,4.629974326276789,18.33079474321967
6,10,crash_ground,30,0.125,False,-3.1534377558718454,3.2041945382817563,25.626344392551587
6,10,crash_ground,20,0.125,False,-3.618955516978103,3.871682750824925,6.840565902157412
6,10,crash_ground,31,0.125,False,-4.751919100838282,5.749795049848131,5.672298279559705
6,10,crash_ground,26,0.125,False,-2.611196625462728,4.431756379884632,15.109955449974905
6,10,crash_ground,35,0.125,False,-4.599083760969613,4.770783844434021,20.591169406841523
6,10,success,27,0.125,True,-2.7931815299092397,2.9470748537157974,26.550994594546495
6,10,crash_ground,14,0.125,False,-3.0847008967412863,3.325788798493942,25.16159684059993
6,10,crash_ground,25,0.125,False,-4.026393798742326,4.054652232737734,17.890306501740984
6,10,crash_ground,18,0.125,False,-3.730622495655562,5.32147034486139,21.22823717651675
6,10,crash_ground,23,0.125,False,-2.528295957456044,3.3766553615908417,21.73154890419
7,10,crash_ground,23,0.125,False,-2.2302587599076795,2.9150569966276625,35.156969988323716
7,10,success,18,0.125,True,-4.661158202384663,5.728812360806003,7.136367422455944
7,10,success,28,0.125,False,-5.56686228338676,6.282547884140184,11.488141575241604
7,10,crash_ground,29,0.125,False,-3.7741508446355727,3.933856133638794,0.6669865525386993
7,10,crash_ground,32,0.125,False,-2.3768046750796255,3.1239357958280403,38.520545501646275
7,10,crash_ground,26,0.125,False,-3.097368207041327,3.1896556388392527,14.84293320232606
7,10,crash_ground,22,0.125,False,-3.021789624354912,5.025637446312934,27.227036101071832
7,10,crash_ground,23,0.125,False,-3.6067462461163027,5.8177867969513235,56.71276543840293
7,10,crash_ground,18,0.125,False,-3.1018579988286024,4.173108801531694,24.28137133909877
7,10,crash_ground,29,0.125,False,-4.71676727552996,6.0452400985841805,13.110263836974601
7,10,crash_ground,27,0.125,False,-4.137601115755681,4.1478067359879685,2.9250772929384636
7,10,crash_ground,22,0.125,False,-3.589376539541153,3.6370447550958955,22.342417041996207
7,10,success,26,0.125,False,-3.216617549198258,3.342184749158245,27.78517174110068
7,10,crash_ground,33,0.125,False,-3.6756853635236237,3.9988828045498375,7.753338472987544
7,10,crash_ground,26,0.125,False,-4.103520596727256,4.159895659555487,12.831177720962176
7,10,crash_ground,31,0.125,False,-3.9261191875599746,3.9922341208274603,6.348576699343598
7,10,crash_ground,22,0.125,False,-3.6099984608849045,3.845906554807608,29.100886465482162
7,10,crash_ground,24,0.125,False,-2.999925626613903,3.0653572585375497,21.009228113367477
7,10,crash_ground,24,0.125,False,-2.526197761308801,2.673531937045139,13.38697407947967
7,10,success,28,0.125,True,-3.6631145640043115,3.770353689316537,21.71862151655479
7,10,crash_ground,26,0.125,False,-4.230102649351812,4.945926830970008,40.56763964985543
7,10,crash_ground,31,0.125,False,-3.0545252817034383,3.0830260408747643,6.625574472908706
7,10,success,21,0.125,False,-3.455627474819421,3.5298802460127265,6.594578719966643
7,10,crash_ground,22,0.125,False,-3.609346510441345,4.1277244771963275,5.147561917985835
7,10,crash_ground,29,0.125,False,-2.7345880255523793,3.6649314481625765,8.83278359913377
7,10,crash_ground,18,0.125,False,-2.5610246108568764,3.5520851732989733,32.218623249675055
7,10,crash_ground,32,0.125,False,-3.7719788084400596,4.229257113632508,7.132402478448978
7,10,crash_ground,23,0.125,False,-3.93279739305241,4.53063859046353,52.43745903420332
7,10,success,14,0.125,False,-6.504509876790892,7.285070191111688,88.27179951795885
7,10,crash_ground,33,0.125,False,-2.743651167811719,3.1777297730322625,31.13519934697476
7,10,success,22,0.125,False,-3.863296831318792,4.244800506387342,25.385909491907622
7,10,crash_ground,26,0.125,False,-4.9516607335606215,5.969090223061157,0.994961148885442
7,10,crash_ground,31,0.125,False,-4.322025083405004,5.371131896654332,20.267388234639437
7,10,crash_ground,39,0.125,False,-2.829486284197991,3.9847354598128932,14.02268241516444
7,10,crash_ground,14,0.125,False,-3.522610637514916,4.030965084160893,28.94465254417777
7,10,crash_ground,16,0.125,False,-4.712828673366832,4.859011240336608,9.175288747095674
7,10,crash_ground,24,0.125,False,-3.9157364073754937,4.133418470216626,4.388110609964455
7,10,success,25,0.125,True,-2.708066700995435,3.026912426303718,31.31079764523881
7,10,crash_ground,25,0.125,False,-3.280969575658203,4.021427848345193,19.455307658989913
7,10,crash_ground,31,0.125,False,-2.5722595916318007,2.7695446339525343,21.471551137671078
7,10,crash_ground,31,0.125,False,-4.177231939339927,4.495222997421704,11.608198235068302
7,10,crash_ground,31,0.125,False,-2.793103738854198,3.7401495654510892,13.750014638289858
7,10,crash_ground,26,0.125,False,-2.6005784980880886,3.1710007513120195,10.781043243011197
7,10,crash_ground,33,0.125,False,-5.732455044906977,6.90422399130681,5.6313026311672365
7,10,crash_ground,31,0.125,False,-4.617616991308385,6.542595996702812,7.8417509547266615
7,10,crash_ground,26,0.125,False,-4.157123143180953,4.266633189692789,14.008132436362166
7,10,crash_ground,22,0.125,False,-4.369890070682594,5.382893096530032,3.1902394659005826
7,10,crash_ground,27,0.125,False,-3.6231443438680424,5.5754644279670496,6.201315147460139
7,10,crash_ground,19,0.125,False,-4.291483204879794,4.747710578058846,2.030414244750091
7,10,crash_ground,22,0.125,False,-3.784272060849448,4.4938800968224095,9.202959328391891
7,10,crash_ground,28,0.125,False,-2.0978811142688034,2.3796583311766164,35.71736324295317
7,10,crash_ground,28,0.125,False,-1.9093182208182817,2.2086396970700832,44.814521073409495
7,10,success,17,0.125,True,-2.8889345985006036,3.6378674527889876,18.013627198608447
7,10,crash_ground,15,0.125,False,-3.7719698709275944,3.850976947973938,25.485842298563107
7,10,crash_ground,24,0.125,False,-2.0624878878727038,3.147196938647416,40.327638368644386
7,10,crash_platform,28,0.125,False,-3.5470954064770135,4.064755728277301,9.411805445302381
7,10,crash_ground,33,0.125,False,-3.3372174274591346,4.560149161321569,13.436169507104946
7,10,crash_ground,30,0.125,False,-4.036492629718975,4.393472435851432,9.51435981506911
7,10,crash_ground,16,0.125,False,-7.024130163292294,7.405991985017371,73.25030049497339
7,10,crash_ground,32,0.125,False,-3.603424342490225,4.024244949337699,14.24373453843071
7,10,crash_ground,30,0.125,False,-3.619547573361343,3.950796737148065,2.809331281878769
7,10,crash_ground,24,0.125,False,-4.2794929021845,4.506931662327371,9.323831424226247
7,10,crash_ground,31,0.125,False,-4.8887743023654275,6.389072176086624,11.498560137105882
7,10,crash_ground,23,0.125,False,-4.911054294820968,5.228840535281497,2.1268186073441355
7,10,crash_ground,23,0.125,False,-2.2063522364240424,3.0477352757902003,21.578314859031256
7,10,crash_ground,28,0.125,False,-3.893466525073549,4.733187556180521,5.421367369867015
7,10,crash_ground,31,0.125,False,-5.222255672355707,5.570670759166669,8.972855098577917
7,10,crash_ground,28,0.125,False,-3.288668796185851,3.5613968922849715,13.882496925425892
7,10,crash_ground,20,0.125,False,-2.9373157969749193,3.946625844711063,19.61198637619925
7,10,crash_ground,14,0.125,False,-3.6423636404523316,3.689934365624601,2.8211095181715056
7,10,crash_ground,35,0.125,False,-2.366079046336992,2.8541990805190967,27.821477297131533
7,10,crash_ground,27,0.125,False,-4.7426468875046925,5.9053773439576105,10.476458898067618
7,10,crash_ground,23,0.125,False,-3.5288460854261463,3.9977783757402277,18.320581489102896
7,10,crash_ground,30,0.125,False,-3.857851186593615,4.5450059738433435,36.385896127910435
7,10,crash_ground,27,0.125,False,-3.7045031482307715,4.083893418927596,11.809367511754841
7,10,crash_ground,24,0.125,False,-3.2810996275526634,4.233237980635328,14.879918233234172
7,10,crash_ground,30,0.125,False,-2.892344009468714,3.608900676548359,25.870534436657366
7,10,crash_ground,21,0.125,False,-3.5371187442212335,4.5742104574822555,23.11121936854738
7,10,tilt,11,0.125,True,-4.628929124964957,4.927115876120932,80.40834774998685
7,10,crash_ground,35,0.125,False,-4.192656155565358,5.033223654552372,8.610807432019795
7,10,crash_ground,31,0.125,False,-3.496928593926519,3.8037412397392836,9.011480250856144
7,10,success,12,0.125,False,-4.77694387848689,5.1413717913482255,68.85914699667602
7,10,crash_ground,39,0.125,False,-2.79053489487141,4.843054317206553,2.956952355807149
7,10,crash_ground,33,0.125,False,-5.035700054819586,5.397737641696314,3.864978640428786
7,10,crash_ground,21,0.125,False,-3.8038960842947094,4.222968030624793,23.576047150228923
7,10,crash_ground,29,0.125,False,-3.227274625164983,3.3427706487467646,11.608426947565324
7,10,crash_ground,30,0.125,False,-4.169159240969129,4.64895754625167,4.858768694342908
7,10,crash_ground,16,0.125,False,-3.321769559782363,4.715124525464536,16.205780615498046
7,10,crash_ground,15,0.125,False,-3.974190461292142,4.333801932492958,9.913900283120594
7,10,crash_ground,18,0.125,False,-3.9205884503208637,5.215743537487884,13.041382885005595
7,10,crash_ground,13,0.125,False,-3.64593620912788,3.696406434454176,15.495284055497553
7,10,crash_ground,27,0.125,False,-2.5125157135005955,2.6678353378811908,25.21330112208048
7,10,crash_ground,27,0.125,False,-3.0307644422943936,3.496400593781332,32.26356727240412
7,10,crash_ground,21,0.125,False,-4.535376907802781,5.041145124673919,8.420778192281407
7,10,crash_ground,22,0.125,False,-3.304882378056046,4.689848600311638,24.536332130712715
7,10,crash_ground,31,0.125,False,-3.6794656075824714,4.097747385330752,17.752882103382877
7,10,tilt,13,0.125,False,-4.751102875385383,5.679200025566324,80.33320408436104
7,10,crash_ground,18,0.125,False,-4.563803915762751,5.6096584813541535,16.277818172071857
7,10,crash_ground,24,0.125,False,-3.213730693941796,3.3057701289097303,28.312093401494785
7,10,crash_ground,32,0.125,False,-2.7116065148047412,3.124024729466871,12.176360508614659
7,10,crash_ground,24,0.125,False,-2.732232645110972,3.3105196332077456,28.408532551873602
7,10,crash_ground,17,0.125,False,-4.659649703786569,4.829976745603942,9.64710325616078
7,10,crash_ground,20,0.125,False,-3.7641253828098638,3.899334680020522,7.036113382620332
7,10,crash_ground,30,0.125,False,-3.182146063580648,3.1975610285446296,24.066891651267802
7,10,crash_ground,28,0.125,False,-3.9621732172473347,4.703467238346167,7.789978260140857
7,10,crash_ground,36,0.125,False,-1.3555326724420973,2.6789736001290354,37.098425989759406
7,10,crash_ground,32,0.125,False,-3.692934988302934,4.579750612495052,2.7757290673530863
7,10,crash_ground,23,0.125,False,-3.9973639697180303,4.045815695209875,5.112829858292886
7,10,crash_ground,20,0.125,False,-3.469752887921396,4.585743716887324,7.080984830247563
7,10,success,16,0.125,True,-3.221837857246724,3.371111011327469,52.647661920700735
7,10,success,28,0.125,False,-3.5562925898381117,3.5731582804468385,8.073949629384071
7,10,crash_ground,27,0.125,False,-4.385123799928616,5.25601208356463,7.072669987409925
7,10,crash_ground,24,0.125,False,-4.386573262344641,5.4753651262102805,7.941987071175184
7,10,crash_ground,30,0.125,False,-3.53948437450468,4.960204594341806,3.33140529298037
7,10,crash_ground,31,0.125,False,-3.193805910722597,3.3872490657047973,11.508065146895229
7,10,tilt,9,0.125,False,-7.002662585154219,7.145536824308812,80.10630952788952
7,10,success,12,0.125,True,-2.393712659342123,3.3290558021371783,22.172343793820264
7,10,crash_ground,22,0.125,False,-2.9953227183764475,3.563434650701761,16.986204101405644
7,10,crash_ground,13,0.125,False,-2.9934629670072987,3.2821970015778144,4.336848666921124
7,10,crash_ground,20,0.125,False,-3.480452876459335,3.9369283037063787,4.713471316408291
7,10,crash_ground,29,0.125,False,-3.1940395365941905,3.872098794533319,13.446698963232574
7,10,crash_ground,22,0.125,False,-4.490569998190086,5.076752681510134,24.823146437691413
7,10,crash_ground,20,0.125,False,-3.684370984495817,4.496560680781827,5.991670337811671
7,10,crash_ground,18,0.125,False,-3.9285038997130823,4.248870619287187,16.979930871188483
7,10,crash_ground,28,0.125,False,-4.41901350329183,5.148415404813056,2.9463058236989306
7,10,crash_ground,20,0.125,False,-3.4222485404047025,3.7535326015206625,16.38596443684598
7,10,crash_ground,34,0.125,False,-3.881400216972533,4.86510128545167,12.35748767924495
7,10,crash_ground,31,0.125,False,-4.4520765373325,4.9903379057019235,5.93168636071671
7,10,crash_ground,30,0.125,False,-2.7897778520359213,4.746012593408166,19.112022760498185
7,10,crash_ground,29,0.125,False,-2.759480038671069,2.78168397637644,42.847508429311816
7,10,crash_ground,32,0.125,False,-2.3474470959778304,3.9505487685932894,19.708698219154513
7,10,success,16,0.125,False,-3.3754068364116803,4.1422053302944235,17.30510403253081
7,10,crash_ground,20,0.125,False,-1.8457943829575219,2.4203927725941483,17.964894051420526
7,10,success,24,0.125,True,-3.6872843575614005,4.084520048046441,25.483647960186357
7,10,crash_ground,21,0.125,False,-4.689455589158507,5.810653678020075,4.949954083393211
7,10,crash_ground,37,0.125,False,-2.556589717301335,3.0862776065177417,19.1492544722635
7,10,crash_platform,14,0.125,False,-2.930874629941852,3.1217704760410774,29.24671277041629
7,10,crash_ground,25,0.125,False,-3.6094289973945086,3.727279899474309,13.246692545691246
7,10,crash_platform,17,0.125,False,-3.550913688508955,3.7764383629891496,4.498953580973179
7,10,crash_ground,29,0.125,False,-4.083593104817848,4.3860238013950426,14.322006894134676
7,10,crash_ground,16,0.125,False,-4.151844430661997,4.5419757193606705,7.86868396202871
7,10,crash_platform,18,0.125,False,-2.9694009143976334,3.3238611961745685,10.769823020882674
7,10,crash_ground,33,0.125,False,-3.3991131596774373,4.354379239591857,17.982705956598434
7,10,crash_ground,19,0.125,False,-3.235055414508192,3.821318722310514,17.772094051841123
7,10,crash_ground,17,0.125,False,-3.7719385208456484,5.230503757374211,0.837560435369333
7,10,crash_ground,28,0.125,False,-4.996244711099716,5.35309639830638,9.371728851468907
7,10,success,29,0.125,False,-4.171729489334174,4.306152889835275,29.77561820442423
7,10,crash_ground,39,0.125,False,-3.1776723806340548,4.067630702509664,9.400445224268351
7,10,crash_ground,22,0.125,False,-3.679527617942528,3.9855542740013177,24.3512051884794
7,10,crash_ground,21,0.125,False,-3.783092980565,4.456282313426588,3.884620929667982
7,10,success,28,0.125,True,-3.1604369791976548,3.9407613250788183,23.94690973240737
7,10,crash_ground,26,0.125,False,-5.188831354917887,5.824919865463189,21.21740116281559
7,10,crash_ground,30,0.125,False,-2.8826537268413794,3.1405361510172427,29.174478543368814
7,10,crash_ground,31,0.125,False,-3.4761250452833834,5.343402771927111,12.099044021255338
7,10,crash_ground,41,0.125,False,-2.5859984308099278,2.785337435377161,18.936721075012475
7,10,success,25,0.125,False,-5.263789520489112,5.499305641608966,5.194439815972553
7,10,crash_ground,35,0.125,False,-4.172155318161704,5.272906081497998,11.231147321003297
7,10,success,11,0.125,True,-2.8325641013110094,2.879947470417621,18.15317615625836
7,10,crash_ground,19,0.125,False,-3.806182006721132,4.054170138762187,14.686384361609921
7,10,success,15,0.125,False,-3.7608007178863443,4.14563351086782,18.38537347186831
7,10,crash_ground,25,0.125,False,-4.394073429620457,6.026777047590567,32.152701329722014
7,10,crash_ground,31,0.125,False,-3.8658582089753786,4.657808999674797,9.953766703924277
7,10,crash_ground,38,0.125,False,-4.680987632905939,6.277652378949299,5.0719333132046405
7,10,success,24,0.125,True,-3.2550000758181636,3.4467979853528443,20.063187569805265
7,10,crash_ground,27,0.125,False,-3.4068032392358685,3.6191057868325283,15.45390244001926
7,10,crash_ground,33,0.125,False,-3.5312539231053686,4.391804801511852,15.6609148681484
7,10,crash_ground,14,0.125,False,-3.463440319150192,4.226676232165087,19.223941731672728
8,10,crash_ground,27,0.125,False,-2.3717470265072187,3.7179201390921004,19.19214109052261
8,10,crash_ground,17,0.125,False,-2.5620442497222777,2.897289316883238,3.4784519376305547
8,10,crash_ground,35,0.125,False,-2.7224488482759712,4.464624419179771,11.85885997727876
8,10,crash_ground,24,0.125,False,-4.28342781921517,4.484237737668941,6.127204794200399
8,10,crash_platform,17,0.125,False,-3.0545135142107376,3.3062796657606737,30.508241781650945
8,10,crash_ground,26,0.125,False,-4.369832327356073,4.630211864567986,17.2058010738936
8,10,crash_ground,19,0.125,False,-4.63368803195601,5.081804515814002,21.37149666002166
8,10,crash_ground,31,0.125,False,-3.0516476771398744,3.37122039435905,23.294648312936307
8,10,crash_ground,27,0.125,False,-3.251761776518071,3.6504622826908073,9.005273209714074
8,10,crash_ground,36,0.125,False,-3.456561081689895,4.267569975133204,11.50925363510593
8,10,crash_ground,20,0.125,False,-3.4195765929085904,4.363236709587337,10.530098736106995
8,10,crash_ground,15,0.125,False,-3.7021896641290364,4.0301236494583295,20.749703065939546
8,10,crash_ground,22,0.125,False,-2.794511181364797,5.4454650564966816,5.146207981623845
8,10,crash_ground,22,0.125,False,-3.0315918236041095,3.049487056490676,18.474009246522943
8,10,crash_ground,33,0.125,False,-2.356164422687497,2.4442994508281783,22.83668200552296
8,10,crash_ground,30,0.125,False,-2.947480966047866,3.5009152795604837,26.37104258483195
8,10,crash_ground,28,0.125,False,-3.727446626140213,4.1478595869065185,24.43076702665553
8,10,crash_ground,29,0.125,False,-4.421147780390517,5.1366371712996886,3.932023771800316
8,10,crash_ground,26,0.125,False,-4.003825920622292,5.390586865375377,33.475241756066
8,10,tilt,24,0.125,False,-4.424042657437643,4.5974985276630544,81.28348570374574
8,10,crash_ground,33,0.125,False,-3.9131713457663335,4.586113746143205,1.8557085897599295
8,10,success,17,0.125,True,-4.684413961267522,5.01225560651922,60.51875884537702
8,10,crash_ground,44,0.125,False,-4.874473428780734,5.035292184303809,4.649878452708539
8,10,crash_ground,26,0.125,False,-4.028177359683844,5.576308434965969,23.56941921937015
8,10,crash_platform,22,0.125,False,-3.4661674551673114,5.0732685749368,8.337265626114405
8,10,success,24,0.125,True,-5.010121504001131,5.612833525646596,10.058614836838
8,10,crash_ground,38,0.125,False,-2.3627217148175323,2.612597238239595,0.8512076827416947
8,10,success,24,0.125,True,-3.291699797490739,3.5864958423875204,3.672236653252911
8,10,crash_platform,11,0.125,False,-3.9438277075387775,4.250245419693909,23.135065391077376
8,10,crash_ground,19,0.125,False,-2.6879340701638523,4.730529474379294,34.001143472905774
8,10,success,15,0.125,False,-3.625760950108162,4.538885141764207,60.659530321573484
8,10,crash_ground,37,0.125,False,-3.7866385524054613,5.16437233440803,4.301833560180262
8,10,crash_ground,31,0.125,False,-3.6532764648458067,4.063434681829446,10.458554241850075
8,10,crash_ground,25,0.125,False,-3.7784521950091015,4.000056888368056,4.798414040307296
8,10,crash_platform,19,0.125,False,-4.115166706491264,5.165863022734998,28.08044343560424
8,10,tilt,9,0.125,False,-3.6675100269525966,4.52979987617735,80.32532163738155
8,10,crash_ground,25,0.125,False,-2.951095073517952,3.291607798892834,18.483331511834848
8,10,crash_platform,31,0.125,False,-3.8864198193177177,4.3845035050999694,5.196592787970016
8,10,crash_ground,26,0.125,False,-3.754916039413534,4.83959095511197,15.925729912472987
8,10,success,26,0.125,False,-2.625647890582186,3.666228766583748,39.006801679743184
8,10,crash_ground,31,0.125,False,-3.122548749045243,3.252779860173735,19.675793411461
8,10,crash_ground,20,0.125,False,-3.2621107885782807,3.4283176942879057,17.66308979842134
8,10,crash_ground,30,0.125,False,-3.594173490010431,5.028216750840488,5.925771819277664
8,10,crash_ground,14,0.125,False,-2.7852405816251213,3.131921235881856,16.191643000696363
8,10,crash_ground,33,0.125,False,-5.228676014194394,5.6135584839588475,6.181247570124089
8,10,crash_ground,29,0.125,False,-2.309937540696937,2.877903227939864,22.217929771204027
8,10,crash_ground,24,0.125,False,-2.9793944040280564,3.0829322094741674,14.138534505702271
8,10,crash_ground,25,0.125,False,-3.879149175032878,4.92832282378376,11.525029361282346
8,10,crash_ground,26,0.125,False,-3.6332867292471733,3.680588839331138,6.598290456609008
8,10,crash_ground,27,0.125,False,-3.740981672140676,4.440908428445008,2.368626146890179
8,10,crash_ground,39,0.125,False,-5.04753797149317,5.393289111244544,37.31732553014745
8,10,crash_ground,19,0.125,False,-3.4692914166818514,4.3808609942529415,2.075973068022709
8,10,crash_ground,31,0.125,False,-3.312282986073868,3.974667956628782,10.076921680801943
8,10,success,28,0.125,False,-5.124239046138737,6.309509502588523,59.43150813666962
8,10,success,13,0.125,False,-4.574507248258314,4.911909351451946,12.647872247517205
8,10,crash_ground,13,0.125,False,-3.6119870356492014,3.8616567097024492,15.008332869702475
8,10,tilt,9,0.125,False,-3.4692864506850114,3.67982866410125,81.06354395288334
8,10,success,18,0.125,True,-2.682859387221066,2.689911726534165,23.05314945568955
8,10,crash_platform,18,0.125,False,-2.5515209118525557,3.3158470770387325,36.07980205198611
8,10,crash_ground,30,0.125,False,-3.215284854932195,3.717204387816382,4.783429282129674
8,10,crash_ground,22,0.125,False,-3.8507626042921794,3.959863360355559,11.714553427456007
8,10,crash_ground,21,0.125,False,-2.9603181612785483,3.1781882636673515,21.18283252764152
8,10,crash_ground,19,0.125,False,-3.5784473990587564,5.62687400332397,4.081489119065043
8,10,crash_ground,27,0.125,False,-4.966982118230298,5.7647994735245485,10.027336224800667
8,10,crash_ground,31,0.125,False,-4.2080184028446554,4.885997276375486,15.571439879290008
8,10,crash_ground,22,0.125,False,-5.448091552907008,5.640920448549799,16.39639142592744
8,10,crash_ground,17,0.125,False,-3.551882600977407,3.9265425533665796,4.5464126173072685
8,10,crash_ground,28,0.125,False,-3.17670479948029,3.7928096029200473,26.447665741592168
8,10,crash_platform,18,0.125,False,-3.203813916048203,4.063219413820449,36.813888948041686
8,10,crash_ground,23,0.125,False,-4.3053442017358226,4.9887311476866305,6.698799707672238
8,10,crash_ground,32,0.125,False,-2.9874076371213465,5.241061455558072,24.61839284365406
8,10,crash_ground,15,0.125,False,-2.5315677510367878,3.4080914440493486,23.120740983036278
8,10,crash_ground,25,0.125,False,-4.026924154327008,4.432351771338608,9.839841302079396
8,10,crash_ground,30,0.125,False,-4.899649139947583,6.797212428715212,6.638979508155868
8,10,crash_ground,23,0.125,False,-2.9205775146933983,3.312509040247533,9.5060637080957
8,10,crash_ground,23,0.125,False,-4.223101530073277,4.605593109466544,2.025667938486003
8,10,crash_ground,24,0.125,False,-3.9931159007407557,4.4646261113837165,15.549309595543038
8,10,crash_ground,22,0.125,False,-2.7511496849443993,2.8525742955965097,21.043769090263186
8,10,crash_ground,24,0.125,False,-4.141482922683762,4.612710450728579,10.821999724684794
8,10,crash_ground,24,0.125,False,-3.074611711672178,3.7239291563032464,22.993035274140436
8,10,crash_ground,29,0.125,False,-3.397701819844663,4.678418321673852,22.762464129364837
8,10,crash_ground,30,0.125,False,-4.678355900772184,8.111811048784334,29.133091372426353
8,10,crash_ground,24,0.125,False,-2.9195466153816745,3.4686251895910316,21.911812225217428
8,10,success,18,0.125,True,-3.588313398046351,4.0737375481193965,2.0424796274412707
8,10,crash_ground,19,0.125,False,-3.5120237776640733,3.5565917126222875,6.076627981594513
8,10,crash_ground,14,0.125,False,-4.2085479434634925,4.547231672146105,5.6427728608099805
8,10,crash_ground,27,0.125,False,-3.2082934895515582,4.451309977702869,10.634608207882014
8,10,crash_ground,14,0.125,False,-4.090413352771309,4.886836592776979,32.6737549448247
8,10,crash_ground,31,0.125,False,-3.0928607140943116,3.2930001739415298,5.287063517075712
8,10,success,19,0.125,False,-3.9948503237628823,4.221098503721193,22.23435261103425
8,10,crash_platform,23,0.125,False,-2.8610678800614884,3.254502426187933,20.186755580928665
8,10,crash_ground,33,0.125,False,-3.4451456118524497,4.158384122929425,17.324117656281068
8,10,crash_ground,34,0.125,False,-4.127340696536779,5.3034444213313,5.695694308530229
8,10,crash_ground,38,0.125,False,-2.655383986606703,3.5845116471143204,36.14903558028439
8,10,crash_ground,29,0.125,False,-3.621520440689245,4.290944225220348,2.3404267142688013
8,10,crash_ground,27,0.125,False,-3.881983716110708,4.168650665396009,1.4243751997598968
8,10,crash_ground,36,0.125,False,-4.468178521057241,4.923058295259694,28.735497555845466
8,10,crash_ground,25,0.125,False,-3.2990736750225573,3.469985786555502,16.185138866646575
8,10,crash_ground,22,0.125,False,-2.581722926652912,3.559751397091276,5.653326187010763
8,10,crash_ground,34,0.125,False,-4.143967738631594,4.393091233297168,8.165801885919748
8,10,crash_ground,27,0.125,False,-2.148614949275161,3.0406046691405835,28.330408763840335
8,10,success,22,0.125,True,-4.19869774611745,4.335321043917443,5.547225330511451
8,10,crash_platform,34,0.125,False,-4.290914164721883,4.323560941919681,9.24502716253166
8,10,crash_ground,33,0.125,False,-3.4439856420822905,4.1814298299912185,13.099141925648702
8,10,crash_ground,32,0.125,False,-3.2135033194157185,3.374396786316709,26.81572789419733
8,10,crash_ground,27,0.125,False,-3.7866222386624706,4.08742461279448,7.4962151268968436
8,10,crash_ground,43,0.125,False,-2.4528795012626965,3.1190142349422434,29.7389900893366
8,10,crash_ground,22,0.125,False,-3.3451424433414814,3.4564049023117036,9.83726218349195
8,10,crash_ground,30,0.125,False,-4.239728352815567,4.507001248766829,30.367827839768115
8,10,crash_ground,27,0.125,False,-3.6836156029340756,3.9264637947637335,5.485768464544709
8,10,crash_ground,15,0.125,False,-3.6223856968930175,3.877037884105562,7.318101780388277
8,10,crash_ground,22,0.125,False,-4.099759493188328,4.131048701559692,3.0062633370095444
8,10,crash_platform,21,0.125,False,-3.824332341349365,4.797156291730107,2.6701850318744866
8,10,crash_ground,27,0.125,False,-3.4452859432325225,3.8777397740764847,25.396150044441907
8,10,crash_ground,18,0.125,False,-3.407358937570851,3.7531537427675508,5.656197934103216
8,10,crash_ground,24,0.125,False,-2.6897714839345803,3.9141874972365405,29.47844015150969
8,10,crash_ground,30,0.125,False,-3.9400164770263904,4.9262925041393535,3.5209474886093775
8,10,crash_ground,28,0.125,False,-3.2555947341623432,3.436028321471086,20.340955560594132
8,10,success,19,0.125,False,-3.307547552207245,3.7968143279715654,14.573133437592741
8,10,crash_ground,30,0.125,False,-3.3243116690544925,4.802550663423853,15.488112117724523
8,10,success,15,0.125,True,-3.352319524494223,3.8325902223587254,11.6212385109898
8,10,crash_ground,27,0.125,False,-3.777895850350627,4.229361494273668,22.762090474810027
8,10,success,36,0.125,True,-3.248616414083123,3.483014620714761,20.250354806511318
8,10,crash_ground,20,0.125,False,-3.379169056581148,4.779930630631184,22.54598585947623
8,10,crash_ground,28,0.125,False,-2.737966874616637,3.0331316295886888,24.044738919910866
8,10,crash_ground,18,0.125,False,-3.148004730584871,3.890888307322388,5.104679647461809
8,10,crash_ground,27,0.125,False,-3.517429165288025,4.752572168217302,16.492635206514404
8,10,success,20,0.125,True,-4.529134897700034,4.756344748695534,11.916329106287618
8,10,crash_ground,32,0.125,False,-4.231456627940973,4.901366069426184,23.539956488523885
8,10,crash_ground,24,0.125,False,-3.3175512124320634,3.5862387494387313,20.071087820463116
8,10,crash_ground,22,0.125,False,-4.378590700775294,4.467361010425305,21.59176560206437
8,10,crash_ground,18,0.125,False,-3.2937798211954927,4.757643359430314,6.311243598456339
8,10,crash_ground,27,0.125,False,-5.496968352184812,6.929548927155531,6.529327185810644
8,10,crash_ground,29,0.125,False,-3.2902825825250406,3.672276960478812,9.439368887965356
8,10,crash_ground,16,0.125,False,-3.8936752701774857,3.926093417018698,32.15579701547129
8,10,crash_ground,17,0.125,False,-3.328786407646715,3.4414740292564185,39.82971166555277
8,10,crash_ground,27,0.125,False,-4.029574949400369,4.500769529080814,14.322489024218992
8,10,crash_platform,24,0.125,False,-3.612298359720128,4.36942390280409,7.556239849060699
8,10,crash_ground,33,0.125,False,-2.98727249789755,3.8547600845157683,12.627941086469379
8,10,crash_ground,42,0.125,False,-2.538010377398388,4.435088013932815,31.728477915838965
8,10,crash_ground,28,0.125,False,-4.577650849414284,4.7392331524617,3.028363327653384
8,10,crash_ground,28,0.125,False,-3.6724447179233266,3.9359805237957994,2.4291353127797293
8,10,crash_ground,22,0.125,False,-4.460818166556423,4.793697767727398,8.283644680673186
8,10,crash_ground,20,0.125,False,-4.640702051368018,5.2997807655496265,11.004181365991343
8,10,success,12,0.125,True,-4.788288152365304,5.020038416649086,76.48945917772501
8,10,success,11,0.125,True,-3.0622523631684806,3.0970253509758456,16.56660497036687
8,10,crash_ground,25,0.125,False,-2.6213605741538943,3.6157728314221194,31.32223499682026
8,10,crash_ground,30,0.125,False,-2.519626021778045,3.6063312915612067,45.746117480102
8,10,crash_ground,18,0.125,False,-4.139424581112521,4.979396411032254,14.707749375058537
8,10,crash_ground,22,0.125,False,-3.2852478109882304,3.8525689098705262,16.847125766766638
8,10,crash_ground,23,0.125,False,-3.8199774899945806,4.083636078102099,15.189214000465604
8,10,crash_ground,29,0.125,False,-5.526179815968546,6.647216054718623,17.34115799529916
8,10,crash_ground,29,0.125,False,-3.5256979574229073,3.9385681955495766,3.720367457776456
8,10,crash_ground,35,0.125,False,-1.6652055136832002,3.3037509426965492,47.206598810694175
8,10,crash_ground,22,0.125,False,-4.108811241977194,4.710674125196247,38.06532337461993
8,10,crash_ground,14,0.125,False,-7.413488202082082,8.214691184979829,26.742883283846947
8,10,crash_ground,26,0.125,False,-3.8782011601134063,4.384998403351636,50.10189453362722
8,10,success,26,0.125,True,-2.675319482585402,2.733509192081181,27.131071016023068
8,10,crash_platform,15,0.125,False,-2.483579538566305,3.2186730522353546,16.79205282838903
8,10,crash_ground,29,0.125,False,-4.032712159082392,4.704147747106216,9.497008965917145
8,10,crash_ground,36,0.125,False,-2.430475066953262,3.0018268714302896,14.35698306009019
8,10,crash_ground,32,0.125,False,-3.623624577125953,3.684206075945752,13.711135430413686
8,10,success,27,0.125,True,-3.1632118504997546,3.291964200682622,20.878692990020905
9,10,crash_ground,36,0.125,False,-2.9994727238554124,3.3660920451095806,16.604489691123753
9,10,crash_ground,15,0.125,False,-3.412871554138258,4.1179025883433775,6.7622318358610665
9,10,crash_ground,31,0.125,False,-3.2751573398184153,3.414208771354954,9.94786947746383
9,10,crash_ground,23,0.125,False,-1.9304608680736504,2.0214594582802996,21.79580075614219
9,10,crash_ground,24,0.125,False,-3.619293579188133,4.007288609655063,20.582101461634405
9,10,crash_ground,27,0.125,False,-3.560107622353631,4.539402721446561,5.18890263584064
9,10,crash_ground,34,0.125,False,-4.267564349557053,4.876210230227661,0.4724418254714563
9,10,crash_ground,30,0.125,False,-3.0536433976362076,3.2923853433063246,6.373344144895328
9,10,crash_ground,26,0.125,False,-3.0481824948249114,3.3141903371015373,11.032849080964269
9,10,crash_ground,22,0.125,False,-4.625715425567274,4.802159507890437,16.004839224914512
9,10,crash_ground,21,0.125,False,-5.546875356589208,5.741874698014095,2.0362758198828734
9,10,crash_ground,32,0.125,False,-3.6701916427723535,4.17372229021336,12.21679210027671
9,10,crash_ground,20,0.125,False,-3.5336053277682398,3.752340997904202,7.66967069878611
9,10,crash_platform,38,0.125,False,-3.1623116459414256,3.3866884643534103,41.604670198656414
9,10,crash_ground,27,0.125,False,-5.581491600124733,5.746744800885988,88.37115829631074
9,10,success,17,0.125,False,-3.980298809766484,4.947432056470549,25.5501489223348
9,10,crash_ground,25,0.125,False,-3.922442599604096,4.465132086266346,30.158843388663183
9,10,crash_platform,14,0.125,False,-3.4179785689275635,4.586960797559272,32.258624328756646
9,10,crash_ground,20,0.125,False,-3.2723860007329173,4.466271034400971,10.379596064661223
9,10,crash_ground,32,0.125,False,-3.563432233843651,3.7836842511289546,2.2220411143323604
9,10,crash_ground,23,0.125,False,-4.42349542899681,4.649024089223105,4.410184521525425
9,10,crash_ground,17,0.125,False,-3.014979388373315,3.749234341666101,2.51749821067714
9,10,crash_ground,14,0.125,False,-5.12059302586696,5.856656359003588,33.266185505198834
9,10,success,20,0.125,True,-3.778379011943962,4.4677419901483715,2.7872201174571827
9,10,crash_ground,22,0.125,False,-3.9174917294368927,4.2758511891120135,13.60009789268794
9,10,crash_ground,27,0.125,False,-4.68644788013872,5.0218980881255275,2.2828351807281653
9,10,crash_ground,15,0.125,False,-4.256330068845869,4.399664882239911,55.87063328064698
9,10,crash_ground,32,0.125,False,-3.562216079285675,3.956076631258598,17.773399280295276
9,10,crash_ground,27,0.125,False,-5.2393620495178,5.876387808709432,6.048094003619312
9,10,success,14,0.125,True,-6.39119189884161,6.960376166790525,6.247393684958106
9,10,crash_platform,24,0.125,False,-3.6062365661461238,3.6179961048490044,33.32762418047585
9,10,crash_ground,30,0.125,False,-3.667294496850384,4.99385236468193,16.074847527909757
9,10,crash_ground,24,0.125,False,-4.093906568500848,4.786029033002351,6.033927560536496
9,10,crash_ground,36,0.125,False,-3.2652206494985947,4.489441920082759,16.434509455279866
9,10,success,14,0.125,True,-3.0581755210361337,4.0044936163163705,12.856877766994542
9,10,crash_ground,17,0.125,False,-3.998825991774195,4.146691045213037,2.552567792696125
9,10,crash_ground,34,0.125,False,-3.148450136577604,3.8713497115161797,10.318790581540634
9,10,crash_ground,15,0.125,False,-3.7543732377625783,3.8603592864383676,4.493915113655243
9,10,crash_ground,20,0.125,False,-3.42868935479154,4.031674344217869,19.899055814714426
9,10,crash_ground,26,0.125,False,-3.3397318782946916,4.649724091033058,6.904941974372791
9,10,crash_ground,27,0.125,False,-4.139249170490495,4.790155070254958,4.1369397690530025
9,10,crash_ground,27,0.125,False,-4.605770373485891,4.695631435707309,3.5911731913966123
9,10,crash_ground,19,0.125,False,-3.6559201394567467,3.9532680686613992,19.22140730462202
9,10,crash_ground,29,0.125,False,-4.117751738158984,4.392555900422504,13.319306602026025
9,10,crash_ground,18,0.125,False,-4.088359115457053,4.280408407610845,3.240173242461041
9,10,crash_ground,31,0.125,False,-3.2818949801626784,4.024504081939802,12.205460679777532
9,10,crash_ground,25,0.125,False,-3.701956292674337,4.038622529521611,5.3097101806639255
9,10,crash_ground,18,0.125,False,-4.962060856769656,5.259535255055114,9.266511379138663
9,10,crash_ground,29,0.125,False,-3.090915065887778,3.6683623110970855,27.20695208452512
9,10,crash_ground,30,0.125,False,-3.461593129210007,3.932944200142075,19.502892006753278
9,10,crash_ground,25,0.125,False,-2.6492075183201367,3.4621368025304107,17.991087748435596
9,10,crash_ground,15,0.125,False,-3.43739315866686,3.4447973624120998,31.545710904126324
9,10,crash_ground,20,0.125,False,-3.705307883233027,4.313292149740145,19.556257477694075
9,10,crash_ground,19,0.125,False,-2.3806567762612563,3.462841625501133,25.47590961959507
9,10,crash_ground,16,0.125,False,-3.7888004152631574,4.532900095554332,3.739422292975857
9,10,success,16,0.125,True,-3.669164885155969,4.744479602209846,11.330369193693665
9,10,crash_ground,23,0.125,False,-3.5266875178509007,4.528695263170871,7.3474955120514736
9,10,crash_platform,12,0.125,False,-3.009219459651688,3.3740605039661102,23.526985733123006
9,10,crash_ground,31,0.125,False,-3.950406529587795,5.360618474298772,1.3440416109669502
9,10,crash_ground,17,0.125,False,-3.1773679727756186,3.4997967356178035,13.933601015949264
9,10,success,22,0.125,True,-4.11024056916727,4.655265992677672,5.386011901720514
9,10,crash_ground,17,0.125,False,-4.241147876750022,5.275373755030118,4.276411817728075
9,10,crash_ground,25,0.125,False,-2.0279832863507252,3.5058643543151513,27.115387038262437
9,10,crash_ground,36,0.125,False,-2.638777545692861,5.278787445848415,20.11362490650499
9,10,crash_ground,20,0.125,False,-4.705082869265578,4.825194902261,29.576724094382662
9,10,crash_ground,25,0.125,False,-3.7354867492624133,4.617195048987994,16.19491313753928
9,10,crash_ground,21,0.125,False,-3.3277621907549464,3.40984953303307,4.285254116518702
9,10,crash_ground,21,0.125,False,-3.7358573447885286,4.4970213199914015,2.3145155403060094
9,10,crash_ground,13,0.125,False,-5.2046434056646,6.0119039859340155,67.41063756638769
9,10,crash_ground,23,0.125,False,-3.2562344679862987,3.7030306901882817,26.03872371491826
9,10,crash_ground,19,0.125,False,-3.027504713977542,3.035037367315953,28.157397130323716
9,10,crash_platform,20,0.125,False,-3.9418547002043627,4.039168026334469,8.651487870046573
9,10,crash_ground,14,0.125,False,-5.032723976980911,5.410150993809325,20.118623255705973
9,10,crash_ground,25,0.125,False,-2.570697313007999,3.506760605215171,22.467340065863553
9,10,crash_ground,22,0.125,False,-2.7986199507811893,3.9753959273392034,24.086920765123587
9,10,crash_ground,31,0.125,False,-4.2892478195360955,4.548677726820466,6.05777566905641
9,10,crash_ground,29,0.125,False,-3.973403057920093,4.15643193175601,14.577424380902372
9,10,crash_ground,22,0.125,False,-3.3056645193012297,4.868861958496543,0.9702161045222267
9,10,crash_ground,25,0.125,False,-3.532707685704808,4.494205164607522,12.27773239408119
9,10,success,14,0.125,False,-3.6858773949306975,4.170878146274152,13.15629443489841
9,10,crash_ground,33,0.125,False,-4.639505565133199,4.91119126413371,9.591241315585098
9,10,crash_ground,32,0.125,False,-2.9615078171777416,4.366993475067629,15.934886582956487
9,10,crash_ground,23,0.125,False,-3.573565950357867,3.6156582654882694,16.342541684084967
9,10,crash_ground,23,0.125,False,-2.893480650571879,3.081181518967895,20.900848944254676
9,10,crash_ground,24,0.125,False,-2.80487729061443,3.634710110509127,34.667643886595236
9,10,crash_ground,28,0.125,False,-3.6587142703603326,3.8554434734853813,21.494077249458808
9,10,crash_ground,23,0.125,False,-3.3785883267553833,3.8989891237672776,6.908980322251212
9,10,crash_ground,26,0.125,False,-4.379532633803184,5.076428969536688,31.496507892179515
9,10,crash_ground,22,0.125,False,-4.767652950385946,4.788075482126142,14.799941843279743
9,10,success,20,0.125,True,-3.159386841337935,3.199473677216878,8.751312988820501
9,10,crash_ground,29,0.125,False,-3.949414909736615,4.397109097854198,13.3803575051899
9,10,success,16,0.125,True,-3.2377380030658522,3.625162835780027,4.851561667365657
9,10,crash_ground,24,0.125,False,-3.1821565377512337,3.758774277113761,14.66106755640607
9,10,crash_ground,20,0.125,False,-2.438613158256153,3.9673561271455267,36.4463097264385
9,10,crash_ground,23,0.125,False,-3.0650978901534907,3.9860500526986926,5.879048438643696
9,10,crash_ground,24,0.125,False,-5.621332838058079,6.409780086492512,6.5485498056350515
9,10,crash_ground,39,0.125,False,-3.4940621946113315,3.581300173697024,21.990502111383332
9,10,crash_ground,27,0.125,False,-3.447929139791862,4.4810634113,17.833681800839788
9,10,success,20,0.125,False,-4.547116939047238,4.801086471776682,10.489821758286478
9,10,crash_ground,27,0.125,False,-3.038812502549286,3.4135360087774296,19.16080872117144
9,10,crash_ground,28,0.125,False,-3.491324229578131,4.05465064964538,18.802168681686947
9,10,crash_ground,27,0.125,False,-4.045222361591964,4.8648480306998,16.132982964384038
9,10,crash_ground,28,0.125,False,-3.082239516579067,3.120261676648756,41.11117505424226
9,10,crash_ground,28,0.125,False,-7.427602153191851,8.135285922717928,59.319297825615365
9,10,crash_ground,29,0.125,False,-3.7603234556412786,4.37200648456258,8.533662311453053
9,10,crash_ground,23,0.125,False,-4.402927669939089,4.431947850125821,5.156235733406871
9,10,crash_ground,29,0.125,False,-3.828728053336302,3.9945704018909916,10.82356951448868
9,10,success,21,0.125,False,-3.5848480991707237,4.298059479361139,7.107413686765045
9,10,crash_ground,18,0.125,False,-2.880181199918956,3.1072555881383246,24.05501201850575
9,10,crash_ground,32,0.125,False,-6.173168770069879,6.601305585141824,6.085434773991148
9,10,crash_ground,24,0.125,False,-2.973631659231157,3.454979135162804,22.674065122915405
9,10,crash_ground,24,0.125,False,-6.445079523874139,6.491899849459868,13.98292223157433
9,10,crash_ground,36,0.125,False,-3.8508326185878445,4.355590496601128,8.217248319656239
9,10,crash_ground,29,0.125,False,-3.6480803441663365,4.6182838241508195,14.994066359100014
9,10,crash_ground,35,0.125,False,-2.7785227147573255,3.9967090097564797,10.814197868275668
9,10,crash_platform,18,0.125,False,-2.046282317442667,3.7521075200916774,35.06129752939288
9,10,success,18,0.125,False,-2.4935079798471667,2.7880314876803656,29.186409478315568
9,10,crash_ground,32,0.125,False,-3.6686383941253387,4.081410407824471,3.6677054003909766
9,10,crash_ground,29,0.125,False,-3.421725337997453,3.8661360552798616,3.8456377705179823
9,10,crash_ground,24,0.125,False,-4.791249151244048,5.426920317966831,5.89315796359224
9,10,crash_ground,29,0.125,False,-4.098043617449104,4.53164627931436,17.527665598235444
9,10,crash_ground,34,0.125,False,-1.5565087325573772,1.7822134948651283,44.091133305044345
9,10,success,22,0.125,True,-3.790431080265153,4.358829136646189,1.1991816539840774
9,10,success,14,0.125,True,-2.6204964574327643,2.96097301234546,9.859601260633506
9,10,crash_ground,36,0.125,False,-3.8429330728794744,4.335381026929468,10.93187545191326
9,10,crash_ground,28,0.125,False,-2.939825843977242,4.572265619694272,27.963205683643665
9,10,crash_ground,15,0.125,False,-3.9797892325094395,4.607767107891837,17.503374556984998
9,10,crash_ground,34,0.125,False,-3.821657802967764,3.9404899086086993,7.3099873566880005
9,10,crash_platform,29,0.125,False,-2.900339009982143,2.9598692424345816,28.651673265724845
9,10,crash_ground,26,0.125,False,-2.502797708021709,2.579043829823936,14.830253466469127
9,10,crash_ground,18,0.125,False,-4.204356123627609,4.670691832956872,20.118889625613537
9,10,success,18,0.125,True,-3.0676146049870145,3.5014920778634275,23.67688369952126
9,10,success,21,0.125,False,-3.4057996485260857,4.017729434130065,10.00437608881692
9,10,crash_ground,24,0.125,False,-3.60669301664222,3.7142805971825785,7.4605169292179765
9,10,crash_ground,42,0.125,False,-2.897806769617593,3.423417450724264,18.98766085109401
9,10,crash_ground,21,0.125,False,-4.387029606479217,4.422636815130711,8.749555494731862
9,10,crash_ground,28,0.125,False,-4.318099945263541,5.255770974522461,5.992021713873596
9,10,crash_ground,24,0.125,False,-2.3738536358904074,3.3533770607187363,30.604473401132882
9,10,crash_ground,34,0.125,False,-3.87555138896444,4.050827988817392,19.647112158040514
9,10,crash_ground,26,0.125,False,-3.3093289514880806,4.0617417196060375,24.218413916925147
9,10,crash_ground,18,0.125,False,-3.7044404118958236,3.8287334861713127,8.521805427945536
9,10,crash_ground,18,0.125,False,-5.404379824489717,5.734618257090763,3.245450301274294
9,10,success,24,0.125,False,-3.5781670390824205,3.7332403102054297,13.847086876508211
9,10,crash_ground,33,0.125,False,-3.0594831014659096,3.9743517105678943,7.96011296360976
9,10,crash_ground,24,0.125,False,-3.528100959615103,3.535047659175432,12.915335783213097
9,10,crash_ground,27,0.125,False,-3.66935404019521,4.112049024752002,1.0189604853905823
9,10,crash_ground,23,0.125,False,-2.877622240338,3.88863718798285,16.839113655352612
9,10,crash_ground,22,0.125,False,-4.641882828155764,4.736573855860311,7.500642864038284
9,10,crash_ground,33,0.125,False,-3.439105292221695,4.137439597012891,18.532691686141373
9,10,crash_ground,33,0.125,False,-4.398681582368017,5.1376638106633425,8.590897523173556
9,10,crash_ground,21,0.125,False,-4.0500605929427556,4.564513021764948,14.7876412317592
9,10,crash_ground,21,0.125,False,-2.886324626839195,3.411537089094091,22.972801941198373
9,10,crash_ground,25,0.125,False,-3.070357798695817,3.970220890365961,14.666146963945337
9,10,crash_ground,18,0.125,False,-3.335655202648029,3.5538486136123555,25.16555927479746
9,10,crash_ground,33,0.125,False,-2.8089879969415397,3.772986272639657,16.684540800513115
9,10,crash_ground,33,0.125,False,-3.8894467487672695,4.6849573606230805,15.161209260163417
9,10,crash_ground,22,0.125,False,-4.182399502194684,4.769432307145922,10.20218641604663
9,10,crash_ground,24,0.125,False,-4.779500853663826,5.6407524310485115,14.971536729294355
9,10,success,13,0.125,False,-2.2511797845981563,4.490463946238815,32.60209886311921
9,10,crash_ground,31,0.125,False,-3.0049361748049574,3.021533103994632,11.912739250293551
9,10,crash_ground,26,0.125,False,-3.116844433026036,4.631366601875276,19.2858197442158
9,10,success,20,0.125,False,-4.080315597878212,4.23237842158442,12.901598827342328
9,10,crash_ground,18,0.125,False,-3.355620451352315,4.402491754252409,10.791158527845178
9,10,crash_ground,22,0.125,False,-3.8731495711108073,4.408508074393974,14.239210521681763
9,10,crash_ground,31,0.125,False,-3.361115727772365,4.18322064806864,21.75835338689325
9,10,crash_platform,22,0.125,False,-2.1267584334366014,2.9461419848642802,40.11452957715176
9,10,crash_ground,30,0.125,False,-3.3965366105708616,3.8208097958636182,12.813195366350778
9,10,crash_ground,31,0.125,False,-3.3907223124654364,4.10006586894707,43.071127441926706
9,10,crash_ground,23,0.125,False,-6.047531516999454,6.4978237263145004,4.94550667192081
9,10,crash_ground,23,0.125,False,-3.128716507043222,4.66475258712293,26.41063336516421
10,10,crash_platform,23,0.125,False,-2.4941799532730307,3.100643164716343,27.53517655291565
10,10,crash_ground,23,0.125,False,-6.602447665472889,7.101050603726271,12.58691015413813
10,10,crash_ground,19,0.125,False,-3.991949681952189,4.029991455721249,8.496912117523431
10,10,crash_ground,27,0.125,False,-3.1130411031538334,3.1788558003178786,22.501401736718115
10,10,crash_ground,18,0.125,False,-4.019065757528184,4.068138740175777,17.178866774084483
10,10,crash_ground,24,0.125,False,-2.91414191881016,4.553503083313697,51.44682098224887
10,10,crash_ground,21,0.125,False,-4.200318186937805,4.457134904387109,29.63917771269343
10,10,crash_ground,27,0.125,False,-3.269948432341456,4.0384792129280545,29.10776860706302
10,10,crash_ground,21,0.125,False,-4.3956310066804,4.503341328113312,4.167665330249772
10,10,crash_ground,20,0.125,False,-3.3941567983152225,3.4180947592760695,15.5899781814315
10,10,crash_ground,22,0.125,False,-5.80780146574566,6.25600694116034,4.460184540252182
10,10,crash_ground,20,0.125,False,-4.877882820227315,5.1847850472373445,18.532439337672507
10,10,crash_ground,26,0.125,False,-3.8392958684185077,3.9406142467319727,11.361101091100277
10,10,crash_ground,27,0.125,False,-2.4530831035098775,3.0434803745890004,30.75784115428095
10,10,crash_ground,33,0.125,False,-4.085830240502205,4.608446629204254,35.2697750300737
10,10,success,23,0.125,False,-3.804706583351382,4.26011315223488,44.832597002664066
10,10,crash_ground,18,0.125,False,-4.11911677270989,4.194728208624521,2.438789380836486
10,10,crash_ground,19,0.125,False,-3.1350480095946285,3.3995687355415622,5.237376810295431
10,10,crash_ground,23,0.125,False,-4.223104493587872,4.353048377356059,19.629927929014894
10,10,crash_ground,28,0.125,False,-3.6405315216499954,4.911852657846282,10.039146076205364
10,10,crash_ground,21,0.125,False,-4.4124747446142285,4.953279364601297,15.511898448636805
10,10,crash_platform,20,0.125,False,-3.1266677743919606,4.393927158764428,20.0963365811945
10,10,crash_ground,36,0.125,False,-2.977407061873331,3.7470363469415355,23.110778483005124
10,10,crash_ground,28,0.125,False,-3.6521709376453613,4.0104011220478455,8.971971516697284
10,10,crash_ground,30,0.125,False,-2.8565138628169375,2.9911408050998194,38.274751192847745
10,10,crash_ground,26,0.125,False,-4.241842806177894,4.984432377437608,4.19598340497069
10,10,crash_ground,29,0.125,False,-4.024810597536385,5.20366147723899,14.134432808628016
10,10,crash_ground,24,0.125,False,-3.337567727207764,4.502851973174928,3.4757672641392294
10,10,crash_ground,25,0.125,False,-4.686401560859193,5.70930137428023,3.0985806064855406
10,10,crash_ground,12,0.125,False,-4.088147690772636,4.110326624881942,5.461776025859708
10,10,success,26,0.125,False,-3.438967158694677,3.709788066265435,1.9732500746006147
10,10,crash_ground,29,0.125,False,-4.447846004421371,4.590294750607098,2.373505246876849
10,10,crash_ground,18,0.125,False,-3.062227335391829,3.1135653294648478,31.072796840192634
10,10,crash_ground,28,0.125,False,-3.508368593107571,4.894543936444434,2.0968469773663196
10,10,crash_ground,17,0.125,False,-3.4223073525463836,4.4975630968928355,35.584123263128156
10,10,crash_ground,22,0.125,False,-9.259070552985175,9.731471484118298,43.76658357003574
10,10,crash_ground,27,0.125,False,-3.614000809858646,3.842698554469302,9.675950536849626
10,10,crash_ground,20,0.125,False,-3.573587387943741,4.653196889198827,15.06251225001475
10,10,success,16,0.125,True,-3.333374572856947,3.8814061074417388,5.469010375400626
10,10,crash_ground,31,0.125,False,-4.166006588112464,4.528093740198528,7.307926988766858
10,10,crash_ground,20,0.125,False,-3.193686248423945,3.468856248681068,11.345318605565742
10,10,crash_ground,23,0.125,False,-4.876865285691229,5.266479072781293,7.416077647338353
10,10,crash_ground,21,0.125,False,-2.9801593165407154,4.431055496595802,25.785001056255638
10,10,crash_ground,32,0.125,False,-2.7973904098690436,3.1079885268457783,26.78311876854431
10,10,crash_ground,24,0.125,False,-4.166498546445798,4.5701211429677056,20.8983690667577
10,10,crash_ground,27,0.125,False,-2.760686975299467,3.3916212998366757,27.647436471523374
10,10,crash_ground,18,0.125,False,-3.936820787068043,4.29714870422189,24.527714809164028
10,10,crash_platform,21,0.125,False,-3.037603023846076,3.697190210930434,20.42369899173546
10,10,crash_ground,19,0.125,False,-3.96790921852454,4.160606427744167,5.809521160546331
10,10,crash_ground,33,0.125,False,-4.112519062537981,5.054625293174877,15.100967834760596
10,10,crash_ground,28,0.125,False,-4.215492134874375,4.476708012772417,5.73900249258739
10,10,crash_ground,29,0.125,False,-1.7401261476705945,2.9217161281723074,34.62601621970574
10,10,crash_ground,32,0.125,False,-3.375628100473201,4.547691365179957,18.234422561634084
10,10,crash_ground,24,0.125,False,-3.4038072725632875,4.168075443419168,7.607411255161696
10,10,crash_ground,26,0.125,False,-3.7411691409881036,4.425625757482549,33.59061304244335
10,10,crash_ground,15,0.125,False,-4.231420683027332,4.3403191894733215,11.994219394578032
10,10,crash_ground,30,0.125,False,-3.9112693720595453,4.062587493961916,15.167703172741543
10,10,crash_ground,19,0.125,False,-4.035227661926496,4.145232229857724,22.702759900244917
10,10,crash_ground,23,0.125,False,-3.67639730552297,3.9109023631351056,14.35372840870461
10,10,crash_ground,28,0.125,False,-3.6411078073662932,3.9881138830336873,15.441400025209788
10,10,crash_ground,24,0.125,False,-5.542238804658112,5.821771024826489,18.945569776133862
10,10,success,21,0.125,False,-3.856417088072672,3.8945341533251323,6.777533959702575
10,10,crash_ground,20,0.125,False,-4.239419730105555,4.587028551802443,11.421780744176239
10,10,success,16,0.125,True,-2.464635731980048,2.9128185737138086,38.834992590432606
10,10,crash_ground,22,0.125,False,-3.406963400157058,4.147641092272826,21.982101317701847
10,10,crash_ground,27,0.125,False,-2.7195594533605805,3.8602176935122956,29.53539375976635
10,10,crash_ground,15,0.125,False,-2.6491571807754246,2.978025362070728,37.79747667862209
10,10,crash_platform,14,0.125,False,-2.183517781364724,2.4557395157540696,40.071498162962946
10,10,success,10,0.125,False,-2.9655798330605934,3.1615286350347485,24.768366919730834
10,10,crash_ground,29,0.125,False,-4.139119879334892,4.257013655623456,2.6007873634232546
10,10,crash_ground,22,0.125,False,-3.0902945657689664,3.5551321688213737,25.35968734037177
10,10,crash_ground,33,0.125,False,-5.269784675883452,5.877669280784443,12.174221330752541
10,10,crash_ground,16,0.125,False,-7.069174530571983,8.16162785598586,56.44523726882923
10,10,crash_ground,18,0.125,False,-3.824303687373289,4.584185319702745,2.7513666414805154
10,10,crash_ground,20,0.125,False,-3.2627548515053184,4.249051587708164,3.8326091754284013
10,10,crash_ground,30,0.125,False,-3.859917123963222,4.19418938756185,6.388585671954651
10,10,crash_ground,13,0.125,False,-3.5577046743743956,3.560344558993648,7.352535377503086
10,10,success,21,0.125,False,-2.383893822182408,2.57361381408675,22.098601829809017
10,10,crash_ground,22,0.125,False,-4.194915619812187,4.386785837924573,14.555583643472188
10,10,crash_ground,16,0.125,False,-3.8253847687568534,4.109800690416739,17.174713701989635
10,10,crash_ground,22,0.125,False,-3.3342854394800296,3.3393796509036267,31.342315947700733
10,10,crash_ground,24,0.125,False,-4.668548220605922,5.124042049434942,12.326094987528919
10,10,crash_ground,28,0.125,False,-3.554041935618758,4.0159274155019276,19.018297235836727
10,10,crash_ground,26,0.125,False,-3.376951639453872,3.744823391874643,22.615221047206923
10,10,success,14,0.125,True,-3.011775320448678,4.040085706778772,17.349157371107175
10,10,crash_ground,31,0.125,False,-4.525147959461726,5.074815101715098,15.827670115190397
10,10,crash_ground,21,0.125,False,-2.9948590022562285,3.902146498692203,13.656518304172847
10,10,crash_ground,24,0.125,False,-5.925485749816769,6.117832074560243,6.025050787551039
10,10,crash_ground,23,0.125,False,-4.868222408604659,5.460665836261266,5.841187222687292
10,10,crash_ground,25,0.125,False,-3.8409088988258033,4.119761691520234,8.1673602040787
10,10,crash_ground,31,0.125,False,-3.980373422011402,3.9998422630938397,13.09870095980172
10,10,crash_ground,29,0.125,False,-3.336240366071937,3.5230801573135446,12.201514188773036
10,10,crash_ground,23,0.125,False,-4.434389328949774,4.897932316072429,15.94975381467615
10,10,success,16,0.125,True,-3.6976503450865703,3.8494740887472596,24.802486307582015
10,10,success,16,0.125,True,-3.7860991070451115,5.209234618683849,17.348673915235334
10,10,crash_ground,35,0.125,False,-3.794316465106746,4.404371929598774,3.6849817279769534
10,10,crash_ground,27,0.125,False,-1.8437835179058606,2.5885802956655626,31.96767140954091
10,10,success,15,0.125,True,-3.9476660134210273,4.313391122349207,6.551944404747115
10,10,crash_ground,28,0.125,False,-4.416062024763797,5.2271461846580225,14.625153126756704
10,10,crash_ground,22,0.125,False,-3.5334253645936164,3.6556449275669776,12.356761218773688
10,10,crash_ground,24,0.125,False,-4.453145390081873,4.94902861429949,3.6119818428617783
10,10,crash_ground,25,0.125,False,-5.109608601797121,5.830133034564747,6.617815559244963
10,10,crash_ground,26,0.125,False,-4.525579177172457,4.840743436010876,11.610291460119248
10,10,crash_ground,27,0.125,False,-3.9540872166253065,4.2497065127580695,14.906190256887514
10,10,crash_ground,17,0.125,False,-3.6822841357949714,3.7385007584849,10.103409637867133
10,10,crash_ground,29,0.125,False,-4.7537864931434575,5.444775365973263,20.912003927555155
10,10,crash_ground,25,0.125,False,-4.35964166259568,6.369824819386246,17.710117332145373
10,10,crash_ground,24,0.125,False,-3.085763335340689,3.5919645992190454,11.99613139077933
10,10,crash_ground,25,0.125,False,-3.5695527597405547,4.2745178156643355,34.05361352828456
10,10,crash_ground,24,0.125,False,-2.4348575733603957,3.1381751431386182,20.990259448339607
10,10,crash_ground,23,0.125,False,-2.9740898377464053,3.173533284811676,18.224359794663805
10,10,success,19,0.125,True,-3.9553609594243184,4.496035740610899,19.728276977859416
10,10,crash_ground,14,0.125,False,-2.991123890278982,3.5813263009697427,40.0282009181265
10,10,crash_ground,32,0.125,False,-4.003463472261058,4.180101052850486,4.970315834050921
10,10,crash_ground,20,0.125,False,-5.929786829460339,6.755212558199396,4.1823572691781346
10,10,crash_ground,22,0.125,False,-3.387177739079579,4.2161892556895815,6.63369376495875
10,10,crash_ground,23,0.125,False,-4.679684073699812,5.356154437619837,7.172396626113357
10,10,crash_ground,22,0.125,False,-4.44617442111641,4.754647645293803,9.65924646041743
10,10,crash_ground,16,0.125,False,-4.490825294541365,4.596487532684664,5.224517679216312
10,10,crash_ground,25,0.125,False,-4.169500034093634,4.449262422517259,4.000975108134911
10,10,crash_ground,35,0.125,False,-3.145855222418159,3.9153133795682318,15.854201299419586
10,10,crash_ground,16,0.125,False,-4.5182348293912105,4.818359993319482,2.7547766335649464
10,10,crash_ground,22,0.125,False,-7.4985475256975285,7.935882196583998,7.270549198828436
10,10,crash_platform,20,0.125,False,-4.662823115138134,5.159509801766253,13.232868002064043
10,10,crash_ground,31,0.125,False,-3.8515955245290407,5.391963045340782,5.184217504057401
10,10,crash_ground,24,0.125,False,-3.6539742764732615,4.188697096553759,21.413245802786875
10,10,crash_ground,24,0.125,False,-4.212825084936459,5.779621973712364,9.737159982131471
10,10,crash_ground,19,0.125,False,-2.982652687198306,3.1627269565183767,25.183132832757014
10,10,crash_platform,14,0.125,False,-2.3938893528530074,3.684419402119849,41.823296174416654
10,10,crash_ground,29,0.125,False,-4.156345890652607,4.834924408301564,14.066572329945368
10,10,crash_ground,21,0.125,False,-3.693658417361519,3.8427632357090515,7.444022887537672
10,10,crash_ground,29,0.125,False,-5.236661309927516,7.0730829668348125,18.848688264381888
10,10,crash_ground,21,0.125,False,-3.3914504508294425,3.76650424239987,17.18673517934088
10,10,crash_ground,21,0.125,False,-5.079987452974637,5.13790088181153,17.744238053317012
10,10,crash_ground,32,0.125,False,-2.851170831243254,3.221386258161146,18.132111485544694
10,10,crash_ground,18,0.125,False,-3.933017975061167,4.418780693315203,14.265266483361406
10,10,crash_ground,20,0.125,False,-2.827648497752948,3.51894004759719,7.701041051273102
10,10,crash_ground,12,0.125,False,-3.7750770474404307,3.809534265879411,11.454096317619822
10,10,crash_ground,23,0.125,False,-3.8826212097597175,4.650059992539037,17.194476929660723
10,10,crash_platform,20,0.125,False,-1.8846358873618119,3.5006445317180908,45.327192568511755
10,10,crash_ground,25,0.125,False,-4.853302746098297,5.213773453313381,14.391341195163038
10,10,crash_ground,19,0.125,False,-3.6602730585106915,3.6812277211033915,7.959789886459637
10,10,crash_ground,23,0.125,False,-3.049291113796198,3.5845254368875303,14.713416832655364
10,10,crash_platform,19,0.125,False,-4.742963070157431,5.254093774962908,4.878613190923342
10,10,crash_ground,32,0.125,False,-2.536054158216115,2.983395141785213,30.238697849383026
10,10,success,19,0.125,True,-3.0758676340919524,3.690471030184273,12.299741324747549
10,10,crash_ground,30,0.125,False,-3.9044192708385963,4.227388624175706,1.113203794796088
10,10,crash_ground,30,0.125,False,-4.140352407878899,4.772818224592866,8.088871748241612
10,10,crash_ground,26,0.125,False,-4.073061490114296,4.127321810436701,18.065070692545962
10,10,crash_ground,15,0.125,False,-3.2452763090107664,3.7783779632685435,14.627722525882207
10,10,crash_ground,22,0.125,False,-4.675510665547806,5.070248583391855,5.729230485540944
10,10,crash_ground,20,0.125,False,-3.4060080045203693,3.6357272126866094,15.78019874658366
10,10,crash_ground,23,0.125,False,-4.010109964973862,4.322470838425907,9.581340008400852
10,10,crash_ground,25,0.125,False,-4.699396520725851,5.551187757893588,6.249114153396591
10,10,crash_ground,28,0.125,False,-2.9134632513230607,3.4216708345900653,6.406258239921501
10,10,crash_ground,34,0.125,False,-4.620531090296718,4.801120716199673,21.79397273382284
10,10,crash_ground,32,0.125,False,-4.004175929439362,4.244191803485506,4.505474649549629
10,10,crash_ground,18,0.125,False,-3.158685371643543,3.33920039772685,22.583055196124235
10,10,crash_platform,24,0.125,False,-6.4934031625096775,6.807631820477191,68.03710408471102
10,10,crash_ground,23,0.125,False,-4.770011467753876,5.68606343133302,20.900579217766897
10,10,crash_ground,27,0.125,False,-2.9908708663815426,3.0710975546082557,5.1149728055614085
10,10,crash_ground,21,0.125,False,-2.7991528591664947,3.627952272603861,6.666413559755512
10,10,crash_ground,25,0.125,False,-4.670798805653534,5.284448176760859,1.711717136309757
10,10,tilt,9,0.125,False,-4.4195374244323276,4.932118194889396,80.15190707975515
10,10,crash_ground,28,0.125,False,-4.033948412801144,4.433732530702419,22.034295006372762
10,10,crash_ground,14,0.125,False,-4.675040968050627,5.00947404580656,8.303044553170363
10,10,crash_ground,28,0.125,False,-3.36260020186761,3.7379014361952536,19.632423172474564
10,10,crash_ground,17,0.125,False,-3.6102717396344035,4.512218138325529,11.989899270463729
10,10,crash_ground,27,0.125,False,-3.750960501587684,3.8311881538934225,15.908704734805195
10,10,crash_ground,22,0.125,False,-3.9032325878592653,4.865498114156627,9.084902514688517
10,10,crash_platform,18,0.125,False,-5.588015268818988,6.306604260639569,72.17659705691733
10,10,crash_ground,26,0.125,False,-5.065758890043746,5.584405432870394,26.87122815888081
10,10,crash_ground,24,0.125,False,-3.8825326018914748,4.041244011043918,16.644771261469522
10,10,crash_ground,32,0.125,False,-3.8254383912132317,4.729056246180346,23.51765126117639
11,10,crash_ground,14,0.125,False,-8.408679712276635,9.006419623690919,15.884763001345444
11,10,crash_ground,23,0.125,False,-3.5287678889631704,5.178517309161738,23.08765094623202
11,10,crash_ground,37,0.125,False,-3.872591783033658,4.180335733460275,34.5286111495701
11,10,crash_ground,16,0.125,False,-4.575568181800006,4.617598632523997,4.550192869569697
11,10,crash_ground,19,0.125,False,-3.6787123720219004,4.212876104955127,13.16158089743373
11,10,crash_ground,26,0.125,False,-3.3377005210178106,3.638356313573373,13.244429916864302
11,10,crash_ground,21,0.125,False,-2.950953442509197,3.84515681145762,12.592590317205538
11,10,crash_ground,23,0.125,False,-4.351485865622948,5.749790915750606,7.9148986599131135
11,10,crash_ground,21,0.125,False,-4.675328436119549,5.055144946429305,3.245196023303946
11,10,crash_ground,31,0.125,False,-2.873803084945491,3.309876276197916,42.779216016843705
11,10,crash_ground,29,0.125,False,-4.990923861238264,6.544268916966458,2.574850822846085
11,10,crash_ground,17,0.125,False,-4.08378833901047,4.237818055993116,25.59007568716994
11,10,crash_ground,21,0.125,False,-5.080243225525187,5.514071138571149,4.844758189246386
11,10,crash_ground,26,0.125,False,-3.867247383011995,5.060744120564122,2.539182466947298
11,10,crash_ground,14,0.125,False,-4.316904126511196,5.01102406238003,5.628132056885528
11,10,crash_ground,30,0.125,False,-4.052748347391289,4.593890883982851,17.202365639036657
11,10,crash_ground,20,0.125,False,-3.9611844062433224,4.456235186542566,7.707952266923217
11,10,crash_ground,34,0.125,False,-3.3105662724564584,3.818995155730322,8.834816628416048
11,10,crash_ground,19,0.125,False,-4.173393216460504,4.719181253637719,2.842345234865066
11,10,crash_ground,20,0.125,False,-3.935620954635959,4.654487348000812,22.187749995227176
11,10,tilt,27,0.125,False,-4.94116842372164,5.167153499988038,80.96629575667993
11,10,crash_ground,19,0.125,False,-3.991545973861828,4.210340635633509,19.279884206382025
11,10,crash_ground,18,0.125,False,-3.794965563843358,3.81500401226292,37.855493540626576
11,10,crash_ground,29,0.125,False,-2.9624938736458084,3.3424961810494764,9.410766374885567
11,10,success,24,0.125,True,-4.603103302038221,4.774759708308003,3.9387021362981183
11,10,crash_ground,19,0.125,False,-3.425796136667964,4.335025829358358,34.844543644227485
11,10,crash_ground,26,0.125,False,-3.1076889851212357,4.066544002418453,26.662499447001537
11,10,crash_ground,19,0.125,False,-5.329113895380217,5.872998621869239,3.7750818931083288
11,10,crash_ground,25,0.125,False,-4.663871016945514,4.686970569286741,6.735538349044466
11,10,crash_ground,17,0.125,False,-3.48160288895709,4.198619398694396,18.962055241881313
11,10,crash_ground,20,0.125,False,-2.8799978509817294,3.7107375492889227,13.370330540240687
11,10,crash_ground,27,0.125,False,-3.647217061244083,4.2678746778510535,4.141874498994926
11,10,crash_ground,27,0.125,False,-4.545942829600183,5.119625653425122,20.41116412202209
11,10,crash_ground,32,0.125,False,-3.6592576507917665,4.089108645063845,36.222863380727304
11,10,crash_ground,12,0.125,False,-4.367322681358717,4.736355864871123,3.229215685978243
11,10,crash_ground,26,0.125,False,-3.8133533689736434,4.58496425030259,6.5050134714638075
11,10,crash_ground,23,0.125,False,-3.49289902168127,3.741666222773181,15.379010712600753
11,10,crash_ground,25,0.125,False,-4.145554178180526,4.7427290300081815,9.48517291599097
11,10,crash_ground,18,0.125,False,-3.3878530272845966,4.672898016451492,19.097786947882057
11,10,crash_ground,21,0.125,False,-5.03386110600369,7.030651607792685,38.40800724346346
11,10,crash_ground,32,0.125,False,-4.885214459878839,5.427507501454615,9.374451940941464
11,10,crash_ground,15,0.125,False,-2.696052903842294,3.1871122414774637,17.924591751617612
11,10,crash_ground,16,0.125,False,-5.17817416603151,6.182101012041508,13.344667228660043
11,10,crash_ground,13,0.125,False,-3.363832296546424,3.491767605935388,32.65317821079453
11,10,crash_ground,25,0.125,False,-3.8673981509553768,4.085230407252151,2.578499431249939
11,10,crash_platform,24,0.125,False,-3.4040371463688994,3.658262285877073,13.068417351297228
11,10,crash_ground,26,0.125,False,-4.931614070285711,5.220823348380324,17.249860175916798
11,10,crash_ground,25,0.125,False,-6.087134938001697,7.153129500363406,51.028454190342224
11,10,success,26,0.125,True,-2.978624785529233,3.740457787629522,14.41127635898962
11,10,crash_ground,16,0.125,False,-2.692320482828147,3.2259977969192883,31.843136620700683
11,10,crash_ground,18,0.125,False,-3.163767518422434,3.716556397330524,23.772168049905872
11,10,crash_ground,26,0.125,False,-4.833212448496076,5.369214148643274,3.637398197866362
11,10,crash_platform,19,0.125,False,-3.0623790039405225,3.49473907670633,33.69892727262841
11,10,crash_ground,27,0.125,False,-3.3430041641704173,3.5467226520691395,14.748273626829063
11,10,crash_platform,19,0.125,False,-4.351055173620664,4.480383961081574,25.616271950902014
11,10,crash_ground,27,0.125,False,-4.40902540347684,4.888762089219735,8.10405127071455
11,10,crash_ground,26,0.125,False,-3.2911178039647084,4.495244273636332,14.956186157690587
11,10,crash_ground,18,0.125,False,-4.89277225401154,5.244910012445198,21.53117985034703
11,10,crash_ground,26,0.125,False,-3.798585261714183,3.955459156309643,16.743386078883397
11,10,crash_ground,18,0.125,False,-3.741011099643253,3.920074954862881,6.658002671719122
11,10,success,27,0.125,True,-3.0430831916560583,4.2566048972538795,9.479963209004346
11,10,crash_ground,28,0.125,False,-5.208836157126454,5.879683046789057,10.49303875313624
11,10,crash_ground,30,0.125,False,-3.857283105519283,4.1866576264889925,4.671864461587546
11,10,crash_ground,19,0.125,False,-4.702363803514942,5.065796211242759,1.4407734545011655
11,10,crash_ground,29,0.125,False,-4.643479195395038,5.227490923079714,12.933169393508173
11,10,success,18,0.125,True,-3.827514445539617,3.835093107006571,23.852453977285478
11,10,crash_ground,26,0.125,False,-3.5337561539399287,4.646347069956945,2.9969386330685572
11,10,crash_ground,16,0.125,False,-3.269119345360843,3.838073297997077,15.404829058914585
11,10,crash_platform,21,0.125,False,-2.511467173576036,2.844177238088674,37.57754223785993
11,10,success,25,0.125,True,-3.352977246419285,3.506415514674676,12.537675740607082
11,10,success,20,0.125,False,-4.743054344056731,4.835643777443238,12.160571990136283
11,10,crash_ground,23,0.125,False,-2.982540753750136,3.335939014359278,25.698969250576546
11,10,crash_ground,37,0.125,False,-3.6025376627386114,3.637887952509208,7.200419608208671
11,10,crash_ground,22,0.125,False,-4.221371606806371,4.889968824025846,41.96857850912425
11,10,crash_ground,15,0.125,False,-2.764713040329718,3.084562723493548,5.481798395624006
11,10,crash_ground,13,0.125,False,-7.199825479600277,7.511541507914775,20.14287031879843
11,10,crash_ground,25,0.125,False,-3.6429791077521054,4.089604801561361,18.014587203996353
11,10,success,15,0.125,False,-2.1290484534097738,3.03186891673381,36.171678915674725
11,10,crash_ground,23,0.125,False,-3.6336771490406554,3.7917291640638213,12.835588250859034
11,10,crash_ground,25,0.125,False,-4.134214291651353,4.855756623758173,1.4863347087646186
11,10,crash_ground,28,0.125,False,-3.5792653183393064,4.9253840481684845,9.012505215383932
11,10,crash_ground,28,0.125,False,-4.189761516158483,5.484650184931787,4.597712365010276
11,10,crash_ground,30,0.125,False,-4.448968197198935,4.605414103650948,4.995202561382344
11,10,crash_ground,18,0.125,False,-2.984136124711958,3.663275144051807,20.304896186906294
11,10,crash_ground,28,0.125,False,-4.105548859206826,4.32254266175505,9.38372033617389
11,10,crash_ground,18,0.125,False,-3.647068171493806,4.762962283659299,33.803398162478466
11,10,crash_ground,21,0.125,False,-2.475065912669297,2.901397075040531,29.18789798088839
11,10,crash_ground,30,0.125,False,-3.6326256473565883,4.3795303482416825,17.320772382369036
11,10,crash_ground,17,0.125,False,-3.608737226121816,3.6852633238158465,20.466378363641923
11,10,crash_ground,32,0.125,False,-4.195267377406741,4.608887774386171,3.4953925670224653
11,10,crash_ground,33,0.125,False,-3.935460497128335,4.329871982141256,13.054383516911471
11,10,success,14,0.125,False,-2.475802561170512,3.5292175932051597,31.02058215534135
11,10,crash_ground,25,0.125,False,-5.161260231535239,6.134158535425926,13.132939514340013
11,10,crash_ground,15,0.125,False,-2.9534892236475145,3.065472756011818,18.306363857713084
11,10,crash_ground,26,0.125,False,-6.198462196923847,6.473348046546786,16.4325181500791
11,10,crash_ground,24,0.125,False,-3.642361698266905,4.255998530757425,26.837666693336153
11,10,crash_ground,29,0.125,False,-5.21240563901456,5.239728981615346,11.1291241433159
11,10,crash_ground,21,0.125,False,-3.493938016456152,4.306104378988024,18.951959164479472
11,10,crash_ground,22,0.125,False,-3.4794737184033835,4.262528523603536,24.341076359460416
11,10,crash_ground,25,0.125,False,-4.262352468317656,5.342564714964596,6.095657770307176
11,10,crash_ground,26,0.125,False,-3.0587517957661166,4.271513260982502,18.08217153624475
11,10,crash_ground,29,0.125,False,-4.126234966752167,4.38596777589141,2.875775886023984
11,10,crash_ground,36,0.125,False,-3.9396304621812357,4.152862586721516,14.096540777604083
11,10,crash_ground,30,0.125,False,-4.156195923984888,5.261467470254243,29.45490271301705
11,10,crash_ground,24,0.125,False,-4.356393237942982,4.380140051205602,13.613181871952921
11,10,crash_ground,37,0.125,False,-3.986226106366276,4.08615560998303,12.435016383997844
11,10,tilt,8,0.125,False,-3.3735523384585036,3.777861818980098,80.09515802381067
11,10,crash_ground,17,0.125,False,-2.7324795848916996,3.205930892887172,24.043413992120886
11,10,crash_platform,16,0.125,False,-4.289175423200023,4.820114806542987,15.065663056284729
11,10,crash_ground,25,0.125,False,-3.909482817032915,4.121747460506355,5.036791828798706
11,10,crash_ground,13,0.125,False,-4.200266274429609,4.248991817649664,1.4166125154818416
11,10,crash_ground,20,0.125,False,-3.87934624975997,4.130257330141789,11.573237430272792
11,10,crash_ground,24,0.125,False,-4.085829073929242,4.533837532837581,33.884685890098915
11,10,crash_ground,23,0.125,False,-4.3801250830637875,5.4622527519733435,3.9740819768136992
11,10,crash_ground,23,0.125,False,-4.263494699691004,4.834143106249636,10.02668571141568
11,10,crash_ground,26,0.125,False,-3.8630633969645602,4.319374428894167,7.310825985103956
11,10,crash_ground,13,0.125,False,-3.587735805872271,4.149379511103517,6.17263618680935
11,10,crash_ground,26,0.125,False,-3.426655644530195,4.522827845508415,12.602542197125576
11,10,crash_ground,19,0.125,False,-4.3023275208376495,4.807196372070599,3.932351131510355
11,10,crash_ground,19,0.125,False,-4.098603995916598,4.601648415558364,6.821397550911293
11,10,crash_ground,29,0.125,False,-4.819144787786308,5.111003069411173,4.7938616243510275
11,10,crash_ground,29,0.125,False,-4.172110065079059,5.507588129897903,8.103965010813482
11,10,crash_ground,25,0.125,False,-3.1475660505399303,4.259562818544193,10.81759761132142
11,10,success,20,0.125,True,-4.1259632144510645,4.201022508168296,9.365004484926342
11,10,crash_ground,27,0.125,False,-3.46597574418437,3.7320340313460187,8.469122151604658
11,10,crash_ground,36,0.125,False,-3.601422226981597,4.863547707152772,14.289648226299889
11,10,crash_ground,27,0.125,False,-4.583452459776645,4.610335602199411,2.10183185480316
11,10,crash_ground,21,0.125,False,-3.4759719941044946,4.099186891151925,8.037655734655639
11,10,crash_ground,34,0.125,False,-3.727535140823239,4.292101438139252,12.48931082730563
11,10,success,17,0.125,False,-3.5138594450163283,3.645616756927201,8.742275714038863
11,10,crash_ground,27,0.125,False,-3.3379353304018715,3.4457651765647563,21.73122342162709
11,10,crash_ground,23,0.125,False,-4.205983089146629,4.880541820644611,20.148507535372573
11,10,crash_ground,21,0.125,False,-9.811446873060584,10.145644868688949,83.39885623656336
11,10,crash_ground,24,0.125,False,-5.636775230964679,6.098937368223181,5.045817590080844
11,10,crash_ground,23,0.125,False,-4.396125139315315,4.56125556601358,25.54035982000016
11,10,crash_ground,19,0.125,False,-8.637761740511834,8.657266615224923,72.68790526314062
11,10,crash_ground,30,0.125,False,-4.194474646396466,5.046470966027754,10.381971579641098
11,10,crash_ground,23,0.125,False,-4.609121744759897,4.92667288197292,15.258548346026396
11,10,crash_ground,28,0.125,False,-5.364588400116451,5.470696063078949,4.888584251187525
11,10,success,31,0.125,False,-4.448526606684648,4.6326793205552885,2.089328490352586
11,10,crash_ground,25,0.125,False,-2.3537959587903647,3.7127620102951666,36.2452962320603
11,10,success,24,0.125,False,-4.605431023288737,4.820101400813999,20.40090288679862
11,10,success,14,0.125,False,-3.3191653506908154,4.118567045639903,28.920629941317245
11,10,crash_ground,32,0.125,False,-2.2316115015519054,2.4407303891256564,19.41251555742917
11,10,crash_ground,32,0.125,False,-4.199503261263474,4.984665921513167,11.25086375636681
11,10,crash_ground,33,0.125,False,-3.1665364415913873,3.750451833740568,7.562375355398278
11,10,crash_ground,18,0.125,False,-3.8531839212294576,4.2323987930461175,13.53300461237078
11,10,crash_platform,13,0.125,False,-4.86279666918174,5.1265257863623095,35.17951012898146
11,10,crash_ground,16,0.125,False,-6.929303178465897,7.995664340021683,8.057422131708945
11,10,crash_ground,28,0.125,False,-3.2211596353177048,4.162301984322281,26.444647580490948
11,10,crash_ground,34,0.125,False,-3.14281517011924,3.459861927223138,24.028399525144685
11,10,crash_ground,15,0.125,False,-3.911872856966648,4.345471480794394,5.333355909236968
11,10,crash_ground,22,0.125,False,-4.193747648099857,4.918413657545128,14.144245592918264
11,10,crash_ground,22,0.125,False,-3.8268650547668135,3.9260579763302452,3.46086124847301
11,10,crash_ground,32,0.125,False,-4.199351920949174,4.887283075756866,35.65084896206644
11,10,crash_ground,19,0.125,False,-4.121068858870498,4.38194252371635,1.4749486629450776
11,10,crash_ground,21,0.125,False,-4.058453371105151,4.128088749736886,6.879519525235231
11,10,crash_ground,21,0.125,False,-2.706743070877638,2.954351965699363,13.257685562167723
11,10,crash_platform,17,0.125,False,-2.746685828872558,3.7186654882343575,8.122065911673207
11,10,crash_ground,30,0.125,False,-4.200139025150849,4.359620502226153,4.255591204987064
11,10,success,27,0.125,True,-4.014902264336931,4.329452728679853,9.060626705280377
11,10,crash_ground,18,0.125,False,-2.5344611906714594,2.6826276450529867,27.880999887665975
11,10,tilt,6,0.125,False,-3.096294846469685,3.702168290871798,80.199574506878
11,10,crash_ground,27,0.125,False,-3.884048923604833,4.527207214244383,11.510800787393952
11,10,success,25,0.125,False,-3.313353592511657,3.403088532971578,4.4527856849043825
11,10,crash_ground,26,0.125,False,-4.607849772127223,5.250382244557864,21.650734829607206
11,10,crash_ground,18,0.125,False,-4.402406801232638,4.593007717457905,8.304882978819732
11,10,crash_ground,27,0.125,False,-3.085894022774708,4.763442358814176,15.089199384054119
11,10,success,18,0.125,False,-3.3598518656801497,3.6977744027265143,19.747018935611276
11,10,crash_platform,24,0.125,False,-3.5428014766902556,4.203777799784467,14.429564159866395
11,10,crash_ground,21,0.125,False,-4.317190873413272,4.7352471946289,7.025289735207553
11,10,crash_ground,17,0.125,False,-3.976076138807601,5.154516906941891,3.107248739964613
11,10,crash_ground,22,0.125,False,-4.551898004543124,4.924122563906146,9.921712010751584
11,10,crash_ground,27,0.125,False,-4.351737708094829,4.496984252018902,32.07064179948193
11,10,crash_ground,31,0.125,False,-3.3240295677527656,4.442846633339176,23.18944205164278
12,10,success,24,0.125,False,-3.580810952873843,3.618036400915033,23.39394905462891
12,10,crash_ground,17,0.125,False,-4.809492475664131,5.00675518844126,4.669507493628555
12,10,crash_ground,37,0.125,False,-2.1156047525035624,2.578160149434826,13.164123972660141
12,10,crash_ground,24,0.125,False,-3.696371035012519,3.8899068017115805,27.65274118794057
12,10,crash_ground,36,0.125,False,-3.1355687708473705,3.540052562317771,12.544380083958876
12,10,crash_ground,22,0.125,False,-3.1025800874401246,3.262366780559401,5.712963505133118
12,10,crash_ground,30,0.125,False,-3.3289370544125148,3.396128705267454,8.209647708763924
12,10,crash_ground,27,0.125,False,-3.0107410027906822,4.505970968530842,12.38659414178023
12,10,crash_ground,21,0.125,False,-2.8525849526130895,3.2249158994256173,23.917767198597936
12,10,crash_ground,20,0.125,False,-3.94882864773392,3.9528835882242386,18.189865713960074
12,10,crash_ground,16,0.125,False,-5.87855542425462,6.1444360476103705,7.111400511225401
12,10,crash_ground,22,0.125,False,-4.215807568943949,4.257582458702299,3.7817327320888445
12,10,crash_ground,18,0.125,False,-3.462101424504564,3.5780274074367715,43.11978993082635
12,10,crash_ground,17,0.125,False,-5.700544894939695,7.20110289924245,5.915774091787978
12,10,crash_ground,20,0.125,False,-2.962815363519325,3.9186508461605403,43.14095358164886
12,10,crash_ground,18,0.125,False,-5.028097662863135,5.443130276245399,5.587095472647727
12,10,success,20,0.125,True,-4.357513958746375,4.5244212367959165,2.1882309037623635
12,10,crash_ground,19,0.125,False,-3.8506693518074724,4.53765531671328,15.252019491109664
12,10,crash_ground,20,0.125,False,-4.139900235772769,4.271086632925571,10.026714841455622
12,10,crash_ground,22,0.125,False,-6.380529031896163,7.196424178553344,6.305591107488192
12,10,success,23,0.125,True,-2.548602365798042,3.325821771971618,19.830295526044992
12,10,crash_ground,23,0.125,False,-3.9838847996331803,4.639565517538503,8.076181603145713
12,10,crash_ground,20,0.125,False,-3.469179706666938,3.7430520775757206,22.874676694493832
12,10,crash_ground,19,0.125,False,-2.9287660114177316,3.326652115939535,39.83493848536537
12,10,crash_ground,24,0.125,False,-4.265810845123163,4.385365202912414,26.10553163225767
12,10,success,26,0.125,False,-2.749529695222675,3.0319440407847087,18.73675756792319
12,10,crash_ground,27,0.125,False,-3.7692921103417203,4.2679513093114245,13.4293735900431
12,10,crash_ground,21,0.125,False,-4.604513146662077,5.5708632079715,9.126523456075754
12,10,success,13,0.125,True,-4.6662755642433495,5.674169493202109,5.203710450749764
12,10,crash_ground,20,0.125,False,-5.252750634608601,5.4048607592803615,22.124074476043113
12,10,success,14,0.125,True,-2.835798735099623,3.4348547075346754,26.52417670832897
12,10,crash_ground,24,0.125,False,-3.4090959973124284,3.841979428511642,18.647938066324773
12,10,tilt,8,0.125,False,-3.7536805568512084,5.159156797875782,80.19356897412112
12,10,crash_ground,27,0.125,False,-4.518121776988471,4.70510153647734,1.7629905743893628
12,10,crash_ground,18,0.125,False,-1.9814750965838654,2.9519496370187657,29.43282732855882
12,10,crash_ground,15,0.125,False,-3.9205168974793674,4.063176339600414,7.873798819670881
12,10,crash_ground,29,0.125,False,-3.2795403186874283,3.7526114154321166,4.356374570539777
12,10,crash_ground,14,0.125,False,-4.243572163731318,4.437474005661668,14.071863809764494
12,10,crash_ground,18,0.125,False,-3.908109961739834,4.0546462259278195,17.391396447728226
12,10,crash_ground,39,0.125,False,-5.41310699811143,6.123157584427505,53.38521284678526
12,10,crash_ground,28,0.125,False,-4.854840381268754,5.351652743155782,4.668302525104229
12,10,crash_ground,23,0.125,False,-3.8304587021096697,3.904926263165029,3.5198257918905784
12,10,crash_ground,16,0.125,False,-3.4610220736901605,3.7467294257337547,6.601546895651619
12,10,crash_ground,29,0.125,False,-3.2823225598263135,3.3845145795233758,20.266416009714856
12,10,crash_ground,18,0.125,False,-3.9366849009915,4.202595649975405,25.225062090382046
12,10,crash_ground,22,0.125,False,-4.0580323098986275,4.1517621392622885,0.4348584015757235
12,10,success,16,0.125,True,-3.5095711044776703,3.932920461124774,6.737041657214927
12,10,crash_ground,30,0.125,False,-2.62517399114696,3.517875388551597,33.28784585073475
12,10,crash_ground,16,0.125,False,-2.4672660697709228,3.047810934563984,50.73941152641926
12,10,crash_ground,15,0.125,False,-4.760524985345743,4.862314805078397,7.838379827995368
12,10,success,26,0.125,False,-2.966607707958322,3.5235886734754303,52.389883804533866
12,10,crash_ground,23,0.125,False,-3.068374556157839,3.5779028554555254,20.14842056906065
12,10,tilt,7,0.125,False,-2.84675518154756,3.399058099784536,80.32785211364153
12,10,crash_ground,17,0.125,False,-3.6689091222417844,3.815282781778382,15.021464203741747
12,10,success,13,0.125,True,-5.675796697751761,6.517744163355311,5.722462898137315
12,10,crash_ground,34,0.125,False,-3.3883790275671695,3.9961227013711746,8.846820835052569
12,10,success,30,0.125,False,-3.9876676388296795,4.0202011392628405,3.7953107911237964
12,10,crash_ground,24,0.125,False,-4.369055878171099,4.827853195815504,9.823903914460942
12,10,crash_platform,21,0.125,False,-3.3766031670985166,4.250619017529396,24.872609615248926
12,10,crash_ground,27,0.125,False,-4.497064818727621,4.641982534678212,5.874132705857263
12,10,crash_ground,22,0.125,False,-4.091135126849826,4.171419349278795,14.364733635061496
12,10,success,18,0.125,True,-3.055777135730435,3.2435057322075855,29.544822112814696
12,10,crash_ground,31,0.125,False,-4.124628826723005,4.178887702491223,12.494538999105721
12,10,crash_platform,21,0.125,False,-1.8202070830089625,2.32770014526329,36.62463972730932
12,10,crash_ground,17,0.125,False,-4.210456481817821,4.280344367309673,6.9188297540193116
12,10,crash_ground,18,0.125,False,-3.0510901743501044,3.081878250639158,24.034404240161372
12,10,crash_ground,13,0.125,False,-3.350053532701769,3.40118959669212,32.566299044641625
12,10,crash_ground,22,0.125,False,-3.806227972471518,4.417209551612412,29.646053522007758
12,10,crash_ground,25,0.125,False,-4.743854660230081,5.848763528138081,3.9056118848463335
12,10,success,22,0.125,True,-5.731860138221403,5.809527112277382,14.004188417212315
12,10,crash_ground,30,0.125,False,-4.231263167844342,4.590191572019761,4.236879433498336
12,10,success,32,0.125,False,-3.6628546144448433,4.634564956403186,27.472851967787545
12,10,crash_ground,24,0.125,False,-4.888937312217936,5.25192789673198,19.421256765601246
12,10,crash_ground,15,0.125,False,-2.97883972581781,3.3330585119635225,16.824439010294125
12,10,crash_ground,29,0.125,False,-4.284949539864284,4.353748175858764,18.85121133450029
12,10,crash_ground,23,0.125,False,-4.88389910314712,5.232319114452884,24.38468109427794
12,10,crash_ground,33,0.125,False,-2.9610204912960802,3.943706366654565,2.007148064692842
12,10,success,21,0.125,False,-3.467299171497655,3.94430962159434,27.113988155685462
12,10,crash_ground,20,0.125,False,-3.360706318508788,4.230512807343286,16.9446724014032
12,10,crash_ground,19,0.125,False,-3.8007815563308545,4.333855576219277,5.938487422427182
12,10,crash_ground,22,0.125,False,-4.188807694289883,4.49718392613122,4.503396657330367
12,10,crash_ground,18,0.125,False,-4.184112202362365,4.97801458912654,34.839867663436706
12,10,success,20,0.125,True,-4.168430001315856,4.4866049594927055,8.147964496013723
12,10,crash_ground,24,0.125,False,-3.918380858905783,4.816892276178337,22.92335311467027
12,10,crash_ground,27,0.125,False,-3.62261069479079,4.1042320976170465,10.904664234457076
12,10,crash_ground,17,0.125,False,-3.4570924068993545,3.892933163197449,24.913913013238805
12,10,crash_ground,23,0.125,False,-3.415609039825213,3.722134026259102,6.7184786387663795
12,10,crash_ground,28,0.125,False,-2.7796521364053612,3.085315728690262,36.73878681543299
12,10,crash_ground,21,0.125,False,-3.4509924065975386,3.841538120960708,39.9047608363551
12,10,crash_ground,25,0.125,False,-3.6585177488780545,3.9248864056406925,8.341918587090854
12,10,crash_ground,18,0.125,False,-3.992291018439906,4.216205209976354,7.5376313136275455
12,10,crash_ground,28,0.125,False,-4.113303228852144,4.3196896131052105,20.263166260831486
12,10,crash_ground,24,0.125,False,-3.9642008372935664,4.149621321696718,13.71898902412444
12,10,crash_ground,30,0.125,False,-4.0643003311495844,4.064379630896027,33.338231871513436
12,10,crash_ground,25,0.125,False,-3.53877157115327,3.627748495165058,3.6817352140947595
12,10,crash_ground,30,0.125,False,-3.9884955356641822,4.0521047827942684,17.148734521782423
12,10,success,23,0.125,False,-4.758913050931482,4.9383020413621095,22.647850378985325
12,10,success,16,0.125,True,-3.511545559799466,3.575941685763881,8.660281182597094
12,10,crash_ground,27,0.125,False,-5.774502616021048,5.854800722554729,8.50345545159327
12,10,crash_ground,28,0.125,False,-3.611669443314394,4.541814951537588,6.937443841550699
12,10,success,18,0.125,True,-3.650120952686233,3.9550934467772993,3.0440932775984635
12,10,crash_ground,36,0.125,False,-4.0715703810748325,4.195620923025373,21.47599967020399
12,10,success,19,0.125,True,-3.6446425558952082,5.60351320757292,10.001849696951133
12,10,crash_ground,27,0.125,False,-3.7293332714248058,3.8586597673307237,25.956468832413144
12,10,success,19,0.125,True,-5.3286864057077254,5.786625704849573,6.261541840385146
12,10,crash_ground,21,0.125,False,-7.280338557660365,7.8760840431553065,1.1747110638388047
12,10,crash_ground,27,0.125,False,-4.6780801580535005,4.934997767100578,5.582969325059916
12,10,crash_ground,24,0.125,False,-3.6980302062919814,3.7408441286391314,14.796671224885229
12,10,crash_ground,12,0.125,False,-3.0023221951320367,3.360913670420401,22.361138813367585
12,10,success,18,0.125,False,-4.7202751127742255,5.62501036226692,49.818676879503755
12,10,crash_ground,27,0.125,False,-3.0605416975079693,3.532196167333016,4.297378032403047
12,10,success,27,0.125,False,-3.530631791001059,3.5622583597208015,16.582114333029896
12,10,crash_ground,20,0.125,False,-3.2919977419398845,3.361136896215245,11.719035643232397
12,10,crash_ground,18,0.125,False,-3.4364631430766597,4.70574707583023,22.492537285722225
12,10,crash_ground,25,0.125,False,-4.189469804219957,5.091493755786843,14.20870414295003
12,10,crash_ground,20,0.125,False,-4.530731931152391,4.8808038596569965,13.746506835137883
12,10,crash_ground,28,0.125,False,-2.7201678507277647,3.1947939674487382,25.24599606718436
12,10,crash_ground,22,0.125,False,-3.5129708352207043,3.526078020334091,2.889352192348297
12,10,crash_ground,13,0.125,False,-3.3119489111834888,3.8758161022712136,9.241365293901868
12,10,crash_ground,20,0.125,False,-3.372172302284421,3.6170529571598258,9.052875024225123
12,10,crash_ground,28,0.125,False,-4.248218705723745,5.06502108280522,5.209464288715977
12,10,crash_ground,31,0.125,False,-4.451133320935669,4.588641498243058,12.899438886006777
12,10,crash_ground,27,0.125,False,-5.076181432280966,5.700950768377148,2.3898925727402567
12,10,crash_ground,26,0.125,False,-3.290784349537123,4.58850403866109,16.958816675691686
12,10,crash_ground,21,0.125,False,-4.7447100746422235,5.272491942574833,52.36406379103925
12,10,success,30,0.125,False,-2.9853714366255035,3.6264640062772737,33.90361524974264
12,10,crash_ground,31,0.125,False,-3.409955395574171,3.758795311176344,15.813033101934327
12,10,crash_platform,20,0.125,False,-3.728316541917083,3.9650801499497303,39.58320582281941
12,10,crash_ground,24,0.125,False,-3.528653234205793,3.689988603319884,26.286488448673026
12,10,crash_ground,15,0.125,False,-5.2766168347166555,6.432448761704355,20.126289796898426
12,10,crash_ground,27,0.125,False,-4.051787846454076,5.041283165085757,3.721423505844149
12,10,crash_platform,19,0.125,False,-5.413871520564579,5.7636550817165855,3.589096389205825
12,10,crash_ground,35,0.125,False,-5.395537025383445,5.56402890390653,4.654848530979313
12,10,crash_ground,19,0.125,False,-4.090612192982802,5.309172353691477,22.317315937991783
12,10,crash_ground,32,0.125,False,-3.0082268752995143,4.706708873583077,32.12806830765755
12,10,crash_ground,23,0.125,False,-4.450610762387024,5.177760623000729,44.70409608459485
12,10,crash_ground,24,0.125,False,-4.4636837229932755,4.509593298085045,18.817747585081186
12,10,crash_ground,24,0.125,False,-4.509419261568792,4.941613724711885,17.25058550251562
12,10,crash_ground,29,0.125,False,-2.969050626994111,4.029726484221945,26.378532606993172
12,10,crash_ground,24,0.125,False,-3.443829034507137,3.516839106876983,26.726716341272727
12,10,crash_ground,26,0.125,False,-3.8524481519911844,4.46662986411575,11.880660925853572
12,10,crash_ground,19,0.125,False,-3.776291057146753,3.826502338883922,8.442460710356686
12,10,success,13,0.125,True,-3.188808716077272,3.839031769111397,12.910887129118
12,10,crash_ground,28,0.125,False,-4.036622603795248,4.8803954651896735,11.29703269291381
12,10,crash_ground,30,0.125,False,-3.4859595211257637,4.668880563579885,7.659067674032167
12,10,crash_ground,19,0.125,False,-8.331359472699226,8.816198059313843,31.71955532226343
12,10,crash_platform,22,0.125,False,-4.7896271126333065,5.426518208370924,5.99627946525002
12,10,crash_ground,15,0.125,False,-3.8874210065796104,4.072921588914717,17.2853122919251
12,10,crash_ground,23,0.125,False,-4.241926210812437,4.26398366723453,14.767498254617545
12,10,crash_ground,29,0.125,False,-2.7238880493061886,3.1087450290601377,20.279208403558357
12,10,crash_ground,22,0.125,False,-6.573591932759723,7.9238039404898375,15.710207365006305
12,10,crash_ground,14,0.125,False,-4.6361799044896355,4.88598539602456,9.030347344255174
12,10,crash_ground,20,0.125,False,-2.8097364701691365,3.436873662337916,33.767120194087745
12,10,crash_ground,24,0.125,False,-3.984643650741548,4.522542374172231,2.7582103812598575
12,10,crash_ground,27,0.125,False,-4.428639463412334,4.539197554013518,42.64044319504849
12,10,success,17,0.125,False,-4.565555248398672,5.049592185095426,12.563128623104047
12,10,success,21,0.125,True,-3.193436607477246,3.490793155704124,10.497366696791431
12,10,crash_ground,24,0.125,False,-4.7737803975954805,4.83838329707851,3.9413812156838826
12,10,success,14,0.125,True,-3.3629370990317633,3.563939141426205,11.446306828877677
12,10,crash_ground,19,0.125,False,-5.026748393299617,5.3987088880200895,4.063494109662299
12,10,crash_ground,35,0.125,False,-2.0125376565510655,2.596452138690426,32.31404379285018
12,10,crash_ground,27,0.125,False,-3.848800598556008,4.288115214791774,12.177492371092983
12,10,crash_platform,16,0.125,False,-3.421460237110436,3.7003437455374844,13.828067528071415
12,10,crash_ground,20,0.125,False,-4.356286917900849,4.86961304416273,15.813519628217746
12,10,crash_platform,22,0.125,False,-3.097255193199937,3.6897441226048384,13.27791817263724
12,10,crash_ground,14,0.125,False,-4.3823277741555176,4.756642297792739,3.6011803330551926
12,10,tilt,14,0.125,False,-4.828224415719715,5.096599046130134,80.59785051831714
12,10,crash_ground,20,0.125,False,-3.3519417147501382,3.900491544734223,11.049301774912616
12,10,crash_ground,22,0.125,False,-5.314711860897854,5.840299720403823,6.71034489030484
12,10,crash_ground,25,0.125,False,-4.776737578202028,5.018268087319816,16.1160914105619
12,10,crash_ground,14,0.125,False,-4.541152091119536,4.920005791781135,14.610821342916372
12,10,crash_ground,23,0.125,False,-3.7738279704640605,4.62998694574089,34.16037613359023
12,10,crash_ground,26,0.125,False,-3.9757801776120054,4.873187615870805,10.837980834955903
12,10,crash_ground,21,0.125,False,-2.6711748929562154,4.2486606990486315,22.546972698085955
12,10,crash_ground,20,0.125,False,-3.8591324793568997,3.9314352588587607,2.0872299761896977
12,10,crash_ground,28,0.125,False,-4.365130123065389,4.80663959080655,14.859626905122813
12,10,crash_ground,32,0.125,False,-4.600251932494411,4.703358542200726,14.4485439675056
12,10,crash_ground,21,0.125,False,-4.004359419494803,4.192340981710616,2.8671895745498173
12,10,tilt,6,0.125,False,-0.4349726266875704,2.1817866665605483,81.16830630058938
12,10,crash_ground,31,0.125,False,-4.266642038613709,4.610048353447795,4.2489656934755216
12,10,crash_ground,30,0.125,False,-3.199533776429981,3.584308494680429,25.041093381074724
12,10,success,14,0.125,False,-3.750127097353583,5.047165243158794,21.1913317326587
12,10,success,22,0.125,True,-3.909708943290449,4.453410501191007,9.211084607353333
13,10,crash_ground,26,0.125,False,-3.341695651774532,5.195871184760703,3.8316533434503066
13,10,crash_ground,30,0.125,False,-4.361910180659041,4.425996709880089,11.370161575582076
13,10,crash_ground,21,0.125,False,-4.998868423538828,5.35947785920907,3.3686641904226504
13,10,crash_ground,25,0.125,False,-4.010332312523633,4.290576090459712,3.4134203480114844
13,10,crash_ground,25,0.125,False,-4.609738907200939,5.056743288017164,4.145780614467162
13,10,crash_ground,19,0.125,False,-3.900250862653432,4.082008849535681,27.142355956618996
13,10,crash_ground,21,0.125,False,-4.425342753837774,4.634112867443423,10.684484780811259
13,10,crash_ground,24,0.125,False,-3.459029873542117,3.6908160473792755,11.03656337239759
13,10,crash_ground,25,0.125,False,-4.674340576743308,5.139493024611409,7.498945686861121
13,10,crash_ground,29,0.125,False,-4.0197148176745765,4.2025697297383,1.3327894755693497
13,10,crash_ground,21,0.125,False,-2.6078264822122654,2.878479577790268,39.10975324812131
13,10,success,18,0.125,False,-3.1590716974314828,3.4182718204974036,5.5683883725534145
13,10,crash_ground,30,0.125,False,-3.7708847999821966,4.830395860128361,7.59251030965583
13,10,crash_ground,18,0.125,False,-7.629592785180235,7.860977969346706,84.29316408560975
13,10,crash_ground,16,0.125,False,-5.1514302581764735,5.680194232845394,12.794149990923065
13,10,success,14,0.125,True,-2.895510115538067,4.165408524482184,23.98635835367285
13,10,crash_ground,19,0.125,False,-4.275909475655833,4.361514255462804,2.9473860701133194
13,10,crash_ground,23,0.125,False,-3.0257654630247233,3.5431721967653544,6.716820899468699
13,10,crash_ground,17,0.125,False,-2.86114146801744,3.4572157131601955,28.056666931045246
13,10,crash_ground,34,0.125,False,-5.0665445319285745,5.658249280582844,10.581816731127535
13,10,crash_ground,28,0.125,False,-4.247794948407209,5.1669929055134025,6.044502258036168
13,10,crash_ground,20,0.125,False,-3.790459799264162,4.012415223627586,13.329519068832223
13,10,crash_ground,26,0.125,False,-4.492015180845203,4.609361919417735,40.880818414549715
13,10,crash_ground,23,0.125,False,-5.077700498931049,5.482481478318468,22.399991167267075
13,10,crash_ground,26,0.125,False,-3.420407615822632,4.315906475541082,17.777502307719836
13,10,success,17,0.125,True,-3.441420141161435,3.6971353819681623,15.470151134807312
13,10,success,21,0.125,True,-3.6589304241078646,3.98420227054659,3.1118171758253235
13,10,crash_ground,23,0.125,False,-3.705618667088802,3.7587626629757183,6.426572172150987
13,10,crash_ground,31,0.125,False,-4.0429360283851565,4.715126660140674,9.56702383704541
13,10,crash_ground,15,0.125,False,-3.572739955724701,3.6827970955621527,12.037904908269232
13,10,success,20,0.125,False,-10.328121383832011,10.487038053734066,47.05549669529044
13,10,crash_ground,15,0.125,False,-6.191333682746168,6.74992844592134,79.58376242505925
13,10,crash_ground,20,0.125,False,-3.0224714963343717,3.0885713475780623,19.14622443651377
13,10,crash_ground,32,0.125,False,-3.6021948293752635,3.7330953126888105,16.570395182835792
13,10,crash_ground,35,0.125,False,-4.613519927080438,4.729242376291126,4.116633687408433
13,10,crash_ground,27,0.125,False,-4.738087913211474,4.839499807018866,13.320073964644417
13,10,crash_ground,23,0.125,False,-2.9760886030425717,3.9684402339714033,20.76140928546514
13,10,crash_ground,18,0.125,False,-3.084853116879407,3.6641769260098016,10.329650785692516
13,10,crash_platform,19,0.125,False,-3.9844175963463377,4.727348068461892,27.217428631590973
13,10,success,17,0.125,False,-10.54332029096142,10.724575360158852,41.44898617411978
13,10,crash_ground,19,0.125,False,-3.6002551180550446,3.7735794467220307,9.730407039360244
13,10,crash_ground,14,0.125,False,-5.59552573420011,5.921509916245189,43.347841538920434
13,10,crash_ground,18,0.125,False,-3.679470705909445,4.106994709385598,8.27317591366601
13,10,crash_ground,20,0.125,False,-4.078707040055501,4.221994438171238,4.068443848291602
13,10,crash_ground,26,0.125,False,-3.544593663219235,4.079279021030147,15.654589629387896
13,10,crash_ground,25,0.125,False,-3.5186089987902447,3.7149617804154778,9.415741831430854
13,10,crash_ground,33,0.125,False,-3.5390242224991613,4.026801230583214,14.83758076190446
13,10,crash_ground,27,0.125,False,-2.843446599619967,4.286640350178389,11.543528477068056
13,10,crash_ground,31,0.125,False,-3.4660718897379743,3.493055791653658,3.246095235466756
13,10,crash_ground,28,0.125,False,-3.6408503102927394,4.141665264340728,30.02774417136684
13,10,crash_ground,26,0.125,False,-3.941457338139196,4.153173180879391,3.935088547949106
13,10,crash_ground,24,0.125,False,-3.610850753642069,3.927605412403307,23.387721684040176
13,10,crash_ground,35,0.125,False,-4.097830912208584,4.86389632369399,18.434549629393583
13,10,crash_ground,23,0.125,False,-4.9878186397972755,5.618257793497691,56.4857274830767
13,10,crash_ground,34,0.125,False,-3.764462945762972,4.89935919794864,4.861661632890211
13,10,crash_ground,30,0.125,False,-3.197862664581241,3.2440710342706067,39.743520491370795
13,10,crash_ground,34,0.125,False,-4.24035707369368,4.32239177126066,24.283257406437414
13,10,crash_ground,18,0.125,False,-3.074988895471677,3.683571444932581,13.893010478935855
13,10,tilt,24,0.125,False,-4.444365405467556,4.797254722655466,81.07402730816682
13,10,success,17,0.125,False,-5.505878434392771,6.041141367390561,5.8081993553735325
13,10,crash_ground,14,0.125,False,-4.136067093062543,4.586531333980334,3.261977171520637
13,10,crash_ground,27,0.125,False,-3.638918271655675,4.0166860704065614,25.130985581960267
13,10,crash_ground,26,0.125,False,-3.3412849242894005,3.5692518362593773,25.086677371524104
13,10,crash_ground,17,0.125,False,-3.1263399558780067,3.5060240996141627,1.0063008573595236
13,10,crash_ground,33,0.125,False,-2.942397951857095,3.6067026289110027,20.59322756980969
13,10,crash_ground,31,0.125,False,-3.30294942052318,3.534837734351508,19.8232755426104
13,10,crash_ground,24,0.125,False,-4.480037838249582,4.791842215712267,2.427505009759467
13,10,crash_ground,25,0.125,False,-4.6032996790801395,5.111186800776965,24.169973460160282
13,10,crash_ground,21,0.125,False,-4.14136709700072,4.384123454310105,3.242485395513224
13,10,crash_ground,23,0.125,False,-4.689865177919951,4.890126180974092,15.624578963104774
13,10,success,20,0.125,False,-3.5723366472252223,3.7038776478307036,3.9098620196294593
13,10,crash_ground,18,0.125,False,-9.347180980189625,9.568686100162227,50.25928940887933
13,10,crash_ground,19,0.125,False,-3.7591564619216125,3.899934611670743,3.8204015159088813
13,10,crash_ground,25,0.125,False,-4.572313021462467,5.312663558816947,9.937231108008259
13,10,crash_ground,26,0.125,False,-3.7671234265266778,4.5301906484334316,11.804148204174561
13,10,crash_ground,21,0.125,False,-4.147664661145876,4.382483868358208,3.720889004556192
13,10,crash_ground,36,0.125,False,-3.5199307045005352,4.794765543437932,9.926901561537985
13,10,success,13,0.125,False,-3.9139902247458362,4.163062698233877,30.717100058659327
13,10,crash_ground,23,0.125,False,-8.083152724302124,8.576128251370582,35.27398381925121
13,10,crash_ground,20,0.125,False,-5.263614906691018,5.47709227312661,6.422076144003968
13,10,crash_ground,30,0.125,False,-3.132211002864216,3.293718972976176,28.833635502483776
13,10,crash_ground,24,0.125,False,-2.758421283628661,3.037171378462575,24.359195432521478
13,10,crash_ground,31,0.125,False,-4.6339757897076685,4.996215949502844,13.068487558226417
13,10,crash_ground,27,0.125,False,-4.686599061562822,5.060079221056122,18.711897727146027
13,10,crash_ground,17,0.125,False,-4.386942015484297,4.432500141518149,51.02428628556854
13,10,crash_ground,31,0.125,False,-3.976211153526333,4.155296490518271,19.287155382554083
13,10,crash_ground,19,0.125,False,-3.3595387120888978,4.036865376828582,20.77037388312639
13,10,crash_ground,29,0.125,False,-4.1658430586191,4.290446012735554,23.581543220563518
13,10,crash_ground,25,0.125,False,-5.058703208096892,5.406061626464802,8.865543529893209
13,10,tilt,18,0.125,False,-3.5021109908281036,4.161895231193936,80.19637684478694
13,10,crash_ground,17,0.125,False,-3.643650892037832,4.057546417605022,8.818228652099538
13,10,crash_ground,27,0.125,False,-3.9714917253922013,4.043689437524304,4.062032443794277
13,10,crash_ground,25,0.125,False,-3.873993464507073,4.353049929426116,10.894202075729256
13,10,success,34,0.125,False,-4.123183981571016,4.767249544702914,7.138922429703501
13,10,crash_ground,23,0.125,False,-4.304426043508666,5.211332912561169,23.041083139773594
13,10,crash_ground,20,0.125,False,-2.3881479140223805,2.4534491435256025,35.026262676482226
13,10,crash_ground,16,0.125,False,-5.600788878518437,5.837584437537077,20.003203473478827
13,10,success,24,0.125,True,-3.4310988941654017,3.569372618332555,7.413242527649405
13,10,crash_ground,17,0.125,False,-3.7855990762624,4.28407071255918,12.685203312299464
13,10,success,23,0.125,True,-2.5140293511116436,2.572672250502091,18.445760767544357
13,10,crash_ground,25,0.125,False,-4.64667440490428,5.935060788384006,5.178782034027114
13,10,crash_ground,28,0.125,False,-4.22055263380158,4.2502596246165325,7.6145355034402185
13,10,success,14,0.125,True,-3.2664194587600006,3.774572838959001,15.155487810852557
13,10,crash_ground,15,0.125,False,-3.871147040211528,4.271614740726458,5.83045711245709
13,10,crash_ground,22,0.125,False,-4.481332585798875,5.5653603825228055,54.961300117983804
13,10,crash_ground,28,0.125,False,-2.9888445039909173,4.113612525980341,24.133925439593614
13,10,crash_ground,31,0.125,False,-3.986406246220029,4.7991332707511924,11.504823740390007
13,10,crash_ground,14,0.125,False,-3.9716004276924424,4.271788011980394,3.641604119328645
13,10,crash_platform,23,0.125,False,-6.796528510534375,7.343048640850369,60.5567009527941
13,10,tilt,8,0.125,True,-2.712071905333549,4.270940399495748,80.46315582954924
13,10,crash_ground,28,0.125,False,-4.76928690847747,5.187435525809221,4.28096863611743
13,10,crash_ground,35,0.125,False,-3.0566191292463203,3.5807011741620998,24.536159112651042
13,10,crash_ground,34,0.125,False,-3.2752603447744875,3.359899425846152,31.69870109958985
13,10,crash_ground,19,0.125,False,-4.57275310059792,4.74586277237135,10.113789969886382
13,10,success,12,0.125,True,-6.637684388958541,6.716415168504318,4.775005167812824
13,10,crash_ground,28,0.125,False,-4.3434650560223105,4.459592601762493,17.345992856706015
13,10,crash_ground,38,0.125,False,-4.137138113101758,4.185244053294256,3.2423570253741896
13,10,crash_ground,32,0.125,False,-4.7664764092241985,5.179157420381753,19.118011955248548
13,10,success,16,0.125,False,-2.748703380633911,2.874818947537664,10.963984473544372
13,10,crash_ground,18,0.125,False,-4.235882843466348,4.235944479494556,7.623188309143831
13,10,crash_ground,22,0.125,False,-3.5623954812391303,3.6558559052978654,6.788077793019224
13,10,crash_ground,24,0.125,False,-5.279396830691689,5.283670799529044,12.707573369761773
13,10,crash_ground,16,0.125,False,-3.0960693434988853,3.200132812211055,5.432086598638323
13,10,success,17,0.125,True,-4.040006311016506,4.702534270859222,3.7988534341577105
13,10,crash_platform,18,0.125,False,-5.015657065156295,5.43116685676156,12.848692534754187
13,10,success,19,0.125,False,-2.1898842017253366,2.9252731587789675,35.31214246910291
13,10,success,9,0.125,True,-4.814239747199495,5.461704707994119,49.6120619384017
13,10,crash_ground,33,0.125,False,-3.984303859938449,4.4164727764258025,12.575613032741472
13,10,crash_ground,25,0.125,False,-5.008379088715475,5.5425268163109775,47.02429022350935
13,10,crash_ground,24,0.125,False,-4.515582242500575,4.897722446857585,4.492431865444498
13,10,crash_ground,15,0.125,False,-3.389934883147206,3.5775031444189764,16.723532425380615
13,10,success,22,0.125,True,-3.770578102441958,4.021610082919855,23.595443707391635
13,10,crash_ground,27,0.125,False,-3.1250786354963545,3.7497988325114044,9.268539096049956
13,10,success,22,0.125,True,-3.0152181588434583,3.300260804418855,21.15869854954046
13,10,success,27,0.125,True,-4.69758184794157,5.144065131136696,12.64353549904799
13,10,crash_ground,16,0.125,False,-4.852906023891613,5.496747913674435,4.965160115413199
13,10,crash_ground,18,0.125,False,-3.1600649736084083,3.2978743432704394,17.87759021623249
13,10,crash_ground,29,0.125,False,-3.565570199287422,3.711460967636605,4.324869147868517
13,10,crash_ground,26,0.125,False,-2.3636032822718045,3.3293161356899037,22.163754281804458
13,10,crash_ground,30,0.125,False,-3.159527878886537,3.663735752933515,15.364422874883942
13,10,success,21,0.125,False,-3.6252616339358137,4.575765519914314,8.779341761155871
13,10,crash_ground,17,0.125,False,-4.4646681805896495,4.988731063167692,3.905557482282397
13,10,crash_ground,21,0.125,False,-4.124031933729473,4.766753020393897,21.45993962445223
13,10,crash_ground,21,0.125,False,-3.85666059492716,3.886075399682001,21.94280756086902
13,10,crash_ground,22,0.125,False,-3.4557173850316305,4.6375895297206275,8.212721042619078
13,10,crash_ground,18,0.125,False,-3.5673344994380565,3.5944413752803426,1.800157496505611
13,10,crash_ground,21,0.125,False,-4.273952835953299,5.898307685911256,8.53156516770645
13,10,crash_ground,24,0.125,False,-3.385527041238361,3.4512803169479027,10.69416330133888
13,10,success,17,0.125,False,-5.203035159939266,5.666756320878124,32.941436101868085
13,10,crash_ground,24,0.125,False,-3.5951038921006413,3.671929674588306,19.019275575450738
13,10,crash_ground,35,0.125,False,-2.8880772125749297,3.1676009254504347,25.403244742869546
13,10,crash_ground,26,0.125,False,-5.2413117036558265,5.282364218646565,1.9458855790904208
13,10,crash_ground,23,0.125,False,-3.804343771241932,3.882689036406066,8.05166948685897
13,10,crash_ground,31,0.125,False,-3.5513507406179845,3.8813265496508085,27.486120602366732
13,10,crash_ground,27,0.125,False,-4.5124148157900015,4.912222590273578,13.382647589456727
13,10,crash_ground,33,0.125,False,-4.696250391026577,5.2750125864361515,5.15468214496702
13,10,crash_ground,20,0.125,False,-4.120061463216619,4.751220136082448,15.110645522259526
13,10,crash_ground,31,0.125,False,-3.2190679282594212,3.9518757527360338,19.65149509178386
13,10,crash_ground,17,0.125,False,-6.333627492940832,6.548951274817688,88.63340347721504
13,10,tilt,8,0.125,False,-1.9656004656636443,3.2216993916284733,80.42720348885082
13,10,crash_ground,25,0.125,False,-3.3987481699937203,3.5170430515875735,13.75970669088169
13,10,crash_platform,13,0.125,False,-5.018680263519733,5.221993265669831,28.749093907563804
13,10,success,20,0.125,True,-2.846176779521426,3.19679315952595,11.013172972756928
13,10,crash_ground,17,0.125,False,-3.704091097799902,4.350692239752906,1.1812381554566957
13,10,crash_ground,30,0.125,False,-3.7069968219599736,4.146691873005808,21.08519424955655
13,10,crash_ground,25,0.125,False,-4.432257308021375,5.072641800903321,16.353529277569933
13,10,crash_ground,14,0.125,False,-2.953674146129556,3.3320342550652473,27.391726779699194
13,10,crash_ground,21,0.125,False,-4.416536982395676,4.522533615034509,10.25651402615536
13,10,crash_ground,23,0.125,False,-5.254729560682614,5.5611815231081785,5.203184640532006
13,10,crash_ground,28,0.125,False,-5.972777920605696,6.732012327886143,12.578717983667078
13,10,crash_ground,32,0.125,False,-3.889374300349785,3.9247742567725945,3.7670421584790126
13,10,crash_platform,23,0.125,False,-4.6448175980455995,4.68653338506897,12.498827623426957
13,10,crash_ground,21,0.125,False,-4.340631029627361,4.684219114781308,19.545070373429464
13,10,crash_ground,21,0.125,False,-4.506324266513887,4.8344694469931735,3.8832681498883677
13,10,success,35,0.125,False,-4.142119064229097,4.175022022730802,7.44207354164417
13,10,crash_ground,27,0.125,False,-5.393952814822,5.591147668196696,11.635188745357214
14,10,crash_ground,28,0.125,False,-4.8176587598122484,4.98895551172872,4.97988388044673
14,10,crash_ground,29,0.125,False,-3.9469151434888947,4.552031922133281,7.982580532732704
14,10,crash_ground,25,0.125,False,-3.6885720733790843,3.919046938731437,8.497856204040025
14,10,crash_ground,27,0.125,False,-3.713728213111342,3.74278898967421,4.3416245427723625
14,10,crash_ground,21,0.125,False,-3.646575070600284,4.6048727387713155,5.637798257370764
14,10,crash_ground,25,0.125,False,-4.478672095873807,4.510723831080832,15.109266953947694
14,10,crash_ground,21,0.125,False,-4.4668158440867005,5.118206316781244,12.16149709517608
14,10,crash_ground,15,0.125,False,-3.4606894032754414,4.04210013356872,7.692193426462895
14,10,crash_ground,14,0.125,False,-4.874314224980791,5.031885690368499,13.137311372498594
14,10,crash_ground,17,0.125,False,-4.111211766132924,4.185711093461363,3.736141703452217
14,10,crash_ground,29,0.125,False,-3.6955442506723504,3.8446878783222402,16.672452539697566
14,10,crash_ground,31,0.125,False,-2.6684217010653835,2.9687272108607443,27.182665407167736
14,10,crash_ground,21,0.125,False,-3.286562591821118,3.450861647222667,18.732331196947452
14,10,crash_ground,15,0.125,False,-4.183375927047447,5.135461019693039,12.244082478248586
14,10,crash_ground,30,0.125,False,-4.090698955611435,4.314940412574568,7.300813263915578
14,10,crash_ground,26,0.125,False,-4.074108177602324,4.251853145633652,35.24685145377551
14,10,success,21,0.125,True,-3.840210114977289,4.684300247219036,26.107868708243412
14,10,crash_ground,25,0.125,False,-3.9364158058880623,4.039584736064829,21.26770704078346
14,10,crash_platform,20,0.125,False,-2.7567130209435113,2.959213383741721,23.524621148961653
14,10,crash_ground,24,0.125,False,-3.6422616857922026,3.669310807944522,12.940196192992616
14,10,crash_ground,18,0.125,False,-4.493434372296162,5.1474827690384855,4.942888504571599
14,10,crash_ground,24,0.125,False,-4.519694605942563,4.6341489065248735,16.891097991267667
14,10,crash_ground,12,0.125,False,-8.434089203656374,8.611703041437906,88.87058465752105
14,10,crash_ground,32,0.125,False,-3.450135249365136,3.664452524165949,15.684463015708907
14,10,crash_ground,16,0.125,False,-2.9904867462068974,3.728312955774164,23.283960627986595
14,10,crash_ground,32,0.125,False,-2.476031248811609,2.7366437944232938,13.197009821933623
14,10,crash_ground,28,0.125,False,-4.598051007415626,4.851550423755545,5.328403634981499
14,10,crash_ground,24,0.125,False,-4.145986667733023,4.290567270858102,59.46613459942447
14,10,crash_ground,16,0.125,False,-4.306645776624888,4.522250961908121,14.20515097822776
14,10,crash_ground,24,0.125,False,-3.7619578083900893,4.242487637958033,6.575809236908018
14,10,crash_ground,26,0.125,False,-4.665332675698937,5.313610849955864,5.392312213754813
14,10,crash_ground,23,0.125,False,-3.95501966044587,4.077497120010659,7.850130671853687
14,10,success,15,0.125,True,-5.2802887285664015,5.755392357286572,23.755536318621928
14,10,crash_ground,33,0.125,False,-5.420094542977509,5.9781754988904865,7.069402549829496
14,10,crash_platform,11,0.125,False,-5.479718604334839,5.881990341126868,26.811078584895135
14,10,crash_ground,23,0.125,False,-3.474643034639827,3.9781327610764885,17.18663560049778
14,10,crash_ground,16,0.125,False,-3.5248184107711933,4.099821477484719,3.473279610312527
14,10,crash_ground,15,0.125,False,-4.6365811026755255,5.564214692607998,4.046045561372739
14,10,crash_ground,29,0.125,False,-4.459687108375035,4.637535367923537,5.826021553286102
14,10,success,24,0.125,True,-3.545175779293266,3.7886240533765143,9.48677600750337
14,10,crash_ground,25,0.125,False,-4.001322351399043,5.048120041815415,11.212871938786781
14,10,success,22,0.125,False,-4.32443508279582,4.982246307536934,13.792844950799608
14,10,success,21,0.125,True,-3.3928390433860627,3.8795683368182714,5.928859751931035
14,10,success,28,0.125,False,-3.5992984787492044,3.6319550616101774,14.132069911107312
14,10,success,17,0.125,True,-3.1046635170830172,3.300352753349698,11.137716023898166
14,10,crash_ground,15,0.125,False,-3.094310550621611,3.259759393590562,19.82446768721047
14,10,crash_ground,16,0.125,False,-2.555141959857699,2.6533321901637197,28.956894176665145
14,10,crash_ground,34,0.125,False,-1.7694635420742653,2.4764662495517205,20.122613397087076
14,10,crash_ground,20,0.125,False,-3.910228272597785,4.789331150003849,24.991254998155945
14,10,crash_ground,19,0.125,False,-3.612016024554046,3.931010820213321,10.032772667176934
14,10,success,23,0.125,True,-2.671493415598541,3.2415553630342546,39.776831460872074
14,10,crash_ground,18,0.125,False,-3.127529045589377,3.4057961622792527,16.413237551267514
14,10,crash_ground,28,0.125,False,-2.563623758536129,2.6114042825349832,14.299001890492995
14,10,crash_ground,12,0.125,False,-4.071555075669623,4.642241371645189,8.18501128321727
14,10,crash_ground,25,0.125,False,-3.7699435307713065,3.8804165963847685,28.712249261629186
14,10,crash_ground,16,0.125,False,-4.516494054995761,4.905736060967124,7.817200095002332
14,10,success,18,0.125,True,-3.0670295137787704,3.198285828089264,0.7391464971894902
14,10,crash_ground,31,0.125,False,-3.3155965258655744,3.5230477606748214,7.757605544738218
14,10,crash_ground,22,0.125,False,-5.370001532008772,5.808877003917332,5.715443791424081
14,10,success,15,0.125,True,-3.2388581982179283,3.506417940958543,12.514087587237144
14,10,crash_ground,31,0.125,False,-2.870158492360122,3.6109766466744766,16.553115818450177
14,10,crash_ground,29,0.125,False,-4.567353410614147,4.817160216228683,3.58067461304736
14,10,tilt,16,0.125,False,-5.137675672100619,6.2969278905465345,80.38837393268525
14,10,crash_ground,30,0.125,False,-4.253511681615743,4.294066702421926,17.398205713079495
14,10,success,13,0.125,True,-3.255074260508268,3.470755714567091,25.269514545586414
14,10,crash_ground,23,0.125,False,-3.2757664123371057,3.3766619673485896,7.254497850926334
14,10,crash_ground,20,0.125,False,-3.767381099172623,4.2336660609789805,8.35485137678878
14,10,crash_ground,17,0.125,False,-4.340575713323512,4.9167806044392695,3.7862783114387812
14,10,success,15,0.125,False,-3.1279539070271785,3.4729071261355644,11.549310988785548
14,10,crash_ground,22,0.125,False,-4.178718943888885,4.972650332819797,10.622393970119607
14,10,crash_ground,21,0.125,False,-3.370736476126247,3.5011097390182324,2.1886356659947444
14,10,crash_ground,32,0.125,False,-4.840711382463912,5.263828062068356,3.6260747865921488
14,10,crash_ground,27,0.125,False,-3.970790037858846,4.53575089350255,2.9139807084883373
14,10,crash_ground,21,0.125,False,-4.422694028355737,4.491594415348597,11.59738615287473
14,10,crash_ground,31,0.125,False,-2.913556499472088,4.114821010998943,30.45347927818769
14,10,crash_ground,25,0.125,False,-3.8189540696503417,4.384314016225945,20.75912471911918
14,10,crash_ground,17,0.125,False,-3.8646956081723682,4.300884372837567,23.870809449546496
14,10,success,15,0.125,True,-3.440931678419397,3.881663676089292,18.260626686832026
14,10,crash_ground,18,0.125,False,-5.784909090547978,6.568608965272057,25.674936484024244
14,10,crash_platform,27,0.125,False,-3.3836900522992774,3.469999209501477,30.173006958712897
14,10,crash_platform,19,0.125,False,-4.133575540409264,4.423661279957564,28.817841744818722
14,10,crash_ground,28,0.125,False,-4.665397903224906,4.683946081387501,12.405851305047676
14,10,success,13,0.125,False,-3.1931181490910916,3.316998288904904,20.826507930107102
14,10,crash_ground,21,0.125,False,-5.660284014063827,5.7027521997566675,4.323681712097979
14,10,crash_ground,18,0.125,False,-3.8019587905009598,4.33615900566585,8.200065896437097
14,10,crash_ground,19,0.125,False,-4.1490974264654445,4.186996448888349,12.223626555843296
14,10,crash_ground,29,0.125,False,-3.482192030875529,4.087959497421485,4.097699356228396
14,10,crash_ground,27,0.125,False,-4.62430445247216,4.887373718877551,6.89014497328388
14,10,success,15,0.125,True,-4.60286828531431,5.1779554337108955,32.976052849870705
14,10,crash_ground,19,0.125,False,-3.4246876365779433,3.6765292152819975,20.722847958766746
14,10,success,18,0.125,True,-4.5408792882477576,4.761542304944913,18.639890789360297
14,10,success,16,0.125,True,-1.9592717510521305,2.732402571212595,19.917717891852096
14,10,crash_ground,25,0.125,False,-4.156778863132385,4.65005586655768,1.4185068156218308
14,10,crash_ground,17,0.125,False,-4.506555927858256,4.62741968027534,7.981044500072398
14,10,crash_ground,29,0.125,False,-4.321420761342558,4.926122744764081,7.774670418450644
14,10,crash_ground,29,0.125,False,-4.87925332165782,5.06627046778141,14.256654628601902
14,10,success,18,0.125,True,-3.842529220331242,3.999748496723396,27.809660973838675
14,10,crash_ground,28,0.125,False,-3.4353781809991535,3.471278073988438,1.0241995182951917
14,10,success,13,0.125,True,-2.421689465954874,2.898446731836576,18.29471712584979
14,10,crash_ground,23,0.125,False,-3.888101128351385,4.230112023146933,11.517029438801778
14,10,success,25,0.125,True,-4.155068567871943,4.78772343260598,3.492355472604154
14,10,crash_ground,32,0.125,False,-3.0284543396352173,3.9344144349512495,34.7058270559023
14,10,crash_ground,23,0.125,False,-4.566534915001856,5.082148212033782,10.735786396513776
14,10,crash_ground,30,0.125,False,-4.9560423185613365,5.180229239139201,8.168680085677385
14,10,crash_ground,31,0.125,False,-4.917032662010515,4.917128294051342,6.17556657489079
14,10,crash_ground,29,0.125,False,-4.6117705648243,4.694226241655094,13.869993546190507
14,10,crash_ground,29,0.125,False,-3.185020122837987,4.307748891001963,30.00752746445735
14,10,crash_ground,24,0.125,False,-4.015711353402867,4.425913086134974,15.594963936326849
14,10,crash_ground,24,0.125,False,-3.8751843608866587,4.107016872944636,5.681754776589209
14,10,crash_platform,28,0.125,False,-4.124610168252149,4.680758346620469,20.412109631743434
14,10,success,23,0.125,True,-4.700724524389328,4.914092089518744,4.857059472722715
14,10,crash_ground,17,0.125,False,-3.8314599906997366,3.9497680130544,5.921879599775677
14,10,crash_ground,21,0.125,False,-5.499137068232453,5.755994684914903,25.854515084175787
14,10,crash_ground,31,0.125,False,-3.932159098671498,4.377619214676357,20.447546351732356
14,10,success,15,0.125,True,-4.2077591218665855,4.320494374809043,3.473233207331084
14,10,crash_ground,25,0.125,False,-4.953373265732143,5.294915013546304,17.38898283611568
14,10,crash_ground,18,0.125,False,-6.4129684693997255,6.5867047767151705,5.721766994151356
14,10,crash_ground,26,0.125,False,-4.321999215661502,4.656858033961902,3.075147881127371
14,10,crash_ground,15,0.125,False,-3.7892870876121525,3.961781798506847,3.358346599868574
14,10,crash_ground,17,0.125,False,-3.99282812754764,4.133665048490574,21.86762809222118
14,10,crash_ground,31,0.125,False,-3.7867620212649236,3.954223996232516,8.001026207534942
14,10,crash_ground,21,0.125,False,-3.438995496773918,3.9419269493539932,12.103615744285905
14,10,crash_ground,18,0.125,False,-3.715628141199125,3.8296564362683814,17.682985714670725
14,10,success,22,0.125,True,-5.358871673682428,5.4073698292250345,10.657008252498196
14,10,crash_platform,25,0.125,False,-3.69881254138595,4.196603227634939,6.101164445857276
14,10,crash_ground,18,0.125,False,-4.068185013501437,4.100866918434479,14.71707601634967
14,10,crash_ground,22,0.125,False,-4.403816566561562,4.6716269222349585,24.355066140391713
14,10,crash_ground,23,0.125,False,-2.3127182476032973,3.531189609223626,39.211657508522904
14,10,crash_ground,26,0.125,False,-4.965601611060162,5.315706742225853,29.458554434558767
14,10,crash_ground,27,0.125,False,-4.554348639290741,4.692721563184248,14.471671643624703
14,10,crash_ground,26,0.125,False,-3.6504244601974327,4.405915980920239,10.054772276805547
14,10,crash_ground,24,0.125,False,-4.043972689733117,4.4266217227858515,6.467158193625148
14,10,crash_ground,13,0.125,False,-4.4543011862960515,4.4819401142454325,17.301064601032586
14,10,crash_ground,26,0.125,False,-4.593257610971495,4.91760383116319,3.2505422886268316
14,10,crash_ground,24,0.125,False,-2.054061613339507,3.0006568013131996,29.280726594147886
14,10,success,20,0.125,True,-4.528739508828461,4.948737951891925,6.619217890113406
14,10,crash_ground,22,0.125,False,-4.113408445197019,4.610083748547322,11.931168635040653
14,10,crash_ground,16,0.125,False,-4.317658269334356,4.438765029866118,23.40686698567587
14,10,crash_ground,26,0.125,False,-3.159907254716377,4.165548269136332,13.254330274045323
14,10,crash_ground,21,0.125,False,-3.880090434310229,4.327062614041296,7.459430376089084
14,10,success,15,0.125,False,-3.7436267527197638,3.761068426037853,16.39386550859818
14,10,crash_ground,17,0.125,False,-4.066742625389772,4.958902925689517,9.546378671313068
14,10,crash_ground,23,0.125,False,-4.971000795552512,5.144908065981502,14.626985229210845
14,10,crash_ground,28,0.125,False,-4.014653138154243,4.06131643837661,9.69894999238458
14,10,crash_ground,32,0.125,False,-4.965720751125188,5.020898436939636,7.322091259051102
14,10,tilt,13,0.125,False,-6.098416450038103,6.219120041180527,80.86549637292406
14,10,crash_ground,29,0.125,False,-4.411303500446226,4.527856279690843,8.450035627004125
14,10,crash_ground,14,0.125,False,-6.302249984018949,6.51048392724641,13.704522166570113
14,10,crash_ground,20,0.125,False,-5.348472079645512,5.591933279330835,9.0667377091049
14,10,crash_ground,23,0.125,False,-6.039398560977607,6.394730441613987,38.554560173582814
14,10,crash_ground,28,0.125,False,-4.0627238182313015,4.37880159355084,3.8165238519938556
14,10,crash_ground,30,0.125,False,-3.4850339403907395,4.585585569217402,2.4740071445900282
14,10,crash_ground,24,0.125,False,-4.197969592392977,4.796736402132849,9.937221062154608
14,10,crash_ground,18,0.125,False,-2.7834141633977536,4.165441604457087,37.186423102357274
14,10,crash_ground,28,0.125,False,-2.9944245712920177,3.164848276134537,16.931459206918397
14,10,success,29,0.125,False,-4.495291125896842,5.101198699515025,15.255327131312482
14,10,crash_ground,26,0.125,False,-4.924159789403841,5.84568415562061,6.838764277348054
14,10,crash_ground,17,0.125,False,-5.39377750335163,5.83805856479629,18.29218669872385
14,10,crash_ground,26,0.125,False,-4.033118249666641,4.060381605473317,16.06374713525685
14,10,crash_ground,16,0.125,False,-3.9652798048696747,4.228637466022496,13.880496867581996
14,10,crash_ground,21,0.125,False,-4.0573405372462235,4.113081553750525,18.838792352886234
14,10,crash_platform,15,0.125,False,-4.353888197931891,5.356392976111808,13.888379627167915
14,10,tilt,9,0.125,False,-2.7917349015099324,3.386377693858962,80.8673447120406
14,10,crash_ground,13,0.125,False,-3.4229137701650307,3.5713318182626472,12.697243620346832
14,10,crash_ground,29,0.125,False,-3.5468743888577663,3.878446254790035,11.402635389816872
14,10,crash_ground,30,0.125,False,-3.2758489978484824,3.3710805344762913,19.723651564953705
14,10,crash_ground,27,0.125,False,-4.530231518968598,5.320549464474297,22.80080921564796
14,10,crash_ground,28,0.125,False,-3.9400945616796954,3.9573323469257655,4.205065313332014
14,10,crash_ground,18,0.125,False,-3.3747300453610154,4.018091411665584,24.274203552556575
14,10,crash_ground,33,0.125,False,-3.275826259661897,3.511173388255083,1.3615905623815385
14,10,crash_ground,18,0.125,False,-2.36014924374659,2.747804219496593,14.90695578645186
14,10,crash_ground,30,0.125,False,-4.33925003956242,4.831904490125403,16.422110223791872
14,10,crash_platform,21,0.125,False,-4.2816558676606125,4.320250677535939,8.84412181747656
14,10,crash_ground,28,0.125,False,-3.1800165892542585,3.9345046757359676,16.676439471004954
14,10,crash_ground,19,0.125,False,-4.477570262046539,4.739846011286996,1.4528080741224596
14,10,crash_ground,19,0.125,False,-4.447639041165687,4.763224600388497,10.157749110410899
14,10,crash_ground,34,0.125,False,-6.102329358579156,6.122126226934772,13.711199630224726
14,10,crash_ground,26,0.125,False,-4.8094469751247955,4.867814655784776,5.793707426595669
14,10,crash_platform,21,0.125,False,-5.042935240792285,5.530051424162075,17.792089432112476
14,10,crash_ground,20,0.125,False,-5.1696097483493855,5.46640656013502,16.319622265470905
14,10,crash_ground,26,0.125,False,-4.300570312865673,5.013357659016058,23.98510277768424
14,10,crash_ground,27,0.125,False,-4.516507422869341,4.854971064014026,4.25909503062936
14,10,crash_ground,24,0.125,False,-5.241002037471385,5.840537240682873,9.089599880351713
15,10,crash_ground,16,0.125,False,-3.4810135446713613,3.598339493875105,8.870356843321405
15,10,crash_ground,16,0.125,False,-3.723063911121697,4.253249071506424,14.788120373105954
15,10,crash_ground,16,0.125,False,-3.280134601863038,3.3543029898125254,22.656350031464687
15,10,crash_ground,19,0.125,False,-8.604998971724974,8.742080837543027,42.6925657792399
15,10,crash_ground,25,0.125,False,-4.485985513466965,4.5350046384492515,9.92030286178703
15,10,success,29,0.125,False,-4.917205231852398,5.364787028966746,1.7639569893169784
15,10,crash_ground,28,0.125,False,-3.5940439057996367,4.160338745432809,10.273077627310546
15,10,success,20,0.125,False,-6.016158006499014,6.523065528899735,9.860580943042216
15,10,tilt,10,0.125,False,-4.443596236383648,4.826974898615029,80.34959825764653
15,10,success,16,0.125,False,-4.1285787685967135,4.40741097302156,17.52042241821541
15,10,crash_platform,19,0.125,False,-4.158187780674109,4.244951799959097,12.402939800977242
15,10,crash_ground,28,0.125,False,-4.2701005770226175,4.819814164535463,35.94667531071308
15,10,crash_ground,26,0.125,False,-2.945788917353611,3.3550288044228034,9.85862841803806
15,10,success,20,0.125,True,-3.523832934131802,4.545039906035325,16.730189955712188
15,10,success,18,0.125,True,-4.763217286828696,5.060616707765011,10.76613034472657
15,10,crash_ground,21,0.125,False,-2.5132294397368686,2.9869694806182516,24.35095454206065
15,10,crash_platform,30,0.125,False,-4.426746612471028,4.683874216734802,16.83642111101284
15,10,success,21,0.125,True,-3.6456342511039774,3.863170876359231,16.16102722645665
15,10,success,18,0.125,True,-4.468638021982863,5.014103120168858,17.12871814654866
15,10,crash_ground,19,0.125,False,-3.162767404708151,4.207766888714597,17.56161520168468
15,10,crash_ground,11,0.125,False,-6.559578080392622,6.652956530594712,19.327622245689895
15,10,crash_ground,21,0.125,False,-2.6544083349781427,2.9390273920864636,29.625941095935715
15,10,tilt,14,0.125,False,-3.956145354179943,4.333037333251549,80.03720460660463
15,10,crash_ground,18,0.125,False,-5.335078660335695,5.356322589537182,21.42087400607226
15,10,crash_ground,17,0.125,False,-3.3716194912527793,3.7600859432247855,27.22824352423601
15,10,crash_ground,24,0.125,False,-3.616789716924935,3.944689674640286,21.331819323178326
15,10,crash_platform,14,0.125,False,-2.8171545547755397,3.3253145080652873,14.230651048066834
15,10,crash_ground,10,0.125,False,-7.989498552468485,8.045556532275283,65.46923580322262
15,10,crash_ground,35,0.125,False,-2.7713020099281955,2.9090258500637103,26.010408929310362
15,10,crash_ground,22,0.125,False,-3.9675827678523925,4.133050796910041,15.14321908279496
15,10,crash_ground,22,0.125,False,-3.0493502019906376,3.3816330812594995,7.220425020593093
15,10,crash_ground,21,0.125,False,-3.903837810610241,4.3063784044696805,15.544407505684887
15,10,crash_ground,24,0.125,False,-3.218160150104172,3.442160784943885,24.28867315087254
15,10,crash_ground,13,0.125,False,-3.6645286017165577,4.600426364223374,15.002875864979469
15,10,crash_platform,20,0.125,False,-5.061134521230866,5.425209271243145,25.425104972801066
15,10,crash_ground,33,0.125,False,-3.3025077447322655,3.7080228732838525,27.762804332601565
15,10,crash_ground,27,0.125,False,-4.2016512485989495,4.6867121969409915,1.7477910740820954
15,10,crash_ground,29,0.125,False,-3.9611157844904272,4.160875274960278,16.771673457059624
15,10,crash_ground,16,0.125,False,-3.7466156340953076,3.76995666834563,16.119630207201055
15,10,success,25,0.125,True,-4.528470579280125,4.796772376373862,1.6080891786795322
15,10,crash_ground,21,0.125,False,-4.375455874644196,5.134219290767822,6.79610216574598
15,10,crash_ground,20,0.125,False,-2.3115576745932263,2.8875662796311485,28.623401136415897
15,10,crash_ground,15,0.125,False,-3.7501995425982924,3.8617422581449548,12.998709891338653
15,10,crash_ground,31,0.125,False,-4.8945782144913625,5.028679720186482,6.033785093682432
15,10,crash_ground,28,0.125,False,-3.285823198368231,3.8395138123893897,9.287752966098346
15,10,success,18,0.125,False,-3.904019407427733,4.219587245285194,17.81086272472156
15,10,crash_ground,17,0.125,False,-3.3243807311717544,3.551061462201598,11.092041523146657
15,10,success,17,0.125,False,-4.245617123760348,5.161192061850145,15.137043235941233
15,10,success,25,0.125,False,-4.772601521936542,5.073505785647602,10.947803562573604
15,10,crash_ground,15,0.125,False,-3.806470649902534,4.0904584615304,13.16886018225636
15,10,crash_ground,25,0.125,False,-3.07126446234564,3.731325020476875,9.856624681942176
15,10,crash_ground,15,0.125,False,-2.78521697113721,2.953104871968914,17.791904057614605
15,10,crash_ground,28,0.125,False,-3.993141157464684,4.473971151029821,10.591643035201262
15,10,success,25,0.125,True,-3.967269372343988,4.33583288306236,31.872603585082356
15,10,success,18,0.125,True,-4.751258423581214,5.685604664368863,3.65773736047845
15,10,crash_ground,20,0.125,False,-3.562505694532242,4.037676175996148,26.381984258207897
15,10,crash_ground,20,0.125,False,-3.7039958166618514,4.1888610441516105,8.048081396955078
15,10,crash_ground,30,0.125,False,-4.312087465372734,4.529152365494892,8.518875187934254
15,10,crash_ground,16,0.125,False,-3.5610614781114887,3.692361182724342,3.9515983434011934
15,10,crash_ground,17,0.125,False,-3.2714798312517335,3.7913067348873546,14.806707030964224
15,10,crash_platform,17,0.125,False,-3.5462829210853313,3.973469149102169,32.005569225361974
15,10,success,21,0.125,True,-4.297025305921751,4.6381988668413605,36.928801808396436
15,10,success,13,0.125,False,-3.245959937718242,4.186395394162345,1.6762417787643527
15,10,crash_ground,21,0.125,False,-2.856709480870708,3.3604094426098667,34.58381181041094
15,10,crash_ground,30,0.125,False,-4.925291618120187,5.156498883304071,1.6675665863411362
15,10,crash_ground,22,0.125,False,-4.4332680017846275,4.555995580564125,2.3685619957219903
15,10,crash_ground,28,0.125,False,-4.034503723565206,4.460139161321745,3.1419142596515055
15,10,crash_ground,25,0.125,False,-3.7978968930327532,4.846018549240867,21.690305600758965
15,10,success,13,0.125,True,-2.638704051398144,3.3147953214663137,13.36204475523006
15,10,success,15,0.125,False,-4.470269023694034,4.920690403965815,2.3302513976497816
15,10,crash_ground,29,0.125,False,-3.366678621781028,4.464321138425278,1.438218097001219
15,10,success,22,0.125,True,-4.005376294868748,4.561043279553683,0.8876135142600601
15,10,crash_ground,31,0.125,False,-3.6688978438085242,3.7750145706568268,28.992309456132034
15,10,crash_ground,28,0.125,False,-4.010319137525397,4.613940903272913,15.6614863257942
15,10,crash_platform,17,0.125,False,-4.616822102059295,4.935251878532665,20.93022809809526
15,10,crash_ground,24,0.125,False,-3.696090230464165,4.047895867769347,8.160668415414559
15,10,crash_ground,23,0.125,False,-4.1339186024114,4.440468769446203,8.279030311904418
15,10,crash_ground,19,0.125,False,-3.834610357679144,4.13707030720641,15.447362534515658
15,10,crash_ground,15,0.125,False,-3.505763372095914,4.442068174979509,8.765367646995259
15,10,crash_ground,18,0.125,False,-5.021668176712398,5.671242899758601,8.811540995369295
15,10,crash_ground,17,0.125,False,-5.098268201389669,5.465889439663452,14.089586582632586
15,10,crash_ground,28,0.125,False,-3.100028623385376,3.381838834378265,21.00395242867245
15,10,crash_ground,18,0.125,False,-2.96630064901468,4.157222681466724,1.9816262006579104
15,10,crash_ground,19,0.125,False,-4.127991007055424,4.847745146682735,9.53304489298546
15,10,success,20,0.125,True,-3.724162986986833,3.841502903943868,5.176795324664715
15,10,crash_ground,27,0.125,False,-4.502244065568494,4.648895004583255,17.007962347967037
15,10,crash_ground,17,0.125,False,-2.95910449101766,3.439596876771712,13.857997231815903
15,10,crash_ground,26,0.125,False,-7.59967258645636,7.78500941079464,68.93147136273099
15,10,crash_ground,26,0.125,False,-4.970388711329264,5.080420712285549,6.406737954189991
15,10,crash_ground,21,0.125,False,-2.2492018745212534,3.0248333914778853,44.52547867118058
15,10,crash_ground,26,0.125,False,-4.310625217425087,4.949623806723596,4.66685548645577
15,10,crash_platform,19,0.125,False,-3.472480679260785,3.726328856744302,24.52254783494829
15,10,crash_ground,31,0.125,False,-4.096378792906679,4.379914899906884,3.2693334379623162
15,10,crash_ground,16,0.125,False,-5.8788080608802735,6.0961598779415045,2.393645868703898
15,10,crash_ground,28,0.125,False,-3.837226587390625,5.102428216883024,9.191698704866129
15,10,crash_ground,20,0.125,False,-4.2077028571092825,4.555535889711067,16.034193834404142
15,10,crash_ground,31,0.125,False,-4.245778228824475,4.482280032872461,14.731366750620028
15,10,tilt,8,0.125,False,-3.0390977734883227,3.4488890874087823,80.70674020044869
15,10,crash_ground,17,0.125,False,-3.1096122254879264,3.3083186518085728,17.05044096051929
15,10,crash_ground,33,0.125,False,-4.147128911065542,4.418745483789093,3.449348751847439
15,10,crash_ground,17,0.125,False,-2.1934779331169683,3.2293681908680885,34.25451087555804
15,10,crash_ground,23,0.125,False,-3.321650782246419,3.4591739635727277,12.312609182986495
15,10,crash_ground,18,0.125,False,-3.255811936304064,4.05752585658778,23.2289265109968
15,10,tilt,16,0.125,False,-7.487606248053915,7.760784434818409,80.24549387066455
15,10,success,19,0.125,False,-4.4968507745673945,4.600539750581465,5.0453655477664165
15,10,crash_ground,21,0.125,False,-4.763445583425109,5.450508570622534,57.34411262777083
15,10,crash_ground,26,0.125,False,-4.02151953452626,4.646852194594942,10.337643014085256
15,10,crash_ground,20,0.125,False,-4.6521040285927855,5.066471257324301,13.907999917193546
15,10,crash_ground,20,0.125,False,-4.101389247030885,4.180570572628855,13.69327665183172
15,10,crash_ground,28,0.125,False,-3.6340665820427502,5.035441094800704,35.90959928881079
15,10,crash_ground,18,0.125,False,-4.256498385063043,4.362509704906925,24.03769291328516
15,10,success,20,0.125,True,-5.063777975084945,5.340384415665877,3.2462576747703533
15,10,crash_ground,21,0.125,False,-4.423135547696607,4.922926801588879,11.85811385597493
15,10,crash_ground,15,0.125,False,-3.4518752649695763,3.556075300698166,9.292497543584114
15,10,crash_ground,26,0.125,False,-4.544044059573505,4.583411868460728,5.096380125284335
15,10,crash_ground,25,0.125,False,-4.328387894589447,4.6185616384958115,3.0417340235562036
15,10,crash_ground,21,0.125,False,-3.2343801571077453,3.5948785326536656,10.153485526431183
15,10,success,10,0.125,False,-2.239983694731074,3.0166096098504678,27.62882252258225
15,10,crash_ground,16,0.125,False,-2.83844162245996,5.1439472218143205,39.926705490620414
15,10,crash_ground,31,0.125,False,-3.7183513369312275,4.1514653280771014,8.79934870134585
15,10,crash_ground,27,0.125,False,-5.249398013925767,5.376779328219805,15.219103476294327
15,10,crash_ground,35,0.125,False,-4.0322902789877695,4.595226111537307,3.213908971175098
15,10,crash_ground,22,0.125,False,-4.726157990021045,4.8651317929448785,22.746735287488946
15,10,crash_ground,23,0.125,False,-5.378616395512376,5.918300428595916,12.282486756808543
15,10,crash_platform,18,0.125,False,-1.7170932228247286,2.1232030545847467,29.477124325004624
15,10,success,16,0.125,True,-2.82967335123095,3.194082145641296,30.36159514260026
15,10,success,19,0.125,False,-4.40855329715559,4.42173211736501,2.754679503130654
15,10,crash_ground,33,0.125,False,-3.8107182191635283,5.117345780187009,16.704081997037708
15,10,crash_ground,30,0.125,False,-2.8922916494897857,3.1881334431427453,16.842128183606714
15,10,crash_ground,22,0.125,False,-4.587968634716867,4.782748520087194,4.674129637310919
15,10,crash_ground,23,0.125,False,-4.156792928234031,4.409564485587586,9.130493315187556
15,10,crash_ground,23,0.125,False,-4.015774894874832,4.178482304264383,21.496357262637954
15,10,crash_ground,35,0.125,False,-3.853359238930351,3.9832022541593015,3.91742841883368
15,10,crash_ground,33,0.125,False,-4.199717595077959,4.342746227927452,14.20301168250932
15,10,tilt,26,0.125,False,-5.486153554985545,5.615654069716335,80.57259256503622
15,10,crash_ground,32,0.125,False,-3.4670519936302937,3.690998642283505,10.338579784227298
15,10,crash_ground,24,0.125,False,-3.7475013486429916,4.023317080611564,18.687434965465396
15,10,success,22,0.125,False,-3.57605519606835,3.745460526954602,20.68030057408467
15,10,crash_ground,18,0.125,False,-5.856724020889803,6.161705657320896,7.77063515204548
15,10,crash_ground,21,0.125,False,-2.761924435596953,3.4355336802100913,12.893225735782632
15,10,crash_ground,22,0.125,False,-6.123531970465958,6.915270780565972,16.910902670549522
15,10,crash_ground,17,0.125,False,-3.4272378552557416,3.755403250403582,18.558754164437214
15,10,crash_ground,30,0.125,False,-2.9008291824410604,2.904392356337736,25.820983391191657
15,10,crash_ground,22,0.125,False,-4.427721978658765,4.494721429724317,12.340775055876746
15,10,tilt,7,0.125,False,-2.262682920152553,2.89970234041684,80.20228074025965
15,10,crash_ground,17,0.125,False,-3.29651596781611,3.6646192309889947,5.5945197977673295
15,10,crash_ground,23,0.125,False,-4.072586078843207,4.685957119572087,6.012709321779261
15,10,crash_platform,9,0.125,False,-4.9815189742144295,5.09950787523374,8.662960948862922
15,10,crash_ground,30,0.125,False,-3.6944385178347754,4.045926725157685,12.911720984944385
15,10,success,21,0.125,False,-4.9180522427465885,5.563500383729429,7.513274654668093
15,10,success,18,0.125,True,-4.679922571778446,5.43418149908648,12.504653279008352
15,10,success,23,0.125,True,-4.727989596241331,5.121462875763616,3.685642294794515
15,10,crash_ground,21,0.125,False,-5.222321675987016,5.462747622398093,7.251755142562931
15,10,crash_ground,16,0.125,False,-4.775450383630915,4.9083465290585115,3.8639565961832796
15,10,crash_ground,24,0.125,False,-5.554211888748024,5.8332909351858415,9.38685618676099
15,10,crash_ground,30,0.125,False,-2.9025327236515372,3.1443091038056425,15.459716547682556
15,10,crash_ground,24,0.125,False,-3.0151484408502247,3.8404973081831537,8.918272715047818
15,10,crash_ground,19,0.125,False,-4.71025588106403,4.754303843044656,2.7021841589538944
15,10,crash_ground,25,0.125,False,-3.512646817426758,3.951503263831849,11.316520459301838
15,10,crash_ground,24,0.125,False,-4.4640176498452355,4.771292590436759,6.66490347418601
15,10,crash_platform,21,0.125,False,-3.754647641098364,3.9331752988499935,49.72662631487798
15,10,crash_ground,29,0.125,False,-3.772733900806416,3.84677247376366,1.228783067347645
15,10,crash_ground,12,0.125,False,-3.1489834289084575,3.4739126270380054,22.734579451617794
15,10,crash_ground,20,0.125,False,-3.8247694356441855,4.141146179976878,7.550671551591637
15,10,crash_ground,18,0.125,False,-3.5151248654207645,4.219745178348068,35.95406483584579
15,10,crash_ground,25,0.125,False,-3.772494285861922,3.7823845498108004,5.80366412739935
15,10,crash_ground,27,0.125,False,-5.130558006281653,5.370240703891754,56.662459823831604
15,10,crash_ground,24,0.125,False,-6.277109713174212,6.79153873059951,7.178532655405543
15,10,success,24,0.125,False,-4.762774237390022,4.923464630211986,11.57194134609229
15,10,tilt,8,0.125,False,-4.809238667312275,5.207331314308629,80.25491490873529
15,10,crash_ground,31,0.125,False,-3.6695338666776887,3.965424430174605,9.359483473260326
15,10,crash_ground,19,0.125,False,-4.6975700712774024,5.178470557294351,8.811687043229563
15,10,crash_ground,18,0.125,False,-2.471559567317651,4.055245358503753,14.190832893112942
15,10,success,20,0.125,False,-6.152425741811321,6.7764471427132875,11.864722238703948
15,10,crash_ground,34,0.125,False,-3.520289392843587,3.6299685827878387,13.4147729316965
15,10,crash_ground,11,0.125,False,-5.7813443924620875,6.067672357867781,31.28438775542889
15,10,crash_ground,20,0.125,False,-2.7195971933358734,2.8981305537445694,35.49383069287332
15,10,crash_ground,17,0.125,False,-1.8463723542679804,1.9106224286049702,28.420515418195254
15,10,crash_platform,15,0.125,False,-4.351109696645786,4.683203811286757,21.945569587560456
15,10,crash_platform,15,0.125,False,-5.802085718176653,6.626390062006144,24.86501819775522
15,10,crash_ground,22,0.125,False,-3.1594202752290093,4.605465644417581,2.7120477296974768
15,10,success,18,0.125,False,-4.774801552492595,5.382681621837288,13.94823953610452
15,10,crash_ground,12,0.125,False,-3.8702487193003687,4.194998605882533,4.228475391216088
15,10,crash_ground,34,0.125,False,-4.159989329426558,4.2129383516455725,8.79954458470326
15,10,success,20,0.125,True,-4.120739457594562,4.2404285754084174,8.661753650442467
15,10,crash_ground,31,0.125,False,-4.088048814837056,4.6969306751022195,9.890780860393663
15,10,crash_ground,23,0.125,False,-3.9473489606468277,4.759582479108682,12.922394520683698
15,10,crash_ground,29,0.125,False,-4.741272770866502,5.024942987853513,17.388035843111517
15,10,crash_ground,29,0.125,False,-3.6283390488870104,4.144819801871425,11.247496963418058
16,10,crash_ground,21,0.125,False,-4.243496849250973,5.024972101447359,8.75374320224916
16,10,crash_ground,17,0.125,False,-4.85824277830283,5.186546904937722,5.42422917863326
16,10,crash_ground,23,0.125,False,-5.082197639790572,5.1763402667577605,6.016604952779762
16,10,crash_ground,25,0.125,False,-3.863750805656841,4.086744415731453,13.194496187728454
16,10,crash_ground,26,0.125,False,-3.6399817661857976,4.164884318694096,7.035930765173523
16,10,crash_ground,16,0.125,False,-5.432816491254137,5.723221003844894,8.103312032074543
16,10,crash_ground,20,0.125,False,-3.3826250708977925,3.7720658977473414,5.701483776539216
16,10,crash_ground,32,0.125,False,-2.9315043324428856,3.0301706676141467,35.08997656575869
16,10,crash_ground,17,0.125,False,-3.533674759569794,3.732978104253889,28.551398825508773
16,10,success,20,0.125,True,-4.804323299739806,5.306013409107802,36.00532005149582
16,10,success,22,0.125,False,-2.8631822900959056,2.9022756313570275,20.783564123836904
16,10,success,23,0.125,False,-4.411356852221658,4.6607491977629865,8.0348984634304
16,10,crash_ground,24,0.125,False,-4.786905953796961,5.342002350900845,14.067664912793184
16,10,crash_ground,27,0.125,False,-5.360065737215695,5.579733929840273,21.877182899627066
16,10,success,17,0.125,True,-4.996757195158954,5.727806304822549,5.345551001310537
16,10,crash_ground,36,0.125,False,-4.263957404364497,4.426971386457774,3.541691741075795
16,10,crash_ground,18,0.125,False,-3.4120385700366427,4.244374572567272,6.052661771546001
16,10,crash_ground,18,0.125,False,-3.49052154927624,4.0808944183562,14.170028117372324
16,10,crash_ground,27,0.125,False,-4.826535203065826,5.046887098447526,6.850726468886902
16,10,crash_ground,15,0.125,False,-3.472437166286257,3.512924126790837,9.498041503687851
16,10,crash_ground,26,0.125,False,-4.430539067292269,4.695066094124095,6.0257010460997344
16,10,crash_ground,22,0.125,False,-5.599758807939283,5.9103154464993715,4.97207806782825
16,10,crash_ground,23,0.125,False,-3.772944862758694,3.901739365184629,20.58513417635546
16,10,crash_ground,14,0.125,False,-3.904461928697196,4.411229918962402,3.117866022412234
16,10,crash_platform,19,0.125,False,-5.020130826701905,5.466834807848788,4.968365995397403
16,10,crash_ground,24,0.125,False,-4.122602939457393,4.525388409818694,4.096224349809904
16,10,crash_ground,16,0.125,False,-3.845349034211576,4.141860219235583,2.3577996107232573
16,10,crash_ground,28,0.125,False,-3.1780812674763275,3.7448465003211395,29.754137617877973
16,10,crash_ground,23,0.125,False,-3.1609969157064555,3.350140684062268,9.110776906057252
16,10,crash_ground,27,0.125,False,-4.231699355982884,4.347899517313007,16.37510397492331
16,10,crash_ground,25,0.125,False,-2.9428999576805994,3.523105352436275,19.954197176522243
16,10,success,22,0.125,True,-4.527727599417908,4.753917770934656,7.21723709403512
16,10,crash_ground,13,0.125,False,-3.0163564334333106,3.303924816341441,25.295758127203694
16,10,crash_ground,22,0.125,False,-5.460580917675662,6.123372225413143,4.9073740979092335
16,10,success,12,0.125,True,-2.715030467612497,3.5964785386790847,33.2028894216607
16,10,crash_ground,27,0.125,False,-5.141468871072609,5.246750612649002,10.749853298875982
16,10,crash_ground,27,0.125,False,-4.2895291750158675,5.206138861127596,8.58346685281644
16,10,success,23,0.125,False,-3.958571838219438,4.081967860737844,11.588695844119574
16,10,crash_ground,21,0.125,False,-4.927001540602419,5.169016211525809,3.2582075486870288
16,10,crash_platform,20,0.125,False,-4.20663393174505,4.476193853014259,29.537629555577336
16,10,crash_ground,26,0.125,False,-4.5492413249549095,4.903753982499605,24.023184886502072
16,10,crash_platform,20,0.125,False,-3.345414042975626,3.698543374667984,16.131236685864074
16,10,crash_platform,30,0.125,False,-4.139933182570326,4.455292484538718,6.657071924660762
16,10,crash_ground,39,0.125,False,-4.389470879055377,4.630173712116229,2.4027032410397227
16,10,crash_ground,26,0.125,False,-3.519944593546646,3.9901640869045685,6.952881186173321
16,10,crash_ground,23,0.125,False,-5.48874362529451,5.555235351220531,10.534260734150413
16,10,crash_ground,21,0.125,False,-3.4168120381850056,3.9572471373269864,17.492705446867703
16,10,tilt,7,0.125,False,-1.1988972709633567,1.6099481584408901,81.18210082266242
16,10,crash_ground,25,0.125,False,-4.67441914244967,5.4970208064359225,5.780191363403591
16,10,crash_ground,30,0.125,False,-3.1743838744890236,3.304168141268814,24.32356908105755
16,10,success,18,0.125,False,-4.24462854132634,4.7447027745244155,13.720452908652158
16,10,crash_ground,16,0.125,False,-2.8172424559355864,3.099794011933259,24.68369218567059
16,10,crash_ground,23,0.125,False,-4.061781881238507,4.435592083064375,5.779558374023228
16,10,crash_ground,23,0.125,False,-3.9136617121838873,4.105292358172803,1.8372641310271196
16,10,crash_ground,25,0.125,False,-5.86548112668796,6.193009639784846,7.491992455003219
16,10,crash_ground,24,0.125,False,-3.9812455379976557,5.467692715449037,21.15983287494089
16,10,crash_ground,27,0.125,False,-4.5423772210196,4.802738772712823,12.026970761399797
16,10,crash_ground,20,0.125,False,-7.73559947623568,8.258853262885184,8.367575611328913
16,10,crash_ground,30,0.125,False,-4.019600507490989,4.196936479001146,15.502267827208119
16,10,crash_platform,19,0.125,False,-3.9208547754381895,4.455743429405655,28.743981443762582
16,10,crash_ground,19,0.125,False,-2.065110482182737,2.148392722445852,22.263620471811162
16,10,crash_ground,31,0.125,False,-2.983872970326176,3.3602613082652564,32.06097628110545
16,10,tilt,6,0.125,False,-2.917263422238561,2.9829090384408143,80.03513804948217
16,10,crash_ground,21,0.125,False,-4.769350492432234,4.990743446430667,5.393614905854845
16,10,crash_ground,15,0.125,False,-2.90189775226996,3.1720562148146385,27.752617532187298
16,10,crash_ground,24,0.125,False,-4.228741443708699,4.355828072095397,18.287764250124244
16,10,crash_ground,22,0.125,False,-2.925461911505102,3.363757830803658,22.269646984135306
16,10,success,32,0.125,True,-6.111083372396331,6.58932283813234,6.5098200152899075
16,10,crash_ground,22,0.125,False,-4.1932504600404545,4.6595705082027665,12.039480359163374
16,10,crash_ground,14,0.125,False,-3.9348460072800324,4.029340720553234,7.332950154259179
16,10,crash_ground,29,0.125,False,-4.316342396819417,4.338975090969152,16.846980040400638
16,10,success,21,0.125,True,-2.939071697155558,2.9973938387202104,7.965974830018438
16,10,success,13,0.125,False,-2.0974072556958183,2.6745946648335974,30.624540901851702
16,10,crash_ground,20,0.125,False,-4.318484698130605,4.393449655863604,23.904439428742375
16,10,success,18,0.125,False,-4.002601293032563,4.047176331183111,5.994599406218964
16,10,crash_platform,17,0.125,False,-4.487003367375259,4.724706506376151,15.66748119496687
16,10,crash_ground,17,0.125,False,-3.853662410797796,4.235950988637351,8.24371850001276
16,10,crash_ground,29,0.125,False,-4.2257822179612905,4.687862403402368,2.713909988990918
16,10,crash_ground,27,0.125,False,-2.7669349996861894,2.855511216643039,16.651643700607686
16,10,crash_ground,26,0.125,False,-4.60978773357211,4.738881752899,21.42892523758616
16,10,crash_ground,16,0.125,False,-3.690444052082579,4.330198815881448,20.678448101419068
16,10,crash_ground,25,0.125,False,-5.030813359566525,5.242787431242731,14.077868670743648
16,10,crash_ground,24,0.125,False,-3.573371332524764,3.6577284492305804,14.145121458306459
16,10,crash_ground,32,0.125,False,-3.925487179146196,3.9517460185901156,10.174630802810954
16,10,crash_ground,26,0.125,False,-4.335345701480502,4.362490116613744,12.985402133155215
16,10,crash_ground,14,0.125,False,-4.179460207414726,4.278552943109162,6.292528995887407
16,10,crash_ground,26,0.125,False,-4.626204218554032,5.246914860986945,3.8606460596666663
16,10,crash_ground,24,0.125,False,-3.572963830919017,4.711400586730077,36.97200292532825
16,10,crash_ground,18,0.125,False,-4.13793009637524,4.283402356021884,10.777048078718757
16,10,success,15,0.125,True,-2.8039370746289047,3.0138339241255485,23.45784494459356
16,10,crash_ground,30,0.125,False,-2.993249730292645,3.245860020027816,23.64508019468508
16,10,success,22,0.125,True,-4.480607628808412,4.49433663902926,6.695716611740149
16,10,crash_ground,26,0.125,False,-3.688533856747892,4.0003209624186375,16.323739869305502
16,10,crash_ground,21,0.125,False,-2.9274841667517473,2.9647530457956135,31.558296431005058
16,10,crash_ground,16,0.125,False,-4.066169281409719,4.068157946648606,7.6924106473878515
16,10,success,28,0.125,False,-3.6409116999917446,4.091666801460003,16.918124515174792
16,10,crash_ground,25,0.125,False,-4.82281708583899,5.306498892087023,10.315036094029878
16,10,crash_ground,29,0.125,False,-4.386645046407447,4.699205824837831,9.604385327036125
16,10,crash_ground,17,0.125,False,-4.0665163443591315,4.1756906459708025,34.807917988624276
16,10,crash_ground,21,0.125,False,-4.5387370701739265,5.08890663245212,3.9161543595106503
16,10,crash_ground,23,0.125,False,-4.640843762713545,4.741533405542115,6.984044572232862
16,10,success,16,0.125,True,-3.1911942997249665,3.405396387670509,6.7399228261507265
16,10,crash_ground,14,0.125,False,-3.919514343974328,4.058849538263782,8.73881795979563
16,10,crash_ground,20,0.125,False,-6.653696435381774,6.682899952012267,27.540611422694035
16,10,crash_ground,30,0.125,False,-3.886754273184415,4.414789674555309,12.981297853237054
16,10,crash_ground,30,0.125,False,-4.971503918537096,5.055057663052593,8.407453062166125
16,10,success,18,0.125,False,-4.5605008726655605,4.893954247171223,5.529072332165174
16,10,crash_ground,27,0.125,False,-4.576496010777897,4.794216259613663,5.395858834888587
16,10,crash_ground,14,0.125,False,-4.189823680922647,4.627619984520418,15.727466671181965
16,10,crash_ground,32,0.125,False,-4.794507662073907,4.796318874640345,13.557051119697151
16,10,success,20,0.125,True,-2.8451109355737914,3.3468542868891293,5.7260259287255595
16,10,crash_ground,29,0.125,False,-4.7163533336142525,4.852818533380952,1.4981375836940287
16,10,crash_ground,20,0.125,False,-3.675659157065476,4.036033062545836,20.981643600977268
16,10,success,26,0.125,True,-6.965201707262502,7.240206996008499,61.488991386736096
16,10,crash_ground,18,0.125,False,-6.3148442326708825,6.50082564622544,10.308217985634448
16,10,crash_ground,10,0.125,False,-5.763613961996503,6.16459176954007,5.437701004481033
16,10,success,24,0.125,False,-5.1428104061856095,5.3119838817142675,9.196575291835765
16,10,crash_ground,26,0.125,False,-3.6428488246823023,3.9730019146928406,9.008568904344001
16,10,success,18,0.125,False,-3.848820186651611,4.171835679350151,14.703704517758265
16,10,crash_ground,23,0.125,False,-2.9909512344919302,3.7093163664431756,16.148524095341514
16,10,crash_ground,17,0.125,False,-4.571664529974159,4.579430986629437,14.849308818065023
16,10,crash_ground,32,0.125,False,-3.6807929493284703,3.84981070465153,14.975583544605433
16,10,success,32,0.125,True,-3.4979105412805964,4.034578245050657,1.5705138188577294
16,10,crash_ground,27,0.125,False,-3.1128188661035745,3.7995618893513936,22.323790610208736
16,10,crash_ground,23,0.125,False,-4.015926778542368,4.1810146263366725,10.978325705619673
16,10,crash_ground,28,0.125,False,-4.095702414915627,4.532399333556042,18.191116404487797
16,10,crash_ground,20,0.125,False,-4.683835887084068,5.288885300847006,6.4694046803456855
16,10,success,22,0.125,False,-2.7012376628824835,3.6932894075112053,26.14423131260229
16,10,crash_ground,25,0.125,False,-2.4291234961655808,2.644875145750837,13.129295284135253
16,10,crash_ground,17,0.125,False,-5.155579238301315,5.396774447000209,21.781048544754398
16,10,crash_ground,33,0.125,False,-4.21175593547872,4.794998993037934,10.887612648364646
16,10,crash_ground,26,0.125,False,-3.835355802045621,3.9735620302291443,14.508600668058026
16,10,tilt,12,0.125,False,-6.928426847323116,6.994129144772704,80.21729736772821
16,10,crash_platform,18,0.125,False,-3.856580276099379,4.37762231166341,22.81135867948551
16,10,crash_ground,19,0.125,False,-4.5307307730167174,4.702841948381594,5.770528335292036
16,10,success,11,0.125,True,-2.8762990837633904,2.9402494448265792,7.8243194800691604
16,10,crash_ground,29,0.125,False,-3.2459858818466145,3.459447496851002,6.778390719052072
16,10,success,15,0.125,True,-3.3780935256363387,4.251397725228435,3.743490394848098
16,10,crash_ground,24,0.125,False,-4.460984403941226,4.845867422839209,3.545119278724586
16,10,crash_ground,28,0.125,False,-4.16436300209128,4.2500381690498354,8.496859080883414
16,10,success,17,0.125,True,-3.8725743360761067,4.3035113017563775,19.975935489676093
16,10,crash_ground,18,0.125,False,-4.384890483279245,4.385262707739257,38.96504001290858
16,10,crash_ground,16,0.125,False,-4.900665001224318,5.02402199862919,23.07671187317344
16,10,crash_ground,19,0.125,False,-3.261796589834551,3.634866432487233,25.63022391278947
16,10,crash_ground,24,0.125,False,-3.5249706931749056,3.6775220113990015,9.36385884314025
16,10,success,16,0.125,False,-3.8135307984861844,4.72204882926357,12.466035494309901
16,10,crash_ground,30,0.125,False,-4.833224930561083,5.326465376537213,5.868581442004926
16,10,crash_ground,25,0.125,False,-4.967585898088936,5.364413569476357,3.130139012993333
16,10,crash_ground,20,0.125,False,-4.106612370491153,4.535823694694779,15.630214683004006
16,10,crash_ground,26,0.125,False,-4.904482566333361,5.387914911335826,10.896264938799309
16,10,crash_ground,16,0.125,False,-3.953069626327316,4.501414733568968,14.111356831215492
16,10,crash_ground,27,0.125,False,-4.6658982495343615,4.794680988603815,5.432825645479295
16,10,crash_ground,29,0.125,False,-5.3776446217089084,5.8279712654488876,4.577084867540866
16,10,crash_ground,19,0.125,False,-5.007211336188809,5.369993860776661,6.7700566535036355
16,10,crash_ground,26,0.125,False,-5.4863209032460345,5.752514058385841,5.3811840856447635
16,10,crash_ground,18,0.125,False,-3.665721144662671,4.498214256014143,5.706775026120335
16,10,crash_ground,17,0.125,False,-5.825091919891409,6.611497157378218,6.680688061360716
16,10,crash_ground,24,0.125,False,-4.394542546012181,4.8937208204882845,7.7166221170560565
16,10,crash_ground,19,0.125,False,-3.514782701548244,3.720929440161625,13.22750348300303
16,10,crash_ground,22,0.125,False,-3.38979152803124,4.337631235566961,23.941107244773733
16,10,crash_ground,23,0.125,False,-3.441422506675764,3.8801981273542063,2.8471627054493367
16,10,crash_ground,32,0.125,False,-3.921717707788258,4.773124758074793,28.259567580485076
16,10,crash_ground,25,0.125,False,-4.5184596526324805,5.148745920093577,47.215934496904126
16,10,success,19,0.125,False,-4.4175314869037345,4.739988559145106,51.576527182981366
16,10,crash_ground,23,0.125,False,-3.6670582747245257,3.876299391651133,29.13928402912228
16,10,crash_ground,24,0.125,False,-5.815533446215335,6.316078849121762,12.824161921228567
16,10,success,10,0.125,False,-4.259258698587675,4.313741210102691,16.60594062799344
16,10,crash_ground,18,0.125,False,-2.719539459233416,3.2554390254882883,17.76824741462739
16,10,success,20,0.125,False,-4.316150920303863,4.5097331471944155,20.208557031402815
16,10,crash_ground,22,0.125,False,-3.5575817332907285,3.7489532079086985,13.337610524707447
16,10,crash_ground,28,0.125,False,-3.8867252978157847,4.104252665344623,19.73270325935887
16,10,success,18,0.125,False,-3.593872027473424,3.7987833968762295,21.986682724348157
16,10,success,23,0.125,True,-4.3596524709695705,4.594456561910718,3.8004437903303967
16,10,success,24,0.125,True,-8.326077591496922,8.650474403800462,22.51614594310192
16,10,success,27,0.125,True,-4.4064713105747915,4.457131786610979,10.712733389988987
16,10,crash_ground,16,0.125,False,-4.094869427557927,4.6234992179501715,8.364322773128364
16,10,crash_ground,20,0.125,False,-4.879953060574205,4.9001182262393455,10.699703722439706
16,10,crash_ground,31,0.125,False,-4.59451710528345,4.658862865469145,15.155855684864685
16,10,crash_ground,19,0.125,False,-3.20763776845731,4.060265769276153,27.086650136442568
16,10,crash_ground,23,0.125,False,-3.5809707404586524,4.0198693059116,18.8526972903102
16,10,crash_ground,17,0.125,False,-4.917858795964149,5.327752222399391,5.535915696038841
16,10,crash_ground,30,0.125,False,-3.4871879576193985,3.754124132426057,14.305641474143828
16,10,crash_ground,22,0.125,False,-4.593568589267604,4.647083810055994,28.703428877422848
16,10,crash_ground,16,0.125,False,-5.046006674699167,5.060060080229219,1.8166507172357487
17,10,crash_ground,21,0.125,False,-4.432105824775135,4.652330122328682,24.031041738352492
17,10,crash_ground,20,0.125,False,-4.0359338431925975,4.398715003630974,12.216332276617516
17,10,crash_ground,20,0.125,False,-3.820087471802118,4.263804569086901,1.3930149492691002
17,10,crash_ground,30,0.125,False,-4.320111375243195,4.647464481845971,0.35684457407664005
17,10,crash_ground,26,0.125,False,-3.88676578818703,4.30629810493032,17.986289283239625
17,10,crash_ground,16,0.125,False,-4.761500844721078,4.898731540433565,9.517661275405045
17,10,success,14,0.125,False,-3.6275333688056106,4.00133826793944,13.745814083659807
17,10,crash_ground,23,0.125,False,-4.252215683305731,4.4367407766071745,19.685458020844553
17,10,crash_ground,33,0.125,False,-3.9581209853297326,4.26502759353619,17.88036024740705
17,10,success,25,0.125,False,-3.8848531689457233,4.2427480590679325,33.36996901723875
17,10,crash_ground,12,0.125,False,-3.893661256775564,4.106194371763211,14.627504431368488
17,10,crash_ground,19,0.125,False,-5.217250346087438,5.371817401983259,29.865293624615312
17,10,success,26,0.125,True,-6.557065684536221,6.790899583123079,5.97076883380394
17,10,crash_ground,23,0.125,False,-4.038016084686925,4.464809283070328,8.560372955764224
17,10,crash_ground,25,0.125,False,-3.2329778328301892,4.0882105272183535,60.75254933570605
17,10,crash_ground,28,0.125,False,-3.5104802820301777,3.9136055944604133,28.235233927041996
17,10,success,15,0.125,True,-4.818058614395107,5.582077559484029,29.42034688794558
17,10,crash_ground,19,0.125,False,-4.5725355762820845,5.281029510719976,9.023501584435554
17,10,crash_ground,16,0.125,False,-4.698118975943309,5.19108686276195,4.96168275681614
17,10,success,22,0.125,True,-4.12432757673786,4.1899721840525235,8.327812777133248
17,10,crash_ground,25,0.125,False,-4.870618570706964,5.147260034707232,15.147992509227473
17,10,crash_ground,22,0.125,False,-5.067467938516539,5.605244322780555,9.312273253072282
17,10,success,18,0.125,False,-3.284879572046097,4.0709591735148125,12.532924059968279
17,10,crash_platform,30,0.125,False,-4.029107221116192,4.0603120107045605,11.135251012501046
17,10,success,24,0.125,True,-4.986918490042783,5.091479865221773,12.14187348871365
17,10,success,21,0.125,True,-3.9937490298411817,4.63832905100358,21.492669861399566
17,10,crash_ground,19,0.125,False,-3.4352492904407006,3.5836073158153563,10.135472380441243
17,10,crash_ground,25,0.125,False,-5.1543304629329825,5.220102015945971,23.879132896893697
17,10,crash_ground,22,0.125,False,-3.4262003330218342,3.4284283247238,14.550045598448596
17,10,success,14,0.125,True,-2.312905879491704,2.4881951023271403,16.04502691116134
17,10,crash_ground,26,0.125,False,-5.463494557492203,6.114137655924106,3.6801171680234526
17,10,crash_ground,25,0.125,False,-5.850836654893197,6.226774054957458,13.812941892382877
17,10,crash_ground,33,0.125,False,-3.5362954412763137,3.7612805341433524,20.520155884261875
17,10,crash_ground,29,0.125,False,-4.506543875922438,4.909617301546919,8.949457603077057
17,10,crash_ground,26,0.125,False,-4.003608841333248,4.6281181320751665,24.18606505734037
17,10,crash_ground,17,0.125,False,-3.3444684804135516,4.057613084231861,41.496639569792016
17,10,crash_ground,33,0.125,False,-4.457832493371365,4.545271674434691,5.4728270526349005
17,10,crash_ground,30,0.125,False,-4.260485049328201,4.624101680045049,6.954250275306639
17,10,crash_ground,22,0.125,False,-3.566915925731745,3.6243614961489516,11.899508867540263
17,10,crash_ground,24,0.125,False,-4.63711368104577,4.969437775555369,14.983796649819114
17,10,crash_ground,22,0.125,False,-3.626057522221362,3.7880976249625595,14.447783126605314
17,10,crash_ground,20,0.125,False,-5.3507539449457475,5.770923606477723,20.15757618871644
17,10,crash_ground,27,0.125,False,-4.007592637746949,4.470884386897984,23.359449423481504
17,10,crash_ground,41,0.125,False,-5.145566153528667,5.509917479691866,2.804662292832079
17,10,crash_ground,14,0.125,False,-8.034464732033534,8.28519871416262,74.89484218588541
17,10,crash_ground,18,0.125,False,-4.245015235423675,4.563184802593246,21.64506492499822
17,10,crash_ground,23,0.125,False,-3.1530083357708745,3.4707121504479175,14.236186169837074
17,10,crash_ground,14,0.125,False,-3.240867203118023,3.717837028798563,6.615931771185163
17,10,crash_platform,19,0.125,False,-4.8948637414142535,5.2182018497175315,24.372493477922987
17,10,crash_ground,20,0.125,False,-3.7598697474370657,3.7718455415676937,5.1690371626874505
17,10,crash_ground,18,0.125,False,-3.195206686693499,3.292253589821432,35.67889855103108
17,10,crash_ground,29,0.125,False,-4.835244754609382,5.107082822536516,6.766826302291915
17,10,crash_ground,19,0.125,False,-3.734238613869036,4.773217816865705,11.30032716429781
17,10,crash_ground,24,0.125,False,-4.185960778162767,4.280646821190826,0.8892048966582644
17,10,crash_ground,34,0.125,False,-5.070437994538827,5.996744157569603,3.2847051267578173
17,10,success,19,0.125,True,-4.033526383830963,4.850865303332079,2.242828869662254
17,10,crash_ground,26,0.125,False,-4.60488429476834,5.089563527953418,3.416856376706144
17,10,crash_ground,19,0.125,False,-5.549251540220377,6.033976827215433,4.548126451337692
17,10,crash_ground,22,0.125,False,-4.01569585292371,4.060514343975536,1.850950233204027
17,10,crash_ground,23,0.125,False,-4.598706736238825,4.815805604757558,11.63401441859311
17,10,crash_ground,28,0.125,False,-4.037517115191787,4.458304442835608,49.49744367238945
17,10,crash_ground,19,0.125,False,-3.51157692277677,3.593515041013334,14.493906852719475
17,10,crash_ground,26,0.125,False,-4.214211267297048,4.365547277326821,5.801019841885359
17,10,success,23,0.125,False,-3.593151796542666,4.265054543505096,24.6256066445876
17,10,crash_ground,22,0.125,False,-3.197063297412149,3.6528040026691677,23.727997046539677
17,10,crash_ground,13,0.125,False,-5.054588798075191,5.264399180876156,18.209446726821174
17,10,crash_ground,29,0.125,False,-4.976471428232806,5.3876288056921515,11.159813379808634
17,10,crash_ground,28,0.125,False,-4.046616395980846,4.388825520503514,10.45269142672058
17,10,success,20,0.125,False,-4.22206913137228,4.31446447192661,11.217664765422914
17,10,success,18,0.125,True,-4.5545133860108935,4.983909189055885,1.6540236585658532
17,10,crash_ground,26,0.125,False,-4.701227021931228,4.847844614947351,13.61768460124679
17,10,crash_ground,32,0.125,False,-3.9263143567982204,4.636113503214167,7.957176393260187
17,10,crash_ground,21,0.125,False,-4.1384279409672375,4.584996979015311,8.122560289685813
17,10,crash_ground,29,0.125,False,-3.937021686721449,4.045332061167393,12.133639567014827
17,10,success,23,0.125,False,-3.366824842681522,3.451025154572985,36.714536901799
17,10,crash_ground,17,0.125,False,-4.712219933458953,5.396548411810035,4.823857503792815
17,10,success,30,0.125,True,-2.8805078834225513,3.109260390183369,32.880475959375836
17,10,crash_ground,22,0.125,False,-4.073488178883397,4.212202188144073,7.2668343319732
17,10,crash_ground,29,0.125,False,-3.522984091950185,3.7167183568003206,13.507810806713216
17,10,crash_ground,29,0.125,False,-3.5312935946620696,3.811266218508227,8.89631969360604
17,10,success,14,0.125,False,-3.986510078138965,4.511425166051776,37.320955713347196
17,10,crash_ground,26,0.125,False,-4.684510458864431,5.2219258538204665,17.446263843523734
17,10,success,19,0.125,True,-4.242889734821911,4.469506732191959,2.2459524271985902
17,10,crash_ground,29,0.125,False,-4.359152991723833,4.6122125202712185,8.46465719895896
17,10,crash_ground,18,0.125,False,-4.042487007805277,5.074416766991647,5.096535131887708
17,10,crash_ground,29,0.125,False,-4.228812096126023,4.473068301204667,5.654272891075124
17,10,crash_ground,28,0.125,False,-3.971681787230281,4.476961192333814,3.7703282727281717
17,10,crash_ground,16,0.125,False,-3.9367143158019386,4.3661284066051245,22.415434095445356
17,10,crash_ground,18,0.125,False,-3.9027309536312296,4.026462082409385,16.810011811348723
17,10,crash_ground,21,0.125,False,-4.532253588825172,4.697584311555018,14.42123206751079
17,10,crash_ground,20,0.125,False,-5.4763652339241915,5.870642545295368,13.513260548756703
17,10,crash_ground,27,0.125,False,-3.6938708371744293,4.043504729380356,9.071220681039645
17,10,crash_ground,16,0.125,False,-4.707911338820242,4.926126675315559,6.39428841239447
17,10,success,22,0.125,True,-4.196610404876105,4.941346910935122,3.7417656091171776
17,10,crash_ground,20,0.125,False,-2.810617130955848,3.0222412704405,32.068102173973266
17,10,crash_ground,28,0.125,False,-3.0549776103005617,3.20856373559637,31.45446337598
17,10,crash_platform,29,0.125,False,-4.528254219663302,4.597632058280108,18.350696309464464
17,10,crash_ground,19,0.125,False,-4.246975628084905,4.581007235725618,1.281575363961192
17,10,crash_ground,21,0.125,False,-4.075224220642967,4.483479360187003,24.143210297960394
17,10,crash_ground,22,0.125,False,-3.5939776388303386,4.112147187013082,11.39469372775671
17,10,crash_ground,25,0.125,False,-4.939597448546614,5.320967028262916,4.408321051081343
17,10,crash_ground,20,0.125,False,-3.8272674170407095,4.488981551933143,30.90452731177055
17,10,crash_ground,20,0.125,False,-6.035313186407007,6.972042452175408,7.237588713603056
17,10,crash_platform,17,0.125,False,-4.182718938530447,4.936789183607962,30.78563155499514
17,10,crash_ground,36,0.125,False,-3.7473382309331753,4.399229118088058,19.96478511623525
17,10,crash_ground,13,0.125,False,-4.720894573039867,5.16220679580019,13.167858572058845
17,10,crash_ground,18,0.125,False,-3.423556636591504,3.6187104136172077,23.835006323535573
17,10,crash_ground,23,0.125,False,-5.7077565385176365,5.808418417223022,16.563584340232133
17,10,crash_ground,20,0.125,False,-9.63417141611521,9.735394733104453,85.75513334612705
17,10,success,21,0.125,True,-4.027818270627329,4.066437156253504,12.370009877491404
17,10,crash_ground,30,0.125,False,-3.624388569398384,3.7306970029282334,27.001998449464207
17,10,crash_ground,21,0.125,False,-4.456402187570996,4.51346958943622,3.8705894710194775
17,10,crash_ground,18,0.125,False,-4.576560920256592,4.686841900163317,11.965180934562156
17,10,crash_ground,20,0.125,False,-3.7717258813549113,4.481292317837194,15.299219012249957
17,10,success,17,0.125,False,-3.6907109912932086,4.3391029684639975,10.913820022700516
17,10,crash_ground,22,0.125,False,-4.046152388749194,4.568919818045977,0.49231772690415
17,10,crash_ground,17,0.125,False,-4.934462549774005,5.365433747774741,6.839070847091086
17,10,crash_ground,16,0.125,False,-3.45680823475122,3.512416262647354,0.3940171026660264
17,10,success,25,0.125,True,-3.5022713300037656,3.6702365278782763,12.613567310166156
17,10,crash_platform,18,0.125,False,-4.173159492280966,4.51210821623873,13.701256518659164
17,10,crash_ground,20,0.125,False,-3.1301688667581833,3.514085169412655,4.214375227868444
17,10,crash_ground,16,0.125,False,-3.742693208928445,4.239031138465137,2.7380423789075783
17,10,success,17,0.125,True,-3.639457996670468,3.90313678722432,14.61174542711231
17,10,crash_ground,23,0.125,False,-4.716930401999969,4.730029108600628,14.611007542466028
17,10,crash_ground,34,0.125,False,-3.451019218419336,3.5893207919579484,25.028925663160695
17,10,crash_ground,19,0.125,False,-4.265183456855829,4.5719851855085345,3.87550933319473
17,10,crash_ground,25,0.125,False,-3.9288645318489457,4.282823166238667,21.9945556035439
17,10,crash_ground,20,0.125,False,-5.003363812780127,5.292433783154497,1.5197627813820496
17,10,success,13,0.125,True,-3.148769375231275,3.5802386757878164,7.929381510328399
17,10,crash_ground,18,0.125,False,-4.437399082736331,4.63160256559432,22.435125477950123
17,10,crash_ground,18,0.125,False,-3.901944423850202,4.320783342383752,13.360028818056621
17,10,crash_ground,15,0.125,False,-8.491614287492682,8.641831845316531,43.52243714738323
17,10,crash_ground,22,0.125,False,-4.231487123064414,4.759870849096225,23.649427940730767
17,10,crash_ground,32,0.125,False,-3.6907293447102356,3.9478130200028314,6.659904188843878
17,10,crash_ground,20,0.125,False,-3.779616289794522,3.8888565994180255,12.9774006769775
17,10,crash_ground,22,0.125,False,-4.068278934677943,4.071460628064445,20.3812994569822
17,10,crash_ground,22,0.125,False,-3.9128196145890692,4.810412100340286,12.234489018628777
17,10,crash_ground,14,0.125,False,-3.7304158082715957,3.9228656740761174,25.664171818618012
17,10,crash_ground,27,0.125,False,-3.713821677333034,4.489591693454361,20.928135640128545
17,10,crash_ground,27,0.125,False,-4.098632057427751,4.95532678016656,14.876158221863456
17,10,crash_ground,31,0.125,False,-3.4715555695328066,4.021823077214548,0.7488541055860783
17,10,crash_ground,17,0.125,False,-2.6935583558543437,3.2485165527526068,8.55730154567569
17,10,crash_ground,16,0.125,False,-4.124460028346341,4.329637621580671,1.9787841308529557
17,10,crash_ground,19,0.125,False,-2.504751147161875,2.890512473880221,32.39694766454201
17,10,crash_ground,24,0.125,False,-6.547528915103965,7.245861258035916,2.960645652737107
17,10,success,12,0.125,True,-3.303928368487451,4.067915486165213,14.05840275865394
17,10,crash_ground,22,0.125,False,-3.1980021151075873,3.3341740406332963,9.820784115620985
17,10,success,20,0.125,False,-3.0936404456277335,3.8244658676313326,10.286254055495938
17,10,success,16,0.125,False,-3.472638816327326,4.519388326859932,10.281049437737542
17,10,crash_ground,33,0.125,False,-3.971427412784835,4.949619398633002,3.9509124060566765
17,10,crash_ground,27,0.125,False,-5.202975659099683,5.5722225011451645,2.7601127505765795
17,10,crash_ground,18,0.125,False,-3.1086380864903513,3.183089578977947,21.541125954161046
17,10,crash_ground,30,0.125,False,-5.037487151701064,5.112474992147494,3.9117127533863476
17,10,crash_ground,24,0.125,False,-4.819137687649843,5.098795499039866,8.121272168007726
17,10,crash_ground,20,0.125,False,-2.901599081167133,3.0344029413932536,2.388832784209368
17,10,crash_ground,26,0.125,False,-4.022446434058088,4.543306405774954,25.2116585706879
17,10,crash_ground,27,0.125,False,-4.082991758797615,4.29107562310295,10.224324559414514
17,10,crash_ground,27,0.125,False,-4.5919187561195605,4.740825771162295,2.8467799911006764
17,10,success,25,0.125,True,-3.889164716949043,4.424929448977944,7.499534685117444
17,10,tilt,18,0.125,False,-7.579843272111297,7.622424831597314,80.06437580618862
17,10,success,20,0.125,False,-3.4173327886978444,3.7298292379773166,22.165702988749064
17,10,success,17,0.125,True,-3.98089319361111,4.4430852436905885,18.118684172929708
17,10,crash_ground,20,0.125,False,-4.597748137232243,4.95261478684386,1.7427082236780038
17,10,crash_ground,21,0.125,False,-2.5364959370779547,3.4986028397428437,50.566903848238255
17,10,crash_ground,27,0.125,False,-3.8092219032439796,4.099108397955495,4.895613739272911
17,10,crash_ground,16,0.125,False,-4.89130565352992,5.275034753390959,13.49933376914784
17,10,crash_ground,29,0.125,False,-4.312267663972406,5.239401577464551,1.9664793839362102
17,10,crash_ground,25,0.125,False,-4.613721190346724,5.233590560933352,23.870352608670814
17,10,crash_ground,26,0.125,False,-4.919424721476353,5.012027371579426,6.362999748466414
17,10,crash_ground,23,0.125,False,-4.041289735237827,4.149634725571963,29.528706229928716
17,10,crash_ground,15,0.125,False,-3.7438940852708087,3.863700603729682,15.044330816258398
17,10,crash_ground,19,0.125,False,-5.250640938270479,5.3920542972888095,7.247603207643089
17,10,crash_ground,18,0.125,False,-3.7595562272257688,3.7785614759840906,21.831417062687287
17,10,crash_ground,28,0.125,False,-3.8262512767479153,4.622058229807526,26.189602375034724
17,10,crash_ground,32,0.125,False,-4.105217887003549,4.652625744103365,18.567674275265
17,10,crash_ground,19,0.125,False,-2.711931748762776,2.765725743832969,27.01599408582446
17,10,crash_ground,22,0.125,False,-4.8303576423706875,5.08110718001211,13.670382317072109
17,10,crash_ground,16,0.125,False,-5.790251550092481,6.290461729463378,10.441232058881427
17,10,crash_ground,26,0.125,False,-3.887945172214069,4.207262527588168,19.728111163576646
17,10,crash_ground,22,0.125,False,-4.298639740251844,4.353933813139942,4.375688142375378
17,10,crash_ground,22,0.125,False,-3.847060191607054,3.8972222340470872,10.975576503717141
17,10,crash_ground,26,0.125,False,-3.7930520081632126,3.9546134808949396,15.541166762395568
17,10,crash_ground,18,0.125,False,-4.6123796211133445,5.050214690549053,4.1130208536056285
17,10,success,18,0.125,True,-4.307621414438662,4.913538218611855,12.762766110870304
17,10,tilt,7,0.125,False,-3.275121989075804,3.550726292156048,80.27387159886975
18,10,success,22,0.125,False,-3.773476409011405,4.652726258632884,31.950869605946682
18,10,crash_ground,26,0.125,False,-6.908382809258463,7.499247556309447,6.817123814768881
18,10,crash_ground,21,0.125,False,-5.183936296950945,5.819494943557299,10.206443905485397
18,10,crash_ground,25,0.125,False,-5.133954668464517,5.201431489588135,4.579611377030614
18,10,crash_ground,29,0.125,False,-5.826374937049053,6.3000371724496915,15.975932852527789
18,10,crash_ground,22,0.125,False,-5.411748835887487,6.119229954835551,8.041776811731724
18,10,crash_ground,24,0.125,False,-4.8769460332971475,5.140469196189033,5.295545281546322
18,10,crash_ground,26,0.125,False,-4.86348632911415,5.041864407294058,5.088762578794055
18,10,crash_ground,21,0.125,False,-5.271187936165137,5.620774072607502,13.023486710021569
18,10,crash_platform,20,0.125,False,-4.078717444585963,4.605866009544976,18.764389035045
18,10,crash_ground,24,0.125,False,-2.8301057030291674,3.2176607600085316,4.813276398459726
18,10,crash_ground,19,0.125,False,-4.754192561535055,4.882396401545031,9.460183392909927
18,10,crash_ground,24,0.125,False,-6.075850874236815,6.2793821590768895,11.436653649614223
18,10,crash_ground,23,0.125,False,-4.220754132182012,4.434452814783321,3.372283678645493
18,10,success,24,0.125,True,-4.125885761206244,4.228715135014539,14.164073475080436
18,10,crash_platform,19,0.125,False,-4.821420889834942,5.09517539946283,7.96218015600709
18,10,crash_ground,16,0.125,False,-3.9741221656204795,4.542969426804054,6.462552541876888
18,10,crash_ground,21,0.125,False,-4.826865333949464,4.982711744549424,8.38502478269937
18,10,crash_ground,30,0.125,False,-3.6658575792429233,3.7272098641958538,27.294620300163714
18,10,crash_ground,13,0.125,False,-3.275270579046111,3.7338860581700932,10.067046514130814
18,10,crash_ground,33,0.125,False,-6.23309714519487,6.61159543521451,6.163009907429634
18,10,crash_ground,26,0.125,False,-5.609153850052207,5.681193257414295,13.469348547704424
18,10,crash_ground,28,0.125,False,-3.806813010869659,4.077259058789471,18.423047359603824
18,10,crash_ground,26,0.125,False,-4.093582975956745,4.568440024391294,4.598654098644868
18,10,success,23,0.125,False,-4.246561207803445,4.800426582785341,5.615998076427548
18,10,crash_ground,23,0.125,False,-3.925867680407482,4.607866362948267,13.744185381513194
18,10,crash_platform,14,0.125,False,-4.802580853681615,5.33633831389719,62.29817289785083
18,10,crash_ground,22,0.125,False,-3.275172052192539,3.5918056554824997,27.088328018443686
18,10,tilt,8,0.125,False,-4.274197731160821,4.734952189320199,81.11105734987792
18,10,crash_ground,24,0.125,False,-1.9537325970556287,2.176117426835508,26.78532488298272
18,10,crash_ground,26,0.125,False,-4.885164230926221,5.102379795593402,5.4284956394785855
18,10,success,20,0.125,False,-4.475057400829781,4.798270353466763,4.756380606175677
18,10,crash_ground,18,0.125,False,-3.3027942035794626,3.487631985663408,42.39361720794935
18,10,crash_ground,19,0.125,False,-5.421293375587647,5.522723937731774,24.257192001168793
18,10,crash_ground,23,0.125,False,-3.8152728312524813,4.020465842391481,20.236056350707386
18,10,success,22,0.125,True,-3.8924046837675785,4.183995734772717,20.356335572087186
18,10,crash_ground,29,0.125,False,-4.69223073235718,4.813062682524148,6.729651337164708
18,10,success,24,0.125,True,-4.730416184022246,4.955592112599892,5.544241875317766
18,10,crash_ground,22,0.125,False,-3.5846497155661847,4.317397379807797,26.8772934830969
18,10,crash_ground,28,0.125,False,-3.2297024403239885,3.3429242736085203,13.971328021423984
18,10,crash_ground,30,0.125,False,-4.484412318813255,4.762078197597424,4.256700946524057
18,10,crash_ground,25,0.125,False,-7.2641334484371916,7.640862905867584,8.369287326208823
18,10,crash_ground,19,0.125,False,-3.8458351136176687,4.0842050464887985,11.924151758998546
18,10,crash_platform,14,0.125,False,-3.033592122731266,3.495276743435118,15.128848529126673
18,10,crash_ground,29,0.125,False,-4.131610064548652,4.637463974383657,12.865710022246834
18,10,crash_ground,21,0.125,False,-5.141236273769742,5.217236555468413,33.50069302155068
18,10,crash_ground,15,0.125,False,-8.61705587409012,8.84783985798744,52.58940748417426
18,10,tilt,4,0.125,False,-1.6124431967865638,1.9389811338613474,81.08587012201347
18,10,crash_ground,15,0.125,False,-3.8886130096067193,4.118588407395447,2.8762934377647023
18,10,crash_ground,24,0.125,False,-4.75081637791109,5.139385911071952,11.16393941416061
18,10,tilt,20,0.125,False,-6.644300203281867,6.660017163640273,80.66880179497059
18,10,crash_ground,30,0.125,False,-3.876166316964994,4.245267879089499,3.0371195917846965
18,10,crash_ground,35,0.125,False,-5.33161901253024,5.538259817575855,9.800485024890678
18,10,tilt,8,0.125,True,-2.5623231587427306,3.4344141332636084,80.19526054179923
18,10,crash_platform,18,0.125,False,-4.481260970172478,4.966787730048275,30.303462786233833
18,10,success,18,0.125,True,-3.7047893137234618,4.464682907009376,29.165578429493465
18,10,crash_ground,22,0.125,False,-4.178984476546794,4.455212518081355,10.443661670341195
18,10,success,18,0.125,False,-3.203835128315366,3.281737874459633,12.788833503425256
18,10,crash_ground,24,0.125,False,-8.049049246964303,8.110059546240155,83.3384339597622
18,10,crash_ground,25,0.125,False,-3.4258256124845574,3.812997990524776,1.9768042676017001
18,10,crash_ground,23,0.125,False,-6.7515252974499385,7.098330173068586,5.8274323661247145
18,10,crash_ground,12,0.125,False,-5.4554442883160466,5.932133420276465,15.725100745391844
18,10,crash_ground,27,0.125,False,-3.754722647300267,4.061817609169284,10.544807938534287
18,10,crash_ground,13,0.125,False,-3.5220115073210563,3.5297108669230393,10.03847624992861
18,10,crash_ground,24,0.125,False,-4.65785240629574,4.8509267984790485,3.7711192702659315
18,10,crash_ground,35,0.125,False,-4.970852477200988,5.135075226749554,16.9362226484032
18,10,crash_ground,28,0.125,False,-3.4360013761669363,3.7253183851587655,20.306889620366693
18,10,crash_ground,16,0.125,False,-3.322889028895475,3.5315230935444113,5.447564596283162
18,10,crash_ground,12,0.125,False,-6.151023462550815,6.252036215376282,12.653138484921477
18,10,crash_ground,22,0.125,False,-4.23102964068812,5.065224853644461,9.60457448451573
18,10,crash_platform,22,0.125,False,-2.8308359378305417,2.8764437450527627,19.588362952911492
18,10,crash_ground,33,0.125,False,-3.663900555967886,3.8673471384040794,20.57933191042852
18,10,success,23,0.125,True,-2.4651287465839413,2.5244518761082912,22.167586257703288
18,10,crash_ground,24,0.125,False,-5.071747647822864,5.705096846367177,2.5076257059728326
18,10,crash_ground,28,0.125,False,-4.020906913524477,4.338187289898593,14.482217180895109
18,10,crash_ground,24,0.125,False,-3.670634975933069,4.199995586633169,9.999886399115413
18,10,crash_ground,20,0.125,False,-3.3049943699352067,3.6827528756372554,22.180948383532982
18,10,crash_ground,30,0.125,False,-3.1797155569320155,4.129579825462397,13.830005884720537
18,10,crash_ground,24,0.125,False,-4.298768205528677,4.659143273425934,2.374519436643063
18,10,crash_ground,26,0.125,False,-3.2427005688186044,3.4360384941010103,14.67514912931993
18,10,success,32,0.125,True,-3.5545832773167074,3.8585448594576652,6.913431050099559
18,10,crash_ground,21,0.125,False,-4.080093113548526,4.407675634091738,16.563574866606984
18,10,crash_ground,23,0.125,False,-4.824924612460422,5.074106679182953,8.601063778118277
18,10,crash_ground,25,0.125,False,-4.550472358249942,4.642669598291612,15.170254698004696
18,10,crash_ground,15,0.125,False,-5.248498722818238,5.680005516967338,11.333134278485915
18,10,crash_ground,23,0.125,False,-3.60362270362262,4.368922148567147,9.097163309753979
18,10,crash_ground,25,0.125,False,-4.006276144472914,4.562682210773131,5.571467608542452
18,10,success,26,0.125,False,-5.244216182944018,5.461459378899124,9.749686553359906
18,10,crash_ground,28,0.125,False,-5.583263771500248,5.661346442615378,6.390365598903852
18,10,crash_ground,17,0.125,False,-3.3979161937554387,3.887128293664218,22.81097087985213
18,10,crash_platform,18,0.125,False,-4.390375758951527,4.868196340826256,15.222208156175531
18,10,crash_ground,27,0.125,False,-5.220367186723169,5.38056721925137,14.814954587712712
18,10,crash_platform,30,0.125,False,-4.59019023238394,4.931761493720977,8.355445660966993
18,10,crash_ground,13,0.125,False,-4.999979343824875,5.537299718469779,10.323546108308408
18,10,crash_ground,36,0.125,False,-4.051385642157962,4.953743871797628,4.850655012601443
18,10,crash_ground,20,0.125,False,-4.25487718125978,4.439645292186764,3.9211563249817507
18,10,crash_ground,28,0.125,False,-5.271867443294214,5.39566408138618,3.897201643200874
18,10,crash_ground,26,0.125,False,-3.3507003200255308,3.6910702161973914,6.408117837346389
18,10,crash_ground,16,0.125,False,-3.6860343926926262,3.8758972043752387,2.4596108845970908
18,10,crash_ground,15,0.125,False,-3.6723367532209776,3.701174015189437,9.247827505022814
18,10,success,24,0.125,False,-5.428381982970561,5.519029996799802,11.235184013139337
18,10,crash_ground,17,0.125,False,-4.682829604731031,5.015758156811046,7.984987438410096
18,10,crash_ground,16,0.125,False,-4.369310224131751,4.728055048101067,10.070766563347046
18,10,success,23,0.125,False,-3.5116136620247853,3.780484824945542,20.868495402295583
18,10,crash_platform,19,0.125,False,-4.350520282649836,4.398702076465447,23.863166870454435
18,10,crash_ground,27,0.125,False,-4.812613439980714,5.459218212554926,22.318376874135378
18,10,crash_platform,22,0.125,False,-3.5612910790524075,3.565916485056008,38.14851724176318
18,10,success,26,0.125,True,-4.0196159526608355,4.600248209884462,13.78835268468351
18,10,success,24,0.125,True,-2.44581431397875,2.6652383659698664,38.974624391359946
18,10,crash_ground,17,0.125,False,-3.879624146294531,4.408848304554323,4.539929804048544
18,10,crash_ground,14,0.125,False,-4.852954566376114,4.919324884940395,7.258365216323079
18,10,crash_ground,27,0.125,False,-4.3145470624777955,4.531238047260346,6.364251845447931
18,10,success,16,0.125,True,-5.075290336341982,5.528878922316779,4.247290983588275
18,10,crash_platform,11,0.125,False,-7.204281757965665,7.557364879635631,75.13526410736954
18,10,crash_ground,24,0.125,False,-4.489223673266293,4.636391163321822,8.139469484895418
18,10,success,17,0.125,False,-3.839534701442731,3.9040276213428,17.410326277669242
18,10,crash_ground,18,0.125,False,-4.835493048989178,5.022494030626675,2.9333267077224985
18,10,crash_ground,19,0.125,False,-4.242508653748143,4.488048413711057,13.204597908232218
18,10,success,25,0.125,True,-4.2497168833067756,4.44035700468282,23.022616436868795
18,10,crash_ground,18,0.125,False,-3.415234705870694,3.4712474620814966,12.556522944578466
18,10,crash_ground,16,0.125,False,-4.847502560814261,5.674692908134809,4.486382120578008
18,10,crash_ground,27,0.125,False,-3.627712949053635,4.5650344244669805,22.689379381636538
18,10,tilt,18,0.125,False,-5.991525191055805,6.7928893608051855,80.59087515838539
18,10,crash_ground,19,0.125,False,-6.684609944010762,7.126449250004351,23.310326307552607
18,10,crash_platform,16,0.125,False,-3.377342409573573,4.242060208020904,15.044052069001355
18,10,success,13,0.125,True,-4.0609362430176095,4.508285669450641,4.04562476597787
18,10,crash_ground,21,0.125,False,-4.861298462486397,5.221437541924537,17.030104715727482
18,10,crash_ground,16,0.125,False,-6.933416263040197,7.403372046770884,46.41783358129749
18,10,crash_ground,17,0.125,False,-4.3837117960020615,4.497904631633413,2.191999579083226
18,10,crash_ground,20,0.125,False,-3.7739789639481334,4.688539499493509,46.04174675829169
18,10,crash_ground,27,0.125,False,-4.761607486721971,5.481269528626246,6.976499559618709
18,10,crash_ground,33,0.125,False,-3.3055789526272203,3.6912661023698035,15.085984593561724
18,10,crash_ground,25,0.125,False,-4.768912225225009,4.9496539014753065,15.023446466024554
18,10,success,24,0.125,True,-3.1719577098894436,3.5128165219045275,8.507373203846582
18,10,success,28,0.125,False,-4.4611699025833,4.493037203261324,7.387631951425313
18,10,crash_ground,21,0.125,False,-3.469326214069676,3.6262843008921815,5.111000044770177
18,10,crash_ground,21,0.125,False,-5.788027640400544,5.843321740832734,1.9214158906094965
18,10,crash_ground,23,0.125,False,-3.694019431668911,4.08075663723589,20.185538098393394
18,10,crash_ground,12,0.125,False,-7.705957882580796,7.740676542019508,62.52222231887891
18,10,crash_ground,12,0.125,False,-4.15260656868777,4.240574229730171,3.2635707619314
18,10,crash_ground,26,0.125,False,-4.059548596978138,4.899039679882989,2.0348385195005805
18,10,crash_ground,19,0.125,False,-3.632929605387259,3.641759047655995,11.583969255739785
18,10,crash_ground,15,0.125,False,-5.13539850940707,5.333529273320752,40.75358980626058
18,10,success,28,0.125,False,-5.716313691008797,5.810009772475994,21.48545201400916
18,10,crash_ground,19,0.125,False,-4.510725451410907,5.070347280416984,21.63668530087626
18,10,crash_ground,23,0.125,False,-3.836022472157299,4.102221658977249,5.593435002106597
18,10,crash_ground,22,0.125,False,-4.764133136825181,5.235084648284613,16.12856468427108
18,10,crash_ground,27,0.125,False,-4.986817151115236,5.077811074858117,16.807797339509754
18,10,success,25,0.125,True,-5.5998075363573925,5.617351034652676,4.996284938810815
18,10,crash_ground,15,0.125,False,-4.436688912167759,4.575434415055262,3.926299792083318
18,10,success,19,0.125,True,-4.685152677887561,4.754732229525585,11.027193886815292
18,10,success,24,0.125,True,-5.74009464841268,5.906131243342929,1.7567616613830814
18,10,crash_ground,30,0.125,False,-4.0643049746299145,4.347951789737831,3.9981523436549
18,10,crash_ground,13,0.125,False,-3.551706352876339,3.60130337019344,7.195096061644668
18,10,crash_ground,28,0.125,False,-4.312489824564473,4.500730978109163,5.856800965925782
18,10,crash_ground,18,0.125,False,-3.510882524954033,4.082853063426343,14.112660808624678
18,10,success,18,0.125,False,-4.621519355298112,5.030753897428445,1.52544073535052
18,10,crash_ground,13,0.125,False,-4.0358607358728245,4.1983112574220405,24.942543058539847
18,10,crash_ground,20,0.125,False,-4.076890281342359,4.269914427102802,7.757567592135527
18,10,success,20,0.125,True,-4.565003332114806,4.85427711551223,8.49166421186532
18,10,crash_ground,20,0.125,False,-5.506055164640049,5.970298900140338,6.591398055177567
18,10,crash_ground,25,0.125,False,-5.515100459082209,5.697399995217551,7.282412950606378
18,10,crash_ground,27,0.125,False,-3.55114844409765,3.970434603508898,3.052072174820579
18,10,crash_ground,19,0.125,False,-4.5367213594979665,4.93364982586317,4.7773174729164705
18,10,crash_ground,21,0.125,False,-3.8473038297064726,4.042991348680218,13.702518512727782
18,10,crash_ground,24,0.125,False,-3.566072415411761,4.0317483753581955,1.6418219945233754
18,10,crash_ground,20,0.125,False,-3.8415833412054843,4.125729628344112,6.109584926198586
18,10,crash_ground,23,0.125,False,-3.069781342068181,3.4581600739262393,23.351546213088774
18,10,crash_ground,23,0.125,False,-3.759193567776135,3.82607972756354,2.421139072680621
18,10,crash_platform,21,0.125,False,-3.869068973485788,4.229807856912962,7.459258354247369
18,10,crash_ground,21,0.125,False,-3.5114159487741916,3.7751399697614474,6.322656476574342
18,10,success,22,0.125,True,-5.108843967334494,5.430090651292276,14.49884638500364
18,10,crash_ground,22,0.125,False,-3.7122233753286236,4.028833061192892,6.420543219875855
18,10,crash_ground,32,0.125,False,-3.7142974773166992,4.363944954952129,4.423657775310216
18,10,success,20,0.125,True,-2.9597700742086914,3.06988613374199,16.804191610616
18,10,crash_ground,27,0.125,False,-3.1817147237886507,3.600630147499232,16.221596879304077
18,10,crash_ground,16,0.125,False,-9.041781198494498,9.120946075537004,89.77872104684472
18,10,crash_ground,17,0.125,False,-5.420327202587609,5.748524711026677,7.095300581436779
18,10,crash_ground,29,0.125,False,-5.041649231526498,5.3373644214899025,5.289499279530854
18,10,crash_ground,22,0.125,False,-4.016696913521543,4.362391246631793,18.43368293258984
18,10,crash_ground,20,0.125,False,-3.768583626731621,3.8804810562524508,18.790244464390685
18,10,crash_ground,15,0.125,False,-2.9874126670169576,3.4741181279904647,14.210291839081425
18,10,crash_ground,32,0.125,False,-3.4456753524779278,3.7143304189097988,10.453012265331072
18,10,tilt,14,0.125,False,-5.495761003046357,6.171546665363132,80.51362202322522
18,10,success,13,0.125,True,-3.0450713627659964,3.114267113579865,43.282440417873694
18,10,success,15,0.125,True,-3.760187032865858,3.883983289534034,6.441780955703028
18,10,crash_ground,17,0.125,False,-6.029943676577096,6.522357756979174,7.79850943476322
19,10,crash_ground,17,0.125,False,-9.256547623451052,9.79585622734805,40.34241634082216
19,10,crash_ground,37,0.125,False,-3.8024895041651363,3.9852938490684346,7.812363888080997
19,10,crash_ground,28,0.125,False,-6.1982673231138,6.545863378777986,7.889899928684855
19,10,crash_ground,31,0.125,False,-4.043686672739546,4.28509406447235,12.865799014767143
19,10,crash_platform,24,0.125,False,-3.8064291470947524,3.9880176006657324,6.538950609920582
19,10,crash_ground,27,0.125,False,-3.9078167704000895,4.322167927732244,10.308267092818081
19,10,success,15,0.125,True,-3.7169637202481867,3.8950600969222715,1.5885890996536451
19,10,crash_ground,17,0.125,False,-3.7803749302837977,4.871462018705818,20.366969895485113
19,10,success,23,0.125,False,-3.1500953339640825,3.2085225969800755,14.14773134532217
19,10,crash_ground,19,0.125,False,-4.282163425381419,4.608752898990067,10.937281731088627
19,10,crash_ground,27,0.125,False,-5.24739579511247,5.63986142545408,4.7474097448034565
19,10,tilt,10,0.125,False,-3.013221042587322,3.6542444464025614,81.33134886129126
19,10,crash_ground,25,0.125,False,-4.395706189203387,4.53398654368939,12.796523800785403
19,10,crash_ground,19,0.125,False,-4.73404976719843,4.978543129794465,3.1592706429281407
19,10,success,19,0.125,True,-3.383028863492027,4.253696741220999,26.653370587727508
19,10,crash_ground,20,0.125,False,-4.026992216591319,4.148791064241473,17.163857831573203
19,10,crash_ground,13,0.125,False,-9.111092699015153,9.163158026758937,55.13659674640774
19,10,crash_ground,28,0.125,False,-4.575969779141236,5.111472833568002,11.908753597757892
19,10,crash_ground,27,0.125,False,-4.589450480859778,4.894902677314106,69.18609328286142
19,10,crash_platform,24,0.125,False,-3.0465663279534314,3.168048220542409,15.387978010762781
19,10,crash_ground,22,0.125,False,-4.287326601834299,4.315496921209951,2.3477302531661413
19,10,crash_ground,22,0.125,False,-4.626697234393243,5.532723228529284,8.604459179016072
19,10,crash_ground,22,0.125,False,-4.3983299137356475,5.0195940089872995,11.819541098170657
19,10,success,23,0.125,False,-4.047036586858472,4.1780913718049115,7.7824659183286915
19,10,crash_platform,22,0.125,False,-3.6956519863666624,4.3614229392378805,22.921551203824766
19,10,crash_ground,20,0.125,False,-5.552722071097462,5.641290826093989,12.8130604984747
19,10,success,25,0.125,True,-3.228322149977214,3.924243839278333,3.888050389212123
19,10,crash_ground,28,0.125,False,-4.521342991052633,4.580188491832056,2.185914119120919
19,10,crash_ground,29,0.125,False,-4.021731485741135,4.59410177333626,6.648443559709271
19,10,crash_ground,27,0.125,False,-7.528709329719259,7.801729455012612,47.32580807116565
19,10,crash_ground,30,0.125,False,-4.447897427909669,4.850240246872305,5.0974302554220925
19,10,crash_ground,19,0.125,False,-4.305072717356529,4.583712771266516,16.577529975275212
19,10,crash_ground,21,0.125,False,-3.899825919725649,4.015648784509342,21.90959594828589
19,10,crash_ground,17,0.125,False,-3.8177811054021578,4.428451558203775,11.136714583840323
19,10,crash_ground,23,0.125,False,-3.540295091074657,3.9539972512930492,0.8942740437979384
19,10,crash_ground,17,0.125,False,-4.295042322052543,5.078256187171837,3.5652555363986296
19,10,crash_ground,26,0.125,False,-4.0164405217970085,4.43109122972393,9.838193976858056
19,10,crash_ground,21,0.125,False,-4.549568427136932,5.117429266646188,16.755788075302792
19,10,success,16,0.125,True,-3.1392301138119345,3.518337768858637,22.218234738128242
19,10,crash_ground,32,0.125,False,-3.324807811765114,3.4385291509729634,24.560888179679736
19,10,crash_ground,24,0.125,False,-4.008216898714624,4.312660633170752,14.356709010240085
19,10,crash_ground,26,0.125,False,-4.474376202525949,4.956667562020297,16.565182110704633
19,10,crash_ground,28,0.125,False,-4.574458900292869,5.259195376152274,14.165862227883192
19,10,success,26,0.125,False,-4.619893405663384,4.852891667791783,21.415755481636104
19,10,crash_ground,26,0.125,False,-4.517457463131998,4.615549882650001,13.256013752987725
19,10,crash_ground,26,0.125,False,-4.213980601498377,4.260946579215161,11.358970370040327
19,10,crash_ground,24,0.125,False,-3.7286111163208457,4.478229498183465,10.411902093212904
19,10,crash_ground,25,0.125,False,-4.702978628147938,4.922787480702955,8.455175218024516
19,10,crash_ground,20,0.125,False,-3.612423553236273,4.409811067016182,32.80942252210422
19,10,crash_ground,27,0.125,False,-3.685293827793219,4.3089006237805325,8.835462372745356
19,10,crash_ground,26,0.125,False,-5.058290789841512,5.261484554368027,6.137581587699173
19,10,crash_ground,17,0.125,False,-3.195808878159605,4.214635506205264,15.97529121057281
19,10,crash_ground,28,0.125,False,-4.109319070573225,4.436428954911963,9.823037430027034
19,10,crash_ground,17,0.125,False,-4.531766945600008,4.93127038660123,4.025349437103834
19,10,crash_ground,26,0.125,False,-4.527589974608677,4.838608385041435,3.5539900553058916
19,10,crash_ground,11,0.125,False,-6.327793905625006,6.540032087187728,19.380708833759638
19,10,crash_ground,19,0.125,False,-3.8466588109156596,3.8815689467512793,3.079514813900488
19,10,crash_platform,23,0.125,False,-3.516223324622736,3.9653439991200936,22.952552054278577
19,10,crash_ground,18,0.125,False,-4.842309503080862,5.352732954444393,7.887765734475866
19,10,crash_ground,18,0.125,False,-3.862411773352806,4.6834558628969845,4.1173752039327045
19,10,crash_ground,29,0.125,False,-5.2021419256041215,5.4305021287318045,23.383273558288373
19,10,crash_ground,21,0.125,False,-3.522762597617122,4.391467614920522,15.042432746517383
19,10,crash_ground,26,0.125,False,-4.025092307984395,4.38499214285447,25.179259905430122
19,10,crash_ground,23,0.125,False,-3.8708664551412313,4.066355691614814,9.823795009598463
19,10,crash_ground,31,0.125,False,-3.926893942474393,4.390447854380294,9.951148357292684
19,10,crash_ground,17,0.125,False,-5.227079095924618,5.5598372380257235,19.670224710465973
19,10,crash_ground,26,0.125,False,-4.837338623289914,4.856734085881531,2.9561870464808804
19,10,crash_ground,36,0.125,False,-3.4822345835371875,3.788932466781547,11.965498001784129
19,10,success,26,0.125,True,-3.146206363914174,3.303163572962989,9.235364771462203
19,10,crash_ground,18,0.125,False,-4.463746719489127,4.542629500474823,7.408722685604517
19,10,crash_ground,17,0.125,False,-5.135023306155963,5.159845709106675,6.9294176223613215
19,10,crash_ground,33,0.125,False,-5.073353999467815,5.655770960917073,4.719080326551701
19,10,crash_ground,21,0.125,False,-4.102666777513348,4.14926690515168,45.7694255966305
19,10,success,16,0.125,True,-3.9598047065649857,4.220934089646032,15.741457300143244
19,10,success,17,0.125,True,-3.1067965841628142,3.451758854588503,21.256368887506188
19,10,crash_ground,26,0.125,False,-4.1823604978666005,4.650751053099784,5.982440422184076
19,10,crash_ground,18,0.125,False,-3.2138467670457005,3.276120844190432,29.447186332203408
19,10,success,17,0.125,True,-3.804225455421517,4.1058645963099565,12.468704972717392
19,10,crash_platform,21,0.125,False,-4.7289980866030845,5.281961646139774,5.452396390536574
19,10,crash_ground,27,0.125,False,-5.493580937221074,5.907218775193181,26.75705215684373
19,10,crash_ground,15,0.125,False,-3.7225734487673208,4.073698098816075,11.905224603236132
19,10,crash_ground,20,0.125,False,-4.024672710257814,4.272279004621924,25.823052325622967
19,10,crash_ground,20,0.125,False,-4.73831814724947,5.2459185074446495,7.665345280556748
19,10,crash_platform,21,0.125,False,-3.5657490399368412,3.8444337799683206,25.82636520239199
19,10,success,16,0.125,False,-4.057888797802657,4.263574190893254,16.54114823864819
19,10,crash_ground,20,0.125,False,-6.574719888526083,6.952169439761745,7.043760356569521
19,10,tilt,11,0.125,False,-2.4043117804382583,2.90108677938831,80.34539202043561
19,10,success,24,0.125,False,-4.444708339200104,4.684872209809691,6.682680029021931
19,10,crash_ground,27,0.125,False,-4.22461749089282,5.0150250253415125,4.925129988472694
19,10,success,21,0.125,True,-3.364875573764102,3.748889539872012,11.692840549154422
19,10,success,18,0.125,True,-4.326710367035965,4.442756415051494,25.73960393305864
19,10,crash_ground,22,0.125,False,-4.3176528376786845,4.672541713922669,26.60971535579545
19,10,crash_ground,27,0.125,False,-3.275107042987094,3.5398082029936835,23.40958069927
19,10,success,28,0.125,False,-4.177733043372042,4.292846155045338,22.885567829009222
19,10,success,17,0.125,False,-6.154230237052113,6.3899255813680025,19.726573444809947
19,10,crash_ground,29,0.125,False,-4.333437978628838,4.981213153449167,4.100957569307433
19,10,crash_ground,24,0.125,False,-5.4913757847340765,5.659335050890528,5.327529746896952
19,10,tilt,12,0.125,False,-8.21570297121768,8.28192557271226,80.14884246566723
19,10,crash_ground,17,0.125,False,-3.5675226892722716,3.680467885013108,30.578755829192932
19,10,crash_ground,28,0.125,False,-3.6831599001681785,3.785202264675989,3.682655001628871
19,10,crash_ground,34,0.125,False,-3.6966794044507876,4.458217539675528,9.9225425490823
19,10,crash_ground,18,0.125,False,-3.2444907098292504,3.5027994272907006,25.811925726174323
19,10,success,19,0.125,True,-3.318032975334035,3.9912030505853444,20.56806650827501
19,10,crash_ground,22,0.125,False,-5.094083485200457,5.631536071789593,12.802795238688315
19,10,crash_ground,24,0.125,False,-5.556185354763931,5.6354674484329035,2.038820481708856
19,10,tilt,15,0.125,False,-5.732267608524035,5.7571053338792595,80.51604009944758
19,10,crash_ground,16,0.125,False,-3.6185416559912094,3.648688740713363,9.954035228810952
19,10,tilt,12,0.125,False,-2.150872306903853,4.5717582846701195,80.64918275087986
19,10,success,14,0.125,False,-3.0788900648303823,3.756185483828764,15.215590653871407
19,10,crash_ground,19,0.125,False,-4.594975596076945,4.928199772448491,6.201276726280865
19,10,crash_ground,19,0.125,False,-4.995297594453696,5.1920662502171755,2.559166757887033
19,10,crash_ground,26,0.125,False,-5.009282935947266,5.290078963344777,8.176592879512246
19,10,crash_ground,23,0.125,False,-3.934821083488994,4.529248901552964,7.088095932187284
19,10,success,18,0.125,False,-4.485951090660815,4.641834823160699,6.734570637003456
19,10,crash_ground,21,0.125,False,-3.159266010258752,4.532685048719473,24.0634247253466
19,10,tilt,14,0.125,False,-6.007460851783049,6.2683477809369625,80.13212585285078
19,10,success,28,0.125,True,-4.233850625121663,4.312793287892759,0.37150883541991053
19,10,crash_ground,22,0.125,False,-4.205656750715507,4.393566571312152,10.02097621203544
19,10,success,18,0.125,False,-3.036515793681814,3.734861970408539,30.53906740200688
19,10,crash_ground,29,0.125,False,-4.0400016194108845,5.04627113312744,5.513816345887432
19,10,crash_ground,19,0.125,False,-4.252019506353542,4.441391546391354,8.844729286949505
19,10,crash_ground,23,0.125,False,-3.8304800908535275,4.0913850371666625,14.139998849166695
19,10,success,23,0.125,False,-4.380604340477327,4.688600527702721,5.275959194447079
19,10,tilt,6,0.125,False,-2.163435220524082,2.4893357728453953,80.97893298188659
19,10,crash_ground,22,0.125,False,-4.076900408481889,4.484409736023108,3.9742492681260755
19,10,crash_platform,15,0.125,False,-3.6904871325050275,4.182401345436078,17.551207849020916
19,10,crash_ground,21,0.125,False,-4.574775385658274,4.592202661165809,11.232033926060472
19,10,crash_ground,22,0.125,False,-4.1750362581103735,4.3267706953846305,9.537176851736367
19,10,success,17,0.125,False,-6.107090066219348,6.2960597367805455,6.677064596584606
19,10,success,15,0.125,True,-2.864324016350809,2.876515010121045,2.8638761606171133
19,10,crash_platform,21,0.125,False,-2.870275938677682,3.1103401116315013,23.24893509938609
19,10,success,17,0.125,False,-4.29762294407716,4.7666323962844315,23.037098603071925
19,10,crash_ground,17,0.125,False,-4.247737127413544,4.5689814469425265,20.02323974418249
19,10,success,11,0.125,False,-3.256242234052786,3.733895407880616,1.1431321467646682
19,10,crash_ground,13,0.125,False,-3.8421228978523283,3.8530000577130536,18.420056642046767
19,10,crash_ground,29,0.125,False,-3.2524059313675178,3.662547785267038,18.46674300095223
19,10,crash_ground,28,0.125,False,-3.8772899752002425,3.881329273585774,1.9393626654026312
19,10,success,19,0.125,False,-4.472711770873775,4.725457881831445,27.434182659518253
19,10,crash_ground,20,0.125,False,-4.1637347702404215,4.250094897938135,2.837377180667021
19,10,success,22,0.125,True,-2.995787648628824,3.1479484341286947,29.384692915430342
19,10,crash_platform,16,0.125,False,-3.903555325445243,4.338731296034416,17.971136923285005
19,10,success,20,0.125,True,-4.8734037855423695,5.077120312982493,6.176497734926666
19,10,success,14,0.125,False,-3.554902253477246,4.064428032221482,9.9159685489602
19,10,crash_ground,15,0.125,False,-4.270989930976414,4.421936323559864,3.0878917440302835
19,10,crash_platform,17,0.125,False,-5.350993572164074,5.538526402538356,17.432293125915336
19,10,success,14,0.125,False,-3.197946160072532,3.537155459676329,22.727926429411166
19,10,crash_ground,23,0.125,False,-2.612431163183012,3.0271459319733625,9.700441092929882
19,10,crash_ground,28,0.125,False,-4.912272613580084,5.244543127493996,16.672170569588
19,10,crash_ground,20,0.125,False,-3.6006627112185874,3.633569025410789,10.561100630793632
19,10,crash_ground,34,0.125,False,-3.1933605968322043,3.3505461081463266,13.689651925429574
19,10,crash_ground,20,0.125,False,-3.8094034962055003,4.732878433942377,25.339503666969424
19,10,crash_ground,29,0.125,False,-3.7062600486949178,3.7515029429772264,8.177731722480015
19,10,crash_ground,27,0.125,False,-4.186208662801925,4.190245040355745,3.494350401857144
19,10,success,18,0.125,False,-4.010303296481335,4.2212570991106295,15.551422172189291
19,10,crash_ground,22,0.125,False,-4.077020341899627,4.5151001171127305,20.685298904127144
19,10,success,17,0.125,True,-3.7473427247155846,4.30386054807111,33.170187505621826
19,10,crash_ground,26,0.125,False,-4.522366662866506,4.747812033489305,15.524088864019284
19,10,crash_ground,21,0.125,False,-5.698699511982896,5.717868603306412,6.842371630230985
19,10,crash_ground,22,0.125,False,-4.371416648515445,5.059327372094099,19.03030094983565
19,10,crash_ground,21,0.125,False,-5.532894398973632,5.909240277753919,9.811922464959702
19,10,crash_ground,21,0.125,False,-5.1651647755564705,5.594323459568271,5.339943219207105
19,10,crash_ground,27,0.125,False,-4.8166010893800175,4.9065528856221015,10.259952814958744
19,10,success,14,0.125,True,-3.2999956028350357,3.990088836875845,2.365037281934601
19,10,success,21,0.125,True,-5.420519021877389,5.627087455681799,2.8860569935434115
19,10,crash_ground,20,0.125,False,-4.274442465948524,4.640227730292602,15.12879079997284
19,10,crash_platform,22,0.125,False,-3.2088543870795228,3.997694568177994,12.52943998789852
19,10,tilt,15,0.125,False,-7.258724026221814,7.3978403047129175,80.67507494143291
19,10,crash_ground,14,0.125,False,-3.626774421556086,3.8923492573333016,1.4012338680673748
19,10,crash_ground,28,0.125,False,-3.489926411415799,3.554767696822106,19.393585005054323
19,10,crash_ground,24,0.125,False,-3.9694633879702317,4.219495927269438,28.634370399445956
19,10,crash_ground,31,0.125,False,-3.761163309659847,4.223838548348554,2.3135269363699793
19,10,tilt,23,0.125,False,-5.235830282461779,6.377851656306529,80.78509559341362
19,10,success,25,0.125,True,-4.873986861922869,5.115337940330551,6.006743448901897
19,10,crash_ground,17,0.125,False,-3.9588028864494187,5.236231152555166,8.077201266755353
19,10,crash_ground,19,0.125,False,-3.7030575413462734,3.778450901580209,7.5036637138079865
19,10,success,21,0.125,True,-2.5460176492093347,2.5842705869796747,22.74492166278178
19,10,success,14,0.125,True,-3.0236122918376562,3.389105481593442,22.948038650620767
19,10,crash_ground,17,0.125,False,-5.6169680168045195,5.963312939194602,8.079894847220773
19,10,crash_ground,21,0.125,False,-3.6231228944396716,3.9896071298984,8.12659428460582
19,10,crash_platform,16,0.125,False,-4.9897331539870455,5.254214645241453,11.132188014499782
19,10,crash_ground,26,0.125,False,-4.3459209154998195,4.458515082592762,18.171676576445247
19,10,crash_ground,23,0.125,False,-5.151743180528423,5.628125749284289,7.8142047632941845
19,10,crash_ground,23,0.125,False,-4.59702987872398,4.798463234813277,4.781705124179676
19,10,crash_ground,29,0.125,False,-5.068934568922975,5.311718141720547,7.329783575672608
19,10,crash_ground,26,0.125,False,-4.899157161931411,5.353912789301203,59.19661467383025
19,10,crash_ground,27,0.125,False,-3.9672535998812695,4.176920107414554,2.3580123398771327
19,10,crash_ground,22,0.125,False,-4.246168124172665,4.465711049581461,11.713545435214742
19,10,success,17,0.125,True,-4.321842316501498,5.099444329851312,6.86254848219056
19,10,crash_ground,21,0.125,False,-3.469455821806838,3.504156533671879,12.04719154329878
19,10,crash_ground,25,0.125,False,-4.706721855632343,5.308995840430595,7.463936350577698
19,10,crash_ground,32,0.125,False,-4.300087778058334,4.535661089655272,13.43657022817105
19,10,success,19,0.125,False,-9.308150818864622,9.326934867285622,62.11653730533757
19,10,success,16,0.125,True,-4.7791387117741095,5.213699633323483,7.400976403592691
20,10,tilt,5,0.125,False,-1.8746307064085102,2.1414010166317663,80.99340253816703
20,10,crash_ground,24,0.125,False,-3.4912107075759393,3.977229560819526,8.131020840031566
20,10,success,32,0.125,False,-3.2104045136484016,3.508995261006068,13.17142657110835
20,10,crash_ground,13,0.125,False,-4.945038411805319,5.096890849458295,15.121297447383704
20,10,crash_ground,26,0.125,False,-4.388583223702605,5.181852945767244,10.360370880169276
20,10,success,18,0.125,True,-3.603504261095939,3.8109952981934563,2.7374448443119594
20,10,crash_ground,17,0.125,False,-3.25218438150635,3.6361324557368366,10.581204312263113
20,10,crash_ground,17,0.125,False,-4.442031836227007,4.675569276923549,7.409626918085047
20,10,crash_ground,22,0.125,False,-3.9586918730636964,4.258799372692936,28.885535131715407
20,10,crash_ground,20,0.125,False,-3.6331158612296117,3.9141444384225044,12.824122703917011
20,10,crash_ground,17,0.125,False,-6.597339095557663,6.701340410386738,5.768319927756846
20,10,crash_ground,21,0.125,False,-3.528575211235219,3.8010627417615437,15.91415410423974
20,10,success,15,0.125,False,-2.976551505575041,3.057931839392447,16.815058069659436
20,10,success,22,0.125,True,-3.6710920559577183,3.7762855206608106,1.9814324960890501
20,10,success,18,0.125,True,-3.1451070271624015,3.713087698236206,2.8517102478060425
20,10,crash_ground,16,0.125,False,-4.208331244832889,4.576254934878862,13.497579504305392
20,10,crash_ground,24,0.125,False,-4.641536521436187,5.17326783466797,3.6101459966306346
20,10,crash_platform,12,0.125,False,-2.726482128357695,4.081258074063493,8.912628086210916
20,10,success,19,0.125,True,-4.163749281384094,4.73516219995455,16.697008860133927
20,10,crash_ground,18,0.125,False,-4.344881377416226,5.234620411936833,4.519540749113714
20,10,crash_platform,28,0.125,False,-5.175080716533844,5.190335695488887,10.632592018090236
20,10,crash_ground,13,0.125,False,-6.145209990365516,6.823473869051873,80.51097138065974
20,10,success,33,0.125,False,-4.685347513863019,5.085829193648914,30.066084753580746
20,10,crash_ground,19,0.125,False,-4.30295990186059,4.503006212041936,46.411010351361185
20,10,crash_ground,19,0.125,False,-4.023190520008198,4.253379628797553,10.504526297310248
20,10,tilt,14,0.125,False,-5.591076639264711,5.907013290275473,80.38533855846934
20,10,tilt,9,0.125,False,-3.248677431088618,3.281607527614938,80.77593905945886
20,10,crash_ground,30,0.125,False,-4.724619087308316,4.882818792312368,8.80288087586171
20,10,success,26,0.125,False,-2.1768063310718557,3.5017355128555083,50.46368921334795
20,10,crash_ground,24,0.125,False,-4.220015991499748,4.344802755557946,10.405799055191348
20,10,crash_ground,26,0.125,False,-4.400666996141415,4.623805095478023,13.300685124076768
20,10,crash_ground,27,0.125,False,-3.5095445434229453,3.892371566811115,22.54490547081925
20,10,success,23,0.125,True,-4.709696359462917,5.118506260672995,14.798490982187007
20,10,success,18,0.125,True,-4.715115496225994,4.816256346329685,1.8370528849424574
20,10,crash_ground,19,0.125,False,-5.019681022027073,5.637475416056097,2.0706822056913126
20,10,crash_ground,21,0.125,False,-6.195702636417504,6.802357204630015,17.858849039954773
20,10,crash_ground,22,0.125,False,-4.193041952810827,4.651803479951583,10.53406667149776
20,10,crash_ground,16,0.125,False,-4.986511877240065,5.160164678564604,13.049248669335915
20,10,success,20,0.125,True,-5.32839216978624,5.845045527744102,3.1155064469090634
20,10,crash_ground,18,0.125,False,-4.729932876756948,5.367466685551778,11.942190116214064
20,10,success,27,0.125,False,-5.911450305343265,5.9218148336867795,7.822186654276719
20,10,crash_ground,33,0.125,False,-3.843648983300895,3.9987912251474365,7.943717574968318
20,10,crash_ground,24,0.125,False,-5.046439845070678,5.06918755228898,18.209285525429546
20,10,success,17,0.125,True,-4.596644197736452,4.94576044662531,7.416424440230461
20,10,crash_ground,19,0.125,False,-5.823883804470075,5.981590045238785,6.048373897610265
20,10,crash_platform,20,0.125,False,-4.5230176525541355,4.683509511502579,16.57097219857376
20,10,tilt,13,0.125,False,-2.2694113543831547,2.538332311941484,80.21246359449596
20,10,crash_ground,21,0.125,False,-4.199227275806246,4.448451150242793,22.898424735747177
20,10,crash_ground,16,0.125,False,-3.8050731842065253,3.8288296640560904,15.045587506161445
20,10,crash_ground,20,0.125,False,-5.906979932442748,6.364982812536784,14.68134368202422
20,10,crash_ground,28,0.125,False,-4.078718029767416,4.2012095176502156,20.11234642992491
20,10,crash_ground,25,0.125,False,-4.808705211380547,4.965501938835654,1.3891892111673965
20,10,crash_ground,19,0.125,False,-4.768078546880363,4.952590087749609,3.0413293780523487
20,10,crash_ground,29,0.125,False,-3.5245196039280065,3.5658694896892107,27.1842772046105
20,10,crash_platform,21,0.125,False,-2.672919998861581,3.228834432095351,36.26860681928823
20,10,crash_platform,17,0.125,False,-4.39781017596019,4.829246706690459,29.18479912184851
20,10,success,21,0.125,False,-4.287085874279377,4.430873508390417,4.654116674878831
20,10,tilt,12,0.125,False,-5.006964678342876,5.268281084522264,80.23920237406041
20,10,crash_ground,17,0.125,False,-4.635199295032529,4.742061508684624,41.87895381831156
20,10,crash_ground,21,0.125,False,-4.397332367168167,4.594664282443502,4.296686971242966
20,10,crash_ground,27,0.125,False,-3.756621514426456,4.146698772178454,29.219635353938266
20,10,crash_ground,17,0.125,False,-3.6656309227791914,4.091382642584962,13.660181024765661
20,10,crash_ground,29,0.125,False,-4.224740095629224,4.547292006235067,3.2876147872078096
20,10,crash_ground,26,0.125,False,-4.769383527808598,4.81519001320898,7.446600767277614
20,10,tilt,18,0.125,False,-6.6533609576534385,6.837637114809841,80.62600795657384
20,10,crash_ground,20,0.125,False,-5.550236131044566,6.054049080852176,22.739344910153218
20,10,success,19,0.125,True,-6.013709455209281,6.392103770561352,49.91134225539217
20,10,crash_ground,17,0.125,False,-3.880306893948215,4.063807282728237,6.870529365387102
20,10,crash_platform,16,0.125,False,-5.148690153262509,5.408809301644312,10.080131445265902
20,10,crash_ground,31,0.125,False,-5.19895527448776,5.414900685024826,4.833886019675289
20,10,crash_ground,28,0.125,False,-4.788157507899361,5.077232702028858,2.5297194619306973
20,10,success,28,0.125,True,-2.9323961220843136,2.9679338031950095,17.68122297442841
20,10,crash_ground,23,0.125,False,-4.287629802466358,4.531921862201917,23.422690965359656
20,10,crash_ground,16,0.125,False,-4.889247688245157,5.300785794801195,5.581736202453726
20,10,success,23,0.125,False,-3.686626062367198,4.672035696822895,9.04586526168525
20,10,success,24,0.125,True,-7.836392239372656,8.304413905426879,45.27909788595148
20,10,crash_ground,20,0.125,False,-4.0871541595117105,4.531784754760183,16.546334719156125
20,10,crash_ground,25,0.125,False,-4.349849219938133,4.433464425494836,12.95537936644173
20,10,crash_ground,18,0.125,False,-4.194217200805554,4.4017416775351785,8.758960839452635
20,10,crash_ground,27,0.125,False,-4.961375507901726,4.972285640374767,16.840659920371063
20,10,crash_platform,20,0.125,False,-4.476031179632885,4.59498169979127,19.808569325267126
20,10,tilt,19,0.125,False,-7.382239240445594,7.878258353220496,80.23016745907063
20,10,crash_ground,24,0.125,False,-5.070936249501496,5.118410274815605,1.8010403490405267
20,10,crash_ground,19,0.125,False,-3.8906761934248806,4.027797649395431,7.008545794875859
20,10,crash_ground,18,0.125,False,-2.650536932416286,2.7426515910041203,34.01934605467535
20,10,crash_platform,17,0.125,False,-7.736174326231159,7.971893453575341,46.05520409874694
20,10,crash_ground,25,0.125,False,-4.001240280709204,4.389366862094897,2.5912843399411236
20,10,crash_ground,26,0.125,False,-2.175685058528361,2.4097927872699305,29.584937545212806
20,10,crash_ground,20,0.125,False,-3.8472292439825146,4.362387811300767,7.1646409814533545
20,10,success,22,0.125,True,-4.051452819909899,4.2267238520521015,27.08391142417291
20,10,crash_ground,21,0.125,False,-5.685368252956141,6.13148790933305,40.22221046927971
20,10,crash_ground,22,0.125,False,-3.7438329479791306,4.114359635494977,13.138741433417545
20,10,crash_ground,30,0.125,False,-3.888949951378114,4.319215775053393,18.123732604524378
20,10,crash_ground,18,0.125,False,-7.906340694907823,8.11550555706205,19.266163067021637
20,10,crash_ground,19,0.125,False,-4.174596838465566,4.228640510663278,7.179174027553647
20,10,success,21,0.125,False,-3.8954127743796643,4.1261649089964285,19.49112617377413
20,10,crash_ground,18,0.125,False,-4.4376007775051525,4.4615121630840715,18.85081067281913
20,10,success,19,0.125,True,-3.2364430491454406,3.8184931616458466,27.974180050263822
20,10,crash_ground,22,0.125,False,-4.418528361779917,5.448630490132971,15.934761598344966
20,10,crash_ground,24,0.125,False,-4.683707115520262,4.790789447227823,12.377527533850694
20,10,crash_ground,17,0.125,False,-4.447720372520344,5.12118824736952,8.421434930602086
20,10,crash_ground,21,0.125,False,-5.302290432387514,5.873877482635457,9.077435763401619
20,10,success,17,0.125,True,-4.476851142154451,4.916411614318924,17.475707179999862
20,10,crash_ground,23,0.125,False,-3.382452011996024,3.4240361302177336,13.86947634838225
20,10,crash_ground,18,0.125,False,-3.9730058747249277,4.606297153338759,25.27100264474835
20,10,crash_ground,26,0.125,False,-3.832779034998859,4.001357082011446,14.129509983232968
20,10,crash_ground,27,0.125,False,-5.097430310842855,5.116942522803077,4.301648126551381
20,10,crash_ground,22,0.125,False,-4.133089098061442,4.151959661142567,3.5328011935821895
20,10,crash_ground,21,0.125,False,-4.693120536265522,5.041877866854421,11.875339509141527
20,10,crash_ground,28,0.125,False,-4.8993690115157165,5.044866629944584,8.317922731688041
20,10,crash_ground,23,0.125,False,-5.226606891686862,5.28988441534667,4.271331035301123
20,10,crash_ground,22,0.125,False,-5.316831417145268,5.685864511085272,4.775889801075698
20,10,success,17,0.125,False,-3.437606435726859,3.728704669522861,18.44618076929553
20,10,crash_ground,20,0.125,False,-5.114730009186862,5.677800987754394,15.947288865395326
20,10,crash_ground,20,0.125,False,-5.066665720620284,5.179867167267323,10.075401355591032
20,10,success,16,0.125,False,-4.007757860906567,4.188907753611803,8.63595542199588
20,10,success,23,0.125,False,-4.2774479262006775,4.381755917222805,7.951159322424061
20,10,crash_ground,19,0.125,False,-3.7333487301474233,3.9614778118860428,5.230065616697583
20,10,success,12,0.125,True,-4.409428237528066,4.610066263660158,2.4551023863689267
20,10,crash_ground,23,0.125,False,-3.963577511190664,4.131280312156228,8.69860460009749
20,10,crash_ground,32,0.125,False,-4.08871175663235,4.18866802258755,15.723958615452448
20,10,crash_ground,14,0.125,False,-4.328887429599489,4.538767506092826,40.500333241709974
20,10,crash_ground,26,0.125,False,-5.249585489594024,5.398609825585747,4.69210752662523
20,10,success,15,0.125,False,-6.162750700914738,6.862463714222885,46.659973393740096
20,10,crash_ground,25,0.125,False,-3.3110360128451575,3.3321787731505315,18.434872982783286
20,10,crash_ground,26,0.125,False,-4.601681877774819,5.342110785871267,12.519677125403165
20,10,crash_ground,18,0.125,False,-3.589522688697987,3.992819746491968,3.5857575408813083
20,10,crash_ground,28,0.125,False,-5.495643238913543,6.54343470661716,19.590471897987587
20,10,crash_ground,14,0.125,False,-8.977045034168817,9.139832395175077,30.521676677342274
20,10,crash_ground,32,0.125,False,-3.6332515635542215,3.9455044120639835,33.06857030057553
20,10,crash_ground,15,0.125,False,-3.5418116173772387,3.8485083532366557,44.15316356747266
20,10,crash_ground,20,0.125,False,-5.003741718312318,5.152192259013714,3.0390669756865787
20,10,crash_platform,12,0.125,False,-2.655879538413151,3.1530780980258095,19.090581834140654
20,10,crash_platform,20,0.125,False,-4.606008437860668,4.874816501601097,20.302542211723182
20,10,crash_ground,17,0.125,False,-3.5209798121448057,3.8929500850125924,5.66304874041338
20,10,success,24,0.125,True,-4.148003456779845,4.201649630007984,6.809217321964894
20,10,success,20,0.125,True,-5.056736967403157,5.219933841917017,18.19528090923105
20,10,crash_ground,14,0.125,False,-2.87830965659619,3.4172823931213143,26.302654981717858
20,10,crash_ground,26,0.125,False,-3.6977615818733858,4.053950268543829,11.81554165420449
20,10,crash_ground,19,0.125,False,-2.572115290249117,2.8322326896660734,23.915189954623838
20,10,crash_ground,29,0.125,False,-3.0409762227625516,3.17555596892424,9.514267713297313
20,10,tilt,13,0.125,False,-6.890932971214655,7.0972812082808,80.10601495053162
20,10,crash_ground,19,0.125,False,-3.8835519591971197,4.193252031489852,15.835387165401828
20,10,tilt,14,0.125,False,-5.604618211233763,6.4047240566230395,80.61808973969627
20,10,crash_ground,23,0.125,False,-4.753702381791574,5.135425840456809,15.899855493742558
20,10,crash_ground,28,0.125,False,-5.070756537607081,5.23298479005607,9.32772571240199
20,10,crash_ground,16,0.125,False,-4.9132368387448775,5.169619666016845,8.824738726526634
20,10,success,18,0.125,True,-3.661122121549159,4.035545999470982,30.40179320209309
20,10,crash_ground,15,0.125,False,-4.228113582757192,4.540352067505719,47.117764571751025
20,10,success,18,0.125,True,-4.019891956917521,4.316292529424094,18.12679267032096
20,10,crash_ground,19,0.125,False,-3.226982016286368,3.362309336962103,30.959356901389636
20,10,tilt,11,0.125,False,-6.157325220806468,6.481625578269519,80.20209599068086
20,10,crash_ground,19,0.125,False,-3.5336704000336217,3.9388922535901565,10.829134687402837
20,10,crash_ground,23,0.125,False,-4.69882211334847,4.8933468576899415,9.54991074159953
20,10,success,18,0.125,False,-3.4877877450818,3.774527529846853,2.71259419735392
20,10,success,24,0.125,False,-5.348966740819462,5.880272340629432,10.859481874824041
20,10,crash_ground,33,0.125,False,-4.732883633342786,5.081597281947049,7.564746010406701
20,10,crash_ground,16,0.125,False,-3.2216215287608923,3.3863378050560873,24.039124315402283
20,10,success,25,0.125,True,-3.079237548191777,3.260856381842238,4.174293821876713
20,10,crash_ground,18,0.125,False,-4.193933258613901,4.509269952617776,18.924646509748797
20,10,crash_ground,31,0.125,False,-4.9605628804783555,5.063739330725043,7.004563042675448
20,10,crash_ground,29,0.125,False,-3.1941358365386114,3.316469930109094,12.069712674610015
20,10,crash_ground,28,0.125,False,-3.7301042085465936,4.092938926132381,3.227503632883002
20,10,crash_ground,14,0.125,False,-3.484180785615679,3.631472220354356,6.345876809841502
20,10,crash_ground,28,0.125,False,-3.682675037847037,4.173753576645769,23.82432486042229
20,10,crash_ground,17,0.125,False,-4.508153201781215,5.20079166795083,2.3624933788902966
20,10,crash_ground,16,0.125,False,-3.4855507376915233,3.8864052061380927,10.3879878720521
20,10,crash_ground,28,0.125,False,-4.382710222810436,4.914832067547648,5.42317413629862
20,10,crash_ground,26,0.125,False,-7.5524250517386555,7.859187612281589,19.618665135155013
20,10,crash_ground,22,0.125,False,-3.474152948432377,4.003769797442341,11.444701228160367
20,10,crash_ground,21,0.125,False,-4.327951037568626,4.672724175725878,4.96909841474626
20,10,crash_ground,17,0.125,False,-4.483174148826204,4.723160361132048,10.458152214519501
20,10,crash_ground,18,0.125,False,-4.4758505295220425,4.808781550058031,23.255560797891313
20,10,success,13,0.125,False,-3.728174160489076,4.138895304976033,26.071710481676774
20,10,success,26,0.125,True,-4.118103604968208,4.277896792859786,11.491382437827475
20,10,crash_ground,19,0.125,False,-3.0253273659601705,3.441580667449608,9.520475973470456
20,10,success,16,0.125,True,-3.49171863268063,3.6562164956723247,11.027960899336826
20,10,crash_ground,29,0.125,False,-5.00850576420763,5.04876540921464,16.688123789825244
20,10,crash_ground,22,0.125,False,-4.165669768655878,4.183651176139732,19.199386966804276
20,10,crash_ground,22,0.125,False,-3.315146655279962,3.3971560236982046,33.8802454712518
20,10,crash_ground,21,0.125,False,-4.982410642047355,5.109821922446152,4.196503911393422
20,10,success,20,0.125,True,-3.1624038229219065,3.742951069961454,26.731361657094006
20,10,crash_ground,32,0.125,False,-4.0567686074422475,4.313238135147659,3.7320899647433223
20,10,crash_ground,24,0.125,False,-3.359033576642015,3.7299932927467645,21.791428906946095
20,10,crash_ground,25,0.125,False,-4.668575618163231,5.146968837475416,28.07640563240955
20,10,crash_platform,20,0.125,False,-5.924489768115871,5.959259953072972,17.928691156930334
20,10,crash_ground,18,0.125,False,-4.10078764634001,4.350110088038518,8.011926577301931
20,10,success,16,0.125,True,-7.739461393901167,8.275508123316454,82.25030042671109
20,10,crash_ground,14,0.125,False,-2.9479241183359624,3.0639264452121706,11.187968360063993
20,10,success,29,0.125,False,-4.476828363523694,4.614200344406374,15.345964015748384
20,10,crash_ground,21,0.125,False,-3.79101497449794,4.018201545690577,3.0731568724432723
20,10,crash_ground,24,0.125,False,-3.8985494449502927,4.511661300918257,12.679374213801193
20,10,crash_ground,26,0.125,False,-4.054888486540239,4.402923849174991,7.986825267093295
21,10,success,20,0.125,True,-5.091484123892985,5.186507731589397,0.8955027864157366
21,10,crash_ground,21,0.125,False,-4.66639159878942,4.7031262021014175,8.093356626706164
21,10,crash_ground,25,0.125,False,-4.40559325094665,5.164685478757052,6.45518976160072
21,10,success,15,0.125,True,-4.149563429202539,4.478620049773578,7.227345861769445
21,10,crash_ground,19,0.125,False,-2.5114924350175216,2.91546110935765,19.906238842506774
21,10,crash_platform,15,0.125,False,-3.357398432598938,3.462943980231986,29.44458727629597
21,10,crash_ground,12,0.125,False,-7.778810628322196,8.114257610073219,26.15271031929181
21,10,crash_ground,31,0.125,False,-4.195349471352727,4.480687423615918,14.341720377797461
21,10,crash_platform,26,0.125,False,-4.348709646133459,4.771415039491513,32.6547408521663
21,10,crash_ground,17,0.125,False,-3.4629582374144388,3.7523601808778095,23.935954492958903
21,10,crash_ground,36,0.125,False,-3.2254623582343585,3.7084352653027555,2.031542313086564
21,10,crash_ground,17,0.125,False,-3.596516283267522,3.8360288515832592,8.339706510557598
21,10,crash_ground,21,0.125,False,-5.015228084644238,5.1543208585286,16.029078341437884
21,10,crash_ground,17,0.125,False,-10.979127686470044,11.092002533610104,54.42020249099043
21,10,crash_ground,30,0.125,False,-4.753910586817646,4.819183968378458,30.66625098901821
21,10,crash_ground,25,0.125,False,-3.9261966391968084,4.178490476678643,18.365942647734446
21,10,crash_ground,17,0.125,False,-5.051422858590345,5.264244541763218,9.456334504729922
21,10,crash_ground,18,0.125,False,-4.7027169253023455,5.034197832573642,12.053813395550344
21,10,crash_ground,26,0.125,False,-4.13473124130364,4.144977508735075,6.49502115514505
21,10,tilt,17,0.125,False,-6.3995234734662505,6.634665568896729,80.88010495948633
21,10,crash_ground,24,0.125,False,-4.813829947663209,4.904794406367991,4.673557036376665
21,10,crash_ground,20,0.125,False,-4.446330519147329,4.610596014898764,4.216757629265537
21,10,crash_ground,25,0.125,False,-5.6625766392649695,5.8800048597962356,6.4878913233231525
21,10,crash_ground,18,0.125,False,-2.5620250259807618,2.88914286040689,11.258621964917285
21,10,crash_ground,23,0.125,False,-2.8067396045346142,3.4412308917956596,16.367153509981527
21,10,crash_ground,18,0.125,False,-3.6029418880741986,4.051501482095282,28.218392252396203
21,10,crash_ground,25,0.125,False,-3.0931261351259427,3.7511225788371934,25.265892893340965
21,10,crash_ground,31,0.125,False,-5.231967233293026,5.713545147561705,8.986398392451203
21,10,crash_platform,14,0.125,False,-2.6873695713713386,4.195228695542244,19.676492409937932
21,10,success,15,0.125,True,-3.866777758419809,4.107444043354065,8.293337336200722
21,10,crash_ground,27,0.125,False,-4.754052202176757,4.97069784561362,7.419583860169048
21,10,success,12,0.125,False,-3.3200374989725634,3.40065659926651,16.39226661514868
21,10,crash_ground,28,0.125,False,-4.46511982613762,4.608663207224492,4.18623452824713
21,10,tilt,13,0.125,False,-5.984796396643657,6.0675400088106475,80.42551513734985
21,10,crash_ground,28,0.125,False,-4.539545622585109,4.631575892053075,5.274614469616858
21,10,crash_ground,16,0.125,False,-7.525903969694725,7.632369956083475,31.02955919308217
21,10,crash_ground,25,0.125,False,-3.9048176680920057,4.413887413273025,7.117098292640269
21,10,success,18,0.125,True,-3.545571806026872,4.377520957759597,24.819871313170818
21,10,tilt,14,0.125,False,-3.4514267105481067,3.7367779038488473,80.79971867100537
21,10,crash_ground,28,0.125,False,-4.907253887811981,5.230307493281663,28.96834939960471
21,10,crash_ground,21,0.125,False,-3.579228936919451,3.7380182049659942,20.849014366766557
21,10,success,12,0.125,True,-3.8485020895251023,4.025110116115012,3.895732500258439
21,10,crash_ground,19,0.125,False,-3.9283154163087426,4.681990354032439,17.44673192750836
21,10,crash_ground,16,0.125,False,-5.284457772222803,6.013178798602426,8.346198060777219
21,10,crash_platform,11,0.125,False,-4.384291969806348,4.861225806397576,18.472056876011322
21,10,tilt,29,0.125,False,-6.542265561063577,7.0085787926096845,80.40074483983192
21,10,crash_platform,26,0.125,False,-3.882722672447011,4.151863623354705,14.024732570612302
21,10,crash_platform,24,0.125,False,-3.6156242290986813,4.360854205970615,34.914962735339756
21,10,crash_ground,15,0.125,False,-3.4919831795196363,4.133421196781144,4.91785764499794
21,10,success,13,0.125,True,-3.7044245334409256,4.092628091107035,4.827373677153772
21,10,crash_platform,21,0.125,False,-5.197579869419574,5.501007700940384,5.124723190185108
21,10,success,19,0.125,False,-3.5293941437501632,3.948864962588367,16.192982572802393
21,10,success,18,0.125,False,-3.759752168324215,4.028819240961508,10.27913161570181
21,10,crash_ground,22,0.125,False,-3.7114973666278894,5.084400661948173,6.598665959571611
21,10,crash_ground,16,0.125,False,-4.727227739362903,4.787682842539178,7.437845595218743
21,10,crash_ground,23,0.125,False,-4.498644247734544,4.875683255349412,1.5053772751813848
21,10,crash_ground,31,0.125,False,-4.027620529847384,4.293627021465587,21.449247517835904
21,10,crash_ground,28,0.125,False,-4.433087960675527,4.881831633779092,13.374176819528117
21,10,crash_ground,18,0.125,False,-4.393473745334705,4.472361778378689,10.247132162962274
21,10,crash_ground,32,0.125,False,-5.115626317029928,5.399691338284802,43.328327659906485
21,10,tilt,9,0.125,False,-4.577444940272977,4.619407521757947,80.50841882235889
21,10,crash_ground,28,0.125,False,-3.538737822786892,3.67280780496408,5.153807916200298
21,10,success,25,0.125,False,-3.6177053869050164,3.7476485366287626,22.277126145082494
21,10,crash_ground,27,0.125,False,-4.921529443688947,5.116341951569793,3.589817756795603
21,10,success,15,0.125,False,-4.570504138160625,4.59291508647503,21.099565624425004
21,10,crash_platform,25,0.125,False,-4.553838818415287,4.561049298047154,23.861317589960336
21,10,crash_ground,17,0.125,False,-4.000761370559649,4.313997358482314,8.353298525641302
21,10,crash_ground,15,0.125,False,-3.646561232064936,3.7580209749845,16.84991651491524
21,10,crash_platform,16,0.125,False,-4.176225130129621,4.24082617698612,9.22028468159827
21,10,crash_ground,23,0.125,False,-3.902238972167826,4.263264847578936,14.816789233411148
21,10,crash_ground,27,0.125,False,-4.407496655274511,4.429438109750266,4.678557077986787
21,10,success,14,0.125,False,-3.405246938009121,3.9081941667997784,16.510951651133208
21,10,success,26,0.125,True,-5.915865652722189,6.118574076335312,17.284062782056882
21,10,crash_ground,26,0.125,False,-3.956444142635654,4.76088059081961,35.63257701864048
21,10,success,24,0.125,True,-3.2952887459780635,3.746876885307403,25.622490975931935
21,10,crash_ground,28,0.125,False,-4.593928604614485,5.139772291259853,33.965648069330165
21,10,crash_ground,24,0.125,False,-3.7478233037343767,4.212976790716198,15.809904413627175
21,10,crash_ground,20,0.125,False,-4.9606978266828055,5.060966754110288,30.93573449912429
21,10,success,16,0.125,True,-3.1486735708804288,3.578631819750467,21.67033174400899
21,10,crash_ground,22,0.125,False,-4.006314595898824,4.361232962358992,20.26799865991423
21,10,crash_ground,22,0.125,False,-3.7536435557420877,4.1238475807286665,7.178219298075131
21,10,crash_ground,18,0.125,False,-4.0777857814129,4.266506472873705,1.0824950147899948
21,10,success,28,0.125,False,-2.790895573120906,2.876565284069504,28.822620413400468
21,10,crash_platform,29,0.125,False,-3.368536128846956,3.5223156103242625,33.558667139157464
21,10,crash_ground,29,0.125,False,-4.175599140575979,4.8840742077220805,9.900689263013096
21,10,crash_ground,17,0.125,False,-2.952092413965178,3.300161222059331,35.692362575875364
21,10,success,11,0.125,False,-3.79672103877882,3.8319571449828094,18.294023802725185
21,10,success,28,0.125,False,-3.702359356974496,4.144922245324858,28.234520755905347
21,10,success,15,0.125,True,-4.015865590268066,4.199138121552039,4.005762787381937
21,10,crash_ground,19,0.125,False,-3.5440043188607273,4.185547176134269,15.11037688995579
21,10,success,24,0.125,False,-4.710940010923152,5.1274700700314275,17.80720700938088
21,10,success,12,0.125,True,-5.443899320190322,5.567540127464603,33.02020591725405
21,10,crash_ground,16,0.125,False,-4.644676836276675,5.098725053725258,4.6311809235376735
21,10,success,13,0.125,True,-2.81087744011993,3.2269051494712055,4.44574969221688
21,10,crash_ground,30,0.125,False,-3.860939152752416,3.8777696884274864,26.345838352095885
21,10,crash_platform,22,0.125,False,-3.737010021354107,3.993583929887329,24.732922121515973
21,10,crash_ground,19,0.125,False,-3.3784372296026723,3.8824272771723125,6.365560676979562
21,10,crash_ground,20,0.125,False,-3.3919696718032046,3.6320120641796367,19.907561810807774
21,10,success,18,0.125,False,-3.932592303596279,3.94144697101643,7.383751390891406
21,10,crash_ground,18,0.125,False,-4.285116069093795,4.332222035351762,4.071776669613522
21,10,crash_ground,16,0.125,False,-5.090279272624088,5.6949886207268605,23.80491752021716
21,10,crash_ground,15,0.125,False,-5.4162868159667035,5.429137575417928,43.65562921902084
21,10,crash_ground,23,0.125,False,-4.306741434940572,4.846830833899659,18.14047534717431
21,10,crash_ground,20,0.125,False,-5.2005406772951375,5.653650368987844,3.289329270247792
21,10,success,17,0.125,True,-4.2981409906858925,5.201358486250579,12.90858769749591
21,10,crash_ground,25,0.125,False,-4.386931885948942,4.509444508128077,7.99896387976878
21,10,crash_ground,13,0.125,False,-3.763202544795359,3.767424350407423,5.181287187316671
21,10,crash_ground,22,0.125,False,-4.845999013975149,5.54822535236302,4.217197510616904
21,10,crash_ground,21,0.125,False,-4.563844218059103,4.981877297194805,8.282859864556228
21,10,crash_ground,30,0.125,False,-3.164063928550497,3.346742650824379,16.93161565912158
21,10,crash_ground,24,0.125,False,-4.04255991423658,4.152912895012317,19.397105494843334
21,10,crash_ground,30,0.125,False,-3.3289884730295696,3.364803887552671,10.163297859956302
21,10,success,18,0.125,False,-5.175932177239836,5.52497515938632,8.422611610138375
21,10,crash_ground,19,0.125,False,-3.8636849898812553,4.031581158935577,18.12616729796588
21,10,crash_ground,21,0.125,False,-4.209915198361865,4.403404255487848,14.4231892054098
21,10,crash_ground,19,0.125,False,-4.624030135459814,4.758991229570928,8.555651638250396
21,10,crash_ground,23,0.125,False,-3.401300943119854,3.7082078304956068,29.04593513551629
21,10,success,19,0.125,True,-3.5157576579820606,3.990873228164643,61.115091610956256
21,10,success,18,0.125,False,-4.057601750850743,4.198588879829028,17.33207860232745
21,10,success,24,0.125,False,-4.500496344682734,5.201495852388909,18.334316649785446
21,10,tilt,18,0.125,False,-5.724283091693594,5.8144106724272895,80.0789651446619
21,10,crash_ground,23,0.125,False,-4.049074937941426,4.41799672337901,27.66284076858388
21,10,tilt,7,0.125,False,-2.2979856790635886,2.502388351930093,80.45132107029772
21,10,crash_ground,15,0.125,False,-4.2312839744645325,4.651444568905508,10.196259521020517
21,10,crash_ground,18,0.125,False,-6.220279205382711,6.27094803213265,6.421778357987442
21,10,crash_ground,19,0.125,False,-3.661755377485487,4.06547484166345,21.727218381381885
21,10,crash_ground,19,0.125,False,-3.8041968593863715,4.027078100869611,7.055718249762696
21,10,crash_ground,16,0.125,False,-4.2550445280964455,4.416843403898536,30.522242554638574
21,10,crash_ground,15,0.125,False,-3.6785606810107945,3.7865389820734423,9.23571161515061
21,10,crash_ground,29,0.125,False,-5.602785182985054,5.895675460987748,8.331521624446502
21,10,crash_ground,18,0.125,False,-4.418290724812268,4.8798734786213425,11.173325453284354
21,10,crash_ground,25,0.125,False,-4.539092961845565,4.802407022311006,20.9157843843675
21,10,crash_ground,21,0.125,False,-3.9526155401216143,4.002781602891792,4.127940702742393
21,10,success,12,0.125,True,-4.652930609879646,4.7929172388321435,16.532900355443836
21,10,crash_ground,16,0.125,False,-4.875766576704785,5.146631252353443,12.34892587387971
21,10,crash_ground,22,0.125,False,-5.323502674513233,5.376687748699568,11.936461133291274
21,10,crash_ground,19,0.125,False,-3.6062516715323216,4.352221176706138,18.946191847631116
21,10,crash_platform,16,0.125,False,-4.381498789763926,4.780596622960112,26.05510209851692
21,10,success,28,0.125,True,-4.586734060456512,4.8188050907967,15.541830940490147
21,10,crash_ground,14,0.125,False,-3.7579897516407317,3.8082143293766735,7.225042850666643
21,10,success,17,0.125,False,-3.696336988372935,4.171684860965578,53.52087681138626
21,10,success,12,0.125,True,-3.369322579320833,4.274945644145064,24.457048411873554
21,10,success,22,0.125,False,-4.011245279092196,4.366885653205795,22.175752554879722
21,10,crash_ground,22,0.125,False,-2.682017105242517,3.168713966765758,12.066439070682991
21,10,crash_ground,15,0.125,False,-3.5309830013535524,3.75109158618877,15.559210430229417
21,10,crash_ground,14,0.125,False,-6.949066842532108,7.098629811544951,84.26532280686781
21,10,crash_ground,18,0.125,False,-3.6380313637825004,3.734278177901939,20.202001841834228
21,10,crash_ground,19,0.125,False,-4.564391760086285,5.550460645030125,26.011444131098806
21,10,crash_ground,31,0.125,False,-5.274906387690315,5.592072396372441,1.776542911762999
21,10,crash_ground,24,0.125,False,-4.598321909957287,4.919983065551229,17.57709004955082
21,10,crash_ground,27,0.125,False,-4.012020198877209,4.17387495812894,3.842838786706868
21,10,success,16,0.125,False,-4.291021016356503,5.183562958757217,18.333914323657137
21,10,crash_ground,21,0.125,False,-4.688662577899741,4.7278522719074445,13.667553008558228
21,10,crash_ground,14,0.125,False,-8.721295256654804,9.082725558239925,65.30938085002857
21,10,crash_ground,30,0.125,False,-5.600595863141429,6.167276088706327,56.11308581929708
21,10,crash_ground,25,0.125,False,-4.637743332427392,4.674044857707905,2.8407193214175956
21,10,crash_ground,30,0.125,False,-4.730455446000033,5.657497494119203,22.458494118538564
21,10,crash_ground,13,0.125,False,-3.374282747421645,3.491008201853717,28.511129865368012
21,10,success,16,0.125,False,-3.020612011695793,3.599000445662056,13.216116333686584
21,10,success,25,0.125,True,-3.6785459975816925,4.1099394449540885,21.349856053932157
21,10,crash_ground,26,0.125,False,-5.178425811747169,5.4158213430592435,13.571534268018043
21,10,success,17,0.125,True,-4.713110446366696,4.963434855899712,10.406811121452819
21,10,success,27,0.125,False,-4.276507537541054,4.554388629712819,13.534348372876131
21,10,crash_ground,22,0.125,False,-4.624405875131786,4.798089487935303,16.353820978965956
21,10,tilt,9,0.125,False,-4.843330923217089,5.037022175424737,80.49507622200366
21,10,success,21,0.125,True,-3.649538131995524,5.355706815779889,29.58256791391405
21,10,crash_ground,18,0.125,False,-3.4483346939996062,3.8217160576245828,8.676578154451036
21,10,crash_ground,29,0.125,False,-4.141698365945546,4.392742075398297,11.86709360049057
21,10,tilt,17,0.125,False,-3.176973776473666,3.8445528916647436,81.48400430076568
21,10,success,10,0.125,True,-5.2037167720395665,5.370849012816172,37.64376634147613
21,10,crash_ground,23,0.125,False,-5.842595080041918,6.065139235942945,3.3644322799027493
21,10,crash_ground,17,0.125,False,-4.724821142076054,4.757801173423121,11.52207002995374
21,10,crash_ground,32,0.125,False,-4.563097496337541,4.6037519040438,14.293742086805603
21,10,crash_ground,27,0.125,False,-3.1119491056299666,3.4069227622534872,10.11715678985653
21,10,crash_ground,28,0.125,False,-3.6150507364355224,3.9887723242883353,14.35090051648629
21,10,crash_ground,25,0.125,False,-4.121688645988722,4.831029454065949,19.78359459297089
21,10,success,19,0.125,True,-10.102282602242143,10.394581574893905,59.475743163341015
21,10,crash_ground,26,0.125,False,-4.386646229956121,4.752963428056453,5.422925020023245
21,10,crash_platform,17,0.125,False,-2.2691029453318827,3.2951350680466844,31.502788484297877
21,10,crash_ground,17,0.125,False,-2.6495932913808775,3.3642944362998914,17.9672973201833
21,10,success,24,0.125,True,-3.4439285570748073,3.5991793834103225,6.570332470877887
21,10,success,24,0.125,True,-3.3411317008611836,3.488633020419114,19.544156264293562
21,10,crash_ground,17,0.125,False,-4.243196275343504,4.829636340387411,27.77228391818798
21,10,crash_ground,23,0.125,False,-4.357930246445185,4.584789411458311,4.406769371589452
21,10,crash_ground,17,0.125,False,-5.55141202284617,6.277165681528982,9.068425942046112
21,10,success,17,0.125,True,-11.462134860104324,11.638174945189835,85.89262401851165
21,10,crash_ground,27,0.125,False,-3.534140390973155,3.5795642320627055,25.54482197354046
21,10,tilt,28,0.125,False,-5.780636385411471,5.807578361726934,80.10731575268788
21,10,crash_ground,24,0.125,False,-4.227023663909612,4.4826328524367165,17.44933906652115
21,10,crash_ground,15,0.125,False,-3.990397692008029,4.196925345821671,16.93178313069597
21,10,crash_ground,29,0.125,False,-3.928201357514368,3.9939255231905024,8.600447533100592
21,10,crash_ground,23,0.125,False,-4.7220157251449395,4.819384038586401,6.819397394182274
21,10,crash_ground,26,0.125,False,-3.228571854561183,3.320993442637451,5.61449144098425
21,10,crash_ground,27,0.125,False,-3.101158266899004,3.5037407585867744,18.71662285321917
21,10,crash_ground,19,0.125,False,-3.741384210272102,4.487707182131168,10.795186846287399
21,10,success,25,0.125,False,-4.274909670941106,4.4222729636061935,10.790788109979104
22,10,crash_ground,27,0.125,False,-4.250300027132802,4.886130437695084,19.62039381431313
22,10,crash_ground,27,0.125,False,-4.299305823668584,4.395247840587415,24.112212280990654
22,10,crash_ground,30,0.125,False,-3.924928675609481,4.586440915261846,15.49133135574686
22,10,crash_ground,19,0.125,False,-3.481361481307883,3.5719459637082207,18.464903142475258
22,10,crash_platform,17,0.125,False,-5.307957343713897,5.889962394745463,8.621254525421953
22,10,success,18,0.125,False,-4.467484015490237,4.771565073811456,12.432381394759084
22,10,crash_ground,19,0.125,False,-3.883492234237942,4.044200523410854,12.835283932063113
22,10,crash_ground,30,0.125,False,-3.340515095899444,3.58035305197047,21.420757180221187
22,10,crash_ground,22,0.125,False,-4.428937042051688,4.6379321528493795,10.936904018853273
22,10,crash_ground,27,0.125,False,-3.8397612085849278,3.983857389453642,16.047427568686707
22,10,tilt,7,0.125,True,-3.648906841752132,3.7272569116662075,80.78729381949503
22,10,crash_platform,22,0.125,False,-4.489782723943314,5.293385675591812,17.58180588083234
22,10,crash_ground,28,0.125,False,-4.232123527907434,4.335781453687792,13.505203306265901
22,10,crash_ground,21,0.125,False,-4.183665516765129,4.207266399768492,13.092387228945823
22,10,crash_ground,26,0.125,False,-4.66861273506218,5.148361970160608,6.3759399097873795
22,10,crash_ground,22,0.125,False,-3.916169338424978,4.460767958041883,21.224407993645674
22,10,crash_ground,18,0.125,False,-3.8495879706445875,4.0242832109473845,8.276060764386859
22,10,tilt,16,0.125,True,-7.417463139452088,7.873266140199539,80.26157451618673
22,10,crash_ground,20,0.125,False,-3.3480688053541123,3.8173967480303244,13.771658709626402
22,10,crash_ground,23,0.125,False,-4.13922497884705,4.231281336610912,18.076352977581756
22,10,crash_ground,31,0.125,False,-3.7937653950799834,4.169859231450911,17.84882444771184
22,10,crash_ground,18,0.125,False,-5.2398815481846075,5.549013165881551,7.013999156488845
22,10,crash_ground,17,0.125,False,-3.912840088977051,4.343419759712937,9.001842429021197
22,10,crash_ground,19,0.125,False,-4.155200932405552,4.408250069728482,15.592449765957051
22,10,tilt,8,0.125,False,-3.268399955649886,3.5944878053649214,80.7987524726301
22,10,crash_ground,21,0.125,False,-4.405710741558801,5.083407147005815,29.472864760837126
22,10,crash_ground,21,0.125,False,-4.419401898393547,4.571871968824724,12.267098469872352
22,10,success,13,0.125,True,-4.085387426526564,4.680097007838486,15.921898463514554
22,10,crash_ground,20,0.125,False,-2.245760353295817,3.378310770187698,30.497286499610784
22,10,crash_ground,22,0.125,False,-4.5580318999228,4.560657573926418,17.902485853008766
22,10,crash_ground,19,0.125,False,-2.436205066605964,3.499405951390101,18.067992348313833
22,10,success,18,0.125,False,-5.2671814798233605,5.429447163175926,4.932383108812491
22,10,crash_ground,28,0.125,False,-5.45332640907812,6.197297469230156,3.8568767525791627
22,10,success,22,0.125,False,-4.155115003886059,4.396338639393106,3.404171197174493
22,10,crash_ground,31,0.125,False,-4.866141496591624,5.015247085848447,4.475890449571401
22,10,success,30,0.125,True,-4.082179893725242,4.108794074125819,10.10178890407181
22,10,crash_ground,19,0.125,False,-5.512429427762459,5.7890495647192095,8.79228878735695
22,10,crash_ground,16,0.125,False,-5.4344224899548745,5.518679159741361,6.777875578030015
22,10,success,26,0.125,True,-3.4997762892806743,3.663707659251602,22.885330880178543
22,10,crash_ground,13,0.125,False,-5.379996020121108,5.475732571739805,14.361131615339307
22,10,crash_ground,25,0.125,False,-4.40103395750549,5.650766202260952,29.79693738283093
22,10,crash_ground,25,0.125,False,-4.439942308761506,4.55728770613748,5.223814910774589
22,10,success,22,0.125,True,-4.179066544487569,4.450973712459892,13.344453559321655
22,10,crash_ground,24,0.125,False,-5.221164887612528,5.385928673199975,2.742729754630001
22,10,success,23,0.125,True,-4.804440011003592,5.3498860223904465,4.666834278382852
22,10,crash_ground,27,0.125,False,-3.2073375343052777,3.3557774026770155,20.238566669118338
22,10,tilt,8,0.125,False,-2.198633194541848,3.685402433764354,80.0548192332887
22,10,crash_ground,25,0.125,False,-4.561178807244565,4.604846702511419,4.031094747040339
22,10,crash_ground,28,0.125,False,-3.216397243121149,3.87609171866339,11.082201985152226
22,10,crash_ground,26,0.125,False,-4.33011822665862,4.703003609433914,10.490901602463456
22,10,crash_ground,17,0.125,False,-4.834769511454544,5.210099932866187,2.958012983563932
22,10,crash_ground,25,0.125,False,-4.400209716806624,4.683886397549539,20.591370843603023
22,10,crash_ground,20,0.125,False,-3.7356899871280036,3.8943497869928834,19.45283237321668
22,10,success,20,0.125,True,-5.006484430673421,5.063061077710189,6.111416241896631
22,10,success,24,0.125,True,-4.118754868223481,4.273872030140539,7.639700501458118
22,10,tilt,15,0.125,False,-6.824924053287999,6.945705491017823,80.33122192229877
22,10,crash_ground,18,0.125,False,-4.018203007393862,4.457013048601078,15.168659066414994
22,10,tilt,9,0.125,False,-2.720764341692223,3.4447837377244404,81.31718443461621
22,10,crash_ground,18,0.125,False,-4.819365192894119,5.2735860658629194,1.69580393766535
22,10,crash_ground,15,0.125,False,-4.265590037327031,4.4483795373366295,5.474826831468897
22,10,crash_ground,20,0.125,False,-4.1975646812299185,4.4469288356154255,6.491746229912263
22,10,crash_ground,32,0.125,False,-4.0784001682314495,4.166769714433363,7.223876559670452
22,10,success,17,0.125,False,-2.7345207561367433,3.5649567216517126,7.709520118523251
22,10,crash_ground,18,0.125,False,-5.689641666981751,5.884319049643516,6.194770215812626
22,10,crash_ground,22,0.125,False,-4.670281564025182,4.983021059407749,26.764587303174153
22,10,crash_ground,25,0.125,False,-3.031328519494748,3.3358447764645303,8.773784495658898
22,10,crash_ground,26,0.125,False,-4.286143955044398,4.5089303028957755,2.3355881442320547
22,10,success,21,0.125,True,-6.089406026205085,6.453765622947931,4.003174344833368
22,10,success,19,0.125,True,-3.6127333988231776,3.746182333547757,12.612520813973187
22,10,success,13,0.125,True,-3.7881765792987245,4.372741487718707,39.44887680432452
22,10,crash_ground,23,0.125,False,-5.249672877383928,5.303681282819353,12.97069692354026
22,10,success,27,0.125,True,-4.401929421925707,4.508336258688167,7.135525276190014
22,10,crash_ground,21,0.125,False,-3.938461282475995,4.018699233047776,19.78203780748964
22,10,crash_platform,29,0.125,False,-3.2218275860596592,3.9887803874658165,34.54885484877407
22,10,crash_ground,17,0.125,False,-3.2408132490775183,3.7289227827721954,25.179556704014992
22,10,tilt,6,0.125,False,-2.415375575705585,2.689451555314011,80.66359419818309
22,10,crash_ground,21,0.125,False,-3.4767433947484165,3.6912241960734655,7.580806765949095
22,10,crash_ground,18,0.125,False,-4.808560308847309,5.256208949930585,16.28569207302958
22,10,crash_ground,19,0.125,False,-5.163954186729339,5.466847797803909,3.9642178557202183
22,10,crash_ground,20,0.125,False,-2.545283261699321,2.7459158186465373,32.2049465920762
22,10,crash_ground,25,0.125,False,-3.7151055013086456,3.859426601916725,2.2187719811991378
22,10,crash_ground,19,0.125,False,-5.559416214275148,6.318999451370241,5.3217222558807595
22,10,crash_ground,20,0.125,False,-4.783559154285454,5.544257258986901,10.440811691066276
22,10,crash_ground,28,0.125,False,-4.834762451537344,4.910867951198656,5.030464063367544
22,10,success,19,0.125,True,-3.069849836859821,3.09258747846472,22.944160728021863
22,10,tilt,16,0.125,False,-3.938980635917643,4.175363063890291,81.85397135685191
22,10,crash_ground,19,0.125,False,-5.704212723198505,5.923992906994651,24.64062909209452
22,10,crash_ground,23,0.125,False,-4.866076826637487,4.988064743638233,12.16790814538727
22,10,crash_ground,25,0.125,False,-5.472612827839706,5.533773576773585,27.24868248868686
22,10,crash_ground,31,0.125,False,-3.6917953295362813,4.459281211038413,22.282268973800036
22,10,crash_ground,22,0.125,False,-3.299948373178372,4.304360648863429,5.263586282871627
22,10,success,10,0.125,False,-3.912705645021239,4.141319715712835,10.488545656719992
22,10,success,17,0.125,True,-2.884994678110368,3.3757815868095364,21.53622622248134
22,10,crash_ground,22,0.125,False,-5.465263692005747,5.695833903042987,3.6734493581822085
22,10,success,14,0.125,True,-3.353040871223154,3.496109613877588,14.099109667843106
22,10,success,22,0.125,True,-3.9506800608944364,4.391494143852074,5.569127258651489
22,10,crash_platform,26,0.125,False,-3.5616655457524313,3.6365704900899027,39.50262418505122
22,10,success,21,0.125,True,-6.4910605812608875,6.66082621707524,9.943066806404758
22,10,crash_ground,26,0.125,False,-3.2193939496987127,4.00339019281979,13.019377492869245
22,10,success,16,0.125,False,-2.611782863213252,3.670685130431427,37.56856722910994
22,10,crash_ground,14,0.125,False,-3.4447226501210255,3.730226729391697,25.34655797500759
22,10,success,25,0.125,True,-4.255736553645543,4.604171096402454,18.736718879291647
22,10,crash_ground,26,0.125,False,-4.615810172852279,5.140799806631069,0.9626930107401773
22,10,crash_ground,21,0.125,False,-3.674194797990909,4.068056477317044,10.960882017077173
22,10,crash_ground,31,0.125,False,-4.531443209689937,5.0585327644119165,7.450285554315895
22,10,crash_ground,27,0.125,False,-5.012590098353875,5.150707354098541,2.9474794573608847
22,10,crash_ground,25,0.125,False,-3.5498596261505533,3.605236219279399,6.186509161668786
22,10,crash_ground,16,0.125,False,-11.59927961726772,11.690482036993211,35.03544646963483
22,10,crash_ground,29,0.125,False,-5.3228579650065795,5.367401232169042,3.3865204362209105
22,10,crash_ground,20,0.125,False,-5.09196627502314,5.632398629295101,2.9775399708589867
22,10,crash_ground,19,0.125,False,-4.398952317366132,4.4501062897608215,20.720366806611207
22,10,crash_ground,35,0.125,False,-3.5707498448572963,3.885159300455739,9.369784956374493
22,10,crash_ground,20,0.125,False,-4.217538658922663,4.309829392103138,22.0290560620218
22,10,tilt,13,0.125,True,-2.984429209190351,4.482946480762769,80.58274914761824
22,10,success,20,0.125,True,-3.5268545499940176,3.6751649636353014,23.008584337670815
22,10,crash_platform,32,0.125,False,-4.718046608754668,4.994202341344897,22.232302176100564
22,10,success,24,0.125,False,-3.6183197682149557,4.040578223553569,31.79066895726915
22,10,success,29,0.125,True,-4.199434333768346,4.738266406325584,4.8065677503625714
22,10,crash_ground,15,0.125,False,-2.8638643331620655,2.9989905508698147,35.98591920888357
22,10,crash_ground,17,0.125,False,-3.662314650491703,3.779687768860592,4.835459548862113
22,10,success,24,0.125,False,-4.0419835375971775,4.076590963473885,12.830824458759407
22,10,crash_ground,20,0.125,False,-3.511152287304788,4.128189560608755,15.718192495985836
22,10,tilt,14,0.125,False,-4.120491201227327,4.456633505967345,80.4882874934585
22,10,crash_ground,30,0.125,False,-4.18774843552609,4.468974164718883,14.251267554957794
22,10,crash_ground,22,0.125,False,-6.134903523119257,6.6639848569614015,3.8600320644508264
22,10,success,29,0.125,False,-4.340941184441592,4.45366881059078,20.59749375655183
22,10,success,18,0.125,False,-3.662090200770149,4.259981193203772,25.285685260759
22,10,crash_ground,15,0.125,False,-5.11892259878151,5.387642743125452,3.369247446247106
22,10,crash_ground,16,0.125,False,-3.5667447622278714,3.936370188712873,19.055096499578955
22,10,crash_ground,17,0.125,False,-4.726723609940246,4.773403919722299,23.610860609343593
22,10,crash_ground,30,0.125,False,-4.294954600996251,4.831951942284008,22.12216459612021
22,10,crash_ground,27,0.125,False,-3.0625387477165646,4.026551555291061,2.7595643715538576
22,10,success,27,0.125,False,-2.947760914295283,3.6776511150771083,15.265658568726955
22,10,crash_ground,27,0.125,False,-4.954972843654396,5.363735334703605,6.968823415593304
22,10,crash_ground,21,0.125,False,-4.5919684801851375,5.294034003458652,10.964375913677582
22,10,crash_ground,14,0.125,False,-4.358891196968995,4.582398229004919,2.1953155235699433
22,10,crash_ground,22,0.125,False,-4.846015917776953,5.165226508621386,1.3204524364472432
22,10,crash_ground,21,0.125,False,-4.302782424551709,4.648930058080116,8.753841890208008
22,10,crash_ground,26,0.125,False,-3.9929703232397964,4.528237697257154,13.843213345885653
22,10,crash_ground,30,0.125,False,-4.242237556204567,4.525333948450275,5.763136400476171
22,10,crash_ground,32,0.125,False,-4.30579020924791,4.340241640096172,8.460218671234209
22,10,crash_ground,17,0.125,False,-4.298073928747456,4.330711915201082,13.169950928438945
22,10,success,20,0.125,True,-3.490314580755015,4.570529481110181,16.60553721570864
22,10,crash_ground,26,0.125,False,-5.025585545879623,5.10788340816844,8.109351165332647
22,10,crash_ground,36,0.125,False,-3.2851696717461363,3.823754640055963,12.38044184243056
22,10,crash_ground,20,0.125,False,-5.532963430009094,5.69216244081821,3.972606290201491
22,10,crash_ground,16,0.125,False,-3.8496344280056176,4.035736361973084,18.144401334441202
22,10,crash_ground,24,0.125,False,-4.1284583663592915,4.199580769042979,12.730297164446858
22,10,crash_ground,25,0.125,False,-4.777554788448945,5.307611134373155,17.445527484282277
22,10,crash_ground,25,0.125,False,-3.8404085526224248,4.176118223436465,3.0053755028637616
22,10,crash_platform,18,0.125,False,-3.0729426226774557,3.594878254521927,26.795970594671527
22,10,crash_ground,17,0.125,False,-4.509780096122726,4.7015907456169534,10.608472464797622
22,10,crash_ground,15,0.125,False,-3.4149887944479063,3.504637520130227,6.2992167896288285
22,10,crash_ground,28,0.125,False,-5.93054736639453,6.294909263743244,9.515756520482945
22,10,success,21,0.125,True,-4.743934345875813,4.855007897213675,12.673484174248086
22,10,crash_ground,24,0.125,False,-4.269899106674768,4.396288511489769,10.373218962187906
22,10,crash_ground,20,0.125,False,-4.893095472448192,5.26626810539006,3.347846385306306
22,10,crash_ground,18,0.125,False,-4.285260934209463,4.704481727178785,2.5092447342941515
22,10,crash_ground,25,0.125,False,-5.159392474572111,5.388648067564702,8.842026228038257
22,10,crash_ground,25,0.125,False,-3.873844668085479,3.9673718431832476,8.223604191217596
22,10,crash_ground,22,0.125,False,-4.308652530123897,4.318341699514686,5.057597008159553
22,10,crash_ground,41,0.125,False,-2.4726329582741156,2.9029755753663187,3.6346486925121564
22,10,success,24,0.125,False,-4.409298101546081,4.701747754087861,2.541824879387907
22,10,crash_ground,32,0.125,False,-3.6149809903207073,3.7524197368046908,14.232354379058517
22,10,crash_ground,24,0.125,False,-5.36784340775115,5.496303294806325,21.488481517670976
22,10,crash_ground,19,0.125,False,-5.657965551675257,5.735498328791446,2.782417996476933
22,10,crash_ground,18,0.125,False,-3.6214336524796944,4.1336220414270795,2.6874913736364814
22,10,crash_ground,20,0.125,False,-4.634035019794732,5.195496063356819,7.524311198855487
22,10,crash_ground,23,0.125,False,-5.225485629367662,5.36112310172205,0.7446893023960801
22,10,success,24,0.125,False,-4.544076907092692,5.071411647832017,2.4745031344255355
22,10,crash_ground,29,0.125,False,-3.5416485913459455,4.241479469824256,26.66467775640198
22,10,crash_ground,20,0.125,False,-4.3290091238026775,4.430697861306514,18.72337688279411
22,10,crash_ground,20,0.125,False,-4.923619036098836,5.056836209310767,3.906148807416346
22,10,crash_ground,24,0.125,False,-3.0639661272430314,4.16503495103431,27.10182437375569
22,10,crash_ground,25,0.125,False,-4.374069423346569,4.762553988087378,12.259334185952742
22,10,crash_ground,22,0.125,False,-10.969428164561101,11.358700529058067,90.90936034542605
22,10,crash_ground,23,0.125,False,-4.359685879195715,5.257416247301474,12.015684404335792
22,10,crash_ground,23,0.125,False,-7.19321504950101,7.6090458979431075,13.260680987344148
22,10,tilt,11,0.125,True,-4.082940114267645,4.391540341958544,80.01840886942932
22,10,crash_ground,24,0.125,False,-4.772008029558764,4.95028277238694,5.687939060432884
22,10,crash_ground,15,0.125,False,-3.8650316624791685,4.090141664138253,11.467414266774584
22,10,crash_ground,25,0.125,False,-7.319778552323756,7.455206113016172,52.9118576444933
22,10,crash_ground,24,0.125,False,-6.83785023194902,7.19243321233638,2.8627774199720486
22,10,crash_ground,27,0.125,False,-5.482294811410066,5.668885862899427,10.596273223945456
22,10,success,19,0.125,True,-4.577443739197872,4.691092285513634,19.938684676107993
22,10,crash_ground,23,0.125,False,-5.208145892905747,5.2305911247947705,14.547937848811754
22,10,crash_ground,21,0.125,False,-4.582185770769328,4.77278937276242,1.553383598550466
22,10,crash_platform,12,0.125,False,-4.173392422019429,4.2240154359493065,16.681189129682753
23,10,crash_ground,24,0.125,False,-8.094520721100727,8.208373172169548,81.16356406318424
23,10,crash_ground,26,0.125,False,-4.91427896384442,5.1189805656826355,9.501039640087317
23,10,success,17,0.125,True,-5.654453490433749,5.784276185857877,76.13981168564196
23,10,crash_ground,17,0.125,False,-4.3134964125520545,4.621943995169734,42.90170591980599
23,10,success,22,0.125,False,-4.868362887708985,5.0355183429606205,13.943592733696061
23,10,success,18,0.125,False,-4.9078867088737415,5.3848299134169695,3.4413712133704952
23,10,crash_ground,17,0.125,False,-5.414691903915376,5.900250830012219,5.3239413990457845
23,10,success,18,0.125,True,-3.7316978981453834,3.8062158279311773,10.8345856146755
23,10,success,20,0.125,False,-5.630602180556349,5.8435702005555425,12.539467291700442
23,10,success,23,0.125,False,-4.393061903230881,4.9059393115763665,4.679089739225095
23,10,crash_ground,23,0.125,False,-4.255884103182127,4.562989673880199,23.534317960155203
23,10,crash_ground,22,0.125,False,-2.898631555830395,3.4954591069479175,29.36540981089524
23,10,crash_ground,29,0.125,False,-4.81262833961713,4.896697852243994,12.732584116725633
23,10,crash_ground,26,0.125,False,-3.7737754152605025,3.780086675175608,23.03089928055178
23,10,crash_ground,19,0.125,False,-2.791085427862276,2.8913839100629506,26.288721217073196
23,10,crash_ground,26,0.125,False,-4.187032290460769,4.850900618951381,7.767822927687792
23,10,success,17,0.125,False,-3.6701783683202587,4.018208614463145,17.00390486008641
23,10,success,13,0.125,True,-4.016115909129556,4.463214627448593,23.033667974311378
23,10,success,23,0.125,True,-4.369651779262046,4.697287890306285,7.4299552067875405
23,10,success,18,0.125,False,-6.03150893820363,6.2436650779997365,8.717141685987695
23,10,crash_ground,26,0.125,False,-4.595657618502771,5.458324361942506,7.573995748128416
23,10,crash_ground,17,0.125,False,-3.3964175949148587,3.7643588712584695,31.018089322542448
23,10,success,17,0.125,False,-4.0737867226191575,4.220116898292386,32.86301545063769
23,10,crash_ground,25,0.125,False,-3.7007895006606604,3.9035725049461902,13.689222930849962
23,10,crash_ground,16,0.125,False,-3.9779415609752653,4.277920791676153,1.596355528796066
23,10,crash_ground,25,0.125,False,-3.4840227381642515,3.56640610180888,16.735257004577246
23,10,success,17,0.125,True,-2.9339749564055886,3.469606358786495,7.353144205231885
23,10,crash_ground,23,0.125,False,-4.038029971596697,4.080815910040788,49.01030503673191
23,10,crash_ground,24,0.125,False,-5.050861800560321,5.081751123792615,4.582118990924161
23,10,success,13,0.125,True,-3.375158267422292,3.8144018437701703,13.301303341297151
23,10,success,25,0.125,True,-7.886719696259029,8.186417396832779,31.459372414934172
23,10,crash_ground,23,0.125,False,-8.278366916830533,8.537172132713584,53.87965884521193
23,10,crash_ground,22,0.125,False,-6.370259459810218,6.578238059655653,6.8458032430024085
23,10,tilt,5,0.125,False,-1.7756663998607163,2.279657879471887,80.27391690998488
23,10,crash_ground,23,0.125,False,-4.860950290246349,5.0069047596784815,13.195064261967406
23,10,crash_platform,20,0.125,False,-4.039992463256125,4.2956304869322315,7.567537489229319
23,10,crash_ground,26,0.125,False,-3.395156408138289,3.6169711963491227,15.486077127654656
23,10,crash_ground,23,0.125,False,-5.2944561298145345,5.523473133801218,8.65931003328199
23,10,crash_platform,24,0.125,False,-4.406094186588235,4.411266915733949,23.744131784091046
23,10,crash_ground,25,0.125,False,-4.821378779810825,5.365217593975344,9.483917079874768
23,10,success,20,0.125,False,-4.495538791919769,4.648039874102293,16.454289188347012
23,10,crash_ground,19,0.125,False,-6.356086894520696,7.058303642571281,23.057964712279173
23,10,crash_ground,23,0.125,False,-4.527711710849026,4.901661741973317,7.903769919051955
23,10,success,17,0.125,False,-3.398330105756929,4.371944574272137,13.314906897739155
23,10,success,17,0.125,True,-4.53138373339913,5.436371144240049,7.124813492841159
23,10,tilt,13,0.125,False,-5.083515232448685,5.499681686637074,80.15942962316142
23,10,crash_platform,15,0.125,False,-4.66277126758358,4.8066246650292115,14.09742753135313
23,10,crash_ground,29,0.125,False,-4.563561673925599,4.890169134443006,9.161828245480999
23,10,crash_ground,23,0.125,False,-5.817410289897945,5.827987160949217,7.627953312943614
23,10,crash_ground,15,0.125,False,-3.932596380766491,3.9634737492171777,15.10139267547687
23,10,crash_ground,16,0.125,False,-3.357686291946374,3.6302808452373956,19.08652128450463
23,10,crash_ground,25,0.125,False,-5.517866311712797,5.807551648355604,11.616507526412658
23,10,tilt,20,0.125,False,-4.8422175074294405,5.624439044523889,81.17503371943175
23,10,crash_ground,26,0.125,False,-3.3493755113159454,3.4102377893966964,7.102154344562264
23,10,crash_ground,23,0.125,False,-4.729237436886387,4.773276517700966,7.007188638407773
23,10,crash_ground,22,0.125,False,-4.931750778197569,5.389601366552203,7.60526550905375
23,10,tilt,13,0.125,False,-4.846376026947569,4.911266979412427,80.726406439803
23,10,crash_ground,12,0.125,False,-8.907849641889817,9.021878314916208,86.37905844776148
23,10,crash_platform,16,0.125,False,-3.599700375679522,3.7861802756712737,19.408971090439223
23,10,crash_ground,15,0.125,False,-4.195275123557469,4.339488636898161,6.906884499547804
23,10,crash_ground,25,0.125,False,-3.700662814965278,4.595928881356542,24.55665068849105
23,10,crash_ground,29,0.125,False,-5.13288998399584,5.561249584630693,1.7304409013604707
23,10,crash_ground,27,0.125,False,-4.3126452036657135,4.603915595665767,2.234606459535792
23,10,crash_ground,10,0.125,False,-4.581244249490161,4.632886026945098,10.056244104683948
23,10,crash_ground,25,0.125,False,-7.581932423732908,8.031047120184915,64.1103474734293
23,10,crash_ground,25,0.125,False,-3.31505411884965,3.375711081663198,20.539883654928193
23,10,crash_ground,16,0.125,False,-5.362583887961383,5.535208531760203,10.877224549446234
23,10,crash_ground,28,0.125,False,-3.8422221066230327,3.874582564852878,18.614445599379366
23,10,success,20,0.125,False,-4.228040633001731,4.717199852554281,18.950003186269196
23,10,crash_ground,32,0.125,False,-3.855392061580155,3.889435592295833,12.08789803518437
23,10,crash_ground,28,0.125,False,-4.737489202876994,4.8585031447509,19.99690348843524
23,10,crash_ground,25,0.125,False,-2.969905006161985,3.3374848271219624,23.720446152368375
23,10,crash_ground,15,0.125,False,-4.235982965822765,4.340597065947934,4.477990013421024
23,10,crash_ground,15,0.125,False,-3.897962122047633,4.4292225529684774,33.92584731672852
23,10,crash_ground,29,0.125,False,-4.303834031228849,4.48438325905797,6.456988275741245
23,10,tilt,10,0.125,False,-4.509919118711928,4.883099155494118,80.80971170738921
23,10,crash_ground,22,0.125,False,-4.873239635347131,5.09557514782395,6.463954663694973
23,10,crash_ground,23,0.125,False,-5.767655764926293,5.97866912729763,22.336519756925913
23,10,tilt,5,0.125,False,-1.893575903413451,2.309978884948567,80.75852768034456
23,10,crash_ground,26,0.125,False,-4.538590115473146,4.806062183034193,7.804854052975242
23,10,success,16,0.125,True,-2.4336876087988237,2.883169620415639,13.472941019035861
23,10,success,14,0.125,False,-3.870015412985525,4.003822827104375,19.13438937172496
23,10,crash_ground,12,0.125,False,-4.2057348232517215,4.209695800084587,23.036822632557055
23,10,crash_ground,15,0.125,False,-5.495192760180415,6.131859992263927,3.7298144347944433
23,10,crash_ground,13,0.125,False,-5.698820846047474,5.7690762890653575,12.241941128067873
23,10,success,13,0.125,True,-3.270531056356218,3.5484242243759807,4.372873324444752
23,10,crash_ground,29,0.125,False,-5.64663217305387,5.8646439160610475,11.77637086271141
23,10,crash_ground,24,0.125,False,-4.280172207672807,4.472085480432218,10.479260610600795
23,10,success,11,0.125,True,-3.620549623215159,4.389011160314924,8.321927464850242
23,10,tilt,8,0.125,False,-3.802952958976868,4.125516056908187,80.03564389544353
23,10,crash_ground,23,0.125,False,-4.839157330336514,5.007805708804012,20.55195312244139
23,10,crash_ground,28,0.125,False,-4.518004741950151,4.601906814988113,13.33853765526937
23,10,crash_ground,20,0.125,False,-3.520873128584432,3.6002447435452423,10.973736480064668
23,10,crash_ground,25,0.125,False,-5.281046969043203,5.704965889705819,20.03625189396527
23,10,crash_ground,27,0.125,False,-5.261545305136027,5.65923255066132,8.231601666664924
23,10,crash_ground,25,0.125,False,-4.557484353452943,5.080433935293634,5.6053816780544725
23,10,crash_ground,28,0.125,False,-3.8000769563507184,3.92776785062176,14.102415737385298
23,10,crash_ground,16,0.125,False,-6.332194219656375,7.276712358542123,11.10294911654688
23,10,crash_platform,18,0.125,False,-2.949698445405492,3.275265660075755,17.12942644195304
23,10,crash_ground,23,0.125,False,-4.69997311758448,5.054711691899069,10.368607843814083
23,10,success,14,0.125,True,-2.725227377852863,3.6723782427575697,15.688437043093005
23,10,tilt,6,0.125,False,-3.309771085193445,3.3386528650228224,80.31763803006012
23,10,success,14,0.125,False,-5.227436599883509,5.428287283694343,3.810755139768422
23,10,crash_ground,22,0.125,False,-4.31642049545023,4.410618250131703,10.255959063611273
23,10,crash_ground,24,0.125,False,-4.060112871762084,4.129713330848877,11.907089471301092
23,10,crash_ground,17,0.125,False,-9.686695647716565,9.971983419235887,83.91612789803094
23,10,success,13,0.125,False,-8.159398414670337,8.228669153829685,19.185844745904507
23,10,crash_ground,19,0.125,False,-3.909750660025059,4.533419079069022,18.0194706974047
23,10,crash_ground,20,0.125,False,-3.840141096902502,4.426939143100891,10.039901725926192
23,10,crash_ground,30,0.125,False,-4.215566959735239,4.358918688563998,25.200243860466493
23,10,crash_ground,22,0.125,False,-4.564759836994109,4.719918243610204,4.731677987372688
23,10,crash_platform,28,0.125,False,-3.7564476629224233,4.236834067210844,12.796032774432353
23,10,crash_platform,19,0.125,False,-3.496376794412882,3.7106475695677794,37.90861110898822
23,10,success,15,0.125,False,-3.8689474040838614,3.995869586503152,19.57651299532676
23,10,crash_ground,28,0.125,False,-3.380644091487753,3.6010900001145285,32.38725289028948
23,10,success,21,0.125,False,-4.283202546179793,4.299566516233605,16.85512279957628
23,10,crash_ground,22,0.125,False,-3.878744497787818,3.957406967490128,7.2860820683066425
23,10,crash_ground,23,0.125,False,-4.423183330476354,4.747582236242421,17.39395548241681
23,10,crash_ground,25,0.125,False,-4.308403180572609,4.367690476932117,9.278041726925194
23,10,tilt,7,0.125,False,-2.611355044304791,2.8398645624326635,80.40957059822107
23,10,crash_ground,13,0.125,False,-4.261887557042013,4.465588483202437,10.720495966796785
23,10,success,19,0.125,False,-3.4006059231200156,4.009243225120432,45.363159979334334
23,10,crash_ground,20,0.125,False,-4.174476486361677,4.56942487748387,6.9205036288901844
23,10,crash_ground,24,0.125,False,-5.527946754521461,5.926441975881563,3.9463908196938706
23,10,crash_ground,23,0.125,False,-4.286152347178744,4.2928664578479365,3.168440882331272
23,10,crash_platform,21,0.125,False,-4.010373000953115,4.416651991397218,19.571932327836098
23,10,success,14,0.125,True,-3.881811897722765,3.9697148578700685,6.466537403062067
23,10,success,18,0.125,True,-4.588393062869618,5.296538705337491,1.9008001738379503
23,10,crash_ground,16,0.125,False,-4.258866486237062,4.504873692239398,16.550820073216496
23,10,crash_ground,20,0.125,False,-4.422636108317316,4.668112468779563,15.63972357815518
23,10,success,29,0.125,False,-4.454213399443303,4.621038788729821,18.282961217120274
23,10,success,18,0.125,False,-3.697299359389562,3.807559991183006,10.17606806110467
23,10,crash_ground,15,0.125,False,-3.8511264180866367,3.9569890683361097,7.034400271660868
23,10,crash_ground,20,0.125,False,-4.03584938336323,4.162288141843165,12.49827808353853
23,10,crash_ground,18,0.125,False,-3.4174179220685397,3.6709067384782244,19.379553216432207
23,10,crash_ground,32,0.125,False,-4.252960790318756,4.316229779761047,7.477099707705353
23,10,crash_platform,19,0.125,False,-4.528411822824043,4.984784336877028,12.311596291441813
23,10,crash_ground,25,0.125,False,-3.5979340711984618,3.8401141558008844,12.148013037072447
23,10,crash_ground,22,0.125,False,-3.518376933356866,3.67127293517363,23.911366057807765
23,10,crash_ground,26,0.125,False,-4.666828761120211,4.86574461733932,22.843629968677366
23,10,crash_ground,28,0.125,False,-5.14458930032144,6.537163488698261,25.049070513373863
23,10,success,12,0.125,True,-4.363744339795797,4.410846479121837,5.667365371029006
23,10,crash_ground,27,0.125,False,-4.693069019236503,4.910223049350841,8.71619049118084
23,10,crash_ground,21,0.125,False,-6.704364543100266,6.942932004257005,12.506998887030662
23,10,crash_ground,21,0.125,False,-4.528599876147063,4.773332095392873,8.52594141522711
23,10,crash_ground,17,0.125,False,-3.9746368239672063,4.0238963883989545,15.541173348056287
23,10,success,17,0.125,False,-4.667419856422358,5.32093087593752,8.656879232861634
23,10,crash_ground,22,0.125,False,-5.391152981669865,5.518410806156679,9.116391094674892
23,10,crash_ground,22,0.125,False,-4.176014490372896,4.45959030123418,12.589321025123427
23,10,crash_ground,28,0.125,False,-3.907109441562215,4.183918943268042,16.227508754570117
23,10,crash_ground,31,0.125,False,-3.3788349489936764,3.742315121940116,12.960228583952832
23,10,crash_ground,26,0.125,False,-3.818608245941966,4.352509038654432,7.913577779070459
23,10,crash_ground,14,0.125,False,-9.725928663209382,9.776967485974774,66.37470885375915
23,10,crash_ground,15,0.125,False,-3.500165145113061,3.8308226765614686,20.572364066393874
23,10,crash_ground,23,0.125,False,-4.708750747876335,4.924929509611373,20.61557486508994
23,10,crash_platform,16,0.125,False,-3.8816481820690854,4.573903511602938,32.09921259703431
23,10,crash_ground,25,0.125,False,-4.532457004749387,4.740840840668016,4.997013650159068
23,10,crash_ground,24,0.125,False,-4.852125909077752,4.8700047773343345,0.7263589320496012
23,10,tilt,14,0.125,False,-5.196920256755455,5.885172230148262,80.31395438963064
23,10,crash_ground,20,0.125,False,-6.596160055581256,6.681469780178113,90.49939426422375
23,10,crash_ground,17,0.125,False,-4.988001340681661,5.179228370834796,7.123645374979997
23,10,crash_ground,26,0.125,False,-4.863715763664523,5.234267468170477,15.384784276130022
23,10,crash_ground,27,0.125,False,-4.374385403537565,4.824991417672307,6.236888007508766
23,10,crash_ground,32,0.125,False,-3.953335719473205,4.005595194390536,7.159571952452665
23,10,crash_ground,30,0.125,False,-4.771305474823363,4.871703860511876,20.948155624969413
23,10,crash_ground,21,0.125,False,-3.0908699817198997,3.6819003752452244,13.120421868355104
23,10,crash_ground,14,0.125,False,-3.9425430229039704,4.160354149813336,11.26772892993637
23,10,crash_ground,30,0.125,False,-3.1016368640242313,3.225737918708384,9.852080442553149
23,10,crash_ground,22,0.125,False,-3.2859398426491695,3.802277139151315,24.36492321446527
23,10,crash_ground,29,0.125,False,-4.581039557952651,4.930088270963641,12.852041452492392
23,10,crash_ground,16,0.125,False,-3.9041695125708338,4.093001767156845,1.1013782213812102
23,10,crash_ground,18,0.125,False,-3.7074995430457394,3.9945729616476306,38.590914967014925
23,10,success,21,0.125,True,-4.790494594095938,5.217602710400093,20.722414269322645
23,10,crash_ground,29,0.125,False,-5.178424096982897,5.277841909821511,3.017655772849673
23,10,crash_ground,18,0.125,False,-5.948882733221934,5.968838006269472,20.229906798859034
23,10,tilt,10,0.125,False,-3.402711116656044,3.740665569350691,81.09702374667377
23,10,crash_ground,21,0.125,False,-4.14961202257363,4.555456894646064,12.436939414289686
23,10,success,26,0.125,False,-5.278625499363189,5.289018039200456,9.418699292839797
23,10,crash_ground,21,0.125,False,-4.198782156372666,4.960784872455016,9.051367295828912
23,10,crash_ground,15,0.125,False,-7.9994329851747645,8.054223680372962,16.789513531343385
23,10,crash_ground,13,0.125,False,-3.3825994859806956,3.678041575363395,51.217156262142915
23,10,crash_ground,29,0.125,False,-4.208431785005877,4.339296003041235,20.015647240548237
23,10,crash_ground,29,0.125,False,-3.818599112218142,3.8760304132746013,17.000789215106096
23,10,crash_platform,14,0.125,False,-4.544609208502183,4.804641947363399,15.184912767662134
23,10,crash_ground,23,0.125,False,-4.4834045900442785,4.801468230963007,27.555247506517755
23,10,crash_ground,25,0.125,False,-3.8996815470233406,4.214946756417082,3.8712115536330316
23,10,crash_ground,21,0.125,False,-4.175858699114599,4.263979545934975,18.47138609825911
23,10,crash_ground,20,0.125,False,-5.974130317849603,6.373216901730312,9.841542161406183
23,10,crash_ground,21,0.125,False,-6.163541298972232,6.622512946853701,21.070496172004184
23,10,crash_ground,21,0.125,False,-3.94660954328432,4.251646220642528,10.382600684861844
23,10,crash_ground,23,0.125,False,-3.327600925944424,3.601461006979463,34.98879948993866
23,10,crash_platform,13,0.125,False,-3.345890653450906,3.8898019855907218,7.187927859178321
23,10,crash_ground,21,0.125,False,-4.308893127230074,4.715485903685555,4.8969946194014256
23,10,crash_ground,19,0.125,False,-3.6994407284158637,3.736047158201576,7.847074150872104
23,10,crash_ground,23,0.125,False,-4.008469182882622,4.272773205734535,9.597252784875637
23,10,crash_ground,19,0.125,False,-5.533766219421255,5.764308072537268,74.16396751202713
23,10,crash_ground,25,0.125,False,-5.016985982772045,5.305006129546104,23.511011426036593
23,10,crash_ground,18,0.125,False,-4.65502848645141,5.172400678285047,17.486048456838816
23,10,success,23,0.125,True,-5.736947931549208,6.018738550184107,2.9649789748604047
24,10,crash_ground,17,0.125,False,-3.0925546923859777,3.76064698649618,9.56184042239556
24,10,success,12,0.125,True,-3.874201650129106,4.2829765114789975,57.06516387227793
24,10,crash_ground,25,0.125,False,-9.290801629392968,9.4021158436377,35.03282847311179
24,10,success,16,0.125,True,-5.398265464418492,5.900944073886852,9.780420875510435
24,10,tilt,5,0.125,False,-1.732805797871734,1.7629642581580076,80.71651627688384
24,10,success,14,0.125,True,-4.481570759043881,4.7495380383295345,13.254976647937509
24,10,crash_ground,19,0.125,False,-4.397296237499027,4.457897799786642,2.6501842627778136
24,10,crash_ground,29,0.125,False,-3.5054424345186206,3.622193133161912,7.598800141418528
24,10,crash_ground,22,0.125,False,-4.038398786799902,4.483607559335683,29.969825622128386
24,10,success,13,0.125,True,-4.220291663671058,4.369946997161645,9.155787007982743
24,10,crash_ground,20,0.125,False,-7.4420354655942,7.651679375470939,12.633309011040028
24,10,crash_ground,27,0.125,False,-3.4625648901870516,3.737363789841143,27.53456059027314
24,10,success,24,0.125,True,-4.129404460425701,4.282613229164546,10.194403287373948
24,10,crash_ground,20,0.125,False,-2.9694346773428104,3.427581929283636,10.339309598567901
24,10,tilt,7,0.125,False,-3.9762243154452768,4.38850168470042,80.13151732935647
24,10,success,23,0.125,True,-5.474130906657353,5.723989142876352,1.9270768819415656
24,10,crash_ground,18,0.125,False,-3.651218401314948,3.941728635723239,5.211515342333112
24,10,crash_ground,18,0.125,False,-4.367834581861647,4.52152904942194,9.078619113734302
24,10,crash_ground,29,0.125,False,-4.4470018412824155,4.9067647415477476,19.77500933351957
24,10,crash_ground,17,0.125,False,-3.5981033140765275,3.8439937724026274,7.040902823554862
24,10,crash_ground,29,0.125,False,-5.01741911572209,5.445909373830052,13.73374530703913
24,10,crash_ground,20,0.125,False,-5.309323682342054,5.616738436402136,4.350891912925618
24,10,crash_ground,25,0.125,False,-4.415195473035443,4.860242270408541,13.03881110196902
24,10,success,25,0.125,False,-4.042843406273509,4.125990649182532,7.722149306216634
24,10,crash_ground,19,0.125,False,-4.282590715625009,4.624447240018404,7.512230899719525
24,10,crash_ground,24,0.125,False,-4.352115566555171,5.047751300068998,17.56855698655824
24,10,crash_ground,30,0.125,False,-3.9368115034131086,4.157840170591596,3.103739188154582
24,10,crash_ground,26,0.125,False,-4.5231489206744175,4.734652617056212,5.619676685843273
24,10,crash_ground,15,0.125,False,-4.040311574294502,4.266447260862314,16.010420484254315
24,10,crash_ground,24,0.125,False,-4.962192762769783,5.182220501740317,7.184870639540289
24,10,crash_platform,16,0.125,False,-2.7103293867588287,3.496934056571532,24.334664225646215
24,10,crash_ground,27,0.125,False,-4.993812912315425,5.627312877962674,7.4938543258025305
24,10,crash_ground,17,0.125,False,-4.604514675451943,4.782840097750419,8.530219785756035
24,10,crash_ground,17,0.125,False,-3.770128847134696,3.84652262916042,30.84264239740946
24,10,success,25,0.125,False,-4.204412806814709,4.442454751260691,12.931581293770009
24,10,success,17,0.125,True,-5.715271159564337,6.146594732888848,28.676996354303654
24,10,crash_ground,21,0.125,False,-3.8041990377326322,4.616165585066271,11.720106044364586
24,10,crash_ground,23,0.125,False,-4.005272346454879,4.394930816681962,4.60773884920664
24,10,crash_ground,20,0.125,False,-3.5880378309127905,3.988838599025547,13.178492868459262
24,10,crash_ground,24,0.125,False,-4.885368687077373,5.485702404158399,17.68100752937531
24,10,tilt,9,0.125,False,-3.5390624845135505,4.024433766274498,80.78230572142816
24,10,crash_platform,16,0.125,False,-3.070097470696333,3.4266776059654647,19.59343654075829
24,10,crash_ground,19,0.125,False,-5.076124896702898,5.3387149225995225,6.710070489894344
24,10,crash_ground,19,0.125,False,-4.468514161682825,5.006917470378656,3.5409470252335984
24,10,crash_platform,29,0.125,False,-4.523971249083236,4.631253089497343,7.118167649591173
24,10,crash_ground,26,0.125,False,-4.680979234790525,5.043403429111341,5.4723433030248625
24,10,crash_ground,23,0.125,False,-3.889569326312421,4.247078373427728,28.775718334720867
24,10,crash_ground,27,0.125,False,-4.080970696518831,4.241690586736153,3.549798225849835
24,10,crash_ground,26,0.125,False,-4.784067803746108,4.964247210769073,14.113992661811528
24,10,success,22,0.125,False,-4.3902270265375085,5.136021413838729,10.755905288093228
24,10,crash_ground,29,0.125,False,-4.113234439242575,4.578908746275623,4.946492011695105
24,10,crash_ground,17,0.125,False,-4.373627404698607,4.666282892039622,5.977068212760995
24,10,tilt,14,0.125,True,-3.9633580866820535,4.657510163728891,80.41716032923863
24,10,success,18,0.125,False,-4.887840838238382,4.956324567121749,12.964902863138901
24,10,success,16,0.125,False,-3.569367274408135,4.1632237125534015,1.6593027661951028
24,10,success,18,0.125,True,-2.110765312981595,2.759431779467648,38.73990423301286
24,10,crash_ground,27,0.125,False,-5.0493983010197505,5.277506460767956,1.0235648555874497
24,10,crash_ground,16,0.125,False,-3.4710283268590154,3.980228720146958,4.0862245976915155
24,10,tilt,10,0.125,False,-5.928544055020222,6.218858110278401,80.70700057748535
24,10,crash_ground,23,0.125,False,-3.930945894086368,4.086968752460176,1.0537941233456514
24,10,success,19,0.125,False,-4.251818710422421,4.293288928310594,5.746467286385424
24,10,crash_ground,26,0.125,False,-5.478602334043574,6.362304314198493,7.946851311271017
24,10,crash_ground,16,0.125,False,-11.300583583471013,11.502079577088296,38.486751329817
24,10,crash_ground,18,0.125,False,-4.052408368424601,4.543647401619313,13.589897399290212
24,10,crash_ground,24,0.125,False,-6.202443593603685,6.827980641246737,0.9662258234911326
24,10,crash_ground,25,0.125,False,-3.8892962484762807,4.1404156119911075,8.53682530230256
24,10,crash_ground,15,0.125,False,-4.319136865254774,4.399498157881403,25.82936963008842
24,10,success,17,0.125,True,-3.397377044683835,3.6888253729717646,9.105621199524744
24,10,crash_ground,25,0.125,False,-4.545370675941707,4.806358223582066,11.030711561240569
24,10,crash_ground,23,0.125,False,-4.305334574972067,5.443726763950611,4.629075802796383
24,10,crash_ground,28,0.125,False,-3.8043341247838933,3.9005483722219734,5.932127704929826
24,10,crash_ground,26,0.125,False,-5.359038303018619,5.860946627151135,4.930096476193662
24,10,crash_ground,15,0.125,False,-4.939559478807916,5.142241482535082,9.874499950279233
24,10,crash_ground,30,0.125,False,-2.9373945400607377,3.48379907158749,26.801669035482462
24,10,crash_ground,28,0.125,False,-4.462571533990201,5.008363958651997,18.021632801798532
24,10,success,26,0.125,True,-4.019707238367364,4.356114163060969,6.7024859776118895
24,10,success,17,0.125,True,-3.8771629325645147,4.362870351821508,15.505545619587707
24,10,success,25,0.125,True,-4.00663793969642,4.019567640621529,12.6325354523673
24,10,crash_ground,16,0.125,False,-3.6775762900764017,3.8357381120052794,1.2533644713323313
24,10,crash_ground,21,0.125,False,-3.774835913030837,4.371042328553797,11.611437017267733
24,10,crash_platform,18,0.125,False,-4.62696736120452,4.98377251885793,18.489108713745036
24,10,crash_platform,20,0.125,False,-4.74359292311553,4.837465128490639,26.212681194665702
24,10,crash_ground,25,0.125,False,-3.793898469399217,3.984485060028455,14.637365735016
24,10,crash_ground,17,0.125,False,-3.772342250195558,4.266947616015803,32.955794902254546
24,10,success,20,0.125,True,-4.702662574549008,5.001534343000372,3.7395632064468103
24,10,success,22,0.125,False,-3.408770781622029,3.6138589104861127,10.604606693735438
24,10,crash_ground,31,0.125,False,-3.8461976504116255,4.061494912613546,8.781333034248366
24,10,crash_ground,11,0.125,False,-4.249579235137176,4.411728587967733,6.072097330011074
24,10,crash_platform,16,0.125,False,-2.805635359910761,3.5973055694513163,48.85887334500308
24,10,crash_ground,22,0.125,False,-4.306303147077622,4.877733310291135,12.794287570549631
24,10,crash_ground,27,0.125,False,-4.926341384895354,5.4821863567072455,9.166394146307466
24,10,crash_ground,16,0.125,False,-11.421310427900899,11.461331851397444,89.31140647501672
24,10,crash_ground,19,0.125,False,-4.239215039294529,4.707211594646603,9.067623765556917
24,10,crash_platform,17,0.125,False,-4.416857368339553,4.526297081744732,9.023833656931142
24,10,crash_ground,14,0.125,False,-3.5795526749585935,3.964592221098386,22.188208929410873
24,10,crash_ground,23,0.125,False,-3.0835416100511823,3.2986090973694653,16.411808343348348
24,10,success,14,0.125,True,-3.966898338902906,4.495008448982072,12.587978872882616
24,10,crash_ground,18,0.125,False,-6.434434906410745,6.5896712232459045,26.218339353865098
24,10,success,22,0.125,True,-3.392646183264542,3.908481767599367,24.5628737682807
24,10,success,15,0.125,True,-4.25471535383359,4.425601647005002,10.515554733913094
24,10,crash_ground,26,0.125,False,-4.1115370015395465,4.236706187187349,9.661093069061048
24,10,tilt,16,0.125,False,-8.611623260157003,8.816081449758672,80.30144833529314
24,10,crash_ground,14,0.125,False,-6.0983117624835055,6.269658690074054,7.921137523614644
24,10,crash_ground,25,0.125,False,-4.662551703965987,4.839109801472876,13.088985184094513
24,10,tilt,13,0.125,False,-8.617749603497034,8.714228380871607,80.20717838274798
24,10,crash_ground,17,0.125,False,-9.525994845138596,10.107966433706665,24.11234717827396
24,10,tilt,12,0.125,False,-6.8585946375822635,7.531573067920581,80.43103310598639
24,10,crash_ground,24,0.125,False,-3.90512361470292,4.295366042328789,17.56691809835258
24,10,success,19,0.125,True,-3.757388260665665,3.9899485992703387,28.42615474938875
24,10,tilt,15,0.125,False,-5.880710769440079,6.079176338589272,80.17125710150485
24,10,crash_ground,27,0.125,False,-4.024494068072516,4.16966978273433,24.125117075317416
24,10,crash_ground,20,0.125,False,-4.016761717678,4.318598783662628,10.400382336195515
24,10,crash_ground,20,0.125,False,-5.368449394895016,5.780339919359578,8.93472334009232
24,10,crash_ground,19,0.125,False,-3.5435549888114473,3.856260195613574,37.15555144322486
24,10,crash_ground,29,0.125,False,-4.388709835736114,4.758382480853111,27.52204321375352
24,10,crash_ground,24,0.125,False,-4.31738846178219,4.432142302687862,26.104302205045265
24,10,crash_ground,28,0.125,False,-3.803001361077645,3.993691135796785,14.57271387908727
24,10,success,22,0.125,True,-3.934772538642332,4.291375644053042,7.176747756015881
24,10,success,26,0.125,False,-3.6914340621740696,3.865192515872296,15.133583348160968
24,10,crash_ground,16,0.125,False,-3.165129247858377,3.223361917195669,5.969917010176899
24,10,crash_platform,19,0.125,False,-5.457089574119733,5.622411036794723,4.833128687989472
24,10,success,14,0.125,True,-4.681875396117958,4.9750820002516285,4.272004049189235
24,10,crash_ground,23,0.125,False,-3.9841530539863164,4.492114014658373,1.1607608454128286
24,10,success,25,0.125,True,-4.358609734281401,4.472975989260255,17.138061989140958
24,10,success,12,0.125,False,-3.8668756637207475,4.238176075455399,11.864611904336915
24,10,crash_ground,25,0.125,False,-5.745208904076243,6.104815820117042,18.423655145422664
24,10,crash_ground,19,0.125,False,-4.193666720821768,4.7962287180745315,31.69955440975947
24,10,crash_ground,22,0.125,False,-4.033447634032595,4.48182926054098,14.24565537509878
24,10,tilt,4,0.125,False,-0.9245377538063211,1.199905675307934,81.22328760770995
24,10,crash_ground,28,0.125,False,-3.602179791526002,3.645898298905001,7.797298667420656
24,10,tilt,11,0.125,False,-0.5625439383970093,4.214823730258103,80.39796314094747
24,10,crash_ground,16,0.125,False,-3.205880057240101,4.528970417578504,17.697336681369087
24,10,crash_ground,23,0.125,False,-4.529982292189576,4.629432597495868,4.16372064801369
24,10,crash_ground,20,0.125,False,-5.931933130010029,6.310657180977195,6.721447178790385
24,10,crash_ground,13,0.125,False,-4.102597933561934,4.653150404351438,4.0985584812276725
24,10,success,12,0.125,True,-4.511604677899469,4.928109857010303,13.975097560668246
24,10,crash_ground,17,0.125,False,-3.4392031379316212,3.6553806653899303,3.7665706120191995
24,10,crash_ground,20,0.125,False,-3.7460185557264496,3.859395983240514,17.296112124387044
24,10,crash_ground,22,0.125,False,-4.375632332186384,4.484647730344119,7.36176027151098
24,10,tilt,7,0.125,False,-2.7202891572314267,2.883919851430938,80.44185835328159
24,10,crash_ground,24,0.125,False,-3.842222198131012,4.085748342451612,16.599817818070726
24,10,crash_platform,25,0.125,False,-3.9661761372829325,4.85497189643993,17.26243568448973
24,10,crash_ground,29,0.125,False,-6.142653435045316,6.262693681396669,12.61245746971799
24,10,crash_ground,23,0.125,False,-5.538453537315124,6.593284848850017,10.845876609802005
24,10,crash_ground,19,0.125,False,-4.636681956355563,4.643398530751306,10.421185213494036
24,10,success,13,0.125,False,-5.999221101308326,6.494951045741627,11.87974282684236
24,10,crash_ground,23,0.125,False,-4.510593625470911,4.513785749759251,9.639987031950247
24,10,crash_ground,17,0.125,False,-8.103687320915173,8.39144778644411,27.135045771574024
24,10,crash_ground,21,0.125,False,-3.377943055909479,3.542313856308864,12.89977659828824
24,10,crash_ground,26,0.125,False,-3.6739573215312418,4.149613791597958,23.495237542566798
24,10,success,20,0.125,True,-4.111300001133718,4.194691478655551,9.268225822050377
24,10,crash_ground,24,0.125,False,-4.050237230984308,4.382524600539892,13.1585064358873
24,10,tilt,8,0.125,False,-2.7939871047033575,3.0929794322639097,80.03317674715485
24,10,crash_ground,19,0.125,False,-4.037839784156947,4.174840759104682,5.38577354509182
24,10,crash_ground,30,0.125,False,-5.48587930549784,5.625030079383399,13.994796536003046
24,10,crash_ground,24,0.125,False,-5.625046749769698,5.765572508369329,13.03646900546179
24,10,crash_ground,31,0.125,False,-4.14477736980879,4.318079688093798,7.799481094520199
24,10,success,22,0.125,True,-4.094753212741153,4.3743207793109455,11.213685466969455
24,10,success,20,0.125,False,-4.435565425678265,4.869346498137931,6.8107084526968675
24,10,crash_ground,14,0.125,False,-4.221327998024011,4.530295044630318,18.68912915320897
24,10,success,14,0.125,True,-4.118649317982102,4.332599954347244,11.747435412618183
24,10,crash_ground,32,0.125,False,-4.20358945314071,4.804623277387904,11.329346264837454
24,10,crash_ground,27,0.125,False,-4.203507995701919,4.430762112131457,11.889061461724225
24,10,crash_ground,22,0.125,False,-3.6146778855420765,3.8358959080928567,17.08278847689066
24,10,crash_ground,28,0.125,False,-5.5320492590749915,5.948862852169213,21.067946486120608
24,10,crash_platform,10,0.125,False,-5.152935224755089,5.461651758911515,19.621017484543437
24,10,crash_ground,23,0.125,False,-5.76357901906201,6.037385775758253,18.8837435697792
24,10,crash_ground,14,0.125,False,-4.6722147997320285,4.845262319290047,12.833033245826229
24,10,crash_ground,19,0.125,False,-4.761060023125937,4.984988823823853,7.018708893508018
24,10,crash_ground,26,0.125,False,-3.9292787978152113,4.09605725817817,16.532727281195996
24,10,crash_ground,12,0.125,False,-5.625643747944273,5.6390964868115026,23.681505776038946
24,10,crash_ground,27,0.125,False,-5.094959203574211,5.097431568684634,4.258281752754245
24,10,crash_ground,24,0.125,False,-4.306847525904687,4.337608540517756,10.2353795431861
24,10,crash_ground,23,0.125,False,-5.46326763687783,5.7759716279502165,6.298963430436238
24,10,crash_ground,15,0.125,False,-3.23584496460945,3.653789601023087,23.954822745120275
24,10,crash_platform,20,0.125,False,-5.966310513981985,6.054420214238969,16.862161171864827
24,10,crash_ground,22,0.125,False,-4.36699757987827,5.294926288845534,10.967380181053882
24,10,crash_ground,19,0.125,False,-4.666095521267079,4.720991640667964,4.233046831285246
24,10,success,16,0.125,False,-4.822421723905959,5.000996199993375,22.307958265716415
24,10,crash_ground,20,0.125,False,-2.931233134158227,3.4363568548154095,10.748085602187292
24,10,success,15,0.125,True,-3.641374305328395,3.8489479622881593,7.402522824271675
24,10,success,18,0.125,False,-4.556629622946999,4.940556615948527,26.35408148588164
24,10,crash_ground,30,0.125,False,-4.575406609697981,4.924237753789474,17.16546429751791
24,10,crash_ground,17,0.125,False,-4.52750353037377,4.803565669637282,11.604752717967365
24,10,crash_ground,18,0.125,False,-3.8534162412240085,3.9693404461959347,19.31375394027199
24,10,crash_ground,24,0.125,False,-4.717861106873161,5.122353958173525,13.708834322155546
24,10,success,18,0.125,False,-7.656293743973182,7.657658525972907,7.531249850434061
24,10,crash_ground,24,0.125,False,-3.963244995248537,4.192027804251062,5.382319774260714
24,10,success,19,0.125,False,-5.151703931844269,5.520310749263641,1.1190110920181415
24,10,crash_ground,28,0.125,False,-4.020351078093219,4.191153976863374,10.64339583779692
24,10,success,19,0.125,True,-6.672817619603136,6.700900192232503,11.036099561407276
24,10,tilt,8,0.125,False,-2.4394192166845086,3.2084814690797048,80.89418545661493
24,10,crash_ground,26,0.125,False,-4.653580310735351,4.935367237161646,8.503418120964513
24,10,crash_ground,21,0.125,False,-3.3884513260607245,3.873671110270903,9.599686096241637
24,10,crash_ground,17,0.125,False,-5.242957492321782,5.7891810371569745,5.206063301760959
24,10,tilt,9,0.125,False,-4.024643631919072,4.423034763339236,80.44266703184346
24,10,crash_ground,25,0.125,False,-6.016727224215668,6.0481917710861826,8.751664323484883
24,10,crash_ground,23,0.125,False,-3.4530152490242103,3.694669494290997,2.2174954371065536
24,10,tilt,8,0.125,False,-3.59204530684975,3.726704429483193,80.66110365881966
24,10,crash_ground,27,0.125,False,-4.4396483437257475,4.626110327857819,3.12212851367836
24,10,success,20,0.125,False,-4.000787659370837,4.232268721613154,19.153316807887705
24,10,crash_ground,15,0.125,False,-4.006523627607138,4.313704201167347,10.587889342840894
24,10,tilt,8,0.125,False,-3.481699857745028,3.590803267925052,80.45538128321586
24,10,crash_ground,22,0.125,False,-4.156435084020292,4.943043066887106,23.82388288242905
24,10,crash_ground,23,0.125,False,-4.1015651124151695,4.68006756595335,24.23597099780465
