update,global_step,wall_s,sps,rollout_s,learn_s,level,c,window_n,window_success,episodes,n_success,n_crash_ground,n_crash_platform,n_tilt,n_drift,n_timeout,strict_success,impact_vz_mean,ep_len_mean,reward_mean,r_active_mean,pg,v,ent,est,kl,clipfrac,grad_norm,kl_first,explained_var,lr,log_std_mean
1,4096,3.0,1359.3,2.73,0.29,10,0.125,156,0.03205128205128205,156,5,142,0,1,8,0,4,-3.4707415733924165,24.916666666666668,-2.458127975463867,0.0,-0.0024563605431467293,593.158203125,3.6738449215888975,0.0,0.010581171087687835,0.140771484375,89.74271736145019,-1.1641532182693481e-10,-0.0003625154495239258,0.0003,-0.5007898211479187
2,8192,5.9,1400.2,2.78,0.15,10,0.125,316,0.0189873417721519,160,1,149,1,1,8,0,1,-2.9793880014969294,25.5875,-2.4040298461914062,0.0,-0.004647296667098999,483.94151306152344,3.6698835849761964,0.0,0.005883728447952308,0.06728515625,144.85829162597656,0.0,0.058232784271240234,0.00029938650306748465,-0.50254225730896
3,12288,8.7,1495.8,2.59,0.15,10,0.125,482,0.02074688796680498,166,4,148,0,1,13,0,0,-2.9991813740384523,24.783132530120483,-2.410493850708008,0.0,-0.005191462999209762,407.5348724365234,3.6632481098175047,0.0,0.006265233343583532,0.080029296875,204.5276672363281,0.0,0.08853816986083984,0.0002987730061349693,-0.5034952759742737
4,16384,11.2,1634.2,2.36,0.15,10,0.125,126,0.015873015873015872,156,2,142,2,0,10,0,0,-3.506864321432334,25.78846153846154,-2.346588134765625,0.0,-0.006119108479470015,314.89054718017576,3.660758936405182,0.0,0.006564749896642752,0.082568359375,240.765128326416,-1.7462298274040222e-10,0.13630688190460205,0.00029815950920245395,-0.504173994064331
5,20480,13.8,1584.0,2.44,0.15,10,0.125,290,0.010344827586206896,164,1,153,2,0,8,0,1,-3.2764952494881707,25.396341463414632,-2.3842339515686035,0.0,-0.006752884993329644,256.83601608276365,3.657065916061401,0.0,0.006348561128834263,0.081591796875,254.61823501586915,5.820766091346741e-11,0.11715716123580933,0.00029754601226993863,-0.5052828788757324
6,24576,16.7,1412.5,2.76,0.14,10,0.125,456,0.02850877192982456,166,10,149,2,1,4,0,3,-3.6205150261581833,24.626506024096386,-2.299612522125244,0.0,-0.005742743890732527,176.38046569824218,3.653255546092987,0.0,0.0068844520312268285,0.09111328125,208.860506439209,0.0,0.2250010371208191,0.0002969325153374233,-0.5059376358985901
7,28672,19.4,1539.8,2.51,0.15,10,0.125,101,0.039603960396039604,157,8,139,4,2,4,0,5,-3.574106284967516,26.159235668789808,-2.2102084159851074,0.0,-0.006287116277962923,128.301672744751,3.6505555391311644,0.0,0.00769674930779729,0.10498046875,138.28713397979737,0.0,0.27525144815444946,0.00029631901840490793,-0.5068464279174805
8,32768,22.2,1439.0,2.7,0.15,10,0.125,259,0.023166023166023165,158,2,143,8,3,2,0,0,-2.87523286927067,25.854430379746834,-2.2683799266815186,0.0,-0.0016192068811506032,104.83959159851074,3.646746003627777,0.0,0.013096871433663181,0.182861328125,71.87693128585815,-5.820766091346741e-11,0.34552687406539917,0.0002957055214723926,-0.5074141621589661
9,36864,24.9,1505.8,2.57,0.15,10,0.125,412,0.03640776699029126,153,9,133,8,2,1,0,6,-3.318872797148507,26.477124183006534,-2.1195130348205566,0.0,0.001889663003385067,98.90190811157227,3.640517008304596,0.0,0.016484105723793618,0.20859375,39.25611658096314,-5.820766091346741e-11,0.3823011517524719,0.00029509202453987724,-0.5115358829498291
10,40960,27.5,1623.9,2.37,0.15,10,0.125,51,0.11764705882352941,151,13,131,7,0,0,0,8,-3.321405036946886,27.60927152317881,-2.0633888244628906,0.0,0.0005459219217300415,80.30430374145507,3.6170671701431276,0.0,0.014467810484347865,0.185546875,25.798883819580077,-1.1641532182693481e-10,0.5568184852600098,0.0002944785276073619,-0.5177234411239624
11,45056,30.2,1513.2,2.56,0.15,10,0.125,199,0.10050251256281408,148,14,126,8,0,0,0,9,-3.284311706758889,27.486486486486488,-1.999143362045288,0.0,0.0041674852138385175,61.509723854064944,3.5998131155967714,0.0,0.01835686326667201,0.24189453125,20.174553442001343,-5.820766091346741e-11,0.6477657556533813,0.0002938650306748466,-0.5195529460906982
12,49152,32.9,1528.5,2.53,0.15,10,0.125,351,0.08831908831908832,152,11,132,6,3,0,0,8,-3.35810066281144,27.43421052631579,-2.01069974899292,0.0,0.0006845631636679172,52.245802116394046,3.5962531685829164,0.0,0.018748584712739103,0.23984375,19.72699110507965,-5.820766091346741e-11,0.7148957848548889,0.00029325153374233127,-0.5204465985298157
13,53248,35.5,1576.8,2.44,0.16,10,0.125,495,0.09898989898989899,144,18,118,5,2,1,0,12,-3.3033146300775686,28.055555555555557,-1.9311355352401733,0.0,-0.0018000472569838165,65.130930519104,3.59067565202713,0.0,0.014499394199810922,0.193115234375,25.059638452529907,0.0,0.6561516523361206,0.00029263803680981595,-0.5223913788795471
14,57344,37.6,1911.3,1.99,0.15,10,0.125,120,0.08333333333333333,137,10,116,9,2,0,0,4,-2.5881091743870925,29.43065693430657,-1.9047656059265137,0.0,-0.001648367615416646,58.532440948486325,3.5820845007896422,0.0,0.013177269903826528,0.1830078125,25.87628698348999,-5.820766091346741e-11,0.6402587890625,0.0002920245398773006,-0.5244985222816467
15,61440,40.4,1478.1,2.62,0.15,10,0.125,256,0.09765625,136,15,103,10,6,2,0,9,-2.7386690666369313,30.33823529411765,-1.8286668062210083,0.0,-0.0005565179511904716,72.75763626098633,3.5751847505569456,0.0,0.012729912900249473,0.16552734375,26.53678767681122,-5.820766091346741e-11,0.5984023809432983,0.00029141104294478525,-0.5256519317626953
16,65536,43.3,1415.4,2.74,0.15,10,0.125,397,0.10831234256926953,141,18,104,12,6,1,0,10,-3.01229164523888,28.900709219858157,-1.8192143440246582,0.0,-0.0014957491308450698,75.87882766723632,3.573038625717163,0.0,0.013280579939601012,0.153857421875,26.56387233734131,-5.820766091346741e-11,0.5856258869171143,0.0002907975460122699,-0.525364100933075
17,69632,46.2,1400.6,2.78,0.15,10,0.125,21,0.047619047619047616,136,16,103,11,3,3,0,9,-3.2956717536970648,30.191176470588236,-1.8109257221221924,0.0,-0.003126454050652683,77.86949520111084,3.573108959197998,0.0,0.010211875033564865,0.130224609375,21.805765533447264,0.0,0.5688878297805786,0.00029018404907975455,-0.5263568758964539
18,73728,49.1,1435.1,2.71,0.15,10,0.125,168,0.1488095238095238,147,24,109,6,8,0,0,15,-3.08612163374814,27.68027210884354,-1.768092155456543,0.0,-0.005040348134934902,82.44652671813965,3.566725766658783,0.0,0.009555255042505451,0.126806640625,28.43862166404724,0.0,0.5406464338302612,0.00028957055214723923,-0.5285636186599731
19,77824,52.0,1420.0,2.74,0.15,10,0.125,299,0.14046822742474915,131,17,100,13,1,0,0,12,-2.903157956842312,30.938931297709924,-1.7422821521759033,0.0,-0.004090275336056948,64.06183319091797,3.5574790716171263,0.0,0.011280693532899021,0.151123046875,29.636064100265504,-1.1641532182693481e-10,0.6007168292999268,0.0002889570552147239,-0.530505359172821
20,81920,54.7,1473.9,2.63,0.15,10,0.125,433,0.14549653579676675,134,21,101,9,3,0,0,13,-3.066516196199212,31.417910447761194,-1.728450059890747,0.0,-0.0021452534943819045,75.31321067810059,3.5503445267677307,0.0,0.008118961320724339,0.108740234375,28.8598584651947,-1.1641532182693481e-10,0.5859673023223877,0.0002883435582822086,-0.5324873924255371
21,86016,57.6,1458.8,2.66,0.15,10,0.125,64,0.140625,143,23,103,11,6,0,0,10,-3.053493684409141,28.356643356643357,-1.7499513626098633,0.0,-0.004586297553032637,68.83715362548828,3.5432034134864807,0.0,0.007859744940651581,0.10498046875,19.365437698364257,-5.820766091346741e-11,0.6145966053009033,0.0002877300613496932,-0.53388911485672
22,90112,60.4,1453.7,2.67,0.15,10,0.125,209,0.18181818181818182,145,29,102,11,3,0,0,21,-3.2598020250729083,28.593103448275862,-1.7213900089263916,0.0,-0.0039730345830321315,68.9426694869995,3.5374048471450807,0.0,0.01138092649052851,0.151171875,26.51023578643799,0.0,0.6440077424049377,0.0002871165644171779,-0.5352802276611328
23,94208,63.2,1445.8,2.69,0.14,10,0.125,351,0.18233618233618235,142,26,99,15,2,0,0,16,-3.1684268646217744,28.295774647887324,-1.7206757068634033,0.0,-0.00293485508300364,66.65859699249268,3.53105890750885,0.0,0.006381944561144337,0.07900390625,21.91727206707001,0.0,0.6163224577903748,0.0002865030674846625,-0.5374523401260376
24,98304,66.0,1454.7,2.68,0.14,10,0.125,498,0.1927710843373494,147,32,102,10,3,0,0,15,-3.4367227061701477,27.836734693877553,-1.728177785873413,0.0,-0.0061412699520587925,70.04693088531494,3.5210366249084473,0.0,0.01029096735001076,0.14189453125,25.54332778453827,-1.1641532182693481e-10,0.6140144467353821,0.0002858895705521472,-0.5399885773658752
25,102400,68.2,1868.1,2.05,0.14,10,0.125,129,0.24031007751937986,143,33,90,14,6,0,0,23,-3.4158251780411595,28.587412587412587,-1.6869289875030518,0.0,-0.005031866766512394,74.75219821929932,3.510587751865387,0.0,0.009123224852373824,0.123046875,19.243176078796388,-5.820766091346741e-11,0.5854184627532959,0.00028527607361963187,-0.5426280498504639
26,106496,71.1,1447.1,2.69,0.14,10,0.125,274,0.24087591240875914,145,35,88,18,4,0,0,24,-3.3851793833977752,28.77241379310345,-1.6648370027542114,0.0,-0.0028829392977058887,68.42732639312744,3.4993069887161257,0.0,0.011793733446393163,0.15654296875,21.074564003944396,0.0,0.6048563718795776,0.00028466257668711655,-0.5458110570907593
27,110592,73.9,1463.3,2.66,0.14,10,0.125,428,0.24065420560747663,154,37,102,10,5,0,0,26,-3.216096736777601,26.81168831168831,-1.6738922595977783,0.0,0.0004575761966407299,70.53456802368164,3.4875781893730164,0.0,0.011748138230177573,0.1564453125,23.808303666114806,-1.7462298274040222e-10,0.5957398414611816,0.00028404907975460123,-0.5484894514083862
28,114688,76.5,1573.1,2.46,0.14,10,0.125,62,0.27419354838709675,146,42,87,14,3,0,0,23,-3.461345986994037,27.595890410958905,-1.5979759693145752,0.0,-0.0021093918010592462,71.88972873687744,3.4795976758003233,0.0,0.01048923930793535,0.147265625,23.69325761795044,-5.820766091346741e-11,0.5794984698295593,0.00028343558282208585,-0.5492569208145142
29,118784,79.1,1539.7,2.51,0.15,10,0.125,209,0.2822966507177033,147,42,86,15,4,0,0,23,-3.1450283562555605,27.598639455782312,-1.5831079483032227,0.0,-0.004865589132532477,68.05179557800292,3.4761234760284423,0.0,0.010330862624687142,0.140625,17.497576928138734,0.0,0.6011859178543091,0.00028282208588957053,-0.5511645078659058
30,122880,81.9,1506.0,2.58,0.14,10,0.125,361,0.31024930747922436,152,53,73,22,4,0,0,36,-3.1234012776090876,26.967105263157894,-1.561152696609497,0.0,0.00858231270685792,74.59560680389404,3.464497756958008,0.0,0.02055932320654392,0.259765625,22.064254021644594,0.0,0.5978655815124512,0.00028220858895705516,-0.5542514324188232
31,126976,84.5,1566.8,2.47,0.14,10,0.125,0,,151,48,83,13,7,0,0,32,-3.31282200246203,27.7682119205298,-1.5576729774475098,0.0,-0.0017603244632482529,68.44852218627929,3.4549715757369994,0.0,0.011397913526161573,0.1486328125,20.88400869369507,-5.820766091346741e-11,0.5721747875213623,0.00028159509202453983,-0.5562561750411987
32,131072,87.2,1512.6,2.56,0.15,10,0.125,153,0.37254901960784315,153,57,73,14,9,0,0,41,-3.201038073635101,26.281045751633986,-1.510209560394287,0.0,-0.002694591972976923,72.94968223571777,3.447683775424957,0.0,0.007715703261783347,0.10224609375,22.97703821659088,-5.820766091346741e-11,0.58498215675354,0.0002809815950920245,-0.5577577948570251
33,135168,89.9,1502.2,2.58,0.14,10,0.125,298,0.3691275167785235,145,53,64,20,8,0,0,42,-3.020183575121442,28.310344827586206,-1.4668591022491455,0.0,-0.005433024326339364,67.58061428070069,3.440833604335785,0.0,0.007907483683084138,0.106103515625,25.77308397293091,-5.820766091346741e-11,0.5943242311477661,0.0002803680981595092,-0.5598952174186707
34,139264,92.5,1625.6,2.37,0.15,10,0.125,447,0.3624161073825503,149,52,73,16,8,0,0,35,-3.245599436193591,27.348993288590606,-1.529238224029541,0.0,-0.0036443928256630898,70.65731964111328,3.432692813873291,0.0,0.008356060791993514,0.11591796875,21.648146629333496,-5.820766091346741e-11,0.5685743093490601,0.0002797546012269938,-0.5617756843566895
35,143360,95.5,1366.7,2.85,0.15,10,0.125,88,0.38636363636363635,153,57,72,17,7,0,0,43,-3.031283024598819,26.823529411764707,-1.4708683490753174,0.0,-0.003098716214299202,70.772532081604,3.4260968446731566,0.0,0.007232024183031172,0.09609375,19.020852971076966,0.0,0.5594311952590942,0.0002791411042944785,-0.5629989504814148
36,147456,98.1,1546.7,2.5,0.15,10,0.125,234,0.37606837606837606,146,54,62,25,5,0,0,38,-3.3085808404331423,28.116438356164384,-1.4491702318191528,0.0,-0.0044495198410004376,75.00395832061767,3.4222973942756654,0.0,0.00874287633341737,0.10966796875,21.279896306991578,0.0,0.5648237466812134,0.00027852760736196317,-0.5638102889060974
37,151552,100.8,1532.6,2.52,0.15,10,0.125,379,0.36939313984168864,145,52,61,21,11,0,0,34,-3.245145494898206,28.52413793103448,-1.4584578275680542,0.0,-0.0013907539658248424,73.0029468536377,3.4187674045562746,0.0,0.009974209175561554,0.134130859375,15.275674510002137,0.0,0.5593694448471069,0.00027791411042944785,-0.5647729635238647
38,155648,103.7,1433.0,2.71,0.15,10,0.125,14,0.5,147,53,63,23,8,0,0,34,-3.1712745961282227,27.72108843537415,-1.4979331493377686,0.0,-0.000579574704170227,73.18817291259765,3.4125759482383726,0.0,0.012686548728379422,0.16845703125,21.021470165252687,-5.820766091346741e-11,0.5639832019805908,0.0002773006134969325,-0.5668210983276367
39,159744,106.4,1516.2,2.56,0.14,10,0.125,174,0.47126436781609193,160,75,48,17,20,0,0,51,-3.3290544210869824,25.55,-1.3334882259368896,0.0,-0.0019464810378849507,83.17004661560058,3.4060242533683778,0.0,0.0066066705243429166,0.085595703125,32.199261569976805,-5.820766091346741e-11,0.5360755920410156,0.00027668711656441715,-0.5681114196777344
40,163840,109.2,1440.8,2.7,0.15,10,0.125,333,0.4444444444444444,159,66,51,27,15,0,0,42,-3.2961712749789878,25.830188679245282,-1.4256904125213623,0.0,-0.002932757418602705,72.4339988708496,3.4018739819526673,0.0,0.005853662261506543,0.07255859375,21.358645701408385,-5.820766091346741e-11,0.5313385725021362,0.00027607361963190183,-0.5688257217407227
41,167936,112.1,1421.8,2.73,0.15,10,0.125,483,0.4451345755693582,150,67,52,20,11,0,0,51,-3.263598762635437,27.033333333333335,-1.355849027633667,0.0,-0.0046848900150507685,74.20540924072266,3.397512233257294,0.0,0.00914265554456506,0.12587890625,21.687239360809325,-1.1641532182693481e-10,0.5431053042411804,0.00027546012269938645,-0.5706915855407715
42,172032,114.8,1543.2,2.5,0.15,10,0.125,114,0.3684210526315789,143,55,53,21,14,0,0,35,-3.7608395191132424,28.573426573426573,-1.4203702211380005,0.0,-0.003622925654053688,68.11691856384277,3.3890306830406187,0.0,0.008169065855327062,0.11044921875,20.433003282547,-5.820766091346741e-11,0.557124137878418,0.00027484662576687113,-0.5727324485778809
43,176128,117.3,1631.6,2.36,0.15,10,0.125,264,0.375,150,57,44,31,17,1,0,38,-3.1649392017760287,27.253333333333334,-1.4249882698059082,0.0,0.0008698510937392712,73.09321365356445,3.3820541381835936,0.0,0.012663709931075573,0.148828125,24.571706652641296,-5.820766091346741e-11,0.5697340965270996,0.0002742331288343558,-0.5740765333175659
44,180224,119.9,1531.2,2.53,0.15,10,0.125,413,0.4019370460048426,149,67,44,20,18,0,0,43,-3.427324941081076,27.644295302013422,-1.3490769863128662,0.0,-0.003295469610020518,77.75380249023438,3.3769492506980896,0.0,0.011705617036204785,0.153759765625,22.526307773590087,0.0,0.5533642768859863,0.0002736196319018405,-0.5756232738494873
45,184320,122.7,1474.0,2.63,0.15,10,0.125,47,0.425531914893617,146,65,47,18,16,0,0,50,-3.333176125687757,27.732876712328768,-1.343127965927124,0.0,-0.0033311860635876654,79.33650550842285,3.3711539268493653,0.0,0.010336918834946118,0.1298828125,23.864970874786376,-2.9103830456733704e-10,0.5169568061828613,0.00027300613496932517,-0.5765928030014038
46,188416,125.5,1501.0,2.58,0.15,10,0.125,194,0.4484536082474227,147,67,42,15,23,0,0,48,-3.148791521647494,28.571428571428573,-1.2881519794464111,0.0,-0.006254575308412313,76.90617027282715,3.366666924953461,0.0,0.007351769399247132,0.09296875,19.98255138397217,0.0,0.5043169260025024,0.0002723926380368098,-0.5784376263618469
47,192512,128.1,1578.3,2.45,0.14,10,0.125,334,0.4251497005988024,140,55,42,23,20,0,0,34,-3.543513776591202,28.17142857142857,-1.3635203838348389,0.0,-0.0038506287150084973,77.27872886657715,3.358704125881195,0.0,0.008012958648032508,0.10810546875,29.033767986297608,-5.820766091346741e-11,0.5096770524978638,0.00027177914110429447,-0.5797330141067505
48,196608,130.7,1539.5,2.51,0.15,10,0.125,488,0.4180327868852459,154,62,45,15,31,1,0,41,-3.330373268645831,27.506493506493506,-1.383037805557251,0.0,-0.005879572546109557,81.51440811157227,3.354524087905884,0.0,0.00899280849553179,0.117529296875,24.30389976501465,-5.820766091346741e-11,0.49588239192962646,0.0002711656441717791,-0.5810508131980896
49,200704,133.5,1476.0,2.62,0.15,10,0.125,120,0.4,144,59,38,26,21,0,0,35,-3.440157817818603,27.34722222222222,-1.3790220022201538,0.0,-0.003404529811814427,77.92532424926758,3.3477221965789794,0.0,0.010999947658274323,0.142724609375,19.431981444358826,-1.1641532182693481e-10,0.5224064588546753,0.00027055214723926377,-0.5830214023590088
50,204800,136.4,1430.1,2.72,0.15,10,0.125,278,0.45323741007194246,158,78,29,24,27,0,0,62,-3.4445134413308405,26.436708860759495,-1.2581956386566162,0.0,-0.0042087141890078785,81.8034496307373,3.3410487532615663,0.0,0.007190610389807261,0.0919921875,24.24978141784668,-1.7462298274040222e-10,0.5194029808044434,0.00026993865030674845,-0.5844776630401611
51,208896,139.3,1394.6,2.79,0.15,10,0.125,432,0.4583333333333333,154,72,38,20,24,0,0,49,-3.5779303709067025,27.071428571428573,-1.3418797254562378,0.0,-0.006765654496848583,70.19355983734131,3.3335720181465147,0.0,0.0077725771232508125,0.101171875,19.682688903808593,0.0,0.5258680582046509,0.00026932515337423313,-0.5867104530334473
52,212992,142.0,1553.0,2.49,0.15,10,0.125,86,0.45348837209302323,166,74,39,26,27,0,0,47,-3.3612270752348765,24.728915662650603,-1.3141412734985352,0.0,-0.0051685769343748685,70.56261520385742,3.3239484786987306,0.0,0.00685083769785706,0.08798828125,20.06639699935913,-5.820766091346741e-11,0.5324792265892029,0.0002687116564417178,-0.589623212814331
53,217088,144.6,1537.5,2.51,0.15,10,0.125,245,0.4326530612244898,159,67,37,27,28,0,0,53,-3.2308844189665864,25.61006289308176,-1.3462224006652832,0.0,-0.006519328616559505,69.32046337127686,3.3116230964660645,0.0,0.007621552050113678,0.0990234375,22.042761373519898,-1.1641532182693481e-10,0.5706595182418823,0.00026809815950920243,-0.5924627780914307
54,221184,147.7,1330.5,2.94,0.14,10,0.125,400,0.43,155,66,47,24,18,0,0,47,-3.7218826304274835,26.496774193548386,-1.353102207183838,0.0,-0.004640138009563088,73.99653453826905,3.301578688621521,0.0,0.007742016596603207,0.10048828125,22.71713900566101,-5.820766091346741e-11,0.5173912048339844,0.0002674846625766871,-0.5946152210235596
55,225280,150.6,1429.5,2.72,0.15,10,0.125,51,0.4117647058823529,163,65,41,19,38,0,0,43,-3.3928789480239208,24.883435582822084,-1.3671015501022339,0.0,-0.0032844862435013056,71.82907428741456,3.2948987245559693,0.0,0.00921608362114057,0.121337890625,19.41622977256775,0.0,0.5208964347839355,0.00026687116564417173,-0.5958221554756165
56,229376,153.1,1608.4,2.4,0.14,10,0.125,205,0.4682926829268293,154,75,29,15,35,0,0,52,-3.4104566315924147,25.88961038961039,-1.2647640705108643,0.0,-0.005829531559720635,67.36889629364013,3.2888229370117186,0.0,0.008458199040615,0.111767578125,20.767297792434693,-5.820766091346741e-11,0.5706506967544556,0.0002662576687116564,-0.5978509783744812
57,233472,155.7,1619.0,2.38,0.15,10,0.125,376,0.47606382978723405,171,83,34,21,33,0,0,64,-3.4216713328218,24.614035087719298,-1.2555387020111084,0.0,-0.0055070225149393085,65.90249938964844,3.2807339310646055,0.0,0.006685773978824727,0.08291015625,20.24923143386841,-2.9103830456733704e-10,0.5582766532897949,0.0002656441717791411,-0.5999703407287598
58,237568,158.6,1398.1,2.78,0.15,10,0.125,30,0.6333333333333333,166,92,35,15,24,0,0,64,-3.5183427665894045,25.042168674698797,-1.2407944202423096,0.0,-0.0016663698945194483,66.15098190307617,3.2728817462921143,0.0,0.01005856825504452,0.135107421875,19.089137578010558,0.0,0.5762395858764648,0.00026503067484662577,-0.6013433933258057
59,241664,161.6,1360.9,2.86,0.15,10,0.125,196,0.4642857142857143,166,72,43,19,32,0,0,44,-3.6667335019197527,24.295180722891565,-1.353729009628296,0.0,-0.0040546712465584275,70.16447372436524,3.267263376712799,0.0,0.00773715729592368,0.09638671875,20.134890127182008,0.0,0.511946439743042,0.0002644171779141104,-0.6032222509384155
60,245760,164.5,1426.4,2.72,0.15,10,0.125,376,0.4574468085106383,180,81,39,19,41,0,0,53,-3.2929664552487377,23.13888888888889,-1.3101575374603271,0.0,-0.004236668441444635,65.10302810668945,3.2573963522911074,0.0,0.009734362422022969,0.132470703125,17.399412202835084,0.0,0.5496580600738525,0.00026380368098159507,-0.6062361001968384
61,249856,167.0,1630.5,2.36,0.15,10,0.125,34,0.4117647058823529,170,70,42,20,38,0,0,54,-3.71035831219739,23.852941176470587,-1.353649616241455,0.0,-0.001581805618479848,63.95170917510986,3.245678448677063,0.0,0.010580427732202224,0.13564453125,19.81929566860199,-5.820766091346741e-11,0.5337761640548706,0.00026319018404907975,-0.6087872982025146
62,253952,169.8,1492.3,2.6,0.14,10,0.125,198,0.41414141414141414,164,68,44,18,34,0,0,55,-3.420628963590781,25.225609756097562,-1.3388628959655762,0.0,-0.0015474617481231689,67.83775157928467,3.236920714378357,0.0,0.008957111233030446,0.11640625,23.75115818977356,-1.7462298274040222e-10,0.5445178747177124,0.00026257668711656437,-0.6107174158096313
63,258048,172.5,1474.2,2.63,0.15,10,0.125,366,0.42896174863387976,168,75,42,18,33,0,0,54,-3.52078319471598,24.392857142857142,-1.3076951503753662,0.0,-0.0034566294867545365,66.33247566223145,3.2278638958930967,0.0,0.007898510922677815,0.10166015625,17.509008121490478,-1.1641532182693481e-10,0.5498241186141968,0.00026196319018404905,-0.6135541200637817
64,262144,175.3,1499.7,2.58,0.15,10,0.125,16,0.3125,162,67,45,21,29,0,0,53,-3.7783459123813903,24.703703703703702,-1.3788831233978271,0.0,-0.006241755886003375,71.48264007568359,3.2179754614830016,0.0,0.00893866459664423,0.11845703125,21.521695947647096,-1.1641532182693481e-10,0.5251713395118713,0.00026134969325153373,-0.6152796745300293
65,266240,178.2,1425.5,2.73,0.15,10,0.125,185,0.41621621621621624,169,72,41,20,36,0,0,52,-3.583179326849693,24.609467455621303,-1.359252691268921,0.0,-0.005327439890243113,72.26913871765137,3.212425422668457,0.0,0.007605762273306027,0.099658203125,23.11670379638672,-1.7462298274040222e-10,0.5449784994125366,0.0002607361963190184,-0.6162410378456116
66,270336,180.8,1555.2,2.49,0.14,10,0.125,357,0.45938375350140054,172,87,35,17,33,0,0,62,-3.7082956461657433,24.401162790697676,-1.292431116104126,0.0,-0.0038929081056267023,68.30650577545165,3.209532880783081,0.0,0.005916131733101793,0.070849609375,24.3592800617218,-1.1641532182693481e-10,0.5920164585113525,0.00026012269938650303,-0.6169835925102234
67,274432,183.6,1448.2,2.69,0.14,10,0.125,33,0.3939393939393939,188,83,33,25,47,0,0,60,-3.7320858932773273,21.30851063829787,-1.3606441020965576,0.0,-0.004625790193676949,65.55603713989258,3.20571768283844,0.0,0.006041746170376427,0.0755859375,25.8136944770813,-5.820766091346741e-11,0.5265001058578491,0.0002595092024539877,-0.6181924343109131
68,278528,186.6,1374.9,2.84,0.14,10,0.125,213,0.49295774647887325,180,92,33,24,31,0,0,68,-3.513917504553265,22.944444444444443,-1.2940456867218018,0.0,-0.0024171354714781048,61.38247241973877,3.2003031611442565,0.0,0.009825183945940808,0.12890625,20.579354643821716,-1.7462298274040222e-10,0.5695363283157349,0.0002588957055214724,-0.619537353515625
69,282624,189.4,1493.3,2.59,0.15,10,0.125,405,0.4567901234567901,192,80,38,24,50,0,0,60,-3.4555599480384602,21.057291666666668,-1.366705060005188,0.0,-0.003852514969184995,67.6251937866211,3.195550787448883,0.0,0.008008993905968964,0.10830078125,20.317795944213866,0.0,0.5234655141830444,0.000258282208588957,-0.6205276250839233
70,286720,192.0,1555.6,2.49,0.15,10,0.125,78,0.5128205128205128,185,89,38,12,46,0,0,70,-3.811171781085898,22.14054054054054,-1.2619524002075195,0.0,-0.003323597344569862,64.16860733032226,3.1922070264816282,0.0,0.009592780750244856,0.1287109375,17.50201325416565,0.0,0.537534236907959,0.0002576687116564417,-0.6213458776473999
71,290816,194.7,1524.2,2.54,0.15,10,0.125,265,0.4716981132075472,187,85,34,31,37,0,0,67,-3.6337388404461093,22.406417112299465,-1.3504571914672852,0.0,-0.0019138028845191001,63.153034400939944,3.1873632788658144,0.0,0.007570426072925329,0.100634765625,19.11812319755554,-5.820766091346741e-11,0.5573536157608032,0.00025705521472392637,-0.62302565574646
72,294912,197.7,1377.8,2.83,0.14,10,0.125,452,0.46017699115044247,187,83,33,31,40,0,0,61,-3.780847328131261,21.663101604278076,-1.366356611251831,0.0,-0.00425940821878612,64.55643405914307,3.180506718158722,0.0,0.009006115479860455,0.11826171875,28.55915422439575,-2.3283064365386963e-10,0.5384519100189209,0.00025644171779141105,-0.6245157122612
73,299008,200.6,1421.1,2.73,0.15,10,0.125,135,0.45185185185185184,195,89,27,25,54,0,0,68,-3.743650119244609,21.025641025641026,-1.3231685161590576,0.0,-0.004704095609486103,60.78410167694092,3.1754528999328615,0.0,0.007381271626218222,0.0966796875,28.258572483062743,-5.820766091346741e-11,0.5526609420776367,0.00025582822085889567,-0.6258025169372559
74,303104,203.5,1409.5,2.76,0.14,10,0.125,330,0.4696969696969697,195,94,38,22,41,0,0,65,-3.6867372008521566,21.025641025641026,-1.3614808320999146,0.0,-0.004473860329017043,64.61845970153809,3.1698426008224487,0.0,0.0074876823258819055,0.0953125,19.65344738960266,-2.3283064365386963e-10,0.5638811588287354,0.00025521472392638035,-0.62717604637146
75,307200,206.3,1439.2,2.7,0.14,10,0.125,13,0.38461538461538464,195,98,32,21,44,0,0,70,-3.6609464115848818,20.50769230769231,-1.2650598287582397,0.0,-0.0042714455630630255,55.4996150970459,3.1628623723983766,0.0,0.0076380821294151245,0.098876953125,21.08694314956665,-1.1641532182693481e-10,0.5674489736557007,0.000254601226993865,-0.6296379566192627
76,311296,209.1,1491.5,2.6,0.15,10,0.125,211,0.4786729857819905,198,96,35,21,46,0,0,67,-3.772172498514994,21.17676767676768,-1.2812774181365967,0.0,-0.0028111222200095654,57.95248146057129,3.15215026140213,0.0,0.00965930741513148,0.130810546875,23.253877997398376,-5.820766091346741e-11,0.5440263748168945,0.00025398773006134965,-0.6319531798362732
77,315392,211.8,1523.3,2.54,0.15,10,0.125,395,0.5088607594936709,184,100,29,20,35,0,0,76,-3.7323722972788147,22.58695652173913,-1.2281291484832764,0.0,-0.004440426640212536,56.50526504516601,3.14536908864975,0.0,0.00931765251152683,0.127685546875,18.737384414672853,-1.1641532182693481e-10,0.5834801197052002,0.00025337423312883433,-0.6331782341003418
78,319488,214.5,1494.1,2.6,0.14,10,0.125,82,0.4878048780487805,199,92,30,31,46,0,0,65,-3.707980187119123,20.2964824120603,-1.3018856048583984,0.0,-0.0021170413121581076,57.4890998840332,3.143764305114746,0.0,0.009431754791876301,0.119677734375,20.519443678855897,-1.1641532182693481e-10,0.5255370140075684,0.000252760736196319,-0.6327272653579712
79,323584,217.3,1485.7,2.61,0.15,10,0.125,275,0.509090909090909,193,100,34,20,39,0,0,72,-3.755455705464343,21.10880829015544,-1.2412450313568115,0.0,-0.005572656984440982,60.47314968109131,3.143978774547577,0.0,0.008124032552586868,0.10966796875,21.397440361976624,-1.1641532182693481e-10,0.5547009110450745,0.0002521472392638037,-0.633662223815918
80,327680,220.2,1409.7,2.76,0.15,10,0.125,470,0.4978723404255319,195,94,29,18,54,0,0,72,-3.6361122591284047,20.671794871794873,-1.262296438217163,0.0,-0.005159708950668573,51.93940830230713,3.136145055294037,0.0,0.00671296936343424,0.084619140625,18.37798681259155,-1.1641532182693481e-10,0.5845080614089966,0.0002515337423312883,-0.6364686489105225
81,331776,223.0,1459.2,2.66,0.15,10,0.125,154,0.5454545454545454,196,104,26,17,49,0,0,73,-3.7285836520264843,21.408163265306122,-1.22566819190979,0.0,-0.004866079892963171,56.24436874389649,3.1246817231178285,0.0,0.008151707568322309,0.107275390625,22.05135884284973,-1.1641532182693481e-10,0.6086313724517822,0.000250920245398773,-0.6389920711517334
82,335872,225.7,1523.7,2.54,0.15,10,0.125,349,0.504297994269341,195,92,28,26,49,0,0,64,-3.8631375908630377,20.6,-1.3010345697402954,0.0,-0.00653983661904931,52.387298011779784,3.115580976009369,0.0,0.0083489112672396,0.114990234375,21.919585752487183,-1.7462298274040222e-10,0.5822070240974426,0.00025030674846625767,-0.6411499381065369
83,339968,228.6,1397.7,2.78,0.15,10,0.125,33,0.42424242424242425,196,95,33,23,45,0,0,68,-3.7845913876397836,21.020408163265305,-1.283184289932251,0.0,-0.0007296503521502018,58.653662872314456,3.107858049869537,0.0,0.008810290569090284,0.118603515625,20.091269612312317,-2.9103830456733704e-10,0.5534771084785461,0.0002496932515337423,-0.6429986953735352
84,344064,231.6,1402.2,2.78,0.14,10,0.125,233,0.5107296137339056,200,105,30,23,42,0,0,82,-3.832487397073489,20.69,-1.2618285417556763,0.0,-0.005770294833928347,54.96387157440186,3.0999189257621764,0.0,0.007851293889689259,0.103564453125,17.833187103271484,-1.7462298274040222e-10,0.5751810073852539,0.00024907975460122697,-0.6449630856513977
85,348160,234.2,1528.8,2.53,0.15,10,0.125,442,0.49321266968325794,209,99,29,22,59,0,0,73,-3.6731559948244716,19.320574162679424,-1.2550030946731567,0.0,-0.0039989026729017494,54.29414043426514,3.0925474762916565,0.0,0.005903962950105779,0.074658203125,30.43621697425842,-5.820766091346741e-11,0.5529643297195435,0.00024846625766871165,-0.6468126773834229
86,352256,237.2,1411.6,2.75,0.15,10,0.125,131,0.5114503816793893,201,100,33,22,46,0,0,81,-3.7519434110736545,20.4726368159204,-1.291399359703064,0.0,-0.002776645217090845,57.34035854339599,3.0841932892799377,0.0,0.006618156196782366,0.085107421875,19.980663108825684,-2.3283064365386963e-10,0.5671305656433105,0.0002478527607361963,-0.6490877866744995
87,356352,240.1,1402.0,2.77,0.15,10,0.125,334,0.5,203,100,30,17,56,0,0,78,-3.7930610016717186,20.300492610837438,-1.2371630668640137,0.0,-0.0034864337649196386,56.73368053436279,3.075817108154297,0.0,0.008400759438518434,0.1103515625,25.375943756103517,-3.4924596548080444e-10,0.5743102431297302,0.00024723926380368095,-0.6509268283843994
88,360448,242.8,1503.3,2.58,0.14,10,0.125,26,0.46153846153846156,204,96,37,20,51,0,0,72,-4.109711934014322,20.333333333333332,-1.3187158107757568,0.0,-0.0031504783779382705,57.06936378479004,3.0704830050468446,0.0,0.007318483342533,0.092333984375,23.516019678115846,-2.9103830456733704e-10,0.5451145172119141,0.00024662576687116563,-0.6514161825180054
89,364544,245.9,1338.4,2.91,0.15,10,0.125,231,0.4675324675324675,205,96,27,27,55,0,0,80,-3.855093996518334,19.37560975609756,-1.2826528549194336,0.0,-0.0010113801574334503,61.22575492858887,3.068567216396332,0.0,0.009188624232774601,0.123779296875,28.31218605041504,-1.1641532182693481e-10,0.5299695134162903,0.00024601226993865025,-0.6524525880813599
90,368640,248.6,1499.7,2.58,0.15,10,0.125,448,0.47098214285714285,217,103,34,21,59,0,0,72,-3.8083242091390344,19.42396313364055,-1.2875715494155884,0.0,-0.006950442586094141,56.43879947662354,3.0634613990783692,0.0,0.009925469488371164,0.14384765625,28.858849239349365,-2.3283064365386963e-10,0.5535531044006348,0.00024539877300613493,-0.6537201404571533
91,372736,251.4,1497.6,2.59,0.15,10,0.125,145,0.4413793103448276,209,103,29,18,59,0,0,83,-3.8505869315728667,19.464114832535884,-1.2449434995651245,0.0,-0.0036483582109212874,50.452948570251465,3.0579742550849915,0.0,0.007278926827711985,0.094873046875,23.44876856803894,-2.3283064365386963e-10,0.5930447578430176,0.0002447852760736196,-0.6553289890289307
92,376832,254.3,1413.8,2.75,0.14,10,0.125,365,0.4986301369863014,220,118,18,21,63,0,0,91,-3.9342925492064182,18.695454545454545,-1.1771624088287354,0.0,-0.0034588443813845515,46.169334411621094,3.050226891040802,0.0,0.008891456987475977,0.117041015625,23.178062438964844,-3.4924596548080444e-10,0.6045577526092529,0.0002441717791411043,-0.6576855778694153
93,380928,257.1,1454.8,2.68,0.14,10,0.125,67,0.44776119402985076,214,95,31,23,65,0,0,78,-3.6910319353391405,19.11214953271028,-1.2897212505340576,0.0,-0.0021648972411639988,53.472802734375,3.041716480255127,0.0,0.0063089746283367274,0.077197265625,21.132688140869142,-2.3283064365386963e-10,0.5348762273788452,0.00024355828220858894,-0.6592133045196533
94,385024,260.0,1428.5,2.72,0.15,10,0.125,282,0.46808510638297873,215,102,39,17,57,0,0,79,-3.875584550513428,18.89767441860465,-1.320351481437683,0.0,-0.0036943720187991858,58.53826541900635,3.0364088892936705,0.0,0.0064366318343672905,0.07724609375,26.14842529296875,-2.3283064365386963e-10,0.5572878122329712,0.0002429447852760736,-0.6606234312057495
95,389120,262.7,1471.8,2.64,0.15,10,0.125,503,0.4691848906560636,221,104,29,22,66,0,0,73,-3.6250174549897825,18.574660633484164,-1.2712258100509644,0.0,-0.003189860051497817,49.904961013793944,3.030051898956299,0.0,0.007727632051683031,0.096826171875,24.816405916213988,-5.820766091346741e-11,0.5975226163864136,0.00024233128834355827,-0.6625255942344666
96,393216,265.4,1523.1,2.54,0.15,10,0.125,208,0.42788461538461536,217,90,31,23,73,0,0,65,-3.590708396004912,18.829493087557605,-1.3174625635147095,0.0,-0.004642998147755861,54.37376022338867,3.0225981712341308,0.0,0.00743213094829116,0.09501953125,26.530971002578735,-1.7462298274040222e-10,0.5256423950195312,0.00024171779141104292,-0.6639339923858643
97,397312,268.5,1335.1,2.93,0.14,10,0.125,434,0.45852534562211983,226,110,22,22,72,0,0,78,-3.6495186362608565,18.207964601769913,-1.2510602474212646,0.0,-0.003966356674209237,50.313927841186526,3.017634403705597,0.0,0.007097267187782563,0.094091796875,20.77051935195923,-2.3283064365386963e-10,0.5958129167556763,0.0002411042944785276,-0.6652799248695374
98,401408,271.5,1375.7,2.83,0.15,10,0.125,138,0.5,216,110,25,22,59,0,0,83,-3.8400210657499936,18.97222222222222,-1.2105209827423096,0.0,-0.001963879051618278,51.49314155578613,3.011465334892273,0.0,0.005578381853410974,0.068115234375,23.992814159393312,-5.238689482212067e-10,0.5709236860275269,0.00024049079754601225,-0.6668975949287415
99,405504,274.5,1379.3,2.82,0.15,10,0.125,355,0.49577464788732395,217,107,24,23,63,0,0,79,-3.82797371382744,18.557603686635943,-1.2375037670135498,0.0,-0.0022413015365600588,49.08366432189941,3.005096662044525,0.0,0.01246991032094229,0.16201171875,27.464107847213747,-1.7462298274040222e-10,0.5560203790664673,0.00023987730061349693,-0.6683862209320068
100,409600,277.4,1404.5,2.77,0.15,10,0.125,67,0.4626865671641791,224,109,27,20,68,0,0,84,-3.5984800870900226,18.5,-1.2371387481689453,0.0,-0.0036710196640342475,48.17780437469482,2.99961394071579,0.0,0.007155842523206957,0.092236328125,24.662110328674316,-2.9103830456733704e-10,0.5835322141647339,0.0002392638036809816,-0.6697636842727661
101,413696,280.3,1409.6,2.76,0.15,10,0.125,283,0.5123674911660777,216,114,26,13,63,0,0,94,-3.7279256352986407,18.958333333333332,-1.1654406785964966,0.0,-0.004525238741189241,46.89877624511719,2.993979251384735,0.0,0.006700095432461239,0.084765625,26.236032438278198,-1.7462298274040222e-10,0.6044751405715942,0.00023865030674846623,-0.6712672710418701
102,417792,283.1,1491.5,2.6,0.15,10,0.125,501,0.5169660678642715,218,114,20,18,66,0,0,95,-3.5605478901605925,19.06422018348624,-1.1845414638519287,0.0,-0.003929839981719851,45.300322914123534,2.987347900867462,0.0,0.009752862347522751,0.140478515625,24.48069758415222,-1.1641532182693481e-10,0.6342699527740479,0.00023803680981595088,-0.6729648113250732
103,421888,285.8,1467.4,2.64,0.15,10,0.125,199,0.5226130653266332,210,109,31,22,48,0,0,85,-3.673211987792061,19.223809523809525,-1.1994577646255493,0.0,-0.003966580610722303,53.63552455902099,2.9830087065696715,0.0,0.008258374026627279,0.113720703125,26.245913600921632,-1.7462298274040222e-10,0.5744881629943848,0.00023742331288343556,-0.6731991767883301
104,425984,288.6,1467.4,2.64,0.15,10,0.125,422,0.4928909952606635,223,104,34,26,59,0,0,82,-3.744130204926746,18.48878923766816,-1.2670238018035889,0.0,-0.004522955045104027,55.79244594573974,2.9813064336776733,0.0,0.0064451817946974185,0.083740234375,30.943911457061766,-2.9103830456733704e-10,0.5370569229125977,0.00023680981595092024,-0.6743451356887817
105,430080,291.5,1450.2,2.68,0.15,10,0.125,127,0.5826771653543307,217,118,26,20,53,0,0,91,-3.6314958612785557,18.93548387096774,-1.1458173990249634,0.0,-0.004593806248158217,48.452079963684085,2.974640417098999,0.0,0.008184155818889849,0.108447265625,28.669853687286377,-1.7462298274040222e-10,0.5977281332015991,0.0002361963190184049,-0.6762973070144653
106,434176,294.4,1384.4,2.81,0.15,10,0.125,363,0.465564738292011,236,95,24,21,96,0,0,77,-3.6042385178950385,17.216101694915253,-1.2878822088241577,0.0,-0.0024446305818855763,51.14053802490234,2.9673182129859925,0.0,0.007134497698280029,0.093212890625,28.95311346054077,-5.238689482212067e-10,0.5722587704658508,0.00023558282208588956,-0.6780034303665161
107,438272,297.3,1451.9,2.67,0.15,10,0.125,76,0.47368421052631576,225,121,26,18,60,0,0,91,-3.529153413793822,18.27111111111111,-1.1505303382873535,0.0,-0.004965291172266006,47.938131141662595,2.9606566786766053,0.0,0.008903255889890715,0.1158203125,23.90846276283264,-3.4924596548080444e-10,0.605017900466919,0.00023496932515337424,-0.679589033126831
108,442368,300.0,1497.5,2.59,0.14,10,0.125,308,0.5064935064935064,232,120,21,18,73,0,0,96,-3.6542030130856773,17.58189655172414,-1.1617708206176758,0.0,-0.0038111186353489757,46.71780300140381,2.955329918861389,0.0,0.006549788211123087,0.08291015625,23.016408681869507,-3.4924596548080444e-10,0.6021385192871094,0.00023435582822085887,-0.680492639541626
109,446464,302.7,1506.8,2.57,0.15,10,0.125,29,0.5172413793103449,233,120,18,17,78,0,0,86,-3.7299015754375158,17.523605150214593,-1.1986360549926758,0.0,-0.004475029278546571,42.44713535308838,2.952003502845764,0.0,0.007800972947734408,0.0962890625,23.491022682189943,-2.9103830456733704e-10,0.6362921595573425,0.00023374233128834352,-0.6815072298049927
110,450560,305.8,1332.9,2.93,0.15,10,0.125,259,0.528957528957529,230,122,18,26,64,0,0,98,-3.8185029961437467,18.11304347826087,-1.1532562971115112,0.0,-0.0014655221253633498,44.67539596557617,2.9486142873764036,0.0,0.014071712442091665,0.19150390625,25.512031412124635,-2.9103830456733704e-10,0.5920076370239258,0.0002331288343558282,-0.6820158958435059
111,454656,308.8,1356.5,2.88,0.14,10,0.125,484,0.5392561983471075,225,124,19,12,70,0,0,97,-3.7258374533136425,18.07111111111111,-1.1253199577331543,0.0,-0.002215692214667797,44.00667142868042,2.9451841950416564,0.0,0.006486554184812121,0.08232421875,29.948194599151613,-4.0745362639427185e-10,0.6255650520324707,0.00023251533742331287,-0.6837562322616577
112,458752,311.4,1583.8,2.44,0.15,10,0.125,199,0.5226130653266332,227,120,28,23,56,0,0,101,-3.6821818161695536,17.859030837004404,-1.1555309295654297,0.0,-0.0037542617646977305,45.980040550231934,2.9368643045425413,0.0,0.00711631137819495,0.0951171875,24.189664602279663,-4.0745362639427185e-10,0.5833358764648438,0.00023190184049079753,-0.6858264803886414
113,462848,314.0,1606.1,2.4,0.15,10,0.125,420,0.5,221,106,28,17,70,0,0,87,-3.6450735126803275,18.502262443438916,-1.2003328800201416,0.0,-0.005766894947737455,48.32048454284668,2.9287535905838014,0.0,0.0068761645467020575,0.088720703125,31.827220726013184,-1.1641532182693481e-10,0.5620518922805786,0.0002312883435582822,-0.6880263090133667
114,466944,316.5,1635.8,2.36,0.14,10,0.125,141,0.5177304964539007,233,115,26,16,76,0,0,83,-3.712433503790069,17.755364806866954,-1.1583139896392822,0.0,-0.0037903378717601298,43.79646892547608,2.9202214598655702,0.0,0.006765148995327763,0.0865234375,21.882035970687866,-5.820766091346741e-11,0.5775402784347534,0.00023067484662576683,-0.6895161867141724
115,471040,319.0,1640.8,2.35,0.15,10,0.125,377,0.4986737400530504,236,115,24,19,78,0,0,97,-3.6501273354442634,17.491525423728813,-1.1642975807189941,0.0,-0.00405132225714624,50.745003128051756,2.9156434535980225,0.0,0.00667740507342387,0.085986328125,21.09449520111084,-2.3283064365386963e-10,0.5543900728225708,0.0002300613496932515,-0.6907575130462646
116,475136,322.0,1354.1,2.88,0.15,10,0.125,98,0.4489795918367347,233,120,23,18,72,0,0,99,-3.835640095648601,17.257510729613735,-1.172829270362854,0.0,-0.002022971119731665,45.52490711212158,2.910363018512726,0.0,0.007167046191170812,0.08798828125,19.466257095336914,-4.656612873077393e-10,0.6015199422836304,0.00022944785276073616,-0.6916600465774536
117,479232,325.2,1287.1,3.03,0.15,10,0.125,331,0.48942598187311176,233,118,25,16,74,0,0,95,-3.925048414559917,17.540772532188843,-1.2008681297302246,0.0,-0.003884989768266678,46.49423732757568,2.9061769366264345,0.0,0.008788274353719316,0.116357421875,23.057361698150636,-4.0745362639427185e-10,0.6022108197212219,0.00022883435582822084,-0.6936174631118774
118,483328,328.1,1411.0,2.76,0.14,10,0.125,55,0.509090909090909,236,128,21,14,73,0,0,108,-3.5696689412465856,17.39406779661017,-1.0924630165100098,0.0,-0.0029558173380792143,43.378885459899905,2.895739436149597,0.0,0.008266257308423518,0.1109375,26.075219440460206,-2.3283064365386963e-10,0.6114122867584229,0.00022822085889570551,-0.6965105533599854
119,487424,331.2,1333.9,2.92,0.15,10,0.125,288,0.4791666666666667,233,110,30,19,74,0,0,94,-3.8720865315379167,17.969957081545065,-1.2132422924041748,0.0,-0.003416123939678073,51.89071273803711,2.8851143598556517,0.0,0.0054663694638293235,0.0646484375,27.428442335128786,-3.4924596548080444e-10,0.5299168825149536,0.00022760736196319017,-0.698850154876709
120,491520,334.1,1408.4,2.76,0.15,10,0.125,0,,224,120,30,14,60,0,0,99,-3.4896281445838477,17.973214285714285,-1.1507118940353394,0.0,-0.0032877286430448294,46.730169677734374,2.8769100069999696,0.0,0.00640861562860664,0.080908203125,28.79371075630188,-4.0745362639427185e-10,0.6015095710754395,0.00022699386503067484,-0.7005003690719604
121,495616,337.2,1345.7,2.9,0.14,10,0.125,235,0.4595744680851064,235,108,24,12,91,0,0,88,-3.6512935165308584,17.43404255319149,-1.1886205673217773,0.0,-0.004379652068018913,44.389169692993164,2.8718801975250243,0.0,0.006629228300880641,0.087841796875,25.34142084121704,-5.238689482212067e-10,0.5849641561508179,0.0002263803680981595,-0.7014893889427185
122,499712,339.7,1590.6,2.43,0.14,10,0.125,478,0.4560669456066946,243,110,28,13,92,0,0,88,-3.6994424922503972,16.991769547325102,-1.234494686126709,0.0,-0.0033826366532593967,50.278523445129395,2.8670945525169373,0.0,0.009342721095890738,0.124609375,28.84920024871826,-2.9103830456733704e-10,0.5735205411911011,0.00022576687116564415,-0.7029186487197876
123,503808,342.4,1539.7,2.51,0.15,10,0.125,209,0.42105263157894735,243,105,34,23,81,0,0,78,-3.6186085348305617,16.757201646090536,-1.2607195377349854,0.0,-0.003284081816673279,54.00202960968018,2.861358404159546,0.0,0.007446941960370168,0.100830078125,34.70580496788025,-4.656612873077393e-10,0.4977450966835022,0.0002251533742331288,-0.7043136954307556
124,507904,345.2,1483.6,2.62,0.14,10,0.125,434,0.4608294930875576,225,112,26,17,70,0,0,97,-3.6612410086094385,18.142222222222223,-1.1723787784576416,0.0,-0.002156599797308445,48.990813446044925,2.8567567467689514,0.0,0.007370994551456534,0.096630859375,31.7030987739563,-2.9103830456733704e-10,0.5881659388542175,0.00022453987730061348,-0.7051512002944946
125,512000,348.2,1371.7,2.84,0.15,10,0.125,162,0.4876543209876543,240,116,23,19,82,0,0,93,-3.7373204397660515,17.083333333333332,-1.1864343881607056,0.0,-0.005395704600960016,49.068581199646,2.8533320307731627,0.0,0.007589247036958113,0.1,27.949208641052245,-6.984919309616089e-10,0.5523884296417236,0.00022392638036809815,-0.70628821849823
126,516096,350.9,1513.8,2.56,0.15,10,0.125,426,0.4647887323943662,264,119,27,14,104,0,0,97,-3.7453564585138404,15.617424242424242,-1.2096610069274902,0.0,-0.004781507421284914,47.79303760528565,2.846592736244202,0.0,0.006236970567260869,0.0794921875,30.622166919708253,-3.4924596548080444e-10,0.5370819568634033,0.0002233128834355828,-0.7085583209991455
127,520192,353.5,1569.6,2.46,0.15,10,0.125,170,0.49411764705882355,256,121,21,17,97,0,0,98,-3.8110996613438517,16.01953125,-1.1924970149993896,0.0,-0.002623075945302844,44.83978710174561,2.8372618436813353,0.0,0.008704022108577191,0.115234375,28.14616298675537,-5.820766091346741e-11,0.5790935754776001,0.00022269938650306746,-0.7107954621315002
128,524288,356.6,1326.7,2.94,0.15,10,0.125,434,0.44930875576036866,264,111,16,31,106,0,0,92,-3.857085257847593,15.56439393939394,-1.2568782567977905,0.0,-0.0011243965476751328,50.18931293487549,2.8278184652328493,0.0,0.007540018169675022,0.09931640625,23.067626237869263,-6.984919309616089e-10,0.5437169075012207,0.00022208588957055213,-0.7135633230209351
129,528384,359.4,1446.2,2.69,0.14,10,0.125,181,0.4530386740331492,259,123,23,18,95,0,0,104,-3.6669387419099473,15.637065637065637,-1.1437420845031738,0.0,-0.002150219865143299,46.897667503356935,2.8157176971435547,0.0,0.009854103374527768,0.129931640625,25.002274656295775,-3.4924596548080444e-10,0.5749170780181885,0.0002214723926380368,-0.7165207266807556
130,532480,362.4,1392.8,2.79,0.15,10,0.125,434,0.45852534562211983,253,117,21,18,97,0,0,97,-3.584754762154452,16.48221343873518,-1.1663414239883423,0.0,-0.0011748778633773327,40.29482460021973,2.8058965682983397,0.0,0.00816252177755814,0.11123046875,18.7059294462204,-2.9103830456733704e-10,0.5741780996322632,0.00022085889570552144,-0.7183661460876465
131,536576,365.2,1439.5,2.7,0.15,10,0.125,186,0.41397849462365593,264,109,19,21,115,0,0,87,-3.5362504191862016,15.196969696969697,-1.2321778535842896,0.0,-0.004387786984443665,43.039375686645506,2.7985971093177797,0.0,0.008242209666059352,0.1091796875,23.007168197631835,-4.0745362639427185e-10,0.5830676555633545,0.00022024539877300611,-0.7203834652900696
132,540672,368.1,1455.4,2.67,0.14,10,0.125,472,0.3919491525423729,286,108,20,14,144,0,0,89,-3.704037986499119,14.517482517482517,-1.292589545249939,0.0,-0.002001801412552595,45.682296943664554,2.7909814596176146,0.0,0.009590236144140363,0.125390625,23.72603271007538,-6.402842700481415e-10,0.5599191188812256,0.0002196319018404908,-0.7219631671905518
133,544768,371.2,1324.1,2.94,0.15,10,0.125,254,0.3937007874015748,294,116,18,21,139,0,0,98,-3.8373399957004612,14.085034013605442,-1.2787604331970215,0.0,-0.0034377709962427616,47.39701690673828,2.78536114692688,0.0,0.008225593087263405,0.11171875,25.39580121040344,-3.4924596548080444e-10,0.5317107439041138,0.00021901840490797544,-0.7232760190963745
134,548864,374.4,1281.2,3.05,0.15,10,0.125,21,0.3333333333333333,279,121,24,10,124,0,0,95,-3.9398901044861567,14.501792114695341,-1.2327618598937988,0.0,-0.005497501045465469,45.669235420227054,2.781147861480713,0.0,0.006729184588766657,0.0876953125,22.30054383277893,-6.984919309616089e-10,0.5588211417198181,0.0002184049079754601,-0.7239879369735718
135,552960,377.5,1291.5,3.03,0.14,10,0.125,296,0.3918918918918919,275,109,27,15,124,0,0,102,-3.560736542558912,14.701818181818181,-1.212781310081482,0.0,-0.00583653743378818,47.25624332427979,2.7773086547851564,0.0,0.008616532399901188,0.119775390625,24.047648239135743,-4.0745362639427185e-10,0.5021153688430786,0.00021779141104294477,-0.7256115674972534
136,557056,380.5,1385.7,2.81,0.14,10,0.125,72,0.4305555555555556,288,120,21,16,131,0,0,96,-3.9169701032710904,14.45486111111111,-1.258451223373413,0.0,-0.0026061841286718845,47.98917484283447,2.769942855834961,0.0,0.008681388152763248,0.11171875,28.02582106590271,-9.313225746154785e-10,0.5344310998916626,0.00021717791411042945,-0.72719806432724
137,561152,383.5,1369.3,2.84,0.15,10,0.125,351,0.42735042735042733,279,119,24,14,122,0,0,92,-3.5895601897243137,14.627240143369175,-1.1975690126419067,0.0,-0.002688573766499758,42.05543823242188,2.76460942029953,0.0,0.010596973745850845,0.14443359375,24.18863844871521,-4.656612873077393e-10,0.57796311378479,0.00021656441717791408,-0.7283519506454468
138,565248,386.6,1322.2,2.95,0.15,10,0.125,141,0.3971631205673759,302,115,23,21,143,0,0,88,-3.8109251568301463,13.599337748344372,-1.282617449760437,0.0,-0.004142078384757042,45.602178955078124,2.757701027393341,0.0,0.0070426063553895805,0.08876953125,24.619105672836305,-5.238689482212067e-10,0.4949378967285156,0.00021595092024539875,-0.7313980460166931
139,569344,389.3,1500.7,2.59,0.14,10,0.125,441,0.3786848072562358,300,111,16,22,151,0,0,98,-3.750749811072939,13.606666666666667,-1.2576425075531006,0.0,-0.0009785204194486142,43.95189952850342,2.743360757827759,0.0,0.011525103621534073,0.15146484375,22.58460602760315,-5.238689482212067e-10,0.5374061465263367,0.00021533742331288343,-0.7345842719078064
140,573440,392.5,1309.4,2.98,0.15,10,0.125,236,0.3771186440677966,307,122,15,16,154,0,0,107,-3.515454362409423,13.465798045602606,-1.212276816368103,0.0,-0.0026481825858354568,41.069000244140625,2.733305025100708,0.0,0.007508898447849788,0.100830078125,22.17718653678894,-6.402842700481415e-10,0.5625590085983276,0.00021472392638036808,-0.7367194294929504
141,577536,395.5,1372.7,2.83,0.15,10,0.125,28,0.35714285714285715,304,102,23,17,162,0,0,89,-3.7318533831789376,13.338815789473685,-1.3339277505874634,0.0,-0.004865264613181352,44.100019454956055,2.724909818172455,0.0,0.00818631744477898,0.10390625,22.232033586502077,-4.656612873077393e-10,0.5294788479804993,0.00021411042944785273,-0.7387800216674805
142,581632,398.4,1391.2,2.8,0.15,10,0.125,343,0.3760932944606414,315,119,15,21,160,0,0,100,-3.7558710228317036,12.984126984126984,-1.2479400634765625,0.0,-0.0016724443528801202,41.10313291549683,2.716352307796478,0.0,0.009868184168590232,0.13525390625,24.551978158950806,-1.1641532182693481e-10,0.5473213791847229,0.0002134969325153374,-0.741177499294281
143,585728,401.1,1514.1,2.56,0.15,10,0.125,135,0.3111111111111111,304,109,27,21,147,0,0,96,-3.7090811573357505,13.457236842105264,-1.2909677028656006,0.0,-0.003047861298546195,50.299197387695315,2.7078941226005555,0.0,0.005304553362657316,0.06025390625,24.281898498535156,-5.820766091346741e-10,0.47634005546569824,0.0002128834355828221,-0.7426117658615112
144,589824,403.8,1506.4,2.57,0.15,10,0.125,453,0.3509933774834437,318,117,20,15,166,0,0,99,-3.7137974316913827,12.921383647798741,-1.282257318496704,0.0,-0.0058834193740040066,40.9309196472168,2.702918541431427,0.0,0.008928695748909376,0.119580078125,26.284788846969604,-9.313225746154785e-10,0.5715117454528809,0.00021226993865030672,-0.74396151304245
145,593920,406.6,1515.4,2.55,0.15,10,0.125,257,0.3968871595330739,316,118,13,16,169,0,0,96,-3.650716484028566,12.958860759493671,-1.2590537071228027,0.0,-0.0047938602045178415,39.667911529541016,2.6972392201423645,0.0,0.00866642722976394,0.118994140625,24.674799966812134,-5.238689482212067e-10,0.5690794587135315,0.00021165644171779137,-0.7455097436904907
146,598016,409.3,1499.7,2.58,0.15,10,0.125,73,0.3424657534246575,328,113,12,17,186,0,0,97,-3.639040335660144,12.53048780487805,-1.2851847410202026,0.0,-0.003543531708419323,39.54393663406372,2.6895658493041994,0.0,0.007770008986699395,0.103564453125,19.910274457931518,-8.731149137020111e-10,0.5454596877098083,0.00021104294478527604,-0.7477409839630127
147,602112,412.1,1446.3,2.68,0.15,10,0.125,403,0.34987593052109184,330,116,24,16,174,0,0,97,-3.4971245502744357,12.451515151515151,-1.3001394271850586,0.0,-0.0029311605263501405,44.32140884399414,2.679179918766022,0.0,0.010132308918400668,0.137255859375,20.2997416973114,-7.566995918750763e-10,0.5074086785316467,0.00021042944785276072,-0.7507110238075256
148,606208,414.8,1523.1,2.55,0.14,10,0.125,252,0.3055555555555556,361,114,24,19,204,0,0,94,-3.6366329434333675,11.404432132963988,-1.3646806478500366,0.0,-0.004277723655104637,47.68524036407471,2.6678126573562624,0.0,0.008260124776279553,0.110107421875,22.974369072914122,-4.656612873077393e-10,0.43890470266342163,0.00020981595092024537,-0.7531633973121643
149,610304,417.6,1459.6,2.67,0.14,10,0.125,69,0.30434782608695654,329,116,22,22,169,0,0,89,-3.7213647292958156,12.404255319148936,-1.301126480102539,0.0,-0.005102836620062589,47.50591068267822,2.660047149658203,0.0,0.006532368651824072,0.0830078125,25.66429433822632,-9.89530235528946e-10,0.44203484058380127,0.00020920245398773005,-0.7547204494476318
150,614400,420.4,1494.2,2.59,0.15,10,0.125,407,0.35135135135135137,338,122,23,20,173,0,0,104,-3.556808823342168,12.168639053254438,-1.2887639999389648,0.0,-0.005841187248006463,44.08429870605469,2.6543556332588194,0.0,0.007641214577597566,0.100732421875,27.498075199127197,-3.4924596548080444e-10,0.4821375012397766,0.00020858895705521473,-0.7561113834381104
151,618496,423.1,1504.2,2.57,0.15,10,0.125,249,0.2971887550200803,354,107,19,23,205,0,0,85,-3.283519724693907,11.587570621468927,-1.3315250873565674,0.0,-0.00522834099829197,42.19112415313721,2.6479584693908693,0.0,0.007311197835952044,0.092333984375,25.206208276748658,-4.656612873077393e-10,0.4765435457229614,0.00020797546012269935,-0.7578538656234741
152,622592,425.8,1529.4,2.53,0.15,10,0.125,108,0.24074074074074073,371,104,19,17,231,0,0,83,-3.4787456858740544,10.91644204851752,-1.390411138534546,0.0,-0.004426888795569539,38.94258680343628,2.6410827040672302,0.0,0.007655805270769633,0.096435546875,21.69680585861206,-1.2223608791828156e-09,0.5273642539978027,0.000207361963190184,-0.7596464157104492
153,626688,428.4,1558.9,2.48,0.15,10,0.125,475,0.28421052631578947,367,109,18,16,224,0,0,88,-3.5085338302309457,11.122615803814714,-1.341012954711914,0.0,-0.0048152019269764425,38.617637634277344,2.632540237903595,0.0,0.008460057395859621,0.115625,18.872335195541382,-1.4551915228366852e-09,0.5094921588897705,0.00020674846625766868,-0.7622976899147034
154,630784,431.1,1538.7,2.52,0.14,10,0.125,340,0.29411764705882354,377,108,19,15,235,0,0,88,-3.6319305541745686,10.827586206896552,-1.374723196029663,0.0,-0.004543767776340246,37.036433410644534,2.6195492267608644,0.0,0.0073448925657430665,0.09716796875,19.466025018692015,-1.3387762010097504e-09,0.5142771005630493,0.00020613496932515336,-0.7663801312446594
155,634880,433.9,1479.2,2.63,0.14,10,0.125,204,0.25980392156862747,376,103,15,24,234,0,0,84,-3.667551568410235,10.960106382978724,-1.389418601989746,0.0,-0.005011990608181804,40.00653343200683,2.603688144683838,0.0,0.007844033345463686,0.101318359375,18.723043346405028,-7.566995918750763e-10,0.4697842597961426,0.00020552147239263801,-0.7694977521896362
156,638976,436.8,1433.5,2.71,0.15,10,0.125,66,0.25757575757575757,374,105,22,22,225,0,0,81,-3.506693315014497,10.997326203208557,-1.3697752952575684,0.0,-0.004043913120403886,41.101910495758055,2.5929988026618958,0.0,0.0070595123863313345,0.093994140625,19.07819414138794,-1.6298145055770874e-09,0.44939208030700684,0.0002049079754601227,-0.7721415758132935
157,643072,439.5,1501.5,2.58,0.14,10,0.125,421,0.332541567695962,355,123,13,19,200,0,0,101,-3.7069746556934193,11.55774647887324,-1.2372329235076904,0.0,-0.004119728924706578,36.09635419845581,2.582966721057892,0.0,0.009637556213419884,0.12880859375,22.050009059906007,-9.313225746154785e-10,0.49698954820632935,0.00020429447852760737,-0.774129331111908
158,647168,442.2,1519.1,2.55,0.15,10,0.125,264,0.32954545454545453,355,112,27,12,204,0,0,94,-3.6181721190111356,11.402816901408451,-1.323961615562439,0.0,0.0016600385308265686,39.77080488204956,2.5749990224838255,0.0,0.00964430089807138,0.117236328125,20.80083749294281,-8.149072527885437e-10,0.5160824060440063,0.000203680981595092,-0.7764025926589966
159,651264,444.9,1530.8,2.53,0.15,10,0.125,133,0.3007518796992481,381,108,19,22,232,0,0,90,-3.7209514046427072,11.010498687664041,-1.3728755712509155,0.0,-0.004661294561810791,42.65173072814942,2.5674752950668336,0.0,0.009404592038481496,0.13046875,21.082288122177125,-7.566995918750763e-10,0.4421675205230713,0.00020306748466257665,-0.7775542736053467
160,655360,447.6,1503.5,2.58,0.15,10,0.125,0,,379,116,21,16,226,0,0,94,-3.7163870645486408,10.591029023746701,-1.3413041830062866,0.0,-0.0028552933828905223,41.09980220794678,2.5639625072479246,0.0,0.00881918917875737,0.113671875,22.115096712112425,-2.3283064365386963e-10,0.4840087294578552,0.00020245398773006132,-0.7783827781677246
161,659456,450.3,1505.2,2.58,0.14,10,0.125,370,0.32432432432432434,370,120,18,15,217,0,0,100,-3.5691788375279696,11.18918918918919,-1.250128149986267,0.0,-0.0026292204391211273,34.46897974014282,2.559063720703125,0.0,0.00826887767179869,0.112646484375,19.92092308998108,-1.6880221664905548e-09,0.49615657329559326,0.000201840490797546,-0.7801224589347839
162,663552,453.1,1503.5,2.58,0.15,10,0.125,229,0.3406113537117904,371,112,20,21,218,0,0,91,-3.52621933093171,10.975741239892184,-1.3056683540344238,0.0,-0.0040164154022932054,39.990940952301024,2.551873195171356,0.0,0.006990154655068181,0.08740234375,23.33004331588745,-9.89530235528946e-10,0.457832396030426,0.00020122699386503065,-0.7819759249687195
163,667648,455.8,1504.7,2.58,0.14,10,0.125,98,0.2857142857142857,381,116,17,20,228,0,0,94,-3.4529312826053644,10.881889763779528,-1.290743350982666,0.0,-0.0022727383067831395,36.78002405166626,2.544950842857361,0.0,0.012940728949615732,0.153515625,15.548852968215943,-4.0745362639427185e-10,0.48979640007019043,0.00020061349693251533,-0.7832615375518799
164,671744,458.5,1493.5,2.6,0.15,10,0.125,490,0.2795918367346939,392,109,20,13,250,0,0,90,-3.581488621672073,10.418367346938776,-1.3808848857879639,0.0,-0.002517414139583707,39.63153228759766,2.5400832653045655,0.0,0.010640422976575793,0.14326171875,20.927015638351442,-1.1641532182693481e-09,0.4945812225341797,0.0002,-0.7848318815231323
165,675840,461.3,1513.6,2.56,0.15,10,0.125,366,0.2677595628415301,388,104,28,16,240,0,0,88,-3.5051834950174827,10.554123711340207,-1.411574363708496,0.0,-0.004958719667047262,43.14842071533203,2.5327911019325255,0.0,0.0073470724135404454,0.097705078125,23.643587493896483,-9.89530235528946e-10,0.41368985176086426,0.00019938650306748466,-0.7867040038108826
166,679936,464.4,1318.8,2.96,0.15,10,0.125,240,0.30416666666666664,386,112,19,19,236,0,0,93,-3.450460939746452,10.520725388601036,-1.337081789970398,0.0,-0.00355134136043489,37.43624153137207,2.5253642201423645,0.0,0.008821728950715623,0.1150390625,19.034515142440796,-9.89530235528946e-10,0.48329782485961914,0.00019877300613496928,-0.7886478304862976
167,684032,467.4,1360.6,2.87,0.14,10,0.125,127,0.33070866141732286,399,122,21,13,243,0,0,107,-3.519911138274037,10.283208020050125,-1.3178958892822266,0.0,-0.0030592855997383594,38.77848300933838,2.5166895627975463,0.0,0.008299634919967502,0.106982421875,21.62394485473633,-5.820766091346741e-11,0.47975921630859375,0.00019815950920245396,-0.7910650968551636
168,688128,470.7,1256.6,3.11,0.15,10,0.125,19,0.3684210526315789,404,126,17,9,252,0,0,97,-3.68965289789263,10.141089108910892,-1.2838062047958374,0.0,-0.0041371851693838835,32.49218225479126,2.506375217437744,0.0,0.006875647837296129,0.086376953125,19.24349136352539,-1.7462298274040222e-09,0.5515362024307251,0.00019754601226993864,-0.794064462184906
169,692224,473.8,1307.8,2.98,0.15,10,0.125,395,0.33164556962025316,376,124,14,14,224,0,0,98,-3.50719559855852,10.97872340425532,-1.2292406558990479,0.0,-0.005216412013396621,32.432204246520996,2.494513285160065,0.0,0.009307702622027136,0.123779296875,18.653213930130004,-1.7462298274040222e-10,0.529632568359375,0.0001969325153374233,-0.796463668346405
170,696320,476.9,1345.2,2.9,0.14,10,0.125,300,0.27666666666666667,417,112,19,12,274,0,0,95,-3.366723284286082,9.767386091127099,-1.364619255065918,0.0,-0.0028137708548456432,32.82257518768311,2.485973072052002,0.0,0.007658721751067787,0.10166015625,18.96390280723572,-8.149072527885437e-10,0.5029923915863037,0.00019631901840490794,-0.7985457181930542
171,700416,479.8,1371.4,2.85,0.14,10,0.125,181,0.3149171270718232,393,117,17,13,246,0,0,96,-3.6167251592261502,10.368956743002544,-1.2891476154327393,0.0,-0.004345397697761655,32.707239627838135,2.477546203136444,0.0,0.00791891645931173,0.100244140625,19.576572847366332,-6.402842700481415e-10,0.5118699073791504,0.00019570552147239265,-0.8005750775337219
172,704512,482.8,1397.3,2.78,0.15,10,0.125,53,0.33962264150943394,384,111,15,23,235,0,0,100,-3.5587963042260564,10.513020833333334,-1.302525520324707,0.0,-0.005969767924398184,32.77017822265625,2.4715084791183473,0.0,0.006454684378695674,0.08203125,20.03184049129486,-7.566995918750763e-10,0.4804307222366333,0.0001950920245398773,-0.8014191389083862
173,708608,485.6,1458.4,2.66,0.15,10,0.125,449,0.32293986636971045,396,127,17,12,240,0,0,106,-3.4356206233813804,10.38888888888889,-1.2317283153533936,0.0,-0.0038786166813224556,32.96919431686401,2.4678084373474123,0.0,0.004779870677157305,0.0548828125,23.59628677368164,-1.280568540096283e-09,0.5423074960708618,0.00019447852760736192,-0.8029280304908752
174,712704,488.5,1417.6,2.75,0.14,10,0.125,344,0.26744186046511625,407,113,12,18,264,0,0,95,-3.4852245900125625,10.255528255528256,-1.3057358264923096,0.0,-0.005064865807071328,26.709341621398927,2.4609896183013915,0.0,0.007688918060739525,0.101318359375,20.072225403785705,-1.1641532182693481e-09,0.5624381899833679,0.0001938650306748466,-0.8044548034667969
175,716800,491.4,1416.7,2.74,0.15,10,0.125,232,0.27586206896551724,400,109,16,17,257,1,0,91,-3.5114846730326836,10.1075,-1.3235572576522827,0.0,-0.004752578306943178,33.93928871154785,2.45493369102478,0.0,0.007069801219040528,0.090283203125,20.297045373916625,-9.313225746154785e-10,0.49682652950286865,0.00019325153374233128,-0.8060905933380127
176,720896,494.4,1382.9,2.81,0.15,10,0.125,114,0.3157894736842105,394,119,15,13,247,0,0,99,-3.6960611791392344,10.390862944162437,-1.2798986434936523,0.0,-0.0033229587599635122,29.50094404220581,2.4494086623191835,0.0,0.008205181444645859,0.108349609375,19.676936197280884,-1.4551915228366852e-09,0.5356317758560181,0.00019263803680981593,-0.8070114254951477
177,724992,497.0,1552.9,2.49,0.15,10,0.125,14,0.2857142857142857,412,112,15,15,270,0,0,93,-3.534600916058498,10.053398058252426,-1.3408769369125366,0.0,-0.0038396270480006932,31.4014271736145,2.445133113861084,0.0,0.005645451482268982,0.06728515625,23.117299270629882,-7.566995918750763e-10,0.5085057020187378,0.00019202453987730058,-0.808517575263977
178,729088,499.7,1558.5,2.48,0.15,10,0.125,420,0.30238095238095236,406,123,12,11,260,0,0,106,-3.4552246845824053,10.078817733990148,-1.2229676246643066,0.0,-0.006412846315652132,26.785785579681395,2.438381314277649,0.0,0.006197389028966427,0.07666015625,17.295021867752077,-7.566995918750763e-10,0.5649476051330566,0.00019141104294478526,-0.8104020357131958
179,733184,502.4,1489.3,2.6,0.15,10,0.125,309,0.29449838187702265,401,122,13,14,252,0,0,106,-3.453916809199875,10.187032418952619,-1.2333930730819702,0.0,-0.004800295410677791,25.15965337753296,2.4284894824028016,0.0,0.007755512700532563,0.103662109375,15.875983285903931,-5.238689482212067e-10,0.5873301029205322,0.00019079754601226994,-0.8136325478553772
180,737280,505.3,1416.8,2.75,0.15,10,0.125,176,0.3409090909090909,379,128,9,20,222,0,0,108,-3.397798266097727,10.786279683377309,-1.1894093751907349,0.0,-0.004852420836687088,29.11263256072998,2.4147169470787047,0.0,0.008987408693064936,0.1185546875,16.023398017883302,-8.731149137020111e-10,0.5750135183334351,0.00019018404907975456,-0.8168477416038513
181,741376,508.3,1374.8,2.83,0.15,10,0.125,44,0.1590909090909091,380,123,14,22,221,0,0,103,-3.3847381840315647,10.839473684210526,-1.23106050491333,0.0,-0.0033620824106037617,35.577086448669434,2.40400048494339,0.0,0.007481870922492817,0.097900390625,20.572316646575928,-1.0477378964424133e-09,0.5269181132316589,0.00018957055214723924,-0.8191170692443848
182,745472,511.1,1488.9,2.6,0.15,10,0.125,429,0.30303030303030304,385,123,11,16,235,0,0,107,-3.5204904431158504,10.581818181818182,-1.211386799812317,0.0,-0.003226490877568722,27.65891342163086,2.3960991859436036,0.0,0.006868260889314115,0.08935546875,20.86667799949646,-1.1059455573558807e-09,0.559441328048706,0.00018895705521472392,-0.8206990957260132
183,749568,513.5,1684.9,2.28,0.15,10,0.125,289,0.3494809688581315,372,127,17,16,212,0,0,107,-3.574561778168246,10.922043010752688,-1.200545310974121,0.0,-0.0032743006944656373,32.44019107818603,2.3907947659492494,0.0,0.00804464512038976,0.1107421875,18.257740783691407,-6.984919309616089e-10,0.5452436804771423,0.00018834355828220857,-0.8217883110046387
184,753664,516.2,1491.0,2.6,0.15,10,0.125,166,0.3192771084337349,389,122,12,22,233,0,0,103,-3.5472484043805945,10.6426735218509,-1.2182672023773193,0.0,-0.003975715232081711,29.171844291687012,2.3861725330352783,0.0,0.009171967301517725,0.12158203125,17.657769536972047,-5.820766091346741e-10,0.5362733006477356,0.00018773006134969322,-0.823147714138031
185,757760,519.1,1416.3,2.75,0.15,10,0.125,41,0.3902439024390244,387,136,11,12,228,0,0,113,-3.392805884566389,10.622739018087856,-1.1318531036376953,0.0,-0.003576332051306963,25.468483257293702,2.380156660079956,0.0,0.006210815178928897,0.079150390625,25.54078698158264,-1.1641532182693481e-09,0.5959681272506714,0.0001871165644171779,-0.82464998960495
186,761856,521.9,1468.6,2.64,0.15,10,0.125,435,0.3195402298850575,394,123,11,18,242,0,0,105,-3.3140270741214035,10.223350253807107,-1.192018747329712,0.0,-0.006260609533637762,27.14355926513672,2.3738366842269896,0.0,0.008188174708629958,0.113916015625,20.98347125053406,-1.2223608791828156e-09,0.5709888339042664,0.00018650306748466258,-0.8264719843864441
187,765952,524.8,1421.0,2.73,0.15,10,0.125,326,0.3343558282208589,403,129,13,15,246,0,0,111,-3.2426812479667944,10.285359801488834,-1.1802031993865967,0.0,-0.004893117700703442,25.95324001312256,2.3669483780860903,0.0,0.008391642390051857,0.11318359375,15.357602834701538,-6.984919309616089e-10,0.5853664875030518,0.0001858895705521472,-0.8279780149459839
188,770048,527.7,1412.1,2.75,0.15,10,0.125,206,0.30097087378640774,392,119,13,12,248,0,0,97,-3.7102034432248865,10.466836734693878,-1.2677781581878662,0.0,-0.004847943340428174,28.977689933776855,2.3613834738731385,0.0,0.009659661346813665,0.1263671875,16.633582401275635,-1.0477378964424133e-09,0.5559308528900146,0.00018527607361963188,-0.8292000889778137
189,774144,530.5,1465.5,2.64,0.15,10,0.125,77,0.35064935064935066,383,140,16,11,216,0,0,123,-3.450927828730968,10.631853785900784,-1.1081722974777222,0.0,-0.0016523492522537708,28.05314693450928,2.357251024246216,0.0,0.009065457002725453,0.12001953125,20.44462823867798,-9.313225746154785e-10,0.5966746807098389,0.00018466257668711656,-0.8301538228988647
190,778240,533.4,1444.8,2.69,0.15,10,0.125,452,0.32964601769911506,375,122,16,18,219,0,0,107,-3.4039859077071535,10.904,-1.189657211303711,0.0,-0.005009706318378449,30.382556533813478,2.3530714988708494,0.0,0.006523642313550226,0.08330078125,24.430068016052246,-2.3283064365386963e-10,0.5233376026153564,0.0001840490797546012,-0.8313372135162354
191,782336,536.3,1431.1,2.72,0.14,10,0.125,340,0.3264705882352941,400,133,9,15,243,0,0,112,-3.420202748965292,10.26,-1.17301344871521,0.0,-0.0024244971806183457,22.93442816734314,2.3466602683067324,0.0,0.007833844458218664,0.1021484375,17.86365728378296,-1.0477378964424133e-09,0.6481854319572449,0.00018343558282208586,-0.8333923816680908
192,786432,539.2,1377.5,2.83,0.14,10,0.125,195,0.4205128205128205,367,144,9,13,201,0,0,122,-3.525749440636752,11.114441416893733,-1.0575611591339111,0.0,-0.0024707367178052665,23.31768445968628,2.3380616903305054,0.0,0.0075694083905546,0.099365234375,19.68992280960083,-1.2223608791828156e-09,0.6428655385971069,0.00018282208588957054,-0.8355844020843506
193,790528,542.3,1333.3,2.92,0.15,10,0.125,75,0.36,392,127,16,21,228,0,0,103,-3.4039128421626654,10.466836734693878,-1.1933718919754028,0.0,-0.002729299431666732,31.132143592834474,2.3301178574562074,0.0,0.006555352342547849,0.084033203125,21.932917499542235,-1.280568540096283e-09,0.520544171333313,0.00018220858895705522,-0.8372091054916382
194,794624,545.0,1504.7,2.58,0.14,10,0.125,454,0.3370044052863436,379,126,13,17,223,0,0,107,-3.626127552556369,10.786279683377309,-1.216819405555725,0.0,-0.005761678470298648,29.22229814529419,2.3240172147750853,0.0,0.008434362427215092,0.105859375,23.655684423446655,0.0,0.5835871696472168,0.00018159509202453987,-0.8387172222137451
195,798720,547.3,1834.4,2.09,0.14,10,0.125,332,0.35843373493975905,390,138,14,12,226,0,0,117,-3.498815718913508,10.61025641025641,-1.1366417407989502,0.0,-0.005577130848541856,25.716374111175536,2.318181884288788,0.0,0.01082331920915749,0.147119140625,18.10937895774841,-1.6880221664905548e-09,0.605988621711731,0.0001809815950920245,-0.8401286602020264
196,802816,550.1,1437.1,2.7,0.15,10,0.125,206,0.3737864077669903,386,143,11,16,216,0,0,121,-3.529354465716078,10.717616580310882,-1.113409399986267,0.0,-0.004108927212655544,27.053918266296385,2.3123223304748537,0.0,0.009688577323686332,0.1234375,18.42715268135071,-2.0954757928848267e-09,0.6200869083404541,0.0001803680981595092,-0.8417335748672485
197,806912,553.0,1451.2,2.67,0.15,10,0.125,71,0.36619718309859156,377,133,13,14,217,0,0,110,-3.46235186373999,10.702917771883289,-1.1254478693008423,0.0,-0.0045398174785077575,24.260855293273927,2.3049411177635193,0.0,0.006242327953805216,0.07958984375,16.084267997741698,-6.402842700481415e-10,0.6347214579582214,0.00017975460122699385,-0.8437515497207642
198,811008,555.8,1445.2,2.68,0.15,10,0.125,443,0.3724604966139955,372,139,13,19,201,0,0,119,-3.5402226495485474,11.166666666666666,-1.0949652194976807,0.0,-0.005000262102112174,29.528005123138428,2.297754371166229,0.0,0.006229723346768879,0.077685546875,22.466007137298583,-1.5133991837501526e-09,0.5545865893363953,0.0001791411042944785,-0.8452202081680298
199,815104,558.8,1369.9,2.84,0.15,10,0.125,320,0.359375,389,140,3,21,225,0,0,118,-3.457877956485357,10.442159383033419,-1.0923711061477661,0.0,-0.003353059757500887,22.30997314453125,2.2922653436660765,0.0,0.008779119903920218,0.116015625,17.01170563697815,-1.1059455573558807e-09,0.6365930438041687,0.00017852760736196318,-0.8465604186058044
200,819200,561.7,1417.3,2.75,0.14,10,0.125,199,0.3065326633165829,391,125,12,17,237,0,0,106,-3.4311403843176826,10.381074168797953,-1.1878118515014648,0.0,-0.0012059366330504418,28.492115592956544,2.2866727113723755,0.0,0.009424070874229074,0.130224609375,25.206625032424927,-1.2223608791828156e-09,0.546947717666626,0.00017791411042944786,-0.848090410232544
201,823296,564.4,1527.9,2.53,0.15,10,0.125,70,0.35714285714285715,383,129,15,16,223,0,0,114,-3.469016942942477,10.694516971279374,-1.1517609357833862,0.0,-0.0039585793623700734,30.977058506011964,2.281047356128693,0.0,0.008545356933609582,0.115380859375,21.476917362213136,-1.280568540096283e-09,0.5649678707122803,0.0001773006134969325,-0.849285364151001
202,827392,567.0,1608.6,2.4,0.15,10,0.125,470,0.3127659574468085,400,122,20,20,238,0,0,105,-3.3500724178585872,10.36,-1.2142910957336426,0.0,-0.005587127711623907,31.868928623199462,2.2761317014694216,0.0,0.008187976636691019,0.114453125,20.26062421798706,-1.5133991837501526e-09,0.5197964310646057,0.00017668711656441713,-0.8506418466567993
203,831488,569.7,1499.3,2.59,0.15,10,0.125,352,0.3210227272727273,394,124,17,17,236,0,0,108,-3.6054539025398866,10.291878172588833,-1.2217531204223633,0.0,-0.0051530718337744474,31.474232482910157,2.271251153945923,0.0,0.010779797757277266,0.143701171875,22.620740127563476,-8.731149137020111e-10,0.5500905513763428,0.0001760736196319018,-0.8516031503677368
204,835584,572.7,1355.4,2.88,0.14,10,0.125,248,0.2862903225806452,408,129,14,15,250,0,0,103,-3.4713380618484826,10.107843137254902,-1.2045795917510986,0.0,-0.004451205302029848,28.469634819030762,2.267290484905243,0.0,0.007212793643702753,0.095654296875,18.225803518295287,-1.7462298274040222e-10,0.5679498910903931,0.0001754601226993865,-0.8526778221130371
205,839680,575.8,1316.6,2.96,0.15,10,0.125,133,0.3458646616541353,397,137,10,22,228,0,0,126,-3.4605864929161307,10.292191435768261,-1.14840829372406,0.0,-0.00588104766793549,26.89702730178833,2.261633038520813,0.0,0.0077376323577482255,0.10126953125,20.656862688064574,-7.566995918750763e-10,0.5937965512275696,0.00017484662576687114,-0.8546417951583862
206,843776,579.1,1266.6,3.08,0.15,10,0.125,20,0.45,399,133,9,15,242,0,0,118,-3.5347733218165125,10.218045112781954,-1.1524677276611328,0.0,-0.003018820332363248,24.04893364906311,2.252225339412689,0.0,0.007574698864482343,0.09912109375,21.126444101333618,-6.984919309616089e-10,0.6220021843910217,0.00017423312883435582,-0.8572528958320618
207,847872,581.6,1616.9,2.38,0.15,10,0.125,421,0.3087885985748218,401,121,12,25,243,0,0,106,-3.5120586354949905,10.281795511221945,-1.2156952619552612,0.0,-0.003014841303229332,30.292740535736083,2.2420010685920717,0.0,0.007948172089527361,0.1048828125,19.292215871810914,-1.7462298274040222e-10,0.5487756729125977,0.0001736196319018405,-0.8597661256790161
208,851968,584.5,1429.1,2.72,0.15,10,0.125,324,0.3271604938271605,415,139,7,16,253,0,0,113,-3.4518103024019187,9.939759036144578,-1.1276633739471436,0.0,-0.004266287083737552,24.351311779022218,2.2329954862594605,0.0,0.007353139846236445,0.098583984375,21.20907039642334,-9.313225746154785e-10,0.5949388146400452,0.00017300613496932515,-0.8616051077842712
209,856064,587.4,1436.7,2.7,0.15,10,0.125,189,0.36507936507936506,377,132,15,16,214,0,0,112,-3.7350503082441504,10.726790450928382,-1.1534085273742676,0.0,-0.004257956240326166,29.914983081817628,2.225469100475311,0.0,0.005690904686343856,0.06787109375,22.048740100860595,-1.1641532182693481e-09,0.5711699724197388,0.00017239263803680977,-0.8637124300003052
210,860160,590.2,1432.3,2.72,0.14,10,0.125,61,0.4098360655737705,384,142,12,14,216,0,0,117,-3.5868323262849695,10.739583333333334,-1.0744907855987549,0.0,-0.005247857701033354,24.848361015319824,2.2161688804626465,0.0,0.007983610912924632,0.103759765625,18.515032720565795,-1.57160684466362e-09,0.6047682166099548,0.00017177914110429445,-0.8661803007125854
211,864256,592.9,1514.2,2.55,0.15,10,0.125,453,0.33774834437086093,392,128,10,11,243,0,0,110,-3.310321774692122,10.372448979591837,-1.145084023475647,0.0,-0.0030106620863080023,23.29057159423828,2.2057584047317507,0.0,0.007901994447456673,0.107958984375,18.333197355270386,-1.1059455573558807e-09,0.6389061808586121,0.00017116564417177913,-0.8689820170402527
212,868352,595.4,1647.2,2.35,0.14,10,0.125,316,0.370253164556962,375,140,10,13,212,0,0,121,-3.3371895825954345,10.901333333333334,-1.0767908096313477,0.0,-0.005452194064855575,20.566160011291505,2.1957482576370237,0.0,0.009973605931736528,0.133154296875,15.597164344787597,-1.1059455573558807e-09,0.6634267568588257,0.00017055214723926378,-0.8710547089576721
213,872448,598.3,1454.8,2.67,0.15,10,0.125,179,0.36312849162011174,375,138,12,18,207,0,0,115,-3.454825278006491,10.930666666666667,-1.0826051235198975,0.0,-0.00510517843067646,26.254007244110106,2.1882648706436156,0.0,0.007361279131146148,0.093896484375,21.86525058746338,-1.862645149230957e-09,0.6032812595367432,0.00016993865030674846,-0.8726910352706909
214,876544,601.3,1356.1,2.87,0.15,10,0.125,74,0.28378378378378377,407,131,7,20,249,0,0,109,-3.433968880078689,10.068796068796068,-1.168585181236267,0.0,-0.0034121408127248285,23.242512702941895,2.1830182552337645,0.0,0.009731929851113819,0.1302734375,19.281415915489198,-1.9208528101444244e-09,0.6280729174613953,0.00016932515337423314,-0.8735823035240173
215,880640,604.4,1329.4,2.93,0.15,10,0.125,449,0.34075723830734966,375,132,17,17,209,0,0,104,-3.54429221152959,10.938666666666666,-1.1142807006835938,0.0,-0.004277609987184405,26.99574851989746,2.179775655269623,0.0,0.006766470245202072,0.088525390625,19.995795822143556,-8.149072527885437e-10,0.5770058631896973,0.0001687116564417178,-0.8745343089103699
216,884736,607.1,1522.5,2.55,0.14,10,0.125,326,0.3343558282208589,389,128,16,17,228,0,0,105,-3.5932553104624745,10.478149100257069,-1.1616971492767334,0.0,-0.0019186137709766627,27.482089138031007,2.174978244304657,0.0,0.008109543783939443,0.10966796875,21.38530888557434,1.7462298274040222e-10,0.566857635974884,0.0001680981595092024,-0.8759867548942566
217,888832,610.0,1426.1,2.72,0.15,10,0.125,215,0.3116279069767442,401,131,17,12,241,0,0,110,-3.6160155587615885,10.331670822942643,-1.1729683876037598,0.0,-0.004892762145027518,26.623594093322755,2.1681380748748778,0.0,0.009480344204348512,0.1265625,17.244753241539,-1.1059455573558807e-09,0.5928372144699097,0.0001674846625766871,-0.8779725432395935
218,892928,612.6,1554.1,2.48,0.15,10,0.125,115,0.3565217391304348,412,127,15,18,252,0,0,113,-3.599688866232404,9.902912621359222,-1.2099069356918335,0.0,-0.003839323646388948,28.229443550109863,2.161059331893921,0.0,0.007194688089657575,0.09052734375,23.873928833007813,-6.402842700481415e-10,0.5497516989707947,0.00016687116564417177,-0.8793655633926392
219,897024,614.7,1993.4,1.91,0.14,10,0.125,5,0.2,402,141,8,15,238,0,0,123,-3.4264124556927027,10.191542288557214,-1.0880788564682007,0.0,-0.0012389438576065003,21.108191347122194,2.1559523701667787,0.0,0.006851217680377886,0.08671875,23.177705192565917,-7.566995918750763e-10,0.650031566619873,0.00016625766871165642,-0.880528450012207
220,901120,617.0,1777.5,2.15,0.15,10,0.125,397,0.35768261964735515,392,141,7,17,227,0,0,118,-3.4405400156830206,10.494897959183673,-1.0719751119613647,0.0,-0.0019848648458719253,22.654479598999025,2.151535081863403,0.0,0.010804594052024186,0.1447265625,16.75261347293854,-1.280568540096283e-09,0.636719286441803,0.00016564417177914107,-0.8818044662475586
221,905216,619.6,1576.4,2.45,0.15,10,0.125,276,0.3695652173913043,391,148,8,17,218,0,0,129,-3.308032125388208,10.501278772378516,-1.0450325012207031,0.0,-0.001214240025728941,20.056235122680665,2.1440085053443907,0.0,0.01074964925646782,0.14033203125,17.474908971786498,-2.9103830456733704e-10,0.6912513971328735,0.00016503067484662578,-0.8843302726745605
222,909312,622.1,1640.7,2.35,0.15,10,0.125,141,0.3829787234042553,377,138,9,17,213,0,0,119,-3.4120466760686545,10.750663129973475,-1.055186152458191,0.0,-0.006917957938276232,25.683961582183837,2.134701704978943,0.0,0.010101971996482462,0.13828125,22.33369083404541,-2.3283064365386963e-10,0.5875532627105713,0.00016441717791411043,-0.8859186172485352
223,913408,624.4,1743.0,2.2,0.15,10,0.125,35,0.2857142857142857,406,144,11,13,238,0,0,125,-3.5571109386049944,10.0935960591133,-1.1232903003692627,0.0,-0.004449026752263307,20.311896228790282,2.130334401130676,0.0,0.006350377839407883,0.082177734375,21.51262574195862,-4.0745362639427185e-10,0.6474440097808838,0.00016380368098159505,-0.8869466185569763
224,917504,627.2,1492.9,2.59,0.15,10,0.125,423,0.3664302600472813,388,145,11,15,217,0,0,126,-3.494011920538714,10.662371134020619,-1.0619693994522095,0.0,-0.004523185733705759,23.634414768218996,2.1260234355926513,0.0,0.006933111647958868,0.088720703125,23.10979413986206,-1.280568540096283e-09,0.6147501468658447,0.00016319018404907973,-0.8878980875015259
225,921600,629.7,1666.5,2.31,0.15,10,0.125,321,0.3364485981308411,410,142,6,21,241,0,0,130,-3.3209504467046496,9.924390243902439,-1.0983679294586182,0.0,-0.005399247817695141,21.601377868652342,2.1225576639175414,0.0,0.00660576292721089,0.08818359375,21.37595067024231,-1.1059455573558807e-09,0.6396926641464233,0.0001625766871165644,-0.8887271881103516
226,925696,632.7,1364.5,2.85,0.15,10,0.125,213,0.3427230046948357,404,136,10,12,246,0,0,122,-3.516481515354612,10.121287128712872,-1.1114661693572998,0.0,-0.003253242839127779,22.12776279449463,2.1187067151069643,0.0,0.008969394929590636,0.128759765625,16.378987121582032,-9.89530235528946e-10,0.6345982551574707,0.00016196319018404906,-0.8899365663528442
227,929792,635.4,1504.9,2.57,0.15,10,0.125,84,0.36904761904761907,383,139,7,19,218,0,0,123,-3.501484938085995,10.681462140992167,-1.0772228240966797,0.0,-0.005118328426033258,25.31198568344116,2.1128270983695985,0.0,0.00883466426457744,0.123779296875,23.573965978622436,-5.238689482212067e-10,0.6219714283943176,0.0001613496932515337,-0.8914616107940674
228,933888,638.3,1398.2,2.78,0.15,10,0.125,486,0.36419753086419754,402,146,11,11,234,0,0,122,-3.5461167573671397,10.300995024875622,-1.064407467842102,0.0,-0.005951193161308765,22.11646180152893,2.107834041118622,0.0,0.008162893168628216,0.11416015625,21.124789237976074,4.656612873077393e-10,0.6447455286979675,0.0001607361963190184,-0.892490565776825
229,937984,641.4,1357.5,2.87,0.14,10,0.125,362,0.35359116022099446,388,142,7,12,227,0,0,121,-3.297074497673809,10.376288659793815,-1.0332159996032715,0.0,-0.0012719432823359966,18.130809020996093,2.1034643054008484,0.0,0.011660892362124286,0.160205078125,18.63320209980011,-1.7462298274040222e-10,0.7055023908615112,0.00016012269938650307,-0.8937424421310425
230,942080,644.2,1454.7,2.67,0.14,10,0.125,243,0.32510288065843623,393,132,19,12,230,0,0,113,-3.2628368348995913,10.473282442748092,-1.109281301498413,0.0,-0.0007638601586222648,24.970393466949464,2.0990289211273194,0.0,0.011436554222018457,0.15751953125,21.910775423049927,-6.402842700481415e-10,0.6150497198104858,0.00015950920245398772,-0.8945903778076172
231,946176,647.2,1372.0,2.84,0.14,10,0.125,145,0.2827586206896552,414,132,8,14,260,0,0,111,-3.2879248287334555,9.942028985507246,-1.1600784063339233,0.0,-0.004669980192556977,21.613393211364745,2.0955794215202332,0.0,0.00868756501295138,0.11640625,21.067692279815674,-1.4551915228366852e-09,0.6536942720413208,0.0001588957055214724,-0.8956598043441772
232,950272,650.0,1468.6,2.64,0.15,10,0.125,21,0.3333333333333333,388,139,11,16,222,0,0,123,-3.548405600886718,10.533505154639176,-1.0752549171447754,0.0,-0.004684427799656987,24.250746631622313,2.0900189518928527,0.0,0.009727701894007623,0.12900390625,19.012350606918336,-1.7462298274040222e-10,0.6104171276092529,0.00015828220858895705,-0.8974073529243469
233,954368,653.0,1345.7,2.9,0.14,10,0.125,398,0.38944723618090454,377,148,7,12,210,0,0,133,-3.3297689019012044,10.912466843501326,-0.9942413568496704,0.0,-0.00537811298854649,22.002961730957033,2.0830734968185425,0.0,0.008262526217731648,0.110107421875,22.235818672180176,-1.3387762010097504e-09,0.6435555219650269,0.0001576687116564417,-0.8989068269729614
234,958464,655.5,1637.4,2.35,0.15,10,0.125,277,0.35018050541516244,391,143,13,20,215,0,0,133,-3.6067301982661313,10.473145780051151,-1.0679281949996948,0.0,-0.005045904265716672,27.30728225708008,2.077972972393036,0.0,0.007928947458276525,0.108154296875,20.685708808898926,-1.3387762010097504e-09,0.5820596218109131,0.00015705521472392635,-0.9000962972640991
235,962560,658.4,1449.4,2.68,0.15,10,0.125,116,0.5344827586206896,351,151,7,11,182,0,0,135,-3.3581633820605643,11.62962962962963,-0.9213857650756836,0.0,-0.005379621358588338,18.912488985061646,2.0736287593841554,0.0,0.007879293113364837,0.111181640625,20.19607424736023,0.0,0.6807558536529541,0.00015644171779141103,-0.9008892178535461
236,966656,661.6,1289.3,3.03,0.15,10,0.125,506,0.3893280632411067,390,135,8,13,234,0,0,117,-3.536311947343796,10.535897435897436,-1.07510244846344,0.0,-0.005365797178819775,23.996871042251588,2.0702465057373045,0.0,0.007529754572897218,0.09892578125,20.706578636169432,-1.3969838619232178e-09,0.6182544231414795,0.0001558282208588957,-0.9020310640335083
237,970752,664.6,1361.5,2.86,0.15,10,0.125,358,0.4329608938547486,364,157,7,14,186,0,0,139,-3.3217848253026854,11.153846153846153,-0.927049458026886,0.0,-0.0037071500904858113,20.98444323539734,2.0654579758644105,0.0,0.005164751040865667,0.059326171875,21.27391724586487,0.0,0.6532039642333984,0.00015521472392638036,-0.9031617641448975
238,974848,667.3,1502.5,2.58,0.15,10,0.125,228,0.3508771929824561,382,138,13,15,216,0,0,114,-3.453537767912971,10.795811518324607,-1.0580894947052002,0.0,-0.005126764811575413,24.742045974731447,2.060143971443176,0.0,0.009937897193594836,0.139892578125,18.401325964927672,-1.2223608791828156e-09,0.6235038638114929,0.00015460122699386504,-0.9048471450805664
239,978944,670.3,1364.4,2.85,0.15,10,0.125,103,0.3883495145631068,387,153,9,8,217,0,0,137,-3.3158902937653445,10.506459948320414,-0.9716337323188782,0.0,-0.003822536300867796,17.67038836479187,2.0537352085113527,0.0,0.005693475602311082,0.069384765625,20.229037880897522,-1.3387762010097504e-09,0.7022519111633301,0.00015398773006134971,-0.9061073660850525
240,983040,673.2,1405.1,2.76,0.15,10,0.125,474,0.41139240506329117,371,155,5,9,202,0,0,139,-3.3799346125192224,11.067385444743936,-0.9425233602523804,0.0,-0.004712466616183519,15.220943593978882,2.0488433957099916,0.0,0.009171390057599638,0.119873046875,14.290970349311829,-1.7462298274040222e-10,0.7301228642463684,0.00015337423312883434,-0.9074448943138123
241,987136,675.7,1660.1,2.32,0.14,10,0.125,323,0.3993808049535604,361,141,9,14,197,0,0,121,-3.48044102568478,11.268698060941828,-0.9759968519210815,0.0,-0.001934634894132614,21.034037017822264,2.0432307958602904,0.0,0.00877700662240386,0.11943359375,19.007198286056518,5.820766091346741e-11,0.6407973766326904,0.000152760736196319,-0.9089534878730774
242,991232,678.8,1348.9,2.89,0.15,10,0.125,173,0.4508670520231214,362,162,11,6,183,0,0,138,-3.341401966526908,11.323204419889503,-0.8822391033172607,0.0,-0.0052722702268511055,20.08504629135132,2.0381902933120726,0.0,0.008180579807958565,0.11240234375,18.50823848247528,-5.820766091346741e-11,0.6822893619537354,0.00015214723926380367,-0.9096434116363525
243,995328,681.7,1398.1,2.79,0.14,10,0.125,35,0.4857142857142857,374,158,6,7,203,0,0,140,-3.3914264067553637,11.029411764705882,-0.9433266520500183,0.0,-0.004007215984165669,15.901466464996338,2.035499334335327,0.0,0.007346590078668669,0.0927734375,16.185166549682616,-6.984919309616089e-10,0.7394376993179321,0.00015153374233128835,-0.9107035994529724
244,999424,684.6,1408.7,2.76,0.15,10,0.125,411,0.41119221411192214,376,152,7,11,206,0,0,135,-3.3211805478765806,11.002659574468085,-0.9628902077674866,0.0,-0.004286473104730249,18.844504594802856,2.0292726159095764,0.0,0.008084474827046505,0.104443359375,18.317497968673706,-6.984919309616089e-10,0.6951979398727417,0.000150920245398773,-0.912704586982727
245,1003520,687.4,1475.2,2.63,0.15,10,0.125,271,0.4022140221402214,372,134,13,14,210,1,0,115,-3.4911128500364157,10.879032258064516,-1.0599679946899414,0.0,-0.005374862533062697,27.609986972808837,2.0223195433616636,0.0,0.006420814344892278,0.085009765625,24.003889799118042,-7.566995918750763e-10,0.6126923561096191,0.00015030674846625762,-0.913875162601471
246,1007616,690.2,1452.7,2.67,0.15,10,0.125,128,0.453125,369,158,8,8,195,0,0,140,-3.30850235787858,11.224932249322492,-0.9051802754402161,0.0,-0.006386211584322154,17.695862936973572,2.0186503767967223,0.0,0.009843268524855375,0.136328125,17.759053468704224,-8.149072527885437e-10,0.7045138478279114,0.0001496932515337423,-0.9146569967269897
247,1011712,693.2,1384.2,2.81,0.15,10,0.125,501,0.41317365269461076,373,149,9,15,200,0,0,123,-3.3614002824682867,11.05361930294906,-0.9692741632461548,0.0,-0.0035380298271775247,24.22534074783325,2.015886092185974,0.0,0.008639847140875645,0.11318359375,25.42069265842438,-1.2223608791828156e-09,0.6147589087486267,0.00014907975460122698,-0.9153820276260376
248,1015808,695.8,1552.2,2.49,0.15,10,0.125,353,0.43626062322946174,364,155,7,7,195,0,0,143,-3.277715129255027,11.076923076923077,-0.8979389071464539,0.0,-0.005167724145576358,15.990886735916138,2.0118732333183287,0.0,0.010675807369989344,0.142822265625,20.9841588973999,-1.3387762010097504e-09,0.7190577983856201,0.00014846625766871163,-0.9166609048843384
249,1019904,698.8,1389.9,2.8,0.14,10,0.125,216,0.4074074074074074,375,152,11,11,201,0,0,133,-3.339136074184987,10.949333333333334,-0.9607217311859131,0.0,-0.005042156483978033,23.74720706939697,2.0061012148857116,0.0,0.008206879314093385,0.10810546875,23.714220094680787,-2.0372681319713593e-10,0.6376895904541016,0.0001478527607361963,-0.9182770252227783
250,1024000,701.8,1382.2,2.82,0.14,10,0.125,88,0.4659090909090909,384,148,8,15,213,0,0,130,-3.277888964449951,10.619791666666666,-0.983744740486145,0.0,-0.005007394542917609,20.38450894355774,1.9989143431186676,0.0,0.0066941667202627285,0.0876953125,20.058795976638795,-1.1059455573558807e-09,0.6625750660896301,0.00014723926380368098,-0.9202781915664673
251,1028096,704.5,1483.3,2.61,0.15,10,0.125,492,0.3780487804878049,404,145,5,11,243,0,0,130,-3.3565659918037305,10.128712871287128,-1.0087883472442627,0.0,-0.003865867853164673,17.808933353424074,1.9908401191234588,0.0,0.010811873967759312,0.148388671875,18.42191376686096,-3.4924596548080444e-10,0.6935003995895386,0.00014662576687116564,-0.9222363233566284
252,1032192,707.4,1435.0,2.71,0.14,10,0.125,381,0.3333333333333333,401,135,9,11,246,0,0,111,-3.40003858851559,10.11221945137157,-1.1043624877929688,0.0,-0.006679894449189305,20.431428384780883,1.9840204775333405,0.0,0.007877386569452938,0.10458984375,22.645110988616942,-1.4842953532934189e-09,0.6525837182998657,0.00014601226993865031,-0.9236442446708679
253,1036288,710.2,1489.0,2.6,0.15,10,0.125,276,0.33695652173913043,407,148,5,17,237,0,0,133,-3.2772417871317767,10.309582309582309,-1.0397021770477295,0.0,-0.007333280541934073,20.848992538452148,1.9790209531784058,0.0,0.009506401838734746,0.121240234375,18.045092725753783,-2.3283064365386963e-10,0.6724671125411987,0.00014539877300613494,-0.9247702956199646
254,1040384,712.8,1549.0,2.51,0.14,10,0.125,132,0.4621212121212121,368,160,4,12,192,0,0,140,-3.3899432163309378,11.122282608695652,-0.911760687828064,0.0,-0.00026313946582376955,14.687341833114624,1.9735401332378388,0.0,0.01152188451960683,0.1529296875,17.318324303627016,0.0,0.7331441640853882,0.00014478527607361962,-0.9265785813331604
255,1044480,715.6,1497.3,2.59,0.15,10,0.125,12,0.5,392,149,5,9,229,0,0,135,-3.238196688122957,10.323979591836734,-0.9736493825912476,0.0,-0.0038551992271095513,16.705790710449218,1.9658159792423249,0.0,0.00949146778875729,0.12705078125,18.729063296318053,-1.57160684466362e-09,0.710944652557373,0.00014417177914110427,-0.9284307956695557
256,1048576,718.3,1485.5,2.61,0.15,10,0.125,394,0.39086294416243655,382,148,10,15,209,0,0,128,-3.2420233140926413,10.821989528795811,-0.9585727453231812,0.0,-0.003130984865128994,21.371652126312256,1.9589057207107543,0.0,0.007676398515468463,0.1015625,21.13371021747589,-1.4551915228366852e-09,0.6346729397773743,0.00014355828220858895,-0.9301559925079346
257,1052672,721.1,1462.7,2.65,0.15,10,0.125,249,0.41365461847389556,367,161,5,6,195,0,0,144,-3.1266499709570956,11.08174386920981,-0.8576380014419556,0.0,-0.0034448585007339715,15.01562566757202,1.9524146616458893,0.0,0.0072772602215991355,0.094482421875,21.45920901298523,5.529727786779404e-10,0.7286599278450012,0.0001429447852760736,-0.9315310120582581
258,1056768,723.9,1474.5,2.63,0.15,10,0.125,118,0.4745762711864407,381,155,3,7,215,1,0,136,-3.2774803618459405,10.73228346456693,-0.9288146495819092,0.0,-0.0026129669044166804,13.550553441047668,1.946708858013153,0.0,0.011217881285119802,0.15087890625,14.414146971702575,-9.313225746154785e-10,0.7673173546791077,0.00014233128834355828,-0.9330438375473022
259,1060864,726.8,1439.4,2.7,0.15,10,0.125,0,,394,143,5,10,236,0,0,132,-3.2104900537828387,10.47715736040609,-0.9775958061218262,0.0,-0.003420387487858534,15.98951427936554,1.9418337166309356,0.0,0.008649192153825425,0.111865234375,17.10385410785675,-6.402842700481415e-10,0.7165632247924805,0.00014171779141104295,-0.9338815808296204
260,1064960,729.7,1388.8,2.8,0.15,10,0.125,365,0.4328767123287671,365,158,5,13,189,0,0,139,-3.281913701012224,11.216438356164383,-0.8910921812057495,0.0,-0.0003381378948688507,17.76969995498657,1.938296639919281,0.0,0.007930453919107095,0.106982421875,23.496141624450683,-1.1641532182693481e-10,0.6973236799240112,0.00014110429447852758,-0.9349961876869202
261,1069056,732.7,1397.7,2.79,0.14,10,0.125,201,0.4427860696517413,348,155,7,8,178,0,0,138,-3.3618618778657368,11.689655172413794,-0.8810672163963318,0.0,-0.0033211398404091597,21.73598313331604,1.933540588617325,0.0,0.0056982407812029125,0.069482421875,24.121867656707764,-5.238689482212067e-10,0.6821486353874207,0.00014049079754601226,-0.9361375570297241
262,1073152,735.5,1459.8,2.66,0.14,10,0.125,66,0.4090909090909091,377,153,4,11,209,0,0,132,-3.29951126665444,10.920424403183024,-0.912356972694397,0.0,-0.004469305509701371,16.270881414413452,1.9294218242168426,0.0,0.007981739248498343,0.103125,21.501835584640503,-1.3969838619232178e-09,0.6931494474411011,0.0001398773006134969,-0.936954140663147
263,1077248,738.6,1301.3,3.0,0.15,10,0.125,428,0.4158878504672897,362,151,7,6,198,0,0,132,-3.292387386602825,11.237569060773481,-0.8941726684570312,0.0,-0.002826920198276639,16.530069637298585,1.92651047706604,0.0,0.010778434976236895,0.14423828125,18.08854205608368,5.820766091346741e-11,0.7058194875717163,0.00013926380368098159,-0.9375971555709839
264,1081344,741.4,1480.8,2.62,0.15,10,0.125,293,0.42662116040955633,377,154,3,9,211,0,0,144,-3.278330004436989,11.005305039787798,-0.9153643846511841,0.0,-0.0056059429422020916,13.071620798110962,1.9237682163715362,0.0,0.008454727155913134,0.10595703125,15.213199758529663,-1.2514647096395493e-09,0.7586067914962769,0.00013865030674846624,-0.9386278986930847
265,1085440,744.5,1318.7,2.97,0.14,10,0.125,153,0.39869281045751637,372,154,5,11,202,0,0,137,-3.389115899110522,10.81989247311828,-0.9321831464767456,0.0,-0.001986111793667078,16.685348415374754,1.9186528205871582,0.0,0.007001703698188066,0.091455078125,16.34309055805206,-4.656612873077393e-10,0.7274162173271179,0.00013803680981595091,-0.9399430751800537
266,1089536,747.4,1423.1,2.73,0.15,10,0.125,23,0.34782608695652173,382,152,7,6,217,0,0,145,-3.1778390353873975,10.803664921465968,-0.9150432348251343,0.0,-0.0022104961797595026,14.685248041152954,1.913840764760971,0.0,0.007719696381536778,0.1017578125,19.325706005096436,-8.440110832452774e-10,0.7364456057548523,0.00013742331288343557,-0.940997838973999
267,1093632,750.4,1385.0,2.81,0.15,10,0.125,384,0.4192708333333333,361,153,4,11,193,0,0,139,-3.2790934875066218,11.387811634349031,-0.8819788694381714,0.0,-0.0034766110591590406,16.273905277252197,1.9104607105255127,0.0,0.008546377357561141,0.11328125,17.48214123249054,-2.3283064365386963e-10,0.725730299949646,0.00013680981595092024,-0.9416155219078064
268,1097728,753.1,1483.8,2.62,0.14,10,0.125,232,0.45689655172413796,360,152,4,6,197,1,0,138,-3.255259607824559,11.175,-0.8842233419418335,0.0,-0.0038447163999080656,14.378926587104797,1.9067995369434356,0.0,0.00798170049674809,0.10498046875,17.46551697254181,-4.656612873077393e-10,0.7536838054656982,0.00013619631901840492,-0.9431126117706299
269,1101824,755.8,1529.3,2.53,0.15,10,0.125,75,0.48,355,160,6,7,182,0,0,142,-3.3385765639400007,11.591549295774648,-0.8459459543228149,0.0,-0.005904070427641272,14.899068212509155,1.9005236506462098,0.0,0.008434894957463256,0.11064453125,16.74227523803711,-2.9103830456733704e-10,0.7337156534194946,0.00013558282208588955,-0.9444391131401062
270,1105920,758.8,1371.0,2.84,0.15,10,0.125,441,0.42857142857142855,366,153,10,8,195,0,0,133,-3.487107450644043,11.245901639344263,-0.9187710881233215,0.0,-0.004623347613960505,17.556244325637817,1.8960241854190827,0.0,0.006135627446928993,0.0775390625,20.241762590408324,-1.0477378964424133e-09,0.6943637132644653,0.00013496932515337422,-0.9455468654632568
271,1110016,761.8,1391.8,2.8,0.14,10,0.125,285,0.43508771929824563,356,153,4,11,188,0,0,136,-3.3437499909022277,11.4438202247191,-0.8884696960449219,0.0,-0.007823520759120583,15.178894567489625,1.8911728501319884,0.0,0.009275920718209818,0.125830078125,16.90372347831726,-2.6193447411060333e-09,0.7408286333084106,0.00013435582822085888,-0.9467421770095825
272,1114112,764.5,1485.9,2.61,0.15,10,0.125,137,0.4233576642335766,364,153,10,10,191,0,0,133,-3.2344070851906124,11.417582417582418,-0.8697447180747986,0.0,-0.0043626753613352776,21.800266075134278,1.8865953385829926,0.0,0.006867175480874721,0.086279296875,25.486376667022704,-1.7171259969472885e-09,0.6268260478973389,0.00013374233128834355,-0.947878360748291
273,1118208,767.4,1451.6,2.68,0.15,10,0.125,500,0.442,363,163,7,4,189,0,0,139,-3.3049137581766352,11.338842975206612,-0.8424498438835144,0.0,-0.004818541649729014,15.309434032440185,1.8828744530677795,0.0,0.007561079357401468,0.099560546875,19.197641849517822,-1.7462298274040222e-10,0.7387895584106445,0.0001331288343558282,-0.9485344886779785
274,1122304,770.1,1480.8,2.62,0.15,10,0.125,336,0.44642857142857145,348,153,3,9,183,0,0,135,-3.2732012774294508,11.482758620689655,-0.841209888458252,0.0,-0.0034628236200660465,14.084393310546876,1.8801775991916656,0.0,0.008661310610477813,0.119580078125,22.104303979873656,-5.820766091346741e-11,0.7363337278366089,0.00013251533742331288,-0.9492774605751038
275,1126400,773.0,1446.6,2.68,0.15,10,0.125,219,0.3926940639269406,395,147,7,13,228,0,0,134,-3.2352345434726284,10.48354430379747,-0.9704253077507019,0.0,-0.0018735363148152829,18.54217095375061,1.8764038383960724,0.0,0.007097962568514049,0.092724609375,20.037669444084166,-1.3969838619232178e-09,0.6696550846099854,0.00013190184049079756,-0.950577437877655
276,1130496,775.8,1481.6,2.62,0.15,10,0.125,63,0.4444444444444444,356,159,5,11,181,0,0,139,-3.4044568817771363,11.52247191011236,-0.8541004657745361,0.0,-0.00598376733250916,17.33387475013733,1.8702996969223022,0.0,0.008367056657152715,0.10830078125,21.30311002731323,-1.0477378964424133e-09,0.7005611658096313,0.00013128834355828219,-0.952190637588501
277,1134592,778.5,1501.7,2.58,0.15,10,0.125,440,0.42045454545454547,377,157,7,7,206,0,0,141,-3.3113148777153265,10.920424403183024,-0.8857250809669495,0.0,-0.002305950887966901,14.751316833496094,1.8648167669773101,0.0,0.012073704371869099,0.1490234375,17.07012073993683,-2.153683453798294e-09,0.7387886047363281,0.00013067484662576686,-0.9532856345176697
278,1138688,781.5,1356.5,2.87,0.15,10,0.125,302,0.423841059602649,374,158,7,3,206,0,0,141,-3.429893271508779,10.959893048128341,-0.8941287398338318,0.0,-0.0028086358681321142,12.927817249298096,1.8607982516288757,0.0,0.0078027414987445805,0.10478515625,16.43888416290283,-2.066371962428093e-09,0.7616215944290161,0.00013006134969325152,-0.9543374180793762
279,1142784,784.6,1351.0,2.88,0.15,10,0.125,135,0.4962962962962963,345,150,8,14,173,0,0,134,-3.3671539526704595,11.710144927536232,-0.8942025303840637,0.0,-0.0035214297939091923,21.997352600097656,1.856328421831131,0.0,0.007232868381834123,0.095458984375,26.07232551574707,-1.775333657860756e-09,0.6353610754013062,0.0001294478527607362,-0.9553759098052979
280,1146880,787.4,1423.4,2.74,0.14,10,0.125,509,0.4263261296660118,374,150,8,3,213,0,0,131,-3.2331584090325647,11.029411764705882,-0.9098525047302246,0.0,-0.0049051642417907715,13.838722419738769,1.8520851969718932,0.0,0.005659032989933621,0.066455078125,16.205381441116334,2.9103830456733704e-11,0.7594086527824402,0.00012883435582822084,-0.9565324187278748
281,1150976,790.2,1468.0,2.64,0.15,10,0.125,329,0.49240121580547114,332,163,7,6,156,0,0,147,-3.264380519462633,12.358433734939759,-0.7780810594558716,0.0,-0.0017919131554663182,15.170952033996581,1.8474883675575255,0.0,0.010915281796769705,0.1533203125,17.077320885658263,-1.775333657860756e-09,0.730086624622345,0.00012822085889570552,-0.9575636386871338
282,1155072,792.9,1523.9,2.54,0.15,10,0.125,177,0.4180790960451977,360,155,4,14,187,0,0,142,-3.211468311371319,11.35,-0.8676935434341431,0.0,-0.004117760807275772,15.337815403938293,1.8433568596839904,0.0,0.008951647455978673,0.123291015625,18.860644721984862,-1.3096723705530167e-09,0.7268834114074707,0.00012760736196319015,-0.9588046073913574
283,1159168,795.6,1527.8,2.53,0.15,10,0.125,24,0.375,359,154,6,8,191,0,0,140,-3.2222281922657965,11.437325905292479,-0.8688929677009583,0.0,-0.003491709381341934,17.732204008102418,1.838128572702408,0.0,0.0076170508575160055,0.098583984375,18.654012298583986,-4.656612873077393e-10,0.6933019161224365,0.00012699386503067483,-0.9601387977600098
284,1163264,798.6,1399.2,2.78,0.15,10,0.125,392,0.413265306122449,368,153,5,10,200,0,0,136,-3.257072663060851,11.26086956521739,-0.8877289891242981,0.0,-0.004418187122792005,15.45546064376831,1.8332816243171692,0.0,0.009134553361218423,0.121875,16.344433856010436,4.0745362639427185e-10,0.7358688116073608,0.0001263803680981595,-0.9608856439590454
285,1167360,801.3,1505.2,2.58,0.14,10,0.125,260,0.4076923076923077,380,154,7,9,210,0,0,133,-3.3319346662640705,10.792105263157895,-0.9167553186416626,0.0,-0.0049873657524585726,14.081276631355285,1.8317675411701202,0.0,0.010357084368297364,0.142578125,20.52213535308838,-1.6589183360338211e-09,0.7510148286819458,0.00012576687116564415,-0.9612536430358887
286,1171456,804.1,1460.6,2.66,0.14,10,0.125,109,0.3853211009174312,361,153,5,10,193,0,0,139,-3.240552280121558,11.221606648199446,-0.8729482889175415,0.0,-0.004605074785649777,16.062092781066895,1.8290135622024537,0.0,0.008978790321270936,0.11728515625,17.29410352706909,-1.2223608791828156e-09,0.7193508744239807,0.00012515337423312883,-0.9621545672416687
287,1175552,807.1,1387.8,2.8,0.15,10,0.125,462,0.43506493506493504,353,159,4,8,182,0,0,140,-3.253855776366992,11.524079320113314,-0.8140147924423218,0.0,-0.002873300341889262,14.67780294418335,1.8241524934768676,0.0,0.0055781057948479425,0.067724609375,16.669620275497437,-1.6880221664905548e-09,0.7272842526435852,0.00012453987730061348,-0.9638383388519287
288,1179648,809.8,1504.5,2.57,0.15,10,0.125,321,0.3956386292834891,371,148,4,10,209,0,0,143,-3.01489721164451,11.09433962264151,-0.8916362524032593,0.0,-0.005941595835611224,13.818650436401366,1.8178890764713287,0.0,0.007186646196350921,0.089794921875,15.99147653579712,-4.94765117764473e-10,0.7570377588272095,0.00012392638036809816,-0.9650493860244751
289,1183744,812.7,1413.2,2.75,0.15,10,0.125,157,0.47770700636942676,348,160,6,5,177,0,0,148,-3.2297233736749478,11.793103448275861,-0.7919048070907593,0.0,-0.0053414984606206415,14.44130744934082,1.8132744789123536,0.0,0.008610817747830879,0.112548828125,17.678473234176636,-1.5425030142068863e-09,0.7377355098724365,0.0001233128834355828,-0.9662750959396362
290,1187840,815.6,1413.9,2.75,0.15,10,0.125,39,0.38461538461538464,394,144,6,12,232,0,0,136,-3.2179589229077044,10.48477157360406,-0.9701555967330933,0.0,-0.00382193299010396,17.800189590454103,1.8090137362480163,0.0,0.006792476821283344,0.089697265625,18.808716678619383,-1.367880031466484e-09,0.692091703414917,0.00012269938650306746,-0.9670290946960449
291,1191936,818.2,1555.5,2.48,0.15,10,0.125,399,0.42355889724310775,360,154,7,8,191,0,0,143,-3.2132493470030346,11.188888888888888,-0.8607501983642578,0.0,-0.0034415272530168295,15.68251838684082,1.806739717721939,0.0,0.008061082492349669,0.104345703125,19.502819752693178,-7.566995918750763e-10,0.7231000661849976,0.00012208588957055212,-0.9676196575164795
292,1196032,821.3,1337.9,2.91,0.15,10,0.125,249,0.46184738955823296,362,162,3,11,186,0,0,147,-3.3710061164215586,11.25414364640884,-0.8235472440719604,0.0,-0.0034733010455965997,13.981095123291016,1.8034699261188507,0.0,0.006712147657526657,0.082470703125,16.946629548072814,-1.7462298274040222e-09,0.7627499103546143,0.0001214723926380368,-0.9685983061790466
293,1200128,824.4,1311.3,2.97,0.15,10,0.125,90,0.32222222222222224,353,149,5,14,182,3,0,134,-3.132802282808654,11.818696883852692,-0.8847022652626038,0.0,-0.0034666507504880427,22.581879997253417,1.799626535177231,0.0,0.007538111272151582,0.095166015625,22.551219129562377,-1.0477378964424133e-09,0.645953893661499,0.00012085889570552147,-0.969479501247406
294,1204224,827.4,1384.8,2.82,0.14,10,0.125,455,0.3978021978021978,365,152,7,7,199,0,0,142,-3.1964312034948663,10.98082191780822,-0.889319658279419,0.0,-0.004422712326049805,15.217070770263671,1.7956578195095063,0.0,0.006390651311085094,0.083740234375,17.363358116149904,-1.8335413187742233e-09,0.7292859554290771,0.00012024539877300612,-0.9707934856414795
295,1208320,829.9,1643.4,2.34,0.15,10,0.125,331,0.3867069486404834,388,150,7,11,220,0,0,138,-3.201137905419057,10.737113402061855,-0.9209975004196167,0.0,-0.0015245252288877964,16.037345123291015,1.7900942385196685,0.0,0.007441294983436819,0.097265625,21.862568616867065,-6.111804395914078e-10,0.7128827571868896,0.0001196319018404908,-0.971974790096283
296,1212416,832.6,1534.4,2.52,0.15,10,0.125,181,0.425414364640884,362,154,5,16,187,0,0,135,-3.3091670627552077,11.295580110497237,-0.856647253036499,0.0,-0.002928367257118225,17.937127304077148,1.7860423088073731,0.0,0.01013139445130946,0.14130859375,18.78393347263336,-8.731149137020111e-11,0.6904383897781372,0.00011901840490797544,-0.9728900790214539
297,1216512,835.2,1564.5,2.48,0.14,10,0.125,44,0.5681818181818182,375,165,3,7,200,0,0,145,-3.1531160972351198,10.962666666666667,-0.8017326593399048,0.0,-0.005218146275728941,11.006090760231018,1.7821873903274537,0.0,0.008876355220854748,0.117626953125,16.101930451393127,-4.3655745685100555e-10,0.7884277701377869,0.00011840490797546012,-0.9739579558372498
298,1220608,837.8,1570.9,2.47,0.14,10,0.125,418,0.3875598086124402,374,137,11,13,213,0,0,125,-3.263633255009747,10.8475935828877,-0.9521551132202148,0.0,-0.0040113402530550955,19.35396890640259,1.7779972016811372,0.0,0.0092656723674736,0.125244140625,23.90842475891113,-6.693881005048752e-10,0.6536065340042114,0.00011779141104294476,-0.974939227104187
299,1224704,840.8,1400.5,2.78,0.15,10,0.125,262,0.44656488549618323,356,155,7,11,183,0,0,138,-3.1872010175586873,11.558988764044944,-0.8326737880706787,0.0,-0.003819842357188463,16.62571187019348,1.7735667824745178,0.0,0.006480790037312545,0.085009765625,19.75783567428589,-4.0745362639427185e-10,0.7008661031723022,0.00011717791411042943,-0.9761672616004944
300,1228800,843.5,1522.9,2.55,0.14,10,0.125,92,0.42391304347826086,342,145,5,16,176,0,0,131,-3.288559539981018,11.976608187134502,-0.8494126796722412,0.0,7.339688017964363e-05,21.33979468345642,1.7692451298236846,0.0,0.011404823382326868,0.151171875,22.443301057815553,-1.1932570487260818e-09,0.6201238632202148,0.00011656441717791411,-0.9770115613937378
301,1232896,846.4,1396.1,2.79,0.15,10,0.125,468,0.4081196581196581,376,152,4,7,213,0,0,135,-3.3978898354458074,10.840425531914894,-0.9056479334831238,0.0,-0.005510242003947496,15.265946674346925,1.7658284902572632,0.0,0.00929421800392447,0.1216796875,19.262678837776186,-3.7834979593753815e-10,0.7202954292297363,0.00011595092024539876,-0.978124737739563
302,1236992,849.4,1369.1,2.84,0.15,10,0.125,324,0.42901234567901236,368,156,6,6,200,0,0,141,-3.2063495277797363,11.125,-0.8618184924125671,0.0,-0.00559652759693563,12.610969829559327,1.7613067924976349,0.0,0.00922320159006631,0.129931640625,15.265383911132812,-2.6193447411060333e-10,0.7674148678779602,0.00011533742331288344,-0.9789857268333435
303,1241088,852.2,1451.0,2.67,0.15,10,0.125,162,0.4074074074074074,350,155,8,7,180,0,0,143,-3.0772045210560983,11.677142857142858,-0.8286173343658447,0.0,-0.004180222470313311,17.05880661010742,1.7583415031433105,0.0,0.006860445435449947,0.092431640625,18.831570649147032,-5.820766091346741e-10,0.7145055532455444,0.00011472392638036808,-0.9799172282218933
304,1245184,855.2,1397.4,2.78,0.15,10,0.125,35,0.45714285714285713,385,156,4,11,214,0,0,138,-3.35403259199398,10.844155844155845,-0.8969941139221191,0.0,-0.004941212618723512,14.630808091163635,1.7542428433895112,0.0,0.007888886665750761,0.104052734375,18.414958786964416,-1.7462298274040222e-09,0.7428345680236816,0.00011411042944785276,-0.9808930158615112
305,1249280,858.2,1338.9,2.91,0.15,10,0.125,406,0.3842364532019704,371,140,8,12,210,1,0,125,-3.284463005464838,10.897574123989218,-0.9456444978713989,0.0,-0.005212787725031376,19.19414620399475,1.750490176677704,0.0,0.006567187698965427,0.0828125,23.673288345336914,-8.731149137020111e-10,0.6834022998809814,0.00011349693251533741,-0.9818277359008789
306,1253376,861.2,1393.5,2.79,0.15,10,0.125,241,0.44813278008298757,347,156,6,3,182,0,0,143,-3.2640626456402484,11.772334293948127,-0.8242765665054321,0.0,-0.006665629893541336,12.675339818000793,1.7470148146152495,0.0,0.008198732318123802,0.100146484375,17.471071338653566,-6.111804395914078e-10,0.7854231595993042,0.00011288343558282207,-0.9825215339660645
307,1257472,864.2,1376.4,2.83,0.15,10,0.125,82,0.43902439024390244,353,166,1,4,182,0,0,147,-3.257958884720809,11.594900849858357,-0.7630751729011536,0.0,-0.0039290379034355285,9.5646226644516,1.7439148426055908,0.0,0.008077030106505845,0.107568359375,17.157281494140626,-1.57160684466362e-09,0.8140866160392761,0.00011226993865030672,-0.9835739135742188
308,1261568,866.8,1548.9,2.5,0.15,10,0.125,429,0.4568764568764569,347,160,3,8,176,0,0,141,-3.2591900533047458,11.798270893371757,-0.7814378142356873,0.0,-0.003608878888189793,12.368322491645813,1.738590544462204,0.0,0.008686604135436937,0.119921875,14.055091404914856,-1.6298145055770874e-09,0.7726182341575623,0.0001116564417177914,-0.9851250648498535
309,1265664,869.7,1415.4,2.75,0.14,10,0.125,261,0.42911877394636017,344,158,4,6,176,0,0,141,-3.1109014984592562,12.017441860465116,-0.7749762535095215,0.0,-0.0021289290860295297,12.022342491149903,1.7330419540405273,0.0,0.009203327662544326,0.124072265625,14.872310161590576,-1.7462298274040222e-09,0.7763256430625916,0.00011104294478527608,-0.9861409664154053
310,1269760,872.7,1364.2,2.86,0.14,10,0.125,116,0.41379310344827586,367,155,5,9,197,1,0,143,-3.1931982115123017,11.193460490463215,-0.8589364290237427,0.0,-0.003302307054400444,16.211356902122496,1.730157917737961,0.0,0.010403931111795828,0.136328125,20.50123801231384,-8.149072527885437e-10,0.7227248549461365,0.00011042944785276072,-0.9866035580635071
311,1273856,875.4,1536.4,2.51,0.15,10,0.125,470,0.42340425531914894,354,151,2,13,188,0,0,136,-3.1974167191404184,11.502824858757062,-0.8202521800994873,0.0,-0.002410538122057915,12.560318326950073,1.728743302822113,0.0,0.009830744541250169,0.137841796875,14.777489519119262,3.2014213502407074e-10,0.753962516784668,0.0001098159509202454,-0.986907958984375
312,1277952,878.1,1515.9,2.55,0.15,10,0.125,308,0.4577922077922078,350,162,5,5,178,0,0,147,-3.2160185069154834,11.571428571428571,-0.80112624168396,0.0,-0.00391592918895185,11.350122261047364,1.7267601191997528,0.0,0.006912682442634832,0.089990234375,14.621915030479432,-7.275957614183426e-10,0.7773036956787109,0.00010920245398773005,-0.9876827001571655
313,1282048,881.0,1444.2,2.69,0.14,10,0.125,176,0.3409090909090909,380,145,7,9,219,0,0,129,-3.1676487223745653,10.876315789473685,-0.9227532148361206,0.0,-0.005870610661804676,15.950379371643066,1.7241535186767578,0.0,0.008348347953869961,0.106201171875,15.386079025268554,-1.3387762010097504e-09,0.7151745557785034,0.00010858895705521473,-0.9880905747413635
314,1286144,883.9,1404.7,2.77,0.15,10,0.125,13,0.38461538461538464,349,165,4,8,172,0,0,141,-3.3090220625350617,11.74785100286533,-0.7847344279289246,0.0,-0.004699009982869029,12.604651618003846,1.7220044136047363,0.0,0.005382027111772913,0.064892578125,16.052700567245484,-1.367880031466484e-09,0.7608073353767395,0.00010797546012269936,-0.9889464378356934
315,1290240,887.1,1289.9,3.03,0.15,10,0.125,375,0.42933333333333334,362,156,4,6,196,0,0,142,-3.145418199814621,11.281767955801104,-0.8156921863555908,0.0,-0.0035284255165606735,11.859848523139954,1.7169401228427887,0.0,0.006087766920973081,0.0744140625,14.067602515220642,-6.693881005048752e-10,0.7830376029014587,0.00010736196319018404,-0.9907312393188477
316,1294336,889.9,1437.3,2.7,0.15,10,0.125,218,0.44495412844036697,355,153,6,10,186,0,0,148,-3.2360050578658717,11.523943661971831,-0.8438721895217896,0.0,-0.007754957210272551,15.267579889297485,1.7095882058143617,0.0,0.011070285413006786,0.139208984375,19.652387619018555,8.731149137020111e-11,0.7418031096458435,0.00010674846625766872,-0.9922616481781006
317,1298432,892.8,1419.3,2.75,0.14,10,0.125,76,0.3815789473684211,370,162,5,6,196,1,0,149,-3.2315360129551163,11.240540540540541,-0.8477675318717957,0.0,-0.0044023414142429825,13.732437705993652,1.7044947504997254,0.0,0.006379725244187284,0.078759765625,14.644357538223266,-1.7171259969472885e-09,0.7681803107261658,0.00010613496932515336,-0.9933894872665405
318,1302528,895.9,1336.6,2.91,0.15,10,0.125,422,0.466824644549763,346,168,4,7,167,0,0,149,-3.3088314625314696,11.61271676300578,-0.758188009262085,0.0,-0.006010924139991403,12.054125452041626,1.7002040266990661,0.0,0.010132614220492542,0.1373046875,14.400274848937988,-1.2223608791828156e-09,0.7772647142410278,0.00010552147239263804,-0.9943740963935852
319,1306624,899.1,1268.0,3.08,0.15,10,0.125,264,0.44696969696969696,354,160,5,8,181,0,0,146,-3.1150335672558045,11.646892655367232,-0.8126345872879028,0.0,-0.0064823289401829244,13.762811517715454,1.6966776967048645,0.0,0.009258934001263697,0.123974609375,17.615764880180357,-2.0372681319713593e-10,0.7488558292388916,0.00010490797546012269,-0.9952129125595093
320,1310720,901.9,1456.5,2.66,0.15,10,0.125,96,0.4270833333333333,344,156,6,9,173,0,0,132,-3.243171010072029,11.886627906976743,-0.8198404312133789,0.0,-0.005845578480511903,18.47873682975769,1.6931628584861755,0.0,0.006945454514061566,0.08583984375,22.005787992477416,-2.6193447411060333e-10,0.7048423290252686,0.00010429447852760737,-0.9961380958557129
321,1314816,905.1,1282.4,3.04,0.15,10,0.125,445,0.4449438202247191,349,157,6,8,177,1,0,140,-3.1574936837746,11.885386819484241,-0.8137812614440918,0.0,-0.0037206292152404787,15.091571068763733,1.6898253977298736,0.0,0.0066208008516696285,0.084716796875,20.917228269577027,-8.149072527885437e-10,0.7356410026550293,0.000103680981595092,-0.9967854022979736
322,1318912,908.0,1431.0,2.71,0.15,10,0.125,291,0.45017182130584193,358,158,2,13,185,0,0,145,-3.3803067450854143,11.452513966480447,-0.8365922570228577,0.0,-0.0035334198735654356,14.161763954162598,1.686852890253067,0.0,0.00611708512151381,0.07626953125,16.22813892364502,-1.367880031466484e-09,0.7315224409103394,0.00010306748466257668,-0.9978586435317993
323,1323008,910.9,1433.9,2.72,0.14,10,0.125,139,0.4244604316546763,360,147,6,10,197,0,0,132,-3.233062302131506,11.311111111111112,-0.8915392160415649,0.0,-0.0020611717365682123,16.824789905548094,1.6816325306892395,0.0,0.009733637608587743,0.127978515625,17.652160358428954,-9.313225746154785e-10,0.7109802961349487,0.00010245398773006133,-0.9992268085479736
324,1327104,913.4,1628.9,2.37,0.15,10,0.125,3,0.6666666666666666,376,157,4,8,207,0,0,147,-3.2018607768992777,10.938829787234043,-0.8577573299407959,0.0,-0.0045218590646982195,12.513691568374634,1.6766271710395813,0.0,0.0066316238560830245,0.084228515625,17.557245397567748,2.3283064365386963e-10,0.7672345638275146,0.000101840490797546,-1.0002875328063965
325,1331200,916.6,1272.0,3.07,0.15,10,0.125,365,0.4273972602739726,362,154,8,5,195,0,0,145,-3.2314780834342347,11.279005524861878,-0.8370538949966431,0.0,-0.00537401270121336,12.475645637512207,1.6731904447078705,0.0,0.008683876736904494,0.118310546875,16.61912293434143,-5.238689482212067e-10,0.7733960747718811,0.00010122699386503068,-1.0009597539901733
326,1335296,919.8,1306.2,2.99,0.15,10,0.125,204,0.45098039215686275,351,164,3,8,176,0,0,143,-3.2046254582602822,11.703703703703704,-0.7652684450149536,0.0,-0.004116673395037651,11.212686157226562,1.6698230504989624,0.0,0.008485251390084159,0.11376953125,13.466730618476868,-1.367880031466484e-09,0.7887973189353943,0.00010061349693251533,-1.0020921230316162
327,1339392,922.7,1383.4,2.82,0.14,10,0.125,60,0.5166666666666667,368,162,2,9,195,0,0,153,-3.1826444278607355,11.046195652173912,-0.8088521957397461,0.0,-0.0008004148956388235,10.18532474040985,1.6648442924022675,0.0,0.008406102313892915,0.10966796875,16.769775295257567,-6.111804395914078e-10,0.8027876615524292,0.0001,-1.0034949779510498
328,1343488,925.8,1344.3,2.9,0.15,10,0.125,440,0.42045454545454547,380,154,6,6,213,1,0,144,-3.1949708805051285,10.781578947368422,-0.8677221536636353,0.0,-0.005681871436536312,13.691379821300506,1.6592337131500243,0.0,0.008308994090475608,0.110400390625,17.437348556518554,-5.238689482212067e-10,0.7572108507156372,9.938650306748464e-05,-1.0047187805175781
329,1347584,928.7,1396.3,2.79,0.14,10,0.125,263,0.49429657794676807,335,164,6,3,162,0,0,152,-3.1744554436477066,12.2,-0.7208845615386963,0.0,-0.00538741173222661,11.45217831134796,1.6555272400379182,0.0,0.007394141452095937,0.09833984375,15.29400417804718,-1.6880221664905548e-09,0.7905223369598389,9.877300613496932e-05,-1.0053223371505737
330,1351680,931.7,1376.3,2.83,0.15,10,0.125,104,0.46153846153846156,353,158,6,4,185,0,0,148,-3.23621343876163,11.51841359773371,-0.7928138971328735,0.0,-0.0021385504398494957,11.514445686340332,1.653494369983673,0.0,0.006297169931349345,0.078125,16.067820167541505,5.238689482212067e-10,0.7711400389671326,9.815950920245397e-05,-1.005845546722412
331,1355776,934.5,1466.7,2.64,0.15,10,0.125,443,0.4898419864559819,339,169,0,10,160,0,0,159,-3.1650971917822464,12.221238938053098,-0.7270337343215942,0.0,-0.002903898851945996,10.68691577911377,1.6510821282863617,0.0,0.006924280004750471,0.090185546875,18.672934341430665,-2.6193447411060333e-10,0.7926352024078369,9.754601226993865e-05,-1.006522297859192
332,1359872,937.4,1405.1,2.77,0.15,10,0.125,304,0.4309210526315789,373,159,8,8,198,0,0,145,-3.212843134467526,10.927613941018766,-0.8319979906082153,0.0,-0.004796911869198084,14.376407766342163,1.6483465790748597,0.0,0.005295925043174066,0.06455078125,19.526428699493408,-1.3387762010097504e-09,0.7434337139129639,9.693251533742329e-05,-1.0071732997894287
333,1363968,940.4,1411.9,2.75,0.15,10,0.125,118,0.5338983050847458,326,159,7,8,152,0,0,145,-3.1951981135159775,12.496932515337424,-0.760909914970398,0.0,-0.0038606473710387943,14.586306166648864,1.6457483351230622,0.0,0.0049897331118700095,0.05869140625,17.292709350585938,2.9103830456733704e-11,0.743632435798645,9.631901840490797e-05,-1.0079402923583984
334,1368064,943.0,1525.1,2.54,0.15,10,0.125,461,0.49891540130151846,343,167,2,9,165,0,0,158,-3.057324517796255,12.081632653061224,-0.7187831401824951,0.0,-0.004156735446304083,10.983633732795715,1.6415732204914093,0.0,0.005626141731045209,0.068212890625,15.238816523551941,-1.5133991837501526e-09,0.793548583984375,9.570552147239264e-05,-1.0094025135040283
335,1372160,946.2,1322.2,2.95,0.15,10,0.125,297,0.46464646464646464,348,159,5,4,180,0,0,146,-3.2314812301334883,11.744252873563218,-0.7932692170143127,0.0,-0.004271581163629889,10.323599338531494,1.634578251838684,0.0,0.007037720456719398,0.0916015625,12.78866775035858,-6.693881005048752e-10,0.8123700618743896,9.509202453987728e-05,-1.0113390684127808
336,1376256,949.1,1404.8,2.77,0.15,10,0.125,105,0.4666666666666667,320,160,7,6,147,0,0,150,-3.0722953721696884,12.653125,-0.7241403460502625,0.0,-0.004811866534873843,14.355111002922058,1.6272017419338227,0.0,0.008649011371016969,0.118505859375,17.729736852645875,-9.022187441587448e-10,0.7388013005256653,9.447852760736196e-05,-1.0129244327545166
337,1380352,952.0,1408.0,2.76,0.15,10,0.125,441,0.47845804988662133,336,162,6,6,162,0,0,150,-3.194505452137083,12.333333333333334,-0.7567408084869385,0.0,-0.006337240990251303,14.730097103118897,1.6224444329738616,0.0,0.006277276760374662,0.071923828125,18.84361662864685,-8.731149137020111e-10,0.738979160785675,9.386503067484661e-05,-1.0137114524841309
338,1384448,954.7,1503.9,2.58,0.15,10,0.125,270,0.4777777777777778,341,167,1,4,169,0,0,155,-3.1067909101633595,11.982404692082111,-0.7003992795944214,0.0,-0.004413708578795195,6.959834659099579,1.6198992013931275,0.0,0.006221296636795159,0.07958984375,15.320723462104798,-7.566995918750763e-10,0.8605039119720459,9.325153374233129e-05,-1.0142481327056885
339,1388544,957.7,1372.7,2.83,0.15,10,0.125,69,0.5072463768115942,311,170,5,8,127,1,0,160,-3.086024758103628,13.17363344051447,-0.6513375043869019,0.0,-0.0033719957806169986,14.979324221611023,1.6171166598796844,0.0,0.008813428455323447,0.1119140625,19.462991881370545,-1.6007106751203537e-09,0.7310884594917297,9.263803680981593e-05,-1.0150864124298096
340,1392640,960.5,1458.6,2.66,0.15,10,0.125,393,0.4961832061068702,324,160,3,7,154,0,0,149,-3.095893652500491,12.50925925925926,-0.7291576862335205,0.0,-0.004435050766915083,11.27630705833435,1.6143948137760162,0.0,0.0052354475614265535,0.0634765625,16.72457585334778,-2.2118911147117615e-09,0.7819422483444214,9.20245398773006e-05,-1.0155880451202393
341,1396736,963.2,1552.1,2.49,0.15,10,0.125,207,0.5458937198067633,326,163,7,10,146,0,0,152,-3.1102857397257,12.521472392638037,-0.709851861000061,0.0,-0.003243536269292235,17.781664180755616,1.6128216505050659,0.0,0.005542118163430132,0.069384765625,19.425931692123413,-1.1932570487260818e-09,0.6972226500511169,9.141104294478528e-05,-1.015884280204773
342,1400832,966.1,1421.8,2.74,0.14,10,0.125,27,0.4074074074074074,332,164,4,10,154,0,0,155,-3.042098674185612,12.418674698795181,-0.7143486738204956,0.0,-0.004828229174017906,12.465373778343201,1.611696583032608,0.0,0.006580795216723345,0.085693359375,15.75911042690277,-1.4551915228366852e-10,0.7745391726493835,9.079754601226993e-05,-1.0161701440811157
343,1404928,969.2,1315.5,2.96,0.15,10,0.125,380,0.46578947368421053,353,166,3,8,176,0,0,152,-2.987883913305167,11.63172804532578,-0.7288453578948975,0.0,-0.004511406412348151,10.446042203903199,1.6091026306152343,0.0,0.006401727432967163,0.07666015625,14.800681877136231,2.9103830456733704e-11,0.7982872724533081,9.01840490797546e-05,-1.017391562461853
344,1409024,971.7,1621.6,2.38,0.14,10,0.125,218,0.481651376146789,350,170,4,3,173,0,0,157,-3.1818633148116158,11.705714285714286,-0.7276318669319153,0.0,-0.006047588400542736,8.089834570884705,1.6038940787315368,0.0,0.007197012451069895,0.09794921875,12.909860444068908,-4.3655745685100555e-10,0.8436909914016724,8.957055214723925e-05,-1.0185191631317139
345,1413120,974.5,1462.9,2.66,0.14,10,0.125,54,0.5,348,168,3,7,170,0,0,162,-3.1911862491575547,11.864942528735632,-0.7422105073928833,0.0,-0.0052969569340348245,11.064002871513367,1.599243986606598,0.0,0.00704675172601128,0.09658203125,17.67965247631073,-2.9103830456733704e-10,0.7932456135749817,8.895705521472393e-05,-1.0198209285736084
346,1417216,977.7,1296.6,3.01,0.15,10,0.125,388,0.4845360824742268,334,161,6,8,159,0,0,146,-3.0783040774827857,12.149700598802395,-0.7483459711074829,0.0,-0.0035593035165220497,13.792239570617676,1.5948943674564362,0.0,0.007089025038294494,0.08623046875,16.440774512290954,-1.1059455573558807e-09,0.7554543018341064,8.834355828220857e-05,-1.0205304622650146
347,1421312,980.7,1363.1,2.86,0.14,10,0.125,223,0.4663677130044843,347,156,6,8,177,0,0,146,-3.0072122007133455,11.9164265129683,-0.8044754266738892,0.0,-0.004782485822215676,15.157206964492797,1.5923794865608216,0.0,0.006232502123748418,0.081103515625,19.376245164871214,-2.066371962428093e-09,0.753804087638855,8.773006134969324e-05,-1.021256446838379
348,1425408,983.7,1353.1,2.89,0.14,10,0.125,43,0.4418604651162791,332,153,8,8,161,2,0,145,-3.044167048412942,12.256024096385541,-0.7788861989974976,0.0,-0.0029985461384057998,20.44277777671814,1.5894636869430543,0.0,0.006427710824937094,0.082666015625,22.344948482513427,-1.076841726899147e-09,0.6848752498626709,8.71165644171779e-05,-1.0218493938446045
349,1429504,986.7,1391.5,2.79,0.15,10,0.125,374,0.5106951871657754,331,172,2,7,150,0,0,161,-3.1553377566894008,12.410876132930513,-0.6918224096298218,0.0,-0.00437223850749433,10.346746778488159,1.587330836057663,0.0,0.00566474343650043,0.06875,14.955461287498474,-1.775333657860756e-09,0.7995568513870239,8.650306748466257e-05,-1.022477388381958
350,1433600,989.5,1468.4,2.64,0.15,10,0.125,206,0.529126213592233,344,167,3,7,167,0,0,152,-3.078973382451061,11.988372093023257,-0.7189913988113403,0.0,-0.004241216951049865,10.764106678962708,1.5840693354606628,0.0,0.0069316456414526325,0.090771484375,12.819149994850159,-1.3969838619232178e-09,0.7951905131340027,8.588957055214725e-05,-1.023451328277588
351,1437696,992.3,1451.7,2.67,0.15,10,0.125,31,0.45161290322580644,337,160,10,6,161,0,0,146,-3.1681935963152874,12.065281899109792,-0.7799750566482544,0.0,-0.004955672612413764,16.856306982040405,1.580546921491623,0.0,0.009200131619581952,0.12373046875,19.414051866531373,-3.4924596548080444e-10,0.7144198417663574,8.527607361963189e-05,-1.024118423461914
352,1441792,995.3,1362.1,2.86,0.15,10,0.125,378,0.4576719576719577,347,159,7,8,173,0,0,146,-3.151887567778094,11.78386167146974,-0.8009302020072937,0.0,-0.0026300216093659403,16.72833857536316,1.5778785824775696,0.0,0.0048837624737643635,0.055029296875,19.948670530319212,-5.820766091346741e-10,0.7215250730514526,8.466257668711657e-05,-1.0248879194259644
353,1445888,998.1,1505.2,2.57,0.15,10,0.125,208,0.4807692307692308,342,168,5,6,163,0,0,149,-3.093777751322432,12.008771929824562,-0.7113415002822876,0.0,-0.003352012485265732,10.96903374195099,1.5747924983501433,0.0,0.00893357975728577,0.117236328125,19.633141970634462,-2.240994945168495e-09,0.7904900908470154,8.40490797546012e-05,-1.0256452560424805
354,1449984,1000.9,1468.5,2.64,0.15,10,0.125,27,0.5555555555555556,331,165,4,8,154,0,0,152,-3.2051373189495087,12.323262839879154,-0.7315266132354736,0.0,-0.005141874263063073,11.772967052459716,1.5715735495090484,0.0,0.006873378061573021,0.090625,14.390292382240295,-4.656612873077393e-10,0.7809698581695557,8.343558282208588e-05,-1.0264784097671509
355,1454080,1004.0,1292.0,3.03,0.14,10,0.125,359,0.5125348189415042,332,169,4,6,153,0,0,156,-3.1924956065663306,12.33433734939759,-0.6976910829544067,0.0,-0.005024423915892839,11.274654388427734,1.5681413114070892,0.0,0.007721580610086676,0.096240234375,15.94929642677307,-1.6880221664905548e-09,0.7911040782928467,8.282208588957054e-05,-1.0273475646972656
356,1458176,1007.0,1402.4,2.77,0.15,10,0.125,203,0.4630541871921182,356,157,3,8,188,0,0,150,-3.0699387208416593,11.637640449438202,-0.7795231342315674,0.0,-0.0048543505370616915,11.31802008152008,1.5644775331020355,0.0,0.00803282568231225,0.105908203125,14.991315627098084,-1.57160684466362e-09,0.7850645780563354,8.220858895705521e-05,-1.028383731842041
357,1462272,1009.9,1394.0,2.79,0.15,10,0.125,39,0.3333333333333333,348,166,3,7,172,0,0,157,-3.0251596929469766,11.755747126436782,-0.7293428182601929,0.0,-0.003787303133867681,11.41825180053711,1.5600973963737488,0.0,0.00551135118730599,0.065869140625,14.91208987236023,-9.604264050722122e-10,0.7828437089920044,8.159509202453985e-05,-1.0295299291610718
358,1466368,1012.8,1403.7,2.78,0.14,10,0.125,400,0.425,361,157,4,5,195,0,0,139,-3.229717854321469,11.199445983379501,-0.816324770450592,0.0,-0.004292633105069399,11.342072296142579,1.5558101415634156,0.0,0.008367689501028508,0.11513671875,15.359148192405701,6.984919309616089e-10,0.7959566116333008,8.098159509202453e-05,-1.030382513999939
359,1470464,1015.5,1533.4,2.52,0.15,10,0.125,241,0.46887966804979253,353,168,3,1,181,0,0,152,-3.075732844280616,11.668555240793202,-0.7435145378112793,0.0,-0.00484759914688766,5.899678242206574,1.5527757167816163,0.0,0.008058582998637575,0.104443359375,13.212729597091675,-8.731149137020111e-10,0.8866170644760132,8.036809815950921e-05,-1.0312362909317017
360,1474560,1018.3,1475.2,2.63,0.15,10,0.125,82,0.3780487804878049,353,159,2,5,187,0,0,142,-3.13006413096422,11.606232294617564,-0.7745055556297302,0.0,-0.004741396801546216,8.272354412078858,1.5480434000492096,0.0,0.00698219033802161,0.08818359375,13.078820586204529,-1.3969838619232178e-09,0.8367181420326233,7.975460122699386e-05,-1.032650351524353
361,1478656,1021.1,1451.0,2.67,0.15,10,0.125,416,0.4807692307692308,334,169,6,3,156,0,0,158,-2.95447140187843,12.2125748502994,-0.6565233469009399,0.0,-0.0025999411940574647,11.31578724384308,1.5429107129573822,0.0,0.006357675688923337,0.08232421875,15.936998724937439,-1.0477378964424133e-09,0.7877809405326843,7.914110429447852e-05,-1.0337969064712524
362,1482752,1024.1,1382.5,2.82,0.14,10,0.125,268,0.4216417910447761,364,157,9,9,189,0,0,149,-3.170298156107918,11.409340659340659,-0.8096292018890381,0.0,-0.004744384391233325,17.064480113983155,1.5391674160957336,0.0,0.006381844506540802,0.0818359375,20.414480781555177,-2.1245796233415604e-09,0.6926530599594116,7.852760736196317e-05,-1.0344173908233643
363,1486848,1026.9,1473.9,2.64,0.14,10,0.125,84,0.5,328,162,2,7,157,0,0,155,-3.00766242429963,12.338414634146341,-0.6862362623214722,0.0,-0.004766174824908376,10.101673674583434,1.5368517577648162,0.0,0.0061432278700522145,0.0755859375,16.96727900505066,-1.3969838619232178e-09,0.7949095964431763,7.791411042944785e-05,-1.0351440906524658
364,1490944,1029.5,1585.2,2.44,0.15,10,0.125,441,0.4421768707482993,357,153,8,7,189,0,0,144,-3.101826306781371,11.431372549019608,-0.8117164969444275,0.0,-0.0055238947737962,15.14595799446106,1.5342299401760102,0.0,0.007628757867496461,0.10283203125,18.674565315246582,-1.076841726899147e-09,0.740855872631073,7.730061349693249e-05,-1.0355579853057861
365,1495040,1032.2,1506.9,2.57,0.15,10,0.125,264,0.4659090909090909,335,161,4,8,162,0,0,149,-2.9110851499685286,12.274626865671642,-0.7008487582206726,0.0,-0.004306695237755775,12.222045850753783,1.5325505554676055,0.0,0.005197931131988298,0.06416015625,18.139627861976624,-2.1245796233415604e-09,0.7841293811798096,7.668711656441717e-05,-1.036147117614746
366,1499136,1035.4,1289.9,3.03,0.15,10,0.125,91,0.4835164835164835,339,169,3,3,164,0,0,162,-2.973339227144524,12.168141592920353,-0.6701934933662415,0.0,-0.005185780674219131,8.080379962921143,1.5298965930938722,0.0,0.007640144317701924,0.096240234375,16.03142304420471,-1.076841726899147e-09,0.8436517715454102,7.607361963190185e-05,-1.036820888519287
367,1503232,1038.6,1281.6,3.05,0.15,10,0.125,434,0.4631336405529954,343,157,5,5,175,1,0,143,-3.0477088808400508,11.714285714285714,-0.7351930141448975,0.0,-0.004500891594216227,12.140412664413452,1.5270257592201233,0.0,0.007343125840998254,0.0984375,19.113919305801392,5.820766091346741e-11,0.7905490398406982,7.54601226993865e-05,-1.0375524759292603
368,1507328,1041.5,1412.8,2.75,0.15,10,0.125,276,0.41304347826086957,354,154,4,8,187,1,0,142,-2.933348122729462,11.692090395480227,-0.7657612562179565,0.0,-0.004075773432850838,13.365087652206421,1.5246579110622407,0.0,0.004274163895752281,0.046484375,17.422695112228393,-1.8335413187742233e-09,0.7786310315132141,7.484662576687118e-05,-1.0380066633224487
369,1511424,1044.5,1386.2,2.81,0.15,10,0.125,103,0.5048543689320388,339,164,2,7,166,0,0,152,-3.0703594655683557,12.171091445427729,-0.6980280876159668,0.0,-0.002838739985600114,10.050825500488282,1.523097038269043,0.0,0.007472663170483429,0.098193359375,13.82317304611206,-1.57160684466362e-09,0.8060219287872314,7.423312883435581e-05,-1.0382505655288696
370,1515520,1047.3,1463.1,2.65,0.15,10,0.125,444,0.46846846846846846,341,156,7,5,173,0,0,138,-3.057152094181495,11.982404692082111,-0.7336881160736084,0.0,-0.005329633550718427,11.267109298706055,1.521823388338089,0.0,0.005972933935117908,0.074072265625,16.15708668231964,-5.238689482212067e-10,0.7874621152877808,7.361963190184049e-05,-1.0388340950012207
371,1519616,1050.0,1501.8,2.59,0.14,10,0.125,264,0.4734848484848485,332,158,3,5,166,0,0,143,-3.0855957266013774,12.216867469879517,-0.729723334312439,0.0,-0.006081724725663662,9.498642110824585,1.518969190120697,0.0,0.00837176455243025,0.1119140625,13.985511636734008,-1.4842953532934189e-09,0.8127761483192444,7.300613496932513e-05,-1.0396289825439453
372,1523712,1052.6,1595.5,2.43,0.14,10,0.125,72,0.5,320,159,3,5,153,0,0,149,-2.9080399181692633,12.8375,-0.6748528480529785,0.0,-0.002248311508446932,10.37391904592514,1.5159949660301208,0.0,0.005865257620462217,0.074951171875,15.725601029396056,-1.1641532182693481e-09,0.7976373434066772,7.239263803680981e-05,-1.0403022766113281
373,1527808,1055.3,1487.1,2.6,0.15,10,0.125,411,0.49635036496350365,339,168,2,4,165,0,0,155,-3.035861658991524,12.212389380530974,-0.6722182035446167,0.0,-0.004705728311091661,7.7461793422698975,1.5128980040550233,0.0,0.008300453845004085,0.108642578125,13.166071844100951,-1.1641532182693481e-10,0.839317262172699,7.177914110429446e-05,-1.0412030220031738
374,1531904,1058.1,1493.0,2.59,0.15,10,0.125,237,0.47257383966244726,338,159,3,7,169,0,0,150,-2.985823666438683,12.04733727810651,-0.7236415147781372,0.0,-0.005831025307998061,10.157911539077759,1.509284144639969,0.0,0.004913011568714864,0.058447265625,13.716725063323974,2.3283064365386963e-10,0.804023027420044,7.116564417177914e-05,-1.0421035289764404
375,1536000,1061.1,1345.8,2.89,0.15,10,0.125,50,0.52,325,164,2,5,154,0,0,153,-3.0641601091603268,12.473846153846154,-0.6978273391723633,0.0,-0.00355996647849679,9.667832899093629,1.505759161710739,0.0,0.004969841252022889,0.05703125,14.462490034103393,-1.8044374883174896e-09,0.8183754682540894,7.055214723926382e-05,-1.042902946472168
376,1540096,1064.0,1414.9,2.75,0.14,10,0.125,349,0.5444126074498568,299,164,2,7,126,0,0,153,-2.967938573466357,13.842809364548495,-0.6193215250968933,0.0,-0.004527534497901798,10.748878121376038,1.5024155914783477,0.0,0.005573173733137082,0.064306640625,17.08962552547455,-1.1641532182693481e-10,0.7905569076538086,6.993865030674845e-05,-1.0438168048858643
377,1544192,1067.1,1344.5,2.9,0.15,10,0.125,167,0.5089820359281437,330,160,2,5,163,0,0,142,-2.9938437156179574,12.348484848484848,-0.7135814428329468,0.0,-0.003859762824140489,7.728290724754333,1.498542892932892,0.0,0.005393913367879577,0.0662109375,15.228888678550721,3.4924596548080444e-10,0.8471306562423706,6.932515337423313e-05,-1.0449212789535522
378,1548288,1070.0,1404.6,2.77,0.15,10,0.125,475,0.5431578947368421,308,173,6,5,124,0,0,156,-2.975757128285244,13.2987012987013,-0.6266427040100098,0.0,-0.0056489530019462105,12.226492142677307,1.4940260589122771,0.0,0.007156777280033566,0.09609375,14.010471558570861,-6.984919309616089e-10,0.7815490365028381,6.871165644171778e-05,-1.0458780527114868
379,1552384,1073.0,1374.6,2.83,0.15,10,0.125,283,0.5371024734982333,320,172,2,3,143,0,0,158,-2.9321434555121235,12.878125,-0.6336859464645386,0.0,-0.0050744650885462764,7.29889566898346,1.4909257233142852,0.0,0.006514392855751794,0.084326171875,14.38191204071045,-6.984919309616089e-10,0.8503550291061401,6.809815950920246e-05,-1.046618103981018
380,1556480,1076.0,1392.1,2.79,0.15,10,0.125,104,0.5096153846153846,333,153,7,12,160,1,0,144,-3.0534576226544403,12.23123123123123,-0.7756059169769287,0.0,-0.0032431341242045164,18.634377670288085,1.4881462931632996,0.0,0.006862260411435272,0.08896484375,25.18701539039612,-3.4924596548080444e-10,0.6820904016494751,6.74846625766871e-05,-1.0471713542938232
381,1560576,1079.1,1297.5,3.01,0.15,10,0.125,440,0.48863636363636365,336,162,7,6,161,0,0,145,-3.007360043756982,12.130952380952381,-0.7155872583389282,0.0,-0.004998198663815856,13.911961650848388,1.486289119720459,0.0,0.006020114934653975,0.074951171875,16.96940681934357,-9.89530235528946e-10,0.7516689300537109,6.687116564417178e-05,-1.0476009845733643
382,1564672,1082.1,1362.2,2.86,0.15,10,0.125,240,0.5166666666666667,312,164,4,3,140,1,0,153,-2.8451513124876295,13.217948717948717,-0.641004204750061,0.0,-0.005144612723961472,11.109390604496003,1.4846314311027526,0.0,0.006224126470624469,0.080126953125,18.252534341812133,-1.076841726899147e-09,0.7993906736373901,6.625766871165641e-05,-1.0479367971420288
383,1568768,1085.0,1444.8,2.69,0.15,10,0.125,47,0.5319148936170213,319,162,5,6,146,0,0,148,-2.853646628786191,12.80564263322884,-0.6656836271286011,0.0,-0.004274991573765874,12.385656571388244,1.483074778318405,0.0,0.006914993019017856,0.088232421875,17.448345804214476,-1.3387762010097504e-09,0.7750934958457947,6.564417177914109e-05,-1.0484859943389893
384,1572864,1088.0,1362.8,2.86,0.15,10,0.125,369,0.5013550135501355,322,160,3,7,152,0,0,147,-2.951620609503604,12.807453416149068,-0.7046799659729004,0.0,-0.004463315708562732,10.13217477798462,1.4806700348854065,0.0,0.007671354731428437,0.105419921875,18.72150077819824,-5.820766091346741e-10,0.8097862005233765,6.503067484662577e-05,-1.0490702390670776
385,1576960,1090.9,1400.6,2.78,0.14,10,0.125,190,0.4473684210526316,333,162,3,4,164,0,0,149,-2.913944063170944,12.186186186186186,-0.6915894746780396,0.0,-0.003068948909640312,9.350570964813233,1.4783636510372162,0.0,0.0051835658188792875,0.061376953125,16.68954586982727,-1.6880221664905548e-09,0.8170466423034668,6.441717791411042e-05,-1.049696683883667
386,1581056,1093.7,1460.6,2.66,0.14,10,0.125,6,0.3333333333333333,328,156,5,10,157,0,0,146,-3.0278963653882145,12.609756097560975,-0.7402012348175049,0.0,-0.0038420249707996844,14.55589919090271,1.4757218778133392,0.0,0.006493258924456314,0.081298828125,17.444056153297424,-1.5425030142068863e-09,0.7397866249084473,6.38036809815951e-05,-1.0502936840057373
387,1585152,1096.7,1376.8,2.83,0.14,10,0.125,353,0.46458923512747874,347,162,2,6,176,1,0,144,-3.012699598343756,11.792507204610951,-0.7624542117118835,0.0,-0.006313900137320161,11.025408685207367,1.4738032341003418,0.0,0.006838336167857051,0.087841796875,14.301907682418824,-2.561137080192566e-09,0.8123230934143066,6.319018404907974e-05,-1.0506784915924072
388,1589248,1099.7,1383.0,2.81,0.15,10,0.125,177,0.4632768361581921,336,160,0,14,162,0,0,141,-3.0188005794929653,12.095238095238095,-0.7358205318450928,0.0,-0.003808256471529603,12.521162819862365,1.4722992718219756,0.0,0.00494637660740409,0.058251953125,14.198273015022277,-7.275957614183426e-10,0.7540144920349121,6.257668711656442e-05,-1.0511239767074585
389,1593344,1102.1,1731.8,2.21,0.15,10,0.125,511,0.461839530332681,334,154,3,13,164,0,0,136,-3.014167880018271,12.431137724550899,-0.750301718711853,0.0,-0.0042830508202314375,14.639117288589478,1.4699897587299346,0.0,0.008322635061631445,0.111328125,15.703987455368042,4.0745362639427185e-10,0.7433732748031616,6.196319018404905e-05,-1.0517345666885376
390,1597440,1104.8,1511.4,2.57,0.14,10,0.125,338,0.47633136094674555,339,161,2,10,166,0,0,151,-2.846061610852598,11.991150442477876,-0.71051025390625,0.0,-0.002047585090622306,11.59824788570404,1.4680312991142273,0.0,0.0038497640736750325,0.039013671875,15.796291828155518,-1.076841726899147e-09,0.787611722946167,6.134969325153373e-05,-1.0521160364151
391,1601536,1107.8,1369.4,2.85,0.14,10,0.125,151,0.4966887417218543,325,175,1,7,142,0,0,164,-3.0629445351809017,12.692307692307692,-0.6377177834510803,0.0,-0.003216103557497263,8.366484832763671,1.46644726395607,0.0,0.0035061047747149132,0.035986328125,14.42087368965149,-1.6298145055770874e-09,0.8250014185905457,6.073619631901842e-05,-1.0526387691497803
392,1605632,1110.8,1337.9,2.91,0.15,10,0.125,474,0.49156118143459915,323,158,4,6,155,0,0,150,-2.9566889318017187,12.380804953560371,-0.7085877060890198,0.0,-0.004315407481044531,11.234429264068604,1.46418496966362,0.0,0.0059077470548800195,0.07314453125,13.961131143569947,-7.275957614183426e-10,0.784098744392395,6.012269938650306e-05,-1.0531127452850342
393,1609728,1113.6,1466.5,2.64,0.15,10,0.125,293,0.5085324232081911,331,171,3,2,155,0,0,162,-2.9509715010877944,12.528700906344412,-0.6393415927886963,0.0,-0.004465879220515489,7.527841877937317,1.4622146308422088,0.0,0.006835993452114053,0.090234375,13.56335632801056,-1.4551915228366852e-10,0.8425734043121338,5.950920245398773e-05,-1.0536890029907227
394,1613824,1116.6,1382.9,2.82,0.14,10,0.125,89,0.5617977528089888,308,162,5,7,134,0,0,150,-2.8696617312068033,13.168831168831169,-0.6583004593849182,0.0,-0.005231735249981284,14.34071695804596,1.4599804043769837,0.0,0.0071503418948850594,0.097265625,16.34304358959198,-1.7171259969472885e-09,0.7438948154449463,5.889570552147238e-05,-1.0541889667510986
395,1617920,1119.6,1386.0,2.81,0.15,10,0.125,424,0.5,335,162,7,8,158,0,0,142,-2.948180465245337,12.397014925373135,-0.7062653303146362,0.0,-0.0030704411212354897,16.920595359802245,1.4584505021572114,0.0,0.006927111330151092,0.096630859375,18.022542428970336,-5.529727786779404e-10,0.6937354803085327,5.8282208588957056e-05,-1.054506778717041
396,1622016,1122.5,1381.4,2.82,0.15,10,0.125,252,0.49206349206349204,340,163,1,9,167,0,0,154,-2.776357652228209,12.0,-0.708047091960907,0.0,-0.005540662072598934,11.539573979377746,1.4568893015384674,0.0,0.005407076989649795,0.063916015625,16.700759172439575,-1.4842953532934189e-09,0.7873827219009399,5.76687116564417e-05,-1.0549373626708984
397,1626112,1125.5,1374.5,2.83,0.15,10,0.125,39,0.5384615384615384,299,163,3,7,125,1,0,156,-2.9104908339606212,13.518394648829432,-0.6238014698028564,0.0,-0.005745630478486419,11.440503883361817,1.454764175415039,0.0,0.005340952887490857,0.064794921875,13.33514153957367,1.1641532182693481e-10,0.7768048048019409,5.705521472392638e-05,-1.0556364059448242
398,1630208,1128.1,1605.9,2.4,0.15,10,0.125,375,0.49333333333333335,336,164,3,7,162,0,0,150,-2.8636241956775104,12.428571428571429,-0.692162811756134,0.0,-0.004241665499284864,12.257414388656617,1.4521937489509582,0.0,0.004567484275321476,0.054052734375,13.835900259017944,-5.238689482212067e-10,0.7761582136154175,5.644171779141102e-05,-1.0561378002166748
399,1634304,1130.7,1565.0,2.47,0.15,10,0.125,195,0.46153846153846156,332,156,3,11,161,1,0,147,-2.831732059862687,12.292168674698795,-0.7029519081115723,0.0,-0.00401162188500166,15.744127702713012,1.450302928686142,0.0,0.005920772335957736,0.078515625,15.761569619178772,-1.4551915228366852e-09,0.7098431587219238,5.58282208588957e-05,-1.0566004514694214
400,1638400,1133.8,1351.4,2.88,0.15,10,0.125,14,0.5714285714285714,331,162,4,5,160,0,0,153,-2.953320995607099,12.34441087613293,-0.6729387044906616,0.0,-0.004294370161369443,10.430687475204468,1.448176670074463,0.0,0.0055136551964096725,0.068310546875,14.87354667186737,-2.35741026699543e-09,0.8015575408935547,5.521472392638038e-05,-1.0572800636291504
401,1642496,1136.5,1480.5,2.62,0.15,10,0.125,340,0.5205882352941177,326,169,2,5,150,0,0,159,-2.963014313255977,12.662576687116564,-0.6751081943511963,0.0,-0.005225687101483345,9.217128348350524,1.4454017758369446,0.0,0.005783974748919718,0.0755859375,16.680504846572877,-8.440110832452774e-10,0.826711893081665,5.4601226993865024e-05,-1.0578856468200684
402,1646592,1139.2,1546.0,2.5,0.15,10,0.125,160,0.5,332,169,2,7,154,0,0,157,-2.9215259716298334,12.283132530120483,-0.6664963960647583,0.0,-0.003392429044470191,9.595676457881927,1.443383765220642,0.0,0.0057344745087903,0.07197265625,15.18682050704956,2.6193447411060333e-10,0.8158369064331055,5.39877300613497e-05,-1.0583058595657349
403,1650688,1142.3,1333.8,2.93,0.14,10,0.125,507,0.47534516765285995,347,161,1,7,177,1,0,150,-2.8612115259747566,11.85014409221902,-0.7059595584869385,0.0,-0.004633149970322848,10.067076873779296,1.4418762147426605,0.0,0.006134986152756028,0.077001953125,13.15006058216095,-1.7171259969472885e-09,0.813627302646637,5.337423312883434e-05,-1.0586519241333008
404,1654784,1145.4,1324.6,2.94,0.15,10,0.125,345,0.463768115942029,350,162,4,4,180,0,0,151,-2.9569639361369484,11.82,-0.7309764623641968,0.0,-0.00525822201743722,9.531679272651672,1.4402455031871795,0.0,0.006287485480424948,0.083935546875,10.292618870735168,-1.4842953532934189e-09,0.8205919861793518,5.276073619631902e-05,-1.05916428565979
405,1658880,1148.2,1470.0,2.64,0.15,10,0.125,162,0.46296296296296297,329,161,1,9,158,0,0,154,-2.9110407672965355,12.240121580547113,-0.6847388744354248,0.0,-0.004556472599506378,9.249789953231812,1.4379223227500915,0.0,0.007473973582091275,0.099462890625,12.216939330101013,-1.6589183360338211e-09,0.8096988201141357,5.214723926380366e-05,-1.059780240058899
406,1662976,1151.1,1391.9,2.8,0.14,10,0.125,507,0.4832347140039448,345,170,3,4,168,0,0,160,-2.869842786863695,11.942028985507246,-0.6740889549255371,0.0,-0.004453099914826453,8.312898480892182,1.435336995124817,0.0,0.0059937923826510085,0.073779296875,13.795858693122863,-1.5133991837501526e-09,0.8364588618278503,5.153374233128834e-05,-1.060508131980896
407,1667072,1154.1,1375.2,2.83,0.15,10,0.125,344,0.47093023255813954,349,164,1,6,178,0,0,157,-2.9663373659741783,11.716332378223496,-0.7096952199935913,0.0,-0.004252521600574255,9.337563061714173,1.4327656149864196,0.0,0.004875132199958898,0.058837890625,14.338033747673034,-5.238689482212067e-10,0.8084093928337097,5.0920245398772985e-05,-1.0609328746795654
408,1671168,1157.0,1402.0,2.77,0.15,10,0.125,155,0.45806451612903226,323,157,3,7,156,0,0,148,-2.8706884274139255,12.470588235294118,-0.6836656332015991,0.0,-0.0038687146268785,11.11363787651062,1.431428724527359,0.0,0.004882062420074362,0.060009765625,18.248363971710205,-1.1059455573558807e-09,0.7813809514045715,5.030674846625766e-05,-1.0612846612930298
409,1675264,1159.9,1429.9,2.71,0.15,10,0.125,508,0.4566929133858268,353,161,6,7,179,0,0,146,-2.855545080893044,11.793201133144477,-0.7398889660835266,0.0,-0.002327869553118944,13.24470932483673,1.4296303153038026,0.0,0.004257233002863359,0.050146484375,16.893125438690184,-1.4551915228366852e-09,0.7525173425674438,4.969325153374234e-05,-1.06186842918396
410,1679360,1162.7,1446.9,2.69,0.14,10,0.125,325,0.5169230769230769,329,170,3,1,155,0,0,152,-3.0319093819695127,12.504559270516717,-0.668187141418457,0.0,-0.0038627855479717254,6.858901536464691,1.4270299792289733,0.0,0.00568971228931332,0.071142578125,14.371370124816895,-2.1245796233415604e-09,0.860367476940155,4.9079754601226986e-05,-1.062572956085205
411,1683456,1165.6,1420.2,2.74,0.15,10,0.125,146,0.4520547945205479,333,159,1,5,166,2,0,148,-2.9468672604827097,12.15915915915916,-0.7092996835708618,0.0,-0.002855359250679612,11.033994579315186,1.4241190791130065,0.0,0.0071715979051077735,0.095361328125,18.832209420204162,-1.2514647096395493e-09,0.8012874126434326,4.8466257668711664e-05,-1.0632516145706177
412,1687552,1168.5,1406.3,2.77,0.15,10,0.125,490,0.4673469387755102,344,163,5,3,173,0,0,153,-2.907369684905221,11.863372093023257,-0.6974861025810242,0.0,-0.004977664025500417,10.831807255744934,1.4216988742351533,0.0,0.004952153695921879,0.05732421875,16.698368644714357,-1.775333657860756e-09,0.796585202217102,4.78527607361963e-05,-1.0637646913528442
413,1691648,1171.5,1399.2,2.78,0.15,10,0.125,271,0.5571955719557196,293,167,4,13,109,0,0,156,-2.9120863632372074,13.938566552901024,-0.6142072081565857,0.0,-0.0028549050446599724,15.58889660835266,1.4199612855911254,0.0,0.006761322502279654,0.088427734375,17.500720930099487,-1.0186340659856796e-09,0.7122442722320557,4.723926380368098e-05,-1.0641597509384155
414,1695744,1174.5,1374.9,2.83,0.15,10,0.125,69,0.4782608695652174,310,166,4,4,136,0,0,155,-2.8394844917732827,13.264516129032257,-0.6324920654296875,0.0,-0.004103381093591452,8.991678595542908,1.4184288799762725,0.0,0.004707486051484011,0.05126953125,15.319615793228149,4.656612873077393e-10,0.8242728114128113,4.6625766871165624e-05,-1.0645101070404053
415,1699840,1177.3,1446.9,2.68,0.15,10,0.125,410,0.47804878048780486,341,163,5,8,165,0,0,150,-2.9766940081015822,12.140762463343108,-0.743605375289917,0.0,-0.0039879558607935905,12.539273262023926,1.4169778227806091,0.0,0.00534895671880804,0.0669921875,12.888446307182312,-1.2223608791828156e-09,0.771425724029541,4.60122699386503e-05,-1.0649113655090332
416,1703936,1180.3,1385.9,2.81,0.15,10,0.125,206,0.5728155339805825,308,170,5,7,126,0,0,161,-2.9371965095538557,13.256493506493506,-0.6127715110778809,0.0,-0.0046723383013159035,12.40053586959839,1.415287858247757,0.0,0.005124386088573374,0.065380859375,14.879503226280212,1.4551915228366852e-10,0.7569552063941956,4.539877300613498e-05,-1.0653237104415894
417,1708032,1183.2,1385.3,2.82,0.14,10,0.125,53,0.5094339622641509,359,158,2,6,193,0,0,145,-2.958899658873468,11.409470752089137,-0.7783335447311401,0.0,-0.00406182324513793,9.870734214782715,1.4136800408363341,0.0,0.006950356386369094,0.08232421875,14.555921125411988,-1.1641532182693481e-10,0.811627209186554,4.4785276073619625e-05,-1.0657715797424316
418,1712128,1186.1,1415.5,2.74,0.15,10,0.125,368,0.5135869565217391,315,162,5,9,139,0,0,154,-3.0054533184547645,12.980952380952381,-0.6768759489059448,0.0,-0.002429089229553938,13.512858629226685,1.4116837143898011,0.0,0.0056797020122758115,0.073779296875,15.18196804523468,-1.7462298274040222e-09,0.7486690878868103,4.4171779141104304e-05,-1.0662524700164795
419,1716224,1188.8,1519.8,2.55,0.14,10,0.125,175,0.49142857142857144,319,158,4,9,148,0,0,146,-3.0285680434824505,12.768025078369906,-0.7200753092765808,0.0,-0.003763245511800051,12.834582090377808,1.410137528181076,0.0,0.006105156667763368,0.08095703125,14.589843988418579,-1.6589183360338211e-09,0.7600527405738831,4.355828220858895e-05,-1.0665473937988281
420,1720320,1191.8,1377.8,2.82,0.15,10,0.125,485,0.5319587628865979,310,172,3,7,128,0,0,165,-2.897112300136985,13.245161290322581,-0.6108599901199341,0.0,-0.0054759854217991235,12.425462341308593,1.4091290533542633,0.0,0.006782274243596476,0.093603515625,15.566522669792175,0.0,0.7711821794509888,4.2944785276073626e-05,-1.066770076751709
421,1724416,1194.6,1477.2,2.62,0.15,10,0.125,300,0.5366666666666666,327,174,1,2,149,1,0,166,-2.9261969646142556,12.688073394495413,-0.6372656226158142,0.0,-0.004751666821539402,5.308157527446747,1.408083164691925,0.0,0.0056291782573680395,0.0703125,13.097766041755676,2.9103830456733704e-11,0.891074001789093,4.233128834355827e-05,-1.0671427249908447
422,1728512,1197.6,1380.0,2.82,0.15,10,0.125,110,0.5545454545454546,322,164,7,4,147,0,0,143,-2.9137782529919125,12.630434782608695,-0.6733386516571045,0.0,-0.0036519595421850683,10.070601844787598,1.4062421500682831,0.0,0.004487031012831722,0.050634765625,14.023527526855469,2.6193447411060333e-10,0.8068233728408813,4.171779141104294e-05,-1.0676652193069458
423,1732608,1200.5,1402.2,2.78,0.14,10,0.125,444,0.5247747747747747,334,172,0,4,158,0,0,160,-2.880842257429262,12.311377245508982,-0.6241011619567871,0.0,-0.0026279377983883024,5.7141209721565245,1.4038717091083526,0.0,0.003008815004432108,0.027099609375,13.399876236915588,-1.8335413187742233e-09,0.8835168480873108,4.1104294478527586e-05,-1.0683338642120361
424,1736704,1203.4,1429.4,2.72,0.15,10,0.125,252,0.5198412698412699,320,163,2,10,145,0,0,159,-2.99588832794926,12.703125,-0.6785566210746765,0.0,-0.0030751208774745463,11.341435647010803,1.4012499570846557,0.0,0.006010019058885518,0.079541015625,18.322262859344484,-6.402842700481415e-10,0.7738912105560303,4.0490797546012265e-05,-1.0688832998275757
425,1740800,1206.3,1414.9,2.75,0.15,10,0.125,61,0.5901639344262295,321,165,4,8,144,0,0,150,-2.860163755606695,12.866043613707165,-0.6473912000656128,0.0,-0.0038785824552178385,12.431954765319825,1.3992336809635162,0.0,0.0066002659383229915,0.084228515625,18.10359435081482,-1.6589183360338211e-09,0.7655115723609924,3.987730061349694e-05,-1.0694342851638794
426,1744896,1209.1,1443.2,2.7,0.14,10,0.125,381,0.5196850393700787,320,162,4,7,146,1,0,145,-3.0979289770847855,12.75,-0.6838513612747192,0.0,-0.0025231250561773776,15.50379400253296,1.3973061323165894,0.0,0.0032199326102272607,0.028173828125,22.298131895065307,-2.6193447411060333e-10,0.7262641191482544,3.926380368098159e-05,-1.0697532892227173
427,1748992,1212.0,1439.4,2.7,0.15,10,0.125,184,0.5434782608695652,315,168,0,10,137,0,0,157,-3.023331305517126,13.133333333333333,-0.6575977802276611,0.0,-0.00464610019698739,10.737140440940857,1.3962827563285827,0.0,0.004397534088639077,0.052490234375,16.398978638648988,9.604264050722122e-10,0.7889634370803833,3.8650306748466266e-05,-1.070039987564087
428,1753088,1214.8,1436.2,2.7,0.15,10,0.125,479,0.5636743215031316,295,170,0,5,120,0,0,156,-3.061324041561634,13.64406779661017,-0.5857962369918823,0.0,-0.0036295289173722267,6.172842395305634,1.3947366774082184,0.0,0.003621094206755515,0.040966796875,14.917617678642273,-2.3283064365386963e-10,0.8682214617729187,3.803680981595091e-05,-1.070518970489502
429,1757184,1217.8,1374.2,2.83,0.15,10,0.125,301,0.44518272425249167,334,153,3,10,168,0,0,145,-2.879554555143492,12.320359281437126,-0.7573592662811279,0.0,-0.0027282705530524256,12.834292554855347,1.3929944217205048,0.0,0.004473577882163226,0.046484375,21.010353517532348,-1.6298145055770874e-09,0.7770881652832031,3.742331288343559e-05,-1.070826768875122
430,1761280,1220.9,1337.5,2.91,0.15,10,0.125,111,0.4774774774774775,322,174,4,5,139,0,0,162,-2.9738684147578276,12.79192546583851,-0.6304292678833008,0.0,-0.0061339718289673325,9.869589221477508,1.3918591797351838,0.0,0.007322908616333734,0.09267578125,12.448344326019287,-6.111804395914078e-10,0.8052241802215576,3.680981595092023e-05,-1.0711710453033447
431,1765376,1223.7,1484.5,2.61,0.15,10,0.125,396,0.5429292929292929,285,162,3,14,106,0,0,144,-3.0939710097982047,14.25263157894737,-0.644339382648468,0.0,-0.004640758223831654,15.722661590576172,1.3904862582683564,0.0,0.005997523909900338,0.07451171875,20.69936385154724,-8.731149137020111e-11,0.7206943035125732,3.6196319018404904e-05,-1.0714387893676758
432,1769472,1226.3,1525.2,2.54,0.14,10,0.125,181,0.580110497237569,297,169,2,5,121,0,0,159,-2.8807449758585166,13.663299663299663,-0.6101366877555847,0.0,-0.0031747528351843356,8.258918190002442,1.3896101117134094,0.0,0.002518122404580936,0.02177734375,16.793538761138915,-1.7171259969472885e-09,0.8496904373168945,3.558282208588958e-05,-1.071649193763733
433,1773568,1229.2,1422.8,2.73,0.15,10,0.125,505,0.5326732673267327,324,164,4,4,152,0,0,156,-2.9781168441536727,12.830246913580247,-0.6908753514289856,0.0,-0.0035034101456403732,9.24311535358429,1.3885454833507538,0.0,0.005408563459059224,0.069091796875,15.379162168502807,-7.275957614183426e-10,0.8270477056503296,3.496932515337423e-05,-1.07200288772583
434,1777664,1232.3,1327.0,2.94,0.15,10,0.125,309,0.5275080906148867,316,166,4,5,141,0,0,157,-2.9678720713431264,12.974683544303797,-0.6492880582809448,0.0,-0.0054615828674286606,10.576450288295746,1.3869848251342773,0.0,0.006479200124158524,0.086474609375,14.771543788909913,-4.94765117764473e-10,0.7877487540245056,3.4355828220858905e-05,-1.0723912715911865
435,1781760,1235.2,1426.4,2.73,0.14,10,0.125,120,0.5416666666666666,323,168,1,4,150,0,0,156,-3.0222235482634416,12.597523219814242,-0.6519941091537476,0.0,-0.0035290449392050504,6.247425436973572,1.3854474544525146,0.0,0.004477934681926854,0.05224609375,12.571040058135987,-8.440110832452774e-10,0.8707305788993835,3.374233128834355e-05,-1.0728175640106201
436,1785856,1238.0,1474.7,2.64,0.14,10,0.125,434,0.5299539170506913,314,165,2,11,136,0,0,155,-3.0232800028520606,13.194267515923567,-0.6573225855827332,0.0,-0.004164783284068108,12.010695886611938,1.3837258398532868,0.0,0.004149388335645199,0.050341796875,17.99606819152832,-2.6193447411060333e-09,0.7699477672576904,3.312883435582823e-05,-1.073195219039917
437,1789952,1241.2,1288.4,3.03,0.15,10,0.125,206,0.6213592233009708,284,174,4,2,104,0,0,164,-3.0176029536788733,14.27112676056338,-0.5633045434951782,0.0,-0.0031137564219534397,9.312253606319427,1.3825905919075012,0.0,0.0023604492860613393,0.02109375,14.058775782585144,-1.367880031466484e-09,0.8106110692024231,3.251533742331287e-05,-1.0733822584152222
438,1794048,1243.9,1487.8,2.6,0.15,10,0.125,8,0.625,314,165,4,6,139,0,0,157,-2.9928697616145943,13.13375796178344,-0.6524479985237122,0.0,-0.0037961478345096113,10.688773274421692,1.381670594215393,0.0,0.004599617765052244,0.05595703125,12.985927867889405,-8.149072527885437e-10,0.7985082864761353,3.190184049079755e-05,-1.073697805404663
439,1798144,1246.6,1529.8,2.54,0.14,10,0.125,332,0.49698795180722893,324,160,5,5,153,1,0,152,-2.876609969658874,12.648148148148149,-0.7094959616661072,0.0,-0.0017008978873491287,14.938455867767335,1.3804443657398224,0.0,0.0027325461414875463,0.021142578125,17.817619371414185,-1.4260876923799515e-09,0.761723518371582,3.1288343558282195e-05,-1.073955774307251
440,1802240,1249.2,1588.8,2.43,0.15,10,0.125,150,0.5133333333333333,330,169,0,5,156,0,0,159,-2.962590837663395,12.39090909090909,-0.6527453660964966,0.0,-0.0037988799391314386,6.96910914182663,1.379414254426956,0.0,0.004818067642918322,0.060107421875,18.523259019851686,-2.1827872842550278e-09,0.8665264844894409,3.0674846625766866e-05,-1.0742422342300415
441,1806336,1251.9,1542.2,2.51,0.14,10,0.125,476,0.5,326,161,2,5,158,0,0,155,-2.9417361939062387,12.506134969325153,-0.6927269697189331,0.0,-0.0017922123428434134,7.564088177680969,1.3783122658729554,0.0,0.0031357417319668457,0.0287109375,13.517078256607055,-2.270098775625229e-09,0.8456999063491821,3.0061349693251548e-05,-1.0744678974151611
442,1810432,1254.8,1409.5,2.76,0.15,10,0.125,269,0.5762081784386617,305,177,3,3,121,1,0,175,-2.9692182464079675,13.436065573770492,-0.5956591963768005,0.0,-0.005408405652269721,11.32917150259018,1.3774840831756592,0.0,0.005451805869233795,0.0677734375,15.893487477302552,-1.6880221664905548e-09,0.7861055731773376,2.944785276073619e-05,-1.0746968984603882
443,1814528,1257.7,1407.8,2.77,0.14,10,0.125,73,0.6575342465753424,316,175,1,6,134,0,0,168,-3.027405449114536,12.908227848101266,-0.6031205058097839,0.0,-0.0039019121322780848,7.680616116523742,1.376432067155838,0.0,0.0036900656443322076,0.039990234375,12.253658556938172,-9.313225746154785e-10,0.8459334373474121,2.8834355828220867e-05,-1.074999451637268
444,1818624,1260.9,1296.0,3.02,0.14,10,0.125,402,0.5348258706467661,329,167,4,7,151,0,0,155,-2.987033391105209,12.659574468085106,-0.6743175983428955,0.0,-0.001879256684333086,11.43226616382599,1.3751933813095092,0.0,0.002156346976698842,0.0181640625,14.29559416770935,-2.9103830456733704e-10,0.7941107749938965,2.822085889570551e-05,-1.075303077697754
445,1822720,1263.7,1461.4,2.66,0.14,10,0.125,199,0.49748743718592964,309,169,2,3,135,0,0,157,-2.929912767625175,13.019417475728156,-0.6001143455505371,0.0,-0.004807557910680771,7.73183798789978,1.3738586723804473,0.0,0.004831429732439574,0.059326171875,13.339486289024354,-4.0745362639427185e-10,0.8338291645050049,2.760736196319019e-05,-1.0756802558898926
446,1826816,1266.4,1513.8,2.56,0.15,10,0.125,507,0.5285996055226825,308,169,0,6,133,0,0,158,-2.898336434223113,13.366883116883116,-0.62358558177948,0.0,-0.005109653435647487,7.112972235679626,1.3722805559635163,0.0,0.0059289876211551015,0.077490234375,10.846468544006347,-1.0477378964424133e-09,0.8537263870239258,2.6993865030674834e-05,-1.0760314464569092
447,1830912,1269.0,1555.4,2.49,0.15,10,0.125,319,0.5015673981191222,324,164,1,6,153,0,0,156,-3.0167344447708824,12.660493827160494,-0.6515316963195801,0.0,-0.0018756747711449861,8.39490978717804,1.3709543347358704,0.0,0.0025879510227241552,0.018994140625,12.277150750160217,-6.111804395914078e-10,0.8242705464363098,2.638036809815951e-05,-1.0764104127883911
448,1835008,1271.6,1568.5,2.46,0.15,10,0.125,112,0.5,305,163,2,3,137,0,0,156,-2.8652872803314646,13.344262295081966,-0.6029548645019531,0.0,-0.0026937386486679316,8.239630436897277,1.369462502002716,0.0,0.002391540352255106,0.02138671875,13.679479718208313,-1.7462298274040222e-10,0.8371720314025879,2.5766871165644153e-05,-1.076744556427002
449,1839104,1274.6,1401.6,2.77,0.15,10,0.125,440,0.5045454545454545,328,166,3,5,154,0,0,158,-2.8717672822129985,12.496951219512194,-0.6681835651397705,0.0,-0.003786021191626787,8.757147336006165,1.3681677281856537,0.0,0.003248355118557811,0.035302734375,13.823128533363342,1.1641532182693481e-10,0.8294227123260498,2.515337423312883e-05,-1.077075719833374
450,1843200,1277.5,1399.3,2.78,0.15,10,0.125,238,0.5588235294117647,310,173,0,1,136,0,0,169,-2.832032198691207,13.206451612903226,-0.5693100094795227,0.0,-0.004167955135926604,3.6050453186035156,1.3669027864933014,0.0,0.0027030339784687384,0.02919921875,13.105124163627625,1.1641532182693481e-10,0.9207648038864136,2.453987730061351e-05,-1.0773899555206299
451,1847296,1280.3,1494.8,2.59,0.15,10,0.125,63,0.47619047619047616,337,163,6,3,165,0,0,156,-2.9767189293508194,12.09792284866469,-0.6915032863616943,0.0,-0.003197296615689993,11.55002932548523,1.3657008349895476,0.0,0.0026262398576363923,0.02353515625,20.14758551120758,-8.149072527885437e-10,0.7809783816337585,2.392638036809815e-05,-1.0776278972625732
452,1851392,1283.2,1407.5,2.77,0.14,10,0.125,386,0.5129533678756477,323,168,4,5,145,1,0,164,-2.9678621003036816,12.736842105263158,-0.636867344379425,0.0,-0.002903560269623995,9.610834050178529,1.3649385273456573,0.0,0.003334139595972374,0.036328125,13.222916173934937,-2.0372681319713593e-09,0.8095027208328247,2.331288343558283e-05,-1.0777766704559326
453,1855488,1286.1,1418.1,2.74,0.15,10,0.125,208,0.5432692307692307,334,171,2,5,156,0,0,164,-3.0680584878690955,12.359281437125748,-0.650242805480957,0.0,-0.0026402759831398726,7.843981796503067,1.3644383728504181,0.0,0.0019164520388585515,0.015087890625,15.659606885910033,-3.2014213502407074e-10,0.8381578922271729,2.2699386503067474e-05,-1.0778846740722656
454,1859584,1289.0,1422.4,2.74,0.14,10,0.125,7,0.8571428571428571,311,168,3,3,137,0,0,158,-2.9769939169890556,13.237942122186496,-0.5909252762794495,0.0,-0.0031743465457111596,6.870680797100067,1.3639807760715486,0.0,0.0024650421604746954,0.023291015625,12.498540091514588,-1.3096723705530167e-09,0.8530794382095337,2.2085889570552152e-05,-1.078019618988037
455,1863680,1291.7,1486.0,2.61,0.15,10,0.125,326,0.5705521472392638,319,180,1,4,134,0,0,172,-2.978459856536091,12.89655172413793,-0.5925644636154175,0.0,-0.0032159699127078055,6.156979274749756,1.3633359909057616,0.0,0.0041706718446221204,0.048095703125,10.874239921569824,6.111804395914078e-10,0.8643791675567627,2.1472392638036796e-05,-1.0781877040863037
456,1867776,1294.7,1383.8,2.81,0.15,10,0.125,136,0.5,322,175,1,4,142,0,0,163,-2.997164505262993,12.649068322981366,-0.6126799583435059,0.0,-0.0027824932243674994,6.477051067352295,1.3623552978038789,0.0,0.0032537779843551107,0.03369140625,10.686215591430663,3.2014213502407074e-10,0.8591074347496033,2.085889570552147e-05,-1.0785579681396484
457,1871872,1297.8,1319.3,2.96,0.14,10,0.125,445,0.550561797752809,309,177,2,3,127,0,0,171,-3.0275180671475557,13.11326860841424,-0.5898069739341736,0.0,-0.0022145962342619897,5.546668779850006,1.360907405614853,0.0,0.0020497282399446703,0.014697265625,10.63357892036438,-3.2014213502407074e-10,0.8827025294303894,2.024539877300615e-05,-1.0788755416870117
458,1875968,1300.9,1305.1,2.99,0.15,10,0.125,261,0.5363984674329502,328,172,1,2,153,0,0,164,-3.0110228919736026,12.606707317073171,-0.6289722323417664,0.0,-0.003229101607576013,5.610857832431793,1.3596955955028533,0.0,0.003493494537542574,0.038330078125,10.112849283218384,-5.529727786779404e-10,0.8830716609954834,1.9631901840490794e-05,-1.0791630744934082
459,1880064,1304.1,1302.0,3.0,0.15,10,0.125,74,0.44594594594594594,325,160,3,8,154,0,0,156,-3.061387967554892,12.556923076923077,-0.6753160953521729,0.0,-0.002552987262606621,10.999779224395752,1.358689194917679,0.0,0.0017256260354770348,0.0109375,16.10541868209839,-1.1641532182693481e-09,0.7827463150024414,1.9018404907975472e-05,-1.0793713331222534
460,1884160,1307.0,1416.3,2.74,0.15,10,0.125,410,0.5121951219512195,336,177,2,4,153,0,0,172,-2.99956414274989,12.258928571428571,-0.6265872120857239,0.0,-0.0021630245260894298,6.565711104869843,1.3578351020812989,0.0,0.0027552383573492987,0.024462890625,13.330117344856262,-2.9103830456733704e-10,0.8606495261192322,1.8404907975460116e-05,-1.0795962810516357
461,1888256,1309.8,1444.1,2.69,0.14,10,0.125,249,0.4819277108433735,351,168,3,2,178,0,0,155,-3.0152946439822985,11.715099715099715,-0.6859955787658691,0.0,-0.00428772890008986,6.495374715328216,1.357121580839157,0.0,0.004766810631554108,0.06123046875,10.968851399421691,-1.4842953532934189e-09,0.8682460784912109,1.779141104294479e-05,-1.0797160863876343
462,1892352,1312.9,1343.7,2.9,0.15,10,0.125,31,0.6774193548387096,294,174,1,8,111,0,0,164,-2.994154367647558,13.819727891156463,-0.581386148929596,0.0,-0.002699469402432442,8.766084384918212,1.3565981209278106,0.0,0.0021734384426963516,0.019873046875,12.743048512935639,-1.4551915228366852e-09,0.8233036398887634,1.7177914110429436e-05,-1.0798790454864502
463,1896448,1316.0,1338.0,2.91,0.15,10,0.125,362,0.5193370165745856,331,167,4,6,154,0,0,156,-3.043926181148435,12.359516616314199,-0.6789371967315674,0.0,-0.004033160419203341,12.303537833690644,1.356013160943985,0.0,0.0032641727753798476,0.03828125,16.656973576545717,-1.4842953532934189e-09,0.7899284958839417,1.6564417177914114e-05,-1.079984188079834
464,1900544,1318.9,1378.0,2.82,0.15,10,0.125,176,0.5568181818181818,326,174,1,8,143,0,0,158,-3.060060372421767,12.506134969325153,-0.6422910690307617,0.0,-0.0033872977830469607,9.067748212814331,1.3556127369403839,0.0,0.0031451740651391447,0.0365234375,12.666605257987976,-1.979060471057892e-09,0.8136022090911865,1.5950920245398758e-05,-1.0801048278808594
465,1904640,1321.8,1425.4,2.73,0.15,10,0.125,5,0.8,341,167,2,10,162,0,0,154,-3.038337323897784,12.073313782991203,-0.7004433870315552,0.0,-0.003388399351388216,11.460367286205292,1.3550726056098938,0.0,0.0025960197279346177,0.027392578125,15.362090802192688,-1.2223608791828156e-09,0.7942960262298584,1.5337423312883433e-05,-1.0802433490753174
466,1908736,1324.5,1546.5,2.51,0.14,10,0.125,359,0.4763231197771588,354,167,1,6,180,0,0,160,-3.0317347460257085,11.596045197740112,-0.7241264581680298,0.0,-0.0028501699678599836,7.649958562850952,1.3545284211635589,0.0,0.002289634363842197,0.02001953125,12.255024957656861,-6.693881005048752e-10,0.8535135388374329,1.4723926380368111e-05,-1.080382227897644
467,1912832,1327.6,1316.8,2.96,0.15,10,0.125,192,0.4427083333333333,345,162,5,9,169,0,0,157,-3.024934743809443,11.979710144927536,-0.730907678604126,0.0,-0.002821803977712989,13.126659250259399,1.3539665162563324,0.0,0.002895983406051528,0.028515625,19.236996841430663,-1.1350493878126144e-09,0.762554943561554,1.4110429447852756e-05,-1.0805168151855469
468,1916928,1330.4,1482.1,2.61,0.15,10,0.125,12,0.5833333333333334,332,163,2,6,160,1,0,147,-3.0299661381351246,12.153614457831326,-0.681363046169281,0.0,-0.0018906119279563428,10.659119820594787,1.353443843126297,0.0,0.0005776883364887909,0.001416015625,18.710176825523376,9.313225746154785e-10,0.8045029044151306,1.3496932515337432e-05,-1.080649495124817
469,1921024,1332.9,1598.4,2.42,0.15,10,0.125,321,0.5327102803738317,309,164,4,10,131,0,0,153,-3.0036306606540317,13.36569579288026,-0.6589521169662476,0.0,-0.002527879364788532,13.809971523284911,1.35296790599823,0.0,0.001035082945600152,0.00439453125,18.15421943664551,-1.5133991837501526e-09,0.7417062520980835,1.2883435582822077e-05,-1.0807400941848755
470,1925120,1335.8,1451.1,2.67,0.15,10,0.125,141,0.524822695035461,332,165,4,4,159,0,0,156,-2.9773149374044707,12.216867469879517,-0.6814898252487183,0.0,-0.003900106926448643,9.429656171798706,1.3526549160480499,0.0,0.00214091089728754,0.02158203125,13.314140462875367,-3.2014213502407074e-10,0.8215435743331909,1.2269938650306755e-05,-1.0808115005493164
471,1929216,1338.8,1374.5,2.84,0.14,10,0.125,473,0.5200845665961945,332,172,3,3,154,0,0,158,-3.047497931939337,12.451807228915662,-0.6478759050369263,0.0,-0.003520017536357045,7.9938377141952515,1.352357143163681,0.0,0.002268330004881136,0.021533203125,13.580295872688293,-1.4842953532934189e-09,0.8402752876281738,1.1656441717791398e-05,-1.0808950662612915
472,1933312,1341.7,1388.1,2.81,0.14,10,0.125,298,0.49328859060402686,337,169,1,4,163,0,0,159,-2.940918796289532,12.09792284866469,-0.6557371616363525,0.0,-0.00287637016735971,5.279306674003601,1.3519079029560088,0.0,0.0019379643330466934,0.015869140625,9.295293951034546,-1.5133991837501526e-09,0.8897929191589355,1.1042944785276076e-05,-1.081049919128418
473,1937408,1344.7,1370.1,2.84,0.15,10,0.125,117,0.49572649572649574,331,166,5,6,154,0,0,154,-3.0054498862896377,12.386706948640484,-0.6841728687286377,0.0,-0.0017926462460309267,10.973096990585328,1.3513133883476258,0.0,0.0011829189854324796,0.005322265625,19.876903700828553,-5.529727786779404e-10,0.7974549531936646,1.042944785276072e-05,-1.0811645984649658
474,1941504,1347.5,1462.3,2.65,0.15,10,0.125,426,0.539906103286385,309,172,1,6,130,0,0,162,-2.990281820722202,13.3042071197411,-0.6012341976165771,0.0,-0.002381156524643302,8.265246367454528,1.3509223937988282,0.0,0.0020028663348057307,0.014794921875,12.310517048835754,-8.149072527885437e-10,0.8335683941841125,9.815950920245397e-06,-1.0812578201293945
475,1945600,1350.3,1466.4,2.64,0.15,10,0.125,242,0.4834710743801653,328,167,3,2,156,0,0,156,-2.8902693854274024,12.396341463414634,-0.6593904495239258,0.0,-0.0020103481598198413,7.77062759399414,1.3505642592906952,0.0,0.0011810036769020372,0.006884765625,13.442067790031434,-5.820766091346741e-10,0.8379764556884766,9.202453987730073e-06,-1.081341028213501
476,1949696,1353.0,1531.6,2.53,0.15,10,0.125,51,0.45098039215686275,321,169,1,7,144,0,0,153,-2.918629903702815,12.781931464174455,-0.6338499784469604,0.0,-0.002263580868020654,8.89296623468399,1.3502352833747864,0.0,0.0008894594095181674,0.002294921875,13.146991276741028,1.1059455573558807e-09,0.828857421875,8.588957055214718e-06,-1.0814223289489746
477,1953792,1355.8,1462.0,2.66,0.15,10,0.125,356,0.547752808988764,305,172,2,5,126,0,0,161,-3.0157436791273633,13.449180327868852,-0.6047043204307556,0.0,-0.0012285738019272685,9.493931794166565,1.3499448776245118,0.0,0.0005696185675333254,0.000537109375,15.211945414543152,-4.0745362639427185e-10,0.8281919956207275,7.975460122699396e-06,-1.0814852714538574
478,1957888,1358.5,1513.2,2.56,0.15,10,0.125,154,0.577922077922078,310,176,1,6,127,0,0,172,-2.915393162569006,13.283870967741935,-0.5778812170028687,0.0,-0.001564654428511858,6.739803671836853,1.3497025847434998,0.0,0.0008469712352962233,0.001318359375,12.737483501434326,-8.731149137020111e-10,0.8660880327224731,7.36196319018404e-06,-1.0815489292144775
479,1961984,1361.3,1488.0,2.6,0.15,10,0.125,457,0.5601750547045952,303,167,3,8,125,0,0,160,-3.004689185173465,13.389438943894389,-0.6151775121688843,0.0,-0.0007187276612967252,10.549706482887268,1.3494759380817414,0.0,0.00046119057515170425,0.000341796875,15.249415564537049,-1.0477378964424133e-09,0.7892286777496338,6.748466257668716e-06,-1.0815846920013428
480,1966080,1363.7,1727.5,2.22,0.15,10,0.125,263,0.5437262357414449,318,171,6,6,135,0,0,169,-3.0409402896306816,12.9937106918239,-0.6421591639518738,0.0,-0.001101285545155406,12.999129438400269,1.3493501603603364,0.0,0.00046844750468153504,0.000341796875,20.397992968559265,1.4551915228366852e-10,0.7740926146507263,6.1349693251533605e-06,-1.0816233158111572
481,1970176,1366.6,1420.2,2.73,0.15,10,0.125,73,0.5342465753424658,322,169,4,3,146,0,0,157,-2.942833282428109,12.5527950310559,-0.6264588236808777,0.0,-0.000908233504742384,8.644015908241272,1.3491729497909546,0.0,0.00033208432723768054,0.0,14.806880760192872,-1.0186340659856796e-09,0.8300607204437256,5.521472392638038e-06,-1.0816688537597656
482,1974272,1369.4,1438.5,2.7,0.14,10,0.125,423,0.475177304964539,350,162,2,4,181,1,0,153,-3.073688582596885,11.688571428571429,-0.7395201325416565,0.0,-0.0008705601561814546,10.042871499061585,1.3490259170532226,0.0,0.0005468042858410626,0.000390625,13.692208456993104,-6.984919309616089e-10,0.8128780126571655,4.907975460122715e-06,-1.0816951990127563
483,1978368,1372.3,1434.3,2.71,0.15,10,0.125,238,0.5714285714285714,327,180,1,1,145,0,0,170,-2.934111219720788,12.703363914373089,-0.5813770294189453,0.0,-0.0006442788522690535,4.848510324954987,1.3489138245582581,0.0,0.00029762598569504917,0.0001953125,15.149454498291016,-7.566995918750763e-10,0.8965532779693604,4.294478527607359e-06,-1.081728458404541
484,1982464,1375.3,1358.6,2.86,0.15,10,0.125,56,0.5,330,177,1,1,151,0,0,161,-3.0157879730642336,12.366666666666667,-0.609173059463501,0.0,-0.001207272196188569,4.252514982223511,1.348775178194046,0.0,0.0001936294080223888,4.8828125e-05,13.535780763626098,-1.3096723705530167e-09,0.9117069244384766,3.6809815950920363e-06,-1.0817638635635376
485,1986560,1378.2,1410.7,2.75,0.15,10,0.125,383,0.5091383812010444,327,167,3,8,149,0,0,157,-3.1500926794705317,12.565749235474007,-0.651974081993103,0.0,-0.0006777479080483318,11.521400356292725,1.3486481487751008,0.0,0.00023043460241751746,0.0,18.19765067100525,-5.529727786779404e-10,0.770004391670227,3.0674846625766803e-06,-1.0817886590957642
486,1990656,1381.1,1400.5,2.78,0.15,10,0.125,204,0.5343137254901961,333,169,1,2,161,0,0,162,-3.0645200652936584,12.255255255255255,-0.6560512781143188,0.0,-0.0011697481386363506,5.830663418769836,1.348562228679657,0.0,0.0002227486824267544,0.000146484375,10.449241209030152,2.9103830456733704e-11,0.8792486190795898,2.4539877300613577e-06,-1.081808090209961
487,1994752,1383.9,1506.7,2.58,0.14,10,0.125,44,0.4318181818181818,352,167,1,3,181,0,0,155,-2.9809981363044473,11.559659090909092,-0.689200758934021,0.0,-0.000356529641430825,6.123982310295105,1.3484834849834442,0.0,4.597284423653036e-05,0.0,9.407694363594056,-5.820766091346741e-10,0.878627598285675,1.8404907975460014e-06,-1.08182954788208
488,1998848,1386.7,1453.9,2.68,0.14,10,0.125,379,0.49340369393139843,335,168,5,3,159,0,0,162,-2.9257412151473057,12.429850746268658,-0.6476975679397583,0.0,-0.00030486001633107663,9.348673641681671,1.3484039843082427,0.0,4.6145039959810674e-05,0.0,14.70381544828415,-1.1059455573558807e-09,0.8140240907669067,1.2269938650306788e-06,-1.0818455219268799
489,2002944,1389.3,1569.9,2.47,0.14,10,0.125,191,0.4607329842931937,324,167,1,6,149,1,0,161,-3.0022540238965156,12.614197530864198,-0.6429626941680908,0.0,-0.00015703178942203522,9.770743989944458,1.3483638346195221,0.0,6.888367352075875e-06,0.0,16.061740684509278,-1.775333657860756e-09,0.8168424963951111,6.134969325153227e-07,-1.081849455833435
