update,global_step,wall_s,sps,rollout_s,learn_s,level,c,window_n,window_success,episodes,n_success,n_crash_ground,n_crash_platform,n_tilt,n_drift,n_timeout,strict_success,impact_vz_mean,ep_len_mean,reward_mean,r_active_mean,r_active_frac,pg,v,ent,est,kl,clipfrac,grad_norm,kl_first,explained_var,lr,log_std_mean,est_err_blind_0_0,n_blind_0_0,est_err_blind_1_15,n_blind_1_15,est_err_blind_16_60,n_blind_16_60,est_err_blind_61_120,n_blind_61_120,est_err_blind_121_inf,n_blind_121_inf
1,4096,71.7,57.1,38.51,33.2,10,0.125,157,0.044585987261146494,157,7,144,3,1,2,0,3,-3.27004677706588,25.146496815286625,-1.3759503364562988,-0.09616203606128693,1.0,-0.0027896874118596314,189.62722625732422,3.6746620297431947,4.614901727437973,0.011165992240421474,0.162255859375,46.826486587524414,0.0,0.0011218786239624023,0.0003,-0.5009220242500305,5.316286087036133,2239,5.32483434677124,1823,6.396595001220703,34,nan,0,nan,0
2,8192,141.8,58.5,36.13,33.88,10,0.125,317,0.04100946372239748,160,6,152,1,1,0,0,5,-2.866038579085684,25.3125,-1.3787568807601929,-0.0933242067694664,1.0,-0.004450013756286353,149.40317182540895,3.6682363510131837,3.704668802022934,0.008084200968733057,0.114794921875,76.5686191558838,-1.1641532182693481e-10,0.02392745018005371,0.0002996929375639713,-0.5032216310501099,2.7556090354919434,2116,5.095556259155273,1916,8.539681434631348,64,nan,0,nan,0
3,12288,212.9,57.9,36.47,34.21,10,0.125,480,0.03958333333333333,163,6,154,2,1,0,0,4,-2.9473195137593127,24.650306748466257,-1.3691893815994263,-0.09237658977508545,1.0,-0.0008397804573178292,103.23815703392029,3.658027458190918,2.7525433585047723,0.008235498299472965,0.116259765625,93.55406837463379,0.0,0.04992717504501343,0.00029938587512794265,-0.5057073831558228,2.586756706237793,2214,4.649979591369629,1824,6.833417892456055,58,nan,0,nan,0
4,16384,283.6,58.3,35.93,34.36,10,0.125,126,0.023809523809523808,158,6,147,5,0,0,0,4,-3.143715998780774,26.082278481012658,-1.3492066860198975,-0.08984468877315521,1.0,-0.003655167971737683,78.083669424057,3.650048220157623,2.6728289395570757,0.0059121019177837296,0.0712890625,100.21896095275879,0.0,0.055405616760253906,0.00029907881269191397,-0.5071054697036743,2.8121705055236816,2170,4.176222801208496,1792,6.313057899475098,134,nan,0,nan,0
5,20480,355.3,57.5,36.85,34.44,10,0.125,293,0.051194539249146756,167,12,154,1,0,0,0,5,-3.1796500221204895,24.892215568862277,-1.2848279476165771,-0.08835294842720032,1.0,-0.004468334186822176,45.90892066955566,3.645773136615753,2.118897317349911,0.008209421989158727,0.11806640625,56.71758661270142,0.0,0.06196558475494385,0.00029877175025588533,-0.5078965425491333,2.5347113609313965,2236,3.788177013397217,1811,5.138618469238281,49,nan,0,nan,0
6,24576,426.7,57.7,36.54,34.44,10,0.125,456,0.043859649122807015,163,5,152,4,2,0,0,1,-3.1720768245749205,25.226993865030675,-1.3157645463943481,-0.08602210134267807,1.0,-7.250549970194697e-05,34.410456919670104,3.642176163196564,2.0059163108468057,0.007790732977446169,0.10419921875,32.13713936805725,-5.820766091346741e-11,0.12373471260070801,0.00029846468781985665,-0.5092791318893433,2.5606863498687744,2226,3.598012685775757,1784,5.103277683258057,86,nan,0,nan,0
7,28672,498.3,57.6,36.7,34.47,10,0.125,108,0.10185185185185185,164,14,145,4,1,0,0,5,-3.2896157041681735,24.98780487804878,-1.239459753036499,-0.08381330966949463,1.0,-0.0003145768074318767,34.74973328113556,3.632440412044525,1.7437843590974809,0.010528273033560253,0.148779296875,12.775916957855225,0.0,0.2995889186859131,0.000298157625383828,-0.5124852061271667,2.630681276321411,2232,3.4529473781585693,1816,4.628990650177002,48,nan,0,nan,0
8,32768,570.0,57.4,36.87,34.48,10,0.125,268,0.07835820895522388,160,10,145,5,0,0,0,3,-3.1767883043873444,25.4625,-1.2532265186309814,-0.0810217410326004,1.0,0.003056535543873906,26.146081805229187,3.61799693107605,1.5039330489933491,0.010630967508768662,0.14013671875,13.301035499572754,0.0,0.4496344327926636,0.00029785056294779933,-0.5166414976119995,2.496056318283081,2215,3.0990915298461914,1799,3.496920585632324,82,nan,0,nan,0
9,36864,641.7,57.5,36.83,34.47,10,0.125,434,0.06451612903225806,166,7,153,5,1,0,0,4,-3.478354269561908,24.63855421686747,-1.2759270668029785,-0.07946029305458069,1.0,-0.0023652078351005914,20.572758316993713,3.6030462861061094,1.5367882311344148,0.012195420416537673,0.1677734375,10.993596124649049,0.0,0.5769614577293396,0.0002975435005117707,-0.5199612379074097,2.3719472885131836,2169,3.194324016571045,1841,4.433137893676758,86,nan,0,nan,0
10,40960,713.1,57.7,36.46,34.48,10,0.125,84,0.13095238095238096,162,15,138,8,1,0,0,9,-3.4985300425257515,25.037037037037038,-1.2011686563491821,-0.07937244325876236,1.0,0.0026727714808657765,28.0458316385746,3.5899979710578918,1.5616057723760606,0.013290318186045624,0.1748046875,12.001099157333375,0.0,0.5351637601852417,0.000297236438075742,-0.522901177406311,2.5080716609954834,2190,3.099304676055908,1819,3.9484641551971436,87,nan,0,nan,0
11,45056,784.7,57.5,36.7,34.53,10,0.125,254,0.09448818897637795,170,13,146,9,2,0,0,7,-3.668936588800748,24.641176470588235,-1.23073410987854,-0.07730312645435333,1.0,-0.00464621587889269,23.268143528699873,3.5789278507232667,1.4084827773272992,0.012438944223686122,0.170751953125,9.660560095310212,0.0,0.5451805591583252,0.0002969293756397134,-0.5255383253097534,2.348515272140503,2263,3.0332765579223633,1781,3.558523416519165,52,nan,0,nan,0
12,49152,856.7,57.3,36.97,34.57,10,0.125,428,0.10747663551401869,174,22,146,4,2,0,0,14,-3.6691684033277467,23.24712643678161,-1.1623942852020264,-0.07710304856300354,1.0,5.843562539666891e-05,31.044888639450072,3.570422124862671,1.379186050593853,0.016207301020040178,0.211962890625,16.63908897638321,0.0,0.4947890043258667,0.0002966223132036847,-0.5273582935333252,2.2680678367614746,2306,3.0332376956939697,1751,3.6331419944763184,39,nan,0,nan,0
13,53248,929.0,56.9,37.42,34.51,10,0.125,94,0.20212765957446807,178,25,139,9,5,0,0,15,-3.2470104877110284,22.96067415730337,-1.1574046611785889,-0.07621889561414719,1.0,-0.002041797782294452,32.40761507749558,3.5596505999565125,1.2301698483526706,0.008880634940578603,0.11728515625,9.583695816993714,0.0,0.4447466731071472,0.00029631525076765606,-0.5313399434089661,2.142740488052368,2365,3.12148118019104,1679,4.869036674499512,52,nan,0,nan,0
14,57344,1001.0,57.3,37.0,34.54,10,0.125,267,0.1348314606741573,173,17,149,5,2,0,0,6,-3.886438106640236,24.0,-1.1811527013778687,-0.0747658982872963,1.0,-0.004531330708414316,23.043773847818375,3.544467043876648,1.3275428980588913,0.010364073308301159,0.138623046875,9.359605610370636,0.0,0.5418693423271179,0.00029600818833162737,-0.5342155694961548,2.4561779499053955,2359,2.8105647563934326,1695,3.399620771408081,42,nan,0,nan,0
15,61440,1072.9,57.3,36.98,34.53,10,0.125,434,0.12442396313364056,167,18,142,5,2,0,0,12,-3.1486365374982888,24.107784431137723,-1.1464325189590454,-0.07511744648218155,1.0,-0.0020330875297077,22.48359416127205,3.5367611169815065,1.1891242481768132,0.007593037013430148,0.100146484375,8.169187033176422,-5.820766091346741e-11,0.5362402200698853,0.00029570112589559874,-0.5352591872215271,2.162407636642456,2386,2.8437914848327637,1659,3.44153094291687,51,nan,0,nan,0
16,65536,1145.1,57.1,37.19,34.54,10,0.125,93,0.08602150537634409,171,21,139,9,2,0,0,14,-3.6456524620080595,24.169590643274855,-1.0925939083099365,-0.07407986372709274,1.0,-0.006654960452578962,28.558751451969147,3.5319109201431274,1.1929536491632462,0.007928225438809023,0.105126953125,13.084202122688293,0.0,0.4539085030555725,0.00029539406345957005,-0.5369426012039185,2.1727001667022705,2319,2.7805612087249756,1733,2.972479820251465,44,nan,0,nan,0
17,69632,1217.6,56.8,37.63,34.5,10,0.125,279,0.12903225806451613,186,28,142,8,8,0,0,16,-3.4158636968908414,22.161290322580644,-1.0981323719024658,-0.07735580205917358,1.0,-0.0004948197863996028,33.598888939619066,3.5226776003837585,1.1944242760539054,0.009443325171014294,0.123291015625,12.024020874500275,0.0,0.3996120095252991,0.0002950870010235414,-0.5397528409957886,2.1806671619415283,2129,2.88629150390625,1899,4.121099948883057,68,nan,0,nan,0
18,73728,1289.5,57.3,37.01,34.53,10,0.125,456,0.16885964912280702,177,41,128,6,2,0,0,24,-3.862496427263329,23.09039548022599,-0.9982661604881287,-0.07140745222568512,0.9994896650314331,0.0002679226920008659,42.61286838054657,3.5139349579811094,1.1531463108956814,0.009588443391839974,0.130810546875,12.737212359905243,0.0,0.35167747735977173,0.00029477993858751273,-0.5411413908004761,2.283937931060791,2374,2.710730791091919,1654,3.6696953773498535,68,nan,0,nan,0
19,77824,1362.3,56.7,37.72,34.49,10,0.125,122,0.19672131147540983,178,37,133,4,4,0,0,21,-3.568056027278267,22.724719101123597,-1.0288140773773193,-0.07203923165798187,0.9997447729110718,-0.0007794321747496725,37.51331678628922,3.5076518416404725,1.0238352872431278,0.011245415755547583,0.15107421875,8.275468683242797,0.0,0.32550227642059326,0.0002944728761514841,-0.5432289838790894,2.159074544906616,2529,2.628856897354126,1552,2.4858791828155518,15,nan,0,nan,0
20,81920,1434.8,56.8,37.54,34.54,10,0.125,310,0.2032258064516129,188,39,136,11,2,0,0,20,-4.058018605563922,22.106382978723403,-1.0380632877349854,-0.0665997639298439,1.0,-0.00026738208252936603,39.37008887529373,3.499058389663696,1.027573161572218,0.010625039419392125,0.142822265625,8.255237329006196,-5.820766091346741e-11,0.3006385564804077,0.00029416581371545546,-0.5449539422988892,1.9269214868545532,2383,2.639503002166748,1683,3.286456346511841,30,nan,0,nan,0
21,86016,1507.3,56.8,37.57,34.55,10,0.125,490,0.20612244897959184,180,38,131,8,3,0,0,25,-3.8419995587713696,22.416666666666668,-1.0197021961212158,-0.06535443663597107,1.0,-0.0025600795750506224,36.65723164081574,3.493322467803955,1.040253082662821,0.010154528345447033,0.1388671875,9.030196452140808,0.0,0.3277641534805298,0.0002938587512794268,-0.5462992787361145,2.0867061614990234,2484,2.5318875312805176,1596,3.951542377471924,16,nan,0,nan,0
22,90112,1579.7,56.9,37.48,34.5,10,0.125,160,0.2,182,37,133,7,5,0,0,21,-3.921717077105967,22.63736263736264,-1.0074368715286255,-0.06649791449308395,0.9997445344924927,0.003431159956380725,38.09925247430802,3.4878940343856812,0.9660621076822281,0.013007324919453823,0.155908203125,12.761799931526184,0.0,0.28688931465148926,0.00029355168884339814,-0.5476642847061157,1.9512401819229126,2289,2.573835849761963,1770,2.3734395503997803,37,nan,0,nan,0
23,94208,1652.0,57.0,37.34,34.55,10,0.125,338,0.1863905325443787,178,31,130,7,10,0,0,14,-3.9009354274792,22.8876404494382,-1.0619573593139648,-0.06364667415618896,1.0,0.0007701338268816471,35.91139842271805,3.480449712276459,0.9919627994298935,0.019299819416482934,0.20625,9.944744515419007,0.0,0.3052464723587036,0.0002932446264073695,-0.5504841804504395,1.9064223766326904,2339,2.4506938457489014,1697,2.960040807723999,60,nan,0,nan,0
24,98304,1724.6,56.7,37.73,34.51,10,0.125,13,0.38461538461538464,187,44,131,4,8,0,0,22,-4.352029402651502,22.22459893048128,-0.983320951461792,-0.06195822358131409,0.999488353729248,0.00603370601311326,45.17299373149872,3.4703573107719423,0.8887049317359924,0.0183526373206405,0.20595703125,15.07357428073883,0.0,0.286323606967926,0.0002929375639713408,-0.5517649054527283,1.916356086730957,2412,2.2644448280334473,1654,1.7868638038635254,30,nan,0,nan,0
25,102400,1797.3,56.8,37.62,34.54,10,0.125,202,0.22277227722772278,189,40,126,13,10,0,0,20,-4.018610581109675,21.497354497354497,-1.0242788791656494,-0.06545078754425049,0.9997440576553345,0.006783073488622904,41.30754189491272,3.467280161380768,0.9463223576545715,0.023387660042499193,0.2451171875,10.419287979602814,-5.820766091346741e-11,0.252035915851593,0.0002926305015353122,-0.552760124206543,2.0239531993865967,2323,2.4893035888671875,1730,3.3132147789001465,43,nan,0,nan,0
26,106496,1869.8,56.8,37.54,34.56,10,0.125,392,0.21428571428571427,190,39,136,7,8,0,0,27,-3.6970788630235814,21.673684210526314,-0.9928007125854492,-0.06395468860864639,1.0,-7.630512118339539e-05,36.62868077754975,3.461027002334595,0.8720900118350983,0.015920753561658785,0.187353515625,11.922072815895081,0.0,0.3051978349685669,0.0002923234390992835,-0.5548842549324036,1.995030164718628,2453,2.384348154067993,1626,2.6970736980438232,17,nan,0,nan,0
27,110592,1942.7,56.6,37.87,34.52,10,0.125,76,0.14473684210526316,196,30,143,3,20,0,0,18,-3.863616045205923,20.989795918367346,-1.0842185020446777,-0.05834591016173363,0.9997435808181763,-0.0036027377005666494,30.935252046585084,3.4525843977928163,0.7585581362247467,0.01171804453479126,0.153759765625,9.565265321731568,0.0,0.31224536895751953,0.00029201637666325487,-0.556634247303009,1.7810380458831787,2387,2.173720359802246,1681,2.4604992866516113,28,nan,0,nan,0
28,114688,2015.3,56.7,37.71,34.51,10,0.125,260,0.1576923076923077,184,30,132,11,11,0,0,21,-4.364835010639005,21.733695652173914,-1.0258604288101196,-0.05401521176099777,0.9997443556785583,0.0013070299988612532,30.68053822517395,3.4460102319717407,0.7295839127153159,0.016725431525264865,0.19541015625,10.289841294288635,0.0,0.3375621438026428,0.0002917093142272262,-0.558463990688324,1.7190295457839966,2482,2.014819860458374,1596,3.1407053470611572,18,nan,0,nan,0
29,118784,2087.9,56.8,37.6,34.52,10,0.125,447,0.18568232662192394,187,42,127,7,11,0,0,23,-4.473597107546694,21.919786096256683,-0.9864499568939209,-0.04733382910490036,0.999744176864624,0.0010261908639222384,44.628963482379916,3.438070845603943,0.581562390178442,0.012601794974762015,0.157568359375,13.833375418186188,0.0,0.2605810761451721,0.00029140225179119755,-0.560503363609314,1.5095289945602417,2402,1.8365159034729004,1659,2.6723437309265137,35,nan,0,nan,0
30,122880,2161.0,56.4,38.03,34.53,10,0.125,131,0.22137404580152673,196,41,132,8,15,0,0,26,-4.05514332909942,21.178571428571427,-1.0248020887374878,-0.04385915398597717,0.9997435808181763,-0.0002579891588538885,39.08680490255356,3.429705357551575,0.5450552407652139,0.011831118684494869,0.153271484375,10.007429552078246,0.0,0.25457632541656494,0.00029109518935516886,-0.562835156917572,1.3209015130996704,2453,1.9342315196990967,1622,2.3656158447265625,21,nan,0,nan,0
31,126976,2234.2,56.3,38.26,34.52,10,0.125,330,0.24848484848484848,199,53,123,6,17,0,0,29,-3.955823347000628,20.633165829145728,-0.9278559684753418,-0.04082810878753662,0.998973548412323,0.0053764668758958575,46.00843873023987,3.4215011477470396,0.5267016120254994,0.014256025149370544,0.175390625,15.142536330223084,-5.820766091346741e-11,0.2490462064743042,0.00029078812691914023,-0.5641391277313232,1.2706063985824585,2479,1.7590136528015137,1586,2.49528431892395,31,nan,0,nan,0
32,131072,2306.9,56.8,37.61,34.52,10,0.125,12,0.25,194,37,136,8,13,0,0,18,-4.334822435091129,21.283505154639176,-1.022341251373291,-0.04081682860851288,0.9997437000274658,-0.0025109697948209942,35.7909151673317,3.4166520476341247,0.46881047934293746,0.012724678669474087,0.1623046875,12.400543987751007,0.0,0.24517810344696045,0.00029048106448311154,-0.5656431913375854,1.2242375612258911,2369,1.7368179559707642,1701,2.2973368167877197,26,nan,0,nan,0
33,135168,2379.8,56.5,37.98,34.52,10,0.125,204,0.18627450980392157,192,35,135,10,12,0,0,20,-4.136984032916999,21.395833333333332,-1.0060272216796875,-0.03550703078508377,1.0,-0.0030472743266727774,33.74407433271408,3.410732889175415,0.4128446331247687,0.016411567261093295,0.211865234375,11.06147940158844,0.0,0.2685539126396179,0.0002901740020470829,-0.5670197010040283,1.1392542123794556,2407,1.6228059530258179,1669,3.171422004699707,20,nan,0,nan,0
34,139264,2452.3,56.8,37.59,34.51,10,0.125,396,0.18181818181818182,192,34,142,7,9,0,0,18,-4.121619512507708,21.104166666666668,-1.0327856540679932,-0.035617515444755554,0.998975396156311,-0.0016428696224465966,33.46184710264206,3.4040980219841,0.44746760874986646,0.01281062486814335,0.169873046875,12.632274436950684,0.0,0.268782377243042,0.0002898669396110542,-0.5687404274940491,1.0920804738998413,2419,1.7293860912322998,1639,3.0598950386047363,38,nan,0,nan,0
35,143360,2525.5,56.4,38.17,34.51,10,0.125,78,0.1794871794871795,194,44,126,13,11,0,0,25,-4.105575467135525,21.082474226804123,-0.9777102470397949,-0.03184466063976288,0.9992311596870422,-0.0007727396208792925,40.02366154193878,3.396730899810791,0.39003763608634473,0.012556587136350572,0.160986328125,10.68631989955902,0.0,0.268676221370697,0.0002895598771750256,-0.5711132287979126,1.0223890542984009,2440,1.5453379154205322,1636,2.455549955368042,20,nan,0,nan,0
36,147456,2598.4,56.6,37.89,34.54,10,0.125,276,0.15217391304347827,198,28,136,11,23,0,0,17,-4.385504476500558,20.904040404040405,-1.042722463607788,-0.03161246329545975,0.9989738464355469,-0.003111696196720004,30.103723990917207,3.3854007005691527,0.3577832804992795,0.015436856227461248,0.18857421875,8.472634029388427,0.0,0.2599359154701233,0.0002892528147389969,-0.5740659236907959,1.0484085083007812,2424,1.4897600412368774,1646,2.5116829872131348,26,nan,0,nan,0
37,151552,2671.7,56.2,38.35,34.53,10,0.125,478,0.18619246861924685,202,47,123,13,19,0,0,29,-4.268616861888887,20.22772277227723,-0.9576218128204346,-0.028898946940898895,0.9989727735519409,0.008742589224129915,41.32642992734909,3.3763921737670897,0.3996652541682124,0.022257077248650604,0.242529296875,15.28081123828888,-5.820766091346741e-11,0.23816579580307007,0.00028894575230296827,-0.5753511786460876,0.8847361207008362,2491,1.5793919563293457,1584,4.352814674377441,21,nan,0,nan,0
38,155648,2744.6,56.6,37.89,34.53,10,0.125,166,0.20481927710843373,200,42,127,10,21,0,0,30,-4.186480383023391,20.365,-0.9775222539901733,-0.02838226407766342,0.9979466199874878,0.0005584943457506597,36.756563651561734,3.3729651927948,0.35239324625581503,0.014234185669920407,0.177099609375,9.87033371925354,-1.1641532182693481e-10,0.21898680925369263,0.0002886386898669396,-0.5760102868080139,0.9349316954612732,2374,1.4763009548187256,1695,4.4564595222473145,27,nan,0,nan,0
39,159744,2817.3,56.7,37.7,34.5,10,0.125,368,0.24456521739130435,202,56,115,10,21,0,0,36,-4.7403253887257035,20.133663366336634,-0.8808178305625916,-0.027156148105859756,0.998202383518219,0.004204398859292269,44.849415838718414,3.3700687527656554,0.3251457350328565,0.014920376345980913,0.182763671875,13.67591700553894,-1.1641532182693481e-10,0.20137614011764526,0.00028833162743091095,-0.5769085884094238,0.8639378547668457,2440,1.4402154684066772,1641,1.3084486722946167,15,nan,0,nan,0
40,163840,2890.5,56.3,38.21,34.52,10,0.125,56,0.2857142857142857,200,54,108,16,22,0,0,32,-4.202556578874975,20.475,-0.9146656394004822,-0.028491836041212082,0.9989733099937439,-0.000465962290763855,43.14005033969879,3.3663132190704346,0.3199984565377235,0.013501116103725508,0.1611328125,8.610926580429076,0.0,0.20038825273513794,0.00028802456499488227,-0.5779696702957153,0.9510325789451599,2496,1.4289799928665161,1579,2.898385524749756,21,nan,0,nan,0
41,167936,2963.3,56.6,37.86,34.53,10,0.125,262,0.20610687022900764,206,38,139,10,19,0,0,26,-4.308079785932555,20.364077669902912,-1.0120543241500854,-0.029934290796518326,0.998971700668335,0.006824916857294738,35.51987048387527,3.363461697101593,0.38728231750428677,0.017966958560282364,0.22470703125,12.903620064258575,-1.1641532182693481e-10,0.1903914213180542,0.00028771750255885363,-0.5776798725128174,0.9387962818145752,2342,1.5210152864456177,1728,3.0633273124694824,26,nan,0,nan,0
42,172032,3036.6,56.3,38.23,34.54,10,0.125,461,0.2039045553145336,199,40,130,14,15,0,0,26,-3.8713225621854974,20.371859296482413,-0.9829213619232178,-0.030278122052550316,0.9992302060127258,-0.0008423902909271419,37.02606955766678,3.3635071754455566,0.3139822121709585,0.017286653819610365,0.20791015625,10.498051810264588,0.0,0.22874504327774048,0.00028741044012282495,-0.5791502594947815,0.9605411887168884,2395,1.405351161956787,1689,2.215041399002075,12,nan,0,nan,0
43,176128,3109.5,56.6,37.85,34.53,10,0.125,146,0.21232876712328766,197,43,130,12,12,0,0,28,-3.7450189236912768,20.634517766497463,-0.9450938701629639,-0.025074392557144165,0.9987176060676575,-0.0005290072876960039,38.92937304973602,3.350816285610199,0.326411752961576,0.011741841374896467,0.153076171875,10.111063992977142,-5.820766091346741e-11,0.23255306482315063,0.0002871033776867963,-0.5835103988647461,0.8316914439201355,2441,1.3795478343963623,1650,4.008080959320068,5,nan,0,nan,0
44,180224,3182.8,56.4,38.13,34.5,10,0.125,347,0.21613832853025935,201,44,125,13,19,0,0,30,-4.494706569027286,20.323383084577113,-0.9613121151924133,-0.024680890142917633,0.9989730715751648,-0.0023262195172719657,39.05466805696487,3.335712397098541,0.27351645566523075,0.0230219339922769,0.27265625,9.078504467010498,-1.1641532182693481e-10,0.22563046216964722,0.0002867963152507676,-0.5865866541862488,0.8081895709037781,2453,1.3111013174057007,1623,3.237356662750244,20,nan,0,nan,0
45,184320,3256.0,56.3,38.3,34.49,10,0.125,37,0.16216216216216217,202,45,125,9,23,0,0,31,-4.177089388579559,20.346534653465348,-0.941845178604126,-0.025899745523929596,0.9976887702941895,0.0032479812391102312,40.436540973186496,3.324728310108185,0.29272839743643997,0.015144884193432517,0.195654296875,11.814693439006806,-5.820766091346741e-11,0.20053929090499878,0.000286489252814739,-0.5889937877655029,0.8542456030845642,2309,1.3329204320907593,1755,3.5089914798736572,32,nan,0,nan,0
46,188416,3328.0,57.3,37.01,34.53,10,0.125,233,0.18454935622317598,196,37,118,15,26,0,0,23,-4.208732996375059,20.755102040816325,-0.9643915891647339,-0.024616912007331848,0.9976922869682312,-0.004878926556557417,33.165116876363754,3.3146129846572876,0.24845200404524803,0.013396879297215492,0.172021484375,7.392822504043579,0.0,0.2487521767616272,0.0002861821903787103,-0.591995894908905,0.8220542073249817,2399,1.2870343923568726,1666,3.3313004970550537,31,nan,0,nan,0
47,192512,3400.5,56.9,37.52,34.49,10,0.125,431,0.2088167053364269,198,47,123,10,18,0,0,22,-4.6135399662378305,20.833333333333332,-0.8948652744293213,-0.024368595331907272,0.9966649413108826,-0.0056156637379899624,41.785489559173584,3.304411542415619,0.25459333434700965,0.010430653771618382,0.1375,8.659315967559815,-5.820766091346741e-11,0.17918133735656738,0.0002858751279426817,-0.5937519073486328,0.7848033905029297,2455,1.3314999341964722,1623,1.4753069877624512,18,nan,0,nan,0
48,196608,3473.9,56.2,38.45,34.49,10,0.125,118,0.2711864406779661,199,51,114,12,22,0,0,25,-4.192582966472544,20.698492462311556,-0.8976155519485474,-0.0230205450206995,0.998973548412323,-0.0003582764882594347,42.85057966709137,3.2975539207458495,0.26921308152377604,0.01284269755706191,0.16015625,10.689079403877258,0.0,0.20684272050857544,0.000285568065506653,-0.5953555107116699,0.7480694055557251,2477,1.3133081197738647,1577,2.3457727432250977,42,nan,0,nan,0
49,200704,3546.7,56.6,37.93,34.49,10,0.125,316,0.21518987341772153,198,36,135,12,15,0,0,18,-4.319700507896274,20.383838383838384,-0.9469751119613647,-0.02096664346754551,0.9987173080444336,-0.004667124571278691,31.465872406959534,3.2924513816833496,0.23277498949319125,0.01202497489284724,0.149365234375,8.189824962615967,-1.1641532182693481e-10,0.20912140607833862,0.00028526100307062435,-0.5964415669441223,0.7001665830612183,2430,1.2325706481933594,1647,1.8079265356063843,19,nan,0,nan,0
50,204800,3619.9,56.3,38.24,34.5,10,0.125,10,0.0,206,51,125,14,16,0,0,28,-4.2613230480041455,20.296116504854368,-0.9185751676559448,-0.020938217639923096,0.9971722364425659,-0.004855653876438737,40.92206916809082,3.2868084073066712,0.22942936075851322,0.008939158849534579,0.12109375,9.993885695934296,-5.820766091346741e-11,0.2164829969406128,0.00028495394063459567,-0.5984312891960144,0.695166289806366,2440,1.208665370941162,1646,3.260315418243408,10,nan,0,nan,0
51,208896,3693.2,56.3,38.32,34.48,10,0.125,204,0.22058823529411764,194,45,121,15,13,0,0,28,-4.143771607540923,20.95360824742268,-0.8969868421554565,-0.019628532230854034,0.9953869581222534,-0.006966786878183484,39.02132837772369,3.2754120230674744,0.22390316370874644,0.013377776270499454,0.1693359375,7.4357769131660465,0.0,0.1842970848083496,0.00028464687819856703,-0.6021822690963745,0.6422681212425232,2483,1.2082699537277222,1587,2.08912992477417,26,nan,0,nan,0
52,212992,3765.8,56.7,37.67,34.52,10,0.125,403,0.22332506203473945,199,45,121,12,21,0,0,25,-4.146663253888891,20.306532663316585,-0.8980543613433838,-0.024455059319734573,0.9987169504165649,-0.00413964461768046,38.13725049495697,3.261890184879303,0.2579883666709065,0.012080220493953676,0.15185546875,9.723309695720673,-5.820766091346741e-11,0.18827134370803833,0.00028433981576253835,-0.6045075058937073,0.8213846683502197,2460,1.2725814580917358,1629,1.849521279335022,7,nan,0,nan,0
53,217088,3838.7,56.6,37.81,34.54,10,0.125,87,0.19540229885057472,196,34,131,12,19,0,0,18,-4.003366422861464,20.877551020408163,-0.9504662156105042,-0.023740096017718315,0.9971795082092285,0.0016601960873231293,30.748801863193513,3.254660189151764,0.2736106747761369,0.013640464184572921,0.172900390625,8.69499917626381,0.0,0.21938401460647583,0.0002840327533265097,-0.6064666509628296,0.8418718576431274,2394,1.267981767654419,1698,1.7212963104248047,4,nan,0,nan,0
54,221184,3912.1,56.1,38.46,34.52,10,0.125,291,0.22336769759450173,204,48,124,16,16,0,0,19,-4.306486628204893,20.205882352941178,-0.8925968408584595,-0.017459385097026825,0.9922918677330017,0.01033203259576112,39.96325372457504,3.243817937374115,0.234111987054348,0.022182497472385876,0.261376953125,8.969124376773834,-5.820766091346741e-11,0.1929371953010559,0.000283725690890481,-0.6099165678024292,0.595879077911377,2456,1.111229658126831,1626,3.232051134109497,14,nan,0,nan,0
55,225280,3984.8,56.7,37.76,34.52,10,0.125,489,0.2392638036809816,198,52,112,15,19,0,0,31,-4.145048433772633,20.8989898989899,-0.8353055715560913,-0.016408037394285202,0.9953822493553162,-0.004248639754951,40.76610238552094,3.2288822770118712,0.1807182884775102,0.009457226586528122,0.125244140625,10.195970630645752,-5.820766091346741e-11,0.18582463264465332,0.0002834186284544524,-0.6138203144073486,0.5951051712036133,2607,1.0706229209899902,1478,3.3086953163146973,11,nan,0,nan,0
56,229376,4057.9,56.4,38.1,34.49,10,0.125,169,0.23668639053254437,192,43,129,12,8,0,0,25,-4.2679609846360504,21.114583333333332,-0.8756157159805298,-0.017485138028860092,0.9946209192276001,-0.0071575746173039075,37.82121798992157,3.2155233144760134,0.18711008401587606,0.01053203433402814,0.137939453125,8.711359167099,0.0,0.1561260223388672,0.0002831115660184237,-0.6162606477737427,0.6109709143638611,2456,1.1069172620773315,1629,1.6118922233581543,11,nan,0,nan,0
57,233472,4131.0,56.3,38.21,34.48,10,0.125,365,0.24383561643835616,196,49,119,10,18,0,0,36,-4.150226835975583,20.79591836734694,-0.8330426216125488,-0.01768719218671322,0.9953846335411072,-0.007574990694411099,39.41982126235962,3.207214117050171,0.18608601232990624,0.00992708550475072,0.132373046875,10.286008536815643,0.0,0.1840360164642334,0.0002828045035823951,-0.6178866028785706,0.6462412476539612,2496,1.109495997428894,1589,2.229417085647583,11,nan,0,nan,0
58,237568,4204.5,56.1,38.47,34.51,10,0.125,59,0.1864406779661017,206,48,127,16,15,0,0,33,-4.076850259850206,20.097087378640776,-0.8715356588363647,-0.01749899797141552,0.9933161735534668,-0.008967328839935363,38.036340498924254,3.1997682452201843,0.18529615942388772,0.008765083632897585,0.11748046875,9.732685327529907,-1.1641532182693481e-10,0.18117552995681763,0.0002824974411463664,-0.6205896139144897,0.6242209672927856,2437,1.064042329788208,1657,2.1645913124084473,2,nan,0,nan,0
59,241664,4277.4,56.6,37.9,34.52,10,0.125,252,0.24206349206349206,193,50,123,11,9,0,0,30,-4.1045094798423705,21.191709844559586,-0.8348997831344604,-0.01896267756819725,0.9935946464538574,-0.008400211518164724,42.23907110691071,3.18775132894516,0.19834768492728472,0.012100408229161985,0.166259765625,8.124707317352295,0.0,0.18717420101165771,0.00028219037871033775,-0.6234381198883057,0.606749951839447,2501,1.1936392784118652,1587,3.1824393272399902,8,nan,0,nan,0
60,245760,4350.7,56.3,38.32,34.49,10,0.125,460,0.27608695652173915,208,66,112,9,21,0,0,41,-4.2746295513119135,19.78846153846154,-0.7774664163589478,-0.016579769551753998,0.9881687164306641,-0.00699328628834337,48.19237070083618,3.176851725578308,0.19051503334194422,0.009677446199930273,0.12998046875,14.934938907623291,-5.820766091346741e-11,0.17185938358306885,0.00028188331627430907,-0.6261987686157227,0.5708507895469666,2430,1.0650256872177124,1658,2.5603411197662354,8,nan,0,nan,0
61,249856,4423.7,56.5,38.05,34.49,10,0.125,151,0.2251655629139073,203,40,129,15,19,0,0,18,-4.423611702575977,20.123152709359605,-0.9019687175750732,-0.0148180415853858,0.9938350915908813,-0.004450028762221336,35.40176578760147,3.1664302349090576,0.1692125923000276,0.011722546035889536,0.151611328125,12.237900698184967,-5.820766091346741e-11,0.1092647910118103,0.00028157625383828043,-0.6285166144371033,0.5543293356895447,2497,0.9740139842033386,1599,nan,0,nan,0,nan,0
62,253952,4496.7,56.5,38.09,34.46,10,0.125,358,0.2430167597765363,207,53,116,17,21,0,0,30,-4.369099719954718,19.879227053140095,-0.849662184715271,-0.014560244977474213,0.9961429834365845,-0.005827964865602553,39.938526034355164,3.1570223927497865,0.16484686825424433,0.015508131572278216,0.197607421875,8.761674666404724,-5.820766091346741e-11,0.14141815900802612,0.0002812691914022518,-0.6309194564819336,0.543369710445404,2436,0.9511010646820068,1651,4.278375625610352,9,nan,0,nan,0
63,258048,4570.2,56.1,38.46,34.54,10,0.125,49,0.3469387755102041,203,64,115,7,17,0,0,42,-4.218062584821949,19.985221674876847,-0.7814450263977051,-0.017308956012129784,0.9956331849098206,-0.003189682704396546,47.81025791168213,3.1480839252471924,0.19778334153816104,0.011963710226700642,0.144189453125,12.342121863365174,-5.820766091346741e-11,0.15050160884857178,0.0002809621289662231,-0.6330840587615967,0.5671952366828918,2406,1.0811108350753784,1678,2.4705584049224854,12,nan,0,nan,0
64,262144,4643.6,56.2,38.41,34.49,10,0.125,254,0.2755905511811024,205,53,117,11,24,0,0,35,-4.3624809110102545,19.970731707317075,-0.8184366226196289,-0.015210822224617004,0.9956309199333191,-0.0048455280717462305,39.92328271865845,3.138639485836029,0.1577949406579137,0.01824698857672047,0.22333984375,7.243966078758239,0.0,0.14542347192764282,0.0002806550665301945,-0.6357656121253967,0.5820649266242981,2456,0.9537833333015442,1628,1.8565038442611694,12,nan,0,nan,0
65,266240,4716.9,56.2,38.31,34.52,10,0.125,458,0.29912663755458513,204,67,104,12,21,0,0,44,-4.300655958501808,20.11764705882353,-0.7325596809387207,-0.013708313927054405,0.9948612451553345,0.007294394401833415,47.03406000137329,3.1275391459465025,0.14647033354267477,0.018707761086989193,0.2177734375,9.81035281419754,-5.820766091346741e-11,0.14635974168777466,0.0002803480040941658,-0.6383364200592041,0.5512163043022156,2577,0.8931961059570312,1517,1.9137517213821411,2,nan,0,nan,0
66,270336,4790.2,56.2,38.37,34.51,10,0.125,154,0.4025974025974026,208,78,89,19,22,0,0,53,-4.372448520977618,19.923076923076923,-0.6858764290809631,-0.0134999118745327,0.9930555820465088,-0.00042112909723073243,48.33259296417236,3.11814044713974,0.14181716535240413,0.01688363192079123,0.203857421875,8.69053840637207,-1.1641532182693481e-10,0.16028398275375366,0.00028004094165813716,-0.6408252716064453,0.514877438545227,2420,0.8994419574737549,1664,1.8210541009902954,12,nan,0,nan,0
67,274432,4863.2,56.5,37.97,34.47,10,0.125,353,0.36827195467422097,199,68,104,10,17,0,0,45,-4.052319767341544,20.396984924623116,-0.7053892612457275,-0.01618819683790207,0.9951244592666626,-0.0027079330757260323,46.19996974468231,3.1062652349472044,0.1767638516612351,0.018589504281408153,0.22099609375,10.02529662847519,0.0,0.10306030511856079,0.0002797338792221085,-0.6439706683158875,0.5834380984306335,2412,0.9823768734931946,1651,2.1611361503601074,33,nan,0,nan,0
68,278528,4936.4,56.4,38.11,34.5,10,0.125,40,0.325,199,62,92,22,23,0,0,41,-4.193712638927548,20.44221105527638,-0.7490354776382446,-0.015604225918650627,0.9928149580955505,-0.0009021718986332416,43.986635899543764,3.094285750389099,0.1650668103247881,0.01905589751258958,0.228955078125,8.685750544071198,-1.7462298274040222e-10,0.13878798484802246,0.00027942681678607984,-0.646880030632019,0.5929949879646301,2451,0.9790999293327332,1637,1.1042920351028442,8,nan,0,nan,0
69,282624,5009.5,56.5,38.07,34.48,10,0.125,248,0.3387096774193548,208,71,110,11,16,0,0,48,-4.310301405950746,19.91826923076923,-0.7524828910827637,-0.014809198677539825,0.9907407164573669,0.003625424113124609,48.126903891563416,3.0842542171478273,0.166544914804399,0.021325572425848805,0.23173828125,9.754806053638458,-5.820766091346741e-11,0.12926560640335083,0.00027911975435005116,-0.6489120125770569,0.555486261844635,2315,0.9011205434799194,1770,2.701725482940674,11,nan,0,nan,0
70,286720,5082.7,56.4,38.18,34.48,10,0.125,454,0.31057268722466963,206,57,106,19,24,0,0,39,-4.4503899214063525,19.975728155339805,-0.7972309589385986,-0.015859384089708328,0.9966580867767334,-0.004118914483115077,42.12971210479736,3.0777072429656984,0.16348470347002148,0.017870740735088476,0.216552734375,10.232573997974395,-1.7462298274040222e-10,0.14186060428619385,0.0002788126919140225,-0.650080680847168,0.5703877210617065,2286,0.9446578621864319,1799,2.2914037704467773,11,nan,0,nan,0
71,290816,5155.5,56.6,37.93,34.47,10,0.125,136,0.2647058823529412,194,49,118,11,16,0,0,35,-4.127149950417005,20.969072164948454,-0.800381064414978,-0.013852004893124104,0.9874423146247864,-0.006221892521716654,37.65943477153778,3.0740244030952453,0.14333512503653764,0.01676249291631393,0.20224609375,9.239861726760864,-5.820766091346741e-11,0.13964909315109253,0.00027850562947799384,-0.6507574319839478,0.5253499746322632,2343,0.9063677787780762,1740,1.062801480293274,13,nan,0,nan,0
72,294912,5229.0,56.1,38.57,34.49,10,0.125,344,0.30523255813953487,208,69,93,18,28,0,0,50,-4.194320306018933,19.60576923076923,-0.7164750099182129,-0.014272380620241165,0.9933127760887146,-0.0051754112122580406,45.378538608551025,3.070305955410004,0.16575654931366443,0.01139687258109916,0.146240234375,10.401050782203674,-5.820766091346741e-11,0.14860600233078003,0.0002781985670419652,-0.6522531509399414,0.5285742282867432,2362,0.9574341177940369,1715,2.5360701084136963,19,nan,0,nan,0
73,299008,5302.0,56.5,37.95,34.49,10,0.125,37,0.2702702702702703,205,56,112,13,24,0,0,40,-4.271707015728489,20.209756097560977,-0.7909586429595947,-0.01625213958323002,0.9917758703231812,-0.005634738405933604,41.663182973861694,3.0626281023025514,0.16537118870764972,0.020334498264128344,0.21884765625,8.648037493228912,-1.1641532182693481e-10,0.13472086191177368,0.0002778915046059365,-0.6545073390007019,0.5559104681015015,2282,0.9923117756843567,1794,2.993553876876831,20,nan,0,nan,0
74,303104,5374.7,56.7,37.76,34.5,10,0.125,234,0.2777777777777778,197,55,106,14,22,0,0,35,-4.078950609357669,20.395939086294415,-0.7740384340286255,-0.015258638188242912,0.9948704838752747,-0.005399191175820306,41.70951294898987,3.0515676856040956,0.15340152429416776,0.015884800045751036,0.199755859375,6.032798790931702,0.0,0.13423371315002441,0.0002775844421699079,-0.6582933664321899,0.5304200053215027,2250,0.934225857257843,1839,0.7307882308959961,7,nan,0,nan,0
75,307200,5447.6,56.5,38.01,34.47,10,0.125,437,0.2951945080091533,203,64,105,13,21,0,0,43,-4.4958579916863775,20.29064039408867,-0.7328908443450928,-0.015159763395786285,0.98921138048172,0.004054249916225672,43.45155127048493,3.0371036887168885,0.1650388347916305,0.02132337075890973,0.252978515625,8.54953145980835,0.0,0.1519290804862976,0.0002772773797338792,-0.6608649492263794,0.5641096234321594,2349,0.9647244215011597,1730,1.8263972997665405,17,nan,0,nan,0
76,311296,5520.5,56.6,37.88,34.47,10,0.125,127,0.3543307086614173,202,66,109,16,11,0,0,38,-4.080553539315642,20.440594059405942,-0.7067180871963501,-0.013158956542611122,0.9887005686759949,0.0014174638083204627,44.46461236476898,3.031071901321411,0.1361742510460317,0.025198337563779205,0.275927734375,6.903775274753571,0.0,0.1283893585205078,0.00027697031729785056,-0.6614596247673035,0.48381802439689636,2266,0.845385730266571,1814,1.812059760093689,16,nan,0,nan,0
77,315392,5593.7,56.3,38.35,34.46,10,0.125,324,0.33024691358024694,197,62,94,21,20,0,0,37,-4.170917709981634,20.78680203045685,-0.7283183336257935,-0.015201611444354057,0.9923056960105896,-0.005929245939478278,44.42426311969757,3.026454210281372,0.15315862484276294,0.017256983308470808,0.192138671875,8.018300902843475,-1.7462298274040222e-10,0.12157154083251953,0.0002766632548618219,-0.663597583770752,0.5108892321586609,2293,0.9715763330459595,1791,1.049331784248352,12,nan,0,nan,0
78,319488,5666.7,56.5,38.02,34.45,10,0.125,17,0.29411764705882354,205,64,101,22,18,0,0,38,-4.292165421127404,19.946341463414633,-0.72953200340271,-0.012992598116397858,0.9876638650894165,0.005714535713195801,44.75694394111633,3.016349172592163,0.14009517729282378,0.03068737519206479,0.28359375,8.042724180221558,0.0,0.13762390613555908,0.00027635619242579324,-0.666175365447998,0.4616444408893585,2338,0.8744150400161743,1730,1.932126760482788,28,nan,0,nan,0
79,323584,5739.4,56.7,37.81,34.47,10,0.125,213,0.29577464788732394,196,58,101,17,20,0,0,35,-4.055954768133222,20.892857142857142,-0.7564431428909302,-0.021164020523428917,0.9961538314819336,0.004083440871909261,43.587901973724364,3.007687485218048,0.20153785487636924,0.03203752539411653,0.282470703125,7.824302077293396,0.0,0.12988007068634033,0.00027604912998976456,-0.6677920818328857,0.5903105735778809,2062,1.1679314374923706,1994,2.490100383758545,40,nan,0,nan,0
80,327680,5811.7,57.0,37.38,34.45,10,0.125,408,0.29411764705882354,195,57,85,16,37,0,0,37,-3.947436541968284,20.6974358974359,-0.7373555302619934,-0.01773144118487835,0.9941040873527527,-0.008057801704853772,41.620042252540586,3.00341477394104,0.1702052100561559,0.021483413950772957,0.25400390625,9.424023938179015,-1.1641532182693481e-10,0.14983904361724854,0.0002757420675537359,-0.6684104204177856,0.5474954843521118,2156,1.0646222829818726,1896,1.5686496496200562,44,nan,0,nan,0
81,331776,5884.1,56.9,37.5,34.45,10,0.125,96,0.21875,200,43,105,17,35,0,0,29,-3.7453019899859594,20.76,-0.8155491948127747,-0.016036368906497955,0.9912731051445007,-0.010948229930363595,34.73584254980087,3.000841426849365,0.1893083115108311,0.013678755349246785,0.174462890625,9.441165173053742,-1.1641532182693481e-10,0.13673454523086548,0.00027543500511770724,-0.6692006587982178,0.5381109714508057,2099,0.9797788858413696,1961,2.3277902603149414,36,nan,0,nan,0
82,335872,5957.0,56.6,37.83,34.52,10,0.125,301,0.2857142857142857,205,65,90,18,32,0,0,48,-4.340332005416457,19.975609756097562,-0.7145336866378784,-0.014833798632025719,0.9892058372497559,-0.00871077268384397,44.01204805374145,2.9960921883583067,0.15323004275560378,0.01590316818037536,0.193994140625,10.32359275817871,-1.7462298274040222e-10,0.15577667951583862,0.0002751279426816786,-0.6707876920700073,0.5022857189178467,2183,0.9587908983230591,1891,2.085669755935669,22,nan,0,nan,0
83,339968,6029.7,56.7,37.76,34.5,10,0.125,494,0.2874493927125506,193,56,95,25,17,0,0,33,-4.543940854699702,21.139896373056995,-0.7268720865249634,-0.01269490085542202,0.9851396083831787,-0.004171241819858551,41.440633893013,2.989230918884277,0.13573423391208053,0.0204954496526625,0.23564453125,10.432449555397033,-1.7462298274040222e-10,0.13583379983901978,0.0002748208802456499,-0.6725747585296631,0.49577459692955017,2223,0.8500852584838867,1850,1.084875226020813,23,nan,0,nan,0
84,344064,6102.6,56.5,38.01,34.48,10,0.125,185,0.32432432432432434,203,68,86,20,29,0,0,43,-4.20726676316195,19.935960591133004,-0.6774902939796448,-0.014826568774878979,0.991523265838623,-0.007339200400747359,45.60526566505432,2.981937658786774,0.14810499390587212,0.01979368608153891,0.228515625,7.542889821529388,-1.1641532182693481e-10,0.12336397171020508,0.0002745138178096213,-0.6745122671127319,0.5272127389907837,2120,0.9073460102081299,1943,1.5458954572677612,33,nan,0,nan,0
85,348160,6175.4,56.6,37.88,34.45,10,0.125,392,0.33418367346938777,207,71,89,14,33,0,0,48,-4.400332448233471,20.11111111111111,-0.6709169149398804,-0.014956717379391193,0.9917716383934021,-0.004397527826949954,47.44633493423462,2.972285795211792,0.15241093644872308,0.019020973826991396,0.235009765625,7.6467299342155455,-1.1641532182693481e-10,0.12135505676269531,0.0002742067553735926,-0.677891731262207,0.523685097694397,2099,0.9154533743858337,1979,2.681678533554077,18,nan,0,nan,0
86,352256,6247.8,57.0,37.43,34.46,10,0.125,77,0.4155844155844156,197,69,91,13,24,0,0,51,-4.236406239036006,20.482233502538072,-0.6565877199172974,-0.014821425080299377,0.9889715313911438,-0.01089232536032796,46.27961702346802,2.957160198688507,0.1605072770267725,0.021200120891444386,0.241748046875,7.718815386295319,-5.820766091346741e-11,0.12743401527404785,0.00027389969293756396,-0.681516706943512,0.4851857125759125,2231,0.9770177602767944,1830,2.163961887359619,35,nan,0,nan,0
87,356352,6320.9,56.4,38.1,34.49,10,0.125,276,0.358695652173913,199,67,97,14,21,0,0,47,-4.297538183657641,20.723618090452263,-0.6787506341934204,-0.015221847221255302,0.9928149580955505,0.0002623081119963899,45.18580298423767,2.943528485298157,0.1519503637216985,0.03393276609713212,0.3123046875,11.034975826740265,-1.7462298274040222e-10,0.12311440706253052,0.0002735926305015353,-0.6842682361602783,0.5251194834709167,2030,0.9136168956756592,2050,1.6304152011871338,16,nan,0,nan,0
88,360448,6393.8,56.5,38.02,34.43,10,0.125,476,0.35294117647058826,200,69,86,23,22,0,0,60,-4.1627287755152445,20.495,-0.657365083694458,-0.013635455630719662,0.9866529703140259,-0.014531836670357734,46.41147882938385,2.9340463995933534,0.1312279302626848,0.018380308596533723,0.214501953125,7.361759531497955,-2.3283064365386963e-10,0.11615651845932007,0.00027328556806550665,-0.6871464252471924,0.4565095901489258,2128,0.8855475783348083,1930,1.4845587015151978,38,nan,0,nan,0
89,364544,6466.5,56.7,37.75,34.47,10,0.125,172,0.3953488372093023,208,79,88,14,27,0,0,52,-4.306820477973477,19.98076923076923,-0.6389083862304688,-0.012808263301849365,0.9855967164039612,-0.004281590809114277,49.35573620796204,2.919481611251831,0.13455697931349278,0.024982676454237664,0.264453125,9.756911766529083,-1.7462298274040222e-10,0.1425054669380188,0.00027297850562947796,-0.6908923983573914,0.4257448613643646,2183,0.8561156392097473,1869,1.480683445930481,44,nan,0,nan,0
90,368640,6539.1,56.8,37.67,34.44,10,0.125,381,0.35958005249343833,209,69,91,13,36,0,0,44,-4.046337634455478,19.301435406698566,-0.6910635232925415,-0.015109889209270477,0.9902238249778748,-0.010512892901897431,42.453641748428346,2.908448612689972,0.15348755605518818,0.019250189277227037,0.236181640625,7.619247472286224,5.820766091346741e-11,0.12529385089874268,0.0002726714431934493,-0.6923432946205139,0.5003858208656311,2234,0.9487372040748596,1847,2.321223258972168,15,nan,0,nan,0
91,372736,6612.0,56.5,38.0,34.47,10,0.125,79,0.2911392405063291,210,63,100,14,33,0,0,34,-4.467255908408035,19.7,-0.6936813592910767,-0.012313446030020714,0.9915080070495605,-0.009187982545699924,42.22860028743744,2.9037968635559084,0.12399820350110531,0.020949508756166323,0.23369140625,6.7876586556434635,-3.4924596548080444e-10,0.10551941394805908,0.00027236438075742064,-0.6942111849784851,0.4424346387386322,2263,0.8432661294937134,1818,1.1021019220352173,15,nan,0,nan,0
92,376832,6685.0,56.4,38.1,34.47,10,0.125,286,0.3041958041958042,207,64,98,22,23,0,0,47,-4.109651490103225,19.705314009661837,-0.6892739534378052,-0.011479027569293976,0.9868860840797424,-0.0073636753484606745,42.27894909381867,2.8955568194389345,0.12326289797201753,0.02393406110641081,0.26298828125,8.2907306432724,-1.7462298274040222e-10,0.10173171758651733,0.000272057318321392,-0.6959303617477417,0.452905535697937,2364,0.8089683055877686,1714,2.8149139881134033,18,nan,0,nan,0
93,380928,6758.3,56.3,38.35,34.44,10,0.125,496,0.32661290322580644,210,75,97,18,20,0,0,44,-4.26360898530773,19.36190476190476,-0.6288111805915833,-0.010185946710407734,0.9794132709503174,0.009368693782016635,45.45566599369049,2.8904463052749634,0.11255942890420556,0.03823645351221785,0.3494140625,9.493295216560364,0.0,0.11562341451644897,0.0002717502558853633,-0.6967335939407349,0.42278048396110535,2312,0.7567410469055176,1770,1.18240487575531,14,nan,0,nan,0
94,385024,6831.4,56.4,38.22,34.43,10,0.125,187,0.39037433155080214,203,77,89,17,20,0,0,52,-4.264869406821073,20.320197044334975,-0.6135602593421936,-0.011155631393194199,0.9868995547294617,-0.010920451441779732,46.10060017108917,2.8849908351898192,0.11209338465705514,0.022745699575170874,0.25078125,7.187658715248108,-2.3283064365386963e-10,0.1186562180519104,0.0002714431934493347,-0.6989554166793823,0.4376158118247986,2194,0.7615804076194763,1880,1.63874351978302,22,nan,0,nan,0
95,389120,6904.6,56.4,38.13,34.44,10,0.125,389,0.40359897172236503,202,84,82,14,22,0,0,52,-4.073005212880595,20.103960396039604,-0.5724836587905884,-0.012039609253406525,0.9848484992980957,-0.015277626394527033,48.04489076137543,2.8756625294685363,0.11818037293851376,0.01687557352997828,0.2080078125,8.585824024677276,0.0,0.1387442946434021,0.000271136131013306,-0.7012348175048828,0.4290468096733093,2308,0.7977029085159302,1769,2.2151458263397217,19,nan,0,nan,0
96,393216,6977.9,56.2,38.39,34.48,10,0.125,89,0.34831460674157305,212,72,90,23,27,0,0,47,-4.133141620745499,19.49056603773585,-0.647923469543457,-0.01132112741470337,0.9853243827819824,-0.0163025077432394,43.67378182411194,2.865674877166748,0.11357172224670649,0.018403279295307585,0.21123046875,8.423135387897492,-1.1641532182693481e-10,0.1238052248954773,0.00027082906857727737,-0.703997790813446,0.41956955194473267,2295,0.8034565448760986,1767,1.2406656742095947,34,nan,0,nan,0
97,397312,7050.7,56.6,37.88,34.44,10,0.125,294,0.3197278911564626,205,63,88,26,28,0,0,35,-4.18746443737612,19.926829268292682,-0.6900203227996826,-0.012288147583603859,0.9856078028678894,-0.004200293635949493,41.71952364444733,2.8557856559753416,0.13110001534223556,0.023229688199353404,0.25517578125,11.12719476222992,-5.238689482212067e-10,0.10295063257217407,0.0002705220061412487,-0.7057723999023438,0.42654144763946533,2282,0.8516967296600342,1791,1.8835655450820923,23,nan,0,nan,0
98,401408,7123.8,56.4,38.18,34.42,10,0.125,494,0.3582995951417004,200,83,72,24,21,0,0,56,-4.141815569343765,20.64,-0.5615345239639282,-0.011182049289345741,0.9758726954460144,-0.015877978061325848,47.79435105323792,2.8504916548728945,0.11369397873058915,0.01623515752435196,0.1978515625,11.482928133010864,-2.3283064365386963e-10,0.14102572202682495,0.00027021494370522005,-0.7070555090904236,0.413263738155365,2283,0.7754546999931335,1789,2.078094244003296,24,nan,0,nan,0
99,405504,7196.7,56.5,38.0,34.46,10,0.125,188,0.4148936170212766,206,83,82,14,27,0,0,60,-3.9453039258250366,19.533980582524272,-0.5783451795578003,-0.011291292496025562,0.9889460206031799,-0.010316084790974855,47.01260659694672,2.8449329495429994,0.11554924976080656,0.01860763570293784,0.220068359375,10.11075439453125,-3.4924596548080444e-10,0.1172526478767395,0.00026990788126919136,-0.7085187435150146,0.4161306917667389,2253,0.7951074838638306,1831,1.612568974494934,12,nan,0,nan,0
100,409600,7270.3,56.0,38.64,34.45,10,0.125,400,0.4325,212,95,75,19,23,0,0,61,-4.147282197497595,19.669811320754718,-0.5168962478637695,-0.010647578164935112,0.9760556221008301,-0.0015243595815263688,47.4238600730896,2.8390477299690247,0.11078153667040169,0.02239372404583264,0.2525390625,10.036731004714966,-5.820766091346741e-11,0.12301468849182129,0.0002696008188331627,-0.709867000579834,0.39239612221717834,2296,0.7845808863639832,1786,1.304600715637207,14,nan,0,nan,0
101,413696,7343.6,56.3,38.27,34.45,10,0.125,91,0.37362637362637363,203,84,73,22,24,0,0,54,-3.9132888440036804,19.92118226600985,-0.5461702942848206,-0.010036809369921684,0.9786796569824219,-0.0068201599409803745,45.06124019622803,2.8345027446746824,0.10587401390075683,0.020293847806169652,0.23583984375,8.34105463027954,-2.3283064365386963e-10,0.12356269359588623,0.00026929375639713404,-0.7106227874755859,0.4662421941757202,2349,0.7263959050178528,1738,0.9328131079673767,9,nan,0,nan,0
102,417792,7416.8,56.4,38.22,34.43,10,0.125,292,0.3835616438356164,201,78,84,20,19,0,0,51,-4.055830702478909,20.48258706467662,-0.5680181980133057,-0.010418425314128399,0.9840821623802185,-0.01194371934980154,47.37732603549957,2.831462395191193,0.10710157798603177,0.02372023367206566,0.25087890625,7.022138702869415,0.0,0.10335540771484375,0.0002689866939611054,-0.7117825150489807,0.4229859709739685,2351,0.7614657282829285,1717,0.713253915309906,28,nan,0,nan,0
103,421888,7490.3,56.1,38.49,34.46,10,0.125,503,0.4115308151093439,211,95,66,25,25,0,0,59,-4.1060764557078855,19.360189573459717,-0.51103675365448,-0.009616191498935223,0.9809523820877075,-0.011656785220839083,49.60776476860046,2.825892913341522,0.09823135589249432,0.02081264574371744,0.24375,9.773276019096375,-1.7462298274040222e-10,0.11215955018997192,0.0002686796315250768,-0.7132568359375,0.4033583104610443,2407,0.7286615967750549,1677,1.5028427839279175,12,nan,0,nan,0
104,425984,7563.8,56.1,38.49,34.47,10,0.125,201,0.42786069651741293,210,89,76,16,29,0,0,56,-4.102502531951541,19.452380952380953,-0.5586918592453003,-0.011294472962617874,0.9719505906105042,-0.006979440012946725,47.457743883132935,2.8194039940834044,0.11575608458369971,0.02491134851879906,0.263037109375,8.328632140159607,-1.1641532182693481e-10,0.1279100775718689,0.0002683725690890481,-0.7149031758308411,0.3973296880722046,2291,0.7989850044250488,1801,2.300935983657837,4,nan,0,nan,0
105,430080,7637.3,56.1,38.62,34.44,10,0.125,408,0.42401960784313725,207,87,82,16,22,0,0,57,-4.089882614685593,19.903381642512077,-0.5394668579101562,-0.011434251442551613,0.9817433953285217,-0.008456801436841488,48.91635694503784,2.813275194168091,0.1213001508731395,0.030746164836455137,0.292236328125,8.466699504852295,-2.3283064365386963e-10,0.11157655715942383,0.00026806550665301945,-0.7166147232055664,0.40572884678840637,2423,0.8348894119262695,1648,1.5721768140792847,25,nan,0,nan,0
106,434176,7710.1,56.6,37.86,34.46,10,0.125,99,0.3939393939393939,203,78,89,14,22,0,0,53,-4.2374312119964825,20.35960591133005,-0.57377028465271,-0.012824072502553463,0.9928076267242432,-0.018665127526037394,45.09774761199951,2.803319048881531,0.11476843748241664,0.01952265175350476,0.2166015625,7.381840312480927,-4.656612873077393e-10,0.1285495162010193,0.00026775844421699077,-0.7200146913528442,0.5604605674743652,2419,0.8034494519233704,1666,1.6588245630264282,11,nan,0,nan,0
107,438272,7783.3,56.3,38.3,34.42,10,0.125,304,0.4407894736842105,205,95,65,26,19,0,0,65,-4.231385782400078,19.746341463414634,-0.4727870225906372,-0.014987988397479057,0.9948599338531494,-0.013327946467325092,48.42473206520081,2.7900412917137145,0.12665433250367641,0.0194890348269837,0.231640625,9.129104089736938,-2.9103830456733704e-10,0.12326568365097046,0.00026745138178096213,-0.7228351831436157,0.606927216053009,2382,0.9091995358467102,1699,1.4767687320709229,15,nan,0,nan,0
108,442368,7856.5,56.3,38.33,34.44,10,0.125,507,0.41025641025641024,203,74,77,31,21,0,0,54,-4.049174132917417,20.11822660098522,-0.566472053527832,-0.010805543512105942,0.9863858222961426,-0.013975032698363065,43.482574701309204,2.7802559971809386,0.10787468515336514,0.021414087753510103,0.233984375,9.050124502182006,-5.238689482212067e-10,0.08973920345306396,0.00026714431934493345,-0.7248298525810242,0.445523738861084,2448,0.7878932952880859,1635,1.7440838813781738,13,nan,0,nan,0
109,446464,7930.1,56.0,38.7,34.43,10,0.125,208,0.47596153846153844,213,100,63,27,23,0,0,65,-4.077817149602649,19.314553990610328,-0.46750131249427795,-0.008587933145463467,0.9775946140289307,0.0011963244527578355,46.963145112991334,2.7742751598358155,0.09841289748437702,0.0316842538974015,0.30751953125,10.784806871414185,-2.9103830456733704e-10,0.1372755765914917,0.0002668372569089048,-0.7258700132369995,0.3805411756038666,2430,0.6636094450950623,1660,0.7580193877220154,6,nan,0,nan,0
110,450560,8003.8,56.0,38.75,34.42,10,0.125,419,0.45823389021479716,211,93,76,22,20,0,0,56,-4.372238674714219,19.46445497630332,-0.5215373039245605,-0.010147735476493835,0.984298586845398,-0.01141178032848984,48.81006126403808,2.7693478941917418,0.11351174926385284,0.029249327545403502,0.283203125,8.045312690734864,-5.820766091346741e-11,0.11030954122543335,0.00026653019447287613,-0.7274826765060425,0.3691588044166565,2399,0.7768341302871704,1677,1.6716359853744507,20,nan,0,nan,0
111,454656,8076.7,56.6,37.95,34.47,10,0.125,109,0.5229357798165137,202,103,67,12,20,0,0,66,-4.126106732120903,20.326732673267326,-0.417232871055603,-0.009443556889891624,0.9740626811981201,-0.016503407433629037,47.728980731964114,2.7615533590316774,0.11223008851520717,0.02220375852484722,0.208251953125,10.429237961769104,0.0,0.13667160272598267,0.0002662231320368475,-0.7298526763916016,0.39649471640586853,2493,0.739547073841095,1579,1.9321140050888062,24,nan,0,nan,0
112,458752,8150.2,56.1,38.61,34.44,10,0.125,320,0.49375,211,101,67,26,17,0,0,76,-3.9799856783095104,19.502369668246445,-0.44524356722831726,-0.009875133633613586,0.9804375767707825,-0.015694529842585327,48.99238662719726,2.751840817928314,0.10283921360969543,0.02377188594546169,0.228857421875,7.73878321647644,-3.4924596548080444e-10,0.11938261985778809,0.0002659160696008188,-0.7321239709854126,0.3880637586116791,2466,0.7346398234367371,1607,2.3637895584106445,23,nan,0,nan,0
113,462848,8223.4,56.4,38.26,34.4,10,0.125,13,0.6153846153846154,205,89,76,21,19,0,0,59,-4.1811449362507105,19.829268292682926,-0.4807111620903015,-0.009436105377972126,0.9722436666488647,-0.013625895720906556,47.21527152061462,2.7425652861595156,0.09586940645240247,0.022086606395896526,0.228466796875,9.397082209587097,-2.3283064365386963e-10,0.09267449378967285,0.0002656090071647902,-0.7346181869506836,0.3812829256057739,2510,0.74210125207901,1582,1.0360833406448364,4,nan,0,nan,0
114,466944,8297.3,55.8,39.06,34.41,10,0.125,226,0.4823008849557522,213,101,62,26,24,0,0,63,-4.327861019870146,19.384976525821596,-0.44147902727127075,-0.009789608418941498,0.987380862236023,-0.009529859735630452,48.798618364334104,2.7335772037506105,0.09358673729002476,0.024415265349671245,0.245458984375,8.413545989990235,-5.238689482212067e-10,0.11853456497192383,0.0002653019447287615,-0.7364509105682373,0.4563959240913391,2430,0.7153983116149902,1661,1.501356840133667,5,nan,0,nan,0
115,471040,8371.1,56.1,38.66,34.4,10,0.125,430,0.4720930232558139,204,94,72,26,12,0,0,56,-4.027494535998133,19.901960784313726,-0.467355340719223,-0.010673830285668373,0.9781603217124939,0.0024890400702133773,46.719036960601805,2.7259998321533203,0.1127745745703578,0.03347659491118975,0.28779296875,10.566585302352905,-3.4924596548080444e-10,0.12654143571853638,0.00026499488229273286,-0.7387893199920654,0.4137430191040039,2422,0.7715809345245361,1662,1.68960702419281,12,nan,0,nan,0
116,475136,8444.7,56.0,38.69,34.44,10,0.125,128,0.5078125,210,111,56,25,18,0,0,74,-4.095311746892601,19.590476190476192,-0.3776271343231201,-0.01083543710410595,0.9830159544944763,-0.018005949258804322,45.552141189575195,2.7158247947692873,0.10249514724127948,0.016106195683823897,0.18486328125,9.463779520988464,-1.7462298274040222e-10,0.1591397523880005,0.00026468781985670417,-0.7412998676300049,0.43573999404907227,2481,0.8023722171783447,1599,2.6413605213165283,16,nan,0,nan,0
117,479232,8518.3,56.0,38.68,34.44,10,0.125,328,0.5182926829268293,200,105,57,25,13,0,0,71,-4.069172140270106,20.335,-0.3813391327857971,-0.00938434712588787,0.9879363179206848,-0.020087881037034093,47.623228025436404,2.70686194896698,0.09098895364440977,0.02324126205057837,0.24658203125,9.104303872585296,-5.238689482212067e-10,0.11819946765899658,0.00026438075742067554,-0.7430540919303894,0.4117456376552582,2515,0.7156408429145813,1580,1.9162269830703735,1,nan,0,nan,0
118,483328,8592.2,55.7,39.15,34.37,10,0.125,25,0.6,209,116,55,22,16,0,0,86,-4.058191695223414,19.904306220095695,-0.34121090173721313,-0.008223338052630424,0.9773604273796082,-0.02153158844448626,44.815056848526,2.7008790254592894,0.083505977736786,0.019681824176223016,0.21845703125,9.93081955909729,-1.1641532182693481e-10,0.15677469968795776,0.00026407369498464685,-0.7444471716880798,0.35539931058883667,2535,0.6696350574493408,1556,2.504960536956787,5,nan,0,nan,0
119,487424,8665.8,56.1,38.57,34.42,10,0.125,224,0.5357142857142857,199,105,59,20,15,0,0,70,-4.126032492008136,20.09045226130653,-0.3851194381713867,-0.00895909033715725,0.9730561971664429,-0.022846895531984046,46.88999938964844,2.6949555039405824,0.0943180229049176,0.014850806278991513,0.173046875,9.925586247444153,-6.402842700481415e-10,0.15858447551727295,0.0002637666325486182,-0.7463881373405457,0.3784567713737488,2602,0.703130841255188,1485,1.7160875797271729,9,nan,0,nan,0
120,491520,8739.4,56.0,38.7,34.4,10,0.125,431,0.5406032482598608,207,113,64,15,15,0,0,78,-4.116903092304642,20.0,-0.36781224608421326,-0.00881775002926588,0.9755721092224121,-0.024327180022373794,47.10517091751099,2.685372793674469,0.09727215338498355,0.0159269368276,0.183544921875,8.739375400543214,5.820766091346741e-11,0.14988982677459717,0.00026345957011258953,-0.7490379810333252,0.3578716814517975,2522,0.7257543802261353,1561,1.3724771738052368,13,nan,0,nan,0
121,495616,8812.8,56.1,38.58,34.42,10,0.125,123,0.4959349593495935,204,98,74,15,17,0,0,67,-4.111745489365308,20.044117647058822,-0.4377669095993042,-0.00970262661576271,0.9732785224914551,-0.018763099261559547,48.363696002960204,2.6750564575195312,0.10806071618571877,0.019850547093665228,0.2072265625,9.012596917152404,-5.820766091346741e-11,0.14094752073287964,0.0002631525076765609,-0.7513879537582397,0.3603002727031708,2442,0.7547585964202881,1645,2.235651969909668,9,nan,0,nan,0
122,499712,8886.2,56.2,38.55,34.38,10,0.125,326,0.5184049079754601,203,108,61,24,10,0,0,71,-3.9572090608752597,20.330049261083744,-0.36840468645095825,-0.00843367725610733,0.9722579121589661,-0.019811961730010808,46.4825840473175,2.665290057659149,0.08712401376105845,0.01648535536660347,0.1919921875,8.730013513565064,0.0,0.14453518390655518,0.0002628454452405322,-0.7541183829307556,0.35055264830589294,2683,0.7171553373336792,1401,1.8705631494522095,12,nan,0,nan,0
123,503808,8960.1,55.8,39.09,34.38,10,0.125,17,0.5882352941176471,203,111,53,26,13,0,0,72,-4.078046173165512,20.00985221674877,-0.3596627414226532,-0.008161729201674461,0.9820190072059631,-0.02196334928739816,44.4169960975647,2.653864622116089,0.08678716612048447,0.018460212252102794,0.204931640625,8.385570049285889,-5.820766091346741e-11,0.1448614001274109,0.0002625383828045036,-0.7568237781524658,0.36206841468811035,2578,0.6658313274383545,1504,1.8424471616744995,14,nan,0,nan,0
124,507904,9033.6,56.1,38.59,34.43,10,0.125,233,0.4892703862660944,216,104,68,23,21,0,0,71,-4.405577178588705,19.185185185185187,-0.4310572147369385,-0.008997855708003044,0.9762886762619019,-0.02002519107190892,46.51547040939331,2.6445550322532654,0.0951345460023731,0.01825338577909861,0.204052734375,9.149820256233216,-4.656612873077393e-10,0.15317529439926147,0.0002622313203684749,-0.7587839365005493,0.36356207728385925,2523,0.7156926989555359,1563,0.675627589225769,10,nan,0,nan,0
125,512000,9107.2,56.0,38.68,34.4,10,0.125,437,0.5102974828375286,204,109,57,25,13,0,0,72,-4.120142421806493,19.67156862745098,-0.3664422631263733,-0.008102035149931908,0.9707091450691223,-0.020237080636434257,44.44952940940857,2.6372776508331297,0.0821878666523844,0.024106881010811775,0.2697265625,9.910962629318238,-1.7462298274040222e-10,0.17322617769241333,0.00026192425793244626,-0.7604687213897705,0.3458324670791626,2610,0.6510593891143799,1477,1.0440452098846436,9,nan,0,nan,0
126,516096,9181.0,55.9,38.95,34.38,10,0.125,137,0.5547445255474452,212,114,56,26,16,0,0,88,-4.287180785356805,19.764150943396228,-0.3388358950614929,-0.008227156475186348,0.9755406975746155,-0.019144590850919484,47.43917307853699,2.630582582950592,0.0841319979634136,0.02207153578638099,0.227001953125,11.620849657058717,0.0,0.15705442428588867,0.00026161719549641757,-0.762216329574585,0.34832820296287537,2525,0.6777505278587341,1559,1.900344729423523,12,nan,0,nan,0
127,520192,9254.7,55.9,38.91,34.38,10,0.125,341,0.5219941348973607,204,102,64,20,18,0,0,76,-4.180002619411152,19.686274509803923,-0.38711732625961304,-0.00818604975938797,0.9658273458480835,-0.009818961087148637,44.597467279434206,2.6235762238502502,0.09009303413331508,0.02926689760934096,0.300732421875,11.302521371841431,-7.566995918750763e-10,0.14751410484313965,0.00026131013306038894,-0.7639861106872559,0.3371933698654175,2526,0.6835015416145325,1565,0.7012476921081543,5,nan,0,nan,0
128,524288,9328.0,56.3,38.35,34.45,10,0.125,38,0.47368421052631576,209,118,54,27,10,0,0,83,-4.237579322100328,19.71291866028708,-0.3210143744945526,-0.008443652652204037,0.9778749942779541,-0.017786284943576904,46.713060760498045,2.615582013130188,0.08999076215550303,0.01542350932431873,0.192578125,12.741137433052064,-6.984919309616089e-10,0.15470880270004272,0.00026100307062436025,-0.7664276361465454,0.35014280676841736,2534,0.6759983897209167,1552,1.3331935405731201,10,nan,0,nan,0
129,528384,9402.1,55.6,39.3,34.37,10,0.125,244,0.5860655737704918,206,125,48,19,14,0,0,94,-4.178135504731034,19.844660194174757,-0.2679649591445923,-0.008025407791137695,0.9730077385902405,-0.016113761137239634,44.24767951965332,2.605929970741272,0.08696488146670163,0.037402092979755254,0.291015625,9.95744148492813,1.1641532182693481e-10,0.18303686380386353,0.0002606960081883316,-0.7683677673339844,0.3258548974990845,2508,0.6782634258270264,1569,0.925563633441925,19,nan,0,nan,0
130,532480,9475.8,55.9,38.83,34.4,10,0.125,446,0.594170403587444,202,122,49,17,14,0,0,80,-4.1214654515217,20.262376237623762,-0.2869725525379181,-0.008262408897280693,0.9722650051116943,-0.016521779750473798,43.522005224227904,2.5991488695144653,0.0895379438996315,0.021394749375758693,0.23681640625,11.655866003036499,-2.3283064365386963e-10,0.16863572597503662,0.00026038894575230293,-0.7700145840644836,0.3497052788734436,2532,0.6776989102363586,1558,0.9819600582122803,6,nan,0,nan,0
131,536576,9549.1,56.3,38.43,34.38,10,0.125,139,0.5035971223021583,205,103,59,25,18,0,0,71,-3.9956191888477264,19.960975609756098,-0.3833908438682556,-0.009686896577477455,0.9845798015594482,-0.02092357601504773,44.92171750068665,2.592371129989624,0.09636441012844443,0.02495558822993189,0.244482421875,9.45131857395172,-1.1641532182693481e-10,0.18874210119247437,0.0002600818833162743,-0.7719519138336182,0.3594442903995514,2406,0.7185521721839905,1672,1.9547901153564453,18,nan,0,nan,0
132,540672,9623.0,55.8,39.04,34.39,10,0.125,342,0.5730994152046783,203,126,51,16,10,0,0,98,-4.067657074019927,20.551724137931036,-0.276084303855896,-0.008640119805932045,0.9720010161399841,-0.020848861546255648,44.453755784034726,2.5839300036430357,0.08808130393736065,0.020691478208755144,0.230859375,11.775363874435424,1.7462298274040222e-10,0.19424647092819214,0.0002597748208802456,-0.7740528583526611,0.3565116822719574,2454,0.6760294437408447,1623,0.9342293739318848,19,nan,0,nan,0
133,544768,9696.7,55.9,38.86,34.41,10,0.125,31,0.45161290322580644,201,118,41,32,10,0,0,82,-4.380915834544196,20.203980099502488,-0.28587427735328674,-0.007149172015488148,0.968164324760437,-0.020532221742905678,44.841617822647095,2.5760581731796264,0.07972675878554583,0.03233603162225336,0.30380859375,11.901799726486207,1.1641532182693481e-10,0.15475726127624512,0.000259467758444217,-0.7757034301757812,0.33212098479270935,2553,0.6080495715141296,1533,1.5729368925094604,10,nan,0,nan,0
134,548864,9770.6,55.8,39.0,34.43,10,0.125,238,0.5966386554621849,207,128,46,19,14,0,0,96,-4.244288181971235,19.695652173913043,-0.2560521364212036,-0.006990926340222359,0.9665724039077759,-0.029083631467074156,44.600644969940184,2.5694409728050234,0.07430856330320239,0.026317092819954268,0.242578125,9.82707920074463,-5.820766091346741e-11,0.15159976482391357,0.0002591606960081883,-0.7776135206222534,0.3215312063694,2506,0.5945496559143066,1585,2.9676666259765625,5,nan,0,nan,0
135,552960,9844.0,56.2,38.5,34.42,10,0.125,442,0.6018099547511312,204,124,49,19,12,0,0,76,-4.304051062666925,20.284313725490197,-0.24927207827568054,-0.008287517353892326,0.96171635389328,-0.020991099905222653,45.46948165893555,2.562364649772644,0.0908482893370092,0.023640346931642853,0.248681640625,12.265501236915588,-4.0745362639427185e-10,0.16517704725265503,0.00025885363357215966,-0.7789644002914429,0.31476646661758423,2396,0.6703260540962219,1690,0.9084789156913757,10,nan,0,nan,0
136,557056,9917.8,55.8,38.99,34.38,10,0.125,136,0.5955882352941176,206,123,47,21,15,0,0,89,-4.213819635877974,19.631067961165048,-0.26628148555755615,-0.009232103824615479,0.9596400856971741,-0.018140180967748165,43.908466649055484,2.5574992537498473,0.1114015297498554,0.027427868530503476,0.276708984375,10.250002932548522,-5.820766091346741e-10,0.1918453574180603,0.00025854657113613097,-0.7802211046218872,0.3297067880630493,2458,0.7592511773109436,1632,2.977106809616089,6,nan,0,nan,0
137,561152,9991.9,55.7,39.14,34.44,10,0.125,346,0.5751445086705202,210,118,44,31,17,0,0,87,-4.244653424192759,19.795238095238094,-0.3016430139541626,-0.007918808609247208,0.9716932773590088,-0.025168207939714193,44.61193499565125,2.5518633246421816,0.0798163034953177,0.02476360736472998,0.2490234375,9.672009348869324,-8.149072527885437e-10,0.18913984298706055,0.00025823950870010234,-0.7819644212722778,0.37361380457878113,2463,0.6358911395072937,1620,1.6646660566329956,13,nan,0,nan,0
138,565248,10065.0,56.4,38.3,34.37,10,0.125,34,0.5294117647058824,200,111,51,25,13,0,0,86,-4.073460064654138,20.25,-0.32423996925354004,-0.00838133692741394,0.977412760257721,-0.020743172138463706,44.89007987976074,2.5445639848709107,0.08852507476694882,0.02894782127405051,0.263671875,9.992906093597412,-7.566995918750763e-10,0.1834850311279297,0.00025793244626407365,-0.7836915850639343,0.34403207898139954,2403,0.6829468607902527,1681,1.8314822912216187,12,nan,0,nan,0
139,569344,10139.0,55.7,39.13,34.35,10,0.125,237,0.6455696202531646,203,135,45,9,14,0,0,99,-4.19402393486332,20.123152709359605,-0.18859365582466125,-0.00756421172991395,0.9771384596824646,-0.017986990814097225,39.64461178779602,2.5388919830322267,0.0839920869562775,0.028357310363207943,0.265576171875,14.714350724220276,-2.9103830456733704e-10,0.2250651717185974,0.000257625383828045,-0.784701406955719,0.352559894323349,2606,0.6494134664535522,1488,0.6626760959625244,2,nan,0,nan,0
140,573440,10212.7,56.0,38.79,34.41,10,0.125,439,0.6560364464692483,202,135,41,13,13,0,0,104,-4.279084566211571,20.183168316831683,-0.17355555295944214,-0.006667267065495253,0.9653312563896179,-0.019545290246605874,40.08491504192352,2.534938156604767,0.07225421783514321,0.025396513650775887,0.25576171875,10.88184894323349,-1.2223608791828156e-09,0.1657581925392151,0.00025731832139201633,-0.7859358787536621,0.32943010330200195,2564,0.588706910610199,1517,1.00614333152771,15,nan,0,nan,0
141,577536,10285.7,56.5,38.17,34.37,10,0.125,121,0.4628099173553719,194,92,75,9,18,0,0,66,-4.185388926915415,21.27319587628866,-0.42450013756752014,-0.010495991446077824,0.9853920936584473,0.041215211001690476,48.369376039505006,2.529809057712555,0.11305040023289621,0.08316334095143248,0.478271484375,21.74430909156799,-4.0745362639427185e-10,0.17856407165527344,0.0002570112589559877,-0.7867785692214966,0.39049893617630005,2228,0.7373702526092529,1832,1.2915717363357544,36,nan,0,nan,0
142,581632,10359.2,56.1,38.7,34.37,10,0.125,317,0.5425867507886435,196,116,55,16,9,0,0,86,-4.382537320046387,20.714285714285715,-0.289342999458313,-0.009801100008189678,0.9876922965049744,-0.013274780684150755,47.03456921577454,2.5270586133003237,0.09714924460276961,0.026134171991725453,0.279736328125,14.59085717201233,-5.820766091346741e-10,0.1757935881614685,0.000256704196519959,-0.7878423929214478,0.3915891647338867,2411,0.7236941456794739,1660,1.5932776927947998,25,nan,0,nan,0
143,585728,10432.5,56.2,38.46,34.39,10,0.125,7,0.7142857142857143,202,113,58,18,13,0,0,78,-4.276938148522058,20.440594059405942,-0.30195677280426025,-0.009351249784231186,0.973035454750061,-0.01959991386393085,43.86691269874573,2.5225860714912414,0.10217413827776908,0.02848219883744605,0.265234375,11.135578775405884,3.4924596548080444e-10,0.18954646587371826,0.0002563971340839304,-0.7886462211608887,0.36314186453819275,2325,0.7206610441207886,1757,1.45818030834198,14,nan,0,nan,0
144,589824,10505.9,56.1,38.58,34.37,10,0.125,209,0.5502392344497608,202,110,66,18,8,0,0,75,-4.14170163787944,20.292079207920793,-0.3377610743045807,-0.008695341646671295,0.9635336399078369,-0.010548031702637673,47.68793768882752,2.520346164703369,0.09406149857677519,0.026979774743085726,0.286962890625,13.217777037620545,-5.820766091346741e-10,0.17845433950424194,0.00025609007164790175,-0.7889788150787354,0.32051515579223633,2345,0.6789675951004028,1739,1.6913251876831055,12,nan,0,nan,0
145,593920,10579.7,55.8,38.96,34.38,10,0.125,417,0.5779376498800959,208,126,56,15,11,0,0,90,-4.3436056097091305,19.860576923076923,-0.2688824534416199,-0.008087762631475925,0.9758230447769165,-0.021325249504297972,45.183458876609805,2.5175639390945435,0.08368111760355532,0.021326922613661738,0.226416015625,12.038677716255188,0.0,0.24709045886993408,0.00025578300921187306,-0.7904627919197083,0.3269575238227844,2442,0.6450945734977722,1628,1.7260373830795288,26,nan,0,nan,0
146,598016,10653.4,56.0,38.76,34.4,10,0.125,108,0.5648148148148148,203,118,55,19,11,0,0,86,-4.355716497971922,20.246305418719214,-0.268062949180603,-0.007855059579014778,0.9637811183929443,-0.020461198093835266,46.22657227516174,2.5092189788818358,0.09692994528450072,0.028187395274289883,0.2458984375,10.245288276672364,0.0,0.1753646731376648,0.0002554759467758444,-0.7931433916091919,0.32460787892341614,2499,0.6717756390571594,1584,6.479104995727539,13,nan,0,nan,0
147,602112,10726.9,56.1,38.57,34.45,10,0.125,308,0.5487012987012987,200,108,51,30,11,0,0,84,-4.294691601948052,20.255,-0.31798887252807617,-0.007778955157846212,0.9679158329963684,-0.021636128739919512,44.052928638458255,2.4990126967430113,0.08352652457542717,0.021316030994057655,0.235205078125,12.844232892990112,-6.402842700481415e-10,0.15535253286361694,0.00025516888433981574,-0.7950748205184937,0.34242749214172363,2438,0.6301577687263489,1647,0.720081627368927,11,nan,0,nan,0
148,606208,10800.4,56.1,38.61,34.4,10,0.125,510,0.5588235294117647,202,116,62,11,13,0,0,91,-4.284471524769049,20.11881188118812,-0.29427897930145264,-0.008064446970820427,0.9540318250656128,-0.01948568127118051,44.711472034454346,2.492838370800018,0.0868794723879546,0.01856548524228856,0.2138671875,13.005801177024841,-9.313225746154785e-10,0.18704086542129517,0.0002548618219037871,-0.7964350581169128,0.3209323585033417,2520,0.6625461578369141,1565,1.1675903797149658,11,nan,0,nan,0
149,610304,10873.9,56.1,38.63,34.39,10,0.125,201,0.5920398009950248,203,120,59,17,7,0,0,86,-4.399563782770044,20.423645320197043,-0.2594388723373413,-0.007527485489845276,0.9637811183929443,-0.021693907538428904,45.09979009628296,2.487268304824829,0.07847660845145583,0.023106449283659458,0.245654296875,13.27506489753723,-4.656612873077393e-10,0.22855627536773682,0.0002545547594677584,-0.7977321743965149,0.34298399090766907,2500,0.5957313776016235,1584,1.2100054025650024,12,nan,0,nan,0
150,614400,10947.5,56.0,38.75,34.41,10,0.125,403,0.6029776674937966,202,124,55,17,6,0,0,85,-4.317456604175862,20.202970297029704,-0.23607896268367767,-0.007062910590320826,0.9609655737876892,-0.02386132108513266,44.46188359260559,2.4824671864509584,0.07576009859330952,0.02706979035283439,0.272021484375,9.910670399665833,-6.984919309616089e-10,0.20277661085128784,0.0002542476970317298,-0.7991043925285339,0.29989197850227356,2545,0.6169646978378296,1534,1.358996033668518,17,nan,0,nan,0
151,618496,11021.0,56.1,38.62,34.42,10,0.125,90,0.5333333333333333,199,120,50,19,10,0,0,93,-4.40081071892414,20.64321608040201,-0.248985156416893,-0.007188973017036915,0.9517577886581421,-0.01661294137593359,44.765663146972656,2.4764029383659363,0.07822283655405045,0.028772020660107957,0.2830078125,11.883640694618226,-1.0477378964424133e-09,0.19001692533493042,0.0002539406345957011,-0.8005397915840149,0.31573188304901123,2433,0.6178626418113708,1643,1.7106263637542725,20,nan,0,nan,0
152,622592,11094.8,55.9,38.92,34.37,10,0.125,293,0.5665529010238908,203,118,53,22,10,0,0,85,-4.193923329675578,20.049261083743843,-0.25786012411117554,-0.007160745561122894,0.970716655254364,-0.02301217895001173,42.78802926540375,2.470000123977661,0.07628786363638937,0.022916682725190186,0.250146484375,11.072269129753114,-4.0745362639427185e-10,0.19685673713684082,0.00025363357215967247,-0.80256187915802,0.3051609396934509,2454,0.5911521315574646,1627,1.1326448917388916,15,nan,0,nan,0
153,626688,11168.6,55.9,38.84,34.42,10,0.125,498,0.5803212851405622,205,123,61,16,5,0,0,83,-4.363834135403785,20.151219512195123,-0.2522810101509094,-0.0076391189359128475,0.9750706553459167,-0.02871961701894179,46.19552502632141,2.463883697986603,0.09287257096730173,0.018292134202783927,0.203076171875,11.104638862609864,-7.566995918750763e-10,0.2146732211112976,0.0002533265097236438,-0.8031250834465027,0.32477253675460815,2499,0.6447387933731079,1578,1.5857688188552856,19,nan,0,nan,0
154,630784,11241.9,56.2,38.54,34.37,10,0.125,180,0.5333333333333333,194,104,67,18,5,0,0,81,-4.4284400693849575,20.742268041237114,-0.3210412263870239,-0.00839805044233799,0.9710404872894287,-0.016128560667857526,46.76019659042358,2.462666380405426,0.08967811074107886,0.026944521078257823,0.256884765625,14.752662587165833,-4.0745362639427185e-10,0.1939501166343689,0.00025301944728761515,-0.8035323619842529,0.32914769649505615,2511,0.6755589246749878,1573,2.507885694503784,12,nan,0,nan,0
155,634880,11316.1,55.6,39.35,34.36,10,0.125,389,0.5784061696658098,209,129,53,23,4,0,0,80,-4.279141880904408,19.83732057416268,-0.1983778178691864,-0.006741121876984835,0.959351658821106,-0.014902404509484768,46.67380132675171,2.460453116893768,0.07454931577667594,0.03193884093197994,0.2962890625,14.582039213180542,-5.820766091346741e-10,0.16810661554336548,0.00025271238485158646,-0.8043177127838135,0.33215558528900146,2536,0.5968469381332397,1557,0.9300432205200195,3,nan,0,nan,0
156,638976,11390.2,55.6,39.31,34.36,10,0.125,90,0.6333333333333333,213,137,51,14,11,0,0,100,-4.250498213517428,19.389671361502348,-0.19556647539138794,-0.007243432570248842,0.9688385128974915,-0.02450747669208795,44.2312771320343,2.456396150588989,0.07386019760742783,0.03456689142039977,0.305224609375,13.451853561401368,2.9103830456733704e-10,0.1968187689781189,0.00025240532241555783,-0.805321455001831,0.3198395371437073,2473,0.5882253646850586,1611,0.8727852702140808,12,nan,0,nan,0
157,643072,11464.2,55.7,39.18,34.38,10,0.125,296,0.625,206,128,48,17,13,0,0,97,-4.213396449039814,19.74757281553398,-0.2097247838973999,-0.007931708358228207,0.9722365140914917,-0.02484601999167353,44.809568119049075,2.45151287317276,0.07756977756507695,0.026382082726922818,0.263671875,15.037793231010436,-6.402842700481415e-10,0.18001031875610352,0.00025209825997952914,-0.8068450689315796,0.3619861602783203,2525,0.6432414650917053,1571,nan,0,nan,0,nan,0
158,647168,11537.8,56.1,38.69,34.37,10,0.125,497,0.5714285714285714,201,99,72,20,10,0,0,67,-4.432725479384493,20.208955223880597,-0.35262638330459595,-0.007796789985150099,0.9645699858665466,-0.021530725760385394,47.09149441719055,2.4455122470855715,0.0861483585089445,0.017634280089987443,0.1970703125,19.26236391067505,-1.2223608791828156e-09,0.16852134466171265,0.0002517911975435005,-0.808433473110199,0.31604647636413574,2469,0.6456536650657654,1610,1.3885325193405151,17,nan,0,nan,0
159,651264,11611.4,56.0,38.75,34.36,10,0.125,190,0.6157894736842106,205,126,48,19,12,0,0,89,-4.491394199019442,20.0,-0.21219822764396667,-0.0065040672197937965,0.960164487361908,-0.0244659376447089,44.82548816204071,2.440024721622467,0.07330281836912036,0.01831902722187806,0.222802734375,19.78650348186493,-1.0477378964424133e-09,0.16395914554595947,0.0002514841351074718,-0.809403657913208,0.2896476984024048,2510,0.5636236071586609,1575,1.3881350755691528,11,nan,0,nan,0
160,655360,11685.5,55.7,39.2,34.39,10,0.125,398,0.6080402010050251,208,125,49,22,12,0,0,95,-4.44470146681681,19.870192307692307,-0.22108367085456848,-0.0070500802248716354,0.9562757015228271,-0.02333636803086847,44.447979140281674,2.4347564339637757,0.0744269505608827,0.028658040979644285,0.261865234375,13.578311276435851,5.238689482212067e-10,0.16051393747329712,0.0002511770726714432,-0.8113198280334473,0.30274835228919983,2550,0.5939452052116394,1519,1.8255332708358765,27,nan,0,nan,0
161,659456,11759.3,55.9,38.88,34.41,10,0.125,93,0.6021505376344086,207,115,63,20,9,0,0,89,-4.390636431641045,19.7487922705314,-0.27707457542419434,-0.006672500632703304,0.9598868489265442,-0.011340401973575354,43.67751564979553,2.4269522070884704,0.0753879137802869,0.039182119487668386,0.332763671875,13.165052509307861,-5.820766091346741e-11,0.21613085269927979,0.0002508700102354145,-0.813027560710907,0.29639190435409546,2515,0.5550799369812012,1554,1.526809573173523,27,nan,0,nan,0
162,663552,11832.9,56.0,38.66,34.49,10,0.125,304,0.6019736842105263,211,127,56,15,13,0,0,94,-4.341443820560522,19.450236966824644,-0.23958228528499603,-0.006524953059852123,0.9624195694923401,-0.020126641204115003,44.36603090763092,2.4215224981307983,0.07168772500008344,0.02392134502006229,0.262939453125,14.130456113815308,-6.402842700481415e-10,0.2157433032989502,0.00025056294779938587,-0.8139885663986206,0.3044377267360687,2499,0.5631507635116577,1586,1.1005345582962036,11,nan,0,nan,0
163,667648,11906.8,55.8,38.95,34.5,10,0.125,0,,208,128,54,16,10,0,0,90,-4.272027134556101,19.759615384615383,-0.21475517749786377,-0.007328120060265064,0.9557613134384155,-0.02417540004244074,43.18405725955963,2.417865526676178,0.08591754366643727,0.03272362826101016,0.28173828125,13.773615741729737,3.4924596548080444e-10,0.21347755193710327,0.0002502558853633572,-0.8150316476821899,0.2907346785068512,2567,0.6454136371612549,1513,1.3479005098342896,16,nan,0,nan,0
164,671744,11980.9,55.7,39.02,34.49,10,0.125,206,0.5970873786407767,206,123,57,22,4,0,0,91,-4.251044578120143,19.733009708737864,-0.23101572692394257,-0.007238816469907761,0.9663239121437073,-0.024554332555271684,44.5496000289917,2.413103258609772,0.07606363808736205,0.027105489620589653,0.24609375,13.682751893997192,-4.0745362639427185e-10,0.19455933570861816,0.00024994882292732855,-0.8164172172546387,0.3076562285423279,2532,0.5913873314857483,1554,2.572563886642456,10,nan,0,nan,0
165,675840,12054.6,55.9,38.85,34.47,10,0.125,419,0.60381861575179,213,130,45,24,14,0,0,89,-4.388296744640728,19.122065727699532,-0.20236298441886902,-0.007016089744865894,0.9539016485214233,-0.021536653395742178,42.38603734970093,2.4075347900390627,0.07429069355130195,0.02865893089037854,0.28798828125,12.699680423736572,-8.731149137020111e-10,0.20874911546707153,0.00024964176049129986,-0.8176044225692749,0.2949148118495941,2496,0.6076679825782776,1595,1.4415900707244873,5,nan,0,nan,0
166,679936,12128.4,55.9,38.79,34.5,10,0.125,114,0.5789473684210527,207,115,66,20,6,0,0,80,-4.58599994371106,20.21256038647343,-0.2669855058193207,-0.007074858993291855,0.9529442191123962,-0.024704888637643307,46.97081990242005,2.403713059425354,0.07664817553013563,0.028012107079848646,0.27490234375,13.559045839309693,-1.7462298274040222e-10,0.1721252202987671,0.00024933469805527123,-0.8184658288955688,0.3072883188724518,2500,0.6086291670799255,1593,0.7484192848205566,3,nan,0,nan,0
167,684032,12202.5,55.6,39.18,34.49,10,0.125,317,0.6403785488958991,203,137,48,14,4,0,0,88,-4.23264280891566,19.935960591133004,-0.12672385573387146,-0.0061000920832157135,0.9532493948936462,-0.024695709277875722,42.449999046325686,2.400086724758148,0.06996899694204331,0.02040590310934931,0.236474609375,15.23161563873291,-8.731149137020111e-10,0.19779187440872192,0.00024902763561924254,-0.8194981217384338,0.31133586168289185,2560,0.545185387134552,1533,1.1804423332214355,3,nan,0,nan,0
168,688128,12276.9,55.4,39.46,34.52,10,0.125,12,0.5833333333333334,207,114,77,11,5,0,0,92,-4.155232848037135,19.88888888888889,-0.270895779132843,-0.00748347258195281,0.958601176738739,-0.0258834820240736,45.72416753768921,2.3959161400794984,0.079849321115762,0.022998752203420736,0.23671875,15.950233888626098,-1.2223608791828156e-09,0.2319294810295105,0.0002487205731832139,-0.8204333782196045,0.3074907064437866,2346,0.6169396638870239,1737,1.314764142036438,13,nan,0,nan,0
169,692224,12351.2,55.5,39.31,34.48,10,0.125,214,0.6915887850467289,202,141,46,11,4,0,0,104,-4.226304155962962,20.173267326732674,-0.11054450273513794,-0.007574883289635181,0.9666153192520142,-0.02636517323553562,42.18726379871369,2.392097699642181,0.08310180096887052,0.016327932008425704,0.192919921875,20.149165391921997,-1.0477378964424133e-09,0.22701674699783325,0.0002484135107471852,-0.8215231895446777,0.30379077792167664,2544,0.6174554824829102,1537,1.4497102499008179,15,nan,0,nan,0
170,696320,12425.9,55.2,39.8,34.47,10,0.125,422,0.6587677725118484,208,130,55,16,7,0,0,94,-4.3664517037120385,19.908653846153847,-0.18226690590381622,-0.006704734638333321,0.9596193432807922,-0.022726690990384667,43.751603031158446,2.3871016979217528,0.07441816148348153,0.02160596062603872,0.243896484375,13.461844635009765,-1.7462298274040222e-10,0.20469677448272705,0.0002481064483111566,-0.8227902054786682,0.29376229643821716,2462,0.5732720494270325,1619,0.7034858465194702,15,nan,0,nan,0
171,700416,12500.4,55.4,39.47,34.53,10,0.125,116,0.6810344827586207,206,135,46,19,6,0,0,97,-4.224479319588321,19.558252427184467,-0.14684456586837769,-0.006721982732415199,0.9586118459701538,-0.02590249078348279,42.743747806549074,2.3821086287498474,0.07271425030194223,0.026274696769542062,0.26953125,13.581090068817138,-6.984919309616089e-10,0.19982337951660156,0.0002477993858751279,-0.8241051435470581,0.284275621175766,2474,0.5830826163291931,1618,1.387169599533081,4,nan,0,nan,0
172,704512,12574.4,55.8,38.85,34.5,10,0.125,313,0.6230031948881789,197,116,52,25,4,0,0,82,-4.291546115154697,20.771573604060915,-0.23297527432441711,-0.006576555781066418,0.9589638113975525,-0.015418391046114265,43.625732731819156,2.377383291721344,0.07380365529097617,0.028546389922848903,0.2869140625,14.797602272033691,-2.9103830456733704e-10,0.2076292634010315,0.00024749232343909927,-0.8248521089553833,0.3092558681964874,2481,0.5531182885169983,1579,0.8321634531021118,36,nan,0,nan,0
173,708608,12649.1,55.4,39.48,34.5,10,0.125,10,0.6,209,131,50,22,6,0,0,88,-4.097583024953541,19.794258373205743,-0.18532007932662964,-0.006304183509200811,0.943915605545044,-0.022992673353292047,41.8512083530426,2.3756850004196166,0.07040007803589106,0.019522873012465424,0.218505859375,19.01651539802551,-1.7462298274040222e-10,0.2120600938796997,0.0002471852610030706,-0.8253196477890015,0.3026767075061798,2508,0.5401603579521179,1584,0.3021070957183838,4,nan,0,nan,0
174,712704,12723.6,55.3,39.59,34.5,10,0.125,218,0.591743119266055,208,123,51,23,11,0,0,94,-4.146612928754289,19.673076923076923,-0.21794366836547852,-0.0060536605305969715,0.9629629850387573,-0.0260884104995057,42.99928777217865,2.3718913078308104,0.06637526913546025,0.02213785994099453,0.2298828125,14.757354736328125,-4.0745362639427185e-10,0.22197401523590088,0.00024687819856704195,-0.8268965482711792,0.2900965213775635,2479,0.5413921475410461,1602,1.721216082572937,15,nan,0,nan,0
175,716800,12798.6,55.0,40.02,34.5,10,0.125,423,0.6122931442080378,205,130,42,25,8,0,0,98,-4.383485956570964,19.858536585365854,-0.14229696989059448,-0.005260214675217867,0.9488563537597656,-0.025284684752114116,40.591300296783444,2.363714361190796,0.062676738249138,0.028598187665920705,0.29130859375,14.101406598091126,2.3283064365386963e-10,0.21543437242507935,0.00024657113613101326,-0.8290217518806458,0.2653168737888336,2680,0.5130844712257385,1413,0.4617386758327484,3,nan,0,nan,0
176,720896,12873.9,54.8,40.26,34.55,10,0.125,123,0.6504065040650406,212,137,41,27,7,0,0,95,-4.389838139988701,19.32547169811321,-0.15225906670093536,-0.006841607391834259,0.9567456245422363,-0.026426595449447633,41.62968826293945,2.3574923396110536,0.07365378527902067,0.03090503522544168,0.26484375,13.392499709129334,-7.566995918750763e-10,0.22612464427947998,0.00024626407369498463,-0.8300251960754395,0.298854798078537,2461,0.578578531742096,1612,1.2715727090835571,23,nan,0,nan,0
177,724992,12948.9,55.0,40.0,34.48,10,0.125,336,0.6369047619047619,213,134,46,23,10,0,0,104,-4.413378887658934,19.24413145539906,-0.15946456789970398,-0.006575040053576231,0.9590522646903992,-0.01663512075319886,44.413804459571836,2.353764200210571,0.07439655154012144,0.027298869032529184,0.27529296875,16.993570923805237,-1.280568540096283e-09,0.18106025457382202,0.00024595701125895594,-0.8311110734939575,0.2847777307033539,2672,0.6088380813598633,1416,0.713164210319519,8,nan,0,nan,0
178,729088,13023.5,55.3,39.67,34.46,10,0.125,31,0.6129032258064516,207,133,46,23,5,0,0,89,-4.305527370229927,19.77294685990338,-0.1614380180835724,-0.006851332262158394,0.9614296555519104,-0.025220797420479356,41.03327796459198,2.3488686442375184,0.0715286171529442,0.025631488146609628,0.2546875,13.10384385585785,-5.238689482212067e-10,0.2548791170120239,0.0002456499488229273,-0.8323564529418945,0.32656049728393555,2703,0.6027973890304565,1387,3.370779037475586,6,nan,0,nan,0
179,733184,13097.7,55.5,39.3,34.5,10,0.125,236,0.6398305084745762,205,132,54,15,4,0,0,85,-4.177236808784183,20.08780487804878,-0.1547408252954483,-0.006799344439059496,0.960164487361908,-0.014953963342122734,41.054406547546385,2.3443422675132752,0.07586907325312495,0.03187729088240303,0.28115234375,16.63720374107361,2.3283064365386963e-10,0.2527064085006714,0.0002453428863868986,-0.833263635635376,0.2964252233505249,2568,0.589841902256012,1514,1.2610241174697876,14,nan,0,nan,0
180,737280,13172.6,55.0,39.9,34.51,10,0.125,451,0.623059866962306,215,130,50,27,8,0,0,91,-4.380631214397982,18.84186046511628,-0.1826055645942688,-0.007101625204086304,0.961607813835144,-0.022495577903464438,44.23943839073181,2.341122341156006,0.08045237134210766,0.034083639591699466,0.303759765625,14.258920764923095,-3.4924596548080444e-10,0.19503939151763916,0.00024503582395087,-0.8341064453125,0.3045119047164917,2621,0.599562406539917,1458,4.275007247924805,17,nan,0,nan,0
181,741376,13247.4,55.1,39.82,34.54,10,0.125,156,0.6153846153846154,217,129,60,24,4,0,0,88,-4.228613078124964,19.032258064516128,-0.21362589299678802,-0.006588754244148731,0.9559164643287659,-0.023524412279948594,43.81644320487976,2.3372196435928343,0.06950998096726835,0.021275952536961996,0.23876953125,14.772690844535827,-2.9103830456733704e-10,0.22772103548049927,0.0002447287615148413,-0.8354730010032654,0.2914062738418579,2699,0.5856413245201111,1393,0.9003926515579224,4,nan,0,nan,0
182,745472,13322.0,55.3,39.6,34.47,10,0.125,367,0.5994550408719346,211,124,39,45,3,0,0,81,-4.382142169836812,19.24170616113744,-0.21715517342090607,-0.006067098118364811,0.9562419652938843,-0.02074224952375516,44.9298698425293,2.3304327726364136,0.06816623252816498,0.02663163548859302,0.288232421875,13.310275030136108,5.820766091346741e-11,0.1693483591079712,0.00024442169907881267,-0.837065577507019,0.29250234365463257,2779,0.5900108218193054,1315,1.4924674034118652,2,nan,0,nan,0
183,749568,13396.9,55.0,39.95,34.5,10,0.125,69,0.6666666666666666,214,114,50,47,3,0,0,79,-4.436664073604223,19.322429906542055,-0.27837276458740234,-0.0054212911054492,0.9556929469108582,-0.02140711594838649,44.38488297462463,2.3247637867927553,0.06300398115999997,0.03241256237961352,0.3013671875,14.864588403701783,-6.984919309616089e-10,0.1809101700782776,0.000244114636642784,-0.8384937047958374,0.27111098170280457,2715,0.5365558862686157,1381,nan,0,nan,0,nan,0
184,753664,13472.0,54.9,40.08,34.49,10,0.125,286,0.6048951048951049,217,127,43,39,8,0,0,97,-4.37277155581202,18.86635944700461,-0.21302473545074463,-0.0072168284095823765,0.9489558935165405,-0.02277497574687004,43.32404098510742,2.3189648270606993,0.07961155851371586,0.028222698642639443,0.276025390625,15.865607023239136,-2.3283064365386963e-10,0.23464810848236084,0.00024380757420675535,-0.8399779796600342,0.3100445866584778,2762,0.6463392972946167,1327,3.4362869262695312,7,nan,0,nan,0
185,757760,13547.1,54.8,40.22,34.46,10,0.125,504,0.5813492063492064,218,120,45,41,12,0,0,73,-4.317233428071439,18.76605504587156,-0.24218636751174927,-0.006329288240522146,0.9504899382591248,-0.028163749445229768,43.20589888095856,2.3142985582351683,0.0682016113307327,0.027035160511150024,0.273779296875,12.699193525314332,5.820766091346741e-11,0.21515941619873047,0.0002435005117707267,-0.8408094644546509,0.28325456380844116,2798,0.6406872868537903,1298,nan,0,nan,0,nan,0
186,761856,13622.2,54.9,40.12,34.47,10,0.125,211,0.5876777251184834,219,130,47,33,9,0,0,86,-4.313311904139173,18.71232876712329,-0.19515898823738098,-0.005532881710678339,0.9522826671600342,-0.03009057870367542,42.23153314590454,2.3095123052597044,0.0645009239204228,0.029324862590874544,0.269091796875,14.237975335121154,-1.5133991837501526e-09,0.22711217403411865,0.00024319344933469803,-0.8423500657081604,0.2821139693260193,2875,0.5486943125724792,1214,1.3067129850387573,7,nan,0,nan,0
187,765952,13697.1,55.0,39.95,34.52,10,0.125,422,0.54739336492891,211,107,58,42,4,0,0,71,-4.4621183038782535,19.28436018957346,-0.3052263557910919,-0.0066559771075844765,0.9570141434669495,-0.02223868144210428,44.37179102897644,2.3039544939994814,0.07561911772936583,0.025679261272307484,0.26728515625,18.499653124809264,-4.0745362639427185e-10,0.21868115663528442,0.00024288638689866937,-0.8435024619102478,0.2846413850784302,2762,0.6428794264793396,1334,nan,0,nan,0,nan,0
188,770048,13771.9,55.1,39.79,34.52,10,0.125,124,0.5967741935483871,214,125,46,35,8,0,0,85,-4.428062823767135,19.19626168224299,-0.20733137428760529,-0.006030958145856857,0.9598145484924316,-0.01836929514538497,44.35058722496033,2.2979605197906494,0.06864834181033075,0.03926702785538509,0.31787109375,19.231229424476624,-8.731149137020111e-10,0.22198128700256348,0.0002425793244626407,-0.8457888960838318,0.30033576488494873,2716,0.5764910578727722,1366,1.2752447128295898,14,nan,0,nan,0
189,774144,13846.3,55.4,39.41,34.5,10,0.125,336,0.5773809523809523,212,120,50,37,5,0,0,82,-4.500582417251841,19.10377358490566,-0.23217524588108063,-0.007020408287644386,0.955973207950592,-0.014740374544635415,42.55121550559998,2.2892804980278014,0.07139270235784352,0.030081019923090934,0.29404296875,18.035902643203734,-4.656612873077393e-10,0.24351954460144043,0.00024227226202661205,-0.8473866581916809,0.316479355096817,2779,0.6565340161323547,1314,2.298266649246216,3,nan,0,nan,0
190,778240,13920.8,55.3,39.6,34.48,10,0.125,38,0.5526315789473685,214,131,41,34,8,0,0,89,-4.411060892778384,19.252336448598133,-0.18412740528583527,-0.006707020103931427,0.9469345808029175,-0.021152183320373295,42.21870009899139,2.283635687828064,0.07693384028971195,0.03440450388297904,0.3111328125,17.499707746505738,-1.3387762010097504e-09,0.23551499843597412,0.0002419651995905834,-0.8486883044242859,0.2839820981025696,2612,0.6423088312149048,1477,0.8127269148826599,7,nan,0,nan,0
191,782336,13996.1,54.8,40.29,34.47,10,0.125,256,0.640625,218,143,35,34,6,0,0,101,-4.50841787329587,18.93577981651376,-0.11459444463253021,-0.0055051809176802635,0.9530686140060425,-0.02902206510771066,40.52526993751526,2.2777222752571107,0.06506334510631859,0.03183625304955058,0.281298828125,14.580494070053101,-9.313225746154785e-10,0.2616111636161804,0.00024165813715455473,-0.8504202365875244,0.29278597235679626,2866,0.5543285608291626,1227,0.5928035378456116,3,nan,0,nan,0
192,786432,14070.4,55.4,39.43,34.45,10,0.125,469,0.603411513859275,213,119,53,34,7,0,0,88,-4.400964969084615,19.258215962441316,-0.23569709062576294,-0.007076582871377468,0.9461756348609924,-0.02314105445984751,44.8439293384552,2.271472191810608,0.07883079629391432,0.024906604341231285,0.257421875,15.786566781997681,-7.566995918750763e-10,0.2376716136932373,0.00024135107471852607,-0.8516477942466736,0.29125797748565674,2712,0.6405277252197266,1380,0.7897988557815552,4,nan,0,nan,0
193,790528,14145.0,55.3,39.63,34.48,10,0.125,165,0.6545454545454545,208,132,46,25,5,0,0,89,-4.598532431489119,19.5625,-0.15058481693267822,-0.007536362390965223,0.9765946269035339,-0.02685703185852617,42.21326937675476,2.267619860172272,0.0706929745618254,0.026169450720772147,0.261474609375,14.212130975723266,-8.731149137020111e-10,0.21158957481384277,0.0002410440122824974,-0.8524564504623413,0.36774080991744995,2719,0.6655880808830261,1373,0.5248213410377502,4,nan,0,nan,0
194,794624,14220.2,54.8,40.2,34.48,10,0.125,382,0.6518324607329843,217,141,43,29,4,0,0,103,-4.342648509696819,18.995391705069125,-0.10672657191753387,-0.0062201740220189095,0.9481825232505798,-0.015482612943742424,41.89840223789215,2.264395201206207,0.07603690223768353,0.03721731104014907,0.315185546875,17.306821393966676,-1.2223608791828156e-09,0.2080649733543396,0.00024073694984646875,-0.853174090385437,0.30327844619750977,2790,0.6062712669372559,1300,3.452348470687866,6,nan,0,nan,0
195,798720,14294.7,55.3,39.58,34.49,10,0.125,82,0.6341463414634146,212,141,40,29,2,0,0,92,-4.479882849118819,19.330188679245282,-0.12183213233947754,-0.005782008171081543,0.9441297650337219,-0.013247039378620684,41.086232805252074,2.261853504180908,0.06547260168008506,0.043488802746287546,0.369775390625,17.786390399932863,-7.566995918750763e-10,0.24977892637252808,0.0002404298874104401,-0.8537424802780151,0.2757382392883301,2723,0.5650655031204224,1364,1.232426643371582,9,nan,0,nan,0
196,802816,14369.3,55.3,39.64,34.45,10,0.125,291,0.6426116838487973,209,135,31,37,6,0,0,97,-4.345279846080672,19.593301435406698,-0.12843182682991028,-0.005805683322250843,0.9452019333839417,-0.02222421020269394,41.78474543094635,2.2587451696395875,0.06469700275920331,0.04354638566437643,0.32353515625,13.22369635105133,-7.566995918750763e-10,0.13906794786453247,0.00024012282497441143,-0.8549036383628845,0.26898157596588135,2853,0.5731397867202759,1232,1.4393401145935059,11,nan,0,nan,0
197,806912,14443.9,55.3,39.68,34.44,10,0.125,501,0.6427145708582834,210,135,44,26,5,0,0,97,-4.40579257463468,19.366666666666667,-0.13688907027244568,-0.006609992124140263,0.9601132273674011,-0.021207139478065073,43.27568416595459,2.2532732486724854,0.07150827143341303,0.03567442364001181,0.335009765625,15.283803391456605,-1.2223608791828156e-09,0.23761028051376343,0.00023981576253838277,-0.8562561869621277,0.2827500104904175,2744,0.594417929649353,1326,1.4227755069732666,26,nan,0,nan,0
198,811008,14518.8,55.0,40.01,34.46,10,0.125,203,0.7044334975369458,214,149,35,23,7,0,0,107,-4.668790934600373,19.14485981308411,-0.0677313506603241,-0.00673068268224597,0.9659969210624695,-0.02421637661755085,39.85281813144684,2.2488288044929505,0.07267052819952369,0.028803488053381444,0.28994140625,15.410439038276673,4.656612873077393e-10,0.19615399837493896,0.0002395087001023541,-0.8571996688842773,0.2884671688079834,2707,0.6004847288131714,1387,1.5681052207946777,2,nan,0,nan,0
199,815104,14593.2,55.4,39.51,34.47,10,0.125,418,0.6722488038277512,215,138,49,21,7,0,0,99,-4.433601425449564,19.167441860465118,-0.1397189199924469,-0.006762429140508175,0.9373872876167297,-0.026646321930456907,42.20147273540497,2.2447516918182373,0.07317368085496127,0.040249380725435914,0.318701171875,14.095493054389953,-4.656612873077393e-10,0.25108879804611206,0.00023920163766632545,-0.8583478927612305,0.2846827507019043,2702,0.5924012064933777,1368,1.8734116554260254,26,nan,0,nan,0
200,819200,14668.2,54.9,40.08,34.47,10,0.125,120,0.7083333333333334,214,144,33,29,8,0,0,97,-4.750192506476178,19.1588785046729,-0.08429591357707977,-0.005453558173030615,0.9623905420303345,-0.030628824420273305,40.84006309509277,2.2405561447143554,0.060473594116047025,0.026707714394433424,0.282080078125,16.341625452041626,-1.280568540096283e-09,0.1633394956588745,0.0002388945752302968,-0.8592259883880615,0.29062575101852417,2887,0.5437269806861877,1209,nan,0,nan,0,nan,0
201,823296,14743.1,55.1,39.91,34.44,10,0.125,338,0.6893491124260355,218,148,36,26,8,0,0,100,-4.644492381985077,18.834862385321102,-0.07055085897445679,-0.0063820187933743,0.9504899382591248,-0.030729606584645807,41.26691613197327,2.2366020321846007,0.06799192745238543,0.02732864542049356,0.27275390625,13.294970941543578,-7.566995918750763e-10,0.1848069429397583,0.00023858751279426813,-0.8604124784469604,0.29580003023147583,2702,0.5867677927017212,1386,0.6422920227050781,8,nan,0,nan,0
202,827392,14818.3,54.8,40.23,34.48,10,0.125,43,0.5581395348837209,217,143,39,29,6,0,0,102,-4.598862289796701,18.82488479262673,-0.0858527272939682,-0.005735781975090504,0.9386439919471741,-0.022077137522865088,39.92999231815338,2.232051146030426,0.0652526613790542,0.036439887178130445,0.32333984375,14.843512153625488,-9.313225746154785e-10,0.21635693311691284,0.00023828045035823947,-0.8614004850387573,0.27466800808906555,2800,0.5571433901786804,1292,0.578599214553833,4,nan,0,nan,0
203,831488,14892.8,55.3,39.55,34.45,10,0.125,254,0.6889763779527559,211,151,34,20,6,0,0,116,-4.514593294446645,19.350710900473935,-0.024937227368354797,-0.005323944613337517,0.9425997138023376,-0.02856802874011919,36.69966967105866,2.229959750175476,0.05965757304802537,0.04737752974324394,0.3751953125,11.637028026580811,-8.731149137020111e-10,0.19290882349014282,0.0002379733879222108,-0.8612873554229736,0.2601816952228546,2742,0.5221694707870483,1341,1.2967675924301147,13,nan,0,nan,0
204,835584,14967.1,55.5,39.35,34.49,10,0.125,461,0.6767895878524945,207,137,38,24,8,0,0,101,-4.590329172293507,19.652173913043477,-0.09969352185726166,-0.006067471578717232,0.967343807220459,-0.02286818125285208,41.00398733615875,2.2299670577049255,0.06914195925928653,0.023164199851453304,0.242431640625,18.07551817893982,-2.9103830456733704e-10,0.17914700508117676,0.00023766632548618215,-0.8617902994155884,0.2900165319442749,2789,0.5424834489822388,1300,1.2855912446975708,7,nan,0,nan,0
205,839680,15041.9,55.1,39.84,34.46,10,0.125,162,0.6604938271604939,213,146,38,21,8,0,0,103,-4.552750223423476,19.413145539906104,-0.0810721218585968,-0.0063520437106490135,0.9636878967285156,-0.025076204328797758,41.02022893428803,2.226716935634613,0.06829503406770528,0.036182945824111815,0.326025390625,17.30732810497284,-9.89530235528946e-10,0.2375611662864685,0.0002373592630501535,-0.8628857731819153,0.2923789322376251,2745,0.5929268002510071,1339,1.2083579301834106,12,nan,0,nan,0
206,843776,15116.3,55.3,39.53,34.51,10,0.125,374,0.6524064171122995,212,137,42,25,8,0,0,98,-4.6234979340567115,19.11320754716981,-0.10645468533039093,-0.006503777578473091,0.9503089785575867,-0.01805181191302836,41.20848898887634,2.2224705696105955,0.07410768396221101,0.05152941826963797,0.3748046875,13.088672256469726,1.1641532182693481e-10,0.2364327311515808,0.00023705220061412483,-0.8636058568954468,0.2819344103336334,2721,0.6288601160049438,1354,1.1916255950927734,21,nan,0,nan,0
207,847872,15191.3,55.0,39.95,34.51,10,0.125,78,0.7307692307692307,216,158,28,25,5,0,0,121,-4.511938557719569,19.189814814814813,0.00034021027386188507,-0.00478285551071167,0.955927848815918,-0.012702132831327618,37.305528450012204,2.2198912620544435,0.05641993493773043,0.043497049974394034,0.365771484375,17.421152782440185,-1.3387762010097504e-09,0.1937306523323059,0.00023674513817809617,-0.864630401134491,0.26732924580574036,2831,0.49897629022598267,1262,0.7961949706077576,3,nan,0,nan,0
208,851968,15266.5,54.8,40.19,34.51,10,0.125,285,0.6771929824561403,207,136,42,27,2,0,0,102,-4.623315527105014,19.690821256038646,-0.0942160114645958,-0.006924182176589966,0.9627153277397156,-0.0238311551976949,41.50651240348816,2.2155464053153993,0.0722002477850765,0.03238373368221801,0.29013671875,16.6046799659729,-7.566995918750763e-10,0.21007919311523438,0.0002364380757420675,-0.8653746843338013,0.3076131343841553,2738,0.6087616682052612,1337,1.7242909669876099,21,nan,0,nan,0
209,856064,15341.0,55.3,39.57,34.49,10,0.125,498,0.6526104417670683,213,132,45,29,7,0,0,92,-4.5027624137981235,19.309859154929576,-0.1399058997631073,-0.006723491474986076,0.9332990050315857,-0.023373079719021916,42.83540620803833,2.2122450947761534,0.07889444134198129,0.03934786541794892,0.311474609375,15.109126138687134,-1.2223608791828156e-09,0.25152093172073364,0.00023613101330603885,-0.8665370941162109,0.2796785235404968,2805,0.6380274891853333,1290,0.5895313620567322,1,nan,0,nan,0
210,860160,15415.2,55.6,39.2,34.48,10,0.125,199,0.628140703517588,213,133,50,24,6,0,0,96,-4.453677424473958,19.380281690140844,-0.14429378509521484,-0.006235124543309212,0.9616276025772095,-0.02572491312166676,41.5010249376297,2.20583199262619,0.06906359172426164,0.03843737140705343,0.323486328125,13.533175063133239,-1.1059455573558807e-09,0.24451082944869995,0.0002358239508700102,-0.868624746799469,0.29622989892959595,2734,0.5796247124671936,1357,0.7757855653762817,5,nan,0,nan,0
211,864256,15489.4,55.5,39.24,34.53,10,0.125,409,0.6136919315403423,210,126,54,23,7,0,0,88,-4.380507322970568,19.38095238095238,-0.16178174316883087,-0.006749012041836977,0.9585692286491394,-0.02148509949911386,42.21640362739563,2.199227237701416,0.07136430270038545,0.03825790827977471,0.3125,14.637250685691834,-3.4924596548080444e-10,0.22642046213150024,0.00023551688843398153,-0.8694989681243896,0.29840895533561707,2679,0.6337732672691345,1394,0.8521236181259155,23,nan,0,nan,0
212,868352,15563.7,55.5,39.3,34.48,10,0.125,100,0.66,203,130,45,18,10,0,0,96,-4.4192227404703175,20.059113300492612,-0.12646915018558502,-0.007576067931950092,0.9509375691413879,-0.015608937875367702,41.43593175411225,2.1963019371032715,0.08446777095086873,0.0446653824968962,0.33798828125,20.98634865283966,-1.2223608791828156e-09,0.2904146909713745,0.00023520982599795287,-0.8702808618545532,0.28144514560699463,2687,0.7041552662849426,1396,1.6120409965515137,13,nan,0,nan,0
213,872448,15638.2,55.3,39.55,34.49,10,0.125,314,0.6401273885350318,214,135,52,20,7,0,0,98,-4.592781723742458,19.294392523364486,-0.1205713078379631,-0.0065169557929039,0.9456465840339661,-0.03490514250006527,42.83634386062622,2.194777548313141,0.06921065305359661,0.041167399895493874,0.334912109375,11.98333818912506,-5.238689482212067e-10,0.2458937168121338,0.00023490276356192427,-0.87026447057724,0.29467618465423584,2663,0.603107750415802,1429,2.940948724746704,4,nan,0,nan,0
214,876544,15712.2,55.7,39.04,34.51,10,0.125,12,0.5833333333333334,210,136,48,19,7,0,0,94,-4.556221830385652,19.495238095238093,-0.10228975862264633,-0.005862635560333729,0.9408131837844849,-0.020811143005266784,43.00919055938721,2.1925841689109804,0.06567854140885174,0.04480679440894164,0.3513671875,17.53646492958069,-1.280568540096283e-09,0.2235618233680725,0.00023459570112589555,-0.8713076114654541,0.2776738703250885,2703,0.567907452583313,1383,0.4176814556121826,10,nan,0,nan,0
215,880640,15786.8,55.3,39.56,34.52,10,0.125,225,0.6622222222222223,213,142,46,20,5,0,0,106,-4.45056056212564,19.1924882629108,-0.0843004658818245,-0.005554491188377142,0.9508112072944641,-0.023598122876137495,38.99948468208313,2.1891437411308288,0.06451177233830094,0.037403465062379834,0.2923828125,17.037234139442443,-1.1641532182693481e-09,0.27358442544937134,0.00023428863868986695,-0.8718757629394531,0.2640092372894287,2747,0.5541629791259766,1346,0.8559226989746094,3,nan,0,nan,0
216,884736,15861.3,55.3,39.55,34.49,10,0.125,437,0.6567505720823799,212,138,47,20,7,0,0,102,-4.405542337904265,19.339622641509433,-0.10098105669021606,-0.006446513347327709,0.9539135098457336,-0.02731019628699869,42.43162181377411,2.1875160336494446,0.07552015576511621,0.030493713307077997,0.260986328125,16.677310061454772,1.7462298274040222e-10,0.24511784315109253,0.00023398157625383823,-0.8723669052124023,0.2791121304035187,2668,0.5844881534576416,1400,2.2659969329833984,28,nan,0,nan,0
217,888832,15935.7,55.4,39.41,34.51,10,0.125,134,0.664179104477612,209,139,39,25,6,0,0,110,-4.564448669810903,19.645933014354068,-0.08152459561824799,-0.005463999696075916,0.9428865313529968,-0.019887452898547053,41.03397634029388,2.1846199870109557,0.06234891046769917,0.055216597831167745,0.35966796875,18.086339163780213,-7.8580342233181e-10,0.23621797561645508,0.00023367451381780963,-0.873296856880188,0.27956199645996094,2748,0.546874463558197,1343,0.9321092367172241,5,nan,0,nan,0
218,892928,16009.9,55.6,39.23,34.5,10,0.125,346,0.630057803468208,212,129,49,27,7,0,0,89,-4.453784696627075,19.410377358490567,-0.13467854261398315,-0.006181461736559868,0.9562307000160217,-0.019839301856700332,43.05873577594757,2.181143641471863,0.0681639148388058,0.04058416362677235,0.32783203125,16.38903143405914,5.820766091346741e-11,0.21475517749786377,0.00023336745138178091,-0.8738763928413391,0.3074633479118347,2667,0.5742878317832947,1418,2.29990553855896,11,nan,0,nan,0
219,897024,16084.6,55.2,39.71,34.49,10,0.125,41,0.6097560975609756,207,129,49,21,8,0,0,89,-4.550745504580117,19.67632850241546,-0.14010432362556458,-0.006197652779519558,0.9490871429443359,-0.022772504738532005,43.934822010993955,2.1776286005973815,0.07011194974184036,0.05512440965685528,0.379931640625,15.134966492652893,-1.4551915228366852e-09,0.2372126579284668,0.0002330603889457523,-0.8754152059555054,0.27361738681793213,2713,0.5924162864685059,1381,1.542088270187378,2,nan,0,nan,0
220,901120,16159.3,55.2,39.72,34.53,10,0.125,251,0.6334661354581673,210,134,48,19,9,0,0,90,-4.48471443172461,19.514285714285716,-0.13208690285682678,-0.00686826603487134,0.9557385444641113,-0.02349859531968832,41.79839644432068,2.1715023040771486,0.07424632930196821,0.05163125380058773,0.354736328125,16.259642839431763,-1.5133991837501526e-09,0.2918270230293274,0.0002327533265097236,-0.8765154480934143,0.291252464056015,2592,0.6081079840660095,1486,1.4957263469696045,18,nan,0,nan,0
221,905216,16234.4,54.9,40.15,34.52,10,0.125,454,0.6343612334801763,203,129,55,11,8,0,0,92,-4.619672362751682,20.014778325123153,-0.11435726284980774,-0.005869866348803043,0.9527356624603271,-0.03194434308679774,40.92816967964173,2.1680193185806274,0.06574676083400846,0.02625581245229114,0.265185546875,15.13999538421631,-5.820766091346741e-10,0.2589370608329773,0.000232446264073695,-0.8774721622467041,0.28962722420692444,2796,0.5659511685371399,1294,1.5297037363052368,6,nan,0,nan,0
222,909312,16309.0,55.3,39.53,34.53,10,0.125,150,0.6,208,129,59,17,3,0,0,84,-4.362892075949038,19.70673076923077,-0.14079691469669342,-0.005668738856911659,0.9444444179534912,-0.03140447218902409,43.59858155250549,2.163550865650177,0.0630981620401144,0.04037120497232536,0.305517578125,14.797898054122925,-9.89530235528946e-10,0.2420467734336853,0.00023213920163766633,-0.8786560893058777,0.26592928171157837,2623,0.5608813166618347,1471,1.1166629791259766,2,nan,0,nan,0
223,913408,16383.9,55.0,39.95,34.52,10,0.125,359,0.6406685236768802,209,140,46,17,6,0,0,103,-4.70145027212092,19.564593301435405,-0.074242502450943,-0.005841001868247986,0.9457165002822876,-0.019606150686740875,41.1130167722702,2.1590762615203856,0.06590163731016219,0.042695341134094636,0.306591796875,20.1850786447525,-4.656612873077393e-10,0.2355492115020752,0.00023183213920163767,-0.8796628713607788,0.2688758969306946,2759,0.5839186906814575,1330,0.7481011748313904,7,nan,0,nan,0
224,917504,16458.8,55.1,39.89,34.5,10,0.125,60,0.7333333333333333,213,139,52,17,5,0,0,104,-4.652200291938037,19.483568075117372,-0.09365712106227875,-0.006385267712175846,0.9508112072944641,-0.02100912472233176,40.69888429641723,2.1560932755470277,0.07264848239719868,0.047505106500466354,0.35888671875,15.229466342926026,-6.402842700481415e-10,0.2980232238769531,0.000231525076765609,-0.8801358342170715,0.2810426652431488,2672,0.596426248550415,1414,1.4356266260147095,10,nan,0,nan,0
225,921600,16534.1,54.7,40.36,34.49,10,0.125,268,0.6194029850746269,208,122,53,25,8,0,0,85,-4.4539381202473365,19.52403846153846,-0.16187316179275513,-0.007263004779815674,0.9796810746192932,-0.028884785366244614,43.914453220367434,2.1530006170272826,0.07435564897023142,0.036721012118505314,0.27646484375,17.585124969482422,-1.1641532182693481e-10,0.21686679124832153,0.00023121801432958035,-0.8814119696617126,0.3436146378517151,2729,0.6478500962257385,1361,0.9969799518585205,6,nan,0,nan,0
226,925696,16609.0,55.0,39.91,34.5,10,0.125,485,0.5835051546391753,217,117,54,30,16,0,0,85,-4.442217462530169,18.912442396313363,-0.22080329060554504,-0.006358665879815817,0.9461201429367065,-0.03253291130531579,45.6668643951416,2.1477638602256777,0.07569387922994793,0.03646039193554316,0.27099609375,16.274460077285767,-2.0372681319713593e-09,0.22631418704986572,0.0002309109518935517,-0.8826152086257935,0.26008257269859314,2623,0.6079094409942627,1460,2.333993911743164,13,nan,0,nan,0
227,929792,16683.8,55.2,39.66,34.57,10,0.125,179,0.6536312849162011,206,137,36,24,9,0,0,100,-4.585069975522236,19.645631067961165,-0.0762152373790741,-0.005342910531908274,0.9439588785171509,-0.030039416183717547,40.0094053030014,2.14508661031723,0.058865074254572394,0.04154780934622977,0.320751953125,18.029337286949158,-1.2514647096395493e-09,0.26805245876312256,0.00023060388945752303,-0.8825154304504395,0.2850136160850525,2861,0.5517904162406921,1226,1.0008965730667114,9,nan,0,nan,0
228,933888,16758.9,54.8,40.22,34.5,10,0.125,390,0.6282051282051282,211,128,62,16,5,0,0,88,-4.559500011168692,19.654028436018958,-0.1467781364917755,-0.006214892026036978,0.9518661499023438,-0.025692726112902166,42.37780387401581,2.1455461740493775,0.0718609845265746,0.0436873181242845,0.34599609375,19.434021139144896,-1.6589183360338211e-09,0.26533257961273193,0.00023029682702149437,-0.8826996684074402,0.2736890912055969,2708,0.6101537346839905,1377,1.2337177991867065,11,nan,0,nan,0
229,937984,16834.2,54.8,40.3,34.51,10,0.125,100,0.66,222,144,39,28,11,0,0,96,-4.470289520118131,18.414414414414413,-0.06700079143047333,-0.00615814421325922,0.9243676066398621,-0.0184814227046445,44.5765043258667,2.144154155254364,0.06871126275509595,0.05171907352778362,0.38046875,21.35079655647278,-5.529727786779404e-10,0.20921403169631958,0.0002299897645854657,-0.8832399845123291,0.27195897698402405,2736,0.5775629281997681,1358,0.7466838955879211,2,nan,0,nan,0
230,942080,16909.4,54.9,40.15,34.52,10,0.125,312,0.6346153846153846,212,132,51,22,7,0,0,96,-4.570649355159816,19.2688679245283,-0.1254047453403473,-0.006433591246604919,0.9518537521362305,-0.03399051019223407,42.506090021133424,2.140515697002411,0.06984659661538899,0.03089351293601794,0.28251953125,18.38818302154541,-1.076841726899147e-09,0.2820481061935425,0.00022968270214943705,-0.8844344615936279,0.2796017527580261,2698,0.6009050607681274,1384,1.6696377992630005,14,nan,0,nan,0
231,946176,16984.3,55.0,39.98,34.53,10,0.125,15,0.5333333333333333,215,130,57,23,5,0,0,89,-4.563218978404675,19.111627906976743,-0.14567412436008453,-0.005456083454191685,0.9288843274116516,-0.027792803989723325,41.59690284729004,2.1351535081863404,0.0655906422995031,0.04747390381526202,0.338037109375,14.90375018119812,-1.3387762010097504e-09,0.2908981442451477,0.00022937563971340836,-0.8857650756835938,0.2598240375518799,2863,0.5955138802528381,1233,nan,0,nan,0,nan,0
232,950272,17060.1,54.5,40.64,34.54,10,0.125,228,0.6666666666666666,213,144,40,18,11,0,0,110,-4.381055463564438,19.028169014084508,-0.0647231936454773,-0.006395929027348757,0.9562194347381592,-0.03140573084820062,40.42499465942383,2.130912208557129,0.06864291946403682,0.037048430163122245,0.311962890625,17.065250182151793,-7.566995918750763e-10,0.2658389210700989,0.0002290685772773797,-0.8867393136024475,0.28881385922431946,2717,0.5723410248756409,1364,1.5253450870513916,15,nan,0,nan,0
233,954368,17135.3,54.8,40.22,34.49,10,0.125,440,0.6590909090909091,212,138,38,31,5,0,0,99,-4.5405859800320005,19.42924528301887,-0.08956676721572876,-0.006962098181247711,0.9487641453742981,-0.01736910189501941,42.164697003364566,2.127475214004517,0.08012095345184207,0.05796416964876698,0.376611328125,15.271763944625855,-1.8917489796876907e-09,0.2773313522338867,0.00022876151484135104,-0.8873919248580933,0.3031620979309082,2773,0.6341918110847473,1309,3.959789991378784,14,nan,0,nan,0
234,958464,17210.3,54.9,40.04,34.52,10,0.125,143,0.6713286713286714,215,149,42,19,5,0,0,113,-4.625341252552349,19.167441860465118,-0.03718117997050285,-0.005604439415037632,0.9484668970108032,-0.02409627358429134,39.92576780319214,2.123774755001068,0.06364322192966938,0.05469779324484989,0.368505859375,16.028840112686158,-1.0477378964424133e-09,0.22015684843063354,0.00022845445240532238,-0.8886770009994507,0.3014205992221832,2717,0.5549588799476624,1376,0.9597770571708679,3,nan,0,nan,0
235,962560,17284.4,55.7,39.08,34.52,10,0.125,355,0.6535211267605634,212,136,41,26,9,0,0,99,-4.492396099395398,19.264150943396228,-0.09577803313732147,-0.005360777955502272,0.9376931190490723,-0.028743463347200304,41.21379170417786,2.1194918394088744,0.059845698066055775,0.03669459709199145,0.3021484375,19.725133991241456,-5.238689482212067e-10,0.26869380474090576,0.00022814738996929372,-0.8893856406211853,0.27256065607070923,2734,0.5560920834541321,1353,0.9238774180412292,9,nan,0,nan,0
236,966656,17358.9,55.3,39.51,34.54,10,0.125,55,0.6545454545454545,212,132,55,23,2,0,0,97,-4.469947697833778,19.29245283018868,-0.11985299736261368,-0.006177657749503851,0.9575180411338806,-0.03382183620124124,44.56263508796692,2.1161802887916563,0.06757414359599352,0.056515023545944135,0.3533203125,14.04641501903534,-1.8044374883174896e-09,0.23203504085540771,0.00022784032753326506,-0.8905183672904968,0.2810021638870239,2683,0.5992118120193481,1406,1.5547459125518799,7,nan,0,nan,0
237,970752,17434.5,54.5,40.67,34.52,10,0.125,270,0.6962962962962963,215,152,36,25,2,0,0,105,-4.405253865079797,19.10232558139535,-0.01949917897582054,-0.005837353877723217,0.9564545154571533,-0.020145507529377937,38.72833352088928,2.1115822792053223,0.06766066099517047,0.06469737572188024,0.3841796875,15.207296895980836,-1.7462298274040222e-10,0.27672433853149414,0.0002275332650972364,-0.8913547992706299,0.2819717526435852,2745,0.5487184524536133,1339,2.4294745922088623,12,nan,0,nan,0
238,974848,17509.3,55.1,39.76,34.56,10,0.125,480,0.6958333333333333,210,146,38,17,9,0,0,99,-4.409266036442535,19.514285714285716,-0.03838420286774635,-0.006695926189422607,0.9693772792816162,-0.029859717353247106,37.939775466918945,2.108197200298309,0.07024177294224501,0.05043041609314969,0.339990234375,16.025508451461793,-4.94765117764473e-10,0.3030787706375122,0.00022722620266120774,-0.8924160003662109,0.33297231793403625,2806,0.6049470901489258,1290,nan,0,nan,0,nan,0
239,978944,17584.8,54.6,40.46,34.53,10,0.125,179,0.6871508379888268,211,145,40,19,7,0,0,115,-4.447320913185209,19.327014218009477,-0.051154229789972305,-0.00610794872045517,0.9572715759277344,-0.01917733282316476,38.204361248016355,2.1043007016181945,0.07130413041450083,0.0719034906331217,0.410986328125,15.279006958007812,-8.731149137020111e-10,0.2593300938606262,0.00022691914022517908,-0.8932456374168396,0.2935914993286133,2842,0.6338614821434021,1244,0.8723556399345398,10,nan,0,nan,0
240,983040,17659.5,55.1,39.77,34.52,10,0.125,392,0.6505102040816326,213,132,47,28,6,0,0,98,-4.611718652473755,19.173708920187792,-0.11596030741930008,-0.0076513746753335,0.9562194347381592,-0.02276725500705652,45.713896775245665,2.101730966567993,0.08230367545038461,0.05383821501163766,0.356787109375,16.365052700042725,-1.280568540096283e-09,0.2446826696395874,0.00022661207778915042,-0.8938025236129761,0.32796820998191833,2643,0.6594115495681763,1437,2.0704352855682373,16,nan,0,nan,0
241,987136,17734.7,54.8,40.17,34.54,10,0.125,89,0.6966292134831461,209,138,44,22,5,0,0,104,-4.595551431839784,19.574162679425836,-0.07346728444099426,-0.006702126935124397,0.9629534482955933,-0.020667873532511295,40.011781740188596,2.098828685283661,0.074829794280231,0.047736200536019166,0.3345703125,21.544644355773926,-1.7462298274040222e-10,0.2952015995979309,0.00022630501535312176,-0.8947209119796753,0.2890770733356476,2786,0.6284887194633484,1298,1.8934615850448608,12,nan,0,nan,0
242,991232,17809.8,54.9,40.08,34.52,10,0.125,302,0.6788079470198676,213,143,41,20,9,0,0,92,-4.496271387014793,19.220657276995304,-0.0592212900519371,-0.006828487850725651,0.9603399634361267,-0.033586587884929034,39.331067132949826,2.0950711965560913,0.07436890304088592,0.06127732673485298,0.343212890625,15.28228211402893,-1.6298145055770874e-09,0.2558666467666626,0.0002259979529170931,-0.895695149898529,0.29626256227493286,2820,0.6322246193885803,1255,1.0002186298370361,21,nan,0,nan,0
243,995328,17885.1,54.7,40.3,34.55,10,0.125,6,0.16666666666666666,216,135,47,28,6,0,0,93,-4.556640330533652,19.208333333333332,-0.11203310638666153,-0.0059783440083265305,0.9574742317199707,-0.028040620195679367,42.29111695289612,2.0903930187225344,0.0676994550973177,0.05617110829043668,0.36982421875,18.238590931892396,-1.3387762010097504e-09,0.25346654653549194,0.00022569089048106444,-0.8969846963882446,0.28011709451675415,2707,0.5751436948776245,1377,1.4583858251571655,12,nan,0,nan,0
244,999424,17960.3,54.8,40.14,34.54,10,0.125,222,0.6171171171171171,216,136,46,28,6,0,0,95,-4.476215329158668,18.88425925925926,-0.09017256647348404,-0.0057774996384978294,0.9528350234031677,-0.023360344069078564,40.904590821266176,2.0850817441940306,0.06621484654024243,0.08659410951950122,0.413330078125,13.170534586906433,-1.1641532182693481e-10,0.25542545318603516,0.00022538382804503578,-0.8984490633010864,0.27830344438552856,2780,0.5400294661521912,1314,1.5958677530288696,2,nan,0,nan,0
245,1003520,18035.6,54.7,40.29,34.56,10,0.125,437,0.6453089244851259,215,145,35,30,5,0,0,102,-4.344129041525548,19.032558139534885,-0.04310105741024017,-0.006437096744775772,0.9554238319396973,-0.01442815070040524,39.72838363647461,2.078088068962097,0.07696622614748776,0.08518591851461679,0.43330078125,18.51980514526367,-2.0954757928848267e-09,0.22544366121292114,0.00022507676560900712,-0.9005025625228882,0.2828938066959381,2736,0.6074213981628418,1356,1.1644582748413086,4,nan,0,nan,0
246,1007616,18111.2,54.5,40.65,34.52,10,0.125,143,0.6083916083916084,218,129,42,39,8,0,0,91,-4.5714146364814106,18.720183486238533,-0.13131451606750488,-0.006210181396454573,0.9620938897132874,-0.014917776867514476,44.44592552185058,2.0706971764564512,0.06934026377275586,0.05148521108203567,0.349267578125,24.459685945510863,-1.4551915228366852e-09,0.20577222108840942,0.00022476970317297852,-0.9020178318023682,0.2934865355491638,2746,0.5628474950790405,1345,1.042490839958191,5,nan,0,nan,0
247,1011712,18186.3,54.9,40.1,34.52,10,0.125,351,0.6068376068376068,208,126,48,27,7,0,0,94,-4.682230057613992,19.85576923076923,-0.12310381233692169,-0.005473637953400612,0.9585905075073242,-0.026211283332668246,43.399135327339174,2.0660183429718018,0.06508789476938545,0.050415573141071944,0.350390625,15.885696244239806,-1.280568540096283e-09,0.19178307056427002,0.0002244626407369498,-0.9028354287147522,0.28289103507995605,2887,0.5600550174713135,1206,1.8213067054748535,3,nan,0,nan,0
248,1015808,18260.7,55.4,39.42,34.52,10,0.125,42,0.6428571428571429,203,127,47,21,8,0,0,89,-4.566061084314954,19.99014778325123,-0.1148383617401123,-0.006490308325737715,0.9504238367080688,-0.028006439073942603,42.202538228034975,2.063447380065918,0.07056867345236242,0.0518926044809632,0.341259765625,13.978839993476868,-6.984919309616089e-10,0.24810349941253662,0.0002241555783009212,-0.9033785462379456,0.29476481676101685,2700,0.6079918742179871,1388,1.4467346668243408,8,nan,0,nan,0
249,1019904,18335.8,54.9,40.06,34.54,10,0.125,254,0.6811023622047244,212,146,42,19,5,0,0,95,-4.627226351770235,19.367924528301888,-0.036715008318424225,-0.0068021053448319435,0.94644695520401,-0.01273122449638322,39.792192459106445,2.0608601808547973,0.07427466996014118,0.05390337529679527,0.390283203125,17.729287791252137,-7.275957614183426e-10,0.27113914489746094,0.00022384851586489249,-0.9040642976760864,0.2855812907218933,2748,0.6076289415359497,1340,1.3920338153839111,8,nan,0,nan,0
250,1024000,18411.0,54.8,40.16,34.52,10,0.125,472,0.673728813559322,218,145,32,30,11,0,0,106,-4.6259236962417924,18.876146788990827,-0.0537421777844429,-0.006232898682355881,0.9528107047080994,-0.0307659404235892,40.73340113162995,2.057392919063568,0.06831561615690589,0.037372167034482116,0.319384765625,19.24351372718811,-1.3096723705530167e-09,0.25214505195617676,0.00022354145342886388,-0.9052895903587341,0.2895250916481018,2640,0.6081038117408752,1446,2.383958101272583,10,nan,0,nan,0
251,1028096,18485.5,55.3,39.48,34.57,10,0.125,172,0.6162790697674418,212,128,44,26,14,0,0,95,-4.5419331417988555,19.2688679245283,-0.1424512267112732,-0.006703320890665054,0.9387229681015015,-0.026966807944700123,45.39263005256653,2.0517640948295592,0.0746615257114172,0.03824044852372026,0.3166015625,18.785314321517944,-1.076841726899147e-09,0.2052730917930603,0.00022323439099283517,-0.9068016409873962,0.2710963785648346,2654,0.6444280743598938,1442,nan,0,nan,0,nan,0
252,1032192,18560.9,54.6,40.41,34.54,10,0.125,383,0.6135770234986945,211,129,45,33,4,0,0,96,-4.579887457332801,19.511848341232227,-0.12396538257598877,-0.0057097249664366245,0.938481330871582,-0.015401070262305439,43.25546028614044,2.047670674324036,0.07179302708245813,0.07765899262012681,0.441748046875,12.878345394134522,-4.94765117764473e-10,0.2040148377418518,0.00022292732855680656,-0.9070611000061035,0.28209057450294495,2825,0.544523298740387,1264,1.3573654890060425,7,nan,0,nan,0
253,1036288,18636.3,54.6,40.45,34.53,10,0.125,79,0.5949367088607594,208,133,43,26,6,0,0,86,-4.681415978268132,19.557692307692307,-0.09339301288127899,-0.0075974781066179276,0.9789094924926758,-0.03631382458843291,42.171151351928714,2.0461795568466186,0.07364860237576068,0.04368383001419716,0.321435546875,14.938774132728577,-3.026798367500305e-09,0.27320367097854614,0.00022262026612077785,-0.9078580737113953,0.33897295594215393,2718,0.6424181461334229,1363,1.7910710573196411,15,nan,0,nan,0
254,1040384,18711.8,54.6,40.44,34.53,10,0.125,293,0.5802047781569966,214,123,55,31,5,0,0,90,-4.574415653782784,18.976635514018692,-0.15944162011146545,-0.006719870492815971,0.9407522082328796,-0.033931992924772204,45.23776037693024,2.0418261170387266,0.07213842878118157,0.04591821013164008,0.325927734375,15.763898038864136,-1.367880031466484e-09,0.22108477354049683,0.00022231320368474924,-0.9091082811355591,0.27191999554634094,2737,0.6040500402450562,1345,1.9364479780197144,14,nan,0,nan,0
255,1044480,18787.0,54.8,40.23,34.52,10,0.125,504,0.5734126984126984,211,119,47,38,7,0,0,79,-4.573664350177503,19.563981042654028,-0.17353038489818573,-0.0066883862018585205,0.9647361636161804,-0.03683916787849739,47.458909606933595,2.036431407928467,0.08100630370900035,0.04128010634740349,0.312353515625,17.979887390136717,-2.2118911147117615e-09,0.2246188521385193,0.00022200614124872053,-0.9106267690658569,0.2806336581707001,2756,0.6518340110778809,1332,3.2678427696228027,8,nan,0,nan,0
256,1048576,18861.4,55.4,39.39,34.57,10,0.125,199,0.542713567839196,207,113,57,29,8,0,0,82,-4.503854001938391,19.768115942028984,-0.20429939031600952,-0.0069876424968242645,0.9604011178016663,-0.03368198815733194,45.1526083946228,2.030431163311005,0.07261433098465205,0.05649649750994286,0.3671875,13.53562264442444,-1.3096723705530167e-09,0.2201433777809143,0.00022169907881269192,-0.9120528697967529,0.3037166893482208,2658,0.6268028616905212,1435,1.4267112016677856,3,nan,0,nan,0
257,1052672,18936.6,54.9,40.08,34.57,10,0.125,410,0.551219512195122,211,118,60,26,7,0,0,89,-4.518574629592596,19.526066350710902,-0.1694648265838623,-0.006568931974470615,0.9642213582992554,-0.02641591439023614,45.023445224761964,2.0244943618774416,0.07301801647990942,0.04195446711382829,0.327685546875,21.720262455940247,-9.313225746154785e-10,0.28761905431747437,0.0002213920163766632,-0.9136413931846619,0.2781248986721039,2701,0.6024448871612549,1386,2.7803072929382324,9,nan,0,nan,0
258,1056768,19011.6,54.9,40.03,34.53,10,0.125,110,0.5363636363636364,212,114,62,31,5,0,0,85,-4.558160270820261,19.37264150943396,-0.19241216778755188,-0.006783192045986652,0.9693614840507507,-0.037908985710237174,44.07918124198913,2.0183279156684875,0.07435422646813095,0.039450203455635345,0.297021484375,16.771111917495727,-8.149072527885437e-10,0.28442221879959106,0.0002210849539406346,-0.9151057004928589,0.28912752866744995,2722,0.6158962249755859,1362,2.420722246170044,12,nan,0,nan,0
259,1060864,19086.5,55.0,39.88,34.54,10,0.125,325,0.5538461538461539,215,121,60,24,10,0,0,80,-4.588710888268763,18.74418604651163,-0.17340010404586792,-0.00586913526058197,0.9469208717346191,-0.03206391581334174,46.61467065811157,2.01292427778244,0.06555352467112244,0.041885936644393953,0.3115234375,18.8301034450531,-2.0954757928848267e-09,0.22000598907470703,0.0002207778915046059,-0.9162567853927612,0.26128700375556946,2611,0.570891797542572,1477,0.7486631870269775,8,nan,0,nan,0
260,1064960,19161.3,55.1,39.75,34.54,10,0.125,25,0.6,212,133,41,31,7,0,0,89,-4.597691988758396,19.41509433962264,-0.10739127546548843,-0.0056462762877345085,0.9449021816253662,-0.030676536983810364,42.497250485420224,2.0088624000549316,0.06400583367794752,0.03833512590790633,0.3060546875,17.432100296020508,-8.149072527885437e-10,0.262806236743927,0.00022047082906857728,-0.9171855449676514,0.27917030453681946,2811,0.5788606405258179,1284,1.173700213432312,1,nan,0,nan,0
261,1069056,19236.8,54.5,40.57,34.53,10,0.125,238,0.6260504201680672,213,134,48,24,7,0,0,97,-4.667549994312272,19.333333333333332,-0.09349162131547928,-0.006139705423265696,0.954674243927002,-0.030914157931692898,43.69788243770599,2.005691349506378,0.07093188795261085,0.04111519929283532,0.327392578125,17.875683426856995,-1.949956640601158e-09,0.2632284164428711,0.00022016376663254857,-0.9179166555404663,0.2746352255344391,2827,0.618831217288971,1262,1.5987255573272705,7,nan,0,nan,0
262,1073152,19312.3,54.7,40.44,34.5,10,0.125,451,0.6541019955654102,213,146,34,27,6,0,0,101,-4.57163649625041,19.211267605633804,-0.013314658775925636,-0.004733826033771038,0.9209374189376831,-0.018872484937310217,39.60077981948852,2.001929819583893,0.05987940607592464,0.04732643605238991,0.3595703125,19.25818762779236,-1.949956640601158e-09,0.23630928993225098,0.00021985670419651996,-0.9188358783721924,0.26348015666007996,2909,0.5233978629112244,1187,nan,0,nan,0,nan,0
263,1077248,19387.8,54.6,40.48,34.53,10,0.125,162,0.6419753086419753,223,142,43,33,5,0,0,94,-4.650232892492808,18.556053811659194,-0.06336238235235214,-0.005427490919828415,0.9475858211517334,-0.014175997755955905,43.050187301635745,1.9992043197154998,0.06569621581584215,0.051499930620775555,0.380078125,17.03019063472748,-6.402842700481415e-10,0.22202450037002563,0.00021954964176049125,-0.919513463973999,0.2654644250869751,2794,0.5455610752105713,1302,nan,0,nan,0,nan,0
264,1081344,19462.6,55.1,39.75,34.57,10,0.125,373,0.6434316353887399,211,136,48,25,2,0,0,95,-4.633678826688902,19.37440758293839,-0.07508695870637894,-0.006113057024776936,0.9490347504615784,-0.028946022712625565,42.95215833187103,1.9961337864398956,0.06732109016738833,0.046690065081929785,0.33740234375,16.864412784576416,-1.367880031466484e-09,0.27793747186660767,0.00021924257932446264,-0.9202166795730591,0.2743759751319885,2699,0.576120138168335,1390,2.5165181159973145,7,nan,0,nan,0
265,1085440,19537.8,54.8,40.22,34.54,10,0.125,71,0.7323943661971831,210,142,42,20,6,0,0,104,-4.419178022453694,19.452380952380953,-0.032675765454769135,-0.005357748828828335,0.9423571825027466,-0.02476191136520356,39.143610739707945,1.9929140865802766,0.06280361134558916,0.05717877015849808,0.373779296875,19.132901906967163,-1.076841726899147e-09,0.27061349153518677,0.00021893551688843398,-0.9211084842681885,0.2688841223716736,2776,0.5545803904533386,1309,1.9257054328918457,11,nan,0,nan,0
266,1089536,19613.1,54.7,40.3,34.53,10,0.125,280,0.6607142857142857,209,133,46,22,8,0,0,88,-4.66991773534096,19.607655502392344,-0.07192002981901169,-0.005473536439239979,0.9395420551300049,-0.03089618480298668,41.14023611545563,1.9907932043075562,0.06158289476297796,0.04778140475973487,0.33603515625,16.692703628540038,-1.280568540096283e-09,0.23818105459213257,0.00021862845445240532,-0.9213039875030518,0.26614129543304443,2732,0.5449840426445007,1359,0.9169934988021851,5,nan,0,nan,0
267,1093632,19688.2,54.9,40.1,34.51,10,0.125,491,0.6456211812627292,211,132,56,14,9,0,0,98,-4.5222842070100455,19.27962085308057,-0.10598602145910263,-0.006046654656529427,0.9413127303123474,-0.030991595215164126,42.95617573261261,1.9877567291259766,0.06762462104670704,0.042092862696154046,0.313134765625,17.943771266937254,-6.984919309616089e-10,0.31798386573791504,0.00021832139201637666,-0.9228528141975403,0.26119264960289,2709,0.5630441904067993,1377,1.7920377254486084,10,nan,0,nan,0
268,1097728,19763.0,55.1,39.68,34.6,10,0.125,185,0.6216216216216216,206,129,52,14,11,0,0,99,-4.675230222023695,19.718446601941746,-0.0925091952085495,-0.006050899159163237,0.9501285552978516,-0.040726929786615074,47.25649175643921,1.9811761617660522,0.06994338668882846,0.04571830951608717,0.325537109375,14.022111010551452,-6.984919309616089e-10,0.29634422063827515,0.000218014329580348,-0.924450159072876,0.2714911997318268,2657,0.5614359974861145,1418,2.561558961868286,21,nan,0,nan,0
269,1101824,19838.1,54.9,40.1,34.57,10,0.125,397,0.6347607052896725,212,137,48,23,4,0,0,99,-4.743917421037796,19.58490566037736,-0.06804711371660233,-0.006290322169661522,0.9497940540313721,-0.024153981218114497,44.02963056564331,1.9754422843456267,0.08035409250296652,0.05237828275567154,0.34697265625,18.95754117965698,-1.0186340659856796e-09,0.2957015633583069,0.00021770726714431934,-0.9255766868591309,0.2774863839149475,2688,0.5899491310119629,1393,3.8866052627563477,15,nan,0,nan,0
270,1105920,19913.1,55.0,39.89,34.59,10,0.125,97,0.6391752577319587,212,140,43,21,8,0,0,102,-4.646254411681956,19.19811320754717,-0.04383260756731033,-0.005836005322635174,0.9492790699005127,-0.03751719780266285,40.27509732246399,1.9723118424415589,0.06415188885293902,0.04554219063866185,0.34189453125,14.648469090461731,-7.8580342233181e-10,0.293209433555603,0.00021740020470829068,-0.9263077974319458,0.25765106081962585,2717,0.573847770690918,1369,1.3172636032104492,10,nan,0,nan,0
271,1110016,19988.0,55.0,39.88,34.58,10,0.125,302,0.6026490066225165,205,120,53,30,2,0,0,81,-4.577592651944316,19.98048780487805,-0.13110366463661194,-0.006380322389304638,0.9599074721336365,-0.037120639346539974,43.65531959533691,1.9678336322307586,0.07037481763400137,0.03663718784955563,0.29248046875,15.74860713481903,-1.4842953532934189e-09,0.20385998487472534,0.00021709314227226202,-0.9278978109359741,0.2796289324760437,2642,0.6026923060417175,1448,0.8989987969398499,6,nan,0,nan,0
272,1114112,20063.2,54.9,40.1,34.55,10,0.125,507,0.5976331360946746,205,121,56,22,6,0,0,87,-4.643184879184061,19.990243902439026,-0.12808102369308472,-0.006249027792364359,0.9565664529800415,-0.0198186072986573,43.7217856168747,1.9628922045230865,0.07120412099175155,0.06537594878609525,0.420361328125,20.123177313804625,-7.8580342233181e-10,0.28512245416641235,0.00021678607983623336,-0.9281437397003174,0.2755690813064575,2664,0.5860071182250977,1419,2.3356409072875977,13,nan,0,nan,0
273,1118208,20138.5,54.8,40.21,34.58,10,0.125,206,0.5776699029126213,211,123,59,17,12,0,0,92,-4.714460391076684,19.393364928909953,-0.15395808219909668,-0.007285887375473976,0.9387387633323669,-0.03896179343573749,45.68079493045807,1.9627252221107483,0.08001097138039767,0.03396517950895941,0.287646484375,20.474432849884032,-1.4842953532934189e-09,0.28491830825805664,0.0002164790174002047,-0.928639829158783,0.2779737710952759,2608,0.6568519473075867,1485,2.0245652198791504,3,nan,0,nan,0
274,1122304,20213.4,55.1,39.77,34.56,10,0.125,417,0.6019184652278178,211,132,47,25,7,0,0,99,-4.658827673655354,19.672985781990523,-0.08823154866695404,-0.006703009828925133,0.954440176486969,-0.017560571641661228,41.21216688156128,1.9592171967029572,0.0778031493537128,0.07459590862563345,0.41103515625,22.512770533561707,-6.402842700481415e-10,0.3362807631492615,0.00021617195496417604,-0.9295305609703064,0.27316489815711975,2649,0.5967054963111877,1425,1.8129040002822876,22,nan,0,nan,0
275,1126400,20288.3,55.0,39.9,34.53,10,0.125,110,0.6363636363636364,205,129,54,15,7,0,0,94,-4.901820518458989,19.492682926829268,-0.08648182451725006,-0.007611166685819626,0.9593935012817383,-0.023918010806664825,43.30216856002808,1.9560699343681336,0.07698937156237662,0.08200363683135947,0.417431640625,16.690934348106385,-1.8917489796876907e-09,0.31300538778305054,0.00021586489252814738,-0.9303922653198242,0.3209317922592163,2733,0.6827566027641296,1342,2.04563570022583,21,nan,0,nan,0
276,1130496,20363.2,55.0,39.81,34.6,10,0.125,325,0.6369230769230769,215,137,52,17,9,0,0,95,-4.54877269574394,19.3953488372093,-0.08281063288450241,-0.006875882390886545,0.954908549785614,-0.03370989097747952,43.285331630706786,1.9531347513198853,0.07683730791322887,0.051771546866802964,0.3412109375,15.991608238220214,-1.4260876923799515e-09,0.29082489013671875,0.00021555783009211872,-0.9308243989944458,0.26646798849105835,2654,0.6193826198577881,1436,1.0749855041503906,6,nan,0,nan,0
277,1134592,20438.0,55.1,39.77,34.56,10,0.125,26,0.6538461538461539,213,137,53,15,8,0,0,101,-4.534882983055851,19.380281690140844,-0.06842029094696045,-0.006506567820906639,0.9490085244178772,-0.03845893163233995,43.051877689361575,1.9514194667339324,0.07443235069513321,0.05707457518146839,0.36875,15.365700101852417,-1.862645149230957e-09,0.2942776679992676,0.00021525076765609006,-0.9313481450080872,0.2595933973789215,2618,0.6123614311218262,1457,2.0372354984283447,21,nan,0,nan,0
278,1138688,20512.3,55.4,39.36,34.55,10,0.125,233,0.6824034334763949,207,142,43,17,5,0,0,110,-4.567248186310701,19.43961352657005,-0.023779328912496567,-0.0066863764077425,0.9465157985687256,-0.038079451257362965,40.776091647148135,1.9487632930278778,0.07584451893344521,0.05225144836149411,0.3474609375,15.63473892211914,-1.4551915228366852e-09,0.32791250944137573,0.0002149437052200614,-0.9320822954177856,0.2729828357696533,2654,0.6159321069717407,1428,2.0426018238067627,14,nan,0,nan,0
279,1142784,20587.4,54.9,40.03,34.56,10,0.125,442,0.6606334841628959,209,133,52,14,10,0,0,91,-4.528725290705335,19.789473684210527,-0.07543869316577911,-0.005436448380351067,0.9397993087768555,-0.03601034518796951,42.416540193557736,1.945880925655365,0.06392602864652872,0.04107471937895753,0.302587890625,19.817935585975647,-1.6880221664905548e-09,0.2848407030105591,0.00021463664278403274,-0.9328551292419434,0.27213191986083984,2679,0.5449211597442627,1408,1.845133900642395,9,nan,0,nan,0
280,1146880,20661.9,55.3,39.5,34.56,10,0.125,140,0.6142857142857143,210,134,53,17,6,0,0,91,-4.632054282768767,19.266666666666666,-0.06382718682289124,-0.005705296527594328,0.9529078602790833,-0.03873190777376294,41.08905231952667,1.9438386023044587,0.08022322375327348,0.04213226033607498,0.313818359375,17.450854587554932,1.1641532182693481e-09,0.2824258804321289,0.00021432958034800408,-0.9331991076469421,0.2648486793041229,2686,0.555472195148468,1392,3.833089590072632,18,nan,0,nan,0
281,1150976,20737.3,54.7,40.29,34.55,10,0.125,354,0.5988700564971752,214,126,55,28,5,0,0,87,-4.63644990848327,19.294392523364486,-0.12390901148319244,-0.005710666533559561,0.9505409598350525,-0.03797684744931758,43.166544270515445,1.9409123182296752,0.06532868281938135,0.03422902621096,0.2890625,19.914405393600465,-1.979060471057892e-09,0.2851940393447876,0.00021402251791197542,-0.934442400932312,0.27544188499450684,2624,0.5742783546447754,1457,1.0238500833511353,15,nan,0,nan,0
282,1155072,20812.8,54.6,40.5,34.57,10,0.125,54,0.5925925925925926,212,133,42,25,12,0,0,93,-4.499897411554806,19.349056603773583,-0.058492958545684814,-0.006064345594495535,0.9402677416801453,-0.03195476110558957,39.77750678062439,1.9344399094581604,0.06831918465904892,0.050842536064737945,0.311767578125,20.628941893577576,-1.775333657860756e-09,0.3348490595817566,0.00021371545547594676,-0.9363312125205994,0.28111031651496887,2670,0.5780816078186035,1402,1.5450941324234009,24,nan,0,nan,0
283,1159168,20888.0,54.8,40.14,34.54,10,0.125,264,0.6590909090909091,210,142,46,14,8,0,0,98,-4.648507602169393,19.485714285714284,-0.02353387139737606,-0.00774580892175436,0.951878547668457,-0.021752480184659362,39.76126499176026,1.92720827460289,0.08676937273703515,0.07248084958118853,0.3755859375,16.43609278202057,-1.3387762010097504e-09,0.37274640798568726,0.0002134083930399181,-0.9378796219825745,0.27994856238365173,2595,0.6474277377128601,1482,3.276923179626465,19,nan,0,nan,0
284,1163264,20963.2,54.8,40.22,34.53,10,0.125,480,0.6875,216,156,32,21,7,0,0,105,-4.5474245645480424,18.75925925925926,0.031850337982177734,-0.006283036433160305,0.9528350234031677,-0.02792989441077225,40.815361285209654,1.922784721851349,0.07323673446662723,0.04519327651214553,0.330615234375,18.750681972503664,-3.7834979593753815e-10,0.2885095477104187,0.00021310133060388944,-0.9386259913444519,0.26225587725639343,2696,0.575768232345581,1374,2.319362163543701,26,nan,0,nan,0
285,1167360,21038.2,54.9,40.0,34.58,10,0.125,179,0.6145251396648045,211,127,49,30,5,0,0,93,-4.680322562991019,19.52132701421801,-0.09448586404323578,-0.00620692316442728,0.953667938709259,-0.03151343925856054,42.4948068857193,1.9199061453342439,0.0688804448582232,0.04129441574914381,0.327001953125,20.631890535354614,-4.656612873077393e-10,0.22322756052017212,0.0002127942681678608,-0.9392873048782349,0.27110883593559265,2757,0.5992403626441956,1328,1.6450340747833252,11,nan,0,nan,0
286,1171456,21113.1,55.0,39.86,34.56,10,0.125,389,0.6169665809768637,210,130,39,32,9,0,0,93,-4.444010452327087,19.452380952380953,-0.07490421831607819,-0.005931052379310131,0.9485331773757935,-0.03865411712322384,40.15856075286865,1.916298520565033,0.06489168801344931,0.05508974297117675,0.34169921875,16.016658473014832,-2.1245796233415604e-09,0.25653260946273804,0.00021248720573183212,-0.9403749108314514,0.27813148498535156,2841,0.5819194316864014,1250,2.542818069458008,5,nan,0,nan,0
287,1175552,21188.7,54.5,40.55,34.62,10,0.125,90,0.6666666666666666,213,137,44,26,6,0,0,97,-4.603452519711567,19.413145539906104,-0.042435288429260254,-0.005937598645687103,0.9500386118888855,-0.02767357632983476,40.51385657787323,1.9121651530265809,0.06700290259905159,0.06453971438313602,0.3908203125,15.5976247549057,-1.076841726899147e-09,0.25445425510406494,0.0002121801432958035,-0.9412970542907715,0.28044411540031433,2746,0.5652919411659241,1334,1.6265482902526855,16,nan,0,nan,0
288,1179648,21263.9,54.8,40.22,34.54,10,0.125,309,0.6666666666666666,219,146,37,23,13,0,0,107,-4.619372699835544,18.863013698630137,-0.013217655941843987,-0.006178922485560179,0.9595047831535339,-0.01885452786227688,38.98336992263794,1.9095431447029114,0.06802280615083874,0.07098520346917211,0.40791015625,16.78155312538147,-1.1641532182693481e-09,0.2801082730293274,0.0002118730808597748,-0.9416825175285339,0.305298775434494,2796,0.5788689255714417,1298,1.238676905632019,2,nan,0,nan,0
289,1183744,21339.3,54.8,40.25,34.54,10,0.125,9,0.7777777777777778,212,145,36,23,8,0,0,107,-4.596688630706676,19.16509433962264,0.002053461968898773,-0.006004005204886198,0.9515963196754456,-0.027140159986447542,38.87434833049774,1.9086362361907958,0.06699926806613803,0.057740203868888784,0.3873046875,19.108112335205078,-1.7171259969472885e-09,0.24451690912246704,0.00021156601842374617,-0.9418337345123291,0.2882772982120514,2828,0.5942956209182739,1263,1.819801688194275,5,nan,0,nan,0
290,1187840,21414.2,55.0,39.93,34.54,10,0.125,221,0.5882352941176471,212,123,35,50,4,0,0,90,-4.659889961027751,19.150943396226417,-0.11976810544729233,-0.006611873395740986,0.9461895227432251,-0.03302101790904999,44.45679256916046,1.9071993827819824,0.07625125041231513,0.025323618820402773,0.261474609375,23.176172971725464,-1.280568540096283e-09,0.19342070817947388,0.00021125895598771748,-0.9426462650299072,0.31304892897605896,2731,0.5970358848571777,1362,1.4531370401382446,3,nan,0,nan,0
291,1191936,21489.5,54.7,40.23,34.61,10,0.125,432,0.6111111111111112,211,134,40,31,6,0,0,101,-4.481244720442865,19.33649289099526,-0.06521742045879364,-0.006990229710936546,0.9482625722885132,-0.03665777377318591,41.19497203826904,1.9017659664154052,0.08718655295670033,0.045036669328692366,0.329052734375,18.91204113960266,-8.440110832452774e-10,0.2900086045265198,0.00021095189355168885,-0.9445364475250244,0.2817689776420593,2689,0.6509108543395996,1402,4.112685203552246,5,nan,0,nan,0
292,1196032,21564.8,54.7,40.34,34.56,10,0.125,138,0.6666666666666666,218,141,32,38,7,0,0,99,-4.598175261495212,19.13302752293578,-0.025771571323275566,-0.0065350523218512535,0.9476534128189087,-0.03210734521271661,42.067607927322385,1.8949186146259307,0.07360660182312131,0.041109187915571964,0.316552734375,21.33109827041626,-2.3283064365386963e-09,0.2167951464653015,0.00021064483111566014,-0.9456892609596252,0.29347357153892517,2774,0.6363816857337952,1308,1.6039105653762817,14,nan,0,nan,0
293,1200128,21640.8,54.2,40.99,34.53,10,0.125,355,0.6647887323943662,217,144,26,42,5,0,0,110,-4.440346561118067,18.57603686635945,-0.019710062071681023,-0.005960565991699696,0.9468935132026672,-0.029112068889662623,39.277861666679385,1.8921671569347382,0.06829367917962373,0.0600593106020824,0.370361328125,15.712850189208984,-9.022187441587448e-10,0.2287839651107788,0.00021033776867963153,-0.9459912776947021,0.271578848361969,2779,0.5577717423439026,1307,2.2841663360595703,10,nan,0,nan,0
294,1204224,21716.7,54.3,40.93,34.54,10,0.125,63,0.6349206349206349,220,133,32,48,7,0,0,87,-4.512843388596009,18.79090909090909,-0.08980929851531982,-0.006221533752977848,0.9569143652915955,-0.025399124808609487,40.415938425064084,1.8898980081081391,0.06914105741307139,0.06015604623244144,0.340478515625,18.510794115066528,-1.6880221664905548e-09,0.25825464725494385,0.00021003070624360282,-0.9470720291137695,0.30574655532836914,2809,0.5802760124206543,1284,1.5044279098510742,3,nan,0,nan,0
295,1208320,21792.6,54.3,40.88,34.56,10,0.125,282,0.6063829787234043,219,131,39,39,10,0,0,95,-4.488407146776877,18.534246575342465,-0.09670276194810867,-0.006432468071579933,0.9561516642570496,-0.03318281818646938,42.047238850593565,1.8858890414237977,0.07314967671409249,0.040230315146618525,0.312060546875,18.393670654296876,-1.979060471057892e-09,0.23633253574371338,0.0002097236438075742,-0.947728157043457,0.2840951383113861,2727,0.5940824151039124,1365,0.7615002393722534,4,nan,0,nan,0
296,1212416,21868.7,54.2,41.04,34.54,10,0.125,503,0.610337972166998,221,136,34,39,12,0,0,89,-4.403429211405462,18.755656108597286,-0.06787730753421783,-0.006087557412683964,0.9556128978729248,-0.030090038338676094,40.94665176868439,1.883850783109665,0.06802061423659325,0.06022094015352195,0.386328125,19.902179479599,-2.5902409106492996e-09,0.2243930697441101,0.0002094165813715455,-0.9481500387191772,0.28778374195098877,2678,0.5561290979385376,1415,2.2038795948028564,3,nan,0,nan,0
297,1216512,21944.0,54.8,40.19,34.6,10,0.125,207,0.642512077294686,216,140,40,32,4,0,0,101,-4.473444884582236,18.921296296296298,-0.04386177659034729,-0.007110471837222576,0.9569587707519531,-0.04065149430534802,38.726335120201114,1.8813825130462647,0.07642654129303991,0.05930224729672773,0.33583984375,14.405631184577942,-1.7171259969472885e-09,0.26049911975860596,0.0002091095189355169,-0.9493699669837952,0.3030725419521332,2632,0.6325019001960754,1457,1.606351613998413,7,nan,0,nan,0
298,1220608,22019.5,54.6,40.48,34.57,10,0.125,430,0.6651162790697674,223,153,29,34,7,0,0,112,-4.425931225431362,18.367713004484305,0.008662499487400055,-0.006197941489517689,0.9411308765411377,-0.03336791715119034,39.01487588882446,1.8748311281204224,0.06660217493772506,0.03726782241865294,0.325927734375,20.46415319442749,-2.444721758365631e-09,0.26418358087539673,0.00020880245649948818,-0.9510619044303894,0.26682209968566895,2579,0.5762662887573242,1506,1.22908353805542,11,nan,0,nan,0
299,1224704,22094.9,54.6,40.47,34.54,10,0.125,131,0.6641221374045801,213,135,34,34,10,0,0,99,-4.57369027722485,18.826291079812208,-0.05665956065058708,-0.006019197404384613,0.9417975544929504,-0.03056733598932624,38.835136198997496,1.8702306747436523,0.0658981388900429,0.055716216631117275,0.377001953125,15.903496956825256,-2.270098775625229e-09,0.244090735912323,0.00020849539406345957,-0.9516793489456177,0.27915722131729126,2740,0.588725209236145,1356,nan,0,nan,0,nan,0
300,1228800,22171.4,54.1,41.19,34.58,10,0.125,354,0.652542372881356,223,144,31,40,8,0,0,93,-4.598092715890903,18.878923766816143,-0.018128808587789536,-0.005376767832785845,0.9431964755058289,-0.030860046087764204,40.64547426700592,1.8684796154499055,0.061351617239415644,0.07135681517829653,0.421142578125,14.285565948486328,-2.153683453798294e-09,0.1705595850944519,0.00020818833162743086,-0.9519082307815552,0.3007991909980774,2834,0.5594416260719299,1255,0.9537103772163391,7,nan,0,nan,0
301,1232896,22246.8,54.7,40.41,34.53,10,0.125,60,0.65,218,141,41,30,6,0,0,115,-4.495810559387064,18.761467889908257,-0.037690382450819016,-0.006694118492305279,0.9502320885658264,-0.027397131419274957,41.18987157344818,1.8650445520877839,0.07321033901534975,0.08741846869379515,0.4103515625,16.79141080379486,-1.1350493878126144e-09,0.2222093939781189,0.00020788126919140225,-0.9538878202438354,0.269790381193161,2615,0.6341280937194824,1472,0.772742509841919,9,nan,0,nan,0
302,1236992,22322.3,54.6,40.43,34.57,10,0.125,272,0.6470588235294118,212,137,39,25,11,0,0,100,-4.358172121739714,19.183962264150942,-0.03529670089483261,-0.006525808479636908,0.9618949294090271,-0.023224809067323805,40.48801193237305,1.856888622045517,0.07888608663342893,0.09347911182412645,0.433935546875,16.895075607299805,-2.6193447411060333e-10,0.2547444701194763,0.00020757420675537354,-0.955353856086731,0.3079961836338043,2704,0.5991038084030151,1382,3.949657917022705,10,nan,0,nan,0
303,1241088,22397.4,54.9,40.1,34.58,10,0.125,487,0.6427104722792608,215,137,39,27,12,0,0,102,-4.642276519727218,19.04186046511628,-0.027719944715499878,-0.005919560790061951,0.9580005407333374,-0.029536673845723272,40.21696407794953,1.852431446313858,0.07148772464133799,0.07880260761303362,0.402734375,14.82710907459259,-1.280568540096283e-09,0.2362508773803711,0.00020726714431934493,-0.9562838673591614,0.2874545753002167,2670,0.5718960762023926,1416,0.5965935587882996,10,nan,0,nan,0
304,1245184,22472.9,54.6,40.47,34.53,10,0.125,189,0.6825396825396826,214,148,36,23,7,0,0,109,-4.487620311605429,19.088785046728972,0.0185867827385664,-0.006374357268214226,0.9598145484924316,-0.026974527351558208,39.997382926940915,1.8497523248195649,0.06221815650351346,0.09677094711951213,0.447119140625,13.55127685070038,-2.1827872842550278e-09,0.20913589000701904,0.00020696008188331627,-0.956588089466095,0.35475561022758484,2746,0.6085137724876404,1346,1.0461934804916382,4,nan,0,nan,0
305,1249280,22547.9,54.9,40.0,34.6,10,0.125,404,0.650990099009901,215,134,41,33,7,0,0,106,-4.509225184397274,19.04186046511628,-0.04822821170091629,-0.005784801207482815,0.9554238319396973,-0.017824246385134756,42.21055030822754,1.849075162410736,0.06416442543268204,0.07848774955782574,0.402197265625,19.33443965911865,-1.9208528101444244e-09,0.20036500692367554,0.0002066530194472876,-0.9567084312438965,0.2928468883037567,2801,0.5652424097061157,1292,1.3437581062316895,3,nan,0,nan,0
306,1253376,22623.3,54.7,40.34,34.57,10,0.125,100,0.65,208,140,40,22,6,0,0,104,-4.5986624766366395,19.85096153846154,-0.0006401631981134415,-0.005243553314357996,0.9488168954849243,-0.0399969155783765,37.49398877620697,1.8481922626495362,0.06024229917675257,0.05203201521508163,0.343408203125,17.406655144691467,-9.604264050722122e-10,0.29078400135040283,0.00020634595701125895,-0.957225501537323,0.2830614149570465,2751,0.522885262966156,1341,0.6405884027481079,4,nan,0,nan,0
307,1257472,22698.5,54.8,40.17,34.55,10,0.125,316,0.629746835443038,216,134,46,24,12,0,0,102,-4.453274628055223,18.85648148148148,-0.07498196512460709,-0.006183856166899204,0.9481958746910095,-0.033568985544843596,43.00191888809204,1.8445152580738067,0.07085578804835677,0.04956659848976415,0.3435546875,19.047887086868286,-1.6298145055770874e-09,0.263383150100708,0.0002060388945752303,-0.9584689140319824,0.26948612928390503,2668,0.5541859865188599,1422,3.800832986831665,6,nan,0,nan,0
308,1261568,22773.5,54.9,40.0,34.55,10,0.125,18,0.6666666666666666,214,150,27,31,6,0,0,108,-4.479646863788917,19.065420560747665,0.029764778912067413,-0.005537425633519888,0.951056182384491,-0.02689330552238971,36.46691422462463,1.8402670919895172,0.06378449872136116,0.05743930327880662,0.389208984375,22.6201429605484,-5.238689482212067e-10,0.2647515535354614,0.00020573183213920163,-0.959276556968689,0.2695859670639038,2871,0.5658508539199829,1225,nan,0,nan,0,nan,0
309,1265664,22849.2,54.5,40.61,34.57,10,0.125,231,0.6536796536796536,213,139,37,30,7,0,0,110,-4.512986781268477,19.469483568075116,-0.02261938899755478,-0.00625142827630043,0.9554468393325806,-0.03423542017117143,39.23724126815796,1.8368986070156097,0.07555312011390924,0.06007766178663587,0.3625,20.067604970932006,-4.94765117764473e-10,0.3072320818901062,0.00020542476970317297,-0.9600754380226135,0.28860560059547424,2775,0.6120370030403137,1319,3.1195805072784424,2,nan,0,nan,0
310,1269760,22924.2,54.9,40.05,34.54,10,0.125,443,0.6613995485327314,212,142,31,31,8,0,0,103,-4.433666279314005,19.339622641509433,-0.010092373937368393,-0.006558191031217575,0.9474768042564392,-0.03677150680450723,41.61585080623627,1.8327720284461975,0.07074828445911407,0.05694616921391571,0.35185546875,18.621792364120484,-2.7066562324762344e-09,0.17375099658966064,0.00020511770726714431,-0.961514413356781,0.29179155826568604,2674,0.5945076942443848,1409,2.2592403888702393,13,nan,0,nan,0
311,1273856,22999.5,54.7,40.3,34.54,10,0.125,142,0.6830985915492958,211,142,31,34,4,0,0,113,-4.559796996154668,19.42654028436019,-0.0006276946514844894,-0.005505488254129887,0.9480051398277283,-0.02913015577942133,38.21526591777801,1.827085757255554,0.06276856474578381,0.06728191486035939,0.38310546875,15.886196517944336,-4.0745362639427185e-10,0.25599610805511475,0.00020481064483111565,-0.9626802206039429,0.2818458080291748,2782,0.5586823225021362,1299,1.0814183950424194,15,nan,0,nan,0
312,1277952,23074.7,54.8,40.2,34.57,10,0.125,356,0.6910112359550562,214,149,31,31,3,0,0,109,-4.390598599919946,18.901869158878505,0.028723765164613724,-0.006355132907629013,0.9657393097877502,-0.031093330355361104,37.10402874946594,1.8240071654319763,0.0692684889305383,0.06401708199846326,0.3833984375,15.699121713638306,-1.5425030142068863e-09,0.22862523794174194,0.000204503582395087,-0.9632330536842346,0.31721407175064087,2742,0.5649548172950745,1350,3.4546709060668945,4,nan,0,nan,0
313,1282048,23151.0,54.1,41.17,34.58,10,0.125,64,0.671875,220,144,38,29,9,0,0,115,-4.442461699397285,18.881818181818183,-0.022367265075445175,-0.005149694159626961,0.9453044533729553,-0.03918818240053952,39.62503824234009,1.8208568215370178,0.060916113760322334,0.04242909892636817,0.31025390625,22.351559782028197,-1.9208528101444244e-09,0.30273932218551636,0.00020419651995905833,-0.9643304347991943,0.2735586166381836,2852,0.5279785990715027,1236,2.9806761741638184,8,nan,0,nan,0
314,1286144,23226.8,54.3,40.81,34.55,10,0.125,277,0.6823104693140795,213,146,38,22,7,0,0,105,-4.29725279901311,18.87323943661972,0.0048718880861997604,-0.0055451164953410625,0.945918083190918,-0.038562753249425444,37.82620809078217,1.8162660360336305,0.06200169706717133,0.06579386588855414,0.389697265625,16.206843614578247,-2.7066562324762344e-09,0.2760283946990967,0.00020388945752302967,-0.9653812646865845,0.2663594186306,2681,0.5669297575950623,1411,1.3282113075256348,4,nan,0,nan,0
315,1290240,23302.1,54.7,40.27,34.55,10,0.125,491,0.6863543788187373,214,148,38,21,7,0,0,110,-4.364542829905303,19.27102803738318,0.029301485046744347,-0.005561402067542076,0.9487377405166626,-0.028749029338359832,37.90195918083191,1.810880309343338,0.06473893881775439,0.06570995479705743,0.3814453125,17.575442218780516,-1.1641532182693481e-09,0.2654222846031189,0.00020358239508700101,-0.9672373533248901,0.24986669421195984,2749,0.5398346781730652,1342,3.3700289726257324,5,nan,0,nan,0
316,1294336,23377.4,54.7,40.3,34.57,10,0.125,192,0.6510416666666666,213,140,42,27,4,0,0,100,-4.471930079823823,19.178403755868544,-0.006356090307235718,-0.005336773581802845,0.9562194347381592,-0.045095271908212456,39.721225786209104,1.8039522469043732,0.06094521344639361,0.050399950549763164,0.346826171875,16.880929040908814,-1.4260876923799515e-09,0.2306743860244751,0.00020327533265097235,-0.9685801267623901,0.2815868556499481,2665,0.49981287121772766,1425,1.3874472379684448,6,nan,0,nan,0
317,1298432,23452.4,55.0,39.95,34.59,10,0.125,405,0.674074074074074,213,148,35,23,7,0,0,109,-4.536198129029898,19.23474178403756,0.022959699854254723,-0.005514506250619888,0.9526139497756958,-0.03419124798383564,36.571820402145384,1.7989483177661896,0.06381876184605062,0.055032405487145296,0.36396484375,18.44650454521179,-1.2223608791828156e-09,0.2949049472808838,0.0002029682702149437,-0.969840407371521,0.26910239458084106,2744,0.5413264036178589,1346,1.540313720703125,6,nan,0,nan,0
318,1302528,23528.3,54.3,40.83,34.59,10,0.125,103,0.7766990291262136,210,163,29,13,5,0,0,131,-4.422919703725025,19.32857142857143,0.12105487287044525,-0.005399600602686405,0.9477611780166626,-0.018602464068681,30.724098944664,1.7937111854553223,0.06304062334820629,0.06784666980965995,0.393701171875,20.900269198417664,-3.4924596548080444e-09,0.2934863567352295,0.00020266120777891503,-0.9712584018707275,0.28839877247810364,2818,0.5399585366249084,1273,1.5644174814224243,5,nan,0,nan,0
319,1306624,23604.1,54.4,40.8,34.54,10,0.125,321,0.7445482866043613,218,159,38,18,3,0,0,125,-4.545588236539783,19.18807339449541,0.08027298748493195,-0.005543446633964777,0.9440433382987976,-0.030083011882379652,36.864114332199094,1.7891626536846161,0.06364116710610687,0.04767275262856856,0.37578125,23.636703205108642,-1.6298145055770874e-09,0.27121347188949585,0.00020235414534288637,-0.9719337821006775,0.2743934392929077,2611,0.5345720648765564,1473,1.849825382232666,12,nan,0,nan,0
320,1310720,23679.9,54.4,40.8,34.54,10,0.125,24,0.5833333333333334,215,147,39,18,11,0,0,117,-4.404919010041108,18.911627906976744,0.028543710708618164,-0.006167535670101643,0.9474362134933472,-0.03743625059723854,39.50234913825989,1.7856016874313354,0.06867824494838715,0.04888441095972666,0.3375,17.875675106048583,-1.8917489796876907e-09,0.2901235818862915,0.00020204708290685772,-0.9734646081924438,0.26717036962509155,2695,0.5604000687599182,1398,2.6068220138549805,3,nan,0,nan,0
321,1314816,23755.2,54.8,40.22,34.58,10,0.125,241,0.7510373443983402,217,167,30,15,5,0,0,131,-4.4334347734510775,18.995391705069125,0.13248494267463684,-0.005069742910563946,0.9543696641921997,-0.03698148527182639,33.024665808677675,1.7789685428142548,0.05814650910906494,0.04035856466507539,0.304638671875,17.697513461112976,-2.2118911147117615e-09,0.295582115650177,0.00020174002047082906,-0.9748666882514954,0.2548542618751526,2694,0.49217933416366577,1388,0.7832627296447754,14,nan,0,nan,0
322,1318912,23830.9,54.4,40.64,34.61,10,0.125,455,0.7538461538461538,214,162,28,21,3,0,0,124,-4.535340735743705,18.934579439252335,0.11896693706512451,-0.005267658736556768,0.954662561416626,-0.033585964841768144,33.70722186565399,1.7738068103790283,0.06096335798501969,0.05927019466762431,0.3640625,19.328707885742187,-8.149072527885437e-10,0.23968607187271118,0.0002014329580348004,-0.9761397838592529,0.2665823698043823,2681,0.5242324471473694,1414,1.0103813409805298,1,nan,0,nan,0
323,1323008,23906.3,54.6,40.39,34.57,10,0.125,165,0.7575757575757576,222,169,30,11,12,0,0,140,-4.526530625055591,18.495495495495497,0.12715759873390198,-0.006027689203619957,0.9514713287353516,-0.0370927261072211,34.7389298915863,1.7677185356616973,0.06813342915847898,0.055708629595756065,0.357177734375,17.03151559829712,-1.3096723705530167e-09,0.25044137239456177,0.00020112589559877174,-0.9777168035507202,0.27677682042121887,2685,0.5487170219421387,1397,1.3158549070358276,14,nan,0,nan,0
324,1327104,23981.5,54.8,40.13,34.56,10,0.125,381,0.7401574803149606,216,157,35,20,4,0,0,113,-4.445044479792273,19.046296296296298,0.083755262196064,-0.006062873639166355,0.946391761302948,-0.025520609971135855,37.236360740661624,1.7627048730850219,0.07318967189639806,0.05716649056703318,0.363818359375,17.43052022457123,-2.5029294192790985e-09,0.29416054487228394,0.0002008188331627431,-0.9788419008255005,0.25137263536453247,2640,0.5986011028289795,1443,1.0484278202056885,13,nan,0,nan,0
325,1331200,24056.8,54.8,40.18,34.58,10,0.125,81,0.7407407407407407,212,159,27,23,3,0,0,122,-4.4263396368491135,19.20754716981132,0.11689971387386322,-0.00556260347366333,0.9518537521362305,-0.03370061786845326,34.418308639526366,1.7576108813285827,0.06093138372525573,0.06286267458926886,0.36826171875,17.740241622924806,-2.2118911147117615e-09,0.19099265336990356,0.00020051177072671442,-0.9802336692810059,0.27470916509628296,2717,0.5389571189880371,1370,1.4916714429855347,9,nan,0,nan,0
326,1335296,24132.3,54.6,40.51,34.56,10,0.125,298,0.7348993288590604,217,159,28,23,7,0,0,119,-4.53422124194333,18.963133640552996,0.10375992953777313,-0.005959018133580685,0.944831132888794,-0.03783038796391338,35.18770467042923,1.7517842948436737,0.06432447303086519,0.049592127071809954,0.327734375,14.356885623931884,-1.7462298274040222e-09,0.275923490524292,0.00020020470829068578,-0.9819361567497253,0.27997487783432007,2754,0.5323231220245361,1330,2.919248342514038,12,nan,0,nan,0
327,1339392,24207.4,54.8,40.09,34.59,10,0.125,508,0.7086614173228346,210,141,37,23,9,0,0,108,-4.279246248136534,19.48095238095238,0.019152771681547165,-0.006040614563971758,0.9632012248039246,-0.033876571751898156,37.991879391670224,1.7446704268455506,0.06682458841241896,0.052764095287420786,0.35966796875,16.864292478561403,-9.313225746154785e-10,0.2970462441444397,0.0001998976458546571,-0.9834970235824585,0.28303417563438416,2648,0.571206271648407,1435,1.1927399635314941,13,nan,0,nan,0
328,1343488,24282.2,55.1,39.76,34.57,10,0.125,202,0.7376237623762376,206,151,34,17,4,0,0,121,-4.529760855500733,19.893203883495147,0.08635972440242767,-0.005233371630311012,0.9416452646255493,-0.0341982610989362,36.246073639392854,1.7385130822658539,0.05912546678446233,0.06388169633719372,0.379248046875,16.348523902893067,-1.7171259969472885e-09,0.27431249618530273,0.00019959058341862846,-0.9852379560470581,0.26702237129211426,2676,0.5149176716804504,1417,0.37617459893226624,3,nan,0,nan,0
329,1347584,24357.4,54.8,40.14,34.59,10,0.125,411,0.7128953771289538,209,144,34,19,12,0,0,113,-4.454617871704649,19.483253588516746,0.03390001505613327,-0.005539850331842899,0.9477746486663818,-0.03531355722807348,41.14413056373596,1.7324806809425355,0.06173889338970184,0.057300001026305836,0.34970703125,18.669245290756226,-2.066371962428093e-09,0.2676194906234741,0.00019928352098259978,-0.9863384962081909,0.2740096151828766,2737,0.5511299967765808,1351,1.772322177886963,8,nan,0,nan,0
330,1351680,24433.2,54.4,40.71,34.57,10,0.125,113,0.7433628318584071,214,158,28,21,7,0,0,116,-4.5055422259331355,19.186915887850468,0.10410554707050323,-0.005387484095990658,0.9335393905639648,-0.024108562851324677,35.58119857311249,1.7291226625442504,0.06427795477211476,0.07386631823756033,0.414013671875,15.650955295562744,-1.1350493878126144e-09,0.24134719371795654,0.00019897645854657114,-0.9869887828826904,0.27017152309417725,2817,0.5374861359596252,1276,0.7460433840751648,3,nan,0,nan,0
331,1355776,24508.9,54.5,40.64,34.58,10,0.125,325,0.7415384615384616,212,157,32,16,7,0,0,133,-4.501172363718973,19.297169811320753,0.1112627238035202,-0.00501826498657465,0.9346035122871399,-0.026726497104391456,34.04184494018555,1.7276525676250458,0.059732132311910394,0.057449871562130286,0.391162109375,16.058060741424562,-2.0081643015146255e-09,0.2491639256477356,0.00019866939611054246,-0.9871847629547119,0.262081116437912,2756,0.5080752968788147,1338,0.5169548392295837,2,nan,0,nan,0
332,1359872,24584.6,54.4,40.71,34.54,10,0.125,29,0.8275862068965517,216,160,32,17,7,0,0,127,-4.351647014277939,19.00462962962963,0.10615649074316025,-0.005525840446352959,0.942783534526825,-0.01428682750556618,35.27018876075745,1.7249862551689148,0.06400997471064329,0.08254183185199508,0.43583984375,15.985491299629212,-9.022187441587448e-10,0.28860342502593994,0.00019836233367451382,-0.9881882667541504,0.27810946106910706,2582,0.518310010433197,1497,0.9800264835357666,17,nan,0,nan,0
333,1363968,24660.1,54.6,40.47,34.61,10,0.125,244,0.7663934426229508,215,163,32,15,5,0,0,130,-4.56402449653045,18.795348837209303,0.12731532752513885,-0.0054609086364507675,0.9466632604598999,-0.03933012580964714,36.039160025119784,1.7200011312961578,0.06075410377234221,0.07315787179250037,0.4154296875,16.08270082473755,-9.604264050722122e-10,0.2735207676887512,0.00019805527123848514,-0.9896185994148254,0.2814588248729706,2715,0.5186026096343994,1377,1.2691553831100464,4,nan,0,nan,0
334,1368064,24735.2,54.9,40.05,34.58,10,0.125,457,0.7549234135667396,213,158,32,18,5,0,0,115,-4.54797457789418,19.469483568075116,0.11334794014692307,-0.005953154992312193,0.9518413543701172,-0.03161827854346484,36.44012291431427,1.714605689048767,0.06759389652870595,0.050221530355338474,0.336474609375,18.363410997390748,-1.4842953532934189e-09,0.20691019296646118,0.0001977482088024565,-0.9909520745277405,0.27524101734161377,2619,0.556199312210083,1472,0.8612877726554871,5,nan,0,nan,0
335,1372160,24811.6,53.9,41.36,34.57,10,0.125,156,0.75,211,152,42,11,6,0,0,120,-4.489221458548696,19.511848341232227,0.06779555976390839,-0.00669342465698719,0.9456885457038879,-0.02765448649879545,41.08835763931275,1.7099751591682435,0.07942735459655523,0.07450251451227814,0.386962890625,20.701889848709108,-1.3969838619232178e-09,0.29461485147476196,0.00019744114636642782,-0.9917967915534973,0.27157583832740784,2739,0.6330621838569641,1355,0.9905489683151245,2,nan,0,nan,0
336,1376256,24886.8,54.8,40.14,34.57,10,0.125,371,0.7035040431266847,215,144,41,18,12,0,0,122,-4.691467176045557,19.12093023255814,0.033553700894117355,-0.005897488445043564,0.9585158228874207,-0.03642593731638044,39.2970427274704,1.7061571776866913,0.06591151286847889,0.044684852207137735,0.321630859375,18.410482168197632,-3.2014213502407074e-10,0.2907003164291382,0.00019713408393039918,-0.9932398796081543,0.28043267130851746,2686,0.5572320222854614,1402,2.2820069789886475,8,nan,0,nan,0
337,1380352,24962.3,54.6,40.46,34.59,10,0.125,69,0.7391304347826086,210,159,28,16,7,0,0,118,-4.607818510684938,19.28095238095238,0.12467073649168015,-0.006126990541815758,0.9459598660469055,-0.030879097653087228,32.67229268550873,1.700467735528946,0.07424079566262662,0.07019098309392575,0.369189453125,18.853929924964905,-1.3969838619232178e-09,0.28481966257095337,0.0001968270214943705,-0.994362473487854,0.26481083035469055,2721,0.5780842900276184,1354,1.991322636604309,21,nan,0,nan,0
338,1384448,25037.7,54.7,40.31,34.59,10,0.125,289,0.7301038062283737,220,160,26,24,10,0,0,126,-4.4673231512588965,18.695454545454545,0.10607248544692993,-0.005701546557247639,0.9664602875709534,-0.007113478414248675,35.38016946315766,1.6965513169765472,0.06388076436705888,0.09047113655979047,0.448193359375,18.76974844932556,-2.5320332497358322e-09,0.24568402767181396,0.00019651995905834186,-0.9950631260871887,0.32701611518859863,2677,0.5437701940536499,1418,1.7777754068374634,1,nan,0,nan,0
339,1388544,25113.5,54.4,40.79,34.56,10,0.125,0,,223,161,31,24,7,0,0,119,-4.528141285398036,18.457399103139014,0.10521603375673294,-0.005747079383581877,0.9499096274375916,-0.028060937626287343,36.38502266407013,1.6929827392101289,0.06467055808752775,0.0915101602266077,0.40830078125,19.720330572128297,-8.149072527885437e-10,0.2559242248535156,0.00019621289662231318,-0.996441125869751,0.27793148159980774,2740,0.5667492747306824,1354,1.3923132419586182,2,nan,0,nan,0
340,1392640,25189.0,54.6,40.47,34.53,10,0.125,216,0.6898148148148148,216,149,30,31,6,0,0,125,-4.459795205675414,18.814814814814813,0.05474662780761719,-0.006885078269988298,0.9502577185630798,-0.038298514066264035,39.67526485919952,1.6871678352355957,0.07928668172098696,0.07058986236515921,0.38251953125,19.653093767166137,-6.402842700481415e-10,0.27780455350875854,0.00019590583418628454,-0.9978799223899841,0.2829943001270294,2661,0.6021071076393127,1418,3.394033432006836,17,nan,0,nan,0
341,1396736,25265.0,54.2,41.03,34.54,10,0.125,432,0.7037037037037037,216,155,32,24,5,0,0,122,-4.602369770863423,19.15277777777778,0.09828485548496246,-0.005363089498132467,0.9291236996650696,-0.03738418312277645,35.40047950744629,1.681216549873352,0.060706599103286865,0.05641256444214378,0.346630859375,15.405784296989442,-5.238689482212067e-10,0.2651543617248535,0.00019559877175025586,-0.9995312690734863,0.2734405994415283,2785,0.5417656302452087,1293,1.8635516166687012,18,nan,0,nan,0
342,1400832,25340.8,54.4,40.83,34.52,10,0.125,135,0.7925925925925926,215,168,24,15,8,0,0,126,-4.514541072125852,19.037209302325582,0.16336028277873993,-0.005405460949987173,0.9371296167373657,-0.025290474318899213,31.254406785964967,1.6733744204044343,0.06163097689859569,0.07392344127147225,0.409521484375,18.060270404815675,-1.1932570487260818e-09,0.29056936502456665,0.00019529170931422722,-1.0015697479248047,0.2689102292060852,2819,0.5581076741218567,1276,1.3905351161956787,1,nan,0,nan,0
343,1404928,25416.3,54.6,40.57,34.52,10,0.125,356,0.7640449438202247,221,165,21,27,8,0,0,127,-4.602709222076079,18.375565610859727,0.15233829617500305,-0.004599255509674549,0.9298064708709717,-0.03237456716015004,34.35722997188568,1.6673083782196045,0.054456859221681954,0.07037615443259711,0.40673828125,15.815575909614562,-1.4842953532934189e-09,0.18688994646072388,0.00019498464687819856,-1.00264310836792,0.2722020745277405,2830,0.4708726704120636,1265,0.9443528056144714,1,nan,0,nan,0
344,1409024,25491.7,54.7,40.4,34.5,10,0.125,70,0.7857142857142857,226,176,19,22,9,0,0,134,-4.5342962209571205,18.168141592920353,0.1704598218202591,-0.005164437927305698,0.9372093081474304,-0.026586509263142943,30.783130526542664,1.6636462330818176,0.06326547265052795,0.08075396134954645,0.39248046875,16.825778770446778,-1.6589183360338211e-09,0.24335312843322754,0.0001946775844421699,-1.0032362937927246,0.24543319642543793,2726,0.5273996591567993,1360,0.7450634241104126,10,nan,0,nan,0
345,1413120,25567.0,54.7,40.4,34.5,10,0.125,288,0.7361111111111112,218,157,35,21,5,0,0,124,-4.393298673770646,18.65137614678899,0.09064654260873795,-0.006265196017920971,0.9574522972106934,-0.03685492989607155,35.2704920053482,1.6614551782608031,0.06886325944215059,0.04883459828997729,0.339404296875,18.008597660064698,-1.775333657860756e-09,0.2873347997665405,0.00019437052200614125,-1.0041685104370117,0.2680554687976837,2654,0.5611938834190369,1440,0.3380180597305298,2,nan,0,nan,0
346,1417216,25643.5,53.9,41.53,34.51,10,0.125,0,,224,177,19,22,6,0,0,133,-4.476362133194796,18.46875,0.188338041305542,-0.005032532848417759,0.9400826692581177,-0.028677301784045994,29.903682267665864,1.6576074421405793,0.057711993297562006,0.07287617548572597,0.3830078125,20.165591192245483,-2.0081643015146255e-09,0.2148679494857788,0.00019406345957011259,-1.004697322845459,0.24531036615371704,2798,0.5386935472488403,1297,0.7386089563369751,1,nan,0,nan,0
347,1421312,25719.5,54.3,40.97,34.52,10,0.125,219,0.7579908675799086,219,166,25,23,5,0,0,131,-4.290056360956062,18.689497716894977,0.14380910992622375,-0.005187123082578182,0.9313902258872986,-0.03674061121419072,33.6599601984024,1.6558517277240754,0.060414073849096896,0.05200065969547722,0.333935546875,15.153328919410706,-2.735760062932968e-09,0.26677805185317993,0.00019375639713408393,-1.0053741931915283,0.24817442893981934,2738,0.5118247866630554,1351,0.7356451749801636,7,nan,0,nan,0
348,1425408,25794.5,55.0,40.0,34.52,10,0.125,434,0.7350230414746544,215,153,37,20,5,0,0,121,-4.404030753317224,18.962790697674418,0.07208852469921112,-0.005709375254809856,0.9494975805282593,-0.029768599127419294,35.87137839794159,1.6528213739395141,0.0686212381348014,0.058605309975973796,0.36845703125,20.156315422058107,-1.4842953532934189e-09,0.277096152305603,0.00019344933469805527,-1.0060763359069824,0.26687711477279663,2627,0.5375409126281738,1460,1.0528919696807861,9,nan,0,nan,0
349,1429504,25870.2,54.4,40.78,34.5,10,0.125,134,0.6940298507462687,212,145,34,28,5,0,0,110,-4.539822883264826,19.16509433962264,0.04050616919994354,-0.006296511273831129,0.9531410932540894,-0.03597063408233225,37.506822276115415,1.6484713017940522,0.06850615898147225,0.06890089549415279,0.37353515625,17.994529962539673,-1.6880221664905548e-09,0.2751995921134949,0.0001931422722620266,-1.0077556371688843,0.27949580550193787,2769,0.5888325572013855,1318,1.3086351156234741,9,nan,0,nan,0
350,1433600,25946.1,54.3,40.91,34.54,10,0.125,353,0.7393767705382436,219,168,32,15,4,0,0,134,-4.446623411324074,18.73972602739726,0.15321943163871765,-0.006243004929274321,0.9303585290908813,-0.03417743111494929,32.04975798130035,1.6417916655540465,0.0772202487103641,0.050059867225354535,0.343505859375,19.83748879432678,-6.984919309616089e-10,0.34271150827407837,0.00019283520982599795,-1.0092792510986328,0.25872501730918884,2738,0.6252669095993042,1358,nan,0,nan,0,nan,0
351,1437696,26022.6,53.9,41.45,34.55,10,0.125,64,0.84375,223,172,25,17,9,0,0,146,-4.472646266587422,18.49775784753363,0.16813255846500397,-0.0049273548647761345,0.9517170190811157,-0.025280663784360512,31.205471408367156,1.6364673674106598,0.05668142824433744,0.11202516083430965,0.47314453125,13.45781078338623,-8.731149137020111e-10,0.2554020285606384,0.00019252814738996929,-1.0100913047790527,0.2530556321144104,2833,0.49175888299942017,1259,0.6309525966644287,4,nan,0,nan,0
352,1441792,26098.1,54.6,40.45,34.51,10,0.125,280,0.7535714285714286,216,157,39,15,5,0,0,125,-4.488512986669251,19.041666666666668,0.09141882508993149,-0.006014367565512657,0.9505154490470886,-0.0238512797630392,37.80536482334137,1.6331616163253784,0.0695993504486978,0.10620701605075737,0.449853515625,17.329910278320312,-1.1932570487260818e-09,0.3031388521194458,0.00019222108495394063,-1.0112507343292236,0.2630908787250519,2621,0.5507595539093018,1448,1.6580227613449097,27,nan,0,nan,0
353,1445888,26173.8,54.4,40.69,34.56,10,0.125,495,0.7353535353535353,215,153,42,14,6,0,0,125,-4.546658865068253,18.92093023255814,0.08072405308485031,-0.005195111036300659,0.9278536438941956,-0.026820381032302977,35.69345843791962,1.6289126098155975,0.060244031343609096,0.09309136169613338,0.442138671875,16.82335238456726,-1.7462298274040222e-09,0.3235436677932739,0.00019191402251791197,-1.0119585990905762,0.2645622193813324,2730,0.5223764777183533,1359,1.5018644332885742,7,nan,0,nan,0
354,1449984,26249.8,54.2,41.1,34.51,10,0.125,203,0.7881773399014779,220,172,31,12,5,0,0,134,-4.426702526721964,18.55909090909091,0.17739634215831757,-0.005151213146746159,0.9404024481773376,-0.030614644644083457,30.72806805372238,1.6262868463993072,0.0595591398421675,0.07835863289947156,0.394384765625,16.729250502586364,-7.566995918750763e-10,0.3207412362098694,0.0001916069600818833,-1.012691617012024,0.2565752863883972,2842,0.5220386385917664,1252,2.9315335750579834,2,nan,0,nan,0
355,1454080,26325.3,54.6,40.55,34.47,10,0.125,422,0.7417061611374408,219,153,36,24,6,0,0,123,-4.477663751302711,18.84931506849315,0.07035467028617859,-0.005604044534265995,0.9396440386772156,-0.03665079757920466,37.859690976142886,1.6235772311687469,0.06663846652954816,0.04844115618034266,0.338134765625,16.934870576858522,1.1641532182693481e-10,0.3249437212944031,0.00019129989764585465,-1.013484239578247,0.2421993464231491,2751,0.546115517616272,1339,1.0670557022094727,6,nan,0,nan,0
356,1458176,26401.3,54.3,40.98,34.49,10,0.125,133,0.6917293233082706,223,156,36,22,9,0,0,125,-4.531908728396635,18.390134529147982,0.09100022166967392,-0.005295732989907265,0.945003867149353,-0.031133264233358205,37.18005137443542,1.6189242959022523,0.061576614947989584,0.05337075250427006,0.345458984375,20.277629470825197,-6.111804395914078e-10,0.3063991665840149,0.00019099283520982599,-1.0149961709976196,0.2586323618888855,2672,0.5119892954826355,1417,0.9239338636398315,7,nan,0,nan,0
357,1462272,26477.0,54.4,40.74,34.52,10,0.125,352,0.7017045454545454,219,155,29,26,9,0,0,119,-4.531934061243043,18.689497716894977,0.0847131684422493,-0.005425425246357918,0.9365488886833191,-0.033362332312390205,34.73097760677338,1.6128832340240478,0.061168251745402816,0.061514073924627155,0.37314453125,14.45907211303711,-1.5133991837501526e-09,0.27618545293807983,0.00019068577277379733,-1.0164731740951538,0.2605349123477936,2760,0.5379049181938171,1330,1.3969569206237793,6,nan,0,nan,0
358,1466368,26553.4,53.9,41.47,34.5,10,0.125,67,0.7761194029850746,227,163,35,23,6,0,0,128,-4.346639554985356,18.255506607929515,0.11504143476486206,-0.005530078895390034,0.9379684925079346,-0.03545951135456562,36.40538051128387,1.608997368812561,0.06370927086099983,0.08313348363444675,0.403662109375,14.071583151817322,-1.57160684466362e-09,0.30282658338546753,0.00019037871033776867,-1.0168533325195312,0.3022651970386505,2705,0.5047820806503296,1389,0.24748992919921875,2,nan,0,nan,0
359,1470464,26629.3,54.3,40.98,34.48,10,0.125,287,0.7874564459930313,220,174,19,18,9,0,0,139,-4.475350330421154,18.404545454545456,0.20088930428028107,-0.004547512158751488,0.9277606010437012,-0.025333306076936422,30.099106776714326,1.6073120653629303,0.056221906933933495,0.07235308150266065,0.37158203125,17.604137420654297,-2.764863893389702e-09,0.28328245878219604,0.00019007164790174,-1.0174568891525269,0.2646736800670624,2826,0.46168655157089233,1263,1.217698335647583,7,nan,0,nan,0
360,1474560,26704.9,54.5,40.62,34.49,10,0.125,504,0.7837301587301587,217,169,25,16,7,0,0,129,-4.393959107621301,18.806451612903224,0.17001226544380188,-0.005636216606944799,0.9394173622131348,-0.026199304312467576,31.085860466957094,1.6044712722301484,0.06334864101372659,0.0631468174586189,0.39072265625,16.60581202507019,-1.2514647096395493e-09,0.28324955701828003,0.00018976458546571135,-1.01810884475708,0.2629724442958832,2785,0.566162109375,1304,2.856227397918701,7,nan,0,nan,0
361,1478656,26780.6,54.4,40.82,34.47,10,0.125,214,0.780373831775701,222,173,30,11,8,0,0,132,-4.469026551067672,18.545045045045047,0.18219485878944397,-0.005443408153951168,0.9517294764518738,-0.039853410236537455,31.177752870321275,1.6023183166980743,0.06194860297255218,0.056786318178637885,0.341796875,16.749812269210814,-1.1059455573558807e-09,0.33907490968704224,0.0001894575230296827,-1.0186645984649658,0.2703201472759247,2792,0.5295175909996033,1296,1.0520352125167847,8,nan,0,nan,0
362,1482752,26856.6,54.2,41.0,34.51,10,0.125,431,0.7517401392111369,217,157,43,13,4,0,0,127,-4.327373751128957,18.80184331797235,0.1131209135055542,-0.006011445075273514,0.9528228640556335,-0.032693458790890875,36.89653627872467,1.5997114419937133,0.06639278186485172,0.05595098714838968,0.350390625,19.3650493144989,-2.0372681319713593e-10,0.29461437463760376,0.00018915046059365403,-1.0192828178405762,0.281934529542923,2582,0.5495297908782959,1507,0.8135250210762024,7,nan,0,nan,0
363,1486848,26932.3,54.4,40.69,34.54,10,0.125,141,0.6879432624113475,222,162,32,26,2,0,0,113,-4.545254705496682,18.626126126126128,0.11720040440559387,-0.005213506519794464,0.9432111382484436,-0.042890937300398946,35.02838554382324,1.5971946716308594,0.06312626246362925,0.05771575171092991,0.339501953125,18.586655044555663,-1.5133991837501526e-09,0.2413138747215271,0.0001888433981576254,-1.0199406147003174,0.2577243745326996,2739,0.5069403052330017,1356,0.6937417984008789,1,nan,0,nan,0
364,1490944,27008.1,54.4,40.85,34.49,10,0.125,355,0.7323943661971831,214,163,31,14,6,0,0,133,-4.456464177036334,18.747663551401867,0.15012967586517334,-0.0047498722560703754,0.9507985711097717,-0.037376021849922836,30.246501052379607,1.5951198279857635,0.05734685659408569,0.0577092459279811,0.337841796875,19.29199528694153,-1.7462298274040222e-10,0.3715664744377136,0.0001885363357215967,-1.0203700065612793,0.2787298560142517,2782,0.481045126914978,1306,1.2164770364761353,8,nan,0,nan,0
365,1495040,27084.2,54.1,41.1,34.55,10,0.125,65,0.6615384615384615,222,164,33,20,5,0,0,123,-4.351987432173742,18.76126126126126,0.11353502422571182,-0.006248737685382366,0.9483737945556641,-0.04131443513324484,35.732437264919284,1.5931685090065002,0.06856100950390101,0.056764714753080626,0.366259765625,14.868505311012267,-1.2514647096395493e-09,0.352478563785553,0.00018822927328556807,-1.0210449695587158,0.2742636799812317,2664,0.5399887561798096,1418,2.6319336891174316,14,nan,0,nan,0
366,1499136,27159.5,54.7,40.3,34.54,10,0.125,282,0.6737588652482269,217,147,40,25,5,0,0,110,-4.241427566212378,18.870967741935484,0.04583469405770302,-0.005495081655681133,0.9440577626228333,-0.029467316716909407,38.992555141448975,1.5893438756465912,0.06549404696561396,0.04515700088231824,0.328759765625,24.858172178268433,-1.5133991837501526e-09,0.2773389220237732,0.0001879222108495394,-1.0222805738449097,0.269266813993454,2640,0.5395686626434326,1435,0.9543562531471252,21,nan,0,nan,0
367,1503232,27235.3,54.4,40.77,34.56,10,0.125,503,0.7395626242544732,221,182,21,13,5,0,0,147,-4.279303950119404,18.43438914027149,0.22060906887054443,-0.004898211918771267,0.9375483989715576,-0.033273886702954766,30.3921271443367,1.584170252084732,0.060112262377515435,0.03885850483347895,0.30810546875,25.73183217048645,-1.6589183360338211e-09,0.20752567052841187,0.00018761514841351075,-1.023531198501587,0.2513502240180969,2797,0.482915997505188,1298,1.4189571142196655,1,nan,0,nan,0
368,1507328,27311.4,54.1,41.15,34.54,10,0.125,212,0.7547169811320755,221,168,34,14,5,0,0,131,-4.358106392351995,18.570135746606336,0.15385432541370392,-0.0047445399686694145,0.923096776008606,-0.04418637508060783,32.54448710680008,1.5794958293437957,0.05732907261699438,0.0566476172520197,0.348583984375,15.17403199672699,-6.111804395914078e-10,0.3454441428184509,0.00018730808597748207,-1.024695634841919,0.23760271072387695,2697,0.4918312132358551,1391,2.7966718673706055,8,nan,0,nan,0
369,1511424,27386.7,54.7,40.28,34.55,10,0.125,424,0.7358490566037735,212,152,35,19,6,0,0,124,-4.567200900619364,18.93867924528302,0.10133083909749985,-0.00559324910864234,0.9454171061515808,-0.03638678500428796,39.684931349754336,1.5744717299938202,0.06764939003624022,0.050351854153268504,0.324072265625,19.704390549659728,-2.7066562324762344e-09,0.2921104431152344,0.00018700102354145343,-1.025796890258789,0.24268372356891632,2787,0.5593564510345459,1297,1.4881854057312012,12,nan,0,nan,0
370,1515520,27462.4,54.5,40.67,34.52,10,0.125,126,0.6984126984126984,214,151,45,11,7,0,0,120,-4.48728692923899,19.514018691588785,0.07623657584190369,-0.006288621108978987,0.9335393905639648,-0.03728693318553269,38.14522943496704,1.5713590621948241,0.07162578622810542,0.05096863644139375,0.336181640625,17.709954166412352,-1.2223608791828156e-09,0.3328790068626404,0.00018669396110542475,-1.0263224840164185,0.31636443734169006,2696,0.5883855223655701,1389,2.2415523529052734,11,nan,0,nan,0
371,1519616,27537.7,54.7,40.35,34.53,10,0.125,345,0.736231884057971,219,166,30,17,6,0,0,130,-4.415864919386529,18.78082191780822,0.14614838361740112,-0.005325258243829012,0.9326798915863037,-0.02770282976562157,33.845044589042665,1.5690651535987854,0.06063450644724071,0.08760694298543967,0.43125,13.74128737449646,-1.0477378964424133e-09,0.29210513830184937,0.00018638689866939612,-1.027113437652588,0.2617214024066925,2772,0.5138444900512695,1308,1.3302112817764282,16,nan,0,nan,0
372,1523712,27613.7,54.2,41.0,34.51,10,0.125,51,0.7647058823529411,218,167,31,15,5,0,0,135,-4.438644833812417,18.761467889908257,0.16482053697109222,-0.005272962152957916,0.9633831977844238,-0.031280917068943384,32.32602655887604,1.5660107374191283,0.059004787867888805,0.0477534731689957,0.330078125,19.645551681518555,-5.529727786779404e-10,0.2949639558792114,0.00018607983623336743,-1.0277149677276611,0.2908192276954651,2780,0.537954568862915,1310,0.7775962948799133,6,nan,0,nan,0
373,1527808,27690.0,54.0,41.35,34.49,10,0.125,266,0.7030075187969925,215,148,46,18,3,0,0,106,-4.421204011170836,18.995348837209303,0.05682678893208504,-0.005581915844231844,0.9399639368057251,-0.03311811346793547,38.89421947002411,1.5631415247917175,0.064529136614874,0.06826605831302004,0.370703125,19.84895215034485,-6.693881005048752e-10,0.3315196633338928,0.0001857727737973388,-1.0285615921020508,0.26168549060821533,2704,0.5341273546218872,1376,1.386213779449463,16,nan,0,nan,0
374,1531904,27766.0,54.2,41.01,34.51,10,0.125,479,0.6889352818371608,213,143,45,17,8,0,0,105,-4.423680510647688,19.239436619718308,0.04138139262795448,-0.006447937805205584,0.9580221772193909,-0.03195397793315351,40.418080639839175,1.5598437786102295,0.07343336679041386,0.04576686594082276,0.324658203125,23.622353672981262,-1.6007106751203537e-09,0.3127714991569519,0.0001854657113613101,-1.0294671058654785,0.30806636810302734,2691,0.5984426736831665,1400,3.453470230102539,5,nan,0,nan,0
375,1536000,27841.3,54.8,40.3,34.49,10,0.125,178,0.6573033707865169,211,138,36,30,7,0,0,101,-4.393470476400075,19.341232227488153,0.030755791813135147,-0.006203427445143461,0.9477477669715881,-0.028512322693131864,38.68335664272308,1.5554430603981018,0.07209638301283121,0.06932625029439805,0.383154296875,21.855678725242615,-4.94765117764473e-10,0.2728995680809021,0.00018515864892528148,-1.0307328701019287,0.28254687786102295,2671,0.5678043365478516,1419,1.9604448080062866,6,nan,0,nan,0
376,1540096,27917.0,54.4,40.73,34.52,10,0.125,392,0.6811224489795918,214,150,40,19,5,0,0,116,-4.229348690428272,19.233644859813083,0.07045833021402359,-0.005298202391713858,0.9410097599029541,-0.024590737407561392,37.57501132488251,1.5494894087314606,0.06147909313440323,0.07896715206443332,0.4173828125,17.657584261894225,-3.4924596548080444e-10,0.30898135900497437,0.0001848515864892528,-1.0322904586791992,0.26967835426330566,2745,0.5369046926498413,1348,2.0886361598968506,3,nan,0,nan,0
377,1544192,27993.1,54.2,41.09,34.53,10,0.125,96,0.8125,216,166,25,21,4,0,0,131,-4.264480148750444,18.78240740740741,0.18081241846084595,-0.005158892832696438,0.9476804137229919,-0.025774583988822996,32.179822945594786,1.5449688017368317,0.06019797823391855,0.045759482787980234,0.3431640625,24.16124608516693,-1.0186340659856796e-09,0.2683343291282654,0.00018454452405322416,-1.0330307483673096,0.26016390323638916,2786,0.5090904235839844,1310,nan,0,nan,0,nan,0
378,1548288,28068.7,54.5,40.56,34.54,10,0.125,309,0.7669902912621359,213,159,32,19,3,0,0,132,-4.424188463872012,19.215962441314552,0.13236483931541443,-0.005274731665849686,0.9443728923797607,-0.03394663520157337,36.45140608549118,1.5425455868244171,0.060562598798424,0.04505103611300001,0.334375,23.088015341758727,-1.4842953532934189e-09,0.28310060501098633,0.00018423746161719547,-1.0335512161254883,0.2871684432029724,2711,0.5172953009605408,1380,1.2364110946655273,5,nan,0,nan,0
379,1552384,28144.3,54.4,40.72,34.51,10,0.125,8,0.875,211,151,42,15,3,0,0,117,-4.413362878453414,19.672985781990523,0.08664949238300323,-0.006731994915753603,0.9266409277915955,-0.032484579202719036,38.178272581100465,1.5406798124313354,0.07786839590407908,0.072761585949047,0.391748046875,16.152747368812562,-1.2514647096395493e-09,0.32635992765426636,0.00018393039918116684,-1.0342276096343994,0.2614952623844147,2670,0.6245040893554688,1408,1.4715402126312256,18,nan,0,nan,0
380,1556480,28220.0,54.5,40.65,34.53,10,0.125,227,0.7533039647577092,219,164,30,20,5,0,0,124,-4.281048293673468,18.534246575342465,0.13984858989715576,-0.00572190061211586,0.9540882110595703,-0.03086239770054817,37.770332431793214,1.53752903342247,0.06710099447518587,0.06304965877061477,0.397119140625,20.345490884780883,-9.604264050722122e-10,0.2872436046600342,0.00018362333674513815,-1.0347447395324707,0.2576456665992737,2724,0.5301921963691711,1365,1.5913535356521606,7,nan,0,nan,0
381,1560576,28296.0,54.3,41.01,34.49,10,0.125,449,0.7683741648106904,222,174,31,14,3,0,0,138,-4.4953884169818705,18.60810810810811,0.19113877415657043,-0.005913506727665663,0.9310789704322815,-0.025599195249378683,31.576274585723876,1.535319072008133,0.07165638711303472,0.07211422170366859,0.39794921875,21.826651096343994,-7.275957614183426e-10,0.31929993629455566,0.00018331627430910952,-1.0355613231658936,0.25882095098495483,2715,0.5851906538009644,1377,5.002002716064453,4,nan,0,nan,0
382,1564672,28371.7,54.4,40.81,34.5,10,0.125,157,0.7452229299363057,220,169,24,22,5,0,0,128,-4.365349927509204,18.713636363636365,0.17533403635025024,-0.005576895549893379,0.9293085932731628,-0.0365878899814561,32.61947522163391,1.5317164003849029,0.06255916128866375,0.07159672501293243,0.38720703125,17.177067637443542,-2.8230715543031693e-09,0.2668112516403198,0.00018300921187308083,-1.0363436937332153,0.26510676741600037,2799,0.5346269607543945,1295,1.8719971179962158,2,nan,0,nan,0
383,1568768,28447.2,54.6,40.48,34.54,10,0.125,371,0.7142857142857143,214,148,28,31,7,0,0,116,-4.328445048857233,18.8411214953271,0.07441526651382446,-0.004672597162425518,0.931993842124939,-0.03583260750165209,37.714719605445865,1.5297778367996215,0.05530457110144198,0.061773389622976536,0.35439453125,24.142034697532655,-1.4842953532934189e-09,0.25297266244888306,0.0001827021494370522,-1.0366376638412476,0.2640206515789032,2710,0.47023820877075195,1382,1.3295568227767944,4,nan,0,nan,0
384,1572864,28522.6,54.7,40.34,34.54,10,0.125,80,0.775,221,167,32,21,1,0,0,125,-4.373239035777136,18.74660633484163,0.14830631017684937,-0.005383079871535301,0.9478709697723389,-0.04132042322307825,34.712233781814575,1.5286788046360016,0.05951847536489367,0.04678350941976532,0.30556640625,16.637650299072266,-1.3387762010097504e-09,0.2616068720817566,0.00018239508700102354,-1.036832332611084,0.2705542743206024,2810,0.5227691531181335,1282,1.509434700012207,4,nan,0,nan,0
385,1576960,28597.7,54.9,40.0,34.56,10,0.125,295,0.7389830508474576,215,156,34,20,5,0,0,120,-4.322280805201788,18.846511627906978,0.10990717262029648,-0.006322384811937809,0.9469208717346191,-0.036208867433015254,36.275724220275876,1.5277093768119812,0.06979575855657458,0.07201849505945575,0.385107421875,19.953079223632812,-1.8044374883174896e-09,0.2957068085670471,0.00018208802456499488,-1.0371336936950684,0.2667156755924225,2784,0.5715585350990295,1312,nan,0,nan,0,nan,0
386,1581056,28673.3,54.6,40.51,34.55,10,0.125,1,1.0,218,154,36,27,1,0,0,119,-4.3695468997845825,18.78440366972477,0.09587840735912323,-0.005699518136680126,0.9455904960632324,-0.04250912545248866,39.20651609897614,1.52625515460968,0.06485607558861375,0.05026464946859051,0.325927734375,18.7965589761734,-1.7462298274040222e-10,0.2636505961418152,0.00018178096212896622,-1.0376801490783691,0.27198389172554016,2746,0.537050724029541,1345,1.2308365106582642,5,nan,0,nan,0
387,1585152,28748.7,54.7,40.43,34.51,10,0.125,212,0.7264150943396226,211,153,42,13,3,0,0,116,-4.473548607238656,19.402843601895736,0.10029137879610062,-0.005515015218406916,0.9436293244361877,-0.030850666342303157,36.61252515316009,1.524468445777893,0.06111501818522811,0.11267992465436691,0.44404296875,16.245492815971375,-1.367880031466484e-09,0.35599058866500854,0.00018147389969293756,-1.0378541946411133,0.2728205621242523,2739,0.5496845841407776,1344,1.564074993133545,13,nan,0,nan,0
388,1589248,28824.5,54.4,40.78,34.53,10,0.125,433,0.7251732101616628,221,160,39,16,6,0,0,127,-4.464890242255255,18.665158371040725,0.11538677662611008,-0.00531531497836113,0.9473548531532288,-0.032756525423610586,35.817946672439575,1.5224641799926757,0.06211371272802353,0.05833633327565622,0.36279296875,17.260313057899474,-7.566995918750763e-10,0.3104369640350342,0.0001811668372569089,-1.0390722751617432,0.2788631319999695,2744,0.5499824285507202,1350,0.6248744130134583,2,nan,0,nan,0
389,1593344,28900.9,53.9,41.43,34.53,10,0.125,139,0.762589928057554,218,170,26,13,9,0,0,136,-4.284394757105472,18.798165137614678,0.1893736571073532,-0.005537976510822773,0.9306343197822571,-0.033983985526720065,31.24768109321594,1.5169938206672668,0.06465055802837014,0.06720914953766624,0.406103515625,17.133157205581664,-2.0372681319713593e-10,0.29023438692092896,0.00018085977482088024,-1.0402565002441406,0.2692076861858368,2777,0.5421665906906128,1315,0.5694715976715088,4,nan,0,nan,0
390,1597440,28976.5,54.5,40.59,34.55,10,0.125,353,0.7393767705382436,214,155,35,18,6,0,0,122,-4.271537005460745,19.060747663551403,0.1093071699142456,-0.0052653718739748,0.9433282017707825,-0.032375174853950736,34.01424825191498,1.5130598723888398,0.059523066971451044,0.05238366532867076,0.364111328125,18.34558069705963,-1.949956640601158e-09,0.33864355087280273,0.00018055271238485158,-1.0409209728240967,0.2643430829048157,2785,0.5070049166679382,1297,1.0116325616836548,14,nan,0,nan,0
391,1601536,29052.5,54.2,41.06,34.51,10,0.125,63,0.7142857142857143,222,168,31,20,3,0,0,132,-4.377870575136636,18.617117117117118,0.160733163356781,-0.005137116648256779,0.9447599649429321,-0.024412530288100243,33.71144297122955,1.5117904424667359,0.05913230399601162,0.11028365297388518,0.47626953125,15.488195013999938,-6.693881005048752e-10,0.29330432415008545,0.00018024564994882292,-1.0409197807312012,0.25112664699554443,2768,0.5145828127861023,1327,1.8890460729599,1,nan,0,nan,0
392,1605632,29128.4,54.3,40.91,34.51,10,0.125,278,0.7446043165467626,215,162,29,20,4,0,0,127,-4.460837973326716,19.06046511627907,0.14757508039474487,-0.006174969952553511,0.9482092261314392,-0.035099347680807115,35.87727677822113,1.510596376657486,0.06894099465571343,0.07863705536874477,0.4140625,15.930165410041809,-1.862645149230957e-09,0.3095017671585083,0.00017993858751279426,-1.0417664051055908,0.26934751868247986,2763,0.5750104784965515,1325,2.066917657852173,8,nan,0,nan,0
393,1609728,29203.9,54.6,40.5,34.56,10,0.125,494,0.7550607287449392,216,166,33,13,4,0,0,130,-4.289183418442991,18.73611111111111,0.15886810421943665,-0.00556494016200304,0.9404639005661011,-0.03331910017877817,32.6776740193367,1.5052921414375304,0.06337932008318603,0.10983271992299706,0.474072265625,15.269641447067261,-1.862645149230957e-09,0.31397372484207153,0.0001796315250767656,-1.0434125661849976,0.25412169098854065,2760,0.5429561138153076,1334,0.6985930800437927,2,nan,0,nan,0
394,1613824,29280.4,53.9,41.53,34.53,10,0.125,202,0.7772277227722773,220,170,26,20,4,0,0,140,-4.212795816875705,18.831818181818182,0.18853962421417236,-0.005394240841269493,0.925696611404419,-0.029716213303618132,32.59347321987152,1.5003968000411987,0.06205073851160705,0.08578936784906546,0.4146484375,16.605812788009644,-6.693881005048752e-10,0.3062216639518738,0.00017932446264073694,-1.0441309213638306,0.2614806294441223,2715,0.5267801880836487,1370,0.8306213021278381,11,nan,0,nan,0
395,1617920,29356.1,54.5,40.65,34.5,10,0.125,418,0.7751196172248804,216,167,26,21,2,0,0,130,-4.344464887258514,18.85648148148148,0.18585407733917236,-0.005248635075986385,0.9432989954948425,-0.03108273227699101,32.1368932723999,1.4982692420482635,0.06203586687333882,0.08646041500469437,0.410400390625,15.38175060749054,8.731149137020111e-11,0.281938374042511,0.00017901740020470828,-1.04456627368927,0.25358426570892334,2815,0.513822615146637,1278,2.1803994178771973,3,nan,0,nan,0
396,1622016,29431.9,54.4,40.83,34.5,10,0.125,120,0.7666666666666667,214,164,38,9,3,0,0,134,-4.261860865991226,19.19158878504673,0.16498923301696777,-0.005042379256337881,0.9477073550224304,-0.03522373246960342,32.31712390184403,1.4952220141887664,0.058053068118169904,0.07019627440749901,0.3724609375,14.778846740722656,-5.529727786779404e-10,0.3354114890098572,0.00017871033776867962,-1.0458214282989502,0.2674548923969269,2796,0.5256807804107666,1300,nan,0,nan,0,nan,0
397,1626112,29507.5,54.5,40.62,34.54,10,0.125,334,0.7215568862275449,214,149,43,18,4,0,0,114,-4.377821418109268,19.014018691588785,0.08125203847885132,-0.005830112379044294,0.9374033808708191,-0.03146195920417085,37.13770047426224,1.4905154883861542,0.07381348223425448,0.05166572799353162,0.3708984375,19.107232904434206,-9.022187441587448e-10,0.36476844549179077,0.00017840327533265096,-1.0466821193695068,0.2681342661380768,2704,0.5711379647254944,1378,2.073451280593872,14,nan,0,nan,0
398,1630208,29583.4,54.3,40.98,34.52,10,0.125,39,0.6923076923076923,217,155,32,26,4,0,0,126,-4.312153712759275,18.838709677419356,0.10550374537706375,-0.005553867667913437,0.9396751523017883,-0.031485220743343235,37.37799234390259,1.4877150356769562,0.06120932730846107,0.07356426584155998,0.393701171875,16.258329272270203,-8.440110832452774e-10,0.31948208808898926,0.0001780962128966223,-1.047283411026001,0.27444419264793396,2809,0.5507922768592834,1279,1.3771713972091675,8,nan,0,nan,0
399,1634304,29659.3,54.4,40.86,34.5,10,0.125,249,0.7188755020080321,210,152,36,20,2,0,0,114,-4.335371547444752,19.566666666666666,0.11088339984416962,-0.005550548434257507,0.9297478199005127,-0.024230997369159013,36.40284991264343,1.4862448811531066,0.07131499033421278,0.0589771081431536,0.398486328125,21.00177960395813,-2.9103830456733704e-10,0.3310384154319763,0.00017778915046059364,-1.047489881515503,0.24970965087413788,2788,0.5614390969276428,1298,3.831418991088867,10,nan,0,nan,0
400,1638400,29735.0,54.4,40.75,34.49,10,0.125,460,0.7239130434782609,211,154,35,16,6,0,0,115,-4.389138508779746,19.350710900473935,0.12283320724964142,-0.005335125140845776,0.9433719515800476,-0.03845414856914431,36.65235968828201,1.4834663271903992,0.059206718532368544,0.08563208819396095,0.427783203125,14.448960423469543,-2.1827872842550278e-09,0.23921042680740356,0.00017748208802456498,-1.0485811233520508,0.2629249095916748,2684,0.5228582620620728,1409,1.698182463645935,3,nan,0,nan,0
401,1642496,29811.1,54.2,41.13,34.5,10,0.125,164,0.7804878048780488,216,165,34,16,1,0,0,137,-4.387615873285938,19.125,0.18367797136306763,-0.005024152807891369,0.9440721869468689,-0.02893085600808263,32.555840611457825,1.4793420672416686,0.060524429101496934,0.06685823930311016,0.385693359375,14.09945034980774,-1.0477378964424133e-09,0.35960596799850464,0.00017717502558853632,-1.0495705604553223,0.23784072697162628,2777,0.5084323287010193,1302,1.2979434728622437,17,nan,0,nan,0
402,1646592,29886.9,54.4,40.82,34.47,10,0.125,381,0.7664041994750657,217,164,27,22,4,0,0,109,-4.286577903854212,18.930875576036865,0.15196923911571503,-0.005605229642242193,0.9520494937896729,-0.03367021654266864,35.42723047733307,1.4751782298088074,0.06559597849845886,0.07240152594749816,0.41171875,15.913087821006775,3.4924596548080444e-10,0.28563541173934937,0.00017686796315250769,-1.050612449645996,0.26385363936424255,2726,0.4980516731739044,1370,nan,0,nan,0,nan,0
403,1650688,29962.3,54.6,40.45,34.51,10,0.125,85,0.7647058823529411,216,156,33,23,4,0,0,113,-4.292522552705302,18.875,0.12818416953086853,-0.005329291336238384,0.955927848815918,-0.03236265010200441,37.938698697090146,1.4716246724128723,0.07143870471045374,0.07113862021942623,0.388916015625,21.11750645637512,-2.3283064365386963e-09,0.33521562814712524,0.000176560900716479,-1.051378846168518,0.2779799997806549,2737,0.5115582942962646,1346,3.2195842266082764,13,nan,0,nan,0
404,1654784,30038.3,54.2,41.1,34.48,10,0.125,302,0.7350993377483444,217,157,32,22,6,0,0,114,-4.418430923685158,18.995391705069125,0.13017280399799347,-0.006424411199986935,0.95256507396698,-0.04107503548148088,36.58876643180847,1.4684020757675171,0.06935539920814335,0.041509968004538676,0.313623046875,21.04292163848877,-1.1059455573558807e-09,0.3052586317062378,0.00017625383828045037,-1.0523617267608643,0.27654361724853516,2774,0.614068865776062,1316,3.231001615524292,6,nan,0,nan,0
405,1658880,30113.9,54.5,40.64,34.46,10,0.125,2,1.0,212,153,36,22,1,0,0,119,-4.368121849991634,19.202830188679247,0.11527759581804276,-0.005664080381393433,0.9418125748634338,-0.041491232736734676,35.69930160045624,1.4647939026355743,0.0647273960057646,0.058159388338390273,0.34580078125,19.371715116500855,-9.022187441587448e-10,0.3337816596031189,0.00017594677584442168,-1.0530428886413574,0.262859970331192,2772,0.5425345301628113,1319,1.0395185947418213,5,nan,0,nan,0
406,1662976,30190.2,54.0,41.33,34.5,10,0.125,220,0.7363636363636363,218,160,26,30,2,0,0,125,-4.35480399211324,18.6697247706422,0.14627569913864136,-0.0054678358137607574,0.9476534128189087,-0.039635034766979514,35.43326466083526,1.4618301212787628,0.06007403284311295,0.05882526643690653,0.354931640625,15.491950798034669,-1.280568540096283e-09,0.2610575556755066,0.00017563971340839305,-1.0540564060211182,0.2804166376590729,2736,0.4928430914878845,1360,nan,0,nan,0,nan,0
407,1667072,30265.9,54.4,40.71,34.53,10,0.125,434,0.7442396313364056,214,161,33,13,7,0,0,123,-4.494953862518459,19.285046728971963,0.1532491147518158,-0.005896232556551695,0.9495105743408203,-0.03527244672877714,30.19247829914093,1.456761610507965,0.06895984755828977,0.06718123909668065,0.36796875,15.854393148422242,-2.6775524020195007e-09,0.3532724976539612,0.00017533265097236436,-1.0554317235946655,0.2507478594779968,2763,0.5717067122459412,1326,1.1336835622787476,7,nan,0,nan,0
408,1671168,30341.2,54.8,40.29,34.5,10,0.125,134,0.7238805970149254,212,153,32,23,4,0,0,116,-4.493356802249442,19.400943396226417,0.1215779185295105,-0.005126860924065113,0.9255921840667725,-0.043717020004987714,33.74002709388733,1.4507023990154266,0.059659848222509027,0.0826519893569639,0.389404296875,12.274350428581238,1.7462298274040222e-10,0.2761979103088379,0.00017502558853633573,-1.057254672050476,0.2445725053548813,2740,0.5281601548194885,1356,nan,0,nan,0,nan,0
409,1675264,30416.8,54.5,40.64,34.55,10,0.125,349,0.7048710601719198,215,149,33,29,4,0,0,109,-4.347581618269663,18.930232558139537,0.09294164925813675,-0.005061125382781029,0.938933253288269,-0.022792027983814477,37.94319975376129,1.4449747800827026,0.06126490752212703,0.07650447372288909,0.41708984375,20.26268994808197,-6.402842700481415e-10,0.2402312159538269,0.00017471852610030704,-1.0579677820205688,0.24347347021102905,2758,0.49761682748794556,1328,1.2455260753631592,10,nan,0,nan,0
410,1679360,30492.4,54.5,40.63,34.49,10,0.125,52,0.7307692307692307,215,155,31,27,2,0,0,110,-4.311619282788525,19.009302325581395,0.1169888973236084,-0.004923495464026928,0.9448595643043518,-0.028430840559303762,34.20370602607727,1.4424543142318726,0.0593070768751204,0.08171803535078652,0.417919921875,18.743473505973817,-6.984919309616089e-10,0.27972686290740967,0.0001744114636642784,-1.0588665008544922,0.2516939342021942,2723,0.4913901090621948,1370,0.4758077561855316,3,nan,0,nan,0
411,1683456,30568.5,54.2,41.09,34.54,10,0.125,266,0.7481203007518797,214,161,26,22,5,0,0,128,-4.3710196972504,18.957943925233646,0.16163036227226257,-0.005101880989968777,0.9526017308235168,-0.04304311810992658,34.709144377708434,1.4379404544830323,0.06069283308461308,0.04794805836281739,0.345458984375,15.199879097938538,-2.2118911147117615e-09,0.2914324402809143,0.00017410440122824972,-1.0602755546569824,0.24338839948177338,2725,0.4872368276119232,1370,0.2693043649196625,1,nan,0,nan,0
412,1687552,30644.5,54.2,41.08,34.48,10,0.125,486,0.7510288065843621,220,166,32,17,5,0,0,132,-4.473117565680381,18.8,0.16254733502864838,-0.005218610167503357,0.946852445602417,-0.03465491884853691,33.65315010547638,1.4329882740974427,0.06247533364221454,0.07486919819057221,0.404736328125,18.9280526638031,-1.6589183360338211e-09,0.30462515354156494,0.0001737973387922211,-1.060983419418335,0.25639116764068604,2753,0.48985832929611206,1333,1.360296368598938,10,nan,0,nan,0
413,1691648,30720.0,54.6,40.51,34.52,10,0.125,188,0.6702127659574468,214,145,48,17,4,0,0,117,-4.542429001854473,19.257009345794394,0.07491537183523178,-0.005137140862643719,0.9394642114639282,-0.030037935834843665,39.28636837005615,1.4311001896858215,0.06653551757335663,0.0459479549099342,0.349853515625,25.86506962776184,-1.2514647096395493e-09,0.29560214281082153,0.0001734902763561924,-1.0612998008728027,0.24621446430683136,2799,0.5043159127235413,1287,3.8417911529541016,10,nan,0,nan,0
414,1695744,30795.8,54.4,40.84,34.49,10,0.125,403,0.7047146401985112,215,158,22,32,3,0,0,122,-4.39268423157633,18.655813953488373,0.14850375056266785,-0.004944453947246075,0.931718647480011,-0.03430214496329427,33.70237421989441,1.4294454872608184,0.05716484035365284,0.07323815602430842,0.385546875,17.839307689666747,-8.440110832452774e-10,0.2522755265235901,0.00017318321392016377,-1.061861276626587,0.24755197763442993,2711,0.5044894218444824,1380,1.0444890260696411,5,nan,0,nan,0
415,1699840,30871.5,54.4,40.76,34.48,10,0.125,107,0.7570093457943925,216,160,29,25,2,0,0,130,-4.497650087074765,19.21759259259259,0.15900221467018127,-0.005278072319924831,0.9283505082130432,-0.027784931380301713,32.37549535036087,1.427390104532242,0.06094247736036777,0.06732691513170722,0.41171875,18.800991153717042,-3.2014213502407074e-10,0.323818564414978,0.00017287615148413508,-1.0623070001602173,0.24981087446212769,2848,0.537148654460907,1236,1.330452561378479,12,nan,0,nan,0
416,1703936,30946.9,54.7,40.42,34.5,10,0.125,326,0.7361963190184049,219,159,31,22,7,0,0,135,-4.5025285993682385,18.77625570776256,0.1494104415178299,-0.005195068661123514,0.9285529851913452,-0.03917304868809879,34.93903396129608,1.4257674098014832,0.06128061143681407,0.08734803773404565,0.4208984375,15.461392402648926,-2.153683453798294e-09,0.28624486923217773,0.00017256908904810645,-1.0626044273376465,0.2582217752933502,2768,0.49455147981643677,1322,1.0414230823516846,6,nan,0,nan,0
417,1708032,31022.4,54.6,40.52,34.53,10,0.125,25,0.8,211,155,25,27,4,0,0,117,-4.570533373871743,19.369668246445496,0.13990938663482666,-0.005130307748913765,0.9451737403869629,-0.028585716150701046,32.9712634563446,1.4243319034576416,0.06012601158581674,0.09386272965348326,0.431396484375,15.765635132789612,-1.1641532182693481e-09,0.3301268219947815,0.00017226202661207776,-1.0630325078964233,0.2640130817890167,2718,0.5200775861740112,1376,0.5558995008468628,2,nan,0,nan,0
418,1712128,31097.7,54.7,40.3,34.52,10,0.125,236,0.7711864406779662,211,162,31,14,4,0,0,127,-4.537434274483279,19.274881516587676,0.18562239408493042,-0.004959861747920513,0.9428571462631226,-0.036262769578024746,30.963501286506652,1.4226220071315765,0.057536115497350694,0.07802585454337532,0.402490234375,15.664668130874634,-1.7171259969472885e-09,0.27539050579071045,0.00017195496417604913,-1.0635387897491455,0.25103381276130676,2783,0.48021718859672546,1309,1.8085882663726807,4,nan,0,nan,0
419,1716224,31173.2,54.6,40.53,34.48,10,0.125,451,0.7605321507760532,215,161,29,19,6,0,0,128,-4.481137329755169,19.186046511627907,0.16724494099617004,-0.0050025018863379955,0.9531048536300659,-0.03353194377850741,32.94686048030853,1.4195270717144013,0.06026884261518717,0.05998222149210051,0.383935546875,16.882921624183655,-2.444721758365631e-09,0.2891048192977905,0.00017164790174002044,-1.0648480653762817,0.24714753031730652,2807,0.5139769911766052,1289,nan,0,nan,0,nan,0
420,1720320,31249.0,54.4,40.81,34.5,10,0.125,159,0.7861635220125787,220,171,24,17,8,0,0,138,-4.40817498733655,18.645454545454545,0.201925128698349,-0.00489107146859169,0.931630551815033,-0.036067918909247966,31.030722999572752,1.41367347240448,0.05759083894081414,0.08771571930701612,0.422314453125,13.949958443641663,-1.3096723705530167e-09,0.32197141647338867,0.0001713408393039918,-1.06617271900177,0.25421878695487976,2814,0.4836469292640686,1275,1.4344236850738525,7,nan,0,nan,0
421,1724416,31323.8,55.1,39.83,34.56,10,0.125,366,0.7896174863387978,207,164,27,13,3,0,0,137,-4.57140506937715,19.52173913043478,0.20912376046180725,-0.005507717840373516,0.9411159753799438,-0.03965013687266037,30.003717803955077,1.4076846301555634,0.06527233691886067,0.05023842689988669,0.33349609375,20.874677896499634,-1.862645149230957e-09,0.3145856261253357,0.00017103377686796312,-1.0678715705871582,0.2671804130077362,2749,0.5294539928436279,1331,3.270158052444458,16,nan,0,nan,0
422,1728512,31399.4,54.5,40.62,34.49,10,0.125,70,0.8142857142857143,216,176,22,15,3,0,0,142,-4.564275584354447,19.203703703703702,0.25756582617759705,-0.0048307511024177074,0.9317010045051575,-0.04068051421782002,27.66867036819458,1.4019205152988434,0.05806639078073204,0.05354262992623262,0.34482421875,18.693979024887085,-1.280568540096283e-09,0.23185980319976807,0.0001707267144319345,-1.0690269470214844,0.2549370527267456,2806,0.47564268112182617,1284,2.5412397384643555,6,nan,0,nan,0
423,1732608,31475.1,54.4,40.68,34.56,10,0.125,285,0.8070175438596491,215,173,32,9,1,0,0,132,-4.323452106023603,18.86046511627907,0.2138860821723938,-0.004990814253687859,0.9221850037574768,-0.037229384388774635,28.612221479415894,1.3972561061382294,0.05883047021925449,0.04556134793674573,0.311767578125,19.619745802879333,5.820766091346741e-10,0.3901495933532715,0.00017041965199590583,-1.0702602863311768,0.243350550532341,2665,0.5041157007217407,1415,1.300428867340088,16,nan,0,nan,0
424,1736704,31550.4,54.8,40.24,34.52,10,0.125,502,0.7908366533864541,217,167,28,21,1,0,0,128,-4.488039908267564,19.087557603686637,0.1918327510356903,-0.004948792047798634,0.9280742406845093,-0.04098943008575588,32.302455925941466,1.391952008008957,0.06178501788526773,0.0634019676290336,0.34990234375,16.269212007522583,-3.7834979593753815e-10,0.32996678352355957,0.00017011258955987717,-1.0717036724090576,0.24137099087238312,2843,0.5182503461837769,1249,2.607837200164795,4,nan,0,nan,0
425,1740800,31625.5,54.9,40.18,34.48,10,0.125,202,0.7475247524752475,212,156,34,20,2,0,0,124,-4.541323715833242,19.07075471698113,0.14653229713439941,-0.006093347445130348,0.927394449710846,-0.0317585626617074,34.9423242688179,1.3866549134254456,0.075232500070706,0.07745465089246864,0.366650390625,17.06543822288513,-5.529727786779404e-10,0.35279667377471924,0.0001698055271238485,-1.072878360748291,0.2419033795595169,2731,0.5995440483093262,1353,4.007599353790283,12,nan,0,nan,0
426,1744896,31701.2,54.5,40.68,34.51,10,0.125,420,0.7690476190476191,218,172,19,24,3,0,0,127,-4.333826603706412,19.123853211009173,0.2179442048072815,-0.0053573111072182655,0.9476534128189087,-0.02298582613002509,35.99609075784683,1.382266342639923,0.07067985315807164,0.09534118231094908,0.388720703125,19.21366775035858,-2.240994945168495e-09,0.2325780987739563,0.00016949846468781985,-1.0738389492034912,0.26786985993385315,2745,0.4795463979244232,1325,2.9072065353393555,26,nan,0,nan,0
427,1748992,31777.1,54.2,41.02,34.49,10,0.125,121,0.7933884297520661,213,171,23,16,3,0,0,132,-4.301680459103406,19.03286384976526,0.2215765416622162,-0.005459662526845932,0.9381921291351318,-0.033495692047290505,28.905568295717238,1.379133051633835,0.06858704728074372,0.06519675056333654,0.3580078125,20.057196617126465,-1.8044374883174896e-09,0.30223584175109863,0.0001691914022517912,-1.0744121074676514,0.2560349106788635,2845,0.5299681425094604,1237,1.5534536838531494,14,nan,0,nan,0
428,1753088,31852.9,54.4,40.76,34.5,10,0.125,335,0.7880597014925373,214,168,23,20,3,0,0,130,-4.45214630545495,19.233644859813083,0.21303629875183105,-0.004621446132659912,0.9304482340812683,-0.03791602673009038,30.44112673997879,1.3760962069034577,0.055938660306856035,0.06322441075317328,0.36591796875,15.360765194892883,-9.604264050722122e-10,0.24335455894470215,0.00016888433981576253,-1.0755622386932373,0.25757503509521484,2809,0.48928388953208923,1282,1.0272083282470703,5,nan,0,nan,0
429,1757184,31929.1,54.1,41.27,34.5,10,0.125,45,0.6888888888888889,222,167,26,23,6,0,0,128,-4.406750496387211,18.472972972972972,0.1861339807510376,-0.00555187463760376,0.9210118651390076,-0.042965658172033724,33.15975799560547,1.3709541022777558,0.06404478973709046,0.05806385830364889,0.329248046875,17.03957281112671,-1.8335413187742233e-09,0.2796066999435425,0.00016857727737973387,-1.076737642288208,0.2387850135564804,2711,0.5441777110099792,1366,2.139584541320801,19,nan,0,nan,0
430,1761280,32004.9,54.4,40.79,34.53,10,0.125,263,0.7908745247148289,218,177,20,17,4,0,0,136,-4.501127052485442,18.711009174311926,0.25308161973953247,-0.004683612380176783,0.9345023036003113,-0.018169264728203415,28.66175259947777,1.3680336892604827,0.056168490275740626,0.11935516780795297,0.4669921875,19.628601264953613,-3.1723175197839737e-09,0.2950560450553894,0.0001682702149437052,-1.0769380331039429,0.25435373187065125,2798,0.4838307201862335,1283,1.7862880229949951,15,nan,0,nan,0
431,1765376,32080.4,54.6,40.54,34.52,10,0.125,475,0.7957894736842105,212,170,21,18,3,0,0,123,-4.382943708028924,19.24056603773585,0.2352086454629898,-0.005076070316135883,0.9423274993896484,-0.03262560310540721,31.150072038173676,1.3671187162399292,0.06054491805844009,0.05867450565274339,0.370068359375,19.36231632232666,-1.1059455573558807e-09,0.26583999395370483,0.00016796315250767655,-1.0775187015533447,0.28643009066581726,2914,0.49329227209091187,1173,1.9975659847259521,9,nan,0,nan,0
432,1769472,32156.5,54.2,41.03,34.51,10,0.125,181,0.7790055248618785,218,168,26,23,1,0,0,128,-4.3095851598398065,18.91743119266055,0.19719089567661285,-0.005324501544237137,0.9226405620574951,-0.03750599150080234,32.06830861568451,1.364819049835205,0.05942317396402359,0.08287670894205804,0.41064453125,15.3855970621109,-4.2782630771398544e-09,0.3088728189468384,0.0001676560900716479,-1.0779626369476318,0.25823503732681274,2723,0.5240471959114075,1367,0.7897909283638,6,nan,0,nan,0
433,1773568,32232.4,54.3,40.96,34.5,10,0.125,402,0.7860696517412935,221,175,29,14,3,0,0,136,-4.214215380603252,18.375565610859727,0.22754980623722076,-0.005188952200114727,0.9318709969520569,-0.04259496761951596,29.707254004478454,1.3615858852863312,0.05974312480539083,0.06281214072078001,0.384375,14.171755981445312,-2.153683453798294e-09,0.29057347774505615,0.00016734902763561923,-1.0792326927185059,0.2437322437763214,2782,0.5306021571159363,1309,1.821795105934143,5,nan,0,nan,0
434,1777664,32308.3,54.3,40.95,34.52,10,0.125,106,0.7924528301886793,216,177,27,10,2,0,0,144,-4.364765136011142,19.287037037037038,0.25097227096557617,-0.0051412200555205345,0.9291236996650696,-0.032434783317148684,31.897965955734254,1.3567179799079896,0.0646749893669039,0.04713959473883733,0.339306640625,18.859008502960204,-6.402842700481415e-10,0.32289350032806396,0.00016704196519959057,-1.0802351236343384,0.2640005648136139,2758,0.492356538772583,1322,3.3564321994781494,16,nan,0,nan,0
435,1781760,32384.0,54.5,40.66,34.52,10,0.125,323,0.7678018575851393,217,164,20,25,8,0,0,127,-4.319550278909222,18.829493087557605,0.17510250210762024,-0.004953605122864246,0.9291054606437683,-0.03187016635201871,35.05766756534577,1.3538714706897736,0.05837370217777789,0.05298564021359198,0.346484375,20.642123794555665,-1.979060471057892e-09,0.21365904808044434,0.0001667349027635619,-1.0806846618652344,0.2488863617181778,2745,0.49380049109458923,1334,1.6590501070022583,17,nan,0,nan,0
436,1785856,32459.4,54.7,40.36,34.54,10,0.125,27,0.7407407407407407,216,161,29,23,3,0,0,123,-4.3890254209767585,18.88425925925926,0.15963023900985718,-0.005633280146867037,0.9420102834701538,-0.037751098675653336,35.58896557092667,1.352994567155838,0.06256075878627598,0.08472836983710294,0.418896484375,18.57076766490936,-1.3096723705530167e-09,0.2529394030570984,0.00016642784032753325,-1.0806236267089844,0.27044686675071716,2748,0.5308500528335571,1336,2.4889142513275146,12,nan,0,nan,0
437,1789952,32535.3,54.3,40.91,34.49,10,0.125,249,0.7269076305220884,222,161,25,26,10,0,0,129,-4.347934597630306,18.52252252252252,0.16191798448562622,-0.005270260386168957,0.9248838424682617,-0.022950254729948938,35.80680197477341,1.352645367383957,0.062309186859056356,0.07988620666292263,0.3921875,23.25746359825134,-1.8335413187742233e-09,0.2889047861099243,0.0001661207778915046,-1.0809459686279297,0.255665123462677,2769,0.5336536169052124,1314,2.47684645652771,13,nan,0,nan,0
438,1794048,32611.5,54.1,41.17,34.52,10,0.125,463,0.7278617710583153,214,156,25,30,3,0,0,117,-4.477762494762144,18.934579439252335,0.15436887741088867,-0.004778832197189331,0.9281298518180847,-0.03585985992103815,34.88049199581146,1.3500435054302216,0.054915770143270495,0.09561666899098782,0.416796875,14.916693830490113,-1.4260876923799515e-09,0.2810106873512268,0.00016581371545547593,-1.0820800065994263,0.2573089301586151,2724,0.5019067525863647,1360,1.2436519861221313,12,nan,0,nan,0
439,1798144,32687.6,54.2,41.15,34.48,10,0.125,171,0.7368421052631579,220,165,24,27,4,0,0,114,-4.410697938021456,18.7,0.1755538284778595,-0.004992188420146704,0.9440144300460815,-0.03575190857518464,34.184537863731386,1.3454234898090363,0.06086626276373863,0.0768373417085968,0.363671875,19.118779444694518,-2.3865140974521637e-09,0.25465768575668335,0.00016550665301944727,-1.083025336265564,0.24945691227912903,2840,0.5066263675689697,1251,2.2799243927001953,5,nan,0,nan,0
440,1802240,32763.2,54.5,40.6,34.54,10,0.125,393,0.7353689567430025,222,163,34,17,8,0,0,116,-4.281862594616416,18.445945945945947,0.15196090936660767,-0.005551708862185478,0.9315952658653259,-0.030730675789527595,34.84766520261765,1.3420812487602234,0.06236920868977904,0.05790412754722638,0.35322265625,18.273117303848267,-1.6589183360338211e-09,0.3454415798187256,0.0001651995905834186,-1.0838526487350464,0.2522583305835724,2804,0.577053427696228,1290,2.8443150520324707,2,nan,0,nan,0
441,1806336,32839.2,54.2,40.99,34.52,10,0.125,103,0.7281553398058253,222,164,34,22,2,0,0,126,-4.224042805433197,18.585585585585587,0.16935086250305176,-0.005052272696048021,0.94734126329422,-0.028581636492162943,35.633434009552005,1.338984453678131,0.06015623682178557,0.04912327422061935,0.3462890625,20.664667940139772,2.3283064365386963e-10,0.2754802703857422,0.00016489252814738998,-1.0844926834106445,0.24522674083709717,2820,0.5125753283500671,1270,1.0278897285461426,6,nan,0,nan,0
442,1810432,32914.7,54.6,40.48,34.54,10,0.125,322,0.7391304347826086,219,163,37,14,5,0,0,127,-4.383206336497543,18.69406392694064,0.1703251600265503,-0.005059549119323492,0.9380964636802673,-0.03980385463219136,34.787159252166745,1.3365633547306062,0.05941993528977037,0.06495249659783439,0.394482421875,13.940977525711059,-1.7171259969472885e-09,0.32932913303375244,0.0001645854657113613,-1.085208535194397,0.24294649064540863,2805,0.5466538071632385,1280,1.0105630159378052,11,nan,0,nan,0
443,1814528,32990.8,54.3,40.95,34.5,10,0.125,24,0.8333333333333334,214,152,33,24,5,0,0,120,-4.3989978526186775,19.065420560747665,0.11247502267360687,-0.005764898844063282,0.9307058453559875,-0.03325077526969835,39.87214014530182,1.3326030135154725,0.07071071127429604,0.05445796941057779,0.366748046875,19.459403848648073,-3.4924596548080444e-10,0.33363044261932373,0.00016427840327533266,-1.0863430500030518,0.2500692903995514,2776,0.5633204579353333,1298,1.9540363550186157,22,nan,0,nan,0
444,1818624,33067.5,53.8,41.71,34.49,10,0.125,249,0.7991967871485943,225,179,22,20,4,0,0,145,-4.361222864954175,18.26222222222222,0.24368706345558167,-0.00443676020950079,0.9390338659286499,-0.03908249503001571,30.65076414346695,1.329186099767685,0.054125087312422694,0.043672235411941075,0.308642578125,19.948793840408324,-1.3387762010097504e-09,0.27630841732025146,0.00016397134083930397,-1.0868875980377197,0.246690571308136,2774,0.4628067910671234,1319,0.9902331829071045,3,nan,0,nan,0
445,1822720,33143.4,54.3,40.83,34.54,10,0.125,463,0.7796976241900648,214,162,27,21,4,0,0,131,-4.242764911737147,19.11214953271028,0.17723974585533142,-0.004896309692412615,0.9332818388938904,-0.024847046472132206,34.94029711484909,1.3279621183872223,0.06143939103931188,0.08653947779530427,0.43642578125,22.76662859916687,-1.4260876923799515e-09,0.287173330783844,0.00016366427840327534,-1.0869070291519165,0.24610412120819092,2812,0.4903186857700348,1274,3.4435553550720215,10,nan,0,nan,0
446,1826816,33219.4,54.2,41.07,34.48,10,0.125,165,0.7878787878787878,214,172,30,9,3,0,0,135,-4.443714522817392,19.046728971962615,0.23139595985412598,-0.00487012043595314,0.9371458292007446,-0.03208791553042829,30.919828009605407,1.3276484787464142,0.05658524646423757,0.09694629699224606,0.440283203125,14.046361231803894,-2.561137080192566e-09,0.3362533450126648,0.00016335721596724665,-1.0871671438217163,0.24678999185562134,2783,0.5004942417144775,1310,1.8718916177749634,3,nan,0,nan,0
447,1830912,33295.5,54.2,41.07,34.56,10,0.125,381,0.7952755905511811,216,173,17,22,4,0,0,136,-4.34913821292567,18.837962962962962,0.24471233785152435,-0.004710623063147068,0.9481958746910095,-0.03308328009443358,26.581771528720857,1.325145959854126,0.054441436449997126,0.08493227422150085,0.398291015625,19.999387764930724,-1.949956640601158e-09,0.26507502794265747,0.00016305015353121802,-1.0882883071899414,0.26737526059150696,2849,0.48953700065612793,1245,1.2557508945465088,2,nan,0,nan,0
448,1835008,33371.6,54.1,41.19,34.48,10,0.125,89,0.8202247191011236,220,175,22,17,6,0,0,134,-4.375606367680155,18.668181818181818,0.24111983180046082,-0.0049259113147854805,0.9411764740943909,-0.036364198802039026,29.896105110645294,1.3198397278785705,0.05739889689721167,0.06561259510053788,0.376611328125,15.170466923713684,-8.731149137020111e-10,0.2706994414329529,0.00016274309109518933,-1.089704990386963,0.24151431024074554,2772,0.5070252418518066,1314,1.8274476528167725,10,nan,0,nan,0
449,1839104,33447.4,54.4,40.81,34.47,10,0.125,304,0.8125,215,174,18,19,4,0,0,142,-4.298147562387052,19.027906976744188,0.2490343451499939,-0.006007629446685314,0.9433135986328125,-0.03134951987303793,28.957613039016724,1.315222305059433,0.07005412746220827,0.06096973959356546,0.355029296875,16.51726622581482,-2.6193447411060333e-09,0.40155941247940063,0.0001624360286591607,-1.0906190872192383,0.2743558883666992,2699,0.542133629322052,1366,2.2767910957336426,31,nan,0,nan,0
450,1843200,33523.5,54.1,41.11,34.54,20,0.25,0,,220,173,22,22,3,0,0,141,-4.413091762550356,18.6,0.2340850830078125,-0.005673459731042385,0.9347265362739563,-0.028400267602410167,29.16030764579773,1.3114921569824218,0.06459006480872631,0.0882280175210326,0.42099609375,15.88268222808838,-2.35741026699543e-09,0.267780601978302,0.000162128966223132,-1.0914850234985352,0.2572915256023407,2749,0.5644455552101135,1339,1.7820615768432617,8,nan,0,nan,0
451,1847296,33598.6,55.0,40.0,34.54,20,0.25,193,0.616580310880829,209,131,47,28,3,0,0,93,-4.206984390612919,19.66507177033493,-0.0067648328840732574,-0.01598629169166088,0.9621816277503967,-0.01506414454197511,43.27475821971893,1.3089321494102477,0.1702656580135226,0.03953675324592041,0.319580078125,42.68727173805237,-2.1827872842550278e-09,0.4103560447692871,0.00016182190378710338,-1.0920088291168213,0.3056508004665375,2451,0.7232896089553833,1625,2.59055757522583,20,nan,0,nan,0
452,1851392,33673.9,54.8,40.2,34.51,20,0.25,397,0.5919395465994962,204,116,53,30,5,0,0,90,-4.131418814979048,20.230392156862745,-0.06739833950996399,-0.013742622919380665,0.980215847492218,-0.03552364832721651,41.555469393730164,1.306962287425995,0.15633786460384727,0.04673087427945575,0.32578125,19.931807231903075,-6.111804395914078e-10,0.3736875653266907,0.0001615148413510747,-1.09229576587677,0.2801341712474823,2550,0.6591274738311768,1515,2.5637850761413574,31,nan,0,nan,0
453,1855488,33749.0,54.9,40.15,34.5,20,0.25,87,0.5632183908045977,202,116,45,35,6,0,0,88,-4.1222814589074925,19.886138613861387,-0.05890290439128876,-0.013464014045894146,0.9838212728500366,-0.029710332254762762,41.010672664642335,1.30523424744606,0.16069639129564167,0.056695146317360924,0.342919921875,21.89286141395569,-1.5133991837501526e-09,0.34571295976638794,0.00016120777891504606,-1.0930421352386475,0.2756105363368988,2499,0.670538067817688,1587,0.7149885296821594,10,nan,0,nan,0
454,1859584,33824.3,54.7,40.28,34.56,20,0.25,294,0.6224489795918368,207,134,32,36,5,0,0,99,-4.393860170018029,19.835748792270532,0.031997308135032654,-0.012210289016366005,0.98380047082901,-0.03197013294848148,38.48266980648041,1.302597349882126,0.13306364873424173,0.038516879378585146,0.310400390625,27.277046966552735,-1.7462298274040222e-09,0.3837127089500427,0.00016090071647901737,-1.0935786962509155,0.28171849250793457,2553,0.6398072242736816,1533,0.8587805032730103,10,nan,0,nan,0
455,1863680,33899.5,54.8,40.15,34.53,20,0.25,502,0.6055776892430279,208,121,50,32,5,0,0,96,-4.279229181777403,19.947115384615383,-0.04767768830060959,-0.012447092682123184,0.9765946269035339,-0.035141278197988866,39.69470388889313,1.2996683061122893,0.13651944929733872,0.05599951964977663,0.331103515625,24.735997915267944,-8.731149137020111e-10,0.3591088652610779,0.00016059365404298874,-1.0945509672164917,0.25946253538131714,2449,0.6294198632240295,1640,1.5719319581985474,7,nan,0,nan,0
456,1867776,33974.7,54.8,40.2,34.53,20,0.25,198,0.6515151515151515,208,135,46,22,5,0,0,102,-4.407375563682473,19.71153846153846,0.029815226793289185,-0.011506423354148865,0.9796810746192932,-0.036080364335794,37.27635383605957,1.295436328649521,0.13179435590282082,0.051693723573407624,0.34228515625,20.921535158157347,-2.066371962428093e-09,0.4064757823944092,0.00016028659160696005,-1.0954809188842773,0.26181596517562866,2530,0.6133192777633667,1553,1.5026637315750122,13,nan,0,nan,0
457,1871872,34049.8,54.9,40.13,34.49,20,0.25,406,0.6330049261083743,208,128,48,26,6,0,0,90,-4.436931642288423,19.653846153846153,-0.002272825688123703,-0.012645313516259193,0.9884259104728699,-0.040559426345862445,38.54319458007812,1.2919594883918761,0.13617046205326916,0.0397972027931246,0.3044921875,20.962283229827882,2.0372681319713593e-10,0.3885038495063782,0.00015997952917093142,-1.0965384244918823,0.2948168218135834,2509,0.6499630808830261,1569,1.7871344089508057,18,nan,0,nan,0
458,1875968,34124.2,55.4,39.37,34.54,20,0.25,95,0.5157894736842106,201,110,52,32,6,1,0,78,-4.388235497460047,20.233830845771145,-0.09154049307107925,-0.014471395872533321,0.9881899952888489,-0.024140929093118758,50.10159869194031,1.2889901280403138,0.18653648141771556,0.05405967168335337,0.3578125,27.11117057800293,-1.57160684466362e-09,0.3377905488014221,0.00015967246673490273,-1.0968151092529297,0.2817016839981079,2515,0.7300023436546326,1550,4.998687744140625,31,nan,0,nan,0
459,1880064,34199.3,54.9,40.08,34.56,20,0.25,302,0.5794701986754967,207,126,48,28,5,0,0,96,-4.233245701070138,19.971014492753625,-0.025431469082832336,-0.013078640215098858,0.9899716973304749,-0.027449605334550143,38.57547979354858,1.2863673925399781,0.14260673932731152,0.0732234491573763,0.369677734375,23.245726919174196,-3.1723175197839737e-09,0.3749657869338989,0.0001593654042988741,-1.0978977680206299,0.2779200077056885,2489,0.6591578722000122,1593,2.303877115249634,14,nan,0,nan,0
460,1884160,34274.3,54.9,40.08,34.52,20,0.25,506,0.5909090909090909,204,124,43,36,1,0,0,87,-4.453307507980569,19.892156862745097,-0.011411679908633232,-0.011806139722466469,0.9840698838233948,-0.03991360422223807,39.53110094070435,1.2822544813156127,0.12531591001898051,0.07589595659665065,0.39306640625,15.822132396697999,-2.648448571562767e-09,0.32733142375946045,0.0001590583418628454,-1.0988792181015015,0.2717185914516449,2556,0.5981759428977966,1538,0.7957904934883118,2,nan,0,nan,0
461,1888256,34349.4,54.9,40.13,34.5,20,0.25,200,0.635,206,130,40,33,3,0,0,98,-4.436072297105703,19.95145631067961,0.01189347356557846,-0.01382179744541645,0.9858611822128296,-0.029215756827034055,36.07908272743225,1.277910876274109,0.15341117940843105,0.09801219118235167,0.398681640625,19.086677289009096,-2.0372681319713593e-09,0.39907896518707275,0.00015875127942681678,-1.0999884605407715,0.2975367605686188,2506,0.7012180685997009,1570,2.4002127647399902,20,nan,0,nan,0
462,1892352,34424.4,55.0,39.93,34.51,20,0.25,406,0.6354679802955665,206,131,48,22,5,0,0,104,-4.307292583659708,19.99514563106796,0.02748599834740162,-0.013507730327546597,0.983547568321228,-0.03345206112135202,39.2883038520813,1.2749151110649108,0.2166543052531779,0.06490791704127333,0.355029296875,17.263992500305175,-9.604264050722122e-10,0.4379401206970215,0.00015844421699078812,-1.10038161277771,0.30380943417549133,2478,0.7357321977615356,1592,6.237546443939209,26,nan,0,nan,0
463,1896448,34499.2,55.0,39.86,34.56,20,0.25,93,0.6236559139784946,199,120,45,32,2,0,0,92,-4.415312091480109,20.55778894472362,-0.027885789051651955,-0.014345367439091206,0.9822940826416016,-0.026253338111564516,38.963849091529845,1.2715090811252594,0.16973928604274988,0.06947189518541563,0.38330078125,20.552123689651488,-1.3387762010097504e-09,0.43479490280151367,0.00015813715455475946,-1.1018853187561035,0.30048033595085144,2475,0.745182991027832,1596,1.752345085144043,25,nan,0,nan,0
464,1900544,34573.7,55.4,39.43,34.53,20,0.25,302,0.6390728476821192,209,135,36,33,5,0,0,108,-4.304533529704275,19.559808612440193,0.03794651851058006,-0.011852594092488289,0.9786467552185059,-0.026008248678408563,35.66071395874023,1.266307646036148,0.1243605175986886,0.0782535558231757,0.375341796875,22.252078819274903,2.9103830456733704e-11,0.389492928981781,0.0001578300921187308,-1.1026781797409058,0.27890855073928833,2516,0.6284512877464294,1559,1.4082403182983398,21,nan,0,nan,0
465,1904640,34649.3,54.5,40.67,34.51,20,0.25,505,0.6237623762376238,203,122,42,36,3,0,0,95,-4.317113451618322,19.876847290640395,-0.014304496347904205,-0.012766700237989426,0.9833033680915833,-0.03523715842748061,38.850475907325745,1.2626546204090119,0.1405864647589624,0.047893677836691496,0.301953125,24.107303380966187,-6.984919309616089e-10,0.35594093799591064,0.00015752302968270214,-1.1040420532226562,0.28357285261154175,2524,0.6619147658348083,1555,1.922850489616394,17,nan,0,nan,0
466,1908736,34724.2,55.1,39.83,34.53,20,0.25,203,0.6059113300492611,210,126,48,32,4,0,0,99,-4.246955731580219,19.97142857142857,-0.018323544412851334,-0.012511101551353931,0.9750385880470276,-0.03420994973275811,38.47319087982178,1.2564005613327027,0.13706066785380244,0.07753400299407076,0.379541015625,17.66736228466034,-1.1059455573558807e-09,0.39215147495269775,0.00015721596724667348,-1.1055469512939453,0.28620022535324097,2535,0.6178272366523743,1553,3.272533893585205,8,nan,0,nan,0
467,1912832,34799.1,55.0,39.98,34.53,20,0.25,410,0.6219512195121951,207,132,36,33,6,0,0,97,-4.324310333307224,19.545893719806763,0.03650385141372681,-0.012873782776296139,0.9799434542655945,-0.03718491368927061,35.6995171546936,1.2525132715702056,0.13448096783831714,0.058446803194237874,0.334765625,24.523314809799196,-9.313225746154785e-10,0.37709617614746094,0.00015690890481064482,-1.1060173511505127,0.3142223656177521,2527,0.6496734023094177,1561,1.5469900369644165,8,nan,0,nan,0
468,1916928,34874.6,54.6,40.47,34.49,20,0.25,104,0.5769230769230769,206,129,43,29,5,0,0,96,-4.3770682463012855,20.04854368932039,0.018277768045663834,-0.01062510721385479,0.982519268989563,-0.020472578110639007,37.551704502105714,1.249881649017334,0.1151540519669652,0.10867318988894112,0.4392578125,17.289364099502563,-1.7462298274040222e-09,0.35436171293258667,0.00015660184237461616,-1.1070411205291748,0.27780681848526,2584,0.586682915687561,1502,1.1486889123916626,10,nan,0,nan,0
469,1921024,34949.4,55.1,39.81,34.53,20,0.25,303,0.5742574257425742,199,114,44,33,7,1,0,76,-4.333724366937777,20.35678391959799,-0.05788540840148926,-0.013397324830293655,0.9858865737915039,-0.013465087895747274,46.857562851905826,1.2458893656730652,0.1790181272663176,0.12142172918102005,0.423291015625,25.040526723861696,-2.066371962428093e-09,0.3494391441345215,0.0001562947799385875,-1.1078014373779297,0.2807213366031647,2442,0.6585879921913147,1627,4.239736080169678,27,nan,0,nan,0
470,1925120,35024.3,55.1,39.85,34.56,20,0.25,510,0.5843137254901961,207,124,57,24,2,0,0,86,-4.3183686300126,19.96135265700483,-0.017057446762919426,-0.013625706546008587,0.9886860251426697,-0.032292041589971635,40.71231694221497,1.2427023887634276,0.1563400026410818,0.0792045683338074,0.344091796875,18.716686606407166,-3.0850060284137726e-09,0.35698002576828003,0.00015598771750255884,-1.1088892221450806,0.31485745310783386,2475,0.6924432516098022,1605,3.890357255935669,16,nan,0,nan,0
471,1929216,35099.0,55.2,39.72,34.55,20,0.25,200,0.635,202,129,41,24,8,0,0,87,-4.328515301904314,20.198019801980198,0.022481845691800117,-0.013214515522122383,0.9799692034721375,-0.03190574562177062,39.934942841529846,1.237672394514084,0.15309297749772668,0.06845644294226076,0.37666015625,20.15034713745117,-1.4551915228366852e-09,0.3474012613296509,0.00015568065506653018,-1.1100608110427856,0.2705945074558258,2524,0.7003235220909119,1565,3.0457394123077393,7,nan,0,nan,0
472,1933312,35174.8,54.4,40.76,34.5,20,0.25,406,0.6527093596059114,206,138,37,26,5,0,0,109,-4.292815646670953,20.04854368932039,0.06141229346394539,-0.011212825775146484,0.983547568321228,-0.034611962060444056,35.50051507949829,1.23418847322464,0.12937747240066527,0.06913031300500734,0.331640625,20.326188373565675,-1.6880221664905548e-09,0.3957909345626831,0.00015537359263050152,-1.1107301712036133,0.27162960171699524,2608,0.643612265586853,1471,4.169363021850586,17,nan,0,nan,0
473,1937408,35249.5,55.1,39.76,34.52,20,0.25,99,0.6161616161616161,205,126,43,30,6,0,0,96,-4.390220446154889,19.965853658536584,0.008756889030337334,-0.01334063708782196,0.9830377697944641,-0.04236194748664275,38.983712029457095,1.2313235998153687,0.14012300856411458,0.06750428440864198,0.35537109375,17.746482849121094,-1.3969838619232178e-09,0.3470781445503235,0.00015506653019447286,-1.1115496158599854,0.2798238694667816,2473,0.6766876578330994,1622,2.1725616455078125,1,nan,0,nan,0
474,1941504,35324.8,54.8,40.2,34.49,20,0.25,301,0.6445182724252492,202,133,42,17,10,0,0,96,-4.394165873653885,20.301980198019802,0.05069185793399811,-0.01167375035583973,0.9863893389701843,-0.0426828897325322,38.30797924995422,1.2280378937721252,0.1295115209184587,0.05450368062593043,0.34462890625,17.92984890937805,-1.3387762010097504e-09,0.34714680910110474,0.0001547594677584442,-1.1123816967010498,0.2671710252761841,2618,0.6184492111206055,1474,3.344409942626953,4,nan,0,nan,0
475,1945600,35399.7,55.1,39.78,34.54,20,0.25,507,0.6232741617357002,206,122,45,34,5,0,0,88,-4.203322480590803,19.538834951456312,-0.021457290276885033,-0.011586575768887997,0.9840617179870605,-0.03587078023701906,40.75326144695282,1.2235622227191925,0.1280001680366695,0.05370666939561488,0.347607421875,21.82126247882843,-2.8812792152166367e-09,0.30759555101394653,0.00015445240532241554,-1.1137731075286865,0.2627202868461609,2433,0.5816318988800049,1646,1.29850172996521,17,nan,0,nan,0
476,1949696,35474.9,54.8,40.15,34.57,20,0.25,196,0.6683673469387755,201,134,41,20,5,1,0,98,-4.223828070011591,20.64676616915423,0.05205726623535156,-0.011634273454546928,0.9794608354568481,-0.03482491956092417,41.482837200164795,1.2197267532348632,0.13551979707553982,0.06568838656676235,0.35166015625,22.772007989883424,-1.2514647096395493e-09,0.37105876207351685,0.00015414534288638688,-1.1140708923339844,0.27104443311691284,2549,0.5723225474357605,1521,2.5561773777008057,26,nan,0,nan,0
477,1953792,35549.7,55.1,39.87,34.51,20,0.25,400,0.655,204,131,49,20,4,0,0,98,-4.196284336605058,20.284313725490197,0.014868738129734993,-0.01235982682555914,0.9817574620246887,-0.039346400462090966,41.44985346794128,1.2185856699943542,0.15577104901894928,0.06171281688439194,0.362109375,17.998483610153198,-1.3969838619232178e-09,0.3917565941810608,0.00015383828045035822,-1.1145570278167725,0.26842209696769714,2496,0.6382303833961487,1575,4.373983383178711,25,nan,0,nan,0
478,1957888,35624.6,55.1,39.78,34.56,20,0.25,87,0.5862068965517241,199,129,44,24,2,0,0,95,-4.208159368809566,20.266331658291456,0.023368407040834427,-0.012744728475809097,0.9794713854789734,-0.029244928434491158,43.34898223876953,1.2166135966777802,0.15385992014780642,0.055779444990912454,0.36298828125,23.861967420578004,-2.0954757928848267e-09,0.3956746459007263,0.00015353121801432956,-1.1149613857269287,0.2668529450893402,2532,0.6578807830810547,1534,3.21793270111084,30,nan,0,nan,0
479,1961984,35699.0,55.4,39.36,34.52,20,0.25,281,0.6014234875444839,194,118,48,25,3,0,0,90,-4.383184251501849,21.170103092783506,-0.015552393160760403,-0.01176950428634882,0.9805228114128113,-0.03133228989318013,40.73539683818817,1.215423482656479,0.13677781289443375,0.054565082683984654,0.335009765625,25.45497407913208,-2.2992026060819626e-09,0.3892139792442322,0.0001532241555783009,-1.1151933670043945,0.26760628819465637,2508,0.6201291084289551,1555,2.695058584213257,33,nan,0,nan,0
480,1966080,35773.3,55.4,39.33,34.57,20,0.25,482,0.6182572614107884,201,129,35,30,7,0,0,91,-4.225581261238621,20.238805970149254,0.033347129821777344,-0.0118243508040905,0.9843388795852661,-0.030912510049529374,37.72587537765503,1.2144889771938323,0.12601130558177828,0.06457907340081874,0.39833984375,21.025130414962767,-1.57160684466362e-09,0.31991803646087646,0.00015291709314227227,-1.1154059171676636,0.27260762453079224,2398,0.5944455862045288,1689,1.1450999975204468,9,nan,0,nan,0
481,1970176,35847.4,55.6,39.04,34.57,20,0.25,165,0.593939393939394,195,115,51,23,5,1,0,81,-4.0721470410959935,20.96923076923077,-0.04546806216239929,-0.013719437643885612,0.9869264364242554,-0.0319220811361447,41.82090284824371,1.2126305997371674,0.16356661738827824,0.058887733992014545,0.351025390625,21.00735459327698,-2.648448571562767e-09,0.371982216835022,0.00015261003070624358,-1.116397500038147,0.2828712463378906,2353,0.6629003882408142,1716,4.304472923278809,27,nan,0,nan,0
482,1974272,35922.0,55.3,39.61,34.52,20,0.25,367,0.6130790190735694,202,127,46,27,2,0,0,91,-4.3569479896604255,20.386138613861387,0.02034253440797329,-0.011343834921717644,0.9853621125221252,-0.03692830523941666,38.63044135570526,1.2080226957798004,0.1247487012296915,0.06503304221114377,0.377099609375,20.18783071041107,-2.1827872842550278e-09,0.3252335786819458,0.00015230296827021495,-1.1174386739730835,0.27475741505622864,2535,0.6030685305595398,1556,1.0201060771942139,5,nan,0,nan,0
483,1978368,35996.9,55.1,39.76,34.57,20,0.25,57,0.5789473684210527,202,118,43,37,4,0,0,89,-4.3771145617461675,20.292079207920793,-0.021014492958784103,-0.011611005291342735,0.9817668199539185,-0.033237857092171905,38.841721987724306,1.2030545771121979,0.12519424874335527,0.09498214618070051,0.409130859375,21.314155435562135,1.1641532182693481e-10,0.332133948802948,0.00015199590583418626,-1.1189179420471191,0.2828671932220459,2527,0.6177819967269897,1557,1.208466649055481,12,nan,0,nan,0
484,1982464,36071.5,55.3,39.59,34.52,20,0.25,254,0.610236220472441,197,122,51,18,6,0,0,89,-4.320129250310199,20.639593908629443,-0.00048295315355062485,-0.01350952498614788,0.9797384142875671,-0.03885229490697384,42.106149959564206,1.1982579231262207,0.14455797020345926,0.06544496148853796,0.373779296875,20.72835683822632,-2.4156179279088974e-09,0.3680468797683716,0.00015168884339815763,-1.1197774410247803,0.27764853835105896,2456,0.6805939674377441,1621,1.4823583364486694,19,nan,0,nan,0
485,1986560,36146.2,55.1,39.75,34.53,20,0.25,464,0.6400862068965517,210,142,45,18,5,0,0,112,-4.432757710559416,19.761904761904763,0.08226409554481506,-0.010986823588609695,0.9806999564170837,-0.03749223427148536,37.56202857494354,1.1943791389465332,0.12262076186016202,0.05308968443277991,0.324658203125,24.81522068977356,-1.3096723705530167e-09,0.36358439922332764,0.00015138178096212894,-1.1210424900054932,0.2602100074291229,2445,0.6034162044525146,1635,1.110573172569275,16,nan,0,nan,0
486,1990656,36220.8,55.3,39.56,34.54,20,0.25,155,0.6064516129032258,203,124,53,19,7,0,0,93,-4.240995121464449,20.098522167487683,-0.01019061729311943,-0.011980442330241203,0.9755972027778625,-0.039232586708385496,39.52806620597839,1.1897806346416473,0.13335946034640073,0.04644283092056867,0.313671875,24.091183614730834,-2.270098775625229e-09,0.3763153553009033,0.0001510747185261003,-1.1219425201416016,0.263490229845047,2363,0.6367040276527405,1714,1.4352850914001465,19,nan,0,nan,0
487,1994752,36295.5,55.2,39.73,34.52,20,0.25,358,0.6340782122905028,203,133,40,26,4,0,0,103,-4.397282436143304,20.11822660098522,0.04532298445701599,-0.011845584958791733,0.9868995547294617,-0.037479957984760406,34.95672099590301,1.1870475172996522,0.12828724328428506,0.053676600380276794,0.341064453125,19.72497925758362,-2.764863893389702e-09,0.42989540100097656,0.00015076765609007162,-1.1224086284637451,0.2875734567642212,2483,0.5974940061569214,1588,1.7633939981460571,25,nan,0,nan,0
488,1998848,36370.6,54.9,40.02,34.57,20,0.25,51,0.6078431372549019,205,128,50,22,5,0,0,101,-4.373130135330079,20.180487804878048,0.028966691344976425,-0.011118043214082718,0.978154718875885,-0.04121161950752139,38.537546849250795,1.1856839656829834,0.12517856257036328,0.06763963427656564,0.350732421875,18.54501280784607,-1.0186340659856796e-09,0.3372570872306824,0.000150460593654043,-1.1226556301116943,0.2621968686580658,2515,0.6176440119743347,1567,1.0722739696502686,14,nan,0,nan,0
489,2002944,36445.3,55.2,39.71,34.55,20,0.25,248,0.6491935483870968,197,130,38,23,6,0,0,102,-4.281259780484213,20.441624365482234,0.050362564623355865,-0.011619900353252888,0.9807642698287964,-0.04266121634282172,37.103714156150815,1.1829264521598817,0.12487618019804358,0.06114553247170988,0.351806640625,19.370430326461793,-1.1059455573558807e-09,0.32151538133621216,0.0001501535312180143,-1.123857855796814,0.2613958716392517,2531,0.6017603278160095,1550,1.9074448347091675,15,nan,0,nan,0
490,2007040,36520.8,54.6,40.43,34.54,20,0.25,455,0.6879120879120879,207,152,39,12,4,0,0,118,-4.268729087472585,20.0,0.13578982651233673,-0.011831305921077728,0.9771149158477783,-0.031596918671857564,34.345961284637454,1.1792224764823913,0.13354803407564758,0.08913105422398075,0.403466796875,20.5720016002655,-1.5133991837501526e-09,0.3803192973136902,0.00014984646878198567,-1.1241559982299805,0.2690781056880951,2563,0.6409546136856079,1523,1.1731213331222534,10,nan,0,nan,0
491,2011136,36595.7,55.0,39.91,34.54,20,0.25,143,0.5804195804195804,200,121,51,23,5,0,0,90,-4.253722094472311,20.555,-0.009798791259527206,-0.011469287797808647,0.9804928302764893,-0.032264849956845865,40.24756844043732,1.1783514201641083,0.12642440870404242,0.06382349859777606,0.36748046875,24.325306177139282,-1.076841726899147e-09,0.34831637144088745,0.000149539406345957,-1.1247096061706543,0.26538485288619995,2465,0.6023823022842407,1600,1.524152398109436,31,nan,0,nan,0
492,2015232,36670.4,55.1,39.7,34.57,20,0.25,344,0.5988372093023255,201,123,46,29,3,0,0,92,-4.224868411842216,20.393034825870647,0.0024470104835927486,-0.011263659223914146,0.976893424987793,-0.036153540608938786,39.05545482635498,1.1742995440959931,0.11856232779100537,0.11897013536945451,0.4041015625,16.49873218536377,-1.1059455573558807e-09,0.3301895260810852,0.00014923234390992835,-1.1260899305343628,0.25947901606559753,2469,0.5593365430831909,1617,1.2055109739303589,10,nan,0,nan,0
493,2019328,36745.2,55.1,39.75,34.53,20,0.25,33,0.5757575757575758,201,122,52,24,3,0,0,92,-4.160333538109321,20.17910447761194,-0.008064322173595428,-0.012209689244627953,0.9807445406913757,-0.039361311274115,37.502335739135745,1.1688776016235352,0.13028315231204032,0.1018379288725555,0.393994140625,18.395261144638063,-4.656612873077393e-10,0.3802649974822998,0.0001489252814738997,-1.127274513244629,0.259909063577652,2380,0.6333840489387512,1707,2.093564748764038,9,nan,0,nan,0
494,2023424,36819.3,55.6,39.14,34.55,20,0.25,230,0.6304347826086957,197,126,47,19,5,0,0,95,-4.132968785212684,20.82741116751269,0.018253860995173454,-0.011797696352005005,0.9738394618034363,-0.035760362166911364,38.29583327770233,1.1644586145877838,0.12670370442792772,0.07471653320098995,0.4017578125,19.43485803604126,-2.7066562324762344e-09,0.3804249167442322,0.00014861821903787103,-1.1283318996429443,0.2662699222564697,2535,0.6031603813171387,1559,2.0092825889587402,2,nan,0,nan,0
495,2027520,36894.1,55.2,39.65,34.55,20,0.25,434,0.6566820276497696,204,140,45,17,2,0,0,109,-4.329357256067171,20.13235294117647,0.08762549608945847,-0.011134622618556023,0.9758478999137878,-0.0381545772543177,36.63115611076355,1.160282164812088,0.12217543236911296,0.0475774074322544,0.320703125,22.089055633544923,-1.076841726899147e-09,0.376941442489624,0.00014831115660184237,-1.129549503326416,0.24874068796634674,2476,0.5921406149864197,1599,1.9510087966918945,21,nan,0,nan,0
496,2031616,36968.9,55.1,39.81,34.54,20,0.25,124,0.5967741935483871,202,123,47,30,2,0,0,86,-4.34762453572093,20.198019801980198,-0.0013149324804544449,-0.01339990459382534,0.9753466844558716,-0.024586413893848656,38.25269737243652,1.15526123046875,0.1518579944036901,0.07370903731352882,0.394970703125,21.01527361869812,-1.2514647096395493e-09,0.385229229927063,0.0001480040941658137,-1.1305885314941406,0.2803686559200287,2465,0.6329948902130127,1615,3.485940933227539,16,nan,0,nan,0
497,2035712,37044.4,54.6,40.5,34.52,20,0.25,333,0.6546546546546547,209,144,42,21,2,0,0,121,-4.265144286850062,19.86602870813397,0.09954378008842468,-0.011782577261328697,0.9794185757637024,-0.027855117968283594,33.690349996089935,1.1523638844490052,0.14084978615865112,0.078303067550587,0.37021484375,21.049777793884278,-2.066371962428093e-09,0.43687117099761963,0.00014769703172978505,-1.1310335397720337,0.2973006069660187,2455,0.6379721760749817,1622,1.5803146362304688,19,nan,0,nan,0
498,2039808,37119.4,54.9,40.05,34.52,20,0.25,21,0.7142857142857143,200,141,38,21,0,0,0,99,-4.292834151326165,20.055,0.10460071265697479,-0.011484239250421524,0.9789527654647827,-0.027624831534922123,35.86122553348541,1.1506641328334808,0.12322759553790093,0.09282701522461138,0.426904296875,20.04146237373352,-1.7462298274040222e-09,0.3336949348449707,0.0001473899692937564,-1.1314030885696411,0.2594766318798065,2558,0.6203200817108154,1509,1.2175698280334473,29,nan,0,nan,0
499,2043904,37194.1,55.2,39.73,34.51,20,0.25,227,0.6123348017621145,206,124,53,24,5,0,0,87,-4.366280141947505,19.975728155339805,-0.00981044303625822,-0.011867905035614967,0.9791773557662964,-0.03224031173158437,38.23551535606384,1.1493497610092163,0.13241934776306152,0.054112100951897446,0.347705078125,26.76171932220459,-2.2992026060819626e-09,0.3981476426124573,0.00014708290685772773,-1.1318799257278442,0.27130839228630066,2459,0.6244833469390869,1609,2.004390001296997,28,nan,0,nan,0
500,2048000,37269.3,54.8,40.19,34.52,20,0.25,432,0.6550925925925926,205,144,37,16,8,0,0,108,-4.385857205922557,20.273170731707317,0.1088971495628357,-0.011694526299834251,0.9740426540374756,-0.043957090377807616,33.75683341026306,1.1475701749324798,0.12663493687286972,0.052873532338708173,0.3462890625,19.28506007194519,-1.076841726899147e-09,0.419192373752594,0.00014677584442169907,-1.1323678493499756,0.2662592828273773,2586,0.5750973224639893,1490,2.4829587936401367,20,nan,0,nan,0
501,2052096,37344.2,55.1,39.79,34.52,20,0.25,121,0.6363636363636364,201,129,43,26,3,0,0,101,-4.183924696400822,20.08955223880597,0.034077972173690796,-0.013189654797315598,0.9838254451751709,-0.04132253942079842,38.507075023651126,1.1444065630435944,0.15630101058632134,0.05199776644294616,0.334130859375,20.031582355499268,-1.6880221664905548e-09,0.36011165380477905,0.0001464687819856704,-1.1333229541778564,0.2544964551925659,2437,0.6701569557189941,1641,1.3915241956710815,18,nan,0,nan,0
502,2056192,37419.7,54.6,40.44,34.57,20,0.25,328,0.6341463414634146,207,131,42,26,8,0,0,101,-4.297488515110891,19.85024154589372,0.02172490395605564,-0.011678425595164299,0.9830290675163269,-0.04083164101466537,37.802115774154665,1.1407413542270661,0.12448874302208424,0.06965116716455669,0.38642578125,19.119099617004395,-1.0477378964424133e-09,0.37845003604888916,0.00014616171954964175,-1.1342657804489136,0.24814052879810333,2462,0.6341769099235535,1619,1.5328940153121948,15,nan,0,nan,0
503,2060288,37494.8,54.8,40.13,34.55,20,0.25,17,0.7058823529411765,201,144,33,19,5,0,0,103,-4.342358053694621,20.72139303482587,0.11842998117208481,-0.01093284972012043,0.967137336730957,-0.037954122642986476,33.61381423473358,1.1367730259895326,0.12505218414589764,0.039564669532410335,0.307958984375,22.731144881248476,1.1350493878126144e-09,0.3739358186721802,0.0001458546571136131,-1.135240912437439,0.2504725456237793,2581,0.5831819176673889,1499,1.6007215976715088,16,nan,0,nan,0
504,2064384,37569.8,54.9,40.05,34.53,20,0.25,221,0.6832579185520362,204,139,44,15,6,0,0,107,-4.199671079603903,19.745098039215687,0.08130452781915665,-0.01133448164910078,0.9735354781150818,-0.0423535070149228,34.75329215526581,1.1319576859474183,0.12178721530362964,0.06868372583412566,0.3865234375,18.288938999176025,-4.656612873077393e-10,0.3930680751800537,0.00014554759467758443,-1.136717438697815,0.2601715624332428,2530,0.5940617322921753,1552,1.5111593008041382,14,nan,0,nan,0
505,2068480,37644.7,55.0,39.85,34.57,20,0.25,425,0.6847058823529412,204,140,38,21,5,0,0,105,-4.197090587197318,20.20098039215686,0.09493380784988403,-0.011136265471577644,0.9735354781150818,-0.03804375089239329,36.04282853603363,1.1269774973392486,0.14503201702609658,0.0622119214720442,0.351904296875,22.160777759552,-1.1932570487260818e-09,0.3923342227935791,0.00014524053224155577,-1.1375027894973755,0.2588063180446625,2623,0.6008163690567017,1446,4.692625045776367,27,nan,0,nan,0
506,2072576,37719.5,55.1,39.82,34.53,20,0.25,116,0.6637931034482759,203,137,43,20,3,0,0,105,-4.374034272709099,20.16256157635468,0.08441513776779175,-0.011231180280447006,0.9702029228210449,-0.041434655291959645,35.569577264785764,1.1251570582389832,0.12120854547247291,0.06051992739958223,0.353125,18.31185827255249,-5.820766091346741e-11,0.41759657859802246,0.0001449334698055271,-1.137825608253479,0.24929700791835785,2487,0.5813351273536682,1577,1.4476321935653687,32,nan,0,nan,0
507,2076672,37794.7,54.8,40.15,34.54,20,0.25,322,0.639751552795031,206,129,51,22,4,0,0,98,-4.504632148356298,19.859223300970875,0.030464448034763336,-0.01102922111749649,0.9735218286514282,-0.038243475358467546,37.667120051383975,1.123172116279602,0.11822795681655407,0.0446564425539691,0.3193359375,21.969519090652465,9.89530235528946e-10,0.40063631534576416,0.00014462640736949845,-1.138597011566162,0.24588154256343842,2618,0.5790262222290039,1463,1.3163999319076538,15,nan,0,nan,0
508,2080768,37869.8,54.9,40.08,34.52,20,0.25,12,0.6666666666666666,202,130,51,20,1,0,0,85,-4.388283917893266,20.316831683168317,0.03348983824253082,-0.012395775876939297,0.9784283638000488,-0.04020519023761153,38.72624561786652,1.1193871021270752,0.14011823618784547,0.05846972640138119,0.358349609375,20.96757674217224,-1.862645149230957e-09,0.4020965099334717,0.0001443193449334698,-1.1397223472595215,0.25814491510391235,2493,0.6319909691810608,1556,2.065304756164551,47,nan,0,nan,0
509,2084864,37944.7,55.0,39.87,34.55,20,0.25,212,0.6226415094339622,200,124,47,25,4,0,0,98,-4.28034633409965,20.2,0.015414142049849033,-0.011154090985655785,0.975359320640564,-0.03332551218336448,38.12075510025024,1.114638477563858,0.1235843813046813,0.08273062240623404,0.382275390625,20.668064737319945,-3.434251993894577e-09,0.4015403985977173,0.00014401228249744113,-1.1406573057174683,0.24905414879322052,2430,0.6177724599838257,1641,3.074319839477539,25,nan,0,nan,0
510,2088960,38019.4,55.1,39.75,34.52,20,0.25,417,0.6067146282973621,205,121,53,27,4,0,0,95,-4.000374750281204,20.302439024390242,-0.026063352823257446,-0.01187065802514553,0.978154718875885,-0.04147102750139311,37.55239450931549,1.111503666639328,0.12638407684862613,0.06093935023527593,0.366650390625,17.84260220527649,-1.1641532182693481e-10,0.4063706398010254,0.00014370522006141247,-1.1415897607803345,0.25889453291893005,2445,0.6401671171188354,1621,2.2164571285247803,30,nan,0,nan,0
511,2093056,38094.4,55.0,39.98,34.51,20,0.25,108,0.6759259259259259,203,136,41,23,3,0,0,106,-4.098480351110432,20.019704433497537,0.06951642781496048,-0.010516038164496422,0.9725147485733032,-0.039025621651671824,35.89374163150787,1.1071860194206238,0.11361538050696254,0.06082246842415771,0.35625,21.096066808700563,-6.111804395914078e-10,0.4030609130859375,0.0001433981576253838,-1.1426833868026733,0.2680642008781433,2527,0.559709906578064,1548,1.3416672945022583,21,nan,0,nan,0
512,2097152,38169.5,54.9,40.06,34.56,20,0.25,306,0.6372549019607843,198,122,48,25,3,0,0,98,-4.180392913645136,20.535353535353536,0.007821640931069851,-0.01237883884459734,0.9781939387321472,-0.042183880496304484,37.751177477836606,1.104604148864746,0.1362810365855694,0.05882113380794181,0.37001953125,18.90279850959778,-4.94765117764473e-10,0.41315698623657227,0.00014309109518935515,-1.142837405204773,0.25784096121788025,2538,0.6604316234588623,1553,3.5961804389953613,5,nan,0,nan,0
513,2101248,38244.6,54.8,40.11,34.58,20,0.25,509,0.6424361493123772,203,132,49,20,2,0,0,91,-4.223798343971561,20.364532019704434,0.05017050355672836,-0.012245308607816696,0.9797071814537048,-0.03971064519137144,37.75482223033905,1.1030657052993775,0.13936554975807666,0.11305956403375603,0.381689453125,25.496748685836792,3.4924596548080444e-10,0.380781888961792,0.0001427840327533265,-1.14360773563385,0.2663190960884094,2502,0.6612857580184937,1581,1.2373788356781006,13,nan,0,nan,0
514,2105344,38319.7,54.9,40.04,34.5,20,0.25,198,0.6363636363636364,201,128,54,16,3,0,0,92,-4.285236882752926,20.144278606965173,0.026669617742300034,-0.011287199333310127,0.9756097793579102,-0.04054328401107341,39.56161744594574,1.1001577973365784,0.12377397622913122,0.07222977110941428,0.387158203125,17.83196816444397,-7.566995918750763e-10,0.39051395654678345,0.00014247697031729783,-1.1441998481750488,0.24395279586315155,2530,0.5865029692649841,1555,1.2617945671081543,11,nan,0,nan,0
515,2109440,38394.7,54.9,40.01,34.56,20,0.25,396,0.6161616161616161,198,118,45,30,5,0,0,88,-4.209856061119759,20.742424242424242,-0.013500746339559555,-0.011706925928592682,0.9784504771232605,-0.04316086263861507,41.76578607559204,1.097337281703949,0.13529098946601154,0.12365816615492804,0.35849609375,21.92091569900513,-2.1245796233415604e-09,0.3237380385398865,0.00014216990788126917,-1.1450622081756592,0.2701806426048279,2541,0.6168065667152405,1524,1.7979929447174072,31,nan,0,nan,0
516,2113536,38470.5,54.4,40.73,34.54,20,0.25,88,0.6704545454545454,204,133,43,26,1,1,0,98,-4.44954760498942,20.20098039215686,0.05202818661928177,-0.010994803160429,0.9704521894454956,-0.038908372377045454,43.96175520420074,1.0937211990356446,0.15727451322600244,0.04870410057483241,0.310498046875,22.978209257125854,-2.0372681319713593e-09,0.4010345935821533,0.0001418628454452405,-1.146003246307373,0.25716930627822876,2549,0.5573781132698059,1501,4.915372848510742,46,nan,0,nan,0
517,2117632,38545.0,55.3,39.44,34.58,20,0.25,282,0.6843971631205674,194,134,45,13,1,1,0,98,-4.321247353081437,20.97938144329897,0.07142415642738342,-0.01333964429795742,0.9851358532905579,-0.03569922952447087,45.4924521446228,1.0905991792678833,0.17726608412340283,0.09906863231299212,0.31328125,21.964901876449584,-2.1827872842550278e-09,0.38510996103286743,0.00014155578300921185,-1.1464755535125732,0.270685076713562,2513,0.6961777210235596,1537,3.7300662994384766,46,nan,0,nan,0
518,2121728,38620.1,54.9,40.07,34.55,20,0.25,483,0.660455486542443,201,126,47,26,2,0,0,100,-4.267284888161158,20.33830845771144,0.017063027247786522,-0.01118540670722723,0.9753530025482178,-0.046643993619363756,36.96674480438232,1.0881852865219117,0.1273798388428986,0.0627415728464257,0.3458984375,18.026527762413025,-2.648448571562767e-09,0.39417576789855957,0.0001412487205731832,-1.1475412845611572,0.2549045979976654,2554,0.6308327913284302,1528,1.2377774715423584,14,nan,0,nan,0
519,2125824,38694.6,55.3,39.52,34.57,20,0.25,170,0.711764705882353,199,139,44,13,3,0,0,103,-4.356893502257202,20.542713567839197,0.0898296982049942,-0.011245209723711014,0.9794713854789734,-0.033876724052242936,38.53762278556824,1.0836411654949187,0.12601522263139486,0.05295541075902292,0.328662109375,23.492973804473877,-7.8580342233181e-10,0.3945257067680359,0.00014094165813715453,-1.1484384536743164,0.24955645203590393,2505,0.5924192667007446,1570,1.96065354347229,21,nan,0,nan,0
520,2129920,38770.1,54.7,40.43,34.52,20,0.25,373,0.7158176943699732,203,146,44,9,4,0,0,102,-4.290735926605606,20.48768472906404,0.1156296506524086,-0.012504791840910912,0.9830464720726013,-0.041535832575755195,36.56497399806976,1.080245417356491,0.14221680928021668,0.05133847936667735,0.331640625,21.74244155883789,-3.7834979593753815e-10,0.4016342759132385,0.00014063459570112587,-1.149364948272705,0.2747540771961212,2550,0.6111480593681335,1512,3.3351993560791016,34,nan,0,nan,0
521,2134016,38844.8,55.1,39.8,34.52,20,0.25,61,0.6885245901639344,200,123,54,20,3,0,0,94,-4.276392825971496,20.425,0.0048082135617733,-0.012114563956856728,0.9804928302764893,-0.037035238626413045,39.12029130458832,1.0769430160522462,0.1295827142894268,0.05186878582462669,0.349365234375,23.60234417915344,-1.2223608791828156e-09,0.4243539571762085,0.00014032753326509721,-1.1498711109161377,0.2480071783065796,2437,0.6314458250999451,1635,2.4342052936553955,24,nan,0,nan,0
522,2138112,38919.6,55.2,39.72,34.51,20,0.25,262,0.6259541984732825,201,122,59,19,1,0,0,90,-4.186184133026942,20.557213930348258,-0.025057662278413773,-0.013325551524758339,0.9784339070320129,-0.040934768645092844,44.27748670578003,1.0753866732120514,0.14466466838493944,0.06371333828865318,0.358544921875,19.801984882354738,-1.8917489796876907e-09,0.37081319093704224,0.00014002047082906855,-1.1504522562026978,0.25395676493644714,2341,0.634124219417572,1691,1.5712642669677734,64,nan,0,nan,0
523,2142208,38993.8,55.5,39.24,34.55,20,0.25,461,0.6529284164859002,199,137,38,21,3,0,0,93,-4.295294223692822,20.43718592964824,0.08415623754262924,-0.010779772885143757,0.9812676310539246,-0.039322573685785754,37.7652526140213,1.0723743081092834,0.11958558270707727,0.05212943172664382,0.327783203125,22.997279691696168,-2.0954757928848267e-09,0.3295217752456665,0.0001397134083930399,-1.1513097286224365,0.2542859613895416,2518,0.5689526200294495,1578,nan,0,nan,0,nan,0
524,2146304,39068.7,55.1,39.79,34.54,20,0.25,153,0.6143790849673203,204,130,47,21,6,0,0,105,-4.3524573850556045,20.08823529411765,0.043426450341939926,-0.011193059384822845,0.9768756628036499,-0.04447396039031446,38.62871813774109,1.070165103673935,0.12055756663903594,0.056903385318582876,0.352099609375,19.43877806663513,-8.149072527885437e-10,0.35878098011016846,0.00013940634595701123,-1.1513922214508057,0.2432228922843933,2461,0.5751470923423767,1630,2.459899425506592,5,nan,0,nan,0
525,2150400,39143.5,55.1,39.79,34.52,20,0.25,351,0.6438746438746439,198,132,43,17,6,0,0,103,-4.2537450964496095,20.626262626262626,0.05938153713941574,-0.011114189401268959,0.979989767074585,-0.04237572874408215,36.13707802295685,1.069220507144928,0.12554597398266196,0.06691201895591803,0.383837890625,18.647073173522948,-1.3969838619232178e-09,0.386799693107605,0.00013909928352098257,-1.151960849761963,0.2497541755437851,2510,0.5766788721084595,1582,1.1881229877471924,4,nan,0,nan,0
526,2154496,39218.4,55.0,39.89,34.53,20,0.25,35,0.7428571428571429,196,131,46,12,7,0,0,103,-4.250041350242232,20.637755102040817,0.059583574533462524,-0.012302301824092865,0.9776923060417175,-0.0412270501954481,36.28931112289429,1.067390078306198,0.1360893831588328,0.05589035705052083,0.347021484375,18.303234696388245,-2.5902409106492996e-09,0.39768779277801514,0.00013879222108495391,-1.1521387100219727,0.2525368332862854,2405,0.6245750188827515,1661,1.3312451839447021,30,nan,0,nan,0
527,2158592,39293.2,55.1,39.72,34.55,20,0.25,240,0.6583333333333333,205,132,49,21,3,0,0,106,-4.266396781380449,20.082926829268292,0.04597868770360947,-0.011795690283179283,0.9802107214927673,-0.03184130429290235,37.5446394443512,1.0662489533424377,0.1336448524147272,0.10328159722994315,0.46201171875,17.774326276779174,-2.1827872842550278e-09,0.37219810485839844,0.00013848515864892525,-1.1525654792785645,0.2640415132045746,2438,0.6447757482528687,1640,0.9720333814620972,18,nan,0,nan,0
528,2162688,39367.9,55.1,39.71,34.57,20,0.25,441,0.6439909297052154,201,126,50,20,4,1,0,93,-4.539731004900506,20.65174129353234,0.024639181792736053,-0.011933377012610435,0.9802310466766357,-0.03518842895282433,38.42063035964966,1.0646918535232544,0.1407895722426474,0.04789263216953259,0.314453125,19.466060733795167,-3.259629011154175e-09,0.40940457582473755,0.0001381780962128966,-1.1530293226242065,0.2793833911418915,2461,0.6056109666824341,1607,2.972388744354248,28,nan,0,nan,0
529,2166784,39442.7,55.1,39.84,34.51,20,0.25,131,0.6030534351145038,202,127,42,29,4,0,0,90,-4.452871529052284,20.202970297029704,0.03502605855464935,-0.011998983100056648,0.9735490679740906,-0.04056720659136772,40.040463066101076,1.0619978487491608,0.1325107343494892,0.08822666655760258,0.419921875,20.73285641670227,-2.3283064365386963e-09,0.37085843086242676,0.00013787103377686796,-1.15386962890625,0.2641769051551819,2487,0.6038384437561035,1582,2.860792636871338,27,nan,0,nan,0
530,2170880,39518.0,54.9,40.16,34.48,20,0.25,339,0.6312684365781711,208,135,42,25,6,0,0,103,-4.284566772308509,19.798076923076923,0.06859344244003296,-0.010888929478824139,0.9817386865615845,-0.04001036030240357,35.5576051235199,1.058790349960327,0.1156621964648366,0.07334287136909552,0.362646484375,20.65832085609436,-2.6193447411060333e-09,0.4140080213546753,0.0001375639713408393,-1.1546077728271484,0.2513781487941742,2444,0.6016346216201782,1626,1.318300724029541,26,nan,0,nan,0
531,2174976,39592.8,55.1,39.83,34.52,20,0.25,26,0.8076923076923077,199,128,47,21,3,0,0,97,-4.330791464317734,20.43718592964824,0.04054493084549904,-0.01121114008128643,0.9784449338912964,-0.03947816914878786,37.90149748325348,1.0556681215763093,0.1205775716342032,0.0691149562058854,0.390625,20.6217764377594,-1.3096723705530167e-09,0.39314305782318115,0.00013725690890481064,-1.1554181575775146,0.24696192145347595,2475,0.5800244212150574,1607,1.6328065395355225,14,nan,0,nan,0
532,2179072,39667.9,54.9,40.07,34.53,20,0.25,226,0.668141592920354,200,130,49,15,6,0,0,98,-4.291822451853015,20.445,0.05078650265932083,-0.011593123897910118,0.9779260754585266,-0.030268001242075116,37.21970026493072,1.0530616998672486,0.12455041902139782,0.07679240057768766,0.40830078125,20.890344905853272,-1.8044374883174896e-09,0.38337087631225586,0.00013694984646878198,-1.1559367179870605,0.2592833340167999,2448,0.5819463133811951,1628,1.9271459579467773,20,nan,0,nan,0
533,2183168,39742.3,55.4,39.38,34.52,20,0.25,423,0.6264775413711584,197,114,61,21,1,0,0,88,-4.382567339374381,20.730964467005077,-0.025170698761940002,-0.011196102946996689,0.9789689779281616,-0.042609473480843006,38.5107941865921,1.0509301245212554,0.12334074629470707,0.057106631374335845,0.341357421875,19.380524826049804,-8.149072527885437e-10,0.38997840881347656,0.00013664278403275332,-1.1564137935638428,0.254376620054245,2506,0.5880686640739441,1564,0.745235800743103,26,nan,0,nan,0
534,2187264,39817.4,54.8,40.15,34.54,20,0.25,117,0.5897435897435898,206,123,52,24,7,0,0,95,-4.244253021846277,19.946601941747574,0.0017475569620728493,-0.011696440167725086,0.9784061908721924,-0.03574032925534994,39.0592746257782,1.0492304623126985,0.12489419244229794,0.07566405664838385,0.37724609375,23.45275001525879,-9.89530235528946e-10,0.3837255835533142,0.00013633572159672466,-1.1569007635116577,0.25867027044296265,2373,0.6038784384727478,1714,1.5488122701644897,9,nan,0,nan,0
535,2191360,39891.9,55.3,39.45,34.58,20,0.25,320,0.6125,203,127,45,26,5,0,0,101,-4.517018794239129,20.12807881773399,0.04413669928908348,-0.011163992807269096,0.9784228205680847,-0.04520199794787914,37.56638240814209,1.0470076978206635,0.1244191735982895,0.04531425892491825,0.307666015625,18.695184588432312,-3.4924596548080444e-10,0.3738885521888733,0.000136028659160696,-1.1575778722763062,0.26755112409591675,2409,0.582322359085083,1666,1.0542806386947632,21,nan,0,nan,0
536,2195456,39966.7,55.1,39.77,34.52,20,0.25,9,1.0,201,140,42,17,2,0,0,93,-4.32665546369874,20.497512437810947,0.08841986954212189,-0.013567161746323109,0.9776636958122253,-0.019407961028628053,37.67486753463745,1.04346621632576,0.1699086689390242,0.06775282443559263,0.40947265625,24.47288794517517,-1.57160684466362e-09,0.4468802809715271,0.00013572159672466734,-1.1586346626281738,0.2560572326183319,2424,0.6719463467597961,1639,3.404080390930176,33,nan,0,nan,0
537,2199552,40041.5,55.1,39.76,34.53,20,0.25,212,0.6839622641509434,203,136,45,19,3,0,0,102,-4.228013060579663,20.275862068965516,0.0781530886888504,-0.01143665611743927,0.9766247272491455,-0.028582183341495693,36.416855454444885,1.0405151486396789,0.12231229869648814,0.06883610690274508,0.403466796875,23.222506761550903,-2.4156179279088974e-09,0.36203157901763916,0.00013541453428863868,-1.1588996648788452,0.2721562385559082,2510,0.6297178268432617,1575,1.785134196281433,11,nan,0,nan,0
538,2203648,40116.4,55.0,39.89,34.54,20,0.25,414,0.6594202898550725,202,128,48,19,7,0,0,102,-4.244567693016835,19.945544554455445,0.046829573810100555,-0.01171143725514412,0.9745762944221497,-0.03338960526161827,36.421494483947754,1.0392354667186736,0.12645751843228936,0.09148706469422904,0.414111328125,21.235847210884096,-3.521563485264778e-09,0.4268891215324402,0.00013510747185261002,-1.1595170497894287,0.2755644619464874,2486,0.6245121359825134,1592,1.6257649660110474,18,nan,0,nan,0
539,2207744,40191.1,55.2,39.73,34.54,20,0.25,104,0.7403846153846154,202,141,39,20,2,0,0,113,-4.159393289010531,20.277227722772277,0.10831081122159958,-0.010286400094628334,0.966358482837677,-0.04847262387629599,36.365805220603946,1.036417305469513,0.11184185035526753,0.07638280947285239,0.3603515625,19.938704681396484,-2.444721758365631e-09,0.30660712718963623,0.00013480040941658136,-1.1602524518966675,0.25715553760528564,2496,0.5662043690681458,1592,0.4315420389175415,8,nan,0,nan,0
540,2211840,40266.0,55.1,39.87,34.53,20,0.25,307,0.6840390879478827,203,133,40,23,7,0,0,108,-4.358793375442781,20.192118226600986,0.06184382736682892,-0.011320759542286396,0.9812483787536621,-0.04469896354712546,36.193232679367064,1.0325355887413026,0.12370984768494964,0.08504935227829265,0.411083984375,21.341306734085084,-2.648448571562767e-09,0.3862919807434082,0.0001344933469805527,-1.1614015102386475,0.2527499794960022,2513,0.592140257358551,1563,1.25865638256073,20,nan,0,nan,0
541,2215936,40340.9,55.0,39.9,34.54,20,0.25,511,0.6673189823874756,204,131,45,27,1,0,0,102,-4.304261150063255,20.147058823529413,0.06169163063168526,-0.010210081934928894,0.9717369079589844,-0.035536612011492254,35.267246985435484,1.0295504927635193,0.11820303369313478,0.06303816105792066,0.35322265625,23.40541567802429,-1.6589183360338211e-09,0.33917707204818726,0.00013418628454452404,-1.1616202592849731,0.259142130613327,2630,0.5529959797859192,1452,0.9758869409561157,14,nan,0,nan,0
542,2220032,40415.3,55.6,39.21,34.5,20,0.25,195,0.6358974358974359,196,124,43,27,2,0,0,95,-4.2350566362627164,20.647959183673468,0.02868569642305374,-0.011002598330378532,0.9746153950691223,-0.04071749472059309,38.93720788955689,1.0284323751926423,0.12389563778415322,0.08255979540990666,0.395361328125,16.320628762245178,-2.6775524020195007e-09,0.3919109106063843,0.00013387922210849538,-1.1621381044387817,0.2701871693134308,2493,0.585830569267273,1585,2.9065823554992676,18,nan,0,nan,0
543,2224128,40490.2,55.1,39.83,34.53,20,0.25,398,0.635678391959799,203,129,39,29,6,0,0,97,-4.421567593962614,20.591133004926107,0.047658760100603104,-0.01125047355890274,0.9753403663635254,-0.04469302690122277,34.96385085582733,1.026651495695114,0.1257705939002335,0.059406617083004674,0.348388671875,22.388506507873537,-1.7462298274040222e-09,0.3707282543182373,0.00013357215967246672,-1.1623711585998535,0.2562564015388489,2500,0.558055579662323,1569,1.5737340450286865,27,nan,0,nan,0
544,2228224,40565.3,54.8,40.18,34.52,20,0.25,91,0.7142857142857143,205,135,41,26,3,0,0,101,-4.301783990120179,20.058536585365854,0.0707898885011673,-0.011230608448386192,0.9745566844940186,-0.04376427775714546,35.12503099441528,1.0240786015987395,0.12802165746688843,0.08595491775049595,0.379638671875,16.732241821289062,-1.6298145055770874e-09,0.40100544691085815,0.00013326509723643806,-1.1636186838150024,0.27003028988838196,2522,0.6096853017807007,1563,1.5099380016326904,11,nan,0,nan,0
545,2232320,40640.3,55.0,39.96,34.53,20,0.25,295,0.6847457627118644,204,137,41,20,6,0,0,99,-4.267279606454087,19.99019607843137,0.08917463570833206,-0.011636659502983093,0.9766187071800232,-0.038261507396236995,34.47066888809204,1.0200901269912719,0.12833432778716086,0.0577440715584089,0.3421875,23.25248737335205,-1.6007106751203537e-09,0.4065314531326294,0.0001329580348004094,-1.164042353630066,0.2596893310546875,2482,0.6019927859306335,1594,2.1582822799682617,20,nan,0,nan,0
546,2236416,40715.3,55.1,39.81,34.56,20,0.25,488,0.6598360655737705,193,120,51,18,4,0,0,82,-4.38169601675694,20.849740932642487,0.004950328730046749,-0.01214217022061348,0.9810402393341064,-0.03651456066872925,40.09033145904541,1.0193534255027772,0.14055215260013937,0.08987743158504599,0.364697265625,22.648455095291137,2.6193447411060333e-10,0.41408663988113403,0.00013265097236438074,-1.1641414165496826,0.25732171535491943,2474,0.6848052144050598,1614,3.498375654220581,8,nan,0,nan,0
547,2240512,40790.0,55.2,39.67,34.53,20,0.25,175,0.6,199,121,54,22,2,0,0,93,-4.28238740526444,20.65326633165829,0.0005200905725359917,-0.011353522539138794,0.9792147874832153,-0.033462899329606444,40.06512079238892,1.018935400247574,0.12434834940358996,0.06745331887213979,0.378564453125,20.73884997367859,9.89530235528946e-10,0.37396490573883057,0.00013234390992835208,-1.1642789840698242,0.2691086232662201,2501,0.6021902561187744,1582,1.8187302350997925,13,nan,0,nan,0
548,2244608,40865.3,54.7,40.33,34.5,20,0.25,386,0.6088082901554405,211,130,51,26,4,0,0,92,-4.446850376072908,19.71090047393365,0.026086386293172836,-0.010483013466000557,0.9732303619384766,-0.0371286517707631,39.29419136047363,1.0172072410583497,0.11518384758383035,0.07104600452585146,0.375048828125,21.936662435531616,-1.7462298274040222e-09,0.3483404517173767,0.00013203684749232342,-1.1650800704956055,0.23393654823303223,2468,0.5798323750495911,1616,1.4018526077270508,12,nan,0,nan,0
549,2248704,40939.8,55.3,39.51,34.55,20,0.25,74,0.6351351351351351,200,131,44,18,7,0,0,87,-4.204989844013162,20.35,0.06240556016564369,-0.010986831970512867,0.9779260754585266,-0.040022624051198365,40.69266591072083,1.013913059234619,0.1219927279278636,0.0576578094609431,0.3314453125,23.388623905181884,-3.230525180697441e-09,0.3191108703613281,0.00013172978505629476,-1.1659572124481201,0.2524634897708893,2481,0.5951908230781555,1590,1.6626675128936768,25,nan,0,nan,0
550,2252800,41014.4,55.3,39.51,34.57,20,0.25,276,0.6485507246376812,202,132,38,30,2,0,0,100,-4.2958086901166785,20.301980198019802,0.08238567411899567,-0.010666802525520325,0.9740626811981201,-0.04863477908074856,35.708766674995424,1.010594791173935,0.11928376946598292,0.059495487131061967,0.32685546875,21.01050419807434,-1.4260876923799515e-09,0.3696442246437073,0.0001314227226202661,-1.1665858030319214,0.2620966136455536,2646,0.5882418155670166,1441,1.136147379875183,9,nan,0,nan,0
551,2256896,41088.7,55.5,39.24,34.56,20,0.25,478,0.6359832635983264,202,125,50,22,5,0,0,101,-4.227052154923789,20.336633663366335,0.035345688462257385,-0.010285304859280586,0.9745762944221497,-0.035217894986271855,37.555011510849,1.0088375568389893,0.11109992144629359,0.07124036837485619,0.375390625,23.121389722824098,-1.862645149230957e-09,0.36472922563552856,0.00013111566018423744,-1.1669056415557861,0.24817341566085815,2536,0.5412185192108154,1552,1.3875689506530762,8,nan,0,nan,0
552,2260992,41163.8,54.8,40.13,34.56,20,0.25,164,0.6280487804878049,198,124,53,18,3,0,0,92,-4.240599768339173,20.46969696969697,0.034105487167835236,-0.010971314273774624,0.9740892648696899,-0.04050708094146103,36.30362560749054,1.0068992853164673,0.12091780137270688,0.07927267865743488,0.404150390625,18.348982334136963,-1.3969838619232178e-09,0.42069071531295776,0.00013080859774820878,-1.1674633026123047,0.2579067647457123,2537,0.5752547383308411,1539,2.005059003829956,20,nan,0,nan,0
553,2265088,41238.8,55.0,40.0,34.54,20,0.25,370,0.6513513513513514,206,138,41,23,4,0,0,98,-4.328201717481992,20.038834951456312,0.08501140773296356,-0.010052957572042942,0.974293053150177,-0.036990474443882704,40.95928297042847,1.004172968864441,0.12159029161557555,0.04689772195124533,0.337158203125,26.777484512329103,-2.3865140974521637e-09,0.32385963201522827,0.00013050153531218012,-1.1683695316314697,0.24107752740383148,2566,0.5355442762374878,1518,4.304821968078613,12,nan,0,nan,0
554,2269184,41313.6,55.1,39.77,34.5,20,0.25,60,0.6333333333333333,202,125,46,26,5,0,0,91,-4.289455347514545,20.26732673267327,0.02696390077471733,-0.010716874152421951,0.9678993225097656,-0.03435632665641606,39.19803321361542,1.0006439685821533,0.11870901342481374,0.05644330986979185,0.356298828125,25.84938688278198,-1.5425030142068863e-09,0.40401577949523926,0.00013019447287615147,-1.1691770553588867,0.24077171087265015,2496,0.5457350015640259,1576,2.03572416305542,24,nan,0,nan,0
555,2273280,41388.4,55.0,39.85,34.58,20,0.25,271,0.6568265682656826,211,140,46,19,6,0,0,101,-4.384094315910801,19.417061611374407,0.08743210881948471,-0.010839307680726051,0.9729729890823364,-0.046617031446658075,36.139035892486575,0.9985507667064667,0.12121737906709314,0.06685428619384766,0.343408203125,22.778485536575317,-2.444721758365631e-09,0.3844341039657593,0.0001298874104401228,-1.1693611145019531,0.24762630462646484,2553,0.5654662251472473,1540,0.46836400032043457,3,nan,0,nan,0
556,2277376,41464.2,54.4,40.73,34.56,20,0.25,476,0.6659663865546218,205,139,45,15,6,0,0,107,-4.24388288865046,19.91219512195122,0.10294802486896515,-0.009410936385393143,0.9650475382804871,-0.036225553066469726,34.02144815921783,0.9973778426647186,0.10408668788149952,0.09690419946418842,0.407568359375,23.168252992630006,-1.4260876923799515e-09,0.39131420850753784,0.00012958034800409415,-1.1699004173278809,0.2377544790506363,2590,0.5335142016410828,1485,1.0202090740203857,21,nan,0,nan,0
557,2281472,41539.1,55.0,39.89,34.59,20,0.25,174,0.6264367816091954,210,132,50,24,4,0,0,96,-4.276042547850819,19.65714285714286,0.04932861030101776,-0.010541895404458046,0.9701492786407471,-0.04309119334502611,37.90720465183258,0.9942490518093109,0.1124260775744915,0.07398214433487738,0.38173828125,18.939468669891358,6.111804395914078e-10,0.396212637424469,0.00012927328556806549,-1.1711453199386597,0.24148592352867126,2357,0.5545814633369446,1726,1.7645364999771118,13,nan,0,nan,0
558,2285568,41613.5,55.5,39.29,34.58,20,0.25,375,0.648,201,134,38,24,5,0,0,92,-4.194175861426594,20.079601990049753,0.08157586306333542,-0.010018841363489628,0.972528874874115,-0.03327465553302318,34.50025374889374,0.988088196516037,0.11222244156524538,0.07539151140226749,0.40322265625,21.910401821136475,-1.5425030142068863e-09,0.3761318325996399,0.00012896622313203683,-1.172541618347168,0.2477947324514389,2435,0.5169707536697388,1656,1.105377435684204,5,nan,0,nan,0
559,2289664,41688.2,55.1,39.79,34.54,20,0.25,74,0.7432432432432432,211,149,43,16,3,0,0,117,-4.368539548211714,19.71090047393365,0.1394399106502533,-0.010397735983133316,0.9724581837654114,-0.01620852863416076,34.88784313201904,0.9841580033302307,0.11565002016723155,0.13173243598575937,0.461279296875,22.169132137298583,-1.949956640601158e-09,0.38390225172042847,0.00012865916069600817,-1.1731479167938232,0.2413323074579239,2640,0.566044270992279,1444,1.4130229949951172,12,nan,0,nan,0
560,2293760,41763.1,55.0,39.89,34.56,20,0.25,278,0.7050359712230215,204,141,39,20,4,0,0,110,-4.249398183995344,19.90686274509804,0.10801699757575989,-0.011651266366243362,0.9719938039779663,-0.034044103737687695,34.959547555446626,0.9823552131652832,0.12395568788051606,0.07383096068952,0.368212890625,22.68517737388611,-2.2992026060819626e-09,0.3989432454109192,0.0001283520982599795,-1.17356538772583,0.2859481871128082,2465,0.6167173385620117,1618,1.5248879194259644,13,nan,0,nan,0
561,2297856,41838.8,54.5,40.68,34.53,20,0.25,485,0.6907216494845361,207,139,39,22,7,0,0,107,-4.263370860787881,19.816425120772948,0.10357829183340073,-0.010026704519987106,0.9737721681594849,-0.04407273769320454,33.9950710773468,0.9817033648490906,0.11007720679044723,0.08217154277808732,0.38974609375,15.192284440994262,-3.8708094507455826e-09,0.37448281049728394,0.00012804503582395085,-1.1732978820800781,0.24954383075237274,2532,0.5325754880905151,1559,1.0184142589569092,5,nan,0,nan,0
562,2301952,41913.7,55.0,39.92,34.51,20,0.25,177,0.6836158192090396,204,143,39,19,3,0,0,110,-4.2367652511226765,20.068627450980394,0.1346854567527771,-0.010503202676773071,0.9761048555374146,-0.041925517667550594,34.956939172744754,0.9825227737426758,0.11696239477023482,0.05545466763869626,0.3400390625,20.995849227905275,-6.111804395914078e-10,0.3845306634902954,0.00012773797338792219,-1.1733758449554443,0.2632226347923279,2558,0.5453406572341919,1518,1.717402696609497,20,nan,0,nan,0
563,2306048,41988.9,54.8,40.23,34.55,20,0.25,383,0.6788511749347258,206,139,45,21,1,0,0,109,-4.252363604801354,20.111650485436893,0.09351746737957001,-0.010788168758153915,0.9658097624778748,-0.04265188409481198,33.677218842506406,0.9808427155017853,0.11968600722029805,0.07593211922649061,0.366943359375,18.494932842254638,-4.94765117764473e-10,0.4154425263404846,0.00012743091095189353,-1.1742570400238037,0.23395000398159027,2469,0.5726355910301208,1614,1.0059348344802856,13,nan,0,nan,0
564,2310144,42063.9,55.0,39.99,34.54,20,0.25,78,0.5384615384615384,207,130,48,25,4,0,0,95,-4.24716662673156,19.719806763285025,0.03376610577106476,-0.011371811851859093,0.9760863780975342,-0.03924239440821111,36.417989706993104,0.9769207894802093,0.13116485057398677,0.05617453630402451,0.3349609375,24.445818376541137,-3.1141098588705063e-09,0.3943355679512024,0.00012712384851586487,-1.1751227378845215,0.26019594073295593,2496,0.6352258324623108,1584,1.3298265933990479,16,nan,0,nan,0
565,2314240,42138.7,55.1,39.72,34.58,20,0.25,292,0.6472602739726028,214,147,34,26,7,0,0,111,-4.33323788053187,19.088785046728972,0.11540987342596054,-0.009574679657816887,0.9580113291740417,-0.0353384668007493,34.58035292625427,0.9736482381820679,0.10733604039996862,0.09790227676858194,0.399755859375,18.22762451171875,-2.852175384759903e-09,0.34228408336639404,0.0001268167860798362,-1.1760129928588867,0.22553659975528717,2624,0.5162003636360168,1455,2.010654926300049,17,nan,0,nan,0
566,2318336,42213.3,55.3,39.59,34.53,20,0.25,491,0.639511201629328,199,125,39,30,5,0,0,94,-4.4007649944466145,20.381909547738694,0.04613576456904411,-0.009946882724761963,0.9689504504203796,-0.041675071022473274,35.21175608634949,0.970113480091095,0.11110817827284336,0.07312712531420403,0.37587890625,21.28052897453308,-2.153683453798294e-09,0.3598054051399231,0.00012650972364380755,-1.1768555641174316,0.25493866205215454,2561,0.5472850799560547,1532,0.5703281164169312,3,nan,0,nan,0
567,2322432,42288.5,54.8,40.24,34.55,20,0.25,189,0.6878306878306878,210,143,46,14,7,0,0,113,-4.31147837487475,19.814285714285713,0.09535755217075348,-0.011004643514752388,0.9773545861244202,-0.043827815155964345,32.90567967891693,0.9667473554611206,0.1216559275984764,0.06274856901582097,0.371142578125,21.19415078163147,-2.240994945168495e-09,0.4194563031196594,0.0001262026612077789,-1.1776454448699951,0.24895453453063965,2497,0.5833202600479126,1584,1.3352761268615723,15,nan,0,nan,0
568,2326528,42363.5,54.9,40.03,34.53,20,0.25,395,0.6784810126582278,206,138,44,18,6,0,0,108,-4.258039903462794,19.74757281553398,0.0841258093714714,-0.011078711599111557,0.9755784273147583,-0.03792810633312911,38.042296862602235,0.9639642238616943,0.13733780598267914,0.06273251985257958,0.342822265625,26.361720085144043,-2.2118911147117615e-09,0.3913431167602539,0.00012589559877175025,-1.1781779527664185,0.24357850849628448,2475,0.5683783292770386,1614,5.300127983093262,7,nan,0,nan,0
569,2330624,42438.1,55.3,39.62,34.49,20,0.25,93,0.6559139784946236,210,143,37,22,8,0,0,114,-4.236076690522935,19.6,0.10703567415475845,-0.010279901325702667,0.9740092754364014,-0.04304175178986043,33.8309942483902,0.9615476369857788,0.11388177461922169,0.061604625242762265,0.340283203125,21.418513655662537,-1.1641532182693481e-09,0.4031582474708557,0.0001255885363357216,-1.1791691780090332,0.24675674736499786,2553,0.5575696229934692,1540,1.5525182485580444,3,nan,0,nan,0
570,2334720,42513.2,54.9,40.16,34.5,20,0.25,298,0.6812080536912751,205,142,40,19,4,0,0,109,-4.336641961792545,19.7609756097561,0.11680514365434647,-0.009972857311367989,0.969416618347168,-0.03702549249865115,32.32471079826355,0.9568064689636231,0.11122144162654876,0.06034689283842454,0.32978515625,16.81429488658905,-9.022187441587448e-10,0.40852290391921997,0.00012528147389969293,-1.180472731590271,0.23941028118133545,2540,0.5252104997634888,1539,1.3341715335845947,17,nan,0,nan,0
571,2338816,42588.6,54.8,40.32,34.49,20,0.25,508,0.6771653543307087,210,141,48,14,7,0,0,109,-4.4959774902818195,19.66190476190476,0.08657491207122803,-0.011570659466087818,0.9758105874061584,-0.03448111427715048,33.88882879018784,0.9508173108100891,0.12804865008220076,0.10435517879086546,0.410400390625,19.80756139755249,-5.820766091346741e-10,0.44227808713912964,0.00012497441146366427,-1.1819584369659424,0.2536260783672333,2494,0.6514481902122498,1584,2.117131233215332,18,nan,0,nan,0
572,2342912,42664.0,54.7,40.29,34.53,20,0.25,206,0.6990291262135923,210,146,39,21,4,0,0,111,-4.283875121988411,19.504761904761907,0.12961268424987793,-0.010150955989956856,0.9693772792816162,-0.02982070199213922,36.39232628345489,0.9462351560592651,0.12992987772449852,0.10717460294399643,0.391455078125,21.07580864429474,-8.731149137020111e-11,0.44682639837265015,0.00012466734902763561,-1.1827411651611328,0.26364395022392273,2556,0.6005208492279053,1526,1.278247594833374,14,nan,0,nan,0
573,2347008,42738.8,55.1,39.83,34.53,20,0.25,407,0.6805896805896806,201,133,41,18,8,1,0,104,-4.401471701058807,20.52238805970149,0.07530590891838074,-0.011711899191141129,0.968677818775177,-0.03337913927389309,36.46658818721771,0.9434742569923401,0.15062608337029815,0.10872727144305827,0.41396484375,22.227184104919434,-1.2514647096395493e-09,0.3722437024116516,0.00012436028659160695,-1.1833703517913818,0.2624071538448334,2559,0.6357096433639526,1533,6.475413799285889,4,nan,0,nan,0
574,2351104,42814.0,54.9,40.12,34.54,20,0.25,95,0.6736842105263158,200,136,35,22,7,0,0,101,-4.386014463526326,20.205,0.09771911799907684,-0.01149452943354845,0.9812628626823425,-0.04004363426938653,35.73294734954834,0.940337347984314,0.12600945672020317,0.06854143377568107,0.3265625,24.629476404190065,-1.5133991837501526e-09,0.37603646516799927,0.0001240532241555783,-1.184452772140503,0.2696978449821472,2547,0.6159125566482544,1528,2.541877269744873,21,nan,0,nan,0
575,2355200,42888.9,55.0,40.0,34.5,20,0.25,301,0.7043189368770764,206,148,31,18,9,0,0,111,-4.30570738521251,20.07281553398058,0.1383625566959381,-0.010947750881314278,0.9778920412063599,-0.038051438378170134,35.228589391708375,0.9370698809623719,0.11904527693986892,0.07668081074953079,0.371533203125,19.845086812973022,-1.3096723705530167e-09,0.35323041677474976,0.00012374616171954963,-1.184807538986206,0.24838067591190338,2458,0.5591040253639221,1635,0.6150856614112854,3,nan,0,nan,0
576,2359296,42963.8,55.0,39.93,34.53,20,0.25,511,0.700587084148728,210,146,30,22,12,0,0,114,-4.522280033395822,19.538095238095238,0.13791871070861816,-0.009948339313268661,0.9719505906105042,-0.041334334143903105,32.22874819040298,0.9350244343280792,0.108965271897614,0.06686963042157004,0.3484375,22.283682775497436,-1.949956640601158e-09,0.38672077655792236,0.00012343909928352097,-1.1856324672698975,0.2437913417816162,2636,0.5545316934585571,1448,1.5395764112472534,12,nan,0,nan,0
577,2363392,43038.5,55.2,39.69,34.53,20,0.25,200,0.7,201,141,37,20,3,0,0,103,-4.453103629538756,20.114427860696516,0.12888988852500916,-0.010670119896531105,0.9727856516838074,-0.04033615223597735,35.20590696334839,0.9320971071720123,0.11915018139407038,0.11433106817567022,0.42353515625,16.277378845214844,-4.3655745685100555e-10,0.36781060695648193,0.00012313203684749231,-1.1860913038253784,0.2378072589635849,2494,0.5664102435112,1594,1.598330020904541,8,nan,0,nan,0
578,2367488,43113.2,55.2,39.68,34.52,20,0.25,408,0.6936274509803921,208,143,38,22,5,0,0,111,-4.314696228704137,19.73076923076923,0.12677639722824097,-0.010642004199326038,0.9704217910766602,-0.034201395022682844,33.98753113746643,0.9308666586875916,0.11796767301857472,0.11328025154507486,0.42822265625,15.17940912246704,-2.240994945168495e-09,0.3624446392059326,0.00012282497441146365,-1.1864218711853027,0.25856590270996094,2468,0.5524555444717407,1613,0.9677163362503052,15,nan,0,nan,0
579,2371584,43188.2,55.0,40.0,34.53,20,0.25,106,0.6981132075471698,210,155,34,20,1,0,0,117,-4.408964768355158,19.704761904761906,0.19115588068962097,-0.00899467058479786,0.9704065918922424,-0.03929348415695131,30.637004482746125,0.9288562893867492,0.1005341736599803,0.07711445717141033,0.389892578125,21.071763610839845,-1.5133991837501526e-09,0.38850659132003784,0.000122517911975435,-1.1871381998062134,0.2449215054512024,2625,0.4993325471878052,1469,0.4516748785972595,2,nan,0,nan,0
580,2375680,43263.3,54.9,40.12,34.52,20,0.25,310,0.7161290322580646,204,148,35,16,5,0,0,121,-4.41837498390982,19.995098039215687,0.1661892682313919,-0.009921040385961533,0.9663411974906921,-0.03672632448142395,32.57948031425476,0.9252747416496276,0.10904059009626507,0.08876281773846131,0.3599609375,19.082407736778258,-1.7462298274040222e-09,0.4000505208969116,0.00012221084953940634,-1.1881802082061768,0.2392144799232483,2611,0.5679582953453064,1470,1.5079362392425537,15,nan,0,nan,0
581,2379776,43338.4,54.9,40.08,34.54,20,0.25,6,0.3333333333333333,208,137,50,17,4,0,0,103,-4.573606746614688,19.697115384615383,0.09214424341917038,-0.010755659081041813,0.9729938507080078,-0.033591336896643044,35.00938115119934,0.9216713309288025,0.12235261844471097,0.07681720383698121,0.395361328125,20.699084186553954,-9.313225746154785e-10,0.41719627380371094,0.00012190378710337768,-1.188713550567627,0.260814905166626,2573,0.6042672395706177,1511,0.7932526469230652,12,nan,0,nan,0
582,2383872,43413.1,55.1,39.8,34.5,20,0.25,207,0.6521739130434783,201,133,41,21,6,0,0,107,-4.499642075760561,20.27363184079602,0.09808897972106934,-0.010150226764380932,0.9673941135406494,-0.043764108303003015,35.14551422595978,0.920704060792923,0.11602638773620129,0.112321071435872,0.399267578125,20.047567415237427,-2.240994945168495e-09,0.4157862663269043,0.00012159672466734902,-1.1889100074768066,0.26281481981277466,2591,0.5837934613227844,1496,1.5037038326263428,9,nan,0,nan,0
583,2387968,43488.1,55.0,40.02,34.51,20,0.25,414,0.6835748792270532,207,148,34,15,10,0,0,116,-4.562989963716632,19.917874396135264,0.16280090808868408,-0.010292213410139084,0.9637438654899597,-0.03422219227068126,32.24757022857666,0.9195047914981842,0.11456195684149861,0.07596526446432109,0.359326171875,22.361227416992186,-1.775333657860756e-09,0.3945961594581604,0.00012128966223132036,-1.1891860961914062,0.2446811944246292,2538,0.579110324382782,1556,0.9730615615844727,2,nan,0,nan,0
584,2392064,43563.1,55.0,40.01,34.5,20,0.25,108,0.7222222222222222,206,149,33,17,7,0,0,110,-4.299212264419589,19.635922330097088,0.1569494605064392,-0.010993299074470997,0.9748072028160095,-0.04139612971339375,33.01102597713471,0.9183689892292023,0.12520149582996964,0.05542032921221107,0.33564453125,19.84832892417908,-2.0372681319713593e-09,0.3989970088005066,0.0001209825997952917,-1.189440131187439,0.24475494027137756,2523,0.5845716595649719,1552,1.4619417190551758,21,nan,0,nan,0
585,2396160,43638.8,54.4,40.72,34.53,20,0.25,321,0.7414330218068536,213,160,29,18,6,0,0,125,-4.398778436641786,19.370892018779344,0.20561853051185608,-0.009979590773582458,0.9739891886711121,-0.03663953181821853,32.21963483095169,0.9163477778434753,0.11848395531997084,0.07319612201536074,0.369677734375,19.61633496284485,-2.561137080192566e-09,0.34457308053970337,0.00012067553735926304,-1.1904314756393433,0.23429560661315918,2570,0.5363158583641052,1514,3.091021776199341,12,nan,0,nan,0
586,2400256,43713.9,54.9,40.03,34.57,20,0.25,15,0.7333333333333333,206,147,30,17,12,0,0,123,-4.485354275872523,19.92718446601942,0.1516849547624588,-0.010003658942878246,0.9686375260353088,-0.03658732699695975,32.62830822467804,0.9123689472675324,0.11232246095314621,0.06864809037797386,0.3802734375,18.64662308692932,-1.6007106751203537e-09,0.37231767177581787,0.00012036847492323438,-1.1912837028503418,0.2514854669570923,2593,0.549195408821106,1489,1.5607349872589111,14,nan,0,nan,0
587,2404352,43788.7,55.1,39.85,34.51,20,0.25,218,0.7018348623853211,203,142,34,21,6,0,0,109,-4.3368586894683,19.96551724137931,0.14160624146461487,-0.009743589907884598,0.9748266339302063,-0.04016337779466994,33.21310220956802,0.9085906386375427,0.1054417441599071,0.05740327489329502,0.337158203125,24.514388370513917,-2.2118911147117615e-09,0.3405057191848755,0.00012006141248720572,-1.192238688468933,0.26006466150283813,2615,0.5091159343719482,1473,1.5370543003082275,8,nan,0,nan,0
588,2408448,43863.5,55.1,39.76,34.52,20,0.25,424,0.7099056603773585,206,148,29,22,7,0,0,117,-4.32818361666884,20.135922330097088,0.16923129558563232,-0.009112386032938957,0.9704369902610779,-0.042788428533822295,31.59493429660797,0.9053932964801789,0.0993603932671249,0.10881014999176841,0.417724609375,20.596653318405153,-1.6298145055770874e-09,0.3628624677658081,0.00011975435005117706,-1.1929376125335693,0.23656800389289856,2620,0.49850261211395264,1465,1.155842661857605,11,nan,0,nan,0
589,2412544,43938.6,54.9,40.09,34.55,20,0.25,120,0.6583333333333333,208,140,50,14,4,0,0,101,-4.43652234859989,19.53846153846154,0.1055833175778389,-0.01074998825788498,0.9755658507347107,-0.04386820669751614,35.384405040740965,0.9030508041381836,0.12137166447937489,0.04694190924637951,0.305810546875,20.982887744903564,-6.984919309616089e-10,0.40133219957351685,0.0001194472876151484,-1.1935216188430786,0.2519891858100891,2510,0.5566819310188293,1570,1.0657155513763428,16,nan,0,nan,0
590,2416640,44013.1,55.3,39.49,34.58,20,0.25,326,0.6748466257668712,206,141,35,21,9,0,0,112,-4.4851002848014385,20.07766990291262,0.11287066340446472,-0.010099347680807114,0.9627249240875244,-0.037220722110942,32.54775013923645,0.8997795820236206,0.11340162446722388,0.09546236136811785,0.406884765625,18.28702712059021,-9.313225746154785e-10,0.4291774034500122,0.00011914022517911974,-1.1944926977157593,0.23376299440860748,2500,0.5501201152801514,1589,1.9811172485351562,7,nan,0,nan,0
591,2420736,44087.7,55.3,39.52,34.57,20,0.25,19,0.5263157894736842,205,136,38,20,11,0,0,105,-4.466054320418152,20.009756097560974,0.1091323122382164,-0.009682693518698215,0.9707016348838806,-0.03935231781215407,36.74926686286926,0.8965393841266632,0.10757588436827063,0.0735342296466115,0.367919921875,21.95397515296936,-2.0081643015146255e-09,0.3597060441970825,0.00011883316274309108,-1.1950992345809937,0.22802305221557617,2590,0.5205554366111755,1499,1.296689748764038,7,nan,0,nan,0
592,2424832,44162.1,55.4,39.36,34.53,20,0.25,222,0.6216216216216216,203,128,47,19,9,0,0,97,-4.494625564864712,20.049261083743843,0.046749379485845566,-0.012072388082742691,0.9755972027778625,-0.039607995579717684,41.799807453155516,0.894477641582489,0.1628470121882856,0.11180462893680669,0.33681640625,23.900689029693602,-1.57160684466362e-09,0.4059388041496277,0.00011852610030706242,-1.1955465078353882,0.26474976539611816,2474,0.6502543091773987,1601,2.725621461868286,21,nan,0,nan,0
593,2428928,44236.8,55.2,39.67,34.57,20,0.25,428,0.6378504672897196,206,135,43,17,11,0,0,105,-4.534614999261882,19.766990291262136,0.09792211651802063,-0.010020783171057701,0.973264753818512,-0.0433831789996475,37.909724259376524,0.8928039968013763,0.1144760993309319,0.08687567027809565,0.365771484375,18.994120264053343,-1.979060471057892e-09,0.368960440158844,0.00011821903787103376,-1.1960043907165527,0.2514798641204834,2613,0.5668057203292847,1473,1.124316930770874,10,nan,0,nan,0
594,2433024,44311.3,55.3,39.49,34.59,20,0.25,119,0.6554621848739496,203,122,53,20,8,0,0,96,-4.4249155710448305,20.389162561576356,0.02304251864552498,-0.011288054287433624,0.9804778099060059,-0.040482343756593764,37.47313282489777,0.8896074593067169,0.12572941081598402,0.061029151675757023,0.35185546875,20.986335468292236,-4.423782229423523e-09,0.4103584289550781,0.0001179119754350051,-1.1970871686935425,0.236127570271492,2466,0.6036975979804993,1602,1.5148261785507202,28,nan,0,nan,0
595,2437120,44386.1,55.2,39.68,34.56,20,0.25,323,0.6377708978328174,204,128,49,20,7,0,0,97,-4.470366534741857,20.0,0.056246962398290634,-0.010695166885852814,0.9665981531143188,-0.03447658498771489,39.10251791477204,0.8859732031822205,0.12166509432718157,0.07812919320276705,0.369921875,21.19904351234436,-1.949956640601158e-09,0.4158397912979126,0.00011760491299897644,-1.1977618932724,0.23482124507427216,2505,0.5954386591911316,1569,1.8770216703414917,22,nan,0,nan,0
596,2441216,44460.6,55.3,39.48,34.58,20,0.25,7,0.7142857142857143,196,126,49,14,7,0,0,98,-4.5211286682131435,20.647959183673468,0.0807940810918808,-0.01145030278712511,0.9766666889190674,-0.03921300643123686,35.659695744514465,0.884568190574646,0.12425226029008626,0.09941557775018736,0.42080078125,20.6536612033844,0.0,0.39873939752578735,0.00011729785056294778,-1.1978741884231567,0.267839640378952,2450,0.5789588689804077,1644,0.9455761909484863,2,nan,0,nan,0
597,2445312,44535.3,55.1,39.73,34.59,20,0.25,213,0.6807511737089202,206,140,43,11,12,0,0,108,-4.557567149932551,20.097087378640776,0.1301662027835846,-0.011628108099102974,0.9683804512023926,-0.04240409501362592,34.111497855186464,0.8831894099712372,0.12512351628392934,0.07717098465800518,0.372509765625,22.116995763778686,-1.4842953532934189e-09,0.43528079986572266,0.00011699078812691912,-1.198479175567627,0.24194537103176117,2488,0.6360644698143005,1590,0.8659636378288269,18,nan,0,nan,0
598,2449408,44609.6,55.5,39.22,34.55,20,0.25,411,0.6666666666666666,198,129,51,14,4,0,0,96,-4.5854163163173025,20.550505050505052,0.08311060070991516,-0.010886420495808125,0.9671626687049866,-0.04452049926621839,37.51512279510498,0.8810508489608765,0.12208434827625751,0.06713553344889078,0.35146484375,21.130366253852845,-3.3178366720676422e-09,0.3856317400932312,0.00011668372569089046,-1.1988561153411865,0.24999533593654633,2515,0.5960022807121277,1576,3.342613697052002,5,nan,0,nan,0
599,2453504,44684.1,55.3,39.53,34.55,20,0.25,101,0.6039603960396039,202,125,49,18,10,0,0,101,-4.3820506554718035,20.27227722772277,0.04560951143503189,-0.011753939092159271,0.9794555902481079,-0.03099019529763609,40.85025179386139,0.880300909280777,0.12988213961943984,0.06911441653210204,0.3841796875,28.732756090164184,-1.862645149230957e-09,0.39643681049346924,0.0001163766632548618,-1.1988463401794434,0.2491338849067688,2331,0.6229739189147949,1750,1.7855480909347534,15,nan,0,nan,0
600,2457600,44758.6,55.5,39.28,34.58,20,0.25,303,0.6402640264026402,202,133,45,16,8,0,0,105,-4.475180578712479,20.440594059405942,0.10466691106557846,-0.009907113388180733,0.9771443009376526,-0.04128144383430481,34.84665169715881,0.879733270406723,0.11085308622568846,0.048794619641557804,0.329248046875,22.875740432739256,-2.066371962428093e-09,0.4156816601753235,0.00011606960081883314,-1.1992290019989014,0.2409503161907196,2414,0.5306078195571899,1662,1.0900828838348389,20,nan,0,nan,0
601,2461696,44832.9,55.5,39.33,34.54,20,0.25,501,0.6526946107784432,198,133,44,13,8,0,0,102,-4.883612881954413,20.58080808080808,0.12428951263427734,-0.009669181890785694,0.9717804193496704,-0.0421193985035643,37.07967607975006,0.8777259171009064,0.11188413901254535,0.06595882477995474,0.354443359375,20.10437955856323,-2.3283064365386963e-09,0.32424014806747437,0.00011576253838280448,-1.1997745037078857,0.23407015204429626,2588,0.5635389685630798,1498,1.3392179012298584,10,nan,0,nan,0
602,2465792,44907.4,55.4,39.42,34.56,20,0.25,193,0.7150259067357513,204,149,34,13,8,0,0,118,-4.501974736693785,20.11764705882353,0.17281335592269897,-0.01041803415864706,0.9676259160041809,-0.03801052356138825,32.57201979160309,0.8751646876335144,0.11296514235436916,0.0896544457806158,0.40537109375,18.022646188735962,-2.473825588822365e-09,0.385634183883667,0.00011545547594677582,-1.2005716562271118,0.24160632491111755,2537,0.5374563932418823,1550,1.4831960201263428,9,nan,0,nan,0
603,2469888,44982.0,55.2,39.61,34.57,20,0.25,391,0.7212276214833759,198,144,37,11,6,0,0,106,-4.393663973419753,20.54040404040404,0.15880446135997772,-0.009936917573213577,0.9769112467765808,-0.041942422883585094,32.65499355792999,0.8709982216358185,0.11960216388106346,0.061334107053698975,0.336279296875,20.156060314178468,-3.4051481634378433e-09,0.425808310508728,0.00011514841351074716,-1.2020201683044434,0.23159144818782806,2524,0.5225757360458374,1550,2.963874101638794,22,nan,0,nan,0
604,2473984,45056.8,55.1,39.75,34.54,20,0.25,79,0.620253164556962,200,134,45,12,9,0,0,105,-4.4357431566645085,20.535,0.11070670187473297,-0.011125502176582813,0.9738193154335022,-0.0392089553643018,35.168914556503296,0.8664228558540344,0.12356352070346474,0.0795088961807778,0.386962890625,21.21342763900757,-2.9685907065868378e-09,0.42694294452667236,0.0001148413510747185,-1.2024983167648315,0.2433086633682251,2425,0.5800660848617554,1650,1.4679756164550781,21,nan,0,nan,0
605,2478080,45131.1,55.4,39.31,34.56,20,0.25,281,0.6476868327402135,202,133,49,13,7,0,0,105,-4.5722476479364484,20.514851485148515,0.10393111407756805,-0.010161716490983963,0.9753466844558716,-0.03291381312301382,37.018238353729245,0.8644207417964935,0.11454140925779939,0.06554892304848181,0.352490234375,26.825739717483522,-8.731149137020111e-10,0.3664500117301941,0.00011453428863868984,-1.203230857849121,0.2575485110282898,2618,0.5422619581222534,1465,1.937802791595459,13,nan,0,nan,0
606,2482176,45205.5,55.5,39.22,34.57,20,0.25,484,0.6363636363636364,203,126,48,18,11,0,0,95,-4.4814322527960595,19.82758620689655,0.06152736395597458,-0.011034216731786728,0.970716655254364,-0.038156476663425566,38.41756534576416,0.8623597145080566,0.12471713861450553,0.05098905364284292,0.319921875,25.04243197441101,-3.026798367500305e-09,0.38948047161102295,0.00011422722620266118,-1.203561782836914,0.23534877598285675,2481,0.597664475440979,1606,1.5783555507659912,9,nan,0,nan,0
607,2486272,45279.9,55.4,39.42,34.55,20,0.25,181,0.6629834254143646,209,142,42,16,9,0,0,100,-4.553948260536797,19.727272727272727,0.1311139166355133,-0.01119939237833023,0.9814767241477966,-0.04116211801301688,33.61551568508148,0.8606660068035126,0.1229802394285798,0.06693260166357504,0.3646484375,19.975290632247926,-2.4156179279088974e-09,0.402316153049469,0.00011392016376663256,-1.2040191888809204,0.2339327335357666,2508,0.5921201109886169,1579,1.5645798444747925,9,nan,0,nan,0
608,2490368,45354.6,55.2,39.64,34.53,20,0.25,392,0.6811224489795918,211,147,33,23,8,0,0,127,-4.46364005587851,19.649289099526065,0.15501196682453156,-0.010162562131881714,0.9644787907600403,-0.042534027679357676,32.611882543563844,0.8592579662799835,0.10987551268190146,0.10249458715843503,0.360888671875,19.050319957733155,-2.153683453798294e-09,0.41115862131118774,0.0001136131013306039,-1.2041587829589844,0.23941175639629364,2528,0.5425578951835632,1567,1.1927261352539062,1,nan,0,nan,0
609,2494464,45429.7,54.8,40.17,34.53,20,0.25,93,0.7311827956989247,213,142,40,18,13,0,0,116,-4.591032365708604,19.061032863849764,0.11571051180362701,-0.010400846600532532,0.9781097173690796,-0.032789209252223374,36.88942728042603,0.857768315076828,0.11738266544416547,0.09983248037315207,0.42451171875,20.270627450942992,-3.7834979593753815e-10,0.36716902256011963,0.00011330603889457524,-1.204866647720337,0.23455074429512024,2479,0.5570632815361023,1608,1.1115339994430542,9,nan,0,nan,0
610,2498560,45504.3,55.3,39.59,34.53,20,0.25,297,0.6902356902356902,204,137,43,15,9,0,0,110,-4.486140868966928,19.955882352941178,0.10786882787942886,-0.010744747705757618,0.9701952934265137,-0.041569230903405696,35.55270838737488,0.8549966394901276,0.11678922781720757,0.05270462322951062,0.356884765625,20.865787935256957,-2.473825588822365e-09,0.43051767349243164,0.00011299897645854658,-1.2055437564849854,0.23630249500274658,2444,0.5619139671325684,1638,1.1111083030700684,14,nan,0,nan,0
611,2502656,45579.5,54.8,40.17,34.53,20,0.25,509,0.650294695481336,212,126,48,22,16,0,0,100,-4.502427458732684,19.278301886792452,0.04168260097503662,-0.010292703285813332,0.9675592184066772,-0.04051860937615857,39.81398260593414,0.8524403631687164,0.11811124887317419,0.04501354837993858,0.301318359375,25.192663145065307,-1.1932570487260818e-09,0.39233314990997314,0.00011269191402251792,-1.2062053680419922,0.2497953623533249,2477,0.5661999583244324,1605,1.5400887727737427,14,nan,0,nan,0
612,2506752,45654.3,55.1,39.79,34.59,20,0.25,205,0.6292682926829268,208,131,49,16,12,0,0,98,-4.389157188495496,19.990384615384617,0.0744638592004776,-0.010866396129131317,0.966821014881134,-0.04244717181427404,35.77039792537689,0.8495237469673157,0.12966312579810618,0.047889636560285,0.31025390625,23.242699146270752,-1.8335413187742233e-09,0.4262242317199707,0.00011238485158648926,-1.2068397998809814,0.23344342410564423,2480,0.5847021341323853,1597,2.194573163986206,19,nan,0,nan,0
613,2510848,45728.9,55.3,39.59,34.53,20,0.25,414,0.642512077294686,209,137,39,23,10,0,0,105,-4.479675977823963,19.39712918660287,0.11073802411556244,-0.00997883826494217,0.9650115966796875,-0.047267210873542354,37.58599469661713,0.8474971532821656,0.11542549803853035,0.09594245071348269,0.359765625,21.076768255233766,-2.735760062932968e-09,0.35567933320999146,0.0001120777891504606,-1.207451581954956,0.23828479647636414,2550,0.5408272743225098,1529,2.740875720977783,17,nan,0,nan,0
614,2514944,45803.5,55.3,39.6,34.53,20,0.25,109,0.6238532110091743,207,141,49,9,8,0,0,107,-4.472955612103396,19.932367149758456,0.12108001857995987,-0.010893922299146652,0.9696580171585083,-0.04408437487436458,34.779733777046204,0.8442798614501953,0.11820762353017926,0.06308736110077007,0.34833984375,19.498738622665407,-2.7066562324762344e-09,0.4109806418418884,0.00011177072671443194,-1.2081785202026367,0.24469023942947388,2460,0.5949788093566895,1622,1.1584758758544922,14,nan,0,nan,0
615,2519040,45878.4,55.0,39.88,34.55,20,0.25,318,0.6666666666666666,209,144,38,17,10,0,0,118,-4.55415648559547,19.502392344497608,0.1413416713476181,-0.010664425790309906,0.9709287285804749,-0.03281316444044933,33.69218564033508,0.8413483560085296,0.11755908811464906,0.12286268320458475,0.42783203125,17.454114723205567,-2.270098775625229e-09,0.393419086933136,0.00011146366427840328,-1.2090634107589722,0.22918029129505157,2472,0.5733652710914612,1611,1.2642569541931152,13,nan,0,nan,0
616,2523136,45952.9,55.3,39.48,34.52,20,0.25,9,0.6666666666666666,203,135,49,14,5,0,0,107,-4.384495824241309,20.236453201970445,0.10518448054790497,-0.011449900455772877,0.9740560054779053,-0.03363587420899421,33.665087485313414,0.8384352028369904,0.13080970710143447,0.0663996868635877,0.38203125,24.982116889953613,-4.452886059880257e-09,0.4593214988708496,0.00011115660184237462,-1.2095136642456055,0.23215459287166595,2476,0.5977782607078552,1620,nan,0,nan,0,nan,0
617,2527232,46028.0,54.9,40.1,34.55,20,0.25,214,0.705607476635514,205,145,42,12,6,0,0,113,-4.565730202564229,20.082926829268292,0.1533307433128357,-0.010022725909948349,0.9725006222724915,-0.04403730924241245,31.902659952640533,0.8358483970165252,0.11034728018566967,0.10534537747589638,0.36865234375,19.502808833122252,-1.5133991837501526e-09,0.4533875584602356,0.00011084953940634596,-1.2105708122253418,0.2289465367794037,2546,0.5419223308563232,1531,0.9565340280532837,19,nan,0,nan,0
618,2531328,46102.8,55.1,39.72,34.56,20,0.25,415,0.6650602409638554,201,125,49,22,5,0,0,100,-4.5688087437958735,20.318407960199004,0.06406387686729431,-0.010212906636297703,0.9607188701629639,-0.036545239156112075,35.78526980876923,0.831242460012436,0.11401489386335015,0.07223070401669247,0.30771484375,27.973534250259398,-3.5797711461782455e-09,0.4287170171737671,0.0001105424769703173,-1.2117748260498047,0.249004527926445,2547,0.5589030385017395,1537,1.2702370882034302,12,nan,0,nan,0
619,2535424,46177.9,54.9,40.07,34.56,20,0.25,114,0.7543859649122807,211,151,39,11,10,0,0,116,-4.4109869588446475,19.341232227488153,0.17135068774223328,-0.01076052151620388,0.970141589641571,-0.0443564219167456,30.934996914863586,0.8268656611442566,0.11972283469513059,0.05271730108652264,0.31728515625,23.18981513977051,-3.3760443329811096e-09,0.42079031467437744,0.00011023541453428864,-1.2126368284225464,0.2323770523071289,2495,0.5856344699859619,1582,1.6441413164138794,19,nan,0,nan,0
620,2539520,46252.6,55.1,39.72,34.55,20,0.25,325,0.7015384615384616,211,142,39,24,6,0,0,122,-4.365154095750535,19.56872037914692,0.11566850543022156,-0.010389631614089012,0.970141589641571,-0.021764682000502945,34.077055597305296,0.8239368021488189,0.11746485447511076,0.1252182647251175,0.450439453125,20.319253063201906,-2.2992026060819626e-09,0.4112720489501953,0.00010992835209825998,-1.2133162021636963,0.23583641648292542,2476,0.5745657086372375,1610,1.5816234350204468,10,nan,0,nan,0
621,2543616,46327.7,54.9,40.1,34.52,20,0.25,20,0.65,207,139,43,22,3,0,0,109,-4.43309887844197,19.594202898550726,0.12761935591697693,-0.009154179133474827,0.9647724628448486,-0.041095901560038325,33.915444350242616,0.8212431848049164,0.10311423111706972,0.05999557230825303,0.350634765625,24.78669285774231,-1.367880031466484e-09,0.40321505069732666,0.00010962128966223132,-1.2139559984207153,0.231631338596344,2613,0.5174577236175537,1475,1.3306243419647217,8,nan,0,nan,0
622,2547712,46402.0,55.5,39.27,34.57,20,0.25,229,0.6593886462882096,209,138,48,13,10,0,0,109,-4.4702201751499535,19.732057416267942,0.09954958409070969,-0.009869644418358803,0.9655261039733887,-0.0385584088973701,34.53588755130768,0.818664276599884,0.10936036594212055,0.07400474656606093,0.3896484375,20.219503545761107,-8.149072527885437e-10,0.40040314197540283,0.00010931422722620266,-1.214559555053711,0.23243044316768646,2485,0.5390843749046326,1601,1.4382224082946777,10,nan,0,nan,0
623,2551808,46476.6,55.2,39.63,34.53,20,0.25,438,0.6598173515981736,209,138,45,19,7,0,0,109,-4.422558730375524,19.650717703349283,0.10788761079311371,-0.00958329625427723,0.9732441306114197,-0.04509840732207522,36.328703093528745,0.8163025319576264,0.10614827293902636,0.08967451003118185,0.37333984375,18.974043607711792,-2.240994945168495e-09,0.37841254472732544,0.000109007164790174,-1.21528959274292,0.22752223908901215,2500,0.5372483134269714,1593,1.4889497756958008,3,nan,0,nan,0
624,2555904,46550.9,55.4,39.34,34.54,20,0.25,129,0.7209302325581395,203,139,46,13,5,0,0,101,-4.4228022864407475,20.251231527093594,0.10787937790155411,-0.011037987656891346,0.9727716445922852,-0.03475936185568571,35.46787643432617,0.8128424644470215,0.12661746377125382,0.05842157726146979,0.3318359375,22.62981719970703,-3.521563485264778e-09,0.43991798162460327,0.00010870010235414534,-1.2162033319473267,0.23845545947551727,2472,0.628101110458374,1612,2.952444076538086,12,nan,0,nan,0
625,2560000,46625.9,55.0,39.93,34.54,20,0.25,334,0.6916167664670658,205,138,37,23,7,0,0,102,-4.449353119578061,19.86341463414634,0.10862301290035248,-0.010163598693907261,0.9686455726623535,-0.04777308979537338,37.97552156448364,0.8088765680789948,0.11140494495630264,0.09028970303188544,0.384423828125,19.62700934410095,-2.3283064365386963e-09,0.34236621856689453,0.00010839303991811668,-1.217245101928711,0.2476767897605896,2507,0.543814480304718,1576,1.173875093460083,13,nan,0,nan,0
626,2564096,46700.2,55.5,39.3,34.55,20,0.25,26,0.6538461538461539,204,134,47,16,7,0,0,98,-4.399332236015028,20.034313725490197,0.10017532855272293,-0.01059346366673708,0.9689105749130249,-0.03718599413987249,37.012745070457456,0.8053491234779357,0.11598828863352537,0.07714790052268654,0.371435546875,22.172216653823853,-1.7462298274040222e-09,0.3383252024650574,0.00010808597748208802,-1.2179030179977417,0.2427949458360672,2517,0.5570608377456665,1570,1.8364472389221191,9,nan,0,nan,0
627,2568192,46774.6,55.4,39.39,34.59,20,0.25,231,0.6753246753246753,205,139,40,18,8,0,0,107,-4.523937671634273,19.702439024390245,0.12338320165872574,-0.009474247694015503,0.9642765522003174,-0.03911190785001963,33.149844670295714,0.8031272768974305,0.10978790586814284,0.0567010838232818,0.34716796875,25.677166795730592,-2.240994945168495e-09,0.39135974645614624,0.00010777891504605936,-1.218430757522583,0.24466174840927124,2528,0.5497803688049316,1565,1.200325608253479,3,nan,0,nan,0
628,2572288,46849.2,55.3,39.53,34.59,20,0.25,429,0.6666666666666666,198,130,37,21,10,0,0,104,-4.614211224555753,20.757575757575758,0.0943598523736,-0.00946558266878128,0.9643406867980957,-0.036017011804506185,31.725919437408447,0.8003118872642517,0.1057388394139707,0.06463060065289028,0.3720703125,23.684463214874267,-1.979060471057892e-09,0.44682395458221436,0.0001074718526100307,-1.2192730903625488,0.24729488790035248,2604,0.5409281849861145,1488,1.0581049919128418,4,nan,0,nan,0
629,2576384,46924.5,54.7,40.29,34.56,20,0.25,124,0.6693548387096774,207,137,41,21,8,0,0,115,-4.278756210104834,19.91304347826087,0.09919267892837524,-0.009819360449910164,0.967858076095581,-0.039175646321382374,34.01539387702942,0.7973715186119079,0.11005800031125546,0.06682352403004188,0.37646484375,21.51455488204956,-2.0372681319713593e-09,0.40880489349365234,0.00010716479017400204,-1.2198548316955566,0.2273229956626892,2531,0.5240150690078735,1537,1.4120852947235107,28,nan,0,nan,0
630,2580480,46998.8,55.5,39.27,34.55,20,0.25,328,0.6463414634146342,204,129,43,27,5,0,0,98,-4.56128875152473,20.044117647058822,0.09130695462226868,-0.009838636964559555,0.9727646708488464,-0.04481013285694644,36.222818684577945,0.7948831617832184,0.11329565681517124,0.10331575107411481,0.406787109375,17.90510001182556,-1.8044374883174896e-09,0.36934030055999756,0.00010685772773797338,-1.2206306457519531,0.2316359579563141,2550,0.5441758036613464,1538,1.134758710861206,8,nan,0,nan,0
631,2584576,47073.6,55.1,39.75,34.58,20,0.25,24,0.75,208,139,45,15,9,0,0,106,-4.394518384427091,19.653846153846153,0.122256800532341,-0.010405182838439941,0.9737654328346252,-0.035607044608332215,34.03377468585968,0.7918007493019104,0.11416575442999602,0.07189019511570223,0.37255859375,18.885471868515015,-2.2118911147117615e-09,0.39949196577072144,0.00010655066530194472,-1.2213304042816162,0.24549314379692078,2574,0.563992977142334,1518,1.1633522510528564,4,nan,0,nan,0
632,2588672,47148.4,55.1,39.8,34.53,20,0.25,228,0.6929824561403509,204,140,44,15,5,0,0,108,-4.496782528181031,20.102941176470587,0.13513126969337463,-0.010300545021891594,0.9689105749130249,-0.035231357999145986,33.344763779640196,0.7890722990036011,0.114120062161237,0.08140032820374472,0.38740234375,22.54722762107849,-2.35741026699543e-09,0.42533618211746216,0.00010624360286591606,-1.2219223976135254,0.24470099806785583,2589,0.5533624291419983,1487,0.9491676092147827,20,nan,0,nan,0
633,2592768,47223.2,55.2,39.71,34.54,20,0.25,438,0.7123287671232876,210,154,34,15,7,0,0,125,-4.545116725603812,19.50952380952381,0.19775405526161194,-0.008246367797255516,0.9657745957374573,-0.04254127243766561,30.06341027021408,0.7865320980548859,0.09164693090133369,0.0728538002804271,0.35859375,21.47623453140259,-6.111804395914078e-10,0.42423534393310547,0.0001059365404298874,-1.2228004932403564,0.21687667071819305,2654,0.4997369647026062,1434,1.3161509037017822,8,nan,0,nan,0
634,2596864,47298.0,55.1,39.77,34.51,20,0.25,139,0.7338129496402878,213,158,29,16,10,0,0,120,-4.4832459172016454,19.356807511737088,0.21085011959075928,-0.009792929515242577,0.9672933220863342,-0.045360944571439174,33.33511612415314,0.7829361200332642,0.11162391169928014,0.06614344216650352,0.347119140625,20.629932975769044,-1.5133991837501526e-09,0.33732789754867554,0.00010562947799385874,-1.2236758470535278,0.23363377153873444,2522,0.5357071161270142,1562,0.9100701212882996,12,nan,0,nan,0
635,2600960,47373.2,54.8,40.15,34.54,20,0.25,352,0.7414772727272727,213,159,25,23,6,0,0,121,-4.447605474421452,19.136150234741784,0.22550684213638306,-0.008472289890050888,0.972959041595459,-0.030246517295017837,31.812781953811644,0.7797422468662262,0.0964210913516581,0.09287210387847153,0.402734375,21.172115993499755,-7.275957614183426e-10,0.34250450134277344,0.00010532241555783007,-1.2242012023925781,0.22813186049461365,2576,0.47325029969215393,1517,1.0788400173187256,3,nan,0,nan,0
636,2605056,47448.0,55.1,39.77,34.53,20,0.25,47,0.723404255319149,207,140,43,17,7,0,0,113,-4.529121610821059,19.97584541062802,0.13946866989135742,-0.008691523224115372,0.9622010588645935,-0.03156998506747186,34.41767070293427,0.7777455508708954,0.09887998569756747,0.08256698113109451,0.375439453125,26.874513101577758,-2.9685907065868378e-09,0.38327556848526,0.00010501535312180141,-1.2248244285583496,0.23194345831871033,2581,0.5243191719055176,1513,0.4363528788089752,2,nan,0,nan,0
637,2609152,47522.4,55.4,39.4,34.53,20,0.25,254,0.6614173228346457,207,134,44,21,8,0,0,102,-4.515478373693609,19.6231884057971,0.09751478582620621,-0.010506296530365944,0.9714579582214355,-0.035571720963343975,37.80375096797943,0.7754217147827148,0.12278408417478204,0.0604675781854894,0.350390625,25.695103216171265,-1.3969838619232178e-09,0.36295074224472046,0.00010470829068577275,-1.2253382205963135,0.25528156757354736,2497,0.5431199073791504,1593,1.0750633478164673,6,nan,0,nan,0
638,2613248,47597.1,55.2,39.65,34.56,20,0.25,466,0.6738197424892703,212,146,45,15,6,0,0,113,-4.351041046587345,19.67452830188679,0.14225783944129944,-0.009531645104289055,0.9765705466270447,-0.04362913817167282,34.73028342723846,0.7735050559043884,0.10536863706074655,0.05499140437896131,0.342919921875,21.12815680503845,-2.648448571562767e-09,0.37380164861679077,0.00010440122824974409,-1.2258275747299194,0.21908411383628845,2413,0.5163586735725403,1662,1.133292317390442,21,nan,0,nan,0
639,2617344,47672.0,55.1,39.8,34.58,20,0.25,156,0.7051282051282052,202,144,33,18,7,0,0,114,-4.681065813759079,19.975247524752476,0.1737300604581833,-0.00914988573640585,0.9622496366500854,-0.04177312245592475,32.3769216299057,0.771766996383667,0.1008268916979432,0.09193012306204765,0.387060546875,19.641988039016724,-2.35741026699543e-09,0.39706987142562866,0.00010409416581371543,-1.2262346744537354,0.23549553751945496,2636,0.5301381349563599,1449,1.5998181104660034,11,nan,0,nan,0
640,2621440,47746.9,55.0,39.89,34.58,20,0.25,364,0.695054945054945,208,143,39,18,8,0,0,117,-4.585559763285395,19.64423076923077,0.14357367157936096,-0.010008106008172035,0.9601337313652039,-0.03739849062403664,35.343062615394594,0.7698692679405212,0.11220132606104016,0.07413580766005907,0.375146484375,24.01808099746704,-2.9103830456733704e-10,0.3552659749984741,0.00010378710337768677,-1.2266687154769897,0.21779873967170715,2494,0.561380922794342,1595,1.3025263547897339,7,nan,0,nan,0
641,2625536,47821.1,55.5,39.21,34.54,20,0.25,54,0.7037037037037037,202,133,49,14,6,0,0,105,-4.548524085521984,20.22772277227723,0.10259967297315598,-0.010792605578899384,0.9745762944221497,-0.03217313406057656,34.98456859588623,0.7686749994754791,0.12188247544690967,0.0838138226463343,0.380859375,24.015911293029784,-1.6589183360338211e-09,0.42499279975891113,0.00010348004094165811,-1.2267730236053467,0.24575486779212952,2533,0.5675252079963684,1549,1.399131417274475,14,nan,0,nan,0
642,2629632,47895.9,55.1,39.8,34.52,20,0.25,261,0.685823754789272,207,141,39,19,8,0,0,120,-4.427234058275077,19.77294685990338,0.13725052773952484,-0.010215438902378082,0.9637438654899597,-0.038702406198717655,34.57409920692444,0.7681832313537598,0.12807009369134903,0.06901991597114829,0.357568359375,24.371643114089967,-9.604264050722122e-10,0.43610119819641113,0.00010317297850562945,-1.2270519733428955,0.23580780625343323,2507,0.5622385740280151,1569,1.972480058670044,20,nan,0,nan,0
643,2633728,47971.0,54.9,40.12,34.51,20,0.25,470,0.7042553191489361,209,152,30,20,7,0,0,112,-4.549886858630612,19.66507177033493,0.19538730382919312,-0.009455978870391846,0.9693851470947266,-0.035940335248596966,30.839827680587767,0.7670090854167938,0.1071045140735805,0.07574955739837605,0.36669921875,22.142093467712403,-1.9208528101444244e-09,0.40804874897003174,0.00010286591606960079,-1.2273352146148682,0.22549796104431152,2583,0.520067036151886,1506,1.001358151435852,7,nan,0,nan,0
644,2637824,48046.1,54.9,40.02,34.54,20,0.25,160,0.7125,202,141,40,14,7,0,0,111,-4.681907119827606,20.207920792079207,0.15279772877693176,-0.008779770694673061,0.9658448696136475,-0.04578503812663257,31.121679663658142,0.7654632866382599,0.0989922241307795,0.0735429319232935,0.383447265625,20.5697988986969,-2.3283064365386963e-09,0.4134606719017029,0.00010255885363357213,-1.2278507947921753,0.22594493627548218,2656,0.5043095946311951,1436,0.8805286884307861,4,nan,0,nan,0
645,2641920,48121.5,54.6,40.43,34.56,20,0.25,377,0.7002652519893899,217,150,35,27,5,0,0,115,-4.448204791595768,18.783410138248847,0.16666942834854126,-0.009550221264362335,0.9626192450523376,-0.03648686625529081,33.85615850687027,0.7635951578617096,0.12043415009975433,0.0696091929115937,0.3736328125,18.986446952819826,-2.2992026060819626e-09,0.38790690898895264,0.00010225179119754347,-1.2281739711761475,0.23107977211475372,2633,0.5593680739402771,1452,2.0864064693450928,11,nan,0,nan,0
646,2646016,48196.9,54.7,40.38,34.52,20,0.25,72,0.7777777777777778,207,167,23,15,2,0,0,124,-4.441666686957812,19.864734299516908,0.27326500415802,-0.009139178320765495,0.9609153866767883,-0.027400175249204038,26.536367082595824,0.7627950549125672,0.10573438461869955,0.062052927822514904,0.37177734375,26.734394598007203,-2.0081643015146255e-09,0.4358444809913635,0.00010194472876151485,-1.2283052206039429,0.24017809331417084,2655,0.5084656476974487,1428,2.0607261657714844,13,nan,0,nan,0
647,2650112,48272.0,54.8,40.16,34.52,20,0.25,284,0.7429577464788732,212,155,30,18,9,0,0,115,-4.515367276090387,19.54245283018868,0.19491246342658997,-0.010147832334041595,0.9721935987472534,-0.037661639880388974,33.05645797252655,0.7623000741004944,0.11496406216174364,0.06274145868082996,0.334326171875,26.460005903244017,-7.566995918750763e-10,0.3524797558784485,0.00010163766632548619,-1.2284283638000488,0.23309551179409027,2548,0.537843644618988,1529,1.1109853982925415,19,nan,0,nan,0
648,2654208,48346.4,55.5,39.31,34.53,20,0.25,494,0.7226720647773279,210,146,37,20,7,0,0,118,-4.637077001885229,19.485714285714284,0.15663637220859528,-0.010027328506112099,0.9675759077072144,-0.04110742246266454,33.74437892436981,0.7609701216220855,0.11257804138585925,0.08528486396098742,0.3509765625,19.62542486190796,-2.2992026060819626e-09,0.3948819041252136,0.00010133060388945753,-1.229072093963623,0.2351497858762741,2438,0.5488775968551636,1636,1.97564697265625,22,nan,0,nan,0
649,2658304,48421.5,54.9,40.07,34.53,20,0.25,185,0.6918918918918919,203,142,38,18,5,0,0,113,-4.717158482709601,20.088669950738915,0.1639115810394287,-0.009545933455228806,0.9668635725975037,-0.03862490070750937,29.644046330451964,0.758654135465622,0.10691436119377613,0.09312145451985998,0.409619140625,18.908421182632445,-1.5425030142068863e-09,0.47922444343566895,0.00010102354145342887,-1.2293119430541992,0.24134983122348785,2638,0.5585753321647644,1450,1.3180989027023315,8,nan,0,nan,0
650,2662400,48496.6,54.8,40.12,34.56,20,0.25,392,0.701530612244898,207,147,37,14,9,0,0,107,-4.483677197279745,19.797101449275363,0.16523371636867523,-0.009682530537247658,0.9686294794082642,-0.03360458355164155,32.62045931816101,0.7580982625484467,0.10874579772353173,0.09400239760434488,0.4220703125,21.086865258216857,-6.693881005048752e-10,0.35733121633529663,0.00010071647901740021,-1.2295722961425781,0.23314431309700012,2538,0.5128413438796997,1554,1.2630501985549927,4,nan,0,nan,0
651,2666496,48571.8,54.9,40.14,34.52,20,0.25,87,0.632183908045977,207,146,34,18,9,0,0,114,-4.632334715587247,19.705314009661837,0.17439588904380798,-0.009291652590036392,0.9647724628448486,-0.03696488398127258,31.762443447113036,0.756354707479477,0.10694773653522134,0.07816899170720717,0.355419921875,23.998989248275755,-1.1059455573558807e-09,0.42154449224472046,0.00010040941658137155,-1.2300747632980347,0.23088304698467255,2593,0.5123018622398376,1492,1.7545963525772095,11,nan,0,nan,0
652,2670592,48646.4,55.2,39.63,34.57,20,0.25,299,0.6421404682274248,212,137,41,25,9,0,0,104,-4.4629465721019805,19.419811320754718,0.10819987207651138,-0.010346747934818268,0.973738431930542,-0.042684436787385496,36.76917691230774,0.754636824131012,0.11640256773680449,0.0516861908021383,0.309619140625,25.238775396347044,-1.8335413187742233e-09,0.3579506278038025,0.00010010235414534289,-1.2305048704147339,0.23284393548965454,2367,0.541432797908783,1699,1.6035321950912476,30,nan,0,nan,0
653,2674688,48721.3,55.1,39.86,34.54,20,0.25,508,0.6456692913385826,209,136,39,25,9,0,0,113,-4.549137397643039,19.822966507177032,0.11522726714611053,-0.009614386595785618,0.9724723696708679,-0.04475069418549538,34.261475157737735,0.7527966916561126,0.1100446155294776,0.09222821547009516,0.3509765625,16.747345900535585,-2.444721758365631e-09,0.389396607875824,9.979529170931423e-05,-1.231119990348816,0.22908879816532135,2550,0.5226331353187561,1536,1.428483009338379,10,nan,0,nan,0
654,2678784,48796.2,55.0,39.86,34.58,20,0.25,206,0.7135922330097088,210,149,36,20,5,0,0,121,-4.77731020564468,19.376190476190477,0.18341845273971558,-0.01178579032421112,0.9706639051437378,-0.03832706069806591,32.460801291465756,0.7501887619495392,0.13622810412198305,0.06047999154543504,0.344140625,23.873522996902466,-1.5133991837501526e-09,0.4356871247291565,9.948822927328557e-05,-1.2316545248031616,0.24089837074279785,2488,0.6286769509315491,1593,1.7675350904464722,15,nan,0,nan,0
655,2682880,48870.6,55.4,39.36,34.54,20,0.25,410,0.697560975609756,204,139,35,24,6,0,0,111,-4.576589013447359,19.779411764705884,0.15620794892311096,-0.009400074370205402,0.9635149240493774,-0.04200991606339812,34.07750201225281,0.748058408498764,0.10222314177080989,0.05905388207320357,0.312548828125,21.3004620552063,-2.1245796233415604e-09,0.3714211583137512,9.918116683725691e-05,-1.2321900129318237,0.24274897575378418,2580,0.5215275883674622,1513,0.7414188981056213,3,nan,0,nan,0
656,2686976,48946.0,54.7,40.42,34.52,20,0.25,104,0.6923076923076923,206,144,39,18,5,0,0,113,-4.508298715264995,19.83009708737864,0.15704414248466492,-0.008787758648395538,0.9616966843605042,-0.03994783656671643,30.911156702041627,0.7460282266139984,0.10048561817966402,0.08475209248135798,0.4044921875,17.05458722114563,-1.6298145055770874e-09,0.4429006576538086,9.887410440122825e-05,-1.2327172756195068,0.2270626574754715,2450,0.49798673391342163,1644,1.2105271816253662,2,nan,0,nan,0
657,2691072,49021.4,54.6,40.38,34.58,20,0.25,315,0.6888888888888889,211,145,31,25,10,0,0,113,-4.685663358678183,19.421800947867297,0.15801191329956055,-0.00857846811413765,0.9601029753684998,-0.04424293509218842,34.3319732427597,0.7438140690326691,0.09655359904281795,0.0767218104476342,0.365576171875,17.094177436828613,-1.3387762010097504e-09,0.3650781512260437,9.856704196519959e-05,-1.233341932296753,0.2241845726966858,2576,0.5104100704193115,1516,1.9810924530029297,4,nan,0,nan,0
658,2695168,49096.0,55.2,39.62,34.53,20,0.25,13,0.7692307692307693,210,142,47,13,8,0,0,108,-4.584435219445457,19.614285714285714,0.1376156508922577,-0.009717840701341629,0.9709212779998779,-0.04468533494509756,33.756091022491454,0.7411840438842774,0.10747740492224693,0.0664197348189191,0.354638671875,20.788193798065187,-1.1350493878126144e-09,0.41321617364883423,9.825997952917093e-05,-1.2340162992477417,0.2428787499666214,2403,0.5281476974487305,1684,1.1485847234725952,9,nan,0,nan,0
659,2699264,49171.0,55.0,39.97,34.51,20,0.25,220,0.6636363636363637,207,136,48,16,7,0,0,102,-4.597634543319741,19.70048309178744,0.12231982499361038,-0.009939946234226227,0.9722293615341187,-0.04491947957430966,35.21817245483398,0.7379887938499451,0.11037638103589416,0.058800306549528614,0.348388671875,20.612511491775514,-3.3760443329811096e-09,0.41640615463256836,9.795291709314227e-05,-1.2348389625549316,0.2354075163602829,2607,0.5389814376831055,1485,1.3608801364898682,4,nan,0,nan,0
660,2703360,49246.2,54.7,40.32,34.52,20,0.25,432,0.6828703703703703,212,149,37,21,5,0,0,117,-4.445001741760699,19.56132075471698,0.17766627669334412,-0.008447504602372646,0.9678167104721069,-0.03744255087804049,33.36133668422699,0.735659146308899,0.09928964450955391,0.06093950954382308,0.343603515625,22.808208465576172,5.820766091346741e-10,0.3458137512207031,9.764585465711361e-05,-1.2350947856903076,0.23554667830467224,2517,0.4905465841293335,1579,nan,0,nan,0,nan,0
661,2707456,49320.4,55.6,39.15,34.53,20,0.25,124,0.7016129032258065,204,140,42,18,4,0,0,116,-4.573090165651341,19.857843137254903,0.15811306238174438,-0.009333908557891846,0.9696813821792603,-0.043622418353334066,33.98891310691833,0.7350149095058441,0.11602392159402371,0.05035343923227629,0.317236328125,23.66302070617676,-2.8230715543031693e-09,0.398518443107605,9.733879222108495e-05,-1.235309362411499,0.2330935001373291,2549,0.5126988887786865,1529,3.235914945602417,18,nan,0,nan,0
662,2711552,49394.9,55.3,39.47,34.55,20,0.25,335,0.6955223880597015,211,146,39,16,10,0,0,123,-4.645884118913153,19.545023696682463,0.1689341515302658,-0.009184028953313828,0.9647361636161804,-0.046642533654812725,33.84794096946716,0.7337826907634735,0.10604748548939824,0.05778118795715272,0.3337890625,20.68402886390686,-1.775333657860756e-09,0.38542020320892334,9.703172978505629e-05,-1.2356888055801392,0.23713499307632446,2625,0.530133843421936,1471,nan,0,nan,0,nan,0
663,2715648,49469.2,55.5,39.23,34.55,20,0.25,30,0.8,207,148,33,21,5,0,0,116,-4.665881633229749,19.57487922705314,0.1775282323360443,-0.009187255054712296,0.9624581933021545,-0.04225990397389978,30.511348390579222,0.7319534420967102,0.10517812445759774,0.07532046983687905,0.38994140625,19.67017569541931,-2.6193447411060333e-09,0.4626585841178894,9.672466734902763e-05,-1.2362903356552124,0.22907023131847382,2524,0.5488265752792358,1561,1.3267625570297241,11,nan,0,nan,0
664,2719744,49544.6,54.6,40.47,34.55,20,0.25,238,0.7142857142857143,208,146,34,25,3,0,0,118,-4.636305011830578,19.58653846153846,0.17583370208740234,-0.009929011575877666,0.9647634029388428,-0.04152162771206349,32.6084242105484,0.7289054304361343,0.11001737229526043,0.06757819951162673,0.35380859375,20.98546576499939,-1.1059455573558807e-09,0.38946259021759033,9.641760491299897e-05,-1.2371158599853516,0.22915267944335938,2590,0.5393346548080444,1490,0.9833042621612549,16,nan,0,nan,0
665,2723840,49619.0,55.4,39.27,34.6,20,0.25,448,0.6696428571428571,210,130,44,22,14,0,0,97,-4.62315437677245,19.652380952380952,0.08152948319911957,-0.009158769622445107,0.9706639051437378,-0.04069629407604225,37.46923036575318,0.7261789262294769,0.10719144446775317,0.0533515560804517,0.3166015625,25.829914474487303,-3.1723175197839737e-09,0.38627153635025024,9.611054247697031e-05,-1.2377076148986816,0.23777875304222107,2559,0.5184546709060669,1525,2.8274600505828857,12,nan,0,nan,0
666,2727936,49694.0,55.0,40.0,34.53,20,0.25,146,0.678082191780822,210,146,40,16,8,0,0,113,-4.704419592550547,19.67142857142857,0.16732636094093323,-0.009017560631036758,0.9686052203178406,-0.0328762240940705,32.52942850589752,0.7236445873975754,0.10460306219756603,0.08722405358421384,0.40556640625,26.41888298988342,-1.3096723705530167e-09,0.42677223682403564,9.580348004094165e-05,-1.2382711172103882,0.23191803693771362,2644,0.5317890048027039,1447,0.73166823387146,5,nan,0,nan,0
667,2732032,49769.0,54.9,40.02,34.55,20,0.25,362,0.6546961325966851,216,138,40,26,12,0,0,114,-4.492416851798377,19.125,0.1070181280374527,-0.009941140189766884,0.9634020328521729,-0.04497914805542678,35.63523659706116,0.7220125287771225,0.1110281535424292,0.06482367744465592,0.34189453125,20.72066445350647,-3.7834979593753815e-09,0.39621883630752563,9.549641760491299e-05,-1.2386318445205688,0.22151809930801392,2477,0.5567320585250854,1610,1.2285176515579224,9,nan,0,nan,0
668,2736128,49844.0,55.0,39.93,34.55,20,0.25,56,0.7678571428571429,206,156,35,11,4,0,0,115,-4.576861688695659,19.771844660194176,0.2337276041507721,-0.008416566997766495,0.9614396095275879,-0.03156101773492992,27.515746080875395,0.7205577433109284,0.09711115327663719,0.05915998376440257,0.34150390625,26.721122646331786,-2.444721758365631e-09,0.4407449960708618,9.518935516888433e-05,-1.2389755249023438,0.20901133120059967,2613,0.4724299907684326,1477,1.411048412322998,6,nan,0,nan,0
669,2740224,49918.8,55.1,39.75,34.53,20,0.25,259,0.7258687258687259,203,145,26,23,9,0,0,121,-4.456369836463751,19.896551724137932,0.18500705063343048,-0.009723047725856304,0.970973551273346,-0.03528799642808735,30.66402897834778,0.7186149895191193,0.1128815958276391,0.0740446394047467,0.384423828125,26.179388570785523,-1.2223608791828156e-09,0.4097922444343567,9.488229273285567e-05,-1.2396094799041748,0.22994329035282135,2648,0.5303425192832947,1443,0.3402307629585266,5,nan,0,nan,0
670,2744320,49993.9,54.9,40.15,34.51,20,0.25,471,0.7430997876857749,212,162,27,14,9,0,0,131,-4.318035229458338,19.72641509433962,0.2535216212272644,-0.008913563564419746,0.9603501558303833,-0.04158737703692168,30.26545581817627,0.7159427851438522,0.10005969791673124,0.047585538265411745,0.310791015625,22.006647634506226,-2.5029294192790985e-09,0.3736398220062256,9.457523029682701e-05,-1.2403383255004883,0.2207321971654892,2664,0.4922313094139099,1421,1.424147129058838,11,nan,0,nan,0
671,2748416,50068.6,55.2,39.63,34.58,20,0.25,165,0.703030303030303,206,149,34,17,6,0,0,126,-4.431244505948491,19.844660194174757,0.20724087953567505,-0.008736807852983475,0.9609254598617554,-0.04612548901932314,30.4817355632782,0.7132028043270111,0.09756378121674061,0.055150672310264784,0.31826171875,21.15310664176941,-2.7066562324762344e-09,0.38731104135513306,9.426816786079835e-05,-1.2408525943756104,0.22829757630825043,2569,0.48396143317222595,1522,0.6805084943771362,5,nan,0,nan,0
672,2752512,50143.4,55.1,39.84,34.53,20,0.25,371,0.7115902964959568,206,148,35,18,5,0,0,115,-4.485020468466208,19.703883495145632,0.19230011105537415,-0.009512427262961864,0.9665809869766235,-0.04240720896050334,32.507970452308655,0.7111774832010269,0.10862009106203914,0.05157813529804116,0.327490234375,20.56047558784485,-2.240994945168495e-09,0.3883228898048401,9.39611054247697e-05,-1.2416017055511475,0.2318243384361267,2559,0.5352880954742432,1532,1.6598402261734009,5,nan,0,nan,0
673,2756608,50218.1,55.2,39.6,34.57,20,0.25,69,0.7101449275362319,210,152,27,19,12,0,0,113,-4.535381261399428,19.795238095238094,0.2090848684310913,-0.008699986152350903,0.9675759077072144,-0.0448794987751171,33.60833945274353,0.7078632891178132,0.09994606459513307,0.048053652007365596,0.305615234375,24.008693313598634,-1.8335413187742233e-09,0.31895607709884644,9.365404298874103e-05,-1.2423394918441772,0.23446188867092133,2630,0.48688459396362305,1457,0.6199963092803955,9,nan,0,nan,0
674,2760704,50293.1,55.0,40.0,34.53,20,0.25,275,0.7090909090909091,206,146,36,21,3,0,0,115,-4.655507354833708,19.694174757281555,0.1886635273694992,-0.00917945895344019,0.9652956128120422,-0.03918948976206593,32.99935748577118,0.7053996294736862,0.10691463733091951,0.05037010906089563,0.311181640625,25.02244577407837,-1.5425030142068863e-09,0.3353932499885559,9.334698055271237e-05,-1.2428433895111084,0.23420733213424683,2542,0.5403313636779785,1544,1.0219542980194092,10,nan,0,nan,0
675,2764800,50368.3,54.8,40.15,34.58,20,0.25,479,0.697286012526096,204,139,39,19,7,0,0,102,-4.599257869709579,19.877450980392158,0.14307133853435516,-0.009357037954032421,0.961973249912262,-0.044486475712619725,33.09380497932434,0.7037855833768845,0.11274317926727236,0.05495091959455749,0.329296875,18.93861312866211,-2.473825588822365e-09,0.405198872089386,9.303991811668371e-05,-1.2432148456573486,0.2235434353351593,2634,0.5668542385101318,1455,1.8594168424606323,7,nan,0,nan,0
676,2768896,50443.1,55.2,39.7,34.56,20,0.25,176,0.7613636363636364,209,156,36,12,5,0,0,126,-4.409975610027157,19.535885167464116,0.22542111575603485,-0.009072544984519482,0.9629534482955933,-0.03981519835069776,30.742602503299715,0.7020162284374237,0.10132449534721673,0.04792181733064353,0.3171875,25.833234739303588,-2.2118911147117615e-09,0.39684903621673584,9.273285568065505e-05,-1.2436134815216064,0.229555144906044,2531,0.5082662105560303,1553,1.8096904754638672,12,nan,0,nan,0
677,2772992,50518.1,55.0,39.96,34.53,20,0.25,385,0.7584415584415585,209,158,29,14,8,0,0,122,-4.435997390092704,19.784688995215312,0.23239043354988098,-0.008564170449972153,0.9601234793663025,-0.03609365504235029,29.414571619033815,0.7002924740314483,0.09827660322189331,0.0481228663935326,0.313232421875,22.610096979141236,-4.190951585769653e-09,0.34828710556030273,9.24257932446264e-05,-1.2442104816436768,0.22005435824394226,2599,0.467650830745697,1495,1.098559856414795,2,nan,0,nan,0
678,2777088,50593.2,54.9,40.06,34.57,20,0.25,82,0.7195121951219512,209,152,30,21,6,0,0,124,-4.469963723348682,19.61244019138756,0.19787780940532684,-0.009932850487530231,0.9606380462646484,-0.03702986249700189,30.602208173274995,0.6980577081441879,0.12111873375251889,0.0665294523612829,0.37265625,23.8381196975708,-3.6088749766349792e-09,0.4390174150466919,9.211873080859773e-05,-1.244546890258789,0.21107502281665802,2673,0.5686100125312805,1414,1.0853369235992432,9,nan,0,nan,0
679,2781184,50668.2,54.9,40.05,34.52,20,0.25,291,0.7319587628865979,209,154,34,16,5,0,0,127,-4.495204459017396,19.51196172248804,0.21645838022232056,-0.007883036509156227,0.9583225846290588,-0.041117409337311984,28.98898630142212,0.6966250658035278,0.09063487397506834,0.06429610006307485,0.350146484375,20.57077395915985,-1.949956640601158e-09,0.42946189641952515,9.181166837256907e-05,-1.2451763153076172,0.20719540119171143,2666,0.4838954508304596,1425,1.516510009765625,5,nan,0,nan,0
680,2785280,50743.3,54.9,40.01,34.58,20,0.25,497,0.7424547283702213,206,156,34,13,3,0,0,118,-4.571044289149398,20.033980582524272,0.22332733869552612,-0.008866577409207821,0.9645244479179382,-0.024196308839600535,27.226116490364074,0.6940916687250137,0.102208112180233,0.07776743149734103,0.39228515625,21.280881786346434,-3.14321368932724e-09,0.4905731678009033,9.150460593654041e-05,-1.245608925819397,0.21714569628238678,2691,0.5038716793060303,1392,2.066284418106079,13,nan,0,nan,0
681,2789376,50818.4,54.8,40.12,34.56,20,0.25,193,0.6839378238341969,208,142,48,13,5,0,0,100,-4.418273643995903,19.673076923076923,0.1429591327905655,-0.008841107599437237,0.9601337313652039,-0.03464281810447574,33.905499410629275,0.6931264787912369,0.10298983240500093,0.06533838648610982,0.357958984375,21.255878162384032,-2.764863893389702e-09,0.4356449842453003,9.119754350051175e-05,-1.2456071376800537,0.20992577075958252,2569,0.490400105714798,1521,2.6296069622039795,6,nan,0,nan,0
682,2793472,50893.4,55.0,39.97,34.54,20,0.25,399,0.6917293233082706,206,144,42,16,4,0,0,115,-4.5667703702939235,19.83009708737864,0.16697090864181519,-0.008460821583867073,0.9616966843605042,-0.04128714862745255,31.269783687591552,0.6927073985338211,0.09642135631293058,0.06355973165773321,0.370263671875,20.458281183242796,-2.735760062932968e-09,0.4244254231452942,9.08904810644831e-05,-1.2461203336715698,0.21608011424541473,2546,0.4871540069580078,1523,0.7293601632118225,27,nan,0,nan,0
683,2797568,50968.4,55.0,39.89,34.51,20,0.25,90,0.7333333333333333,203,142,33,16,12,0,0,106,-4.4274692320512825,20.103448275862068,0.16723138093948364,-0.008983547799289227,0.9586437344551086,-0.02392002154374495,32.944181656837465,0.6899081289768219,0.10490588652901352,0.09108990156819345,0.425732421875,20.379307079315186,-2.4156179279088974e-09,0.41673511266708374,9.058341862845444e-05,-1.2467341423034668,0.2182142734527588,2628,0.5471863150596619,1447,1.8321866989135742,21,nan,0,nan,0
684,2801664,51042.5,55.6,39.12,34.53,20,0.25,293,0.6484641638225256,203,124,63,11,5,0,0,92,-4.637662411055016,20.251231527093594,0.057655319571495056,-0.009406374767422676,0.961469292640686,-0.03456517313607037,36.59710428714752,0.6876720726490021,0.1083210438489914,0.0630138544656802,0.37939453125,27.44694299697876,-1.280568540096283e-09,0.42986440658569336,9.027635619242578e-05,-1.2472748756408691,0.23496113717556,2520,0.5559968948364258,1559,1.3888033628463745,17,nan,0,nan,0
685,2805760,51117.2,55.2,39.7,34.54,20,0.25,498,0.6586345381526104,205,138,47,15,5,0,0,99,-4.460975532386979,19.946341463414633,0.13167917728424072,-0.009643003344535828,0.977640688419342,-0.04012416959740221,32.589728999137876,0.6860566139221191,0.10771992299705743,0.06443570158880903,0.37197265625,23.461222457885743,-1.3096723705530167e-09,0.42624926567077637,8.996929375639714e-05,-1.2475919723510742,0.22007638216018677,2499,0.5281707048416138,1584,1.7284283638000488,13,nan,0,nan,0
686,2809856,51191.7,55.3,39.46,34.56,20,0.25,185,0.6972972972972973,199,140,38,19,2,0,0,109,-4.550321319247222,20.55276381909548,0.16550207138061523,-0.00881895236670971,0.9612522721290588,-0.04767369008623064,33.284040904045106,0.6846120744943619,0.10233109826222062,0.07380307576822816,0.369677734375,24.87845540046692,-3.1723175197839737e-09,0.40547114610671997,8.966223132036848e-05,-1.2479910850524902,0.23819521069526672,2636,0.4958402216434479,1451,1.5964127779006958,9,nan,0,nan,0
687,2813952,51266.5,55.1,39.75,34.57,20,0.25,387,0.6770025839793282,202,133,44,13,12,0,0,109,-4.5766815761214215,20.252475247524753,0.10955503582954407,-0.009031293913722038,0.9617360234260559,-0.03147396585554816,34.798805356025696,0.6832996308803558,0.11319534350186586,0.11410012475971598,0.3404296875,24.53427743911743,-1.280568540096283e-09,0.45404189825057983,8.935516888433982e-05,-1.2482280731201172,0.2245892882347107,2591,0.5194296836853027,1492,4.6168718338012695,13,nan,0,nan,0
688,2818048,51341.5,54.9,40.03,34.52,20,0.25,84,0.7023809523809523,209,150,35,17,7,0,0,108,-4.4546969982702675,19.626794258373206,0.18251895904541016,-0.009627752006053925,0.9634679555892944,-0.03951892845798284,32.344517695903775,0.6823868989944458,0.10660637505352497,0.060133091335592324,0.33505859375,21.989069080352785,-8.440110832452774e-10,0.41550010442733765,8.904810644831116e-05,-1.2485133409500122,0.21986038982868195,2508,0.5604423880577087,1587,1.3456138372421265,1,nan,0,nan,0
689,2822144,51415.7,55.6,39.19,34.53,20,0.25,292,0.678082191780822,208,139,55,10,4,0,0,101,-4.55985473127753,19.95673076923077,0.1352977752685547,-0.009266575798392296,0.9606481194496155,-0.03406307059340179,35.85668251514435,0.6807323575019837,0.1055545398965478,0.07598352277418599,0.418896484375,24.387083768844604,-2.561137080192566e-09,0.3997635245323181,8.87410440122825e-05,-1.2489928007125854,0.2334797978401184,2591,0.5202457308769226,1500,0.8201524615287781,5,nan,0,nan,0
690,2826240,51490.0,55.5,39.33,34.53,20,0.25,491,0.6720977596741344,199,132,43,19,5,0,0,109,-4.439767105438184,20.190954773869347,0.12989062070846558,-0.008690482005476952,0.9530407786369324,-0.04230086344759911,33.2021285533905,0.6785042524337769,0.10100529287010432,0.0555347337940475,0.34736328125,20.998462295532228,-2.270098775625229e-09,0.44602400064468384,8.843398157625384e-05,-1.2496811151504517,0.22470085322856903,2558,0.5141159296035767,1509,1.55759859085083,29,nan,0,nan,0
691,2830336,51564.2,55.5,39.2,34.55,20,0.25,185,0.6270270270270271,206,129,57,14,6,0,0,98,-4.463343483116805,19.946601941747574,0.07720804214477539,-0.00977662019431591,0.9735218286514282,-0.03711240402190015,36.21491575241089,0.6759164273738861,0.11434096032753586,0.06143216978525743,0.38564453125,21.211801290512085,-9.313225746154785e-10,0.4392073154449463,8.812691914022518e-05,-1.250150203704834,0.23374366760253906,2373,0.5353077054023743,1710,0.6585019826889038,13,nan,0,nan,0
692,2834432,51638.9,55.2,39.67,34.53,20,0.25,390,0.6358974358974359,205,132,55,14,4,0,0,101,-4.444622602215347,20.10731707317073,0.09063440561294556,-0.008966164663434029,0.9573374390602112,-0.039642476942390203,37.376297283172605,0.6746420353651047,0.10567642552778125,0.06529572793806437,0.35830078125,25.36437087059021,-1.6880221664905548e-09,0.40521538257598877,8.781985670419652e-05,-1.250479817390442,0.2131894826889038,2481,0.5097017288208008,1604,2.6700775623321533,11,nan,0,nan,0
693,2838528,51713.4,55.3,39.54,34.53,20,0.25,83,0.7228915662650602,205,147,37,15,6,0,0,110,-4.435815888230157,20.004878048780487,0.18273533880710602,-0.009053553454577923,0.9642765522003174,-0.03985499703558162,31.507742524147034,0.6731484919786453,0.10601894068531692,0.03861767244670773,0.28525390625,32.75132002830505,-1.6298145055770874e-09,0.4580973982810974,8.751279426816786e-05,-1.250765323638916,0.22203922271728516,2543,0.5247551202774048,1540,1.5512171983718872,13,nan,0,nan,0
694,2842624,51787.7,55.5,39.27,34.56,20,0.25,285,0.6807017543859649,202,134,47,15,6,0,0,103,-4.3569598992033125,20.084158415841586,0.11962886154651642,-0.008872279897332191,0.9514638185501099,-0.03621383279096335,38.91046633720398,0.6721631199121475,0.11042444212362171,0.04248506380827166,0.3009765625,25.491679525375368,-3.055902197957039e-09,0.34360718727111816,8.72057318321392e-05,-1.2510569095611572,0.21818807721138,2624,0.5369781851768494,1455,2.3691327571868896,17,nan,0,nan,0
695,2846720,51862.3,55.3,39.48,34.59,20,0.25,489,0.6952965235173824,204,146,37,12,9,0,0,106,-4.479713089128858,19.94607843137255,0.18140655755996704,-0.009603234939277172,0.9601747393608093,-0.04097748475614935,34.36957924365997,0.6705219715833663,0.12296088198199868,0.08504704123042757,0.302294921875,26.71403832435608,-2.066371962428093e-09,0.35882633924484253,8.689866939611054e-05,-1.251653790473938,0.22551009058952332,2591,0.591262936592102,1502,4.749330043792725,3,nan,0,nan,0
696,2850816,51936.5,55.5,39.21,34.53,20,0.25,179,0.5977653631284916,202,123,41,22,16,0,0,83,-4.6983460692630405,20.50990099009901,0.06053999066352844,-0.009711447171866894,0.9545454382896423,-0.03555828798562288,39.1542870759964,0.6686727732419968,0.1087422848213464,0.04820473848085385,0.312451171875,31.666621494293214,-1.2223608791828156e-09,0.3679034113883972,8.659160696008188e-05,-1.2518231868743896,0.22025562822818756,2504,0.5495291352272034,1578,1.618892788887024,14,nan,0,nan,0
697,2854912,52010.7,55.5,39.26,34.54,20,0.25,378,0.6322751322751323,199,132,42,19,6,0,0,94,-4.55010770387307,20.396984924623116,0.12754936516284943,-0.009870674461126328,0.9671542048454285,-0.03918512569507584,34.56042945384979,0.668071186542511,0.10968632716685534,0.05737603457382647,0.334423828125,23.175277614593504,-2.7066562324762344e-09,0.3937916159629822,8.628454452405322e-05,-1.2520644664764404,0.2290898859500885,2528,0.5532881617546082,1561,2.0138726234436035,7,nan,0,nan,0
698,2859008,52085.5,55.2,39.67,34.54,20,0.25,72,0.625,206,136,47,15,8,0,0,107,-4.438265893010104,19.966019417475728,0.13106442987918854,-0.00888801272958517,0.9598971605300903,-0.0383499211166054,34.03207938671112,0.6668906807899475,0.10270501007325947,0.06251978028740268,0.361767578125,21.44341082572937,-1.57160684466362e-09,0.39431822299957275,8.597748208802456e-05,-1.2524173259735107,0.2199329435825348,2549,0.5353299975395203,1529,1.7935166358947754,18,nan,0,nan,0
699,2863104,52160.7,54.9,40.15,34.52,20,0.25,282,0.7092198581560284,210,155,39,6,10,0,0,129,-4.534464365207345,19.81904761904762,0.21612994372844696,-0.008552907966077328,0.9593412280082703,-0.03328448007814586,30.62348268032074,0.6655116766691208,0.09873409080319107,0.04834126774221659,0.345263671875,27.391105365753173,-2.3283064365386963e-09,0.40644317865371704,8.56704196519959e-05,-1.2526721954345703,0.22303099930286407,2596,0.5198888778686523,1477,0.6674480438232422,23,nan,0,nan,0
700,2867200,52235.8,54.9,40.11,34.53,20,0.25,494,0.7327935222672065,212,162,30,18,2,0,0,124,-4.397705057062186,19.245283018867923,0.24580860137939453,-0.008819270879030228,0.9577754735946655,-0.04127699690870941,29.61449066400528,0.6642507284879684,0.10320538855157793,0.07999807977175806,0.37216796875,16.164905166625978,-3.2014213502407074e-09,0.4093429446220398,8.536335721596724e-05,-1.253095030784607,0.21457259356975555,2497,0.47982943058013916,1599,nan,0,nan,0,nan,0
701,2871296,52310.1,55.5,39.28,34.53,20,0.25,182,0.6813186813186813,200,138,38,14,10,0,0,109,-4.513741971756238,20.31,0.15869179368019104,-0.009379694238305092,0.9684291481971741,-0.03772049603285268,38.7356662273407,0.6629944682121277,0.11165271224454046,0.04604480611596955,0.312841796875,25.958321189880373,-3.4051481634378433e-09,0.30433428287506104,8.505629477993858e-05,-1.2531800270080566,0.24440795183181763,2548,0.5423285365104675,1544,0.8967915773391724,4,nan,0,nan,0
702,2875392,52384.8,55.2,39.63,34.55,20,0.25,385,0.6519480519480519,203,127,50,20,6,0,0,96,-4.57232819905622,20.300492610837438,0.0949254184961319,-0.009354702197015285,0.9666067361831665,-0.03944268369814381,37.82841398715973,0.6624434649944305,0.10647411542013288,0.04744288469228195,0.3369140625,28.489924097061156,-2.473825588822365e-09,0.34957820177078247,8.474923234390992e-05,-1.253565788269043,0.23157505691051483,2643,0.5355316996574402,1437,2.1099298000335693,16,nan,0,nan,0
703,2879488,52459.8,54.9,40.03,34.53,20,0.25,84,0.75,211,157,31,15,8,0,0,128,-4.468993021388997,19.213270142180093,0.2169368416070938,-0.007716915104538202,0.9655083417892456,-0.04362249833066016,29.99865815639496,0.6605979114770889,0.08934678076766431,0.04501450848038076,0.301171875,23.23626503944397,-2.648448571562767e-09,0.35525959730148315,8.444216990788126e-05,-1.2540925741195679,0.22278741002082825,2560,0.45094355940818787,1530,0.7941729426383972,6,nan,0,nan,0
704,2883584,52534.9,54.9,40.02,34.54,20,0.25,292,0.7363013698630136,208,152,38,11,7,0,0,116,-4.538018965054535,19.85096153846154,0.19406968355178833,-0.009044457226991653,0.9606481194496155,-0.04699300836073235,31.174329376220705,0.6583432793617249,0.10338451229035854,0.07712931645655771,0.372265625,20.90111074447632,-2.1245796233415604e-09,0.4040360450744629,8.41351074718526e-05,-1.2545641660690308,0.21820427477359772,2533,0.5248152613639832,1553,0.8073410987854004,10,nan,0,nan,0
705,2887680,52609.6,55.1,39.73,34.57,20,0.25,495,0.7212121212121212,203,142,40,15,6,0,0,109,-4.6393989689197035,20.054187192118228,0.16635048389434814,-0.009138975292444229,0.9619830250740051,-0.03947133782785386,33.378791618347165,0.6565005093812942,0.10606932304799557,0.07368004386662505,0.37724609375,24.050434494018553,-1.6298145055770874e-09,0.43445295095443726,8.382804503582394e-05,-1.2550920248031616,0.2241227775812149,2675,0.5318447351455688,1407,0.9003318548202515,14,nan,0,nan,0
706,2891776,52684.2,55.3,39.57,34.53,20,0.25,191,0.7120418848167539,208,148,41,14,5,0,0,117,-4.414136649976215,19.735576923076923,0.17599532008171082,-0.00882803089916706,0.9670782089233398,-0.04207755613606423,31.792127215862273,0.6540052831172943,0.09951605163514614,0.07233486956683918,0.36826171875,21.009994316101075,-1.7462298274040222e-09,0.43304169178009033,8.352098259979528e-05,-1.2557764053344727,0.2092587649822235,2605,0.5172460079193115,1480,1.1231848001480103,11,nan,0,nan,0
707,2895872,52759.2,55.0,39.98,34.51,20,0.25,393,0.6743002544529262,202,129,45,19,9,0,0,107,-4.4776851595592575,20.143564356435643,0.09914900362491608,-0.00978560745716095,0.9604519605636597,-0.030303054978139697,36.50706930160523,0.6514090090990067,0.11412109434604645,0.06762602539092769,0.3908203125,22.395669603347777,-2.0372681319713593e-09,0.4203883409500122,8.321392016376662e-05,-1.2562808990478516,0.2172095626592636,2544,0.54877108335495,1538,1.937540888786316,14,nan,0,nan,0
708,2899968,52833.9,55.2,39.68,34.52,20,0.25,90,0.7,209,135,49,18,7,0,0,103,-4.538887923743572,19.598086124401913,0.11778819561004639,-0.009271466173231602,0.9711859822273254,-0.03915570853278041,34.71402821540833,0.6492718309164047,0.10337376445531846,0.11659592977084685,0.432958984375,21.82896432876587,-1.57160684466362e-09,0.4458540081977844,8.290685772773797e-05,-1.2569186687469482,0.22497333586215973,2548,0.5348493456840515,1536,1.4402803182601929,12,nan,0,nan,0
709,2904064,52908.7,55.2,39.71,34.56,20,0.25,298,0.7348993288590604,208,156,32,16,4,0,0,120,-4.4081749584451675,19.77403846153846,0.24213573336601257,-0.008053554221987724,0.9650205969810486,-0.041652756929397586,30.768915152549745,0.6470742166042328,0.09313093707896769,0.04249230094574159,0.3203125,27.118484020233154,-2.8230715543031693e-09,0.364300012588501,8.25997952917093e-05,-1.2574708461761475,0.2114063799381256,2586,0.48557808995246887,1493,2.1990108489990234,17,nan,0,nan,0
710,2908160,52983.4,55.1,39.76,34.54,20,0.25,500,0.71,202,136,42,18,6,0,0,100,-4.2438285083662235,20.38118811881188,0.12803268432617188,-0.0105496346950531,0.966358482837677,-0.04692866639234126,35.43242325782776,0.6452036827802659,0.12068063374608755,0.047153837064979595,0.2982421875,26.140298748016356,-2.2118911147117615e-09,0.3456460237503052,8.229273285568065e-05,-1.2577824592590332,0.2332322746515274,2519,0.5524086952209473,1565,0.7198359966278076,12,nan,0,nan,0
711,2912256,53057.7,55.5,39.3,34.54,20,0.25,196,0.7142857142857143,208,150,32,22,4,0,0,117,-4.617623525582323,19.58173076923077,0.19913095235824585,-0.008647039532661438,0.9663065671920776,-0.04145478350110352,32.74434609413147,0.6434176325798034,0.09886613781563938,0.08073525134386728,0.384326171875,17.638017416000366,-1.3096723705530167e-09,0.3337417244911194,8.198567041965199e-05,-1.2584826946258545,0.21042375266551971,2548,0.4878106117248535,1544,1.3370627164840698,4,nan,0,nan,0
712,2916352,53133.1,54.7,40.27,34.58,20,0.25,402,0.746268656716418,206,160,27,15,4,0,0,127,-4.781143855145635,20.09223300970874,0.2665266692638397,-0.009137996472418308,0.9655526876449585,-0.031146649550646544,26.380810534954072,0.6410041332244873,0.11174387326464057,0.04981026163150091,0.310546875,27.094546794891357,-9.89530235528946e-10,0.44553446769714355,8.167860798362333e-05,-1.2588133811950684,0.22494082152843475,2627,0.5287330150604248,1458,1.9826298952102661,11,nan,0,nan,0
713,2920448,53207.6,55.3,39.54,34.57,20,0.25,92,0.6847826086956522,202,139,36,20,7,0,0,105,-4.565396394282133,20.059405940594058,0.16393715143203735,-0.008919673040509224,0.9668720960617065,-0.02413520161062479,35.11335754394531,0.640118134021759,0.1101867969147861,0.062024820855003784,0.344677734375,27.446397018432616,-2.444721758365631e-09,0.33878105878829956,8.137154554759467e-05,-1.259034514427185,0.22832807898521423,2643,0.5228967666625977,1447,1.1627092361450195,6,nan,0,nan,0
714,2924544,53282.2,55.3,39.53,34.55,20,0.25,300,0.6833333333333333,208,142,42,14,10,0,0,115,-4.471183021797801,19.76923076923077,0.16865625977516174,-0.008776594884693623,0.9655349850654602,-0.02982231960631907,33.19580624103546,0.6388245552778244,0.10027788439765573,0.09206489677017089,0.437109375,18.069092559814454,-2.153683453798294e-09,0.3592873811721802,8.1064483111566e-05,-1.2594034671783447,0.22906595468521118,2585,0.48983487486839294,1511,nan,0,nan,0,nan,0
715,2928640,53357.0,55.1,39.78,34.52,20,0.25,506,0.6956521739130435,206,147,33,16,10,0,0,117,-4.402893803076965,19.839805825242717,0.19679340720176697,-0.008947367779910564,0.9658097624778748,-0.045245129009708764,30.63669480085373,0.6374683499336242,0.10178138595074415,0.054845966117864006,0.336474609375,19.350831270217896,-1.3096723705530167e-09,0.3967921733856201,8.075742067553735e-05,-1.2597720623016357,0.2375812977552414,2551,0.4913334846496582,1515,0.7974278926849365,30,nan,0,nan,0
716,2932736,53431.8,55.0,39.84,34.58,20,0.25,199,0.7236180904522613,205,150,33,16,6,0,0,121,-4.5319793281893626,19.804878048780488,0.21652069687843323,-0.008231583051383495,0.9565664529800415,-0.03734430564218201,31.29025880098343,0.6362149506807327,0.09355479348450899,0.0717599800802418,0.37490234375,19.53661479949951,-1.367880031466484e-09,0.3491743206977844,8.045035823950869e-05,-1.2599189281463623,0.22289632260799408,2639,0.48729291558265686,1457,nan,0,nan,0,nan,0
717,2936832,53506.7,55.1,39.77,34.56,20,0.25,404,0.7252475247524752,205,149,35,13,8,0,0,120,-4.5739829445953974,20.11219512195122,0.21360105276107788,-0.00862861331552267,0.960164487361908,-0.03980500921607018,27.212253320217133,0.6359115689992905,0.09888553414493799,0.05479100101074437,0.324462890625,18.069555854797365,-1.949956640601158e-09,0.4319802522659302,8.014329580348003e-05,-1.260003685951233,0.22552381455898285,2620,0.496527761220932,1468,1.0836600065231323,8,nan,0,nan,0
718,2940928,53581.2,55.3,39.45,34.57,20,0.25,94,0.6914893617021277,202,137,39,17,9,0,0,105,-4.481841658553017,20.38118811881188,0.148890420794487,-0.00934869609773159,0.9619928002357483,-0.03793732826597988,33.36277837753296,0.6346705257892609,0.11076245335862041,0.06479642461345066,0.364599609375,23.59812150001526,-2.5029294192790985e-09,0.40469127893447876,7.983623336745137e-05,-1.260488748550415,0.21795405447483063,2484,0.556657075881958,1599,1.601557970046997,13,nan,0,nan,0
719,2945024,53655.7,55.3,39.5,34.55,20,0.25,294,0.7040816326530612,200,142,41,14,3,0,0,111,-4.395392077648481,20.32,0.18919497728347778,-0.008517177775502205,0.9620122909545898,-0.03558057015761733,32.40129781961441,0.6330708175897598,0.09829710405319929,0.07554569177300437,0.370947265625,23.671248292922975,-1.775333657860756e-09,0.35528087615966797,7.95291709314227e-05,-1.260858416557312,0.22134223580360413,2553,0.4802797734737396,1538,1.6154159307479858,5,nan,0,nan,0
720,2949120,53730.4,55.2,39.67,34.57,20,0.25,497,0.7122736418511066,203,147,35,13,8,0,0,116,-4.420637559950095,20.320197044334975,0.19485177099704742,-0.009471137076616287,0.9493963718414307,-0.03750881652813405,33.35970735549927,0.6310103505849838,0.13415946625173092,0.06151893927017227,0.31328125,20.05410671234131,-1.3387762010097504e-09,0.4204886555671692,7.922210849539405e-05,-1.2615834474563599,0.21780261397361755,2626,0.5599108934402466,1445,5.380111217498779,25,nan,0,nan,0
721,2953216,53805.0,55.3,39.59,34.52,20,0.25,187,0.7486631016042781,202,152,34,10,6,0,0,120,-4.595637220200829,20.10891089108911,0.23194576799869537,-0.009096654132008553,0.9625064134597778,-0.04311033473350108,30.023771953582763,0.6278413295745849,0.10074882842600345,0.03433446981216548,0.278564453125,23.115678215026854,-2.9103830456733704e-09,0.3801516890525818,7.891504605936539e-05,-1.2623982429504395,0.2270759642124176,2579,0.5673685073852539,1513,0.847527265548706,4,nan,0,nan,0
722,2957312,53879.3,55.5,39.3,34.55,20,0.25,392,0.7321428571428571,205,147,42,11,5,0,0,121,-4.4772408943573945,20.160975609756097,0.19966860115528107,-0.009625900536775589,0.9671036005020142,-0.03992386310128495,32.51867583990097,0.6244220793247223,0.11442105416208506,0.049561349191935736,0.303955078125,22.960376501083374,-3.4924596548080444e-10,0.40642160177230835,7.860798362333673e-05,-1.2632490396499634,0.22946488857269287,2522,0.5743774771690369,1558,2.0179550647735596,16,nan,0,nan,0
723,2961408,53953.6,55.5,39.21,34.54,20,0.25,81,0.7037037037037037,201,141,37,16,7,0,0,109,-4.44476144108997,20.233830845771145,0.17271867394447327,-0.010129797272384167,0.9637997150421143,-0.0433514392352663,32.71190972328186,0.6215210944414139,0.11675300151109695,0.05395216950710165,0.32119140625,17.668154907226562,-1.0477378964424133e-09,0.41058212518692017,7.830092118730807e-05,-1.2638731002807617,0.22897286713123322,2472,0.5465919375419617,1614,2.4636154174804688,10,nan,0,nan,0
724,2965504,54028.8,54.8,40.24,34.52,20,0.25,280,0.7178571428571429,199,144,34,16,5,0,0,118,-4.306767050707737,20.63819095477387,0.19972054660320282,-0.007976219058036804,0.9602258205413818,-0.03277669639792293,30.043864595890046,0.6191098302602768,0.09251868976280093,0.056849178651464174,0.33203125,21.03189687728882,-2.153683453798294e-09,0.40840834379196167,7.799385875127943e-05,-1.2644563913345337,0.2125534564256668,2623,0.46528199315071106,1456,1.3067528009414673,17,nan,0,nan,0
725,2969600,54104.0,54.8,40.15,34.53,20,0.25,480,0.7520833333333333,200,160,29,6,5,0,0,133,-4.575202760486098,20.545,0.2794986367225647,-0.008790936321020126,0.9620122909545898,-0.031170519231818617,25.449193692207338,0.6172625422477722,0.10248770732432604,0.04703902817855123,0.32626953125,24.13092174530029,-3.2014213502407074e-09,0.4630171060562134,7.768679631525077e-05,-1.2647147178649902,0.22800786793231964,2654,0.47248318791389465,1430,2.354619264602661,12,nan,0,nan,0
726,2973696,54178.8,55.1,39.82,34.56,20,0.25,172,0.7209302325581395,204,149,36,11,8,0,0,126,-4.368941755242235,20.15686274509804,0.19947674870491028,-0.009567882865667343,0.9591469764709473,-0.042314390442334114,30.714873564243316,0.6163034230470658,0.11438851542770863,0.05599769846448908,0.321533203125,22.255450916290282,-3.346940502524376e-09,0.44127243757247925,7.737973387922211e-05,-1.2650671005249023,0.21416255831718445,2516,0.5268803238868713,1565,2.631394863128662,15,nan,0,nan,0
727,2977792,54253.6,55.1,39.77,34.55,20,0.25,376,0.7180851063829787,204,146,36,17,5,0,0,123,-4.4787321942904725,19.887254901960784,0.1975027471780777,-0.008774492889642715,0.961973249912262,-0.044071683782385664,32.67100632190704,0.6149137258529663,0.10598034095019102,0.045134038454853,0.292919921875,24.305479192733763,-5.820766091346741e-11,0.4176527261734009,7.707267144319345e-05,-1.2653155326843262,0.2303120642900467,2553,0.4792378544807434,1532,3.7727243900299072,11,nan,0,nan,0
728,2981888,54328.8,54.9,40.14,34.53,20,0.25,71,0.7464788732394366,207,156,31,15,5,0,0,126,-4.397633794993797,19.73913043478261,0.25146549940109253,-0.008572078309953213,0.9532013535499573,-0.045115813834127036,29.545446276664734,0.6139976054430007,0.09819049243815244,0.04972235176537652,0.304736328125,19.096401834487914,-2.1827872842550278e-09,0.3524831533432007,7.67656090071648e-05,-1.2656028270721436,0.2150755673646927,2599,0.4696981906890869,1487,0.5707103610038757,10,nan,0,nan,0
729,2985984,54403.4,55.3,39.56,34.53,20,0.25,274,0.7153284671532847,203,143,38,17,5,0,0,109,-4.46660593202926,20.448275862068964,0.1772678792476654,-0.00940440222620964,0.9666067361831665,-0.04052725611254573,32.17267451286316,0.6126772046089173,0.10596668301150203,0.06770646148070228,0.34033203125,23.50950207710266,-3.550667315721512e-09,0.4356842637062073,7.645854657113613e-05,-1.26595938205719,0.2322520613670349,2535,0.5378846526145935,1553,1.1556367874145508,8,nan,0,nan,0
730,2990080,54478.3,55.1,39.83,34.57,20,0.25,476,0.7184873949579832,202,146,34,11,11,0,0,125,-4.450877488777896,20.064356435643564,0.19648835062980652,-0.0089283287525177,0.9661017060279846,-0.04326927151996642,31.786677527427674,0.6114779978990554,0.10179790314286948,0.05046051332610659,0.30751953125,20.74927306175232,-1.1350493878126144e-09,0.37157773971557617,7.615148413510747e-05,-1.2662076950073242,0.2204156070947647,2651,0.49009737372398376,1435,1.559430718421936,10,nan,0,nan,0
731,2994176,54552.8,55.3,39.58,34.52,20,0.25,171,0.7777777777777778,207,158,30,13,6,0,0,117,-4.493127413062617,19.956521739130434,0.25521984696388245,-0.008062918670475483,0.9614296555519104,-0.029845502297393977,29.34452509880066,0.6097203522920609,0.0966395290568471,0.08932452270382782,0.367138671875,18.62202067375183,-1.4260876923799515e-09,0.3720308542251587,7.584442169907881e-05,-1.266865611076355,0.21775180101394653,2596,0.46611684560775757,1491,1.9175357818603516,9,nan,0,nan,0
732,2998272,54627.7,55.0,39.84,34.58,20,0.25,380,0.7605263157894737,209,156,30,20,3,0,0,127,-4.5676143773334354,19.751196172248804,0.2424546480178833,-0.00900360383093357,0.9680988192558289,-0.0464581253239885,29.630968308448793,0.607887727022171,0.103341843187809,0.07050572408770676,0.34833984375,20.559386682510375,-5.820766091346741e-10,0.4221585988998413,7.553735926305016e-05,-1.2669978141784668,0.22012044489383698,2547,0.5059370994567871,1546,0.6847850680351257,3,nan,0,nan,0
733,3002368,54702.7,55.1,39.85,34.55,20,0.25,74,0.7297297297297297,206,156,29,16,5,0,0,131,-4.447522271006804,19.62135922330097,0.24507814645767212,-0.00772229116410017,0.9622107744216919,-0.036833784251939505,28.17232987880707,0.6073050945997238,0.08757090261206031,0.06669309534627246,0.363037109375,18.17581205368042,-2.066371962428093e-09,0.3716006875038147,7.52302968270215e-05,-1.2672408819198608,0.2154090851545334,2710,0.44662848114967346,1385,0.942943274974823,1,nan,0,nan,0
734,3006464,54777.4,55.2,39.76,34.49,20,0.25,276,0.7862318840579711,202,163,28,8,3,0,0,127,-4.648476893124027,20.366336633663366,0.2990124821662903,-0.008569317869842052,0.9586543440818787,-0.03682903407607228,27.25508029460907,0.6059018194675445,0.09957759194076062,0.044054206168220846,0.308056640625,22.464592361450194,-2.35741026699543e-09,0.39431774616241455,7.492323439099284e-05,-1.2677431106567383,0.22621361911296844,2621,0.5043390989303589,1468,1.188355803489685,7,nan,0,nan,0
735,3010560,54852.5,54.9,40.08,34.49,20,0.25,485,0.756701030927835,209,150,41,12,6,0,0,124,-4.432764493642146,19.550239234449762,0.20216430723667145,-0.008377015590667725,0.9657833576202393,-0.029432421061210336,30.072867000102995,0.603537917137146,0.09558263206854463,0.05257359272945905,0.33818359375,25.789455604553222,-2.1827872842550278e-09,0.4711560010910034,7.461617195496418e-05,-1.2683318853378296,0.21438443660736084,2511,0.4941730797290802,1571,0.8086409568786621,14,nan,0,nan,0
736,3014656,54927.7,54.8,40.24,34.46,20,0.25,178,0.7752808988764045,205,157,30,16,2,0,0,116,-4.599387515353989,20.151219512195123,0.24717269837856293,-0.00859029684215784,0.9593935012817383,-0.03960584355518222,29.039086246490477,0.6020160228013992,0.09896304374560713,0.038654387318820226,0.295556640625,23.050160360336303,-1.949956640601158e-09,0.38086652755737305,7.430910951893552e-05,-1.2685654163360596,0.2260056585073471,2654,0.5159942507743835,1432,2.3788161277770996,10,nan,0,nan,0
737,3018752,55002.3,55.2,39.68,34.48,20,0.25,382,0.7539267015706806,204,150,33,16,5,0,0,123,-4.510600211101178,19.852941176470587,0.21881479024887085,-0.008119710721075535,0.9576053619384766,-0.037834814214147625,31.841238617897034,0.6004122048616409,0.09779937542043626,0.07959822470293147,0.372900390625,22.680390405654908,-2.7066562324762344e-09,0.3755694627761841,7.400204708290686e-05,-1.2691067457199097,0.20743688941001892,2546,0.48393818736076355,1538,2.080076217651367,12,nan,0,nan,0
738,3022848,55076.7,55.4,39.4,34.49,20,0.25,73,0.6712328767123288,203,147,38,13,5,0,0,120,-4.564518017016718,20.364532019704434,0.2004549503326416,-0.008785765618085861,0.9655792713165283,-0.03454743425827474,29.547409093379976,0.5988903135061264,0.10331239816732704,0.044709604923264125,0.29501953125,25.74845972061157,-1.2223608791828156e-09,0.4542210102081299,7.36949846468782e-05,-1.26924467086792,0.21778130531311035,2647,0.491820365190506,1442,0.9115515351295471,7,nan,0,nan,0
739,3026944,55151.7,55.0,40.11,34.42,20,0.25,285,0.7157894736842105,212,155,30,16,11,0,0,130,-4.618809301328359,19.400943396226417,0.22934699058532715,-0.009114952757954597,0.9582903981208801,-0.04267752978485077,32.9854835152626,0.5986858695745468,0.10289778620935977,0.055514166933426166,0.32177734375,23.04597806930542,-3.5797711461782455e-09,0.3653751611709595,7.338792221084954e-05,-1.26932692527771,0.21977093815803528,2594,0.5183072090148926,1493,1.5930571556091309,9,nan,0,nan,0
740,3031040,55226.8,54.9,40.13,34.44,20,0.25,493,0.7139959432048681,208,148,34,16,10,0,0,122,-4.276958894261805,19.4375,0.1908128708600998,-0.009590729139745235,0.9570473432540894,-0.03697269051335752,31.61267617940903,0.5980214625597,0.11663389876484871,0.049419151106849316,0.297412109375,22.133368587493898,-1.3387762010097504e-09,0.43241167068481445,7.308085977482088e-05,-1.2696055173873901,0.22443227469921112,2428,0.5359467267990112,1644,0.5363402962684631,24,nan,0,nan,0
741,3035136,55301.9,54.8,40.27,34.43,20,0.25,187,0.7593582887700535,206,153,32,14,7,0,0,123,-4.5347676544515005,19.893203883495147,0.21989920735359192,-0.008984386920928955,0.9562981724739075,-0.04448385066352785,29.91996136903763,0.5962813019752502,0.10451558055356144,0.07511424130498198,0.338720703125,20.864045429229737,-9.022187441587448e-10,0.44219905138015747,7.277379733879222e-05,-1.2701334953308105,0.21610909700393677,2610,0.5270574688911438,1479,0.7907849550247192,7,nan,0,nan,0
742,3039232,55376.8,55.0,39.95,34.47,20,0.25,395,0.7316455696202532,208,147,36,20,5,0,0,116,-4.4543327764454475,19.846153846153847,0.18402934074401855,-0.0092508839443326,0.9583333134651184,-0.04126787960994989,33.638072681427005,0.5942974328994751,0.1077572925016284,0.05133052443707129,0.3142578125,20.833692741394042,-1.6589183360338211e-09,0.40119999647140503,7.246673490276356e-05,-1.2705665826797485,0.20969785749912262,2514,0.5097312927246094,1544,1.7871575355529785,38,nan,0,nan,0
743,3043328,55452.0,54.8,40.3,34.39,20,0.25,90,0.7222222222222222,207,158,26,15,8,0,0,131,-4.585788728623997,19.830917874396135,0.2570604383945465,-0.008185682818293571,0.9604011178016663,-0.04032814339734614,28.83975261449814,0.5931890189647675,0.10625871159136295,0.04151810387993464,0.279052734375,23.339657163619997,-1.1932570487260818e-09,0.385354220867157,7.21596724667349e-05,-1.2706475257873535,0.20942586660385132,2632,0.5010648369789124,1457,4.0181074142456055,7,nan,0,nan,0
744,3047424,55526.7,55.2,39.84,34.42,20,0.25,290,0.7275862068965517,200,146,33,15,6,0,0,120,-4.495517032952653,20.3,0.2061179280281067,-0.008841384202241898,0.953798770904541,-0.042862932896241546,28.86753466129303,0.5934600174427033,0.09898199308663606,0.06417322535999119,0.3427734375,19.289229249954225,-1.7462298274040222e-09,0.45871448516845703,7.185261003070624e-05,-1.2705315351486206,0.20779448747634888,2543,0.4985361099243164,1540,1.2168434858322144,13,nan,0,nan,0
745,3051520,55601.4,55.2,39.75,34.41,20,0.25,494,0.7226720647773279,204,146,37,14,7,0,0,118,-4.47791784347501,20.151960784313726,0.18579646944999695,-0.009402630850672722,0.9676259160041809,-0.0416887943749316,31.09882311820984,0.5927187442779541,0.10645690383389592,0.04351203769474523,0.29462890625,21.23338656425476,-1.949956640601158e-09,0.43916189670562744,7.154554759467758e-05,-1.2710944414138794,0.22257636487483978,2557,0.5021775364875793,1529,1.3785449266433716,10,nan,0,nan,0
746,3055616,55675.8,55.4,39.49,34.44,20,0.25,192,0.765625,210,157,29,17,7,0,0,131,-4.573763920029381,19.623809523809523,0.24150699377059937,-0.00834638811647892,0.9619145393371582,-0.041295362170785666,28.619234466552733,0.5903136849403381,0.09818190522491932,0.04212582503532758,0.282421875,21.900877285003663,-6.984919309616089e-10,0.4457883834838867,7.123848515864892e-05,-1.2716034650802612,0.21574810147285461,2612,0.5251287817955017,1467,2.329127788543701,17,nan,0,nan,0
747,3059712,55751.3,54.5,40.71,34.38,20,0.25,401,0.7805486284289277,209,166,23,13,7,0,0,139,-4.417646965382937,19.25358851674641,0.29397809505462646,-0.007369443774223328,0.948289155960083,-0.042566257249563935,25.983818942308424,0.5880304932594299,0.0861805370543152,0.049276523143635134,0.31142578125,20.741372537612914,-2.0954757928848267e-09,0.4091532230377197,7.093142272262026e-05,-1.2724652290344238,0.20458395779132843,2610,0.44629746675491333,1480,1.277938723564148,6,nan,0,nan,0
748,3063808,55826.4,54.9,40.2,34.39,20,0.25,105,0.7523809523809524,216,168,28,12,8,0,0,138,-4.416063649565635,19.36111111111111,0.2837596535682678,-0.007272438146173954,0.954639196395874,-0.037096203328110276,27.925011587142944,0.58426074385643,0.10285211754962802,0.05968499212322058,0.333203125,22.004444789886474,-2.6775524020195007e-09,0.4029238820075989,7.06243602865916e-05,-1.2731990814208984,0.1989639401435852,2620,0.4675973355770111,1465,4.909267902374268,11,nan,0,nan,0
749,3067904,55900.8,55.4,39.51,34.41,20,0.25,302,0.7384105960264901,197,144,27,22,4,0,0,120,-4.409008035977269,20.416243654822335,0.19894948601722717,-0.008329721167683601,0.9576814770698547,-0.03082912671379745,32.61330358982086,0.5819849878549576,0.09618545691482723,0.04862412288202904,0.318505859375,26.817894554138185,-2.735760062932968e-09,0.33361172676086426,7.031729785056294e-05,-1.2736704349517822,0.21540576219558716,2614,0.5126076936721802,1474,0.6638520359992981,8,nan,0,nan,0
750,3072000,55976.0,54.8,40.35,34.35,20,0.25,1,1.0,211,165,29,13,4,0,0,138,-4.514982636763581,19.587677725118482,0.2768781781196594,-0.008413041010499,0.9603603482246399,-0.04399465502356179,27.67837197780609,0.5797703325748443,0.10831992235034704,0.05055881206644699,0.325927734375,23.85863904953003,-2.939486876130104e-09,0.4340513348579407,7.001023541453428e-05,-1.2743310928344727,0.21078066527843475,2593,0.5019863843917847,1489,3.448930501937866,14,nan,0,nan,0
751,3076096,56050.5,55.4,39.6,34.4,20,0.25,205,0.7853658536585366,204,160,33,9,2,0,0,126,-4.438878696223759,19.897058823529413,0.2623036205768585,-0.008510607294738293,0.9506680369377136,-0.03507134302053601,24.98461925983429,0.5774014502763748,0.09841837929561734,0.0790975785246701,0.364306640625,17.086986470222474,-8.149072527885437e-10,0.48658865690231323,6.970317297850562e-05,-1.2748818397521973,0.21922004222869873,2503,0.5207019448280334,1583,1.1663941144943237,10,nan,0,nan,0
752,3080192,56125.2,55.2,39.85,34.36,20,0.25,415,0.763855421686747,210,156,38,9,7,0,0,118,-4.225503766337497,19.4,0.2170405089855194,-0.008888661861419678,0.9477611780166626,-0.03732576943002641,32.124049520492555,0.5752638399600982,0.10270346365869046,0.06897469896648545,0.353857421875,20.899801635742186,-1.57160684466362e-09,0.39358198642730713,6.939611054247696e-05,-1.2752716541290283,0.20927469432353973,2490,0.5111594200134277,1599,1.3983505964279175,7,nan,0,nan,0
753,3084288,56200.1,55.1,40.04,34.36,20,0.25,112,0.7232142857142857,209,151,32,15,11,0,0,124,-4.3799735663265915,19.8133971291866,0.1954510509967804,-0.008919375017285347,0.96861332654953,-0.04375250614248216,31.12212771177292,0.5740275591611862,0.10017483844421804,0.06091964516526786,0.322021484375,25.35065426826477,-1.1932570487260818e-09,0.4181712865829468,6.90890481064483e-05,-1.2756421566009521,0.21447700262069702,2610,0.506058931350708,1467,1.5801420211791992,19,nan,0,nan,0
754,3088384,56274.7,55.2,39.84,34.35,20,0.25,320,0.7375,208,155,31,15,7,0,0,122,-4.36973031707901,19.89423076923077,0.22559094429016113,-0.008823593147099018,0.966821014881134,-0.04430379319819622,29.191109204292296,0.5725301146507263,0.1016186942346394,0.04160257713374449,0.288916015625,21.952704668045044,-1.1350493878126144e-09,0.42150622606277466,6.878198567041964e-05,-1.2760206460952759,0.21979480981826782,2626,0.4873620867729187,1463,2.0381853580474854,7,nan,0,nan,0
755,3092480,56349.5,55.1,39.96,34.35,20,0.25,11,0.5454545454545454,203,139,42,17,5,0,0,105,-4.4156432616629635,19.84729064039409,0.14220015704631805,-0.010318643413484097,0.9555612802505493,-0.039026641787495465,33.90881506204605,0.571110475063324,0.11596268601715565,0.04834894442465156,0.3060546875,25.548820304870606,-2.0954757928848267e-09,0.4528292417526245,6.847492323439098e-05,-1.2762197256088257,0.20256555080413818,2480,0.5377923846244812,1572,1.6603436470031738,44,nan,0,nan,0
756,3096576,56424.3,55.2,39.92,34.35,20,0.25,218,0.7293577981651376,207,153,29,20,5,0,0,126,-4.55797873833547,19.903381642512077,0.22855143249034882,-0.007818864658474922,0.9439444541931152,-0.04353145672939718,30.836914920806883,0.570492947101593,0.08987477961927652,0.04229761035967385,0.296630859375,19.405010080337526,-8.440110832452774e-10,0.3788301944732666,6.816786079836232e-05,-1.2764242887496948,0.2040044218301773,2730,0.48103079199790955,1354,1.1987632513046265,12,nan,0,nan,0
757,3100672,56499.4,54.9,40.31,34.32,20,0.25,428,0.7172897196261683,210,148,34,19,9,0,0,107,-4.440146193782485,19.70952380952381,0.17261478304862976,-0.009092611260712147,0.9637159109115601,-0.04245380451902747,33.843224263191225,0.5697756111621857,0.10834709741175175,0.05680732683395036,0.314453125,20.507127428054808,-1.1059455573558807e-09,0.3791869282722473,6.786079836233366e-05,-1.2765483856201172,0.21504348516464233,2565,0.5338984131813049,1513,2.0054988861083984,18,nan,0,nan,0
758,3104768,56573.9,55.3,39.67,34.35,20,0.25,116,0.7413793103448276,200,142,33,23,2,0,0,115,-4.47663402961059,20.265,0.18646931648254395,-0.008299657143652439,0.9545688033103943,-0.041472796106245366,30.532531261444092,0.5689558476209641,0.09478977657854556,0.044927771341463085,0.303662109375,19.81692976951599,-4.94765117764473e-10,0.40341508388519287,6.7553735926305e-05,-1.2768999338150024,0.20754943788051605,2617,0.47661951184272766,1470,1.2683663368225098,9,nan,0,nan,0
759,3108864,56648.8,55.1,39.92,34.39,20,0.25,321,0.7258566978193146,205,147,25,26,7,0,0,118,-4.394941316148164,20.214634146341464,0.19168122112751007,-0.008798683993518353,0.969416618347168,-0.03668946442194283,30.362920475006103,0.5672877103090286,0.10497037880122662,0.04435540393897099,0.29375,26.299147129058838,-1.0477378964424133e-09,0.3986297845840454,6.724667349027634e-05,-1.2773114442825317,0.21078933775424957,2587,0.48624077439308167,1503,1.2500413656234741,6,nan,0,nan,0
760,3112960,56723.8,55.0,40.09,34.37,20,0.25,13,0.5384615384615384,204,137,42,19,6,0,0,111,-4.4945653768247045,19.88235294117647,0.15017670392990112,-0.008385615423321724,0.9583761692047119,-0.03763859336031601,35.43491961956024,0.5657542109489441,0.13245564992539585,0.03846192576456815,0.29326171875,25.421502017974852,-2.561137080192566e-09,0.43317341804504395,6.693961105424768e-05,-1.2777082920074463,0.22659814357757568,2548,0.45221850275993347,1521,6.260538578033447,27,nan,0,nan,0
761,3117056,56798.4,55.2,39.81,34.34,20,0.25,218,0.7614678899082569,205,159,33,11,2,0,0,142,-4.531041046588192,19.917073170731708,0.26425185799598694,-0.008006460964679718,0.9552814364433289,-0.03326626382768154,29.456596529483797,0.5641855776309967,0.09530392955057324,0.034360134067537726,0.2884765625,28.344805335998537,-2.1827872842550278e-09,0.36862635612487793,6.663254861821902e-05,-1.2780743837356567,0.20401665568351746,2662,0.49065104126930237,1425,2.574326515197754,9,nan,0,nan,0
762,3121152,56873.2,55.1,39.95,34.36,20,0.25,419,0.7613365155131265,201,153,35,11,2,0,0,121,-4.413630081718794,20.507462686567163,0.23563888669013977,-0.008288702927529812,0.9635429978370667,-0.04202233338728547,28.960565400123595,0.562353891134262,0.09529379261657596,0.042125360884529076,0.28056640625,20.808574438095093,-2.473825588822365e-09,0.42692089080810547,6.632548618219036e-05,-1.2787669897079468,0.21001286804676056,2574,0.4791909158229828,1499,1.1485874652862549,23,nan,0,nan,0
763,3125248,56948.1,55.1,40.06,34.34,20,0.25,111,0.7747747747747747,204,148,31,23,2,0,0,111,-4.533823971567156,19.862745098039216,0.20936468243598938,-0.008983531966805458,0.9612024426460266,-0.041842111060395835,31.587671947479247,0.5598296880722046,0.10578324925154448,0.06253425176400924,0.3240234375,21.782830715179443,-3.3760443329811096e-09,0.38809871673583984,6.60184237461617e-05,-1.2790933847427368,0.22637081146240234,2561,0.4866925776004791,1522,2.3342490196228027,13,nan,0,nan,0
764,3129344,57022.8,55.1,39.91,34.36,20,0.25,323,0.7430340557275542,212,154,34,18,6,0,0,124,-4.530330835556227,19.528301886792452,0.23005495965480804,-0.007947410456836224,0.9469618797302246,-0.04233932048082352,31.36358834505081,0.5585194200277328,0.09237936576828361,0.047948337440902836,0.3126953125,21.727573299407958,-2.1245796233415604e-09,0.40352314710617065,6.571136131013307e-05,-1.2796164751052856,0.2025071531534195,2581,0.47733274102211,1501,0.881300151348114,14,nan,0,nan,0
765,3133440,57097.9,54.9,40.27,34.35,20,0.25,23,0.8260869565217391,212,163,24,19,6,0,0,126,-4.6311481293867525,19.278301886792452,0.2723812758922577,-0.008569413796067238,0.957003116607666,-0.04039215014781803,29.68386427164078,0.5560096442699433,0.0996480421628803,0.07207894020102686,0.37236328125,18.82226428985596,-1.775333657860756e-09,0.3700563311576843,6.54042988741044e-05,-1.2802259922027588,0.21164114773273468,2558,0.4959816634654999,1516,2.4901199340820312,22,nan,0,nan,0
766,3137536,57172.9,55.0,40.08,34.41,20,0.25,232,0.771551724137931,209,160,31,11,7,0,0,128,-4.465931025729645,19.449760765550238,0.24693787097930908,-0.008472992107272148,0.9570362567901611,-0.03887832041364163,27.83264676332474,0.5541000068187714,0.09765163878910244,0.06706517437996809,0.359912109375,19.532212924957275,-1.979060471057892e-09,0.47582852840423584,6.509723643807575e-05,-1.2805202007293701,0.21063412725925446,2540,0.4751366376876831,1517,1.2379677295684814,39,nan,0,nan,0
767,3141632,57247.7,55.3,39.74,34.34,20,0.25,436,0.7545871559633027,204,150,38,12,4,0,0,124,-4.507633313852458,20.112745098039216,0.2249455749988556,-0.008780925534665585,0.9650565385818481,-0.039201840152964,29.9298632979393,0.5538078814744949,0.09870463171973824,0.05815176554751815,0.3154296875,21.589962196350097,-2.9976945370435715e-09,0.4502286911010742,6.479017400204709e-05,-1.2804392576217651,0.20863012969493866,2514,0.5042076706886292,1560,1.3684378862380981,22,nan,0,nan,0
768,3145728,57324.3,54.6,40.72,34.35,20,0.25,134,0.746268656716418,210,157,30,18,5,0,0,118,-4.41836126255147,19.6,0.2420404553413391,-0.008041813038289547,0.9650025963783264,-0.03948836190393194,32.00432389974594,0.5538303911685943,0.09167809216305614,0.057056866920902394,0.34873046875,21.033257389068602,-1.9208528101444244e-09,0.3621745705604553,6.448311156601843e-05,-1.2805662155151367,0.22085309028625488,2595,0.47783732414245605,1498,1.1487699747085571,3,nan,0,nan,0
769,3149824,57398.9,55.3,39.81,34.32,20,0.25,346,0.7774566473988439,212,169,23,14,6,0,0,130,-4.544788863991719,19.38679245283019,0.2988971471786499,-0.008507082238793373,0.953398585319519,-0.0397940922761336,27.065440249443053,0.5526425331830979,0.09978887322358787,0.04872893804858904,0.302685546875,21.174969816207884,-3.6088749766349792e-09,0.4119311571121216,6.417604912998977e-05,-1.2810165882110596,0.2025621235370636,2603,0.49597007036209106,1470,0.9411283731460571,23,nan,0,nan,0
770,3153920,57474.1,54.8,40.39,34.34,20,0.25,49,0.7959183673469388,215,162,28,18,7,0,0,132,-4.428390177164761,19.088372093023256,0.254048228263855,-0.008606340736150742,0.9556815028190613,-0.041400106693618,30.95629376769066,0.5509857356548309,0.1009857939556241,0.05434649655217072,0.328955078125,21.64810824394226,-9.604264050722122e-10,0.37555748224258423,6.38689866939611e-05,-1.2813894748687744,0.22618435323238373,2516,0.4586261212825775,1567,0.5391927361488342,13,nan,0,nan,0
771,3158016,57549.0,55.0,40.06,34.35,20,0.25,258,0.7596899224806202,209,157,29,15,8,0,0,114,-4.454698037289375,19.564593301435405,0.23820768296718597,-0.009067147970199585,0.9549781084060669,-0.045180956344120206,30.051794147491456,0.5496922254562377,0.11125567937269806,0.05883284418086987,0.349462890625,21.64234004020691,-2.240994945168495e-09,0.4060196876525879,6.356192425793245e-05,-1.2816264629364014,0.21362650394439697,2545,0.4970603585243225,1532,1.366847038269043,19,nan,0,nan,0
772,3162112,57623.3,55.5,39.46,34.37,20,0.25,467,0.7537473233404711,209,156,29,19,5,0,0,127,-4.540491549419603,19.617224880382775,0.24094974994659424,-0.008704854175448418,0.9578080773353577,-0.035941590438596904,29.715681207180022,0.5484084933996201,0.1009785994887352,0.0443158526555635,0.3080078125,20.976127433776856,-1.4551915228366852e-09,0.3810086250305176,6.325486182190379e-05,-1.2820357084274292,0.2176470160484314,2591,0.4615081548690796,1495,0.5510086417198181,10,nan,0,nan,0
773,3166208,57698.2,55.1,40.03,34.38,20,0.25,167,0.6946107784431138,212,151,33,19,9,0,0,121,-4.369379930799838,19.21698113207547,0.20144319534301758,-0.00820663757622242,0.96421217918396,-0.037670106068253516,32.78550704717636,0.5469744086265564,0.09738583033904433,0.04109557299525477,0.293701171875,22.685946798324586,-2.0372681319713593e-09,0.3945807218551636,6.294779938587513e-05,-1.282381534576416,0.20879556238651276,2547,0.49947911500930786,1539,1.413329839706421,10,nan,0,nan,0
774,3170304,57773.5,54.8,40.43,34.33,20,0.25,378,0.7142857142857143,211,154,31,20,6,0,0,121,-4.41383540817924,19.350710900473935,0.21862050890922546,-0.007918307557702065,0.954440176486969,-0.036355925560928884,31.424205160140993,0.5457901179790496,0.09198593045584857,0.04694763034349307,0.31298828125,18.195979237556458,-1.8044374883174896e-09,0.3693068027496338,6.264073694984647e-05,-1.2825229167938232,0.21493296325206757,2526,0.49096032977104187,1565,0.5319145917892456,5,nan,0,nan,0
775,3174400,57848.2,55.2,39.91,34.32,20,0.25,76,0.75,210,164,26,16,4,0,0,135,-4.548256018027783,19.428571428571427,0.27634063363075256,-0.008883862756192684,0.9559958577156067,-0.039863154603517616,28.792776620388032,0.5448190361261368,0.11418665945529938,0.0526434664207045,0.31640625,20.350072813034057,-1.280568540096283e-09,0.4584684371948242,6.233367451381781e-05,-1.2830287218093872,0.2202168107032776,2601,0.5145806670188904,1482,4.534358978271484,13,nan,0,nan,0
776,3178496,57922.9,55.2,39.88,34.32,20,0.25,281,0.7615658362989324,205,157,31,14,3,0,0,132,-4.508389237183691,20.15609756097561,0.26155292987823486,-0.0077036600559949875,0.9498843550682068,-0.04087137930328026,27.331582927703856,0.5423431068658828,0.09131753840483725,0.053704439706052653,0.3259765625,21.00234386920929,-2.648448571562767e-09,0.4262312054634094,6.202661207778915e-05,-1.2836745977401733,0.20340199768543243,2692,0.45048341155052185,1395,1.6952414512634277,9,nan,0,nan,0
777,3182592,57998.0,54.9,40.33,34.34,20,0.25,491,0.7372708757637475,210,148,33,17,12,0,0,114,-4.255279204190593,19.70952380952381,0.18198315799236298,-0.009319659322500229,0.9634585976600647,-0.03911239528097212,33.76564087867737,0.540378651022911,0.10666651241481304,0.05480422346299747,0.3435546875,21.86209053993225,-1.7171259969472885e-09,0.37950319051742554,6.171954964176049e-05,-1.284017562866211,0.21144938468933105,2553,0.4961163103580475,1536,1.5349843502044678,7,nan,0,nan,0
778,3186688,58072.7,55.2,39.83,34.36,20,0.25,181,0.6629834254143646,202,136,36,25,5,0,0,111,-4.38029580907765,19.975247524752476,0.14917024970054626,-0.008887432515621185,0.9581407308578491,-0.04128667507320642,33.718638920783995,0.5390167862176896,0.10199244958348572,0.042675510559638495,0.28447265625,20.559928750991823,-2.8230715543031693e-09,0.3891804814338684,6.141248720573183e-05,-1.2843403816223145,0.2151462733745575,2573,0.4945390522480011,1512,1.7240105867385864,11,nan,0,nan,0
779,3190784,58147.5,55.1,39.96,34.4,20,0.25,382,0.6858638743455497,201,142,37,14,8,0,0,117,-4.553991149813299,20.218905472636816,0.1772347390651703,-0.009946588426828384,0.9560975432395935,-0.048615623428486285,33.63098289966583,0.5373887360095978,0.11725270692259074,0.04678325637796661,0.312890625,18.78773522377014,-1.1059455573558807e-09,0.40455830097198486,6.110542476970317e-05,-1.284886360168457,0.22126580774784088,2593,0.5488479733467102,1488,2.2199976444244385,15,nan,0,nan,0
780,3194880,58222.5,55.0,40.08,34.4,20,0.25,83,0.7590361445783133,213,161,28,21,3,0,0,133,-4.532327274489349,19.610328638497652,0.257968932390213,-0.007635151967406273,0.9577646255493164,-0.04198599746450782,29.686860632896423,0.5352069079875946,0.0912927662488073,0.04192416374426102,0.289697265625,25.04161944389343,-3.2014213502407074e-10,0.3574506640434265,6.079836233367451e-05,-1.2853612899780273,0.218239426612854,2568,0.44115787744522095,1526,1.806335687637329,2,nan,0,nan,0
781,3198976,58298.1,54.5,40.77,34.33,20,0.25,291,0.7835051546391752,208,165,23,16,4,0,0,136,-4.49499448554762,19.48076923076923,0.29135292768478394,-0.006973959971219301,0.9531893134117126,-0.040536532760597765,28.665979647636412,0.5335050106048584,0.08205154119059443,0.03762385350273689,0.2859375,21.361916017532348,-2.1245796233415604e-09,0.3459436297416687,6.049129989764585e-05,-1.2858033180236816,0.2093721479177475,2758,0.42547494173049927,1334,0.8923587799072266,4,nan,0,nan,0
782,3203072,58372.6,55.3,39.73,34.37,20,0.25,498,0.785140562248996,207,163,26,12,6,0,0,135,-4.440913829329847,19.67149758454106,0.2834289073944092,-0.0075958892703056335,0.9519156813621521,-0.04163135426351801,27.5899906873703,0.5320196777582169,0.08855195650830865,0.04759164406859782,0.31865234375,20.248242807388305,-2.0372681319713593e-09,0.3832234740257263,6.018423746161719e-05,-1.286054253578186,0.22592802345752716,2578,0.44637009501457214,1518,nan,0,nan,0,nan,0
783,3207168,58448.6,54.2,41.16,34.35,20,0.25,196,0.7551020408163265,210,156,28,20,6,0,0,124,-4.424939987877954,19.8,0.23738659918308258,-0.008051130920648575,0.9500771760940552,-0.041969256056472656,31.58587803840637,0.5308134973049163,0.09960118504241108,0.050510423083323985,0.315625,20.630489015579222,-2.066371962428093e-09,0.3458688259124756,5.987717502558853e-05,-1.2864360809326172,0.2177657037973404,2652,0.47031137347221375,1439,4.569126605987549,5,nan,0,nan,0
784,3211264,58523.1,55.3,39.68,34.38,20,0.25,398,0.7286432160804021,202,142,40,17,3,0,0,112,-4.318094264746977,20.138613861386137,0.16972173750400543,-0.009556770324707031,0.9583975076675415,-0.04225050071254373,33.48033692836761,0.5291265040636063,0.1105135920457542,0.03517801066773245,0.271630859375,24.336250686645506,-1.2514647096395493e-09,0.4177006483078003,5.957011258955987e-05,-1.2869055271148682,0.22749106585979462,2477,0.5262156128883362,1610,2.066399097442627,9,nan,0,nan,0
785,3215360,58597.9,55.1,39.92,34.38,20,0.25,88,0.7045454545454546,202,149,32,16,5,0,0,125,-4.533405240127473,19.985148514851485,0.21402399241924286,-0.008869616314768791,0.9607087969779968,-0.041103961621411146,30.847422206401824,0.5275118738412857,0.10528815528377891,0.06760489704611246,0.3611328125,20.28931670188904,1.1641532182693481e-10,0.401660680770874,5.926305015353121e-05,-1.287248134613037,0.20473888516426086,2542,0.5113785266876221,1530,1.8233102560043335,24,nan,0,nan,0
786,3219456,58672.8,55.0,40.01,34.42,20,0.25,298,0.697986577181208,210,146,32,23,9,0,0,116,-4.166048421184811,19.866666666666667,0.18739165365695953,-0.00846988894045353,0.9521358609199524,-0.038366588205099104,31.33393828868866,0.5261140018701553,0.09722820883616805,0.045541802459047175,0.304443359375,21.14447832107544,-1.3387762010097504e-09,0.4029678702354431,5.895598771750255e-05,-1.2875598669052124,0.21367652714252472,2481,0.4919539988040924,1611,0.5008194446563721,4,nan,0,nan,0
787,3223552,58748.3,54.7,40.53,34.41,20,0.25,508,0.7322834645669292,210,164,27,17,2,0,0,128,-4.422783896321151,19.51904761904762,0.27483808994293213,-0.00780860148370266,0.9541945457458496,-0.03646867102943361,28.979143190383912,0.5251116961240768,0.09413158595561981,0.03505860648292582,0.2681640625,27.664661026000978,-1.9208528101444244e-09,0.3623925447463989,5.864892528147389e-05,-1.287749171257019,0.2115049958229065,2615,0.4428677558898926,1469,1.2088892459869385,12,nan,0,nan,0
788,3227648,58823.1,55.1,39.86,34.43,20,0.25,206,0.7378640776699029,210,156,27,25,2,0,0,128,-4.339718512302485,19.433333333333334,0.2321404218673706,-0.007746328599750996,0.951878547668457,-0.041094245342537764,29.09869054555893,0.5242326050996781,0.09017504095099867,0.03986233446776168,0.2771484375,22.83623061180115,-5.820766091346741e-10,0.3974413275718689,5.834186284544523e-05,-1.2880682945251465,0.2100098431110382,2602,0.4643705189228058,1483,0.8684028387069702,11,nan,0,nan,0
789,3231744,58898.1,55.0,40.12,34.38,20,0.25,412,0.7524271844660194,206,158,27,17,4,0,0,126,-4.304025813387993,19.703883495145632,0.25514110922813416,-0.008093737997114658,0.9606683850288391,-0.036622362345224244,29.158585941791536,0.5230981469154358,0.09756377460435033,0.05012896524713142,0.31865234375,24.539452886581422,-8.440110832452774e-10,0.36690211296081543,5.803480040941657e-05,-1.2882537841796875,0.2069794237613678,2579,0.43723028898239136,1508,1.5940065383911133,9,nan,0,nan,0
790,3235840,58973.0,55.0,40.08,34.39,20,0.25,110,0.7454545454545455,210,161,20,24,5,0,0,124,-4.4044276426692255,19.747619047619047,0.27403193712234497,-0.007047661580145359,0.9482758641242981,-0.040283905941760165,29.326527178287506,0.521922966837883,0.08388686804100871,0.03788829659024486,0.300048828125,22.91142334938049,-2.240994945168495e-09,0.3338983654975891,5.772773797338791e-05,-1.2886701822280884,0.21288014948368073,2582,0.4396805465221405,1507,1.121832251548767,7,nan,0,nan,0
791,3239936,59047.7,55.2,39.86,34.4,20,0.25,314,0.7579617834394905,204,156,27,18,3,0,0,125,-4.436908441427731,19.941176470588236,0.26138779520988464,-0.008422285318374634,0.9493833780288696,-0.034322815260384235,30.88048174381256,0.5202861040830612,0.10257839020341634,0.04952674546948401,0.306201171875,24.33837184906006,-1.8044374883174896e-09,0.3612542152404785,5.742067553735925e-05,-1.2890783548355103,0.2142075151205063,2613,0.4732914865016937,1470,0.5088216066360474,13,nan,0,nan,0
792,3244032,59121.9,55.6,39.27,34.41,20,0.25,11,0.8181818181818182,209,159,28,17,5,0,0,133,-4.359181025468731,19.698564593301434,0.2650003433227539,-0.008034845814108849,0.9536917805671692,-0.038668880425393584,28.74593549966812,0.5186773598194122,0.09570908946916461,0.052371548755036204,0.30478515625,24.064604997634888,-1.7462298274040222e-09,0.40049415826797485,5.711361310133059e-05,-1.28947114944458,0.2109265923500061,2596,0.46905064582824707,1495,2.1179308891296387,5,nan,0,nan,0
793,3248128,59196.5,55.3,39.66,34.41,20,0.25,215,0.7813953488372093,204,159,25,16,4,0,0,129,-4.431981662466923,20.137254901960784,0.2724148631095886,-0.007378138601779938,0.9527235627174377,-0.037326263217255476,27.906498539447785,0.5171123892068863,0.08751863217912614,0.04286040011793375,0.2876953125,28.940957403182985,-2.5902409106492996e-09,0.42031824588775635,5.680655066530193e-05,-1.2898186445236206,0.21837273240089417,2640,0.4581926763057709,1454,0.5863629579544067,2,nan,0,nan,0
794,3252224,59271.4,55.0,40.07,34.4,20,0.25,416,0.7524038461538461,201,145,36,11,9,0,0,115,-4.469934438308016,20.218905472636816,0.19646576046943665,-0.009089449420571327,0.9568677544593811,-0.03990664486773312,31.99479615688324,0.515934842824936,0.10552000412717462,0.03447177652706159,0.276611328125,23.94790048599243,-1.7171259969472885e-09,0.42625391483306885,5.649948822927327e-05,-1.290107011795044,0.21048666536808014,2577,0.510362982749939,1506,0.8914674520492554,13,nan,0,nan,0
795,3256320,59346.4,54.9,40.16,34.39,20,0.25,111,0.7297297297297297,207,157,26,18,6,0,0,133,-4.454226127312489,19.81159420289855,0.2525061368942261,-0.007775080390274525,0.9429159164428711,-0.039631915255449714,27.91079021692276,0.5149873048067093,0.09428300154395401,0.03740700717025902,0.27705078125,25.301681327819825,-3.1141098588705063e-09,0.42534518241882324,5.619242579324461e-05,-1.2902812957763672,0.19637589156627655,2614,0.4671526253223419,1470,2.4078962802886963,12,nan,0,nan,0
796,3260416,59421.1,55.2,39.73,34.45,20,0.25,314,0.7579617834394905,203,157,32,11,3,0,0,118,-4.572374847195421,19.876847290640395,0.25902560353279114,-0.008276864886283875,0.9483688473701477,-0.03457499584183097,29.259622943401336,0.5142601072788239,0.0949622903484851,0.05995681474742014,0.3283203125,19.809282493591308,-1.8044374883174896e-09,0.4231971502304077,5.588536335721595e-05,-1.2904608249664307,0.21813730895519257,2607,0.48969846963882446,1483,1.5132651329040527,6,nan,0,nan,0
797,3264512,59496.1,54.9,40.2,34.36,20,0.25,10,0.7,208,151,35,17,5,0,0,121,-4.467146575511305,20.10096153846154,0.21577590703964233,-0.008437774144113064,0.9519032835960388,-0.04200724065885879,30.889762711524963,0.5137225210666656,0.09754156917333603,0.03587184871721547,0.285986328125,22.71153392791748,-1.5133991837501526e-09,0.3783308267593384,5.557830092118729e-05,-1.2905279397964478,0.21668045222759247,2603,0.46913713216781616,1488,1.328366994857788,5,nan,0,nan,0
798,3268608,59570.6,55.3,39.62,34.41,20,0.25,214,0.7009345794392523,204,143,34,22,5,0,0,115,-4.292508384244082,19.887254901960784,0.1879303902387619,-0.007973435334861279,0.9596608281135559,-0.04536273324629292,32.65664701461792,0.5135973632335663,0.09295531343668699,0.04151444551243912,0.29443359375,17.892840337753295,-2.35741026699543e-09,0.36150509119033813,5.527123848515863e-05,-1.2905993461608887,0.20672167837619781,2653,0.4626998007297516,1429,1.4849268198013306,14,nan,0,nan,0
799,3272704,59644.9,55.5,39.49,34.36,20,0.25,416,0.7067307692307693,202,144,34,15,9,0,0,116,-4.352702027695575,20.123762376237625,0.2059490978717804,-0.008351314812898636,0.945043683052063,-0.04152629236923531,32.53325295448303,0.5126069903373718,0.0954722287133336,0.039146986076957546,0.280224609375,22.813321542739867,-5.820766091346741e-10,0.4084940552711487,5.496417604912997e-05,-1.291006088256836,0.22153246402740479,2621,0.5005834698677063,1458,1.120121955871582,17,nan,0,nan,0
800,3276800,59719.9,55.0,40.13,34.36,20,0.25,109,0.7798165137614679,205,152,32,18,3,0,0,134,-4.3396656739203845,19.985365853658536,0.2224763035774231,-0.007932495325803757,0.9452582597732544,-0.0376169003546238,30.478353786468507,0.5110610008239747,0.10025702584534883,0.027716897591017187,0.219873046875,26.17373752593994,-2.240994945168495e-09,0.3884998559951782,5.465711361310131e-05,-1.2913769483566284,0.20750877261161804,2654,0.4736373722553253,1431,2.5913400650024414,11,nan,0,nan,0
801,3280896,59795.0,54.9,40.18,34.4,20,0.25,321,0.8037383177570093,212,173,22,14,3,0,0,143,-4.2217840738687284,19.46698113207547,0.32892709970474243,-0.0075715892016887665,0.9472193717956543,-0.03001105854054913,23.755622017383576,0.5095469146966934,0.08992371689528227,0.05043760766566265,0.28857421875,22.913372826576232,-1.9208528101444244e-09,0.41959917545318604,5.435005117707265e-05,-1.2917519807815552,0.20698010921478271,2647,0.4534830152988434,1447,0.3634282946586609,2,nan,0,nan,0
802,3284992,59869.5,55.3,39.7,34.39,20,0.25,16,0.875,207,162,30,12,3,0,0,139,-4.233150458485378,19.57487922705314,0.2795698344707489,-0.0077776480466127396,0.9542298913002014,-0.040588511456735435,26.559223353862762,0.5081431597471238,0.09060107572004199,0.03313323960610433,0.266552734375,18.962333250045777,-3.026798367500305e-09,0.4242525100708008,5.404298874104399e-05,-1.2920737266540527,0.20349621772766113,2598,0.4410356879234314,1488,0.6051977276802063,10,nan,0,nan,0
803,3289088,59944.5,55.0,40.14,34.4,20,0.25,226,0.7610619469026548,210,158,30,16,6,0,0,133,-4.450010193920538,19.676190476190477,0.24783657491207123,-0.007887780666351318,0.9516211748123169,-0.03539668725570664,29.357783818244933,0.5064809292554855,0.09220168120227754,0.05201969483168796,0.31513671875,25.35445261001587,-1.979060471057892e-09,0.4114910960197449,5.3735926305015364e-05,-1.2925571203231812,0.21293576061725616,2669,0.4570801258087158,1421,1.160893201828003,6,nan,0,nan,0
804,3293184,60019.3,55.1,39.92,34.36,20,0.25,432,0.7615740740740741,206,157,27,15,7,0,0,135,-4.450787960859087,19.9126213592233,0.2608700096607208,-0.007174368482083082,0.9473007917404175,-0.04143409444950521,28.196899724006652,0.5051020681858063,0.08623559018597007,0.03676129554514773,0.25419921875,21.221912503242493,-2.764863893389702e-09,0.36684292554855347,5.3428863868986704e-05,-1.2927520275115967,0.20207853615283966,2672,0.40959542989730835,1421,0.5884069800376892,3,nan,0,nan,0
805,3297280,60094.2,55.1,39.98,34.39,20,0.25,128,0.7578125,208,157,26,19,6,0,0,133,-4.388145803337585,19.89423076923077,0.26014649868011475,-0.0071703121066093445,0.9524176716804504,-0.03899215578567237,28.78154538869858,0.5043888777494431,0.08514228407293559,0.05568829125841148,0.3083984375,19.619453048706056,-1.280568540096283e-09,0.36022239923477173,5.3121801432958045e-05,-1.292938232421875,0.2024107128381729,2719,0.4538423717021942,1372,0.7827118635177612,5,nan,0,nan,0
806,3301376,60168.9,55.1,39.86,34.41,20,0.25,329,0.7689969604863222,201,156,25,15,5,0,0,121,-4.433070987838935,20.019900497512438,0.2684575617313385,-0.008701100945472717,0.9519897103309631,-0.04363535095471889,28.72340475320816,0.5036217719316483,0.09971651313826442,0.04122175895026885,0.289404296875,19.342145347595213,-1.367880031466484e-09,0.4157525300979614,5.2814738996929385e-05,-1.293149471282959,0.21478138864040375,2579,0.5180583596229553,1508,1.8170381784439087,9,nan,0,nan,0
807,3305472,60243.6,55.2,39.77,34.37,20,0.25,25,0.68,208,153,41,12,2,0,0,130,-4.291418606090998,19.951923076923077,0.2289096713066101,-0.007999991998076439,0.9508745074272156,-0.03891882016323507,28.578427267074584,0.5022168457508087,0.09459205241873861,0.02896464024524903,0.2421875,25.106815910339357,-6.402842700481415e-10,0.4560253620147705,5.2507676560900725e-05,-1.2936959266662598,0.20590604841709137,2564,0.479435533285141,1522,1.5711243152618408,10,nan,0,nan,0
808,3309568,60318.4,55.0,40.04,34.38,20,0.25,231,0.7359307359307359,206,153,32,16,5,0,0,127,-4.500520664065872,19.932038834951456,0.24768424034118652,-0.008386478759348392,0.9565552473068237,-0.038316470291465524,29.44691045284271,0.5002897500991821,0.09691331768408418,0.03183770355390152,0.256591796875,24.429764652252196,-1.5133991837501526e-09,0.4269658327102661,5.2200614124872065e-05,-1.294008731842041,0.21499407291412354,2603,0.4826573133468628,1481,0.7274700999259949,12,nan,0,nan,0
809,3313664,60393.6,54.9,40.25,34.42,20,0.25,441,0.7482993197278912,210,160,32,13,5,0,0,125,-4.446829105911828,19.423809523809524,0.26990264654159546,-0.007252140436321497,0.94544517993927,-0.040428750985302034,29.351643908023835,0.4992659628391266,0.08890189649537206,0.03570624294079607,0.279248046875,20.56150350570679,-1.3969838619232178e-09,0.36476123332977295,5.1893551688843405e-05,-1.2942659854888916,0.20582842826843262,2629,0.436632364988327,1454,0.500912070274353,13,nan,0,nan,0
810,3317760,60468.2,55.2,39.82,34.38,20,0.25,137,0.8175182481751825,208,160,23,14,11,0,0,133,-4.580546247485806,19.45673076923077,0.27445998787879944,-0.008972608484327793,0.959876537322998,-0.040657788841053845,28.05141211748123,0.4980121374130249,0.10258078146725894,0.03836670595483156,0.26728515625,22.098787355422974,-2.2992026060819626e-09,0.3642783761024475,5.1586489252814745e-05,-1.294668197631836,0.21513104438781738,2621,0.47176703810691833,1466,1.1970248222351074,9,nan,0,nan,0
811,3321856,60543.1,55.1,39.96,34.39,20,0.25,343,0.7842565597667639,206,157,34,10,5,0,0,128,-4.581873052280761,20.063106796116504,0.2647571265697479,-0.008000858128070831,0.9573264718055725,-0.04050210136920214,28.113533353805543,0.4963348478078842,0.09170848680660129,0.03579500949854264,0.27548828125,19.364839839935303,-2.561137080192566e-09,0.4353540539741516,5.1279426816786085e-05,-1.2950325012207031,0.19825099408626556,2584,0.48768651485443115,1490,1.1809207201004028,22,nan,0,nan,0
812,3325952,60617.8,55.2,39.83,34.42,20,0.25,38,0.8421052631578947,207,161,25,19,2,0,0,139,-4.501466565662012,19.753623188405797,0.27246519923210144,-0.008538816124200821,0.9501157402992249,-0.040809841704322024,28.25512684583664,0.49505219161510466,0.10342495399527252,0.08056310395768378,0.284130859375,18.74333291053772,-1.0186340659856796e-09,0.4201699495315552,5.0972364380757425e-05,-1.2953240871429443,0.204855278134346,2602,0.5059072375297546,1485,2.315810203552246,9,nan,0,nan,0
813,3330048,60692.7,55.0,40.08,34.41,20,0.25,247,0.757085020242915,209,155,28,21,5,0,0,130,-4.41316218659199,19.650717703349283,0.235641211271286,-0.00818186067044735,0.948289155960083,-0.04057281939312816,30.095416378974914,0.4940074384212494,0.09904210628010332,0.04340943956485717,0.2849609375,19.637684917449953,-1.4551915228366852e-09,0.4101575016975403,5.0665301944728765e-05,-1.2955378293991089,0.21027979254722595,2609,0.49484390020370483,1474,1.3714165687561035,13,nan,0,nan,0
814,3334144,60767.4,55.2,39.82,34.36,20,0.25,449,0.7616926503340757,202,155,30,13,4,0,0,133,-4.369504755703328,20.237623762376238,0.2588953673839569,-0.008212980814278126,0.9596815705299377,-0.03708601988619194,28.12370171546936,0.49292753636837006,0.09997413461096585,0.03839816506078932,0.270068359375,24.437204456329347,-4.249159246683121e-09,0.483037531375885,5.0358239508700106e-05,-1.2959034442901611,0.2221553474664688,2675,0.4944784343242645,1390,2.097287893295288,31,nan,0,nan,0
815,3338240,60842.3,55.0,40.07,34.36,20,0.25,142,0.7746478873239436,205,162,24,17,2,0,0,127,-4.465184627485746,20.073170731707318,0.2930965721607208,-0.007093646563589573,0.9403752088546753,-0.03360102199949324,25.581429994106294,0.4917235881090164,0.08435081387870014,0.032724640502419786,0.2498046875,21.39595079421997,-5.529727786779404e-10,0.37132108211517334,5.0051177072671446e-05,-1.2961089611053467,0.20591014623641968,2732,0.4206140637397766,1359,1.756681203842163,5,nan,0,nan,0
816,3342336,60916.8,55.3,39.74,34.35,20,0.25,350,0.7628571428571429,208,157,20,26,5,0,0,126,-4.415382639163201,19.615384615384617,0.25828438997268677,-0.00759795680642128,0.9467592835426331,-0.039651091187261046,28.169895040988923,0.49102045595645905,0.09643321158364415,0.052920274624193554,0.288525390625,19.186779022216797,-9.89530235528946e-10,0.41055983304977417,4.9744114636642786e-05,-1.2962522506713867,0.2107384204864502,2686,0.47964581847190857,1402,1.3485596179962158,8,nan,0,nan,0
817,3346432,60992.1,54.8,40.4,34.36,20,0.25,47,0.851063829787234,209,165,16,22,6,0,0,138,-4.451925065962761,19.679425837320576,0.30264410376548767,-0.007656828034669161,0.9503473043441772,-0.040749355172738436,26.646388041973115,0.49015443921089175,0.09081525807268917,0.03491636211547302,0.254833984375,21.24764347076416,-7.275957614183426e-10,0.365551233291626,4.9437052200614126e-05,-1.296613335609436,0.20578533411026,2712,0.4690123498439789,1371,1.019655466079712,13,nan,0,nan,0
818,3350528,61067.9,54.4,40.98,34.37,20,0.25,260,0.7807692307692308,213,163,24,23,3,0,0,133,-4.365339813775734,19.333333333333332,0.27147620916366577,-0.007496322505176067,0.9490085244178772,-0.03518271218053996,28.851751804351807,0.4886715322732925,0.09096952099353076,0.030721292659291067,0.235400390625,27.17024450302124,-1.57160684466362e-09,0.37832111120224,4.9129989764585466e-05,-1.2969207763671875,0.20741912722587585,2694,0.46736031770706177,1390,1.397417664527893,12,nan,0,nan,0
819,3354624,61143.1,54.8,40.43,34.34,20,0.25,470,0.7446808510638298,210,147,26,26,11,0,0,116,-4.392161208930745,19.223809523809525,0.19534894824028015,-0.008428223431110382,0.9590839147567749,-0.039132131892256436,32.3837126493454,0.4874073892831802,0.1002058428246528,0.028077673717052675,0.243505859375,24.415777444839478,-1.1350493878126144e-09,0.37668824195861816,4.8822927328556806e-05,-1.297260046005249,0.21972157061100006,2601,0.4728168845176697,1489,3.1282758712768555,6,nan,0,nan,0
820,3358720,61217.9,55.1,40.0,34.41,20,0.25,166,0.7831325301204819,208,162,23,16,7,0,0,126,-4.2546908886385815,19.610576923076923,0.27222883701324463,-0.007657425478100777,0.9449588656425476,-0.03461782867088914,28.011731338500976,0.4861526221036911,0.09119346542283893,0.026064342072641012,0.237744140625,26.387853384017944,-1.4551915228366852e-09,0.3777810335159302,4.8515864892528146e-05,-1.2975410223007202,0.2065710872411728,2633,0.46003979444503784,1455,1.2748123407363892,8,nan,0,nan,0
821,3362816,61292.5,55.3,39.76,34.33,20,0.25,375,0.7653333333333333,209,157,27,20,5,0,0,126,-4.545784766765973,19.736842105263158,0.24857564270496368,-0.008536496199667454,0.9472600817680359,-0.03702802411280572,29.94205183982849,0.48506827652454376,0.10460885399952531,0.04372183787927497,0.277685546875,20.999071455001832,-2.764863893389702e-09,0.4175364375114441,4.8208802456499486e-05,-1.2977919578552246,0.20842114090919495,2658,0.5208854675292969,1421,2.6327993869781494,17,nan,0,nan,0
822,3366912,61367.3,55.1,39.95,34.34,20,0.25,75,0.8533333333333334,212,173,24,11,4,0,0,140,-4.4450933997123885,19.32075471698113,0.33507999777793884,-0.006766794715076685,0.950051486492157,-0.03567638392560184,25.15202025771141,0.48425581157207487,0.08152489294297993,0.03326306242961437,0.256103515625,25.803450083732606,-1.3387762010097504e-09,0.3345702290534973,4.7901740020470827e-05,-1.2979893684387207,0.21346746385097504,2761,0.4151735305786133,1334,0.999218225479126,1,nan,0,nan,0
823,3371008,61442.2,55.0,40.16,34.36,20,0.25,281,0.7829181494661922,206,156,27,17,6,0,0,130,-4.458166774056666,20.189320388349515,0.26674211025238037,-0.007816672325134277,0.9529563188552856,-0.03702120301313698,26.823013925552367,0.48330442905426024,0.09370907167904079,0.02716752805572469,0.232861328125,24.62714238166809,-2.2992026060819626e-09,0.42443835735321045,4.759467758444217e-05,-1.2982409000396729,0.20377278327941895,2684,0.481466680765152,1402,1.5056097507476807,10,nan,0,nan,0
824,3375104,61517.0,55.1,39.96,34.37,20,0.25,484,0.7851239669421488,203,160,27,14,2,0,0,118,-4.399720825378817,20.014778325123153,0.2774440050125122,-0.00824746023863554,0.9473413825035095,-0.03530149140860885,25.357145369052887,0.48228201270103455,0.09551907763816417,0.030531474023882767,0.23994140625,22.189257049560545,-1.3096723705530167e-09,0.4419190287590027,4.728761514841351e-05,-1.2984787225723267,0.19990618526935577,2734,0.4701453149318695,1353,1.4039396047592163,9,nan,0,nan,0
825,3379200,61592.5,54.6,40.59,34.39,20,0.25,185,0.7891891891891892,213,166,27,17,3,0,0,138,-4.271775291853253,19.413145539906104,0.2904554605484009,-0.0070182811468839645,0.9492660164833069,-0.039579562423750755,26.123794150352477,0.48135862946510316,0.08198488825000823,0.034145146897935776,0.27021484375,22.558684492111205,-1.8335413187742233e-09,0.43430161476135254,4.698055271238485e-05,-1.2987470626831055,0.19761714339256287,2633,0.44246596097946167,1462,0.5353788733482361,1,nan,0,nan,0
826,3383296,61667.3,55.1,40.0,34.36,20,0.25,391,0.8056265984654731,206,169,18,14,5,0,0,138,-4.314845911019232,19.597087378640776,0.3312138319015503,-0.007066772785037756,0.9473007917404175,-0.041437178198248145,23.684056198596956,0.4799073994159698,0.08361521502956748,0.034380793005402664,0.265673828125,18.868316173553467,-2.0954757928848267e-09,0.33080053329467773,4.667349027635619e-05,-1.2992173433303833,0.1964474469423294,2679,0.4299611449241638,1417,nan,0,nan,0,nan,0
827,3387392,61742.5,54.8,40.32,34.38,30,0.375,0,,208,166,21,19,2,0,0,138,-4.354731075157787,19.764423076923077,0.3010745346546173,-0.007013542111963034,0.9416152238845825,-0.04028972942614928,25.86221077442169,0.47833293974399566,0.08209170890040696,0.03792211351537844,0.275634765625,19.744119501113893,-7.566995918750763e-10,0.35172533988952637,4.636642784032753e-05,-1.2994749546051025,0.19527816772460938,2768,0.4217536747455597,1322,0.8500184416770935,6,nan,0,nan,0
828,3391488,61817.2,55.2,39.9,34.35,30,0.375,181,0.6243093922651933,197,125,42,26,4,0,0,91,-4.16087062427615,20.477157360406093,0.0804871916770935,-0.019055336713790894,0.9746088981628418,-0.022507525922264904,39.80348174571991,0.4773892968893051,0.21734973900020121,0.017691966258280446,0.190771484375,56.158370065689084,-2.648448571562767e-09,0.47413426637649536,4.605936540429887e-05,-1.2997257709503174,0.25804686546325684,2245,0.6969943642616272,1828,2.2408926486968994,23,nan,0,nan,0
829,3395584,61891.9,55.2,39.86,34.37,30,0.375,377,0.5994694960212201,196,113,55,23,4,1,0,89,-4.078601747461919,21.209183673469386,-0.0012727230787277222,-0.01697065867483616,0.9807692170143127,-0.020269092917442322,37.24096806049347,0.47655079066753386,0.2239766174927354,0.09582812844455475,0.2216796875,28.763332557678222,-2.7066562324762344e-09,0.5267882347106934,4.575230296827021e-05,-1.2998545169830322,0.22654446959495544,2262,0.7025678753852844,1802,3.6336753368377686,32,nan,0,nan,0
830,3399680,61966.1,55.6,39.29,34.39,30,0.375,54,0.7592592592592593,189,122,39,27,1,0,0,92,-4.409182126489724,21.486772486772487,0.09044532477855682,-0.015029910020530224,0.9767084717750549,-0.040510194329544905,34.64078848361969,0.4758089244365692,0.17477361019700766,0.041334668507624885,0.251611328125,24.858525800704957,-1.6007106751203537e-09,0.4173557162284851,4.544524053224155e-05,-1.3001493215560913,0.23212549090385437,2388,0.5881645679473877,1690,2.7909657955169678,18,nan,0,nan,0
831,3403776,62040.4,55.4,39.5,34.37,30,0.375,250,0.632,196,117,46,31,2,0,0,90,-4.097109829197523,21.331632653061224,0.04092872515320778,-0.015108109451830387,0.9792307615280151,-0.03536647004075348,35.0493047952652,0.47468956410884855,0.16922426084056497,0.03832069906638935,0.25595703125,24.606439876556397,-1.4842953532934189e-09,0.44735902547836304,4.513817809621289e-05,-1.3003700971603394,0.23485128581523895,2365,0.5688064694404602,1715,0.8977328538894653,16,nan,0,nan,0
832,3407872,62115.3,55.0,40.12,34.36,30,0.375,448,0.6495535714285714,198,133,44,18,3,0,0,104,-4.0500891812150694,20.358585858585858,0.11260727047920227,-0.015276197344064713,0.9789635539054871,-0.0324319664388895,33.29036054611206,0.4738509297370911,0.1773703120648861,0.029198582880781032,0.237255859375,24.199373531341553,-1.6880221664905548e-09,0.527030885219574,4.483111566018423e-05,-1.3005931377410889,0.23035694658756256,2330,0.6300477981567383,1744,1.4232356548309326,22,nan,0,nan,0
833,3411968,62190.3,55.0,40.15,34.36,30,0.375,137,0.6861313868613139,201,130,43,27,1,0,0,99,-4.159672978859356,20.427860696517413,0.09073212742805481,-0.014729442074894905,0.9707317352294922,-0.038499996555037795,34.310405707359315,0.4726576030254364,0.17089725323021412,0.026087446980818642,0.221728515625,26.393610095977785,-3.6961864680051804e-09,0.4521435499191284,4.452405322415557e-05,-1.300985336303711,0.22877901792526245,2301,0.5671963691711426,1748,1.2586216926574707,47,nan,0,nan,0
834,3416064,62265.0,55.2,39.9,34.34,30,0.375,332,0.6686746987951807,195,128,38,27,2,0,0,96,-4.21872994288462,20.91794871794872,0.10544868558645248,-0.016285058110952377,0.976416289806366,-0.03550136922858656,33.93567597866058,0.47110221683979037,0.20312668662518263,0.040526547651097644,0.258837890625,25.97676215171814,-2.9976945370435715e-09,0.4864298701286316,4.421699078812691e-05,-1.3013323545455933,0.23377522826194763,2341,0.6922044157981873,1699,1.8525886535644531,56,nan,0,nan,0
835,3420160,62339.4,55.4,39.51,34.4,30,0.375,13,0.6153846153846154,193,123,36,28,6,0,0,102,-4.174574766454675,21.202072538860104,0.07582714408636093,-0.015620537102222443,0.9795029759407043,-0.03744063323829323,32.371842932701114,0.47026308476924894,0.1826151846908033,0.02692268026730744,0.237060546875,27.348736333847047,-2.9103830456733704e-10,0.4910047650337219,4.390992835209825e-05,-1.3013875484466553,0.24596752226352692,2319,0.5933157205581665,1746,1.3798556327819824,31,nan,0,nan,0
836,3424256,62414.3,55.0,40.04,34.38,30,0.375,213,0.6384976525821596,200,128,43,24,5,0,0,93,-3.956816252418373,20.635,0.07399822026491165,-0.016124334186315536,0.9792094230651855,-0.03538761987583712,32.664031100273135,0.47001699209213255,0.20073021100834013,0.038951696708681996,0.27138671875,29.0431179523468,-1.3096723705530167e-09,0.4854776859283447,4.360286591606959e-05,-1.3014466762542725,0.23059715330600739,2272,0.6483120322227478,1775,1.8693222999572754,49,nan,0,nan,0
837,3428352,62488.9,55.2,39.8,34.35,30,0.375,412,0.6383495145631068,199,127,42,25,5,0,0,94,-4.189772852824443,20.487437185929647,0.07812133431434631,-0.015780694782733917,0.9730561971664429,-0.039069324661977586,33.13368372917175,0.470013228058815,0.18942091017961502,0.03685918946866877,0.25927734375,23.916179990768434,-2.3283064365386963e-10,0.5113052129745483,4.329580348004092e-05,-1.301432728767395,0.2186088114976883,2280,0.642534613609314,1763,1.4226566553115845,53,nan,0,nan,0
838,3432448,62562.9,55.7,39.19,34.38,30,0.375,91,0.5824175824175825,191,121,45,21,4,0,0,99,-4.375683829661424,21.287958115183248,0.06353846937417984,-0.01616395264863968,0.9700384140014648,-0.036170757235959174,36.53458502292633,0.46972736120224,0.24470127876847983,0.0355684777314309,0.2513671875,30.39949107170105,-1.7462298274040222e-09,0.5112134218215942,4.298874104401226e-05,-1.3016176223754883,0.23007892072200775,2422,0.637884795665741,1622,3.848154306411743,52,nan,0,nan,0
839,3436544,62637.6,55.2,39.84,34.38,30,0.375,291,0.6391752577319587,200,133,34,29,4,0,0,102,-4.388908593699945,20.755,0.12588849663734436,-0.013967088423669338,0.9679158329963684,-0.03870990416035056,32.17718918323517,0.4689231514930725,0.17976710395887494,0.02782854817342013,0.239404296875,26.809976291656493,-2.939486876130104e-09,0.4845438599586487,4.26816786079836e-05,-1.3018162250518799,0.2315688282251358,2444,0.5814507007598877,1631,2.6414341926574707,21,nan,0,nan,0
840,3440640,62712.1,55.3,39.71,34.35,30,0.375,488,0.6495901639344263,197,131,42,22,2,0,0,97,-4.325198431736018,20.79695431472081,0.12451250851154327,-0.0143580362200737,0.9776865839958191,-0.0382776455488056,33.17853708267212,0.46822566986083985,0.16789829107001425,0.04617817407997791,0.2701171875,23.270765781402588,-2.7939677238464355e-09,0.46818000078201294,4.237461617195494e-05,-1.3019345998764038,0.23086459934711456,2459,0.6185154914855957,1619,0.8745177388191223,18,nan,0,nan,0
841,3444736,62786.7,55.3,39.78,34.32,30,0.375,176,0.6875,200,142,33,20,5,0,0,109,-4.346233494166082,20.48,0.17155787348747253,-0.01547535602003336,0.9725359082221985,-0.03147477371385321,32.06193172931671,0.46786889135837556,0.19170891949906946,0.0352888012654148,0.222998046875,26.534113597869872,-3.3178366720676422e-09,0.487809419631958,4.206755373592628e-05,-1.3020195960998535,0.21990278363227844,2440,0.655332088470459,1617,2.2559316158294678,39,nan,0,nan,0
842,3448832,62861.3,55.2,39.8,34.37,30,0.375,372,0.6881720430107527,196,135,38,18,5,0,0,107,-4.28132136009273,20.642857142857142,0.149824321269989,-0.014388348907232285,0.9761538505554199,-0.039595129527151586,29.885078942775728,0.46752657294273375,0.16845136564224958,0.028117680341529193,0.24208984375,20.351986694335938,-1.280568540096283e-09,0.5119366645812988,4.1760491299897656e-05,-1.302091360092163,0.2457684725522995,2442,0.6195279955863953,1645,1.5118975639343262,9,nan,0,nan,0
843,3452928,62935.9,55.3,39.7,34.39,30,0.375,64,0.578125,204,131,44,26,3,0,0,99,-4.131595681717312,20.25980392156863,0.09869812428951263,-0.014081384986639023,0.9768756628036499,-0.03544242428615689,34.855464220047,0.46680118441581725,0.16689269123598932,0.02685317208379274,0.227294921875,26.164311981201173,-9.604264050722122e-10,0.4207373261451721,4.1453428863868996e-05,-1.3024492263793945,0.20954212546348572,2455,0.582575798034668,1620,1.5531480312347412,21,nan,0,nan,0
844,3457024,63010.9,55.0,40.09,34.41,30,0.375,257,0.6614785992217899,193,133,32,26,2,0,0,103,-4.221198758111085,21.098445595854923,0.1463511437177658,-0.014123182743787766,0.9697668552398682,-0.03698306868318468,30.571228623390198,0.4651599109172821,0.1639963231049478,0.02660280673590023,0.2267578125,25.67438659667969,-3.14321368932724e-09,0.4652513265609741,4.1146366427840336e-05,-1.3028100728988647,0.22158145904541016,2460,0.5860985517501831,1610,1.6476614475250244,26,nan,0,nan,0
845,3461120,63084.9,55.7,39.15,34.35,30,0.375,447,0.6487695749440716,190,120,39,22,9,0,0,92,-4.266048221500273,21.54736842105263,0.07194570451974869,-0.01523497048765421,0.9779825806617737,-0.03402758981101215,32.61011381149292,0.46424072086811063,0.18794624283909797,0.022768113236816136,0.22333984375,32.639706707000734,-2.6193447411060333e-09,0.4834853410720825,4.0839303991811676e-05,-1.302935242652893,0.23612332344055176,2388,0.6171392202377319,1674,1.6042543649673462,34,nan,0,nan,0
846,3465216,63159.9,55.0,40.16,34.36,30,0.375,133,0.6842105263157895,198,128,41,25,4,0,0,99,-4.123255645544508,20.924242424242426,0.09888768196105957,-0.016139209270477295,0.9784504771232605,-0.030160967912524938,35.46305072307587,0.4637129694223404,0.21304049966856836,0.03628760131832678,0.2291015625,29.640823459625246,-1.7462298274040222e-09,0.44764769077301025,4.0532241555783016e-05,-1.3031046390533447,0.22367431223392487,2343,0.6417360305786133,1706,1.7866593599319458,47,nan,0,nan,0
847,3469312,63234.2,55.5,39.47,34.37,30,0.375,327,0.6391437308868502,194,118,39,37,0,0,0,84,-3.9901718103317765,20.876288659793815,0.052670493721961975,-0.014813117682933807,0.9753972291946411,-0.03321825317107141,32.320191383361816,0.4629725247621536,0.17538114534690977,0.024366179945354817,0.21611328125,28.110765266418458,-3.259629011154175e-09,0.4934094548225403,4.0225179119754357e-05,-1.3033125400543213,0.22273245453834534,2357,0.6000487208366394,1727,1.9388585090637207,12,nan,0,nan,0
848,3473408,63308.7,55.3,39.64,34.4,30,0.375,8,0.875,193,133,37,17,6,0,0,99,-4.345096945389045,21.134715025906736,0.1285940706729889,-0.01570730097591877,0.9787343144416809,-0.033813486550934614,32.183487677574156,0.46203671097755433,0.1979264642111957,0.04081529485847568,0.24287109375,26.94991569519043,-2.5029294192790985e-09,0.5127944946289062,3.99181166837257e-05,-1.3035619258880615,0.23267173767089844,2487,0.669522225856781,1569,1.8454959392547607,40,nan,0,nan,0
849,3477504,63382.9,55.6,39.29,34.43,30,0.375,204,0.6127450980392157,196,118,44,27,7,0,0,95,-4.18685910519744,21.086734693877553,0.049836255609989166,-0.01617298275232315,0.974871814250946,-0.03602591552771628,34.23560333251953,0.46112465262413027,0.184947216976434,0.024686294664570597,0.226953125,24.844742488861083,-1.0477378964424133e-09,0.47749418020248413,3.961105424769704e-05,-1.3037567138671875,0.24648408591747284,2295,0.6240323185920715,1773,2.144320011138916,28,nan,0,nan,0
850,3481600,63457.0,55.6,39.31,34.39,30,0.375,400,0.63,196,127,51,14,4,0,0,98,-4.183350216200311,20.642857142857142,0.07857668399810791,-0.017309637740254402,0.9853846430778503,-0.033551480574533346,33.45404860973358,0.4603098303079605,0.20032636877149343,0.02940317585453158,0.254296875,21.829196405410766,-3.7834979593753815e-10,0.5381743907928467,3.930399181166838e-05,-1.3039692640304565,0.22116206586360931,2281,0.672906756401062,1781,1.0832593441009521,34,nan,0,nan,0
851,3485696,63531.0,55.8,39.09,34.37,30,0.375,79,0.6582278481012658,191,112,52,24,3,0,0,87,-4.1305215567643065,21.732984293193716,0.020258301869034767,-0.017076564952731133,0.983866810798645,-0.04184623768087477,34.30031394958496,0.4596564084291458,0.20711949784308673,0.02718203658296261,0.233544921875,21.904886627197264,-1.949956640601158e-09,0.5091848373413086,3.899692937563972e-05,-1.3040716648101807,0.24326030910015106,2335,0.6681163311004639,1727,2.325516700744629,34,nan,0,nan,0
852,3489792,63605.3,55.4,39.51,34.37,30,0.375,271,0.6715867158671587,192,130,28,28,6,0,0,106,-4.0711045708394735,21.161458333333332,0.12818960845470428,-0.01479391846805811,0.9787397384643555,-0.0333583950297907,29.535666358470916,0.45901515483856203,0.19385293824598193,0.02448429033102002,0.223681640625,26.772208738327027,-1.949956640601158e-09,0.5561540126800537,3.868986693961106e-05,-1.3043245077133179,0.22143884003162384,2470,0.6119186282157898,1586,2.701437473297119,40,nan,0,nan,0
853,3493888,63679.0,55.9,38.84,34.42,30,0.375,467,0.6573875802997858,196,125,42,24,5,0,0,100,-4.181909822760856,20.994897959183675,0.09265942871570587,-0.014034245163202286,0.974871814250946,-0.03969748946838081,31.486732625961302,0.45772307813167573,0.16072130808606744,0.031762920577602924,0.246875,20.349392652511597,-2.35741026699543e-09,0.49721187353134155,3.83828045035824e-05,-1.3047142028808594,0.2271999716758728,2379,0.6074828505516052,1674,1.591698408126831,43,nan,0,nan,0
854,3497984,63753.6,55.2,39.81,34.34,30,0.375,149,0.6442953020134228,194,127,42,19,6,0,0,93,-4.1300234349206,21.02577319587629,0.08611591160297394,-0.01644396036863327,0.9707841873168945,-0.03246826713439077,32.240394592285156,0.4562543213367462,0.20847126441076397,0.04366945079673314,0.25703125,24.57487087249756,-2.6775524020195007e-09,0.5491306185722351,3.807574206755374e-05,-1.3050167560577393,0.2396440953016281,2311,0.6634075045585632,1734,1.745662808418274,51,nan,0,nan,0
855,3502080,63828.3,55.2,39.8,34.41,30,0.375,351,0.6524216524216524,202,133,36,26,6,1,0,104,-4.106457637135489,20.356435643564357,0.09594458341598511,-0.014745422638952732,0.9761170744895935,-0.0272773310309276,32.36979999542236,0.45526559352874757,0.20037720240652562,0.020295584488485473,0.18994140625,31.513021898269653,-2.3283064365386963e-10,0.5442105531692505,3.776867963152508e-05,-1.3052421808242798,0.20696644484996796,2313,0.602032482624054,1723,2.5724244117736816,60,nan,0,nan,0
856,3506176,63902.8,55.3,39.62,34.39,30,0.375,34,0.6470588235294118,195,121,44,27,3,0,0,96,-4.270916609979977,20.994871794871795,0.06139744818210602,-0.016430560499429703,0.9733401536941528,-0.0330776670249179,33.8261280298233,0.454468235373497,0.1977431277744472,0.029914604328223505,0.24921875,28.502835750579834,-1.2223608791828156e-09,0.5513442754745483,3.746161719549642e-05,-1.3053836822509766,0.22704771161079407,2301,0.6466614603996277,1751,1.8939049243927002,44,nan,0,nan,0
857,3510272,63977.1,55.5,39.41,34.36,30,0.375,226,0.672566371681416,192,130,35,22,5,0,0,100,-4.165990381545773,21.192708333333332,0.1256231665611267,-0.014355288818478584,0.9759221076965332,-0.03426058421609923,28.867087590694428,0.45406399965286254,0.16747347824275494,0.0224536392983282,0.20625,26.09295434951782,-9.022187441587448e-10,0.5110465288162231,3.715455475946776e-05,-1.3054821491241455,0.22355034947395325,2384,0.5853906273841858,1689,1.5401591062545776,23,nan,0,nan,0
858,3514368,64052.0,55.0,40.1,34.37,30,0.375,420,0.680952380952381,194,134,36,21,3,0,0,100,-4.214424374467317,21.257731958762886,0.13394540548324585,-0.01557176560163498,0.978216290473938,-0.03608406821731478,27.887307548522948,0.4532440841197968,0.18548301616683602,0.031325490432209335,0.244189453125,22.88248267173767,-2.3865140974521637e-09,0.5965920686721802,3.68474923234391e-05,-1.3057990074157715,0.22876548767089844,2452,0.6423574090003967,1621,2.5149827003479004,23,nan,0,nan,0
859,3518464,64126.1,55.6,39.27,34.4,30,0.375,103,0.6504854368932039,195,129,40,23,3,0,0,93,-4.101151816965676,21.025641025641026,0.11276914924383163,-0.01521020382642746,0.9753909111022949,-0.031841614365112035,30.866907918453215,0.4520815759897232,0.18503624815493822,0.022780875590979122,0.21962890625,24.903137397766113,-2.6193447411060333e-09,0.4971996545791626,3.654042988741044e-05,-1.3060270547866821,0.21361832320690155,2351,0.6193575859069824,1701,0.9718886017799377,44,nan,0,nan,0
860,3522560,64200.7,55.3,39.7,34.38,30,0.375,298,0.6543624161073825,195,128,39,22,6,0,0,91,-4.202461655220887,20.98974358974359,0.10477089881896973,-0.014294171705842018,0.9743655323982239,-0.03927800019737333,34.67710316181183,0.45133680701255796,0.16525250701233746,0.027224367775488645,0.22958984375,23.361831855773925,-1.6298145055770874e-09,0.41754621267318726,3.623336745138178e-05,-1.306180715560913,0.22021125257015228,2467,0.5712316632270813,1605,1.558857798576355,24,nan,0,nan,0
861,3526656,64275.2,55.3,39.63,34.43,30,0.375,494,0.659919028340081,196,131,36,27,2,0,0,100,-4.1426201162496765,20.653061224489797,0.1254192590713501,-0.013432273641228676,0.9733333587646484,-0.036454045097343624,29.580239522457124,0.45075641870498656,0.15637615835294127,0.028567946510156615,0.2251953125,23.403482055664064,-1.5133991837501526e-09,0.4985339045524597,3.592630501535312e-05,-1.3062894344329834,0.21090947091579437,2434,0.5601401925086975,1627,1.0451654195785522,35,nan,0,nan,0
862,3530752,64350.0,55.1,39.91,34.4,30,0.375,181,0.6906077348066298,199,134,30,32,3,0,0,104,-4.345627845522312,20.844221105527637,0.12728649377822876,-0.014617947861552238,0.975622296333313,-0.03688806928694248,30.75366356372833,0.45012499392032623,0.18607508586719632,0.028436116318334825,0.228515625,23.34390196800232,-2.9685907065868378e-09,0.550680935382843,3.561924257932446e-05,-1.3065521717071533,0.23000279068946838,2483,0.5987390875816345,1577,2.98482084274292,36,nan,0,nan,0
863,3534848,64423.8,55.9,38.97,34.37,30,0.375,374,0.6550802139037433,193,120,41,28,4,0,0,95,-4.031319674052839,21.295336787564768,0.06344938278198242,-0.015026506036520004,0.9733538031578064,-0.035355206788517536,32.408229517936704,0.44904008507728577,0.17132913880050182,0.01845463221834507,0.175830078125,27.71944055557251,-1.7462298274040222e-09,0.5227799415588379,3.53121801432958e-05,-1.3068137168884277,0.21562978625297546,2356,0.5791561007499695,1706,2.3561651706695557,34,nan,0,nan,0
864,3538944,64497.9,55.7,39.1,34.38,30,0.375,52,0.6730769230769231,190,120,36,30,4,0,0,96,-4.132171347382543,21.13157894736842,0.08283662050962448,-0.013730088248848915,0.9738863110542297,-0.03569622888462618,31.346368741989135,0.44805275201797484,0.15616148402914404,0.02106531384633854,0.19140625,24.246051836013795,-2.2992026060819626e-09,0.4644840955734253,3.500511770726714e-05,-1.3070523738861084,0.22639122605323792,2456,0.57500821352005,1609,0.8573746085166931,31,nan,0,nan,0
865,3543040,64572.3,55.4,39.56,34.37,30,0.375,251,0.6055776892430279,199,117,50,30,2,0,0,86,-4.214120492506943,21.195979899497488,0.03847597539424896,-0.013551849871873856,0.9740826487541199,-0.03204538191203028,35.8473952293396,0.44718329012393954,0.16308755865320562,0.021450605971040204,0.202001953125,31.903915309906004,-1.8044374883174896e-09,0.4390723705291748,3.469805527123848e-05,-1.3072139024734497,0.2164737433195114,2494,0.5753166675567627,1586,0.804053783416748,16,nan,0,nan,0
866,3547136,64646.8,55.4,39.64,34.36,30,0.375,447,0.6353467561521253,196,132,32,30,2,0,0,98,-4.081526338413876,20.6734693877551,0.12581877410411835,-0.014786951243877411,0.9741025567054749,-0.034622645541094246,33.96030142307281,0.44663001596927643,0.17924880171194674,0.020878762649954297,0.206201171875,25.84696536064148,-1.9208528101444244e-09,0.452070951461792,3.439099283520982e-05,-1.3073632717132568,0.22059029340744019,2405,0.5794706344604492,1656,2.0696663856506348,35,nan,0,nan,0
867,3551232,64721.1,55.4,39.46,34.43,30,0.375,128,0.6484375,193,129,40,21,3,0,0,100,-4.2308947355644255,21.05181347150259,0.12787732481956482,-0.013651003129780293,0.9782218933105469,-0.03676931814406999,29.526758217811583,0.4457603722810745,0.15872081024572254,0.020711660958477297,0.18701171875,24.932682704925536,-1.8335413187742233e-09,0.4871583580970764,3.408393039918116e-05,-1.3076438903808594,0.21745754778385162,2472,0.570802628993988,1603,1.306581735610962,21,nan,0,nan,0
868,3555328,64795.2,55.6,39.23,34.41,30,0.375,328,0.6707317073170732,200,137,37,19,7,0,0,114,-4.185806398603373,20.83,0.13733452558517456,-0.014103883877396584,0.9758726954460144,-0.035842847009189424,28.943894469738005,0.4448325514793396,0.16364193065091967,0.03469216630037408,0.21240234375,19.37145733833313,-1.8917489796876907e-09,0.5345392823219299,3.37768679631525e-05,-1.3078136444091797,0.2212035059928894,2497,0.5802245140075684,1585,1.156270146369934,14,nan,0,nan,0
869,3559424,64870.2,55.0,40.14,34.38,30,0.375,16,0.875,200,126,41,27,6,0,0,92,-4.237587461889541,20.425,0.08589081466197968,-0.015399111434817314,0.9738193154335022,-0.03318167860852554,34.81631999015808,0.443984854221344,0.19951817439869046,0.025270458588784094,0.225732421875,22.6277756690979,-2.735760062932968e-09,0.4781643748283386,3.346980552712384e-05,-1.3081072568893433,0.21321940422058105,2449,0.6416773796081543,1624,1.9946043491363525,23,nan,0,nan,0
870,3563520,64944.1,55.7,39.12,34.38,30,0.375,207,0.6763285024154589,191,126,36,22,7,0,0,86,-3.9983500051566248,21.19371727748691,0.10896897315979004,-0.013956522569060326,0.9790012836456299,-0.03307583932764828,32.91446368694305,0.442670202255249,0.16034054663032293,0.02469076982088154,0.2353515625,27.254067420959473,-1.8917489796876907e-09,0.4927661418914795,3.316274309109518e-05,-1.308449625968933,0.22608965635299683,2361,0.5571012496948242,1701,1.7480953931808472,34,nan,0,nan,0
871,3567616,65018.2,55.7,39.19,34.38,30,0.375,401,0.6783042394014963,194,132,36,19,7,0,0,112,-4.177070897256096,21.051546391752577,0.12585915625095367,-0.015103810466825962,0.968477725982666,-0.033151323138736186,32.14443551301956,0.4413206160068512,0.18752684500068426,0.07052427994640312,0.240380859375,21.55974793434143,-9.022187441587448e-10,0.49128258228302,3.285568065506652e-05,-1.3087388277053833,0.22188971936702728,2426,0.5917171239852905,1626,1.8262447118759155,44,nan,0,nan,0
872,3571712,65092.4,55.5,39.42,34.35,30,0.375,88,0.6363636363636364,199,132,35,24,8,0,0,102,-4.16103113267114,20.64321608040201,0.11354735493659973,-0.01429599616676569,0.9751090407371521,-0.034141418035142125,34.1181804895401,0.4405598908662796,0.16550557669252158,0.024652050252188928,0.236474609375,26.044773864746094,-1.7171259969472885e-09,0.43850255012512207,3.254861821903786e-05,-1.3088537454605103,0.22166186571121216,2397,0.5763159990310669,1673,1.3292418718338013,26,nan,0,nan,0
873,3575808,65167.0,55.2,39.79,34.38,30,0.375,284,0.647887323943662,196,128,42,21,4,1,0,97,-4.210303101645602,21.071428571428573,0.09939632564783096,-0.015147424302995205,0.9792307615280151,-0.03553711359854787,34.31305136680603,0.4400155872106552,0.21088623329997064,0.026916190500196537,0.2251953125,21.575383520126344,-1.0186340659856796e-09,0.4941551089286804,3.22415557830092e-05,-1.3090533018112183,0.22723016142845154,2356,0.6068130135536194,1697,3.466263771057129,43,nan,0,nan,0
874,3579904,65241.5,55.4,39.56,34.43,30,0.375,476,0.657563025210084,192,129,36,23,4,0,0,111,-4.04552152456473,21.088541666666668,0.10526697337627411,-0.014704739674925804,0.9720799326896667,-0.03636941747972742,29.962393641471863,0.4390948474407196,0.2053222641348839,0.019838781174621546,0.20009765625,24.952325344085693,-2.4156179279088974e-09,0.5291755199432373,3.193449334698054e-05,-1.3092904090881348,0.2346576303243637,2388,0.6412966251373291,1684,1.3985744714736938,24,nan,0,nan,0
875,3584000,65315.3,55.8,38.98,34.39,30,0.375,156,0.6410256410256411,192,125,47,13,7,0,0,99,-4.0980632162493,21.401041666666668,0.09099231660366058,-0.014556564390659332,0.9728483557701111,-0.0359707883791998,33.388276076316835,0.4381899505853653,0.1762092512100935,0.017983817646745594,0.18544921875,23.432176780700683,-1.6007106751203537e-09,0.4821885824203491,3.162743091095188e-05,-1.3095061779022217,0.21836203336715698,2362,0.5854451656341553,1699,2.1056087017059326,35,nan,0,nan,0
876,3588096,65389.3,55.8,38.99,34.39,30,0.375,353,0.6430594900849859,197,127,34,24,12,0,0,103,-4.3703105753878075,20.944162436548222,0.10356893390417099,-0.015047969296574593,0.9794819355010986,-0.04035825319588184,35.20660336017609,0.4371615082025528,0.17651995895430445,0.03494114173081471,0.25927734375,19.578691530227662,-1.7462298274040222e-09,0.45304781198501587,3.132036847492322e-05,-1.3098058700561523,0.2191743403673172,2398,0.5651467442512512,1649,1.6676454544067383,49,nan,0,nan,0
877,3592192,65463.1,55.8,38.93,34.45,30,0.375,34,0.7352941176470589,193,142,30,18,3,0,0,111,-4.26100822251915,21.10880829015544,0.18950381875038147,-0.013821102678775787,0.9766846299171448,-0.030202093190746383,30.041443276405335,0.4362781971693039,0.17476597242057323,0.01843290893593803,0.1802734375,27.766229915618897,-2.240994945168495e-09,0.512045681476593,3.101330603889456e-05,-1.3098996877670288,0.2265625298023224,2451,0.584672749042511,1601,2.1683480739593506,44,nan,0,nan,0
878,3596288,65537.1,55.8,39.03,34.43,30,0.375,224,0.6607142857142857,190,123,41,22,4,0,0,97,-4.17931536198801,21.678947368421053,0.0935525894165039,-0.013637585565447807,0.977214515209198,-0.025903794402256607,31.926762866973878,0.43581895232200624,0.17430837340652944,0.03446348849684,0.163916015625,33.61127576828003,-1.4842953532934189e-09,0.494476318359375,3.07062436028659e-05,-1.3101115226745605,0.22186025977134705,2455,0.5519638061523438,1615,3.871410369873047,26,nan,0,nan,0
879,3600384,65611.6,55.3,39.71,34.4,30,0.375,414,0.6545893719806763,190,123,40,21,6,0,0,95,-4.208944947619575,21.457894736842107,0.10661714524030685,-0.014011766761541367,0.9774705767631531,-0.03463140842504799,34.00862545967102,0.43465935587883,0.16745260311290622,0.02454607059335103,0.228076171875,24.70409526824951,-2.2118911147117615e-09,0.44215506315231323,3.039918116683724e-05,-1.3104509115219116,0.21287725865840912,2452,0.5740113854408264,1630,1.7490413188934326,14,nan,0,nan,0
880,3604480,65686.2,55.3,39.7,34.39,30,0.375,101,0.6336633663366337,199,134,34,23,8,0,0,104,-4.199869175391526,20.7035175879397,0.11929303407669067,-0.015101248398423195,0.9753656387329102,-0.03235441124998033,33.18334138393402,0.4335131227970123,0.18337271632626653,0.019545758188178296,0.18349609375,22.77939453125,-3.230525180697441e-09,0.46589773893356323,3.0092118730808577e-05,-1.310671329498291,0.20766909420490265,2337,0.5955094695091248,1693,1.328008770942688,66,nan,0,nan,0
881,3608576,65760.6,55.4,39.52,34.39,30,0.375,295,0.6847457627118644,194,138,35,18,3,0,0,104,-4.318914348335898,20.88659793814433,0.1644083559513092,-0.013685982674360275,0.9710404872894287,-0.035155786224640904,31.29193824529648,0.43253890573978426,0.18296671649441124,0.022924611216876657,0.212353515625,23.254331350326538,-2.4156179279088974e-09,0.5271583795547485,2.978505629477995e-05,-1.3109517097473145,0.20621280372142792,2442,0.5856708288192749,1608,2.953381299972534,46,nan,0,nan,0
882,3612672,65834.9,55.5,39.44,34.41,30,0.375,489,0.6728016359918201,194,127,43,17,7,0,0,97,-4.204174752513659,21.201030927835053,0.08681724965572357,-0.01747271418571472,0.9761660695075989,-0.030953798117116092,36.118434476852414,0.4314333528280258,0.24641077006235718,0.019404069791198707,0.191650390625,29.286134958267212,-2.9685907065868378e-09,0.5018178820610046,2.947799385875129e-05,-1.3112162351608276,0.2321457713842392,2207,0.6777552962303162,1821,2.53336238861084,68,nan,0,nan,0
883,3616768,65910.0,54.9,40.23,34.42,30,0.375,172,0.7267441860465116,195,145,27,21,2,0,0,114,-3.9324992984227283,21.317948717948717,0.19042816758155823,-0.015222156420350075,0.9715457558631897,-0.03147269529290497,29.402659320831297,0.4305129379034042,0.18525041900575162,0.024669116050063167,0.178369140625,26.00954427719116,-5.238689482212067e-10,0.49181169271469116,2.917093142272263e-05,-1.3114068508148193,0.2172459214925766,2347,0.6026957631111145,1698,2.289048433303833,51,nan,0,nan,0
884,3620864,65984.0,55.7,39.19,34.38,30,0.375,361,0.6869806094182825,189,123,39,25,2,0,0,93,-4.160312847799362,21.365079365079364,0.09382723271846771,-0.014006690122187138,0.9692859053611755,-0.030631967587396502,33.747101831436154,0.4298437535762787,0.1650615194812417,0.0252234589701402,0.2052734375,32.676683807373045,-2.5029294192790985e-09,0.46745771169662476,2.886386898669397e-05,-1.3115456104278564,0.2147984355688095,2388,0.5628272294998169,1687,1.0296961069107056,21,nan,0,nan,0
885,3624960,66058.8,55.2,39.86,34.38,30,0.375,50,0.76,201,137,39,24,1,0,0,108,-4.150574492608412,20.333333333333332,0.138640895485878,-0.014579739421606064,0.9717586636543274,-0.035054398933425546,32.87809710502624,0.4292765289545059,0.1674516570754349,0.020798137129168025,0.19033203125,23.467200231552123,-3.841705620288849e-09,0.48773902654647827,2.855680655066531e-05,-1.311720609664917,0.21250109374523163,2413,0.5465912818908691,1631,1.7831368446350098,52,nan,0,nan,0
886,3629056,66133.3,55.3,39.69,34.37,30,0.375,252,0.6944444444444444,202,137,35,22,8,0,0,103,-4.061287591087159,20.41089108910891,0.1354379504919052,-0.013083744794130325,0.9745762944221497,-0.03544512772932649,32.94544278383255,0.42855800688266754,0.15236550252884626,0.018012777363765053,0.183447265625,21.395082998275758,-1.1059455573558807e-09,0.42150652408599854,2.824974411463665e-05,-1.3118751049041748,0.2047729790210724,2473,0.564188539981842,1603,1.1902492046356201,20,nan,0,nan,0
887,3633152,66207.7,55.4,39.58,34.39,30,0.375,445,0.6853932584269663,193,130,39,21,3,0,0,101,-4.16676096136876,21.269430051813472,0.12133936583995819,-0.01513388566672802,0.9766846299171448,-0.03219050811603665,33.36894589662552,0.42803253829479215,0.19820196675136686,0.019355181654100308,0.162841796875,27.192625522613525,-1.2223608791828156e-09,0.47735095024108887,2.7942681678607992e-05,-1.3120018243789673,0.21704617142677307,2368,0.5866958498954773,1685,2.6298828125,43,nan,0,nan,0
888,3637248,66282.4,55.2,39.73,34.42,30,0.375,129,0.7286821705426356,196,143,30,18,5,0,0,112,-4.287229951085712,20.51530612244898,0.18602584302425385,-0.01328851655125618,0.9741025567054749,-0.03218130930326879,30.853875279426575,0.42751778960227965,0.1692397676408291,0.017138174350839107,0.171728515625,26.887464237213134,-2.6775524020195007e-09,0.5049208402633667,2.7635619242579332e-05,-1.3121089935302734,0.21344785392284393,2461,0.5456058979034424,1626,2.9809322357177734,9,nan,0,nan,0
889,3641344,66356.7,55.4,39.45,34.45,30,0.375,326,0.6901840490797546,197,131,40,22,4,0,0,101,-4.392908112214138,21.16751269035533,0.12132725119590759,-0.013223755173385143,0.9728135466575623,-0.0333095965674147,32.36124134063721,0.4270697385072708,0.1592476673424244,0.01919714545365423,0.180126953125,23.8033353805542,-6.111804395914078e-10,0.4798654317855835,2.7328556806550672e-05,-1.312247633934021,0.2078317403793335,2386,0.5610119104385376,1689,1.7335317134857178,21,nan,0,nan,0
890,3645440,66430.9,55.5,39.36,34.41,30,0.375,6,0.6666666666666666,192,123,32,30,7,0,0,96,-4.13502259079326,21.083333333333332,0.09168468415737152,-0.01581023633480072,0.9815573692321777,-0.032214949885383246,33.72005016803742,0.4265009969472885,0.20126493852585553,0.018187063331424724,0.181787109375,26.55655312538147,-5.238689482212067e-10,0.4689686894416809,2.7021494370522012e-05,-1.312391757965088,0.2252248078584671,2352,0.6449289321899414,1703,1.813284158706665,41,nan,0,nan,0
891,3649536,66505.3,55.4,39.51,34.4,30,0.375,203,0.6699507389162561,197,132,42,18,5,0,0,100,-4.317669521173714,21.076142131979694,0.13109812140464783,-0.01434248499572277,0.9779430627822876,-0.03257509481627494,30.340505242347717,0.4257213443517685,0.16758893625810742,0.01688428054767428,0.158642578125,22.425966596603395,-2.3865140974521637e-09,0.5234757661819458,2.6714431934493352e-05,-1.3126771450042725,0.2182001769542694,2440,0.6112418174743652,1636,1.9772449731826782,20,nan,0,nan,0
892,3653632,66579.8,55.3,39.57,34.46,30,0.375,396,0.6540404040404041,193,123,40,23,7,0,0,93,-4.169477583193038,20.906735751295336,0.0825243592262268,-0.016207648441195488,0.9748911261558533,-0.0280907302047126,37.12476780414581,0.42470534443855285,0.20648314245045185,0.019238630680774804,0.174169921875,27.230987119674683,-3.2014213502407074e-10,0.5242220759391785,2.6407369498464692e-05,-1.3128063678741455,0.22350545227527618,2321,0.6350599527359009,1736,2.568157911300659,39,nan,0,nan,0
893,3657728,66653.8,55.7,39.13,34.4,30,0.375,81,0.5802469135802469,197,125,43,23,6,0,0,96,-4.407287290710445,20.883248730964468,0.08739611506462097,-0.014124961569905281,0.9712746739387512,-0.03351943150628358,32.85703778266907,0.4244190573692322,0.16360486317425965,0.021573833185539116,0.196728515625,25.809574556350707,-9.604264050722122e-10,0.5026742219924927,2.6100307062436032e-05,-1.3128756284713745,0.22166411578655243,2415,0.5809929966926575,1634,1.729346752166748,47,nan,0,nan,0
894,3661824,66728.3,55.3,39.68,34.41,30,0.375,277,0.628158844765343,196,127,41,19,9,0,0,104,-4.2901204103667565,20.836734693877553,0.10898929834365845,-0.014162253588438034,0.9735897183418274,-0.031652551237493755,33.77398750782013,0.4239516258239746,0.16727699460461737,0.02534845485643018,0.222509765625,24.545260000228883,-2.764863893389702e-09,0.4727547764778137,2.5793244626407373e-05,-1.313042163848877,0.20753367245197296,2423,0.5461735725402832,1610,1.7570948600769043,63,nan,0,nan,0
895,3665920,66802.8,55.3,39.6,34.42,30,0.375,475,0.6442105263157895,198,132,34,25,7,0,0,103,-4.267646843437052,20.828282828282827,0.13844919204711914,-0.01385609619319439,0.9781939387321472,-0.035170293296687305,32.40714054107666,0.4231065928936005,0.1729752761311829,0.021622520565870218,0.192724609375,20.908610153198243,-1.9208528101444244e-09,0.4564814567565918,2.5486182190378713e-05,-1.3132838010787964,0.22102665901184082,2471,0.5779615044593811,1603,0.8489837646484375,22,nan,0,nan,0
896,3670016,66877.2,55.4,39.5,34.41,30,0.375,162,0.6728395061728395,199,132,38,23,6,0,0,95,-4.123897662039502,20.628140703517587,0.11452464759349823,-0.014763939194381237,0.9776751399040222,-0.030941300769336523,29.7675420999527,0.42240571677684785,0.17303289119154214,0.019285776010656265,0.1765625,25.429128074645995,-2.35741026699543e-09,0.5265624523162842,2.5179119754350053e-05,-1.3133373260498047,0.21980653703212738,2284,0.5811870694160461,1765,2.021115303039551,47,nan,0,nan,0
897,3674112,66951.9,55.2,39.81,34.41,30,0.375,356,0.6853932584269663,194,135,36,18,5,0,0,103,-4.091058816801544,20.95876288659794,0.1381809562444687,-0.01457559410482645,0.9753972291946411,-0.031901475763879715,30.75223653316498,0.4223994195461273,0.18274265127256512,0.016371021010854747,0.165234375,26.804882431030272,-1.4260876923799515e-09,0.5045633316040039,2.4872057318321393e-05,-1.313364028930664,0.21978242695331573,2397,0.5900611877441406,1679,1.5726009607315063,20,nan,0,nan,0
898,3678208,67026.4,55.3,39.58,34.45,30,0.375,39,0.6923076923076923,195,124,37,32,2,0,0,96,-4.109756092938467,21.22051282051282,0.09195706993341446,-0.013557369820773602,0.976416289806366,-0.030588408780749886,35.17022805213928,0.4221133470535278,0.16331458361819387,0.016589974162343424,0.172802734375,28.009157276153566,-1.1350493878126144e-09,0.43629544973373413,2.4564994882292733e-05,-1.3134546279907227,0.21130026876926422,2433,0.5676267743110657,1627,1.4021722078323364,36,nan,0,nan,0
899,3682304,67100.0,56.0,38.72,34.39,30,0.375,231,0.6320346320346321,192,119,49,18,6,0,0,92,-4.36060510605934,21.4375,0.07296350598335266,-0.015408081002533436,0.9746413826942444,-0.026158980606123806,36.65092296600342,0.42177535593509674,0.1869858553633094,0.016534104956372177,0.16845703125,34.37120723724365,-6.693881005048752e-10,0.49017536640167236,2.4257932446264073e-05,-1.3135453462600708,0.21947374939918518,2343,0.64915531873703,1689,1.3115094900131226,64,nan,0,nan,0
900,3686400,67174.3,55.4,39.52,34.38,30,0.375,425,0.6635294117647059,194,136,31,20,7,0,0,104,-4.115497512790478,20.623711340206185,0.16474193334579468,-0.01247263140976429,0.9695028066635132,-0.03571756925084628,30.512850058078765,0.4212894678115845,0.14225049810484053,0.0186971647766768,0.18994140625,22.6408221244812,-3.2887328416109085e-09,0.4721050262451172,2.3950870010235413e-05,-1.3137071132659912,0.2184358537197113,2544,0.5378093123435974,1549,0.6982870697975159,3,nan,0,nan,0
901,3690496,67248.9,55.3,39.73,34.36,30,0.375,111,0.7117117117117117,198,146,30,19,3,0,0,123,-4.297864265761774,20.68686868686869,0.20941349864006042,-0.012519912794232368,0.9715238809585571,-0.02663460250478238,28.637021923065184,0.42061902582645416,0.15656411573290824,0.014350357725925278,0.1474609375,28.68108959197998,-2.6193447411060333e-09,0.49078619480133057,2.3643807574206753e-05,-1.313875675201416,0.19768975675106049,2513,0.5879459381103516,1562,1.2744090557098389,21,nan,0,nan,0
902,3694592,67323.8,55.1,39.98,34.4,30,0.375,308,0.7272727272727273,197,145,28,21,3,0,0,110,-4.240200526166714,20.86294416243655,0.1999194622039795,-0.012302651070058346,0.9699922800064087,-0.03208023561164737,27.67487242221832,0.41993832886219024,0.1425900414586067,0.01890819320251467,0.187841796875,25.226612901687623,-1.8917489796876907e-09,0.47627532482147217,2.3336745138178093e-05,-1.314035177230835,0.21418051421642303,2419,0.502697229385376,1631,1.169010043144226,46,nan,0,nan,0
903,3698688,67397.8,55.7,39.11,34.41,30,0.375,502,0.7071713147410359,194,131,38,19,6,0,0,101,-4.187566236125488,21.4020618556701,0.12814876437187195,-0.01409364677965641,0.9692465662956238,-0.030720799788832666,32.77818214893341,0.419415020942688,0.16943153133615851,0.014668181513843592,0.159716796875,27.22823166847229,-1.1641532182693481e-09,0.5080577731132507,2.3029682702149434e-05,-1.3141275644302368,0.22943700850009918,2416,0.5964347720146179,1638,2.309664011001587,42,nan,0,nan,0
904,3702784,67472.4,55.3,39.7,34.4,30,0.375,183,0.6830601092896175,193,132,37,17,7,0,0,101,-4.290471443097205,20.844559585492227,0.13931336998939514,-0.012766197323799133,0.9692544341087341,-0.034801679220981895,30.274102663993837,0.418920236825943,0.14750213949009777,0.015255141635134351,0.1697265625,21.590227842330933,-3.1141098588705063e-09,0.46858441829681396,2.2722620266120774e-05,-1.314315676689148,0.2062169760465622,2364,0.5232858061790466,1703,1.5126127004623413,29,nan,0,nan,0
905,3706880,67547.3,55.0,40.04,34.4,30,0.375,386,0.7098445595854922,203,149,27,25,2,0,0,118,-4.181217870642615,20.246305418719214,0.20669510960578918,-0.01303478330373764,0.9686617255210876,-0.030524463625624776,33.05734062194824,0.4182783603668213,0.1697283304296434,0.01390631869144272,0.166796875,26.230263328552248,-1.6007106751203537e-09,0.45435643196105957,2.2415557830092114e-05,-1.314404010772705,0.20224948227405548,2483,0.5587471723556519,1609,2.0581583976745605,4,nan,0,nan,0
906,3710976,67621.8,55.3,39.56,34.44,30,0.375,72,0.7083333333333334,198,142,32,18,6,0,0,101,-4.219136532454775,20.82323232323232,0.17809273302555084,-0.013602469116449356,0.9710108041763306,-0.030968765215948223,29.485500597953795,0.4179109126329422,0.1630369670689106,0.026993671043601352,0.230126953125,22.63343462944031,-1.949956640601158e-09,0.47586458921432495,2.2108495394063454e-05,-1.3145103454589844,0.205277681350708,2463,0.5833527445793152,1585,1.1413782835006714,48,nan,0,nan,0
907,3715072,67695.6,55.9,38.94,34.39,30,0.375,263,0.6958174904942965,191,132,33,23,3,0,0,105,-4.128681653152746,21.387434554973822,0.11883172392845154,-0.014382581226527691,0.97567218542099,-0.03061600832734257,33.18370804786682,0.41751706004142763,0.27443419843912126,0.015026292456605006,0.151171875,23.711984872817993,-1.7462298274040222e-09,0.5104223489761353,2.1801432958034794e-05,-1.3146082162857056,0.2265012562274933,2365,0.5650755167007446,1681,4.703272342681885,50,nan,0,nan,0
908,3719168,67770.1,55.3,39.61,34.41,30,0.375,457,0.6914660831509847,194,133,32,24,5,0,0,101,-4.175117080844095,20.88144329896907,0.1484929472208023,-0.013364514335989952,0.978216290473938,-0.025461528258165344,31.994307351112365,0.4170525997877121,0.17360859988257288,0.012608945999818388,0.13349609375,28.37262315750122,-3.4633558243513107e-09,0.48900091648101807,2.149437052200613e-05,-1.3147633075714111,0.21080267429351807,2456,0.5456458926200867,1585,2.299595832824707,55,nan,0,nan,0
909,3723264,67844.2,55.6,39.3,34.41,30,0.375,148,0.6486486486486487,203,136,35,28,4,0,0,112,-4.284108404965595,20.67487684729064,0.13879576325416565,-0.013015141710639,0.971487283706665,-0.02874015048146248,32.96151585578919,0.41632206439971925,0.15556664504110812,0.014212507082265801,0.163330078125,22.584305906295775,-8.731149137020111e-10,0.4279683828353882,2.118730808597747e-05,-1.3149704933166504,0.21063022315502167,2379,0.5460745096206665,1683,1.3117189407348633,34,nan,0,nan,0
910,3727360,67918.6,55.5,39.41,34.43,30,0.375,334,0.6526946107784432,186,122,28,32,4,0,0,96,-4.036493516391609,21.693548387096776,0.09605760872364044,-0.01404209341853857,0.9774935841560364,-0.027900502807460724,34.24558534622192,0.4156592786312103,0.16860851822420955,0.012122556232498027,0.1408203125,27.295059537887575,-1.3387762010097504e-09,0.3817789554595947,2.088024564994881e-05,-1.315068244934082,0.2202710211277008,2423,0.5423957705497742,1642,1.878578782081604,31,nan,0,nan,0
911,3731456,67993.1,55.3,39.64,34.43,30,0.375,21,0.5238095238095238,199,128,38,24,9,0,0,100,-3.9338188295226715,20.668341708542712,0.095280721783638,-0.01413592416793108,0.9761354923248291,-0.03339410477783531,35.98635895252228,0.41540496051311493,0.17333516078069805,0.01553749031299958,0.173046875,20.98806252479553,-3.230525180697441e-09,0.41272294521331787,2.057318321392015e-05,-1.3151047229766846,0.22517220675945282,2362,0.5481990575790405,1674,1.956993818283081,60,nan,0,nan,0
912,3735552,68067.8,55.1,39.85,34.43,30,0.375,217,0.6682027649769585,196,134,31,22,9,0,0,94,-4.0458517492801285,20.98469387755102,0.14484365284442902,-0.012921849265694618,0.9697436094284058,-0.03705422538332641,33.30717092752457,0.4151455193758011,0.15328385531902314,0.014103316472028383,0.15810546875,22.204782915115356,-8.149072527885437e-10,0.41233861446380615,2.026612077789149e-05,-1.3152108192443848,0.2059130072593689,2531,0.5449336171150208,1542,1.2741848230361938,23,nan,0,nan,0
913,3739648,68142.6,55.2,39.7,34.45,30,0.375,413,0.6537530266343826,196,125,37,30,4,0,0,98,-4.289597600059794,20.693877551020407,0.08972126990556717,-0.015196679159998894,0.9710256457328796,-0.028458864317508416,32.60702798366547,0.4147515565156937,0.1836497456766665,0.01466334009601269,0.144384765625,29.414369916915895,-2.2118911147117615e-09,0.4914172887802124,1.995905834186283e-05,-1.3152916431427002,0.21523195505142212,2373,0.6032586693763733,1693,1.83267343044281,30,nan,0,nan,0
914,3743744,68216.8,55.5,39.37,34.39,30,0.375,95,0.7473684210526316,194,142,28,20,4,0,0,100,-4.427956404192266,21.18041237113402,0.19296950101852417,-0.013113725930452347,0.9705279469490051,-0.02776095496956259,33.18482995033264,0.41435907781124115,0.15852311737835406,0.011473735467006918,0.12412109375,27.404203748703004,-1.2514647096395493e-09,0.4128926396369934,1.965199590583417e-05,-1.3154149055480957,0.20956078171730042,2478,0.5566022992134094,1576,1.5564740896224976,42,nan,0,nan,0
915,3747840,68290.7,55.8,38.94,34.45,30,0.375,299,0.7525083612040134,204,154,25,18,7,0,0,115,-4.155022587266031,20.465686274509803,0.22540025413036346,-0.012449453584849834,0.9689105749130249,-0.02891930118203163,32.261123943328855,0.41382803916931155,0.16290446845814585,0.011174341368314345,0.1318359375,26.88519229888916,-9.022187441587448e-10,0.4259059429168701,1.934493346980551e-05,-1.3155676126480103,0.21529914438724518,2468,0.5197942852973938,1582,1.8114564418792725,46,nan,0,nan,0
916,3751936,68365.7,54.9,40.15,34.4,30,0.375,490,0.7408163265306122,191,138,27,20,6,0,0,114,-4.027959982477688,20.973821989528794,0.1749415099620819,-0.013325441628694534,0.9646607041358948,-0.028535060584545135,32.250604438781735,0.4131413072347641,0.15947299478575588,0.010692247019323985,0.127734375,24.33991370201111,-1.1059455573558807e-09,0.47066909074783325,1.9037871033776852e-05,-1.315756916999817,0.2117518037557602,2442,0.5481356978416443,1609,1.909398078918457,45,nan,0,nan,0
917,3756032,68439.4,55.9,38.75,34.46,30,0.375,174,0.7183908045977011,196,141,33,18,4,0,0,105,-4.194192576371704,20.98469387755102,0.16924524307250977,-0.014229148626327515,0.9743589758872986,-0.03369611301459372,32.12535769939423,0.41238186657428744,0.17551366239786148,0.014713973978359718,0.15673828125,18.439238357543946,-2.852175384759903e-09,0.469948410987854,1.8730808597748192e-05,-1.3159265518188477,0.21092772483825684,2372,0.5431309938430786,1684,1.960589051246643,40,nan,0,nan,0
918,3760128,68514.2,55.1,39.98,34.4,30,0.375,371,0.7358490566037735,197,148,25,20,4,0,0,111,-4.252959145262417,20.878172588832488,0.21350428462028503,-0.01310771331191063,0.9746088981628418,-0.030313210119493304,31.62876284122467,0.4116204231977463,0.15980401588603854,0.027955892983300146,0.163232421875,22.08928632736206,-1.4551915228366852e-09,0.4637608528137207,1.8423746161719532e-05,-1.3161468505859375,0.20748144388198853,2425,0.5555711388587952,1605,1.6636430025100708,66,nan,0,nan,0
919,3764224,68588.7,55.4,39.52,34.41,30,0.375,56,0.7142857142857143,197,142,28,20,7,0,0,107,-4.084757146043513,20.558375634517766,0.18419793248176575,-0.012015203014016151,0.9625545144081116,-0.027470094989985226,28.99215042591095,0.41092826426029205,0.13875368433073162,0.01233634722448187,0.12158203125,23.216738128662108,-3.259629011154175e-09,0.44027554988861084,1.8116683725690872e-05,-1.3162603378295898,0.20689475536346436,2548,0.511633574962616,1540,0.9581006169319153,8,nan,0,nan,0
920,3768320,68663.6,55.0,40.06,34.42,30,0.375,256,0.71484375,200,143,30,21,6,0,0,123,-4.21840092043264,20.7,0.17597244679927826,-0.012989712879061699,0.9756160378456116,-0.025106881209649146,29.78900603055954,0.41051102578639986,0.15008278675377368,0.011170593778660986,0.134130859375,25.760445833206177,-2.1245796233415604e-09,0.48883509635925293,1.7809621289662246e-05,-1.3163611888885498,0.21098710596561432,2474,0.5203975439071655,1590,1.1065586805343628,32,nan,0,nan,0
921,3772416,68738.3,55.2,39.8,34.43,30,0.375,450,0.7177777777777777,194,140,30,20,4,0,0,112,-4.301337061640624,21.030927835051546,0.17911188304424286,-0.01340562291443348,0.9710404872894287,-0.0322701393160969,27.665539920330048,0.4099842101335526,0.1699039657600224,0.013479488439043053,0.14931640625,23.386171054840087,-3.725290298461914e-09,0.5266433358192444,1.7502558853633586e-05,-1.3165494203567505,0.21101988852024078,2484,0.5807316899299622,1596,1.7981263399124146,16,nan,0,nan,0
922,3776512,68812.5,55.6,39.24,34.44,30,0.375,138,0.7246376811594203,200,143,30,23,4,0,0,106,-4.213165372201048,20.62,0.1768181324005127,-0.012820588424801826,0.9720225930213928,-0.031273545557633044,30.299255704879762,0.4092394053936005,0.1501225837506354,0.012824229804391508,0.1396484375,22.256000137329103,-2.9976945370435715e-09,0.421896755695343,1.7195496417604926e-05,-1.316707968711853,0.21431788802146912,2428,0.5393239855766296,1654,1.5974787473678589,14,nan,0,nan,0
923,3780608,68887.5,55.0,40.1,34.39,30,0.375,340,0.75,202,155,29,13,5,0,0,131,-4.129252820657545,20.321782178217823,0.24708864092826843,-0.01258106343448162,0.9707241654396057,-0.024092181341256947,26.72109806537628,0.40870672166347505,0.14706335300579668,0.008898519362264778,0.097314453125,27.124190187454225,-2.6193447411060333e-09,0.4632195234298706,1.6888433981576266e-05,-1.3168118000030518,0.20027965307235718,2488,0.519908607006073,1591,2.052032232284546,17,nan,0,nan,0
924,3784704,68961.6,55.6,39.22,34.41,30,0.375,22,0.7727272727272727,194,140,33,19,2,0,0,106,-4.1628589266187,20.876288659793815,0.18891918659210205,-0.013399651274085045,0.973347008228302,-0.025699056312441827,30.486986422538756,0.40841850340366365,0.15463562943041326,0.014611472803517244,0.14970703125,24.71868324279785,-2.735760062932968e-09,0.46357476711273193,1.6581371545547607e-05,-1.3168641328811646,0.20997574925422668,2424,0.5291146636009216,1627,1.301045536994934,45,nan,0,nan,0
925,3788800,69036.7,54.9,40.22,34.44,30,0.375,221,0.7601809954751131,199,151,27,15,6,0,0,119,-4.073064492055166,20.77386934673367,0.21950241923332214,-0.013363096863031387,0.9697203040122986,-0.026137464260682464,28.812753653526308,0.40815483331680297,0.15724287508055568,0.013965261532575823,0.150244140625,26.30009260177612,-1.7171259969472885e-09,0.4484012722969055,1.6274309109518947e-05,-1.316941738128662,0.2083122283220291,2414,0.5538169741630554,1651,0.9535344243049622,31,nan,0,nan,0
926,3792896,69111.3,55.3,39.74,34.39,30,0.375,417,0.7338129496402878,196,138,29,23,6,0,0,104,-4.37156668464046,20.602040816326532,0.16515037417411804,-0.013429240323603153,0.978205144405365,-0.02813604618422687,30.4703250169754,0.40792161524295806,0.16008597798645496,0.011619843891821802,0.136865234375,27.022298955917357,-3.958120942115784e-09,0.4794014096260071,1.5967246673490287e-05,-1.3169808387756348,0.20768754184246063,2495,0.5616938471794128,1564,1.1893318891525269,37,nan,0,nan,0
927,3796992,69186.2,55.1,39.94,34.42,30,0.375,101,0.7029702970297029,196,132,44,16,4,0,0,107,-3.9658176316352294,21.20408163265306,0.12831780314445496,-0.014097271487116814,0.9707692265510559,-0.02605809732340276,32.74861648082733,0.4077478379011154,0.1757351835258305,0.012740556777862367,0.133837890625,27.520402193069458,-1.6589183360338211e-09,0.4819282293319702,1.5660184237461627e-05,-1.3170198202133179,0.2008655071258545,2445,0.5622007250785828,1614,2.0192673206329346,37,nan,0,nan,0
928,3801088,69261.1,55.0,40.05,34.4,30,0.375,297,0.6868686868686869,196,133,32,29,2,0,0,106,-4.189488424859434,20.698979591836736,0.13311921060085297,-0.0127496849745512,0.9661538600921631,-0.022690782486461104,36.62633669376373,0.4074972927570343,0.1698989013209939,0.009026445387280545,0.09970703125,29.60717053413391,-4.016328603029251e-09,0.48224198818206787,1.5353121801432967e-05,-1.3171274662017822,0.2054816037416458,2434,0.5587916374206543,1645,2.34844708442688,17,nan,0,nan,0
929,3805184,69335.8,55.2,39.78,34.41,30,0.375,492,0.7134146341463414,195,147,33,11,4,0,0,122,-4.346506613469926,21.005128205128205,0.21970322728157043,-0.01348462887108326,0.9728274941444397,-0.025454504392109813,28.826577687263487,0.40714252591133115,0.1710730972699821,0.011440347338793799,0.132958984375,26.899603128433228,-3.026798367500305e-09,0.5215171575546265,1.5046059365404305e-05,-1.3171615600585938,0.2186354398727417,2454,0.5297905206680298,1611,1.859485387802124,31,nan,0,nan,0
930,3809280,69409.8,55.7,39.11,34.41,30,0.375,177,0.6949152542372882,197,136,29,25,7,0,0,103,-4.016745753023675,20.766497461928935,0.1534632295370102,-0.013103914447128773,0.9728135466575623,-0.02765117515809834,32.206137645244596,0.40690783560276034,0.16126678353175522,0.011919004973606206,0.138818359375,26.01917428970337,8.731149137020111e-11,0.41118818521499634,1.4738996929375646e-05,-1.3172881603240967,0.2033444046974182,2420,0.5278064012527466,1637,1.87065589427948,39,nan,0,nan,0
931,3813376,69484.2,55.4,39.53,34.45,30,0.375,372,0.7043010752688172,195,139,33,19,4,0,0,108,-4.243557019625407,21.123076923076923,0.1746056079864502,-0.015024862252175808,0.977441668510437,-0.02497954134596512,31.191058349609374,0.4064248621463776,0.19251765720546246,0.012262941888184286,0.1330078125,23.661939239501955,-1.3096723705530167e-09,0.4935497045516968,1.4431934493346986e-05,-1.3173682689666748,0.2143678516149521,2383,0.6200692653656006,1678,2.336667060852051,35,nan,0,nan,0
932,3817472,69558.1,55.8,38.99,34.42,30,0.375,59,0.711864406779661,199,143,30,19,7,0,0,118,-4.062747949226202,20.482412060301506,0.18506252765655518,-0.0131745096296072,0.9692071080207825,-0.026458141929470002,31.619727468490602,0.4060919791460037,0.16049643997102975,0.010733238398097455,0.12822265625,25.16782202720642,-1.7171259969472885e-09,0.4457836151123047,1.4124872057318326e-05,-1.3174736499786377,0.20339855551719666,2361,0.5441616773605347,1708,1.205647587776184,27,nan,0,nan,0
933,3821568,69632.6,55.4,39.57,34.41,30,0.375,259,0.7142857142857143,200,143,39,16,2,0,0,119,-4.283919067876015,20.655,0.17771407961845398,-0.013878385536372662,0.9745893478393555,-0.028920083213597535,29.420941054821014,0.40572974383831023,0.16979712136089803,0.011069200305792037,0.12802734375,20.214767026901246,-1.8335413187742233e-09,0.5302746295928955,1.3817809621289666e-05,-1.317535400390625,0.22404205799102783,2366,0.566160261631012,1686,1.2652877569198608,44,nan,0,nan,0
934,3825664,69707.1,55.3,39.7,34.39,30,0.375,458,0.7161572052401747,199,143,34,17,5,0,0,113,-4.267153748586867,20.4321608040201,0.18347832560539246,-0.01272842288017273,0.9689504504203796,-0.02676866266410798,28.948497128486633,0.40543073415756226,0.1477486058138311,0.009198952332371845,0.1138671875,22.16901421546936,-2.3865140974521637e-09,0.4774280786514282,1.3510747185261006e-05,-1.3176429271697998,0.20025455951690674,2418,0.5341249108314514,1646,0.9847992062568665,32,nan,0,nan,0
935,3829760,69781.7,55.3,39.74,34.38,30,0.375,148,0.6891891891891891,202,139,37,21,5,0,0,110,-4.339217578286814,20.46039603960396,0.15199220180511475,-0.014550872147083282,0.9714946150779724,-0.025106003670953215,34.47032214403153,0.405028834939003,0.1844873022288084,0.01044936709367903,0.10927734375,25.296906185150146,-8.149072527885437e-10,0.45226943492889404,1.3203684749232346e-05,-1.3177142143249512,0.21382464468479156,2349,0.5860216021537781,1698,2.5370795726776123,49,nan,0,nan,0
936,3833856,69856.0,55.4,39.46,34.42,30,0.375,341,0.7008797653958945,193,137,31,18,7,0,0,107,-4.191126244752349,20.963730569948186,0.17303645610809326,-0.013600001111626625,0.9779656529426575,-0.027756072697229683,29.341622269153596,0.40473832190036774,0.16164298774674535,0.009917075981502422,0.116455078125,23.711923122406006,-1.0477378964424133e-09,0.44543105363845825,1.2896622313203686e-05,-1.3178000450134277,0.213099405169487,2454,0.5413691401481628,1614,1.1449544429779053,28,nan,0,nan,0
937,3837952,69930.8,55.2,39.87,34.39,30,0.375,29,0.7241379310344828,200,143,31,22,4,0,0,114,-4.213388020151601,20.645,0.18470244109630585,-0.013734308071434498,0.9727926254272461,-0.025616705324500798,32.069428372383115,0.40437792539596557,0.16606630282476545,0.010745356886764057,0.106689453125,19.789861631393432,-1.4842953532934189e-09,0.44903427362442017,1.2589559877175026e-05,-1.3178982734680176,0.20716474950313568,2423,0.5620991587638855,1639,1.8320708274841309,34,nan,0,nan,0
938,3842048,70005.3,55.3,39.71,34.4,30,0.375,223,0.6816143497757847,194,131,38,20,5,0,0,104,-4.379198790408309,21.211340206185568,0.1307622641324997,-0.013544270768761635,0.9759097695350647,-0.029354007996153085,31.11991528272629,0.4041129291057587,0.1589702163822949,0.010283043724484742,0.121923828125,20.645569896698,-1.5133991837501526e-09,0.5058890581130981,1.2282497441146367e-05,-1.3179123401641846,0.21039164066314697,2375,0.5531212687492371,1692,1.4449270963668823,29,nan,0,nan,0
939,3846144,70079.9,55.3,39.67,34.4,30,0.375,416,0.6995192307692307,193,139,29,24,1,0,0,111,-4.214152795608166,20.849740932642487,0.190422922372818,-0.013518021441996098,0.9748911261558533,-0.02478544256882742,31.262813758850097,0.4039950430393219,0.15990338707342744,0.007836513216898312,0.092919921875,20.664843702316283,-2.270098775625229e-09,0.46477746963500977,1.1975435005117707e-05,-1.3179888725280762,0.20256546139717102,2364,0.5519275069236755,1687,1.2848225831985474,45,nan,0,nan,0
940,3850240,70154.4,55.3,39.68,34.39,30,0.375,102,0.6568627450980392,198,135,35,19,9,0,0,107,-4.269532307435717,20.944444444444443,0.1435859352350235,-0.01380203291773796,0.9681888222694397,-0.024705025949515402,31.939767479896545,0.40356082022190093,0.16931767361238598,0.009635617364256176,0.11015625,24.947876596450804,-2.8230715543031693e-09,0.5148907899856567,1.1668372569089047e-05,-1.3181037902832031,0.20882484316825867,2421,0.5791035294532776,1641,2.4012205600738525,34,nan,0,nan,0
941,3854336,70229.5,54.9,40.13,34.44,30,0.375,304,0.7072368421052632,202,148,28,21,5,0,0,122,-4.418618765942987,20.10891089108911,0.2157665193080902,-0.014141005463898182,0.9691833853721619,-0.022635017859283835,32.670041751861575,0.40324673652648924,0.1795909377746284,0.009490691860264633,0.105712890625,24.020460510253905,-2.764863893389702e-09,0.48292315006256104,1.1361310133060387e-05,-1.3181445598602295,0.20020434260368347,2548,0.5679997801780701,1523,2.8471438884735107,25,nan,0,nan,0
942,3858432,70303.8,55.4,39.46,34.43,30,0.375,501,0.7345309381237525,197,153,23,16,5,0,0,127,-4.1323790269813845,20.95431472081218,0.24460744857788086,-0.012749649584293365,0.9689664244651794,-0.022089515160769225,26.831992387771606,0.4031615495681763,0.15547339962795376,0.00869884205312701,0.0916015625,30.67377452850342,-8.731149137020111e-10,0.5008906126022339,1.1054247697031727e-05,-1.3181488513946533,0.2064700871706009,2436,0.5190463066101074,1642,0.9546937942504883,18,nan,0,nan,0
943,3862528,70378.5,55.2,39.73,34.42,30,0.375,187,0.7593582887700535,198,147,31,15,5,0,0,117,-4.340598016700809,20.7979797979798,0.20726072788238525,-0.013093999586999416,0.9725500345230103,-0.02116330685093999,31.459542322158814,0.4031085342168808,0.17826786059886218,0.0074365111548104325,0.090185546875,25.91475839614868,-1.6007106751203537e-09,0.438922643661499,1.0747185261003065e-05,-1.3181875944137573,0.2197326272726059,2446,0.5703602433204651,1643,0.5366729497909546,7,nan,0,nan,0
944,3866624,70452.9,55.4,39.51,34.46,30,0.375,379,0.7255936675461742,192,133,34,22,3,0,0,99,-4.241680860435473,21.276041666666668,0.14871814846992493,-0.01260638702660799,0.9705430269241333,-0.021905393921770155,30.312517082691194,0.4028731346130371,0.14820603299885987,0.006321304592711385,0.071240234375,27.845649623870848,-3.841705620288849e-09,0.4933527112007141,1.0440122824974406e-05,-1.3182629346847534,0.2036297619342804,2410,0.5110980868339539,1662,1.050013780593872,24,nan,0,nan,0
945,3870720,70527.4,55.3,39.6,34.43,30,0.375,63,0.6666666666666666,196,132,31,28,5,0,0,99,-4.24938646612877,20.5765306122449,0.13400976359844208,-0.01402269583195448,0.9766666889190674,-0.020010564336553217,33.71917026042938,0.40258156359195707,0.1856695252470672,0.0066992257998208515,0.07353515625,34.47620987892151,-8.731149137020111e-10,0.5074354410171509,1.0133060388945746e-05,-1.3183209896087646,0.22184287011623383,2424,0.6041414737701416,1631,1.2655117511749268,41,nan,0,nan,0
946,3874816,70602.1,55.2,39.77,34.39,30,0.375,263,0.6920152091254753,200,140,33,18,9,0,0,112,-4.306459380716296,20.61,0.15720555186271667,-0.01404179260134697,0.9694558382034302,-0.021647912729531527,31.366913866996764,0.40231734812259673,0.1867050353437662,0.006531118738348596,0.079052734375,23.992644691467284,-1.2223608791828156e-09,0.5122543573379517,9.825997952917086e-06,-1.318407416343689,0.21012984216213226,2381,0.5623007416725159,1677,2.6883819103240967,38,nan,0,nan,0
947,3878912,70676.2,55.6,39.25,34.4,30,0.375,462,0.6883116883116883,199,136,40,20,3,0,0,103,-4.28498346849763,20.758793969849247,0.1436786651611328,-0.014864787459373474,0.9771619439125061,-0.024057015590369702,31.92488238811493,0.40197144746780394,0.19643529308959842,0.007785391341894865,0.092236328125,22.976513862609863,-1.57160684466362e-09,0.5250185132026672,9.518935516888426e-06,-1.3184716701507568,0.20284625887870789,2347,0.5858896374702454,1714,2.8643126487731934,35,nan,0,nan,0
948,3883008,70750.6,55.4,39.52,34.4,30,0.375,146,0.7191780821917808,196,143,20,23,10,0,0,115,-3.969582072567217,20.857142857142858,0.19790804386138916,-0.012616448104381561,0.9687179327011108,-0.021888674539513885,31.171652841567994,0.4017865091562271,0.154339843057096,0.00665864014881663,0.08193359375,23.00641541481018,-3.0850060284137726e-09,0.4584571123123169,9.211873080859766e-06,-1.318516731262207,0.1943562626838684,2449,0.5419908165931702,1603,1.184231162071228,44,nan,0,nan,0
949,3887104,70825.2,55.2,39.7,34.46,30,0.375,348,0.6954022988505747,202,137,38,21,6,0,0,109,-4.046264448456339,20.326732673267326,0.13951987028121948,-0.01327716838568449,0.9717513918876648,-0.02218571393750608,35.03541939258575,0.40159700214862826,0.17287110025063157,0.007016746794397477,0.0826171875,26.464085006713866,-1.8044374883174896e-09,0.4509066343307495,8.904810644831106e-06,-1.3185580968856812,0.2058614194393158,2365,0.5243521332740784,1702,2.096067428588867,29,nan,0,nan,0
950,3891200,70900.2,54.9,40.15,34.39,30,0.375,33,0.8181818181818182,197,157,23,15,2,0,0,135,-4.190981634196766,20.84263959390863,0.2617262303829193,-0.013071689754724503,0.9653757214546204,-0.012975250242743642,27.499180960655213,0.4014648735523224,0.15833577727898956,0.0030541011292370968,0.03330078125,53.58623037338257,-1.1932570487260818e-09,0.4449874758720398,8.597748208802446e-06,-1.3185887336730957,0.21092872321605682,2422,0.5086567997932434,1651,1.3228682279586792,23,nan,0,nan,0
951,3895296,70974.5,55.5,39.42,34.4,30,0.375,229,0.7161572052401747,196,137,36,14,9,0,0,113,-4.078865138993304,20.642857142857142,0.15117669105529785,-0.01350498478859663,0.9723076820373535,-0.01905985751654953,34.60137604475021,0.4013155043125153,0.16062305616214873,0.0053330835871747695,0.06298828125,29.17965636253357,-2.2992026060819626e-09,0.4522644281387329,8.290685772773786e-06,-1.3186362981796265,0.20668895542621613,2300,0.5442638397216797,1721,1.4894957542419434,75,nan,0,nan,0
952,3899392,71049.2,55.2,39.8,34.43,30,0.375,429,0.7202797202797203,200,145,27,23,5,0,0,121,-4.229350822559139,20.81,0.1983846127986908,-0.013005346059799194,0.9686858057975769,-0.020936677139252423,30.263507306575775,0.40111166536808013,0.15847412711009384,0.005963874352164567,0.06767578125,25.95780954360962,-1.979060471057892e-09,0.4762781858444214,7.983623336745126e-06,-1.318687915802002,0.19807907938957214,2466,0.5312654376029968,1589,1.1628644466400146,41,nan,0,nan,0
953,3903488,71123.8,55.3,39.7,34.43,30,0.375,110,0.7090909090909091,193,138,32,19,4,0,0,116,-4.105137041579376,20.77720207253886,0.1777779459953308,-0.012640521861612797,0.9648988246917725,-0.02017311081290245,29.8975687623024,0.4009407937526703,0.14969767881557344,0.00621688155370066,0.0708984375,20.69450249671936,-1.8044374883174896e-09,0.43352657556533813,7.676560900716467e-06,-1.3187170028686523,0.19297975301742554,2419,0.49901774525642395,1655,0.9630351662635803,22,nan,0,nan,0
954,3907584,71198.4,55.2,39.74,34.4,30,0.375,309,0.7087378640776699,199,141,36,14,8,0,0,113,-4.002887452940855,20.723618090452263,0.166806161403656,-0.012686423026025295,0.973569393157959,-0.016469726245850323,32.46910722255707,0.4008204996585846,0.16020144997164606,0.01179763354593888,0.0521484375,25.19772982597351,-1.8044374883174896e-09,0.4163758158683777,7.369498464687807e-06,-1.3187544345855713,0.21221083402633667,2442,0.5236420631408691,1632,3.0095763206481934,22,nan,0,nan,0
955,3911680,71272.9,55.4,39.54,34.43,30,0.375,503,0.6918489065606361,194,129,34,22,9,0,0,95,-4.1809236109188195,21.123711340206185,0.11861661821603775,-0.013769377022981644,0.9677088856697083,-0.017310617258772254,30.94831802845001,0.4006300389766693,0.17256156858056784,0.00521940543258097,0.0552734375,25.9456826210022,-4.0745362639427185e-09,0.5304964780807495,7.062436028659146e-06,-1.3188199996948242,0.20342038571834564,2329,0.5427606105804443,1718,1.7491695880889893,49,nan,0,nan,0
956,3915776,71347.4,55.3,39.58,34.46,30,0.375,187,0.7112299465240641,196,140,35,17,4,0,0,110,-4.2469767631455095,20.9234693877551,0.17953979969024658,-0.014524968340992928,0.9682051539421082,-0.01793165667913854,28.138869833946227,0.40036057233810424,0.17390194572508336,0.007120629222481511,0.083447265625,23.366108989715578,-1.5133991837501526e-09,0.5727376341819763,6.755373592630486e-06,-1.318877935409546,0.21272329986095428,2444,0.5603688955307007,1603,1.7290239334106445,49,nan,0,nan,0
957,3919872,71421.8,55.4,39.45,34.45,30,0.375,388,0.7190721649484536,201,146,27,22,6,0,0,117,-4.224220628565386,20.582089552238806,0.19747906923294067,-0.013506588526070118,0.9650834202766418,-0.01522358562797308,29.158552491664885,0.40018589198589327,0.1872326398268342,0.0035321539209689943,0.037158203125,29.39970006942749,-5.529727786779404e-10,0.5228875875473022,6.448311156601826e-06,-1.3188972473144531,0.20309233665466309,2457,0.5578894019126892,1580,2.34299373626709,59,nan,0,nan,0
958,3923968,71496.4,55.3,39.69,34.42,30,0.375,67,0.7761194029850746,191,150,32,6,3,0,0,127,-4.214502272213197,21.319371727748692,0.25415724515914917,-0.01319184061139822,0.9720870852470398,-0.013981232000514866,26.664232766628267,0.4001307666301727,0.16251158276572825,0.003918003482976928,0.041845703125,30.970966148376466,-2.5320332497358322e-09,0.4637390971183777,6.141248720573166e-06,-1.3189172744750977,0.2142162173986435,2451,0.5593382716178894,1621,1.911443829536438,24,nan,0,nan,0
959,3928064,71570.9,55.3,39.61,34.41,30,0.375,263,0.7224334600760456,196,138,32,19,7,0,0,116,-4.318106347498753,20.928571428571427,0.16845044493675232,-0.01393531821668148,0.9656410217285156,-0.014830380590865389,33.04806616306305,0.4000470608472824,0.18299673423171042,0.007635081093758345,0.05732421875,28.17753472328186,-2.6775524020195007e-09,0.478717565536499,5.8341862845445395e-06,-1.3189377784729004,0.21474526822566986,2407,0.5613731741905212,1644,2.077472686767578,45,nan,0,nan,0
960,3932160,71645.8,55.0,40.03,34.43,30,0.375,460,0.7434782608695653,197,152,25,13,7,0,0,125,-4.170971178199099,20.517766497461928,0.23606865108013153,-0.013022235594689846,0.9769171476364136,-0.01549666493665427,28.49277346134186,0.3999284774065018,0.1739802472293377,0.004826228883757722,0.056787109375,27.575129079818726,-3.841705620288849e-09,0.4455651044845581,5.52712384851588e-06,-1.31898033618927,0.21763251721858978,2419,0.5268791913986206,1636,2.695636749267578,41,nan,0,nan,0
961,3936256,71720.0,55.5,39.31,34.45,30,0.375,144,0.7152777777777778,196,136,36,18,6,0,0,110,-4.156969235037612,21.244897959183675,0.1601649522781372,-0.01244365144520998,0.9643589854240417,-0.017024480551481248,31.16337033510208,0.3997576326131821,0.1503075808286667,0.005424668035993818,0.066748046875,24.492509269714354,-2.9103830456733704e-10,0.4828062653541565,5.22006141248722e-06,-1.3190182447433472,0.19607847929000854,2472,0.5341821312904358,1614,1.2997801303863525,10,nan,0,nan,0
962,3940352,71794.0,55.8,38.86,34.52,30,0.375,333,0.7207207207207207,189,137,32,17,3,0,0,108,-4.184687734504938,21.523809523809526,0.18645095825195312,-0.012627620249986649,0.9738929867744446,-0.01743806302547455,29.82651991844177,0.39963060021400454,0.15043721245601774,0.004790127123123966,0.0564453125,22.942853307724,-1.8044374883174896e-09,0.4662929177284241,4.91299897645856e-06,-1.3190463781356812,0.22039908170700073,2440,0.5559847354888916,1637,1.0007967948913574,19,nan,0,nan,0
963,3944448,71868.3,55.4,39.38,34.49,30,0.375,17,0.6470588235294118,196,126,36,24,9,1,0,99,-4.156021095216432,21.0765306122449,0.0838751494884491,-0.015317235141992569,0.9712820649147034,-0.009589338139630855,40.342174768447876,0.39953862726688383,0.3015513697639108,0.0037621967334416696,0.04130859375,36.82832803726196,-2.5029294192790985e-09,0.4700445532798767,4.6059365404299e-06,-1.3190627098083496,0.20263852179050446,2197,0.6252676248550415,1831,2.7518343925476074,68,nan,0,nan,0
964,3948544,71942.1,55.9,38.73,34.55,30,0.375,206,0.6359223300970874,189,120,44,21,4,0,0,100,-4.05916080035529,21.333333333333332,0.08020059764385223,-0.014927883632481098,0.9759406447410583,-0.014040692616254092,33.237890648841855,0.3994871199131012,0.17358302026987077,0.005173346595256589,0.06455078125,28.780956315994263,-1.949956640601158e-09,0.5011945962905884,4.29887410440124e-06,-1.319068193435669,0.21124890446662903,2283,0.5736765265464783,1765,1.1356419324874878,48,nan,0,nan,0
965,3952640,72016.2,55.6,39.1,34.54,30,0.375,396,0.7146464646464646,190,152,26,11,1,0,0,125,-4.218564068626528,21.55263157894737,0.2538880407810211,-0.01324651762843132,0.9703021049499512,-0.009168681316077709,27.25462055206299,0.3994512975215912,0.1611050452105701,0.0034243880450958385,0.036328125,40.38640937805176,-3.14321368932724e-09,0.5143284797668457,3.99181166837258e-06,-1.3190878629684448,0.2081906497478485,2506,0.5481094717979431,1537,1.465903401374817,53,nan,0,nan,0
966,3956736,72089.8,56.0,38.65,34.53,30,0.375,79,0.6962025316455697,195,137,31,19,8,0,0,118,-4.200071641894883,21.215384615384615,0.16549047827720642,-0.013603631407022476,0.9743655323982239,-0.01454427334247157,30.496677267551423,0.39936505258083344,0.16432329956442118,0.003600533808639739,0.041357421875,22.84841513633728,-9.022187441587448e-10,0.4812171459197998,3.68474923234392e-06,-1.3191051483154297,0.2206665277481079,2452,0.5733914971351624,1626,1.410784363746643,18,nan,0,nan,0
967,3960832,72163.9,55.7,39.02,34.57,30,0.375,277,0.6750902527075813,198,132,38,22,6,0,0,109,-4.280494174501449,20.404040404040405,0.13525454699993134,-0.012525239959359169,0.9704976677894592,-0.01242255261167884,31.055403852462767,0.3992968201637268,0.14689380461350082,0.0033871966879814863,0.035498046875,28.195935440063476,-1.7462298274040222e-09,0.4945994019508362,3.37768679631526e-06,-1.3191273212432861,0.19431595504283905,2392,0.5177670121192932,1676,1.1869784593582153,28,nan,0,nan,0
968,3964928,72238.0,55.6,39.13,34.51,30,0.375,476,0.6848739495798319,199,139,37,19,4,0,0,114,-4.2358818995837275,20.78391959798995,0.15771330893039703,-0.015047990716993809,0.9684372544288635,-0.011043325578793884,30.49807059764862,0.3992122054100037,0.20506677692756056,0.0025214230103301817,0.024462890625,24.325084447860718,-1.6880221664905548e-09,0.5184178352355957,3.0706243602865997e-06,-1.3191419839859009,0.22998258471488953,2315,0.616915762424469,1731,1.505287528038025,50,nan,0,nan,0
969,3969024,72312.2,55.5,39.27,34.53,30,0.375,160,0.70625,196,140,30,23,3,0,0,119,-4.177443801434536,21.153061224489797,0.16876035928726196,-0.012810026295483112,0.9617948532104492,-0.009766337019391358,37.13916670083999,0.39913681149482727,0.2044252386316657,0.0017822081645135768,0.01591796875,26.00099620819092,-1.57160684466362e-09,0.4805954694747925,2.76356192425794e-06,-1.3191702365875244,0.20670628547668457,2451,0.5738444328308105,1592,2.31310772895813,53,nan,0,nan,0
970,3973120,72386.2,55.7,38.93,34.54,30,0.375,352,0.7244318181818182,192,142,32,11,7,0,0,116,-4.198173927560334,20.864583333333332,0.187531977891922,-0.01450076512992382,0.9723360538482666,-0.008534884359687567,32.435236144065854,0.39904437959194183,0.25880560437217354,0.0013081555691314862,0.01015625,25.72320728302002,-1.7462298274040222e-09,0.5452210307121277,2.45649948822928e-06,-1.3191813230514526,0.19557417929172516,2364,0.6234304308891296,1683,3.876110792160034,49,nan,0,nan,0
971,3977216,72460.3,55.6,39.12,34.53,30,0.375,37,0.6756756756756757,197,144,30,19,4,0,0,113,-4.170068712274954,21.248730964467004,0.19782182574272156,-0.013544224202632904,0.9702487587928772,-0.007676551444455981,30.822995257377624,0.39901616275310514,0.16981335086748003,0.0011487644107546658,0.009716796875,27.15813274383545,-2.3283064365386963e-09,0.4394109845161438,2.14943705220062e-06,-1.3191906213760376,0.20316888391971588,2435,0.5448963642120361,1623,1.4980108737945557,38,nan,0,nan,0
972,3981312,72533.6,56.2,38.3,34.53,30,0.375,228,0.6973684210526315,191,134,38,15,4,0,0,110,-4.147623077556744,21.319371727748692,0.1520298272371292,-0.013954339548945427,0.9751600623130798,-0.007535372814163566,31.822232055664063,0.39897277057170866,0.16769379684701563,0.0016126215559779666,0.013037109375,24.30169858932495,-3.0850060284137726e-09,0.49656176567077637,1.84237461617196e-06,-1.3192012310028076,0.20863771438598633,2332,0.5448663234710693,1705,1.4041112661361694,59,nan,0,nan,0
973,3985408,72607.6,55.7,39.0,34.52,30,0.375,423,0.6903073286052009,195,133,33,21,7,1,0,111,-4.078057700018768,21.025641025641026,0.13619941473007202,-0.014589864760637283,0.976159930229187,-0.005421926081180572,37.02164804935455,0.3989200681447983,0.2593800758011639,0.000835653391550295,0.004931640625,25.6650652885437,-2.153683453798294e-09,0.47997117042541504,1.5353121801432998e-06,-1.3192172050476074,0.20959380269050598,2394,0.597001850605011,1659,4.091545104980469,43,nan,0,nan,0
974,3989504,72682.2,55.3,39.56,34.51,30,0.375,108,0.7222222222222222,197,141,36,17,3,0,0,121,-4.206104069032895,20.64467005076142,0.1729905605316162,-0.012766996398568153,0.9699922800064087,-0.004592440673150122,32.008146297931674,0.39886508882045746,0.15112278684973718,0.0005208323840633966,0.0017578125,24.501315927505495,-3.4924596548080444e-09,0.49151211977005005,1.22824974411464e-06,-1.3192267417907715,0.19808468222618103,2365,0.5091034173965454,1671,1.2454960346221924,60,nan,0,nan,0
975,3993600,72756.5,55.5,39.28,34.53,30,0.375,304,0.7302631578947368,196,144,37,13,2,0,0,112,-4.210599128621566,20.857142857142858,0.1890859454870224,-0.012809040024876595,0.9666666388511658,-0.003822427848353982,30.333046352863313,0.39883542954921725,0.15604266691952945,0.0005785761954030022,0.001806640625,24.48998327255249,-1.1641532182693481e-09,0.47076910734176636,9.2118730808598e-07,-1.3192331790924072,0.18927113711833954,2431,0.5268012881278992,1634,1.544143795967102,31,nan,0,nan,0
976,3997696,72830.7,55.6,39.16,34.54,30,0.375,502,0.7111553784860558,198,135,39,22,2,0,0,118,-3.9965313976543686,20.924242424242426,0.14081881940364838,-0.014546200633049011,0.9715238809585571,-0.0034957149066030977,34.755731761455536,0.39881437718868257,0.1787886206060648,0.0002497664012480527,0.000341796875,23.827495050430297,-2.240994945168495e-09,0.45684152841567993,6.1412487205732e-07,-1.3192365169525146,0.2013857066631317,2273,0.549122154712677,1786,2.0296075344085693,37,nan,0,nan,0
977,4001792,72904.8,55.6,39.16,34.53,30,0.375,187,0.7112299465240641,197,143,28,20,6,0,0,115,-4.0739540132394945,20.65482233502538,0.1959780752658844,-0.01318121887743473,0.9635804295539856,-0.00188770885579288,30.71687150001526,0.39880516231060026,0.18937757266685368,6.616880127694458e-05,9.765625e-05,21.792158699035646,-1.4260876923799515e-09,0.47996050119400024,3.0706243602866e-07,-1.319237470626831,0.20260082185268402,2516,0.5518084764480591,1561,3.2601871490478516,19,nan,0,nan,0
