update,global_step,wall_s,sps,rollout_s,learn_s,level,c,window_n,window_success,episodes,n_success,n_crash_ground,n_crash_platform,n_tilt,n_drift,n_timeout,strict_success,impact_vz_mean,ep_len_mean,reward_mean,r_active_mean,pg,v,ent,est,kl,clipfrac,grad_norm,kl_first,explained_var,lr,log_std_mean
1,4096,3.0,1345.1,2.76,0.28,10,0.125,151,0.026490066225165563,151,4,139,2,0,6,0,3,-3.1544278119069395,25.483443708609272,-1.5646953582763672,0.0,-0.00526597355492413,213.7224548339844,3.672831106185913,0.0,0.016216257491032594,0.213720703125,52.637901306152344,-5.820766091346741e-11,-0.0028581619262695312,0.0003,-0.5015403032302856
2,8192,5.6,1621.3,2.38,0.15,10,0.125,319,0.025078369905956112,168,4,158,0,0,6,0,4,-3.2249658907889622,24.517857142857142,-1.5184478759765625,0.0,-0.004597989004105329,149.50855674743653,3.6671069622039796,0.0,0.013009933041757904,0.1689453125,78.19978485107421,-5.820766091346741e-11,0.05482107400894165,0.00029938650306748465,-0.5027279257774353
3,12288,8.2,1561.1,2.48,0.15,10,0.125,488,0.03278688524590164,169,8,157,0,2,2,0,4,-3.28107715717939,23.911242603550296,-1.4595441818237305,0.0,-0.006783454772084951,98.73137969970703,3.6633615851402284,0.0,0.009298241874785163,0.1318359375,92.23324699401856,-1.7462298274040222e-10,0.10651969909667969,0.0002987730061349693,-0.5034583806991577
4,16384,10.8,1564.3,2.47,0.15,10,0.125,143,0.02097902097902098,167,3,161,0,0,3,0,2,-2.9281893036458704,25.01197604790419,-1.4557102918624878,0.0,-0.00984209175221622,65.89229240417481,3.659829318523407,0.0,0.010290248962701299,0.147802734375,93.50439414978027,-1.1641532182693481e-10,0.1670399308204651,0.00029815950920245395,-0.5047894716262817
5,20480,13.5,1560.0,2.48,0.15,10,0.125,312,0.019230769230769232,169,3,157,6,2,1,0,2,-2.742971623836336,23.952662721893493,-1.4219636917114258,0.0,-0.004873857740312815,36.55766983032227,3.6525790691375732,0.0,0.006729766851640307,0.090234375,57.57664232254028,0.0,0.1737777590751648,0.00029754601226993863,-0.507236897945404
6,24576,16.2,1510.2,2.56,0.15,10,0.125,496,0.034274193548387094,184,11,165,6,2,0,0,3,-3.229969273303114,23.03804347826087,-1.3741686344146729,0.0,0.0015623395796865226,37.13356437683105,3.6437853455543516,0.0,0.020155278823222034,0.245361328125,16.700382471084595,-5.820766091346741e-11,0.14872056245803833,0.0002969325153374233,-0.5084344148635864
7,28672,18.8,1543.0,2.51,0.15,10,0.125,165,0.07272727272727272,181,12,163,5,1,0,0,5,-3.4685868524270878,22.45303867403315,-1.3334161043167114,0.0,-0.0005235261283814907,26.11149878501892,3.6393182396888735,0.0,0.019028584490297363,0.236767578125,10.500351893901826,-1.1641532182693481e-10,0.35213208198547363,0.00029631901840490793,-0.510461688041687
8,32768,21.4,1584.2,2.44,0.15,10,0.125,342,0.07017543859649122,177,12,161,3,1,0,0,10,-3.9440623180731103,23.062146892655367,-1.3231345415115356,0.0,-0.0023031783290207385,21.722611951828004,3.627636444568634,0.0,0.020839390132459813,0.2498046875,8.5098548412323,-5.820766091346741e-11,0.5122283697128296,0.0002957055214723926,-0.5138511657714844
9,36864,24.0,1582.8,2.44,0.15,10,0.125,18,0.05555555555555555,188,11,167,7,3,0,0,5,-3.2377533441824267,21.73936170212766,-1.2974740266799927,0.0,-0.0029022738337516783,18.713889169692994,3.6126124024391175,0.0,0.018228845112025736,0.24248046875,9.566458880901337,0.0,0.5516225099563599,0.00029509202453987724,-0.5182856321334839
10,40960,26.6,1578.1,2.45,0.15,10,0.125,216,0.09259259259259259,198,19,168,8,3,0,0,12,-3.8796716736682084,20.661616161616163,-1.2684991359710693,0.0,-0.004501570761203766,25.857313346862792,3.596665287017822,0.0,0.016750697276438586,0.22568359375,15.125709688663482,-5.820766091346741e-11,0.4419308304786682,0.0002944785276073619,-0.5212169289588928
11,45056,29.3,1525.4,2.54,0.15,10,0.125,411,0.08759124087591241,195,16,168,10,1,0,0,13,-3.829281170345663,21.01025641025641,-1.2567718029022217,0.0,-0.0034281657775864006,22.165431118011476,3.587670636177063,0.0,0.01366986595094204,0.188623046875,11.586562418937683,-1.1641532182693481e-10,0.4508591890335083,0.0002938650306748466,-0.5230954885482788
12,49152,31.8,1629.6,2.37,0.15,10,0.125,89,0.16853932584269662,190,24,156,7,3,0,0,16,-3.9914622659801453,21.21578947368421,-1.176871657371521,0.0,0.004063292406499386,26.725913047790527,3.578834044933319,0.0,0.02230493391980417,0.240673828125,10.780148339271545,-1.1641532182693481e-10,0.406216025352478,0.00029325153374233127,-0.5254403352737427
13,53248,34.5,1544.3,2.5,0.15,10,0.125,286,0.1853146853146853,197,38,133,19,7,0,0,16,-3.792652231202323,21.14213197969543,-1.0714327096939087,0.0,0.013359779585152864,36.00863275527954,3.5699997901916505,0.0,0.03132636099762749,0.331640625,14.569307744503021,-5.820766091346741e-11,0.31174135208129883,0.00029263803680981595,-0.5270098447799683
14,57344,37.2,1521.0,2.55,0.14,10,0.125,468,0.17094017094017094,182,27,130,19,6,0,0,15,-3.851328518977772,22.203296703296704,-1.1123178005218506,0.0,0.004449637164361775,32.44315013885498,3.564342188835144,0.0,0.018939400441013277,0.24228515625,10.071139180660248,0.0,0.28517788648605347,0.0002920245398773006,-0.5292394757270813
15,61440,39.8,1583.1,2.44,0.14,10,0.125,151,0.17880794701986755,195,37,133,14,11,0,0,21,-3.579850846929026,21.123076923076923,-1.0635968446731567,0.0,-0.0014673750847578049,37.156187915802,3.5531880021095277,0.0,0.01082713620562572,0.145654296875,15.511027073860168,0.0,0.28367745876312256,0.00029141104294478525,-0.5321638584136963
16,65536,42.3,1612.4,2.39,0.15,10,0.125,348,0.19540229885057472,197,41,125,22,9,0,0,18,-3.6147535105022137,21.03553299492386,-1.0444037914276123,0.0,-0.0019433780573308468,37.33727474212647,3.541800689697266,0.0,0.009291621771990322,0.128125,8.253254103660584,-5.820766091346741e-11,0.27252197265625,0.0002907975460122699,-0.5350979566574097
17,69632,44.9,1585.7,2.43,0.15,10,0.125,24,0.4166666666666667,188,53,107,27,1,0,0,35,-3.769359766024309,21.8031914893617,-0.9496489763259888,0.0,-0.0046470177359879015,42.707635498046876,3.531274437904358,0.0,0.011743983437190764,0.16396484375,11.77066365480423,-5.820766091346741e-11,0.2765616774559021,0.00029018404907975455,-0.5370330214500427
18,73728,47.5,1565.1,2.47,0.15,10,0.125,222,0.26576576576576577,198,49,126,14,9,0,0,34,-3.5120248545520427,20.69191919191919,-0.9985381364822388,0.0,0.0005909232888370753,41.14874382019043,3.522404646873474,0.0,0.011537925247102976,0.15712890625,9.96802294254303,0.0,0.25563400983810425,0.00028957055214723923,-0.5400213003158569
19,77824,50.2,1561.0,2.48,0.15,10,0.125,428,0.2546728971962617,206,50,118,25,13,0,0,33,-3.690583220839406,19.990291262135923,-0.9672327637672424,0.0,-0.00279629654251039,38.45111904144287,3.509022426605225,0.0,0.01302394475787878,0.183251953125,9.994828855991363,0.0,0.23814117908477783,0.0002889570552147239,-0.5433852672576904
20,81920,52.8,1582.2,2.44,0.15,10,0.125,126,0.3412698412698413,210,71,102,24,13,0,0,41,-3.9509249652466747,19.614285714285714,-0.8706479072570801,0.0,-0.0018336442764848471,47.19177474975586,3.4966073513031004,0.0,0.010427270963555202,0.14267578125,11.659731829166413,-5.820766091346741e-11,0.2256893515586853,0.0002883435582822086,-0.5463229417800903
21,86016,55.4,1549.4,2.5,0.15,10,0.125,323,0.3281733746130031,197,63,102,25,7,0,0,41,-3.669830102615268,20.411167512690355,-0.8668656349182129,0.0,-0.0014408424496650696,45.97142925262451,3.4861184477806093,0.0,0.009545683674514294,0.129736328125,10.37552627325058,-5.820766091346741e-11,0.17295163869857788,0.0002877300613496932,-0.5483652949333191
22,90112,58.1,1556.1,2.49,0.14,10,0.125,1,0.0,190,75,88,13,14,0,0,44,-3.9132401151936667,21.48421052631579,-0.797208309173584,0.0,-0.00212036045268178,52.771376609802246,3.477927827835083,0.0,0.011570504936389624,0.159814453125,8.59385746717453,0.0,0.19637107849121094,0.0002871165644171779,-0.5505008697509766
23,94208,60.8,1508.2,2.57,0.15,10,0.125,199,0.36180904522613067,198,72,87,27,12,0,0,45,-3.766902898382891,20.752525252525253,-0.8155415654182434,0.0,-0.004954963782802224,49.24976825714111,3.4696340918540955,0.0,0.009264029611949809,0.120068359375,6.557362365722656,0.0,0.1524602174758911,0.0002865030674846625,-0.5531191825866699
24,98304,63.4,1564.0,2.47,0.15,10,0.125,393,0.37404580152671757,194,75,94,16,9,0,0,52,-3.9180972786984847,21.087628865979383,-0.7888898849487305,0.0,0.002524577360600233,48.09453067779541,3.4584705591201783,0.0,0.014033821117482147,0.183544921875,6.451124262809754,-5.820766091346741e-11,0.17197191715240479,0.0002858895705521472,-0.5552689433097839
25,102400,66.0,1587.1,2.43,0.15,10,0.125,82,0.34146341463414637,201,75,86,21,19,0,0,54,-3.7216219946334315,20.45273631840796,-0.8287920355796814,0.0,0.0071172355208545925,48.36908302307129,3.451188802719116,0.0,0.016511531150899827,0.221728515625,6.95419779419899,0.0,0.18914532661437988,0.00028527607361963187,-0.5573728084564209
26,106496,68.7,1483.4,2.61,0.15,10,0.125,284,0.3767605633802817,202,79,84,19,20,0,0,49,-3.721710525265493,20.39108910891089,-0.8099524974822998,0.0,0.00038211653009057045,50.917653274536136,3.440080225467682,0.0,0.011582208934123627,0.15732421875,8.016027057170868,-5.820766091346741e-11,0.1844921112060547,0.00028466257668711655,-0.5608063340187073
27,110592,71.4,1541.8,2.51,0.15,10,0.125,484,0.390495867768595,200,82,75,25,18,0,0,57,-4.005959065777532,20.53,-0.7974629998207092,0.0,-0.0008593278005719184,51.18536262512207,3.4285248637199404,0.0,0.010021932271774859,0.13916015625,7.753525519371033,0.0,0.19607752561569214,0.00028404907975460123,-0.5628442764282227
28,114688,74.0,1576.0,2.45,0.15,10,0.125,186,0.46236559139784944,214,96,71,29,18,0,0,71,-3.830315345676907,19.121495327102803,-0.7087992429733276,0.0,-0.00039713939186185597,50.28376655578613,3.421177589893341,0.0,0.010244919953402131,0.14482421875,11.340102195739746,0.0,0.22103983163833618,0.00028343558282208585,-0.5646663904190063
29,118784,76.8,1450.8,2.67,0.15,10,0.125,386,0.4533678756476684,200,89,73,22,16,0,0,52,-4.19956909523482,20.37,-0.7122573256492615,0.0,-0.0015578843653202058,50.17281932830811,3.4128509640693663,0.0,0.010346451954683289,0.14423828125,8.910902094841003,-5.820766091346741e-11,0.17772436141967773,0.00028282208588957053,-0.5668418407440186
30,122880,79.4,1585.0,2.44,0.15,10,0.125,86,0.5232558139534884,212,99,61,28,24,0,0,68,-3.7590939304026567,19.382075471698112,-0.6998785734176636,0.0,-0.003328520292416215,49.063901329040526,3.403242802619934,0.0,0.008559001729008742,0.117431640625,7.648290729522705,0.0,0.21547645330429077,0.00028220858895705516,-0.5698895454406738
31,126976,82.0,1616.9,2.39,0.14,10,0.125,302,0.5033112582781457,216,107,64,25,20,0,0,70,-3.9443122256005636,19.12962962962963,-0.656546413898468,0.0,-0.002865974698215723,53.0729154586792,3.3905351638793944,0.0,0.007575433989404701,0.1001953125,7.321322131156921,-5.820766091346741e-11,0.16795414686203003,0.00028159509202453983,-0.5726911425590515
32,131072,84.6,1549.8,2.49,0.15,10,0.125,4,0.5,214,105,64,25,20,0,0,72,-3.946455088664661,18.897196261682243,-0.6533544659614563,0.0,0.0009761049877852201,51.43702430725098,3.3802823781967164,0.0,0.011738537409109994,0.15771484375,6.5168064594268795,-1.7462298274040222e-10,0.1656753420829773,0.0002809815950920245,-0.5752831697463989
33,135168,87.3,1520.9,2.54,0.15,10,0.125,217,0.48847926267281105,213,104,70,24,15,0,0,73,-3.9376511777030174,19.112676056338028,-0.6264108419418335,0.0,0.002302876440808177,50.71264591217041,3.369225251674652,0.0,0.010677953064441682,0.14970703125,7.034340262413025,0.0,0.16091108322143555,0.0002803680981595092,-0.5784474611282349
34,139264,90.0,1515.8,2.55,0.15,10,0.125,440,0.4909090909090909,223,110,67,25,21,0,0,71,-4.0380862889740525,18.609865470852018,-0.6258789300918579,0.0,-0.0016526013612747192,49.88382892608642,3.3539608836174013,0.0,0.008587498238193802,0.1166015625,5.411278069019318,-1.1641532182693481e-10,0.17774438858032227,0.0002797546012269938,-0.5826683044433594
35,143360,92.7,1544.0,2.5,0.15,10,0.125,141,0.5460992907801419,213,116,61,17,19,0,0,81,-4.242291476244739,19.154929577464788,-0.5510954856872559,0.0,-0.0032919283956289293,53.27059078216553,3.3380332946777345,0.0,0.008560238403151742,0.115869140625,6.666617810726166,-5.820766091346741e-11,0.14859116077423096,0.0002791411042944785,-0.5860148668289185
36,147456,95.4,1499.2,2.59,0.14,10,0.125,360,0.5361111111111111,219,116,53,30,20,0,0,80,-4.407788827140055,18.60730593607306,-0.5601592063903809,0.0,-0.002010400500148535,51.30275554656983,3.3256730437278748,0.0,0.007761395716806873,0.10234375,6.823509645462036,-1.1641532182693481e-10,0.14833378791809082,0.00027852760736196317,-0.5892371535301208
37,151552,98.2,1496.0,2.59,0.15,10,0.125,71,0.5774647887323944,223,129,50,28,16,0,0,89,-4.544263389560347,18.457399103139014,-0.48636290431022644,0.0,-0.00312695357715711,50.3091121673584,3.3133739113807676,0.0,0.008221102549578063,0.11162109375,8.516139721870422,-5.820766091346741e-11,0.1794324517250061,0.00027791411042944785,-0.5918875932693481
38,155648,100.8,1569.0,2.46,0.15,10,0.125,299,0.5518394648829431,228,124,66,23,15,0,0,85,-4.189681393214156,18.092105263157894,-0.5296808481216431,0.0,-0.0010852237697690724,51.0266134262085,3.30153089761734,0.0,0.010087903510429897,0.1384765625,7.197475111484527,-1.7462298274040222e-10,0.15362590551376343,0.0002773006134969325,-0.595553994178772
39,159744,103.4,1584.9,2.44,0.15,10,0.125,511,0.5518590998043053,212,117,46,31,18,0,0,71,-4.296621331540021,19.09433962264151,-0.5211018919944763,0.0,0.003760340716689825,47.51084728240967,3.287350261211395,0.0,0.014998299558646977,0.19296875,6.291052931547165,0.0,0.16753321886062622,0.00027668711656441715,-0.5984283685684204
40,163840,106.1,1521.3,2.54,0.15,10,0.125,218,0.6192660550458715,219,135,50,22,12,0,0,92,-4.473647443647243,18.89041095890411,-0.42350515723228455,0.0,0.013310912158340215,48.7636381149292,3.2795431137084963,0.0,0.019678669254062697,0.220947265625,8.15708681344986,-1.1641532182693481e-10,0.17583096027374268,0.00027607361963190183,-0.5997481346130371
41,167936,108.7,1566.0,2.47,0.15,10,0.125,434,0.576036866359447,216,115,69,20,12,0,0,79,-4.254936711991793,18.810185185185187,-0.5330515503883362,0.0,-0.0021400385769084094,53.504567527770995,3.2732080936431887,0.0,0.0064869917259784415,0.0830078125,8.129056322574616,0.0,0.08257752656936646,0.00027546012269938645,-0.6017520427703857
42,172032,111.4,1522.5,2.54,0.15,10,0.125,137,0.5255474452554745,215,111,65,27,12,0,0,90,-4.4484419046687025,19.051162790697674,-0.555433988571167,0.0,-0.00512973228469491,50.10337619781494,3.262210690975189,0.0,0.006559067327179946,0.083837890625,5.665648806095123,-1.1641532182693481e-10,0.16475754976272583,0.00027484662576687113,-0.6055245399475098
43,176128,114.0,1577.6,2.45,0.15,10,0.125,359,0.596100278551532,222,142,52,15,13,0,0,91,-4.3761488409660485,18.463963963963963,-0.39196664094924927,0.0,-0.0011376002337783575,48.292623138427736,3.2486029863357544,0.0,0.0071101912326412275,0.0916015625,9.05726249217987,-5.820766091346741e-11,0.1657484769821167,0.0002742331288343558,-0.6078168153762817
44,180224,116.6,1572.6,2.46,0.15,10,0.125,72,0.5694444444444444,225,135,50,24,16,0,0,89,-4.444914776786053,18.22222222222222,-0.43821027874946594,0.0,-0.004113713739207015,47.08950920104981,3.2383613705635073,0.0,0.007992623475729488,0.105810546875,6.207547748088837,-1.7462298274040222e-10,0.1918405294418335,0.0002736196319018405,-0.6114080548286438
45,184320,119.2,1586.9,2.43,0.15,10,0.125,291,0.570446735395189,219,125,58,20,16,0,0,88,-4.355917724805281,18.67579908675799,-0.4689500331878662,0.0,-0.004643154889345169,49.78000831604004,3.223827028274536,0.0,0.006431843494647182,0.082568359375,5.405393528938293,-5.820766091346741e-11,0.1399754285812378,0.00027300613496932517,-0.6143362522125244
46,188416,121.7,1606.5,2.4,0.15,10,0.125,3,0.6666666666666666,224,140,52,19,13,0,0,97,-4.555291084912808,18.459821428571427,-0.4045411944389343,0.0,-0.0009381551295518875,46.959006690979,3.21264488697052,0.0,0.009491467077168636,0.124755859375,6.220724391937256,0.0,0.18800336122512817,0.0002723926380368098,-0.6176522374153137
47,192512,124.4,1515.9,2.55,0.15,10,0.125,230,0.6608695652173913,227,150,34,31,12,0,0,95,-4.395360388575596,17.797356828193834,-0.34638869762420654,0.0,-0.0017310930415987968,43.47818946838379,3.1999415278434755,0.0,0.00784007900801953,0.101513671875,6.810072147846222,-5.820766091346741e-11,0.16091763973236084,0.00027177914110429447,-0.620090126991272
48,196608,127.1,1561.1,2.48,0.14,10,0.125,461,0.6832971800433839,231,163,31,27,10,0,0,117,-4.491417871032237,17.98701298701299,-0.2866847515106201,0.0,-0.006019858922809362,44.77715015411377,3.1908510327339172,0.0,0.007561415919917635,0.103564453125,5.846241629123687,-2.3283064365386963e-10,0.12877362966537476,0.0002711656441717791,-0.6227521896362305
49,200704,129.8,1529.2,2.53,0.15,10,0.125,174,0.6839080459770115,225,152,34,23,16,0,0,106,-4.409075576015013,18.035555555555554,-0.340104877948761,0.0,-0.004811461130157113,42.697431564331055,3.1779917001724245,0.0,0.008070968781248666,0.108056640625,5.406776070594788,-5.820766091346741e-11,0.20530563592910767,0.00027055214723926377,-0.6264396905899048
50,204800,132.5,1495.0,2.6,0.14,10,0.125,404,0.6831683168316832,230,157,35,26,12,0,0,110,-4.443262317292095,17.82608695652174,-0.2990415096282959,0.0,-0.0031921510584652425,42.03898181915283,3.1642171502113343,0.0,0.009389641988673248,0.127880859375,5.497541403770446,-1.7462298274040222e-10,0.19270282983779907,0.00026993865030674845,-0.6292034387588501
51,208896,135.1,1561.5,2.48,0.14,10,0.125,121,0.6611570247933884,229,146,31,37,15,0,0,121,-4.489907721394974,17.860262008733624,-0.348976194858551,0.0,-0.004056688491255045,45.00607070922852,3.1538275718688964,0.0,0.005321382341207936,0.063037109375,5.363175904750824,-1.1641532182693481e-10,0.1541723608970642,0.00026932515337423313,-0.6322023868560791
52,212992,137.9,1507.6,2.57,0.15,10,0.125,355,0.676056338028169,234,160,31,34,9,0,0,110,-4.514013686274183,17.487179487179485,-0.2670988142490387,0.0,-0.0014582854695618153,45.536902046203615,3.139370930194855,0.0,0.006790415829163976,0.0849609375,6.474387919902801,-5.820766091346741e-11,0.14141732454299927,0.0002687116564417178,-0.6365833282470703
53,217088,140.4,1598.2,2.41,0.15,10,0.125,73,0.684931506849315,230,146,31,42,11,0,0,108,-4.46647027416983,17.921739130434784,-0.3401021957397461,0.0,-0.0016990634612739086,43.658840560913085,3.1218165278434755,0.0,0.010969052277505397,0.152294921875,5.732217741012573,-1.1641532182693481e-10,0.13953781127929688,0.00026809815950920243,-0.6399763822555542
54,221184,143.0,1571.4,2.46,0.15,10,0.125,296,0.6756756756756757,223,150,29,34,10,0,0,103,-4.553147502699339,18.23766816143498,-0.2899412512779236,0.0,0.00018568071536719798,41.77049446105957,3.1100581526756286,0.0,0.00968743406701833,0.13701171875,5.617845618724823,0.0,0.1787983775138855,0.0002674846625766871,-0.6431551575660706
55,225280,145.7,1529.8,2.53,0.15,10,0.125,18,0.7222222222222222,234,165,25,29,15,0,0,118,-4.479450513257417,17.645299145299145,-0.2487022876739502,0.0,-0.003724010195583105,40.85785427093506,3.096265411376953,0.0,0.007140983865247108,0.094482421875,5.955125892162323,-1.7462298274040222e-10,0.18792325258255005,0.00026687116564417173,-0.6467949748039246
56,229376,148.3,1621.3,2.38,0.15,10,0.125,247,0.6882591093117408,229,157,32,29,11,0,0,123,-4.652720678650977,17.91703056768559,-0.2649981379508972,0.0,-0.003592699021100998,42.5956148147583,3.080925798416138,0.0,0.010093193972716108,0.13818359375,4.355205726623535,0.0,0.14146029949188232,0.0002662576687116564,-0.6505311727523804
57,233472,150.8,1590.8,2.43,0.15,10,0.125,473,0.7082452431289641,226,165,28,25,8,0,0,122,-4.506660614017581,18.061946902654867,-0.21037892997264862,0.0,-0.0010099654085934163,40.07589054107666,3.0680551767349242,0.0,0.014809924241853878,0.202685546875,5.18339512348175,-1.1641532182693481e-10,0.1815274953842163,0.0002656441717791411,-0.653343677520752
58,237568,153.5,1526.5,2.53,0.15,10,0.125,189,0.7195767195767195,228,171,19,28,10,0,0,124,-4.544862563182936,17.93859649122807,-0.2001059502363205,0.0,-0.0020854254020377994,36.59397916793823,3.0562283396720886,0.0,0.007129054589313455,0.094091796875,4.569622641801834,-4.0745362639427185e-10,0.2112376093864441,0.00026503067484662577,-0.6569856405258179
59,241664,156.2,1543.2,2.51,0.14,10,0.125,410,0.7268292682926829,221,162,30,24,5,0,0,122,-4.512726344204103,18.3710407239819,-0.20110726356506348,0.0,-0.00471996208652854,39.33429431915283,3.039908158779144,0.0,0.009403587129781954,0.130712890625,5.401817417144775,-5.820766091346741e-11,0.15676385164260864,0.0002644171779141104,-0.6611063480377197
60,245760,158.7,1599.7,2.41,0.15,10,0.125,124,0.75,226,167,25,21,13,0,0,119,-4.4840493365794645,18.053097345132745,-0.18777866661548615,0.0,-0.004516929620876908,37.44878511428833,3.0251736998558045,0.0,0.009649510428425856,0.130810546875,4.9652956366539005,-1.7462298274040222e-10,0.16372382640838623,0.00026380368098159507,-0.6642361879348755
61,249856,161.5,1493.6,2.59,0.15,10,0.125,358,0.7737430167597765,234,184,25,18,7,0,0,138,-4.5728348500356875,17.5982905982906,-0.11775475740432739,0.0,-0.0033501685131341217,34.793916606903075,3.0128193736076354,0.0,0.009152261255076155,0.126123046875,5.72732400894165,-1.1641532182693481e-10,0.1766355037689209,0.00026319018404907975,-0.6676275730133057
62,253952,164.2,1544.6,2.5,0.15,10,0.125,75,0.7466666666666667,229,171,27,18,13,0,0,131,-4.34413253592297,17.951965065502183,-0.18147101998329163,0.0,-0.004489205311983824,36.07663116455078,2.9984490990638735,0.0,0.009934147010790184,0.13740234375,5.0896202564239506,-5.820766091346741e-11,0.166678786277771,0.00026257668711656437,-0.6710435152053833
63,258048,166.8,1552.8,2.49,0.15,10,0.125,301,0.7906976744186046,226,182,18,19,7,0,0,153,-4.469459838897577,18.0929203539823,-0.09655823558568954,0.0,-0.005974766705185175,31.457680416107177,2.9831353306770323,0.0,0.010514116039848887,0.149658203125,4.094934892654419,-2.9103830456733704e-10,0.19979548454284668,0.00026196319018404905,-0.6756104230880737
64,262144,169.4,1564.6,2.47,0.14,10,0.125,18,0.8333333333333334,229,176,25,21,7,0,0,141,-4.467322045561474,18.11353711790393,-0.1331261396408081,0.0,0.001594433793798089,37.6782112121582,2.965775430202484,0.0,0.01382629771833308,0.180517578125,4.555114859342575,-3.4924596548080444e-10,0.1356104016304016,0.00026134969325153373,-0.6791329383850098
65,266240,172.2,1489.0,2.6,0.15,10,0.125,241,0.7966804979253111,223,177,11,21,14,0,0,151,-4.237339724212931,18.130044843049326,-0.1137971580028534,0.0,-0.0018320225179195404,30.624243450164794,2.9537885665893553,0.0,0.00858639641373884,0.116552734375,5.182965433597564,-5.820766091346741e-11,0.22538000345230103,0.0002607361963190184,-0.6821175813674927
66,270336,174.8,1551.4,2.49,0.15,10,0.125,468,0.8098290598290598,227,187,15,15,10,0,0,150,-4.299711315899299,18.281938325991188,-0.06498787552118301,0.0,-0.0038936179131269454,26.544517993927002,2.9400291085243224,0.0,0.010423048591474072,0.138427734375,4.2868747293949125,-3.4924596548080444e-10,0.2629767656326294,0.00026012269938650303,-0.6863645315170288
67,274432,177.5,1560.7,2.48,0.14,20,0.25,0,,228,169,13,33,13,0,0,141,-4.347465835099568,17.74561403508772,-0.1663905829191208,0.0,-0.00016909567639231682,37.463214588165286,2.9231439352035524,0.0,0.010439458800829016,0.137646484375,7.143018853664398,-2.9103830456733704e-10,0.11140108108520508,0.0002595092024539877,-0.6897789239883423
68,278528,180.1,1559.6,2.49,0.14,20,0.25,207,0.7439613526570048,223,168,18,27,10,0,0,131,-4.335771630879009,18.46188340807175,-0.1789420247077942,0.0,-0.0014964814763516188,34.092541790008546,2.91144939661026,0.0,0.010100393707398325,0.14072265625,5.186923933029175,-2.3283064365386963e-10,0.2010365128517151,0.0002588957055214724,-0.6922560334205627
69,282624,182.8,1512.4,2.56,0.15,20,0.25,427,0.7728337236533958,220,176,18,20,6,0,0,135,-4.25078878172369,18.472727272727273,-0.11752945929765701,0.0,-0.003865549061447382,33.286847305297854,2.9037394881248475,0.0,0.010750278775230982,0.1509765625,4.572839033603668,-1.1641532182693481e-10,0.18716901540756226,0.000258282208588957,-0.6940394639968872
70,286720,185.4,1605.2,2.4,0.15,20,0.25,138,0.7898550724637681,223,176,21,18,8,0,0,137,-4.397362650776658,18.394618834080717,-0.11112511157989502,0.0,-0.003267594473436475,31.56600170135498,2.894955611228943,0.0,0.00750945236068219,0.102294921875,5.14034743309021,0.0,0.2103252410888672,0.0002576687116564417,-0.6966493129730225
71,290816,188.0,1542.8,2.51,0.15,20,0.25,355,0.780281690140845,217,168,19,26,4,0,0,128,-4.207837874985708,18.783410138248847,-0.14326000213623047,0.0,-0.005062089767307043,34.716485786437985,2.8842220664024354,0.0,0.00853723204927519,0.115478515625,5.616469824314118,-6.984919309616089e-10,0.17580020427703857,0.00025705521472392637,-0.6991539001464844
72,294912,190.6,1571.2,2.46,0.15,20,0.25,74,0.8108108108108109,231,175,20,23,13,0,0,137,-4.246813629902287,17.883116883116884,-0.14598853886127472,0.0,-0.005351220350712537,35.36172370910644,2.873741960525513,0.0,0.008499432055396028,0.116796875,4.330044150352478,-1.7462298274040222e-10,0.20174270868301392,0.00025644171779141105,-0.7020531892776489
73,299008,193.3,1537.0,2.52,0.15,20,0.25,290,0.7896551724137931,216,169,17,20,10,0,0,137,-4.181897226814694,18.88425925925926,-0.13499294221401215,0.0,-0.003138186316937208,29.971061801910402,2.8616464495658875,0.0,0.01056254486029502,0.145654296875,4.087385201454163,-2.3283064365386963e-10,0.21844345331192017,0.00025582822085889567,-0.7052583694458008
74,303104,196.0,1505.7,2.57,0.15,20,0.25,509,0.7858546168958742,219,171,16,26,6,0,0,131,-4.3954265788246305,18.680365296803654,-0.1394798755645752,0.0,-0.000755872530862689,30.841958713531493,2.848430109024048,0.0,0.010741061615408398,0.148828125,3.952677607536316,-1.7462298274040222e-10,0.22843003273010254,0.00025521472392638035,-0.7085126638412476
75,307200,198.7,1545.7,2.5,0.15,20,0.25,218,0.7981651376146789,221,177,13,22,9,0,0,140,-4.42476852229639,18.398190045248867,-0.08185482770204544,0.0,-0.005221728328615427,30.519244766235353,2.834193158149719,0.0,0.007443788147065788,0.09873046875,4.936380386352539,-3.4924596548080444e-10,0.221981942653656,0.000254601226993865,-0.7126809358596802
76,311296,201.5,1459.8,2.66,0.15,20,0.25,437,0.8009153318077803,219,176,17,22,4,0,0,145,-4.314581856751939,18.990867579908677,-0.09870097041130066,0.0,-0.003565468732267618,32.28243846893311,2.8179587006568907,0.0,0.007331598093151115,0.096728515625,4.921352159976959,-1.7462298274040222e-10,0.17061102390289307,0.00025398773006134965,-0.7161518335342407
77,315392,204.1,1551.2,2.49,0.15,20,0.25,147,0.7687074829931972,222,172,19,19,12,0,0,135,-4.588544755536399,18.364864864864863,-0.10555675625801086,0.0,-0.006255215592682361,32.588082790374756,2.803243100643158,0.0,0.010754044482018799,0.1443359375,3.785294461250305,-6.984919309616089e-10,0.20488286018371582,0.00025337423312883433,-0.7202133536338806
78,319488,206.8,1568.3,2.47,0.14,20,0.25,368,0.7907608695652174,221,178,9,29,5,0,0,137,-4.54866668571402,18.533936651583712,-0.061277396976947784,0.0,-0.002917096484452486,30.285920810699462,2.789326846599579,0.0,0.00984960894274991,0.133935546875,4.022178792953492,-2.3283064365386963e-10,0.1840704083442688,0.000252760736196319,-0.7230829000473022
79,323584,209.5,1516.8,2.55,0.15,20,0.25,80,0.8875,224,187,18,13,6,0,0,158,-4.438185017248041,18.473214285714285,-0.012619582936167717,0.0,-0.004883597115986049,26.447793865203856,2.7783562779426574,0.0,0.007691748757497408,0.10244140625,4.3487686038017275,-1.7462298274040222e-10,0.22059255838394165,0.0002521472392638037,-0.7256190776824951
80,327680,212.1,1570.2,2.46,0.15,20,0.25,299,0.8461538461538461,219,182,16,19,2,0,0,153,-4.625590074054409,18.493150684931507,-0.02705121785402298,0.0,-0.0019125308375805617,28.69139108657837,2.769009840488434,0.0,0.014765242583234795,0.1953125,5.315557742118836,-2.9103830456733704e-10,0.18411260843276978,0.0002515337423312883,-0.7278139591217041
81,331776,214.8,1525.1,2.54,0.15,30,0.375,0,,222,181,13,20,8,0,0,153,-4.474100920965559,18.414414414414413,-0.0440693274140358,0.0,-0.0032645899802446364,28.520056438446044,2.75854777097702,0.0,0.011316772308782674,0.15625,5.1109772562980655,1.7462298274040222e-10,0.192457914352417,0.000250920245398773,-0.7313318848609924
82,335872,217.4,1550.9,2.5,0.14,30,0.375,198,0.797979797979798,214,174,13,20,7,0,0,141,-4.376783362443725,19.2803738317757,-0.12373380362987518,0.0,-0.005136920884251594,30.376744651794432,2.743448626995087,0.0,0.013075729351839982,0.1763671875,4.136879849433899,-5.238689482212067e-10,0.19769352674484253,0.00025030674846625767,-0.7346419095993042
83,339968,220.1,1514.2,2.56,0.15,30,0.375,416,0.7860576923076923,218,169,15,29,5,0,0,135,-4.400013461730808,18.84862385321101,-0.10857678949832916,0.0,-0.003618794120848179,33.00967969894409,2.7325159192085264,0.0,0.013588011151296087,0.179638671875,4.531673836708069,-4.0745362639427185e-10,0.15523779392242432,0.0002496932515337423,-0.7368605732917786
84,344064,222.8,1554.2,2.49,0.15,40,0.5,0,,209,175,14,16,4,0,0,149,-4.438997467561118,19.583732057416267,-0.07081370800733566,0.0,-0.002350473776459694,26.79412784576416,2.725079667568207,0.0,0.007600639056181535,0.095947265625,5.350447082519532,-5.238689482212067e-10,0.25279754400253296,0.00024907975460122697,-0.7385129928588867
85,348160,225.4,1576.4,2.45,0.15,40,0.5,187,0.7379679144385026,203,153,17,27,6,0,0,119,-4.4975797759217695,20.08374384236453,-0.19238954782485962,0.0,-0.00456137340515852,38.12117786407471,2.7185216188430785,0.0,0.00924075614020694,0.12685546875,7.256261789798737,-1.7462298274040222e-10,0.2054796814918518,0.00024846625766871165,-0.7404043674468994
86,352256,228.1,1497.8,2.59,0.15,40,0.5,395,0.7544303797468355,208,160,17,23,8,0,0,139,-4.402773888330692,19.64423076923077,-0.15873503684997559,0.0,-0.00667306212708354,34.682830238342284,2.711152982711792,0.0,0.00802198336168658,0.10654296875,5.6551849246025085,-5.820766091346741e-10,0.18532371520996094,0.0002478527607361963,-0.7417758107185364
87,356352,230.7,1570.4,2.46,0.15,40,0.5,89,0.8202247191011236,206,166,17,17,6,0,0,151,-4.4010713854353165,19.75242718446602,-0.13393260538578033,0.0,-0.004407878173515201,31.71002197265625,2.706122934818268,0.0,0.007970495559857228,0.107275390625,5.830455839633942,5.820766091346741e-11,0.23706722259521484,0.00024723926380368095,-0.7432399392127991
88,360448,233.4,1508.1,2.57,0.15,40,0.5,294,0.7993197278911565,205,162,16,16,11,0,0,134,-4.48389427915815,19.878048780487806,-0.14805087447166443,0.0,-0.007389864209108055,31.587175941467287,2.699024128913879,0.0,0.00832554896187503,0.11240234375,5.292847681045532,-1.1641532182693481e-10,0.26250433921813965,0.00024662576687116563,-0.7452294826507568
89,364544,236.0,1580.1,2.44,0.15,40,0.5,497,0.7887323943661971,203,157,15,22,9,0,0,137,-4.506287770179496,20.413793103448278,-0.1713629961013794,0.0,-0.0020446258597075937,35.69560527801514,2.6910301804542542,0.0,0.012558243380044586,0.1521484375,5.884249544143676,-4.0745362639427185e-10,0.22296369075775146,0.00024601226993865025,-0.7473108768463135
90,368640,238.5,1646.0,2.34,0.15,40,0.5,190,0.7894736842105263,205,163,12,24,6,0,0,137,-4.541147994065957,19.926829268292682,-0.13377991318702698,0.0,-0.006587774958461523,31.441708850860596,2.6832018375396727,0.0,0.01003310197556857,0.145068359375,4.635006368160248,-2.3283064365386963e-10,0.24803906679153442,0.00024539877300613493,-0.7489660978317261
91,372736,241.2,1561.1,2.48,0.15,40,0.5,402,0.7860696517412935,212,166,18,19,9,0,0,130,-4.393851483415188,19.504716981132077,-0.10116443783044815,0.0,-0.003746320214122534,31.34322061538696,2.67578809261322,0.0,0.00956102852942422,0.131201171875,5.764692068099976,-9.313225746154785e-10,0.20643585920333862,0.0002447852760736196,-0.7512848973274231
92,376832,243.8,1568.7,2.46,0.15,40,0.5,95,0.8,205,160,12,28,5,0,0,133,-4.380675576677676,19.702439024390245,-0.12246470153331757,0.0,-0.002248313184827566,31.341131019592286,2.665432393550873,0.0,0.008752293657744303,0.11796875,5.682431155443192,-2.9103830456733704e-10,0.1929357647895813,0.0002441717791411043,-0.7540645003318787
93,380928,246.5,1515.1,2.56,0.15,40,0.5,306,0.8137254901960784,211,173,15,18,5,0,0,148,-4.397125941136016,19.696682464454977,-0.07179127633571625,0.0,-0.00436854138970375,29.134210968017577,2.6555091738700867,0.0,0.01059442296391353,0.14521484375,6.150741136074066,-3.4924596548080444e-10,0.23191702365875244,0.00024355828220858894,-0.7560983896255493
94,385024,249.2,1510.2,2.56,0.15,40,0.5,511,0.8199608610567515,205,170,13,18,4,0,0,136,-4.429217266252077,19.87317073170732,-0.0851558968424797,0.0,-0.0037959699053317308,28.774075412750243,2.6476675152778624,0.0,0.012068090378306806,0.1580078125,5.572093069553375,-4.656612873077393e-10,0.22966831922531128,0.0002429447852760736,-0.7581566572189331
95,389120,251.9,1544.9,2.5,0.15,50,0.625,0,,201,159,15,23,4,0,0,124,-4.333358199552587,20.308457711442784,-0.12152887880802155,0.0,-0.0004169239662587643,31.188579559326172,2.6391148567199707,0.0,0.014439161532209255,0.195458984375,6.0323198437690735,-6.402842700481415e-10,0.20622098445892334,0.00024233128834355827,-0.760197103023529
96,393216,254.5,1562.2,2.47,0.15,50,0.625,178,0.8033707865168539,194,156,13,25,0,0,0,126,-4.009082684504053,21.010309278350515,-0.15831905603408813,0.0,-0.0023673551622778177,32.47506237030029,2.6305747270584106,0.0,0.009612678119447082,0.13525390625,6.244348800182342,-8.149072527885437e-10,0.19666403532028198,0.00024171779141104292,-0.7626098990440369
97,397312,257.1,1562.1,2.47,0.15,50,0.625,386,0.7979274611398963,208,165,13,18,12,0,0,143,-4.373376190109445,19.942307692307693,-0.11741691827774048,0.0,-0.0039371943566948175,29.46650085449219,2.620878040790558,0.0,0.011313094748766161,0.15185546875,6.126993381977082,-1.7462298274040222e-10,0.25411921739578247,0.0002411042944785276,-0.7648784518241882
98,401408,259.7,1584.3,2.44,0.15,60,0.75,0,,200,156,22,15,7,0,0,130,-4.165779815456267,20.285,-0.14697694778442383,0.0,-0.006584694236516952,31.51138219833374,2.6134926676750183,0.0,0.00927230202651117,0.125048828125,5.775422739982605,-7.566995918750763e-10,0.2608693242073059,0.00024049079754601225,-0.7662479877471924
99,405504,262.3,1560.4,2.48,0.15,60,0.75,173,0.7398843930635838,189,140,32,15,2,0,0,115,-4.189466170452347,21.66137566137566,-0.22502273321151733,0.0,-0.008062954386696219,36.987487602233884,2.609248232841492,0.0,0.008316524969995954,0.106982421875,6.471398711204529,-4.656612873077393e-10,0.22019916772842407,0.00023987730061349693,-0.7669897675514221
100,409600,264.9,1595.9,2.42,0.15,60,0.75,369,0.7669376693766937,196,155,11,23,7,0,0,124,-3.96639630762699,20.505102040816325,-0.1611308455467224,0.0,-0.003335914632771164,30.838921070098877,2.6054522156715394,0.0,0.006266661843983457,0.07646484375,6.823043608665467,-9.313225746154785e-10,0.2752382159233093,0.0002392638036809816,-0.768395185470581
101,413696,267.7,1491.7,2.6,0.15,60,0.75,53,0.7358490566037735,196,152,19,19,6,0,0,123,-3.9342483445055705,21.183673469387756,-0.16480907797813416,0.0,-0.0042930835159495475,32.32982215881348,2.5995651483535767,0.0,0.010373990825610236,0.143408203125,7.280340826511383,0.0,0.24933356046676636,0.00023865030674846623,-0.7697659134864807
102,417792,270.3,1566.8,2.47,0.15,60,0.75,246,0.7764227642276422,193,152,14,18,9,0,0,127,-4.048963053066059,21.181347150259068,-0.19051910936832428,0.0,-0.003966000117361546,35.59788675308228,2.594027209281921,0.0,0.00902520643430762,0.121630859375,6.5842705249786375,-5.820766091346741e-10,0.24783575534820557,0.00023803680981595088,-0.7711353898048401
103,421888,273.0,1534.8,2.52,0.15,60,0.75,439,0.7676537585421412,193,146,18,26,3,0,0,118,-4.083590321482477,21.419689119170986,-0.19814634323120117,0.0,-0.004149226006120443,34.345984840393065,2.5869498372077944,0.0,0.009887408852227964,0.133984375,5.444859945774079,-8.731149137020111e-10,0.2618088126182556,0.00023742331288343556,-0.7735402584075928
104,425984,275.6,1541.6,2.52,0.14,60,0.75,120,0.7833333333333333,193,149,19,23,2,0,0,119,-4.066431991418366,21.269430051813472,-0.18300427496433258,0.0,-0.006547313369810581,35.67777185440063,2.577175295352936,0.0,0.009557573011261412,0.13173828125,7.885736775398255,-4.0745362639427185e-10,0.25184762477874756,0.00023680981595092024,-0.7756891846656799
105,430080,278.3,1552.5,2.49,0.14,60,0.75,308,0.7824675324675324,188,147,16,24,1,0,0,126,-4.024322670619459,21.675531914893618,-0.18365176022052765,0.0,-0.007516511529684067,31.525228691101074,2.5701008081436156,0.0,0.008534346465603448,0.117919921875,6.47995913028717,-5.238689482212067e-10,0.24397540092468262,0.0002361963190184049,-0.7771273851394653
106,434176,280.9,1580.2,2.45,0.14,60,0.75,500,0.782,192,150,15,23,4,0,0,124,-4.112892633774133,21.463541666666668,-0.16589078307151794,0.0,-0.006645167525857687,31.177698040008544,2.563188207149506,0.0,0.009255350410239772,0.124853515625,5.7699365496635435,-1.57160684466362e-09,0.2643580436706543,0.00023558282208588956,-0.779498815536499
107,438272,283.4,1590.8,2.43,0.14,60,0.75,178,0.7808988764044944,190,150,20,15,5,0,0,122,-3.935090259449115,21.66842105263158,-0.1562916785478592,0.0,-0.0040603609755635265,31.369382095336913,2.554264044761658,0.0,0.008763519785134122,0.1150390625,6.682189393043518,-1.1641532182693481e-10,0.2701103687286377,0.00023496932515337424,-0.7810591459274292
108,442368,286.1,1548.9,2.5,0.14,60,0.75,368,0.7880434782608695,190,151,14,22,3,0,0,121,-4.154686655432369,21.31578947368421,-0.1149032860994339,0.0,-0.00560116576962173,30.280988883972167,2.5495745182037353,0.0,0.007823042492964305,0.101708984375,5.720506370067596,-3.4924596548080444e-10,0.256838321685791,0.00023435582822085887,-0.7820135354995728
109,446464,288.8,1540.9,2.51,0.15,60,0.75,44,0.7954545454545454,188,151,11,23,3,0,0,116,-4.191845383278438,21.52659574468085,-0.1359674632549286,0.0,-0.005400633998215198,29.290099334716796,2.545629322528839,0.0,0.008397363056428731,0.112353515625,4.976010429859161,-2.9103830456733704e-10,0.2477782964706421,0.00023374233128834352,-0.7832540273666382
110,450560,291.4,1556.0,2.48,0.15,60,0.75,237,0.729957805907173,193,138,21,23,11,0,0,119,-4.031163545938646,21.694300518134714,-0.24200107157230377,0.0,-0.005322153307497501,38.781856536865234,2.539888918399811,0.0,0.009551710152300075,0.12607421875,8.730068731307984,-5.820766091346741e-10,0.19293934106826782,0.0002331288343558282,-0.7847665548324585
111,454656,294.0,1552.3,2.49,0.15,60,0.75,430,0.7744186046511627,193,160,15,15,3,0,0,129,-4.1768635911123955,21.010362694300518,-0.10247588902711868,0.0,-0.0025146142579615116,29.370556354522705,2.533707249164581,0.0,0.008130371847073548,0.108935546875,8.102703785896301,-2.3283064365386963e-10,0.2771855592727661,0.00023251533742331287,-0.7864178419113159
112,458752,296.7,1556.4,2.49,0.15,60,0.75,113,0.8407079646017699,195,162,15,14,4,0,0,129,-4.147542929239672,20.964102564102564,-0.0810941532254219,0.0,-0.005075107049196959,26.253193855285645,2.5266680240631105,0.0,0.012134410624275916,0.163671875,5.520069408416748,-2.9103830456733704e-10,0.257310152053833,0.00023190184049079753,-0.7880966663360596
113,462848,299.2,1625.3,2.37,0.15,60,0.75,300,0.8233333333333334,187,152,11,20,4,0,0,129,-4.046893162919802,21.83957219251337,-0.10970938950777054,0.0,-0.003403244353830814,26.78325958251953,2.5205597162246702,0.0,0.006504313813638874,0.08544921875,5.517455875873566,-5.238689482212067e-10,0.26368558406829834,0.0002312883435582822,-0.7896149158477783
114,466944,301.8,1567.0,2.47,0.15,60,0.75,487,0.8336755646817249,187,159,9,18,1,0,0,136,-3.8926497240409272,22.02673796791444,-0.08677681535482407,0.0,-0.0078095239354297515,23.7182315826416,2.513687288761139,0.0,0.008541439115651884,0.115283203125,5.367008519172669,-4.656612873077393e-10,0.3358052968978882,0.00023067484662576683,-0.7916625738143921
115,471040,304.5,1552.9,2.49,0.15,70,0.875,0,,187,158,8,20,1,0,0,140,-4.135501005249347,21.74866310160428,-0.07850991189479828,0.0,-0.005137955816462636,23.60006465911865,2.5044803857803344,0.0,0.010066159642883576,0.136083984375,5.921245896816254,-1.1059455573558807e-09,0.3196249008178711,0.0002300613496932515,-0.7942420244216919
116,475136,307.1,1544.1,2.51,0.14,70,0.875,170,0.8176470588235294,186,152,16,12,6,0,0,120,-3.8517024971987546,22.306451612903224,-0.12042747437953949,0.0,-0.0042821311624720694,25.446083641052248,2.495333766937256,0.0,0.007647150615230203,0.10166015625,5.761058902740478,-1.2223608791828156e-09,0.3045911192893982,0.00022944785276073616,-0.7957919836044312
117,479232,309.8,1555.3,2.49,0.14,70,0.875,340,0.8176470588235294,170,139,9,20,2,0,0,117,-3.770698443250623,23.6,-0.17048074305057526,0.0,-0.004370295163244009,28.411481380462646,2.4894152879714966,0.0,0.009888344487990253,0.1302734375,6.118734860420227,-2.9103830456733704e-10,0.2606768012046814,0.00022883435582822084,-0.7976260185241699
118,483328,312.5,1504.8,2.57,0.15,80,1.0,0,,182,152,15,13,2,0,0,127,-3.8982028939261464,22.824175824175825,-0.11664491891860962,0.0,-0.0031151015777140857,25.36213884353638,2.481816804409027,0.0,0.008095149419386872,0.107470703125,6.248124742507935,-1.2223608791828156e-09,0.3547859787940979,0.00022822085889570551,-0.7993226051330566
119,487424,315.0,1610.2,2.4,0.15,80,1.0,139,0.762589928057554,155,119,15,19,2,0,0,95,-3.5612818188147046,25.561290322580646,-0.2658941149711609,0.0,-0.004107911745086313,35.52634649276733,2.475265347957611,0.0,0.009710665722377599,0.12060546875,8.732978212833405,-6.402842700481415e-10,0.2854120135307312,0.00022760736196319017,-0.8010956048965454
120,491520,317.7,1567.2,2.47,0.15,80,1.0,313,0.7667731629392971,174,134,19,18,3,0,0,109,-3.8382342675142485,24.29310344827586,-0.2189820259809494,0.0,-0.0053431232227012515,33.245787906646726,2.4677389025688172,0.0,0.01037664945179131,0.141845703125,5.870495450496674,-1.6880221664905548e-09,0.3139668107032776,0.00022699386503067484,-0.8030598163604736
121,495616,320.3,1574.8,2.45,0.15,80,1.0,484,0.7665289256198347,171,131,21,16,3,0,0,107,-3.672618891395061,23.95906432748538,-0.21616500616073608,0.0,-0.005313972430303693,33.96434488296509,2.4608895897865297,0.0,0.007706993445754051,0.10419921875,7.7309041023254395,-4.0745362639427185e-10,0.2690548300743103,0.0002263803680981595,-0.804305911064148
122,499712,322.8,1624.0,2.38,0.14,80,1.0,146,0.7876712328767124,174,136,12,16,10,0,0,109,-3.6438592571392006,23.32183908045977,-0.20769402384757996,0.0,-0.004437378793954849,29.70714988708496,2.4562885403633117,0.0,0.011573735033744014,0.164501953125,6.669121181964874,-4.0745362639427185e-10,0.334550678730011,0.00022576687116564415,-0.8055959939956665
123,503808,325.4,1591.4,2.43,0.15,80,1.0,326,0.745398773006135,180,128,21,23,8,0,0,113,-3.6966373617660886,23.272222222222222,-0.25596654415130615,0.0,-0.004654400050640106,36.95018186569214,2.45066899061203,0.0,0.007781037609674968,0.104443359375,7.834040749073028,-1.1059455573558807e-09,0.26820218563079834,0.0002251533742331288,-0.8069870471954346
124,507904,328.0,1555.6,2.49,0.14,80,1.0,493,0.7728194726166329,167,138,9,17,3,0,0,114,-3.657833418097136,24.29940119760479,-0.15978309512138367,0.0,-0.007404392887838185,29.122136974334715,2.4456208109855653,0.0,0.008312829994247295,0.112841796875,8.39701542854309,-1.3969838619232178e-09,0.3225467801094055,0.00022453987730061348,-0.808059573173523
125,512000,330.6,1613.7,2.39,0.15,80,1.0,153,0.7450980392156863,172,129,19,20,4,0,0,106,-3.5660330741309063,23.86046511627907,-0.23309777677059174,0.0,-0.006322779692709446,34.761098861694336,2.4419227838516235,0.0,0.008808258603676223,0.11796875,8.344400405883789,-1.1641532182693481e-09,0.2761463522911072,0.00022392638036809815,-0.8089830875396729
126,516096,333.2,1578.2,2.45,0.15,80,1.0,322,0.782608695652174,169,138,15,16,0,0,0,117,-3.777129211241259,23.91715976331361,-0.16029474139213562,0.0,-0.005193462315946818,28.62731065750122,2.4374951481819154,0.0,0.008699592205812224,0.1162109375,8.460040378570557,-1.3387762010097504e-09,0.3197513818740845,0.0002233128834355828,-0.8102694153785706
127,520192,335.7,1606.7,2.4,0.15,80,1.0,498,0.7831325301204819,176,138,13,20,5,0,0,116,-3.595452699356211,23.670454545454547,-0.19310298562049866,0.0,-0.0045255858451128,30.265508460998536,2.4314561247825623,0.0,0.006817053916165605,0.08935546875,7.439299237728119,-1.1059455573558807e-09,0.2832942605018616,0.00022269938650306746,-0.8121455311775208
128,524288,338.4,1518.5,2.55,0.15,80,1.0,158,0.740506329113924,172,129,21,18,4,0,0,111,-3.7135526987084564,23.24418604651163,-0.23973998427391052,0.0,-0.006034664623439312,35.05738277435303,2.424115014076233,0.0,0.007445303228450939,0.099755859375,7.804948115348816,-5.820766091346741e-10,0.2531573176383972,0.00022208588957055213,-0.8135885000228882
129,528384,341.1,1547.9,2.51,0.14,80,1.0,331,0.7583081570996979,173,134,16,22,1,0,0,112,-3.6577247589022868,23.884393063583815,-0.17661090195178986,0.0,-0.003931261040270329,31.91842203140259,2.4194438457489014,0.0,0.009454979837755673,0.1267578125,8.09495165348053,-1.7462298274040222e-10,0.29261189699172974,0.0002214723926380368,-0.8145724534988403
130,532480,343.6,1589.5,2.43,0.15,80,1.0,1,1.0,182,139,20,19,4,0,0,117,-3.8480139267597915,22.582417582417584,-0.18691277503967285,0.0,-0.006645778426900506,32.43503360748291,2.4157982587814333,0.0,0.008198409533360974,0.109326171875,6.980377793312073,-1.0477378964424133e-09,0.309334397315979,0.00022085889570552144,-0.8153983354568481
131,536576,346.2,1614.4,2.39,0.15,80,1.0,176,0.7784090909090909,175,136,19,18,2,0,0,107,-3.8439008177524707,23.554285714285715,-0.1837736964225769,0.0,-0.004626039275899529,33.318142318725585,2.4118174433708193,0.0,0.006988946240744554,0.090673828125,7.205871951580048,-9.89530235528946e-10,0.2774048447608948,0.00022024539877300611,-0.8167582750320435
132,540672,348.8,1570.0,2.46,0.15,80,1.0,351,0.8034188034188035,175,145,9,20,1,0,0,118,-3.872600620087308,23.194285714285716,-0.13536468148231506,0.0,-0.003432680759578943,26.1505389213562,2.405970740318298,0.0,0.008623253207770177,0.1173828125,6.779248583316803,-1.6298145055770874e-09,0.33864396810531616,0.0002196319018404908,-0.8180958032608032
133,544768,351.4,1572.1,2.46,0.15,80,1.0,15,0.8666666666666667,176,142,10,21,3,0,0,119,-3.870550749099195,22.948863636363637,-0.16368892788887024,0.0,-0.0010546416509896518,28.947982406616212,2.401110577583313,0.0,0.011226071190321818,0.1568359375,7.3594908833503725,-5.820766091346741e-10,0.3509677052497864,0.00021901840490797544,-0.8193235993385315
134,548864,354.0,1587.0,2.43,0.15,80,1.0,194,0.8247422680412371,179,147,11,20,1,0,0,119,-3.7349739994629454,23.094972067039105,-0.12403477728366852,0.0,-0.005049710627645254,25.399750804901124,2.3962334871292112,0.0,0.009450727450894193,0.12939453125,7.192797613143921,-1.57160684466362e-09,0.3697495460510254,0.0002184049079754601,-0.820551872253418
135,552960,356.6,1595.2,2.42,0.15,80,1.0,372,0.8064516129032258,178,140,11,20,7,0,0,117,-3.887631578497096,23.34269662921348,-0.15442511439323425,0.0,-0.00519082946702838,29.527585220336913,2.3913041234016417,0.0,0.008940696838544681,0.124658203125,7.494383931159973,-1.9208528101444244e-09,0.33012229204177856,0.00021779141104294477,-0.8217215538024902
136,557056,359.3,1491.1,2.61,0.14,80,1.0,33,0.8787878787878788,173,130,17,22,4,0,0,110,-3.614585958093128,23.647398843930635,-0.21879997849464417,0.0,-0.0056365648284554485,32.67158679962158,2.3869218230247498,0.0,0.009881658494123258,0.13623046875,8.020687985420228,-6.402842700481415e-10,0.3173316717147827,0.00021717791411042945,-0.8226337432861328
137,561152,362.0,1541.5,2.51,0.15,80,1.0,206,0.8349514563106796,173,143,12,17,1,0,0,128,-3.798268521129454,23.31791907514451,-0.12552623450756073,0.0,-0.006159341894090176,27.413092803955077,2.384004604816437,0.0,0.00830357353843283,0.114892578125,6.7004159688949585,-5.820766091346741e-11,0.3483657240867615,0.00021656441717791408,-0.8232920169830322
138,565248,364.7,1510.5,2.56,0.15,80,1.0,380,0.8078947368421052,174,135,16,20,3,0,0,107,-3.70888608008838,23.637931034482758,-0.17373302578926086,0.0,-0.005431805644184351,29.708458423614502,2.3815279960632325,0.0,0.008032215590355917,0.110791015625,8.680683135986328,-3.4924596548080444e-10,0.333779513835907,0.00021595092024539875,-0.8238242268562317
139,569344,367.3,1561.3,2.48,0.14,80,1.0,43,0.7906976744186046,175,134,10,29,2,0,0,101,-3.8436933848974415,23.485714285714284,-0.17646124958992004,0.0,-0.003118112962692976,29.985493850708007,2.377713370323181,0.0,0.008793261091341265,0.11708984375,7.965237736701965,-1.1059455573558807e-09,0.31274479627609253,0.00021533742331288343,-0.8255651593208313
140,573440,370.0,1564.1,2.48,0.14,80,1.0,216,0.8055555555555556,173,140,16,11,6,0,0,116,-3.8486588342447754,23.566473988439306,-0.13998791575431824,0.0,-0.00781326456926763,26.524027252197264,2.369916546344757,0.0,0.008966727627557703,0.1212890625,7.10142697095871,-3.4924596548080444e-10,0.366668701171875,0.00021472392638036808,-0.8272343873977661
141,577536,372.6,1564.5,2.48,0.14,80,1.0,393,0.7938931297709924,177,138,18,19,2,0,0,112,-3.7207700196638442,23.231638418079097,-0.1574905514717102,0.0,-0.003961168962996453,29.675964546203613,2.3632389068603517,0.0,0.008856237106374464,0.120166015625,7.769331562519073,-9.89530235528946e-10,0.3581211566925049,0.00021411042944785273,-0.8292187452316284
142,581632,375.3,1521.9,2.54,0.15,80,1.0,60,0.75,179,144,11,22,2,0,0,126,-3.901583921114718,22.977653631284916,-0.13672880828380585,0.0,-0.004015386942774058,28.342782020568848,2.3562070965766906,0.0,0.009626144709181972,0.128564453125,8.25490972995758,-1.1641532182693481e-09,0.3271362781524658,0.0002134969325153374,-0.8303847312927246
143,585728,377.9,1582.3,2.44,0.15,80,1.0,240,0.8208333333333333,180,152,15,9,4,0,0,124,-3.8940606428863513,22.683333333333334,-0.07775598764419556,0.0,-0.0067602427210658785,27.13406047821045,2.352585232257843,0.0,0.007037600129842758,0.092578125,8.568510055541992,-1.3969838619232178e-09,0.3582923412322998,0.0002128834355828221,-0.8313438892364502
144,589824,380.4,1637.6,2.36,0.14,80,1.0,421,0.7862232779097387,181,134,20,20,7,0,0,109,-3.8237339522036202,22.69060773480663,-0.20474722981452942,0.0,-0.0053499200846999885,32.577480983734134,2.347911202907562,0.0,0.0074851780926110225,0.097412109375,10.088209080696107,-2.852175384759903e-09,0.32408130168914795,0.00021226993865030672,-0.8326483964920044
145,593920,383.1,1523.7,2.54,0.15,80,1.0,83,0.8072289156626506,174,136,19,18,1,0,0,115,-3.8176117763102546,23.45977011494253,-0.15927593410015106,0.0,-0.004777750372886658,28.734464359283447,2.3428915977478026,0.0,0.009007016450050287,0.125341796875,7.192945945262909,-7.566995918750763e-10,0.37036794424057007,0.00021165644171779137,-0.8338195085525513
146,598016,385.7,1547.0,2.5,0.15,80,1.0,265,0.8226415094339623,182,151,12,14,5,0,0,123,-3.8672656489740156,22.752747252747252,-0.08817016333341599,0.0,-0.005716151697561145,25.341875553131104,2.3389037609100343,0.0,0.008489543295581825,0.1203125,9.237677597999573,-1.2223608791828156e-09,0.36835575103759766,0.00021104294478527604,-0.8346313238143921
147,602112,388.4,1551.5,2.49,0.15,80,1.0,438,0.8356164383561644,173,148,14,10,1,0,0,122,-3.6213170990901906,23.54335260115607,-0.08286448568105698,0.0,-0.004989558435045183,23.371683216094972,2.3345847487449647,0.0,0.0077734820893965665,0.10693359375,8.052025318145752,-1.3969838619232178e-09,0.36921125650405884,0.00021042944785276072,-0.8360964059829712
148,606208,390.9,1597.5,2.42,0.15,80,1.0,104,0.7692307692307693,178,136,15,23,4,0,0,110,-3.788544005890363,23.01685393258427,-0.17103171348571777,0.0,-0.0049859907943755385,30.19169464111328,2.3283332228660583,0.0,0.006904114744975232,0.090185546875,10.009900879859924,-6.984919309616089e-10,0.30972540378570557,0.00020981595092024537,-0.8376204371452332
149,610304,393.5,1575.0,2.45,0.15,80,1.0,276,0.75,172,127,32,10,3,0,0,105,-3.7252773542456157,23.697674418604652,-0.2102423906326294,0.0,-0.003444130881689489,31.856957817077635,2.32216991186142,0.0,0.006799116774345748,0.0861328125,8.589502763748168,-3.4924596548080444e-10,0.34377747774124146,0.00020920245398773005,-0.8393522500991821
150,614400,396.2,1531.3,2.53,0.15,80,1.0,448,0.7790178571428571,172,142,16,11,3,0,0,116,-3.6778351737017534,23.941860465116278,-0.13902750611305237,0.0,-0.005062485113739967,27.091952896118165,2.315977382659912,0.0,0.0067012097249971704,0.085693359375,9.646616888046264,-1.1641532182693481e-10,0.3495331406593323,0.00020858895705521473,-0.8404377698898315
151,618496,398.8,1564.6,2.48,0.14,80,1.0,117,0.7863247863247863,181,141,12,21,7,0,0,116,-3.8625757681817663,22.34806629834254,-0.14905431866645813,0.0,-0.005074669560417533,28.727464389801025,2.3115111231803893,0.0,0.006993207661435008,0.09140625,10.842087697982787,-4.0745362639427185e-10,0.3581230044364929,0.00020797546012269935,-0.8418415784835815
152,622592,401.6,1472.3,2.63,0.15,80,1.0,290,0.7551724137931034,173,127,22,21,3,0,0,110,-3.710832266083915,23.809248554913296,-0.19755947589874268,0.0,-0.007657678890973329,34.34198684692383,2.306261897087097,0.0,0.00904266896250192,0.121337890625,8.550038647651672,-1.3387762010097504e-09,0.29019880294799805,0.000207361963190184,-0.8428629040718079
153,626688,404.2,1588.4,2.43,0.15,80,1.0,465,0.7784946236559139,175,143,12,17,3,0,0,117,-3.7818608365686783,23.771428571428572,-0.1101265400648117,0.0,-0.004522733949124813,27.805698299407958,2.3027962923049925,0.0,0.007471323915524408,0.098486328125,9.734822773933411,-1.1641532182693481e-10,0.319979190826416,0.00020674846625766868,-0.843599796295166
154,630784,406.9,1550.8,2.5,0.14,80,1.0,125,0.768,172,135,14,20,3,0,0,110,-3.879774450149458,23.38372093023256,-0.14197751879692078,0.0,-0.005081393476575613,27.98042869567871,2.30003616809845,0.0,0.0075279091921402145,0.1,8.917521834373474,-1.280568540096283e-09,0.35550516843795776,0.00020613496932515336,-0.8442834615707397
155,634880,409.5,1578.8,2.45,0.15,80,1.0,299,0.7625418060200669,174,132,19,18,5,0,0,106,-3.9546770101143167,23.557471264367816,-0.1475551426410675,0.0,-0.005080122128129005,32.42109937667847,2.2970909595489504,0.0,0.011141405184753239,0.152490234375,8.739826893806457,-1.7462298274040222e-10,0.2731618285179138,0.00020552147239263801,-0.8451023101806641
156,638976,412.1,1570.5,2.46,0.14,80,1.0,477,0.7861635220125787,178,147,17,14,0,0,0,119,-3.783787396811857,23.10674157303371,-0.07597744464874268,0.0,-0.006853909650817514,26.237198162078858,2.293713188171387,0.0,0.009426444832934066,0.128857421875,9.252752232551575,-1.862645149230957e-09,0.3523043990135193,0.0002049079754601227,-0.8460075259208679
157,643072,414.7,1551.1,2.5,0.14,80,1.0,140,0.7714285714285715,175,136,15,20,4,0,0,111,-3.794869781449819,23.24,-0.1541067659854889,0.0,-0.005915159825235605,30.430140876770018,2.288919913768768,0.0,0.006906773138325661,0.091162109375,8.875224280357362,-7.566995918750763e-10,0.2967793941497803,0.00020429447852760737,-0.8474840521812439
158,647168,417.3,1584.5,2.44,0.14,80,1.0,321,0.8161993769470405,181,154,12,14,1,0,0,131,-3.8273408699629843,22.558011049723756,-0.05391651764512062,0.0,-0.0055666994769126175,22.9054256439209,2.2836339712142943,0.0,0.00910220161313191,0.119287109375,9.268029642105102,-2.9103830456733704e-10,0.3631322979927063,0.000203680981595092,-0.8485040664672852
159,651264,419.9,1559.2,2.49,0.14,80,1.0,501,0.7904191616766467,180,134,18,27,1,0,0,115,-3.7917087707619737,23.127777777777776,-0.15345516800880432,0.0,-0.004900422785431147,31.966312980651857,2.2803136587142943,0.0,0.008874448289861902,0.117236328125,11.520775055885315,-9.89530235528946e-10,0.2946593761444092,0.00020306748466257665,-0.8491978645324707
160,655360,422.6,1516.8,2.55,0.15,80,1.0,167,0.8502994011976048,178,150,12,16,0,0,0,128,-3.6491953062819373,22.820224719101123,-0.06784519553184509,0.0,-0.005966388247907161,23.481830978393553,2.278293240070343,0.0,0.007316855320823379,0.097021484375,8.835032689571381,-9.313225746154785e-10,0.35071200132369995,0.00020245398773006132,-0.849459171295166
161,659456,425.2,1580.9,2.44,0.15,80,1.0,345,0.8318840579710145,178,145,14,14,5,0,0,119,-3.8539057241137713,23.04494382022472,-0.09321916103363037,0.0,-0.006085668364539743,27.190745544433593,2.2770049452781675,0.0,0.007985646344604903,0.10712890625,7.650453281402588,-1.6298145055770874e-09,0.32708001136779785,0.000201840490797546,-0.8500574231147766
162,663552,427.9,1530.8,2.53,0.15,80,1.0,11,0.8181818181818182,178,145,9,22,2,0,0,127,-3.8049796806532687,22.910112359550563,-0.075237937271595,0.0,-0.0037837802432477475,23.656569385528563,2.273793709278107,0.0,0.011938927226583473,0.159814453125,8.192115306854248,-8.731149137020111e-10,0.3716157078742981,0.00020122699386503065,-0.8508676290512085
163,667648,430.5,1578.3,2.45,0.15,80,1.0,191,0.806282722513089,180,145,15,16,4,0,0,115,-3.6284928725868935,22.85,-0.07909619063138962,0.0,-0.005897765420377255,26.982881164550783,2.270847797393799,0.0,0.009876600053394214,0.12939453125,9.038004302978516,-1.3969838619232178e-09,0.2465529441833496,0.00020061349693251533,-0.851686418056488
164,671744,433.2,1540.9,2.52,0.14,80,1.0,369,0.8102981029810298,178,145,12,20,1,0,0,112,-3.6924733604044384,23.09550561797753,-0.08126555383205414,0.0,-0.0032095429487526417,27.113096046447755,2.267013967037201,0.0,0.009144939362886361,0.124462890625,9.178296375274659,-1.5133991837501526e-09,0.3182228207588196,0.0002,-0.8526849150657654
165,675840,435.8,1537.8,2.51,0.15,80,1.0,37,0.7837837837837838,180,155,10,15,0,0,0,128,-3.927988067943453,22.81111111111111,-0.022978588938713074,0.0,-0.00414644149132073,19.688759565353394,2.2633095383644104,0.0,0.00712787130032666,0.093115234375,8.010967373847961,-1.1641532182693481e-09,0.4346938133239746,0.00019938650306748466,-0.8534769415855408
166,679936,438.5,1545.2,2.5,0.15,80,1.0,217,0.783410138248848,180,141,10,21,8,0,0,113,-3.6742646838721056,22.75,-0.127950519323349,0.0,-0.0055233091348782185,28.576694393157958,2.2597341775894164,0.0,0.008615513902623207,0.118798828125,10.159382867813111,-2.3283064365386963e-10,0.3087799549102783,0.00019877300613496928,-0.8547230958938599
167,684032,441.0,1612.4,2.39,0.15,80,1.0,389,0.7969151670951157,172,140,14,15,3,0,0,103,-3.40141871225836,23.674418604651162,-0.09523093700408936,0.0,-0.006288731144741178,25.16899366378784,2.25392484664917,0.0,0.00757135521271266,0.09970703125,8.045611357688903,-2.5029294192790985e-09,0.36814451217651367,0.00019815950920245396,-0.856237530708313
168,688128,443.8,1496.1,2.6,0.14,80,1.0,61,0.7868852459016393,184,152,8,22,2,0,0,130,-3.8384911762754768,22.380434782608695,-0.041719067841768265,0.0,-0.004478277079761029,26.316142749786376,2.2486443400382994,0.0,0.008194760442711413,0.11064453125,7.94835946559906,-9.89530235528946e-10,0.26409441232681274,0.00019754601226993864,-0.8573604822158813
169,692224,446.4,1561.9,2.48,0.14,80,1.0,235,0.8297872340425532,174,147,6,16,5,0,0,114,-3.7554236779919368,23.42528735632184,-0.04691758751869202,0.0,-0.004941799025982618,23.860261821746825,2.2439525604248045,0.0,0.008689661999233067,0.113916015625,7.691397225856781,-1.3969838619232178e-09,0.33721113204956055,0.0001969325153374233,-0.8585190773010254
170,696320,449.0,1597.7,2.42,0.15,80,1.0,415,0.8144578313253013,180,143,17,19,1,0,0,118,-3.67358894116634,22.57777777777778,-0.08246490359306335,0.0,-0.0059036207385361195,29.93674240112305,2.2405844211578367,0.0,0.008041383750969544,0.105810546875,10.144802474975586,-1.0477378964424133e-09,0.23285233974456787,0.00019631901840490794,-0.8591312766075134
171,700416,451.6,1575.2,2.45,0.15,80,1.0,87,0.8620689655172413,184,156,11,13,4,0,0,137,-3.610507950860834,22.418478260869566,-0.026855796575546265,0.0,-0.0076967910397797825,23.63388614654541,2.2369222044944763,0.0,0.009252225924865343,0.12568359375,7.510490584373474,-1.2223608791828156e-09,0.3300219178199768,0.00019570552147239265,-0.8603850603103638
172,704512,454.3,1502.6,2.58,0.15,80,1.0,269,0.8104089219330854,182,143,13,22,4,0,0,119,-3.7838896426093633,22.5989010989011,-0.0942050889134407,0.0,-0.0038751712068915366,28.343627166748046,2.231689965724945,0.0,0.009022746412665584,0.11865234375,8.046697616577148,-1.0477378964424133e-09,0.323058545589447,0.0001950920245398773,-0.8616839051246643
173,708608,456.8,1646.8,2.34,0.15,80,1.0,448,0.8080357142857143,179,144,8,24,3,0,0,120,-3.498755573283219,22.681564245810055,-0.06601610779762268,0.0,-0.004041514499112964,24.94332857131958,2.2269165396690367,0.0,0.010695576923899353,0.152587890625,8.448735392093658,-2.0954757928848267e-09,0.31823092699050903,0.00019447852760736192,-0.8626857995986938
174,712704,459.4,1611.8,2.39,0.15,80,1.0,111,0.8648648648648649,175,143,11,17,4,0,0,118,-3.4506533751739066,23.588571428571427,-0.09368942677974701,0.0,-0.0045040429569780825,26.415205574035646,2.2228050947189333,0.0,0.005717598780756816,0.06923828125,8.020722794532777,-4.656612873077393e-10,0.28647303581237793,0.0001938650306748466,-0.863993227481842
175,716800,462.0,1536.1,2.52,0.15,80,1.0,287,0.8327526132404182,176,143,10,20,3,0,0,123,-3.7423742246636995,23.397727272727273,-0.07870224863290787,0.0,-0.0029311187798157336,25.832190132141115,2.216845417022705,0.0,0.00947102888021618,0.1279296875,8.131323146820069,-1.280568540096283e-09,0.3395780920982361,0.00019325153374233128,-0.8654734492301941
176,720896,464.6,1590.6,2.43,0.15,80,1.0,469,0.8230277185501066,182,147,9,22,4,0,0,130,-4.03655543612814,22.236263736263737,-0.058935970067977905,0.0,-0.006132365856319666,24.623007345199586,2.2108176350593567,0.0,0.009495763355516829,0.129150390625,7.826865005493164,-1.57160684466362e-09,0.36223524808883667,0.00019263803680981593,-0.8671443462371826
177,724992,467.2,1575.0,2.45,0.15,80,1.0,137,0.8248175182481752,180,142,11,25,2,0,0,116,-3.7295107664686875,23.033333333333335,-0.09078492224216461,0.0,-0.005396789871156216,28.92873420715332,2.204132783412933,0.0,0.007112999053788371,0.092919921875,9.74551215171814,-6.402842700481415e-10,0.33132272958755493,0.00019202453987730058,-0.868638277053833
178,729088,469.8,1614.9,2.39,0.15,80,1.0,315,0.8158730158730159,178,144,11,21,2,0,0,122,-3.735558117968362,22.696629213483146,-0.06120410934090614,0.0,-0.005212238058447838,25.053342819213867,2.1982824087142943,0.0,0.007095832060440443,0.093310546875,8.124269711971284,-6.984919309616089e-10,0.4056054353713989,0.00019141104294478526,-0.8703215718269348
179,733184,472.3,1633.2,2.37,0.14,80,1.0,494,0.8036437246963563,179,140,18,17,4,0,0,117,-3.5716520458892336,23.044692737430168,-0.09472720324993134,0.0,-0.004166673216968775,29.389381980895998,2.191740024089813,0.0,0.008045861235586926,0.111279296875,8.716368460655213,-1.0477378964424133e-09,0.2632547616958618,0.00019079754601226994,-0.8716472387313843
180,737280,474.8,1594.2,2.42,0.15,80,1.0,151,0.8211920529801324,169,141,10,18,0,0,0,117,-3.507898951312932,24.307692307692307,-0.06001097708940506,0.0,-0.006507861940190196,23.626101684570312,2.1857408761978148,0.0,0.009384601743659005,0.12685546875,8.486504769325256,-8.149072527885437e-10,0.361819326877594,0.00019018404907975456,-0.8735049962997437
181,741376,477.5,1547.0,2.51,0.14,80,1.0,331,0.851963746223565,180,158,12,6,4,0,0,137,-3.62332286151771,22.677777777777777,0.0029407069087028503,0.0,-0.006665725912898779,20.149910974502564,2.1782897472381593,0.0,0.010373104736208916,0.139208984375,8.31721626520157,-3.4924596548080444e-10,0.3121737241744995,0.00018957055214723924,-0.8751468658447266
182,745472,480.1,1554.8,2.49,0.14,80,1.0,511,0.8414872798434442,180,148,15,12,5,0,0,132,-3.617057102359915,22.805555555555557,-0.060601331293582916,0.0,-0.0036752794869244097,24.633849382400513,2.173022973537445,0.0,0.008001447247806937,0.10771484375,9.624560260772705,-3.4924596548080444e-10,0.372328519821167,0.00018895705521472392,-0.8762040138244629
183,749568,482.9,1487.6,2.61,0.15,80,1.0,177,0.864406779661017,178,154,4,18,2,0,0,129,-3.6352236173702486,22.921348314606742,-0.015137802809476852,0.0,-0.008196516521275043,20.240101861953736,2.168327522277832,0.0,0.008542798401322216,0.115771484375,7.971918892860413,-4.656612873077393e-10,0.37649285793304443,0.00018834355828220857,-0.8776826858520508
184,753664,485.5,1581.5,2.44,0.15,80,1.0,353,0.8668555240793201,176,153,10,12,1,0,0,132,-3.7992166578358284,22.931818181818183,-0.018336599692702293,0.0,-0.005569692142307759,20.80356984138489,2.162597620487213,0.0,0.008217885982594453,0.109423828125,9.355458974838257,-8.731149137020111e-10,0.34549301862716675,0.00018773006134969322,-0.878821611404419
185,757760,488.1,1564.8,2.47,0.14,80,1.0,24,0.875,183,157,6,16,4,0,0,129,-3.9563114713244505,22.9672131147541,-0.009404435753822327,0.0,-0.004295647516846657,21.293553400039674,2.1595541715621946,0.0,0.006727698526810854,0.0869140625,8.213168835639953,-1.8044374883174896e-09,0.3304770588874817,0.0001871165644171779,-0.8792605400085449
186,761856,490.7,1559.5,2.49,0.14,80,1.0,199,0.8341708542713567,175,145,9,21,0,0,0,121,-3.672200543451841,22.982857142857142,-0.04362018406391144,0.0,-0.008409960940480233,24.875267887115477,2.1569148778915403,0.0,0.00951593292702455,0.12890625,8.38725986480713,-1.2223608791828156e-09,0.299058735370636,0.00018650306748466258,-0.8803197145462036
187,765952,493.4,1523.0,2.54,0.15,80,1.0,386,0.8367875647668394,187,157,13,13,4,0,0,133,-3.90683564934018,22.06417112299465,-0.011065185070037842,0.0,-0.006708376854658127,22.885475826263427,2.1520894289016725,0.0,0.009144779841881246,0.12626953125,9.207361626625062,-4.656612873077393e-10,0.3272634744644165,0.0001858895705521472,-0.8815507888793945
188,770048,496.0,1596.1,2.42,0.15,80,1.0,50,0.82,176,149,11,16,0,0,0,128,-3.8947005457107022,22.84090909090909,-0.0435582771897316,0.0,-0.004794121719896793,22.989468240737914,2.1478619456291197,0.0,0.009964513042359614,0.140771484375,7.321268022060394,-6.402842700481415e-10,0.3506132960319519,0.00018527607361963188,-0.8823063969612122
189,774144,498.7,1551.9,2.49,0.15,80,1.0,229,0.8209606986899564,179,147,8,21,3,0,0,126,-3.738659016128859,23.39664804469274,-0.04547842592000961,0.0,-0.0035798882599920034,25.763707637786865,2.1447310090065,0.0,0.008634667296428233,0.111865234375,10.278561162948609,-8.149072527885437e-10,0.2969326376914978,0.00018466257668711656,-0.8833751678466797
190,778240,501.2,1593.7,2.42,0.15,80,1.0,405,0.837037037037037,176,151,11,14,0,0,0,122,-3.6409512881996244,23.392045454545453,-0.014665339142084122,0.0,-0.006437211018055678,22.688359546661378,2.139211082458496,0.0,0.009432465332793072,0.1310546875,9.105829095840454,-4.656612873077393e-10,0.32222890853881836,0.0001840490797546012,-0.8849883079528809
191,782336,503.9,1515.0,2.56,0.15,80,1.0,69,0.855072463768116,176,149,8,16,3,0,0,123,-3.6996147594078357,23.073863636363637,-0.034622397273778915,0.0,-0.004099742230027914,23.142320156097412,2.1335786819458007,0.0,0.008758299826877192,0.118310546875,9.437480807304382,-1.979060471057892e-09,0.32371169328689575,0.00018343558282208586,-0.8860869407653809
192,786432,506.6,1544.3,2.51,0.14,80,1.0,247,0.8218623481781376,178,144,12,19,3,0,0,125,-3.6934348673348123,23.213483146067414,-0.047595035284757614,0.0,-0.005696361884474754,27.399777126312255,2.1300517082214356,0.0,0.008462830193457194,0.11318359375,11.568091487884521,-8.149072527885437e-10,0.2524956464767456,0.00018282208588957054,-0.8866633772850037
193,790528,509.2,1574.9,2.46,0.14,80,1.0,419,0.8257756563245824,172,143,10,15,4,0,0,118,-3.647239841180109,23.523255813953487,-0.05757122486829758,0.0,-0.00540100927464664,24.710753536224367,2.128235733509064,0.0,0.008819331787526608,0.124267578125,11.065563023090363,-1.3969838619232178e-09,0.29378730058670044,0.00018220858895705522,-0.8870851993560791
194,794624,511.9,1498.8,2.58,0.15,80,1.0,81,0.8271604938271605,174,149,9,15,1,0,0,124,-3.7482161878085845,23.64367816091954,-0.02095193974673748,0.0,-0.005574485962279141,20.911424541473387,2.126119613647461,0.0,0.008865896504721605,0.121533203125,9.675768375396729,-1.57160684466362e-09,0.3728291392326355,0.00018159509202453987,-0.8879194259643555
195,798720,514.6,1567.9,2.46,0.15,80,1.0,262,0.851145038167939,181,156,6,18,1,0,0,134,-3.873041182285713,22.243093922651934,0.018701665103435516,0.0,-0.0050864402204751965,21.27495069503784,2.121852171421051,0.0,0.008812741373549215,0.122216796875,8.423717737197876,-1.2223608791828156e-09,0.2858445644378662,0.0001809815950920245,-0.8890445232391357
196,802816,517.1,1586.7,2.43,0.15,80,1.0,442,0.8574660633484162,180,156,11,10,3,0,0,132,-3.8007922084829837,22.961111111111112,-0.011830579489469528,0.0,-0.005816015508025884,23.200458002090453,2.1174542188644407,0.0,0.008082483205362223,0.110546875,8.087851428985596,-1.1059455573558807e-09,0.38059431314468384,0.0001803680981595092,-0.8901893496513367
197,806912,519.7,1606.9,2.4,0.15,80,1.0,101,0.8415841584158416,171,138,13,18,2,0,0,115,-3.6301292410137074,23.970760233918128,-0.0855122059583664,0.0,-0.004865421447902918,25.353382396698,2.112476110458374,0.0,0.009743547378457151,0.138720703125,10.188864517211915,-5.238689482212067e-10,0.33173930644989014,0.00017975460122699385,-0.8915615081787109
198,811008,522.4,1504.6,2.58,0.15,80,1.0,279,0.8351254480286738,178,148,10,18,2,0,0,132,-3.898971456936501,23.134831460674157,-0.039228059351444244,0.0,-0.006462100008502602,24.327027130126954,2.1067620515823364,0.0,0.009170421009184793,0.12470703125,8.30896062850952,-2.9103830456733704e-10,0.3392118215560913,0.0001791411042944785,-0.8931230306625366
199,815104,525.0,1615.9,2.39,0.15,80,1.0,451,0.8381374722838137,172,145,7,17,3,0,0,120,-3.8320815734217453,23.813953488372093,-0.055344633758068085,0.0,-0.005605487292632461,22.754187488555907,2.0995071649551393,0.0,0.00933830160938669,0.12353515625,9.546918988227844,5.238689482212067e-10,0.36710965633392334,0.00017852760736196318,-0.8951412439346313
200,819200,527.7,1482.3,2.61,0.15,80,1.0,128,0.828125,189,164,6,16,3,0,0,126,-3.849139371172246,21.772486772486772,0.03900475054979324,0.0,-0.006098892819136381,20.698889398574828,2.090873861312866,0.0,0.009767883777385578,0.137255859375,8.427239608764648,-9.89530235528946e-10,0.30663323402404785,0.00017791411042944786,-0.8974899053573608
201,823296,530.4,1538.3,2.51,0.15,80,1.0,308,0.8344155844155844,180,151,14,10,5,0,0,134,-3.8207202901780515,22.461111111111112,-0.006584547460079193,0.0,-0.006564819579944014,21.221662044525146,2.082189416885376,0.0,0.011381877269013786,0.166845703125,9.08123013973236,-1.4551915228366852e-09,0.33164286613464355,0.0001773006134969325,-0.8992643356323242
202,827392,533.1,1539.3,2.52,0.14,80,1.0,486,0.8251028806584362,178,144,7,23,4,0,0,121,-3.786955867387858,22.882022471910112,-0.061018556356430054,0.0,-0.005207398766651749,27.1314359664917,2.0764685750007628,0.0,0.0076847952848766,0.10712890625,10.892361950874328,-1.6880221664905548e-09,0.24838119745254517,0.00017668711656441713,-0.9003360271453857
203,831488,535.7,1561.9,2.48,0.14,80,1.0,157,0.7834394904458599,183,141,11,26,5,0,0,123,-3.800061200353271,22.743169398907103,-0.09655344486236572,0.0,-0.004974984657019376,26.22142610549927,2.072494661808014,0.0,0.007888659636955708,0.102099609375,8.647843050956727,-1.57160684466362e-09,0.33632147312164307,0.0001760736196319018,-0.9014426469802856
204,835584,538.3,1609.7,2.4,0.15,80,1.0,334,0.8293413173652695,177,154,9,10,4,0,0,131,-3.875020557263452,23.19774011299435,0.0023710615932941437,0.0,-0.0031225666869431736,18.602757358551024,2.0682783365249633,0.0,0.007234163692919538,0.09599609375,9.904793071746827,-1.1059455573558807e-09,0.4356039762496948,0.0001754601226993865,-0.9023377299308777
205,839680,540.9,1535.7,2.53,0.14,80,1.0,509,0.8428290766208252,175,152,7,13,3,0,0,131,-3.8512828582890752,23.234285714285715,-0.009649096988141537,0.0,-0.005555586516857147,20.331928777694703,2.0651456236839296,0.0,0.010791281174169854,0.1455078125,7.998375797271729,-8.149072527885437e-10,0.3973839282989502,0.00017484662576687114,-0.9029773473739624
206,843776,543.5,1585.2,2.44,0.14,80,1.0,183,0.8688524590163934,186,161,6,18,1,0,0,131,-3.968238494523834,22.344086021505376,0.025244735181331635,0.0,-0.003309100307524204,21.72925729751587,2.061526823043823,0.0,0.008818341232836247,0.121728515625,8.47447304725647,-9.313225746154785e-10,0.3265334367752075,0.00017423312883435582,-0.9043382406234741
207,847872,546.2,1519.2,2.55,0.15,80,1.0,366,0.8387978142076503,183,148,8,23,4,0,0,130,-3.9414849762250284,22.136612021857925,-0.027157576754689217,0.0,-0.005904330965131521,24.794970321655274,2.055579090118408,0.0,0.009486709427437744,0.12880859375,8.972712421417237,-2.270098775625229e-09,0.2988245487213135,0.0001736196319018405,-0.9059019684791565
208,851968,548.8,1615.6,2.4,0.14,80,1.0,39,0.8461538461538461,185,149,14,20,2,0,0,124,-3.894350067631365,21.972972972972972,-0.0217170100659132,0.0,-0.004362259525805712,25.99109020233154,2.049745202064514,0.0,0.009566075983457267,0.128173828125,8.07324686050415,-2.3283064365386963e-10,0.30086034536361694,0.00017300613496932515,-0.9070131778717041
209,856064,551.4,1578.7,2.45,0.14,80,1.0,224,0.7991071428571429,185,146,11,22,6,0,0,123,-3.969051046903704,22.302702702702703,-0.0469873771071434,0.0,-0.005729886051267385,27.098327541351317,2.045381236076355,0.0,0.011300800563185475,0.15244140625,8.71164915561676,-7.566995918750763e-10,0.2733840346336365,0.00017239263803680977,-0.9082921147346497
210,860160,554.0,1575.0,2.46,0.14,80,1.0,406,0.8078817733990148,182,149,14,17,2,0,0,125,-3.8184394720058497,22.543956043956044,-0.0077032893896102905,0.0,-0.004461898794397711,24.898901653289794,2.0395214438438414,0.0,0.006976829457562417,0.0921875,9.570431637763978,-5.238689482212067e-10,0.26063936948776245,0.00017177914110429445,-0.9100539684295654
211,864256,556.6,1552.6,2.49,0.14,80,1.0,77,0.8441558441558441,183,153,11,18,1,0,0,131,-3.9557694022211445,22.174863387978142,0.001492142677307129,0.0,-0.006009439611807466,23.082393598556518,2.032266676425934,0.0,0.00881502844276838,0.12158203125,8.96431474685669,-5.820766091346741e-10,0.25504451990127563,0.00017116564417177913,-0.9116647839546204
212,868352,559.2,1585.0,2.44,0.14,80,1.0,259,0.8494208494208494,182,155,6,21,0,0,0,135,-3.8516725315589846,22.664835164835164,0.02064237743616104,0.0,-0.0041586040984839204,21.4617458820343,2.026870334148407,0.0,0.009725717050605454,0.131982421875,9.210784792900085,-4.0745362639427185e-10,0.326294481754303,0.00017055214723926378,-0.9127588272094727
213,872448,561.8,1585.9,2.44,0.14,80,1.0,439,0.8451025056947609,180,151,8,16,5,0,0,129,-3.942702593214829,22.633333333333333,-8.778367191553116e-05,0.0,-0.004711136408150196,21.452474737167357,2.023131477832794,0.0,0.009099282001261599,0.121533203125,8.825096154212952,-8.149072527885437e-10,0.3165270686149597,0.00016993865030674846,-0.9136362075805664
214,876544,564.3,1621.0,2.38,0.15,80,1.0,103,0.8640776699029126,176,152,10,11,3,0,0,130,-3.857492215921706,23.198863636363637,0.01766200363636017,0.0,-0.006515395920723676,19.44955677986145,2.0184722900390626,0.0,0.01028216708509717,0.140869140625,8.359693884849548,-7.566995918750763e-10,0.3539394736289978,0.00016932515337423314,-0.9152516722679138
215,880640,567.0,1540.5,2.51,0.15,80,1.0,286,0.8601398601398601,183,157,8,16,2,0,0,133,-3.7975824775371256,22.579234972677597,0.012729241512715816,0.0,-0.007231863029301166,20.406159687042237,2.010850739479065,0.0,0.011625752341933549,0.156494140625,8.052609014511109,-9.313225746154785e-10,0.3343998193740845,0.0001687116564417178,-0.9171101450920105
216,884736,569.6,1535.6,2.52,0.14,80,1.0,465,0.8408602150537634,179,145,14,17,3,0,0,127,-3.779350557431143,23.050279329608937,-0.01808057725429535,0.0,-0.0025599000975489615,25.094876194000243,2.0050402522087096,0.0,0.007801427019876428,0.103662109375,9.286712861061096,-1.0477378964424133e-09,0.23824208974838257,0.0001680981595092024,-0.9182829856872559
217,888832,572.2,1579.3,2.45,0.14,80,1.0,129,0.8449612403100775,176,150,10,15,1,0,0,126,-3.8505607721050925,22.727272727272727,0.020785197615623474,0.0,-0.005394331365823746,20.723972654342653,1.9994626104831696,0.0,0.009363021986791864,0.133837890625,7.233023071289063,-9.89530235528946e-10,0.3136388659477234,0.0001674846625766871,-0.9199777245521545
218,892928,574.8,1576.5,2.46,0.14,80,1.0,312,0.8782051282051282,183,165,5,11,2,0,0,139,-3.8978792445775716,22.65573770491803,0.07492019236087799,0.0,-0.0029947586357593537,15.247362995147705,1.9931736826896667,0.0,0.011575922314659693,0.150732421875,7.1248949527740475,-7.566995918750763e-10,0.3710225820541382,0.00016687116564417177,-0.9213367700576782
219,897024,577.5,1552.5,2.49,0.15,80,1.0,493,0.8681541582150102,181,154,5,22,0,0,0,133,-3.7869070847750486,22.977900552486187,0.028968090191483498,0.0,-0.004454925796017051,20.7695912361145,1.988557267189026,0.0,0.00923640227119904,0.12841796875,9.847561156749725,0.0,0.34908634424209595,0.00016625766871165642,-0.9222755432128906
220,901120,580.1,1556.0,2.48,0.15,80,1.0,159,0.8867924528301887,178,159,5,11,3,0,0,141,-3.956494478882235,22.662921348314608,0.06482982635498047,0.0,-0.005478985980153084,16.73165616989136,1.9847450137138367,0.0,0.008485444722464309,0.111181640625,8.44675943851471,-3.4924596548080444e-10,0.4030305743217468,0.00016564417177914107,-0.9234033823013306
221,905216,582.7,1573.6,2.45,0.15,80,1.0,340,0.8794117647058823,181,158,8,13,2,0,0,134,-3.8553417417203044,22.756906077348066,0.04653562605381012,0.0,-0.0047704026568681,19.88265690803528,1.9795265436172484,0.0,0.008622412392287514,0.119921875,8.521883535385133,-9.313225746154785e-10,0.32714539766311646,0.00016503067484662578,-0.9246970415115356
222,909312,585.3,1621.8,2.39,0.14,80,1.0,13,0.8461538461538461,185,155,10,15,5,0,0,138,-4.100411158878675,22.07027027027027,0.04237370938062668,0.0,-0.00573152496945113,22.753725051879883,1.9747781991958617,0.0,0.007331499490828719,0.09921875,10.50720019340515,-1.6880221664905548e-09,0.3052440881729126,0.00016441717791411043,-0.9259650707244873
223,913408,587.9,1538.8,2.51,0.15,80,1.0,192,0.875,179,157,8,13,1,0,0,139,-3.823442520071174,22.793296089385475,0.05863609164953232,0.0,-0.005388261424377561,20.00328950881958,1.9681158900260924,0.0,0.010164047361467966,0.140283203125,7.836786377429962,-6.984919309616089e-10,0.3350733518600464,0.00016380368098159505,-0.927942156791687
224,917504,590.6,1517.4,2.55,0.15,80,1.0,375,0.8533333333333334,183,152,10,18,3,0,0,134,-3.747614126864746,22.743169398907103,0.025719329714775085,0.0,-0.004431798588484526,22.802813625335695,1.9598098874092102,0.0,0.011914757108024787,0.163623046875,8.216660451889037,-7.275957614183426e-10,0.2751723527908325,0.00016319018404907973,-0.9300979375839233
225,921600,593.3,1541.5,2.52,0.14,80,1.0,46,0.8478260869565217,183,157,7,14,5,0,0,139,-3.9334211609148544,22.08743169398907,0.029186304658651352,0.0,-0.005013735312968492,19.994035482406616,1.9530190408229828,0.0,0.009745313113671727,0.135595703125,8.759164452552795,-1.8044374883174896e-09,0.37370532751083374,0.0001625766871165644,-0.931045413017273
226,925696,595.9,1564.3,2.48,0.14,80,1.0,229,0.8733624454148472,183,161,4,14,4,0,0,149,-3.903138323769582,22.218579234972676,0.0670076459646225,0.0,-0.0034882186912000178,18.976535749435424,1.9509482324123382,0.0,0.011415663140360266,0.15654296875,8.377644968032836,-1.280568540096283e-09,0.3375436067581177,0.00016196319018404906,-0.9313682317733765
227,929792,598.6,1553.0,2.49,0.15,80,1.0,408,0.875,179,157,6,15,1,0,0,138,-3.7540394017688286,23.089385474860336,0.027836866676807404,0.0,-0.0038220797665417193,18.982923889160155,1.9495168566703795,0.0,0.009594893825124018,0.13134765625,9.29731879234314,-1.4551915228366852e-09,0.3774101734161377,0.0001613496932515337,-0.9317287802696228
228,933888,601.1,1604.8,2.41,0.14,80,1.0,73,0.8493150684931506,177,157,5,14,1,0,0,135,-3.7278793990763686,22.983050847457626,0.04895680397748947,0.0,-0.004907650966197252,17.13278398513794,1.9465157032012939,0.0,0.009399208347895182,0.130419921875,7.227252471446991,-9.89530235528946e-10,0.39465993642807007,0.0001607361963190184,-0.9332689046859741
229,937984,603.6,1631.3,2.36,0.15,80,1.0,259,0.8687258687258688,186,163,4,15,4,0,0,140,-3.861925947439794,22.322580645161292,0.06134352087974548,0.0,-0.005008206656202674,16.431120777130126,1.939052402973175,0.0,0.00853295105334837,0.1146484375,7.536224365234375,1.1641532182693481e-10,0.3470526933670044,0.00016012269938650307,-0.9350695610046387
230,942080,606.5,1453.5,2.67,0.15,80,1.0,440,0.8681818181818182,181,157,6,15,3,0,0,132,-3.9092054126503264,22.701657458563535,0.04807407781481743,0.0,-0.005107164569199085,21.949217891693117,1.9331434428691865,0.0,0.00802772823954001,0.10859375,8.322069597244262,-7.566995918750763e-10,0.2992267608642578,0.00015950920245398772,-0.9361692667007446
231,946176,609.2,1519.2,2.55,0.14,80,1.0,110,0.9090909090909091,182,161,5,13,3,0,0,136,-3.7961663264075014,22.532967032967033,0.06516420841217041,0.0,-0.00554710035212338,17.22959451675415,1.928526896238327,0.0,0.007734171937045176,0.10244140625,8.028578102588654,-2.35741026699543e-09,0.32523393630981445,0.0001588957055214724,-0.937742292881012
232,950272,611.9,1519.0,2.55,0.15,80,1.0,291,0.9037800687285223,181,163,10,7,1,0,0,144,-3.8623100902521226,22.596685082872927,0.11330544948577881,0.0,-0.004625720344483853,15.841248273849487,1.920506578683853,0.0,0.011287600657669827,0.155322265625,7.638248801231384,-1.7462298274040222e-09,0.3190525770187378,0.00015828220858895705,-0.9398731589317322
233,954368,614.4,1609.4,2.4,0.15,80,1.0,468,0.8760683760683761,177,147,10,18,2,0,0,132,-3.8682317428756194,22.870056497175142,0.020433664321899414,0.0,-0.0058039984665811065,23.574439430236815,1.913354766368866,0.0,0.007374200946651399,0.094677734375,11.14479603767395,-1.6298145055770874e-09,0.32308846712112427,0.0001576687116564417,-0.9412404894828796
234,958464,617.1,1522.5,2.54,0.15,80,1.0,137,0.8613138686131386,181,159,5,15,2,0,0,147,-3.927050483870827,22.76795580110497,0.07168145477771759,0.0,-0.006103952880948782,18.885266399383546,1.9087966203689575,0.0,0.007079837810306344,0.094091796875,8.46995668411255,-1.6880221664905548e-09,0.35056984424591064,0.00015705521472392635,-0.9423949122428894
235,962560,619.7,1577.1,2.45,0.15,80,1.0,320,0.871875,183,161,6,16,0,0,0,136,-3.803674434167415,21.846994535519126,0.07941760122776031,0.0,-0.004669016413390637,17.855617094039918,1.9040536284446716,0.0,0.00931431956414599,0.12841796875,8.177696561813354,-5.820766091346741e-10,0.28631293773651123,0.00015644171779141103,-0.9434185028076172
236,966656,622.3,1602.9,2.41,0.15,80,1.0,0,,192,164,6,16,6,0,0,148,-4.038700414365395,21.765625,0.08137980103492737,0.0,-0.005447931960225106,20.618192863464355,1.9004125595092773,0.0,0.007609373694867827,0.09990234375,9.153020071983338,8.149072527885437e-10,0.32427889108657837,0.0001558282208588957,-0.9443122148513794
237,970752,624.9,1558.3,2.48,0.15,80,1.0,182,0.9230769230769231,182,168,3,9,2,0,0,143,-3.904107043370319,22.576923076923077,0.12244552373886108,0.0,-0.006529067363590002,13.387765693664551,1.8967309236526488,0.0,0.008497137694212143,0.121484375,9.203317046165466,-1.4260876923799515e-09,0.41514384746551514,0.00015521472392638036,-0.9453524351119995
238,974848,627.5,1600.1,2.41,0.15,80,1.0,363,0.8760330578512396,181,150,7,20,4,0,0,133,-4.069068570369066,22.447513812154696,0.02086804434657097,0.0,-0.004344644118100404,22.86198091506958,1.8918477177619935,0.0,0.008301832154393196,0.11240234375,10.261619997024535,-1.2223608791828156e-09,0.2961111068725586,0.00015460122699386504,-0.9466553926467896
239,978944,630.1,1538.3,2.51,0.15,80,1.0,26,0.8461538461538461,175,143,12,19,1,0,0,118,-3.680424733452623,23.565714285714286,-0.008393386378884315,0.0,-0.0038079602643847467,22.74778356552124,1.8859710216522216,0.0,0.007882067942409776,0.103515625,9.588260889053345,-1.862645149230957e-09,0.32405489683151245,0.00015398773006134971,-0.9484087228775024
240,983040,632.7,1589.0,2.43,0.15,80,1.0,219,0.8858447488584474,193,172,6,12,3,0,0,152,-4.0856125712309375,21.378238341968913,0.11185570061206818,0.0,-0.005531194526702166,16.579487752914428,1.8795757651329041,0.0,0.008278064773185179,0.11455078125,8.877790236473084,-3.4924596548080444e-10,0.36842548847198486,0.00015337423312883434,-0.9495680928230286
241,987136,635.4,1524.9,2.54,0.14,80,1.0,402,0.8706467661691543,183,156,9,18,0,0,0,130,-3.929955826281769,22.21311475409836,0.07684586942195892,0.0,-0.004546075221151113,19.336984968185426,1.8755990266799927,0.0,0.0063254225446144115,0.07880859375,10.648240804672241,5.820766091346741e-11,0.30996769666671753,0.000152760736196319,-0.9505510926246643
242,991232,638.0,1616.6,2.39,0.15,80,1.0,71,0.8591549295774648,181,161,7,12,1,0,0,145,-3.9361199044000377,22.607734806629836,0.06861943751573563,0.0,-0.00870482176542282,15.543453598022461,1.8721448302268981,0.0,0.010310416304855607,0.141064453125,7.868296480178833,1.1641532182693481e-10,0.412639856338501,0.00015214723926380367,-0.9512133002281189
243,995328,640.5,1603.9,2.41,0.15,80,1.0,259,0.8841698841698842,188,168,8,8,4,0,0,149,-4.0362035835818615,21.585106382978722,0.09647680819034576,0.0,-0.005475781392306089,17.57510495185852,1.8687732100486756,0.0,0.010128486654139124,0.140625,9.205017447471619,-1.1059455573558807e-09,0.3195662498474121,0.00015153374233128835,-0.9524144530296326
244,999424,643.1,1584.2,2.44,0.15,80,1.0,452,0.8738938053097345,193,166,6,19,2,0,0,147,-4.185806016703642,21.523316062176164,0.06673982739448547,0.0,-0.0040221526753157376,19.72877469062805,1.8627723157405853,0.0,0.007091280219901819,0.093115234375,8.723110163211823,-1.0186340659856796e-09,0.3256581425666809,0.000150920245398773,-0.9541187286376953
245,1003520,645.8,1522.4,2.54,0.15,80,1.0,123,0.7804878048780488,183,145,9,24,5,0,0,120,-4.0799035089176705,22.37704918032787,-0.013111473992466927,0.0,-0.0070382506819441915,26.554822540283205,1.856839233636856,0.0,0.007442551858548541,0.10322265625,10.807343816757202,-5.820766091346741e-10,0.2541447877883911,0.00015030674846625762,-0.9553199410438538
246,1007616,648.4,1568.8,2.46,0.15,80,1.0,320,0.80625,197,162,10,18,7,0,0,135,-4.081903642435917,20.624365482233504,0.05875153839588165,0.0,-0.004470585053786636,23.766901111602785,1.8523686110973359,0.0,0.008126608768361621,0.1078125,10.404810070991516,1.4551915228366852e-10,0.27133709192276,0.0001496932515337423,-0.956475019454956
247,1011712,651.0,1580.9,2.44,0.15,80,1.0,502,0.8326693227091634,182,160,6,14,2,0,0,129,-3.979541428947787,22.346153846153847,0.051552120596170425,0.0,-0.005277082696557045,19.254142427444457,1.8474420130252838,0.0,0.006241678539663553,0.0814453125,9.512217283248901,-2.735760062932968e-09,0.35835617780685425,0.00014907975460122698,-0.9578101634979248
248,1015808,653.6,1588.8,2.43,0.15,80,1.0,178,0.8370786516853933,188,157,9,17,5,0,0,131,-4.020868302740612,22.0,0.029684025794267654,0.0,-0.006718754582107067,21.296379470825194,1.842506504058838,0.0,0.007652684993809089,0.10185546875,7.839539098739624,-8.731149137020111e-10,0.3520829677581787,0.00014846625766871163,-0.9587342143058777
249,1019904,656.1,1604.5,2.4,0.15,80,1.0,367,0.8555858310626703,189,165,8,16,0,0,0,141,-4.149150459993994,21.85185185185185,0.09457899630069733,0.0,-0.005976119311526418,18.712135601043702,1.838945609331131,0.0,0.008779316485743038,0.1185546875,9.043089890480042,-7.566995918750763e-10,0.39026308059692383,0.0001478527607361963,-0.9598283767700195
250,1024000,658.7,1623.9,2.37,0.15,80,1.0,33,0.8181818181818182,178,155,9,11,3,0,0,136,-3.9493129341257327,22.803370786516854,0.05390917509794235,0.0,-0.0038200666662305594,20.024332141876222,1.8342723488807677,0.0,0.006915733257483225,0.08828125,9.983502721786499,2.6193447411060333e-10,0.35813379287719727,0.00014723926380368098,-0.9610000252723694
251,1028096,661.3,1540.2,2.52,0.14,80,1.0,216,0.8888888888888888,183,165,6,10,2,0,0,146,-3.968094455509954,22.23497267759563,0.11154209077358246,0.0,-0.005217110924422741,15.362167143821717,1.829629945755005,0.0,0.00845704240782652,0.1123046875,10.277712845802307,-2.153683453798294e-09,0.3983766436576843,0.00014662576687116564,-0.9621212482452393
252,1032192,664.1,1502.6,2.58,0.15,80,1.0,398,0.8492462311557789,182,146,8,24,4,0,0,122,-4.006436153658956,22.615384615384617,-0.00091567263007164,0.0,-0.006071211025118828,23.95431981086731,1.8258239209651947,0.0,0.008800733936368488,0.1212890625,12.075521874427796,-1.8335413187742233e-09,0.3146483898162842,0.00014601226993865031,-0.9627928733825684
253,1036288,666.8,1530.5,2.53,0.14,80,1.0,75,0.88,189,168,7,11,3,0,0,141,-3.9447402258600355,21.788359788359788,0.10147642344236374,0.0,-0.007893033884465694,16.914229345321655,1.8236965656280517,0.0,0.009421321107947734,0.12724609375,10.2317325592041,-1.0477378964424133e-09,0.4071940779685974,0.00014539877300613494,-0.9633108973503113
254,1040384,669.4,1542.3,2.51,0.15,80,1.0,260,0.85,185,155,9,17,4,0,0,139,-3.9388251516106574,22.043243243243243,0.04139133170247078,0.0,-0.005013973359018565,21.062536907196044,1.8199386954307557,0.0,0.009029351525532548,0.1236328125,8.618084692955017,-1.1932570487260818e-09,0.3543776869773865,0.00014478527607361962,-0.9647486805915833
255,1044480,672.0,1617.3,2.39,0.14,80,1.0,447,0.854586129753915,187,161,8,15,3,0,0,140,-4.11471701262708,21.74866310160428,0.10174986720085144,0.0,-0.002598986867815256,19.99857053756714,1.8148976981639862,0.0,0.009162172130891122,0.125634765625,10.853993654251099,-1.3387762010097504e-09,0.31483352184295654,0.00014417177914110427,-0.9656535983085632
256,1048576,674.6,1537.3,2.52,0.15,80,1.0,124,0.8951612903225806,189,165,6,17,1,0,0,137,-3.957907077899166,21.804232804232804,0.09567048400640488,0.0,-0.0029109005816280844,19.37112307548523,1.8109959006309508,0.0,0.00762009487953037,0.100439453125,9.785895466804504,-6.984919309616089e-10,0.29476475715637207,0.00014355828220858895,-0.96699458360672
257,1052672,677.3,1543.6,2.51,0.15,80,1.0,313,0.8402555910543131,189,152,10,21,6,0,0,130,-4.1358634034260335,21.513227513227513,0.02362162247300148,0.0,-0.004022941458970308,23.814041423797608,1.8054430186748505,0.0,0.009640220391156617,0.133056640625,11.364517784118652,-1.1350493878126144e-09,0.34271520376205444,0.0001429447852760736,-0.9679765105247498
258,1056768,680.0,1484.7,2.61,0.15,80,1.0,503,0.8489065606361829,190,164,7,17,2,0,0,142,-4.026364326505381,21.91578947368421,0.08544667065143585,0.0,-0.00529913529753685,19.938618469238282,1.8020963311195373,0.0,0.008304163377033547,0.115380859375,10.19655466079712,-6.402842700481415e-10,0.2987223267555237,0.00014233128834355828,-0.9690325260162354
259,1060864,682.7,1573.2,2.46,0.15,80,1.0,176,0.8806818181818182,185,164,5,16,0,0,0,147,-3.9866733521851607,21.897297297297296,0.1120707169175148,0.0,-0.005426254915073514,17.330672597885133,1.7970930278301238,0.0,0.0070600444261799565,0.089208984375,9.026337122917175,-1.6880221664905548e-09,0.3703805208206177,0.00014171779141104295,-0.9703550338745117
260,1064960,685.2,1586.5,2.43,0.15,80,1.0,360,0.8583333333333333,184,154,7,20,3,0,0,122,-3.6885567352063258,22.315217391304348,0.027346566319465637,0.0,-0.005276953894644975,22.734577465057374,1.792687976360321,0.0,0.008381591783836484,0.114453125,9.714120626449585,-1.979060471057892e-09,0.3100498914718628,0.00014110429447852758,-0.9711578488349915
261,1069056,688.0,1513.9,2.56,0.15,80,1.0,38,0.7894736842105263,190,168,3,15,4,0,0,144,-3.9691559954719517,21.789473684210527,0.11851577460765839,0.0,-0.005457537714391947,17.13261775970459,1.7891765058040618,0.0,0.008237469046434853,0.10888671875,8.4152827501297,-9.604264050722122e-10,0.34421491622924805,0.00014049079754601226,-0.9722055196762085
262,1073152,690.7,1507.3,2.57,0.15,80,1.0,227,0.8766519823788547,189,169,9,8,3,0,0,150,-3.9676381604127022,21.613756613756614,0.12810391187667847,0.0,-0.0077424290589988235,16.22733392715454,1.7854392170906066,0.0,0.009895322818192654,0.1345703125,9.052842283248902,-1.862645149230957e-09,0.3667358160018921,0.0001398773006134969,-0.972870409488678
263,1077248,693.3,1577.0,2.45,0.15,80,1.0,408,0.8823529411764706,181,161,6,12,2,0,0,145,-4.021132577624208,22.248618784530386,0.09787864983081818,0.0,-0.006047191563993692,16.72222943305969,1.7826959788799286,0.0,0.010289227520115674,0.139404296875,8.092596077919007,-1.6007106751203537e-09,0.3872837424278259,0.00013926380368098159,-0.973857045173645
264,1081344,695.9,1563.0,2.47,0.15,80,1.0,83,0.8795180722891566,187,165,3,16,3,0,0,146,-3.9813638686810524,22.02139037433155,0.11363007873296738,0.0,-0.0030958008021116255,18.193055820465087,1.7779619812965393,0.0,0.010261077639006544,0.1275390625,9.342372226715089,-2.066371962428093e-09,0.3241613507270813,0.00013865030674846624,-0.9751545190811157
265,1085440,698.5,1571.8,2.46,0.15,80,1.0,270,0.8814814814814815,187,165,7,13,2,0,0,148,-3.881732397639254,21.844919786096256,0.11093714833259583,0.0,-0.006557899247854948,18.082118034362793,1.7731053173542022,0.0,0.008204948825004976,0.116552734375,10.292209553718568,-9.604264050722122e-10,0.2896277904510498,0.00013803680981595091,-0.9761543869972229
266,1089536,701.2,1550.2,2.49,0.15,80,1.0,458,0.8755458515283843,188,163,3,17,5,0,0,141,-3.958493004547817,22.0,0.0843924805521965,0.0,-0.006891909707337618,18.04429488182068,1.769513601064682,0.0,0.0075684672949137164,0.10087890625,10.94211699962616,-8.149072527885437e-10,0.29712456464767456,0.00013742331288343557,-0.9769795536994934
267,1093632,703.8,1536.2,2.52,0.15,80,1.0,125,0.888,179,157,6,13,3,0,0,136,-3.7681217021993323,22.75977653631285,0.0843648612499237,0.0,-0.005461259605363011,15.771017074584961,1.7659168481826781,0.0,0.0072793507162714375,0.09453125,7.676066064834595,-1.8044374883174896e-09,0.3686283826828003,0.00013680981595092024,-0.9781352281570435
268,1097728,706.4,1618.9,2.38,0.15,80,1.0,310,0.867741935483871,185,158,4,19,4,0,0,134,-3.8976450815415533,22.09189189189189,0.07686027884483337,0.0,-0.007755641359835863,19.619148397445677,1.7605071842670441,0.0,0.009731044100772124,0.131298828125,7.960519576072693,-1.4260876923799515e-09,0.2961423397064209,0.00013619631901840492,-0.979539155960083
269,1101824,708.9,1600.6,2.41,0.15,80,1.0,501,0.8682634730538922,191,166,6,16,3,0,0,144,-3.985495281937359,21.76439790575916,0.10281515121459961,0.0,-0.004944867454469204,19.51911029815674,1.7549794912338257,0.0,0.009308965218951925,0.127392578125,7.525863671302796,0.0,0.3095340132713318,0.00013558282208588955,-0.980933427810669
270,1105920,711.7,1501.8,2.58,0.14,80,1.0,177,0.8870056497175142,188,165,10,11,2,0,0,142,-4.0828050457192235,21.606382978723403,0.1162615716457367,0.0,-0.006338341347873211,18.02050471305847,1.7491537809371949,0.0,0.010067210314446129,0.13134765625,8.831046652793884,-9.89530235528946e-10,0.3294568657875061,0.00013496932515337422,-0.982418417930603
271,1110016,714.4,1511.2,2.56,0.15,80,1.0,361,0.889196675900277,184,164,8,8,4,0,0,137,-3.7935541171855096,22.28804347826087,0.10132528096437454,0.0,-0.010168689768761396,15.781095361709594,1.7432612478733063,0.0,0.013933680416084827,0.19306640625,7.56537013053894,-1.0477378964424133e-09,0.4161521792411804,0.00013435582822085888,-0.983842134475708
272,1114112,717.1,1499.1,2.59,0.14,80,1.0,32,0.90625,183,159,6,16,2,0,0,134,-3.9925750563388562,22.295081967213115,0.07608524709939957,0.0,-0.005537161976099015,20.31133904457092,1.7387137353420257,0.0,0.008320908900350333,0.11337890625,11.459424591064453,2.3283064365386963e-10,0.26929372549057007,0.00013374233128834355,-0.9846987724304199
273,1118208,719.9,1469.6,2.65,0.14,80,1.0,218,0.908256880733945,186,169,3,13,1,0,0,157,-3.974372580432474,22.123655913978496,0.15286341309547424,0.0,-0.00555188711732626,13.078748035430909,1.7348954141139985,0.0,0.007036773044092115,0.09296875,7.881109738349915,-1.1641532182693481e-09,0.41693514585494995,0.0001331288343558282,-0.9859768152236938
274,1122304,722.7,1495.7,2.59,0.15,80,1.0,407,0.8869778869778869,189,163,10,14,2,0,0,146,-3.8149210630356696,21.82010582010582,0.09497931599617004,0.0,-0.004789363360032439,19.735862684249877,1.7293079257011414,0.0,0.008498236202285625,0.11748046875,9.242342209815979,-4.0745362639427185e-10,0.25621503591537476,0.00013251533742331288,-0.9871995449066162
275,1126400,725.2,1598.7,2.41,0.15,80,1.0,78,0.8974358974358975,183,156,8,16,3,0,0,133,-3.828451499408909,22.224043715846996,0.054596398025751114,0.0,-0.0077005292288959025,21.144370746612548,1.7249850690364839,0.0,0.009570120420539752,0.127099609375,10.202953267097474,-9.313225746154785e-10,0.3390365242958069,0.00013190184049079756,-0.9882330894470215
276,1130496,727.9,1523.4,2.54,0.14,80,1.0,261,0.8659003831417624,183,156,9,13,5,0,0,146,-3.8419514468025944,22.23497267759563,0.08288011699914932,0.0,-0.00564811509102583,19.28794870376587,1.7207111537456512,0.0,0.010172876903379802,0.1361328125,8.77905740737915,-1.367880031466484e-09,0.33969569206237793,0.00013128834355828219,-0.989371120929718
277,1134592,730.5,1557.9,2.49,0.14,80,1.0,452,0.8716814159292036,191,168,3,13,7,0,0,144,-4.0181868355199,21.607329842931936,0.11410810053348541,0.0,-0.006335385423153639,17.404541873931883,1.7167002320289613,0.0,0.008214112906716763,0.112158203125,10.862516474723815,-8.731149137020111e-10,0.3145242929458618,0.00013067484662576686,-0.9900903701782227
278,1138688,733.3,1496.8,2.59,0.15,80,1.0,124,0.9032258064516129,184,167,4,12,1,0,0,145,-3.812736807920966,22.168478260869566,0.13971970975399017,0.0,-0.005814233655110001,14.200114011764526,1.7137067317962646,0.0,0.009573624291806481,0.1275390625,7.895793676376343,-2.9103830456733704e-10,0.3148035407066345,0.00013006134969325152,-0.9910885095596313
279,1142784,736.0,1505.9,2.57,0.15,80,1.0,307,0.8957654723127035,183,163,5,13,2,0,0,144,-3.924123362672469,22.57377049180328,0.10812491178512573,0.0,-0.008137296233326197,16.007075929641722,1.7084512889385224,0.0,0.011720167723251507,0.16103515625,8.504511523246766,-1.7462298274040222e-10,0.34184426069259644,0.0001294478527607362,-0.9927346706390381
280,1146880,738.8,1490.5,2.61,0.14,80,1.0,490,0.8836734693877552,183,158,3,20,2,0,0,138,-3.9584265621458457,22.327868852459016,0.0974559634923935,0.0,-0.006372039671987295,19.295116806030272,1.7024329841136931,0.0,0.00820055635413155,0.11083984375,9.877570319175721,-1.5133991837501526e-09,0.26922595500946045,0.00012883435582822084,-0.9938300848007202
281,1150976,741.4,1538.3,2.51,0.15,80,1.0,161,0.906832298136646,183,167,6,9,1,0,0,148,-3.8523234124726797,22.420765027322403,0.14010629057884216,0.0,-0.006550558377057314,13.624003672599793,1.6983025908470153,0.0,0.007759209412324708,0.10185546875,8.073108577728272,-1.3969838619232178e-09,0.38722991943359375,0.00012822085889570552,-0.9950060248374939
282,1155072,744.1,1558.5,2.48,0.15,80,1.0,352,0.9034090909090909,191,172,7,9,3,0,0,154,-4.053156844103614,21.277486910994764,0.1525406688451767,0.0,-0.005669129779562354,15.3219162940979,1.6943429708480835,0.0,0.008354340032383334,0.113427734375,7.429153108596802,-4.94765117764473e-10,0.31076914072036743,0.00012760736196319015,-0.9956821203231812
283,1159168,746.7,1565.7,2.47,0.15,80,1.0,25,0.92,185,163,7,14,1,0,0,143,-3.977491389653453,22.286486486486485,0.10707838833332062,0.0,-0.0044346286449581385,17.921160793304445,1.6910383701324463,0.0,0.007297082379227504,0.098486328125,9.153384375572205,-8.149072527885437e-10,0.34974879026412964,0.00012699386503067483,-0.9968432188034058
284,1163264,749.2,1617.4,2.39,0.14,80,1.0,208,0.8990384615384616,183,164,8,10,1,0,0,148,-3.919260469475478,22.51912568306011,0.11562256515026093,0.0,-0.00612657805904746,16.48760151863098,1.68564316034317,0.0,0.012155226575850974,0.167822265625,6.7859272956848145,-4.94765117764473e-10,0.32916051149368286,0.0001263803680981595,-0.9981808662414551
285,1167360,751.8,1609.0,2.4,0.15,80,1.0,398,0.8969849246231156,190,170,7,13,0,0,0,156,-4.197147624804525,21.678947368421053,0.15136682987213135,0.0,-0.0069865193916484715,16.32662343978882,1.6804664194583894,0.0,0.010519991503679193,0.142919921875,7.847383594512939,-6.402842700481415e-10,0.3591075539588928,0.00012576687116564415,-0.999497652053833
286,1171456,754.3,1627.0,2.37,0.15,80,1.0,68,0.8235294117647058,182,157,8,13,4,0,0,145,-4.005562984115935,22.34065934065934,0.08422903716564178,0.0,-0.004753460641950369,19.01018385887146,1.6757182955741883,0.0,0.008691001844999846,0.1138671875,8.382679462432861,-2.270098775625229e-09,0.3291361331939697,0.00012515337423312883,-1.0005362033843994
287,1175552,756.8,1619.5,2.39,0.14,80,1.0,258,0.8527131782945736,190,164,10,13,3,0,0,152,-4.139595420123891,21.778947368421054,0.11924463510513306,0.0,-0.004693238390609622,20.11747841835022,1.6713172495365143,0.0,0.00786375587922521,0.1064453125,8.457952427864075,-1.280568540096283e-09,0.2988163232803345,0.00012453987730061348,-1.001817226409912
288,1179648,759.5,1544.6,2.5,0.15,80,1.0,437,0.8787185354691075,179,164,6,7,2,0,0,147,-3.8899966002404778,22.223463687150836,0.1226789578795433,0.0,-0.006736449245363474,13.240367221832276,1.666148191690445,0.0,0.00880428738455521,0.11748046875,8.127860569953919,-2.9103830456733704e-10,0.39990234375,0.00012392638036809816,-1.003059983253479
289,1183744,762.1,1543.8,2.51,0.15,80,1.0,111,0.8648648648648649,186,161,10,12,3,0,0,135,-3.766382143709929,22.118279569892472,0.10690907388925552,0.0,-0.005159122846089303,19.238976001739502,1.6615936219692231,0.0,0.008947577117942274,0.1255859375,8.123543095588683,-1.2223608791828156e-09,0.2937975525856018,0.0001233128834355828,-1.004145860671997
290,1187840,764.8,1571.7,2.46,0.15,80,1.0,299,0.903010033444816,188,174,3,8,3,0,0,154,-3.843548283207988,21.99468085106383,0.1646304428577423,0.0,-0.005810738168656826,12.291722702980042,1.6567918181419372,0.0,0.009542668689391576,0.1298828125,8.055480933189392,-2.5029294192790985e-09,0.3772770166397095,0.00012269938650306746,-1.0053677558898926
291,1191936,767.4,1572.8,2.46,0.15,80,1.0,483,0.906832298136646,184,168,4,8,4,0,0,154,-3.741975148391709,22.097826086956523,0.1514194905757904,0.0,-0.005717900162562728,12.566340351104737,1.6516517460346223,0.0,0.008633106775232591,0.118896484375,7.1336569547653195,-4.656612873077393e-10,0.423775315284729,0.00012208588957055212,-1.0067306756973267
292,1196032,770.0,1586.9,2.43,0.15,80,1.0,156,0.9166666666666666,185,170,4,10,1,0,0,151,-3.9396191277954573,22.124324324324323,0.17678435146808624,0.0,-0.0067411451600492,11.912817549705505,1.6460537552833556,0.0,0.009773784523713403,0.13681640625,6.971124982833862,-1.2223608791828156e-09,0.42099809646606445,0.0001214723926380368,-1.0081868171691895
293,1200128,772.7,1507.4,2.58,0.14,80,1.0,340,0.9294117647058824,184,173,5,5,1,0,0,147,-3.952645257166334,22.26086956521739,0.17162993550300598,0.0,-0.005160101689398289,10.773452472686767,1.6411166727542876,0.0,0.009842215143726208,0.13359375,6.998735165596008,-4.0745362639427185e-10,0.4623250365257263,0.00012085889570552147,-1.0090384483337402
294,1204224,775.4,1532.3,2.53,0.15,80,1.0,17,1.0,189,168,6,11,4,0,0,147,-4.044420439835026,21.857142857142858,0.13995309174060822,0.0,-0.0050062520429492,17.159396934509278,1.6380168735980987,0.0,0.0105354684201302,0.147412109375,10.210653972625732,-1.6880221664905548e-09,0.2825995683670044,0.00012024539877300612,-1.0099352598190308
295,1208320,778.0,1531.6,2.53,0.15,80,1.0,199,0.9045226130653267,182,163,6,12,1,0,0,146,-3.8474462269121075,22.318681318681318,0.1519043892621994,0.0,-0.004409406706690789,15.782519149780274,1.6333555638790132,0.0,0.011542963660031092,0.156396484375,8.153874111175536,-1.4260876923799515e-09,0.3145943284034729,0.0001196319018404908,-1.011255145072937
296,1212416,780.7,1559.9,2.48,0.15,80,1.0,386,0.9041450777202072,187,169,3,11,4,0,0,148,-3.972239409772984,21.86631016042781,0.16045016050338745,0.0,-0.006679469114169478,13.785771226882934,1.6283132970333098,0.0,0.011591848493844736,0.164306640625,7.149580025672913,-1.1932570487260818e-09,0.3439061641693115,0.00011901840490797544,-1.012537956237793
297,1216512,783.2,1626.3,2.37,0.15,80,1.0,58,0.9482758620689655,184,164,6,13,1,0,0,140,-3.9744059191523196,22.21195652173913,0.1478288322687149,0.0,-0.0056904510129243135,16.922662496566772,1.622943937778473,0.0,0.009873613849049435,0.13251953125,10.098869156837463,-3.0850060284137726e-09,0.2888398766517639,0.00011840490797546012,-1.0139284133911133
298,1220608,785.8,1560.1,2.48,0.15,80,1.0,248,0.9193548387096774,190,173,2,14,1,0,0,154,-4.016493501317999,21.55263157894737,0.1909186989068985,0.0,-0.008096909569576382,14.400830698013305,1.6174084067344665,0.0,0.008245409124356229,0.113330078125,7.290824055671692,1.1641532182693481e-10,0.3480702042579651,0.00011779141104294476,-1.015336275100708
299,1224704,788.5,1543.8,2.5,0.15,80,1.0,437,0.919908466819222,189,174,6,8,1,0,0,150,-3.9090062343058123,21.804232804232804,0.17074896395206451,0.0,-0.006254055071622133,13.865540170669556,1.612328577041626,0.0,0.009304968338983598,0.13037109375,8.7067680478096,-1.1350493878126144e-09,0.36202889680862427,0.00011717791411042943,-1.0164010524749756
300,1228800,791.1,1576.3,2.45,0.15,80,1.0,113,0.9203539823008849,188,173,3,10,2,0,0,159,-3.9224264189994282,21.76595744680851,0.17254433035850525,0.0,-0.006242371071130038,14.457143211364746,1.6084291756153106,0.0,0.009998421509226318,0.143359375,7.311148524284363,-1.1932570487260818e-09,0.3350890278816223,0.00011656441717791411,-1.0173089504241943
301,1232896,793.7,1590.0,2.43,0.15,80,1.0,303,0.8976897689768977,190,168,8,12,2,0,0,151,-4.105089858520834,21.642105263157895,0.1306392252445221,0.0,-0.005283283069729805,18.538311195373534,1.6039937615394593,0.0,0.009405713224259671,0.132861328125,10.485856938362122,-2.4156179279088974e-09,0.2821037769317627,0.00011595092024539876,-1.0187597274780273
302,1236992,796.3,1559.2,2.48,0.15,80,1.0,485,0.8886597938144329,182,159,4,17,2,0,0,138,-3.971556351177127,22.318681318681318,0.11261162906885147,0.0,-0.005160370143130422,18.17727575302124,1.598432821035385,0.0,0.007370152496150695,0.099169921875,8.678088283538818,-9.89530235528946e-10,0.2697015404701233,0.00011533742331288344,-1.0198019742965698
303,1241088,799.0,1540.5,2.52,0.14,80,1.0,159,0.8867924528301887,186,168,6,10,2,0,0,147,-4.181509477145237,22.14516129032258,0.17116892337799072,0.0,-0.007076721824705601,15.033142709732056,1.5946268558502197,0.0,0.008015456612338313,0.1064453125,7.789300632476807,-1.0186340659856796e-09,0.3497368097305298,0.00011472392638036808,-1.0208511352539062
304,1245184,801.6,1553.8,2.5,0.14,80,1.0,346,0.8901734104046243,187,167,8,10,2,0,0,147,-4.082775922763469,21.79144385026738,0.15268085896968842,0.0,-0.007743711955845356,16.909128999710084,1.590617150068283,0.0,0.008777697916957549,0.120068359375,7.819669699668884,1.7462298274040222e-10,0.2912748456001282,0.00011411042944785276,-1.0216453075408936
305,1249280,804.2,1603.7,2.41,0.15,80,1.0,28,0.9285714285714286,194,164,6,18,6,0,0,145,-3.879476857085875,21.201030927835053,0.11189296841621399,0.0,-0.0038579046726226808,20.103130960464476,1.5873768985271455,0.0,0.007065897049324121,0.095947265625,9.680052542686463,-1.2223608791828156e-09,0.29182738065719604,0.00011349693251533741,-1.0226519107818604
306,1253376,806.7,1592.5,2.42,0.15,80,1.0,214,0.8644859813084113,186,159,5,15,7,0,0,143,-4.023165474112802,21.64516129032258,0.12260513752698898,0.0,-0.006227537896484137,18.873170852661133,1.582011306285858,0.0,0.007823583387653344,0.103564453125,8.899530243873595,-1.7462298274040222e-10,0.30378711223602295,0.00011288343558282207,-1.0243456363677979
307,1257472,809.3,1600.8,2.41,0.15,80,1.0,403,0.8808933002481389,189,170,4,13,2,0,0,149,-3.818975797197418,21.841269841269842,0.14511586725711823,0.0,-0.0057057681493461136,15.67331702709198,1.5762020468711853,0.0,0.008839489899401087,0.12216796875,10.139012241363526,-2.35741026699543e-09,0.34692323207855225,0.00011226993865030672,-1.0252628326416016
308,1261568,811.8,1648.8,2.34,0.14,80,1.0,78,0.8974358974358975,187,174,2,9,2,0,0,153,-4.037901136744463,21.97860962566845,0.19034844636917114,0.0,-0.004479193454608321,12.276759088039398,1.573316103219986,0.0,0.005705838766880333,0.071630859375,9.491650724411011,-2.6193447411060333e-09,0.3734482526779175,0.0001116564417177914,-1.0261142253875732
309,1265664,814.4,1574.7,2.45,0.15,80,1.0,269,0.8847583643122676,191,168,11,10,2,0,0,146,-3.9298978828296085,21.623036649214658,0.15825429558753967,0.0,-0.008743345551192761,18.145232820510863,1.569733190536499,0.0,0.010093442493234761,0.1263671875,8.378773760795593,-1.9208528101444244e-09,0.2707694172859192,0.00011104294478527608,-1.026733160018921
310,1269760,817.1,1499.3,2.58,0.15,80,1.0,461,0.8785249457700651,192,167,7,17,1,0,0,140,-3.9544317264684974,21.411458333333332,0.14094513654708862,0.0,-0.00440964107401669,18.473837852478027,1.5678756415843964,0.0,0.007131846531410702,0.09052734375,9.873885464668273,-1.2514647096395493e-09,0.25391775369644165,0.00011042944785276072,-1.0273133516311646
311,1273856,819.8,1528.6,2.53,0.14,80,1.0,134,0.9402985074626866,185,171,3,8,3,0,0,147,-3.9799374706713504,21.875675675675677,0.19782790541648865,0.0,-0.0037972374819219114,12.544830489158631,1.5651866137981414,0.0,0.007959846328594722,0.108837890625,8.37044792175293,-2.0954757928848267e-09,0.36276912689208984,0.0001098159509202454,-1.0278949737548828
312,1277952,822.4,1571.6,2.46,0.14,80,1.0,321,0.8909657320872274,187,160,9,16,2,0,0,146,-4.216721010377882,22.144385026737968,0.13035503029823303,0.0,-0.0018051500897854566,20.286008310317992,1.5625655770301818,0.0,0.007519083688384854,0.1005859375,9.57633035182953,-3.4924596548080444e-10,0.27880042791366577,0.00010920245398773005,-1.0288642644882202
313,1282048,825.1,1556.2,2.49,0.14,80,1.0,510,0.8921568627450981,189,169,7,10,3,0,0,145,-4.04557766827374,21.566137566137566,0.17670705914497375,0.0,-0.0064220435451716185,16.464000868797303,1.5582600951194763,0.0,0.009588308935053646,0.129345703125,8.590758013725281,-2.3283064365386963e-09,0.31104350090026855,0.00010858895705521473,-1.029888391494751
314,1286144,827.7,1564.0,2.48,0.14,80,1.0,184,0.8913043478260869,186,166,8,12,0,0,0,152,-4.13523685113647,22.204301075268816,0.1638278365135193,0.0,-0.0068197110667824745,16.363074588775635,1.554069882631302,0.0,0.010405509923293721,0.14423828125,11.467118525505066,-1.4260876923799515e-09,0.34993451833724976,0.00010797546012269936,-1.0309865474700928
315,1290240,830.4,1521.6,2.54,0.15,80,1.0,370,0.9081081081081082,186,172,1,12,1,0,0,146,-4.012261829518575,21.876344086021504,0.19425103068351746,0.0,-0.004644158692099154,12.868236589431763,1.5500811100006104,0.0,0.00821540080505656,0.10966796875,7.483147215843201,-3.2014213502407074e-10,0.31153374910354614,0.00010736196319018404,-1.0318655967712402
316,1294336,833.1,1543.8,2.5,0.15,80,1.0,45,0.8222222222222222,187,159,9,17,2,0,0,141,-4.059913497636836,22.106951871657753,0.10977280884981155,0.0,-0.0074693293310701845,20.47010667324066,1.5466512978076934,0.0,0.008650759486772585,0.1189453125,10.212889075279236,-1.6007106751203537e-09,0.3425658941268921,0.00010674846625766872,-1.0326789617538452
317,1298432,835.7,1571.4,2.46,0.15,80,1.0,231,0.8614718614718615,186,162,14,8,2,0,0,140,-4.021708870985933,22.026881720430108,0.1261276751756668,0.0,-0.006179915647953749,17.937254476547242,1.5435641169548036,0.0,0.008284203227958642,0.11484375,8.140305757522583,-2.2992026060819626e-09,0.3680943250656128,0.00010613496932515336,-1.0335029363632202
318,1302528,838.3,1556.3,2.49,0.14,80,1.0,420,0.8952380952380953,189,177,3,6,3,0,0,159,-4.076917864216371,21.428571428571427,0.21939507126808167,0.0,-0.004831714555621147,11.017082166671752,1.5400311470031738,0.0,0.007233592167904135,0.094677734375,8.28378493785858,5.529727786779404e-10,0.3384677767753601,0.00010552147239263804,-1.0344712734222412
319,1306624,840.9,1562.9,2.48,0.14,80,1.0,100,0.92,192,174,1,14,3,0,0,158,-4.077208365739742,21.630208333333332,0.17869514226913452,0.0,-0.004994982620701194,13.18794059753418,1.5360849678516388,0.0,0.008715072290215176,0.115771484375,8.870430040359498,-1.8917489796876907e-09,0.3326007127761841,0.00010490797546012269,-1.0353736877441406
320,1310720,843.5,1566.3,2.48,0.14,80,1.0,282,0.8971631205673759,182,161,2,16,3,0,0,147,-3.9727713132790723,22.285714285714285,0.13769939541816711,0.0,-0.005213623866438866,17.109175872802734,1.5324961245059967,0.0,0.011260851520637516,0.14462890625,8.036835479736329,-4.3655745685100555e-10,0.27176326513290405,0.00010429447852760737,-1.0362987518310547
321,1314816,846.1,1599.1,2.41,0.15,80,1.0,466,0.8605150214592274,184,148,9,24,3,0,0,128,-3.9948378934763595,22.39673913043478,0.06783021986484528,0.0,-0.006076274625957012,23.57706594467163,1.5287577748298644,0.0,0.008796866582997609,0.12392578125,10.394344592094422,-1.6007106751203537e-09,0.2621309161186218,0.000103680981595092,-1.037238359451294
322,1318912,848.6,1625.2,2.37,0.15,80,1.0,149,0.9060402684563759,195,176,5,10,4,0,0,159,-3.946099860320248,21.0,0.1899634599685669,0.0,-0.0059854014776647094,15.17591757774353,1.5246957182884215,0.0,0.007084654388017952,0.098095703125,8.76344563961029,-1.8917489796876907e-09,0.33483952283859253,0.00010306748466257668,-1.0384056568145752
323,1323008,851.3,1564.0,2.47,0.15,80,1.0,332,0.9036144578313253,183,165,6,11,1,0,0,145,-3.9811673442911246,22.23497267759563,0.15931205451488495,0.0,-0.005851755011826753,14.894240427017213,1.5191093146800996,0.0,0.007328959401638713,0.097900390625,6.9660178303718565,-3.7834979593753815e-10,0.30645906925201416,0.00010245398773006133,-1.0401008129119873
324,1327104,853.9,1530.4,2.53,0.14,80,1.0,4,1.0,184,162,5,15,2,0,0,140,-4.073186266550495,22.21195652173913,0.14494863152503967,0.0,-0.005697881802916527,17.416052293777465,1.512875646352768,0.0,0.010161343886284157,0.143701171875,7.707362413406372,-1.6298145055770874e-09,0.31574147939682007,0.000101840490797546,-1.0412307977676392
325,1331200,856.6,1548.0,2.5,0.14,80,1.0,193,0.9119170984455959,189,172,6,10,1,0,0,157,-4.079187866747835,21.714285714285715,0.20184341073036194,0.0,-0.006960409134626389,14.155507683753967,1.5097441911697387,0.0,0.0108816736494191,0.14140625,7.98310694694519,-1.3969838619232178e-09,0.34137099981307983,0.00010122699386503068,-1.0417288541793823
326,1335296,859.2,1586.5,2.44,0.14,80,1.0,383,0.8981723237597912,190,168,6,14,2,0,0,147,-4.209704753348497,21.742105263157896,0.17493309080600739,0.0,-0.005768244434148073,16.032606506347655,1.5080382645130157,0.0,0.010625788684410508,0.144677734375,7.9696818590164185,-1.8917489796876907e-09,0.30460458993911743,0.00010061349693251533,-1.042159080505371
327,1339392,861.8,1567.4,2.47,0.14,80,1.0,61,0.9180327868852459,190,172,6,11,1,0,0,148,-4.01840629866295,21.473684210526315,0.18814468383789062,0.0,-0.005474849697202444,14.038508915901184,1.505905693769455,0.0,0.009242028740118258,0.12294921875,7.334897065162659,-2.0372681319713593e-09,0.3654828667640686,0.0001,-1.0428706407546997
328,1343488,864.5,1547.8,2.5,0.15,80,1.0,245,0.9102040816326531,184,167,7,10,0,0,0,145,-4.145606460166442,21.75,0.17385268211364746,0.0,-0.005861355969682336,14.125011444091797,1.5019814848899842,0.0,0.007366260171693284,0.09658203125,9.0810067653656,-9.604264050722122e-10,0.33376532793045044,9.938650306748464e-05,-1.0441592931747437
329,1347584,867.1,1552.1,2.49,0.15,80,1.0,441,0.891156462585034,196,170,11,10,5,0,0,151,-4.2061190109306175,21.612244897959183,0.16069895029067993,0.0,-0.0027429375797510145,17.377350759506225,1.4967868149280548,0.0,0.008565696371078957,0.117529296875,9.00636590719223,2.9103830456733704e-11,0.3130362629890442,9.877300613496932e-05,-1.0453009605407715
330,1351680,869.7,1551.5,2.49,0.15,80,1.0,116,0.8620689655172413,187,163,5,15,4,0,0,143,-4.1960413208074705,21.22994652406417,0.1412935107946396,0.0,-0.004077796079218388,18.28571891784668,1.4928591549396515,0.0,0.00934859483531909,0.127734375,10.017112946510315,-1.7171259969472885e-09,0.3769487142562866,9.815950920245397e-05,-1.0461515188217163
331,1355776,872.4,1571.2,2.46,0.15,80,1.0,306,0.8954248366013072,190,174,6,4,6,0,0,151,-3.9796938223308276,21.878947368421052,0.1983337700366974,0.0,-0.005883337743580341,13.947712779045105,1.4902041256427765,0.0,0.007701258201268502,0.10595703125,8.41445095539093,-3.055902197957039e-09,0.3238065242767334,9.754601226993865e-05,-1.0465998649597168
332,1359872,875.0,1538.0,2.52,0.14,80,1.0,494,0.9008097165991903,188,171,4,12,1,0,0,146,-4.143475527614909,21.75531914893617,0.19805920124053955,0.0,-0.006775288470089435,15.221667695045472,1.488480544090271,0.0,0.0075120553199667485,0.102392578125,9.96248631477356,-1.5425030142068863e-09,0.27401113510131836,9.693251533742329e-05,-1.0471116304397583
333,1363968,877.8,1492.3,2.6,0.15,80,1.0,171,0.8947368421052632,189,169,6,12,2,0,0,147,-3.9646151037302935,21.772486772486772,0.17072570323944092,0.0,-0.00591713550966233,17.096181106567382,1.4861529350280762,0.0,0.006978109136980493,0.09091796875,8.430402708053588,-1.949956640601158e-09,0.27996355295181274,9.631901840490797e-05,-1.0477373600006104
334,1368064,880.4,1560.6,2.48,0.15,80,1.0,365,0.8876712328767123,194,171,5,15,3,0,0,149,-4.402977843285372,21.170103092783506,0.19777381420135498,0.0,-0.005746382568031549,17.609903383255006,1.4838368535041808,0.0,0.010081696612178347,0.134130859375,9.561657309532166,-5.238689482212067e-10,0.2835843563079834,9.570552147239264e-05,-1.0482269525527954
335,1372160,883.0,1584.0,2.44,0.15,80,1.0,39,0.8974358974358975,186,164,5,14,3,0,0,148,-4.13251850381746,21.870967741935484,0.17030495405197144,0.0,-0.006373187899589539,16.315297651290894,1.4815994560718537,0.0,0.010518003132892773,0.140576171875,8.187676763534546,-9.604264050722122e-10,0.3431876301765442,9.509202453987728e-05,-1.0489016771316528
336,1376256,885.6,1552.9,2.49,0.15,80,1.0,233,0.8583690987124464,194,165,9,15,5,0,0,149,-4.077924643687683,21.34020618556701,0.15672524273395538,0.0,-0.0053422489203512665,20.4161735534668,1.4781490802764892,0.0,0.008291891949193086,0.111181640625,8.4679541349411,-6.111804395914078e-10,0.2732430100440979,9.447852760736196e-05,-1.050029993057251
337,1380352,888.1,1641.4,2.35,0.15,80,1.0,419,0.8711217183770883,186,165,9,10,2,0,0,140,-4.054712400847932,21.849462365591396,0.15526798367500305,0.0,-0.005836890917271376,16.87279019355774,1.4739799797534943,0.0,0.007084439639584161,0.09501953125,7.460566067695618,-5.529727786779404e-10,0.30903059244155884,9.386503067484661e-05,-1.0507687330245972
338,1384448,890.7,1590.5,2.43,0.14,80,1.0,96,0.8020833333333334,189,159,8,20,2,0,0,135,-3.9392642398240696,21.724867724867725,0.11180184781551361,0.0,-0.005085303448140621,20.655613088607787,1.471820628643036,0.0,0.006636324622377288,0.08671875,8.455106854438782,-2.9103830456733704e-09,0.27667683362960815,9.325153374233129e-05,-1.0512657165527344
339,1388544,893.4,1537.3,2.52,0.15,80,1.0,284,0.8908450704225352,188,176,3,6,3,0,0,156,-3.9862193271747413,21.611702127659573,0.23098157346248627,0.0,-0.004528404632583261,10.362347555160522,1.4694609820842743,0.0,0.006983440376643557,0.094287109375,9.075330781936646,-9.604264050722122e-10,0.39299649000167847,9.263803680981593e-05,-1.0519412755966187
340,1392640,896.0,1573.6,2.45,0.15,80,1.0,476,0.9033613445378151,192,177,5,8,2,0,0,161,-3.9666044491565344,21.567708333333332,0.22952604293823242,0.0,-0.008575585018843413,12.300592136383056,1.4667670667171477,0.0,0.009112848690710962,0.119384765625,7.341234564781189,-2.0372681319713593e-10,0.316037654876709,9.20245398773006e-05,-1.0525473356246948
341,1396736,898.6,1562.6,2.47,0.15,80,1.0,147,0.8707482993197279,183,162,2,17,2,0,0,139,-3.962773085629297,22.19672131147541,0.15177607536315918,0.0,-0.0064442863687872885,17.541391849517822,1.4641500055789947,0.0,0.006624442497559358,0.08916015625,8.865666341781616,-1.8335413187742233e-09,0.3023398518562317,9.141104294478528e-05,-1.0532898902893066
342,1400832,901.1,1647.3,2.34,0.15,80,1.0,336,0.8898809523809523,189,171,4,11,3,0,0,152,-4.024424290503741,21.66137566137566,0.1863393485546112,0.0,-0.005448541790246964,15.350308179855347,1.4617620289325715,0.0,0.008851534308632836,0.11982421875,8.476057863235473,-1.949956640601158e-09,0.28757810592651367,9.079754601226993e-05,-1.0536530017852783
343,1404928,903.7,1584.8,2.44,0.15,80,1.0,15,0.8666666666666667,191,174,5,9,3,0,0,153,-4.178270125886195,21.43455497382199,0.20103754103183746,0.0,-0.006387380603700876,12.74442036151886,1.4594368100166322,0.0,0.008317736716708168,0.112451171875,6.403284096717835,-9.604264050722122e-10,0.33332306146621704,9.01840490797546e-05,-1.0547291040420532
344,1409024,906.3,1567.1,2.46,0.15,80,1.0,210,0.8809523809523809,195,172,5,15,3,0,0,144,-3.975673554152627,21.143589743589743,0.16880366206169128,0.0,-0.0045754827558994295,16.774514961242676,1.4546015381813049,0.0,0.008188387223344761,0.112060546875,9.018526530265808,-9.022187441587448e-10,0.28332626819610596,8.957055214723925e-05,-1.0558233261108398
345,1413120,909.0,1559.6,2.48,0.14,80,1.0,395,0.9012658227848102,185,171,4,8,2,0,0,156,-4.097239232292955,21.735135135135135,0.19101828336715698,0.0,-0.0064855837263166904,11.328843569755554,1.450628215074539,0.0,0.010039903539291118,0.137060546875,8.609955883026123,-1.2223608791828156e-09,0.41511112451553345,8.895705521472393e-05,-1.0568331480026245
346,1417216,911.6,1532.1,2.52,0.15,80,1.0,71,0.9154929577464789,188,170,7,9,2,0,0,158,-3.988484153717416,22.0,0.17739614844322205,0.0,-0.004925105720758438,14.520672702789307,1.4473768174648285,0.0,0.0071826832674560135,0.096240234375,7.648891115188599,-1.367880031466484e-09,0.37071168422698975,8.834355828220857e-05,-1.0572413206100464
347,1421312,914.2,1570.9,2.46,0.15,80,1.0,258,0.937984496124031,187,177,3,5,2,0,0,154,-4.165821140164588,21.855614973262032,0.22537299990653992,0.0,-0.007787297992035746,8.350639367103577,1.4460905849933625,0.0,0.00849137569166487,0.111572265625,6.649240899085998,-1.57160684466362e-09,0.4771580696105957,8.773006134969324e-05,-1.0576368570327759
348,1425408,916.9,1552.9,2.49,0.15,80,1.0,446,0.9260089686098655,188,171,8,7,2,0,0,155,-4.1260862466537676,22.079787234042552,0.19144725799560547,0.0,-0.005673347599804401,13.807932806015014,1.4435668587684631,0.0,0.008279221488919575,0.114697265625,7.986322641372681,-1.7171259969472885e-09,0.3512074947357178,8.71165644171779e-05,-1.0585930347442627
349,1429504,919.5,1562.3,2.47,0.15,80,1.0,122,0.8770491803278688,188,170,3,10,5,0,0,144,-4.0732781652156635,21.73936170212766,0.18279941380023956,0.0,-0.005906363995745778,14.762768173217774,1.4390892565250397,0.0,0.009061474405461923,0.12099609375,7.532185125350952,-5.238689482212067e-10,0.2796996831893921,8.650306748466257e-05,-1.0598005056381226
350,1433600,922.1,1601.5,2.41,0.15,80,1.0,312,0.8814102564102564,190,168,4,15,3,0,0,145,-4.167685415800077,21.46842105263158,0.18986284732818604,0.0,-0.005879716062918305,16.94510269165039,1.434638798236847,0.0,0.007372005110664759,0.097607421875,8.206294345855714,-1.6007106751203537e-09,0.29664647579193115,8.588957055214725e-05,-1.0607467889785767
351,1437696,924.7,1557.1,2.48,0.15,80,1.0,500,0.888,188,169,4,15,0,0,0,156,-4.089335744603819,21.72872340425532,0.18338263034820557,0.0,-0.004661925742402673,15.016436672210693,1.4309600234031676,0.0,0.007098739800858312,0.093505859375,7.520626854896546,-2.240994945168495e-09,0.27393192052841187,8.527607361963189e-05,-1.061753273010254
352,1441792,927.4,1513.2,2.57,0.14,80,1.0,172,0.8953488372093024,184,165,6,12,1,0,0,148,-4.121246491940834,22.331521739130434,0.17614257335662842,0.0,-0.00540930749848485,16.076262617111205,1.4272533774375915,0.0,0.00750298801867757,0.0984375,8.39598137140274,-2.35741026699543e-09,0.2913685441017151,8.466257668711657e-05,-1.0624386072158813
353,1445888,930.0,1596.6,2.42,0.15,80,1.0,360,0.9111111111111111,188,174,5,8,1,0,0,158,-4.1677650060703595,21.29787234042553,0.23732849955558777,0.0,-0.0068461490795016285,12.422170829772949,1.4254591286182403,0.0,0.008077212238276843,0.113134765625,8.97773118019104,-9.89530235528946e-10,0.3139423727989197,8.40490797546012e-05,-1.0626564025878906
354,1449984,932.7,1515.3,2.56,0.15,80,1.0,40,0.8,192,170,8,11,3,0,0,156,-4.071672443429774,22.109375,0.18462908267974854,0.0,-0.006476049032062292,16.979222297668457,1.4245739340782166,0.0,0.007591459134710021,0.1033203125,9.635679984092713,-1.2514647096395493e-09,0.2685890197753906,8.343558282208588e-05,-1.0630276203155518
355,1454080,935.3,1594.6,2.43,0.14,80,1.0,229,0.9126637554585153,189,177,1,9,2,0,0,154,-4.065495080883404,21.719576719576718,0.23420798778533936,0.0,-0.005214210879057646,11.026713681221008,1.422579288482666,0.0,0.00780620386794908,0.10869140625,8.8355304479599,-1.3096723705530167e-09,0.36451035737991333,8.282208588957054e-05,-1.063581109046936
356,1458176,938.0,1516.7,2.55,0.15,80,1.0,410,0.9073170731707317,181,163,3,14,1,0,0,141,-4.1603994391964125,22.138121546961326,0.1745048463344574,0.0,-0.004476437158882618,14.988944911956787,1.4205397844314576,0.0,0.006111073831561953,0.078857421875,10.246096086502074,-1.6589183360338211e-09,0.3321884870529175,8.220858895705521e-05,-1.0640027523040771
357,1462272,940.6,1562.6,2.47,0.15,80,1.0,85,0.8823529411764706,187,162,13,12,0,0,0,148,-4.1949159644278,22.22459893048128,0.16435787081718445,0.0,-0.00632954416796565,20.823398447036745,1.4186242997646332,0.0,0.0076462403172627095,0.09912109375,10.616808485984802,-1.280568540096283e-09,0.2962086796760559,8.159509202453985e-05,-1.0646278858184814
358,1466368,943.2,1585.5,2.44,0.15,80,1.0,275,0.8763636363636363,190,166,5,16,3,0,0,151,-4.176637370021723,21.589473684210525,0.16992175579071045,0.0,-0.006735396664589643,18.66960072517395,1.416187471151352,0.0,0.008233701677818317,0.11298828125,9.405505442619324,-6.402842700481415e-10,0.28735554218292236,8.098159509202453e-05,-1.0651779174804688
359,1470464,945.9,1517.2,2.56,0.14,80,1.0,464,0.8943965517241379,189,174,4,11,0,0,0,158,-3.977625840825391,21.44973544973545,0.20438599586486816,0.0,-0.00489436681382358,13.515697956085205,1.4141822576522827,0.0,0.008435499927145429,0.1134765625,7.7514854073524475,-1.2223608791828156e-09,0.3741299510002136,8.036809815950921e-05,-1.065650224685669
360,1474560,948.6,1546.4,2.5,0.15,80,1.0,139,0.9568345323741008,187,176,3,7,1,0,0,164,-4.137934415973699,21.764705882352942,0.254911333322525,0.0,-0.006160597316920757,10.154891061782838,1.4120263576507568,0.0,0.006945356741198339,0.09423828125,7.551068615913391,-1.5425030142068863e-09,0.3689534068107605,7.975460122699386e-05,-1.0662709474563599
361,1478656,951.1,1595.7,2.43,0.14,80,1.0,329,0.9483282674772037,190,179,4,4,3,0,0,164,-3.987527109404185,21.889473684210525,0.2372732162475586,0.0,-0.005626248614862561,9.190798568725587,1.409206783771515,0.0,0.007247786788502708,0.099609375,6.1889537334442135,-1.280568540096283e-09,0.38934117555618286,7.914110429447852e-05,-1.0670154094696045
362,1482752,953.8,1541.2,2.51,0.15,80,1.0,6,0.8333333333333334,189,174,5,9,1,0,0,150,-4.1272869268839045,21.164021164021165,0.22629937529563904,0.0,-0.0045350827276706696,12.11776442527771,1.4062818348407746,0.0,0.011032439618429635,0.149072265625,8.479529094696044,-1.6007106751203537e-09,0.3626020550727844,7.852760736196317e-05,-1.0677481889724731
363,1486848,956.5,1526.0,2.54,0.15,80,1.0,206,0.9077669902912622,200,182,5,10,3,0,0,156,-4.117068580228343,20.79,0.22650276124477386,0.0,-0.004608110059052706,13.700118446350098,1.4034140288829804,0.0,0.008115913077199366,0.110595703125,8.337603974342347,5.529727786779404e-10,0.3587791919708252,7.791411042944785e-05,-1.068441390991211
364,1490944,959.1,1571.0,2.46,0.15,80,1.0,393,0.9033078880407125,187,168,6,10,3,0,0,150,-4.034026139356135,21.802139037433154,0.20369771122932434,0.0,-0.007786924578249454,14.469400548934937,1.401096647977829,0.0,0.007979567558504642,0.114794921875,7.515441799163819,-1.949956640601158e-09,0.30781787633895874,7.730061349693249e-05,-1.0688785314559937
365,1495040,961.7,1602.4,2.41,0.15,80,1.0,71,0.8732394366197183,190,168,5,15,2,0,0,153,-4.15141363141184,21.573684210526316,0.1853918731212616,0.0,-0.005877130571752787,15.250826406478883,1.3993629395961762,0.0,0.0071672613892587835,0.09892578125,7.802041816711426,-1.0186340659856796e-09,0.3011093735694885,7.668711656441717e-05,-1.069344162940979
366,1499136,964.3,1569.2,2.46,0.15,80,1.0,257,0.8599221789883269,186,159,11,13,3,0,0,143,-4.050086731305361,21.747311827956988,0.14258524775505066,0.0,-0.006319557782262564,21.243600606918335,1.397473120689392,0.0,0.006694450913346373,0.090185546875,11.08172299861908,-1.1641532182693481e-09,0.21911388635635376,7.607361963190185e-05,-1.0698485374450684
367,1503232,966.9,1571.5,2.46,0.15,80,1.0,450,0.8822222222222222,193,176,10,6,1,0,0,156,-4.12476512325933,21.378238341968913,0.2352915108203888,0.0,-0.005246125720441341,15.80172848701477,1.3954593181610107,0.0,0.006554493904695846,0.08388671875,8.618910717964173,-2.6193447411060333e-10,0.23848658800125122,7.54601226993865e-05,-1.0703048706054688
368,1507328,969.5,1579.5,2.45,0.15,80,1.0,124,0.8790322580645161,186,165,11,8,2,0,0,147,-4.263966126740885,22.204301075268816,0.18141666054725647,0.0,-0.004799140430986881,17.26990056037903,1.393700408935547,0.0,0.007791690652084071,0.106103515625,9.458037996292115,6.111804395914078e-10,0.30658602714538574,7.484662576687118e-05,-1.0707573890686035
369,1511424,972.0,1626.5,2.38,0.14,80,1.0,313,0.8945686900958466,189,171,3,12,3,0,0,152,-4.149783185114979,21.582010582010582,0.20114350318908691,0.0,-0.007063320325687528,14.342604541778565,1.3914039433002472,0.0,0.008990709275531117,0.120458984375,7.346649265289306,-1.2223608791828156e-09,0.29773855209350586,7.423312883435581e-05,-1.0715346336364746
370,1515520,974.6,1588.7,2.44,0.14,80,1.0,498,0.9036144578313253,185,170,2,10,3,0,0,148,-4.08985280374327,22.216216216216218,0.20157891511917114,0.0,-0.005687111895531416,13.220624852180482,1.3878643989562989,0.0,0.008757239021360875,0.116845703125,8.356640672683715,-1.8917489796876907e-09,0.3226017355918884,7.361963190184049e-05,-1.072431206703186
371,1519616,977.2,1550.0,2.5,0.14,80,1.0,172,0.9244186046511628,186,173,3,8,2,0,0,153,-4.118718987896285,22.0,0.22785741090774536,0.0,-0.006946484372019768,11.24955735206604,1.3850616812705994,0.0,0.008134101529140025,0.11005859375,7.437264084815979,-1.6007106751203537e-09,0.33908724784851074,7.300613496932513e-05,-1.0728905200958252
372,1523712,979.8,1600.9,2.42,0.14,80,1.0,362,0.9281767955801105,190,177,3,9,1,0,0,150,-4.174180889027668,21.510526315789473,0.2477312833070755,0.0,-0.006529144197702408,11.149036836624145,1.382878303527832,0.0,0.007951785119075794,0.105810546875,7.013069570064545,-2.8230715543031693e-09,0.3460072875022888,7.239263803680981e-05,-1.0736576318740845
373,1527808,982.4,1566.1,2.47,0.14,80,1.0,39,0.8461538461538461,189,162,10,14,3,0,0,148,-4.265908104083944,21.486772486772487,0.1641319841146469,0.0,-0.004203596897423267,19.355659008026123,1.3796030759811402,0.0,0.007902917145111132,0.10595703125,10.347070240974427,-1.775333657860756e-09,0.280218243598938,7.177914110429446e-05,-1.0744972229003906
374,1531904,985.1,1536.9,2.52,0.15,80,1.0,235,0.8723404255319149,196,172,8,13,3,0,0,149,-4.274789646262859,21.23469387755102,0.2001909613609314,0.0,-0.0038068074733018874,17.100902366638184,1.3764713108539581,0.0,0.005922425318567548,0.0732421875,8.714044547080993,-2.7066562324762344e-09,0.31805580854415894,7.116564417177914e-05,-1.0751376152038574
375,1536000,987.7,1604.7,2.41,0.14,80,1.0,426,0.8826291079812206,191,171,6,13,1,0,0,152,-4.275284984168363,21.25130890052356,0.2058182954788208,0.0,-0.004547908157110214,15.787944889068603,1.3740563154220582,0.0,0.006912296450173017,0.09248046875,10.159152865409851,-1.4842953532934189e-09,0.2631003260612488,7.055214723926382e-05,-1.0757391452789307
376,1540096,990.4,1516.2,2.55,0.15,80,1.0,102,0.9313725490196079,188,170,5,11,2,0,0,138,-4.196159917712019,21.50531914893617,0.19867043197155,0.0,-0.005395359825342894,14.127790188789367,1.3719702064990997,0.0,0.007607091701356694,0.105322265625,7.3436947703361515,-1.3387762010097504e-09,0.3145340085029602,6.993865030674845e-05,-1.076124906539917
377,1544192,993.0,1582.3,2.44,0.15,80,1.0,294,0.8877551020408163,192,166,5,20,1,0,0,146,-4.294977655020112,21.645833333333332,0.179639995098114,0.0,-0.007177804317325354,19.2782461643219,1.3701954007148742,0.0,0.007381713297218084,0.094775390625,8.896342539787293,-3.230525180697441e-09,0.2470930814743042,6.932515337423313e-05,-1.0767107009887695
378,1548288,995.6,1562.6,2.47,0.15,80,1.0,492,0.8841463414634146,198,174,7,15,2,0,0,155,-4.366211741750568,20.747474747474747,0.21908855438232422,0.0,-0.006158434832468629,16.883664751052855,1.3680025219917298,0.0,0.007525710690242704,0.10146484375,8.995449471473695,-2.6193447411060333e-10,0.3141663670539856,6.871165644171778e-05,-1.0771353244781494
379,1552384,998.2,1552.1,2.49,0.15,80,1.0,177,0.9152542372881356,197,177,5,12,3,0,0,156,-4.276023081071371,20.939086294416242,0.22480300068855286,0.0,-0.006684078508988023,15.214478540420533,1.3662930011749268,0.0,0.008271121865254827,0.11318359375,8.388532948493957,-1.7171259969472885e-09,0.28036826848983765,6.809815950920246e-05,-1.0776233673095703
380,1556480,1000.8,1572.2,2.46,0.15,80,1.0,371,0.9083557951482479,194,175,10,8,1,0,0,153,-4.32323186245419,21.20618556701031,0.20685935020446777,0.0,-0.005431383568793535,15.549921560287476,1.3646744966506958,0.0,0.006869026679487434,0.093310546875,8.689960956573486,-2.0081643015146255e-09,0.3502732515335083,6.74846625766871e-05,-1.0778963565826416
381,1560576,1003.4,1595.4,2.42,0.15,80,1.0,47,0.9148936170212766,188,173,2,13,0,0,0,149,-4.264258068732634,21.324468085106382,0.24101752042770386,0.0,-0.006049421243369579,12.673520922660828,1.3629891335964204,0.0,0.007884588424349203,0.10615234375,7.3990089178085325,-1.4260876923799515e-09,0.3323858976364136,6.687116564417178e-05,-1.0785777568817139
382,1564672,1006.0,1558.9,2.48,0.15,80,1.0,239,0.9163179916317992,192,176,6,9,1,0,0,159,-4.340156384022597,21.65625,0.23681999742984772,0.0,-0.005314428731799126,13.160977840423584,1.360743224620819,0.0,0.006198634691827465,0.081005859375,6.976403617858887,-1.9208528101444244e-09,0.33267390727996826,6.625766871165641e-05,-1.0788209438323975
383,1568768,1008.7,1550.5,2.49,0.15,80,1.0,439,0.8997722095671982,200,176,8,14,2,0,0,166,-4.425368625159934,20.56,0.2315787374973297,0.0,-0.006219703843817115,17.203951120376587,1.360025131702423,0.0,0.0075525960506638515,0.102392578125,7.891908788681031,-1.076841726899147e-09,0.28729504346847534,6.564417177914109e-05,-1.0791255235671997
384,1572864,1011.2,1601.3,2.41,0.15,80,1.0,122,0.8524590163934426,195,167,6,19,3,0,0,148,-4.33772380057173,20.861538461538462,0.16905316710472107,0.0,-0.006190819758921861,19.18822889328003,1.3586324095726012,0.0,0.007829663441225421,0.10849609375,10.488654327392577,-1.979060471057892e-09,0.29961097240448,6.503067484662577e-05,-1.0794100761413574
385,1576960,1014.0,1503.2,2.58,0.15,80,1.0,314,0.8726114649681529,192,170,4,14,4,0,0,149,-4.392889502307288,21.5625,0.21375346183776855,0.0,-0.006622596411034465,16.29416365623474,1.3577411592006683,0.0,0.008598468941636383,0.117431640625,9.456408321857452,-1.979060471057892e-09,0.31027090549468994,6.441717791411042e-05,-1.0796200037002563
386,1581056,1016.6,1563.7,2.47,0.15,80,1.0,504,0.8809523809523809,190,170,6,9,5,0,0,154,-4.240460834608009,21.094736842105263,0.21224838495254517,0.0,-0.006275328248739243,14.892886114120483,1.356691437959671,0.0,0.006977180838293862,0.095166015625,7.831926417350769,-1.862645149230957e-09,0.3466971516609192,6.38036809815951e-05,-1.079918384552002
387,1585152,1019.2,1591.3,2.43,0.14,80,1.0,188,0.8776595744680851,196,173,6,12,5,0,0,151,-4.188441365112846,21.132653061224488,0.19545529782772064,0.0,-0.002430438669398427,17.757338762283325,1.3551035702228547,0.0,0.005916264414554462,0.07705078125,8.743188881874085,-1.1932570487260818e-09,0.24761974811553955,6.319018404907974e-05,-1.0804857015609741
388,1589248,1021.9,1516.6,2.55,0.15,80,1.0,378,0.8835978835978836,190,169,7,10,4,0,0,150,-4.320479492796079,21.431578947368422,0.20130982995033264,0.0,-0.004352036397904158,15.711904597282409,1.352675873041153,0.0,0.005863755792961456,0.07314453125,9.17506718635559,-3.4924596548080444e-10,0.3223153352737427,6.257668711656442e-05,-1.0810511112213135
389,1593344,1024.6,1530.0,2.54,0.14,80,1.0,56,0.9107142857142857,190,168,5,16,1,0,0,144,-4.381639984467876,21.6,0.18980827927589417,0.0,-0.004227541433647275,16.115174865722658,1.350714135169983,0.0,0.007363440221524797,0.1017578125,8.501197957992554,-6.402842700481415e-10,0.3179495334625244,6.196319018404905e-05,-1.0814688205718994
390,1597440,1027.2,1569.4,2.47,0.14,80,1.0,242,0.8966942148760331,186,166,6,14,0,0,0,145,-4.415386247109541,21.758064516129032,0.2161593735218048,0.0,-0.004560149786993861,15.694416284561157,1.3493915855884553,0.0,0.0060523613632540215,0.077783203125,8.208207392692566,-1.8917489796876907e-09,0.3076359033584595,6.134969325153373e-05,-1.0817047357559204
391,1601536,1029.9,1519.3,2.55,0.15,80,1.0,442,0.8868778280542986,200,175,6,14,5,0,0,155,-4.563307836592874,20.98,0.21402812004089355,0.0,-0.004317783704027534,17.281820487976074,1.3486509144306182,0.0,0.005724111139716115,0.0744140625,9.4466313123703,-6.111804395914078e-10,0.3240765333175659,6.073619631901842e-05,-1.0818822383880615
392,1605632,1032.5,1575.5,2.45,0.15,80,1.0,125,0.904,195,175,7,10,3,0,0,158,-4.363195754510289,20.974358974358974,0.2308177351951599,0.0,-0.004066622257232666,15.09329068660736,1.3474246501922607,0.0,0.006178175403329078,0.08203125,7.70436201095581,-9.89530235528946e-10,0.2991284728050232,6.012269938650306e-05,-1.0823544263839722
393,1609728,1035.2,1540.3,2.51,0.15,80,1.0,315,0.9111111111111111,190,174,6,10,0,0,0,156,-4.375661359956974,21.57894736842105,0.24114486575126648,0.0,-0.005823340825736522,12.736566925048828,1.345167601108551,0.0,0.005876944451301824,0.07412109375,8.021166849136353,-5.238689482212067e-10,0.3654521107673645,5.950920245398773e-05,-1.0829719305038452
394,1613824,1037.8,1543.8,2.51,0.14,80,1.0,507,0.9072978303747534,192,173,3,14,2,0,0,150,-4.3473646738964185,21.208333333333332,0.21286466717720032,0.0,-0.006763148121535778,15.065185475349427,1.342835682630539,0.0,0.007786001251952257,0.10498046875,9.786792016029358,-1.5425030142068863e-09,0.33172935247421265,5.889570552147238e-05,-1.0834506750106812
395,1617920,1040.5,1533.0,2.52,0.15,80,1.0,188,0.898936170212766,193,174,2,12,5,0,0,149,-4.4205577586523415,21.10362694300518,0.23916614055633545,0.0,-0.004523941036313772,15.494643020629884,1.341197484731674,0.0,0.005207261978648603,0.066162109375,7.350546407699585,-2.0954757928848267e-09,0.23005491495132446,5.8282208588957056e-05,-1.0838825702667236
396,1622016,1043.1,1584.0,2.44,0.15,80,1.0,380,0.9210526315789473,192,181,3,5,3,0,0,159,-4.3138878663486295,21.260416666666668,0.27091702818870544,0.0,-0.004644927987828851,9.683729588985443,1.339539486169815,0.0,0.006091678953089286,0.078759765625,9.298612761497498,-9.313225746154785e-10,0.3379286527633667,5.76687116564417e-05,-1.084228277206421
397,1626112,1045.9,1474.1,2.64,0.14,80,1.0,66,0.9242424242424242,198,178,7,9,4,0,0,158,-4.391908772748313,20.742424242424242,0.22946611046791077,0.0,-0.004393831919878721,14.763011693954468,1.3383785665035248,0.0,0.0053386785162729215,0.06796875,10.205330049991607,-2.3283064365386963e-10,0.322406530380249,5.705521472392638e-05,-1.084450364112854
398,1630208,1048.6,1475.3,2.64,0.14,80,1.0,259,0.9305019305019305,193,180,5,6,2,0,0,152,-4.2864157391286435,21.23316062176166,0.25389352440834045,0.0,-0.007348965480923652,11.181794261932373,1.3368912160396575,0.0,0.006214757030829787,0.08359375,7.232445502281189,-5.820766091346741e-11,0.38968175649642944,5.644171779141102e-05,-1.0850791931152344
399,1634304,1051.3,1540.3,2.51,0.15,80,1.0,455,0.9164835164835164,196,176,8,9,3,0,0,160,-4.251197938774942,21.214285714285715,0.22346004843711853,0.0,-0.005525744007900357,15.315719842910767,1.3341963768005372,0.0,0.005682749519473873,0.070166015625,9.262519598007202,-3.4633558243513107e-09,0.3398483395576477,5.58282208588957e-05,-1.085675835609436
400,1638400,1053.9,1604.3,2.41,0.14,80,1.0,137,0.8832116788321168,194,175,9,7,3,0,0,153,-4.372120601077538,21.09278350515464,0.24429495632648468,0.0,-0.006140803964808583,15.504865980148315,1.3321813344955444,0.0,0.006240001539117657,0.082421875,7.671070408821106,-1.1932570487260818e-09,0.2768610715866089,5.521472392638038e-05,-1.0860875844955444
401,1642496,1056.4,1595.3,2.42,0.15,80,1.0,330,0.8666666666666667,193,165,7,15,6,0,0,152,-4.277865930847436,20.844559585492227,0.17919886112213135,0.0,-0.0042171446606516835,20.190514516830444,1.330507868528366,0.0,0.00518772369978251,0.063916015625,11.055299067497254,-1.8335413187742233e-09,0.2686903476715088,5.4601226993865024e-05,-1.0866292715072632
402,1646592,1059.1,1564.1,2.48,0.14,80,1.0,17,0.8823529411764706,199,174,10,11,4,0,0,154,-4.366025145354539,20.592964824120603,0.2202652096748352,0.0,-0.0054866740014404055,18.709221124649048,1.3279961884021758,0.0,0.004828587164229248,0.059765625,10.072320342063904,-3.4924596548080444e-10,0.2704067826271057,5.39877300613497e-05,-1.0872657299041748
403,1650688,1061.7,1573.3,2.46,0.14,80,1.0,213,0.9154929577464789,196,180,2,10,4,0,0,165,-4.241512972469597,21.183673469387756,0.2522849440574646,0.0,-0.00617880686186254,12.45583918094635,1.3256039142608642,0.0,0.007176208427699749,0.09521484375,9.603732943534851,-1.6880221664905548e-09,0.2995975613594055,5.337423312883434e-05,-1.0878348350524902
404,1654784,1064.4,1525.7,2.54,0.15,80,1.0,401,0.9177057356608479,188,173,6,8,1,0,0,145,-4.334712501951836,21.51063829787234,0.22849442064762115,0.0,-0.006426463089883328,11.976485562324523,1.3234742343425752,0.0,0.008517255166952963,0.116650390625,7.075020885467529,-3.346940502524376e-09,0.3303071856498718,5.276073619631902e-05,-1.088292121887207
405,1658880,1067.1,1517.8,2.55,0.15,80,1.0,86,0.9069767441860465,197,179,6,12,0,0,0,165,-4.157223473346077,20.868020304568528,0.2606729567050934,0.0,-0.006959655415266752,13.53402214050293,1.321909898519516,0.0,0.008610720906290226,0.11875,6.729823088645935,-1.8917489796876907e-09,0.2667316794395447,5.214723926380366e-05,-1.0886257886886597
406,1662976,1069.7,1583.4,2.44,0.15,80,1.0,274,0.9124087591240876,188,172,5,6,5,0,0,155,-4.3020391437968675,21.73936170212766,0.2377558946609497,0.0,-0.0055002758745104074,12.393446326255798,1.3198789298534392,0.0,0.006464753097679932,0.0845703125,7.810423350334167,-1.6589183360338211e-09,0.3403162956237793,5.153374233128834e-05,-1.0894315242767334
407,1667072,1072.2,1587.8,2.43,0.15,80,1.0,472,0.885593220338983,198,168,13,9,8,0,0,145,-4.335628174807245,20.818181818181817,0.18415707349777222,0.0,-0.00582017982378602,20.14919352531433,1.3171381592750548,0.0,0.006426104430283885,0.085888671875,10.214718985557557,-1.7171259969472885e-09,0.27194422483444214,5.0920245398772985e-05,-1.089818000793457
408,1671168,1074.8,1628.7,2.37,0.14,80,1.0,145,0.9103448275862069,185,164,6,14,1,0,0,154,-4.255644675752721,21.83783783783784,0.20439763367176056,0.0,-0.004833835642784834,15.793254899978638,1.315750253200531,0.0,0.005207465766579844,0.064794921875,9.54870285987854,2.0372681319713593e-10,0.34139472246170044,5.030674846625766e-05,-1.090243935585022
409,1675264,1077.4,1558.9,2.48,0.15,80,1.0,338,0.9171597633136095,193,178,5,7,3,0,0,152,-4.318475309615261,21.3419689119171,0.2614142894744873,0.0,-0.0066711271181702616,12.676811254024505,1.3136394739151,0.0,0.00676992740627611,0.0892578125,8.661312413215636,-9.89530235528946e-10,0.3271031975746155,4.969325153374234e-05,-1.0908877849578857
410,1679360,1080.2,1479.2,2.63,0.14,80,1.0,13,1.0,187,165,4,14,4,0,0,147,-4.099565590492303,21.887700534759357,0.18981078267097473,0.0,-0.003964856173843146,15.869743728637696,1.3113138318061828,0.0,0.0048788722910103385,0.0591796875,9.390829825401307,-3.637978807091713e-09,0.27525901794433594,4.9079754601226986e-05,-1.0913000106811523
411,1683456,1082.9,1505.3,2.57,0.15,80,1.0,201,0.9353233830845771,188,175,4,6,3,0,0,149,-3.97680086779406,21.840425531914892,0.255751371383667,0.0,-0.004086066177114845,11.410566663742065,1.309856367111206,0.0,0.004271099608740769,0.0515625,9.780548810958862,-2.3865140974521637e-09,0.27367085218429565,4.8466257668711664e-05,-1.0916938781738281
412,1687552,1085.6,1546.6,2.5,0.14,80,1.0,397,0.8942065491183879,196,167,10,14,5,0,0,152,-4.048230865961749,20.913265306122447,0.19537897408008575,0.0,-0.004312982503324747,20.770067930221558,1.3083994209766387,0.0,0.005067115530255251,0.061474609375,10.325968742370605,2.9103830456733704e-11,0.24376094341278076,4.78527607361963e-05,-1.091939926147461
413,1691648,1088.1,1628.0,2.37,0.15,80,1.0,84,0.9404761904761905,199,184,5,6,4,0,0,165,-4.245502761168915,20.964824120603016,0.27480170130729675,0.0,-0.005586496461182833,12.193551325798035,1.3078892052173614,0.0,0.005636977529502474,0.070458984375,8.763395428657532,-1.7462298274040222e-10,0.29668867588043213,4.723926380368098e-05,-1.0919582843780518
414,1695744,1090.7,1552.2,2.49,0.15,80,1.0,272,0.9338235294117647,188,175,3,8,2,0,0,155,-4.34872571177077,21.154255319148938,0.25857770442962646,0.0,-0.006292845867574215,10.417797327041626,1.30718594789505,0.0,0.005737242156465072,0.07451171875,7.127360153198242,-1.1932570487260818e-09,0.3776690363883972,4.6625766871165624e-05,-1.0924689769744873
415,1699840,1093.3,1602.9,2.41,0.15,80,1.0,461,0.9154013015184381,189,168,8,11,2,0,0,150,-4.205163848095569,21.8994708994709,0.2155177891254425,0.0,-0.00696761179715395,15.179076147079467,1.3047479510307312,0.0,0.00712134742498165,0.094580078125,9.420967483520508,-1.1059455573558807e-09,0.33689528703689575,4.60122699386503e-05,-1.0930100679397583
416,1703936,1095.9,1573.3,2.46,0.15,80,1.0,140,0.8714285714285714,191,170,5,13,3,0,0,153,-4.2363885840917925,21.56020942408377,0.20848266780376434,0.0,-0.006063902191817761,16.30319275856018,1.3030107021331787,0.0,0.0070491103164386,0.09619140625,8.10372302532196,-1.57160684466362e-09,0.33371424674987793,4.539877300613498e-05,-1.0933854579925537
417,1708032,1098.4,1625.2,2.38,0.14,80,1.0,331,0.9063444108761329,191,178,3,5,5,0,0,161,-4.1411432303790665,21.49214659685864,0.2527380585670471,0.0,-0.004611965408548713,10.453098058700562,1.3014937579631805,0.0,0.005723428011697252,0.072802734375,9.173336958885193,-2.3283064365386963e-09,0.32213979959487915,4.4785276073619625e-05,-1.093765139579773
418,1712128,1101.0,1571.9,2.47,0.14,80,1.0,9,1.0,190,171,6,7,6,0,0,153,-4.1054055171455275,21.50526315789474,0.2319432944059372,0.0,-0.004788684565573931,14.507335686683655,1.2999150991439818,0.0,0.005733399277960416,0.072607421875,9.452468132972717,-2.0372681319713593e-09,0.33346593379974365,4.4171779141104304e-05,-1.0941619873046875
419,1716224,1103.7,1564.4,2.48,0.14,80,1.0,203,0.9064039408866995,194,175,8,9,2,0,0,159,-4.151864407530988,21.09278350515464,0.2229773998260498,0.0,-0.004628180898725987,13.583486318588257,1.2985327124595643,0.0,0.007741692096169572,0.10556640625,7.986300110816956,-6.402842700481415e-10,0.38158589601516724,4.355828220858895e-05,-1.0944442749023438
420,1720320,1106.3,1577.9,2.46,0.14,80,1.0,397,0.9017632241813602,194,174,8,10,2,0,0,162,-4.345975537880031,20.9020618556701,0.23913972079753876,0.0,-0.004095845064148307,15.264868640899659,1.29757821559906,0.0,0.007180601742584258,0.093505859375,8.770867133140564,-9.022187441587448e-10,0.3194616436958313,4.2944785276073626e-05,-1.0946481227874756
421,1724416,1108.9,1524.1,2.54,0.15,80,1.0,73,0.9315068493150684,188,176,4,7,1,0,0,161,-4.333276587559455,21.835106382978722,0.2582908272743225,0.0,-0.004397025192156434,9.7725044131279,1.2965710043907166,0.0,0.004916077069356106,0.0578125,7.545215237140655,-8.731149137020111e-10,0.4426822066307068,4.233128834355827e-05,-1.0950028896331787
422,1728512,1111.6,1570.2,2.46,0.15,80,1.0,262,0.9198473282442748,189,173,5,8,3,0,0,153,-4.060228302315112,21.64021164021164,0.22868812084197998,0.0,-0.005380340479314327,13.023994088172913,1.294913798570633,0.0,0.005983392677444499,0.07880859375,8.507651972770692,-1.6298145055770874e-09,0.3304227590560913,4.171779141104294e-05,-1.0954196453094482
423,1732608,1114.3,1482.1,2.62,0.15,80,1.0,457,0.9015317286652079,195,171,9,10,5,0,0,151,-4.298668021349445,21.425641025641024,0.21714308857917786,0.0,-0.004537590406835079,18.788786220550538,1.2933524012565614,0.0,0.005319241645338479,0.0689453125,9.875750207901001,-1.862645149230957e-09,0.21249300241470337,4.1104294478527586e-05,-1.095780372619629
424,1736704,1117.2,1418.0,2.74,0.15,80,1.0,134,0.8805970149253731,189,164,4,18,3,0,0,144,-4.268523671080961,21.41269841269841,0.20217755436897278,0.0,-0.004420237522572279,17.542305564880373,1.2919887006282806,0.0,0.004187095191446133,0.046630859375,7.899781012535096,-4.0745362639427185e-10,0.25048547983169556,4.0490797546012265e-05,-1.0961053371429443
425,1740800,1119.9,1555.1,2.49,0.15,80,1.0,322,0.8975155279503105,188,171,8,5,4,0,0,152,-4.081831762719549,21.829787234042552,0.21337564289569855,0.0,-0.005061497306451201,13.867297506332397,1.2906366765499115,0.0,0.006586792693997268,0.088818359375,8.516819429397582,-1.775333657860756e-09,0.3556109070777893,3.987730061349694e-05,-1.0964679718017578
426,1744896,1122.6,1492.1,2.6,0.15,80,1.0,3,1.0,193,175,4,10,4,0,0,162,-4.271897151788816,21.186528497409327,0.24758008122444153,0.0,-0.0075167012866586445,14.126814460754394,1.2891973018646241,0.0,0.008926990833424497,0.1255859375,6.543069386482239,-1.0477378964424133e-09,0.30922794342041016,3.926380368098159e-05,-1.096820592880249
427,1748992,1125.2,1555.1,2.49,0.15,80,1.0,202,0.8910891089108911,199,177,7,7,8,0,0,160,-4.10834867021151,20.537688442211056,0.23890870809555054,0.0,-0.00476809018291533,15.321591520309449,1.287653774023056,0.0,0.005734795873286203,0.07197265625,6.971692740917206,-7.275957614183426e-10,0.2713518738746643,3.8650306748466266e-05,-1.0972881317138672
428,1753088,1127.9,1573.5,2.45,0.15,80,1.0,396,0.8939393939393939,194,174,6,9,5,0,0,157,-4.009529979035097,21.185567010309278,0.24029269814491272,0.0,-0.003943221643567085,14.436520624160767,1.285343486070633,0.0,0.005419079556304496,0.069873046875,7.0303737163543705,-3.637978807091713e-09,0.24125105142593384,3.803680981595091e-05,-1.0979784727096558
429,1757184,1130.5,1567.1,2.47,0.15,80,1.0,67,0.9552238805970149,183,169,2,10,2,0,0,152,-4.037134079832376,22.24590163934426,0.23072488605976105,0.0,-0.005033549945801496,12.502024912834168,1.2829678237438202,0.0,0.005670959607232362,0.074365234375,7.318016695976257,-1.3969838619232178e-09,0.32298099994659424,3.742331288343559e-05,-1.0983669757843018
430,1761280,1133.0,1613.2,2.39,0.15,80,1.0,253,0.9367588932806324,186,173,4,6,3,0,0,153,-3.951806209886553,21.940860215053764,0.24447432160377502,0.0,-0.005785254575312137,10.889331603050232,1.2816590666770935,0.0,0.007143386635289062,0.09697265625,6.794023883342743,-1.0477378964424133e-09,0.33096516132354736,3.680981595092023e-05,-1.098701000213623
431,1765376,1135.6,1600.7,2.41,0.15,80,1.0,447,0.9194630872483222,194,174,7,9,4,0,0,155,-4.0009493184986855,21.067010309278352,0.24513930082321167,0.0,-0.005828009638935328,15.185665607452393,1.2804162442684173,0.0,0.005516778526362032,0.07177734375,9.644682550430298,-2.153683453798294e-09,0.2901664972305298,3.6196319018404904e-05,-1.0989739894866943
432,1769472,1138.2,1578.4,2.45,0.14,80,1.0,125,0.952,190,178,5,3,4,0,0,163,-4.077108142126831,21.71578947368421,0.2663724422454834,0.0,-0.005662563070654869,9.821937704086304,1.2791717588901519,0.0,0.005374261032557115,0.066748046875,7.1408442735671995,-7.275957614183426e-10,0.37619537115097046,3.558282208588958e-05,-1.0993578433990479
433,1773568,1140.9,1529.6,2.53,0.15,80,1.0,316,0.8955696202531646,191,164,10,14,3,0,0,141,-3.98714971669698,21.26178010471204,0.18850664794445038,0.0,-0.005308595672249794,20.30139274597168,1.277750688791275,0.0,0.0041193710989318785,0.048046875,13.558168625831604,-1.3387762010097504e-09,0.28223633766174316,3.496932515337423e-05,-1.099614143371582
434,1777664,1143.5,1582.7,2.44,0.15,80,1.0,503,0.8906560636182903,187,165,10,8,4,0,0,146,-3.8175561568483194,22.128342245989305,0.1876002997159958,0.0,-0.006294093187898397,17.052037382125853,1.276965320110321,0.0,0.005577941123920027,0.071728515625,9.090027117729187,-9.89530235528946e-10,0.3154643177986145,3.4355828220858905e-05,-1.09977388381958
435,1781760,1146.1,1528.8,2.53,0.15,80,1.0,180,0.8722222222222222,189,164,6,15,4,0,0,146,-3.9853956619248008,21.402116402116402,0.19325478374958038,0.0,-0.0046186844352632764,17.120096969604493,1.276291298866272,0.0,0.00471754636237165,0.059228515625,9.56108374595642,5.238689482212067e-10,0.28536587953567505,3.374233128834355e-05,-1.099984884262085
436,1785856,1148.5,1707.1,2.25,0.15,80,1.0,366,0.8961748633879781,186,171,6,8,1,0,0,148,-4.097892734039218,22.478494623655912,0.23227418959140778,0.0,-0.004983587097376585,12.862872004508972,1.27546683549881,0.0,0.006069420700077899,0.08046875,8.10181474685669,-1.5425030142068863e-09,0.3101169466972351,3.312883435582823e-05,-1.1001476049423218
437,1789952,1151.0,1698.2,2.27,0.15,80,1.0,41,0.926829268292683,187,167,7,10,3,0,0,146,-3.9723309452857825,22.06417112299465,0.20061278343200684,0.0,-0.0045718267560005185,15.733531427383422,1.2747113823890686,0.0,0.006349440502526704,0.083251953125,8.564881479740142,-9.89530235528946e-10,0.3595001697540283,3.251533742331287e-05,-1.1004260778427124
438,1794048,1153.6,1563.0,2.48,0.14,80,1.0,225,0.9244444444444444,184,170,5,6,3,0,0,152,-4.0799792986164825,21.619565217391305,0.23365357518196106,0.0,-0.005982123594731092,11.892177569866181,1.273262870311737,0.0,0.0076868979740538634,0.10498046875,7.830215406417847,-1.6589183360338211e-09,0.3683081865310669,3.190184049079755e-05,-1.100827932357788
439,1798144,1156.2,1584.6,2.44,0.15,80,1.0,415,0.9180722891566265,190,173,5,7,5,0,0,158,-4.023394775590351,21.86315789473684,0.24269750714302063,0.0,-0.0054010959342122074,12.851373934745789,1.2719150602817535,0.0,0.006169328052783385,0.08388671875,7.457635426521302,-2.8812792152166367e-09,0.325306236743927,3.1288343558282195e-05,-1.1010628938674927
440,1802240,1158.8,1552.2,2.5,0.14,80,1.0,90,0.9111111111111111,187,174,4,8,1,0,0,154,-4.171460664067951,21.636363636363637,0.27207040786743164,0.0,-0.005649010092020035,9.95557987689972,1.2710953950881958,0.0,0.00627134667156497,0.078271484375,7.065929245948792,-4.656612873077393e-10,0.3479372262954712,3.0674846625766866e-05,-1.1013128757476807
441,1806336,1161.4,1599.1,2.41,0.15,80,1.0,280,0.9214285714285714,190,176,2,10,2,0,0,160,-4.066840840178309,21.5,0.2681247591972351,0.0,-0.004005001531913877,11.197541427612304,1.2699106276035308,0.0,0.004143413073325064,0.04970703125,7.101061332225799,-1.7462298274040222e-09,0.3665701150894165,3.0061349693251548e-05,-1.1016212701797485
442,1810432,1164.1,1532.0,2.53,0.14,80,1.0,477,0.9224318658280922,197,182,2,11,2,0,0,158,-4.0220449913968235,21.096446700507613,0.2735520601272583,0.0,-0.004830821044743061,10.714720404148101,1.268436461687088,0.0,0.005200958029308822,0.067822265625,7.515142607688904,-1.775333657860756e-09,0.3287283182144165,2.944785276073619e-05,-1.1020622253417969
443,1814528,1166.7,1556.9,2.48,0.15,80,1.0,152,0.9671052631578947,187,180,2,4,1,0,0,151,-4.004528973070672,21.983957219251337,0.287570595741272,0.0,-0.005011615809053183,6.995816946029663,1.2669019877910614,0.0,0.0051795446750475095,0.064501953125,7.4817262411117555,-3.230525180697441e-09,0.48913341760635376,2.8834355828220867e-05,-1.102337121963501
444,1818624,1169.3,1563.2,2.47,0.15,80,1.0,339,0.9233038348082596,187,166,7,11,3,0,0,147,-4.100075046489457,21.764705882352942,0.2098815143108368,0.0,-0.004593186732381582,16.43602900505066,1.26609907746315,0.0,0.0057847273637889884,0.075634765625,12.56106104850769,-1.4260876923799515e-09,0.31863152980804443,2.822085889570551e-05,-1.1024786233901978
445,1822720,1172.0,1559.0,2.48,0.15,80,1.0,20,0.95,193,181,1,7,4,0,0,161,-4.008506725057269,21.139896373056995,0.2720646262168884,0.0,-0.004073057416826486,10.427748346328736,1.2655259251594544,0.0,0.004450434564205352,0.05009765625,6.8393796443939205,-1.0186340659856796e-09,0.30672627687454224,2.760736196319019e-05,-1.102659821510315
446,1826816,1174.7,1491.4,2.6,0.15,80,1.0,206,0.912621359223301,186,169,1,13,3,0,0,145,-4.146101200037192,22.0,0.22250482439994812,0.0,-0.004878555471077561,12.997881245613097,1.264840006828308,0.0,0.004313354531768709,0.053271484375,9.048181414604187,-2.0954757928848267e-09,0.3430469036102295,2.6993865030674834e-05,-1.1027804613113403
447,1830912,1177.4,1551.8,2.49,0.15,80,1.0,399,0.899749373433584,193,171,14,8,0,0,0,142,-4.004011793716592,21.637305699481864,0.21072587370872498,0.0,-0.005779366753995418,18.60275092124939,1.2642732560634613,0.0,0.004839369512046688,0.060498046875,9.943162727355958,-7.8580342233181e-10,0.2481253743171692,2.638036809815951e-05,-1.102997064590454
448,1835008,1180.0,1564.7,2.47,0.15,80,1.0,75,0.8933333333333333,188,172,6,9,1,0,0,143,-4.152748262665614,21.569148936170212,0.2511921525001526,0.0,-0.005363661842420697,12.988716626167298,1.263201504945755,0.0,0.0062733822589507325,0.08251953125,6.941691744327545,-1.1932570487260818e-09,0.3165789246559143,2.5766871165644153e-05,-1.1032919883728027
449,1839104,1182.5,1611.2,2.4,0.14,80,1.0,258,0.9147286821705426,183,169,4,9,1,0,0,150,-4.058570608397435,22.333333333333332,0.2174685299396515,0.0,-0.005408509308472276,12.539195108413697,1.262103134393692,0.0,0.0059348773458623326,0.07822265625,8.31219515800476,-1.4842953532934189e-09,0.3855785131454468,2.515337423312883e-05,-1.103539228439331
450,1843200,1185.2,1553.8,2.49,0.15,80,1.0,449,0.9175946547884187,191,176,8,6,1,0,0,156,-3.938913509030746,21.335078534031414,0.25378987193107605,0.0,-0.005450000520795584,14.081133127212524,1.2609995663166047,0.0,0.004786556442559231,0.05771484375,7.435894584655761,-2.4156179279088974e-09,0.3230774998664856,2.453987730061351e-05,-1.103865146636963
451,1847296,1187.8,1570.7,2.46,0.15,80,1.0,126,0.9444444444444444,189,176,5,5,3,0,0,159,-3.8938172924793704,21.735449735449734,0.24418964982032776,0.0,-0.004520204057916999,11.687060022354126,1.2598663926124574,0.0,0.004952945423428901,0.06259765625,8.225028538703919,-5.529727786779404e-10,0.3680683970451355,2.392638036809815e-05,-1.1040565967559814
452,1851392,1190.4,1597.1,2.42,0.14,80,1.0,312,0.9102564102564102,186,165,6,15,0,0,0,139,-4.098644199234943,21.881720430107528,0.20714864134788513,0.0,-0.004253320768475533,15.821737051010132,1.2593160688877105,0.0,0.0036387158659636045,0.044189453125,9.114532828330994,-1.8335413187742233e-09,0.3130650520324707,2.331288343558283e-05,-1.1041646003723145
453,1855488,1193.2,1454.1,2.67,0.15,80,1.0,508,0.9114173228346457,196,179,4,10,3,0,0,165,-4.237624198715602,21.06122448979592,0.257978230714798,0.0,-0.006047717342153191,11.998910093307495,1.2588135361671449,0.0,0.006140448771475349,0.0791015625,6.204663634300232,-1.57160684466362e-09,0.3369099497795105,2.2699386503067474e-05,-1.1043245792388916
454,1859584,1195.8,1583.6,2.44,0.14,80,1.0,181,0.8839779005524862,185,164,6,11,4,0,0,145,-4.079867064409801,22.113513513513514,0.18712839484214783,0.0,-0.006646666256710887,15.779361677169799,1.2581221282482147,0.0,0.005755130908801221,0.070458984375,9.365095567703246,-2.0954757928848267e-09,0.35688555240631104,2.2085889570552152e-05,-1.1044899225234985
455,1863680,1198.5,1481.1,2.63,0.14,80,1.0,372,0.9032258064516129,191,176,3,8,4,0,0,159,-4.124172578607841,21.612565445026178,0.26026999950408936,0.0,-0.004957119503524154,11.24347996711731,1.2575080513954162,0.0,0.005023479572264478,0.064013671875,8.15867577791214,3.7834979593753815e-10,0.3690469264984131,2.1472392638036796e-05,-1.1046452522277832
456,1867776,1201.2,1533.8,2.52,0.15,80,1.0,48,0.8958333333333334,188,171,2,13,2,0,0,148,-4.087634769281522,21.361702127659573,0.24669799208641052,0.0,-0.006254012789577245,13.002487230300904,1.2567573964595795,0.0,0.006098021059005987,0.08076171875,7.633236885070801,-1.775333657860756e-09,0.31011050939559937,2.085889570552147e-05,-1.1048779487609863
457,1871872,1203.7,1625.0,2.38,0.14,80,1.0,242,0.8966942148760331,194,174,2,13,5,0,0,160,-4.031995348297875,21.015463917525775,0.2376975119113922,0.0,-0.004141595587134362,14.370469617843629,1.2558821737766266,0.0,0.004891452142328489,0.06455078125,7.033628296852112,-2.473825588822365e-09,0.2922511696815491,2.024539877300615e-05,-1.105049729347229
458,1875968,1206.3,1584.5,2.44,0.15,80,1.0,435,0.8988505747126436,193,174,4,14,1,0,0,157,-4.046095096866136,21.569948186528496,0.2349098175764084,0.0,-0.004137913323938846,15.392131853103638,1.2552257597446441,0.0,0.004258225955709349,0.050244140625,8.347625851631165,-1.9208528101444244e-09,0.3277943730354309,1.9631901840490794e-05,-1.1052460670471191
459,1880064,1208.9,1584.4,2.44,0.15,80,1.0,115,0.9130434782608695,192,178,2,9,3,0,0,162,-4.143575542124034,21.177083333333332,0.2763841152191162,0.0,-0.004093942418694496,11.257664155960082,1.2543942272663116,0.0,0.0036318840706371703,0.040625,7.576639080047608,-1.367880031466484e-09,0.3491436243057251,1.9018404907975472e-05,-1.1054294109344482
460,1884160,1211.5,1566.4,2.47,0.15,80,1.0,306,0.9248366013071896,191,178,1,10,2,0,0,155,-4.070762974122984,21.769633507853403,0.2523980736732483,0.0,-0.004014522442594171,10.974438261985778,1.2538399398326874,0.0,0.0028706359953503124,0.028662109375,7.934315824508667,-2.9103830456733704e-09,0.36766302585601807,1.8404907975460116e-05,-1.1055362224578857
461,1888256,1214.2,1559.5,2.48,0.14,80,1.0,494,0.9251012145748988,188,174,1,10,3,0,0,156,-4.150852282401665,21.670212765957448,0.2640421688556671,0.0,-0.0036132290493696927,10.561816334724426,1.2533736646175384,0.0,0.002650030210497789,0.0271484375,7.071232724189758,-3.026798367500305e-09,0.3739548921585083,1.779141104294479e-05,-1.1056666374206543
462,1892352,1216.8,1549.5,2.5,0.14,80,1.0,171,0.935672514619883,189,176,4,8,1,0,0,161,-4.09557678479284,21.40740740740741,0.2746962010860443,0.0,-0.0033609561156481504,10.259171605110168,1.2527566611766816,0.0,0.002383056181133725,0.022314453125,7.478160572052002,-9.604264050722122e-10,0.3646230697631836,1.7177914110429436e-05,-1.1058562994003296
463,1896448,1219.5,1537.5,2.52,0.15,80,1.0,366,0.907103825136612,195,172,8,10,5,0,0,149,-4.129736270876664,21.17948717948718,0.2435331642627716,0.0,-0.0015380693599581718,18.181865882873534,1.252038711309433,0.0,0.0013995111410622485,0.00732421875,9.746731376647949,-1.8917489796876907e-09,0.2547726631164551,1.6564417177914114e-05,-1.1060051918029785
464,1900544,1222.2,1509.0,2.57,0.14,80,1.0,42,0.9761904761904762,188,181,2,4,1,0,0,162,-4.061599081158358,21.898936170212767,0.3032330274581909,0.0,-0.0032405762933194636,7.657556354999542,1.2514650046825408,0.0,0.0028554541902849452,0.030712890625,8.629410314559937,-2.5902409106492996e-09,0.3410840630531311,1.5950920245398758e-05,-1.1061499118804932
465,1904640,1224.8,1574.7,2.46,0.14,80,1.0,230,0.9043478260869565,188,167,8,12,1,0,0,148,-3.9706530402064155,21.819148936170212,0.22033482789993286,0.0,-0.002849269285798073,16.68986530303955,1.2509284317493439,0.0,0.002474969922332093,0.0228515625,9.228268766403199,-9.313225746154785e-10,0.28087759017944336,1.5337423312883433e-05,-1.1062688827514648
466,1908736,1227.4,1564.2,2.48,0.14,80,1.0,418,0.8995215311004785,188,168,7,13,0,0,0,152,-4.09802410900333,21.68617021276596,0.22385691106319427,0.0,-0.0033759438432753087,15.586981511116027,1.2505360782146453,0.0,0.0019815680454485117,0.015380859375,10.079930186271667,-3.055902197957039e-09,0.33794111013412476,1.4723926380368111e-05,-1.1063282489776611
467,1912832,1230.1,1543.3,2.51,0.15,80,1.0,92,0.9239130434782609,186,174,5,5,2,0,0,162,-4.0676912263574,21.693548387096776,0.2682631015777588,0.0,-0.003660847432911396,10.993645310401917,1.2501936912536622,0.0,0.002614429785171524,0.025146484375,6.984797215461731,2.6193447411060333e-10,0.3357946276664734,1.4110429447852756e-05,-1.106481671333313
468,1916928,1232.8,1500.9,2.58,0.14,80,1.0,285,0.9438596491228071,193,184,4,5,0,0,0,166,-4.1923275346467435,21.575129533678755,0.2956407070159912,0.0,-0.003955860435962677,8.648418951034547,1.2495235443115233,0.0,0.0028137990579125472,0.027392578125,8.297630178928376,-1.6298145055770874e-09,0.400848925113678,1.3496932515337432e-05,-1.106642723083496
469,1921024,1235.5,1554.4,2.49,0.14,80,1.0,471,0.9363057324840764,186,172,4,8,2,0,0,148,-4.02406937656906,22.107526881720432,0.23259752988815308,0.0,-0.002935691876336932,11.254435777664185,1.2489108502864839,0.0,0.002286740501585882,0.021142578125,7.39329092502594,-1.7171259969472885e-09,0.3621615171432495,1.2883435582822077e-05,-1.1067737340927124
470,1925120,1238.3,1479.6,2.62,0.15,80,1.0,148,0.9324324324324325,189,178,1,7,3,0,0,164,-4.030497032310515,21.53968253968254,0.28820687532424927,0.0,-0.0037375957239419223,9.702169466018677,1.248408454656601,0.0,0.0025047947812709024,0.025,7.366169035434723,-1.280568540096283e-09,0.33136218786239624,1.2269938650306755e-05,-1.1069183349609375
471,1929216,1241.1,1446.2,2.69,0.14,80,1.0,340,0.9264705882352942,192,177,5,8,2,0,0,156,-4.1439211226926105,21.260416666666668,0.2579963505268097,0.0,-0.0021012467332184315,11.682241344451905,1.2478211224079132,0.0,0.0010074095058371312,0.00537109375,7.447812581062317,-9.022187441587448e-10,0.3671724200248718,1.1656441717791398e-05,-1.1070506572723389
472,1933312,1243.7,1570.5,2.47,0.14,80,1.0,14,0.8571428571428571,186,166,8,10,2,0,0,143,-4.120448542794201,22.118279569892472,0.20504900813102722,0.0,-0.0031496068462729455,15.889832353591919,1.247359949350357,0.0,0.0017965750346775166,0.012890625,10.367277789115906,-1.6007106751203537e-09,0.3285040259361267,1.1042944785276076e-05,-1.1071407794952393
473,1937408,1246.3,1577.2,2.46,0.14,80,1.0,205,0.9219512195121952,191,177,7,4,3,0,0,156,-4.170720828495744,21.403141361256544,0.2656441032886505,0.0,-0.002807888621464372,12.307567453384399,1.2469860792160035,0.0,0.0018966344941873103,0.017626953125,7.715032291412354,-1.3387762010097504e-09,0.276738703250885,1.042944785276072e-05,-1.107259750366211
474,1941504,1249.0,1533.7,2.52,0.15,80,1.0,396,0.9141414141414141,191,173,3,8,7,0,0,152,-4.115134287923306,21.523560209424083,0.23824554681777954,0.0,-0.0025415899697691204,13.142664217948914,1.2464697539806366,0.0,0.0011289959409623406,0.00732421875,7.799704766273498,2.9103830456733704e-10,0.3376338481903076,9.815950920245397e-06,-1.1073883771896362
475,1945600,1251.6,1559.8,2.48,0.15,80,1.0,74,0.9324324324324325,190,178,1,8,3,0,0,156,-4.046149343829744,21.589473684210525,0.27304255962371826,0.0,-0.003363910876214504,10.036097192764283,1.2459989309310913,0.0,0.0016977616847725584,0.013037109375,7.422291946411133,-2.0372681319713593e-09,0.35901540517807007,9.202453987730073e-06,-1.107492446899414
476,1949696,1254.2,1575.5,2.45,0.15,80,1.0,267,0.9325842696629213,193,180,4,5,4,0,0,164,-4.22221792063032,21.139896373056995,0.2740814685821533,0.0,-0.0030117145739495753,11.870918679237366,1.245593363046646,0.0,0.0018594612134620546,0.015283203125,7.557744884490967,-1.862645149230957e-09,0.2997778058052063,8.588957055214718e-06,-1.107594609260559
477,1953792,1256.8,1590.7,2.43,0.15,80,1.0,456,0.9320175438596491,189,176,6,7,0,0,0,142,-4.243772509753793,21.74074074074074,0.26261794567108154,0.0,-0.0018853300251066684,11.146986031532288,1.2452514529228211,0.0,0.0011302842613076791,0.0046875,6.852354288101196,-1.1059455573558807e-09,0.3300057649612427,7.975460122699396e-06,-1.1076507568359375
478,1957888,1259.3,1610.6,2.4,0.14,80,1.0,131,0.8854961832061069,187,165,12,6,4,0,0,145,-3.973997898315905,21.994652406417114,0.21605956554412842,0.0,-0.002060141507536173,17.268918418884276,1.245056837797165,0.0,0.0008744876715354622,0.001708984375,12.370697212219238,-2.3283064365386963e-10,0.3028128147125244,7.36196319018404e-06,-1.1077020168304443
479,1961984,1261.9,1588.7,2.43,0.15,80,1.0,324,0.8827160493827161,193,170,10,11,2,0,0,156,-4.121222419349512,21.430051813471504,0.21541665494441986,0.0,-0.0017901702784001827,18.237195634841918,1.244856595993042,0.0,0.00041487020789645614,0.000341796875,10.21190254688263,-2.3283064365386963e-09,0.3109613060951233,6.748466257668716e-06,-1.1077485084533691
480,1966080,1264.6,1543.3,2.51,0.14,80,1.0,510,0.8764705882352941,186,161,7,14,4,0,0,140,-4.15805842140948,21.532258064516128,0.20371653139591217,0.0,-0.001126076397486031,19.79451503753662,1.2447017133235931,0.0,0.00033350282319588587,0.0,10.297179102897644,-5.238689482212067e-10,0.22148776054382324,6.1349693251533605e-06,-1.107779622077942
481,1970176,1267.3,1495.5,2.59,0.15,80,1.0,189,0.9153439153439153,191,175,5,11,0,0,0,157,-4.053035649921709,21.42931937172775,0.2633855938911438,0.0,-0.0023067993111908435,13.163837718963624,1.2445549547672272,0.0,0.0008429550551227293,0.002294921875,7.636835503578186,-2.1245796233415604e-09,0.3241502046585083,5.521472392638038e-06,-1.1078261137008667
482,1974272,1270.0,1566.7,2.47,0.15,80,1.0,381,0.910761154855643,192,174,5,12,1,0,0,149,-4.219612937521883,21.463541666666668,0.2616978883743286,0.0,-0.001294686901383102,14.71507830619812,1.2443909466266632,0.0,0.00040259142551803964,0.000927734375,8.172138977050782,-1.3969838619232178e-09,0.21306538581848145,4.907975460122715e-06,-1.1078519821166992
483,1978368,1272.5,1585.2,2.44,0.15,80,1.0,57,0.8771929824561403,188,167,6,12,3,0,0,148,-4.241071496806581,21.851063829787233,0.2289474904537201,0.0,-0.0015372516820207239,16.702486181259154,1.2442972898483275,0.0,0.00025801729934755714,0.000146484375,9.08456747531891,-2.5320332497358322e-09,0.27608150243759155,4.294478527607359e-06,-1.107879877090454
484,1982464,1275.2,1529.5,2.54,0.14,80,1.0,243,0.9300411522633745,186,176,4,5,1,0,0,155,-4.1609705013256795,22.00537634408602,0.2777535319328308,0.0,-0.0009602739475667477,9.489190578460693,1.244175660610199,0.0,0.00020148634794168175,0.0,9.421045970916747,-2.5320332497358322e-09,0.4140462279319763,3.6809815950920363e-06,-1.1079120635986328
485,1986560,1278.0,1479.7,2.63,0.14,80,1.0,428,0.9299065420560748,185,172,5,7,1,0,0,148,-4.116506731437945,21.978378378378377,0.25567078590393066,0.0,-0.0019101267214864492,11.822618651390076,1.2440487563610076,0.0,0.0003401140726055019,0.0001953125,8.794107627868652,-1.3387762010097504e-09,0.3301319479942322,3.0674846625766803e-06,-1.1079423427581787
486,1990656,1280.6,1594.0,2.42,0.15,80,1.0,105,0.9142857142857143,189,175,2,10,2,0,0,152,-4.152120424130088,21.756613756613756,0.24376603960990906,0.0,-0.0009362644515931607,10.81485674381256,1.2439377725124359,0.0,0.00018301424715900795,0.0,7.106482923030853,-1.7462298274040222e-09,0.3602468967437744,2.4539877300613577e-06,-1.107966661453247
487,1994752,1283.2,1550.4,2.5,0.14,80,1.0,294,0.9115646258503401,189,172,10,5,2,0,0,156,-4.123872320906391,21.571428571428573,0.24052588641643524,0.0,-0.0006527743767946959,13.616410064697266,1.2438648521900177,0.0,7.206994341686368e-05,0.0,7.768985152244568,-1.1932570487260818e-09,0.32026994228363037,1.8404907975460014e-06,-1.1079761981964111
488,1998848,1285.8,1593.6,2.42,0.15,80,1.0,485,0.9175257731958762,191,177,4,9,1,0,0,158,-4.159858347841184,21.476439790575917,0.270492285490036,0.0,-0.0003182705491781235,12.313337993621825,1.243839430809021,0.0,2.459012030158192e-05,0.0,8.694868111610413,-1.862645149230957e-09,0.3083449602127075,1.2269938650306788e-06,-1.1079819202423096
489,2002944,1288.4,1578.5,2.45,0.15,80,1.0,158,0.8924050632911392,185,164,8,11,2,0,0,149,-4.107672077416711,22.194594594594594,0.21153777837753296,0.0,-0.00027482649311423303,17.131256914138795,1.2438186645507812,0.0,1.0772232781164347e-05,0.0,11.22962760925293,-1.6298145055770874e-09,0.22086471319198608,6.134969325153227e-07,-1.107986330986023
